HIERARCHY
ROOT Root
{
  OFFSET 0.0 0.0 0.0
  CHANNELS 6 Xposition Yposition Zposition Zrotation Yrotation Xrotation
  JOINT Hips
  {
    OFFSET 0.0 100.0 0.0
    CHANNELS 6 Xposition Yposition Zposition Zrotation Yrotation Xrotation
    JOINT Spine1
    {
      OFFSET 5.003913 -0.037094 -0.013727
      CHANNELS 3 Zrotation Yrotation Xrotation
      JOINT Spine2
      {
        OFFSET 7.125363 -1e-06 0.0
        CHANNELS 3 Zrotation Yrotation Xrotation
        JOINT Chest
        {
          OFFSET 7.594027 1e-06 0.0
          CHANNELS 3 Zrotation Yrotation Xrotation
          JOINT Neck1
          {
            OFFSET 26.313086 -0.460272 -0.181672
            CHANNELS 3 Zrotation Yrotation Xrotation
            JOINT Neck2
            {
              OFFSET 8.045911 0.0 0.0
              CHANNELS 3 Zrotation Yrotation Xrotation
              JOINT Head
              {
                OFFSET 6.432774 0.0 0.0
                CHANNELS 3 Zrotation Yrotation Xrotation
                JOINT HeadEnd
                {
                  OFFSET 16.169773 0.06451 0.00362
                  CHANNELS 3 Zrotation Yrotation Xrotation
                }
                JOINT Jaw
                {
                  OFFSET 0.108741 3.12938 0.002639
                  CHANNELS 3 Zrotation Yrotation Xrotation
                }
                JOINT LeftEye
                {
                  OFFSET 4.45173 8.166359 3.206392
                  CHANNELS 3 Zrotation Yrotation Xrotation
                }
                JOINT RightEye
                {
                  OFFSET 4.436895 8.135758 -3.222429
                  CHANNELS 3 Zrotation Yrotation Xrotation
                }
              }
            }
          }
          JOINT LeftShoulder
          {
            OFFSET 23.218927 5.195579 1.621656
            CHANNELS 3 Zrotation Yrotation Xrotation
            JOINT LeftArm
            {
              OFFSET 15.902118 2e-06 -2e-06
              CHANNELS 3 Zrotation Yrotation Xrotation
              JOINT LeftForeArm
              {
                OFFSET 28.739307 0.0 -1e-06
                CHANNELS 3 Zrotation Yrotation Xrotation
                JOINT LeftHand
                {
                  OFFSET 27.093981 -4e-06 0.0
                  CHANNELS 3 Zrotation Yrotation Xrotation
                  JOINT LeftHandThumb1
                  {
                    OFFSET 2.276781 3.380274 0.83384
                    CHANNELS 3 Zrotation Yrotation Xrotation
                    JOINT LeftHandThumb2
                    {
                      OFFSET 4.705309 -1e-06 -1e-06
                      CHANNELS 3 Zrotation Yrotation Xrotation
                      JOINT LeftHandThumb3
                      {
                        OFFSET 2.798515 0.0 3e-06
                        CHANNELS 3 Zrotation Yrotation Xrotation
                        JOINT LeftHandThumbEnd
                        {
                          OFFSET 3.180793 4e-06 -4e-06
                          CHANNELS 3 Zrotation Yrotation Xrotation
                        }
                      }
                    }
                  }
                  JOINT LeftHandIndex1
                  {
                    OFFSET 3.247786 2.352677 0.137192
                    CHANNELS 3 Zrotation Yrotation Xrotation
                    JOINT LeftHandIndex2
                    {
                      OFFSET 6.367095 1e-06 0.0
                      CHANNELS 3 Zrotation Yrotation Xrotation
                      JOINT LeftHandIndex3
                      {
                        OFFSET 3.662364 0.0 0.0
                        CHANNELS 3 Zrotation Yrotation Xrotation
                        JOINT LeftHandIndex4
                        {
                          OFFSET 2.329242 4e-06 -4e-06
                          CHANNELS 3 Zrotation Yrotation Xrotation
                          JOINT LeftHandIndexEnd
                          {
                            OFFSET 2.767823 1e-06 0.0
                            CHANNELS 3 Zrotation Yrotation Xrotation
                          }
                        }
                      }
                    }
                  }
                  JOINT LeftHandMiddle1
                  {
                    OFFSET 3.163612 0.945023 -0.406112
                    CHANNELS 3 Zrotation Yrotation Xrotation
                    JOINT LeftHandMiddle2
                    {
                      OFFSET 6.276789 3e-06 0.0
                      CHANNELS 3 Zrotation Yrotation Xrotation
                      JOINT LeftHandMiddle3
                      {
                        OFFSET 4.35652 -1e-06 4e-06
                        CHANNELS 3 Zrotation Yrotation Xrotation
                        JOINT LeftHandMiddle4
                        {
                          OFFSET 2.996877 0.0 8e-06
                          CHANNELS 3 Zrotation Yrotation Xrotation
                          JOINT LeftHandMiddleEnd
                          {
                            OFFSET 2.323256 3e-06 -4e-06
                            CHANNELS 3 Zrotation Yrotation Xrotation
                          }
                        }
                      }
                    }
                  }
                  JOINT LeftHandRing1
                  {
                    OFFSET 2.882606 -0.309162 0.107445
                    CHANNELS 3 Zrotation Yrotation Xrotation
                    JOINT LeftHandRing2
                    {
                      OFFSET 6.033198 0.0 4e-06
                      CHANNELS 3 Zrotation Yrotation Xrotation
                      JOINT LeftHandRing3
                      {
                        OFFSET 4.350578 3e-06 0.0
                        CHANNELS 3 Zrotation Yrotation Xrotation
                        JOINT LeftHandRing4
                        {
                          OFFSET 2.651321 2e-06 -7e-06
                          CHANNELS 3 Zrotation Yrotation Xrotation
                          JOINT LeftHandRingEnd
                          {
                            OFFSET 1.937663 1e-06 -4e-06
                            CHANNELS 3 Zrotation Yrotation Xrotation
                          }
                        }
                      }
                    }
                  }
                  JOINT LeftHandPinky1
                  {
                    OFFSET 2.865315 -1.525436 0.575687
                    CHANNELS 3 Zrotation Yrotation Xrotation
                    JOINT LeftHandPinky2
                    {
                      OFFSET 5.54936 1e-06 -8e-06
                      CHANNELS 3 Zrotation Yrotation Xrotation
                      JOINT LeftHandPinky3
                      {
                        OFFSET 3.070974 0.0 -4e-06
                        CHANNELS 3 Zrotation Yrotation Xrotation
                        JOINT LeftHandPinky4
                        {
                          OFFSET 1.549672 1e-06 0.0
                          CHANNELS 3 Zrotation Yrotation Xrotation
                          JOINT LeftHandPinkyEnd
                          {
                            OFFSET 1.952123 0.0 0.0
                            CHANNELS 3 Zrotation Yrotation Xrotation
                          }
                        }
                      }
                    }
                  }
                }
              }
            }
          }
          JOINT RightShoulder
          {
            OFFSET 23.161716 5.296122 -1.380114
            CHANNELS 3 Zrotation Yrotation Xrotation
            JOINT RightArm
            {
              OFFSET -16.027195 -2e-06 1.1e-05
              CHANNELS 3 Zrotation Yrotation Xrotation
              JOINT RightForeArm
              {
                OFFSET -28.736639 4e-06 2e-06
                CHANNELS 3 Zrotation Yrotation Xrotation
                JOINT RightHand
                {
                  OFFSET -27.133619 6e-06 0.0
                  CHANNELS 3 Zrotation Yrotation Xrotation
                  JOINT RightHandThumb1
                  {
                    OFFSET -2.274328 -3.351035 -0.83067
                    CHANNELS 3 Zrotation Yrotation Xrotation
                    JOINT RightHandThumb2
                    {
                      OFFSET -4.703594 -3e-06 2e-06
                      CHANNELS 3 Zrotation Yrotation Xrotation
                      JOINT RightHandThumb3
                      {
                        OFFSET -2.794935 -4e-06 -3e-06
                        CHANNELS 3 Zrotation Yrotation Xrotation
                        JOINT RightHandThumbEnd
                        {
                          OFFSET -3.183852 4e-06 1e-06
                          CHANNELS 3 Zrotation Yrotation Xrotation
                        }
                      }
                    }
                  }
                  JOINT RightHandIndex1
                  {
                    OFFSET -3.253496 -2.33755 -0.127667
                    CHANNELS 3 Zrotation Yrotation Xrotation
                    JOINT RightHandIndex2
                    {
                      OFFSET -6.344434 0.0 0.0
                      CHANNELS 3 Zrotation Yrotation Xrotation
                      JOINT RightHandIndex3
                      {
                        OFFSET -3.654871 0.0 -8e-06
                        CHANNELS 3 Zrotation Yrotation Xrotation
                        JOINT RightHandIndex4
                        {
                          OFFSET -2.327586 -1e-06 0.0
                          CHANNELS 3 Zrotation Yrotation Xrotation
                          JOINT RightHandIndexEnd
                          {
                            OFFSET -2.770001 3e-06 8e-06
                            CHANNELS 3 Zrotation Yrotation Xrotation
                          }
                        }
                      }
                    }
                  }
                  JOINT RightHandMiddle1
                  {
                    OFFSET -3.168223 -0.944764 0.411762
                    CHANNELS 3 Zrotation Yrotation Xrotation
                    JOINT RightHandMiddle2
                    {
                      OFFSET -6.266691 -1e-06 -4e-06
                      CHANNELS 3 Zrotation Yrotation Xrotation
                      JOINT RightHandMiddle3
                      {
                        OFFSET -4.348901 0.0 0.0
                        CHANNELS 3 Zrotation Yrotation Xrotation
                        JOINT RightHandMiddle4
                        {
                          OFFSET -3.00024 2e-06 -4e-06
                          CHANNELS 3 Zrotation Yrotation Xrotation
                          JOINT RightHandMiddleEnd
                          {
                            OFFSET -2.321477 -4e-06 -4e-06
                            CHANNELS 3 Zrotation Yrotation Xrotation
                          }
                        }
                      }
                    }
                  }
                  JOINT RightHandRing1
                  {
                    OFFSET -2.885654 0.293261 -0.119232
                    CHANNELS 3 Zrotation Yrotation Xrotation
                    JOINT RightHandRing2
                    {
                      OFFSET -6.032835 -1e-06 -4e-06
                      CHANNELS 3 Zrotation Yrotation Xrotation
                      JOINT RightHandRing3
                      {
                        OFFSET -4.33881 0.0 -4e-06
                        CHANNELS 3 Zrotation Yrotation Xrotation
                        JOINT RightHandRing4
                        {
                          OFFSET -2.654903 -4e-06 -4e-06
                          CHANNELS 3 Zrotation Yrotation Xrotation
                          JOINT RightHandRingEnd
                          {
                            OFFSET -1.935122 0.0 4e-06
                            CHANNELS 3 Zrotation Yrotation Xrotation
                          }
                        }
                      }
                    }
                  }
                  JOINT RightHandPinky1
                  {
                    OFFSET -2.866241 1.503904 -0.60527
                    CHANNELS 3 Zrotation Yrotation Xrotation
                    JOINT RightHandPinky2
                    {
                      OFFSET -5.553177 -2e-06 0.0
                      CHANNELS 3 Zrotation Yrotation Xrotation
                      JOINT RightHandPinky3
                      {
                        OFFSET -3.062664 -1e-06 -4e-06
                        CHANNELS 3 Zrotation Yrotation Xrotation
                        JOINT RightHandPinky4
                        {
                          OFFSET -1.546529 2e-06 4e-06
                          CHANNELS 3 Zrotation Yrotation Xrotation
                          JOINT RightHandPinkyEnd
                          {
                            OFFSET -1.952341 0.0 -4e-06
                            CHANNELS 3 Zrotation Yrotation Xrotation
                          }
                        }
                      }
                    }
                  }
                }
              }
            }
          }
        }
      }
    }
    JOINT LeftLeg
    {
      OFFSET -8.443107 2.567604 10.043214
      CHANNELS 3 Zrotation Yrotation Xrotation
      JOINT LeftShin
      {
        OFFSET 43.229198 1e-06 -1e-06
        CHANNELS 3 Zrotation Yrotation Xrotation
        JOINT LeftFoot
        {
          OFFSET 42.298611 1e-06 1e-06
          CHANNELS 3 Zrotation Yrotation Xrotation
          JOINT LeftToeBase
          {
            OFFSET 14.165858 1e-06 0.0
            CHANNELS 3 Zrotation Yrotation Xrotation
            JOINT LeftToeEnd
            {
              OFFSET 6.7141 -0.234461 0.0
              CHANNELS 3 Zrotation Yrotation Xrotation
            }
          }
        }
      }
    }
    JOINT RightLeg
    {
      OFFSET -8.303923 2.592729 -10.047278
      CHANNELS 3 Zrotation Yrotation Xrotation
      JOINT RightShin
      {
        OFFSET -43.369682 0.0 1e-06
        CHANNELS 3 Zrotation Yrotation Xrotation
        JOINT RightFoot
        {
          OFFSET -42.260784 4e-06 2e-06
          CHANNELS 3 Zrotation Yrotation Xrotation
          JOINT RightToeBase
          {
            OFFSET -14.222245 -2e-06 -1e-06
            CHANNELS 3 Zrotation Yrotation Xrotation
            JOINT RightToeEnd
            {
              OFFSET -6.660062 0.232574 -2e-06
              CHANNELS 3 Zrotation Yrotation Xrotation
            }
          }
        }
      }
    }
  }
}
MOTION
Frames: 270
Frame Time: 0.03333333333333333
0.0 0.0 0.0 0.0 -0.0 0.0 -0.399827 100.295761 0.639797 91.220901 -0.740097 89.997513 -4.453464 -0.415529 -0.167497 -12.567906 -0.760053 -0.138733 17.580114 -0.396372 -2.172592 14.774886 -3.098704 2.498891 -2.501812 -0.795323 -4.960307 -29.194193 -2.838245 -6.471877 5e-06 -0.0 -1e-06 -0.000528 0.074707 0.102228 0.151988 0.090819 0.102603 0.151354 0.049207 0.101985 -142.495895 -67.352119 164.268753 40.698006 -49.433914 3.61037 18.381433 0.008667 -0.027929 1.994596 -0.089794 -18.923948 17.636629 -26.322721 52.411182 -19.46666 -14.395596 29.410389 -0.0 -8.774822 -1e-06 15.9931 -17.876137 6.049493 -0.609776 -1.795653 -3.889326 -4.80709 -11.046811 -2.93785 5e-06 -20.976015 -1e-06 -5.019969 -25.03356 -4.031882 5e-06 0.0 0.0 -10.634533 -5.68697 -3.565587 10.573272 -17.922951 -3.113902 2e-06 -13.821205 -0.0 -0.501776 -31.181501 -4.027017 -11.521554 -59.663097 7.312956 -13.982713 -7.150198 -2.875041 13.772729 -8.401491 -3.218241 0.347734 -34.211544 0.771654 -0.963028 -17.733366 2.621017 1e-06 -1e-06 0.0 -17.346416 -20.095217 -4.201782 21.757557 -1.638373 3.866427 2e-06 -6.338825 0.0 -1.697588 -22.591745 -6.194007 0.0 -4e-06 -1e-06 21.022541 -66.348328 -179.807205 20.913694 -52.7799 6.917152 27.583435 0.031686 0.287958 -3.688972 6.966632 -23.38805 22.182117 -20.375895 49.933319 -16.701807 -16.74353 28.476522 -4e-06 -12.690601 -1e-06 15.830278 -17.859015 2.911957 -0.105919 -1.513856 -4.275882 -5.039041 -5.61287 -2.953556 5e-06 -11.020523 -2e-06 -6.111297 -15.895332 -3.840471 0.0 1e-06 -0.0 -10.283371 -5.680287 -4.341839 11.028295 -11.302404 -2.372632 -1.384268 -14.238577 -6.320121 -0.625436 -26.924189 -3.8276 -4.046957 -49.579525 -3.593335 -13.708525 -7.363475 -3.720939 18.141148 -14.052739 -3.242674 7e-06 -18.78727 -1e-06 -0.42971 -8.456043 2.555504 -1e-06 -1e-06 -0.0 -15.923532 -20.094479 -5.473586 30.41921 -7.190827 1.735925 3e-06 -8.162922 1e-06 -1.861902 -22.861464 -6.16794 -2e-06 -3e-06 -0.0 -178.466949 -0.33925 -6.611634 6.176368 -0.016053 0.041607 -77.487312 -2.046121 -3.639426 -4.599455 1.41778 2.122105 -1.0 -0.0 -0.0 2.854212 -3.47572 -1.255862 7.207 -0.01868 0.04604 -79.601807 -7.736282 -7.481992 -4.019113 0.619854 1.667359 -1.000002 -0.0 0.0 
0.0 0.0 0.0 0.0 -0.0 0.0 -0.413729 100.312744 0.658398 91.190331 -0.774606 89.966316 -4.473167 -0.415668 -0.180102 -12.544189 -0.722097 -0.067945 17.534988 -0.374665 -2.228148 14.786086 -3.131072 2.490677 -2.482645 -0.783795 -4.977658 -29.199722 -2.903458 -6.414068 6e-06 -0.0 -0.0 -0.002369 0.079929 0.126933 0.170513 0.101877 0.132719 0.162184 0.048896 0.121609 -142.478882 -67.311935 164.289734 40.833454 -49.389 3.278142 18.294302 -0.094295 -0.048339 1.986668 -0.137421 -18.734131 17.636627 -26.322733 52.41119 -19.466658 -14.395597 29.410389 1e-06 -8.774821 -3e-06 15.959164 -17.849888 6.059203 -0.609777 -1.795654 -3.889328 -4.807089 -11.046811 -2.93785 6e-06 -20.976019 1e-06 -5.019969 -25.03356 -4.03188 5e-06 -1e-06 0.0 -10.634536 -5.686971 -3.565588 10.573275 -17.922951 -3.113901 3e-06 -13.821206 -0.0 -0.501777 -31.181501 -4.027014 -11.484825 -59.572392 7.346357 -13.982714 -7.150198 -2.875042 13.772729 -8.40149 -3.218238 0.347734 -34.211544 0.771656 -0.963029 -17.733366 2.621018 1e-06 -0.0 -1e-06 -17.346416 -20.095217 -4.201784 21.757557 -1.638375 3.86643 1e-06 -6.338824 1e-06 -1.697589 -22.591742 -6.194006 0.0 -2e-06 -2e-06 21.065577 -66.351707 -179.759644 21.094049 -52.759216 6.728708 27.502119 0.065968 0.281832 -3.653066 6.876689 -23.196455 22.182121 -20.375898 49.933319 -16.701813 -16.743528 28.476532 -3e-06 -12.690603 -1e-06 15.853363 -17.867949 2.919729 -0.105919 -1.513856 -4.275882 -5.039042 -5.612873 -2.953556 3e-06 -11.020526 -1e-06 -6.1113 -15.895336 -3.840471 -0.0 1e-06 -0.0 -10.283373 -5.680288 -4.341839 11.028298 -11.302406 -2.372632 -1.384269 -14.238584 -6.320121 -0.625439 -26.924198 -3.827601 -4.068212 -49.752533 -3.539099 -13.708527 -7.363477 -3.720939 18.141151 -14.052741 -3.242673 6e-06 -18.787271 -1e-06 -0.42971 -8.456045 2.555503 -1e-06 3e-06 0.0 -15.923538 -20.094486 -5.473585 30.419222 -7.190827 1.735927 3e-06 -8.162927 0.0 -1.861901 -22.861473 -6.167942 -0.0 -2e-06 -1e-06 -178.403687 -0.372251 -6.638524 6.003706 -0.005676 0.083204 -77.390892 -2.042549 -3.701125 -4.63494 1.43828 2.127168 -0.999999 0.0 0.0 2.979724 -3.418408 -1.100329 6.85956 -0.023397 0.051406 -79.482368 -7.876215 -7.465045 -4.024405 0.609141 1.668272 -1.000001 0.0 -0.0 
0.0 0.0 0.0 0.0 -0.0 0.0 -0.424646 100.309441 0.68164 91.182297 -0.814557 89.924629 -4.494872 -0.417084 -0.187025 -12.55365 -0.705924 -0.037327 17.540163 -0.361735 -2.241231 14.772378 -3.164414 2.494641 -2.500181 -0.752099 -5.018949 -29.120296 -2.964281 -6.394414 6e-06 -0.0 -0.0 -0.003539 0.084891 0.141017 0.176794 0.108783 0.150916 0.166268 0.051909 0.131412 -142.456589 -67.307381 164.259079 40.905422 -49.406986 3.042477 18.259794 -0.164996 -0.068452 1.909879 -0.176574 -18.677588 17.636625 -26.322729 52.411182 -19.466656 -14.395594 29.410378 1e-06 -8.774818 -2e-06 15.93786 -17.884989 6.080008 -0.609777 -1.795653 -3.889328 -4.807087 -11.046807 -2.937848 3e-06 -20.976011 2e-06 -5.019969 -25.033548 -4.03188 5e-06 -1e-06 0.0 -10.63453 -5.686968 -3.565587 10.573268 -17.922945 -3.113897 2e-06 -13.821202 -1e-06 -0.501778 -31.181494 -4.027013 -11.521102 -59.55904 7.353145 -13.982711 -7.150197 -2.875042 13.772726 -8.401488 -3.21824 0.347731 -34.211536 0.771657 -0.963029 -17.733366 2.621019 1e-06 2e-06 0.0 -17.346413 -20.095209 -4.201781 21.757551 -1.638373 3.866427 1e-06 -6.338822 1e-06 -1.69759 -22.591736 -6.194005 1e-06 -7e-06 -2e-06 21.078178 -66.345978 -179.722107 21.182449 -52.730785 6.608417 27.457581 0.079576 0.265964 -3.649911 6.900659 -23.167889 22.182114 -20.375891 49.933308 -16.701809 -16.743528 28.476522 -4e-06 -12.6906 -1e-06 15.863529 -17.851032 2.937661 -0.10592 -1.513856 -4.27588 -5.03904 -5.612869 -2.953556 5e-06 -11.02052 -2e-06 -6.111296 -15.895329 -3.840471 -0.0 -0.0 -0.0 -10.283371 -5.680287 -4.341837 11.028293 -11.302403 -2.372633 -1.384269 -14.238577 -6.320119 -0.625438 -26.924183 -3.8276 -4.081952 -49.832947 -3.519291 -13.708523 -7.363474 -3.720938 18.141146 -14.052738 -3.242674 7e-06 -18.787266 -2e-06 -0.42971 -8.456039 2.555502 -0.0 1e-06 0.0 -15.923538 -20.094479 -5.473583 30.41921 -7.190826 1.735926 3e-06 -8.162922 1e-06 -1.861902 -22.861465 -6.16794 -0.0 -3e-06 -1e-06 -178.444763 -0.386334 -6.635478 6.042301 -0.001776 0.103276 -77.440041 -2.046016 -3.733544 -4.620059 1.441457 2.128801 -0.999999 0.0 -0.0 2.926651 -3.409572 -0.986598 6.902251 -0.021154 0.045939 -79.540092 -7.961707 -7.487199 -3.999477 0.605285 1.66993 -1.0 0.0 0.0 
0.0 0.0 0.0 0.0 -0.0 0.0 -0.448789 100.300385 0.696099 91.182739 -0.840196 89.895615 -4.496161 -0.423393 -0.19415 -12.574084 -0.694352 -0.031623 17.558744 -0.35684 -2.220669 14.77533 -3.22062 2.501515 -2.525568 -0.717418 -5.050837 -29.064938 -2.989559 -6.417146 6e-06 -0.0 -1e-06 -0.005908 0.086879 0.14868 0.171343 0.110484 0.161301 0.161736 0.054026 0.135938 -142.462463 -67.314804 164.243622 40.939903 -49.427605 3.029993 18.284122 -0.187882 -0.07409 1.828287 -0.148173 -18.702181 17.636629 -26.322729 52.41119 -19.466661 -14.395598 29.410389 0.0 -8.774822 -2e-06 15.930049 -17.896315 6.090955 -0.609776 -1.795654 -3.889329 -4.807091 -11.046811 -2.93785 4e-06 -20.976017 -2e-06 -5.019971 -25.033558 -4.031884 5e-06 -2e-06 0.0 -10.634537 -5.686972 -3.565589 10.573276 -17.922951 -3.113901 3e-06 -13.821205 -0.0 -0.501778 -31.181505 -4.027019 -11.562393 -59.575405 7.362851 -13.982718 -7.150198 -2.875042 13.772731 -8.401492 -3.21824 0.347734 -34.211555 0.771655 -0.963029 -17.73337 2.621019 1e-06 -1e-06 -1e-06 -17.346422 -20.095217 -4.201782 21.757563 -1.638375 3.866428 2e-06 -6.338825 -0.0 -1.697588 -22.591747 -6.194008 0.0 -4e-06 -2e-06 21.102779 -66.341919 -179.729996 21.249056 -52.724667 6.536267 27.426783 0.100464 0.266443 -3.688321 6.928821 -23.233305 22.182121 -20.375898 49.933327 -16.701817 -16.74353 28.476536 -4e-06 -12.690605 -2e-06 15.871104 -17.836992 2.948912 -0.10592 -1.513856 -4.275882 -5.039042 -5.612872 -2.953558 5e-06 -11.020525 -2e-06 -6.111301 -15.895336 -3.840472 0.0 -0.0 -0.0 -10.283373 -5.680288 -4.341839 11.028297 -11.302406 -2.372633 -1.38427 -14.238583 -6.320121 -0.625438 -26.924194 -3.827602 -4.096483 -49.826454 -3.512133 -13.70853 -7.363478 -3.72094 18.141155 -14.052742 -3.242675 6e-06 -18.78727 -1e-06 -0.429711 -8.456048 2.555503 -1e-06 1e-06 -0.0 -15.923539 -20.094486 -5.473586 30.419218 -7.190827 1.735928 3e-06 -8.162926 1e-06 -1.861903 -22.861469 -6.167943 -1e-06 -4e-06 -2e-06 -178.505539 -0.397871 -6.63819 6.143235 -0.00132 0.107182 -77.522072 -2.047884 -3.742088 -4.598099 1.436399 2.127074 -0.999997 0.0 0.0 2.831118 -3.413096 -0.921765 7.069168 -0.0176 0.034039 -79.562653 -7.970523 -7.509518 -3.976129 0.599955 1.670102 -1.000003 -0.0 0.0 
0.0 0.0 0.0 0.0 -0.0 0.0 -0.475275 100.292847 0.714939 91.181015 -0.8673 89.885445 -4.49765 -0.425754 -0.193054 -12.589643 -0.686176 -0.043874 17.579433 -0.364522 -2.195281 14.770035 -3.253234 2.504258 -2.539365 -0.690615 -5.076837 -29.042795 -2.996098 -6.447206 6e-06 0.0 0.0 -0.005186 0.08892 0.158125 0.169602 0.113809 0.172848 0.16031 0.054662 0.142833 -142.468811 -67.312347 164.240814 40.993027 -49.420174 3.067116 18.321327 -0.195234 -0.0655 1.782785 -0.094385 -18.787809 17.636631 -26.322733 52.411194 -19.466652 -14.395597 29.410389 0.0 -8.774822 -2e-06 15.907135 -17.863346 6.095095 -0.609777 -1.795653 -3.889328 -4.80709 -11.046811 -2.937849 4e-06 -20.976017 2e-06 -5.019973 -25.033558 -4.03188 5e-06 -1e-06 0.0 -10.634534 -5.686971 -3.565589 10.573271 -17.922951 -3.113898 2e-06 -13.821206 0.0 -0.501779 -31.181505 -4.027015 -11.561067 -59.570751 7.370713 -13.982716 -7.150198 -2.875041 13.772729 -8.40149 -3.21824 0.347729 -34.211544 0.771657 -0.96303 -17.733366 2.621019 1e-06 -1e-06 0.0 -17.34642 -20.095217 -4.201783 21.757559 -1.638375 3.866428 1e-06 -6.338825 1e-06 -1.69759 -22.591743 -6.194005 0.0 -4e-06 -2e-06 21.136538 -66.343803 -179.756546 21.318653 -52.739677 6.477557 27.388512 0.130705 0.272908 -3.694914 6.933994 -23.291197 22.182112 -20.375898 49.933319 -16.701811 -16.743526 28.47653 -4e-06 -12.6906 -0.0 15.870651 -17.833017 2.956922 -0.105918 -1.513856 -4.275881 -5.03904 -5.61287 -2.953557 5e-06 -11.020523 -1e-06 -6.111297 -15.89533 -3.840469 -0.0 1e-06 0.0 -10.283369 -5.680287 -4.341838 11.028294 -11.302406 -2.372633 -1.384269 -14.238579 -6.320119 -0.625438 -26.924191 -3.827598 -4.111076 -49.794399 -3.514884 -13.708523 -7.363473 -3.720938 18.141148 -14.052739 -3.242673 6e-06 -18.78727 1e-06 -0.429712 -8.456043 2.555504 -2e-06 2e-06 -1e-06 -15.923532 -20.094479 -5.473584 30.41921 -7.190826 1.735924 2e-06 -8.162926 1e-06 -1.861901 -22.861467 -6.167941 -1e-06 -3e-06 -1e-06 -178.565887 -0.410265 -6.631145 6.23705 -0.005888 0.100871 -77.595337 -2.042098 -3.733176 -4.573446 1.431457 2.124552 -0.999998 0.0 0.0 2.758508 -3.410371 -0.897246 7.191199 -0.013759 0.028293 -79.719841 -7.974218 -7.513143 -3.942837 0.593537 1.669438 -1.000003 1e-06 0.0 
0.0 0.0 0.0 0.0 -0.0 0.0 -0.494453 100.286758 0.738611 91.176445 -0.897457 89.870445 -4.494983 -0.427201 -0.190326 -12.601104 -0.677228 -0.058637 17.591398 -0.376636 -2.183355 14.763226 -3.262254 2.50511 -2.543876 -0.680387 -5.073908 -29.030483 -2.987057 -6.474459 6e-06 0.0 -1e-06 -0.003711 0.088717 0.161509 0.166265 0.116557 0.177396 0.156118 0.051607 0.14473 -142.479431 -67.292412 164.239792 41.027199 -49.401691 3.189439 18.341782 -0.175333 -0.053248 1.77977 -0.08316 -18.880991 17.636627 -26.322725 52.411194 -19.46666 -14.3956 29.410389 -0.0 -8.774822 -3e-06 15.880197 -17.827084 6.097265 -0.609777 -1.795654 -3.889329 -4.807089 -11.04681 -2.93785 5e-06 -20.976017 -1e-06 -5.01997 -25.033556 -4.031883 5e-06 -1e-06 0.0 -10.634533 -5.686969 -3.565587 10.573274 -17.922947 -3.1139 2e-06 -13.821203 -0.0 -0.501778 -31.181498 -4.027015 -11.555676 -59.557816 7.383492 -13.982712 -7.150196 -2.875042 13.772727 -8.401489 -3.21824 0.347733 -34.211552 0.771654 -0.963029 -17.733366 2.62102 0.0 1e-06 -1e-06 -17.346416 -20.095213 -4.201782 21.757557 -1.638376 3.866429 2e-06 -6.338824 0.0 -1.697587 -22.591742 -6.194007 0.0 -5e-06 -2e-06 21.127048 -66.341331 -179.729584 21.383501 -52.734879 6.455204 27.364353 0.164182 0.284635 -3.717846 6.926769 -23.390636 22.182119 -20.375895 49.933319 -16.701811 -16.743528 28.47653 -3e-06 -12.690601 -1e-06 15.86815 -17.840368 2.95799 -0.10592 -1.513857 -4.275881 -5.039041 -5.612872 -2.953557 4e-06 -11.020525 -2e-06 -6.111299 -15.895334 -3.840471 -0.0 -1e-06 -0.0 -10.283371 -5.680289 -4.341839 11.028294 -11.302407 -2.372633 -1.384269 -14.238586 -6.320122 -0.62544 -26.9242 -3.827602 -4.114366 -49.768749 -3.527706 -13.708524 -7.363478 -3.720939 18.141148 -14.052741 -3.242675 6e-06 -18.787271 -1e-06 -0.429711 -8.456047 2.555503 -0.0 -0.0 0.0 -15.923536 -20.094484 -5.473584 30.41921 -7.190826 1.735925 2e-06 -8.162926 0.0 -1.861904 -22.861473 -6.167943 -0.0 -3e-06 -0.0 -178.61911 -0.419379 -6.606411 6.316448 -0.009936 0.088532 -77.662498 -2.054603 -3.713175 -4.537161 1.434365 2.125751 -0.999999 1e-06 -0.0 2.702162 -3.405206 -0.893536 7.271189 -0.010298 0.030552 -79.767403 -7.95028 -7.527741 -3.91793 0.587997 1.668791 -1.000003 0.0 -0.0 
0.0 0.0 0.0 0.0 -0.0 0.0 -0.506267 100.281944 0.759463 91.176277 -0.930367 89.844749 -4.492284 -0.428944 -0.185914 -12.604713 -0.665547 -0.068401 17.590614 -0.395675 -2.177544 14.743005 -3.255049 2.50204 -2.549673 -0.686911 -5.047494 -29.038639 -2.96315 -6.491795 6e-06 0.0 -0.0 -0.00403 0.087004 0.159208 0.160074 0.117073 0.176115 0.149697 0.047761 0.140969 -142.500198 -67.268349 164.230164 41.034935 -49.397064 3.377339 18.336819 -0.140143 -0.042997 1.790231 -0.080215 -18.969994 17.636635 -26.322721 52.411171 -19.46666 -14.395597 29.410381 1e-06 -8.774821 -2e-06 15.875689 -17.792583 6.091792 -0.609776 -1.795654 -3.889326 -4.80709 -11.04681 -2.93785 2e-06 -20.976015 0.0 -5.019971 -25.033556 -4.031883 5e-06 -1e-06 -0.0 -10.634535 -5.686971 -3.565588 10.573271 -17.922947 -3.113898 2e-06 -13.821206 -0.0 -0.501779 -31.181501 -4.027017 -11.556479 -59.572468 7.408464 -13.982714 -7.150198 -2.875041 13.772729 -8.401491 -3.218237 0.347732 -34.211552 0.771653 -0.963028 -17.73337 2.621019 1e-06 -0.0 -1e-06 -17.346422 -20.095217 -4.201779 21.757559 -1.638373 3.86643 2e-06 -6.338824 0.0 -1.697589 -22.591742 -6.194006 0.0 -5e-06 -2e-06 21.068104 -66.32869 -179.677399 21.371925 -52.73579 6.524411 27.367727 0.204562 0.297243 -3.761397 6.930735 -23.477739 22.182117 -20.375898 49.933319 -16.701811 -16.743528 28.476528 -4e-06 -12.6906 -1e-06 15.867491 -17.843361 2.950173 -0.105919 -1.513855 -4.275881 -5.039041 -5.612872 -2.953557 4e-06 -11.020523 -2e-06 -6.111298 -15.895334 -3.84047 0.0 -0.0 -0.0 -10.283371 -5.680288 -4.341838 11.028296 -11.302406 -2.372633 -1.384268 -14.238583 -6.320122 -0.625438 -26.924191 -3.8276 -4.120828 -49.738316 -3.540025 -13.708526 -7.363475 -3.720939 18.141148 -14.052739 -3.242674 6e-06 -18.787268 -1e-06 -0.429709 -8.456045 2.555503 -0.0 1e-06 -0.0 -15.923536 -20.094482 -5.473585 30.419218 -7.190827 1.735927 2e-06 -8.162927 1e-06 -1.861901 -22.861469 -6.167942 -0.0 -3e-06 -2e-06 -178.66629 -0.420411 -6.578033 6.375094 -0.01274 0.079481 -77.713974 -2.089198 -3.712223 -4.511247 1.440169 2.127302 -0.999999 0.0 0.0 2.639534 -3.407835 -0.902199 7.350753 -0.004595 0.037416 -79.820786 -7.907109 -7.533287 -3.927432 0.582308 1.666278 -1.000001 0.0 0.0 
0.0 0.0 0.0 0.0 -0.0 0.0 -0.510549 100.278328 0.781427 91.181854 -0.969224 89.828033 -4.494121 -0.430962 -0.184737 -12.603027 -0.656763 -0.064278 17.585928 -0.416836 -2.17442 14.710392 -3.228889 2.498696 -2.547798 -0.696077 -5.026536 -29.047169 -2.944914 -6.519457 6e-06 0.0 -0.0 -0.003053 0.084571 0.155981 0.155027 0.116145 0.174525 0.145294 0.043801 0.135555 -142.522751 -67.254974 164.242294 41.045528 -49.367363 3.588741 18.335363 -0.113007 -0.041141 1.802229 -0.048703 -19.07649 17.636631 -26.322729 52.411182 -19.466661 -14.395596 29.410393 -0.0 -8.774821 -4e-06 15.872316 -17.771101 6.089485 -0.609775 -1.795653 -3.889328 -4.807088 -11.046809 -2.937851 5e-06 -20.976019 -0.0 -5.019969 -25.03356 -4.031881 5e-06 -2e-06 0.0 -10.634535 -5.68697 -3.565586 10.573275 -17.922951 -3.113901 3e-06 -13.821206 -0.0 -0.501777 -31.181505 -4.027015 -11.5532 -59.587151 7.413855 -13.982715 -7.150198 -2.87504 13.772731 -8.401492 -3.21824 0.347734 -34.211555 0.771654 -0.963027 -17.73337 2.621019 1e-06 1e-06 -1e-06 -17.346416 -20.095217 -4.20178 21.757557 -1.638377 3.866428 2e-06 -6.338825 0.0 -1.697587 -22.59174 -6.194007 1e-06 -5e-06 -1e-06 20.999281 -66.310509 -179.616013 21.334967 -52.737148 6.58262 27.377964 0.22628 0.308066 -3.795586 6.949066 -23.581226 22.182119 -20.375895 49.933323 -16.701813 -16.74353 28.476532 -3e-06 -12.690603 -1e-06 15.860876 -17.83082 2.940319 -0.105917 -1.513856 -4.275882 -5.039042 -5.612873 -2.953557 3e-06 -11.020526 -2e-06 -6.111299 -15.895334 -3.840471 -0.0 -1e-06 0.0 -10.283373 -5.680289 -4.341838 11.028296 -11.302406 -2.372633 -1.38427 -14.238584 -6.320122 -0.625439 -26.924192 -3.827604 -4.124401 -49.697395 -3.565121 -13.708526 -7.363477 -3.72094 18.141153 -14.05274 -3.242675 6e-06 -18.78727 -1e-06 -0.429711 -8.456044 2.555504 -1e-06 1e-06 -0.0 -15.923536 -20.094484 -5.473584 30.419218 -7.190827 1.735926 2e-06 -8.162926 0.0 -1.861904 -22.861471 -6.167943 -0.0 -4e-06 -1e-06 -178.709915 -0.414728 -6.54502 6.41034 -0.013405 0.076697 -77.7481 -2.139213 -3.73931 -4.49224 1.442325 2.127744 -1.0 0.0 -0.0 2.575645 -3.419532 -0.940925 7.423193 -0.00021 0.048702 -79.884781 -7.848631 -7.513731 -3.954082 0.580711 1.663941 -1.000003 -0.0 0.0 
0.0 0.0 0.0 0.0 -0.0 0.0 -0.515125 100.276054 0.806001 91.187141 -1.004231 89.822289 -4.489102 -0.434002 -0.186299 -12.595223 -0.654942 -0.05791 17.574553 -0.435209 -2.184281 14.679166 -3.184363 2.512195 -2.543286 -0.702655 -5.037384 -29.062651 -2.93864 -6.558299 6e-06 -0.0 -0.0 -0.001138 0.081533 0.151652 0.153545 0.115336 0.172874 0.141962 0.038637 0.128041 -142.522964 -67.243591 164.245819 41.059536 -49.328129 3.744519 18.328014 -0.104404 -0.042464 1.82713 -0.009534 -19.173576 17.636631 -26.322729 52.411201 -19.466658 -14.395596 29.410393 0.0 -8.774821 -2e-06 15.859036 -17.762417 6.094771 -0.609776 -1.795653 -3.889328 -4.807088 -11.046809 -2.93785 5e-06 -20.976011 -0.0 -5.019969 -25.033552 -4.031881 6e-06 -1e-06 1e-06 -10.634533 -5.68697 -3.565588 10.573274 -17.922949 -3.1139 2e-06 -13.821205 -0.0 -0.501777 -31.181501 -4.027015 -11.578786 -59.603748 7.441533 -13.982712 -7.150197 -2.875043 13.772727 -8.401491 -3.218241 0.347733 -34.211544 0.771655 -0.963029 -17.733366 2.621019 0.0 -0.0 -1e-06 -17.346416 -20.095217 -4.201784 21.757557 -1.638375 3.866428 2e-06 -6.338824 0.0 -1.697588 -22.591738 -6.194004 0.0 -3e-06 -1e-06 20.919144 -66.303185 -179.534653 21.309402 -52.731159 6.638749 27.391703 0.236509 0.31486 -3.828164 6.968716 -23.698238 22.182114 -20.375895 49.933319 -16.701811 -16.743528 28.476528 -3e-06 -12.690601 -1e-06 15.856068 -17.81212 2.937349 -0.105919 -1.513856 -4.27588 -5.039042 -5.612872 -2.953556 4e-06 -11.020523 -2e-06 -6.111299 -15.89533 -3.840469 -0.0 1e-06 -0.0 -10.283372 -5.680288 -4.341838 11.028296 -11.302404 -2.372632 -1.384268 -14.238579 -6.32012 -0.625437 -26.924185 -3.8276 -4.123696 -49.663551 -3.593047 -13.708524 -7.363475 -3.720938 18.141146 -14.052739 -3.242674 5e-06 -18.787268 -1e-06 -0.429712 -8.456045 2.555503 -1e-06 3e-06 1e-06 -15.923538 -20.094481 -5.473582 30.41921 -7.190824 1.735926 3e-06 -8.162925 -0.0 -1.861901 -22.861469 -6.167942 -1e-06 -5e-06 -2e-06 -178.737701 -0.407208 -6.504469 6.421469 -0.013405 0.077101 -77.768333 -2.188218 -3.773135 -4.465961 1.442828 2.130215 -0.999999 0.0 0.0 2.535698 -3.427505 -0.96001 7.460689 0.002836 0.057623 -79.84938 -7.810151 -7.511081 -3.967132 0.578174 1.66179 -1.000003 0.0 0.0 
0.0 0.0 0.0 0.0 -0.0 0.0 -0.518344 100.276634 0.830869 91.196838 -1.037286 89.818466 -4.480139 -0.438466 -0.18986 -12.58263 -0.659013 -0.0609 17.559542 -0.458239 -2.195604 14.648176 -3.135252 2.523961 -2.539324 -0.705947 -5.049373 -29.053877 -2.937265 -6.608026 5e-06 0.0 -1e-06 -0.002477 0.080145 0.151046 0.152126 0.116593 0.174737 0.135806 0.03488 0.12457 -142.502716 -67.240952 164.249329 41.0933 -49.291328 3.808584 18.315163 -0.105117 -0.046127 1.862656 -0.004142 -19.203979 17.636627 -26.322727 52.411182 -19.466658 -14.395596 29.410385 -0.0 -8.774819 -3e-06 15.845881 -17.769133 6.1039 -0.609777 -1.795654 -3.889328 -4.807088 -11.046809 -2.93785 5e-06 -20.976017 1e-06 -5.019969 -25.033556 -4.031882 7e-06 -1e-06 -1e-06 -10.634532 -5.686969 -3.565588 10.573271 -17.922951 -3.113899 3e-06 -13.821205 0.0 -0.501778 -31.181501 -4.027014 -11.616446 -59.618866 7.481457 -13.982713 -7.150198 -2.875044 13.772729 -8.401491 -3.21824 0.347734 -34.211555 0.771654 -0.963027 -17.73337 2.62102 1e-06 0.0 -1e-06 -17.346413 -20.095215 -4.201783 21.757553 -1.638374 3.866428 2e-06 -6.338824 0.0 -1.697587 -22.591743 -6.194005 0.0 -4e-06 -1e-06 20.864359 -66.319603 -179.484741 21.300259 -52.735806 6.705264 27.40538 0.241249 0.315789 -3.844347 6.972768 -23.852934 22.182112 -20.375891 49.933319 -16.701811 -16.743528 28.476532 -3e-06 -12.6906 -1e-06 15.848397 -17.788822 2.936118 -0.105919 -1.513856 -4.275881 -5.039041 -5.612871 -2.953557 4e-06 -11.020521 -2e-06 -6.111295 -15.89533 -3.840472 -0.0 -1e-06 -0.0 -10.283369 -5.680288 -4.341838 11.028294 -11.302404 -2.372633 -1.384268 -14.23858 -6.320121 -0.625438 -26.924191 -3.827603 -4.111638 -49.632397 -3.620376 -13.708522 -7.363475 -3.72094 18.141146 -14.052738 -3.242675 6e-06 -18.787266 -0.0 -0.42971 -8.456044 2.555503 -1e-06 2e-06 -0.0 -15.923532 -20.094482 -5.473586 30.419201 -7.190823 1.735926 3e-06 -8.162924 0.0 -1.861902 -22.861469 -6.167942 -0.0 -3e-06 -1e-06 -178.739868 -0.391206 -6.454104 6.381437 -0.013738 0.074245 -77.755592 -2.238316 -3.793044 -4.446495 1.441213 2.132819 -0.999999 0.0 -0.0 2.515186 -3.438779 -0.97062 7.460248 0.004464 0.066817 -79.86351 -7.797924 -7.513811 -3.954085 0.576546 1.661228 -1.000001 0.0 0.0 
0.0 0.0 0.0 0.0 -0.0 0.0 -0.518181 100.280045 0.850521 91.206841 -1.072103 89.816315 -4.468606 -0.439483 -0.19033 -12.572637 -0.667408 -0.07184 17.546202 -0.484538 -2.200817 14.625915 -3.084237 2.521376 -2.534294 -0.71298 -5.043309 -29.019934 -2.932759 -6.669683 6e-06 0.0 0.0 -0.004698 0.078509 0.150063 0.147301 0.115809 0.174053 0.12663 0.032718 0.122988 -142.473267 -67.255165 164.26033 41.16169 -49.263584 3.820254 18.294109 -0.09786 -0.044182 1.900615 -0.049071 -19.168581 17.636627 -26.322727 52.411182 -19.466658 -14.395596 29.410385 -0.0 -8.774821 -3e-06 15.854208 -17.787413 6.099293 -0.609775 -1.795653 -3.889325 -4.807088 -11.046809 -2.93785 5e-06 -20.976013 0.0 -5.019971 -25.033552 -4.03188 6e-06 -1e-06 -1e-06 -10.634532 -5.686969 -3.565587 10.573271 -17.922951 -3.113897 3e-06 -13.821205 0.0 -0.501779 -31.181498 -4.027013 -11.639256 -59.624866 7.500115 -13.982712 -7.150198 -2.875041 13.772727 -8.401491 -3.218241 0.347734 -34.211555 0.771655 -0.963027 -17.73337 2.62102 -0.0 -1e-06 -1e-06 -17.346413 -20.095217 -4.20178 21.757555 -1.638375 3.866426 2e-06 -6.338825 1e-06 -1.697588 -22.591738 -6.194003 -0.0 -4e-06 -2e-06 20.863571 -66.354294 -179.50563 21.282011 -52.752762 6.805579 27.421986 0.245784 0.31135 -3.837827 6.959071 -24.050671 22.182114 -20.375893 49.933319 -16.701811 -16.743525 28.47653 -4e-06 -12.6906 -1e-06 15.847644 -17.770941 2.926892 -0.105919 -1.513856 -4.275881 -5.03904 -5.612871 -2.953557 4e-06 -11.020523 -2e-06 -6.111295 -15.895332 -3.840472 -0.0 -1e-06 0.0 -10.283367 -5.680287 -4.341839 11.028291 -11.302404 -2.372632 -1.384269 -14.23858 -6.320121 -0.625436 -26.924189 -3.827603 -4.086765 -49.606171 -3.651379 -13.708521 -7.363475 -3.72094 18.141146 -14.052739 -3.242674 6e-06 -18.787266 -2e-06 -0.42971 -8.456042 2.555503 -1e-06 2e-06 -0.0 -15.923532 -20.094482 -5.473586 30.419205 -7.190824 1.735927 2e-06 -8.162926 0.0 -1.8619 -22.861467 -6.167942 -2e-06 -4e-06 -1e-06 -178.733414 -0.375563 -6.420049 6.314294 -0.014803 0.072109 -77.720116 -2.272873 -3.791672 -4.428669 1.439875 2.1342 -0.999998 -0.0 0.0 2.508434 -3.449288 -0.999376 7.422187 0.000331 0.075615 -79.85231 -7.783235 -7.512607 -3.922426 0.578041 1.662776 -1.000002 -0.0 0.0 
0.0 0.0 0.0 0.0 -0.0 0.0 -0.517804 100.282166 0.866005 91.218727 -1.106875 89.813469 -4.455079 -0.434398 -0.186438 -12.5656 -0.677316 -0.077628 17.529987 -0.515216 -2.198883 14.635318 -3.038542 2.515925 -2.532361 -0.720597 -5.059395 -28.983376 -2.919868 -6.716851 6e-06 0.0 -1e-06 -0.005839 0.078925 0.152373 0.14747 0.116057 0.175852 0.124339 0.033449 0.125691 -142.46991 -67.275909 164.304932 41.230259 -49.245701 3.823594 18.284065 -0.094534 -0.041672 1.950538 -0.085543 -19.22974 17.636625 -26.322729 52.411182 -19.466658 -14.395594 29.410378 -1e-06 -8.774819 -2e-06 15.854463 -17.796003 6.088659 -0.609777 -1.795654 -3.889326 -4.807087 -11.046809 -2.937849 5e-06 -20.976019 1e-06 -5.01997 -25.03356 -4.031879 6e-06 -2e-06 0.0 -10.634534 -5.686969 -3.565586 10.573272 -17.922949 -3.113898 3e-06 -13.821209 -0.0 -0.501777 -31.181505 -4.027013 -11.63827 -59.610081 7.488334 -13.982712 -7.150197 -2.875041 13.772727 -8.401493 -3.218239 0.347734 -34.211544 0.771656 -0.963029 -17.73337 2.62102 0.0 1e-06 0.0 -17.346416 -20.095215 -4.201779 21.757555 -1.638378 3.866428 2e-06 -6.338825 0.0 -1.697588 -22.591742 -6.194003 -0.0 -4e-06 -2e-06 20.913282 -66.399101 -179.581238 21.26425 -52.789455 6.875305 27.431759 0.244802 0.303175 -3.82288 6.967089 -24.198635 22.182116 -20.375898 49.933319 -16.701813 -16.743526 28.47653 -4e-06 -12.690601 -1e-06 15.845248 -17.764175 2.918826 -0.10592 -1.513857 -4.275882 -5.03904 -5.612871 -2.953557 4e-06 -11.020525 -2e-06 -6.111297 -15.895334 -3.840471 -0.0 1e-06 -0.0 -10.283371 -5.68029 -4.341838 11.028296 -11.302406 -2.372633 -1.384269 -14.238584 -6.320121 -0.625438 -26.924198 -3.827603 -4.060938 -49.58799 -3.680782 -13.708524 -7.363477 -3.720939 18.14115 -14.052739 -3.242675 7e-06 -18.78727 -2e-06 -0.429711 -8.456043 2.555503 -0.0 1e-06 -0.0 -15.923536 -20.094484 -5.473583 30.419214 -7.190827 1.735926 3e-06 -8.162927 -0.0 -1.861901 -22.861471 -6.167943 0.0 -4e-06 -2e-06 -178.736923 -0.359204 -6.390979 6.266019 -0.013859 0.068749 -77.694527 -2.313545 -3.77427 -4.415872 1.443629 2.135586 -0.999998 1e-06 0.0 2.483771 -3.461972 -1.014765 7.421665 -0.003697 0.077381 -79.859901 -7.765226 -7.503403 -3.896252 0.578737 1.664537 -1.000002 0.0 0.0 
0.0 0.0 0.0 0.0 -0.0 0.0 -0.523022 100.282715 0.884675 91.228447 -1.136432 89.809975 -4.441169 -0.428897 -0.175331 -12.559552 -0.68322 -0.073003 17.515522 -0.540204 -2.197784 14.693764 -2.998073 2.514105 -2.533101 -0.723137 -5.084555 -28.973663 -2.891515 -6.755613 5e-06 0.0 -1e-06 -0.005184 0.078105 0.150067 0.14682 0.115143 0.172924 0.125404 0.032704 0.124393 -142.507629 -67.305183 164.381714 41.272083 -49.238853 3.809064 18.281195 -0.096799 -0.04137 2.010703 -0.098778 -19.310831 17.636625 -26.322735 52.411205 -19.466663 -14.395598 29.410393 1e-06 -8.774822 -2e-06 15.841133 -17.793179 6.080078 -0.609777 -1.795654 -3.889328 -4.80709 -11.046813 -2.93785 3e-06 -20.976021 -0.0 -5.019972 -25.033562 -4.031883 6e-06 -3e-06 -0.0 -10.634537 -5.686972 -3.565586 10.573274 -17.922951 -3.113901 1e-06 -13.821204 -1e-06 -0.50178 -31.181501 -4.027016 -11.618818 -59.576244 7.464555 -13.982716 -7.150199 -2.875043 13.772729 -8.401491 -3.218241 0.347733 -34.211555 0.771653 -0.96303 -17.73337 2.62102 1e-06 0.0 0.0 -17.346422 -20.095221 -4.201782 21.757559 -1.638373 3.866428 1e-06 -6.338825 0.0 -1.69759 -22.591747 -6.194009 -0.0 -4e-06 -1e-06 20.996761 -66.449097 -179.685455 21.25169 -52.830524 6.960562 27.429337 0.26172 0.29797 -3.82644 6.975211 -24.343929 22.182114 -20.3759 49.933323 -16.701807 -16.743528 28.47653 -4e-06 -12.690598 -1e-06 15.834774 -17.767773 2.918827 -0.105919 -1.513855 -4.275881 -5.03904 -5.612869 -2.953557 4e-06 -11.02052 -2e-06 -6.111295 -15.89533 -3.840472 -0.0 -0.0 -0.0 -10.283369 -5.680286 -4.341839 11.028294 -11.302404 -2.372632 -1.384268 -14.23858 -6.32012 -0.625437 -26.924185 -3.8276 -4.047952 -49.57584 -3.692228 -13.708523 -7.363472 -3.720941 18.141146 -14.052737 -3.242673 7e-06 -18.787266 0.0 -0.429711 -8.456044 2.555503 -1e-06 2e-06 1e-06 -15.923528 -20.094479 -5.473588 30.419205 -7.190825 1.735926 3e-06 -8.162924 1e-06 -1.861901 -22.861467 -6.167939 0.0 -3e-06 -1e-06 -178.739502 -0.346658 -6.353891 6.23272 -0.011918 0.066406 -77.682251 -2.359643 -3.760888 -4.426737 1.451125 2.137251 -1.0 1e-06 -0.0 2.460777 -3.470361 -1.031091 7.433567 -0.009544 0.075601 -79.877815 -7.725885 -7.474261 -3.894167 0.57666 1.66486 -1.000002 0.0 0.0 
0.0 0.0 0.0 0.0 -0.0 0.0 -0.530538 100.281052 0.911667 91.239174 -1.162909 89.800858 -4.432067 -0.428548 -0.166646 -12.562531 -0.683456 -0.052862 17.517305 -0.560661 -2.192415 14.771413 -2.971457 2.509806 -2.535507 -0.721499 -5.105713 -28.935881 -2.851084 -6.807439 5e-06 -0.0 -1e-06 -0.003222 0.078989 0.150746 0.149226 0.115648 0.174094 0.130446 0.033933 0.125415 -142.553345 -67.334061 164.443542 41.26881 -49.237514 3.788723 18.301571 -0.113008 -0.042533 2.062653 -0.082591 -19.396662 17.636621 -26.322733 52.411205 -19.46666 -14.395597 29.410395 -1e-06 -8.77482 -2e-06 15.826786 -17.789026 6.078541 -0.609778 -1.795653 -3.889327 -4.807088 -11.046809 -2.937848 4e-06 -20.976011 0.0 -5.019972 -25.033548 -4.031882 6e-06 1e-06 0.0 -10.634534 -5.68697 -3.565588 10.573272 -17.922945 -3.113899 2e-06 -13.821205 1e-06 -0.501779 -31.181501 -4.027015 -11.60205 -59.559811 7.445335 -13.982714 -7.150198 -2.87504 13.772727 -8.401488 -3.21824 0.34773 -34.211536 0.771656 -0.963028 -17.733366 2.62102 -0.0 -1e-06 -1e-06 -17.346413 -20.095215 -4.201782 21.757555 -1.638374 3.866428 1e-06 -6.338824 0.0 -1.697589 -22.591742 -6.194006 0.0 -5e-06 -1e-06 21.092249 -66.502388 -179.793396 21.252529 -52.87077 6.998634 27.397558 0.272575 0.287759 -3.831511 6.972838 -24.452406 22.182108 -20.375893 49.933319 -16.701807 -16.743525 28.476526 -3e-06 -12.690598 -1e-06 15.79895 -17.767923 2.938986 -0.105919 -1.513855 -4.275881 -5.039041 -5.61287 -2.953557 4e-06 -11.02052 -2e-06 -6.111296 -15.89533 -3.840471 0.0 -0.0 -0.0 -10.283369 -5.680287 -4.341839 11.028293 -11.302404 -2.372632 -1.384268 -14.238579 -6.32012 -0.625438 -26.924183 -3.8276 -4.04669 -49.548668 -3.683705 -13.708522 -7.363475 -3.72094 18.141146 -14.052738 -3.242673 5e-06 -18.787266 0.0 -0.429712 -8.456042 2.555504 -2e-06 1e-06 -1e-06 -15.923532 -20.094479 -5.473584 30.419205 -7.190823 1.735926 2e-06 -8.162922 1e-06 -1.861902 -22.861469 -6.167942 0.0 -3e-06 -1e-06 -178.741608 -0.334819 -6.34711 6.209898 -0.010534 0.0656 -77.683372 -2.373444 -3.742499 -4.435518 1.457286 2.138697 -1.0 -0.0 -0.0 2.431847 -3.479935 -1.037521 7.470232 -0.014724 0.071919 -79.913338 -7.692544 -7.45414 -3.904198 0.575564 1.664821 -1.000003 0.0 -0.0 
0.0 0.0 0.0 0.0 -0.0 0.0 -0.534356 100.276741 0.941249 91.254677 -1.193349 89.790871 -4.427268 -0.439517 -0.167111 -12.56971 -0.68199 -0.024182 17.519022 -0.578532 -2.190407 14.848878 -2.950764 2.4918 -2.527302 -0.713027 -5.102231 -28.875336 -2.809852 -6.851187 6e-06 0.0 -1e-06 -0.0015 0.079732 0.153718 0.155259 0.11516 0.17776 0.136639 0.036106 0.128586 -142.557404 -67.365036 164.448044 41.250443 -49.239239 3.734678 18.32885 -0.155509 -0.048477 2.102381 -0.048641 -19.43759 17.636625 -26.322729 52.411194 -19.46666 -14.395597 29.410389 1e-06 -8.774821 -2e-06 15.813278 -17.794037 6.080154 -0.609777 -1.795654 -3.889327 -4.80709 -11.046809 -2.93785 4e-06 -20.976015 1e-06 -5.019971 -25.033552 -4.031882 6e-06 -2e-06 0.0 -10.634533 -5.68697 -3.565587 10.573272 -17.922947 -3.1139 3e-06 -13.821205 1e-06 -0.501778 -31.181498 -4.027016 -11.587741 -59.555683 7.419124 -13.982714 -7.150198 -2.875041 13.77273 -8.40149 -3.218241 0.347733 -34.211552 0.771655 -0.963028 -17.73337 2.621019 0.0 -1e-06 -1e-06 -17.346416 -20.095213 -4.201783 21.757557 -1.638376 3.866428 2e-06 -6.338822 0.0 -1.697589 -22.591738 -6.194006 1e-06 -4e-06 -1e-06 21.149704 -66.540863 -179.873566 21.207539 -52.902958 7.039059 27.360712 0.260794 0.270071 -3.822161 6.958513 -24.470568 22.182117 -20.375887 49.933308 -16.701811 -16.743528 28.476522 -4e-06 -12.6906 -2e-06 15.768754 -17.774958 2.961218 -0.10592 -1.513856 -4.275881 -5.03904 -5.61287 -2.953557 4e-06 -11.02052 -2e-06 -6.111296 -15.895328 -3.840471 0.0 -0.0 -0.0 -10.283367 -5.680287 -4.341838 11.028293 -11.302404 -2.372632 -1.384268 -14.23858 -6.32012 -0.625437 -26.924189 -3.827601 -4.055925 -49.532665 -3.668659 -13.708524 -7.363475 -3.720939 18.141146 -14.052739 -3.242674 6e-06 -18.787266 -1e-06 -0.42971 -8.456044 2.555502 -2e-06 -0.0 -1e-06 -15.923536 -20.094479 -5.473583 30.41921 -7.190827 1.735926 2e-06 -8.162922 1e-06 -1.861899 -22.861469 -6.167942 -0.0 -2e-06 -0.0 -178.758286 -0.318526 -6.366067 6.21137 -0.009835 0.06173 -77.702972 -2.34599 -3.723991 -4.429393 1.45699 2.138285 -0.999998 0.0 0.0 2.37234 -3.500659 -1.07169 7.564659 -0.015427 0.07014 -79.980965 -7.646159 -7.458683 -3.908587 0.580697 1.666163 -1.000002 0.0 -0.0 
0.0 0.0 0.0 0.0 -0.0 0.0 -0.53657 100.268951 0.971853 91.270844 -1.214968 89.792694 -4.413905 -0.456905 -0.176179 -12.574737 -0.680861 -0.004982 17.516697 -0.594827 -2.193844 14.93247 -2.925131 2.470173 -2.507104 -0.710366 -5.107099 -28.828903 -2.765418 -6.872597 6e-06 -0.0 -0.0 -0.001806 0.08019 0.158831 0.163209 0.115599 0.183351 0.141802 0.036979 0.133825 -142.519165 -67.40461 164.416077 41.246704 -49.242031 3.664222 18.333494 -0.193583 -0.055859 2.166156 -0.006577 -19.425066 17.636629 -26.322729 52.41119 -19.466658 -14.395597 29.410389 0.0 -8.774822 -4e-06 15.803111 -17.803234 6.084051 -0.609776 -1.795654 -3.889326 -4.80709 -11.04681 -2.93785 4e-06 -20.976015 0.0 -5.019971 -25.033556 -4.031882 6e-06 -0.0 1e-06 -10.634534 -5.68697 -3.565588 10.573272 -17.922949 -3.113898 2e-06 -13.821203 -0.0 -0.501778 -31.181501 -4.027016 -11.556624 -59.539818 7.385925 -13.982716 -7.150198 -2.875042 13.77273 -8.401491 -3.21824 0.347732 -34.211544 0.771657 -0.963028 -17.733366 2.621019 -0.0 1e-06 -1e-06 -17.346418 -20.095215 -4.201783 21.757557 -1.638374 3.866429 2e-06 -6.338824 1e-06 -1.69759 -22.591738 -6.194005 -0.0 -4e-06 -2e-06 21.188631 -66.563522 -179.919739 21.173643 -52.922901 7.076392 27.307503 0.248406 0.258135 -3.80291 6.951234 -24.463774 22.18211 -20.375889 49.933311 -16.701813 -16.743528 28.476524 -4e-06 -12.6906 -1e-06 15.748013 -17.792568 2.974553 -0.10592 -1.513857 -4.27588 -5.03904 -5.61287 -2.953557 4e-06 -11.020521 -2e-06 -6.111295 -15.89533 -3.840471 0.0 -0.0 -0.0 -10.283369 -5.680288 -4.341837 11.028294 -11.302404 -2.372633 -1.384268 -14.238577 -6.32012 -0.625436 -26.924183 -3.827601 -4.070384 -49.526451 -3.660462 -13.708523 -7.363474 -3.720939 18.141148 -14.052738 -3.242674 6e-06 -18.787266 -1e-06 -0.42971 -8.456043 2.555503 -2e-06 2e-06 -1e-06 -15.923532 -20.094479 -5.473584 30.419207 -7.190825 1.735925 2e-06 -8.162922 0.0 -1.861902 -22.861469 -6.167942 -0.0 -2e-06 -0.0 -178.78215 -0.30291 -6.37088 6.251494 -0.010165 0.057211 -77.749519 -2.318923 -3.724034 -4.429121 1.453717 2.136686 -1.0 0.0 0.0 2.300313 -3.526146 -1.124923 7.70839 -0.012296 0.068954 -80.077614 -7.588855 -7.471897 -3.903442 0.58606 1.667975 -1.000002 0.0 -0.0 
0.0 0.0 0.0 0.0 -0.0 0.0 -0.537465 100.262772 1.001813 91.283592 -1.234131 89.803841 -4.400327 -0.474093 -0.184331 -12.579199 -0.679195 0.007821 17.51322 -0.610333 -2.206876 15.012452 -2.891224 2.456458 -2.486501 -0.714589 -5.126339 -28.811081 -2.729888 -6.884988 6e-06 0.0 -0.0 -0.002007 0.08007 0.164761 0.170561 0.116347 0.189137 0.146098 0.036323 0.140038 -142.461029 -67.447685 164.36647 41.261017 -49.248432 3.608915 18.305458 -0.211728 -0.060778 2.248716 0.05339 -19.381344 17.636627 -26.322733 52.411205 -19.466663 -14.395597 29.410395 0.0 -8.774821 -3e-06 15.798262 -17.793753 6.082616 -0.609776 -1.795654 -3.889329 -4.807088 -11.046809 -2.937849 4e-06 -20.976013 -0.0 -5.019969 -25.03356 -4.031882 6e-06 2e-06 -0.0 -10.634533 -5.68697 -3.565588 10.573272 -17.922949 -3.113899 3e-06 -13.821206 -1e-06 -0.501779 -31.181505 -4.027015 -11.501294 -59.519165 7.336832 -13.982713 -7.150198 -2.875043 13.772727 -8.401491 -3.21824 0.347732 -34.211555 0.771654 -0.963028 -17.733372 2.621018 1e-06 1e-06 -1e-06 -17.346416 -20.095217 -4.201784 21.757557 -1.638373 3.866428 1e-06 -6.338826 1e-06 -1.697589 -22.591747 -6.194007 1e-06 -5e-06 -2e-06 21.22522 -66.583931 -179.944183 21.17094 -52.945122 7.097976 27.24148 0.234469 0.256372 -3.776173 6.940187 -24.451466 22.182106 -20.375889 49.9333 -16.701807 -16.743525 28.476522 -4e-06 -12.690597 -0.0 15.739327 -17.802864 2.974544 -0.10592 -1.513855 -4.27588 -5.039041 -5.61287 -2.953556 4e-06 -11.02052 -2e-06 -6.111296 -15.89533 -3.84047 0.0 2e-06 -0.0 -10.283367 -5.680286 -4.341838 11.02829 -11.302402 -2.372632 -1.384269 -14.238578 -6.32012 -0.625438 -26.924187 -3.8276 -4.08402 -49.515625 -3.666013 -13.70852 -7.363473 -3.720939 18.141144 -14.052735 -3.242673 6e-06 -18.787262 -1e-06 -0.429711 -8.45604 2.555502 -1e-06 -0.0 -0.0 -15.923532 -20.094479 -5.473584 30.419205 -7.190824 1.735925 3e-06 -8.162924 -1e-06 -1.8619 -22.861464 -6.167941 -1e-06 -3e-06 -1e-06 -178.798416 -0.290036 -6.36127 6.278803 -0.010609 0.051801 -77.785545 -2.304672 -3.740923 -4.412086 1.448212 2.135859 -0.999998 0.0 -0.0 2.253196 -3.546817 -1.180382 7.808325 -0.009799 0.066356 -80.221611 -7.532615 -7.46891 -3.884311 0.588697 1.668366 -1.000003 0.0 0.0 
0.0 0.0 0.0 0.0 -0.0 0.0 -0.532382 100.257149 1.030375 91.299042 -1.257209 89.815811 -4.391931 -0.488378 -0.188755 -12.581455 -0.681018 0.007876 17.507116 -0.630999 -2.204303 15.079282 -2.865176 2.456186 -2.47965 -0.721893 -5.155383 -28.781677 -2.702193 -6.911745 6e-06 -0.0 -0.0 -0.002099 0.079823 0.168139 0.173947 0.116589 0.191839 0.147829 0.035805 0.14406 -142.402359 -67.495819 164.320862 41.278362 -49.265728 3.509673 18.272747 -0.220705 -0.062851 2.316364 0.113962 -19.3325 17.636631 -26.322725 52.411182 -19.46666 -14.395598 29.410385 -0.0 -8.774821 -2e-06 15.787185 -17.776136 6.083441 -0.609776 -1.795654 -3.889327 -4.807089 -11.046809 -2.937849 4e-06 -20.976017 0.0 -5.019971 -25.033558 -4.031879 6e-06 -1e-06 0.0 -10.634535 -5.68697 -3.565587 10.573272 -17.922947 -3.113899 2e-06 -13.821205 -0.0 -0.501779 -31.181501 -4.027016 -11.460294 -59.517673 7.303679 -13.982714 -7.150198 -2.87504 13.772731 -8.401491 -3.21824 0.347733 -34.211555 0.771654 -0.963026 -17.73337 2.621019 -0.0 -1e-06 -1e-06 -17.346416 -20.095215 -4.201782 21.757555 -1.638374 3.866429 2e-06 -6.338825 -0.0 -1.697589 -22.591738 -6.194005 1e-06 -5e-06 -1e-06 21.259333 -66.60228 -179.972916 21.160553 -52.976357 7.114298 27.17469 0.205209 0.256262 -3.734989 6.943081 -24.397701 22.182117 -20.375895 49.933308 -16.701813 -16.74353 28.47653 -4e-06 -12.690601 -1e-06 15.732709 -17.795425 2.970242 -0.105919 -1.513856 -4.275882 -5.039042 -5.61287 -2.953556 5e-06 -11.020524 -2e-06 -6.111297 -15.89533 -3.840471 -0.0 -1e-06 0.0 -10.28337 -5.680287 -4.341838 11.028296 -11.302406 -2.372633 -1.384268 -14.238581 -6.32012 -0.625437 -26.924191 -3.827601 -4.086237 -49.488457 -3.682145 -13.708527 -7.363474 -3.720939 18.141151 -14.052741 -3.242675 7e-06 -18.787268 0.0 -0.429711 -8.456047 2.555504 -2e-06 2e-06 -0.0 -15.923532 -20.094481 -5.473586 30.41921 -7.190826 1.735926 3e-06 -8.162922 1e-06 -1.861901 -22.861464 -6.167938 0.0 -4e-06 -2e-06 -178.816193 -0.274052 -6.345592 6.298869 -0.008483 0.043584 -77.815376 -2.293992 -3.756745 -4.39657 1.438603 2.134621 -1.0 0.0 -0.0 2.202224 -3.571655 -1.216422 7.908645 -0.007527 0.065387 -80.276482 -7.500566 -7.488764 -3.862306 0.59147 1.668939 -1.000003 0.0 -0.0 
0.0 0.0 0.0 0.0 -0.0 0.0 -0.518853 100.254997 1.054315 91.311905 -1.278678 89.817627 -4.384565 -0.504083 -0.188625 -12.579591 -0.683829 0.002754 17.49732 -0.644144 -2.202702 15.148018 -2.858049 2.459511 -2.479729 -0.733152 -5.175196 -28.745941 -2.679283 -6.936645 5e-06 -0.0 -0.0 -0.002123 0.077284 0.160128 0.170544 0.11496 0.182884 0.144476 0.032562 0.137017 -142.345718 -67.53196 164.278564 41.28344 -49.269138 3.4636 18.260723 -0.214345 -0.064063 2.347292 0.156106 -19.322763 17.636629 -26.322729 52.41119 -19.466663 -14.395596 29.410385 -0.0 -8.774822 -2e-06 15.765177 -17.76325 6.096879 -0.609777 -1.795654 -3.889327 -4.80709 -11.046812 -2.937851 4e-06 -20.976019 -0.0 -5.019969 -25.03356 -4.031883 6e-06 -2e-06 -0.0 -10.634533 -5.686971 -3.565587 10.573275 -17.922951 -3.113901 4e-06 -13.821209 -0.0 -0.501775 -31.181507 -4.027018 -11.458541 -59.536819 7.312872 -13.982716 -7.150199 -2.875043 13.772729 -8.401492 -3.218241 0.347734 -34.211555 0.771653 -0.963027 -17.733372 2.621019 1e-06 -1e-06 -2e-06 -17.34642 -20.095221 -4.201783 21.757557 -1.638375 3.866428 2e-06 -6.338826 -0.0 -1.697588 -22.591751 -6.194008 1e-06 -5e-06 -2e-06 21.261719 -66.63588 -179.995712 21.102407 -53.032383 7.178762 27.129591 0.188865 0.259079 -3.69129 6.947315 -24.41028 22.182114 -20.375895 49.933327 -16.701813 -16.743528 28.476532 -4e-06 -12.690598 -1e-06 15.738506 -17.786041 2.962847 -0.10592 -1.513856 -4.275882 -5.03904 -5.612872 -2.953557 4e-06 -11.020525 -2e-06 -6.111296 -15.895334 -3.840471 -0.0 0.0 -0.0 -10.283369 -5.680288 -4.341839 11.028294 -11.302404 -2.372633 -1.384267 -14.238579 -6.320122 -0.625436 -26.924183 -3.827601 -4.086538 -49.484642 -3.690665 -13.708522 -7.363476 -3.72094 18.141148 -14.052739 -3.242675 5e-06 -18.787266 -1e-06 -0.429711 -8.456042 2.555504 -0.0 -0.0 -0.0 -15.923532 -20.094482 -5.473587 30.419207 -7.190825 1.735924 3e-06 -8.162924 0.0 -1.861902 -22.861467 -6.167941 -1e-06 -2e-06 -1e-06 -178.815506 -0.256209 -6.330231 6.285985 -0.006798 0.033898 -77.822418 -2.277667 -3.770272 -4.398361 1.427706 2.132344 -0.999999 0.0 0.0 2.17944 -3.594044 -1.22039 7.946184 -0.008601 0.066558 -80.286201 -7.503504 -7.520112 -3.850862 0.599189 1.671837 -1.000002 0.0 0.0 
0.0 0.0 0.0 0.0 -0.0 0.0 -0.503705 100.257469 1.075095 91.322548 -1.303313 89.820465 -4.383129 -0.513178 -0.188347 -12.577929 -0.68702 -0.00345 17.489002 -0.652545 -2.190155 15.208627 -2.869443 2.464874 -2.480251 -0.745032 -5.191396 -28.722937 -2.654684 -6.954849 5e-06 -0.0 -0.0 -0.001916 0.07412 0.149605 0.163856 0.113138 0.171328 0.138079 0.028163 0.127394 -142.318192 -67.550644 164.278717 41.301003 -49.246498 3.442225 18.249449 -0.205213 -0.062088 2.366297 0.185693 -19.322344 17.636631 -26.322739 52.411201 -19.466665 -14.395598 29.410395 -2e-06 -8.774822 -1e-06 15.742857 -17.763712 6.117389 -0.609776 -1.795654 -3.88933 -4.807086 -11.046813 -2.937851 6e-06 -20.976021 0.0 -5.019968 -25.033562 -4.031881 5e-06 -2e-06 0.0 -10.634535 -5.686971 -3.565588 10.573275 -17.922955 -3.113901 3e-06 -13.821208 0.0 -0.501778 -31.181505 -4.027014 -11.460261 -59.538563 7.34139 -13.982714 -7.150198 -2.875043 13.772731 -8.401495 -3.218241 0.347735 -34.211555 0.771654 -0.963026 -17.73337 2.621021 0.0 1e-06 -1e-06 -17.346418 -20.095221 -4.201784 21.757557 -1.638377 3.866428 2e-06 -6.338825 1e-06 -1.697587 -22.591747 -6.194005 0.0 -3e-06 -1e-06 21.287262 -66.69043 179.960724 21.054884 -53.107433 7.308291 27.088596 0.216282 0.262082 -3.640575 6.951308 -24.453453 22.182117 -20.375889 49.933304 -16.701815 -16.74353 28.476526 -4e-06 -12.6906 -1e-06 15.759608 -17.780066 2.956181 -0.10592 -1.513856 -4.275881 -5.039041 -5.61287 -2.953556 5e-06 -11.020521 -2e-06 -6.111298 -15.895332 -3.84047 0.0 -0.0 -0.0 -10.283369 -5.680287 -4.341838 11.028294 -11.302404 -2.372632 -1.384269 -14.238579 -6.32012 -0.625439 -26.924187 -3.827601 -4.098627 -49.505516 -3.67618 -13.708523 -7.363475 -3.720938 18.141146 -14.052738 -3.242674 6e-06 -18.787266 -0.0 -0.429711 -8.456045 2.555503 -1e-06 2e-06 -0.0 -15.92353 -20.094479 -5.473584 30.419205 -7.190825 1.735925 2e-06 -8.162925 -0.0 -1.8619 -22.861469 -6.167942 -1e-06 -4e-06 -0.0 -178.796692 -0.237509 -6.314479 6.228345 -0.006711 0.026824 -77.796326 -2.269975 -3.779532 -4.410852 1.418964 2.130523 -0.999999 -0.0 -0.0 2.191175 -3.61027 -1.204633 7.900662 -0.013217 0.069092 -80.258423 -7.535929 -7.543994 -3.85674 0.604434 1.673777 -1.000001 0.0 0.0 
0.0 0.0 0.0 0.0 -0.0 0.0 -0.495447 100.256958 1.101556 91.326912 -1.329163 89.832054 -4.384621 -0.515167 -0.187257 -12.579023 -0.687892 -0.004771 17.482845 -0.659251 -2.184267 15.260659 -2.878231 2.475949 -2.484013 -0.754554 -5.210427 -28.740892 -2.642935 -6.945497 6e-06 -0.0 -0.0 -0.000659 0.073507 0.147291 0.158696 0.113413 0.167233 0.131328 0.026811 0.12665 -142.291916 -67.57885 164.293152 41.35236 -49.239021 3.418415 18.220684 -0.179476 -0.054765 2.370644 0.191757 -19.340527 17.636621 -26.322725 52.411182 -19.466654 -14.395596 29.410385 -0.0 -8.774819 -2e-06 15.728706 -17.777891 6.1346 -0.609776 -1.795653 -3.889326 -4.807088 -11.046807 -2.937849 3e-06 -20.976011 1e-06 -5.019971 -25.033552 -4.03188 6e-06 -1e-06 0.0 -10.634531 -5.68697 -3.565588 10.573268 -17.922945 -3.113898 1e-06 -13.821203 -0.0 -0.50178 -31.181498 -4.027013 -11.482409 -59.536449 7.383241 -13.98271 -7.150197 -2.875042 13.772723 -8.401488 -3.218239 0.34773 -34.211536 0.771654 -0.963028 -17.733366 2.621017 1e-06 -1e-06 -1e-06 -17.346415 -20.095213 -4.20178 21.757553 -1.638372 3.866427 2e-06 -6.338823 0.0 -1.69759 -22.591742 -6.194005 1e-06 -4e-06 -2e-06 21.306684 -66.740631 179.921997 21.006887 -53.174141 7.490508 27.050293 0.260824 0.269373 -3.598203 6.954166 -24.503218 22.182106 -20.3759 49.933331 -16.701811 -16.743526 28.476536 -3e-06 -12.690598 0.0 15.775982 -17.787943 2.965377 -0.105918 -1.513856 -4.275882 -5.039041 -5.612871 -2.953557 4e-06 -11.020523 -2e-06 -6.111295 -15.89533 -3.840471 -0.0 -0.0 -0.0 -10.283367 -5.680287 -4.34184 11.02829 -11.302405 -2.372633 -1.384267 -14.238583 -6.320122 -0.625437 -26.924194 -3.827603 -4.112261 -49.529613 -3.647686 -13.708521 -7.363476 -3.720941 18.141148 -14.052739 -3.242675 6e-06 -18.787266 -1e-06 -0.429712 -8.456048 2.555504 -2e-06 2e-06 -1e-06 -15.92353 -20.094482 -5.473588 30.419205 -7.190824 1.735923 3e-06 -8.162925 1e-06 -1.861902 -22.861467 -6.16794 -1e-06 -4e-06 -1e-06 -178.802109 -0.231075 -6.29738 6.216402 -0.006263 0.02617 -77.801598 -2.270193 -3.796102 -4.41039 1.415777 2.131386 -0.999999 -0.0 0.0 2.196062 -3.613974 -1.163438 7.877425 -0.017157 0.066757 -80.248833 -7.59912 -7.556784 -3.84958 0.602622 1.674529 -1.000001 1e-06 0.0 
0.0 0.0 0.0 0.0 -0.0 0.0 -0.496308 100.258575 1.137696 91.33007 -1.355234 89.834358 -4.383956 -0.515523 -0.179962 -12.584521 -0.690432 -0.000394 17.483332 -0.661321 -2.194247 15.293888 -2.883243 2.479391 -2.480551 -0.761372 -5.217843 -28.767023 -2.632406 -6.92462 6e-06 -0.0 -0.0 1.5e-05 0.074635 0.149681 0.153379 0.115831 0.167579 0.12558 0.026711 0.130945 -142.246414 -67.616142 164.292496 41.418407 -49.240467 3.357569 18.195702 -0.166239 -0.058409 2.367931 0.186302 -19.388035 17.636633 -26.322731 52.41119 -19.46666 -14.3956 29.410389 0.0 -8.774822 -2e-06 15.712026 -17.800127 6.155531 -0.609777 -1.795653 -3.889328 -4.807088 -11.046811 -2.93785 4e-06 -20.976017 1e-06 -5.019972 -25.033558 -4.03188 6e-06 0.0 0.0 -10.634536 -5.686971 -3.565587 10.573275 -17.922951 -3.113901 2e-06 -13.821209 1e-06 -0.501779 -31.181505 -4.027015 -11.510644 -59.533707 7.430556 -13.982716 -7.150198 -2.875043 13.772731 -8.401491 -3.21824 0.347732 -34.211555 0.771657 -0.96303 -17.73337 2.621022 1e-06 -1e-06 -1e-06 -17.346422 -20.095217 -4.20178 21.757557 -1.638374 3.866429 2e-06 -6.338825 2e-06 -1.69759 -22.591743 -6.194006 0.0 -7e-06 -1e-06 21.330038 -66.791374 179.889771 20.977215 -53.240723 7.575665 27.02519 0.285201 0.269352 -3.563316 6.934487 -24.516344 22.182114 -20.375896 49.933319 -16.701811 -16.743528 28.47653 -4e-06 -12.690599 -0.0 15.780462 -17.797476 2.98313 -0.10592 -1.513856 -4.275881 -5.039041 -5.612872 -2.953557 3e-06 -11.020525 -1e-06 -6.111297 -15.895334 -3.84047 -0.0 2e-06 0.0 -10.283371 -5.680288 -4.341838 11.028296 -11.302406 -2.372633 -1.384269 -14.238582 -6.32012 -0.62544 -26.924191 -3.8276 -4.128883 -49.566696 -3.612293 -13.708524 -7.363476 -3.720939 18.14115 -14.052739 -3.242675 6e-06 -18.78727 -0.0 -0.42971 -8.456045 2.555504 -2e-06 1e-06 -1e-06 -15.923536 -20.094482 -5.473584 30.41921 -7.190826 1.735925 2e-06 -8.162926 1e-06 -1.861903 -22.861469 -6.167942 -0.0 -4e-06 -1e-06 -178.783722 -0.226242 -6.291494 6.161032 -0.005241 0.026852 -77.783997 -2.28328 -3.829219 -4.406054 1.418923 2.132346 -0.999998 0.0 0.0 2.228847 -3.612223 -1.108496 7.798907 -0.019492 0.065617 -80.213577 -7.657423 -7.55277 -3.83727 0.598502 1.674329 -1.000003 -0.0 -0.0 
0.0 0.0 0.0 0.0 -0.0 0.0 -0.498503 100.260437 1.175023 91.328812 -1.381495 89.821739 -4.383417 -0.515823 -0.174537 -12.590991 -0.695621 0.005509 17.484737 -0.654183 -2.200665 15.327841 -2.888289 2.483802 -2.480131 -0.76206 -5.218503 -28.775126 -2.615779 -6.915835 5e-06 -0.0 -1e-06 0.001448 0.075514 0.151182 0.151393 0.117869 0.168637 0.123875 0.026519 0.132958 -142.18454 -67.645248 164.240234 41.433712 -49.271194 3.280821 18.193495 -0.175581 -0.06809 2.362553 0.183014 -19.39193 17.63662 -26.322729 52.411194 -19.46666 -14.395596 29.410389 -0.0 -8.774819 -1e-06 15.719201 -17.821785 6.173353 -0.609777 -1.795654 -3.889327 -4.807087 -11.046809 -2.937851 6e-06 -20.976015 -0.0 -5.019968 -25.033548 -4.03188 6e-06 -1e-06 0.0 -10.634531 -5.686969 -3.565588 10.573272 -17.922947 -3.1139 4e-06 -13.821205 0.0 -0.501776 -31.181498 -4.027013 -11.553639 -59.569187 7.482225 -13.982711 -7.150197 -2.875041 13.772726 -8.401491 -3.218241 0.347734 -34.211544 0.771654 -0.963029 -17.733366 2.62102 0.0 -1e-06 -1e-06 -17.346413 -20.095213 -4.201782 21.757555 -1.638375 3.866427 2e-06 -6.338824 1e-06 -1.697588 -22.591742 -6.194005 1e-06 -5e-06 -1e-06 21.365835 -66.835281 179.842697 20.942596 -53.291039 7.620854 27.02232 0.290238 0.267597 -3.512001 6.89938 -24.466509 22.182112 -20.375891 49.933308 -16.701807 -16.743528 28.476522 -3e-06 -12.690599 -1e-06 15.784364 -17.802284 3.000719 -0.105919 -1.513855 -4.27588 -5.039041 -5.61287 -2.953556 3e-06 -11.02052 -2e-06 -6.111298 -15.89533 -3.84047 0.0 -0.0 0.0 -10.283369 -5.680288 -4.341837 11.028292 -11.302402 -2.372632 -1.384269 -14.238578 -6.32012 -0.625438 -26.924181 -3.827602 -4.145881 -49.595737 -3.585881 -13.708523 -7.363475 -3.720938 18.141146 -14.052735 -3.242674 4e-06 -18.787262 -1e-06 -0.429711 -8.456038 2.555503 -1e-06 1e-06 0.0 -15.923534 -20.094479 -5.473584 30.419205 -7.190822 1.735926 3e-06 -8.162922 0.0 -1.861902 -22.861467 -6.167941 -1e-06 -4e-06 -1e-06 -178.760925 -0.224563 -6.304798 6.106866 -0.003729 0.026824 -77.771385 -2.294176 -3.863394 -4.392888 1.416891 2.131614 -0.999998 0.0 0.0 2.264219 -3.6076 -1.053517 7.709046 -0.021661 0.06328 -80.171799 -7.702763 -7.545704 -3.814486 0.597368 1.674389 -1.000001 0.0 0.0 
0.0 0.0 0.0 0.0 -0.0 0.0 -0.496876 100.260857 1.205782 91.324837 -1.403565 89.80162 -4.385427 -0.512766 -0.16587 -12.594071 -0.702772 0.009653 17.483873 -0.645767 -2.204059 15.366312 -2.89445 2.499962 -2.487544 -0.758574 -5.229881 -28.770666 -2.594026 -6.912019 7e-06 -0.0 -1e-06 0.003811 0.074713 0.14908 0.154994 0.116439 0.167208 0.128053 0.026448 0.130274 -142.133194 -67.666107 164.200867 41.428787 -49.312458 3.192552 18.198856 -0.190761 -0.068868 2.364705 0.184645 -19.390781 17.636635 -26.322733 52.411182 -19.46666 -14.395596 29.410385 -0.0 -8.774821 -2e-06 15.737541 -17.837109 6.17884 -0.609776 -1.795654 -3.889326 -4.807088 -11.046811 -2.937849 5e-06 -20.976019 1e-06 -5.019971 -25.03356 -4.031878 6e-06 -1e-06 -0.0 -10.634533 -5.68697 -3.565585 10.573271 -17.922951 -3.113899 3e-06 -13.821209 -1e-06 -0.501778 -31.181505 -4.027015 -11.590797 -59.594616 7.518565 -13.982714 -7.150198 -2.875042 13.772728 -8.401491 -3.21824 0.347734 -34.211555 0.771655 -0.963028 -17.733372 2.621022 -0.0 1e-06 -1e-06 -17.346416 -20.095217 -4.20178 21.757557 -1.638377 3.866428 1e-06 -6.338825 0.0 -1.69759 -22.591745 -6.194005 1e-06 -8e-06 -2e-06 21.397099 -66.863808 179.807785 20.913891 -53.331749 7.618532 27.027639 0.285716 0.272104 -3.466129 6.888274 -24.312061 22.182114 -20.375891 49.933315 -16.701815 -16.743526 28.47653 -2e-06 -12.6906 -1e-06 15.785167 -17.805744 3.01224 -0.10592 -1.513856 -4.275882 -5.039041 -5.612871 -2.953556 3e-06 -11.020523 -2e-06 -6.111297 -15.895334 -3.840471 -0.0 -1e-06 -0.0 -10.28337 -5.680288 -4.341839 11.028296 -11.302406 -2.372633 -1.38427 -14.238583 -6.320122 -0.625438 -26.924194 -3.827603 -4.157226 -49.610958 -3.564575 -13.708526 -7.363476 -3.72094 18.141148 -14.052739 -3.242674 6e-06 -18.78727 -2e-06 -0.429711 -8.456045 2.555502 -1e-06 0.0 1e-06 -15.923536 -20.094482 -5.473585 30.41921 -7.190825 1.735926 2e-06 -8.162926 0.0 -1.861902 -22.861471 -6.167943 -0.0 -4e-06 -1e-06 -178.74881 -0.227545 -6.323192 6.081211 -0.000631 0.023176 -77.77607 -2.298075 -3.884268 -4.371806 1.413249 2.130255 -0.999999 0.0 0.0 2.28684 -3.602871 -1.017714 7.649088 -0.024367 0.056387 -80.146248 -7.740041 -7.537167 -3.787671 0.597799 1.674942 -1.000003 0.0 -0.0 
0.0 0.0 0.0 0.0 -0.0 0.0 -0.496165 100.260948 1.229228 91.317001 -1.423944 89.788826 -4.38393 -0.510357 -0.164268 -12.590906 -0.706647 0.009977 17.47575 -0.644982 -2.199742 15.411318 -2.894178 2.510546 -2.495486 -0.750235 -5.223164 -28.767582 -2.559374 -6.911514 5e-06 -0.0 -0.0 0.007356 0.073395 0.147468 0.16319 0.113647 0.166902 0.137969 0.026617 0.127571 -142.071762 -67.679245 164.16423 41.415874 -49.344574 3.117563 18.216295 -0.202935 -0.062946 2.376717 0.163138 -19.382614 17.636623 -26.322733 52.411194 -19.466656 -14.395597 29.410389 -1e-06 -8.77482 -2e-06 15.763462 -17.846466 6.17219 -0.609777 -1.795653 -3.889328 -4.807087 -11.046811 -2.93785 4e-06 -20.976015 1e-06 -5.019971 -25.033556 -4.03188 6e-06 -1e-06 -0.0 -10.634532 -5.686969 -3.565589 10.573274 -17.922951 -3.1139 3e-06 -13.821205 -0.0 -0.501777 -31.181505 -4.027012 -11.60605 -59.609383 7.527694 -13.982712 -7.150197 -2.875043 13.772727 -8.401491 -3.21824 0.347733 -34.211552 0.771655 -0.963028 -17.73337 2.621021 0.0 1e-06 -1e-06 -17.346413 -20.095215 -4.201783 21.757555 -1.638375 3.866427 2e-06 -6.338825 1e-06 -1.697588 -22.591743 -6.194007 0.0 -5e-06 -1e-06 21.421673 -66.882614 179.778687 20.87575 -53.378223 7.571176 27.043312 0.271407 0.27844 -3.414107 6.882614 -24.146904 22.182108 -20.375895 49.933319 -16.701809 -16.743528 28.476528 -3e-06 -12.690598 -0.0 15.790906 -17.806669 3.006253 -0.105919 -1.513855 -4.275881 -5.039041 -5.61287 -2.953556 4e-06 -11.020519 -2e-06 -6.111296 -15.895328 -3.84047 0.0 -0.0 -0.0 -10.283369 -5.680287 -4.341837 11.028293 -11.302402 -2.372633 -1.384269 -14.238576 -6.32012 -0.625437 -26.924179 -3.827601 -4.153858 -49.597637 -3.562166 -13.708523 -7.363474 -3.720938 18.141146 -14.052736 -3.242674 4e-06 -18.787262 -0.0 -0.429712 -8.456041 2.555503 -0.0 -0.0 1e-06 -15.923534 -20.094479 -5.473584 30.41921 -7.190825 1.735925 2e-06 -8.162922 1e-06 -1.861903 -22.861465 -6.167941 -1e-06 -5e-06 -2e-06 -178.749115 -0.236902 -6.357431 6.078642 0.000919 0.018349 -77.791595 -2.27616 -3.900034 -4.344574 1.41229 2.129739 -0.999999 -0.0 -0.0 2.304348 -3.592679 -0.994539 7.59886 -0.029041 0.05051 -80.11528 -7.770249 -7.527187 -3.759023 0.599918 1.676131 -1.000003 1e-06 -0.0 
0.0 0.0 0.0 0.0 -0.0 0.0 -0.495971 100.262596 1.251026 91.309525 -1.445999 89.780792 -4.385909 -0.510244 -0.167608 -12.593468 -0.705984 0.011191 17.479109 -0.653848 -2.204847 15.459998 -2.885696 2.520421 -2.499382 -0.738076 -5.207863 -28.773043 -2.547526 -6.915487 6e-06 -0.0 0.0 0.009881 0.073018 0.145071 0.165126 0.11263 0.164652 0.140676 0.026945 0.125185 -141.987518 -67.676437 164.091522 41.392315 -49.362835 3.088727 18.243082 -0.207024 -0.063609 2.374725 0.127767 -19.391541 17.636639 -26.322741 52.411213 -19.466665 -14.395598 29.410395 -0.0 -8.774824 -2e-06 15.767277 -17.841 6.166592 -0.609778 -1.795654 -3.889326 -4.80709 -11.046813 -2.937852 3e-06 -20.976021 2e-06 -5.019974 -25.03356 -4.03188 6e-06 -1e-06 -1e-06 -10.634537 -5.686973 -3.565589 10.573275 -17.922955 -3.113901 2e-06 -13.821213 -1e-06 -0.501777 -31.181511 -4.027017 -11.620042 -59.609276 7.521272 -13.982718 -7.1502 -2.875041 13.772731 -8.401493 -3.218242 0.347732 -34.211555 0.771655 -0.963029 -17.733372 2.621019 1e-06 -1e-06 -1e-06 -17.346422 -20.095221 -4.201783 21.757559 -1.638375 3.866429 2e-06 -6.338825 0.0 -1.69759 -22.591747 -6.194008 -0.0 -4e-06 -2e-06 21.448164 -66.887932 179.764038 20.86401 -53.398293 7.443909 27.076607 0.235762 0.276394 -3.36649 6.881482 -24.042627 22.182121 -20.375898 49.933323 -16.701817 -16.74353 28.476536 -3e-06 -12.690605 -1e-06 15.79312 -17.800938 2.991651 -0.105918 -1.513855 -4.275882 -5.039043 -5.612873 -2.953556 3e-06 -11.020526 -1e-06 -6.1113 -15.895338 -3.840472 0.0 -0.0 -0.0 -10.283372 -5.680288 -4.341839 11.028297 -11.302407 -2.372633 -1.38427 -14.238585 -6.320121 -0.625439 -26.924198 -3.827601 -4.136864 -49.568913 -3.573854 -13.708527 -7.363476 -3.72094 18.141151 -14.05274 -3.242674 6e-06 -18.78727 -0.0 -0.42971 -8.456043 2.555505 -1e-06 1e-06 -0.0 -15.923538 -20.094484 -5.473586 30.419222 -7.190827 1.735927 2e-06 -8.162927 1e-06 -1.861903 -22.861473 -6.167941 -1e-06 -4e-06 -1e-06 -178.747406 -0.244833 -6.392273 6.063444 -0.001362 0.015582 -77.795364 -2.23805 -3.895346 -4.323252 1.414847 2.131213 -0.999999 0.0 -0.0 2.331056 -3.582829 -0.976448 7.525907 -0.032233 0.042903 -80.057045 -7.793451 -7.551363 -3.748528 0.598096 1.675506 -1.000003 0.0 0.0 
0.0 0.0 0.0 0.0 -0.0 0.0 -0.500641 100.259804 1.268925 91.302101 -1.457885 89.779091 -4.388642 -0.512447 -0.173359 -12.603668 -0.70409 0.003564 17.495567 -0.66375 -2.204047 15.513035 -2.871462 2.521228 -2.504772 -0.732122 -5.194773 -28.773396 -2.551736 -6.919602 6e-06 -0.0 -0.0 0.010473 0.073622 0.141792 0.163535 0.111409 0.16077 0.13806 0.029574 0.122441 -141.905594 -67.678055 164.006836 41.371731 -49.386154 3.104283 18.25765 -0.209224 -0.068292 2.366586 0.099242 -19.365433 17.636637 -26.322729 52.411179 -19.466663 -14.395594 29.410389 -1e-06 -8.77482 -2e-06 15.760899 -17.830828 6.168051 -0.609777 -1.795654 -3.889328 -4.807087 -11.046812 -2.937852 5e-06 -20.976019 1e-06 -5.01997 -25.03356 -4.031882 5e-06 0.0 -0.0 -10.634533 -5.68697 -3.565587 10.573272 -17.922953 -3.1139 3e-06 -13.821209 -1e-06 -0.501776 -31.181511 -4.027016 -11.625433 -59.607487 7.527529 -13.982711 -7.150197 -2.875042 13.772728 -8.401493 -3.21824 0.347736 -34.211555 0.771654 -0.963027 -17.733368 2.62102 -0.0 -1e-06 -1e-06 -17.346415 -20.095221 -4.201782 21.757555 -1.638376 3.866428 2e-06 -6.338826 0.0 -1.697589 -22.591742 -6.194006 1e-06 -3e-06 -2e-06 21.477356 -66.887703 179.738449 20.844427 -53.398708 7.387326 27.11517 0.212806 0.272546 -3.33477 6.888821 -23.962955 22.182112 -20.375887 49.933308 -16.701809 -16.743528 28.476524 -3e-06 -12.690598 -1e-06 15.794827 -17.801796 2.977254 -0.10592 -1.513856 -4.27588 -5.03904 -5.61287 -2.953556 4e-06 -11.02052 -2e-06 -6.111297 -15.89533 -3.84047 0.0 1e-06 -0.0 -10.283368 -5.680286 -4.341838 11.028293 -11.302402 -2.372632 -1.384269 -14.238575 -6.32012 -0.625438 -26.924183 -3.8276 -4.123496 -49.564503 -3.575917 -13.708522 -7.363473 -3.720938 18.141146 -14.052736 -3.242674 6e-06 -18.787262 -1e-06 -0.429712 -8.456044 2.555502 -2e-06 2e-06 0.0 -15.923532 -20.094481 -5.473583 30.419205 -7.190823 1.735925 3e-06 -8.162924 -0.0 -1.861901 -22.861467 -6.167941 -1e-06 -3e-06 -1e-06 -178.79126 -0.269761 -6.415032 6.098499 -0.002364 0.01124 -77.817299 -2.218343 -3.896055 -4.302332 1.418739 2.132694 -0.999999 0.0 -0.0 2.331605 -3.571072 -0.954847 7.528289 -0.03505 0.038273 -80.129333 -7.821412 -7.582645 -3.74034 0.593923 1.673961 -1.000002 0.0 -0.0 
0.0 0.0 0.0 0.0 -0.0 0.0 -0.510813 100.253632 1.286121 91.296852 -1.466021 89.7845 -4.387978 -0.515353 -0.183768 -12.612603 -0.700919 -0.000502 17.50547 -0.675393 -2.205204 15.566465 -2.852212 2.52492 -2.516087 -0.736547 -5.198851 -28.768507 -2.545705 -6.926338 5e-06 0.0 -0.0 0.008987 0.074518 0.138052 0.160533 0.111151 0.156741 0.134055 0.031772 0.118698 -141.844391 -67.67038 163.942245 41.349831 -49.400257 3.150156 18.255177 -0.202237 -0.069166 2.344819 0.063817 -19.309158 17.636633 -26.322741 52.411213 -19.466667 -14.3956 29.410402 -1e-06 -8.774822 -2e-06 15.768081 -17.818554 6.166112 -0.609776 -1.795654 -3.889329 -4.807088 -11.046813 -2.937853 5e-06 -20.976021 1e-06 -5.019969 -25.033562 -4.031882 5e-06 -1e-06 0.0 -10.634537 -5.686972 -3.565589 10.573277 -17.922955 -3.113902 3e-06 -13.821211 1e-06 -0.501776 -31.181511 -4.027017 -11.634175 -59.610771 7.544726 -13.982716 -7.150198 -2.875043 13.77273 -8.401492 -3.21824 0.347733 -34.211555 0.771656 -0.96303 -17.73337 2.62102 1e-06 2e-06 -1e-06 -17.346418 -20.095219 -4.201784 21.757561 -1.638378 3.866426 2e-06 -6.338826 2e-06 -1.697588 -22.591749 -6.194006 0.0 -5e-06 -3e-06 21.498901 -66.903046 179.734161 20.832029 -53.394276 7.391387 27.147795 0.208683 0.277231 -3.319189 6.903965 -23.869326 22.182114 -20.375896 49.933319 -16.701813 -16.74353 28.476532 -4e-06 -12.690601 -1e-06 15.809827 -17.807016 2.964445 -0.10592 -1.513856 -4.275881 -5.039041 -5.612871 -2.953557 4e-06 -11.020523 -2e-06 -6.111298 -15.89533 -3.840471 0.0 1e-06 -0.0 -10.283369 -5.680287 -4.341838 11.028294 -11.302406 -2.372633 -1.384269 -14.238583 -6.32012 -0.625439 -26.924191 -3.827601 -4.111959 -49.597115 -3.574418 -13.708525 -7.363476 -3.72094 18.141148 -14.052739 -3.242674 6e-06 -18.78727 -1e-06 -0.429712 -8.456043 2.555504 -1e-06 -0.0 -0.0 -15.923534 -20.094482 -5.473585 30.41921 -7.190827 1.735925 3e-06 -8.162924 1e-06 -1.861901 -22.861469 -6.167942 -2e-06 -4e-06 -2e-06 -178.818314 -0.281455 -6.427229 6.171134 -0.001261 0.004927 -77.878754 -2.213153 -3.891443 -4.273784 1.419999 2.134167 -0.999998 0.0 0.0 2.306379 -3.561508 -0.939238 7.594463 -0.033975 0.033596 -80.17588 -7.844754 -7.612008 -3.727595 0.587087 1.67228 -1.000001 0.0 -0.0 
0.0 0.0 0.0 0.0 -0.0 0.0 -0.520368 100.249588 1.301926 91.290962 -1.469748 89.787376 -4.388219 -0.51987 -0.18457 -12.623157 -0.697472 0.002208 17.525585 -0.684797 -2.208878 15.612955 -2.826084 2.51912 -2.524745 -0.751857 -5.204463 -28.776541 -2.531318 -6.937046 5e-06 -0.0 -0.0 0.006712 0.075171 0.135812 0.155954 0.111441 0.154752 0.128342 0.032919 0.116069 -141.807404 -67.655373 163.904144 41.322567 -49.392662 3.267206 18.271873 -0.174301 -0.065508 2.291497 0.021657 -19.279337 17.636623 -26.32272 52.411186 -19.466652 -14.395594 29.410385 0.0 -8.774821 -3e-06 15.786468 -17.816204 6.161469 -0.609777 -1.795653 -3.889325 -4.807088 -11.046809 -2.937851 3e-06 -20.976011 -1e-06 -5.019969 -25.033552 -4.031884 6e-06 -2e-06 1e-06 -10.634534 -5.68697 -3.565587 10.573271 -17.922947 -3.1139 2e-06 -13.821205 -1e-06 -0.501779 -31.181501 -4.027016 -11.63675 -59.628166 7.550388 -13.982712 -7.150198 -2.875043 13.772725 -8.401488 -3.21824 0.347732 -34.21154 0.771654 -0.963028 -17.733362 2.621017 1e-06 -1e-06 -1e-06 -17.346418 -20.095217 -4.201782 21.757555 -1.638373 3.866428 1e-06 -6.338822 1e-06 -1.69759 -22.591736 -6.194007 0.0 -5e-06 -1e-06 21.522612 -66.938034 179.756653 20.854612 -53.383869 7.417743 27.186319 0.229013 0.285349 -3.314327 6.923093 -23.768499 22.182117 -20.375898 49.933327 -16.701813 -16.743528 28.476536 -2e-06 -12.690601 -1e-06 15.822145 -17.812159 2.964867 -0.10592 -1.513856 -4.275882 -5.039042 -5.612873 -2.953556 2e-06 -11.020525 -2e-06 -6.1113 -15.895336 -3.840472 0.0 -0.0 -0.0 -10.283371 -5.68029 -4.341839 11.028294 -11.302404 -2.372633 -1.38427 -14.238581 -6.320122 -0.625439 -26.924191 -3.827603 -4.099641 -49.641037 -3.571853 -13.708526 -7.363479 -3.72094 18.141148 -14.052739 -3.242674 4e-06 -18.78727 -1e-06 -0.429713 -8.456045 2.555503 -1e-06 1e-06 -1e-06 -15.923539 -20.094486 -5.473586 30.419218 -7.190824 1.735927 2e-06 -8.162925 0.0 -1.861906 -22.861467 -6.167944 -0.0 -3e-06 -1e-06 -178.832352 -0.295678 -6.435647 6.221064 0.000875 -0.000162 -77.921104 -2.21373 -3.884964 -4.235664 1.416092 2.132933 -0.999999 -0.0 0.0 2.304263 -3.550919 -0.918032 7.619185 -0.032115 0.03016 -80.197639 -7.891693 -7.63238 -3.710541 0.58069 1.670334 -1.000002 1e-06 0.0 
0.0 0.0 0.0 0.0 -0.0 0.0 -0.525912 100.248589 1.314076 91.291451 -1.469844 89.79541 -4.393175 -0.52956 -0.179844 -12.634246 -0.69816 -0.000521 17.556215 -0.695625 -2.203513 15.658585 -2.795965 2.525496 -2.532252 -0.764922 -5.219783 -28.798532 -2.509063 -6.934677 7e-06 -0.0 0.0 0.005759 0.073291 0.13093 0.149401 0.10874 0.150002 0.121397 0.031964 0.110868 -141.757339 -67.6455 163.856827 41.315964 -49.375122 3.394398 18.308926 -0.155346 -0.061907 2.248314 0.002949 -19.221409 17.636625 -26.322739 52.411213 -19.46666 -14.395598 29.410395 -0.0 -8.774822 -2e-06 15.808046 -17.820438 6.15534 -0.609776 -1.795654 -3.88933 -4.80709 -11.046813 -2.93785 3e-06 -20.976019 0.0 -5.019973 -25.033562 -4.031881 6e-06 1e-06 -1e-06 -10.634536 -5.686972 -3.565589 10.573275 -17.922951 -3.113899 2e-06 -13.821209 -0.0 -0.501778 -31.181507 -4.027018 -11.660999 -59.668076 7.559542 -13.982716 -7.150199 -2.875042 13.772731 -8.401492 -3.218241 0.347732 -34.211555 0.771655 -0.963029 -17.73337 2.621018 -0.0 1e-06 -1e-06 -17.346422 -20.095221 -4.201784 21.757561 -1.638374 3.866429 2e-06 -6.338825 1e-06 -1.69759 -22.591745 -6.194008 1e-06 -4e-06 -2e-06 21.538305 -66.956795 179.777847 20.879353 -53.354038 7.467636 27.214493 0.255072 0.291897 -3.325727 6.922187 -23.645544 22.182117 -20.375898 49.933327 -16.701813 -16.743528 28.476532 -3e-06 -12.690601 -1e-06 15.835297 -17.815142 2.970608 -0.105919 -1.513856 -4.275881 -5.039041 -5.61287 -2.953557 4e-06 -11.02052 -2e-06 -6.111297 -15.89533 -3.84047 0.0 -0.0 -0.0 -10.283369 -5.680287 -4.341839 11.028294 -11.302403 -2.372633 -1.384267 -14.238579 -6.32012 -0.625437 -26.924183 -3.827601 -4.085976 -49.668041 -3.575317 -13.708524 -7.363474 -3.72094 18.141148 -14.052737 -3.242674 7e-06 -18.787264 -0.0 -0.429712 -8.456043 2.555504 -2e-06 1e-06 -1e-06 -15.923534 -20.094482 -5.473585 30.41921 -7.190827 1.735925 3e-06 -8.162925 1e-06 -1.861902 -22.861467 -6.16794 -1e-06 -2e-06 -2e-06 -178.818069 -0.299765 -6.458161 6.224714 0.000822 -0.000374 -77.930046 -2.204864 -3.881282 -4.213994 1.418609 2.133337 -0.999999 0.0 0.0 2.320199 -3.54914 -0.889466 7.612437 -0.027776 0.026681 -80.200203 -7.942622 -7.644363 -3.701638 0.572323 1.667241 -1.0 -0.0 0.0 
0.0 0.0 0.0 0.0 -0.0 0.0 -0.52983 100.248444 1.320643 91.293121 -1.467025 89.803734 -4.404476 -0.536938 -0.174626 -12.644828 -0.699023 -0.008409 17.592873 -0.711784 -2.188142 15.707844 -2.768149 2.533742 -2.530804 -0.772788 -5.239902 -28.843534 -2.480117 -6.933973 6e-06 -0.0 -0.0 0.007853 0.070605 0.129135 0.147098 0.105274 0.148971 0.11991 0.030025 0.108091 -141.726608 -67.633888 163.819611 41.310658 -49.352261 3.501583 18.340803 -0.155331 -0.06421 2.232666 0.006158 -19.144678 17.636631 -26.322721 52.411182 -19.46666 -14.395596 29.410385 -1e-06 -8.774821 -3e-06 15.819287 -17.822935 6.166022 -0.609776 -1.795654 -3.889327 -4.807091 -11.04681 -2.93785 5e-06 -20.976015 -1e-06 -5.019969 -25.033554 -4.031882 6e-06 1e-06 1e-06 -10.634535 -5.68697 -3.565585 10.573275 -17.922951 -3.113901 3e-06 -13.821206 -1e-06 -0.501777 -31.181498 -4.027016 -11.705562 -59.737846 7.595215 -13.982713 -7.150197 -2.875041 13.77273 -8.401492 -3.21824 0.347738 -34.211544 0.771651 -0.963028 -17.733362 2.621018 1e-06 -0.0 0.0 -17.346416 -20.095215 -4.20178 21.757557 -1.638376 3.866427 2e-06 -6.338823 -0.0 -1.697588 -22.591742 -6.194007 -0.0 -4e-06 -1e-06 21.569733 -66.969269 179.788177 20.931374 -53.323273 7.47689 27.23354 0.276223 0.288386 -3.33195 6.914818 -23.468943 22.18211 -20.375891 49.933319 -16.701813 -16.74353 28.476534 -4e-06 -12.6906 -0.0 15.85526 -17.830465 2.977387 -0.105919 -1.513857 -4.275882 -5.039042 -5.612871 -2.953556 5e-06 -11.020523 -2e-06 -6.111296 -15.89533 -3.840471 -0.0 -0.0 -0.0 -10.283369 -5.680288 -4.341838 11.028296 -11.302404 -2.372634 -1.384268 -14.238579 -6.32012 -0.625437 -26.924187 -3.827601 -4.086937 -49.690849 -3.576481 -13.708525 -7.363475 -3.720939 18.141151 -14.052739 -3.242675 7e-06 -18.787266 -1e-06 -0.429711 -8.456041 2.555504 -1e-06 1e-06 -1e-06 -15.923532 -20.094481 -5.473585 30.41921 -7.190825 1.735924 3e-06 -8.162922 -0.0 -1.861902 -22.861467 -6.167941 -0.0 -3e-06 -2e-06 -178.794876 -0.299708 -6.489271 6.218318 -0.000564 0.00015 -77.931602 -2.189457 -3.874855 -4.215568 1.424826 2.134699 -0.999998 0.0 0.0 2.296362 -3.536545 -0.864901 7.603289 -0.025397 0.02757 -80.197601 -7.990592 -7.634341 -3.710663 0.56447 1.662968 -1.000003 1e-06 0.0 
0.0 0.0 0.0 0.0 -0.0 0.0 -0.530694 100.249374 1.326806 91.288902 -1.467109 89.805672 -4.419118 -0.535589 -0.16897 -12.653676 -0.699544 -0.00834 17.623043 -0.723659 -2.178993 15.75419 -2.755674 2.537056 -2.528748 -0.771132 -5.266634 -28.88809 -2.461841 -6.936479 5e-06 -0.0 -0.0 0.011311 0.069458 0.131525 0.144805 0.104308 0.152443 0.11793 0.028662 0.109304 -141.701965 -67.611435 163.791763 41.311058 -49.323303 3.574878 18.362534 -0.156694 -0.068945 2.233985 0.027878 -19.106924 17.636629 -26.322731 52.411201 -19.466665 -14.395602 29.410395 1e-06 -8.774824 -3e-06 15.816756 -17.829823 6.187204 -0.609777 -1.795654 -3.889329 -4.807091 -11.046813 -2.937851 4e-06 -20.976019 -1e-06 -5.019972 -25.033562 -4.031884 6e-06 -3e-06 0.0 -10.634537 -5.686972 -3.565587 10.573275 -17.922951 -3.113901 2e-06 -13.821205 0.0 -0.501778 -31.181505 -4.027017 -11.744958 -59.793976 7.633674 -13.982718 -7.150199 -2.875041 13.772732 -8.401492 -3.218241 0.347733 -34.211555 0.771654 -0.963028 -17.733372 2.621021 0.0 -0.0 -1e-06 -17.346422 -20.095221 -4.201783 21.757561 -1.638375 3.866428 2e-06 -6.338827 1e-06 -1.697589 -22.591747 -6.194009 -0.0 -6e-06 -0.0 21.607908 -66.982109 179.80014 21.001076 -53.301617 7.423514 27.255814 0.287183 0.276603 -3.330171 6.931083 -23.282654 22.182117 -20.375896 49.933319 -16.701815 -16.743532 28.476532 -2e-06 -12.690601 -1e-06 15.869925 -17.845118 2.988381 -0.10592 -1.513856 -4.275881 -5.039041 -5.612871 -2.953556 4e-06 -11.020523 -1e-06 -6.111299 -15.89533 -3.84047 -0.0 -0.0 0.0 -10.283372 -5.680287 -4.341838 11.028296 -11.302405 -2.372633 -1.384269 -14.23858 -6.32012 -0.625438 -26.924187 -3.8276 -4.119589 -49.711739 -3.566362 -13.708527 -7.363476 -3.720939 18.141151 -14.052739 -3.242674 6e-06 -18.787266 -0.0 -0.429711 -8.456046 2.555504 -2e-06 2e-06 -1e-06 -15.923536 -20.094482 -5.473584 30.419214 -7.190826 1.735925 4e-06 -8.162925 -0.0 -1.861902 -22.861467 -6.167941 -2e-06 -2e-06 -1e-06 -178.774216 -0.304609 -6.53852 6.209655 -0.000849 0.004297 -77.934418 -2.143019 -3.86364 -4.228721 1.428958 2.133924 -0.999998 0.0 0.0 2.335623 -3.534056 -0.853497 7.56123 -0.025725 0.033011 -80.177536 -8.023284 -7.654625 -3.738796 0.559382 1.658888 -1.000001 0.0 0.0 
0.0 0.0 0.0 0.0 -0.0 0.0 -0.531229 100.250481 1.333912 91.282143 -1.465466 89.820915 -4.4276 -0.531638 -0.163447 -12.658235 -0.698022 -0.007942 17.636007 -0.736693 -2.170168 15.796196 -2.749558 2.548576 -2.531269 -0.771001 -5.30002 -28.904148 -2.452305 -6.977247 6e-06 -1e-06 -0.0 0.012133 0.068842 0.134997 0.135763 0.104159 0.155576 0.110117 0.027521 0.113019 -141.686157 -67.598434 163.79538 41.34428 -49.290752 3.55828 18.358147 -0.166175 -0.072937 2.236815 0.045163 -19.063963 17.636627 -26.322737 52.411205 -19.466663 -14.395598 29.410395 -0.0 -8.774822 -1e-06 15.80998 -17.839211 6.196541 -0.609778 -1.795654 -3.889328 -4.807089 -11.046812 -2.937849 4e-06 -20.976019 0.0 -5.019972 -25.03356 -4.03188 5e-06 1e-06 0.0 -10.634535 -5.68697 -3.565588 10.573274 -17.922949 -3.113899 2e-06 -13.821205 -1e-06 -0.501778 -31.181501 -4.027016 -11.766201 -59.809875 7.648612 -13.982714 -7.150198 -2.875042 13.772729 -8.401492 -3.218239 0.347733 -34.211552 0.771655 -0.963029 -17.733366 2.62102 -0.0 1e-06 0.0 -17.346418 -20.095221 -4.201782 21.757559 -1.638375 3.86643 2e-06 -6.338826 0.0 -1.697591 -22.591745 -6.194005 0.0 -5e-06 -2e-06 21.635944 -66.975685 179.797913 21.026876 -53.293217 7.375825 27.287668 0.278758 0.269877 -3.357278 6.984443 -23.228552 22.182117 -20.375898 49.933327 -16.701813 -16.743528 28.476534 -3e-06 -12.690601 -1e-06 15.884843 -17.856344 2.98982 -0.10592 -1.513856 -4.275881 -5.039042 -5.612873 -2.953558 4e-06 -11.020525 -2e-06 -6.111298 -15.895334 -3.840472 0.0 -1e-06 -0.0 -10.283371 -5.680288 -4.341839 11.028296 -11.302406 -2.372633 -1.384269 -14.238582 -6.320122 -0.625438 -26.924194 -3.827604 -4.146009 -49.732414 -3.556239 -13.708526 -7.363477 -3.72094 18.14115 -14.052739 -3.242675 6e-06 -18.78727 -2e-06 -0.42971 -8.456043 2.555504 -2e-06 -0.0 -0.0 -15.923536 -20.094484 -5.473587 30.41921 -7.190825 1.735926 3e-06 -8.162925 0.0 -1.8619 -22.861469 -6.167943 -0.0 -2e-06 -1e-06 -178.754547 -0.310515 -6.568013 6.20001 -6.8e-05 0.010349 -77.936737 -2.108101 -3.856845 -4.228003 1.434604 2.132839 -0.999998 -0.0 0.0 2.388129 -3.526925 -0.858339 7.499095 -0.024504 0.038173 -80.149712 -8.055928 -7.67468 -3.761185 0.556405 1.656072 -1.000002 0.0 0.0 
0.0 0.0 0.0 0.0 -0.0 0.0 -0.531809 100.253716 1.340221 91.277954 -1.467845 89.847717 -4.430702 -0.5307 -0.162076 -12.656689 -0.69268 -0.003429 17.631378 -0.748169 -2.169233 15.812084 -2.747778 2.566578 -2.53295 -0.770733 -5.323747 -28.854586 -2.439757 -7.057632 5e-06 -0.0 -1e-06 0.010126 0.067316 0.13448 0.12362 0.103073 0.154141 0.099883 0.025483 0.113255 -141.67395 -67.579025 163.795425 41.363808 -49.262051 3.558557 18.351255 -0.168896 -0.078974 2.231128 0.024396 -19.015528 17.636625 -26.322731 52.41119 -19.466658 -14.395597 29.410389 1e-06 -8.774821 -2e-06 15.820554 -17.846941 6.194572 -0.609776 -1.795653 -3.889329 -4.807088 -11.046809 -2.937849 3e-06 -20.976015 1e-06 -5.019969 -25.033552 -4.031882 6e-06 -1e-06 0.0 -10.634532 -5.68697 -3.565586 10.573271 -17.922949 -3.113899 2e-06 -13.821205 1e-06 -0.501778 -31.181501 -4.027015 -11.780813 -59.813725 7.653472 -13.982713 -7.150198 -2.875042 13.772727 -8.401491 -3.218241 0.347732 -34.211544 0.771656 -0.96303 -17.733364 2.621018 0.0 -1e-06 -1e-06 -17.346413 -20.095217 -4.201782 21.757553 -1.638373 3.866427 2e-06 -6.338824 1e-06 -1.69759 -22.59174 -6.194005 -0.0 -5e-06 -1e-06 21.620237 -66.954453 179.818085 21.002216 -53.290222 7.35944 27.324007 0.268342 0.271665 -3.375415 7.043229 -23.339283 22.182116 -20.375889 49.933315 -16.701813 -16.743525 28.47653 -2e-06 -12.6906 -1e-06 15.891947 -17.862251 2.985428 -0.10592 -1.513857 -4.275881 -5.039042 -5.612873 -2.953557 3e-06 -11.020527 -3e-06 -6.111298 -15.895336 -3.840472 0.0 -0.0 0.0 -10.28337 -5.680289 -4.341839 11.028292 -11.302406 -2.372633 -1.384269 -14.238585 -6.320122 -0.625438 -26.924194 -3.827604 -4.144811 -49.737583 -3.565497 -13.708526 -7.363478 -3.720939 18.14115 -14.052741 -3.242676 6e-06 -18.78727 -4e-06 -0.429711 -8.456043 2.555503 -1e-06 -0.0 -0.0 -15.923536 -20.094484 -5.473585 30.41921 -7.190824 1.735926 3e-06 -8.162926 -1e-06 -1.861902 -22.861471 -6.167943 -0.0 -5e-06 -1e-06 -178.725998 -0.313874 -6.570524 6.161973 -0.00124 0.020033 -77.917725 -2.086173 -3.85776 -4.217229 1.432928 2.130588 -0.999998 0.0 0.0 2.448452 -3.523244 -0.868024 7.412169 -0.021131 0.040109 -80.106361 -8.101006 -7.708746 -3.775482 0.556024 1.655714 -1.000003 0.0 -0.0 
0.0 0.0 0.0 0.0 -0.0 0.0 -0.530336 100.252548 1.354922 91.279709 -1.473747 89.891129 -4.436172 -0.529591 -0.165056 -12.651337 -0.68757 0.000731 17.628674 -0.765188 -2.173903 15.807796 -2.73081 2.573984 -2.535008 -0.765569 -5.31696 -28.810446 -2.44349 -7.132548 5e-06 0.0 -0.0 0.007767 0.066278 0.133736 0.115741 0.100669 0.152609 0.092812 0.025714 0.112864 -141.662094 -67.555344 163.801437 41.381763 -49.216034 3.603448 18.360353 -0.166015 -0.084821 2.239297 -0.018684 -18.937805 17.636627 -26.322729 52.411194 -19.466652 -14.395597 29.410389 0.0 -8.774821 -3e-06 15.84197 -17.844906 6.187764 -0.609776 -1.795653 -3.889328 -4.807087 -11.046806 -2.937851 4e-06 -20.976009 1e-06 -5.019969 -25.033546 -4.03188 5e-06 -1e-06 0.0 -10.634533 -5.686969 -3.565588 10.573272 -17.922947 -3.113899 3e-06 -13.821202 1e-06 -0.501779 -31.181498 -4.027014 -11.799855 -59.822002 7.659286 -13.982712 -7.150196 -2.875041 13.772727 -8.401489 -3.21824 0.347733 -34.21154 0.771657 -0.963029 -17.733366 2.621021 1e-06 -0.0 -1e-06 -17.346415 -20.095213 -4.201783 21.757555 -1.638373 3.866428 2e-06 -6.338823 1e-06 -1.697589 -22.591734 -6.194006 -0.0 -4e-06 -2e-06 21.59886 -66.924232 179.862961 21.005629 -53.287354 7.302412 27.366257 0.278109 0.276228 -3.364066 7.097741 -23.525579 22.182121 -20.375891 49.933308 -16.701815 -16.743528 28.47653 -3e-06 -12.690601 -1e-06 15.891436 -17.859133 2.976798 -0.105918 -1.513856 -4.275881 -5.039041 -5.61287 -2.953557 5e-06 -11.020523 -2e-06 -6.111296 -15.89533 -3.840471 0.0 -0.0 -0.0 -10.283371 -5.680287 -4.341838 11.028296 -11.302404 -2.372633 -1.384269 -14.238579 -6.32012 -0.625434 -26.924187 -3.827602 -4.127182 -49.726048 -3.591261 -13.708526 -7.363474 -3.720939 18.14115 -14.05274 -3.242674 6e-06 -18.787266 -1e-06 -0.429711 -8.456041 2.555504 -2e-06 -1e-06 -1e-06 -15.923534 -20.094481 -5.473585 30.41921 -7.190827 1.735926 4e-06 -8.162922 -0.0 -1.8619 -22.861469 -6.167943 -0.0 -3e-06 -1e-06 -178.723923 -0.311376 -6.542968 6.165772 -0.002318 0.02998 -77.926918 -2.080229 -3.87058 -4.206542 1.426905 2.128821 -0.999999 1e-06 0.0 2.472064 -3.530507 -0.899075 7.395591 -0.018053 0.042961 -80.106812 -8.138721 -7.743874 -3.782346 0.557913 1.657488 -1.000002 -0.0 0.0 
0.0 0.0 0.0 0.0 -0.0 0.0 -0.530459 100.252235 1.383426 91.288284 -1.471299 89.926086 -4.437464 -0.530893 -0.165385 -12.645845 -0.685248 0.002528 17.640961 -0.777747 -2.179586 15.78359 -2.717998 2.574743 -2.533437 -0.759104 -5.314559 -28.801374 -2.433882 -7.185381 5e-06 -0.0 -1e-06 0.006769 0.064868 0.130426 0.109346 0.098167 0.148067 0.087169 0.025284 0.110407 -141.67717 -67.51458 163.831192 41.356514 -49.144119 3.769382 18.412405 -0.149683 -0.088433 2.257545 -0.069576 -18.823812 17.636631 -26.322725 52.411186 -19.466661 -14.395597 29.410393 -1e-06 -8.774822 -3e-06 15.855042 -17.838608 6.183056 -0.609775 -1.795654 -3.889329 -4.807089 -11.046811 -2.937851 5e-06 -20.976019 -1e-06 -5.01997 -25.03356 -4.031881 6e-06 -3e-06 -0.0 -10.634532 -5.686971 -3.56559 10.573274 -17.922953 -3.113899 3e-06 -13.821205 -0.0 -0.501776 -31.181505 -4.027017 -11.802686 -59.810696 7.655507 -13.982712 -7.150198 -2.875042 13.772727 -8.401493 -3.218241 0.347735 -34.211555 0.771653 -0.963027 -17.73337 2.621019 0.0 -0.0 -1e-06 -17.346418 -20.095221 -4.201782 21.757557 -1.638375 3.866427 2e-06 -6.338825 -0.0 -1.697587 -22.591745 -6.194007 -0.0 -5e-06 -1e-06 21.58679 -66.896271 179.906754 21.043211 -53.293045 7.256698 27.417591 0.317117 0.278761 -3.359517 7.160115 -23.712416 22.182116 -20.375896 49.933319 -16.701817 -16.74353 28.476534 -3e-06 -12.690601 -1e-06 15.894991 -17.855013 2.959097 -0.10592 -1.513856 -4.275881 -5.039041 -5.612872 -2.953557 4e-06 -11.020523 -2e-06 -6.111297 -15.895332 -3.840471 -0.0 -1e-06 -0.0 -10.283371 -5.680287 -4.341839 11.028294 -11.302405 -2.372633 -1.384268 -14.238579 -6.32012 -0.625438 -26.924187 -3.827601 -4.102168 -49.706245 -3.617523 -13.708527 -7.363475 -3.720939 18.14115 -14.052739 -3.242674 6e-06 -18.78727 -1e-06 -0.429712 -8.456045 2.555504 -2e-06 -0.0 -1e-06 -15.923536 -20.094482 -5.473585 30.41921 -7.190826 1.735927 3e-06 -8.162925 0.0 -1.8619 -22.861469 -6.167941 -1e-06 -3e-06 -2e-06 -178.693909 -0.295245 -6.498666 6.122147 -0.003651 0.03165 -77.90976 -2.080511 -3.88674 -4.218358 1.427212 2.129444 -0.999999 0.0 0.0 2.515533 -3.546081 -0.953429 7.346521 -0.018026 0.045615 -80.096909 -8.147119 -7.769328 -3.783563 0.562589 1.660064 -1.000002 0.0 0.0 
0.0 0.0 0.0 0.0 -0.0 0.0 -0.529205 100.248993 1.414459 91.29937 -1.467157 89.940331 -4.435147 -0.530615 -0.164059 -12.640827 -0.684109 0.014135 17.664961 -0.782913 -2.180128 15.755819 -2.714918 2.588351 -2.538551 -0.755713 -5.327027 -28.812634 -2.414254 -7.23926 6e-06 -0.0 -1e-06 0.006078 0.064056 0.126247 0.106374 0.098221 0.143185 0.084503 0.023508 0.106936 -141.71817 -67.479874 163.878357 41.315014 -49.083214 3.913901 18.484652 -0.143742 -0.08709 2.285347 -0.108323 -18.722248 17.636631 -26.322729 52.411186 -19.466665 -14.395598 29.410393 -1e-06 -8.774822 -2e-06 15.860561 -17.82415 6.162514 -0.609777 -1.795654 -3.889327 -4.80709 -11.046813 -2.937851 5e-06 -20.976021 -1e-06 -5.01997 -25.033562 -4.031881 5e-06 1e-06 0.0 -10.634535 -5.686973 -3.565589 10.573272 -17.922955 -3.113899 3e-06 -13.821211 -2e-06 -0.501774 -31.181511 -4.02702 -11.789651 -59.782269 7.636505 -13.982713 -7.150198 -2.875043 13.772727 -8.401493 -3.218241 0.347735 -34.211555 0.771653 -0.96303 -17.73337 2.621019 -0.0 1e-06 -1e-06 -17.34642 -20.095221 -4.201784 21.757561 -1.638376 3.866429 2e-06 -6.338826 -1e-06 -1.697588 -22.591753 -6.194008 0.0 -5e-06 -3e-06 21.587578 -66.876816 179.918381 21.080128 -53.322968 7.193471 27.47897 0.350365 0.283251 -3.374113 7.232678 -23.823563 22.182114 -20.375891 49.933315 -16.701813 -16.743528 28.47653 -2e-06 -12.690601 -1e-06 15.89542 -17.839598 2.945568 -0.105919 -1.513856 -4.275882 -5.039042 -5.612873 -2.953557 3e-06 -11.020525 -2e-06 -6.1113 -15.895338 -3.840471 0.0 -0.0 -0.0 -10.283371 -5.68029 -4.341838 11.028294 -11.302407 -2.372633 -1.38427 -14.238586 -6.320122 -0.625439 -26.924198 -3.827604 -4.087204 -49.695599 -3.617029 -13.708526 -7.363479 -3.720938 18.14115 -14.052742 -3.242676 5e-06 -18.787271 -2e-06 -0.429712 -8.456045 2.555504 -2e-06 -0.0 -1e-06 -15.923538 -20.09449 -5.473584 30.419218 -7.190827 1.735925 2e-06 -8.162927 -0.0 -1.861904 -22.861473 -6.167946 -0.0 -5e-06 -1e-06 -178.671112 -0.276354 -6.482714 6.104311 -0.003805 0.031377 -77.914116 -2.072978 -3.875136 -4.23518 1.432332 2.130364 -0.999999 0.0 0.0 2.528131 -3.565257 -0.991426 7.352518 -0.020013 0.048406 -80.118225 -8.137052 -7.782804 -3.782257 0.565315 1.661204 -1.000002 0.0 -0.0 
0.0 0.0 0.0 0.0 -0.0 0.0 -0.526759 100.239799 1.435431 91.315529 -1.470686 89.950775 -4.436735 -0.528294 -0.154537 -12.638305 -0.67996 0.036474 17.692226 -0.787092 -2.182686 15.722819 -2.710992 2.602192 -2.550994 -0.754437 -5.343674 -28.809168 -2.389974 -7.292422 6e-06 0.0 -0.0 0.005357 0.06317 0.124848 0.105336 0.099034 0.141733 0.084312 0.020814 0.10582 -141.777557 -67.457352 163.927032 41.270752 -49.049793 4.013091 18.560633 -0.152442 -0.081519 2.313008 -0.144565 -18.640482 17.636625 -26.322725 52.411186 -19.466656 -14.395597 29.410385 -1e-06 -8.774821 -1e-06 15.876015 -17.809021 6.130592 -0.609778 -1.795653 -3.889328 -4.807087 -11.046808 -2.93785 3e-06 -20.976011 1e-06 -5.01997 -25.033546 -4.031881 6e-06 -0.0 0.0 -10.634533 -5.686969 -3.565585 10.573271 -17.922947 -3.113899 3e-06 -13.821203 -1e-06 -0.501778 -31.181488 -4.027013 -11.774921 -59.765797 7.608522 -13.982712 -7.150197 -2.875043 13.772729 -8.401491 -3.218242 0.347734 -34.211544 0.771653 -0.963028 -17.733366 2.621019 0.0 1e-06 -1e-06 -17.346413 -20.095211 -4.20178 21.757555 -1.638374 3.866426 1e-06 -6.338822 0.0 -1.697589 -22.591738 -6.194005 1e-06 -6e-06 -2e-06 21.601181 -66.857338 179.905823 21.11941 -53.360603 7.131181 27.522341 0.38561 0.29131 -3.397403 7.288678 -23.909994 22.182114 -20.375891 49.933308 -16.701813 -16.74353 28.47653 -3e-06 -12.6906 -1e-06 15.900063 -17.832951 2.944396 -0.10592 -1.513856 -4.275881 -5.03904 -5.61287 -2.953557 4e-06 -11.020521 -2e-06 -6.111296 -15.89533 -3.840471 0.0 1e-06 -0.0 -10.283369 -5.680288 -4.341838 11.028294 -11.302405 -2.372633 -1.384268 -14.238581 -6.320122 -0.625437 -26.924191 -3.827603 -4.081637 -49.710392 -3.604929 -13.708524 -7.363475 -3.720939 18.141148 -14.052739 -3.242675 7e-06 -18.787266 -1e-06 -0.429711 -8.456043 2.555504 -1e-06 1e-06 -0.0 -15.923532 -20.094482 -5.473585 30.41921 -7.190826 1.735925 3e-06 -8.162925 -1e-06 -1.861902 -22.861469 -6.167941 -1e-06 -4e-06 -2e-06 -178.692734 -0.257168 -6.491699 6.164412 -0.002524 0.03569 -77.968056 -2.061629 -3.841812 -4.241615 1.437355 2.130721 -1.0 -0.0 0.0 2.459235 -3.592592 -1.026421 7.503413 -0.022546 0.05136 -80.21344 -8.115528 -7.797253 -3.785889 0.567542 1.661581 -1.000001 0.0 -0.0 
0.0 0.0 0.0 0.0 -0.0 0.0 -0.519473 100.223289 1.449983 91.339195 -1.474321 89.97123 -4.438024 -0.526703 -0.144462 -12.636047 -0.672067 0.053031 17.72051 -0.797586 -2.176642 15.688606 -2.701786 2.591969 -2.558661 -0.752455 -5.352769 -28.789719 -2.378601 -7.348066 6e-06 -0.0 0.0 0.005163 0.062913 0.126897 0.107212 0.101531 0.145158 0.08762 0.017695 0.106893 -141.859756 -67.451088 163.99588 41.224731 -49.039738 4.088286 18.630789 -0.164535 -0.07449 2.349379 -0.169781 -18.632689 17.636625 -26.322725 52.411182 -19.466658 -14.395596 29.410381 0.0 -8.77482 -2e-06 15.900129 -17.798029 6.106813 -0.609778 -1.795653 -3.889328 -4.807087 -11.046809 -2.93785 4e-06 -20.976013 0.0 -5.019969 -25.033546 -4.031881 6e-06 -0.0 0.0 -10.634533 -5.686969 -3.565586 10.573271 -17.922945 -3.113899 3e-06 -13.821205 -1e-06 -0.501777 -31.181501 -4.027014 -11.777047 -59.787666 7.59541 -13.982711 -7.150197 -2.875042 13.772724 -8.401489 -3.218239 0.347733 -34.21154 0.771654 -0.963027 -17.733364 2.621018 0.0 2e-06 -1e-06 -17.346413 -20.095213 -4.201782 21.757553 -1.638373 3.866428 3e-06 -6.338824 -0.0 -1.697589 -22.591734 -6.194002 -0.0 -4e-06 -1e-06 21.623663 -66.83889 179.883438 21.165295 -53.39378 7.070604 27.541395 0.414326 0.293831 -3.424751 7.329902 -23.992094 22.182114 -20.375895 49.933319 -16.701807 -16.743528 28.476528 -3e-06 -12.690598 -1e-06 15.901132 -17.835161 2.950237 -0.10592 -1.513855 -4.275881 -5.039041 -5.612871 -2.953557 4e-06 -11.020523 -2e-06 -6.111297 -15.89533 -3.840471 0.0 1e-06 -0.0 -10.283368 -5.680286 -4.341839 11.028293 -11.302404 -2.372633 -1.384268 -14.238579 -6.320121 -0.625438 -26.924191 -3.827601 -4.077646 -49.725288 -3.593981 -13.708525 -7.363475 -3.720939 18.141148 -14.052739 -3.242674 7e-06 -18.787266 0.0 -0.429712 -8.456045 2.555504 -1e-06 1e-06 -0.0 -15.923536 -20.094481 -5.473585 30.41921 -7.190827 1.735925 2e-06 -8.162925 1e-06 -1.861903 -22.861464 -6.167937 -1e-06 -4e-06 -2e-06 -178.763199 -0.233834 -6.48197 6.314545 -0.002094 0.039216 -78.076019 -2.059864 -3.812924 -4.242351 1.44142 2.131204 -0.999998 0.0 0.0 2.315521 -3.628991 -1.082919 7.816662 -0.023054 0.058814 -80.394539 -8.082788 -7.803073 -3.790597 0.573383 1.662948 -1.000001 -0.0 -0.0 
0.0 0.0 0.0 0.0 -0.0 0.0 -0.513049 100.209236 1.462071 91.363541 -1.472693 89.989204 -4.439926 -0.524116 -0.143108 -12.633142 -0.664868 0.06582 17.74815 -0.807318 -2.176168 15.660315 -2.683216 2.570894 -2.557013 -0.746152 -5.361928 -28.757887 -2.380592 -7.377882 6e-06 -0.0 -0.0 0.004214 0.062698 0.128482 0.107011 0.101257 0.148153 0.086804 0.017581 0.107511 -141.931641 -67.444855 164.05838 41.172649 -49.035564 4.128415 18.694178 -0.196148 -0.074951 2.396496 -0.170312 -18.638594 17.636621 -26.322725 52.411194 -19.466652 -14.395597 29.410389 0.0 -8.774821 -2e-06 15.915164 -17.789263 6.101755 -0.609777 -1.795653 -3.889324 -4.807088 -11.046808 -2.93785 3e-06 -20.976011 0.0 -5.019971 -25.033552 -4.031879 6e-06 -1e-06 -1e-06 -10.634533 -5.686969 -3.565587 10.573268 -17.922947 -3.113897 1e-06 -13.821205 1e-06 -0.50178 -31.181498 -4.027018 -11.787716 -59.822453 7.598253 -13.982712 -7.150198 -2.875041 13.772727 -8.40149 -3.21824 0.34773 -34.21154 0.771655 -0.963031 -17.733362 2.621019 0.0 2e-06 -1e-06 -17.346416 -20.095217 -4.201779 21.757555 -1.638373 3.866427 2e-06 -6.338822 -0.0 -1.697589 -22.591734 -6.194005 0.0 -4e-06 -2e-06 21.617764 -66.816772 179.896011 21.194309 -53.403919 6.995123 27.561104 0.413739 0.285734 -3.449718 7.356559 -24.042725 22.182108 -20.375893 49.933319 -16.701809 -16.743528 28.47653 -2e-06 -12.6906 -1e-06 15.904027 -17.850204 2.948993 -0.10592 -1.513856 -4.275881 -5.039041 -5.612872 -2.953557 3e-06 -11.020521 -2e-06 -6.111298 -15.895332 -3.840471 -0.0 1e-06 -0.0 -10.283371 -5.680288 -4.341838 11.028292 -11.302404 -2.372633 -1.384269 -14.238581 -6.320121 -0.625438 -26.924194 -3.827604 -4.082445 -49.720844 -3.591681 -13.708526 -7.363476 -3.720939 18.141148 -14.052739 -3.242674 5e-06 -18.787268 -1e-06 -0.429709 -8.456043 2.555503 -0.0 1e-06 -0.0 -15.923536 -20.094484 -5.473584 30.41921 -7.190825 1.735926 2e-06 -8.162925 -0.0 -1.861903 -22.861467 -6.167942 -1e-06 -4e-06 -2e-06 -178.816574 -0.208605 -6.446249 6.435759 -0.003828 0.040392 -78.160774 -2.064572 -3.789478 -4.245225 1.447857 2.132816 -0.999997 0.0 0.0 2.195575 -3.66132 -1.159828 8.098704 -0.021962 0.069493 -80.55555 -8.048783 -7.811772 -3.810462 0.581695 1.664287 -1.000001 0.0 0.0 
0.0 0.0 0.0 0.0 -0.0 0.0 -0.511386 100.205681 1.473754 91.385315 -1.472582 90.005478 -4.443523 -0.522256 -0.148472 -12.630277 -0.663762 0.070187 17.766855 -0.807943 -2.175116 15.640591 -2.671052 2.560307 -2.544653 -0.73985 -5.376627 -28.730017 -2.393237 -7.407864 6e-06 0.0 0.0 0.002772 0.061565 0.127563 0.106786 0.101227 0.148229 0.084356 0.015464 0.105729 -141.984711 -67.429497 164.11116 41.163437 -49.027843 4.12035 18.699867 -0.230391 -0.076115 2.437957 -0.174444 -18.588305 17.636633 -26.322733 52.411201 -19.46666 -14.3956 29.410389 0.0 -8.774822 -2e-06 15.921778 -17.771717 6.101872 -0.609778 -1.795654 -3.889329 -4.80709 -11.046812 -2.93785 4e-06 -20.976019 -1e-06 -5.019973 -25.03356 -4.031883 7e-06 0.0 -0.0 -10.634538 -5.686973 -3.565589 10.573274 -17.922953 -3.113899 3e-06 -13.82121 -1e-06 -0.501778 -31.181507 -4.027016 -11.782787 -59.83762 7.60027 -13.982718 -7.150199 -2.875043 13.77273 -8.401493 -3.218239 0.347733 -34.211559 0.771656 -0.96303 -17.73337 2.621021 0.0 1e-06 -1e-06 -17.346422 -20.095219 -4.201782 21.757561 -1.638373 3.86643 2e-06 -6.338825 0.0 -1.697592 -22.591745 -6.194005 0.0 -5e-06 -2e-06 21.588129 -66.797539 179.920929 21.193073 -53.406414 6.928309 27.57369 0.386803 0.28361 -3.455312 7.374849 -24.051773 22.182114 -20.375898 49.933327 -16.701815 -16.743528 28.476536 -3e-06 -12.690601 -1e-06 15.902796 -17.853724 2.939058 -0.10592 -1.513856 -4.275882 -5.039041 -5.612873 -2.953557 3e-06 -11.020525 -2e-06 -6.111298 -15.895334 -3.840472 -0.0 1e-06 -0.0 -10.283371 -5.680288 -4.341839 11.028295 -11.302406 -2.372633 -1.384269 -14.238583 -6.320122 -0.625437 -26.924191 -3.827602 -4.079097 -49.691177 -3.606932 -13.708526 -7.363477 -3.72094 18.141148 -14.052742 -3.242674 6e-06 -18.78727 -1e-06 -0.42971 -8.456047 2.555504 -1e-06 2e-06 -0.0 -15.923539 -20.094486 -5.473586 30.419218 -7.190827 1.735927 3e-06 -8.162926 0.0 -1.861904 -22.861475 -6.167943 -0.0 -3e-06 -1e-06 -178.805023 -0.182676 -6.420602 6.423389 -0.004039 0.040671 -78.158691 -2.048635 -3.784762 -4.259896 1.449648 2.133018 -0.999998 -0.0 0.0 2.163519 -3.689955 -1.24696 8.194352 -0.022053 0.078815 -80.615166 -8.010514 -7.826798 -3.824716 0.5869 1.664157 -1.000003 1e-06 0.0 
0.0 0.0 0.0 0.0 -0.0 0.0 -0.514367 100.203667 1.478824 91.411888 -1.467878 90.018875 -4.439812 -0.525698 -0.153223 -12.628233 -0.66494 0.068107 17.767828 -0.804911 -2.163861 15.638451 -2.656647 2.547062 -2.53275 -0.736819 -5.392533 -28.672493 -2.399563 -7.418537 6e-06 0.0 -0.0 7.3e-05 0.060926 0.130274 0.107672 0.100524 0.151271 0.081942 0.01509 0.107935 -142.043915 -67.412415 164.187592 41.185036 -49.026382 4.094635 18.661194 -0.247149 -0.079612 2.469464 -0.188084 -18.554392 17.636637 -26.322735 52.411194 -19.466665 -14.3956 29.410389 -0.0 -8.774822 -2e-06 15.916778 -17.750086 6.100811 -0.609777 -1.795654 -3.889327 -4.807089 -11.046811 -2.937851 5e-06 -20.976015 0.0 -5.019969 -25.033562 -4.031881 5e-06 1e-06 0.0 -10.634537 -5.68697 -3.565587 10.573277 -17.922951 -3.1139 3e-06 -13.821205 1e-06 -0.501779 -31.181505 -4.027013 -11.75747 -59.827267 7.58194 -13.982716 -7.150198 -2.87504 13.772731 -8.401493 -3.218241 0.347734 -34.211555 0.771656 -0.963029 -17.73337 2.621022 0.0 1e-06 -1e-06 -17.346422 -20.095217 -4.201783 21.757561 -1.638375 3.86643 1e-06 -6.338824 1e-06 -1.69759 -22.591747 -6.194005 0.0 -5e-06 -1e-06 21.581068 -66.786713 179.931732 21.210604 -53.407017 6.883524 27.563627 0.357914 0.287415 -3.454954 7.394228 -24.072392 22.182117 -20.375891 49.933319 -16.701815 -16.743528 28.476532 -3e-06 -12.690601 -0.0 15.89522 -17.843826 2.930005 -0.105918 -1.513856 -4.275882 -5.039041 -5.612872 -2.953556 3e-06 -11.020523 -2e-06 -6.111299 -15.895334 -3.840472 -0.0 -1e-06 -0.0 -10.283371 -5.680288 -4.341838 11.028294 -11.302405 -2.372633 -1.384269 -14.238582 -6.320122 -0.625437 -26.924194 -3.827604 -4.074517 -49.653469 -3.630103 -13.708526 -7.363477 -3.720939 18.141151 -14.052739 -3.242676 6e-06 -18.787268 -3e-06 -0.429711 -8.456042 2.555503 -1e-06 1e-06 -0.0 -15.923538 -20.094486 -5.473584 30.419218 -7.190826 1.735925 3e-06 -8.162927 -0.0 -1.861901 -22.861473 -6.167946 -0.0 -3e-06 -2e-06 -178.771042 -0.152174 -6.395958 6.381238 -0.000844 0.034609 -78.136589 -2.035778 -3.788202 -4.254352 1.450508 2.134348 -0.999998 0.0 0.0 2.135939 -3.723735 -1.340001 8.295288 -0.021825 0.087039 -80.671776 -7.975331 -7.827789 -3.822417 0.584667 1.661983 -1.000003 0.0 -0.0 
0.0 0.0 0.0 0.0 -0.0 0.0 -0.518175 100.201752 1.481921 91.438507 -1.459332 90.036392 -4.431355 -0.52796 -0.153259 -12.62552 -0.668814 0.068424 17.757187 -0.801291 -2.160161 15.634612 -2.644295 2.532589 -2.518911 -0.739603 -5.397973 -28.578539 -2.390694 -7.420595 6e-06 -1e-06 0.0 -0.002279 0.060684 0.135518 0.11114 0.098228 0.155909 0.081863 0.017038 0.113408 -142.094635 -67.398026 164.273163 41.221699 -49.026093 4.069089 18.606627 -0.243848 -0.083929 2.505412 -0.202461 -18.621296 17.636627 -26.322731 52.411198 -19.46666 -14.395597 29.410389 -1e-06 -8.774821 -2e-06 15.894207 -17.729481 6.100404 -0.609778 -1.795653 -3.889328 -4.807088 -11.046809 -2.93785 4e-06 -20.976011 -0.0 -5.01997 -25.033548 -4.031882 6e-06 -1e-06 -1e-06 -10.634533 -5.68697 -3.565589 10.573272 -17.922951 -3.113898 2e-06 -13.821203 1e-06 -0.501778 -31.181498 -4.027017 -11.726741 -59.8041 7.549817 -13.982715 -7.150198 -2.875043 13.772731 -8.401491 -3.21824 0.347733 -34.211544 0.771655 -0.963029 -17.733368 2.621017 0.0 1e-06 -1e-06 -17.346416 -20.095215 -4.201783 21.757557 -1.638376 3.866428 1e-06 -6.338824 0.0 -1.697588 -22.591742 -6.194006 -0.0 -5e-06 -1e-06 21.575745 -66.790047 179.944305 21.238386 -53.412975 6.874554 27.523106 0.340018 0.291779 -3.459375 7.422918 -24.151987 22.182116 -20.375891 49.933319 -16.701815 -16.74353 28.476534 -3e-06 -12.690601 -1e-06 15.88777 -17.830797 2.927748 -0.10592 -1.513856 -4.275882 -5.039041 -5.612872 -2.953557 3e-06 -11.020523 -2e-06 -6.111298 -15.895334 -3.840472 0.0 -1e-06 -0.0 -10.283371 -5.680288 -4.341839 11.028294 -11.302405 -2.372633 -1.384269 -14.238581 -6.320121 -0.625439 -26.924187 -3.827603 -4.06964 -49.628284 -3.651403 -13.708523 -7.363477 -3.72094 18.14115 -14.052739 -3.242675 5e-06 -18.787266 -2e-06 -0.429711 -8.456043 2.555504 -1e-06 -0.0 -1e-06 -15.923534 -20.094484 -5.473586 30.41921 -7.190824 1.735925 3e-06 -8.162925 -0.0 -1.861902 -22.861473 -6.167944 -1e-06 -3e-06 -2e-06 -178.733627 -0.122581 -6.387192 6.339437 0.000282 0.03228 -78.112045 -2.025743 -3.782819 -4.238071 1.449435 2.134991 -0.999999 1e-06 -0.0 2.112732 -3.755962 -1.415027 8.395182 -0.02017 0.091635 -80.725441 -7.968375 -7.825161 -3.812294 0.579326 1.659402 -1.000001 0.0 0.0 
0.0 0.0 0.0 0.0 -0.0 0.0 -0.518585 100.204445 1.487925 91.463455 -1.443028 90.059265 -4.419673 -0.523775 -0.153803 -12.622886 -0.676789 0.066982 17.749012 -0.805942 -2.1675 15.632896 -2.623415 2.522515 -2.50765 -0.748547 -5.379126 -28.46912 -2.366947 -7.425393 6e-06 -0.0 1e-06 -0.003397 0.058783 0.134176 0.110776 0.093297 0.15322 0.080701 0.018145 0.113004 -142.140076 -67.409233 164.355087 41.274204 -49.041229 4.017702 18.54232 -0.213208 -0.08742 2.554282 -0.22074 -18.744667 17.636625 -26.322727 52.411182 -19.46666 -14.395597 29.410389 -0.0 -8.774821 -2e-06 15.870689 -17.727537 6.092844 -0.609776 -1.795653 -3.889328 -4.807087 -11.046809 -2.93785 4e-06 -20.976011 -0.0 -5.019969 -25.033552 -4.03188 6e-06 -1e-06 -0.0 -10.634533 -5.686969 -3.565587 10.573271 -17.922947 -3.113898 3e-06 -13.821205 -1e-06 -0.501777 -31.181501 -4.027016 -11.690714 -59.768276 7.517302 -13.982711 -7.150197 -2.875042 13.772727 -8.401491 -3.218241 0.347734 -34.211544 0.771654 -0.963028 -17.73337 2.621021 0.0 2e-06 -1e-06 -17.346415 -20.095211 -4.201782 21.757555 -1.638375 3.866426 1e-06 -6.338823 1e-06 -1.69759 -22.59174 -6.194006 0.0 -4e-06 -2e-06 21.588873 -66.808899 179.937775 21.304405 -53.429165 6.859874 27.443384 0.33698 0.303038 -3.469338 7.435581 -24.271776 22.18211 -20.375891 49.933319 -16.701811 -16.743528 28.476528 -3e-06 -12.6906 -1e-06 15.884409 -17.823317 2.923754 -0.10592 -1.513856 -4.275881 -5.039041 -5.612871 -2.953556 4e-06 -11.020523 -2e-06 -6.111297 -15.895334 -3.840471 0.0 1e-06 -0.0 -10.283369 -5.680288 -4.341838 11.028292 -11.302403 -2.372633 -1.384268 -14.238579 -6.320121 -0.625437 -26.924185 -3.827601 -4.062646 -49.605942 -3.671374 -13.708523 -7.363475 -3.72094 18.141146 -14.052736 -3.242673 7e-06 -18.787262 -2e-06 -0.429711 -8.456039 2.555504 -2e-06 -0.0 -1e-06 -15.923536 -20.094482 -5.473583 30.41921 -7.190825 1.735925 3e-06 -8.162922 0.0 -1.861902 -22.861467 -6.167942 -1e-06 -3e-06 -1e-06 -178.656967 -0.092849 -6.363086 6.234009 0.00043 0.033421 -78.04512 -2.037463 -3.766043 -4.225864 1.444389 2.135266 -0.999998 -0.0 0.0 2.151551 -3.780087 -1.471776 8.383698 -0.022347 0.094666 -80.645721 -7.969391 -7.816764 -3.812792 0.569682 1.655982 -1.000003 0.0 0.0 
0.0 0.0 0.0 0.0 -0.0 0.0 -0.52354 100.208244 1.484425 91.496086 -1.429495 90.07196 -4.413376 -0.520481 -0.155516 -12.620023 -0.685026 0.065785 17.743622 -0.818012 -2.181286 15.628289 -2.605248 2.51155 -2.498899 -0.761353 -5.347416 -28.338619 -2.326297 -7.440484 6e-06 -0.0 -0.0 -0.002532 0.056223 0.127912 0.109267 0.089361 0.146197 0.079529 0.016979 0.107299 -142.183807 -67.444969 164.423004 41.320919 -49.07922 3.940207 18.475822 -0.179113 -0.088375 2.579371 -0.214195 -18.808928 17.636631 -26.322729 52.411201 -19.466661 -14.395598 29.410395 0.0 -8.774822 -2e-06 15.842777 -17.741707 6.108557 -0.609776 -1.795654 -3.889328 -4.80709 -11.046812 -2.937849 3e-06 -20.976019 0.0 -5.019973 -25.033552 -4.031882 6e-06 -1e-06 -0.0 -10.634537 -5.686973 -3.565588 10.573275 -17.922951 -3.113903 2e-06 -13.821209 -1e-06 -0.501777 -31.181507 -4.027019 -11.683481 -59.746693 7.524011 -13.982717 -7.150199 -2.875042 13.772731 -8.401491 -3.218241 0.347733 -34.211555 0.771653 -0.96303 -17.733368 2.62102 0.0 1e-06 -1e-06 -17.346422 -20.095221 -4.201784 21.757561 -1.638373 3.86643 2e-06 -6.338826 -1e-06 -1.697591 -22.591743 -6.194005 1e-06 -4e-06 -1e-06 21.580135 -66.838318 179.933929 21.348619 -53.460247 6.895853 27.348106 0.357508 0.316574 -3.481986 7.429449 -24.440861 22.182108 -20.375895 49.933327 -16.701813 -16.743528 28.476534 -3e-06 -12.690599 -1e-06 15.873612 -17.830309 2.933739 -0.105918 -1.513857 -4.275882 -5.039041 -5.612872 -2.953557 4e-06 -11.020523 -2e-06 -6.111297 -15.895332 -3.840471 0.0 -0.0 -0.0 -10.283369 -5.680288 -4.341839 11.028294 -11.302406 -2.372633 -1.384268 -14.238583 -6.320121 -0.625437 -26.924187 -3.827602 -4.067675 -49.588928 -3.674672 -13.708522 -7.363475 -3.72094 18.14115 -14.052739 -3.242675 7e-06 -18.78727 -1e-06 -0.429711 -8.456041 2.555504 -1e-06 1e-06 -1e-06 -15.923532 -20.094482 -5.473587 30.419207 -7.190826 1.735925 2e-06 -8.162925 0.0 -1.861901 -22.861467 -6.167942 -0.0 -4e-06 -1e-06 -178.575623 -0.055446 -6.323354 6.11201 0.000594 0.031124 -77.962044 -2.05015 -3.744081 -4.21785 1.437428 2.135853 -0.999999 0.0 0.0 2.165779 -3.808269 -1.500968 8.407494 -0.023564 0.095416 -80.654663 -7.981319 -7.799568 -3.811229 0.560672 1.653702 -1.000002 -0.0 0.0 
0.0 0.0 0.0 0.0 -0.0 0.0 -0.53166 100.214684 1.475948 91.529068 -1.427709 90.068214 -4.415281 -0.520776 -0.157487 -12.618114 -0.690989 0.065817 17.735094 -0.829876 -2.186395 15.612238 -2.594856 2.503131 -2.495975 -0.769225 -5.315496 -28.214661 -2.291122 -7.460063 6e-06 -0.0 0.0 -0.000219 0.055126 0.123657 0.106563 0.087771 0.141476 0.077108 0.016423 0.103692 -142.221909 -67.49305 164.476181 41.341286 -49.126801 3.867553 18.431522 -0.156371 -0.08527 2.581604 -0.221706 -18.912355 17.636633 -26.322737 52.411209 -19.466665 -14.3956 29.410395 -0.0 -8.774823 -4e-06 15.808198 -17.783352 6.13513 -0.609776 -1.795654 -3.889329 -4.80709 -11.046813 -2.937848 5e-06 -20.976021 -0.0 -5.01997 -25.033562 -4.031881 6e-06 -0.0 -1e-06 -10.634537 -5.686972 -3.565588 10.573275 -17.922953 -3.113901 3e-06 -13.821209 0.0 -0.501778 -31.181505 -4.027016 -11.693497 -59.724731 7.544006 -13.982716 -7.150199 -2.875043 13.772731 -8.401493 -3.218241 0.347734 -34.211559 0.771655 -0.963028 -17.733376 2.621021 1e-06 0.0 -1e-06 -17.346422 -20.095221 -4.201782 21.757561 -1.638376 3.866427 2e-06 -6.338826 -0.0 -1.697589 -22.591745 -6.194007 0.0 -5e-06 -2e-06 21.53784 -66.865822 179.94223 21.340324 -53.488041 6.949583 27.246658 0.364328 0.319333 -3.468566 7.401505 -24.605082 22.182117 -20.375898 49.933323 -16.701818 -16.743534 28.476538 -3e-06 -12.690604 -0.0 15.853599 -17.833454 2.943215 -0.105921 -1.513857 -4.275882 -5.039041 -5.612873 -2.953557 3e-06 -11.020527 -2e-06 -6.1113 -15.895338 -3.840471 -0.0 -0.0 -0.0 -10.283374 -5.680289 -4.341839 11.028296 -11.302407 -2.372633 -1.38427 -14.238585 -6.320122 -0.625439 -26.924194 -3.827602 -4.059076 -49.566612 -3.686445 -13.708527 -7.363478 -3.720938 18.141153 -14.052742 -3.242676 5e-06 -18.78727 -1e-06 -0.429712 -8.456043 2.555503 -2e-06 1e-06 0.0 -15.923539 -20.09449 -5.473584 30.419218 -7.190825 1.735926 3e-06 -8.162927 -0.0 -1.861904 -22.861473 -6.167942 -0.0 -2e-06 -1e-06 -178.503265 -0.021491 -6.297393 5.975806 0.001142 0.025897 -77.862488 -2.048325 -3.73648 -4.209872 1.432821 2.136596 -1.0 1e-06 -0.0 2.174253 -3.833638 -1.490382 8.417646 -0.025865 0.097899 -80.738625 -8.031232 -7.781916 -3.811903 0.559306 1.654587 -1.000003 0.0 0.0 
0.0 0.0 0.0 0.0 -0.0 0.0 -0.542896 100.22596 1.46766 91.557907 -1.429646 90.052231 -4.419754 -0.524257 -0.158204 -12.61436 -0.69377 0.071912 17.722717 -0.83353 -2.185056 15.586742 -2.588926 2.498878 -2.491509 -0.769625 -5.300323 -28.118673 -2.250199 -7.463073 6e-06 -0.0 0.0 0.00281 0.054313 0.121635 0.106789 0.087851 0.139378 0.078865 0.014671 0.102179 -142.244385 -67.551682 164.512833 41.364746 -49.17696 3.754039 18.396496 -0.155517 -0.079426 2.57597 -0.229013 -19.042583 17.636637 -26.322731 52.411182 -19.466654 -14.395597 29.410378 0.0 -8.774822 -3e-06 15.782326 -17.818462 6.161012 -0.609776 -1.795653 -3.889327 -4.80709 -11.046812 -2.937848 3e-06 -20.976019 -0.0 -5.019972 -25.033558 -4.031882 6e-06 -4e-06 1e-06 -10.634535 -5.686971 -3.565588 10.573272 -17.922951 -3.113899 2e-06 -13.821206 -0.0 -0.501779 -31.181501 -4.027015 -11.694164 -59.702698 7.567142 -13.982716 -7.150199 -2.875041 13.772731 -8.401491 -3.21824 0.347732 -34.211555 0.771654 -0.96303 -17.73337 2.621017 2e-06 -1e-06 0.0 -17.346422 -20.095221 -4.20178 21.757563 -1.638375 3.866429 2e-06 -6.338825 0.0 -1.69759 -22.591747 -6.194007 1e-06 -5e-06 -1e-06 21.534678 -66.894669 179.919159 21.340971 -53.501431 7.002006 27.140768 0.368119 0.321669 -3.43515 7.3615 -24.756086 22.182108 -20.375895 49.933319 -16.701809 -16.743526 28.476528 -3e-06 -12.690598 -0.0 15.835128 -17.840105 2.952253 -0.10592 -1.513855 -4.275881 -5.039039 -5.61287 -2.953556 3e-06 -11.02052 -1e-06 -6.111296 -15.89533 -3.840469 -0.0 -1e-06 -0.0 -10.28337 -5.680287 -4.341838 11.028294 -11.302403 -2.372632 -1.38427 -14.238579 -6.320119 -0.625437 -26.924183 -3.827602 -4.058558 -49.556946 -3.682326 -13.708522 -7.363475 -3.720939 18.141146 -14.052738 -3.242674 5e-06 -18.787266 -0.0 -0.429711 -8.456043 2.555504 -2e-06 1e-06 -0.0 -15.923534 -20.094479 -5.473584 30.419205 -7.190824 1.735926 2e-06 -8.162925 -0.0 -1.861903 -22.861469 -6.167942 -1e-06 -2e-06 -1e-06 -178.420319 0.00883 -6.274678 5.80473 0.000479 0.025105 -77.731537 -2.056611 -3.744803 -4.22261 1.434444 2.137515 -0.999998 1e-06 0.0 2.2229 -3.854431 -1.478756 8.334785 -0.026695 0.099549 -80.689919 -8.063423 -7.763208 -3.818353 0.565541 1.658143 -1.000003 -0.0 0.0 
0.0 0.0 0.0 0.0 -0.0 0.0 -0.555552 100.238022 1.454678 91.57579 -1.432334 90.031227 -4.424627 -0.527708 -0.161393 -12.60834 -0.695098 0.074121 17.710623 -0.822017 -2.18243 15.562002 -2.587664 2.492507 -2.486841 -0.770232 -5.270323 -28.062298 -2.186553 -7.443262 6e-06 -1e-06 0.0 0.005006 0.053351 0.121611 0.109708 0.08867 0.139381 0.083769 0.0119 0.10271 -142.228928 -67.612839 164.530304 41.431232 -49.210178 3.568603 18.348202 -0.178033 -0.07297 2.554724 -0.222653 -19.106396 17.636633 -26.322733 52.41119 -19.46665 -14.395597 29.410381 -0.0 -8.774822 -2e-06 15.766206 -17.832657 6.189229 -0.609776 -1.795653 -3.889327 -4.80709 -11.046807 -2.937849 4e-06 -20.976015 1e-06 -5.019969 -25.033552 -4.031881 6e-06 -0.0 1e-06 -10.634534 -5.686969 -3.565588 10.573272 -17.922947 -3.113896 3e-06 -13.821203 1e-06 -0.501779 -31.181498 -4.027012 -11.695179 -59.689781 7.601985 -13.982713 -7.150196 -2.875042 13.772728 -8.401489 -3.21824 0.347732 -34.211544 0.771658 -0.96303 -17.733366 2.621022 0.0 -0.0 -1e-06 -17.346416 -20.095213 -4.201781 21.757559 -1.638375 3.866427 2e-06 -6.338824 0.0 -1.697589 -22.591738 -6.194003 -0.0 -4e-06 -2e-06 21.520462 -66.934616 179.923447 21.38431 -53.505005 7.045869 27.028269 0.375252 0.332919 -3.415985 7.323935 -24.828514 22.182117 -20.375895 49.933327 -16.701817 -16.74353 28.476532 -3e-06 -12.690602 -1e-06 15.819737 -17.843855 2.967707 -0.10592 -1.513856 -4.275882 -5.039041 -5.61287 -2.953557 3e-06 -11.020523 -2e-06 -6.111297 -15.895334 -3.840471 0.0 1e-06 -0.0 -10.283372 -5.680288 -4.34184 11.028295 -11.302404 -2.372633 -1.384269 -14.238581 -6.320122 -0.625438 -26.924191 -3.827603 -4.081704 -49.566608 -3.649478 -13.708526 -7.363475 -3.72094 18.14115 -14.052739 -3.242675 7e-06 -18.787266 -1e-06 -0.429712 -8.456043 2.555504 -2e-06 1e-06 -1e-06 -15.923536 -20.094482 -5.473587 30.419214 -7.190826 1.735927 3e-06 -8.162925 0.0 -1.861902 -22.861467 -6.167942 -1e-06 -2e-06 -1e-06 -178.351761 0.027386 -6.254686 5.662334 -0.000444 0.029108 -77.615089 -2.089144 -3.749521 -4.248823 1.435515 2.136879 -0.999999 0.0 -0.0 2.276515 -3.86228 -1.466262 8.222584 -0.028634 0.097094 -80.621544 -8.084061 -7.736221 -3.828082 0.572188 1.66139 -1.000002 -0.0 0.0 
0.0 0.0 0.0 0.0 -0.0 0.0 -0.570858 100.24855 1.438474 91.582077 -1.441727 90.005608 -4.426603 -0.529796 -0.159699 -12.601103 -0.696164 0.062039 17.687248 -0.800491 -2.175971 15.523049 -2.575614 2.481426 -2.480422 -0.770122 -5.220922 -28.034811 -2.126298 -7.412095 6e-06 -0.0 0.0 0.006747 0.052803 0.122715 0.114141 0.091053 0.140779 0.089621 0.008428 0.104217 -142.220215 -67.672249 164.535324 41.471992 -49.25045 3.407233 18.296299 -0.200802 -0.069274 2.529948 -0.207862 -19.11595 17.636621 -26.322723 52.411182 -19.46666 -14.395598 29.410381 0.0 -8.774821 -1e-06 15.762306 -17.83297 6.193666 -0.609776 -1.795653 -3.889327 -4.807089 -11.046809 -2.937849 4e-06 -20.976011 0.0 -5.019971 -25.033548 -4.03188 6e-06 -2e-06 0.0 -10.634533 -5.686969 -3.565587 10.573272 -17.922947 -3.113899 3e-06 -13.821205 -0.0 -0.501778 -31.181498 -4.027015 -11.67969 -59.684849 7.59159 -13.982712 -7.150197 -2.87504 13.772727 -8.40149 -3.218241 0.347734 -34.211544 0.771655 -0.963031 -17.733364 2.62102 0.0 -1e-06 -1e-06 -17.346416 -20.095215 -4.201782 21.757559 -1.638376 3.866428 2e-06 -6.338823 0.0 -1.697592 -22.59174 -6.194004 0.0 -6e-06 -1e-06 21.493917 -66.965813 179.95488 21.417948 -53.488861 7.026483 26.939655 0.353719 0.331421 -3.397215 7.310095 -24.794189 22.182117 -20.375887 49.933311 -16.701811 -16.743528 28.476522 -4e-06 -12.690601 -1e-06 15.807308 -17.842505 2.982645 -0.10592 -1.513856 -4.275881 -5.039041 -5.612871 -2.953556 4e-06 -11.02052 -2e-06 -6.111296 -15.895328 -3.840471 -0.0 -1e-06 -0.0 -10.283369 -5.680287 -4.341838 11.028293 -11.302402 -2.372633 -1.384267 -14.238578 -6.32012 -0.625437 -26.924183 -3.827601 -4.095683 -49.602142 -3.627209 -13.708525 -7.363473 -3.720939 18.141148 -14.052736 -3.242674 7e-06 -18.787262 -0.0 -0.429711 -8.456041 2.555503 -1e-06 -0.0 0.0 -15.923532 -20.094479 -5.473586 30.41921 -7.190827 1.735926 3e-06 -8.162922 -0.0 -1.861901 -22.861467 -6.167942 -0.0 -5e-06 -1e-06 -178.331207 0.028053 -6.23645 5.604155 4.3e-05 0.031512 -77.543861 -2.124216 -3.753866 -4.274074 1.436336 2.136005 -1.000001 0.0 -0.0 2.311738 -3.858728 -1.47772 8.122765 -0.032784 0.096835 -80.553787 -8.101298 -7.712069 -3.843365 0.578547 1.664492 -1.000002 0.0 0.0 
0.0 0.0 0.0 0.0 -0.0 0.0 -0.585132 100.260666 1.418323 91.583282 -1.47106 89.965797 -4.431026 -0.53154 -0.16252 -12.596107 -0.696468 0.05102 17.647182 -0.773796 -2.166014 15.466697 -2.562297 2.470979 -2.472644 -0.761666 -5.148435 -27.99465 -2.088352 -7.372803 7e-06 0.0 0.0 0.008105 0.054469 0.128454 0.117106 0.095592 0.145888 0.09164 0.007345 0.111082 -142.230072 -67.71756 164.543488 41.475048 -49.292656 3.255095 18.242323 -0.225839 -0.069063 2.535915 -0.182902 -19.075659 17.636627 -26.322733 52.411201 -19.466663 -14.395598 29.410395 1e-06 -8.774822 -3e-06 15.763238 -17.822048 6.169808 -0.60978 -1.795655 -3.889328 -4.807092 -11.046813 -2.93785 3e-06 -20.976021 0.0 -5.019974 -25.03356 -4.031883 5e-06 -1e-06 0.0 -10.634538 -5.686973 -3.565587 10.573275 -17.922955 -3.1139 2e-06 -13.821206 -0.0 -0.501779 -31.181505 -4.02702 -11.648094 -59.668587 7.519509 -13.982718 -7.150199 -2.875041 13.772731 -8.401491 -3.218241 0.347731 -34.211555 0.771654 -0.963029 -17.73337 2.621019 0.0 -0.0 -1e-06 -17.346426 -20.095222 -4.201782 21.757565 -1.638372 3.866429 1e-06 -6.338825 -0.0 -1.69759 -22.591751 -6.19401 1e-06 -5e-06 -2e-06 21.47954 -66.982857 179.965805 21.416603 -53.454487 7.000721 26.859865 0.309462 0.317976 -3.361296 7.299613 -24.758463 22.182119 -20.375895 49.933315 -16.701815 -16.743532 28.47653 -4e-06 -12.690603 -1e-06 15.809692 -17.844416 2.987139 -0.105919 -1.513856 -4.27588 -5.039042 -5.612871 -2.953556 4e-06 -11.020523 -1e-06 -6.111298 -15.89533 -3.84047 0.0 1e-06 -0.0 -10.283372 -5.680288 -4.341838 11.028296 -11.302406 -2.372632 -1.384269 -14.238583 -6.320121 -0.625439 -26.924187 -3.8276 -4.087436 -49.632023 -3.623145 -13.708527 -7.363475 -3.720939 18.141151 -14.052739 -3.242674 6e-06 -18.787266 -0.0 -0.42971 -8.456043 2.555504 -2e-06 1e-06 -0.0 -15.923538 -20.094481 -5.473584 30.419214 -7.190824 1.735927 2e-06 -8.162925 1e-06 -1.861904 -22.861469 -6.167942 0.0 -2e-06 -1e-06 -178.363281 0.016053 -6.235095 5.613034 0.002922 0.026929 -77.496605 -2.138762 -3.765159 -4.286207 1.436152 2.135595 -0.999999 0.0 -0.0 2.326028 -3.851822 -1.482063 8.01614 -0.03441 0.096061 -80.476784 -8.111118 -7.715686 -3.859913 0.581477 1.665919 -1.000003 -0.0 0.0 
0.0 0.0 0.0 0.0 -0.0 0.0 -0.598357 100.269508 1.389466 91.576187 -1.510248 89.919617 -4.434659 -0.526128 -0.168367 -12.602139 -0.697595 0.042689 17.606468 -0.743389 -2.155454 15.422615 -2.546535 2.476769 -2.473671 -0.752893 -5.072254 -27.935322 -2.06109 -7.322004 6e-06 0.0 0.0 0.008028 0.056922 0.134569 0.117493 0.100013 0.1513 0.090599 0.008003 0.118123 -142.23555 -67.755898 164.553421 41.46196 -49.325874 3.093711 18.210291 -0.254175 -0.070955 2.539524 -0.141324 -19.026556 17.636627 -26.322729 52.411186 -19.466665 -14.395598 29.410389 0.0 -8.774822 -2e-06 15.758799 -17.808981 6.144232 -0.609775 -1.795653 -3.889327 -4.80709 -11.046809 -2.93785 4e-06 -20.976013 1e-06 -5.019969 -25.033556 -4.031882 5e-06 -1e-06 0.0 -10.634531 -5.68697 -3.565586 10.573272 -17.922947 -3.1139 2e-06 -13.821204 0.0 -0.501778 -31.181498 -4.027017 -11.62975 -59.646778 7.462783 -13.982714 -7.150198 -2.875041 13.772731 -8.401491 -3.218241 0.347734 -34.211544 0.771653 -0.963028 -17.733368 2.621018 1e-06 -1e-06 -1e-06 -17.346415 -20.095217 -4.201782 21.757555 -1.638375 3.866428 2e-06 -6.338824 0.0 -1.697589 -22.59174 -6.194007 1e-06 -5e-06 -2e-06 21.458826 -66.989281 179.956848 21.364374 -53.425079 6.975307 26.802099 0.258158 0.301034 -3.309753 7.301712 -24.711946 22.182119 -20.375895 49.933323 -16.701815 -16.743532 28.476534 -3e-06 -12.690603 -1e-06 15.809714 -17.856733 2.98807 -0.10592 -1.513856 -4.275881 -5.039043 -5.612872 -2.953557 5e-06 -11.020523 -2e-06 -6.111298 -15.89533 -3.840472 -0.0 -0.0 -0.0 -10.283371 -5.680288 -4.341839 11.028295 -11.302404 -2.372633 -1.384269 -14.238581 -6.320121 -0.625437 -26.924191 -3.827602 -4.074936 -49.642414 -3.627528 -13.708526 -7.363476 -3.72094 18.141153 -14.05274 -3.242675 7e-06 -18.78727 -1e-06 -0.42971 -8.456043 2.555504 -1e-06 1e-06 -1e-06 -15.923538 -20.094482 -5.473587 30.419218 -7.190827 1.735926 3e-06 -8.162925 0.0 -1.861903 -22.861469 -6.167943 -0.0 -3e-06 -1e-06 -178.413986 -0.011141 -6.242188 5.634475 0.006394 0.018082 -77.473495 -2.149888 -3.785343 -4.289526 1.432599 2.133808 -0.999999 0.0 0.0 2.235755 -3.847958 -1.457979 7.97571 -0.032032 0.0903 -80.419022 -8.102169 -7.734588 -3.869592 0.579007 1.665222 -1.000002 -0.0 0.0 
0.0 0.0 0.0 0.0 -0.0 0.0 -0.622135 100.273582 1.364035 91.570786 -1.549691 89.881279 -4.441209 -0.519626 -0.174561 -12.6166 -0.698823 0.039348 17.580095 -0.716713 -2.154311 15.385128 -2.537468 2.494681 -2.480118 -0.743577 -5.010373 -27.87541 -2.015016 -7.273855 6e-06 -1e-06 -0.0 0.006928 0.057577 0.133651 0.112579 0.102996 0.149972 0.086215 0.006429 0.117718 -142.221924 -67.795525 164.536957 41.440655 -49.350586 3.062635 18.205393 -0.253872 -0.073097 2.514806 -0.100335 -19.078295 17.636635 -26.322733 52.41119 -19.46666 -14.395598 29.410389 -1e-06 -8.774822 -3e-06 15.766056 -17.817329 6.133389 -0.609776 -1.795654 -3.889327 -4.807089 -11.04681 -2.93785 4e-06 -20.976017 1e-06 -5.019971 -25.033556 -4.03188 7e-06 -1e-06 -1e-06 -10.634534 -5.686969 -3.565587 10.573274 -17.922951 -3.113899 2e-06 -13.821206 -0.0 -0.501778 -31.181505 -4.027014 -11.64217 -59.65152 7.455717 -13.982714 -7.150197 -2.875042 13.772728 -8.401491 -3.218239 0.347733 -34.211552 0.771657 -0.963029 -17.73337 2.621022 0.0 1e-06 0.0 -17.346416 -20.095217 -4.201782 21.757557 -1.638375 3.866428 1e-06 -6.338824 1e-06 -1.69759 -22.591743 -6.194005 1e-06 -5e-06 -1e-06 21.424913 -66.989616 179.940643 21.269169 -53.397465 7.033002 26.767 0.237265 0.297658 -3.255468 7.306112 -24.697975 22.182112 -20.375887 49.9333 -16.701813 -16.743525 28.476521 -4e-06 -12.690598 -1e-06 15.809634 -17.874157 2.993849 -0.105919 -1.513855 -4.27588 -5.03904 -5.612869 -2.953556 5e-06 -11.02052 -2e-06 -6.111295 -15.89533 -3.840471 0.0 1e-06 -0.0 -10.283367 -5.680285 -4.341837 11.028294 -11.302404 -2.372633 -1.384266 -14.238579 -6.32012 -0.625435 -26.924183 -3.8276 -4.062817 -49.652138 -3.638756 -13.708522 -7.363473 -3.720938 18.141148 -14.052739 -3.242674 8e-06 -18.787266 -2e-06 -0.429709 -8.456041 2.555503 -1e-06 1e-06 -0.0 -15.923532 -20.094479 -5.473583 30.419205 -7.190827 1.735924 4e-06 -8.162925 -0.0 -1.861899 -22.861469 -6.167941 -0.0 -2e-06 -0.0 -178.492249 -0.025365 -6.265731 5.652463 0.006219 0.005714 -77.461212 -2.152048 -3.777239 -4.28381 1.42727 2.131909 -0.999998 -0.0 0.0 2.153566 -3.83222 -1.444406 8.019035 -0.029819 0.087088 -80.418976 -8.09584 -7.728213 -3.871897 0.573988 1.662557 -1.000003 -0.0 -0.0 
0.0 0.0 0.0 0.0 -0.0 0.0 -0.65426 100.283722 1.347697 91.568626 -1.585923 89.847816 -4.448482 -0.513064 -0.177796 -12.627825 -0.69999 0.033091 17.558615 -0.68902 -2.151778 15.344491 -2.52934 2.521146 -2.485109 -0.737003 -4.955919 -27.848906 -1.948649 -7.225767 7e-06 -1e-06 0.0 0.005751 0.056159 0.127011 0.105127 0.104454 0.14273 0.080929 0.002127 0.111905 -142.198303 -67.826118 164.511978 41.455856 -49.362034 3.041244 18.189833 -0.253006 -0.073972 2.478201 -0.040343 -19.13586 17.636629 -26.322731 52.411194 -19.466654 -14.395596 29.410385 0.0 -8.774821 -3e-06 15.775048 -17.82938 6.135049 -0.609778 -1.795653 -3.889327 -4.807088 -11.046809 -2.937849 4e-06 -20.976011 2e-06 -5.019969 -25.033556 -4.031879 6e-06 -1e-06 0.0 -10.634534 -5.686969 -3.565588 10.573271 -17.922947 -3.113897 2e-06 -13.821204 1e-06 -0.50178 -31.181498 -4.027014 -11.654273 -59.65686 7.472342 -13.982713 -7.150197 -2.875042 13.772727 -8.401489 -3.21824 0.347732 -34.21154 0.771658 -0.963029 -17.733364 2.621021 1e-06 -1e-06 -1e-06 -17.346418 -20.095213 -4.201782 21.757557 -1.638375 3.86643 2e-06 -6.338823 1e-06 -1.697589 -22.59174 -6.194006 -0.0 -4e-06 -2e-06 21.377066 -66.988678 179.969833 21.198662 -53.3424 7.103268 26.731665 0.248029 0.301907 -3.201073 7.314125 -24.666225 22.182117 -20.375898 49.933327 -16.701811 -16.743528 28.47653 -3e-06 -12.6906 -1e-06 15.818848 -17.900169 2.998316 -0.10592 -1.513856 -4.275882 -5.039041 -5.612872 -2.953557 4e-06 -11.020523 -2e-06 -6.111296 -15.89533 -3.840471 0.0 -0.0 -0.0 -10.283371 -5.680288 -4.341839 11.028296 -11.302406 -2.372633 -1.384269 -14.238581 -6.320122 -0.625437 -26.924192 -3.827601 -4.067605 -49.674782 -3.641958 -13.708522 -7.363475 -3.720941 18.141146 -14.052739 -3.242674 6e-06 -18.78727 -0.0 -0.42971 -8.456043 2.555503 -1e-06 1e-06 -1e-06 -15.923536 -20.094484 -5.473587 30.419218 -7.190827 1.735926 3e-06 -8.162926 0.0 -1.861902 -22.861481 -6.167943 -0.0 -4e-06 -1e-06 -178.537231 -0.048454 -6.297919 5.653877 0.007201 -0.004078 -77.417862 -2.139551 -3.781559 -4.25352 1.418599 2.130209 -1.0 -0.0 0.0 2.139962 -3.814958 -1.460727 7.938665 -0.027352 0.083025 -80.361099 -8.083608 -7.713501 -3.870384 0.572272 1.66081 -1.000002 -1e-06 -0.0 
0.0 0.0 0.0 0.0 -0.0 0.0 -0.69395 100.295067 1.33763 91.567772 -1.622409 89.822258 -4.458388 -0.511158 -0.19072 -12.635938 -0.699115 0.024371 17.543558 -0.660023 -2.14352 15.303602 -2.502892 2.525638 -2.487998 -0.737742 -4.885106 -27.8498 -1.882042 -7.159858 6e-06 -1e-06 -1e-06 0.005906 0.055468 0.123787 0.100317 0.105466 0.139051 0.077973 -0.000208 0.109761 -142.148682 -67.860695 164.471176 41.507149 -49.374348 2.99067 18.167961 -0.250058 -0.076243 2.442197 0.020494 -19.168274 17.636627 -26.322725 52.411186 -19.46666 -14.395598 29.410385 -1e-06 -8.774822 -3e-06 15.778978 -17.836607 6.146791 -0.609776 -1.795653 -3.889326 -4.807089 -11.046809 -2.937849 5e-06 -20.976015 0.0 -5.01997 -25.033556 -4.03188 6e-06 -1e-06 1e-06 -10.634532 -5.686969 -3.565587 10.573274 -17.922947 -3.113901 3e-06 -13.821205 1e-06 -0.501777 -31.181501 -4.027017 -11.671409 -59.662045 7.503291 -13.982712 -7.150196 -2.875042 13.772727 -8.401489 -3.218241 0.347734 -34.211544 0.771655 -0.963027 -17.73337 2.621019 0.0 -0.0 -1e-06 -17.346415 -20.095211 -4.20178 21.757557 -1.638375 3.866426 2e-06 -6.338824 1e-06 -1.697588 -22.591745 -6.194006 1e-06 -4e-06 -1e-06 21.319176 -66.991203 -179.964783 21.173542 -53.281895 7.133025 26.672632 0.258704 0.303642 -3.147936 7.343499 -24.615915 22.182108 -20.375887 49.933308 -16.701809 -16.743526 28.476524 -3e-06 -12.690598 -1e-06 15.82364 -17.919262 3.013759 -0.105919 -1.513856 -4.27588 -5.039041 -5.61287 -2.953556 4e-06 -11.020523 -2e-06 -6.111297 -15.895332 -3.84047 -0.0 2e-06 -0.0 -10.283367 -5.680287 -4.341837 11.028294 -11.302404 -2.372633 -1.384268 -14.23858 -6.320119 -0.625436 -26.924187 -3.827601 -4.089251 -49.71508 -3.612032 -13.708521 -7.363473 -3.720938 18.141146 -14.052735 -3.242674 6e-06 -18.787262 -1e-06 -0.429711 -8.45604 2.555503 -2e-06 1e-06 -1e-06 -15.92353 -20.094479 -5.473584 30.419205 -7.190825 1.735924 2e-06 -8.162921 -0.0 -1.8619 -22.861467 -6.167941 -0.0 -2e-06 -1e-06 -178.577698 -0.075596 -6.340622 5.642268 0.01039 -0.006783 -77.362312 -2.108753 -3.788329 -4.207197 1.411903 2.129527 -0.999997 -0.0 0.0 2.145352 -3.793283 -1.483489 7.82525 -0.025463 0.082525 -80.290558 -8.086642 -7.694124 -3.863094 0.577202 1.662178 -1.000001 0.0 -0.0 
0.0 0.0 0.0 0.0 -0.0 0.0 -0.730854 100.306412 1.325033 91.56028 -1.666873 89.795074 -4.479372 -0.501425 -0.203241 -12.641934 -0.696237 0.017602 17.535364 -0.637535 -2.13327 15.254038 -2.463836 2.521031 -2.49271 -0.749167 -4.807387 -27.854998 -1.812994 -7.079507 6e-06 -1e-06 0.0 0.00594 0.055099 0.123829 0.097777 0.103138 0.137836 0.074875 0.001606 0.111468 -142.099091 -67.879402 164.438736 41.546902 -49.363865 2.970443 18.153717 -0.251833 -0.075307 2.413176 0.074771 -19.210264 17.636627 -26.322733 52.411182 -19.46666 -14.395596 29.410393 -1e-06 -8.77482 -3e-06 15.767786 -17.846888 6.16551 -0.609777 -1.795653 -3.889328 -4.807087 -11.046809 -2.93785 4e-06 -20.976011 1e-06 -5.019969 -25.033546 -4.031881 6e-06 1e-06 1e-06 -10.634529 -5.686968 -3.56559 10.57327 -17.922947 -3.113897 2e-06 -13.821205 2e-06 -0.501779 -31.181501 -4.027013 -11.676874 -59.658997 7.522124 -13.982711 -7.150196 -2.875043 13.772725 -8.401489 -3.218239 0.347732 -34.21154 0.771657 -0.963029 -17.733368 2.621021 1e-06 -1e-06 -1e-06 -17.346413 -20.095213 -4.201784 21.757555 -1.638375 3.866428 2e-06 -6.338823 1e-06 -1.697589 -22.591738 -6.194003 -0.0 -4e-06 -2e-06 21.261087 -66.991226 -179.891464 21.181349 -53.231636 7.123563 26.584911 0.260523 0.298222 -3.108537 7.365301 -24.491625 22.182108 -20.375895 49.933319 -16.701807 -16.743525 28.476526 -2e-06 -12.690598 -1e-06 15.831153 -17.930346 3.032824 -0.105919 -1.513855 -4.275881 -5.039042 -5.612872 -2.953556 3e-06 -11.020523 -2e-06 -6.111297 -15.895332 -3.840471 0.0 -0.0 0.0 -10.283369 -5.680287 -4.341839 11.028292 -11.302402 -2.372633 -1.384268 -14.238577 -6.32012 -0.625438 -26.924183 -3.827602 -4.107135 -49.770496 -3.568542 -13.708522 -7.363475 -3.72094 18.141146 -14.052738 -3.242674 5e-06 -18.787266 -1e-06 -0.429711 -8.456042 2.555503 -1e-06 1e-06 0.0 -15.923536 -20.094482 -5.473585 30.41921 -7.190824 1.735925 3e-06 -8.162922 0.0 -1.8619 -22.861469 -6.167942 -1e-06 -2e-06 -1e-06 -178.625763 -0.107151 -6.389364 5.630929 0.010897 -0.002453 -77.312828 -2.099796 -3.77681 -4.171291 1.409304 2.128986 -0.999999 1e-06 -0.0 2.143816 -3.76254 -1.470755 7.704422 -0.026773 0.08304 -80.210678 -8.130042 -7.685192 -3.866002 0.582746 1.662888 -1.000002 0.0 0.0 
0.0 0.0 0.0 0.0 -0.0 0.0 -0.760238 100.319588 1.30618 91.550858 -1.718598 89.749245 -4.503384 -0.483196 -0.204175 -12.654573 -0.695414 0.011434 17.533381 -0.614382 -2.128048 15.218626 -2.425166 2.517281 -2.49376 -0.757254 -4.732444 -27.88592 -1.753616 -6.980707 6e-06 -1e-06 0.0 0.007097 0.054694 0.125605 0.101369 0.100454 0.138702 0.075543 0.003748 0.114075 -142.048492 -67.881149 164.413803 41.58997 -49.35498 2.977451 18.141754 -0.237871 -0.078459 2.405931 0.11452 -19.250093 17.636621 -26.322729 52.411194 -19.46665 -14.395596 29.410389 1e-06 -8.774821 -3e-06 15.761961 -17.856024 6.177243 -0.609778 -1.795653 -3.889328 -4.80709 -11.046809 -2.937848 2e-06 -20.976015 2e-06 -5.019973 -25.033552 -4.031882 6e-06 -1e-06 1e-06 -10.634533 -5.686971 -3.565589 10.573268 -17.922945 -3.113896 1e-06 -13.821202 0.0 -0.501784 -31.181494 -4.027014 -11.681742 -59.667713 7.539591 -13.982712 -7.150198 -2.875041 13.772727 -8.401488 -3.21824 0.347727 -34.211544 0.771656 -0.963032 -17.733366 2.621019 1e-06 -1e-06 0.0 -17.346418 -20.095215 -4.201782 21.757555 -1.638371 3.866429 1e-06 -6.338823 1e-06 -1.697591 -22.591743 -6.194004 0.0 -5e-06 -3e-06 21.206062 -67.010567 -179.80426 21.258484 -53.190353 7.100918 26.476149 0.277906 0.289236 -3.093868 7.370645 -24.381437 22.182106 -20.375891 49.933304 -16.701811 -16.743528 28.476526 -2e-06 -12.690598 -0.0 15.83215 -17.931082 3.0495 -0.105919 -1.513855 -4.27588 -5.03904 -5.61287 -2.953556 4e-06 -11.02052 -2e-06 -6.111296 -15.89533 -3.84047 0.0 1e-06 -0.0 -10.283368 -5.680287 -4.341837 11.028293 -11.302402 -2.372633 -1.384269 -14.238579 -6.320119 -0.625439 -26.924187 -3.827601 -4.115917 -49.809311 -3.546748 -13.708523 -7.363474 -3.720937 18.141148 -14.052738 -3.242675 6e-06 -18.787266 -1e-06 -0.429711 -8.456041 2.555503 -1e-06 1e-06 -1e-06 -15.923534 -20.094479 -5.473581 30.419205 -7.190823 1.735924 2e-06 -8.162922 -0.0 -1.861901 -22.861465 -6.167941 -2e-06 -4e-06 -2e-06 -178.682877 -0.136485 -6.432142 5.620284 0.011075 0.000777 -77.259033 -2.11153 -3.773558 -4.141793 1.40881 2.129385 -0.999998 0.0 -0.0 2.134138 -3.732307 -1.421234 7.572937 -0.027839 0.07802 -80.033485 -8.171707 -7.695747 -3.865439 0.581892 1.662005 -1.000002 0.0 -0.0 
0.0 0.0 0.0 0.0 -0.0 0.0 -0.784526 100.332428 1.276733 91.538239 -1.778013 89.691025 -4.529818 -0.462694 -0.198182 -12.671006 -0.698628 0.000412 17.53051 -0.583477 -2.123119 15.214787 -2.388305 2.512554 -2.490158 -0.759537 -4.649937 -27.922033 -1.697956 -6.887887 6e-06 -0.0 -0.0 0.009376 0.053313 0.123498 0.103047 0.098803 0.136606 0.075435 0.00283 0.111682 -141.988358 -67.891319 164.377151 41.634815 -49.38026 2.979555 18.128822 -0.218129 -0.087117 2.407163 0.117634 -19.193464 17.636625 -26.322733 52.411182 -19.466656 -14.395597 29.410389 -1e-06 -8.77482 -2e-06 15.758177 -17.858459 6.185153 -0.609776 -1.795653 -3.889327 -4.807087 -11.046809 -2.93785 5e-06 -20.976015 1e-06 -5.019969 -25.033554 -4.031878 6e-06 -0.0 0.0 -10.634532 -5.686968 -3.565588 10.573271 -17.922951 -3.113897 3e-06 -13.821202 1e-06 -0.501778 -31.181498 -4.027011 -11.68624 -59.673252 7.548927 -13.98271 -7.150196 -2.875043 13.772725 -8.401489 -3.218239 0.347735 -34.211544 0.771655 -0.96303 -17.733366 2.621022 1e-06 -1e-06 -1e-06 -17.346413 -20.095211 -4.20178 21.757553 -1.638377 3.866426 2e-06 -6.338823 0.0 -1.697588 -22.591738 -6.194004 1e-06 -5e-06 -1e-06 21.135458 -67.029602 -179.70694 21.324678 -53.158073 7.103755 26.379847 0.300914 0.282784 -3.071275 7.375538 -24.316927 22.18211 -20.375898 49.933327 -16.701815 -16.743528 28.476538 -2e-06 -12.6906 0.0 15.837852 -17.935802 3.055292 -0.105918 -1.513856 -4.275882 -5.039042 -5.612873 -2.953557 3e-06 -11.020525 -2e-06 -6.111297 -15.895338 -3.840472 0.0 -0.0 0.0 -10.28337 -5.68029 -4.341839 11.028294 -11.302406 -2.372633 -1.384269 -14.238586 -6.320123 -0.625441 -26.924194 -3.827603 -4.120522 -49.841728 -3.544209 -13.708524 -7.363478 -3.720939 18.14115 -14.052739 -3.242675 4e-06 -18.78727 -2e-06 -0.429711 -8.456045 2.555503 -1e-06 2e-06 -1e-06 -15.923536 -20.094484 -5.473584 30.419214 -7.190823 1.735925 1e-06 -8.162927 0.0 -1.861905 -22.861473 -6.167942 -1e-06 -4e-06 -1e-06 -178.754776 -0.168404 -6.452617 5.615939 0.009712 0.003603 -77.211372 -2.145887 -3.804407 -4.139436 1.406163 2.127965 -0.999998 -0.0 0.0 2.092269 -3.702706 -1.386653 7.476125 -0.028605 0.071414 -80.03376 -8.189912 -7.686745 -3.870116 0.581131 1.66211 -1.000002 1e-06 0.0 
0.0 0.0 0.0 0.0 -0.0 0.0 -0.809875 100.347565 1.231241 91.527435 -1.846981 89.64399 -4.553811 -0.441133 -0.194513 -12.684417 -0.707378 -0.015166 17.517897 -0.552085 -2.120087 15.233716 -2.358736 2.519087 -2.485877 -0.759933 -4.577543 -27.980762 -1.630449 -6.81531 7e-06 -0.0 0.0 0.016316 0.049974 0.113909 0.106486 0.096686 0.128128 0.078259 -0.001576 0.100704 -141.897308 -67.913254 164.311844 41.679874 -49.429951 2.990071 18.125744 -0.205056 -0.091472 2.415519 0.099824 -19.149527 17.636625 -26.322729 52.411194 -19.466656 -14.395597 29.410385 -0.0 -8.77482 -3e-06 15.766237 -17.86459 6.182386 -0.609776 -1.795653 -3.889325 -4.807087 -11.046807 -2.937849 4e-06 -20.976011 1e-06 -5.01997 -25.033552 -4.031878 6e-06 -2e-06 0.0 -10.634532 -5.686969 -3.565587 10.573271 -17.922947 -3.113899 3e-06 -13.821205 -0.0 -0.501779 -31.181498 -4.027015 -11.708462 -59.672871 7.561224 -13.98271 -7.150196 -2.875041 13.772726 -8.401489 -3.218241 0.347733 -34.211544 0.771654 -0.963029 -17.733366 2.621019 1e-06 1e-06 -1e-06 -17.346416 -20.095213 -4.201779 21.757557 -1.638373 3.866427 2e-06 -6.338821 1e-06 -1.69759 -22.591738 -6.194005 1e-06 -5e-06 -0.0 21.038094 -67.04409 -179.605698 21.372614 -53.145576 7.090274 26.306787 0.301474 0.280872 -3.032821 7.39461 -24.246098 22.182117 -20.375895 49.933319 -16.701811 -16.74353 28.476528 -2e-06 -12.690601 -1e-06 15.850136 -17.935204 3.046432 -0.105919 -1.513855 -4.275881 -5.039041 -5.612869 -2.953556 4e-06 -11.02052 -1e-06 -6.111297 -15.89533 -3.840471 -0.0 1e-06 -0.0 -10.283373 -5.680287 -4.341838 11.028296 -11.302403 -2.372633 -1.384268 -14.238575 -6.32012 -0.625437 -26.924183 -3.8276 -4.112525 -49.852844 -3.559639 -13.708527 -7.363474 -3.720939 18.141151 -14.052738 -3.242674 6e-06 -18.787266 -0.0 -0.429711 -8.456045 2.555504 -2e-06 2e-06 -0.0 -15.923538 -20.094479 -5.473586 30.419214 -7.190825 1.735927 4e-06 -8.162922 1e-06 -1.861903 -22.861467 -6.167939 0.0 -3e-06 -1e-06 -178.852432 -0.201492 -6.453552 5.629259 0.009918 0.003383 -77.157005 -2.181154 -3.853695 -4.166693 1.404342 2.126053 -1.000001 -0.0 -0.0 2.027464 -3.67521 -1.355077 7.394108 -0.02719 0.064797 -79.862045 -8.204103 -7.703045 -3.879196 0.58019 1.663117 -1.000001 -0.0 -0.0 
0.0 0.0 0.0 0.0 -0.0 0.0 -0.845827 100.364479 1.169317 91.519707 -1.927213 89.604744 -4.580557 -0.416516 -0.195591 -12.697174 -0.71157 -0.02465 17.505693 -0.524998 -2.106667 15.247363 -2.354287 2.526635 -2.484154 -0.758936 -4.513728 -28.048431 -1.55235 -6.776231 6e-06 -0.0 0.0 0.024838 0.047839 0.109145 0.11135 0.09438 0.124926 0.084666 -0.003567 0.094575 -141.839508 -67.93811 164.268982 41.689564 -49.487167 3.05327 18.159586 -0.197255 -0.092418 2.417221 0.10241 -19.14798 17.636637 -26.322725 52.411201 -19.466665 -14.395598 29.410395 0.0 -8.774822 -2e-06 15.777349 -17.875168 6.186788 -0.609777 -1.795654 -3.889327 -4.80709 -11.04681 -2.937851 4e-06 -20.976015 -2e-06 -5.019969 -25.033554 -4.031885 6e-06 -2e-06 1e-06 -10.634537 -5.686972 -3.565589 10.573275 -17.922955 -3.113902 4e-06 -13.821208 -2e-06 -0.501775 -31.181501 -4.027019 -11.756649 -59.68335 7.598846 -13.982716 -7.150198 -2.875042 13.772731 -8.401491 -3.218241 0.347736 -34.211555 0.77165 -0.963027 -17.73337 2.621018 -0.0 1e-06 -1e-06 -17.346422 -20.095221 -4.201782 21.757559 -1.638374 3.866431 3e-06 -6.338826 -1e-06 -1.697589 -22.591747 -6.194008 -0.0 -4e-06 -1e-06 20.958189 -67.046036 -179.525848 21.428043 -53.129101 6.973167 26.272375 0.25827 0.271344 -2.975984 7.438138 -24.107296 22.182119 -20.375891 49.933315 -16.701817 -16.743528 28.476532 -2e-06 -12.690603 -1e-06 15.848387 -17.931013 3.050519 -0.105919 -1.513857 -4.275881 -5.039043 -5.612873 -2.953557 4e-06 -11.020525 -2e-06 -6.111297 -15.895334 -3.840472 -0.0 1e-06 0.0 -10.283372 -5.680289 -4.341837 11.028296 -11.302407 -2.372634 -1.384269 -14.238583 -6.320122 -0.625437 -26.924194 -3.827604 -4.109499 -49.86137 -3.558087 -13.708526 -7.363477 -3.720938 18.14115 -14.052739 -3.242675 5e-06 -18.787268 -3e-06 -0.429711 -8.456044 2.555502 -2e-06 -0.0 -1e-06 -15.923536 -20.094484 -5.473583 30.419218 -7.190827 1.735925 2e-06 -8.162925 -1e-06 -1.861901 -22.861467 -6.167945 -0.0 -5e-06 -1e-06 -178.981293 -0.237566 -6.452204 5.671123 0.012561 0.000921 -77.102165 -2.193056 -3.927629 -4.200706 1.405752 2.123312 -0.999999 -0.0 -0.0 1.928755 -3.645902 -1.310162 7.343248 -0.026238 0.057417 -79.80545 -8.261922 -7.690595 -3.892977 0.579434 1.664372 -1.000002 -0.0 -0.0 
0.0 0.0 0.0 0.0 -0.0 0.0 -0.893407 100.380791 1.099844 91.513771 -2.015665 89.570015 -4.610281 -0.389821 -0.195806 -12.710266 -0.707988 -0.029568 17.496925 -0.498602 -2.106743 15.269081 -2.374835 2.533386 -2.483308 -0.754982 -4.464242 -28.115095 -1.462038 -6.744018 5e-06 -0.0 0.0 0.031339 0.046935 0.109934 0.11986 0.094607 0.127978 0.094279 -0.00566 0.093583 -141.777557 -67.964882 164.190018 41.664795 -49.566677 3.254643 18.190613 -0.16797 -0.092071 2.43388 0.116516 -19.251982 17.636625 -26.322737 52.411213 -19.466665 -14.3956 29.410395 -0.0 -8.774822 -3e-06 15.792714 -17.874607 6.198525 -0.609776 -1.795653 -3.889329 -4.807088 -11.046811 -2.937851 7e-06 -20.976019 -0.0 -5.019967 -25.033562 -4.031882 6e-06 -1e-06 0.0 -10.634534 -5.68697 -3.565588 10.573277 -17.922953 -3.1139 4e-06 -13.821209 0.0 -0.501777 -31.181501 -4.027014 -11.824813 -59.70414 7.670365 -13.982712 -7.150197 -2.875044 13.772731 -8.401492 -3.218242 0.347735 -34.211555 0.771655 -0.963028 -17.73337 2.621023 0.0 -0.0 -1e-06 -17.346416 -20.095217 -4.201785 21.757559 -1.638377 3.866429 2e-06 -6.338826 1e-06 -1.697588 -22.591742 -6.194005 1e-06 -7e-06 -2e-06 20.895113 -67.071732 -179.439545 21.55056 -53.126831 6.799906 26.260723 0.21848 0.263791 -2.907453 7.478992 -24.004454 22.182116 -20.375902 49.933331 -16.701813 -16.743528 28.476536 -3e-06 -12.690601 -1e-06 15.829678 -17.907518 3.054823 -0.105919 -1.513856 -4.275883 -5.039041 -5.612872 -2.953557 4e-06 -11.020525 -2e-06 -6.111296 -15.895334 -3.840472 -0.0 -0.0 -0.0 -10.283371 -5.680288 -4.34184 11.028296 -11.302407 -2.372633 -1.384268 -14.238583 -6.320122 -0.625439 -26.924198 -3.827602 -4.089604 -49.837643 -3.557769 -13.708525 -7.363477 -3.720941 18.141151 -14.05274 -3.242675 6e-06 -18.78727 -0.0 -0.429711 -8.456048 2.555504 -1e-06 1e-06 -0.0 -15.923532 -20.094482 -5.473587 30.419214 -7.190827 1.735925 2e-06 -8.162925 1e-06 -1.861902 -22.861473 -6.167941 0.0 -3e-06 -1e-06 -179.130341 -0.273457 -6.421889 5.729169 0.014739 -0.003399 -77.053467 -2.213598 -4.010317 -4.222831 1.411881 2.12225 -0.999999 -0.0 0.0 1.789429 -3.612708 -1.265767 7.345304 -0.024325 0.04922 -79.773865 -8.330729 -7.664488 -3.912279 0.576645 1.664269 -1.000002 0.0 -0.0 
0.0 0.0 0.0 0.0 -0.0 0.0 -0.949542 100.393867 1.037196 91.50843 -2.109436 89.557785 -4.641142 -0.366891 -0.194075 -12.716756 -0.700291 -0.042202 17.478456 -0.474641 -2.112716 15.314217 -2.396755 2.550501 -2.491588 -0.748807 -4.420031 -28.177832 -1.376658 -6.710317 6e-06 -0.0 0.0 0.033739 0.046043 0.110536 0.121556 0.094284 0.129812 0.098576 -0.00729 0.093219 -141.653168 -68.012955 164.021606 41.632328 -49.683586 3.518869 18.203596 -0.124487 -0.090219 2.478143 0.135542 -19.468264 17.636627 -26.322733 52.411198 -19.46666 -14.395597 29.410389 0.0 -8.774821 -3e-06 15.804031 -17.870207 6.212198 -0.609777 -1.795654 -3.889328 -4.80709 -11.046811 -2.937849 3e-06 -20.976017 1e-06 -5.019972 -25.03356 -4.03188 6e-06 -2e-06 -1e-06 -10.634535 -5.686971 -3.565586 10.573271 -17.922951 -3.113899 3e-06 -13.821209 -0.0 -0.501779 -31.181505 -4.027018 -11.891677 -59.727798 7.743392 -13.982715 -7.150198 -2.875041 13.772727 -8.401489 -3.21824 0.34773 -34.211555 0.771657 -0.96303 -17.73337 2.62102 1e-06 0.0 -1e-06 -17.34642 -20.095219 -4.20178 21.757557 -1.638373 3.866428 2e-06 -6.338824 1e-06 -1.69759 -22.591745 -6.194006 0.0 -2e-06 -2e-06 20.847519 -67.127541 -179.374619 21.685596 -53.153904 6.681841 26.275774 0.185826 0.257919 -2.851887 7.49846 -23.881382 22.182117 -20.375895 49.933323 -16.701817 -16.74353 28.476534 -3e-06 -12.690603 -1e-06 15.82131 -17.872459 3.045933 -0.10592 -1.513856 -4.275882 -5.039042 -5.612873 -2.953557 3e-06 -11.020526 -2e-06 -6.111298 -15.895338 -3.840472 -0.0 2e-06 -0.0 -10.283371 -5.68029 -4.341839 11.028296 -11.302407 -2.372634 -1.384269 -14.238584 -6.320122 -0.625439 -26.924194 -3.827601 -4.067369 -49.802116 -3.557553 -13.708525 -7.363478 -3.720939 18.14115 -14.052739 -3.242675 6e-06 -18.78727 -2e-06 -0.429713 -8.456048 2.555502 -1e-06 -0.0 -0.0 -15.923538 -20.094484 -5.473586 30.419222 -7.190827 1.735925 3e-06 -8.162926 0.0 -1.861902 -22.861473 -6.167944 -0.0 -4e-06 -1e-06 -179.292496 -0.308168 -6.371586 5.794179 0.018457 -0.00717 -77.020691 -2.244752 -4.092833 -4.252128 1.420388 2.120461 -0.999998 -0.0 0.0 1.620312 -3.573857 -1.237214 7.402743 -0.022524 0.042345 -79.769875 -8.405178 -7.659307 -3.937651 0.57849 1.664617 -1.000001 -0.0 0.0 
0.0 0.0 0.0 0.0 -0.0 0.0 -1.015913 100.40451 0.982634 91.501282 -2.218655 89.546806 -4.664465 -0.341719 -0.178481 -12.721996 -0.690912 -0.057096 17.437889 -0.447358 -2.126917 15.376749 -2.416583 2.563331 -2.509006 -0.741757 -4.365777 -28.257441 -1.306623 -6.648741 6e-06 -0.0 1e-06 0.032487 0.045016 0.111881 0.112785 0.092585 0.130021 0.093182 -0.007891 0.095825 -141.446396 -68.097092 163.755157 41.602745 -49.86657 3.713326 18.227221 -0.085641 -0.087272 2.529395 0.18746 -19.74708 17.636625 -26.322729 52.411182 -19.466652 -14.395594 29.410381 -1e-06 -8.774819 -3e-06 15.809766 -17.856806 6.217072 -0.609777 -1.795653 -3.889327 -4.807087 -11.046809 -2.93785 3e-06 -20.976015 1e-06 -5.019971 -25.033552 -4.03188 6e-06 -2e-06 -0.0 -10.634531 -5.686969 -3.565587 10.573271 -17.922949 -3.113899 2e-06 -13.821203 -0.0 -0.501777 -31.181498 -4.027017 -11.959184 -59.750057 7.810992 -13.982711 -7.150197 -2.875041 13.772726 -8.401491 -3.218241 0.347733 -34.211552 0.771654 -0.963029 -17.73337 2.62102 -0.0 1e-06 -1e-06 -17.346413 -20.095215 -4.201782 21.757555 -1.638374 3.866428 2e-06 -6.338824 -0.0 -1.697589 -22.591742 -6.194004 1e-06 -5e-06 -2e-06 20.87015 -67.250969 -179.363403 21.880409 -53.218647 6.607954 26.32695 0.157503 0.243977 -2.823715 7.50387 -23.66396 22.182119 -20.375904 49.933331 -16.701815 -16.743528 28.47654 -3e-06 -12.690601 -1e-06 15.828861 -17.840717 3.025232 -0.10592 -1.513857 -4.275882 -5.039042 -5.612873 -2.953558 4e-06 -11.020525 -1e-06 -6.1113 -15.895336 -3.840472 0.0 1e-06 -0.0 -10.283371 -5.68029 -4.34184 11.028296 -11.302407 -2.372633 -1.384269 -14.238585 -6.320122 -0.625438 -26.924198 -3.827604 -4.042706 -49.775742 -3.563606 -13.708526 -7.363478 -3.720942 18.141148 -14.05274 -3.242674 4e-06 -18.78727 -0.0 -0.429713 -8.456045 2.555504 -1e-06 -0.0 -1e-06 -15.923536 -20.094486 -5.473588 30.419214 -7.190825 1.735926 2e-06 -8.162929 1e-06 -1.861903 -22.861473 -6.167942 -0.0 -3e-06 -1e-06 -179.484268 -0.351779 -6.343629 5.881155 0.024549 -0.005013 -77.005806 -2.270823 -4.17063 -4.28528 1.431032 2.119169 -0.999999 0.0 0.0 1.408646 -3.527848 -1.183731 7.516858 -0.017705 0.036801 -79.811302 -8.505691 -7.676561 -3.978483 0.579151 1.662384 -1.000002 -1e-06 -0.0 
0.0 0.0 0.0 0.0 -0.0 0.0 -1.085555 100.411926 0.924813 91.496666 -2.341785 89.538399 -4.68215 -0.319713 -0.163483 -12.727995 -0.679755 -0.073666 17.377703 -0.416883 -2.129558 15.447806 -2.43843 2.548959 -2.535751 -0.731957 -4.27968 -28.349977 -1.240425 -6.57358 7e-06 0.0 -0.0 0.028325 0.04382 0.113223 0.093368 0.08812 0.12806 0.07689 -0.005913 0.100566 -141.136078 -68.232674 163.370483 41.560795 -50.109798 3.896338 18.283272 -0.060523 -0.086072 2.599621 0.318318 -20.006117 17.636631 -26.322729 52.411194 -19.46666 -14.395596 29.410385 -1e-06 -8.774821 -2e-06 15.814939 -17.835823 6.226352 -0.609777 -1.795654 -3.889327 -4.80709 -11.046811 -2.937849 4e-06 -20.976015 0.0 -5.01997 -25.033558 -4.031883 6e-06 -1e-06 1e-06 -10.634536 -5.686971 -3.565586 10.573275 -17.922951 -3.1139 3e-06 -13.821209 -1e-06 -0.501776 -31.181505 -4.027017 -11.994673 -59.79266 7.847363 -13.982716 -7.150198 -2.875041 13.772731 -8.401492 -3.218238 0.347735 -34.211555 0.771652 -0.963028 -17.73337 2.621019 1e-06 0.0 -1e-06 -17.346422 -20.095221 -4.20178 21.757561 -1.638374 3.866428 3e-06 -6.338825 1e-06 -1.697589 -22.591745 -6.194007 0.0 -4e-06 -1e-06 20.984844 -67.44799 -179.442566 22.144573 -53.341564 6.582625 26.385567 0.15962 0.224928 -2.795757 7.470228 -23.298304 22.182116 -20.375887 49.933304 -16.701813 -16.74353 28.476524 -3e-06 -12.690601 -1e-06 15.850305 -17.828842 3.004022 -0.105919 -1.513857 -4.275881 -5.039042 -5.612872 -2.953556 4e-06 -11.020524 -2e-06 -6.1113 -15.895334 -3.84047 -0.0 -1e-06 0.0 -10.283371 -5.680289 -4.341837 11.028296 -11.302406 -2.372633 -1.384269 -14.238583 -6.320121 -0.625438 -26.924198 -3.827602 -4.030874 -49.774624 -3.578652 -13.708524 -7.363477 -3.720938 18.141148 -14.052739 -3.242674 5e-06 -18.78727 -1e-06 -0.429711 -8.456043 2.555503 -2e-06 3e-06 -1e-06 -15.923536 -20.094484 -5.473582 30.41921 -7.190824 1.735927 2e-06 -8.162925 -0.0 -1.8619 -22.861471 -6.167944 1e-06 -3e-06 -1e-06 -179.735321 -0.403234 -6.324884 6.053389 0.031924 -0.008851 -77.030228 -2.287671 -4.244176 -4.326805 1.445186 2.118464 -0.999999 0.0 0.0 1.12016 -3.483257 -1.12109 7.74681 -0.011491 0.038153 -79.824783 -8.618071 -7.744471 -4.047764 0.579925 1.657453 -1.000001 -0.0 -0.0 
0.0 0.0 0.0 0.0 -0.0 0.0 -1.148515 100.414673 0.856676 91.490341 -2.480367 89.538689 -4.688129 -0.307389 -0.159293 -12.734572 -0.664818 -0.087404 17.300619 -0.388462 -2.134003 15.525051 -2.438482 2.514005 -2.564222 -0.726442 -4.168769 -28.502708 -1.174278 -6.493437 5e-06 -0.0 -0.0 0.021149 0.042734 0.11263 0.071359 0.081768 0.123287 0.056649 -0.001655 0.104327 -140.632996 -68.480698 162.803085 41.557796 -50.434746 4.049942 18.380882 -0.028088 -0.088429 2.716611 0.515965 -20.240782 17.636629 -26.322731 52.41119 -19.46666 -14.395597 29.410389 0.0 -8.774821 -3e-06 15.812682 -17.81427 6.244857 -0.609776 -1.795654 -3.889327 -4.807088 -11.046811 -2.937852 4e-06 -20.976019 0.0 -5.019971 -25.033556 -4.031883 5e-06 -3e-06 0.0 -10.634535 -5.686971 -3.565588 10.573275 -17.922951 -3.113902 3e-06 -13.821205 -1e-06 -0.501777 -31.181505 -4.027015 -12.003472 -59.844963 7.885365 -13.982716 -7.150198 -2.875043 13.77273 -8.401491 -3.218241 0.347734 -34.211555 0.771654 -0.963029 -17.733372 2.621019 0.0 -0.0 -1e-06 -17.346422 -20.095219 -4.201782 21.757561 -1.638375 3.866428 2e-06 -6.338825 1e-06 -1.697589 -22.591745 -6.194007 -0.0 -4e-06 -2e-06 21.16403 -67.719002 -179.588623 22.503592 -53.543571 6.455451 26.417715 0.156069 0.206512 -2.75424 7.450965 -22.765356 22.182114 -20.375883 49.933311 -16.701815 -16.743526 28.47653 -3e-06 -12.6906 -1e-06 15.879107 -17.830956 2.98979 -0.10592 -1.513857 -4.275881 -5.039042 -5.612871 -2.953556 5e-06 -11.02052 -3e-06 -6.111297 -15.895328 -3.840472 0.0 -0.0 -0.0 -10.283369 -5.680288 -4.341838 11.028295 -11.302404 -2.372634 -1.384268 -14.238578 -6.320121 -0.625436 -26.924185 -3.827604 -4.024333 -49.791603 -3.603119 -13.708524 -7.363476 -3.720939 18.14115 -14.052739 -3.242675 7e-06 -18.787268 -3e-06 -0.42971 -8.456041 2.555502 -2e-06 2e-06 -1e-06 -15.923534 -20.094482 -5.473585 30.41921 -7.190827 1.735926 4e-06 -8.162925 -1e-06 -1.861899 -22.861467 -6.167944 -0.0 -2e-06 -1e-06 179.884232 -0.470429 -6.256016 6.429901 0.038303 -0.018283 -77.138313 -2.318143 -4.324918 -4.380846 1.4613 2.118373 -0.999999 -0.0 0.0 0.724111 -3.436838 -1.062137 8.146856 -0.007259 0.049334 -79.939697 -8.766109 -7.833144 -4.144114 0.583141 1.652673 -1.000002 -1e-06 0.0 
0.0 0.0 0.0 0.0 -0.0 0.0 -1.205722 100.408463 0.765403 91.463501 -2.653711 89.564636 -4.669669 -0.303312 -0.153681 -12.744518 -0.652517 -0.104877 17.194435 -0.351393 -2.156569 15.595782 -2.380443 2.494512 -2.581163 -0.727671 -4.060121 -28.779396 -1.127499 -6.409589 6e-06 -0.0 -0.0 0.015839 0.042084 0.1093 0.055043 0.074357 0.115564 0.039739 0.004624 0.105253 -139.802887 -68.901138 161.902817 41.664341 -50.895836 4.133541 18.508759 0.022404 -0.091025 2.89403 0.74116 -20.405891 17.636627 -26.322733 52.41119 -19.466658 -14.395598 29.410389 -0.0 -8.774821 -2e-06 15.812224 -17.807756 6.273946 -0.609776 -1.795653 -3.889326 -4.807089 -11.04681 -2.93785 5e-06 -20.976019 -0.0 -5.019969 -25.033558 -4.03188 6e-06 -3e-06 0.0 -10.634534 -5.686971 -3.565588 10.573274 -17.922951 -3.1139 3e-06 -13.821205 -1e-06 -0.501777 -31.181505 -4.027017 -12.027659 -59.922806 7.960021 -13.982714 -7.150198 -2.875041 13.772729 -8.401492 -3.218239 0.347732 -34.211552 0.771656 -0.963029 -17.733372 2.621019 1e-06 -1e-06 -1e-06 -17.346416 -20.095217 -4.201782 21.757557 -1.638374 3.866427 1e-06 -6.338822 0.0 -1.69759 -22.591743 -6.194005 -0.0 -5e-06 -2e-06 21.461943 -68.117081 -179.859375 23.013407 -53.879147 6.125126 26.440475 0.122592 0.187701 -2.728732 7.525373 -22.157471 22.18211 -20.375895 49.933319 -16.701811 -16.743528 28.476528 -3e-06 -12.690598 -1e-06 15.911773 -17.826347 2.971282 -0.105919 -1.513856 -4.275882 -5.039042 -5.612871 -2.953556 3e-06 -11.020524 -2e-06 -6.111297 -15.895334 -3.84047 0.0 -1e-06 0.0 -10.283369 -5.680288 -4.341838 11.028293 -11.302405 -2.372633 -1.384269 -14.238579 -6.32012 -0.625439 -26.924187 -3.827601 -4.019761 -49.80621 -3.643542 -13.708523 -7.363475 -3.720939 18.141146 -14.052739 -3.242674 6e-06 -18.78727 -1e-06 -0.429711 -8.456043 2.555503 -1e-06 2e-06 -1e-06 -15.923536 -20.094482 -5.473584 30.41921 -7.190827 1.735925 3e-06 -8.162925 -1e-06 -1.861904 -22.861469 -6.167941 -0.0 -3e-06 -2e-06 179.178085 -0.586597 -6.097509 7.329797 0.039808 -0.016406 -77.448174 -2.381631 -4.430887 -4.452735 1.474319 2.117191 -0.999999 1e-06 0.0 0.144105 -3.363785 -0.986931 8.813586 -0.006715 0.061491 -80.143089 -8.970845 -7.938948 -4.255152 0.589765 1.649666 -1.000002 -0.0 0.0 
0.0 0.0 0.0 0.0 -0.0 0.0 -1.266085 100.362083 0.634755 91.397568 -2.864429 89.625977 -4.605595 -0.295741 -0.154823 -12.740088 -0.647453 -0.120616 17.027506 -0.295574 -2.18463 15.699412 -2.244781 2.486753 -2.593983 -0.723121 -3.95403 -29.281227 -1.130293 -6.308538 6e-06 -0.0 -0.0 0.014073 0.041881 0.103991 0.044855 0.067501 0.106576 0.028234 0.011158 0.103166 -138.487457 -69.587097 160.512283 41.974354 -51.588264 4.021018 18.649397 0.089167 -0.089114 3.129517 1.047272 -20.39934 17.636625 -26.322737 52.411205 -19.46666 -14.395598 29.410395 -0.0 -8.774821 -1e-06 15.799384 -17.800381 6.317585 -0.609775 -1.795653 -3.889329 -4.807087 -11.046807 -2.93785 4e-06 -20.976011 2e-06 -5.01997 -25.033552 -4.03188 6e-06 4e-06 -1e-06 -10.634533 -5.686969 -3.565588 10.573271 -17.922949 -3.113895 2e-06 -13.821205 1e-06 -0.501779 -31.181498 -4.027012 -12.026872 -59.997501 8.024695 -13.982712 -7.150196 -2.875042 13.772727 -8.401491 -3.218241 0.347731 -34.211544 0.771659 -0.963032 -17.73337 2.621023 1e-06 0.0 -1e-06 -17.346416 -20.095213 -4.201781 21.757557 -1.638376 3.866429 2e-06 -6.338824 1e-06 -1.697591 -22.591743 -6.194004 1e-06 -5e-06 -1e-06 22.047695 -68.746559 179.563416 23.759232 -54.472755 5.508017 26.500126 0.081387 0.17294 -2.714727 7.766102 -21.482737 22.182121 -20.375893 49.933319 -16.701809 -16.743526 28.476522 -3e-06 -12.6906 -1e-06 15.950208 -17.806412 2.938317 -0.10592 -1.513856 -4.275881 -5.039041 -5.612871 -2.953556 4e-06 -11.020521 -2e-06 -6.111297 -15.89533 -3.840471 0.0 0.0 -0.0 -10.283369 -5.680287 -4.341839 11.028294 -11.302403 -2.372632 -1.384269 -14.238581 -6.32012 -0.625437 -26.924187 -3.827602 -4.03417 -49.809467 -3.676009 -13.708525 -7.363475 -3.72094 18.141148 -14.052738 -3.242672 7e-06 -18.78727 -2e-06 -0.429713 -8.456042 2.555503 -1e-06 3e-06 -1e-06 -15.923536 -20.094482 -5.473584 30.41921 -7.190826 1.735928 5e-06 -8.162925 -1e-06 -1.861903 -22.861469 -6.167944 -0.0 -4e-06 -1e-06 177.86705 -0.794401 -5.8345 9.256291 0.035223 0.009628 -78.181389 -2.513634 -4.566463 -4.553628 1.48786 2.118541 -0.999999 0.0 -0.0 -0.844225 -3.243148 -0.924348 10.146529 -0.006421 0.068938 -80.631416 -9.212507 -8.034847 -4.376895 0.596321 1.648231 -1.000001 -0.0 -0.0 
0.0 0.0 0.0 0.0 -0.0 0.0 -1.332806 100.22905 0.44798 91.278168 -3.078462 89.736046 -4.450726 -0.278202 -0.17176 -12.706704 -0.64866 -0.117135 16.802782 -0.209381 -2.234617 15.833502 -2.051401 2.487413 -2.591895 -0.726499 -3.857238 -30.054459 -1.167384 -6.238076 6e-06 -0.0 -0.0 0.012394 0.042533 0.097755 0.03563 0.064131 0.097374 0.018112 0.015881 0.099777 -136.44014 -70.56382 158.404663 42.620087 -52.528969 3.574432 18.824396 0.176184 -0.083303 3.335304 1.475872 -20.071573 17.636627 -26.322733 52.41119 -19.466661 -14.395596 29.410389 0.0 -8.774821 -2e-06 15.77054 -17.819214 6.372375 -0.609776 -1.795654 -3.889326 -4.807089 -11.04681 -2.937851 4e-06 -20.976015 1e-06 -5.019971 -25.033556 -4.03188 6e-06 1e-06 0.0 -10.634533 -5.68697 -3.565587 10.573271 -17.922951 -3.113901 2e-06 -13.821205 0.0 -0.501778 -31.181501 -4.027016 -12.037105 -60.034843 8.09527 -13.982712 -7.150197 -2.875041 13.772727 -8.401491 -3.21824 0.347734 -34.211552 0.771652 -0.963029 -17.73337 2.621019 0.0 -0.0 -1e-06 -17.346416 -20.095217 -4.201782 21.757557 -1.638375 3.866429 3e-06 -6.338825 -1e-06 -1.697588 -22.591745 -6.194005 -0.0 -3e-06 -3e-06 23.019964 -69.694107 178.574234 24.814949 -55.41198 4.549612 26.670696 0.073496 0.173477 -2.735747 8.234417 -20.760166 22.182114 -20.375895 49.933319 -16.701811 -16.74353 28.476528 -3e-06 -12.6906 -1e-06 15.98462 -17.774923 2.896412 -0.105919 -1.513856 -4.275881 -5.03904 -5.61287 -2.953557 4e-06 -11.020521 -2e-06 -6.111297 -15.89533 -3.840471 -0.0 -0.0 0.0 -10.283369 -5.680288 -4.341838 11.028295 -11.302404 -2.372633 -1.384268 -14.238579 -6.320121 -0.625438 -26.924191 -3.827601 -4.063297 -49.809116 -3.693344 -13.708525 -7.363475 -3.720939 18.14115 -14.052739 -3.242674 6e-06 -18.787268 -1e-06 -0.429713 -8.456043 2.555502 -1e-06 2e-06 -1e-06 -15.923532 -20.094482 -5.473584 30.41921 -7.190826 1.735925 5e-06 -8.162925 -0.0 -1.861902 -22.861471 -6.167941 -0.0 -5e-06 -2e-06 175.957809 -1.098253 -5.499231 12.256116 0.024659 0.035229 -79.382034 -2.647845 -4.68473 -4.681506 1.493988 2.120684 -0.999998 -0.0 -0.0 -2.32905 -3.065498 -0.909793 12.380958 -0.01388 0.07109 -81.549294 -9.485136 -8.09929 -4.513291 0.606924 1.650533 -1.000001 0.0 -0.0 
0.0 0.0 0.0 0.0 -0.0 0.0 -1.396192 99.959282 0.206685 91.115318 -3.245303 89.878418 -4.173502 -0.248903 -0.193392 -12.624351 -0.654077 -0.087026 16.547108 -0.088366 -2.308931 15.949346 -1.829292 2.495442 -2.575342 -0.741141 -3.797289 -31.096561 -1.230867 -6.212299 6e-06 -0.0 -1e-06 0.011236 0.045309 0.097075 0.031106 0.064074 0.093243 0.014376 0.02144 0.102533 -133.415222 -71.81842 155.329147 43.700546 -53.746952 2.580807 19.03758 0.289576 -0.067137 3.474164 2.069426 -19.40218 17.636637 -26.322725 52.411182 -19.466663 -14.395597 29.410389 0.0 -8.774822 -5e-06 15.737238 -17.862759 6.413983 -0.609775 -1.795654 -3.889327 -4.80709 -11.046811 -2.93785 4e-06 -20.976017 -1e-06 -5.019969 -25.033556 -4.031884 6e-06 2e-06 0.0 -10.634537 -5.686972 -3.565588 10.573276 -17.922955 -3.1139 3e-06 -13.821209 1e-06 -0.501776 -31.181507 -4.027019 -12.049314 -60.062534 8.151674 -13.982712 -7.150198 -2.875041 13.772729 -8.401491 -3.21824 0.347735 -34.211555 0.771652 -0.963028 -17.733368 2.621019 0.0 0.0 -1e-06 -17.346416 -20.095217 -4.201784 21.757557 -1.638376 3.866431 2e-06 -6.338825 1e-06 -1.697589 -22.591749 -6.194008 -1e-06 -2e-06 -2e-06 24.550531 -71.045662 176.988754 26.319481 -56.780201 3.022764 26.963272 0.087058 0.186793 -2.793838 8.935023 -20.038412 22.182116 -20.375885 49.9333 -16.701818 -16.74353 28.47653 -3e-06 -12.6906 -1e-06 16.011707 -17.762901 2.850701 -0.105919 -1.513857 -4.275881 -5.039041 -5.612872 -2.953557 4e-06 -11.020525 -2e-06 -6.111298 -15.895336 -3.840471 0.0 -1e-06 0.0 -10.28337 -5.680288 -4.341838 11.028294 -11.302406 -2.372634 -1.384269 -14.238583 -6.320121 -0.625438 -26.924191 -3.827603 -4.087928 -49.788414 -3.705948 -13.708527 -7.363478 -3.720938 18.141151 -14.052741 -3.242676 7e-06 -18.78727 -4e-06 -0.429712 -8.456045 2.555502 -0.0 2e-06 -0.0 -15.923536 -20.094484 -5.473583 30.419214 -7.190826 1.735925 6e-06 -8.162926 -1e-06 -1.861902 -22.861467 -6.167942 0.0 -5e-06 -1e-06 173.741669 -1.455307 -5.123892 16.006586 0.012962 0.048592 -80.999321 -2.785835 -4.77189 -4.814548 1.496091 2.12598 -0.999998 -0.0 0.0 -4.194266 -2.873662 -0.995991 15.504779 -0.03242 0.073866 -82.94886 -9.731069 -8.151451 -4.675463 0.618089 1.655057 -1.000001 -0.0 0.0 
0.0 0.0 0.0 0.0 -0.0 0.0 -1.446152 99.487068 -0.080058 90.948174 -3.31963 90.007454 -3.745971 -0.224271 -0.222021 -12.456804 -0.660509 -0.030956 16.271332 0.052467 -2.359377 15.987964 -1.615249 2.517509 -2.550634 -0.751736 -3.807235 -32.375484 -1.358771 -6.184968 7e-06 -0.0 -0.0 0.012489 0.050326 0.102655 0.037064 0.068181 0.094562 0.021044 0.027107 0.111961 -129.169678 -73.259689 151.014297 45.226471 -55.218983 0.973059 19.353931 0.402646 -0.048655 3.552199 2.897445 -18.486107 17.636635 -26.322733 52.41119 -19.466661 -14.395597 29.410389 -1e-06 -8.774822 -2e-06 15.686584 -17.913202 6.445489 -0.609777 -1.795654 -3.889327 -4.807089 -11.046812 -2.937849 5e-06 -20.976019 -1e-06 -5.019972 -25.03356 -4.031881 6e-06 2e-06 1e-06 -10.634535 -5.68697 -3.565587 10.573274 -17.922951 -3.1139 2e-06 -13.821208 2e-06 -0.501777 -31.181505 -4.027017 -12.08574 -60.09288 8.196779 -13.982713 -7.150198 -2.875042 13.772729 -8.401491 -3.218241 0.347733 -34.211552 0.771655 -0.963028 -17.733372 2.62102 1e-06 1e-06 -2e-06 -17.346416 -20.095217 -4.201784 21.757557 -1.638374 3.866428 1e-06 -6.338824 -0.0 -1.697588 -22.591743 -6.194008 -0.0 -4e-06 -2e-06 26.7521 -72.781067 174.640656 28.31275 -58.545696 0.864363 27.398588 0.079168 0.206824 -2.851779 9.783469 -19.431557 22.182117 -20.375895 49.933319 -16.701813 -16.743526 28.476528 -3e-06 -12.690598 -1e-06 16.033575 -17.783411 2.802909 -0.105919 -1.513856 -4.275881 -5.039039 -5.612871 -2.953557 3e-06 -11.020523 -2e-06 -6.111297 -15.895334 -3.84047 -0.0 1e-06 0.0 -10.283367 -5.680287 -4.341839 11.02829 -11.302403 -2.372632 -1.384267 -14.238575 -6.32012 -0.625438 -26.924185 -3.8276 -4.098946 -49.737553 -3.725471 -13.708522 -7.363475 -3.72094 18.141144 -14.052738 -3.242673 7e-06 -18.78727 -2e-06 -0.429711 -8.456042 2.555503 -0.0 2e-06 -0.0 -15.923532 -20.094482 -5.473586 30.419207 -7.190825 1.735925 4e-06 -8.162927 -0.0 -1.861903 -22.861469 -6.167941 1e-06 -5e-06 -1e-06 171.231689 -1.824314 -4.73689 20.554487 0.004004 0.066258 -83.046089 -2.909191 -4.834611 -4.963898 1.497798 2.133669 -0.999998 0.0 0.0 -6.476749 -2.737353 -1.216147 19.686384 -0.054595 0.072491 -84.902847 -9.84988 -8.181986 -4.866386 0.62225 1.659507 -1.000002 1e-06 -0.0 
0.0 0.0 0.0 0.0 -0.0 0.0 -1.470701 98.74839 -0.422359 90.874512 -3.266613 90.094215 -3.154045 -0.25601 -0.255109 -12.190579 -0.660855 0.050804 16.005436 0.172829 -2.37086 15.874837 -1.44372 2.532244 -2.515244 -0.761846 -3.864071 -33.843636 -1.495835 -6.111156 6e-06 -0.0 -1e-06 0.018935 0.056801 0.113788 0.04465 0.075787 0.098405 0.031428 0.03165 0.129305 -123.579391 -74.773293 145.33725 47.156456 -56.871059 -1.27303 19.910385 0.505729 -0.016365 3.551481 3.904227 -17.375864 17.636627 -26.322723 52.411182 -19.46665 -14.395596 29.410378 0.0 -8.774821 -3e-06 15.663101 -17.979465 6.449974 -0.609776 -1.795654 -3.889324 -4.807088 -11.046809 -2.937848 4e-06 -20.976013 -1e-06 -5.019973 -25.033556 -4.03188 6e-06 3e-06 0.0 -10.634533 -5.686971 -3.565586 10.573271 -17.922947 -3.113899 2e-06 -13.821206 1e-06 -0.50178 -31.181498 -4.027014 -12.175469 -60.178654 8.249779 -13.982712 -7.150198 -2.87504 13.772728 -8.401489 -3.218242 0.34773 -34.211552 0.771656 -0.963029 -17.733372 2.621017 1e-06 0.0 -1e-06 -17.346416 -20.095217 -4.20178 21.757557 -1.638373 3.866429 1e-06 -6.338823 0.0 -1.697592 -22.59174 -6.194006 -1e-06 -2e-06 -1e-06 29.766319 -74.858551 171.410019 30.948586 -60.617405 -2.008836 27.963312 0.090338 0.245486 -2.851354 10.584184 -19.038391 22.182108 -20.375887 49.933308 -16.701807 -16.743528 28.476524 -3e-06 -12.690599 -0.0 16.055529 -17.8417 2.762561 -0.10592 -1.513856 -4.27588 -5.039041 -5.612869 -2.953556 4e-06 -11.02052 -2e-06 -6.111296 -15.89533 -3.840471 -0.0 1e-06 0.0 -10.283368 -5.680286 -4.341838 11.028291 -11.302402 -2.372632 -1.384266 -14.238575 -6.32012 -0.625437 -26.924183 -3.8276 -4.1363 -49.663204 -3.744538 -13.708523 -7.363474 -3.720938 18.141148 -14.052736 -3.242674 8e-06 -18.787266 -2e-06 -0.429711 -8.45604 2.555504 -1e-06 2e-06 0.0 -15.923532 -20.094479 -5.473584 30.419207 -7.190826 1.735924 4e-06 -8.162922 -1e-06 -1.861901 -22.861465 -6.167941 1e-06 -5e-06 -2e-06 168.464157 -2.066047 -4.281456 25.859827 -0.010704 0.09366 -85.42926 -3.075745 -4.869664 -5.150316 1.516699 2.148014 -1.0 0.0 -0.0 -9.164209 -2.800427 -1.57284 24.923569 -0.067226 0.063509 -87.384148 -9.775703 -8.135229 -5.106602 0.608508 1.659584 -1.000002 -1e-06 0.0 
0.0 0.0 0.0 0.0 -0.0 0.0 -1.461202 97.70517 -0.80139 90.937645 -3.094504 90.143997 -2.434145 -0.368414 -0.28354 -11.859246 -0.649621 0.14584 15.826215 0.239833 -2.362525 15.519476 -1.325922 2.563503 -2.488085 -0.802614 -3.94082 -35.199806 -1.605943 -6.036994 6e-06 -0.0 -1e-06 0.025728 0.062471 0.123234 0.052933 0.082438 0.100927 0.042709 0.035004 0.144326 -117.732452 -76.042984 139.433426 49.088524 -58.278561 -3.725921 20.784744 0.545075 0.022322 3.536455 4.795227 -16.361155 17.636629 -26.322721 52.411182 -19.466665 -14.395598 29.410389 -0.0 -8.774822 -4e-06 15.691051 -18.044699 6.429977 -0.609777 -1.795654 -3.889327 -4.80709 -11.046813 -2.93785 5e-06 -20.976019 -2e-06 -5.019969 -25.03356 -4.031885 6e-06 0.0 1e-06 -10.634536 -5.686973 -3.565587 10.573274 -17.922953 -3.113901 3e-06 -13.821209 -1e-06 -0.501773 -31.181507 -4.027022 -12.35289 -60.304115 8.337717 -13.982714 -7.150199 -2.875042 13.77273 -8.401492 -3.218241 0.347735 -34.211552 0.771651 -0.963025 -17.733372 2.621015 1e-06 1e-06 -1e-06 -17.34642 -20.095219 -4.201782 21.757559 -1.638373 3.866427 0.0 -6.338825 1e-06 -1.697588 -22.591749 -6.194009 -0.0 -2e-06 -0.0 32.846508 -76.819641 168.152206 33.90546 -62.387112 -5.359541 28.671711 0.058768 0.264098 -2.686247 11.001871 -18.830395 22.182121 -20.375896 49.933319 -16.701817 -16.74353 28.476532 -3e-06 -12.690602 -1e-06 16.081783 -17.927526 2.75996 -0.10592 -1.513856 -4.275881 -5.03904 -5.612871 -2.953557 4e-06 -11.020525 -2e-06 -6.111296 -15.895334 -3.840471 0.0 1e-06 0.0 -10.28337 -5.680288 -4.341839 11.028296 -11.302407 -2.372633 -1.384267 -14.238583 -6.320122 -0.625438 -26.924194 -3.8276 -4.209609 -49.653797 -3.736514 -13.708526 -7.363476 -3.720939 18.14115 -14.052741 -3.242675 9e-06 -18.787273 -3e-06 -0.429712 -8.456044 2.555504 -1e-06 2e-06 -0.0 -15.923536 -20.094482 -5.473585 30.419218 -7.190829 1.735926 5e-06 -8.162929 -1e-06 -1.861902 -22.861475 -6.167942 0.0 -5e-06 -2e-06 165.558807 -2.091517 -3.744846 31.686628 -0.037027 0.127631 -88.05378 -3.326024 -4.794599 -5.352952 1.552262 2.164442 -0.999998 0.0 0.0 -12.1047 -3.142046 -2.034068 30.924885 -0.067453 0.042422 -90.240883 -9.533664 -7.97079 -5.369167 0.580679 1.655903 -1.000002 0.0 -0.0 
0.0 0.0 0.0 0.0 -0.0 0.0 -1.419367 96.294762 -1.189697 91.085876 -2.80913 90.218971 -1.644744 -0.528823 -0.294354 -11.500766 -0.63081 0.21114 15.805219 0.25847 -2.368721 14.908381 -1.263989 2.593102 -2.483555 -0.879412 -3.969075 -36.251606 -1.682305 -5.934321 6e-06 0.0 0.0 0.027686 0.068554 0.132756 0.071896 0.085956 0.109244 0.06286 0.042123 0.153698 -113.721939 -76.896248 135.444702 50.549133 -59.077942 -5.924504 21.815111 0.488208 0.05143 3.71804 5.343158 -15.604426 17.63662 -26.322721 52.411182 -19.46666 -14.395597 29.410385 -1e-06 -8.77482 -4e-06 15.736283 -18.065432 6.394311 -0.609777 -1.795654 -3.889326 -4.807089 -11.046808 -2.937849 4e-06 -20.976011 0.0 -5.019969 -25.033548 -4.031882 6e-06 2e-06 1e-06 -10.634534 -5.68697 -3.565587 10.573271 -17.922947 -3.113899 2e-06 -13.821205 1e-06 -0.501778 -31.181498 -4.027017 -12.520132 -60.386734 8.423973 -13.982711 -7.150197 -2.87504 13.772725 -8.401489 -3.218239 0.347733 -34.211536 0.771654 -0.963028 -17.733368 2.621017 0.0 -1e-06 -2e-06 -17.346413 -20.095211 -4.20178 21.757555 -1.638374 3.866427 0.0 -6.338824 0.0 -1.697589 -22.591738 -6.194004 -0.0 -3e-06 -2e-06 34.669197 -78.106056 166.242737 36.612808 -63.207001 -8.43574 29.391113 -0.043011 0.240281 -2.342579 10.891323 -18.658756 22.182116 -20.375889 49.933308 -16.701817 -16.74353 28.476526 -3e-06 -12.6906 -1e-06 16.106487 -17.99832 2.780962 -0.10592 -1.513856 -4.275881 -5.039041 -5.61287 -2.953556 4e-06 -11.02052 -2e-06 -6.111298 -15.89533 -3.84047 -0.0 1e-06 0.0 -10.283369 -5.680287 -4.341837 11.028293 -11.302403 -2.372633 -1.384269 -14.238579 -6.32012 -0.625437 -26.924187 -3.827601 -4.292775 -49.677502 -3.69258 -13.708527 -7.363476 -3.720938 18.14115 -14.052738 -3.242675 7e-06 -18.787268 -3e-06 -0.429711 -8.456041 2.555504 -1e-06 3e-06 -0.0 -15.923539 -20.094482 -5.473583 30.419214 -7.190824 1.735926 4e-06 -8.162925 -2e-06 -1.861902 -22.861469 -6.167942 -1e-06 -4e-06 -2e-06 162.536209 -1.928154 -3.09087 38.004196 -0.062491 0.152341 -91.01545 -3.626707 -4.545533 -5.522463 1.593565 2.17961 -1.0 0.0 -0.0 -15.312104 -3.729131 -2.530781 37.782047 -0.049701 0.002885 -93.309105 -9.111526 -7.818951 -5.629195 0.552284 1.650818 -1.000003 -0.0 -0.0 
0.0 0.0 0.0 0.0 -0.0 0.0 -1.358485 94.427887 -1.548188 91.260101 -2.416924 90.365639 -0.835916 -0.698738 -0.28708 -11.116693 -0.624042 0.222776 15.964144 0.253222 -2.414145 14.109282 -1.225472 2.644029 -2.504908 -0.955719 -3.935076 -37.123375 -1.714229 -5.75118 5e-06 0.0 0.0 0.027469 0.075949 0.145954 0.089856 0.088978 0.12388 0.084364 0.052328 0.165097 -112.880272 -77.369537 134.588135 51.360092 -59.247253 -7.71074 22.768147 0.301414 0.069927 4.26173 5.388458 -15.23711 17.636625 -26.322718 52.411182 -19.466665 -14.395597 29.410389 -0.0 -8.774822 -3e-06 15.736807 -18.010344 6.369637 -0.609776 -1.795654 -3.889328 -4.807088 -11.046811 -2.93785 5e-06 -20.976019 -3e-06 -5.019969 -25.033556 -4.031881 7e-06 1e-06 0.0 -10.634534 -5.686971 -3.565586 10.573272 -17.922951 -3.113902 3e-06 -13.821206 -2e-06 -0.501772 -31.181505 -4.027021 -12.611974 -60.38327 8.489513 -13.982713 -7.150198 -2.87504 13.77273 -8.401491 -3.218242 0.347735 -34.211544 0.77165 -0.963027 -17.73337 2.621016 -0.0 -1e-06 -1e-06 -17.346422 -20.095221 -4.20178 21.757561 -1.638374 3.866427 -0.0 -6.338824 -0.0 -1.697587 -22.591743 -6.194009 0.0 -1e-06 -2e-06 34.169201 -78.54348 166.715118 38.699162 -62.918324 -10.793356 29.922062 -0.155018 0.224926 -1.864817 10.257564 -18.530773 22.18211 -20.375891 49.933319 -16.701811 -16.743528 28.476528 -3e-06 -12.6906 -1e-06 16.102097 -18.015497 2.815711 -0.10592 -1.513856 -4.27588 -5.039042 -5.612872 -2.953557 4e-06 -11.020523 -3e-06 -6.111298 -15.895334 -3.840472 -0.0 1e-06 -0.0 -10.283371 -5.680288 -4.341837 11.028294 -11.302404 -2.372633 -1.384269 -14.238583 -6.320121 -0.625438 -26.924191 -3.827601 -4.31956 -49.600464 -3.688124 -13.708524 -7.363475 -3.720939 18.141146 -14.052739 -3.242674 7e-06 -18.78727 -4e-06 -0.429711 -8.456042 2.555503 -1e-06 3e-06 1e-06 -15.923536 -20.094482 -5.473582 30.41921 -7.190826 1.735926 4e-06 -8.162925 -2e-06 -1.861899 -22.861467 -6.167943 0.0 -4e-06 -2e-06 159.33519 -1.665788 -2.407869 44.979679 -0.077107 0.171589 -94.402771 -3.891281 -4.245718 -5.537705 1.633443 2.193477 -1.0 0.0 0.0 -18.670042 -4.52204 -3.067461 45.335049 -0.014608 -0.027423 -96.627296 -8.480736 -7.759228 -5.89124 0.529971 1.648936 -1.000002 -1e-06 0.0 
0.0 0.0 0.0 0.0 -0.0 0.0 -1.300402 92.092041 -1.839693 91.425781 -1.927209 90.541183 -0.062133 -0.852742 -0.301554 -10.742734 -0.605894 0.234262 16.341879 0.231164 -2.477296 13.155157 -1.134644 2.707822 -2.449047 -1.003018 -3.721725 -38.027225 -1.826712 -5.577625 6e-06 0.0 -1e-06 0.0331 0.098833 0.18753 0.104193 0.118646 0.167492 0.093873 0.067451 0.204135 -115.612076 -77.574898 137.360535 51.619926 -58.719521 -8.925641 23.492935 0.151993 0.116988 5.18985 4.885542 -15.66513 17.636629 -26.322731 52.41119 -19.46666 -14.395598 29.410385 -1e-06 -8.774821 -1e-06 15.724112 -17.81616 6.342399 -0.609777 -1.795654 -3.889325 -4.807086 -11.046809 -2.937849 6e-06 -20.976013 0.0 -5.019967 -25.033548 -4.03188 6e-06 2e-06 0.0 -10.634532 -5.686969 -3.565587 10.573271 -17.922951 -3.113898 4e-06 -13.821205 0.0 -0.501775 -31.181505 -4.027015 -12.483251 -60.476757 8.535821 -13.982711 -7.150196 -2.875042 13.772727 -8.401491 -3.21824 0.347735 -34.211544 0.771656 -0.963028 -17.733366 2.621019 1e-06 1e-06 -1e-06 -17.346411 -20.095211 -4.201783 21.757553 -1.638375 3.866426 1e-06 -6.338823 -0.0 -1.697587 -22.591738 -6.194005 -1e-06 -2e-06 -2e-06 31.65498 -78.212677 169.421936 40.239338 -61.640709 -12.634856 30.207705 -0.144997 0.21225 -1.279516 9.26385 -18.569624 22.182106 -20.375898 49.933323 -16.701805 -16.743525 28.476528 -3e-06 -12.690597 -0.0 16.04146 -17.974573 2.877176 -0.10592 -1.513856 -4.275881 -5.039041 -5.61287 -2.953557 4e-06 -11.02052 -2e-06 -6.111296 -15.89533 -3.840471 -0.0 1e-06 -0.0 -10.283368 -5.680287 -4.341839 11.028291 -11.302402 -2.372632 -1.384268 -14.238577 -6.32012 -0.625437 -26.924183 -3.827599 -4.539124 -49.660488 -3.557357 -13.708522 -7.363474 -3.72094 18.141146 -14.052738 -3.242674 8e-06 -18.787266 -2e-06 -0.429712 -8.456044 2.555504 -1e-06 -1e-06 -1e-06 -15.923528 -20.094479 -5.473586 30.419205 -7.190824 1.735925 2e-06 -8.162925 -1e-06 -1.8619 -22.861464 -6.167941 0.0 -5e-06 -2e-06 156.041504 -1.415755 -1.863476 52.499954 -0.089073 0.17714 -98.082115 -4.100737 -3.883266 -5.383365 1.663462 2.190567 -0.999999 0.0 -0.0 -22.042887 -5.492301 -3.581776 53.348591 0.073213 -0.075558 -100.05957 -7.877675 -7.915032 -6.149464 0.49249 1.651379 -1.000002 0.0 -0.0 
0.0 0.0 0.0 0.0 -0.0 0.0 -1.250417 89.370834 -2.041212 91.639069 -1.496965 90.723297 0.586885 -0.952144 -0.242164 -10.43856 -0.673396 0.090405 16.890863 0.149614 -2.496575 12.195631 -1.063186 2.777657 -2.540215 -1.011795 -3.572345 -38.863159 -1.794825 -5.259404 7e-06 0.0 0.0 0.017193 0.084264 0.142895 0.165156 0.100267 0.140357 0.15126 0.055669 0.143684 -119.209366 -77.366585 140.854599 51.992027 -57.890656 -10.549952 23.838654 -0.137084 0.078808 6.384504 4.126091 -16.707966 17.636616 -26.322721 52.411182 -19.466656 -14.395597 29.410385 -0.0 -8.774817 -1e-06 15.704997 -17.753979 6.37083 -0.609775 -1.795653 -3.889325 -4.807087 -11.046807 -2.93785 4e-06 -20.976015 -0.0 -5.019969 -25.033552 -4.03188 6e-06 2e-06 1e-06 -10.634529 -5.686969 -3.565587 10.573269 -17.922947 -3.1139 2e-06 -13.821205 0.0 -0.501777 -31.181498 -4.027015 -12.546236 -60.447659 8.508105 -13.982708 -7.150197 -2.875042 13.772726 -8.40149 -3.218242 0.347735 -34.211544 0.771655 -0.963028 -17.733366 2.621017 -1e-06 -0.0 -1e-06 -17.346409 -20.095211 -4.20178 21.757551 -1.638374 3.866425 1e-06 -6.338822 0.0 -1.697587 -22.591738 -6.194007 -0.0 -3e-06 -3e-06 28.463943 -77.555641 172.478958 41.125954 -60.254318 -14.817959 29.914804 -0.354952 0.182962 -0.799038 8.377339 -18.886127 22.182112 -20.375891 49.933304 -16.701809 -16.743526 28.476524 -3e-06 -12.690598 -1e-06 16.06883 -18.074459 2.881679 -0.10592 -1.513856 -4.27588 -5.03904 -5.612869 -2.953556 3e-06 -11.02052 -1e-06 -6.111296 -15.895329 -3.84047 0.0 1e-06 0.0 -10.283368 -5.680287 -4.341838 11.028292 -11.302402 -2.372632 -1.384268 -14.238577 -6.32012 -0.625437 -26.924187 -3.827601 -4.376398 -49.626713 -3.615864 -13.708522 -7.363474 -3.720938 18.141144 -14.052735 -3.242672 6e-06 -18.787264 -1e-06 -0.429712 -8.456043 2.555502 -1e-06 0.0 -0.0 -15.923534 -20.094479 -5.473582 30.419205 -7.190824 1.735925 3e-06 -8.162922 -1e-06 -1.861903 -22.86146 -6.167939 0.0 -1e-06 -1e-06 152.785416 -1.235899 -1.628229 59.993942 -0.064662 0.119946 -102.059845 -3.931643 -3.701751 -4.985778 1.614889 2.192368 -0.999999 1e-06 -0.0 -25.340137 -6.473285 -3.868914 61.278294 0.033244 -0.045309 -103.735619 -7.285695 -8.043284 -6.1592 0.483787 1.633929 -1.000002 1e-06 -0.0 
0.0 0.0 0.0 0.0 -0.0 0.0 -1.236106 86.654884 -2.128888 92.054443 -0.931143 90.978142 1.267192 -1.083226 -0.26771 -10.108347 -0.707708 0.067227 17.435513 -0.175889 -2.532765 11.334696 -0.841303 2.767465 -2.449445 -0.962326 -3.390801 -39.986027 -1.797309 -5.051518 6e-06 0.0 -1e-06 0.033855 0.100217 0.180368 0.18212 0.124298 0.17166 0.167206 0.0627 0.187519 -122.171974 -77.52372 143.743805 52.757282 -57.151844 -13.438299 23.660091 -0.319295 0.068616 7.558507 3.901901 -18.929483 17.636633 -26.322735 52.411201 -19.466665 -14.395598 29.410395 -1e-06 -8.774822 -1e-06 15.540998 -17.560762 6.456184 -0.609774 -1.795653 -3.889328 -4.807089 -11.046813 -2.937851 4e-06 -20.976021 0.0 -5.019972 -25.033562 -4.031882 6e-06 -0.0 1e-06 -10.634535 -5.686971 -3.565589 10.573276 -17.922951 -3.1139 3e-06 -13.821213 1e-06 -0.501776 -31.181505 -4.027017 -12.362369 -60.540829 8.498351 -13.982715 -7.150198 -2.875041 13.772733 -8.401493 -3.218243 0.347735 -34.211559 0.771657 -0.963029 -17.73337 2.621022 -0.0 -1e-06 -1e-06 -17.346422 -20.095221 -4.201784 21.757566 -1.638377 3.866429 2e-06 -6.338826 1e-06 -1.69759 -22.591751 -6.194009 1e-06 -4e-06 -1e-06 27.140106 -77.147552 173.843704 42.521137 -59.317368 -18.065712 29.352257 -0.368475 0.171764 -0.442862 8.052766 -19.817858 22.182121 -20.375898 49.933331 -16.701818 -16.743532 28.476538 -3e-06 -12.690605 -1e-06 15.932656 -18.094641 2.907434 -0.105921 -1.513857 -4.275883 -5.039043 -5.612873 -2.953557 5e-06 -11.020527 -2e-06 -6.1113 -15.895336 -3.840472 -0.0 1e-06 -0.0 -10.283373 -5.68029 -4.34184 11.028297 -11.302407 -2.372633 -1.38427 -14.238585 -6.320124 -0.625435 -26.924202 -3.827605 -4.470259 -49.677799 -3.58303 -13.708528 -7.363479 -3.72094 18.141151 -14.052742 -3.242675 7e-06 -18.787275 -3e-06 -0.429711 -8.456044 2.555503 -1e-06 -0.0 -0.0 -15.923539 -20.09449 -5.473587 30.419222 -7.190827 1.735927 2e-06 -8.162927 -1e-06 -1.861899 -22.861469 -6.167945 0.0 -4e-06 -1e-06 150.1306 -1.023913 -1.781521 66.772186 -0.048626 0.066338 -105.435471 -3.520496 -3.356336 -4.827237 1.609636 2.173493 -0.999998 0.0 -0.0 -28.065281 -7.897539 -4.198411 68.641342 0.109856 -0.084132 -106.713737 -7.000524 -8.391042 -6.456638 0.463981 1.631611 -1.000003 -0.0 -0.0 
0.0 0.0 0.0 0.0 -0.0 0.0 -1.221778 84.237198 -2.105565 92.508347 -0.355288 91.271599 1.904746 -1.178856 -0.255776 -9.815828 -0.759543 0.008006 17.958323 -0.587399 -2.599212 10.659464 -0.598615 2.721364 -2.458405 -0.934147 -3.290402 -40.730625 -1.731294 -4.999493 7e-06 0.0 0.0 0.035557 0.096092 0.176605 0.195549 0.118245 0.168333 0.182374 0.05991 0.184263 -124.237984 -77.712982 145.513336 53.450027 -56.518093 -17.877876 22.929453 -0.52791 0.016378 8.332674 4.096916 -22.031355 17.636623 -26.322742 52.411205 -19.466663 -14.395598 29.410395 -0.0 -8.774821 -1e-06 15.373775 -17.409058 6.630289 -0.609777 -1.795654 -3.889328 -4.807088 -11.046811 -2.937851 4e-06 -20.976019 -1e-06 -5.019969 -25.03356 -4.031881 6e-06 1e-06 -0.0 -10.634531 -5.68697 -3.565588 10.573271 -17.922951 -3.113901 1e-06 -13.821211 1e-06 -0.501778 -31.181507 -4.027016 -12.384768 -60.598873 8.570804 -13.982712 -7.150198 -2.875043 13.772728 -8.401492 -3.218242 0.347732 -34.211555 0.771657 -0.96303 -17.733376 2.621018 0.0 -1e-06 -2e-06 -17.346418 -20.095219 -4.201781 21.757557 -1.638375 3.866426 0.0 -6.338825 2e-06 -1.697589 -22.591745 -6.194005 0.0 -3e-06 -2e-06 26.780268 -77.07901 174.039948 43.378254 -58.928646 -21.786171 28.690329 -0.509307 0.151147 -0.391959 8.298539 -21.176601 22.182114 -20.375898 49.933327 -16.701815 -16.743528 28.476532 -4e-06 -12.690603 -0.0 15.778399 -18.101673 2.956863 -0.10592 -1.513857 -4.275882 -5.039041 -5.612872 -2.953556 4e-06 -11.020527 -2e-06 -6.1113 -15.895338 -3.840471 1e-06 1e-06 0.0 -10.283371 -5.680289 -4.341839 11.028296 -11.302406 -2.372633 -1.384268 -14.238584 -6.320122 -0.625439 -26.924192 -3.8276 -4.348091 -49.709743 -3.595237 -13.708526 -7.363477 -3.720939 18.141151 -14.052742 -3.242676 7e-06 -18.787273 -2e-06 -0.429713 -8.456043 2.555504 -2e-06 1e-06 -1e-06 -15.923534 -20.094484 -5.473585 30.419214 -7.190826 1.735925 2e-06 -8.162927 -1e-06 -1.861902 -22.861473 -6.167943 0.0 -3e-06 -2e-06 148.15567 -0.831113 -2.050698 72.372437 -0.021927 0.002185 -108.116425 -3.055343 -2.969783 -4.698194 1.569146 2.155934 -0.999999 -0.0 0.0 -30.244963 -9.37842 -4.47414 75.157707 0.108818 -0.08445 -108.392563 -6.639398 -8.655825 -7.000228 0.480422 1.620518 -1.000001 1e-06 0.0 
0.0 0.0 0.0 0.0 -0.0 0.0 -1.199434 82.45295 -2.007101 92.933365 0.188164 91.540993 2.402886 -1.251482 -0.233629 -9.571184 -0.800194 -0.024998 18.355566 -1.025483 -2.682142 10.274039 -0.314477 2.666188 -2.430667 -0.940074 -3.15035 -40.935162 -1.609931 -5.081735 6e-06 0.0 1e-06 0.040831 0.0873 0.162886 0.201719 0.097396 0.153572 0.191204 0.063154 0.172458 -125.689331 -77.846573 146.645325 53.898449 -55.776752 -23.535275 21.613111 -0.720466 -0.036165 8.704537 4.740627 -26.351837 17.636616 -26.322729 52.411205 -19.466656 -14.395597 29.410395 1e-06 -8.774821 -2e-06 15.230819 -17.222 6.833557 -0.609776 -1.795653 -3.889329 -4.80709 -11.04681 -2.93785 2e-06 -20.976015 -2e-06 -5.019972 -25.033556 -4.031882 6e-06 1e-06 -1e-06 -10.634531 -5.686971 -3.565588 10.57327 -17.922947 -3.113901 1e-06 -13.821209 -0.0 -0.50178 -31.181505 -4.027016 -12.342803 -60.604618 8.560369 -13.982712 -7.150198 -2.875042 13.772726 -8.40149 -3.218243 0.347732 -34.211555 0.771651 -0.963029 -17.73337 2.621018 0.0 -1e-06 -1e-06 -17.346416 -20.095221 -4.201784 21.757555 -1.638371 3.866427 0.0 -6.338822 1e-06 -1.697589 -22.591743 -6.194007 -1e-06 -8e-06 -3e-06 27.108082 -77.21244 173.555878 43.501572 -58.777912 -25.264889 27.977388 -0.600679 0.132387 -0.622671 8.555079 -22.727011 22.182114 -20.375902 49.933323 -16.701811 -16.74353 28.476534 -3e-06 -12.6906 1e-06 15.630486 -18.110847 3.002228 -0.105918 -1.513855 -4.275882 -5.039041 -5.612871 -2.953557 4e-06 -11.020523 -1e-06 -6.111298 -15.895332 -3.840471 1e-06 -1e-06 -1e-06 -10.283368 -5.680288 -4.34184 11.028293 -11.302404 -2.372632 -1.384269 -14.23858 -6.320122 -0.625437 -26.924187 -3.8276 -4.287589 -49.702335 -3.637022 -13.708524 -7.363477 -3.720939 18.141148 -14.052739 -3.242674 6e-06 -18.787273 -1e-06 -0.429714 -8.456044 2.555504 -0.0 2e-06 0.0 -15.923534 -20.094482 -5.473584 30.41921 -7.190824 1.735925 -0.0 -8.162927 0.0 -1.861904 -22.861469 -6.167942 1e-06 -4e-06 -1e-06 146.993515 -0.584998 -2.234968 76.338242 0.02784 -0.065361 -109.850128 -2.664946 -2.564429 -4.711011 1.538245 2.138433 -0.999999 -0.0 0.0 -31.792315 -10.823356 -4.753683 80.425941 0.07832 -0.073856 -108.279839 -6.037911 -9.03895 -8.276573 0.529252 1.595695 -1.000003 1e-06 -0.0 
0.0 0.0 0.0 0.0 -0.0 0.0 -1.215173 81.324127 -1.837528 93.284248 0.692641 91.812103 2.813709 -1.313602 -0.209057 -9.380105 -0.830494 -0.071547 18.567503 -1.470718 -2.779155 10.177338 0.019253 2.617794 -2.373094 -1.013922 -3.033221 -40.735302 -1.405177 -5.277765 7e-06 -0.0 0.0 0.045827 0.08187 0.155972 0.211765 0.071992 0.144637 0.205284 0.077783 0.167768 -126.086266 -78.064102 146.660721 53.944031 -54.975304 -30.175753 20.074268 -0.736581 -0.054919 8.616307 5.750603 -32.054821 17.636621 -26.322737 52.411198 -19.466656 -14.3956 29.410389 -0.0 -8.774822 -2e-06 15.181446 -17.122063 7.003133 -0.609776 -1.795653 -3.889326 -4.807089 -11.046808 -2.937849 3e-06 -20.976011 1e-06 -5.019969 -25.033556 -4.03188 4e-06 1e-06 0.0 -10.634531 -5.686969 -3.565587 10.573271 -17.922945 -3.113898 1e-06 -13.821206 1e-06 -0.50178 -31.181501 -4.027012 -12.372644 -60.565277 8.523808 -13.982711 -7.150196 -2.875041 13.772727 -8.401489 -3.218242 0.347731 -34.211544 0.771656 -0.963029 -17.733366 2.62102 1e-06 1e-06 -0.0 -17.346416 -20.095207 -4.201781 21.757555 -1.638374 3.866427 2e-06 -6.338821 2e-06 -1.697591 -22.591742 -6.194003 1e-06 -4e-06 -2e-06 28.432192 -77.650551 171.995682 42.836861 -58.926235 -28.548532 27.327562 -0.63988 0.081767 -1.131155 8.53788 -24.616142 22.182117 -20.375895 49.933319 -16.701811 -16.743528 28.476528 -4e-06 -12.690599 -1e-06 15.48568 -18.181789 3.066194 -0.105919 -1.513857 -4.275881 -5.039039 -5.61287 -2.953557 5e-06 -11.020523 -1e-06 -6.111296 -15.89533 -3.840471 -1e-06 -0.0 1e-06 -10.283369 -5.680288 -4.341839 11.028296 -11.302404 -2.37263 -1.384268 -14.238579 -6.320123 -0.625437 -26.924189 -3.8276 -4.245609 -49.694881 -3.699213 -13.708522 -7.363475 -3.720941 18.141148 -14.052739 -3.242673 7e-06 -18.787268 -2e-06 -0.429713 -8.456043 2.555504 -1e-06 3e-06 1e-06 -15.923532 -20.094481 -5.473585 30.419207 -7.190827 1.735924 3e-06 -8.162924 1e-06 -1.861902 -22.861462 -6.16794 -1e-06 -2e-06 -1e-06 146.545074 -0.306166 -2.258646 78.813652 0.073544 -0.098421 -110.784111 -2.338555 -2.334146 -4.813796 1.528977 2.126517 -1.0 -0.0 -0.0 -32.526352 -12.101757 -5.159461 84.007416 0.046869 -0.040792 -107.442894 -5.255476 -9.462586 -9.65301 0.575144 1.570675 -1.000001 1e-06 -0.0 
0.0 0.0 0.0 0.0 -0.0 0.0 -1.3036 80.939384 -1.606707 93.467873 1.048011 92.070671 3.104722 -1.36335 -0.157232 -9.237509 -0.839748 -0.152257 18.585596 -1.863861 -2.850977 10.148756 0.344273 2.539857 -2.375749 -1.164534 -2.967906 -40.275654 -1.05975 -5.581411 7e-06 -0.0 0.0 0.038023 0.060701 0.113125 0.233312 0.031717 0.100714 0.242397 0.07534 0.126895 -125.124344 -78.400993 145.263382 53.222054 -53.907539 -37.058525 18.91037 -0.53248 -0.084259 8.153271 6.955256 -38.774235 17.636623 -26.322729 52.411182 -19.466656 -14.395597 29.410389 -1e-06 -8.77482 -1e-06 15.097493 -17.265472 7.208965 -0.609776 -1.795653 -3.889326 -4.807086 -11.046809 -2.93785 4e-06 -20.976013 0.0 -5.019969 -25.033552 -4.031879 7e-06 -0.0 -0.0 -10.634533 -5.686969 -3.565585 10.573275 -17.922947 -3.113901 6e-06 -13.821206 0.0 -0.501779 -31.181501 -4.02701 -12.487007 -60.482063 8.475991 -13.982712 -7.150195 -2.87504 13.772727 -8.401491 -3.218242 0.347733 -34.211544 0.771655 -0.963029 -17.733368 2.621021 -2e-06 1e-06 -0.0 -17.346413 -20.095213 -4.201781 21.757555 -1.638375 3.866426 2e-06 -6.338822 2e-06 -1.697589 -22.591743 -6.194007 -1e-06 -4e-06 -1e-06 30.988476 -78.311447 169.098007 41.327393 -59.132351 -31.869844 26.64822 -0.722902 -0.020502 -1.837962 8.467318 -27.104109 22.182106 -20.375893 49.933319 -16.701811 -16.74353 28.476532 -4e-06 -12.6906 0.0 15.415739 -18.263582 3.120538 -0.105919 -1.513857 -4.275881 -5.039041 -5.612869 -2.953556 4e-06 -11.020521 -2e-06 -6.111296 -15.89533 -3.84047 1e-06 -1e-06 -1e-06 -10.283371 -5.680288 -4.341836 11.028295 -11.302402 -2.372633 -1.384266 -14.238579 -6.320123 -0.625437 -26.924177 -3.827598 -3.961101 -49.686176 -3.818651 -13.708523 -7.363473 -3.720938 18.141148 -14.052739 -3.242677 8e-06 -18.787266 -0.0 -0.429711 -8.456041 2.555504 -0.0 1e-06 -0.0 -15.923538 -20.094482 -5.473579 30.41921 -7.190823 1.735921 3e-06 -8.162926 -2e-06 -1.861901 -22.861467 -6.167937 -2e-06 -2e-06 -3e-06 146.655731 -0.193362 -2.187955 79.820564 0.097156 -0.091528 -110.806084 -1.957155 -2.322998 -4.868937 1.515634 2.132713 -0.999999 -0.0 0.0 -32.448666 -12.923792 -5.757339 85.541435 -0.009103 0.001976 -106.567329 -4.493701 -9.767922 -10.751339 0.634277 1.549032 -1.000002 -1e-06 -0.0 
0.0 0.0 0.0 0.0 -0.0 0.0 -1.452631 81.335411 -1.349893 93.444206 1.211112 92.32547 3.249137 -1.37314 -0.128846 -9.171742 -0.839389 -0.162085 18.484293 -2.136025 -2.911714 9.961432 0.593048 2.520036 -2.356202 -1.269088 -2.950527 -39.551025 -0.845524 -5.906833 6e-06 -0.0 0.0 0.027675 0.054429 0.10309 0.205121 0.01525 0.083233 0.216927 0.080177 0.125944 -122.399658 -78.902466 142.019531 51.399052 -52.488804 -43.295017 18.640541 -0.11967 -0.09138 7.469974 8.564085 -46.288868 17.636629 -26.322725 52.41119 -19.466663 -14.395596 29.410393 0.0 -8.774821 -0.0 15.12035 -17.311039 7.213811 -0.609776 -1.795653 -3.889329 -4.807088 -11.046809 -2.93785 5e-06 -20.976019 -1e-06 -5.019969 -25.03356 -4.031884 5e-06 0.0 -0.0 -10.634535 -5.68697 -3.565589 10.573272 -17.922947 -3.1139 3e-06 -13.821206 -2e-06 -0.501781 -31.181498 -4.027017 -12.450845 -60.451233 8.328777 -13.982715 -7.150198 -2.875043 13.772729 -8.401491 -3.21824 0.347735 -34.211555 0.771651 -0.963028 -17.733368 2.621019 -0.0 0.0 1e-06 -17.346416 -20.095217 -4.201785 21.757559 -1.638374 3.866428 1e-06 -6.338822 1e-06 -1.697588 -22.591743 -6.194009 1e-06 -5e-06 -2e-06 35.147785 -79.155037 164.545944 38.669102 -59.028019 -35.153168 25.96476 -0.823412 -0.14851 -2.656691 8.455046 -30.127979 22.182117 -20.375898 49.933319 -16.701813 -16.743528 28.476532 -3e-06 -12.690603 -2e-06 15.291531 -18.192167 3.196893 -0.10592 -1.513855 -4.275882 -5.039041 -5.612873 -2.953555 6e-06 -11.020527 -0.0 -6.111301 -15.895334 -3.840469 1e-06 -2e-06 2e-06 -10.28337 -5.680288 -4.341837 11.028294 -11.302407 -2.372632 -1.384267 -14.238583 -6.320122 -0.625437 -26.924194 -3.827598 -3.856211 -49.737122 -3.768752 -13.708525 -7.363476 -3.720936 18.14115 -14.052739 -3.242676 5e-06 -18.78727 -1e-06 -0.429711 -8.456043 2.555504 1e-06 -2e-06 -1e-06 -15.923536 -20.094484 -5.473582 30.41921 -7.190826 1.735928 2e-06 -8.162927 -3e-06 -1.8619 -22.861469 -6.167942 1e-06 -3e-06 -2e-06 147.241257 -0.311601 -2.068391 79.340576 0.084362 -0.061098 -109.887199 -1.552898 -2.424948 -5.109438 1.536115 2.13992 -1.0 0.0 -0.0 -31.73473 -13.218664 -6.470345 85.19606 0.012958 0.012733 -105.33844 -4.157442 -9.955395 -11.448878 0.675962 1.549806 -1.000002 1e-06 -0.0 
0.0 0.0 0.0 0.0 -0.0 0.0 -1.625131 82.426765 -1.090004 93.217583 1.156911 92.61438 3.255715 -1.33451 -0.097748 -9.175605 -0.857702 -0.199764 18.217726 -2.253511 -2.966543 9.59147 0.73289 2.519477 -2.391548 -1.325923 -2.944381 -38.701305 -0.77212 -6.209589 7e-06 -0.0 0.0 0.006569 0.041811 0.072517 0.146997 0.00708 0.049684 0.160375 0.064705 0.101207 -117.298531 -79.52404 136.171066 48.170231 -50.747612 -48.847076 19.351175 0.303057 -0.132167 6.532838 10.20696 -52.996605 17.636633 -26.322737 52.411213 -19.466665 -14.395597 29.410398 -3e-06 -8.774825 -3e-06 15.505004 -17.282482 6.898642 -0.609778 -1.795654 -3.889329 -4.807088 -11.046816 -2.93785 5e-06 -20.976021 -3e-06 -5.019972 -25.03356 -4.031883 8e-06 -1e-06 -1e-06 -10.634534 -5.686973 -3.565589 10.573276 -17.922955 -3.113904 2e-06 -13.821214 -4e-06 -0.501778 -31.181505 -4.027017 -12.32383 -60.478157 8.145527 -13.982716 -7.1502 -2.875042 13.772732 -8.401493 -3.218242 0.34773 -34.211559 0.771652 -0.963029 -17.733374 2.621021 -0.0 -0.0 -0.0 -17.346426 -20.095224 -4.201782 21.757566 -1.638373 3.866429 1e-06 -6.338826 0.0 -1.697591 -22.591749 -6.194009 -1e-06 -5e-06 -3e-06 41.233017 -80.083588 157.901077 34.514557 -58.178772 -38.347157 25.056051 -1.002042 -0.222158 -3.861059 8.628158 -33.813065 22.182121 -20.3759 49.933338 -16.701817 -16.743532 28.47654 -2e-06 -12.690605 1e-06 15.288503 -17.975548 3.154898 -0.10592 -1.513856 -4.275879 -5.039042 -5.612874 -2.953557 4e-06 -11.020523 -2e-06 -6.111298 -15.895334 -3.840476 1e-06 -2e-06 -0.0 -10.283374 -5.68029 -4.341838 11.028296 -11.302406 -2.372635 -1.384269 -14.238583 -6.320123 -0.625439 -26.924194 -3.827601 -3.770966 -49.811352 -3.612106 -13.708529 -7.363478 -3.720939 18.141153 -14.052738 -3.242675 6e-06 -18.78727 -1e-06 -0.429711 -8.456045 2.555506 2e-06 -0.0 -0.0 -15.923543 -20.094486 -5.473588 30.419222 -7.190827 1.735928 3e-06 -8.162929 -1e-06 -1.861903 -22.861475 -6.167939 -0.0 -4e-06 -1e-06 148.193558 -0.740337 -2.052763 77.488243 0.048419 0.008095 -108.172852 -1.008966 -2.532382 -5.370306 1.53432 2.143187 -0.999999 0.0 -0.0 -30.543367 -13.089108 -7.360443 83.218224 0.095233 -0.009097 -103.710297 -3.958612 -10.1165 -11.895413 0.725069 1.567358 -1.000002 1e-06 -0.0 
0.0 0.0 0.0 0.0 -0.0 0.0 -1.82377 84.265602 -0.829396 92.7565 0.813383 92.919128 3.069382 -1.216352 -0.07896 -9.306745 -0.877939 -0.254842 17.752661 -2.200117 -3.035216 9.018454 0.740692 2.498992 -2.441952 -1.303149 -2.926772 -37.810047 -0.760307 -6.396612 5e-06 -0.0 0.0 -0.018375 0.021006 0.025034 0.067235 0.010749 0.005401 0.088702 0.021078 0.054663 -109.207298 -80.120979 127.097252 43.299923 -48.426605 -53.499516 20.702509 0.725205 -0.171823 5.258981 11.851992 -58.724751 17.636621 -26.322725 52.411194 -19.466665 -14.395596 29.410395 -1e-06 -8.774822 -1e-06 16.215012 -17.217207 6.38395 -0.609777 -1.795654 -3.889327 -4.807087 -11.046809 -2.937852 6e-06 -20.976015 -5e-06 -5.019967 -25.033552 -4.031885 6e-06 -1e-06 -0.0 -10.634533 -5.686968 -3.565587 10.573276 -17.922951 -3.113901 3e-06 -13.82121 -0.0 -0.501775 -31.181498 -4.027018 -12.36105 -60.79438 8.095421 -13.982712 -7.150198 -2.875041 13.772731 -8.401491 -3.218243 0.347735 -34.211552 0.771652 -0.963027 -17.733368 2.621021 -0.0 0.0 -0.0 -17.346416 -20.095215 -4.201784 21.757557 -1.638375 3.866426 1e-06 -6.338822 -1e-06 -1.697587 -22.591738 -6.19401 -1e-06 -4e-06 -2e-06 49.687473 -81.023399 148.692902 28.574757 -56.057957 -41.351578 23.870438 -1.045319 -0.155198 -5.570016 9.121225 -37.181332 22.182119 -20.375895 49.933323 -16.701817 -16.743528 28.476534 -4e-06 -12.690603 -2e-06 15.521491 -17.738934 2.946337 -0.105919 -1.513858 -4.275883 -5.039039 -5.61287 -2.953559 5e-06 -11.020527 -5e-06 -6.111297 -15.895336 -3.840472 -2e-06 1e-06 -0.0 -10.283372 -5.680289 -4.341842 11.028297 -11.302406 -2.372634 -1.384268 -14.238584 -6.320119 -0.625436 -26.924192 -3.8276 -3.724369 -49.927879 -3.563632 -13.708527 -7.363478 -3.720942 18.141153 -14.052742 -3.242676 1e-05 -18.787273 -4e-06 -0.429709 -8.456047 2.555502 3e-06 -1e-06 -1e-06 -15.923539 -20.094486 -5.47359 30.419222 -7.190833 1.735926 4e-06 -8.162929 -0.0 -1.861899 -22.861473 -6.167943 -1e-06 -3e-06 0.0 149.594208 -1.679527 -2.395202 73.916534 0.022076 0.086077 -105.798294 -0.106011 -2.555704 -5.673032 1.509327 2.141023 -1.0 0.0 0.0 -28.875513 -12.57434 -8.567872 79.421875 0.235362 -0.077496 -101.540253 -3.823105 -10.174616 -12.115488 0.778875 1.593933 -1.000003 -0.0 0.0 
0.0 0.0 0.0 0.0 -0.0 0.0 -2.044592 86.825745 -0.527659 92.111229 0.204544 93.20076 2.660838 -1.018106 -0.071662 -9.56575 -0.889001 -0.339081 17.061392 -2.021377 -3.184215 8.355318 0.607591 2.474566 -2.493985 -1.216495 -2.912227 -36.877663 -0.743308 -6.394945 6e-06 0.0 1e-06 -0.038488 -0.011995 -0.045902 -0.015984 0.023629 -0.054082 0.020943 -0.056124 -0.022557 -98.361855 -80.495102 115.000961 36.889423 -45.235771 -56.91732 21.787464 1.087816 -0.154707 3.831794 13.559283 -63.567047 17.63662 -26.322733 52.411213 -19.466669 -14.395604 29.410402 -2e-06 -8.774821 0.0 16.946104 -17.146072 5.766191 -0.609781 -1.795655 -3.889328 -4.807087 -11.046813 -2.937851 6e-06 -20.976019 -2e-06 -5.019969 -25.03356 -4.03188 6e-06 -1e-06 0.0 -10.634536 -5.68697 -3.565588 10.573277 -17.922955 -3.113905 3e-06 -13.821211 2e-06 -0.501773 -31.181507 -4.02702 -12.348186 -61.168388 7.830769 -13.982716 -7.150198 -2.875042 13.772729 -8.401493 -3.218243 0.347734 -34.211555 0.771655 -0.963028 -17.73337 2.621018 0.0 0.0 2e-06 -17.346418 -20.095221 -4.201782 21.757561 -1.638377 3.866424 1e-06 -6.338826 1e-06 -1.697587 -22.591751 -6.19401 -1e-06 -5e-06 -2e-06 60.860149 -81.925514 136.545624 21.332582 -52.361198 -43.658253 22.550108 -0.70447 0.011662 -7.451913 9.752495 -39.452087 22.182108 -20.375895 49.933327 -16.701815 -16.743528 28.476536 -4e-06 -12.690601 -0.0 15.845663 -17.61908 2.709207 -0.105919 -1.513856 -4.275881 -5.039039 -5.612871 -2.953557 6e-06 -11.020524 -2e-06 -6.111296 -15.895334 -3.840469 1e-06 1e-06 0.0 -10.283369 -5.680287 -4.341839 11.028295 -11.302407 -2.372635 -1.384264 -14.238581 -6.320124 -0.625436 -26.924191 -3.827603 -3.499041 -50.076622 -3.741946 -13.708523 -7.363474 -3.72094 18.141146 -14.052741 -3.242674 7e-06 -18.78727 -3e-06 -0.429713 -8.456043 2.555503 2e-06 0.0 -1e-06 -15.923532 -20.094484 -5.473584 30.41921 -7.190828 1.735923 6e-06 -8.162922 -2e-06 -1.861901 -22.861469 -6.167945 -1e-06 -2e-06 -1e-06 151.633255 -3.263174 -3.585402 68.424683 0.016227 0.145027 -102.694092 1.629608 -2.412875 -6.047258 1.44324 2.129603 -0.999999 0.0 0.0 -26.515989 -11.848282 -10.343745 73.512917 0.402647 -0.171521 -98.978821 -3.596443 -10.047372 -11.997216 0.838491 1.6344 -1.000001 -1e-06 0.0 
0.0 0.0 0.0 0.0 -0.0 0.0 -2.18945 90.242699 -0.077948 91.377182 -0.591976 93.378975 1.954153 -0.764084 -0.239978 -9.860739 -0.892999 -0.274797 16.165804 -1.773121 -3.43465 7.77583 0.598314 2.46547 -2.461684 -1.182906 -3.091201 -35.634026 -0.706066 -6.150654 6e-06 0.0 0.0 -0.051056 -0.043602 -0.129445 -0.065815 0.034023 -0.134015 -0.031155 -0.126577 -0.105215 -86.181229 -80.513817 101.445587 29.504526 -40.449795 -58.782677 21.148998 1.418166 -0.09588 2.888667 15.127346 -67.453247 17.636625 -26.322733 52.411209 -19.466661 -14.3956 29.410395 -0.0 -8.774819 1e-06 17.472012 -17.269817 5.132072 -0.609777 -1.795653 -3.889328 -4.807088 -11.046813 -2.937853 4e-06 -20.976019 -0.0 -5.019969 -25.03356 -4.031884 7e-06 -0.0 1e-06 -10.634535 -5.686971 -3.565588 10.573275 -17.922951 -3.113902 1e-06 -13.821209 2e-06 -0.501775 -31.181505 -4.027017 -11.800142 -61.069569 6.995064 -13.982714 -7.150198 -2.875042 13.772731 -8.401489 -3.218241 0.347729 -34.211555 0.771653 -0.963029 -17.73337 2.621019 -1e-06 0.0 -0.0 -17.346422 -20.095221 -4.201782 21.757561 -1.638371 3.866428 -0.0 -6.338825 2e-06 -1.69759 -22.591747 -6.194007 -2e-06 -6e-06 -2e-06 75.509651 -82.588547 120.778084 14.044776 -46.727421 -45.659687 20.741478 -0.142582 0.019497 -9.035783 10.186426 -40.570671 22.182119 -20.3759 49.933334 -16.701817 -16.743528 28.47654 -3e-06 -12.690601 -0.0 15.85854 -17.608555 2.618819 -0.105919 -1.513855 -4.275882 -5.039038 -5.612872 -2.953556 4e-06 -11.020525 -2e-06 -6.111295 -15.895334 -3.840472 -2e-06 -0.0 1e-06 -10.283372 -5.680289 -4.34184 11.028296 -11.302406 -2.372633 -1.384269 -14.238583 -6.320122 -0.625438 -26.924187 -3.827605 -3.248374 -50.092167 -4.103341 -13.708529 -7.363478 -3.720941 18.141151 -14.052739 -3.242674 6e-06 -18.787271 -1e-06 -0.429711 -8.456045 2.555503 0.0 -1e-06 -1e-06 -15.923536 -20.094486 -5.473586 30.419222 -7.190827 1.735926 4e-06 -8.162929 -1e-06 -1.861901 -22.861471 -6.167944 -0.0 -3e-06 -1e-06 154.707535 -5.158454 -5.91667 60.69593 0.048315 0.117371 -97.798775 4.265961 -2.14216 -6.80683 1.345353 2.129704 -0.999998 -0.0 0.0 -23.205231 -11.018276 -12.742249 65.337723 0.577438 -0.281337 -94.65876 -2.58007 -10.035448 -11.855395 0.874702 1.698155 -1.000002 -1e-06 0.0 
0.0 0.0 0.0 0.0 -0.0 0.0 -2.249834 94.432793 0.533025 90.848351 -1.330986 93.539635 1.041112 -0.577684 -0.400027 -10.18288 -0.906466 -0.205736 15.156898 -1.630894 -3.635807 7.910049 0.555309 2.40374 -2.514678 -1.037445 -3.362077 -34.204594 -0.657331 -5.842611 6e-06 0.0 0.0 -0.057666 -0.072574 -0.193146 -0.085038 0.031738 -0.182331 -0.045816 -0.179076 -0.179876 -74.200653 -80.424103 88.355324 22.214624 -33.618057 -59.752949 18.442909 1.754189 -0.009117 2.46306 15.873423 -69.383614 17.636625 -26.322729 52.411194 -19.466656 -14.395597 29.410385 -1e-06 -8.774819 -2e-06 17.529982 -17.241455 4.631378 -0.609776 -1.795653 -3.889328 -4.807091 -11.046809 -2.937848 3e-06 -20.976017 1e-06 -5.019969 -25.033556 -4.03188 7e-06 -1e-06 1e-06 -10.634532 -5.68697 -3.565587 10.573275 -17.922949 -3.113901 1e-06 -13.821211 2e-06 -0.501778 -31.181501 -4.027014 -11.114674 -60.761528 6.266467 -13.982712 -7.150198 -2.875042 13.772729 -8.401491 -3.218241 0.347731 -34.211544 0.771655 -0.963029 -17.733366 2.621021 -1e-06 -2e-06 -0.0 -17.346416 -20.095215 -4.201782 21.757555 -1.638375 3.866428 1e-06 -6.338823 2e-06 -1.697587 -22.591742 -6.194005 -1e-06 -9e-06 -3e-06 95.593582 -82.694298 99.558846 7.685124 -39.908276 -47.823616 18.459892 0.400764 -0.023411 -10.095542 10.778024 -40.518688 22.182112 -20.375887 49.933308 -16.701811 -16.743528 28.476522 -2e-06 -12.690603 -0.0 15.64595 -17.426159 2.617201 -0.105918 -1.513856 -4.275882 -5.039042 -5.61287 -2.953555 3e-06 -11.020523 -2e-06 -6.111297 -15.89533 -3.84047 0.0 1e-06 -1e-06 -10.283368 -5.680287 -4.341838 11.028291 -11.302402 -2.372633 -1.384269 -14.238579 -6.32012 -0.62544 -26.924185 -3.827601 -2.89932 -49.926998 -4.139762 -13.70852 -7.363474 -3.720938 18.141148 -14.052736 -3.242675 7e-06 -18.787268 -1e-06 -0.429711 -8.456041 2.555503 -1e-06 0.0 -1e-06 -15.923532 -20.094479 -5.473584 30.41921 -7.190826 1.735926 2e-06 -8.162922 -1e-06 -1.861903 -22.861467 -6.167941 1e-06 -4e-06 -1e-06 159.165649 -6.791203 -9.794888 50.770016 0.104618 0.173467 -89.700928 8.103429 -1.812593 -8.678858 1.307123 2.091015 -1.000001 0.0 -0.0 -18.35681 -10.27544 -16.284863 54.407207 0.616443 -0.304188 -88.164444 -0.274569 -10.006384 -12.88527 0.879591 1.717943 -1.000003 0.0 -0.0 
0.0 0.0 0.0 0.0 -0.0 0.0 -2.14728 99.746788 1.43348 90.594856 -2.057258 93.617973 -0.240502 -0.595935 -0.465455 -10.601411 -0.836964 -0.010781 14.136924 -1.69176 -4.067059 9.212181 0.953177 2.339538 -2.681396 -0.948316 -3.346737 -32.191132 -0.669935 -5.3133 6e-06 -0.0 -0.0 -0.093352 -0.091513 -0.19678 -0.157465 0.007757 -0.168565 -0.100368 -0.189786 -0.205297 -61.48772 -79.766396 75.194916 15.807411 -25.549261 -60.404617 15.171201 1.981023 0.06734 3.179804 16.874754 -69.725594 17.636633 -26.322735 52.411205 -19.466663 -14.395598 29.410393 -1e-06 -8.774822 -2e-06 17.662603 -17.628826 4.395639 -0.609776 -1.795654 -3.88933 -4.807088 -11.046811 -2.937851 5e-06 -20.976021 0.0 -5.019969 -25.03356 -4.031882 7e-06 1e-06 1e-06 -10.634535 -5.686971 -3.56559 10.573277 -17.922951 -3.113901 3e-06 -13.82121 1e-06 -0.501777 -31.181505 -4.027016 -10.917105 -61.449402 5.999921 -13.982716 -7.150198 -2.875043 13.772731 -8.401492 -3.218243 0.347734 -34.211555 0.771654 -0.963029 -17.73337 2.621022 -0.0 -1e-06 0.0 -17.346418 -20.095219 -4.201787 21.757557 -1.638377 3.866429 2e-06 -6.338823 0.0 -1.697588 -22.591743 -6.194007 0.0 -7e-06 -1e-06 117.400818 -81.490166 76.562164 2.674451 -32.458004 -50.075687 16.431744 0.950779 -0.080674 -10.51194 11.302912 -39.59346 22.182114 -20.375904 49.933323 -16.701815 -16.743528 28.476534 -4e-06 -12.690601 -1e-06 15.565294 -17.300705 2.492601 -0.105919 -1.513857 -4.275882 -5.039039 -5.61287 -2.953557 6e-06 -11.020527 -3e-06 -6.111299 -15.895334 -3.84047 -1e-06 0.0 -0.0 -10.28337 -5.680288 -4.341839 11.028296 -11.302406 -2.372634 -1.384269 -14.238582 -6.320121 -0.625437 -26.924196 -3.8276 -3.151247 -49.71212 -3.890551 -13.708524 -7.363474 -3.720941 18.14115 -14.052741 -3.242675 7e-06 -18.78727 -1e-06 -0.429712 -8.456044 2.555504 -0.0 -1e-06 0.0 -15.923532 -20.094482 -5.473585 30.419214 -7.190828 1.735925 3e-06 -8.162927 -0.0 -1.861902 -22.861471 -6.16794 -1e-06 -2e-06 -1e-06 164.915787 -8.045948 -15.549238 37.948635 0.183377 0.334253 -75.004341 14.294979 -1.69467 -14.070008 1.332977 2.016249 -0.999999 0.0 0.0 -12.006186 -9.828666 -20.902378 40.212933 0.486847 -0.322124 -75.575096 5.823556 -10.557957 -17.418697 0.889102 1.671524 -1.000001 0.0 0.0 
0.0 0.0 0.0 0.0 -0.0 0.0 -2.071439 104.887749 2.48195 90.461151 -3.107625 93.042068 -2.14435 -0.671807 -0.316553 -11.295164 -0.789883 0.070236 13.398943 -1.643992 -4.094737 11.602426 1.451713 2.283825 -2.749247 -0.996846 -3.055631 -29.725855 -1.047443 -5.15829 7e-06 -0.0 -0.0 -0.101677 -0.063645 -0.134427 -0.176618 -0.013312 -0.099365 -0.113116 -0.11279 -0.156323 -50.954227 -78.53537 64.623947 10.232788 -18.013723 -60.493034 13.908226 2.384867 0.229383 5.263275 18.697247 -68.969383 17.636629 -26.322721 52.411182 -19.466658 -14.395594 29.410381 -1e-06 -8.774821 -1e-06 17.405926 -17.716299 4.363251 -0.609776 -1.795654 -3.889329 -4.80709 -11.046809 -2.93785 4e-06 -20.976015 -1e-06 -5.019972 -25.033556 -4.031882 7e-06 -1e-06 -0.0 -10.634535 -5.686971 -3.565587 10.573275 -17.922951 -3.113901 2e-06 -13.821208 1e-06 -0.501778 -31.181505 -4.027017 -10.692569 -61.505108 5.987545 -13.982714 -7.150198 -2.875042 13.772731 -8.401491 -3.218242 0.347732 -34.211555 0.771654 -0.963028 -17.73337 2.621018 -4e-06 -0.0 0.0 -17.346422 -20.095219 -4.201783 21.757557 -1.638374 3.866426 1e-06 -6.338824 1e-06 -1.69759 -22.591747 -6.194005 -1e-06 -7e-06 -3e-06 136.473694 -78.994896 56.584797 -1.423779 -26.078405 -52.273636 16.799593 1.645688 -0.359676 -9.247279 11.856625 -35.220943 22.182121 -20.375891 49.933308 -16.701813 -16.743528 28.476528 -4e-06 -12.6906 -2e-06 16.304848 -17.268604 2.031668 -0.105919 -1.513856 -4.275881 -5.039041 -5.612869 -2.953556 5e-06 -11.020524 -2e-06 -6.111297 -15.895332 -3.84047 -0.0 -1e-06 -0.0 -10.283372 -5.680287 -4.341838 11.028296 -11.302405 -2.372633 -1.384268 -14.238581 -6.320121 -0.625437 -26.924192 -3.8276 -3.81666 -50.330883 -3.573432 -13.708524 -7.363476 -3.720938 18.141151 -14.052739 -3.242675 8e-06 -18.78727 -2e-06 -0.429711 -8.456045 2.555504 0.0 0.0 -0.0 -15.923536 -20.094482 -5.473585 30.41921 -7.190829 1.735927 3e-06 -8.162927 -0.0 -1.861901 -22.861471 -6.167942 -0.0 -3e-06 -1e-06 170.575256 -8.593981 -19.917158 23.596079 0.28284 0.472625 -56.11338 22.659067 -4.865436 -18.062233 1.476239 1.866071 -0.999999 0.0 -0.0 -6.227512 -9.658262 -23.957613 25.028738 0.446972 -0.415673 -58.402771 17.600967 -14.752883 -18.393089 0.797761 1.564456 -1.000002 -0.0 1e-06 
0.0 0.0 0.0 0.0 -0.0 0.0 -2.009947 108.672539 3.453518 89.82296 -4.243089 92.425537 -3.846037 -0.498924 -0.068316 -12.088945 -0.805806 -0.208713 12.5971 -0.978893 -3.76754 14.229208 1.570861 2.350186 -2.744792 -0.863835 -2.557269 -26.930334 -1.715959 -5.023189 5e-06 -0.0 0.0 -0.07877 -0.01802 0.019343 -0.24279 -0.077392 0.010616 -0.16436 0.042101 0.033342 -42.541954 -76.806427 55.363976 5.417419 -11.398947 -61.326092 14.98029 2.634308 0.597155 7.898663 19.82799 -66.233528 17.636637 -26.322737 52.411201 -19.466665 -14.395598 29.410395 -0.0 -8.774822 -3e-06 17.222506 -17.747679 4.543064 -0.609776 -1.795655 -3.889328 -4.80709 -11.046811 -2.937849 7e-06 -20.976021 -1e-06 -5.019967 -25.03356 -4.031882 5e-06 1e-06 -0.0 -10.634534 -5.686972 -3.565591 10.573277 -17.922955 -3.113904 3e-06 -13.821212 0.0 -0.501775 -31.181505 -4.027016 -10.519624 -61.331314 6.241117 -13.982717 -7.150198 -2.875042 13.772732 -8.401493 -3.218242 0.347735 -34.211559 0.771654 -0.963031 -17.733372 2.621021 -2e-06 -1e-06 0.0 -17.346422 -20.095221 -4.201785 21.757561 -1.638377 3.866427 0.0 -6.338822 2e-06 -1.697591 -22.591747 -6.194007 -2e-06 -6e-06 -3e-06 147.972824 -76.018814 44.257835 -5.361068 -19.39043 -55.276218 19.693712 1.397835 -0.922027 -7.021438 12.16578 -27.640671 22.182117 -20.375898 49.933319 -16.701817 -16.74353 28.476532 -4e-06 -12.690603 0.0 17.24489 -17.439407 1.710378 -0.105919 -1.513856 -4.275882 -5.039041 -5.612872 -2.953557 4e-06 -11.020526 -1e-06 -6.111299 -15.895332 -3.840471 0.0 -1e-06 -0.0 -10.283371 -5.680288 -4.341837 11.028297 -11.302407 -2.372633 -1.384268 -14.238584 -6.320121 -0.625437 -26.924198 -3.827601 -4.53275 -51.364712 -3.490208 -13.708527 -7.363477 -3.720938 18.141153 -14.052739 -3.242676 6e-06 -18.78727 -1e-06 -0.429712 -8.456046 2.555504 1e-06 0.0 -1e-06 -15.923536 -20.094484 -5.473583 30.419222 -7.190827 1.735924 3e-06 -8.162928 0.0 -1.861904 -22.861469 -6.167942 1e-06 -4e-06 -1e-06 174.595306 -10.148344 -18.584385 12.500558 0.066683 0.655777 -45.660145 32.253998 -14.773132 -12.783475 1.560582 1.58242 -0.999997 -0.0 -1e-06 -3.098833 -10.349256 -23.628122 14.5105 0.083814 -0.098451 -44.498306 35.125507 -23.407522 -9.135558 0.720684 1.320638 -1.000002 -0.0 2e-06 
0.0 0.0 0.0 0.0 -0.0 0.0 -1.894562 111.186729 3.784582 88.974136 -4.26123 92.051956 -4.256263 -0.282933 -0.097544 -12.477524 -0.770661 -0.279045 12.270871 -0.138185 -3.72104 16.128136 1.661708 2.582164 -2.765203 -0.708257 -2.742501 -25.927752 -2.222587 -4.450776 6e-06 -0.0 0.0 -0.088011 -0.029665 -0.021774 -0.299774 -0.097131 -0.038335 -0.245608 0.03923 -0.000173 -35.097496 -74.23719 47.314236 1.410851 -5.107405 -64.843681 17.247837 2.206818 0.813624 8.505448 18.438286 -61.966618 17.636627 -26.322737 52.411205 -19.466656 -14.3956 29.410385 -2e-06 -8.774821 1e-06 17.125858 -17.774834 4.99461 -0.609779 -1.795654 -3.889327 -4.807086 -11.046812 -2.937851 5e-06 -20.976021 1e-06 -5.019969 -25.03356 -4.03188 5e-06 1e-06 -1e-06 -10.634533 -5.68697 -3.565588 10.573277 -17.922951 -3.113903 2e-06 -13.821208 2e-06 -0.501779 -31.181501 -4.027013 -10.421848 -61.146332 6.538272 -13.982716 -7.150197 -2.875042 13.772731 -8.401493 -3.218241 0.347732 -34.211555 0.771655 -0.963032 -17.733372 2.621022 -2e-06 -1e-06 -2e-06 -17.346422 -20.095217 -4.201779 21.757561 -1.638377 3.866428 -3e-06 -6.338826 0.0 -1.697591 -22.591745 -6.194006 0.0 -4e-06 -2e-06 153.621277 -74.081474 37.995201 -9.01051 -11.057688 -59.100864 22.747545 0.40031 -1.614106 -5.867627 11.881204 -21.919935 22.182117 -20.375898 49.933327 -16.701813 -16.74353 28.476532 -3e-06 -12.690603 -1e-06 17.887016 -17.657457 1.83569 -0.105921 -1.513856 -4.275882 -5.039038 -5.612868 -2.953556 3e-06 -11.020525 -2e-06 -6.111297 -15.89533 -3.840471 -1e-06 -0.0 -1e-06 -10.283369 -5.680285 -4.341839 11.028294 -11.302406 -2.372633 -1.384267 -14.23858 -6.320122 -0.625436 -26.924185 -3.827601 -5.246787 -52.458607 -3.13038 -13.708524 -7.363475 -3.72094 18.14115 -14.052739 -3.242673 5e-06 -18.78727 -1e-06 -0.42971 -8.456044 2.555503 1e-06 -1e-06 1e-06 -15.923536 -20.094481 -5.473586 30.41921 -7.190827 1.735927 2e-06 -8.162925 1e-06 -1.861904 -22.861467 -6.167942 1e-06 -3e-06 -1e-06 176.590454 -13.034714 -15.21145 11.233968 -0.045231 0.610613 -45.117954 24.304186 -15.980281 -10.232384 1.398815 1.719109 -1.0 0.0 -0.0 -2.057314 -11.559795 -22.781284 13.297731 -0.067401 0.211038 -42.006195 33.788536 -25.231094 -7.622375 0.665286 1.461453 -1.000004 0.0 -1e-06 
0.0 0.0 0.0 0.0 -0.0 0.0 -1.586112 112.560081 3.70499 88.179352 -3.969274 91.703247 -4.291391 -0.016667 -0.178325 -12.58122 -0.755568 -0.167929 12.169781 0.595026 -3.669233 17.533869 1.689741 2.805087 -2.798714 -0.681326 -3.403502 -25.55307 -2.539682 -3.659844 6e-06 -0.0 -1e-06 -0.128664 -0.053403 -0.165083 -0.283358 -0.078532 -0.154728 -0.26769 -0.026271 -0.167909 -27.777542 -71.013802 39.385315 -2.170987 0.223662 -69.08313 19.473335 1.15048 0.909843 7.369141 16.479582 -58.467064 17.636625 -26.322729 52.411182 -19.466656 -14.395596 29.410389 -1e-06 -8.774822 -3e-06 16.999369 -17.66942 5.541553 -0.609776 -1.795655 -3.889328 -4.807087 -11.046811 -2.937848 -0.0 -20.976017 -1e-06 -5.019971 -25.03356 -4.031882 6e-06 -0.0 -2e-06 -10.634533 -5.686972 -3.565588 10.573275 -17.922951 -3.113902 -0.0 -13.821209 2e-06 -0.501782 -31.181505 -4.027012 -10.495782 -60.678589 6.923429 -13.982712 -7.150198 -2.87504 13.772728 -8.401493 -3.21824 0.347726 -34.211544 0.771655 -0.963027 -17.733366 2.621021 0.0 0.0 0.0 -17.346413 -20.095215 -4.201779 21.757553 -1.638372 3.866427 -1e-06 -6.338824 -2e-06 -1.697594 -22.59174 -6.194001 2e-06 -5e-06 -3e-06 159.019272 -71.930214 31.768938 -12.0308 -3.540119 -63.05331 24.34947 -0.494939 -1.785766 -5.229721 12.025707 -19.534683 22.182116 -20.375902 49.933323 -16.701813 -16.743528 28.476532 -3e-06 -12.690601 -1e-06 17.676868 -17.507927 2.363976 -0.105921 -1.513856 -4.275882 -5.03904 -5.61287 -2.953557 4e-06 -11.020523 -0.0 -6.111292 -15.89533 -3.840471 -0.0 -0.0 -0.0 -10.283373 -5.680288 -4.34184 11.028293 -11.302406 -2.372632 -1.384262 -14.238581 -6.320123 -0.625436 -26.924191 -3.8276 -5.552731 -52.737602 -2.879818 -13.708522 -7.363474 -3.720941 18.141148 -14.05274 -3.242672 6e-06 -18.78727 2e-06 -0.42971 -8.456045 2.555504 -0.0 -1e-06 -0.0 -15.923532 -20.094482 -5.473587 30.419207 -7.190827 1.735924 2e-06 -8.162927 1e-06 -1.861902 -22.861467 -6.167942 0.0 -4e-06 -0.0 177.907715 -16.210728 -12.599012 12.538971 -0.094988 0.47629 -44.418484 11.170613 -13.243595 -9.072174 1.335714 1.897025 -0.999999 0.0 0.0 -1.711052 -12.924012 -22.533224 14.408448 -0.109127 0.230919 -42.331963 21.499922 -23.456326 -7.954723 0.603438 1.623645 -1.000005 1e-06 1e-06 
0.0 0.0 0.0 0.0 -0.0 0.0 -1.126845 112.830566 3.539407 87.769096 -4.101849 91.535789 -4.454404 0.119064 -0.224832 -12.6357 -0.711357 0.019336 11.925425 0.86955 -3.579947 18.538084 1.492019 2.850552 -2.781854 -0.691667 -3.595369 -24.837084 -2.564649 -3.542356 5e-06 -0.0 -0.0 -0.140328 -0.058 -0.214 -0.246157 -0.06161 -0.18462 -0.237029 -0.052721 -0.234488 -21.425564 -67.196159 31.63295 -5.167249 4.761994 -72.727829 21.902008 0.029627 0.670805 5.242211 15.11712 -57.435192 17.636625 -26.322731 52.411186 -19.46665 -14.395594 29.410378 1e-06 -8.774821 -1e-06 17.237879 -17.626141 5.941988 -0.609774 -1.795654 -3.889326 -4.807089 -11.046809 -2.937849 1e-06 -20.976011 1e-06 -5.01997 -25.033556 -4.031884 7e-06 -1e-06 1e-06 -10.634532 -5.686973 -3.56559 10.573271 -17.922947 -3.113901 -0.0 -13.821206 1e-06 -0.501782 -31.181505 -4.027011 -10.788769 -60.430473 7.304718 -13.982706 -7.1502 -2.875043 13.772721 -8.401488 -3.218239 0.34773 -34.211544 0.771654 -0.963029 -17.73337 2.621017 -1e-06 -1e-06 1e-06 -17.346415 -20.095221 -4.20178 21.757555 -1.638373 3.866428 1e-06 -6.338823 2e-06 -1.697588 -22.591742 -6.194004 -1e-06 -3e-06 -3e-06 164.378098 -68.546989 25.275362 -14.139767 1.495252 -67.359215 25.890102 -0.510138 -1.810255 -4.922124 12.660889 -18.830502 22.182108 -20.375896 49.933319 -16.701811 -16.743526 28.476528 -4e-06 -12.6906 1e-06 17.126633 -16.924603 3.117272 -0.105915 -1.513855 -4.275882 -5.039042 -5.612869 -2.953555 5e-06 -11.020523 -3e-06 -6.111294 -15.895329 -3.84047 -2e-06 1e-06 -0.0 -10.283367 -5.680286 -4.341839 11.028289 -11.302404 -2.372633 -1.384269 -14.238577 -6.32012 -0.625436 -26.924183 -3.8276 -5.521601 -52.345726 -2.7821 -13.708525 -7.363476 -3.720938 18.141148 -14.052739 -3.242675 1e-05 -18.787268 -1e-06 -0.429713 -8.456041 2.555504 1e-06 -0.0 0.0 -15.923532 -20.094482 -5.473584 30.41921 -7.190825 1.735924 5e-06 -8.162926 0.0 -1.861903 -22.861469 -6.167939 -0.0 -2e-06 -1e-06 178.932709 -18.860849 -10.777023 12.774558 -0.187444 0.674435 -42.797794 5.321191 -12.300623 -8.617908 1.378266 2.030076 -0.999998 -0.0 0.0 -1.567518 -14.398486 -22.155539 13.92463 -0.104771 0.179896 -42.204441 12.090703 -21.600124 -8.082568 0.609463 1.619206 -1.000003 -1e-06 -0.0 
0.0 0.0 0.0 0.0 -0.0 0.0 -0.700209 112.205544 3.268093 87.56102 -4.618756 91.579773 -4.70551 0.192734 -0.20829 -12.703361 -0.619323 0.163091 11.51998 0.812702 -3.436922 19.563681 1.072988 2.923078 -2.753129 -0.742935 -3.655159 -23.891722 -2.272879 -3.952495 6e-06 0.0 -0.0 -0.134401 -0.045635 -0.183391 -0.216786 -0.04503 -0.144694 -0.206103 -0.045398 -0.214336 -17.087837 -63.407166 25.499376 -7.436814 9.563266 -76.190254 24.692844 -0.955669 0.005912 2.923702 14.50528 -59.275654 17.636623 -26.322737 52.411194 -19.466656 -14.395597 29.410385 1e-06 -8.774819 -0.0 17.698877 -17.79541 6.226803 -0.609776 -1.795654 -3.889327 -4.807089 -11.04681 -2.937851 3e-06 -20.976017 -0.0 -5.019973 -25.033558 -4.031878 7e-06 1e-06 1e-06 -10.634534 -5.686969 -3.565587 10.573271 -17.922949 -3.113899 2e-06 -13.821209 2e-06 -0.501779 -31.181498 -4.027013 -11.360546 -60.48772 7.825664 -13.982713 -7.150198 -2.875041 13.772727 -8.40149 -3.218242 0.347731 -34.211555 0.771656 -0.963029 -17.733372 2.621019 -1e-06 0.0 3e-06 -17.346416 -20.095217 -4.20178 21.757557 -1.638373 3.866428 1e-06 -6.338824 -1e-06 -1.69759 -22.591747 -6.194009 -1e-06 -3e-06 -2e-06 168.879745 -64.646667 19.373247 -15.659191 5.140628 -72.402695 28.298155 0.095565 -1.986756 -5.233505 13.864415 -22.04847 22.182116 -20.375898 49.933331 -16.701818 -16.743534 28.47654 -4e-06 -12.6906 0.0 16.069073 -16.110935 4.365546 -0.105919 -1.513856 -4.275882 -5.039041 -5.612873 -2.953557 4e-06 -11.020527 -3e-06 -6.111298 -15.895338 -3.840472 -1e-06 1e-06 0.0 -10.283371 -5.680288 -4.341839 11.028296 -11.302408 -2.372634 -1.384268 -14.238585 -6.320123 -0.625437 -26.924198 -3.827604 -5.553245 -51.151638 -2.530482 -13.708529 -7.363478 -3.720939 18.141153 -14.052741 -3.242676 7e-06 -18.787271 -3e-06 -0.429711 -8.456045 2.555504 -0.0 0.0 0.0 -15.923539 -20.094486 -5.473586 30.419222 -7.190827 1.735925 2e-06 -8.162929 -1e-06 -1.861902 -22.861479 -6.167943 1e-06 -1e-06 -1e-06 179.424881 -20.897518 -9.201954 12.341065 -0.265376 0.925911 -40.885513 4.763703 -12.448667 -8.605922 1.411756 2.114197 -0.999996 -1e-06 0.0 -1.738622 -15.661836 -21.480848 12.534371 -0.101491 0.128981 -41.484901 7.457892 -20.638044 -8.064344 0.596727 1.592376 -1.000002 -1e-06 -1e-06 
0.0 0.0 0.0 0.0 -0.0 0.0 -0.347927 110.66066 2.849808 87.386162 -5.25003 91.798454 -4.963554 0.259183 -0.148116 -12.795665 -0.52495 0.2388 11.097353 0.674489 -3.200413 20.871449 0.516907 2.985846 -2.732934 -0.854737 -3.655441 -22.846403 -1.772833 -4.576684 6e-06 0.0 -0.0 -0.121599 -0.02107 -0.083643 -0.17394 -0.020064 -0.040437 -0.167136 -0.02168 -0.122424 -14.197879 -60.083141 21.126179 -8.894449 15.082643 -80.527039 27.52631 -1.549417 -0.975957 1.263113 14.510695 -63.244923 17.636625 -26.322729 52.411182 -19.466654 -14.395597 29.410378 -1e-06 -8.77482 -4e-06 18.045227 -17.985628 6.244241 -0.609777 -1.795652 -3.889325 -4.807086 -11.046809 -2.937849 4e-06 -20.976011 2e-06 -5.01997 -25.033552 -4.03188 4e-06 -0.0 -1e-06 -10.634533 -5.686968 -3.565585 10.573272 -17.922949 -3.113901 2e-06 -13.821209 0.0 -0.501781 -31.181501 -4.027012 -11.788293 -60.401302 8.18541 -13.982712 -7.150196 -2.875037 13.772728 -8.40149 -3.218243 0.347732 -34.211544 0.771658 -0.963027 -17.733366 2.621019 -1e-06 0.0 1e-06 -17.346413 -20.095211 -4.201779 21.757555 -1.638375 3.866426 2e-06 -6.338822 -2e-06 -1.697589 -22.591738 -6.194 -1e-06 -4e-06 0.0 172.519867 -60.959263 14.228845 -16.475828 8.921201 -78.726936 31.224264 0.616809 -2.755627 -5.605666 16.423195 -33.199123 22.182114 -20.3759 49.933315 -16.701811 -16.743528 28.476528 -2e-06 -12.690601 -1e-06 14.517359 -15.164308 5.992442 -0.10592 -1.513856 -4.27588 -5.039038 -5.612873 -2.953556 5e-06 -11.020525 -1e-06 -6.111298 -15.895334 -3.840469 1e-06 0.0 -1e-06 -10.283371 -5.680289 -4.341838 11.028292 -11.302406 -2.372631 -1.38427 -14.238582 -6.32012 -0.62544 -26.924192 -3.8276 -5.737751 -48.907581 -1.866737 -13.708524 -7.363475 -3.720937 18.141146 -14.052739 -3.242674 6e-06 -18.787271 -1e-06 -0.429712 -8.456045 2.555503 -0.0 1e-06 0.0 -15.923536 -20.094482 -5.473581 30.419207 -7.190825 1.735925 2e-06 -8.162927 -0.0 -1.861903 -22.861469 -6.167942 -0.0 -2e-06 -0.0 179.460678 -22.558853 -7.293419 11.906144 -0.279803 1.099512 -39.288433 6.615774 -12.882225 -9.320053 1.481086 2.201705 -1.0 0.0 -0.0 -2.333429 -16.5982 -20.501211 11.670411 -0.117535 0.119582 -41.056324 6.031574 -20.267912 -8.410209 0.589269 1.585625 -1.000003 -1e-06 -1e-06 
0.0 0.0 0.0 0.0 -0.0 0.0 -0.084987 108.035744 2.32876 87.141327 -5.580364 92.144501 -5.06341 0.389814 -0.177596 -12.920685 -0.44932 0.28969 10.878959 0.616745 -2.86777 22.287481 -0.077425 2.921909 -2.653999 -0.980934 -3.603728 -21.702003 -1.173006 -5.095637 6e-06 0.0 -1e-06 -0.09481 -0.002315 0.044 -0.137484 0.010864 0.082986 -0.136894 -0.015369 0.005415 -12.304902 -57.597504 18.276997 -9.397362 21.522314 -85.598541 29.666452 -1.251207 -1.903506 0.687484 14.687383 -67.336227 17.636629 -26.322735 52.411194 -19.466661 -14.395597 29.410393 -1e-06 -8.774821 -4e-06 17.959536 -17.8659 6.051264 -0.609775 -1.795654 -3.889328 -4.807089 -11.046811 -2.93785 4e-06 -20.976019 0.0 -5.01997 -25.03356 -4.031879 7e-06 3e-06 -1e-06 -10.634532 -5.686969 -3.565587 10.573275 -17.922951 -3.1139 4e-06 -13.821211 0.0 -0.501775 -31.181505 -4.027016 -11.981554 -60.195477 8.359273 -13.982712 -7.150197 -2.87504 13.77273 -8.401495 -3.218241 0.347738 -34.211555 0.771653 -0.963028 -17.73337 2.621019 0.0 -1e-06 0.0 -17.346418 -20.095221 -4.20178 21.757557 -1.638375 3.866426 2e-06 -6.338824 -1e-06 -1.697589 -22.591751 -6.194007 2e-06 -6e-06 -3e-06 174.993912 -58.111584 10.414627 -15.880676 14.385837 -86.951752 33.440262 0.595127 -3.931483 -4.766225 20.155228 -49.655041 22.182112 -20.375896 49.933323 -16.701818 -16.74353 28.476534 -2e-06 -12.690602 -1e-06 13.889687 -14.529368 6.437024 -0.105918 -1.513855 -4.275882 -5.039042 -5.612873 -2.953557 5e-06 -11.020527 -1e-06 -6.111297 -15.895336 -3.840472 -0.0 -1e-06 2e-06 -10.283371 -5.680288 -4.341838 11.028296 -11.302407 -2.372632 -1.384268 -14.238584 -6.320123 -0.62544 -26.924191 -3.827601 -5.739293 -47.41349 -1.182677 -13.708525 -7.363475 -3.720937 18.141153 -14.05274 -3.242677 7e-06 -18.787273 -3e-06 -0.429711 -8.456047 2.555504 0.0 -0.0 -1e-06 -15.923536 -20.094486 -5.473586 30.419214 -7.190827 1.735927 4e-06 -8.162927 -1e-06 -1.861902 -22.861473 -6.167944 -1e-06 -3e-06 -0.0 179.316895 -24.036171 -4.710605 12.25169 -0.264975 1.164408 -38.929295 9.775798 -13.483177 -12.195108 1.631042 2.292111 -1.000001 -0.0 -0.0 -3.206008 -17.221064 -19.088711 12.589479 -0.160929 0.219387 -41.827408 7.150079 -20.054665 -9.966351 0.62054 1.568437 -1.000003 1e-06 -1e-06 
0.0 0.0 0.0 0.0 -0.0 0.0 0.055949 104.349747 1.811302 86.827751 -5.265884 92.49939 -4.82555 0.584041 -0.351541 -13.007004 -0.429618 0.354513 10.929735 0.731915 -2.669794 23.548655 -0.680992 2.816047 -2.482168 -1.018199 -3.626485 -20.276754 -0.516619 -5.336514 6e-06 0.0 0.0 -0.051639 0.000731 0.119596 -0.091538 0.04195 0.155321 -0.084316 -0.041242 0.081344 -11.104092 -56.360645 16.731092 -9.494542 29.123367 -90.671761 30.132755 -0.322971 -2.3489 0.640928 14.804611 -70.761398 17.636627 -26.322733 52.411205 -19.466656 -14.395596 29.410393 1e-06 -8.77482 -3e-06 17.533405 -17.467228 5.965149 -0.609775 -1.795653 -3.889329 -4.807088 -11.046809 -2.937852 5e-06 -20.976013 0.0 -5.019969 -25.03356 -4.031881 8e-06 2e-06 -0.0 -10.634533 -5.68697 -3.565589 10.573272 -17.922951 -3.1139 3e-06 -13.821205 2e-06 -0.501778 -31.181505 -4.027015 -11.959521 -60.101917 8.411106 -13.982712 -7.150197 -2.875045 13.772727 -8.401491 -3.218242 0.347735 -34.211544 0.771654 -0.963028 -17.733368 2.62102 1e-06 -0.0 -1e-06 -17.346413 -20.095215 -4.201786 21.757555 -1.638378 3.866428 2e-06 -6.338823 2e-06 -1.697589 -22.59174 -6.194006 -2e-06 -1e-06 -1e-06 176.14328 -56.593582 8.543852 -13.500964 22.151468 -96.41378 33.996105 0.300856 -4.032273 -1.492812 23.407949 -59.427559 22.182117 -20.375896 49.933319 -16.701811 -16.74353 28.476528 -2e-06 -12.690601 -1e-06 15.127823 -15.028491 5.342319 -0.105921 -1.513857 -4.275882 -5.039042 -5.612871 -2.953555 4e-06 -11.020523 -2e-06 -6.111297 -15.89533 -3.840469 -0.0 -0.0 -1e-06 -10.283369 -5.680287 -4.341838 11.028292 -11.302404 -2.372632 -1.384268 -14.238581 -6.320117 -0.62544 -26.924187 -3.827599 -5.45114 -47.714176 -1.288748 -13.708526 -7.363477 -3.720939 18.141148 -14.052737 -3.242673 4e-06 -18.78727 -1e-06 -0.429712 -8.456045 2.555504 1e-06 -1e-06 0.0 -15.923534 -20.094482 -5.473583 30.419205 -7.190823 1.735925 0.0 -8.162922 0.0 -1.861903 -22.861469 -6.167938 -1e-06 -3e-06 -1e-06 179.325562 -25.367643 -1.566615 14.341664 -0.266017 1.124735 -42.534222 12.897435 -14.655104 -19.227646 1.920128 2.283996 -0.999999 0.0 -0.0 -4.321412 -17.63809 -16.83905 16.688919 -0.211995 0.379107 -45.67131 9.239679 -19.586256 -15.012863 0.727819 1.514918 -1.000004 0.0 1e-06 
0.0 0.0 0.0 0.0 -0.0 0.0 0.09256 99.650558 1.360097 86.597084 -4.200651 92.601135 -4.148744 0.70608 -0.58476 -12.864423 -0.438326 0.330135 11.017553 0.950712 -2.760119 24.58741 -1.249676 2.926528 -2.364125 -0.949762 -3.609524 -19.168167 0.019714 -5.38041 6e-06 0.0 0.0 -0.019421 -0.005635 0.161055 -0.085795 0.059063 0.194232 -0.068913 -0.072883 0.125944 -10.495836 -56.175262 16.134184 -10.108603 37.491833 -94.020523 28.696835 0.578447 -2.190496 0.279508 15.493512 -75.183647 17.636627 -26.322735 52.411205 -19.466661 -14.3956 29.410395 0.0 -8.774822 -1e-06 16.925686 -17.270357 6.280766 -0.609774 -1.795653 -3.889328 -4.80709 -11.046813 -2.937849 2e-06 -20.976015 1e-06 -5.019973 -25.033558 -4.031883 7e-06 -0.0 -0.0 -10.634535 -5.686971 -3.565587 10.573277 -17.922953 -3.113902 2e-06 -13.821206 -1e-06 -0.501779 -31.181505 -4.027017 -11.931039 -60.481407 8.415269 -13.982716 -7.150198 -2.875041 13.772732 -8.401493 -3.218242 0.347732 -34.211544 0.771657 -0.96303 -17.73337 2.621019 1e-06 -0.0 -0.0 -17.346424 -20.095219 -4.201781 21.757565 -1.638375 3.866427 0.0 -6.338823 1e-06 -1.69759 -22.591747 -6.194008 0.0 -5e-06 -2e-06 176.244293 -56.246552 8.428424 -9.85367 31.19206 -102.885315 32.641754 1.448633 -1.947402 2.643506 24.34971 -62.543804 22.182121 -20.375898 49.933327 -16.701817 -16.74353 28.476534 -3e-06 -12.690603 1e-06 16.741034 -16.008768 4.067217 -0.105916 -1.513856 -4.275882 -5.039041 -5.61287 -2.953555 3e-06 -11.020527 -0.0 -6.111297 -15.895334 -3.840472 0.0 -0.0 -0.0 -10.283372 -5.68029 -4.341838 11.028296 -11.302406 -2.372632 -1.384268 -14.238583 -6.320125 -0.625439 -26.924198 -3.827603 -5.220353 -48.279041 -1.858819 -13.708527 -7.363478 -3.72094 18.141157 -14.05274 -3.242676 7e-06 -18.787271 -2e-06 -0.429712 -8.456045 2.555506 0.0 1e-06 1e-06 -15.923536 -20.094484 -5.473586 30.419222 -7.190827 1.735926 4e-06 -8.162927 1e-06 -1.861903 -22.861473 -6.167942 -0.0 -2e-06 -1e-06 179.915009 -26.644327 0.999543 18.889105 -0.37094 1.113498 -55.839989 14.823997 -17.684406 -25.149717 2.228967 2.166782 -0.999997 0.0 0.0 -5.851042 -18.326025 -13.556111 25.101238 -0.230187 0.544773 -58.108402 9.400937 -20.078493 -19.377655 0.906421 1.512576 -1.000002 -0.0 -0.0 
0.0 0.0 0.0 0.0 -0.0 0.0 0.069127 94.464264 0.959107 86.495117 -3.025434 92.088326 -3.2889 0.702343 -0.653333 -12.434372 -0.456771 0.068158 11.01789 1.109387 -2.906055 24.817564 -1.297952 3.029642 -2.493255 -1.029318 -3.35839 -19.0697 0.249887 -5.265075 6e-06 0.0 0.0 -0.072337 -0.009785 0.244768 -0.189297 0.057909 0.268124 -0.18428 -0.080664 0.221792 -10.537341 -56.784382 15.858079 -11.664297 44.826321 -95.197098 27.096149 0.706286 -1.849464 -0.512719 17.027294 -79.418747 17.636627 -26.322733 52.411194 -19.466661 -14.395594 29.410389 -1e-06 -8.774821 -1e-06 16.464493 -17.399899 6.726212 -0.609777 -1.795653 -3.889328 -4.807088 -11.046809 -2.937849 4e-06 -20.976015 -1e-06 -5.019969 -25.03356 -4.031882 6e-06 1e-06 1e-06 -10.634531 -5.68697 -3.565588 10.573271 -17.922949 -3.1139 3e-06 -13.821205 2e-06 -0.501776 -31.181498 -4.027016 -12.456993 -61.093941 8.70674 -13.982713 -7.150197 -2.875044 13.772727 -8.401492 -3.21824 0.347734 -34.211555 0.771656 -0.963028 -17.73337 2.62102 1e-06 -1e-06 -1e-06 -17.346415 -20.095217 -4.201783 21.757555 -1.638376 3.866428 2e-06 -6.338821 1e-06 -1.69759 -22.591742 -6.194005 0.0 -6e-06 -4e-06 175.736404 -57.000526 8.694295 -6.630719 38.743938 -104.939339 30.832218 3.179155 0.317486 6.382787 23.198277 -61.380669 22.182117 -20.375904 49.933327 -16.701817 -16.743538 28.476542 -2e-06 -12.690609 1e-06 18.034647 -16.463686 3.396382 -0.105921 -1.513857 -4.275883 -5.03904 -5.612871 -2.953556 4e-06 -11.020528 -2e-06 -6.111301 -15.895339 -3.840468 0.0 -1e-06 -1e-06 -10.283374 -5.680288 -4.341839 11.028298 -11.302409 -2.372634 -1.384269 -14.238586 -6.320122 -0.625441 -26.924196 -3.8276 -5.126941 -49.553329 -2.100653 -13.708527 -7.363479 -3.720939 18.141153 -14.052739 -3.242675 6e-06 -18.787281 -2e-06 -0.429714 -8.456048 2.555506 1e-06 -0.0 1e-06 -15.923539 -20.094494 -5.473583 30.419218 -7.190824 1.735924 2e-06 -8.162927 1e-06 -1.861905 -22.861475 -6.167942 1e-06 -4e-06 -2e-06 -179.383545 -27.734413 1.803429 24.540697 -0.549299 1.003167 -75.555634 13.869324 -22.625713 -21.397837 2.24847 2.111396 -0.999997 -0.0 -0.0 -8.783189 -19.208492 -9.832405 35.174229 -0.28382 0.803857 -75.309708 7.809081 -21.591507 -15.648437 1.071627 1.632815 -1.000002 1e-06 0.0 
0.0 0.0 0.0 0.0 -0.0 0.0 -0.035615 90.237534 0.353928 86.677551 -2.321797 91.136139 -2.60191 0.291862 -0.611234 -12.013856 -0.408 -0.285615 11.434425 1.002214 -3.274753 23.782509 -0.683202 2.788019 -2.701118 -1.250076 -2.663231 -19.216682 0.49818 -4.93572 6e-06 0.0 0.0 -0.126801 0.003186 0.287055 -0.212608 0.064505 0.322912 -0.235691 -0.063314 0.251143 -11.338889 -57.811726 17.082394 -15.382951 49.758728 -97.07943 26.758421 0.719775 -1.600662 -0.993731 18.415167 -83.023895 17.636621 -26.322725 52.411194 -19.466661 -14.395598 29.410389 -2e-06 -8.774821 -2e-06 16.424784 -17.568768 7.009701 -0.609776 -1.795654 -3.889328 -4.807088 -11.046811 -2.937849 4e-06 -20.976015 -1e-06 -5.01997 -25.033552 -4.031883 6e-06 0.0 -1e-06 -10.634533 -5.686969 -3.565588 10.573274 -17.922949 -3.113901 3e-06 -13.821206 0.0 -0.501777 -31.181498 -4.027015 -12.974761 -61.849331 9.123611 -13.982712 -7.150198 -2.87504 13.772729 -8.401491 -3.218242 0.347734 -34.211544 0.771652 -0.963028 -17.733366 2.621018 0.0 0.0 1e-06 -17.346416 -20.095217 -4.201781 21.757555 -1.638373 3.866427 1e-06 -6.338823 0.0 -1.69759 -22.591738 -6.194004 -1e-06 -2e-06 -3e-06 174.919418 -58.463654 8.87173 -4.396233 42.306732 -104.962975 30.586725 4.869604 1.966309 9.914656 21.841681 -57.317425 22.182102 -20.375896 49.933311 -16.701809 -16.743528 28.476526 -4e-06 -12.6906 1e-06 18.942511 -16.303289 2.850693 -0.105916 -1.513856 -4.27588 -5.039043 -5.612871 -2.953557 4e-06 -11.020523 -3e-06 -6.111294 -15.895334 -3.840466 1e-06 -3e-06 -1e-06 -10.283366 -5.680287 -4.341838 11.028292 -11.302404 -2.372635 -1.38427 -14.238583 -6.320121 -0.625436 -26.924187 -3.827602 -5.420027 -51.263485 -1.855324 -13.708517 -7.363476 -3.720937 18.141146 -14.052738 -3.242677 7e-06 -18.78727 -2e-06 -0.429712 -8.456043 2.555501 1e-06 -1e-06 1e-06 -15.923528 -20.094482 -5.473585 30.419205 -7.190823 1.735922 3e-06 -8.162925 -1e-06 -1.861902 -22.861469 -6.167943 -0.0 -3e-06 -0.0 179.935135 -28.16466 1.441863 30.144428 -0.667781 1.014581 -90.498047 10.798817 -26.050741 -15.248603 2.033359 2.068704 -1.0 -0.0 0.0 -13.748025 -20.096643 -6.360017 45.076843 -0.468161 1.05955 -88.694473 6.150782 -22.161421 -11.928606 1.08427 1.705138 -1.000001 0.0 0.0 
0.0 0.0 0.0 0.0 -0.0 0.0 0.005262 87.764969 -0.08063 87.061722 -1.897281 90.067932 -2.085281 -0.236022 -0.601808 -11.708156 -0.55654 -0.562473 11.979509 0.645908 -3.498441 22.664373 0.227088 2.349143 -2.718549 -1.456711 -1.919397 -19.853128 0.907194 -4.426934 6e-06 0.0 -0.0 -0.147014 0.015469 0.210131 -0.19217 0.072077 0.269703 -0.226463 -0.046218 0.151892 -11.769523 -58.707069 18.587269 -18.368561 51.670155 -98.168007 28.032225 2.048302 -1.253467 -1.034455 20.029888 -85.450844 17.636621 -26.322729 52.411194 -19.466658 -14.395598 29.410389 -0.0 -8.774821 -1e-06 16.58539 -17.642744 7.041322 -0.609776 -1.795653 -3.889328 -4.807087 -11.046813 -2.937851 2e-06 -20.976017 0.0 -5.019971 -25.03356 -4.031882 6e-06 -1e-06 -1e-06 -10.634531 -5.686971 -3.565588 10.573271 -17.922951 -3.113901 1e-06 -13.82121 1e-06 -0.501779 -31.181505 -4.027016 -13.507536 -62.354443 9.543774 -13.982711 -7.150197 -2.875042 13.772727 -8.401493 -3.218243 0.34773 -34.211552 0.771655 -0.96303 -17.73337 2.621019 -0.0 0.0 -0.0 -17.346416 -20.095217 -4.20178 21.757557 -1.638373 3.866425 0.0 -6.338822 1e-06 -1.697588 -22.591749 -6.194007 -1e-06 -2e-06 -3e-06 173.895386 -59.040367 9.252227 -2.359304 40.073849 -105.196533 32.111786 5.560962 2.379892 12.342719 21.137659 -51.293186 22.182112 -20.3759 49.933327 -16.701817 -16.74353 28.476536 -1e-06 -12.690603 -2e-06 19.409296 -16.240135 2.543128 -0.105921 -1.513857 -4.275883 -5.039042 -5.612873 -2.953557 5e-06 -11.020528 -2e-06 -6.111298 -15.895334 -3.840469 1e-06 0.0 -2e-06 -10.28337 -5.68029 -4.34184 11.028293 -11.302405 -2.372633 -1.384266 -14.238585 -6.32012 -0.625443 -26.924191 -3.8276 -5.508982 -52.389767 -1.680688 -13.708526 -7.363477 -3.72094 18.14115 -14.052739 -3.242677 6e-06 -18.787271 -1e-06 -0.429712 -8.456046 2.555503 -1e-06 1e-06 -1e-06 -15.923539 -20.094486 -5.473586 30.419218 -7.190826 1.735924 1e-06 -8.162927 -0.0 -1.861902 -22.861479 -6.167942 -0.0 -2e-06 0.0 177.760757 -28.231159 1.183021 36.082905 -0.789066 0.97475 -98.453445 10.049472 -26.633862 -12.24264 1.941529 2.071267 -0.999998 0.0 0.0 -17.008425 -21.116186 -4.581605 50.930878 -0.660737 1.219836 -94.797081 6.631181 -22.450848 -10.767264 1.095 1.727439 -1.000002 -0.0 -0.0 
0.0 0.0 0.0 0.0 -0.0 0.0 0.138366 87.226791 -0.09922 87.040085 -1.569861 89.094925 -1.944599 -0.483105 -0.601468 -11.555347 -0.712915 -0.931552 12.360022 0.428786 -3.58946 22.507113 0.728128 1.849851 -2.720233 -1.548131 -1.414648 -20.768862 1.346618 -3.633339 6e-06 -0.0 0.0 -0.128539 0.013656 0.036285 -0.034728 0.060515 0.147315 -0.064081 -0.038844 -0.070171 -12.135707 -59.640285 19.721804 -16.837662 51.409931 -95.659012 29.212429 3.763002 -0.392258 -0.765252 21.218819 -85.410004 17.636629 -26.322733 52.411198 -19.466665 -14.395602 29.410395 -1e-06 -8.774824 -1e-06 16.626665 -17.401119 6.799153 -0.609775 -1.795655 -3.889327 -4.807091 -11.046813 -2.937851 3e-06 -20.976017 -0.0 -5.019971 -25.033558 -4.031885 6e-06 -0.0 0.0 -10.634537 -5.686973 -3.565587 10.573277 -17.922947 -3.113901 1e-06 -13.821211 0.0 -0.501779 -31.181505 -4.027015 -12.788617 -61.398102 8.896863 -13.982717 -7.150199 -2.875041 13.772732 -8.401491 -3.218243 0.347734 -34.211552 0.771653 -0.963028 -17.73337 2.62102 -0.0 0.0 -1e-06 -17.346424 -20.095217 -4.201782 21.757566 -1.638372 3.866429 -0.0 -6.338821 2e-06 -1.697591 -22.591745 -6.194007 -1e-06 -5e-06 -3e-06 173.33783 -57.877529 9.245195 -0.751823 33.120766 -103.26017 32.203613 4.744743 1.769458 11.297239 20.378815 -43.915916 22.182119 -20.375895 49.933323 -16.701809 -16.743526 28.476528 -3e-06 -12.690598 -4e-06 19.542633 -16.360872 2.732342 -0.105919 -1.513855 -4.275881 -5.039042 -5.612872 -2.953558 4e-06 -11.020519 -4e-06 -6.111294 -15.895332 -3.840472 1e-06 0.0 -0.0 -10.283367 -5.680287 -4.34184 11.028291 -11.302402 -2.372632 -1.384266 -14.238577 -6.320121 -0.625438 -26.924179 -3.8276 -5.62505 -53.806477 -1.621041 -13.708524 -7.363476 -3.720942 18.141146 -14.052737 -3.24267 7e-06 -18.787266 -4e-06 -0.429714 -8.456041 2.555505 -0.0 -0.0 3e-06 -15.923531 -20.094481 -5.473588 30.419205 -7.190824 1.735931 3e-06 -8.162926 -1e-06 -1.861903 -22.861464 -6.167941 -1e-06 -3e-06 -2e-06 177.48793 -28.795416 -0.35151 38.653252 -0.77626 1.049186 -99.280891 11.906141 -26.377205 -12.60824 1.926853 2.028229 -0.999999 -0.0 -0.0 -17.865568 -21.579395 -4.411958 52.439564 -0.719969 1.286363 -95.734184 8.927975 -22.803501 -11.345027 1.136183 1.714141 -1.000003 -0.0 -0.0 
0.0 0.0 0.0 0.0 -0.0 0.0 0.253351 88.881973 0.198255 86.595566 -1.334499 88.567307 -2.201987 -0.345391 -0.593616 -11.637138 -0.886468 -1.129722 12.475916 0.511884 -3.77265 23.332733 0.668262 1.666239 -2.679009 -1.3678 -1.329915 -21.873547 1.392473 -2.864819 6e-06 -0.0 -0.0 -0.079529 0.01483 0.009745 0.060169 0.04002 0.13261 0.021926 -0.014455 -0.104805 -12.726045 -60.753029 21.49585 -12.426389 48.859406 -91.139069 29.018366 3.591094 0.027447 -0.718927 20.720287 -80.99559 17.636633 -26.322739 52.411213 -19.466669 -14.395604 29.410398 -2e-06 -8.774825 -2e-06 16.925291 -17.344046 6.607584 -0.609776 -1.795654 -3.889329 -4.80709 -11.046814 -2.937851 3e-06 -20.976021 -0.0 -5.019972 -25.033566 -4.031882 6e-06 2e-06 -0.0 -10.634536 -5.686974 -3.565589 10.573277 -17.922958 -3.113904 3e-06 -13.821214 1e-06 -0.501777 -31.181511 -4.027019 -12.589231 -60.053188 8.623203 -13.982719 -7.150198 -2.875044 13.772733 -8.401494 -3.218244 0.347736 -34.211559 0.771653 -0.963029 -17.733372 2.621019 1e-06 -1e-06 -0.0 -17.346424 -20.095221 -4.201785 21.757568 -1.638377 3.866429 1e-06 -6.338826 1e-06 -1.69759 -22.591755 -6.194009 1e-06 -6e-06 -2e-06 172.713837 -56.020782 9.338565 -0.705998 23.412542 -96.4487 31.40588 2.315497 0.431634 6.691981 17.458164 -35.580776 22.18211 -20.375889 49.933308 -16.701817 -16.74353 28.476526 -5e-06 -12.690601 -1e-06 19.494659 -16.334888 2.684484 -0.105919 -1.513856 -4.27588 -5.03904 -5.61287 -2.953557 5e-06 -11.02052 -3e-06 -6.111295 -15.89533 -3.840467 0.0 -2e-06 -1e-06 -10.28337 -5.680286 -4.341837 11.028293 -11.302404 -2.372633 -1.384266 -14.238577 -6.32012 -0.625435 -26.924189 -3.827599 -5.504986 -53.644257 -1.620232 -13.708523 -7.363473 -3.720937 18.141148 -14.052739 -3.242674 9e-06 -18.787268 -2e-06 -0.42971 -8.456042 2.555503 0.0 -1e-06 -1e-06 -15.923534 -20.094479 -5.473582 30.419207 -7.190827 1.735925 3e-06 -8.162925 -3e-06 -1.861899 -22.861467 -6.167938 -1e-06 -5e-06 -2e-06 179.519791 -29.415426 -2.621564 36.396778 -0.675346 1.14701 -93.364983 15.294806 -25.222746 -16.012445 1.985139 1.964136 -0.999999 0.0 -0.0 -15.764715 -20.957788 -5.340241 48.788429 -0.492866 1.234472 -91.716446 11.13369 -22.824049 -12.940023 1.072687 1.682916 -1.000003 -0.0 -0.0 
0.0 0.0 0.0 0.0 -0.0 0.0 0.30623 92.635849 0.764739 86.283592 -1.234739 88.281548 -2.696259 -0.289877 -0.583626 -11.939893 -1.090638 -1.016894 12.490597 0.805821 -4.414149 24.675407 0.27288 1.828282 -2.75238 -1.219669 -1.070303 -23.153145 1.163004 -1.768458 6e-06 0.0 0.0 -0.062293 -0.00054 0.044952 0.15046 0.03259 0.179319 0.117029 -0.036608 -0.074901 -14.679788 -62.07468 24.793011 -7.76827 44.22831 -83.148537 27.509869 1.493645 -0.257158 -0.779049 18.28631 -74.809052 17.636625 -26.322744 52.411213 -19.46666 -14.3956 29.410395 -0.0 -8.774821 -1e-06 17.19602 -17.293524 6.297662 -0.609775 -1.795653 -3.889327 -4.807088 -11.046811 -2.93785 3e-06 -20.976011 -0.0 -5.019971 -25.033552 -4.031878 7e-06 1e-06 -1e-06 -10.634533 -5.686969 -3.565588 10.573274 -17.922947 -3.1139 2e-06 -13.821206 1e-06 -0.501779 -31.181498 -4.027013 -12.00104 -58.918846 7.889142 -13.982714 -7.150198 -2.875041 13.77273 -8.401493 -3.218242 0.347731 -34.211555 0.771656 -0.963029 -17.733372 2.621021 0.0 -1e-06 -1e-06 -17.346416 -20.095217 -4.201783 21.757559 -1.638376 3.866429 1e-06 -6.338823 2e-06 -1.697589 -22.591743 -6.194005 -0.0 -3e-06 -2e-06 172.444016 -54.902378 9.655471 -2.485135 12.54455 -87.479309 33.221519 -1.96143 -1.484018 3.531041 12.508777 -28.349087 22.182117 -20.3759 49.933323 -16.701809 -16.74353 28.47653 -3e-06 -12.690601 0.0 18.754847 -15.747874 1.877545 -0.10592 -1.513857 -4.27588 -5.039042 -5.612871 -2.953557 4e-06 -11.020523 -4e-06 -6.111299 -15.895332 -3.840471 -1e-06 -2e-06 0.0 -10.28337 -5.680288 -4.341839 11.028294 -11.302405 -2.372632 -1.384269 -14.238581 -6.32012 -0.62544 -26.924191 -3.8276 -5.21568 -52.066879 -1.874782 -13.708526 -7.363476 -3.720939 18.141148 -14.052739 -3.242674 5e-06 -18.78727 -1e-06 -0.429711 -8.456042 2.555504 1e-06 1e-06 -1e-06 -15.923536 -20.094482 -5.473585 30.41921 -7.190825 1.735926 2e-06 -8.162926 2e-06 -1.861904 -22.861467 -6.167941 1e-06 -3e-06 -0.0 -178.073517 -29.281687 -4.906458 31.75806 -0.564242 1.349048 -80.87088 18.44533 -22.084181 -24.097198 2.080711 1.829758 -0.999998 0.0 -0.0 -11.439011 -19.499298 -6.199433 40.112812 -0.377435 1.151896 -81.146744 13.188371 -21.515415 -18.05265 1.131927 1.611115 -1.000001 -1e-06 -0.0 
0.0 0.0 0.0 0.0 -0.0 0.0 0.374076 97.618225 1.492283 86.714325 -1.608352 88.398529 -3.351737 -0.523101 -0.546474 -12.303746 -1.267591 -0.827592 12.321547 0.640276 -4.949107 25.962004 0.131643 1.948476 -2.734188 -1.231498 -0.851042 -24.553307 0.757002 -1.37036 6e-06 -0.0 0.0 -0.030937 0.003159 0.110497 0.214704 0.052825 0.239948 0.186605 -0.051733 0.000688 -16.261906 -63.315102 27.986628 -4.282594 36.988083 -72.877388 26.827976 -1.252072 -0.77873 -0.756749 15.09364 -72.091408 17.636627 -26.322721 52.411179 -19.466654 -14.395596 29.410378 -1e-06 -8.774819 -3e-06 16.947763 -17.028112 5.654614 -0.609776 -1.795653 -3.889326 -4.807087 -11.046807 -2.93785 4e-06 -20.976011 1e-06 -5.019971 -25.033552 -4.031879 5e-06 -0.0 0.0 -10.634533 -5.686968 -3.565586 10.573271 -17.922945 -3.1139 4e-06 -13.821205 -1e-06 -0.501778 -31.181488 -4.027011 -10.886079 -57.31638 7.071332 -13.982712 -7.150195 -2.875041 13.772727 -8.401489 -3.218239 0.347736 -34.211536 0.771656 -0.96303 -17.733364 2.621022 2e-06 0.0 -1e-06 -17.346413 -20.095209 -4.201781 21.757555 -1.638374 3.866427 2e-06 -6.338821 -1e-06 -1.69759 -22.591736 -6.194001 1e-06 -5e-06 -1e-06 172.500229 -54.659351 10.271326 -6.411813 -0.174693 -75.810257 39.545841 -5.830571 -3.400433 2.585727 8.661196 -24.810806 22.182108 -20.375896 49.933311 -16.701809 -16.743528 28.476528 -3e-06 -12.690598 0.0 17.74098 -15.839772 1.245284 -0.105919 -1.513856 -4.275882 -5.03904 -5.61287 -2.953556 3e-06 -11.020521 -1e-06 -6.111296 -15.89533 -3.840469 0.0 -1e-06 -1e-06 -10.283367 -5.680286 -4.341838 11.028293 -11.302402 -2.372633 -1.384268 -14.238578 -6.32012 -0.625439 -26.924179 -3.827598 -5.368119 -50.584072 -2.135067 -13.708521 -7.363474 -3.720939 18.141146 -14.052739 -3.242673 5e-06 -18.787268 0.0 -0.429712 -8.456047 2.555505 0.0 -0.0 -0.0 -15.92353 -20.094479 -5.473584 30.419205 -7.190823 1.735925 2e-06 -8.162925 0.0 -1.861903 -22.861467 -6.167938 1e-06 -1e-06 -1e-06 -177.382141 -27.438244 -5.183208 26.726856 -0.427565 1.494142 -63.77272 17.698315 -18.073658 -29.612782 2.223432 1.807097 -1.0 -0.0 -0.0 -7.099058 -18.157192 -6.578452 29.381231 -0.267282 0.898203 -65.134613 13.537859 -19.430786 -23.09944 1.195168 1.558303 -1.000002 -1e-06 0.0 
0.0 0.0 0.0 0.0 -0.0 0.0 0.444252 102.949631 1.969281 87.579651 -2.222621 88.846382 -3.840233 -0.915484 -0.340387 -12.60113 -1.406487 -0.87941 12.223901 0.23886 -5.077714 26.920015 0.05571 2.198335 -2.673035 -1.211033 -1.234067 -25.997269 0.469324 -1.093597 6e-06 0.0 -0.0 -0.005669 0.00595 -0.019953 0.173642 0.058342 0.070472 0.158797 -0.05305 -0.091221 -18.081013 -65.182991 31.284681 -1.544483 27.821049 -62.131084 28.059746 -2.423951 -0.939891 -0.38642 13.292735 -72.836044 17.636635 -26.322729 52.411179 -19.466661 -14.3956 29.410381 -3e-06 -8.774821 -2e-06 16.714367 -16.569742 5.322579 -0.609776 -1.795653 -3.889327 -4.807087 -11.046809 -2.937853 6e-06 -20.976015 1e-06 -5.019969 -25.033552 -4.03188 7e-06 1e-06 0.0 -10.634535 -5.686969 -3.565587 10.573275 -17.922947 -3.1139 3e-06 -13.821209 2e-06 -0.501775 -31.181498 -4.027017 -10.106878 -57.152164 6.580689 -13.982714 -7.150198 -2.875046 13.772729 -8.401492 -3.21824 0.347734 -34.211544 0.771658 -0.96303 -17.73337 2.62102 -1e-06 -1e-06 -0.0 -17.346416 -20.095217 -4.201782 21.757559 -1.638374 3.866428 2e-06 -6.338825 2e-06 -1.697591 -22.591742 -6.194003 0.0 -4e-06 -3e-06 171.499405 -56.848164 12.972668 -10.898942 -11.745662 -62.961956 46.817028 -6.617404 -4.704516 3.486645 6.819422 -22.535439 22.182114 -20.375891 49.933323 -16.701815 -16.743532 28.476532 -1e-06 -12.690602 -1e-06 17.29635 -16.286377 0.908318 -0.10592 -1.513856 -4.275882 -5.039041 -5.612872 -2.953557 3e-06 -11.020525 -4e-06 -6.1113 -15.895336 -3.840472 0.0 1e-06 -0.0 -10.283369 -5.680289 -4.341838 11.028294 -11.302404 -2.372634 -1.38427 -14.238584 -6.320123 -0.625437 -26.924191 -3.827602 -5.404679 -50.200951 -2.924337 -13.708526 -7.363477 -3.72094 18.141151 -14.052739 -3.242676 5e-06 -18.78727 -4e-06 -0.429711 -8.456041 2.555503 1e-06 1e-06 1e-06 -15.923539 -20.094486 -5.473586 30.419218 -7.190825 1.735926 2e-06 -8.162925 -1e-06 -1.861903 -22.861471 -6.167944 0.0 -3e-06 -1e-06 -178.885818 -24.299162 -3.777511 23.343243 -0.39541 1.435849 -49.63036 12.246393 -15.797603 -23.631748 2.039581 2.010704 -0.999996 0.0 -0.0 -3.997758 -17.066935 -6.756913 19.306896 -0.276578 0.643359 -47.597202 10.950132 -17.204456 -22.212883 1.06296 1.567766 -1.000003 -0.0 -0.0 
0.0 0.0 0.0 0.0 -0.0 0.0 0.644307 107.467041 2.034322 88.049194 -2.451162 89.231895 -3.848787 -0.931838 -0.144312 -12.64156 -1.338234 -1.040088 12.345713 0.123847 -4.742009 27.408209 -0.481731 2.362535 -2.691122 -1.003482 -1.585676 -27.203493 0.325847 -1.02123 6e-06 -0.0 0.0 -0.024292 0.010522 -0.179172 0.063851 0.026523 -0.138658 0.062159 -0.013879 -0.201874 -23.132097 -68.467239 37.123734 1.556898 18.978605 -53.70446 28.624437 -2.081901 -0.227156 0.607845 13.577294 -70.902588 17.636631 -26.322729 52.411179 -19.466658 -14.395597 29.410381 1e-06 -8.774822 -2e-06 16.604088 -16.428492 5.687616 -0.609777 -1.795655 -3.889327 -4.807087 -11.046811 -2.93785 5e-06 -20.976015 2e-06 -5.019974 -25.033556 -4.031878 6e-06 0.0 -1e-06 -10.634533 -5.68697 -3.565585 10.573272 -17.922947 -3.113901 -0.0 -13.821209 -0.0 -0.501782 -31.181505 -4.027011 -10.123487 -58.82851 6.56577 -13.982712 -7.150198 -2.875041 13.77273 -8.401492 -3.218243 0.347732 -34.211544 0.771656 -0.963031 -17.73337 2.621022 -1e-06 1e-06 -0.0 -17.346418 -20.095217 -4.201784 21.757557 -1.638376 3.866428 2e-06 -6.338825 -2e-06 -1.697588 -22.591742 -6.194004 -1e-06 -4e-06 0.0 167.907059 -62.477291 19.363445 -13.125188 -18.934546 -52.114746 50.237339 -4.709733 -4.513617 4.714712 7.512653 -20.393055 22.182114 -20.375904 49.933323 -16.701813 -16.743528 28.476534 -2e-06 -12.690603 0.0 16.908712 -16.667961 1.121784 -0.105922 -1.513856 -4.275882 -5.039041 -5.612872 -2.953556 5e-06 -11.020523 -1e-06 -6.111298 -15.895334 -3.840468 1e-06 1e-06 -0.0 -10.283372 -5.680288 -4.341837 11.028292 -11.302407 -2.372635 -1.38427 -14.238579 -6.320121 -0.62544 -26.924189 -3.827598 -4.919917 -49.918282 -3.411304 -13.708527 -7.363477 -3.720939 18.141146 -14.052742 -3.242672 6e-06 -18.78727 -1e-06 -0.429712 -8.456047 2.555502 -1e-06 2e-06 -1e-06 -15.923536 -20.094484 -5.473583 30.41921 -7.190826 1.735927 4e-06 -8.162922 -2e-06 -1.8619 -22.861475 -6.167943 -0.0 -2e-06 -1e-06 179.266251 -20.772078 -3.020707 22.436298 -0.42712 1.177727 -45.369514 5.831772 -14.890588 -13.821339 1.728407 2.187357 -0.999997 0.0 -0.0 -2.65689 -15.58709 -7.903757 13.888069 -0.364111 0.508999 -37.740742 5.865393 -15.559488 -14.08844 0.833364 1.63602 -1.000006 1e-06 -1e-06 
0.0 0.0 0.0 0.0 -0.0 0.0 0.968672 110.806213 1.844487 88.152122 -2.236712 89.377167 -3.527213 -0.703522 -0.17902 -12.491946 -1.085043 -0.897114 12.730392 0.321327 -4.404824 27.439743 -1.279141 2.592026 -2.759197 -0.742689 -1.763431 -28.540443 0.251315 -1.213944 6e-06 1e-06 -0.0 -0.028749 0.008017 -0.251962 -0.0068 -0.011373 -0.245832 0.001372 0.017338 -0.242686 -32.959976 -71.971237 47.666302 4.946406 10.766106 -47.765282 27.619539 -1.174509 0.622243 1.897025 14.530736 -65.961189 17.636633 -26.322737 52.411198 -19.46666 -14.3956 29.410389 -1e-06 -8.774824 -2e-06 16.039463 -16.732443 6.459311 -0.609776 -1.795654 -3.889327 -4.80709 -11.046813 -2.93785 1e-06 -20.976017 -0.0 -5.019973 -25.033556 -4.031878 6e-06 -0.0 -1e-06 -10.634537 -5.68697 -3.565587 10.573276 -17.922953 -3.1139 -1e-06 -13.821213 2e-06 -0.501782 -31.181511 -4.027014 -10.813169 -60.807831 6.86728 -13.982718 -7.150197 -2.875041 13.772731 -8.401496 -3.218241 0.347731 -34.211559 0.771658 -0.96303 -17.733372 2.62102 0.0 0.0 -0.0 -17.346424 -20.095221 -4.201779 21.757566 -1.638373 3.866429 -0.0 -6.338825 3e-06 -1.697588 -22.591749 -6.194008 -1e-06 -6e-06 -3e-06 160.260223 -69.800774 30.316757 -11.80065 -22.920443 -45.439373 48.752678 -2.155596 -2.898694 5.617685 9.580267 -19.069466 22.182117 -20.375898 49.933327 -16.701807 -16.743526 28.47653 -1e-06 -12.690603 -1e-06 16.194357 -16.919394 1.80048 -0.10592 -1.513855 -4.275882 -5.039039 -5.612871 -2.953556 5e-06 -11.020525 -0.0 -6.111297 -15.895334 -3.840472 1e-06 1e-06 -1e-06 -10.283369 -5.680288 -4.341839 11.028294 -11.302405 -2.372632 -1.38427 -14.238581 -6.320118 -0.62544 -26.924191 -3.827599 -4.508833 -49.495892 -3.361006 -13.708527 -7.363477 -3.720939 18.141146 -14.052739 -3.242674 4e-06 -18.787271 0.0 -0.429711 -8.456045 2.555501 1e-06 -1e-06 -1e-06 -15.923536 -20.094482 -5.473585 30.419214 -7.190822 1.735929 2e-06 -8.162927 0.0 -1.861903 -22.861469 -6.167945 -0.0 -2e-06 -0.0 178.191849 -17.088491 -3.355268 22.116915 -0.388373 0.906292 -46.209599 3.384606 -14.02304 -11.007739 1.630339 2.171938 -0.999997 -0.0 0.0 -2.225846 -13.44878 -9.159879 12.663293 -0.365954 0.462414 -36.677166 2.700848 -14.86474 -10.166039 0.779117 1.684044 -1.000005 -0.0 1e-06 
0.0 0.0 0.0 0.0 -0.0 0.0 1.308899 112.904678 1.584358 88.210884 -1.975178 89.420303 -3.209336 -0.493904 -0.257089 -12.335941 -0.879819 -0.697688 13.240586 0.656371 -4.110585 27.011677 -1.920328 2.776276 -2.805743 -0.57494 -1.85723 -29.832573 0.123519 -1.445277 6e-06 -0.0 -1e-06 -0.019621 8.7e-05 -0.283234 -0.027204 -0.034802 -0.289155 -0.015221 0.024939 -0.264693 -45.360443 -74.457115 60.796101 8.542235 2.282281 -43.897205 25.870623 -0.128802 0.912911 3.339716 14.728128 -59.842213 17.636625 -26.322733 52.411198 -19.466665 -14.3956 29.410395 2e-06 -8.774819 0.0 15.456353 -17.145473 7.074465 -0.609776 -1.795655 -3.889328 -4.80709 -11.046813 -2.93785 2e-06 -20.976021 -1e-06 -5.01997 -25.03356 -4.031883 6e-06 -1e-06 1e-06 -10.634535 -5.686973 -3.565586 10.573275 -17.922951 -3.113901 2e-06 -13.821209 0.0 -0.501775 -31.181507 -4.02702 -11.622403 -62.092022 7.333671 -13.982712 -7.1502 -2.875041 13.772727 -8.401491 -3.218242 0.347734 -34.211555 0.77165 -0.963029 -17.733372 2.621022 1e-06 1e-06 -1e-06 -17.346418 -20.095221 -4.201782 21.757555 -1.638375 3.866426 1e-06 -6.338824 -0.0 -1.697591 -22.591751 -6.194007 -0.0 -6e-06 -2e-06 146.943909 -76.375381 46.896484 -8.02587 -25.648916 -41.721584 43.038979 -0.439739 -1.179289 6.155521 11.34546 -17.258614 22.182108 -20.375895 49.933327 -16.701813 -16.743525 28.476532 -3e-06 -12.6906 -3e-06 15.207203 -17.079367 2.53594 -0.10592 -1.513857 -4.275882 -5.039039 -5.612872 -2.953556 5e-06 -11.020523 -1e-06 -6.111295 -15.895334 -3.840472 -0.0 0.0 -1e-06 -10.283368 -5.680289 -4.341839 11.028294 -11.302406 -2.372632 -1.384269 -14.238581 -6.320123 -0.625436 -26.924194 -3.827601 -4.123935 -49.099052 -3.41406 -13.708522 -7.363476 -3.72094 18.141146 -14.052739 -3.242675 8e-06 -18.78727 -3e-06 -0.429714 -8.456041 2.555503 -0.0 -1e-06 -1e-06 -15.923532 -20.094484 -5.473585 30.419205 -7.190826 1.735926 2e-06 -8.162925 -2e-06 -1.8619 -22.861467 -6.167945 2e-06 -4e-06 -1e-06 177.780411 -13.172231 -4.064658 20.575136 -0.35064 0.724091 -46.822113 2.965809 -13.19893 -10.361605 1.613661 2.124273 -0.999998 -0.0 0.0 -2.117994 -10.966304 -9.683443 12.73843 -0.311489 0.437878 -38.862427 2.295498 -15.035779 -9.153461 0.773322 1.676799 -1.000004 1e-06 -1e-06 
0.0 0.0 0.0 0.0 -0.0 0.0 1.555503 113.730301 1.371116 88.155579 -1.786625 89.6446 -2.970639 -0.252729 -0.269728 -12.213555 -0.772409 -0.597626 13.701069 0.971113 -3.77681 26.254665 -2.231837 2.862311 -2.812015 -0.562685 -1.851295 -31.052742 -0.010963 -1.706329 6e-06 0.0 -0.0 -0.007463 -0.012485 -0.282657 -0.029793 -0.052864 -0.286729 -0.017635 0.019038 -0.268783 -57.122829 -75.98877 73.182693 12.217046 -6.238062 -41.929516 24.06708 0.474312 0.720995 4.94407 13.856927 -54.222309 17.636629 -26.322729 52.411182 -19.46666 -14.395597 29.410381 -3e-06 -8.774821 -2e-06 15.254432 -17.596786 7.206768 -0.609778 -1.795654 -3.889328 -4.807088 -11.046811 -2.93785 3e-06 -20.976015 -1e-06 -5.01997 -25.03356 -4.03188 6e-06 1e-06 -1e-06 -10.634534 -5.686972 -3.565588 10.573272 -17.922951 -3.113901 2e-06 -13.821209 0.0 -0.501777 -31.181505 -4.027015 -12.257001 -62.42067 7.751618 -13.982714 -7.150198 -2.875041 13.77273 -8.401491 -3.218241 0.347735 -34.211555 0.771654 -0.963028 -17.73337 2.621021 -0.0 0.0 0.0 -17.346416 -20.095213 -4.201781 21.757557 -1.638378 3.866427 1e-06 -6.338821 2e-06 -1.69759 -22.591742 -6.194006 -0.0 -5e-06 -1e-06 124.200569 -80.805122 72.37957 -3.275264 -28.2481 -38.465225 35.197857 0.522788 -0.289334 5.79848 12.273009 -15.372292 22.182121 -20.375898 49.933323 -16.701818 -16.74353 28.476532 -4e-06 -12.690604 -2e-06 14.508992 -17.18358 3.060995 -0.105919 -1.513856 -4.275882 -5.039042 -5.612873 -2.953556 3e-06 -11.020525 -0.0 -6.111298 -15.895338 -3.840471 0.0 2e-06 0.0 -10.283371 -5.68029 -4.341841 11.028295 -11.302406 -2.372633 -1.384269 -14.238586 -6.320119 -0.62544 -26.924191 -3.827604 -3.986181 -48.973633 -3.434521 -13.708526 -7.363478 -3.720941 18.141153 -14.052743 -3.242676 6e-06 -18.78727 -1e-06 -0.429711 -8.456045 2.555505 2e-06 0.0 -0.0 -15.923538 -20.094486 -5.473584 30.419218 -7.190827 1.735929 4e-06 -8.162928 -2e-06 -1.8619 -22.861475 -6.167946 1e-06 -4e-06 -1e-06 177.626419 -9.582223 -4.590816 18.159466 -0.328226 0.61329 -46.512535 2.739552 -12.389662 -10.030436 1.593959 2.081267 -1.0 0.0 -0.0 -2.099337 -8.289856 -9.408544 13.066827 -0.245977 0.397047 -41.984226 3.406801 -15.516177 -9.032462 0.792401 1.676129 -1.000004 1e-06 0.0 
0.0 0.0 0.0 0.0 -0.0 0.0 1.710073 113.390198 1.261545 87.932831 -1.711196 90.27092 -2.922289 0.018345 -0.196523 -12.157372 -0.729633 -0.659027 14.126642 1.249937 -3.371573 25.32996 -2.234841 2.807135 -2.765743 -0.686174 -1.722046 -32.153313 -0.1851 -2.169676 6e-06 -0.0 -0.0 0.010491 -0.023277 -0.240346 -0.035794 -0.074189 -0.248816 -0.028876 0.020195 -0.2262 -68.10598 -77.103928 84.76371 16.03739 -14.445479 -39.919468 22.303976 0.74971 0.415677 6.349951 11.763485 -49.874687 17.636625 -26.322729 52.41119 -19.466654 -14.395597 29.410389 -0.0 -8.774822 -2e-06 15.416156 -18.097862 7.030147 -0.609776 -1.795653 -3.889327 -4.807088 -11.046809 -2.93785 4e-06 -20.976015 -1e-06 -5.019969 -25.033552 -4.031882 6e-06 1e-06 -0.0 -10.634533 -5.68697 -3.565587 10.573274 -17.922945 -3.113901 2e-06 -13.821205 1e-06 -0.501778 -31.181501 -4.027016 -12.769879 -62.145367 8.097843 -13.982713 -7.150197 -2.875041 13.772729 -8.401491 -3.218242 0.347733 -34.211544 0.771655 -0.963029 -17.733366 2.621019 0.0 -0.0 -0.0 -17.346416 -20.095217 -4.201782 21.757557 -1.638373 3.866428 1e-06 -6.338822 0.0 -1.69759 -22.591738 -6.194005 -0.0 -4e-06 -3e-06 87.741119 -82.285355 111.129799 1.74358 -30.855267 -35.005222 27.367628 0.553475 -0.1318 4.341253 12.49539 -14.284002 22.182114 -20.375895 49.933323 -16.701811 -16.74353 28.476532 -2e-06 -12.690601 -3e-06 14.44974 -17.350956 3.311061 -0.105919 -1.513855 -4.275881 -5.039041 -5.612873 -2.953555 3e-06 -11.02052 -0.0 -6.1113 -15.89533 -3.840472 -0.0 -2e-06 0.0 -10.283369 -5.680287 -4.341835 11.028293 -11.302402 -2.372634 -1.38427 -14.238579 -6.320121 -0.625438 -26.924187 -3.827601 -4.080976 -49.051132 -3.41965 -13.708525 -7.363474 -3.720939 18.141148 -14.052738 -3.242674 4e-06 -18.78727 -0.0 -0.42971 -8.456041 2.555501 1e-06 -2e-06 -0.0 -15.923538 -20.094482 -5.473583 30.41921 -7.190823 1.735929 4e-06 -8.162921 -1e-06 -1.861902 -22.861467 -6.167943 0.0 -2e-06 -0.0 177.533371 -6.623665 -4.675385 15.436438 -0.308902 0.524526 -45.397964 3.100388 -11.366242 -10.007661 1.57157 2.044848 -0.999998 0.0 0.0 -2.113509 -5.509584 -8.598989 13.514636 -0.179302 0.300081 -45.16177 4.967071 -15.890733 -9.076534 0.827581 1.699984 -1.000005 0.0 -1e-06 
0.0 0.0 0.0 0.0 -0.0 0.0 1.759945 111.954651 1.260476 87.538979 -1.702954 91.386497 -3.139593 0.248206 -0.097243 -12.17381 -0.705292 -0.811047 14.531043 1.575076 -2.916895 24.410345 -2.025626 2.649677 -2.669834 -0.832474 -1.611386 -32.91116 -0.478676 -2.84925 6e-06 -0.0 -0.0 0.028553 -0.024998 -0.17259 -0.026995 -0.089271 -0.186523 -0.023424 0.032874 -0.158468 -80.149109 -77.962486 97.434341 19.958311 -21.763487 -35.97105 20.391029 0.902385 0.214945 7.189951 8.760056 -46.795712 17.636621 -26.322725 52.411194 -19.46666 -14.395596 29.410389 1e-06 -8.77482 -1e-06 15.759164 -18.469437 6.729011 -0.609777 -1.795653 -3.889328 -4.807088 -11.046811 -2.937851 5e-06 -20.976017 -1e-06 -5.01997 -25.033556 -4.031883 6e-06 -1e-06 0.0 -10.634533 -5.686972 -3.565588 10.573271 -17.922951 -3.113901 3e-06 -13.821208 -0.0 -0.501778 -31.181505 -4.027017 -12.963482 -61.752602 8.16763 -13.982712 -7.150198 -2.875041 13.772727 -8.401493 -3.218242 0.347733 -34.211544 0.771652 -0.963028 -17.733366 2.621018 -0.0 -0.0 0.0 -17.346418 -20.095219 -4.201783 21.757557 -1.638371 3.866429 1e-06 -6.338825 0.0 -1.69759 -22.591743 -6.194006 1e-06 -3e-06 -2e-06 55.60759 -80.071083 145.069016 6.332448 -33.389744 -31.339453 21.704897 0.029525 -0.249295 2.236668 11.787 -14.217016 22.182112 -20.375891 49.933323 -16.701817 -16.74353 28.476534 0.0 -12.690602 -3e-06 14.64663 -17.460524 3.458204 -0.105919 -1.513856 -4.275884 -5.039041 -5.61287 -2.953556 4e-06 -11.020523 -3e-06 -6.111299 -15.89533 -3.840469 0.0 -0.0 1e-06 -10.283372 -5.680288 -4.341839 11.028294 -11.302406 -2.372634 -1.384267 -14.238576 -6.320124 -0.625436 -26.924179 -3.827602 -4.068989 -49.071884 -3.519402 -13.708524 -7.363477 -3.720942 18.141151 -14.052737 -3.242675 1e-05 -18.787268 -4e-06 -0.429713 -8.456043 2.555504 2e-06 -0.0 0.0 -15.923536 -20.094481 -5.473587 30.41921 -7.190824 1.735928 2e-06 -8.162922 -2e-06 -1.861904 -22.861467 -6.167939 -1e-06 -3e-06 -1e-06 177.431671 -4.499455 -3.924341 13.355556 -0.279205 0.346824 -44.351448 3.173702 -9.97266 -10.798574 1.571086 2.023831 -1.0 0.0 -0.0 -2.063315 -2.782159 -7.712839 14.064282 -0.149289 0.12766 -47.399055 5.477631 -15.69986 -9.27816 0.830431 1.688313 -1.000003 0.0 0.0 
0.0 0.0 0.0 0.0 -0.0 0.0 1.728061 109.548676 1.379609 87.11171 -1.513587 92.796715 -3.48307 0.388217 -0.095117 -12.189397 -0.694609 -0.795912 14.92192 1.9238 -2.551488 23.569818 -1.719383 2.517538 -2.551568 -0.810402 -1.860089 -33.195023 -0.778323 -3.487588 6e-06 0.0 0.0 0.048845 -0.022465 -0.128301 0.044034 -0.080392 -0.130281 0.049034 0.029635 -0.130093 -93.531929 -78.363808 111.454872 23.487638 -27.890764 -30.23736 18.472256 0.882575 0.123376 7.45869 5.495699 -44.710327 17.636629 -26.322731 52.411205 -19.466658 -14.3956 29.410395 -1e-06 -8.774821 -3e-06 16.185907 -18.736294 6.288479 -0.609776 -1.795653 -3.889326 -4.807089 -11.046811 -2.93785 4e-06 -20.976015 1e-06 -5.01997 -25.033554 -4.031881 5e-06 -1e-06 0.0 -10.634535 -5.686969 -3.565586 10.573274 -17.922951 -3.113902 2e-06 -13.821206 2e-06 -0.501777 -31.181505 -4.027016 -12.685196 -61.363747 7.760334 -13.982714 -7.150195 -2.875042 13.772731 -8.401492 -3.218244 0.347733 -34.211555 0.771657 -0.963028 -17.73337 2.62102 -1e-06 1e-06 -0.0 -17.346416 -20.095217 -4.20178 21.757557 -1.638374 3.866428 2e-06 -6.338822 1e-06 -1.697591 -22.59174 -6.194007 0.0 -5e-06 -2e-06 40.652794 -76.001808 161.262985 10.131246 -36.01342 -27.543242 18.740856 -0.495877 -0.266361 0.348062 10.345982 -15.360291 22.182121 -20.375898 49.933327 -16.701818 -16.743532 28.476536 -3e-06 -12.690607 -0.0 14.816766 -17.475098 3.561626 -0.105921 -1.513858 -4.275882 -5.039042 -5.612873 -2.953558 6e-06 -11.020526 -1e-06 -6.111298 -15.895332 -3.840471 0.0 -1e-06 1e-06 -10.283374 -5.680289 -4.341839 11.028297 -11.302409 -2.372633 -1.384272 -14.238585 -6.32012 -0.625436 -26.9242 -3.827602 -3.941181 -49.008942 -3.658053 -13.708529 -7.363477 -3.720939 18.141155 -14.052742 -3.242676 5e-06 -18.787273 -1e-06 -0.42971 -8.456046 2.555505 0.0 -1e-06 1e-06 -15.923543 -20.094486 -5.473588 30.419222 -7.190831 1.735928 3e-06 -8.16293 -1e-06 -1.861904 -22.861483 -6.167942 -1e-06 -3e-06 -1e-06 177.341827 -3.229697 -2.219376 13.37745 -0.209396 0.068895 -46.241425 0.606933 -7.708191 -14.125539 1.662588 2.013945 -0.999999 -0.0 1e-06 -1.722848 -0.550471 -7.53144 15.025178 -0.182327 -0.111328 -48.415966 3.36465 -13.6692 -11.278344 0.77378 1.593986 -1.000001 0.0 -0.0 
0.0 0.0 0.0 0.0 -0.0 0.0 1.568301 106.214905 1.611828 87.173477 -1.00424 94.303116 -3.669106 0.12732 -0.103895 -12.252253 -0.727628 -0.627916 15.301243 2.142825 -2.482675 22.834236 -1.317117 2.633108 -2.550843 -0.582852 -2.647147 -33.262505 -1.019711 -3.843065 5e-06 -0.0 -0.0 0.043666 -0.018305 -0.115823 0.119761 -0.051823 -0.088119 0.124741 0.009378 -0.144688 -106.167717 -78.081985 124.736618 26.093817 -33.208939 -23.500767 17.04425 0.810805 0.061651 7.085231 2.136772 -44.092922 17.636623 -26.322737 52.411201 -19.466661 -14.395598 29.410395 1e-06 -8.774823 1e-06 16.363861 -18.988045 6.040368 -0.609777 -1.795653 -3.889326 -4.807088 -11.046811 -2.93785 4e-06 -20.976017 1e-06 -5.019971 -25.033558 -4.031881 8e-06 -1e-06 -1e-06 -10.634538 -5.686971 -3.565587 10.573276 -17.922951 -3.113904 3e-06 -13.821209 -0.0 -0.501779 -31.181505 -4.027015 -12.460746 -61.043819 7.422594 -13.982715 -7.150197 -2.875042 13.77273 -8.401495 -3.218244 0.347734 -34.211555 0.771656 -0.963031 -17.733372 2.62102 0.0 2e-06 2e-06 -17.346422 -20.095221 -4.201779 21.757559 -1.638375 3.866426 2e-06 -6.338825 1e-06 -1.697589 -22.591747 -6.194007 0.0 -4e-06 -2e-06 34.009624 -71.990524 168.659775 13.101776 -39.152657 -24.166773 17.670208 -1.038402 -0.214635 -0.852834 9.153128 -18.093464 22.182117 -20.3759 49.933327 -16.701818 -16.74353 28.476536 -3e-06 -12.690604 -0.0 15.164451 -17.80547 3.480458 -0.105919 -1.513856 -4.275882 -5.039042 -5.612872 -2.953558 6e-06 -11.020525 -2e-06 -6.111297 -15.895334 -3.840473 -1e-06 0.0 2e-06 -10.283371 -5.680289 -4.341837 11.028296 -11.302406 -2.372635 -1.384268 -14.238583 -6.320122 -0.625432 -26.924194 -3.827605 -3.963753 -49.130913 -3.791825 -13.708527 -7.363475 -3.72094 18.141151 -14.052742 -3.242674 7e-06 -18.787271 -3e-06 -0.429713 -8.456045 2.555506 0.0 0.0 -0.0 -15.923536 -20.094486 -5.473588 30.419222 -7.190827 1.735925 -1e-06 -8.162929 0.0 -1.861898 -22.861473 -6.167943 0.0 -2e-06 1e-06 177.017456 -2.211416 0.167881 16.949844 -0.133827 -0.114997 -56.836441 -4.174244 -5.007973 -16.480068 1.836914 2.046963 -0.999998 0.0 0.0 -1.271669 0.379275 -8.068374 17.739017 -0.113631 -0.289232 -53.382851 -0.746716 -9.446939 -18.991959 0.792393 1.478832 -1.000002 -0.0 0.0 
0.0 0.0 0.0 0.0 -0.0 0.0 1.294079 102.202675 1.744857 87.907631 -0.395066 95.559532 -3.652147 -0.425523 -0.003507 -12.325233 -0.831704 -0.549367 15.857887 1.94346 -2.343944 21.783775 -0.80517 2.754079 -2.577932 -0.492193 -3.327694 -33.903332 -1.205249 -4.267715 6e-06 -0.0 0.0 0.040043 0.025601 -0.000148 0.064282 -0.000117 0.024617 0.061758 0.043412 -0.019804 -114.972565 -77.363815 134.070282 27.523842 -38.441551 -16.446817 16.752151 0.864646 -0.09491 6.518177 -0.728293 -45.189156 17.636625 -26.322725 52.411186 -19.46666 -14.395598 29.410389 -1e-06 -8.774823 -0.0 16.384771 -19.185143 6.088315 -0.609778 -1.795652 -3.889327 -4.807089 -11.046813 -2.937849 5e-06 -20.976021 1e-06 -5.019971 -25.03356 -4.031881 8e-06 -1e-06 1e-06 -10.634535 -5.686974 -3.565583 10.573274 -17.922951 -3.113902 0.0 -13.821211 0.0 -0.501777 -31.181505 -4.027017 -12.140642 -60.643692 7.249182 -13.982718 -7.150198 -2.875041 13.772733 -8.401493 -3.218243 0.347738 -34.211555 0.771651 -0.963028 -17.73337 2.62102 -0.0 -1e-06 -0.0 -17.346418 -20.095221 -4.20178 21.757557 -1.638373 3.866426 -0.0 -6.338823 1e-06 -1.69759 -22.591747 -6.194009 -0.0 -5e-06 -0.0 30.183504 -69.583763 172.958664 15.971766 -44.226635 -21.521288 17.642069 -0.783864 -0.078687 -1.945724 8.384867 -22.004425 22.182108 -20.375893 49.933319 -16.701815 -16.74353 28.476534 -4e-06 -12.690601 0.0 15.396652 -18.27047 3.28799 -0.105917 -1.513855 -4.27588 -5.03904 -5.612872 -2.953557 3e-06 -11.020526 -3e-06 -6.111296 -15.895332 -3.840473 -0.0 0.0 0.0 -10.283368 -5.680287 -4.34184 11.028295 -11.302409 -2.372633 -1.384269 -14.238584 -6.320122 -0.625439 -26.924194 -3.827604 -3.972044 -49.285027 -4.084734 -13.708524 -7.363477 -3.720938 18.14115 -14.052739 -3.242676 6e-06 -18.787271 -4e-06 -0.429711 -8.456045 2.555502 0.0 -1e-06 0.0 -15.923534 -20.094482 -5.473583 30.419214 -7.190827 1.735923 2e-06 -8.162926 1e-06 -1.861901 -22.861471 -6.167945 -2e-06 -2e-06 -1e-06 175.108276 -1.214504 1.723715 24.136618 -0.048618 -0.25773 -72.891556 -6.642221 -3.420302 -12.854119 1.828245 2.0867 -1.0 0.0 -0.0 -1.8004 -0.285533 -8.328893 23.20529 0.050828 -0.284671 -68.6129 -3.618521 -7.625424 -17.249159 0.8444 1.553917 -1.000002 1e-06 -0.0 
0.0 0.0 0.0 0.0 -0.0 0.0 1.02065 98.563011 1.61923 88.400185 0.206832 96.323082 -3.239908 -0.649666 -0.09644 -12.127973 -0.830265 -0.290194 16.248726 1.637116 -1.994754 19.989845 -0.215397 2.674835 -2.575449 -0.641072 -3.728313 -34.984921 -1.291859 -4.853037 8e-06 -0.0 -0.0 0.022448 0.051995 0.06207 0.031382 0.0408 0.069892 0.003873 0.056549 0.062938 -118.595352 -76.84951 138.207367 28.636454 -44.010796 -11.687979 16.894327 0.678755 -0.235382 6.606987 -2.895825 -45.764957 17.636625 -26.322729 52.411205 -19.466658 -14.395594 29.410393 0.0 -8.774821 -3e-06 16.284334 -19.027281 6.31601 -0.609778 -1.795654 -3.889324 -4.807089 -11.046809 -2.937852 4e-06 -20.976019 2e-06 -5.019974 -25.033556 -4.031881 7e-06 -0.0 1e-06 -10.634535 -5.686972 -3.565586 10.573271 -17.922949 -3.113897 1e-06 -13.821206 3e-06 -0.501781 -31.181505 -4.02702 -11.806536 -60.304882 7.290291 -13.982714 -7.150198 -2.875045 13.772727 -8.401491 -3.218241 0.347731 -34.211552 0.771651 -0.96303 -17.733368 2.621019 1e-06 0.0 0.0 -17.34642 -20.095221 -4.201782 21.757555 -1.638373 3.86643 -0.0 -6.338823 0.0 -1.697589 -22.591743 -6.19401 -2e-06 -4e-06 -1e-06 28.908052 -69.295067 174.077911 19.835754 -50.708973 -20.173441 17.741661 -0.406706 -0.039325 -2.968261 8.239877 -25.760645 22.182117 -20.375895 49.933323 -16.701818 -16.743528 28.476536 -3e-06 -12.690601 -1e-06 15.640697 -18.505888 3.128727 -0.10592 -1.513856 -4.275881 -5.039042 -5.612874 -2.953557 4e-06 -11.020525 -2e-06 -6.111298 -15.895338 -3.840473 0.0 0.0 -0.0 -10.283373 -5.680292 -4.34184 11.028296 -11.302407 -2.372634 -1.384268 -14.238585 -6.320124 -0.625438 -26.924194 -3.827603 -4.103913 -49.477974 -4.0956 -13.708526 -7.363478 -3.72094 18.141148 -14.052741 -3.242673 7e-06 -18.787271 -6e-06 -0.429711 -8.456045 2.555503 1e-06 -1e-06 -1e-06 -15.923536 -20.094484 -5.473588 30.419218 -7.190827 1.735926 4e-06 -8.162927 -2e-06 -1.861903 -22.861469 -6.167944 -2e-06 -2e-06 -1e-06 171.375183 -1.043939 1.154345 32.995476 -0.037909 -0.180682 -86.644272 -6.361023 -2.371279 -8.904115 1.673183 2.113081 -0.999999 -0.0 -0.0 -4.496467 -0.90265 -7.964653 30.425013 0.047339 -0.173942 -84.459503 -6.749506 -7.321435 -10.542395 0.765517 1.640224 -1.000002 0.0 -0.0 
0.0 0.0 0.0 0.0 -0.0 0.0 0.855156 95.445717 1.124555 88.44458 0.581869 96.40731 -2.693464 -0.573695 -0.092534 -11.912182 -0.784717 -0.098834 16.749784 1.4597 -1.653463 17.55052 0.12188 2.448497 -2.599681 -0.776118 -3.908508 -36.103489 -1.031401 -5.220225 7e-06 0.0 -0.0 0.01557 0.05339 0.093096 0.105396 0.037217 0.082984 0.073696 0.063507 0.114175 -123.163544 -75.800735 143.778076 29.362249 -48.262245 -8.364055 17.291306 0.240961 -0.31747 6.840065 -4.533076 -46.119862 17.636631 -26.322733 52.411194 -19.466658 -14.395597 29.410389 -1e-06 -8.774821 -1e-06 15.929263 -18.695911 6.485621 -0.609777 -1.795653 -3.889328 -4.807087 -11.04681 -2.93785 4e-06 -20.976019 1e-06 -5.019968 -25.033556 -4.031882 6e-06 -1e-06 -0.0 -10.634533 -5.686968 -3.565589 10.573271 -17.922951 -3.113898 5e-06 -13.821211 -0.0 -0.501777 -31.181505 -4.027012 -11.822473 -60.069458 7.696309 -13.982712 -7.150197 -2.875043 13.772729 -8.401491 -3.21824 0.347734 -34.211552 0.771654 -0.963031 -17.733368 2.621021 -2e-06 1e-06 0.0 -17.346416 -20.095215 -4.201783 21.757555 -1.638374 3.866428 2e-06 -6.338824 1e-06 -1.697587 -22.591742 -6.194006 -2e-06 -4e-06 1e-06 27.336716 -69.735054 175.262894 24.414312 -55.977749 -20.040909 18.271997 -0.264944 0.019532 -3.949967 8.170595 -27.890415 22.182119 -20.375904 49.933331 -16.701815 -16.74353 28.476542 -3e-06 -12.690601 -1e-06 15.851592 -18.478731 2.962335 -0.10592 -1.513856 -4.275882 -5.039042 -5.612872 -2.953557 4e-06 -11.020527 -2e-06 -6.111297 -15.895336 -3.840472 0.0 -0.0 -1e-06 -10.283372 -5.680288 -4.341839 11.028296 -11.302406 -2.372634 -1.384271 -14.238581 -6.320121 -0.625436 -26.924194 -3.827606 -4.031821 -49.557083 -3.882227 -13.708524 -7.363474 -3.720943 18.141148 -14.052739 -3.242674 8e-06 -18.78727 -4e-06 -0.429712 -8.456041 2.555506 -0.0 -0.0 -1e-06 -15.923536 -20.094482 -5.473585 30.419218 -7.190827 1.735927 1e-06 -8.162926 -1e-06 -1.8619 -22.861475 -6.167943 -2e-06 -3e-06 -3e-06 167.372284 -1.803354 -0.886333 41.56427 -0.087743 0.0289 -95.839874 -4.456873 -1.970332 -6.700338 1.546138 2.119711 -0.999999 0.0 -0.0 -7.575709 -1.029726 -7.26166 37.171314 -0.022582 -0.130603 -95.332016 -9.111458 -6.569241 -6.049858 0.64354 1.672343 -1.000002 0.0 -0.0 
0.0 0.0 0.0 0.0 -0.0 0.0 0.885615 93.685341 0.446317 88.355629 0.765446 95.859718 -2.401568 -0.411685 0.007882 -11.608775 -0.715458 0.171964 17.428358 1.265429 -1.615858 14.913951 0.485423 2.394162 -2.543858 -0.748719 -3.770572 -37.905964 -0.924436 -5.454075 5e-06 -0.0 -0.0 0.017282 0.083764 0.139086 0.155331 0.077037 0.121994 0.110581 0.085639 0.166597 -129.20993 -73.939507 150.925537 29.606848 -51.317574 -5.809652 17.49033 -0.205138 -0.259745 6.936803 -5.249169 -45.96207 17.636641 -26.322723 52.411179 -19.466661 -14.395594 29.410381 -1e-06 -8.774821 -3e-06 15.72401 -17.992264 6.340755 -0.609776 -1.795654 -3.889325 -4.807089 -11.046812 -2.937852 4e-06 -20.976021 -1e-06 -5.019972 -25.03356 -4.03188 7e-06 -1e-06 -1e-06 -10.634535 -5.686971 -3.565588 10.573272 -17.922953 -3.113901 2e-06 -13.821209 0.0 -0.501778 -31.181507 -4.027018 -11.599114 -59.92263 7.578602 -13.982716 -7.150198 -2.87504 13.772731 -8.401493 -3.218242 0.347736 -34.211552 0.771651 -0.963027 -17.73337 2.621016 -1e-06 1e-06 -0.0 -17.34642 -20.095221 -4.201779 21.757559 -1.638374 3.86643 0.0 -6.338824 -0.0 -1.69759 -22.591745 -6.194008 -2e-06 -6e-06 -1e-06 24.814512 -69.79763 177.446808 28.263832 -58.846931 -19.064304 19.809891 -0.262696 0.144842 -4.107918 8.107227 -28.495218 22.182116 -20.375895 49.933319 -16.701817 -16.74353 28.47653 -3e-06 -12.690601 -0.0 15.910827 -18.385643 2.729181 -0.105919 -1.513856 -4.275881 -5.039041 -5.612871 -2.953557 4e-06 -11.020524 -1e-06 -6.111296 -15.89533 -3.840472 0.0 -2e-06 -1e-06 -10.283369 -5.680288 -4.341837 11.028296 -11.302406 -2.372633 -1.384269 -14.238579 -6.320122 -0.625435 -26.924189 -3.827602 -4.220164 -49.413887 -3.948691 -13.708525 -7.363476 -3.720938 18.141148 -14.052739 -3.242673 7e-06 -18.78727 -1e-06 -0.429712 -8.456044 2.555503 -0.0 2e-06 0.0 -15.923532 -20.094479 -5.473586 30.41921 -7.190826 1.735926 1e-06 -8.162925 -1e-06 -1.8619 -22.861467 -6.167942 -0.0 -5e-06 -1e-06 164.26741 -2.716176 -2.931476 47.806328 -0.170339 0.097257 -99.080559 -2.611584 -1.979809 -6.386863 1.489787 2.113439 -0.999999 0.0 0.0 -10.911918 -1.438938 -7.035126 43.700096 0.009567 -0.219787 -98.897583 -9.665513 -6.900107 -5.31173 0.627664 1.684998 -1.000002 -0.0 -0.0 
0.0 0.0 0.0 0.0 -0.0 0.0 1.128998 93.080582 0.140251 88.798164 0.853749 95.262062 -2.413162 -0.542779 0.009364 -11.525258 -0.683016 0.351799 18.027655 0.795027 -1.650885 13.003941 0.877152 2.228479 -2.560273 -0.820172 -3.505347 -39.271572 -0.585599 -5.621869 5e-06 0.0 0.0 0.025558 0.057856 0.073788 0.236583 0.050019 0.074353 0.214523 0.059525 0.07945 -132.802277 -71.927238 155.504166 30.220985 -54.10281 -3.856528 17.10812 -0.371072 -0.089816 6.399356 -5.447258 -46.364914 17.636618 -26.322729 52.411205 -19.46666 -14.395596 29.410395 -0.0 -8.774821 -2e-06 15.409863 -17.488249 6.303432 -0.609776 -1.795654 -3.889326 -4.807087 -11.046808 -2.937853 5e-06 -20.976013 -0.0 -5.019968 -25.033554 -4.031882 6e-06 1e-06 -0.0 -10.634533 -5.686971 -3.565589 10.573272 -17.922945 -3.113903 1e-06 -13.821205 0.0 -0.501777 -31.181498 -4.027016 -11.361924 -59.695473 7.39407 -13.982712 -7.150197 -2.875043 13.77273 -8.401492 -3.218242 0.347731 -34.211536 0.77166 -0.96303 -17.733366 2.621019 -0.0 -1e-06 -0.0 -17.346415 -20.095213 -4.201784 21.757555 -1.638374 3.866426 2e-06 -6.338821 1e-06 -1.69759 -22.59174 -6.194005 -2e-06 -7e-06 0.0 23.11311 -70.235069 178.733063 30.794865 -60.702351 -16.782993 21.365278 -0.159014 0.243751 -3.654239 7.922566 -28.094719 22.182114 -20.375895 49.933327 -16.701813 -16.743526 28.476536 -2e-06 -12.6906 1e-06 16.045086 -18.381851 2.536887 -0.105918 -1.513856 -4.275882 -5.039041 -5.612873 -2.953557 2e-06 -11.020525 -3e-06 -6.1113 -15.895334 -3.84047 0.0 -1e-06 -0.0 -10.28337 -5.680289 -4.34184 11.028294 -11.302405 -2.372634 -1.384271 -14.238581 -6.32012 -0.625438 -26.924191 -3.827605 -4.153713 -49.429371 -3.87438 -13.708526 -7.363478 -3.720939 18.14115 -14.052739 -3.242676 4e-06 -18.78727 -1e-06 -0.42971 -8.456041 2.555504 -2e-06 1e-06 -0.0 -15.923536 -20.094484 -5.473586 30.419218 -7.190823 1.735924 1e-06 -8.162926 0.0 -1.861904 -22.861473 -6.167943 -0.0 -1e-06 -1e-06 163.639359 -2.676078 -4.555266 49.31852 -0.192167 0.13998 -100.154976 -1.342734 -2.00289 -5.822738 1.424791 2.110399 -1.0 -0.0 -0.0 -12.33453 -2.68138 -7.587813 46.627575 -0.003889 -0.185411 -99.704353 -8.17786 -7.56502 -4.962135 0.677826 1.687625 -1.000002 0.0 0.0 
0.0 0.0 0.0 0.0 -0.0 0.0 1.52739 93.74884 0.100299 89.642448 0.78911 94.835884 -2.486526 -0.859509 -0.052877 -11.564741 -0.653524 0.616634 18.047789 0.07093 -1.77965 11.964471 1.288136 2.203814 -2.494698 -0.836961 -3.52273 -40.237766 -0.405629 -6.084685 7e-06 0.0 0.0 0.051279 0.049241 0.062798 0.251961 0.02671 0.067131 0.252542 0.064922 0.059492 -133.737946 -71.036324 156.991333 31.239588 -56.79155 -2.516357 16.634169 -0.48528 0.040363 5.628164 -6.053324 -46.664402 17.636625 -26.322725 52.411182 -19.466656 -14.395596 29.410378 -1e-06 -8.774821 -2e-06 15.123099 -16.962702 6.202556 -0.609776 -1.795653 -3.889328 -4.807087 -11.046807 -2.93785 5e-06 -20.976011 -0.0 -5.019973 -25.033546 -4.031878 8e-06 0.0 1e-06 -10.634531 -5.686969 -3.565586 10.573271 -17.922947 -3.113901 1e-06 -13.821205 1e-06 -0.50178 -31.181494 -4.027013 -11.116088 -59.334496 7.196694 -13.982711 -7.150197 -2.875043 13.772727 -8.401489 -3.218241 0.347732 -34.211544 0.771657 -0.963032 -17.733366 2.62102 -0.0 -1e-06 -0.0 -17.346413 -20.095213 -4.201781 21.757551 -1.638373 3.866425 0.0 -6.338821 1e-06 -1.697589 -22.591734 -6.194003 -1e-06 -7e-06 -3e-06 22.451628 -70.986481 179.036545 31.943785 -61.882149 -13.979012 22.266201 0.184603 0.311943 -3.756135 8.231981 -27.854614 22.182114 -20.375887 49.933304 -16.701815 -16.74353 28.476526 -4e-06 -12.690598 -0.0 16.14957 -18.331676 2.514741 -0.105919 -1.513856 -4.27588 -5.039041 -5.61287 -2.953555 4e-06 -11.02052 -0.0 -6.111297 -15.89533 -3.840469 1e-06 1e-06 -1e-06 -10.283369 -5.680288 -4.341836 11.028295 -11.302404 -2.372632 -1.384269 -14.238577 -6.320119 -0.625436 -26.924187 -3.827601 -4.121816 -49.381573 -3.896349 -13.708524 -7.363475 -3.720937 18.14115 -14.052739 -3.242676 6e-06 -18.787266 -0.0 -0.429711 -8.456047 2.555503 -1e-06 2e-06 -0.0 -15.923536 -20.094479 -5.473581 30.41921 -7.190827 1.735923 4e-06 -8.162922 -0.0 -1.861902 -22.861467 -6.167941 1e-06 -7e-06 -2e-06 165.042389 -1.481415 -5.310687 46.484562 -0.201983 0.154053 -98.820312 -1.044782 -1.793307 -5.749161 1.426871 2.121426 -0.999999 -0.0 0.0 -11.910967 -4.262131 -8.234292 45.663902 0.018022 -0.131425 -98.09951 -6.411069 -8.357606 -5.502938 0.63449 1.663815 -1.000004 -0.0 -0.0 
0.0 0.0 0.0 0.0 -0.0 0.0 1.860841 95.189125 0.119422 90.229065 0.408075 94.638741 -2.643015 -1.065078 -0.134965 -11.70731 -0.620914 0.780794 17.609028 -0.501898 -1.80455 11.018604 1.423581 2.246744 -2.457095 -0.829785 -3.694178 -40.56673 -0.470239 -6.728416 5e-06 0.0 -0.0 0.066107 0.04528 0.055808 0.235142 -0.004478 0.059809 0.249958 0.087529 0.048012 -133.285904 -71.08532 156.729721 32.228912 -59.073868 -2.27021 16.805586 -0.449642 0.11588 5.228463 -5.585379 -47.090088 17.636633 -26.322735 52.411201 -19.466665 -14.3956 29.410395 -2e-06 -8.774822 -2e-06 15.042677 -16.65062 6.064388 -0.609777 -1.795655 -3.889329 -4.807088 -11.046812 -2.937852 6e-06 -20.976019 -1e-06 -5.01997 -25.03356 -4.031882 5e-06 -0.0 2e-06 -10.634537 -5.686973 -3.565589 10.573276 -17.922955 -3.113899 3e-06 -13.821211 -1e-06 -0.501777 -31.181511 -4.027015 -11.017665 -58.938248 7.047513 -13.982716 -7.1502 -2.875046 13.772733 -8.401494 -3.218243 0.347736 -34.211555 0.771655 -0.96303 -17.733372 2.621021 -1e-06 -1e-06 -0.0 -17.346418 -20.095221 -4.201785 21.757557 -1.638376 3.866429 1e-06 -6.338821 1e-06 -1.697587 -22.591743 -6.194006 0.0 -6e-06 -2e-06 22.339853 -71.875427 178.938507 32.54438 -62.528107 -11.775434 22.591511 0.288815 0.297128 -4.36075 9.054338 -27.341566 22.182116 -20.375895 49.933327 -16.701817 -16.74353 28.476532 -3e-06 -12.690601 -0.0 16.225088 -18.282219 2.612365 -0.105919 -1.513857 -4.275882 -5.039041 -5.612872 -2.953557 4e-06 -11.020523 -3e-06 -6.111297 -15.895332 -3.84047 1e-06 0.0 0.0 -10.283371 -5.680289 -4.341837 11.028296 -11.302406 -2.372634 -1.384269 -14.238581 -6.320122 -0.625437 -26.924189 -3.827603 -4.046556 -49.436523 -3.957876 -13.708526 -7.363476 -3.72094 18.141151 -14.052739 -3.242675 7e-06 -18.78727 -1e-06 -0.429711 -8.456039 2.555504 -1e-06 1e-06 -1e-06 -15.923536 -20.094482 -5.473585 30.419214 -7.190824 1.735926 4e-06 -8.162925 -1e-06 -1.861903 -22.861473 -6.167941 1e-06 -2e-06 -2e-06 167.326126 -0.155645 -5.105548 40.897205 -0.201601 0.151872 -95.979828 -1.41103 -1.574721 -5.733132 1.44498 2.134526 -1.000001 0.0 -0.0 -10.420364 -4.929451 -8.325659 41.57687 0.014385 -0.103077 -95.126549 -5.268521 -8.861465 -6.098825 0.58589 1.638503 -1.000002 -1e-06 0.0 
0.0 0.0 0.0 0.0 -0.0 0.0 2.113779 96.720657 0.068681 90.285965 -0.300461 94.660751 -2.84489 -1.053293 -0.19044 -11.901704 -0.580738 0.813996 17.011234 -0.724989 -1.824594 9.934679 1.280212 2.327633 -2.447116 -0.797067 -3.916214 -40.673618 -0.648156 -7.219588 7e-06 0.0 0.0 0.065178 0.052574 0.067541 0.169013 -0.004722 0.064163 0.191 0.101779 0.063839 -132.271881 -71.71669 155.578461 33.004013 -60.677631 -2.462348 17.478237 -0.178045 0.123983 5.07313 -3.76281 -47.091129 17.636631 -26.322729 52.411201 -19.466663 -14.395596 29.410389 1e-06 -8.774822 -4e-06 15.107335 -16.593885 5.972727 -0.609777 -1.795654 -3.889328 -4.807093 -11.046813 -2.937849 4e-06 -20.976021 -1e-06 -5.019975 -25.033566 -4.031884 5e-06 1e-06 -0.0 -10.634537 -5.686974 -3.565586 10.573275 -17.922951 -3.113901 1e-06 -13.821209 -0.0 -0.501778 -31.181505 -4.02702 -11.06088 -58.870598 7.028985 -13.982719 -7.150201 -2.87504 13.772733 -8.40149 -3.218245 0.347731 -34.211555 0.771653 -0.963032 -17.733372 2.621019 -0.0 -0.0 -0.0 -17.346428 -20.095224 -4.201779 21.757565 -1.638371 3.866429 -1e-06 -6.338824 -0.0 -1.697591 -22.591755 -6.194009 0.0 -7e-06 -2e-06 22.648222 -72.698204 178.460739 32.928837 -62.742207 -10.031828 23.089083 0.184196 0.241853 -4.721673 9.183672 -25.778086 22.182117 -20.3759 49.933334 -16.701818 -16.743532 28.47654 -2e-06 -12.690602 -0.0 16.270004 -18.274437 2.692481 -0.105919 -1.513856 -4.275882 -5.039041 -5.612872 -2.953557 4e-06 -11.020524 -2e-06 -6.111297 -15.895336 -3.840472 0.0 1e-06 -0.0 -10.283372 -5.680288 -4.341839 11.028296 -11.302407 -2.372634 -1.384269 -14.238581 -6.320122 -0.625438 -26.924198 -3.827602 -3.960774 -49.527794 -4.084314 -13.708527 -7.363475 -3.72094 18.141155 -14.052742 -3.242676 6e-06 -18.787271 -2e-06 -0.42971 -8.456045 2.555505 -2e-06 2e-06 0.0 -15.923536 -20.094486 -5.473588 30.419218 -7.190829 1.735923 3e-06 -8.162927 -0.0 -1.861901 -22.861473 -6.167941 0.0 -5e-06 -2e-06 169.427872 0.615225 -4.387887 34.70335 -0.178193 0.136942 -92.622711 -1.862794 -1.475064 -5.718593 1.468844 2.144383 -0.999998 0.0 -0.0 -8.762736 -4.56899 -7.735554 36.166565 0.00804 -0.108461 -91.711143 -5.073921 -9.245717 -6.40827 0.587919 1.631904 -1.000001 -0.0 -0.0 
0.0 0.0 0.0 0.0 -0.0 0.0 2.266423 98.027588 -0.141047 90.062881 -1.185288 94.688805 -3.070982 -0.959773 -0.216588 -12.06121 -0.5693 0.772121 16.440762 -0.699601 -1.846899 8.837465 0.984716 2.39238 -2.478527 -0.734665 -4.099051 -40.868931 -0.849687 -7.46744 5e-06 0.0 0.0 0.055524 0.064374 0.082051 0.095538 0.013784 0.071518 0.122405 0.106271 0.08378 -131.202133 -72.619057 154.018707 33.454926 -61.73978 -2.135711 18.366232 0.096283 0.086729 5.096687 -1.629694 -46.68811 17.636627 -26.322725 52.41119 -19.466658 -14.395597 29.410389 0.0 -8.774821 -2e-06 15.192089 -16.761972 5.971963 -0.609776 -1.795653 -3.889328 -4.807089 -11.046809 -2.93785 4e-06 -20.976011 -1e-06 -5.019974 -25.033552 -4.031878 7e-06 -0.0 0.0 -10.634531 -5.686971 -3.565588 10.573271 -17.922947 -3.113902 2e-06 -13.821205 1e-06 -0.501777 -31.181501 -4.027017 -11.047424 -59.013157 6.95858 -13.982713 -7.150198 -2.87504 13.772727 -8.401489 -3.21824 0.347734 -34.211544 0.771652 -0.963029 -17.733366 2.621018 -1e-06 -0.0 -0.0 -17.346418 -20.095217 -4.201784 21.757555 -1.638372 3.866427 1e-06 -6.338823 -0.0 -1.69759 -22.591743 -6.194006 -1e-06 -4e-06 -1e-06 23.00589 -73.359184 177.887039 33.051502 -62.38195 -7.678349 24.145676 0.002904 0.216753 -4.777737 8.161315 -22.980978 22.182116 -20.375885 49.9333 -16.701815 -16.743528 28.476524 -3e-06 -12.690601 -1e-06 16.368685 -18.208849 2.667516 -0.105919 -1.513856 -4.27588 -5.039041 -5.612873 -2.953557 3e-06 -11.020525 -2e-06 -6.111298 -15.895338 -3.840471 0.0 -0.0 0.0 -10.283371 -5.680288 -4.341838 11.028296 -11.302406 -2.372633 -1.38427 -14.238583 -6.320122 -0.625437 -26.924194 -3.827602 -3.905736 -49.609657 -4.195376 -13.708526 -7.363477 -3.720938 18.141151 -14.052739 -3.242674 6e-06 -18.78727 -3e-06 -0.42971 -8.456041 2.555502 -0.0 -0.0 0.0 -15.923536 -20.094484 -5.473582 30.41921 -7.190828 1.735926 1e-06 -8.162926 -2e-06 -1.8619 -22.861471 -6.167944 -0.0 -4e-06 -2e-06 171.08313 0.928547 -3.634163 28.823675 -0.148357 0.121278 -89.326683 -2.178778 -1.543036 -5.568723 1.483743 2.146618 -0.999999 -0.0 0.0 -7.330485 -3.763336 -6.655875 30.576117 -0.011067 -0.140028 -88.366104 -5.509503 -9.486117 -6.379418 0.621713 1.641759 -1.000002 -0.0 0.0 
0.0 0.0 0.0 0.0 -0.0 0.0 2.3311 98.986763 -0.419961 89.862617 -2.018807 94.611855 -3.314896 -0.91291 -0.235272 -12.206214 -0.596819 0.693115 16.097712 -0.602499 -1.870579 8.016387 0.626126 2.417938 -2.497803 -0.662555 -4.193303 -41.088631 -1.003177 -7.571359 4e-06 0.0 0.0 0.04736 0.074015 0.093513 0.077831 0.041046 0.087512 0.099795 0.097958 0.090678 -130.673508 -73.411232 152.879608 33.545788 -61.99144 -0.823149 19.337757 0.13627 0.031474 5.19514 -0.009729 -45.613483 17.636621 -26.322729 52.411182 -19.466656 -14.395598 29.410389 -0.0 -8.77482 -1e-06 15.233986 -16.980961 5.97892 -0.609775 -1.795653 -3.889328 -4.807088 -11.046807 -2.93785 4e-06 -20.976011 0.0 -5.019971 -25.033552 -4.031878 5e-06 1e-06 1e-06 -10.634531 -5.686968 -3.565587 10.573272 -17.922947 -3.1139 3e-06 -13.821206 2e-06 -0.501778 -31.181505 -4.027014 -11.005512 -59.107384 6.864538 -13.982712 -7.150196 -2.875044 13.772727 -8.401489 -3.218242 0.347735 -34.211544 0.771654 -0.963029 -17.733366 2.621022 -1e-06 -0.0 -0.0 -17.346413 -20.095211 -4.20178 21.757555 -1.638377 3.866424 1e-06 -6.338822 2e-06 -1.697588 -22.591742 -6.194005 1e-06 -5e-06 -2e-06 23.18388 -73.597 177.473663 32.879971 -61.279652 -4.698374 25.676767 -0.076624 0.260402 -4.337694 6.71789 -20.168909 22.182121 -20.375893 49.933315 -16.701811 -16.743528 28.476528 -3e-06 -12.6906 -1e-06 16.46629 -18.070511 2.590462 -0.10592 -1.513856 -4.275881 -5.039041 -5.61287 -2.953556 3e-06 -11.02052 -2e-06 -6.111297 -15.89533 -3.840471 0.0 -1e-06 0.0 -10.28337 -5.680288 -4.341839 11.028294 -11.302404 -2.372633 -1.384269 -14.238579 -6.320121 -0.625438 -26.924187 -3.827601 -3.897065 -49.597107 -4.240045 -13.708524 -7.363475 -3.72094 18.14115 -14.052738 -3.242673 6e-06 -18.787266 -2e-06 -0.429712 -8.456041 2.555503 -1e-06 1e-06 -2e-06 -15.923536 -20.094481 -5.473585 30.41921 -7.190826 1.735927 4e-06 -8.162922 -0.0 -1.861902 -22.861467 -6.167941 -0.0 -4e-06 -2e-06 172.362778 1.078949 -3.067957 23.827776 -0.119958 0.088646 -86.439224 -2.496013 -1.747028 -5.382361 1.474209 2.138932 -0.999998 -0.0 -0.0 -6.218889 -3.049933 -5.401753 25.735355 -0.053501 -0.156051 -85.613541 -6.112819 -9.527549 -6.175722 0.668667 1.66289 -1.0 -0.0 0.0 
0.0 0.0 0.0 0.0 -0.0 0.0 2.359448 99.620544 -0.675041 89.865387 -2.633942 94.385628 -3.553759 -0.990499 -0.240338 -12.350821 -0.648321 0.583771 15.99053 -0.56137 -1.909478 7.649413 0.282836 2.436747 -2.489422 -0.60072 -4.241845 -41.172832 -1.084628 -7.611385 4e-06 0.0 -0.0 0.0489 0.082059 0.106096 0.099723 0.059105 0.110585 0.115095 0.095608 0.093856 -130.596329 -73.863937 152.301224 33.493881 -61.476246 0.76713 20.3386 -0.051165 -0.043062 5.370181 1.097238 -44.017982 17.636635 -26.322725 52.411182 -19.46666 -14.395597 29.410385 -2e-06 -8.774822 -3e-06 15.224751 -17.142458 5.953165 -0.609776 -1.795653 -3.889327 -4.807088 -11.04681 -2.937849 7e-06 -20.976019 0.0 -5.019969 -25.033558 -4.031882 4e-06 1e-06 0.0 -10.634535 -5.686968 -3.565587 10.573277 -17.922951 -3.113901 2e-06 -13.821206 2e-06 -0.501775 -31.181498 -4.027014 -11.020946 -59.127037 6.824696 -13.982715 -7.150196 -2.875042 13.772731 -8.401493 -3.218241 0.347737 -34.211555 0.771655 -0.963027 -17.73337 2.621021 -1e-06 -1e-06 0.0 -17.346416 -20.095215 -4.201783 21.757557 -1.638377 3.866429 2e-06 -6.338822 1e-06 -1.697589 -22.591743 -6.194005 1e-06 -5e-06 -2e-06 23.113148 -73.407486 177.333725 32.576809 -59.803326 -2.435366 27.296246 -0.035984 0.326541 -3.487741 5.910468 -18.597889 22.182117 -20.375895 49.933323 -16.701811 -16.74353 28.476528 -3e-06 -12.690601 -2e-06 16.543993 -17.99637 2.5515 -0.105918 -1.513856 -4.275882 -5.039042 -5.612871 -2.953557 4e-06 -11.02052 -2e-06 -6.111298 -15.89533 -3.840472 0.0 -1e-06 -0.0 -10.283369 -5.680288 -4.341838 11.028296 -11.302404 -2.372633 -1.38427 -14.238578 -6.320121 -0.625437 -26.924187 -3.8276 -3.934365 -49.639244 -4.189788 -13.708524 -7.363475 -3.72094 18.141148 -14.052737 -3.242673 7e-06 -18.787266 -3e-06 -0.429713 -8.456043 2.555503 0.0 1e-06 1e-06 -15.923536 -20.094482 -5.473587 30.41921 -7.190825 1.735926 4e-06 -8.162927 1e-06 -1.861903 -22.861471 -6.167942 2e-06 -4e-06 -1e-06 173.543289 1.290125 -2.87281 19.672913 -0.098878 0.071426 -84.093758 -2.791898 -2.036968 -5.24967 1.482291 2.134113 -0.999998 -0.0 0.0 -5.163594 -2.705488 -4.292978 21.620615 -0.087692 -0.150312 -83.629074 -6.49549 -9.303711 -5.899845 0.692792 1.679423 -1.000003 -0.0 0.0 
0.0 0.0 0.0 0.0 -0.0 0.0 2.323255 99.986229 -0.85928 89.991127 -2.948557 94.019974 -3.773139 -1.126962 -0.223132 -12.461988 -0.70421 0.470695 16.030577 -0.569889 -1.944551 7.74009 -0.006545 2.467664 -2.493473 -0.543336 -4.235053 -40.942577 -1.088007 -7.625561 5e-06 0.0 0.0 0.060926 0.086026 0.113405 0.135151 0.054636 0.12427 0.151533 0.107851 0.096929 -131.330154 -73.791061 152.777878 33.343029 -60.270969 2.420801 21.219301 -0.24442 -0.11906 5.633967 1.877581 -42.505531 17.636641 -26.322733 52.411201 -19.466665 -14.395602 29.410395 -2e-06 -8.774823 -2e-06 15.175443 -17.240753 5.961511 -0.609775 -1.795654 -3.889328 -4.807091 -11.046809 -2.937851 6e-06 -20.976019 -2e-06 -5.019971 -25.03356 -4.031882 5e-06 -1e-06 -1e-06 -10.634537 -5.686971 -3.565588 10.573277 -17.922955 -3.113903 3e-06 -13.821211 0.0 -0.501775 -31.181511 -4.02702 -11.031131 -59.134357 6.843307 -13.982718 -7.150198 -2.875042 13.772735 -8.401494 -3.218243 0.347735 -34.211555 0.771655 -0.963029 -17.733372 2.621021 -1e-06 -1e-06 0.0 -17.346422 -20.095219 -4.201784 21.757566 -1.638378 3.866429 1e-06 -6.338822 0.0 -1.69759 -22.591753 -6.194007 1e-06 -5e-06 -1e-06 22.703857 -72.74115 177.65065 32.196911 -58.242062 -1.426249 28.516459 0.103379 0.389166 -2.711186 5.993044 -18.406443 22.182119 -20.375904 49.933331 -16.701815 -16.74353 28.476536 -4e-06 -12.690602 -2e-06 16.558233 -18.016752 2.605814 -0.105919 -1.513855 -4.275881 -5.039042 -5.612872 -2.953558 4e-06 -11.020526 -2e-06 -6.1113 -15.895332 -3.84047 0.0 -1e-06 0.0 -10.283373 -5.680288 -4.341839 11.028296 -11.302407 -2.372633 -1.384269 -14.238583 -6.320122 -0.625438 -26.924192 -3.8276 -4.023942 -49.788986 -4.033629 -13.708527 -7.363475 -3.720941 18.141151 -14.05274 -3.242675 6e-06 -18.787271 -1e-06 -0.429713 -8.456048 2.555504 0.0 -0.0 1e-06 -15.923536 -20.094484 -5.473586 30.419222 -7.190827 1.735927 2e-06 -8.162929 -1e-06 -1.861901 -22.861479 -6.167942 0.0 -2e-06 -2e-06 174.6884 1.476478 -3.076603 16.433773 -0.081807 0.087161 -82.407768 -2.926981 -2.302514 -5.1563 1.502403 2.131349 -1.0 0.0 -0.0 -4.029274 -2.585044 -3.452796 18.154469 -0.102974 -0.129995 -82.377777 -6.704797 -8.836585 -5.642283 0.687845 1.68597 -1.000003 0.0 0.0 
0.0 0.0 0.0 0.0 -0.0 0.0 2.232422 100.178001 -0.938811 90.164169 -3.038235 93.547997 -4.031189 -1.264414 -0.186122 -12.548288 -0.757476 0.386019 16.182674 -0.607734 -1.989414 8.122854 -0.275179 2.464329 -2.510135 -0.469281 -4.156716 -40.254601 -0.999156 -7.616004 4e-06 0.0 0.0 0.078237 0.083562 0.112093 0.182001 0.033437 0.124477 0.202169 0.124457 0.096728 -133.321091 -72.998245 154.665665 32.896503 -58.321243 4.379803 21.827103 -0.388993 -0.174508 5.836672 2.414373 -40.800957 17.636627 -26.322733 52.41119 -19.466656 -14.3956 29.410385 -2e-06 -8.774821 -2e-06 15.145834 -17.281605 6.021702 -0.609777 -1.795653 -3.889326 -4.807087 -11.046809 -2.937849 5e-06 -20.976019 1e-06 -5.019969 -25.03356 -4.031879 5e-06 -0.0 0.0 -10.634531 -5.686969 -3.565588 10.573275 -17.922947 -3.113901 3e-06 -13.821206 2e-06 -0.501778 -31.181498 -4.027012 -11.017077 -59.125977 6.877223 -13.982712 -7.150196 -2.875041 13.77273 -8.401491 -3.218241 0.347735 -34.211544 0.771656 -0.963029 -17.73337 2.62102 -1e-06 -0.0 0.0 -17.346416 -20.095213 -4.201782 21.757559 -1.638378 3.866427 2e-06 -6.338822 3e-06 -1.697588 -22.591743 -6.194005 1e-06 -5e-06 -2e-06 22.01248 -71.504791 178.364639 31.536524 -56.558445 -0.764605 29.238842 0.318312 0.411102 -2.205602 6.505146 -18.882671 22.182121 -20.375887 49.933308 -16.701813 -16.74353 28.476528 -3e-06 -12.690601 -2e-06 16.520216 -18.070488 2.720514 -0.105918 -1.513856 -4.275881 -5.03904 -5.61287 -2.953557 3e-06 -11.020523 -3e-06 -6.1113 -15.89533 -3.84047 -0.0 -1e-06 -0.0 -10.283371 -5.680288 -4.341838 11.028293 -11.302406 -2.372633 -1.384269 -14.238581 -6.32012 -0.625438 -26.924189 -3.827603 -4.165534 -49.976013 -3.770629 -13.708523 -7.363475 -3.720939 18.141146 -14.052738 -3.242674 6e-06 -18.78727 -3e-06 -0.429711 -8.456045 2.555504 -1e-06 0.0 -0.0 -15.923536 -20.094482 -5.473584 30.419214 -7.190825 1.735928 5e-06 -8.162925 -1e-06 -1.861901 -22.861467 -6.167942 -0.0 -3e-06 -2e-06 175.818176 1.623356 -3.529842 13.918846 -0.064409 0.088704 -81.266907 -2.856176 -2.545359 -5.089058 1.528409 2.125064 -0.999998 -0.0 -0.0 -2.821537 -2.568892 -2.866767 15.192986 -0.099657 -0.085759 -81.590424 -6.761651 -8.336181 -5.427909 0.680117 1.685252 -1.000002 0.0 -0.0 
0.0 0.0 0.0 0.0 -0.0 0.0 2.126041 100.265465 -0.909453 90.33593 -2.994533 93.023094 -4.329931 -1.354648 -0.144461 -12.633062 -0.79231 0.32098 16.429758 -0.697665 -1.992233 8.569825 -0.53845 2.409683 -2.516413 -0.419837 -4.11117 -39.207642 -0.788938 -7.647099 7e-06 0.0 -0.0 0.09122 0.080734 0.110953 0.237639 0.010375 0.122053 0.260345 0.142373 0.098969 -136.251343 -71.55336 157.643524 32.47876 -55.754414 6.108399 21.974957 -0.483921 -0.183737 5.857392 2.787792 -38.968018 17.636633 -26.322744 52.411213 -19.466665 -14.395602 29.410395 -1e-06 -8.774822 -2e-06 15.151161 -17.255091 6.085264 -0.609776 -1.795653 -3.889329 -4.80709 -11.046813 -2.93785 4e-06 -20.976021 1e-06 -5.01997 -25.033562 -4.03188 6e-06 -1e-06 -1e-06 -10.634535 -5.686971 -3.565589 10.573277 -17.922951 -3.1139 1e-06 -13.821213 3e-06 -0.50178 -31.181507 -4.027013 -11.020727 -59.08622 6.936023 -13.982717 -7.150198 -2.875043 13.772731 -8.401495 -3.218241 0.347732 -34.211555 0.771659 -0.96303 -17.733372 2.621021 -1e-06 1e-06 2e-06 -17.346422 -20.095221 -4.201783 21.757561 -1.638375 3.866427 2e-06 -6.338825 1e-06 -1.697591 -22.591745 -6.194004 0.0 -6e-06 -2e-06 21.321129 -69.913055 179.146774 30.614552 -54.956947 0.033847 29.539347 0.509706 0.367885 -1.947415 7.008013 -19.463642 22.182114 -20.375896 49.933319 -16.701809 -16.743528 28.476532 -2e-06 -12.6906 0.0 16.482185 -18.103979 2.799443 -0.105919 -1.513856 -4.275882 -5.039041 -5.612871 -2.953556 4e-06 -11.02052 -2e-06 -6.1113 -15.895328 -3.84047 -0.0 -0.0 -0.0 -10.283371 -5.680288 -4.341838 11.028295 -11.302402 -2.372633 -1.384268 -14.238581 -6.320121 -0.625439 -26.924185 -3.827601 -4.280471 -50.147038 -3.497144 -13.708524 -7.363477 -3.72094 18.141148 -14.052737 -3.242673 3e-06 -18.78727 -2e-06 -0.429712 -8.456041 2.555504 -0.0 2e-06 -0.0 -15.923534 -20.094482 -5.473585 30.41921 -7.190823 1.735925 2e-06 -8.162927 -1e-06 -1.861905 -22.861467 -6.167937 0.0 -2e-06 -2e-06 176.988403 1.769586 -4.191261 11.845088 -0.050074 0.046444 -80.514938 -2.576728 -2.672168 -5.020504 1.543719 2.115726 -0.999999 -0.0 0.0 -1.578426 -2.59047 -2.456932 12.632884 -0.08152 -0.033053 -81.064064 -6.632336 -7.961889 -5.205524 0.683959 1.681391 -1.000002 -0.0 -0.0 
0.0 0.0 0.0 0.0 -0.0 0.0 2.034808 100.310432 -0.814586 90.48954 -2.913298 92.51371 -4.605363 -1.389654 -0.113416 -12.714814 -0.787639 0.308184 16.649794 -0.848422 -1.982038 8.942196 -0.73694 2.38065 -2.504694 -0.428826 -4.164147 -38.269581 -0.575279 -7.725049 7e-06 -0.0 -1e-06 0.088529 0.086007 0.124202 0.266229 0.003817 0.131252 0.294885 0.159279 0.117413 -138.558792 -70.216774 160.109543 32.677177 -53.672241 6.584549 21.543295 -0.429782 -0.165424 5.720509 2.907269 -37.630383 17.63661 -26.322737 52.411209 -19.46666 -14.395598 29.410395 -2e-06 -8.774819 -1e-06 15.109469 -17.227108 6.145112 -0.609777 -1.795653 -3.889328 -4.807086 -11.046809 -2.93785 5e-06 -20.976015 0.0 -5.019969 -25.033554 -4.031878 6e-06 1e-06 -0.0 -10.634528 -5.686969 -3.565588 10.573271 -17.922949 -3.113902 2e-06 -13.821206 2e-06 -0.501774 -31.181505 -4.027016 -11.054553 -59.0336 7.039041 -13.982708 -7.150196 -2.875042 13.772726 -8.401493 -3.218242 0.347736 -34.211544 0.771655 -0.963027 -17.733368 2.621021 -0.0 -0.0 0.0 -17.346409 -20.095211 -4.201782 21.757555 -1.638376 3.866425 -0.0 -6.338823 1e-06 -1.697589 -22.591738 -6.194003 -0.0 -4e-06 -2e-06 21.10215 -68.699188 179.526871 29.846687 -54.148312 0.42485 29.487354 0.553429 0.341313 -1.972706 7.18006 -19.683865 22.182114 -20.375896 49.933319 -16.701815 -16.743523 28.47653 -4e-06 -12.6906 0.0 16.442009 -18.097198 2.811853 -0.10592 -1.513856 -4.275881 -5.03904 -5.612871 -2.953557 6e-06 -11.020524 -3e-06 -6.111297 -15.895332 -3.84047 0.0 -0.0 -0.0 -10.283367 -5.680287 -4.341839 11.028291 -11.302405 -2.372633 -1.38427 -14.23858 -6.32012 -0.625437 -26.924185 -3.8276 -4.287717 -50.206978 -3.370486 -13.708519 -7.363474 -3.720941 18.141146 -14.052739 -3.242674 6e-06 -18.78727 -1e-06 -0.42971 -8.456046 2.555505 -0.0 1e-06 2e-06 -15.923532 -20.094479 -5.473586 30.419205 -7.190827 1.735925 5e-06 -8.162925 -1e-06 -1.8619 -22.861467 -6.16794 -0.0 -4e-06 -2e-06 178.133347 1.951996 -4.734323 10.028267 -0.032051 -0.025701 -79.910477 -2.324947 -2.644852 -4.938406 1.54014 2.111925 -1.0 -0.0 -0.0 -0.36176 -2.61214 -2.056257 10.369923 -0.064204 0.011357 -80.592842 -6.465889 -7.797718 -5.021463 0.702342 1.67565 -1.000001 -0.0 0.0 
0.0 0.0 0.0 0.0 -0.0 0.0 1.927408 100.341187 -0.692473 90.526688 -2.857925 92.086166 -4.767492 -1.360113 -0.104996 -12.784626 -0.768774 0.292931 16.66506 -0.974155 -1.994546 9.291524 -0.817484 2.366722 -2.486084 -0.433979 -4.07686 -37.752293 -0.522682 -7.805769 6e-06 -0.0 -0.0 0.069177 0.103287 0.152251 0.267547 0.020652 0.15544 0.296998 0.176577 0.149698 -139.267487 -69.649834 160.99556 33.483826 -52.944847 5.825961 20.796478 -0.260431 -0.160966 5.556114 2.930661 -37.141945 17.636625 -26.322721 52.411182 -19.466663 -14.395596 29.410385 -2e-06 -8.774821 -2e-06 15.089334 -17.200861 6.159451 -0.609777 -1.795654 -3.889327 -4.807089 -11.046811 -2.93785 6e-06 -20.976019 -2e-06 -5.019969 -25.033556 -4.031881 6e-06 -0.0 0.0 -10.634535 -5.686971 -3.565586 10.573277 -17.922955 -3.113903 4e-06 -13.821209 1e-06 -0.501774 -31.181511 -4.027018 -11.044822 -59.020882 7.059379 -13.982715 -7.150198 -2.875042 13.772731 -8.401495 -3.218243 0.347739 -34.211555 0.77165 -0.963026 -17.733372 2.621018 -0.0 1e-06 0.0 -17.346416 -20.095217 -4.201782 21.757557 -1.638376 3.866426 1e-06 -6.338824 0.0 -1.697589 -22.591743 -6.194007 -0.0 -4e-06 -2e-06 21.374155 -68.293213 179.376312 29.284132 -54.518276 0.376997 28.967546 0.497866 0.389689 -2.285354 7.059802 -20.037191 22.182119 -20.375891 49.933315 -16.701813 -16.74353 28.47653 -3e-06 -12.690601 -1e-06 16.378504 -18.099833 2.81129 -0.10592 -1.513856 -4.275882 -5.039041 -5.612872 -2.953557 4e-06 -11.020525 -2e-06 -6.1113 -15.895334 -3.840472 -0.0 -0.0 -0.0 -10.283369 -5.680289 -4.341838 11.028296 -11.302406 -2.372634 -1.384269 -14.238585 -6.320122 -0.625436 -26.924194 -3.827604 -4.25335 -50.178368 -3.452466 -13.708524 -7.363477 -3.72094 18.14115 -14.052739 -3.242674 6e-06 -18.78727 -3e-06 -0.42971 -8.456043 2.555502 -1e-06 1e-06 -0.0 -15.923539 -20.094486 -5.473585 30.419214 -7.190826 1.735927 5e-06 -8.162927 -2e-06 -1.861903 -22.861469 -6.167943 0.0 -4e-06 -1e-06 178.875397 1.98573 -4.850621 8.92579 -0.012445 -0.083194 -79.543884 -2.397981 -2.670702 -4.846447 1.506942 2.110136 -0.999999 -0.0 -0.0 0.485202 -2.51844 -1.630935 8.835316 -0.056354 0.039931 -80.151505 -6.433047 -7.814704 -4.871921 0.709309 1.670015 -1.000003 0.0 -0.0 
0.0 0.0 0.0 0.0 -0.0 0.0 1.784389 100.340714 -0.569042 90.534363 -2.805612 91.75473 -4.850884 -1.340574 -0.108951 -12.839045 -0.774843 0.246629 16.606617 -1.053115 -1.98589 9.58672 -0.822685 2.347286 -2.493801 -0.44222 -3.972195 -37.422092 -0.507671 -7.904555 6e-06 0.0 0.0 0.048421 0.118331 0.174928 0.25489 0.036855 0.170967 0.281726 0.190302 0.179006 -139.425507 -69.504173 161.245865 34.213795 -52.953583 4.881548 20.213585 -0.057751 -0.165944 5.366192 2.853663 -36.769413 17.636627 -26.322725 52.411194 -19.466661 -14.395596 29.410389 0.0 -8.774822 -2e-06 15.15103 -17.264208 6.13949 -0.609775 -1.795654 -3.889328 -4.807089 -11.046809 -2.93785 4e-06 -20.976017 -2e-06 -5.019971 -25.033558 -4.031882 6e-06 1e-06 0.0 -10.634531 -5.686971 -3.565587 10.573271 -17.922947 -3.113902 1e-06 -13.821206 0.0 -0.501774 -31.181505 -4.02702 -11.073754 -59.097801 7.001446 -13.982714 -7.150198 -2.875042 13.772728 -8.40149 -3.218242 0.347734 -34.211555 0.771652 -0.963027 -17.73337 2.621018 1e-06 -0.0 -0.0 -17.346422 -20.095219 -4.201782 21.757561 -1.638372 3.866429 1e-06 -6.338824 1e-06 -1.697591 -22.591743 -6.194006 1e-06 -3e-06 -2e-06 21.743748 -68.175957 179.131897 28.545673 -55.280125 0.494689 28.231583 0.487186 0.453453 -2.693088 6.797979 -20.971291 22.182114 -20.375895 49.933319 -16.701818 -16.74353 28.476534 -4e-06 -12.690601 0.0 16.313156 -18.135532 2.804863 -0.105918 -1.513856 -4.275881 -5.03904 -5.612871 -2.953557 5e-06 -11.020525 -2e-06 -6.111297 -15.895334 -3.840471 -0.0 1e-06 0.0 -10.283369 -5.680288 -4.341838 11.028294 -11.302405 -2.372633 -1.384268 -14.238583 -6.320121 -0.625436 -26.924192 -3.8276 -4.155732 -50.097542 -3.66962 -13.708522 -7.363476 -3.720939 18.141146 -14.052742 -3.242676 8e-06 -18.787271 -4e-06 -0.429711 -8.456045 2.555504 1e-06 -0.0 1e-06 -15.923531 -20.094484 -5.473585 30.419207 -7.190827 1.735925 4e-06 -8.162928 -2e-06 -1.861901 -22.861467 -6.16794 -1e-06 -3e-06 -2e-06 179.291916 1.937186 -4.740454 8.417987 0.002826 -0.080689 -79.451668 -2.681081 -2.781551 -4.799994 1.48295 2.113346 -0.999999 0.0 0.0 0.976787 -2.407011 -1.31904 8.0034 -0.04867 0.037002 -79.966354 -6.345136 -7.73367 -4.725819 0.684254 1.663849 -1.000002 0.0 -0.0 
0.0 0.0 0.0 0.0 -0.0 0.0 1.622674 100.305618 -0.455144 90.582359 -2.733054 91.46402 -4.915397 -1.350613 -0.102847 -12.871262 -0.80385 0.208633 16.588182 -1.124145 -1.983194 9.797369 -0.769006 2.329585 -2.512581 -0.493162 -3.879574 -37.062859 -0.405938 -8.054478 7e-06 0.0 0.0 0.038119 0.115465 0.168017 0.245978 0.037165 0.160265 0.273932 0.184375 0.175739 -139.883102 -69.263412 161.680908 34.418541 -52.903263 4.77821 19.995878 0.045391 -0.155101 5.232974 2.674251 -36.082928 17.636625 -26.322723 52.411182 -19.466665 -14.395594 29.410385 -1e-06 -8.774821 -2e-06 15.27125 -17.381111 6.138813 -0.609776 -1.795654 -3.889327 -4.807087 -11.046811 -2.937851 5e-06 -20.976019 -2e-06 -5.019969 -25.03356 -4.031881 6e-06 -0.0 0.0 -10.634532 -5.68697 -3.565588 10.573274 -17.922951 -3.113902 3e-06 -13.821208 0.0 -0.501773 -31.181505 -4.027018 -11.140166 -59.192497 7.00898 -13.982712 -7.150198 -2.875042 13.77273 -8.401493 -3.218242 0.347737 -34.211544 0.771652 -0.963027 -17.73337 2.621019 0.0 -1e-06 1e-06 -17.346415 -20.095217 -4.201783 21.757557 -1.638378 3.866427 1e-06 -6.338824 1e-06 -1.697587 -22.591742 -6.194007 2e-06 -3e-06 -2e-06 21.826246 -67.782036 179.220261 27.270247 -55.764732 1.028273 27.493172 0.516958 0.512916 -3.049849 6.693713 -22.509666 22.18211 -20.375891 49.933323 -16.701815 -16.743526 28.476536 -3e-06 -12.690598 -0.0 16.221766 -18.131544 2.837852 -0.105919 -1.513856 -4.275882 -5.039042 -5.612873 -2.953557 4e-06 -11.020524 -3e-06 -6.111298 -15.89533 -3.840472 -0.0 -1e-06 0.0 -10.283369 -5.680289 -4.341839 11.028292 -11.302404 -2.372634 -1.384269 -14.238583 -6.320124 -0.625435 -26.924191 -3.827605 -4.047614 -50.057499 -3.801532 -13.708521 -7.363477 -3.72094 18.141146 -14.052739 -3.242676 8e-06 -18.78727 -5e-06 -0.429712 -8.456043 2.555504 -0.0 3e-06 1e-06 -15.923532 -20.094484 -5.473587 30.41921 -7.190824 1.735925 3e-06 -8.162925 -1e-06 -1.861903 -22.861467 -6.167942 2e-06 -3e-06 -1e-06 179.645096 1.922685 -4.617338 8.063944 0.001354 -0.056396 -79.504128 -3.055697 -2.871119 -4.822906 1.479642 2.119668 -1.0 -0.0 -0.0 1.349532 -2.347883 -1.143724 7.449913 -0.043201 0.019544 -80.024719 -6.151483 -7.505328 -4.626917 0.650031 1.663447 -1.000001 -0.0 -0.0 
0.0 0.0 0.0 0.0 -0.0 0.0 1.469495 100.2714 -0.352435 90.65023 -2.640656 91.21727 -4.998885 -1.367522 -0.070665 -12.891073 -0.839989 0.178937 16.682255 -1.18779 -1.983202 9.905867 -0.732476 2.314127 -2.537976 -0.52324 -3.889723 -36.591915 -0.286488 -8.169044 6e-06 0.0 0.0 0.043975 0.102423 0.147686 0.25087 0.031183 0.142492 0.280745 0.164671 0.153665 -140.53421 -68.792076 162.334747 34.416031 -52.537479 5.33288 20.046251 0.022549 -0.128387 5.220975 2.451458 -35.191036 17.636627 -26.322733 52.411201 -19.466663 -14.395598 29.410393 1e-06 -8.774822 -2e-06 15.347709 -17.505209 6.15855 -0.609775 -1.795654 -3.889328 -4.807089 -11.046811 -2.93785 3e-06 -20.976019 -0.0 -5.019971 -25.033554 -4.031882 7e-06 0.0 0.0 -10.634535 -5.686972 -3.565588 10.573274 -17.922949 -3.113901 0.0 -13.821209 2e-06 -0.501777 -31.181505 -4.027018 -11.222069 -59.216305 7.092604 -13.982714 -7.150198 -2.875041 13.772731 -8.40149 -3.218242 0.34773 -34.211555 0.771656 -0.963029 -17.73337 2.621021 0.0 -0.0 0.0 -17.346422 -20.095221 -4.201782 21.757561 -1.638375 3.866428 0.0 -6.338825 1e-06 -1.697591 -22.591743 -6.194005 0.0 -4e-06 -3e-06 21.647251 -67.086372 179.592606 25.679478 -55.842232 1.593226 26.86215 0.469802 0.516989 -3.347939 6.828187 -24.279272 22.182117 -20.375898 49.933327 -16.701818 -16.74353 28.476536 -4e-06 -12.690603 -1e-06 16.096365 -18.08707 2.901246 -0.105919 -1.513856 -4.275882 -5.039041 -5.612873 -2.953557 3e-06 -11.020525 -2e-06 -6.111297 -15.895336 -3.840472 0.0 0.0 -0.0 -10.283372 -5.680289 -4.341839 11.028297 -11.302406 -2.372634 -1.384268 -14.238585 -6.320123 -0.625437 -26.924196 -3.827603 -3.968467 -50.040459 -3.803645 -13.708524 -7.363477 -3.72094 18.141153 -14.052742 -3.242676 6e-06 -18.787271 -2e-06 -0.429711 -8.456046 2.555504 -1e-06 -1e-06 -1e-06 -15.923536 -20.094486 -5.473587 30.419222 -7.190829 1.735925 2e-06 -8.162927 -0.0 -1.861902 -22.861473 -6.167943 0.0 -2e-06 -2e-06 -179.959671 1.93681 -4.571537 7.650827 -0.005318 -0.044441 -79.506897 -3.366734 -2.855482 -4.821176 1.489799 2.124644 -0.999999 -0.0 -0.0 1.627598 -2.320073 -1.040626 7.135376 -0.040989 0.009283 -80.128586 -6.015652 -7.217666 -4.534463 0.632293 1.668826 -1.000002 0.0 0.0 
0.0 0.0 0.0 0.0 -0.0 0.0 1.319412 100.249657 -0.278957 90.692894 -2.532202 91.023773 -5.08739 -1.382264 -0.043458 -12.90187 -0.867889 0.152246 16.848429 -1.205573 -1.972503 9.948933 -0.726108 2.275116 -2.546614 -0.515735 -3.938122 -36.02887 -0.183467 -8.195603 7e-06 -0.0 -0.0 0.054102 0.091235 0.133307 0.261552 0.028524 0.133722 0.29506 0.145456 0.135273 -141.025406 -68.283096 162.809906 34.47707 -52.169926 5.951082 20.153639 -0.083843 -0.095392 5.253428 2.243387 -34.421932 17.63662 -26.322733 52.411194 -19.466665 -14.395598 29.410389 -1e-06 -8.774822 -2e-06 15.404556 -17.596781 6.17935 -0.609777 -1.795653 -3.889328 -4.80709 -11.046808 -2.93785 4e-06 -20.976019 -0.0 -5.019971 -25.033556 -4.03188 6e-06 -1e-06 -0.0 -10.634535 -5.68697 -3.565587 10.573275 -17.922947 -3.113901 2e-06 -13.821209 1e-06 -0.501779 -31.181505 -4.027015 -11.246744 -59.235146 7.159436 -13.982714 -7.150197 -2.875041 13.772731 -8.401493 -3.218243 0.347732 -34.211544 0.771657 -0.963029 -17.73337 2.621021 -0.0 -0.0 -0.0 -17.346418 -20.095213 -4.20178 21.757559 -1.638376 3.866426 2e-06 -6.338824 1e-06 -1.697589 -22.591738 -6.194005 -0.0 -4e-06 -2e-06 21.417576 -66.376862 179.982986 24.148197 -55.708927 2.155342 26.272608 0.364371 0.456557 -3.577704 6.880409 -25.674191 22.182121 -20.375898 49.933319 -16.701815 -16.743528 28.476532 -4e-06 -12.690602 -1e-06 15.984183 -18.043537 2.972774 -0.10592 -1.513856 -4.275881 -5.039041 -5.612871 -2.953557 4e-06 -11.020524 -1e-06 -6.111298 -15.895334 -3.840471 -0.0 1e-06 0.0 -10.283371 -5.680288 -4.341838 11.028296 -11.302407 -2.372633 -1.384268 -14.238582 -6.320121 -0.625435 -26.924191 -3.8276 -3.902324 -50.062714 -3.73745 -13.708524 -7.363475 -3.72094 18.141148 -14.052742 -3.242673 8e-06 -18.78727 -1e-06 -0.429711 -8.456047 2.555504 -0.0 1e-06 -0.0 -15.923534 -20.094482 -5.473585 30.41921 -7.190827 1.735926 3e-06 -8.162925 0.0 -1.861899 -22.861469 -6.167942 1e-06 -3e-06 -1e-06 -179.587662 1.917006 -4.579253 7.274422 -0.016659 -0.048066 -79.46978 -3.500008 -2.798304 -4.781448 1.518448 2.125987 -0.999998 0.0 0.0 1.747429 -2.27519 -0.950695 7.163682 -0.039923 0.012713 -80.239563 -5.980204 -6.957683 -4.440995 0.628839 1.672394 -1.000002 -0.0 0.0 
0.0 0.0 0.0 0.0 -0.0 0.0 1.184999 100.236069 -0.256499 90.70504 -2.458651 90.880569 -5.142729 -1.396696 -0.042963 -12.905875 -0.877231 0.142788 17.000364 -1.17704 -1.97722 9.948707 -0.704915 2.233952 -2.545662 -0.502242 -3.988941 -35.592014 -0.136961 -8.1363 6e-06 -0.0 0.0 0.057062 0.086101 0.128075 0.271069 0.032508 0.132603 0.30357 0.132007 0.127492 -141.098953 -67.997452 162.868912 34.825653 -52.112366 6.174046 20.167646 -0.186785 -0.077191 5.246796 2.047265 -33.858429 17.636631 -26.322733 52.411201 -19.466665 -14.395598 29.410395 0.0 -8.774822 -2e-06 15.418879 -17.642115 6.207989 -0.609775 -1.795654 -3.889328 -4.80709 -11.046809 -2.93785 4e-06 -20.976021 -1e-06 -5.019971 -25.03356 -4.031882 6e-06 1e-06 -0.0 -10.634535 -5.686972 -3.565589 10.573272 -17.922947 -3.1139 1e-06 -13.821208 1e-06 -0.501778 -31.181501 -4.027016 -11.236277 -59.237759 7.192228 -13.982714 -7.150198 -2.875043 13.772729 -8.401494 -3.218243 0.347734 -34.211555 0.771654 -0.963027 -17.733372 2.62102 -0.0 0.0 2e-06 -17.34642 -20.095217 -4.201783 21.757559 -1.638376 3.866428 0.0 -6.338823 1e-06 -1.69759 -22.59174 -6.194007 1e-06 -5e-06 -2e-06 21.242426 -65.890266 -179.734177 22.944181 -55.538876 2.777985 25.786751 0.226223 0.356896 -3.705317 6.740607 -26.359217 22.182116 -20.375902 49.933331 -16.701811 -16.74353 28.47653 -4e-06 -12.690601 -1e-06 15.922543 -18.04011 3.025802 -0.105919 -1.513856 -4.275883 -5.039041 -5.612871 -2.953557 4e-06 -11.020524 -2e-06 -6.111298 -15.895336 -3.840472 -0.0 0.0 1e-06 -10.283371 -5.680288 -4.34184 11.028294 -11.302406 -2.372633 -1.384269 -14.238583 -6.320121 -0.625437 -26.924191 -3.827603 -3.884171 -50.114948 -3.652678 -13.708524 -7.363476 -3.720941 18.141148 -14.052739 -3.242675 5e-06 -18.78727 -1e-06 -0.429712 -8.456047 2.555504 -2e-06 2e-06 -0.0 -15.923532 -20.094482 -5.473586 30.41921 -7.190826 1.735925 2e-06 -8.162924 1e-06 -1.861902 -22.861479 -6.167943 -1e-06 -4e-06 -1e-06 -179.452454 1.837685 -4.60848 7.212883 -0.027598 -0.064805 -79.504768 -3.475648 -2.759213 -4.726864 1.542908 2.124282 -0.999999 1e-06 0.0 1.80748 -2.210845 -0.882645 7.202648 -0.031476 0.020992 -80.303078 -5.959975 -6.763961 -4.349728 0.641023 1.673404 -1.000003 -0.0 0.0 
0.0 0.0 0.0 0.0 -0.0 0.0 1.068622 100.240433 -0.283051 90.691345 -2.459338 90.737297 -5.15072 -1.388113 -0.062564 -12.914707 -0.86904 0.155486 17.084232 -1.117123 -2.005854 9.931595 -0.669942 2.217417 -2.538446 -0.501028 -3.994663 -35.361977 -0.151393 -8.02766 5e-06 0.0 0.0 0.05216 0.085002 0.126504 0.276371 0.038465 0.131808 0.302891 0.124608 0.125717 -140.797028 -67.939644 162.558456 35.413609 -52.34399 6.147866 20.091875 -0.241442 -0.071999 5.168542 1.916708 -33.32114 17.636629 -26.322737 52.411205 -19.46666 -14.395597 29.410393 1e-06 -8.774821 -2e-06 15.410587 -17.639135 6.235458 -0.609776 -1.795653 -3.889328 -4.80709 -11.046811 -2.93785 3e-06 -20.976021 0.0 -5.019972 -25.03356 -4.031881 6e-06 1e-06 -0.0 -10.634535 -5.686971 -3.565588 10.573272 -17.922951 -3.113899 1e-06 -13.821208 2e-06 -0.501779 -31.181505 -4.027016 -11.22589 -59.239883 7.221586 -13.982715 -7.150198 -2.875042 13.772729 -8.401493 -3.218241 0.347731 -34.211555 0.771657 -0.96303 -17.73337 2.62102 -0.0 -1e-06 1e-06 -17.346422 -20.095217 -4.201782 21.757557 -1.638373 3.866428 -0.0 -6.338825 1e-06 -1.697592 -22.591742 -6.194005 1e-06 -3e-06 -2e-06 21.182749 -65.687317 -179.609833 22.158253 -55.415096 3.494871 25.454996 0.123863 0.300401 -3.71053 6.492609 -26.520926 22.18211 -20.375898 49.933327 -16.701811 -16.74353 28.476532 -3e-06 -12.690599 0.0 15.898322 -18.055107 3.042887 -0.105919 -1.513856 -4.275881 -5.039041 -5.612869 -2.953556 4e-06 -11.02052 -2e-06 -6.111297 -15.89533 -3.84047 1e-06 1e-06 0.0 -10.283369 -5.680287 -4.341839 11.028294 -11.302402 -2.372633 -1.384269 -14.238577 -6.32012 -0.625438 -26.924183 -3.827599 -3.924544 -50.134212 -3.611427 -13.708523 -7.363474 -3.72094 18.141146 -14.052736 -3.242674 6e-06 -18.787264 -0.0 -0.429713 -8.456043 2.555504 -1e-06 1e-06 0.0 -15.923534 -20.094479 -5.473584 30.419207 -7.190823 1.735923 3e-06 -8.162922 -0.0 -1.861904 -22.861465 -6.167938 0.0 -2e-06 -1e-06 -179.409805 1.742653 -4.671522 7.123468 -0.03217 -0.081231 -79.476189 -3.391569 -2.758781 -4.641297 1.540392 2.121563 -1.0 0.0 -0.0 1.814772 -2.131539 -0.821257 7.133175 -0.020043 0.023075 -80.344162 -5.934056 -6.646881 -4.260468 0.652848 1.670128 -1.000002 -0.0 0.0 
0.0 0.0 0.0 0.0 -0.0 0.0 0.978212 100.258698 -0.339935 90.661079 -2.559114 90.60524 -5.133359 -1.346216 -0.08015 -12.918228 -0.850567 0.163737 17.081329 -1.05211 -2.032489 9.900638 -0.647106 2.211214 -2.533868 -0.506384 -3.945012 -35.244583 -0.194627 -7.95681 7e-06 -0.0 -0.0 0.046191 0.086165 0.127935 0.289263 0.046985 0.13287 0.309305 0.118789 0.127274 -140.473892 -67.946747 162.20752 35.951813 -52.595566 6.115742 19.99119 -0.279535 -0.070414 5.096196 1.851399 -32.634491 17.636621 -26.322735 52.411205 -19.466665 -14.395596 29.410395 -0.0 -8.774821 -2e-06 15.427847 -17.587532 6.236729 -0.609777 -1.795654 -3.889328 -4.80709 -11.046811 -2.93785 3e-06 -20.976021 -1e-06 -5.019972 -25.03356 -4.031881 6e-06 0.0 0.0 -10.634533 -5.686971 -3.565588 10.573272 -17.922953 -3.113902 2e-06 -13.821211 1e-06 -0.501778 -31.181507 -4.027017 -11.235688 -59.267185 7.259407 -13.982714 -7.150199 -2.875042 13.772727 -8.401492 -3.218243 0.347732 -34.211555 0.771654 -0.963029 -17.733372 2.62102 -1e-06 -0.0 1e-06 -17.346418 -20.095221 -4.201782 21.757555 -1.638374 3.866426 -0.0 -6.338825 1e-06 -1.69759 -22.591747 -6.194008 1e-06 -4e-06 -1e-06 21.132004 -65.698822 -179.545364 21.736229 -55.373608 4.124526 25.251513 0.088983 0.295841 -3.656201 6.329119 -26.590952 22.182119 -20.375895 49.933319 -16.701815 -16.743528 28.47653 -3e-06 -12.690601 -1e-06 15.897898 -18.050589 3.03166 -0.105919 -1.513856 -4.275883 -5.039041 -5.612871 -2.953556 4e-06 -11.020524 -2e-06 -6.111297 -15.895334 -3.840471 -0.0 0.0 0.0 -10.283371 -5.680287 -4.341839 11.028296 -11.302405 -2.372633 -1.384269 -14.238582 -6.320121 -0.625435 -26.924191 -3.827604 -3.991671 -50.130676 -3.600469 -13.708524 -7.363475 -3.720941 18.141148 -14.052739 -3.242674 8e-06 -18.78727 -2e-06 -0.42971 -8.456045 2.555504 -1e-06 1e-06 -0.0 -15.923536 -20.094482 -5.473586 30.41921 -7.190827 1.735927 4e-06 -8.162925 -1e-06 -1.861902 -22.861469 -6.167941 0.0 -3e-06 -1e-06 -179.493301 1.643396 -4.769736 7.034435 -0.027172 -0.083838 -79.40815 -3.309974 -2.822872 -4.545321 1.515411 2.116728 -1.0 0.0 0.0 1.728601 -2.049724 -0.758386 6.994898 -0.013212 0.019521 -80.224983 -5.893858 -6.605845 -4.192607 0.651783 1.664138 -1.000002 0.0 -0.0 
0.0 0.0 0.0 0.0 -0.0 0.0 0.908016 100.286865 -0.402406 90.632126 -2.723332 90.491531 -5.107027 -1.282875 -0.088919 -12.918427 -0.829639 0.17411 17.036453 -0.990737 -2.054223 9.890586 -0.635088 2.215626 -2.536331 -0.513968 -3.920398 -35.201668 -0.22851 -7.907087 6e-06 0.0 -0.0 0.04059 0.085073 0.125256 0.298917 0.051584 0.128343 0.317131 0.1119 0.125629 -140.377914 -67.921432 162.065887 36.323559 -52.717728 6.143947 19.89201 -0.295911 -0.074069 5.031276 1.808951 -31.918407 17.636625 -26.322729 52.411186 -19.466663 -14.395596 29.410389 -0.0 -8.774821 -2e-06 15.431977 -17.542782 6.210327 -0.609777 -1.795653 -3.889328 -4.807088 -11.046811 -2.93785 3e-06 -20.976019 -1e-06 -5.01997 -25.03356 -4.031881 6e-06 -0.0 -0.0 -10.634533 -5.686971 -3.565587 10.573271 -17.922951 -3.113901 3e-06 -13.821209 2e-06 -0.501779 -31.181505 -4.027016 -11.257458 -59.272991 7.273089 -13.982713 -7.150199 -2.875041 13.772727 -8.401491 -3.218242 0.347732 -34.211552 0.771654 -0.963028 -17.73337 2.621019 -0.0 0.0 1e-06 -17.346418 -20.095219 -4.201779 21.757557 -1.638375 3.866427 0.0 -6.338824 0.0 -1.69759 -22.591742 -6.194006 -0.0 -5e-06 -3e-06 21.077084 -65.795837 -179.497238 21.608877 -55.326416 4.576171 25.139099 0.086499 0.301527 -3.631871 6.257851 -26.705902 22.182114 -20.375893 49.933327 -16.701818 -16.74353 28.47654 -2e-06 -12.690603 0.0 15.919433 -18.03005 2.99272 -0.105919 -1.513856 -4.275883 -5.039041 -5.612873 -2.953557 3e-06 -11.020527 -2e-06 -6.111298 -15.895339 -3.840473 0.0 -1e-06 0.0 -10.283371 -5.68029 -4.34184 11.028296 -11.302407 -2.372634 -1.384269 -14.238586 -6.320123 -0.625438 -26.924198 -3.827604 -4.034877 -50.08342 -3.626042 -13.708526 -7.363478 -3.720939 18.14115 -14.052739 -3.242675 6e-06 -18.787271 -3e-06 -0.429711 -8.456047 2.555503 -0.0 0.0 0.0 -15.923538 -20.09449 -5.473586 30.419218 -7.190826 1.735925 2e-06 -8.162927 -1e-06 -1.861901 -22.861473 -6.167946 -1e-06 -1e-06 0.0 -179.622223 1.560784 -4.905921 6.885641 -0.016833 -0.073997 -79.283859 -3.231363 -2.898934 -4.459305 1.487965 2.112231 -0.999998 -0.0 0.0 1.600774 -1.983764 -0.731046 6.791379 -0.009427 0.00618 -80.049911 -5.797198 -6.579586 -4.138542 0.637292 1.656398 -1.000001 0.0 -0.0 
0.0 0.0 0.0 0.0 -0.0 0.0 0.852658 100.30751 -0.460217 90.611969 -2.899605 90.368057 -5.080307 -1.213138 -0.092692 -12.920317 -0.813663 0.196656 16.992184 -0.930198 -2.054898 9.957994 -0.588546 2.233541 -2.54514 -0.522785 -3.911661 -35.204109 -0.275943 -7.827378 5e-06 0.0 0.0 0.039469 0.083757 0.12204 0.303244 0.05348 0.124002 0.321628 0.107115 0.12224 -140.477402 -67.859833 162.106277 36.517227 -52.69833 6.270727 19.832685 -0.310182 -0.076386 4.937882 1.814444 -31.245762 17.636627 -26.322733 52.411201 -19.46666 -14.3956 29.410389 -1e-06 -8.774822 -2e-06 15.430169 -17.514084 6.184376 -0.609776 -1.795654 -3.889327 -4.807089 -11.046811 -2.93785 3e-06 -20.976021 0.0 -5.019972 -25.03356 -4.03188 6e-06 0.0 -0.0 -10.634535 -5.686971 -3.565587 10.573272 -17.922951 -3.113899 2e-06 -13.821209 1e-06 -0.501779 -31.181505 -4.027015 -11.250772 -59.269085 7.249169 -13.982715 -7.150199 -2.875041 13.77273 -8.401493 -3.218241 0.34773 -34.211555 0.771656 -0.96303 -17.733372 2.621019 1e-06 -1e-06 1e-06 -17.346422 -20.095219 -4.201779 21.757561 -1.638376 3.866427 0.0 -6.338825 1e-06 -1.697592 -22.591749 -6.194005 -0.0 -3e-06 -2e-06 21.044294 -65.904625 -179.502899 21.666126 -55.253521 4.922035 25.133577 0.119902 0.308142 -3.67607 6.250178 -26.755249 22.182116 -20.375891 49.933304 -16.701813 -16.74353 28.476528 -3e-06 -12.6906 -0.0 15.945721 -17.996405 2.955087 -0.10592 -1.513855 -4.275881 -5.03904 -5.612869 -2.953556 4e-06 -11.020521 -2e-06 -6.111297 -15.895332 -3.84047 0.0 1e-06 -1e-06 -10.283369 -5.680287 -4.341837 11.028296 -11.302404 -2.372633 -1.384269 -14.238578 -6.320119 -0.625437 -26.924187 -3.827599 -4.051244 -50.038834 -3.661255 -13.708526 -7.363475 -3.720938 18.14115 -14.052737 -3.242674 5e-06 -18.787266 -1e-06 -0.429711 -8.456044 2.555504 -1e-06 0.0 -0.0 -15.923538 -20.094479 -5.473584 30.419218 -7.190828 1.735925 4e-06 -8.162925 -0.0 -1.861902 -22.861473 -6.16794 0.0 -4e-06 -1e-06 -179.819778 1.48375 -5.10412 6.844337 -0.007183 -0.068815 -79.220093 -3.129443 -2.954969 -4.383785 1.467916 2.109678 -0.999999 0.0 0.0 1.388339 -1.939244 -0.73421 6.723472 -0.007306 -0.010726 -79.954384 -5.645781 -6.567242 -4.084946 0.622898 1.651387 -1.000002 0.0 -0.0 
0.0 0.0 0.0 0.0 -0.0 0.0 0.804425 100.322655 -0.499771 90.614365 -3.041036 90.235657 -5.050078 -1.155064 -0.091662 -12.915676 -0.806136 0.213495 16.956278 -0.884121 -2.023642 10.111597 -0.516571 2.252316 -2.558099 -0.533288 -3.891169 -35.197437 -0.311887 -7.733909 5e-06 0.0 -0.0 0.042995 0.079844 0.117228 0.297836 0.051388 0.119252 0.317219 0.101176 0.116109 -140.644333 -67.785042 162.241806 36.599033 -52.560753 6.450662 19.798185 -0.333192 -0.077033 4.869421 1.863531 -30.615381 17.636637 -26.322725 52.411182 -19.466663 -14.395596 29.410385 -1e-06 -8.774822 -2e-06 15.439093 -17.49884 6.177403 -0.609775 -1.795654 -3.889327 -4.807089 -11.046809 -2.93785 5e-06 -20.976015 -1e-06 -5.01997 -25.033558 -4.03188 6e-06 0.0 0.0 -10.634537 -5.686971 -3.565588 10.573277 -17.922951 -3.113901 3e-06 -13.821211 0.0 -0.501775 -31.181511 -4.027018 -11.223392 -59.286282 7.226994 -13.982715 -7.150198 -2.875042 13.772731 -8.401495 -3.218241 0.347736 -34.211555 0.771653 -0.963026 -17.73337 2.62102 -0.0 -1e-06 -0.0 -17.346416 -20.095217 -4.201783 21.757559 -1.638375 3.866429 1e-06 -6.338824 0.0 -1.697588 -22.591742 -6.194007 -0.0 -2e-06 -2e-06 21.033236 -66.000465 -179.55307 21.809196 -55.175159 5.224496 25.249575 0.186453 0.321634 -3.774896 6.281369 -26.70429 22.182117 -20.375898 49.933327 -16.701815 -16.743528 28.476536 -2e-06 -12.690601 -1e-06 15.952225 -17.944721 2.940914 -0.10592 -1.513856 -4.275883 -5.039041 -5.612872 -2.953557 4e-06 -11.020525 -1e-06 -6.111298 -15.895334 -3.840471 -0.0 -1e-06 1e-06 -10.283369 -5.680288 -4.341839 11.028294 -11.302406 -2.372633 -1.384269 -14.238583 -6.320122 -0.625437 -26.924187 -3.827601 -4.04369 -49.985641 -3.693022 -13.708526 -7.363475 -3.72094 18.141148 -14.052739 -3.242674 5e-06 -18.78727 -1e-06 -0.429711 -8.456041 2.555504 -0.0 -1e-06 -0.0 -15.923536 -20.094482 -5.473586 30.419214 -7.190826 1.735927 3e-06 -8.162927 -1e-06 -1.861904 -22.861473 -6.167942 2e-06 -3e-06 -1e-06 -179.95314 1.440641 -5.327218 6.778057 -0.002551 -0.072018 -79.154465 -3.014125 -2.98877 -4.313902 1.45529 2.112795 -0.999998 0.0 -0.0 1.182525 -1.920606 -0.748209 6.726974 -0.007539 -0.024636 -79.913094 -5.508824 -6.535145 -4.024093 0.607497 1.648707 -1.000001 0.0 -0.0 
0.0 0.0 0.0 0.0 -0.0 0.0 0.759152 100.336121 -0.520769 90.620918 -3.135845 90.107323 -5.02854 -1.106314 -0.088545 -12.913399 -0.800233 0.215081 16.946842 -0.851975 -1.984608 10.340306 -0.441442 2.26481 -2.56154 -0.536309 -3.862053 -35.138577 -0.351789 -7.652611 4e-06 -0.0 -1e-06 0.047503 0.074739 0.11168 0.2894 0.048518 0.115977 0.308576 0.093728 0.107323 -140.777878 -67.739128 162.353745 36.628933 -52.397797 6.640212 19.777842 -0.352619 -0.083823 4.802458 1.926518 -30.071606 17.636625 -26.322729 52.41119 -19.466663 -14.395596 29.410389 -1e-06 -8.774821 -1e-06 15.449938 -17.478556 6.176717 -0.609776 -1.795654 -3.889326 -4.807088 -11.04681 -2.937851 4e-06 -20.976017 -2e-06 -5.019968 -25.033558 -4.031881 6e-06 0.0 -0.0 -10.634534 -5.686971 -3.565587 10.573272 -17.922951 -3.113902 3e-06 -13.821211 0.0 -0.501777 -31.181511 -4.027018 -11.202628 -59.312576 7.21987 -13.982712 -7.150199 -2.875041 13.772729 -8.401493 -3.218242 0.347735 -34.211555 0.771652 -0.963028 -17.73337 2.621017 0.0 -0.0 1e-06 -17.346418 -20.095221 -4.20178 21.757557 -1.638375 3.866427 1e-06 -6.338824 -0.0 -1.697589 -22.591738 -6.194006 0.0 -5e-06 -3e-06 21.048208 -66.068008 -179.634491 22.000965 -55.10564 5.43189 25.434221 0.254912 0.33798 -3.876933 6.393392 -26.605635 22.182112 -20.375887 49.933315 -16.701815 -16.743528 28.476532 -2e-06 -12.690602 -1e-06 15.936117 -17.900383 2.944379 -0.10592 -1.513856 -4.27588 -5.039042 -5.612873 -2.953557 3e-06 -11.020527 -2e-06 -6.111299 -15.895338 -3.840472 -0.0 1e-06 -0.0 -10.283371 -5.680288 -4.341838 11.028296 -11.302406 -2.372633 -1.38427 -14.238584 -6.320122 -0.625437 -26.924191 -3.827603 -4.030439 -49.930061 -3.716134 -13.708525 -7.363476 -3.720939 18.141148 -14.052739 -3.242674 6e-06 -18.78727 -3e-06 -0.429712 -8.456044 2.555504 -0.0 0.0 0.0 -15.923536 -20.094484 -5.473584 30.419214 -7.190827 1.735925 3e-06 -8.162927 -1e-06 -1.861901 -22.861473 -6.167945 0.0 -3e-06 -1e-06 179.998856 1.411367 -5.506897 6.664626 -0.003207 -0.070869 -79.074074 -2.927762 -2.994683 -4.253164 1.451646 2.118118 -0.999999 -0.0 0.0 1.064151 -1.900882 -0.755714 6.685305 -0.011803 -0.024539 -79.859238 -5.43359 -6.494877 -3.989875 0.592708 1.646591 -1.000002 0.0 0.0 
0.0 0.0 0.0 0.0 -0.0 0.0 0.706081 100.347641 -0.510147 90.627304 -3.187422 89.996651 -5.018743 -1.062442 -0.084337 -12.917832 -0.801369 0.199234 16.95402 -0.822072 -1.960406 10.613422 -0.376389 2.283528 -2.553228 -0.533879 -3.849095 -35.020073 -0.422371 -7.563519 5e-06 -1e-06 -1e-06 0.050484 0.070381 0.106895 0.279216 0.046064 0.114118 0.294987 0.087566 0.098714 -140.821564 -67.71344 162.402069 36.675163 -52.240921 6.747849 19.722498 -0.383564 -0.102201 4.741886 1.975772 -29.533264 17.636627 -26.322735 52.41119 -19.466663 -14.395596 29.410389 1e-06 -8.774821 -2e-06 15.445106 -17.470266 6.190701 -0.609776 -1.795653 -3.889327 -4.80709 -11.046813 -2.93785 2e-06 -20.976019 0.0 -5.019973 -25.03356 -4.031879 6e-06 0.0 -0.0 -10.634533 -5.686971 -3.565587 10.573271 -17.922951 -3.113899 1e-06 -13.821211 1e-06 -0.50178 -31.181505 -4.027015 -11.236587 -59.342049 7.23877 -13.982714 -7.150198 -2.875041 13.772729 -8.401491 -3.218241 0.347732 -34.211555 0.771654 -0.963029 -17.73337 2.621019 -0.0 -1e-06 1e-06 -17.346418 -20.095221 -4.201779 21.757557 -1.638373 3.866428 -0.0 -6.338825 1e-06 -1.697591 -22.591747 -6.194006 -1e-06 -2e-06 -3e-06 21.095613 -66.110123 -179.724228 22.242037 -55.039494 5.474379 25.664171 0.292115 0.344457 -3.964962 6.590155 -26.486099 22.182121 -20.375898 49.933319 -16.701818 -16.743528 28.476532 -3e-06 -12.690602 -1e-06 15.915559 -17.86585 2.95256 -0.10592 -1.513856 -4.275882 -5.039042 -5.612872 -2.953557 4e-06 -11.020525 -1e-06 -6.111297 -15.895334 -3.840472 -0.0 2e-06 0.0 -10.283373 -5.680288 -4.341838 11.028297 -11.302407 -2.372633 -1.384269 -14.238584 -6.320122 -0.625438 -26.924194 -3.827601 -4.017701 -49.893711 -3.71401 -13.708527 -7.363475 -3.720939 18.141151 -14.052739 -3.242674 6e-06 -18.78727 -1e-06 -0.429709 -8.456042 2.555505 -1e-06 1e-06 0.0 -15.923536 -20.094482 -5.473585 30.419222 -7.190829 1.735927 3e-06 -8.162928 -1e-06 -1.861903 -22.861475 -6.167942 1e-06 -2e-06 -0.0 -179.965164 1.385694 -5.662318 6.505701 -0.00743 -0.059719 -78.984428 -2.835152 -2.995167 -4.224214 1.451721 2.123349 -0.999999 0.0 0.0 1.049121 -1.875629 -0.751181 6.577385 -0.013999 -0.013996 -79.714333 -5.395313 -6.475988 -3.992191 0.579392 1.643823 -1.000002 0.0 -0.0 
0.0 0.0 0.0 0.0 -0.0 0.0 0.654365 100.352463 -0.452148 90.633614 -3.203142 89.933334 -5.026371 -1.031859 -0.086004 -12.921036 -0.802903 0.173749 16.945541 -0.79064 -1.944498 10.95687 -0.324329 2.304158 -2.545043 -0.53822 -3.852625 -34.825893 -0.507463 -7.498286 6e-06 0.0 -1e-06 0.051461 0.06967 0.108156 0.267349 0.046334 0.116171 0.277699 0.08618 0.098624 -140.790283 -67.705841 162.395798 36.739082 -52.103325 6.863611 19.629795 -0.397844 -0.125148 4.672817 1.966462 -29.029261 17.636623 -26.322742 52.411205 -19.466665 -14.3956 29.410395 -1e-06 -8.774822 -1e-06 15.438306 -17.489077 6.212349 -0.609778 -1.795653 -3.889328 -4.807089 -11.046811 -2.93785 4e-06 -20.976021 1e-06 -5.019972 -25.033562 -4.03188 6e-06 -1e-06 0.0 -10.634535 -5.68697 -3.565588 10.573277 -17.922955 -3.113901 3e-06 -13.82121 2e-06 -0.501778 -31.181511 -4.027015 -11.317486 -59.369724 7.279469 -13.982712 -7.150198 -2.875042 13.77273 -8.401493 -3.218243 0.347732 -34.211552 0.771658 -0.963029 -17.73337 2.62102 0.0 -2e-06 1e-06 -17.346416 -20.095217 -4.201783 21.757557 -1.638376 3.866426 0.0 -6.338825 1e-06 -1.697589 -22.591745 -6.194006 0.0 -3e-06 -2e-06 21.195444 -66.127716 -179.868835 22.435417 -55.004314 5.455214 25.928461 0.289862 0.351653 -4.022689 6.832747 -26.357126 22.182112 -20.375895 49.933323 -16.701818 -16.743528 28.476536 -3e-06 -12.690601 0.0 15.901102 -17.841265 2.961288 -0.10592 -1.513857 -4.275882 -5.039041 -5.612873 -2.953558 3e-06 -11.020527 -2e-06 -6.111299 -15.895341 -3.840472 0.0 1e-06 -0.0 -10.283371 -5.68029 -4.341839 11.028296 -11.302407 -2.372633 -1.384269 -14.238585 -6.320122 -0.625439 -26.924198 -3.827605 -3.996806 -49.87175 -3.710282 -13.708526 -7.363479 -3.72094 18.14115 -14.052742 -3.242675 6e-06 -18.78727 -3e-06 -0.429711 -8.456045 2.555504 -0.0 1e-06 -1e-06 -15.923536 -20.09449 -5.473584 30.419218 -7.190825 1.735925 2e-06 -8.162928 -2e-06 -1.861904 -22.861479 -6.167944 -1e-06 -2e-06 -0.0 -179.872604 1.362545 -5.778126 6.350086 -0.013014 -0.046109 -78.922096 -2.729814 -2.980011 -4.217534 1.453482 2.12828 -0.999999 0.0 0.0 1.115946 -1.850664 -0.721703 6.445443 -0.01242 0.002826 -79.67659 -5.411356 -6.446571 -4.007829 0.572916 1.643478 -1.000002 0.0 0.0 
0.0 0.0 0.0 0.0 -0.0 0.0 0.608534 100.353943 -0.355589 90.643219 -3.193382 89.894371 -5.053962 -1.011984 -0.091857 -12.924445 -0.807536 0.143274 16.927565 -0.75867 -1.927567 11.336899 -0.2796 2.329952 -2.540447 -0.553697 -3.862725 -34.572754 -0.589673 -7.461164 6e-06 -0.0 -1e-06 0.049383 0.071575 0.115234 0.255904 0.048819 0.122531 0.26259 0.087655 0.106442 -140.696976 -67.705307 162.340622 36.823906 -52.002491 6.989997 19.519842 -0.390167 -0.137815 4.597506 1.911521 -28.654276 17.636631 -26.322729 52.411179 -19.46666 -14.395597 29.410381 -1e-06 -8.774821 -2e-06 15.435323 -17.522795 6.228908 -0.609775 -1.795654 -3.889327 -4.807088 -11.046808 -2.93785 6e-06 -20.976019 -1e-06 -5.019969 -25.03356 -4.03188 6e-06 0.0 -0.0 -10.634533 -5.68697 -3.565587 10.573274 -17.922951 -3.113901 4e-06 -13.82121 0.0 -0.501776 -31.181501 -4.027016 -11.396698 -59.361065 7.323152 -13.982712 -7.150197 -2.875042 13.772729 -8.401493 -3.218242 0.347735 -34.211555 0.771654 -0.963027 -17.733372 2.62102 0.0 0.0 1e-06 -17.346413 -20.095217 -4.201782 21.757557 -1.638376 3.866428 1e-06 -6.338824 -0.0 -1.697588 -22.591742 -6.194005 0.0 -5e-06 -2e-06 21.318462 -66.129089 179.97464 22.550682 -55.003372 5.385451 26.194307 0.254816 0.358029 -4.051571 7.066998 -26.140663 22.18211 -20.375891 49.933308 -16.701817 -16.743525 28.47653 -2e-06 -12.690599 -1e-06 15.893073 -17.81377 2.964232 -0.10592 -1.513856 -4.275881 -5.03904 -5.612872 -2.953557 3e-06 -11.020525 -2e-06 -6.111297 -15.895336 -3.840471 -0.0 -2e-06 0.0 -10.283368 -5.680289 -4.341837 11.028291 -11.302406 -2.372633 -1.384269 -14.238585 -6.320121 -0.625439 -26.924198 -3.827604 -3.979513 -49.863445 -3.705108 -13.708522 -7.363478 -3.720938 18.141146 -14.052739 -3.242675 4e-06 -18.78727 -3e-06 -0.429711 -8.456044 2.555503 -1e-06 2e-06 -0.0 -15.923532 -20.09449 -5.473584 30.419207 -7.190825 1.735925 2e-06 -8.162927 -1e-06 -1.861902 -22.861473 -6.167946 0.0 -2e-06 -0.0 -179.717804 1.349671 -5.843506 6.163957 -0.013866 -0.035367 -78.861084 -2.652236 -2.951093 -4.223444 1.453589 2.131682 -0.999999 -0.0 0.0 1.248717 -1.833093 -0.678281 6.280478 -0.010316 0.017236 -79.642136 -5.444067 -6.418825 -4.024913 0.577113 1.647482 -1.000001 -0.0 0.0 
0.0 0.0 0.0 0.0 -0.0 0.0 0.570924 100.343468 -0.23456 90.654099 -3.153514 89.858047 -5.101826 -0.997962 -0.088047 -12.932623 -0.81067 0.12402 16.919022 -0.722594 -1.923466 11.74266 -0.238125 2.34752 -2.541255 -0.565599 -3.886117 -34.298107 -0.665959 -7.41158 4e-06 -0.0 -1e-06 0.048063 0.072637 0.120921 0.245538 0.050084 0.126988 0.251658 0.088431 0.113376 -140.557297 -67.719238 162.229706 36.900425 -51.971806 7.189164 19.437986 -0.347176 -0.132239 4.525671 1.835697 -28.396748 17.636637 -26.322729 52.411179 -19.46666 -14.395592 29.410381 0.0 -8.774821 -2e-06 15.469168 -17.561172 6.222562 -0.609777 -1.795653 -3.889327 -4.807088 -11.046809 -2.93785 4e-06 -20.976015 0.0 -5.01997 -25.033556 -4.031879 6e-06 -2e-06 -0.0 -10.634533 -5.686969 -3.565587 10.573271 -17.922947 -3.113899 3e-06 -13.821205 1e-06 -0.501779 -31.181498 -4.027013 -11.446531 -59.377384 7.347519 -13.982713 -7.150197 -2.875042 13.772727 -8.40149 -3.218239 0.347733 -34.211544 0.771655 -0.963027 -17.73337 2.62102 0.0 -2e-06 1e-06 -17.346416 -20.095213 -4.201781 21.757555 -1.638375 3.866428 1e-06 -6.338825 0.0 -1.697589 -22.591738 -6.194004 -0.0 -4e-06 -1e-06 21.501539 -66.103477 179.782196 22.600889 -55.030254 5.297662 26.450064 0.232825 0.358604 -4.063247 7.248181 -25.941126 22.182116 -20.375891 49.933308 -16.701815 -16.74353 28.476526 -3e-06 -12.690601 -0.0 15.882101 -17.786064 2.963127 -0.10592 -1.513856 -4.275881 -5.039041 -5.612869 -2.953555 4e-06 -11.02052 -1e-06 -6.111297 -15.895329 -3.84047 0.0 2e-06 0.0 -10.283369 -5.680286 -4.341838 11.028294 -11.302402 -2.372633 -1.384267 -14.238576 -6.32012 -0.625438 -26.924181 -3.8276 -3.95628 -49.85099 -3.702368 -13.708523 -7.363472 -3.720939 18.141148 -14.052736 -3.242673 6e-06 -18.787262 -1e-06 -0.429712 -8.456039 2.555503 -1e-06 0.0 -1e-06 -15.923532 -20.094477 -5.473584 30.41921 -7.190825 1.735925 2e-06 -8.162922 1e-06 -1.861903 -22.861464 -6.16794 1e-06 -6e-06 -1e-06 -179.564011 1.334756 -5.883187 6.068363 -0.012901 -0.02916 -78.878098 -2.603361 -2.915372 -4.240603 1.456335 2.133542 -0.999998 0.0 -0.0 1.378502 -1.821356 -0.618967 6.218361 -0.009472 0.023466 -79.665855 -5.497641 -6.395973 -4.04828 0.587661 1.653557 -1.000002 -0.0 -0.0 
0.0 0.0 0.0 0.0 -0.0 0.0 0.539404 100.324715 -0.1061 90.668037 -3.081821 89.821442 -5.16068 -0.982295 -0.079686 -12.945354 -0.811922 0.113667 16.933338 -0.691031 -1.928032 12.150575 -0.212312 2.36043 -2.546326 -0.572847 -3.923344 -34.026859 -0.737324 -7.309406 5e-06 0.0 -1e-06 0.050265 0.073081 0.124732 0.23936 0.049744 0.129532 0.246386 0.089561 0.118791 -140.405167 -67.723587 162.077942 36.890266 -51.988777 7.504415 19.457233 -0.291583 -0.117988 4.487974 1.794535 -28.285192 17.636635 -26.322721 52.411179 -19.466663 -14.395597 29.410385 -1e-06 -8.774823 -2e-06 15.505218 -17.594189 6.206016 -0.609776 -1.795654 -3.889326 -4.807089 -11.046809 -2.93785 4e-06 -20.976019 -1e-06 -5.01997 -25.03356 -4.031882 6e-06 -1e-06 0.0 -10.634533 -5.68697 -3.565587 10.573275 -17.922951 -3.1139 3e-06 -13.821209 0.0 -0.501778 -31.181505 -4.027016 -11.445045 -59.401154 7.328733 -13.982716 -7.150198 -2.875041 13.772731 -8.401491 -3.218241 0.347733 -34.211555 0.771654 -0.963028 -17.73337 2.62102 0.0 -1e-06 -0.0 -17.346422 -20.095217 -4.20178 21.757563 -1.638374 3.866429 1e-06 -6.338825 -0.0 -1.697591 -22.591745 -6.194007 -1e-06 -4e-06 -1e-06 21.703711 -66.019997 179.576675 22.551311 -55.041111 5.217748 26.674643 0.221323 0.347529 -4.081885 7.347002 -25.770599 22.182121 -20.375896 49.933319 -16.701813 -16.74353 28.47653 -3e-06 -12.690603 -1e-06 15.865499 -17.774649 2.959348 -0.105918 -1.513856 -4.275881 -5.039042 -5.612871 -2.953556 4e-06 -11.020525 -1e-06 -6.1113 -15.895334 -3.84047 -0.0 0.0 -1e-06 -10.283371 -5.680287 -4.341838 11.028296 -11.302405 -2.372632 -1.384268 -14.238579 -6.32012 -0.625437 -26.924187 -3.8276 -3.929287 -49.829861 -3.701475 -13.708527 -7.363476 -3.720939 18.141153 -14.05274 -3.242674 6e-06 -18.78727 -0.0 -0.429711 -8.456045 2.555504 -1e-06 1e-06 -1e-06 -15.923538 -20.094482 -5.473584 30.419218 -7.190829 1.735927 2e-06 -8.162925 0.0 -1.861902 -22.861469 -6.167942 -1e-06 -3e-06 -2e-06 -179.399353 1.323386 -5.893903 6.030795 -0.010774 -0.028025 -78.943863 -2.579625 -2.875724 -4.260593 1.464107 2.135303 -0.999998 0.0 -0.0 1.551241 -1.810661 -0.570868 6.236746 -0.011925 0.020287 -79.767952 -5.547695 -6.387727 -4.071542 0.59817 1.659308 -1.000003 -0.0 -0.0 
0.0 0.0 0.0 0.0 -0.0 0.0 0.507674 100.300598 0.015823 90.685059 -2.971799 89.78373 -5.208941 -0.962014 -0.070435 -12.957327 -0.808147 0.113418 16.9601 -0.665674 -1.941491 12.548295 -0.203483 2.386146 -2.551421 -0.582497 -3.972229 -33.807915 -0.809964 -7.141907 5e-06 -0.0 -1e-06 0.053432 0.074124 0.130157 0.233482 0.047325 0.134316 0.240865 0.094057 0.125567 -140.203033 -67.699821 161.846588 36.796852 -52.039528 7.840739 19.56855 -0.244445 -0.097962 4.49878 1.758567 -28.240992 17.63662 -26.322721 52.411182 -19.466654 -14.395594 29.410381 -1e-06 -8.774819 -2e-06 15.562805 -17.626875 6.175764 -0.609774 -1.795653 -3.889327 -4.807088 -11.046805 -2.93785 4e-06 -20.976009 -1e-06 -5.019968 -25.033543 -4.031879 6e-06 -1e-06 0.0 -10.63453 -5.686969 -3.565587 10.573271 -17.922945 -3.1139 3e-06 -13.821203 0.0 -0.501777 -31.181488 -4.027014 -11.442623 -59.459221 7.311738 -13.982706 -7.150196 -2.875041 13.772725 -8.40149 -3.218241 0.347732 -34.211536 0.771654 -0.963028 -17.733364 2.621018 -0.0 -0.0 0.0 -17.346411 -20.095211 -4.201781 21.757551 -1.638374 3.866426 1e-06 -6.338821 -0.0 -1.697588 -22.591732 -6.194004 0.0 -4e-06 -1e-06 21.903324 -65.91188 179.408981 22.434917 -55.02494 5.132649 26.872662 0.219149 0.323323 -4.110064 7.388749 -25.539791 22.182108 -20.375891 49.933319 -16.701807 -16.743528 28.47653 -3e-06 -12.6906 -0.0 15.8538 -17.784338 2.962915 -0.10592 -1.513856 -4.275881 -5.03904 -5.61287 -2.953556 2e-06 -11.02052 -1e-06 -6.111296 -15.89533 -3.84047 -0.0 1e-06 0.0 -10.283367 -5.680288 -4.341838 11.028292 -11.302402 -2.372633 -1.384271 -14.238578 -6.32012 -0.625439 -26.924185 -3.827602 -3.912069 -49.817871 -3.6834 -13.708522 -7.363475 -3.720938 18.141146 -14.052736 -3.242675 4e-06 -18.787262 -1e-06 -0.429711 -8.456043 2.555502 -1e-06 0.0 0.0 -15.923532 -20.094482 -5.473583 30.419205 -7.190823 1.735925 1e-06 -8.162922 -0.0 -1.861903 -22.861467 -6.167941 0.0 -3e-06 -1e-06 -179.2117 1.315938 -5.926448 6.037363 -0.011084 -0.021701 -79.039909 -2.545552 -2.823312 -4.272438 1.478548 2.139156 -0.999999 -0.0 -0.0 1.697991 -1.812158 -0.535003 6.314823 -0.015451 0.006558 -79.973991 -5.572144 -6.370824 -4.099298 0.604353 1.661062 -1.000003 0.0 -0.0 
0.0 0.0 0.0 0.0 -0.0 0.0 0.474386 100.281128 0.112844 90.703087 -2.840605 89.77459 -5.237321 -0.94613 -0.066262 -12.967201 -0.802956 0.108929 16.990059 -0.635698 -1.944749 12.91081 -0.200646 2.428786 -2.550675 -0.589487 -4.028274 -33.677452 -0.888155 -6.942449 6e-06 -0.0 -1e-06 0.055899 0.075252 0.13657 0.227761 0.045817 0.140123 0.23413 0.097993 0.133438 -139.939697 -67.671432 161.54184 36.719128 -52.103951 8.042539 19.688189 -0.24311 -0.079566 4.545193 1.708428 -28.174137 17.636627 -26.322735 52.411213 -19.466661 -14.395598 29.410395 -1e-06 -8.774821 -1e-06 15.615432 -17.660675 6.146683 -0.609776 -1.795653 -3.889329 -4.807092 -11.046813 -2.93785 2e-06 -20.976019 -1e-06 -5.019973 -25.033562 -4.031882 6e-06 -1e-06 -0.0 -10.634535 -5.686973 -3.565588 10.573271 -17.922947 -3.1139 1e-06 -13.821205 1e-06 -0.501779 -31.181507 -4.027019 -11.427093 -59.51265 7.286511 -13.982714 -7.1502 -2.875042 13.77273 -8.401491 -3.218242 0.347727 -34.211555 0.771657 -0.96303 -17.733372 2.621019 0.0 -1e-06 0.0 -17.346422 -20.095221 -4.201782 21.757561 -1.638371 3.866428 -1e-06 -6.338824 0.0 -1.697594 -22.591747 -6.194008 1e-06 -6e-06 -1e-06 22.117779 -65.8321 179.23671 22.301413 -55.016308 5.085625 27.000729 0.235563 0.299752 -4.148859 7.399443 -25.300697 22.182114 -20.375896 49.933319 -16.701809 -16.74353 28.476532 -3e-06 -12.6906 0.0 15.855623 -17.80765 2.972022 -0.105918 -1.513856 -4.275882 -5.039039 -5.612869 -2.953557 4e-06 -11.02052 -1e-06 -6.111297 -15.895329 -3.84047 -0.0 0.0 -1e-06 -10.283369 -5.680287 -4.341839 11.028294 -11.302402 -2.372633 -1.384269 -14.238577 -6.32012 -0.625438 -26.924187 -3.8276 -3.917511 -49.826134 -3.658252 -13.708524 -7.363474 -3.72094 18.141148 -14.052738 -3.242674 5e-06 -18.787266 0.0 -0.429711 -8.456041 2.555504 -0.0 1e-06 0.0 -15.923532 -20.094479 -5.473586 30.41921 -7.190823 1.735925 2e-06 -8.162924 0.0 -1.861903 -22.861469 -6.167942 1e-06 -3e-06 -1e-06 -178.998489 1.311607 -5.966274 6.022951 -0.010878 -0.018521 -79.101395 -2.47405 -2.772197 -4.261209 1.48783 2.141963 -1.0 0.0 0.0 1.8838 -1.820882 -0.557423 6.358122 -0.018175 -0.003816 -80.075256 -5.564162 -6.343801 -4.110559 0.606339 1.659273 -1.000003 0.0 -0.0 
0.0 0.0 0.0 0.0 -0.0 0.0 0.439656 100.269989 0.197335 90.713608 -2.717973 89.79686 -5.253361 -0.93423 -0.065375 -12.975065 -0.792851 0.095749 17.00967 -0.59823 -1.942366 13.235347 -0.202211 2.456071 -2.547627 -0.598959 -4.067792 -33.611317 -0.964481 -6.756901 6e-06 -0.0 -0.0 0.05645 0.07903 0.148815 0.229431 0.048005 0.152628 0.233836 0.103681 0.146148 -139.659622 -67.659157 161.231842 36.697269 -52.181721 8.06255 19.763983 -0.277334 -0.063204 4.611861 1.657385 -28.077778 17.636623 -26.322727 52.411182 -19.466656 -14.395596 29.410385 -1e-06 -8.77482 -1e-06 15.633166 -17.674215 6.135449 -0.609777 -1.795654 -3.889327 -4.807088 -11.046808 -2.93785 4e-06 -20.976015 -1e-06 -5.01997 -25.033552 -4.031879 6e-06 -2e-06 0.0 -10.634531 -5.68697 -3.565586 10.573271 -17.922945 -3.1139 2e-06 -13.821205 1e-06 -0.501778 -31.181498 -4.027017 -11.411777 -59.544544 7.26332 -13.98271 -7.150197 -2.875041 13.772725 -8.401489 -3.218241 0.34773 -34.211536 0.771655 -0.963029 -17.733366 2.621019 -0.0 -1e-06 1e-06 -17.346413 -20.095213 -4.20178 21.757551 -1.638375 3.866426 0.0 -6.338822 0.0 -1.697589 -22.591738 -6.194003 -1e-06 -3e-06 -2e-06 22.326015 -65.792908 179.044571 22.160099 -55.028675 5.10886 27.060558 0.264976 0.297125 -4.209926 7.419511 -25.1089 22.182117 -20.375895 49.933323 -16.701817 -16.74353 28.476534 -3e-06 -12.690601 -1e-06 15.856081 -17.825533 2.980331 -0.105919 -1.513856 -4.275882 -5.039041 -5.612872 -2.953557 3e-06 -11.020523 -2e-06 -6.111297 -15.895334 -3.840471 -0.0 -1e-06 -1e-06 -10.283369 -5.680288 -4.341839 11.028294 -11.302404 -2.372633 -1.38427 -14.238583 -6.320122 -0.625438 -26.924194 -3.827603 -3.938302 -49.85125 -3.637317 -13.708526 -7.363476 -3.72094 18.14115 -14.052739 -3.242675 5e-06 -18.787268 -1e-06 -0.429711 -8.456043 2.555503 -2e-06 3e-06 -0.0 -15.923534 -20.094484 -5.473586 30.41921 -7.190825 1.735926 2e-06 -8.162925 -0.0 -1.861901 -22.861471 -6.167943 -1e-06 -2e-06 -1e-06 -178.780792 1.303253 -5.982235 5.96367 -0.009725 -0.020813 -79.115105 -2.380514 -2.736854 -4.267335 1.487958 2.142295 -0.999998 -0.0 -0.0 2.102055 -1.82276 -0.597437 6.295618 -0.016471 -0.003977 -80.1017 -5.547296 -6.316905 -4.113172 0.607119 1.656179 -1.000003 -0.0 -0.0 
0.0 0.0 0.0 0.0 -0.0 0.0 0.407056 100.266907 0.2855 90.713707 -2.632027 89.832497 -5.269693 -0.920981 -0.071367 -12.983277 -0.773298 0.089155 17.017225 -0.562632 -1.950125 13.511731 -0.21286 2.475627 -2.540227 -0.615099 -4.072352 -33.602226 -1.049269 -6.63436 7e-06 -1e-06 -1e-06 0.055877 0.083022 0.159787 0.231973 0.049728 0.163088 0.234533 0.110205 0.157878 -139.416656 -67.657913 160.993774 36.729061 -52.235558 7.982516 19.795464 -0.316078 -0.058282 4.665012 1.620163 -27.98164 17.636627 -26.322739 52.411201 -19.466665 -14.395598 29.410395 -1e-06 -8.774822 -2e-06 15.628521 -17.664688 6.134835 -0.609777 -1.795654 -3.889328 -4.80709 -11.046813 -2.93785 5e-06 -20.976023 -1e-06 -5.01997 -25.033564 -4.031881 6e-06 1e-06 -0.0 -10.634535 -5.686972 -3.565588 10.573275 -17.922955 -3.113901 3e-06 -13.821213 0.0 -0.501777 -31.181511 -4.027017 -11.382622 -59.546261 7.245893 -13.982714 -7.150199 -2.875043 13.77273 -8.401495 -3.218242 0.347735 -34.211559 0.771654 -0.963028 -17.733372 2.62102 0.0 -0.0 -0.0 -17.346418 -20.095221 -4.201782 21.757559 -1.638375 3.866427 0.0 -6.338826 0.0 -1.697588 -22.591749 -6.194008 -0.0 -3e-06 -2e-06 22.465605 -65.754448 178.878326 21.976082 -55.006695 5.198264 27.060568 0.268237 0.303617 -4.261872 7.448444 -24.886412 22.182112 -20.375898 49.933327 -16.701815 -16.743525 28.476534 -3e-06 -12.690599 0.0 15.86731 -17.84053 2.972764 -0.105919 -1.513857 -4.275882 -5.03904 -5.612873 -2.953558 3e-06 -11.020525 -1e-06 -6.111296 -15.895338 -3.840472 -1e-06 1e-06 0.0 -10.283368 -5.680289 -4.341839 11.028292 -11.302407 -2.372633 -1.38427 -14.238585 -6.320122 -0.625437 -26.924196 -3.827604 -3.978239 -49.888542 -3.614665 -13.708524 -7.363478 -3.72094 18.141148 -14.052741 -3.242676 5e-06 -18.787271 -2e-06 -0.429713 -8.456046 2.555504 -1e-06 1e-06 -0.0 -15.923532 -20.09449 -5.473587 30.419205 -7.190825 1.735924 3e-06 -8.162927 -0.0 -1.861901 -22.861473 -6.167943 1e-06 -3e-06 -2e-06 -178.590973 1.28581 -5.985375 5.862036 -0.008437 -0.026722 -79.089043 -2.263418 -2.709074 -4.28114 1.482601 2.139819 -0.999998 0.0 -0.0 2.319113 -1.808476 -0.636171 6.124014 -0.013519 -0.000861 -80.05452 -5.529558 -6.286203 -4.116092 0.609378 1.652629 -1.0 -0.0 -0.0 
0.0 0.0 0.0 0.0 -0.0 0.0 0.386927 100.265488 0.373723 90.70723 -2.589298 89.862129 -5.280464 -0.900283 -0.087648 -12.992127 -0.750773 0.094247 17.008341 -0.530003 -1.964558 13.734498 -0.210833 2.483858 -2.533134 -0.629959 -4.052637 -33.603088 -1.146544 -6.548355 7e-06 -1e-06 -1e-06 0.053786 0.084957 0.164923 0.227931 0.050283 0.167315 0.228594 0.113687 0.163325 -139.241608 -67.665695 160.832779 36.80167 -52.255653 7.92557 19.793259 -0.343911 -0.06715 4.686716 1.610997 -27.821966 17.636631 -26.322729 52.411179 -19.466665 -14.395596 29.410381 -2e-06 -8.774822 -1e-06 15.63242 -17.63471 6.128405 -0.609777 -1.795654 -3.889327 -4.807087 -11.046811 -2.93785 4e-06 -20.976021 -0.0 -5.01997 -25.03356 -4.031879 6e-06 0.0 -0.0 -10.634533 -5.68697 -3.565587 10.573274 -17.922951 -3.1139 3e-06 -13.82121 1e-06 -0.501776 -31.181511 -4.027016 -11.357371 -59.550827 7.238474 -13.982713 -7.150198 -2.875041 13.772731 -8.401493 -3.218241 0.347734 -34.211555 0.771654 -0.963027 -17.733372 2.621021 -0.0 -1e-06 -0.0 -17.346416 -20.095215 -4.201779 21.757557 -1.638376 3.866427 2e-06 -6.338824 0.0 -1.697588 -22.591745 -6.194005 -1e-06 -3e-06 -2e-06 22.535946 -65.721176 178.74942 21.800608 -54.9254 5.330008 27.012383 0.248917 0.306011 -4.273353 7.462987 -24.564516 22.182116 -20.375895 49.933315 -16.701811 -16.743528 28.476528 -2e-06 -12.6906 -1e-06 15.88978 -17.860588 2.958726 -0.105919 -1.513855 -4.275881 -5.039041 -5.612872 -2.953556 2e-06 -11.020525 -1e-06 -6.111297 -15.895334 -3.84047 -0.0 -1e-06 -1e-06 -10.283368 -5.680288 -4.341838 11.028291 -11.302405 -2.372631 -1.38427 -14.238581 -6.32012 -0.625438 -26.924189 -3.827601 -4.019257 -49.907654 -3.601425 -13.708523 -7.363476 -3.720938 18.141146 -14.052739 -3.242673 6e-06 -18.78727 -2e-06 -0.429712 -8.456046 2.555502 -1e-06 1e-06 -1e-06 -15.923536 -20.094482 -5.473583 30.41921 -7.190825 1.735927 2e-06 -8.162925 -0.0 -1.861903 -22.861471 -6.167944 1e-06 -3e-06 -1e-06 -178.475189 1.258322 -5.971038 5.786251 -0.006749 -0.030246 -79.073746 -2.168053 -2.690912 -4.274792 1.473533 2.135702 -0.999999 -0.0 -0.0 2.473935 -1.787636 -0.685238 5.957474 -0.007792 0.003258 -80.001602 -5.502924 -6.270353 -4.114003 0.610688 1.648498 -1.000003 -0.0 0.0 
0.0 0.0 0.0 0.0 -0.0 0.0 0.380596 100.261772 0.443809 90.707191 -2.578268 89.888245 -5.280703 -0.879374 -0.110686 -12.992852 -0.735974 0.098152 16.987185 -0.507364 -1.974129 13.881191 -0.190191 2.475716 -2.541585 -0.641271 -4.030275 -33.572235 -1.226535 -6.49071 7e-06 -0.0 -1e-06 0.049745 0.083032 0.160183 0.212154 0.047272 0.160372 0.211961 0.112976 0.159704 -139.126968 -67.692001 160.736816 36.905235 -52.254642 7.96495 19.768332 -0.334072 -0.080333 4.682561 1.612941 -27.620207 17.636635 -26.322727 52.41119 -19.466656 -14.395597 29.410381 -0.0 -8.774822 -2e-06 15.657064 -17.608164 6.127552 -0.609777 -1.795653 -3.889327 -4.80709 -11.046808 -2.93785 3e-06 -20.976015 -0.0 -5.019972 -25.033554 -4.031882 6e-06 1e-06 -0.0 -10.634536 -5.68697 -3.565587 10.573275 -17.922947 -3.1139 3e-06 -13.821206 1e-06 -0.50178 -31.181498 -4.027014 -11.369366 -59.600872 7.259066 -13.982716 -7.150198 -2.875041 13.772729 -8.40149 -3.218241 0.347732 -34.211536 0.771656 -0.963029 -17.733366 2.621021 0.0 -2e-06 0.0 -17.34642 -20.095217 -4.201781 21.757557 -1.638373 3.866429 0.0 -6.338823 1e-06 -1.69759 -22.59174 -6.194006 0.0 -6e-06 -2e-06 22.529846 -65.702805 178.692459 21.680513 -54.812355 5.47195 26.919998 0.233159 0.299029 -4.26605 7.436341 -24.279009 22.182119 -20.375895 49.933319 -16.701818 -16.74353 28.476532 -3e-06 -12.690605 -1e-06 15.909334 -17.867031 2.941479 -0.10592 -1.513856 -4.275882 -5.039043 -5.612873 -2.953557 4e-06 -11.020525 -2e-06 -6.1113 -15.895334 -3.840472 0.0 1e-06 -1e-06 -10.283373 -5.680288 -4.341838 11.028297 -11.302406 -2.372633 -1.384269 -14.238583 -6.320122 -0.625437 -26.924192 -3.827602 -4.038438 -49.889172 -3.607181 -13.708527 -7.363476 -3.720939 18.141153 -14.05274 -3.242675 6e-06 -18.78727 -2e-06 -0.429712 -8.456044 2.555504 -1e-06 0.0 -0.0 -15.923539 -20.094486 -5.473584 30.419222 -7.190827 1.735926 2e-06 -8.162925 -0.0 -1.861903 -22.861469 -6.167943 0.0 -4e-06 -1e-06 -178.430573 1.234187 -5.957682 5.756598 -0.00552 -0.025938 -79.08062 -2.09621 -2.706319 -4.263505 1.458156 2.131304 -0.999999 -0.0 -0.0 2.53596 -1.774087 -0.747605 5.885596 -0.001273 0.00731 -79.998703 -5.471546 -6.2742 -4.116026 0.609734 1.64562 -1.000001 0.0 0.0 
0.0 0.0 0.0 0.0 -0.0 0.0 0.379553 100.261665 0.476774 90.710327 -2.587759 89.912346 -5.268403 -0.855994 -0.124505 -12.983681 -0.73009 0.095717 16.961435 -0.488266 -1.97942 13.955503 -0.15969 2.45634 -2.555602 -0.643522 -4.01383 -33.524376 -1.285467 -6.441747 5e-06 -0.0 -1e-06 0.045228 0.079559 0.151637 0.193299 0.043308 0.149336 0.192669 0.110027 0.15259 -139.097427 -67.71286 160.701553 36.989559 -52.233505 8.11419 19.755367 -0.299988 -0.087126 4.63996 1.613293 -27.382393 17.636629 -26.322729 52.41119 -19.46666 -14.395597 29.410389 -0.0 -8.774821 -2e-06 15.682787 -17.583647 6.129082 -0.609776 -1.795654 -3.889327 -4.80709 -11.046809 -2.93785 3e-06 -20.976019 -0.0 -5.019972 -25.033562 -4.031881 6e-06 -0.0 -1e-06 -10.634533 -5.68697 -3.565586 10.573272 -17.922949 -3.113899 2e-06 -13.821211 1e-06 -0.50178 -31.181505 -4.027015 -11.406351 -59.656601 7.298492 -13.982713 -7.150198 -2.875041 13.772729 -8.401491 -3.218241 0.347731 -34.211544 0.771656 -0.963028 -17.73337 2.62102 -0.0 1e-06 -1e-06 -17.346418 -20.095217 -4.201779 21.757555 -1.638373 3.866428 -0.0 -6.338823 0.0 -1.69759 -22.591742 -6.194005 0.0 -2e-06 -2e-06 22.47546 -65.708298 178.702667 21.649117 -54.672089 5.604979 26.802521 0.228517 0.289269 -4.273136 7.368241 -24.09565 22.18211 -20.375889 49.933308 -16.701809 -16.743528 28.476521 -3e-06 -12.6906 -1e-06 15.92177 -17.860424 2.928419 -0.105919 -1.513854 -4.27588 -5.039039 -5.612869 -2.953556 3e-06 -11.020519 -1e-06 -6.111295 -15.89533 -3.84047 0.0 0.0 -0.0 -10.283368 -5.680286 -4.341838 11.028292 -11.302402 -2.372632 -1.384268 -14.238577 -6.32012 -0.625438 -26.924181 -3.827599 -4.029861 -49.85466 -3.633253 -13.708523 -7.363473 -3.720938 18.141146 -14.052735 -3.242673 6e-06 -18.787264 -1e-06 -0.429711 -8.45604 2.555503 -2e-06 -0.0 -0.0 -15.923532 -20.094477 -5.473583 30.419205 -7.190824 1.735925 3e-06 -8.162924 0.0 -1.861902 -22.861467 -6.16794 0.0 -2e-06 -1e-06 -178.429962 1.211242 -5.976385 5.738396 -0.005127 -0.018555 -79.072906 -2.02091 -2.732174 -4.258479 1.43873 2.126824 -1.0 0.0 -0.0 2.54376 -1.764634 -0.826942 5.850245 0.003271 0.011895 -79.996452 -5.429996 -6.303686 -4.131228 0.60605 1.644907 -1.000001 -0.0 -0.0 
0.0 0.0 0.0 0.0 -0.0 0.0 0.364751 100.263344 0.462554 90.719269 -2.612143 89.94249 -5.246901 -0.831004 -0.128702 -12.972075 -0.731878 0.091435 16.949112 -0.474035 -1.986866 13.981483 -0.117244 2.442778 -2.56123 -0.638528 -4.005828 -33.527885 -1.343278 -6.406403 8e-06 -0.0 -0.0 0.044886 0.075842 0.143091 0.184271 0.04076 0.139103 0.182717 0.10512 0.144984 -139.124863 -67.719536 160.713226 37.065376 -52.176319 8.295381 19.780142 -0.26585 -0.089187 4.583109 1.612036 -27.108007 17.636625 -26.322737 52.411201 -19.466665 -14.395598 29.410395 0.0 -8.774822 -2e-06 15.690475 -17.565155 6.138025 -0.609776 -1.795654 -3.889329 -4.80709 -11.046811 -2.937851 3e-06 -20.976019 -1e-06 -5.019972 -25.03356 -4.031882 6e-06 1e-06 0.0 -10.634535 -5.686971 -3.565588 10.573274 -17.922951 -3.113901 2e-06 -13.821208 1e-06 -0.501779 -31.181505 -4.027018 -11.460651 -59.697453 7.341868 -13.982715 -7.150198 -2.875042 13.772731 -8.401493 -3.218243 0.347731 -34.211555 0.771655 -0.963029 -17.733372 2.621019 -0.0 -1e-06 -0.0 -17.34642 -20.095221 -4.201782 21.757561 -1.638372 3.866428 -1e-06 -6.338824 -1e-06 -1.69759 -22.591743 -6.194007 0.0 -5e-06 -2e-06 22.368303 -65.737335 178.783569 21.703804 -54.51442 5.681135 26.671864 0.239244 0.284425 -4.288956 7.302506 -24.063005 22.182121 -20.375898 49.933319 -16.701813 -16.74353 28.47653 -2e-06 -12.690601 -2e-06 15.922431 -17.841702 2.921705 -0.10592 -1.513856 -4.275882 -5.039042 -5.612873 -2.953557 3e-06 -11.020523 -1e-06 -6.111298 -15.895334 -3.84047 0.0 1e-06 -1e-06 -10.283373 -5.680289 -4.341838 11.028295 -11.302406 -2.372632 -1.38427 -14.238583 -6.320121 -0.625439 -26.924191 -3.827602 -4.001611 -49.820717 -3.680983 -13.708527 -7.363478 -3.720938 18.141151 -14.052739 -3.242674 4e-06 -18.78727 -2e-06 -0.429711 -8.456045 2.555503 -2e-06 2e-06 -0.0 -15.923539 -20.094486 -5.473584 30.419222 -7.190827 1.735927 3e-06 -8.162926 -0.0 -1.861903 -22.861473 -6.167943 0.0 -1e-06 -1e-06 -178.480225 1.188125 -5.992698 5.752898 -0.004357 -0.013913 -79.062195 -1.932056 -2.757934 -4.253469 1.421343 2.125617 -1.0 -0.0 0.0 2.492803 -1.762573 -0.936465 5.88146 0.003863 0.018173 -80.014168 -5.379468 -6.329257 -4.137693 0.596453 1.645278 -1.000003 0.0 -0.0 
0.0 0.0 0.0 0.0 -0.0 0.0 0.327899 100.270317 0.420912 90.729141 -2.647586 89.982445 -5.223552 -0.80725 -0.118003 -12.964303 -0.733096 0.096182 16.954659 -0.462519 -2.003432 13.994461 -0.083615 2.44192 -2.554046 -0.630439 -4.01327 -33.620014 -1.394863 -6.383375 7e-06 -0.0 -0.0 0.049013 0.072144 0.132922 0.186045 0.041911 0.129444 0.182631 0.096573 0.13392 -139.217773 -67.714699 160.778641 37.108505 -52.092476 8.427043 19.849865 -0.252622 -0.090715 4.523609 1.614314 -26.771811 17.636629 -26.322731 52.41119 -19.466661 -14.395602 29.410389 -1e-06 -8.774823 -1e-06 15.673302 -17.543812 6.146231 -0.609778 -1.795653 -3.889327 -4.80709 -11.046809 -2.93785 3e-06 -20.976015 1e-06 -5.019972 -25.033556 -4.03188 6e-06 1e-06 0.0 -10.634536 -5.686969 -3.565587 10.573275 -17.922947 -3.113899 2e-06 -13.821203 2e-06 -0.501781 -31.181494 -4.027014 -11.500283 -59.694057 7.368842 -13.982716 -7.150197 -2.875041 13.772729 -8.401488 -3.218241 0.347729 -34.211536 0.771659 -0.96303 -17.733362 2.62102 -0.0 -0.0 -0.0 -17.346422 -20.095217 -4.201779 21.757563 -1.638373 3.866428 0.0 -6.338824 1e-06 -1.697591 -22.59174 -6.194003 0.0 -3e-06 -2e-06 22.247972 -65.756157 178.891693 21.789564 -54.333988 5.771651 26.554554 0.272027 0.289608 -4.330698 7.274328 -24.154274 22.182117 -20.375898 49.933323 -16.701813 -16.74353 28.476532 -3e-06 -12.690601 -1e-06 15.921763 -17.827808 2.920222 -0.10592 -1.513856 -4.275881 -5.039042 -5.612872 -2.953556 4e-06 -11.020524 -1e-06 -6.111298 -15.895334 -3.84047 -0.0 0.0 0.0 -10.283371 -5.680288 -4.341838 11.028294 -11.302405 -2.372632 -1.384269 -14.238581 -6.320121 -0.625439 -26.924194 -3.827601 -3.974905 -49.803101 -3.722886 -13.708525 -7.363475 -3.720939 18.141148 -14.052739 -3.242674 7e-06 -18.78727 -1e-06 -0.429712 -8.456047 2.555504 -1e-06 -0.0 -0.0 -15.923536 -20.094482 -5.473585 30.41921 -7.190825 1.735927 3e-06 -8.162926 -0.0 -1.861902 -22.861469 -6.167943 -1e-06 -2e-06 -0.0 -178.550095 1.165653 -5.97533 5.755161 -0.005097 -0.007833 -79.021423 -1.858334 -2.778758 -4.268309 1.417679 2.12815 -1.0 0.0 -0.0 2.429212 -1.760909 -1.054351 5.902201 0.00264 0.0236 -80.007126 -5.329789 -6.325937 -4.155699 0.581701 1.644762 -1.000001 -0.0 0.0 
0.0 0.0 0.0 0.0 -0.0 0.0 0.270739 100.283661 0.376932 90.731056 -2.686006 90.02652 -5.20745 -0.787906 -0.09789 -12.968829 -0.732264 0.111454 16.994164 -0.446269 -2.025836 14.011138 -0.073827 2.459 -2.538896 -0.635423 -4.047573 -33.777714 -1.431179 -6.40738 6e-06 -1e-06 -1e-06 0.053217 0.067768 0.121847 0.189106 0.042462 0.119589 0.184351 0.087294 0.121372 -139.339127 -67.698959 160.884018 37.170776 -51.976795 8.521338 19.94384 -0.254738 -0.094772 4.437425 1.635114 -26.44219 17.636621 -26.322721 52.411182 -19.46665 -14.395594 29.410378 0.0 -8.774818 -2e-06 15.653532 -17.53278 6.145922 -0.609776 -1.795653 -3.889327 -4.807088 -11.046807 -2.93785 3e-06 -20.976006 0.0 -5.01997 -25.033543 -4.031879 6e-06 -2e-06 -0.0 -10.634532 -5.686968 -3.565587 10.57327 -17.922945 -3.1139 2e-06 -13.821205 2e-06 -0.501778 -31.181494 -4.027015 -11.531623 -59.677746 7.382308 -13.982712 -7.150196 -2.875041 13.772727 -8.401489 -3.218241 0.347733 -34.211544 0.771654 -0.963028 -17.73337 2.62102 -0.0 -0.0 1e-06 -17.346413 -20.095211 -4.201781 21.757555 -1.638374 3.866427 1e-06 -6.338824 1e-06 -1.69759 -22.591734 -6.194004 1e-06 -6e-06 -1e-06 22.12199 -65.747589 178.989227 21.835342 -54.153233 5.944867 26.451958 0.309912 0.305941 -4.381915 7.267281 -24.369471 22.18211 -20.375883 49.933296 -16.701805 -16.743528 28.476515 -3e-06 -12.690597 -1e-06 15.913888 -17.820473 2.916067 -0.10592 -1.513856 -4.27588 -5.039039 -5.612868 -2.953555 4e-06 -11.020517 -2e-06 -6.111297 -15.895326 -3.84047 0.0 0.0 -1e-06 -10.283369 -5.680284 -4.341837 11.028291 -11.302399 -2.372632 -1.384269 -14.238572 -6.320118 -0.625439 -26.924171 -3.827598 -3.94982 -49.781178 -3.768197 -13.708519 -7.363471 -3.720938 18.141146 -14.052732 -3.242673 6e-06 -18.787254 -0.0 -0.429711 -8.456039 2.555502 -1e-06 1e-06 -0.0 -15.923532 -20.094473 -5.473582 30.419207 -7.190824 1.735926 3e-06 -8.162921 1e-06 -1.8619 -22.861462 -6.167938 -1e-06 -3e-06 -1e-06 -178.610703 1.134281 -5.930939 5.735099 -0.010161 0.001594 -78.951492 -1.806403 -2.780354 -4.311136 1.424769 2.131576 -0.999999 -0.0 0.0 2.400851 -1.743054 -1.136216 5.845098 -0.001602 0.027908 -79.940704 -5.313619 -6.29556 -4.190266 0.565379 1.642916 -1.000001 0.0 0.0 
0.0 0.0 0.0 0.0 -0.0 0.0 0.214248 100.291077 0.349524 90.727051 -2.722059 90.074104 -5.205422 -0.772562 -0.084096 -12.978968 -0.731249 0.123101 17.065351 -0.437887 -2.033917 14.024515 -0.066513 2.496829 -2.527981 -0.663291 -4.094562 -33.937904 -1.477974 -6.468093 6e-06 -0.0 -1e-06 0.053503 0.066767 0.120281 0.190005 0.044118 0.119671 0.183628 0.083705 0.11803 -139.461639 -67.664024 161.02858 37.287376 -51.82766 8.542376 20.019341 -0.26611 -0.103057 4.351362 1.652035 -26.197176 17.636637 -26.322725 52.411182 -19.466663 -14.395596 29.410389 -1e-06 -8.774821 -3e-06 15.643758 -17.548283 6.137811 -0.609776 -1.795654 -3.889328 -4.807088 -11.046811 -2.937851 6e-06 -20.976019 -1e-06 -5.019967 -25.033562 -4.031881 6e-06 1e-06 0.0 -10.634535 -5.686971 -3.565588 10.573275 -17.922951 -3.113901 3e-06 -13.821208 0.0 -0.501774 -31.181507 -4.027017 -11.55752 -59.647976 7.382681 -13.982715 -7.150198 -2.875043 13.772731 -8.401495 -3.21824 0.347737 -34.211555 0.771652 -0.963026 -17.733372 2.621019 0.0 -2e-06 0.0 -17.346418 -20.095221 -4.201783 21.757559 -1.638376 3.866428 2e-06 -6.338825 1e-06 -1.697587 -22.591745 -6.194007 1e-06 -5e-06 -2e-06 22.024693 -65.706123 179.078293 21.888531 -53.980072 6.011657 26.381123 0.300434 0.313822 -4.417461 7.295027 -24.537117 22.182117 -20.3759 49.933327 -16.701817 -16.74353 28.47654 -3e-06 -12.690601 -1e-06 15.89617 -17.817995 2.912348 -0.105919 -1.513856 -4.275883 -5.039042 -5.612873 -2.953558 3e-06 -11.020527 -2e-06 -6.111297 -15.895338 -3.84047 0.0 1e-06 -1e-06 -10.283369 -5.680288 -4.34184 11.028294 -11.302406 -2.372633 -1.384268 -14.238585 -6.320122 -0.625438 -26.924196 -3.827604 -3.944323 -49.743778 -3.795112 -13.708526 -7.363479 -3.72094 18.14115 -14.052742 -3.242675 5e-06 -18.787271 -1e-06 -0.429711 -8.456046 2.555504 -0.0 0.0 -0.0 -15.923536 -20.094486 -5.473587 30.419214 -7.190827 1.735925 1e-06 -8.162927 -1e-06 -1.861902 -22.861473 -6.167943 0.0 -5e-06 -2e-06 -178.67424 1.093121 -5.882724 5.750178 -0.013406 0.016267 -78.925377 -1.778786 -2.760271 -4.358878 1.431131 2.132308 -0.999999 0.0 0.0 2.370927 -1.715673 -1.18061 5.815658 -0.003877 0.0328 -79.905548 -5.337099 -6.265069 -4.202863 0.557442 1.643618 -1.000002 0.0 0.0 
0.0 0.0 0.0 0.0 -0.0 0.0 0.165625 100.286102 0.342205 90.732552 -2.744696 90.098068 -5.218557 -0.768889 -0.073344 -12.981185 -0.730869 0.12231 17.153934 -0.441107 -2.025705 14.018981 -0.070175 2.525423 -2.524328 -0.691712 -4.136523 -34.034313 -1.533259 -6.515367 7e-06 -0.0 -0.0 0.054148 0.066896 0.122931 0.195626 0.045533 0.125015 0.187384 0.082632 0.118152 -139.612244 -67.620071 161.21077 37.401115 -51.697136 8.601833 20.050976 -0.253637 -0.106086 4.300511 1.630771 -26.115118 17.636633 -26.322741 52.411201 -19.466665 -14.3956 29.410395 -0.0 -8.774822 -1e-06 15.670519 -17.57583 6.132926 -0.609777 -1.795654 -3.889328 -4.807089 -11.046811 -2.937851 4e-06 -20.976021 -0.0 -5.019971 -25.03356 -4.031881 6e-06 -1e-06 0.0 -10.634537 -5.686971 -3.565588 10.573275 -17.922951 -3.113901 2e-06 -13.821206 1e-06 -0.501778 -31.181505 -4.027016 -11.573971 -59.652283 7.391301 -13.982716 -7.150198 -2.875042 13.772732 -8.401493 -3.218243 0.347734 -34.211555 0.771656 -0.963029 -17.73337 2.621021 -0.0 -2e-06 -0.0 -17.346422 -20.095219 -4.201781 21.757559 -1.638375 3.866426 0.0 -6.338826 0.0 -1.69759 -22.591742 -6.194005 0.0 -4e-06 -3e-06 21.989147 -65.637589 179.107895 21.931721 -53.857796 6.00156 26.346699 0.272454 0.307882 -4.463141 7.354183 -24.636198 22.182114 -20.375896 49.933327 -16.701813 -16.743528 28.476536 -3e-06 -12.6906 -1e-06 15.870003 -17.816324 2.914087 -0.105919 -1.513856 -4.275882 -5.039042 -5.612871 -2.953557 3e-06 -11.020523 -2e-06 -6.111297 -15.895334 -3.840471 -0.0 1e-06 0.0 -10.283369 -5.680287 -4.34184 11.028292 -11.302402 -2.372632 -1.384268 -14.238579 -6.320121 -0.625438 -26.924187 -3.827602 -3.943623 -49.686035 -3.796316 -13.708522 -7.363474 -3.72094 18.141146 -14.052737 -3.242674 5e-06 -18.78727 -1e-06 -0.429712 -8.456043 2.555505 -1e-06 1e-06 -1e-06 -15.923532 -20.094482 -5.473587 30.419207 -7.190826 1.735925 4e-06 -8.162922 0.0 -1.861902 -22.861464 -6.16794 -0.0 -3e-06 -1e-06 -178.709381 1.067221 -5.824422 5.762367 -0.014905 0.025051 -78.946091 -1.786488 -2.737682 -4.401642 1.43867 2.132456 -0.999999 0.0 0.0 2.302726 -1.699331 -1.211561 5.913703 -0.002862 0.039342 -79.973404 -5.362372 -6.23093 -4.201751 0.559688 1.646903 -1.000001 0.0 0.0 
0.0 0.0 0.0 0.0 -0.0 0.0 0.141869 100.27076 0.342229 90.744705 -2.75233 90.115753 -5.239579 -0.769955 -0.07499 -12.974238 -0.729304 0.118771 17.249588 -0.462936 -2.009499 13.992852 -0.088248 2.532226 -2.525743 -0.700947 -4.149814 -34.073521 -1.597016 -6.542888 5e-06 0.0 -0.0 0.055205 0.068584 0.129838 0.202996 0.045028 0.134507 0.19331 0.086594 0.12318 -139.796646 -67.566582 161.429581 37.486622 -51.578262 8.713623 20.040443 -0.224723 -0.105443 4.279947 1.558249 -26.24165 17.636627 -26.322729 52.411194 -19.46666 -14.395597 29.410385 -1e-06 -8.774821 -1e-06 15.704388 -17.609707 6.142986 -0.609776 -1.795653 -3.889328 -4.807089 -11.046809 -2.937851 4e-06 -20.976015 -0.0 -5.019969 -25.033556 -4.03188 6e-06 -2e-06 -0.0 -10.634533 -5.686969 -3.565588 10.573272 -17.922947 -3.1139 3e-06 -13.821206 1e-06 -0.501778 -31.181498 -4.027016 -11.581323 -59.667721 7.393562 -13.982712 -7.150198 -2.875042 13.772727 -8.40149 -3.218242 0.347732 -34.211552 0.771656 -0.963028 -17.73337 2.621021 -0.0 -1e-06 -1e-06 -17.346416 -20.095215 -4.201783 21.757557 -1.638376 3.866429 1e-06 -6.338822 1e-06 -1.69759 -22.591738 -6.194005 1e-06 -5e-06 -2e-06 21.983025 -65.526772 179.121063 21.952818 -53.776703 5.941191 26.339718 0.244055 0.288844 -4.533009 7.417804 -24.706852 22.182117 -20.375898 49.933319 -16.701811 -16.743528 28.476526 -3e-06 -12.690598 -1e-06 15.851717 -17.823084 2.914072 -0.10592 -1.513856 -4.27588 -5.039041 -5.612872 -2.953557 4e-06 -11.020523 -1e-06 -6.111299 -15.895332 -3.840469 0.0 1e-06 0.0 -10.283369 -5.680288 -4.341838 11.028292 -11.302404 -2.372632 -1.38427 -14.238577 -6.320118 -0.625439 -26.924191 -3.8276 -3.931118 -49.64476 -3.792962 -13.708524 -7.363475 -3.720939 18.141146 -14.052739 -3.242673 5e-06 -18.787266 0.0 -0.429711 -8.456045 2.555503 -1e-06 0.0 -1e-06 -15.923532 -20.094481 -5.473583 30.41921 -7.190825 1.735926 3e-06 -8.162924 0.0 -1.861905 -22.861469 -6.16794 0.0 -3e-06 -1e-06 -178.773697 1.076351 -5.78975 5.876493 -0.016653 0.028339 -79.042282 -1.807373 -2.676532 -4.436757 1.450077 2.133564 -0.999999 0.0 -0.0 2.192842 -1.693122 -1.240227 6.139118 -0.001762 0.045079 -80.132164 -5.369832 -6.176204 -4.202011 0.568017 1.651259 -1.000003 0.0 -0.0 
0.0 0.0 0.0 0.0 -0.0 0.0 0.139944 100.252365 0.334459 90.754822 -2.75045 90.12822 -5.254537 -0.774264 -0.085018 -12.972278 -0.725014 0.118378 17.34288 -0.484348 -2.004844 13.953797 -0.122127 2.527478 -2.527363 -0.68471 -4.164317 -34.099571 -1.654459 -6.523229 7e-06 0.0 1e-06 0.056979 0.069979 0.1357 0.212026 0.043178 0.142157 0.202261 0.091235 0.128203 -139.962128 -67.493469 161.602661 37.526005 -51.480118 8.942185 20.017509 -0.186028 -0.093714 4.255027 1.466216 -26.524778 17.636629 -26.322729 52.41119 -19.466661 -14.395597 29.410389 -0.0 -8.774821 -1e-06 15.712276 -17.635065 6.15661 -0.609778 -1.795653 -3.889327 -4.807088 -11.046811 -2.937851 4e-06 -20.976019 -1e-06 -5.019969 -25.03356 -4.031882 6e-06 -1e-06 0.0 -10.634535 -5.68697 -3.565588 10.573272 -17.922951 -3.1139 3e-06 -13.821206 0.0 -0.501777 -31.181505 -4.027017 -11.574354 -59.657551 7.379249 -13.982712 -7.150198 -2.875041 13.772729 -8.401491 -3.218242 0.347735 -34.211552 0.771653 -0.963027 -17.73337 2.62102 0.0 -2e-06 -0.0 -17.346416 -20.095217 -4.201781 21.757555 -1.638374 3.866427 1e-06 -6.338825 0.0 -1.69759 -22.591743 -6.194006 1e-06 -4e-06 -1e-06 21.982567 -65.411575 179.136429 21.942717 -53.720615 5.920021 26.371746 0.241179 0.27012 -4.624096 7.454052 -24.820564 22.182119 -20.375895 49.933319 -16.701817 -16.743532 28.476532 -3e-06 -12.690601 -1e-06 15.832804 -17.830292 2.92544 -0.105919 -1.513856 -4.275883 -5.039041 -5.61287 -2.953556 5e-06 -11.020523 -2e-06 -6.111296 -15.89533 -3.840471 0.0 -0.0 -0.0 -10.283371 -5.680288 -4.341839 11.028297 -11.302406 -2.372633 -1.384267 -14.238579 -6.32012 -0.625436 -26.924189 -3.8276 -3.912752 -49.631531 -3.776374 -13.708526 -7.363475 -3.720939 18.141153 -14.052739 -3.242675 6e-06 -18.78727 -1e-06 -0.42971 -8.456043 2.555505 -1e-06 -0.0 -0.0 -15.923536 -20.094481 -5.473585 30.419214 -7.190828 1.735925 3e-06 -8.162922 1e-06 -1.861902 -22.861467 -6.16794 0.0 -5e-06 -2e-06 -178.86171 1.054413 -5.794945 6.049277 -0.020216 0.025512 -79.168526 -1.805436 -2.616929 -4.459321 1.456981 2.132276 -0.999999 0.0 -0.0 2.061065 -1.690269 -1.260534 6.424669 -0.000232 0.047492 -80.318619 -5.36335 -6.117262 -4.205178 0.576899 1.653744 -1.000001 -0.0 -0.0 
0.0 0.0 0.0 0.0 -0.0 0.0 0.149179 100.233826 0.319466 90.761002 -2.744964 90.121925 -5.263339 -0.77996 -0.097035 -12.97689 -0.718697 0.126152 17.424002 -0.503823 -2.032332 13.909268 -0.158257 2.497209 -2.532224 -0.660874 -4.161331 -34.096996 -1.681514 -6.439683 7e-06 0.0 -0.0 0.057058 0.07031 0.137339 0.215735 0.039891 0.144405 0.207257 0.095139 0.130125 -140.032669 -67.417984 161.693176 37.57626 -51.407715 9.153304 19.984503 -0.156563 -0.078361 4.224768 1.371507 -26.747021 17.636631 -26.322725 52.411186 -19.46666 -14.395592 29.410385 -0.0 -8.774821 -1e-06 15.698112 -17.653582 6.156618 -0.609776 -1.795654 -3.889327 -4.807089 -11.046811 -2.93785 4e-06 -20.976015 -1e-06 -5.019969 -25.033556 -4.031881 6e-06 0.0 0.0 -10.634533 -5.68697 -3.565587 10.573271 -17.922949 -3.1139 2e-06 -13.821204 1e-06 -0.501777 -31.181498 -4.027017 -11.551562 -59.612267 7.348464 -13.982712 -7.150198 -2.875043 13.772726 -8.40149 -3.218241 0.347734 -34.211544 0.771654 -0.963027 -17.73337 2.62102 -0.0 -1e-06 -1e-06 -17.346418 -20.095217 -4.20178 21.757557 -1.638374 3.866428 2e-06 -6.338824 1e-06 -1.697589 -22.59174 -6.194006 0.0 -6e-06 -3e-06 21.998857 -65.317657 179.116638 21.930765 -53.70546 5.973915 26.411488 0.267959 0.265879 -4.712809 7.449355 -24.917488 22.182114 -20.375883 49.933296 -16.701811 -16.743526 28.476521 -3e-06 -12.6906 -2e-06 15.811313 -17.850578 2.95004 -0.10592 -1.513856 -4.27588 -5.039041 -5.612869 -2.953556 4e-06 -11.02052 -2e-06 -6.111296 -15.895329 -3.84047 -0.0 -1e-06 0.0 -10.283369 -5.680287 -4.341837 11.028293 -11.302402 -2.372632 -1.384269 -14.238577 -6.320119 -0.625438 -26.924183 -3.8276 -3.906289 -49.641964 -3.743633 -13.708523 -7.363473 -3.720938 18.141146 -14.052735 -3.242673 5e-06 -18.787264 -2e-06 -0.42971 -8.45604 2.555504 -1e-06 -0.0 -1e-06 -15.923538 -20.094479 -5.473583 30.41921 -7.190826 1.735926 2e-06 -8.162921 -0.0 -1.861902 -22.861464 -6.16794 -1e-06 -3e-06 -1e-06 -178.962585 1.031494 -5.78911 6.257812 -0.023854 0.016528 -79.311165 -1.826141 -2.549087 -4.470527 1.463547 2.130466 -0.999999 0.0 0.0 1.916964 -1.689031 -1.276366 6.737385 0.001763 0.045799 -80.507797 -5.330348 -6.085323 -4.206074 0.585671 1.654553 -1.000002 0.0 0.0 
0.0 0.0 0.0 0.0 -0.0 0.0 0.149975 100.221886 0.312975 90.76725 -2.74514 90.088676 -5.268211 -0.78966 -0.097921 -12.983015 -0.709975 0.131234 17.477703 -0.524168 -2.075105 13.871048 -0.180272 2.462367 -2.537125 -0.644232 -4.143239 -34.082779 -1.682433 -6.328214 6e-06 0.0 0.0 0.055 0.072423 0.141042 0.215808 0.040704 0.147522 0.207907 0.098562 0.134958 -140.038864 -67.350433 161.760605 37.670315 -51.338821 9.306293 19.932255 -0.14142 -0.070215 4.214321 1.29237 -26.941599 17.636627 -26.322733 52.411205 -19.466658 -14.395597 29.410389 -1e-06 -8.774822 -2e-06 15.670054 -17.661854 6.156116 -0.609777 -1.795654 -3.889328 -4.80709 -11.046809 -2.93785 3e-06 -20.976015 -0.0 -5.019971 -25.033558 -4.031881 6e-06 -0.0 -0.0 -10.634533 -5.686971 -3.565588 10.573271 -17.922945 -3.113899 2e-06 -13.821203 2e-06 -0.501779 -31.181498 -4.027017 -11.537781 -59.563709 7.349733 -13.982714 -7.150198 -2.875042 13.772729 -8.401491 -3.218242 0.347731 -34.211544 0.771656 -0.96303 -17.733368 2.621021 0.0 -0.0 -1e-06 -17.34642 -20.095217 -4.201782 21.757557 -1.638374 3.866429 1e-06 -6.338823 1e-06 -1.69759 -22.59174 -6.194005 0.0 -3e-06 -2e-06 22.028912 -65.261589 179.083694 21.952496 -53.726463 6.033729 26.442856 0.310556 0.277358 -4.789493 7.448431 -25.000666 22.182119 -20.375895 49.933323 -16.701817 -16.743532 28.476532 -3e-06 -12.690603 -1e-06 15.789662 -17.873428 2.975975 -0.105919 -1.513856 -4.275882 -5.039042 -5.612871 -2.953557 4e-06 -11.02052 -2e-06 -6.111297 -15.89533 -3.840472 -0.0 -1e-06 1e-06 -10.283371 -5.680287 -4.341838 11.028296 -11.302404 -2.372633 -1.384269 -14.238579 -6.320121 -0.625437 -26.924181 -3.8276 -3.912107 -49.664917 -3.710822 -13.708527 -7.363475 -3.720939 18.141153 -14.052737 -3.242675 5e-06 -18.787264 -1e-06 -0.429711 -8.456039 2.555504 -1e-06 -0.0 -0.0 -15.923539 -20.094482 -5.473585 30.419218 -7.190827 1.735926 3e-06 -8.162922 0.0 -1.861903 -22.861467 -6.167941 1e-06 -4e-06 -1e-06 -179.026855 1.017456 -5.769519 6.389246 -0.027525 0.004196 -79.401085 -1.864137 -2.499593 -4.490333 1.464466 2.127961 -0.999998 -0.0 0.0 1.805266 -1.695598 -1.266005 6.958507 0.004211 0.039837 -80.635811 -5.280295 -6.093615 -4.20431 0.595426 1.654568 -1.000003 -0.0 -0.0 
0.0 0.0 0.0 0.0 -0.0 0.0 0.133667 100.222206 0.322788 90.773407 -2.752455 90.038773 -5.266674 -0.799758 -0.092106 -12.987354 -0.702237 0.126399 17.494522 -0.53727 -2.108434 13.842798 -0.18379 2.430068 -2.537031 -0.637295 -4.102276 -34.083366 -1.669436 -6.236139 6e-06 0.0 -0.0 0.052644 0.074195 0.143611 0.216894 0.044682 0.149751 0.207575 0.098244 0.137878 -140.041504 -67.305695 161.846054 37.790653 -51.287319 9.353076 19.85886 -0.139102 -0.071738 4.221481 1.232049 -27.049665 17.636627 -26.322729 52.41119 -19.46666 -14.395597 29.410381 0.0 -8.774821 -3e-06 15.658866 -17.659559 6.139536 -0.609777 -1.795654 -3.889327 -4.807088 -11.046809 -2.93785 4e-06 -20.976017 -1e-06 -5.019972 -25.03356 -4.031881 6e-06 1e-06 0.0 -10.634535 -5.68697 -3.565588 10.573272 -17.922949 -3.113899 3e-06 -13.821206 1e-06 -0.501779 -31.181501 -4.027013 -11.516352 -59.523926 7.353056 -13.982714 -7.150198 -2.875043 13.77273 -8.401493 -3.218242 0.347733 -34.211555 0.771656 -0.963028 -17.733368 2.621019 0.0 -1e-06 -0.0 -17.346416 -20.095217 -4.201781 21.757557 -1.638374 3.866427 2e-06 -6.338825 -0.0 -1.69759 -22.591743 -6.194005 0.0 -3e-06 -2e-06 22.063307 -65.236832 179.052872 22.010569 -53.742264 6.11062 26.415918 0.368532 0.289996 -4.809633 7.46196 -25.021612 22.182116 -20.375898 49.933327 -16.701811 -16.74353 28.476532 -2e-06 -12.690601 -1e-06 15.781494 -17.89916 2.988986 -0.10592 -1.513856 -4.275882 -5.039042 -5.612873 -2.953556 3e-06 -11.020525 -2e-06 -6.1113 -15.895334 -3.840472 0.0 -0.0 1e-06 -10.283371 -5.680288 -4.341839 11.028294 -11.302404 -2.372633 -1.38427 -14.238581 -6.320121 -0.625437 -26.924191 -3.827602 -3.926801 -49.69733 -3.70398 -13.708526 -7.363476 -3.72094 18.14115 -14.052739 -3.242674 3e-06 -18.787266 -1e-06 -0.429711 -8.456041 2.555504 -1e-06 1e-06 -1e-06 -15.923539 -20.094486 -5.473585 30.419218 -7.190825 1.735928 2e-06 -8.162924 -0.0 -1.861902 -22.861473 -6.167944 -1e-06 -3e-06 -1e-06 -179.018356 1.010883 -5.726468 6.350263 -0.027703 -0.00631 -79.38295 -1.922995 -2.490626 -4.493217 1.463835 2.125164 -0.999999 -0.0 0.0 1.784233 -1.702492 -1.233543 6.966008 0.003165 0.034533 -80.641174 -5.249345 -6.118131 -4.197659 0.598981 1.652161 -1.000001 -0.0 -0.0 
0.0 0.0 0.0 0.0 -0.0 0.0 0.120545 100.2295 0.336394 90.776344 -2.761232 89.987862 -5.253647 -0.808252 -0.09219 -12.985708 -0.699134 0.108264 17.478725 -0.540376 -2.12729 13.813944 -0.173161 2.40373 -2.534183 -0.638483 -4.030072 -34.108555 -1.669678 -6.183153 6e-06 0.0 -0.0 0.052651 0.075827 0.144989 0.21906 0.049153 0.150333 0.204861 0.097413 0.13957 -140.037628 -67.293015 161.911301 37.912647 -51.270599 9.356764 19.762358 -0.13093 -0.075767 4.252495 1.170573 -27.142925 17.636629 -26.322733 52.411209 -19.466665 -14.395597 29.410395 -1e-06 -8.774824 -2e-06 15.64665 -17.649639 6.127563 -0.609776 -1.795654 -3.889328 -4.807091 -11.046811 -2.937851 3e-06 -20.976019 -2e-06 -5.01997 -25.03356 -4.031884 6e-06 0.0 -0.0 -10.634537 -5.686972 -3.565589 10.573275 -17.922953 -3.113902 2e-06 -13.821212 -0.0 -0.501776 -31.181511 -4.02702 -11.497708 -59.509815 7.356793 -13.982716 -7.150199 -2.875042 13.772731 -8.401493 -3.218242 0.347732 -34.211555 0.771654 -0.963028 -17.73337 2.621021 0.0 -2e-06 -1e-06 -17.346422 -20.095221 -4.201783 21.757561 -1.638373 3.866429 1e-06 -6.338825 0.0 -1.69759 -22.591751 -6.194009 0.0 -3e-06 -1e-06 22.083767 -65.236389 179.050369 22.145861 -53.741573 6.044063 26.314926 0.37242 0.290633 -4.749103 7.488798 -24.983011 22.182123 -20.375895 49.933323 -16.701817 -16.743532 28.476534 -2e-06 -12.690603 -2e-06 15.782923 -17.915047 2.984165 -0.10592 -1.513856 -4.275881 -5.039042 -5.612873 -2.953557 4e-06 -11.020527 -2e-06 -6.111299 -15.895338 -3.840473 0.0 1e-06 -0.0 -10.283373 -5.68029 -4.34184 11.028296 -11.302406 -2.372633 -1.38427 -14.238583 -6.320123 -0.625438 -26.924187 -3.827603 -3.946226 -49.713745 -3.71522 -13.708527 -7.363477 -3.72094 18.141151 -14.052741 -3.242675 6e-06 -18.78727 -3e-06 -0.42971 -8.456041 2.555504 -1e-06 2e-06 0.0 -15.923539 -20.094486 -5.473587 30.419218 -7.190827 1.735928 2e-06 -8.162925 -1e-06 -1.861903 -22.861473 -6.167944 0.0 -2e-06 -0.0 -178.974869 1.003271 -5.707071 6.230083 -0.026373 -0.004064 -79.309998 -1.963842 -2.495582 -4.477911 1.460369 2.123273 -0.999999 0.0 0.0 1.819494 -1.704513 -1.190736 6.84715 0.001954 0.029634 -80.573059 -5.24206 -6.156067 -4.17704 0.604965 1.650861 -1.000002 -0.0 -0.0 
0.0 0.0 0.0 0.0 -0.0 0.0 0.123813 100.237907 0.339459 90.77639 -2.764943 89.935532 -5.226356 -0.817616 -0.097776 -12.97248 -0.70194 0.079343 17.433849 -0.52652 -2.128717 13.795963 -0.165827 2.402413 -2.536116 -0.637553 -3.984259 -34.133781 -1.659202 -6.142845 7e-06 0.0 -0.0 0.053067 0.074409 0.139298 0.221901 0.050279 0.14253 0.201167 0.094043 0.1353 -140.078293 -67.306061 161.951309 37.957355 -51.281082 9.405542 19.670996 -0.125027 -0.08219 4.277998 1.147896 -27.302216 17.636627 -26.322725 52.411182 -19.466663 -14.395596 29.410389 -2e-06 -8.774822 -1e-06 15.619116 -17.627634 6.127214 -0.609777 -1.795654 -3.889327 -4.807088 -11.046811 -2.93785 4e-06 -20.976019 -0.0 -5.01997 -25.033556 -4.031881 6e-06 1e-06 -0.0 -10.634533 -5.686972 -3.565588 10.573272 -17.922951 -3.113901 2e-06 -13.821206 0.0 -0.501777 -31.181505 -4.027017 -11.457128 -59.503105 7.334379 -13.982712 -7.150198 -2.875042 13.772727 -8.401491 -3.218242 0.347733 -34.211555 0.771653 -0.963027 -17.73337 2.621019 0.0 -0.0 -0.0 -17.346416 -20.095221 -4.20178 21.757555 -1.638373 3.866427 1e-06 -6.338826 -0.0 -1.697588 -22.591745 -6.194006 1e-06 -5e-06 -3e-06 22.091532 -65.254692 179.047256 22.295425 -53.723034 5.881034 26.183275 0.321492 0.288193 -4.663129 7.497241 -24.957705 22.182112 -20.375887 49.933308 -16.701811 -16.743526 28.476524 -3e-06 -12.690598 -1e-06 15.7998 -17.925335 2.955709 -0.105919 -1.513856 -4.27588 -5.039039 -5.61287 -2.953556 4e-06 -11.020523 -2e-06 -6.111296 -15.89533 -3.840471 0.0 -1e-06 0.0 -10.283367 -5.680287 -4.341838 11.028292 -11.302402 -2.372632 -1.384268 -14.238577 -6.320121 -0.625439 -26.924185 -3.827601 -3.950347 -49.70433 -3.751306 -13.708521 -7.363474 -3.720939 18.141146 -14.052738 -3.242673 6e-06 -18.787264 -2e-06 -0.42971 -8.456043 2.555502 -1e-06 1e-06 0.0 -15.923532 -20.094481 -5.473585 30.419207 -7.190827 1.735926 2e-06 -8.162921 -1e-06 -1.861902 -22.861469 -6.167942 0.0 -2e-06 -1e-06 -178.929459 0.992432 -5.722136 6.117682 -0.02515 0.00691 -79.236435 -1.972436 -2.49848 -4.464972 1.449099 2.121298 -0.999999 -0.0 0.0 1.862637 -1.707959 -1.150005 6.725609 -0.000475 0.034598 -80.493866 -5.259336 -6.198861 -4.176029 0.613495 1.651003 -1.000003 0.0 0.0 
0.0 0.0 0.0 0.0 -0.0 0.0 0.140682 100.248695 0.303903 90.774872 -2.770595 89.873367 -5.187765 -0.820229 -0.101367 -12.956585 -0.711383 0.06472 17.376871 -0.502223 -2.139541 13.774787 -0.151552 2.391716 -2.538634 -0.63173 -3.93643 -34.161121 -1.630048 -6.099081 6e-06 -0.0 -0.0 0.052525 0.071004 0.130359 0.22183 0.049348 0.131546 0.197781 0.088491 0.127654 -140.129272 -67.342491 161.967392 37.966831 -51.283401 9.444452 19.606916 -0.127231 -0.086869 4.275474 1.173291 -27.424017 17.636625 -26.322729 52.41119 -19.46666 -14.3956 29.410389 -1e-06 -8.774822 -0.0 15.598071 -17.591791 6.127888 -0.609777 -1.795654 -3.889328 -4.807088 -11.046811 -2.93785 5e-06 -20.976019 -2e-06 -5.01997 -25.03356 -4.031881 6e-06 1e-06 -0.0 -10.634534 -5.686971 -3.565585 10.573272 -17.922947 -3.113902 3e-06 -13.821208 1e-06 -0.501777 -31.181501 -4.027018 -11.407131 -59.493969 7.305754 -13.982714 -7.150198 -2.875041 13.772729 -8.40149 -3.218244 0.347734 -34.211552 0.771653 -0.963028 -17.73337 2.621021 0.0 -0.0 -1e-06 -17.346418 -20.095219 -4.20178 21.757563 -1.638372 3.866428 1e-06 -6.338824 0.0 -1.69759 -22.591747 -6.194007 1e-06 -5e-06 -3e-06 22.091118 -65.295074 179.047913 22.428724 -53.697216 5.749758 26.06773 0.295765 0.286293 -4.562871 7.469086 -24.879366 22.182121 -20.375893 49.933315 -16.701817 -16.74353 28.476534 -3e-06 -12.690601 -1e-06 15.822442 -17.922764 2.929749 -0.10592 -1.513857 -4.275882 -5.039041 -5.612871 -2.953556 4e-06 -11.020523 -2e-06 -6.111298 -15.89533 -3.840471 -0.0 1e-06 -1e-06 -10.283372 -5.680288 -4.341838 11.028296 -11.302407 -2.372633 -1.384268 -14.238583 -6.320122 -0.625437 -26.924194 -3.827601 -3.943636 -49.705379 -3.791386 -13.708526 -7.363476 -3.720939 18.141153 -14.05274 -3.242675 7e-06 -18.787268 -2e-06 -0.429711 -8.456045 2.555504 -1e-06 2e-06 0.0 -15.923538 -20.094482 -5.473584 30.419218 -7.190828 1.735925 3e-06 -8.162922 -0.0 -1.861899 -22.861473 -6.167942 0.0 -3e-06 -1e-06 -178.904816 0.981447 -5.751358 6.039634 -0.024707 0.016299 -79.164925 -1.956748 -2.523746 -4.459871 1.43277 2.118413 -0.999998 -0.0 0.0 1.877846 -1.716156 -1.12138 6.655832 -0.005752 0.04911 -80.417725 -5.274559 -6.219922 -4.19145 0.616874 1.650346 -1.000002 -0.0 0.0 
0.0 0.0 0.0 0.0 -0.0 0.0 0.174941 100.266945 0.23623 90.776146 -2.772272 89.825821 -5.141952 -0.82048 -0.104343 -12.940857 -0.725221 0.06281 17.312309 -0.475358 -2.161732 13.760904 -0.126666 2.37764 -2.543201 -0.617562 -3.892696 -34.197792 -1.593339 -6.073977 6e-06 0.0 -0.0 0.051115 0.068057 0.124298 0.216283 0.047102 0.123521 0.1924 0.084973 0.123021 -140.14917 -67.408821 161.970825 37.987511 -51.260262 9.40915 19.564383 -0.136377 -0.094717 4.262472 1.248186 -27.530581 17.636625 -26.322731 52.41119 -19.466658 -14.395597 29.410389 -2e-06 -8.774821 -1e-06 15.564248 -17.552269 6.153819 -0.609775 -1.795653 -3.889328 -4.807089 -11.046811 -2.93785 4e-06 -20.976015 -0.0 -5.019969 -25.03356 -4.031879 6e-06 0.0 -0.0 -10.634531 -5.68697 -3.565587 10.573271 -17.922951 -3.113901 3e-06 -13.821208 1e-06 -0.501777 -31.181505 -4.027016 -11.387579 -59.480534 7.31644 -13.982712 -7.150198 -2.875042 13.772727 -8.401493 -3.218243 0.347733 -34.211555 0.771656 -0.963028 -17.733376 2.62102 -0.0 -1e-06 -0.0 -17.346413 -20.095215 -4.20178 21.757555 -1.638373 3.866426 1e-06 -6.338826 1e-06 -1.69759 -22.591738 -6.194005 0.0 -3e-06 -2e-06 22.058319 -65.349518 179.074219 22.498161 -53.671841 5.704088 25.982729 0.303228 0.294554 -4.44717 7.420078 -24.805096 22.182108 -20.375891 49.933319 -16.701811 -16.743528 28.476528 -3e-06 -12.690598 -0.0 15.839376 -17.9195 2.922061 -0.10592 -1.513856 -4.275881 -5.03904 -5.612871 -2.953556 3e-06 -11.020523 -2e-06 -6.111297 -15.895332 -3.840471 -0.0 2e-06 0.0 -10.283367 -5.680288 -4.341838 11.028291 -11.302404 -2.372633 -1.384269 -14.238579 -6.32012 -0.625438 -26.924183 -3.827602 -3.947665 -49.722961 -3.809066 -13.708523 -7.363475 -3.720938 18.141146 -14.052736 -3.242674 4e-06 -18.787264 -2e-06 -0.429711 -8.456039 2.555504 -1e-06 -0.0 -0.0 -15.923534 -20.094482 -5.473583 30.419207 -7.190824 1.735924 2e-06 -8.162922 -1e-06 -1.861901 -22.861471 -6.167942 0.0 -5e-06 -2e-06 -178.862717 1.009889 -5.787362 5.922826 -0.022873 0.022483 -79.047409 -1.935418 -2.542297 -4.464427 1.416731 2.11744 -0.999999 -0.0 0.0 1.915728 -1.729432 -1.083864 6.541958 -0.011482 0.058284 -80.296234 -5.283716 -6.209785 -4.207419 0.615235 1.650285 -1.000004 -0.0 -0.0 
0.0 0.0 0.0 0.0 -0.0 0.0 0.209199 100.293076 0.161836 90.77993 -2.766658 89.784508 -5.097668 -0.820102 -0.104787 -12.928915 -0.740566 0.051152 17.260021 -0.446414 -2.174315 13.753845 -0.113049 2.379322 -2.545186 -0.59814 -3.877806 -34.235165 -1.552418 -6.08898 6e-06 0.0 0.0 0.049888 0.067259 0.123487 0.209166 0.046743 0.121546 0.186688 0.08378 0.123205 -140.171631 -67.47081 161.999023 38.012661 -51.209824 9.300429 19.548895 -0.134843 -0.100031 4.245938 1.327307 -27.683453 17.636629 -26.322725 52.411194 -19.46666 -14.395594 29.410385 -1e-06 -8.774821 -2e-06 15.526765 -17.529177 6.183167 -0.609775 -1.795653 -3.889328 -4.807087 -11.046807 -2.93785 5e-06 -20.976011 -1e-06 -5.019968 -25.033556 -4.03188 6e-06 0.0 0.0 -10.63453 -5.68697 -3.565588 10.573272 -17.922949 -3.1139 3e-06 -13.821206 1e-06 -0.501777 -31.181501 -4.027016 -11.391224 -59.458443 7.348572 -13.982711 -7.150198 -2.875042 13.772727 -8.401491 -3.218242 0.347734 -34.211552 0.771654 -0.963028 -17.73337 2.621021 0.0 0.0 -1e-06 -17.346416 -20.095217 -4.201784 21.757555 -1.638373 3.866428 1e-06 -6.338823 0.0 -1.697588 -22.591742 -6.194006 0.0 -5e-06 -2e-06 21.961113 -65.411392 179.137253 22.457449 -53.64463 5.801201 25.948692 0.330168 0.316298 -4.345502 7.377346 -24.768967 22.182114 -20.375887 49.933308 -16.701811 -16.743528 28.476522 -3e-06 -12.6906 -1e-06 15.849443 -17.910294 2.927033 -0.105918 -1.513856 -4.27588 -5.039042 -5.612872 -2.953557 3e-06 -11.020523 -2e-06 -6.111298 -15.895334 -3.84047 -0.0 -1e-06 -1e-06 -10.28337 -5.680288 -4.341838 11.028296 -11.302405 -2.372633 -1.384268 -14.23858 -6.32012 -0.625438 -26.924187 -3.827602 -3.948254 -49.741009 -3.803839 -13.708524 -7.363477 -3.720939 18.141148 -14.052739 -3.242674 5e-06 -18.787268 -2e-06 -0.429709 -8.456041 2.555504 -1e-06 0.0 -1e-06 -15.923534 -20.094484 -5.473584 30.41921 -7.190826 1.735925 3e-06 -8.162924 -1e-06 -1.861902 -22.861469 -6.167944 1e-06 -3e-06 -1e-06 -178.792831 1.019899 -5.833971 5.741513 -0.019902 0.021273 -78.865433 -1.892023 -2.589236 -4.489527 1.404122 2.117942 -0.999998 0.0 0.0 2.004269 -1.748194 -1.016199 6.338787 -0.015528 0.061217 -80.111595 -5.290878 -6.171659 -4.21999 0.611661 1.651131 -1.000002 -0.0 -0.0 
0.0 0.0 0.0 0.0 -0.0 0.0 0.23621 100.317421 0.115539 90.786285 -2.758319 89.731224 -5.069906 -0.817044 -0.105044 -12.923389 -0.751996 0.038139 17.232557 -0.420957 -2.168357 13.751151 -0.106986 2.393592 -2.54274 -0.578259 -3.868256 -34.248199 -1.53326 -6.135108 7e-06 -0.0 0.0 0.048554 0.070121 0.130279 0.20473 0.049641 0.128292 0.182436 0.086637 0.130296 -140.234131 -67.514641 162.084106 38.033752 -51.136822 9.14001 19.560534 -0.133673 -0.105619 4.214009 1.404117 -27.885798 17.636625 -26.322731 52.41119 -19.466661 -14.395596 29.410389 -1e-06 -8.774819 -0.0 15.498377 -17.532585 6.205447 -0.609776 -1.795654 -3.889328 -4.807089 -11.046811 -2.93785 4e-06 -20.976019 -1e-06 -5.01997 -25.03356 -4.03188 6e-06 -1e-06 0.0 -10.634534 -5.686971 -3.565587 10.573272 -17.922951 -3.113901 3e-06 -13.821206 1e-06 -0.501779 -31.181505 -4.027017 -11.404734 -59.428467 7.367782 -13.982712 -7.150198 -2.875041 13.772727 -8.401493 -3.218242 0.347732 -34.211555 0.771655 -0.963028 -17.733372 2.62102 -0.0 -0.0 -1e-06 -17.346413 -20.095217 -4.201782 21.757555 -1.638374 3.866427 2e-06 -6.338826 1e-06 -1.697591 -22.591743 -6.194005 0.0 -4e-06 -2e-06 21.867432 -65.470932 179.188156 22.354235 -53.603668 5.964799 25.95524 0.347371 0.342745 -4.252778 7.345643 -24.809109 22.182114 -20.375898 49.933319 -16.701811 -16.743528 28.476528 -3e-06 -12.690598 -0.0 15.855472 -17.905479 2.934803 -0.105919 -1.513855 -4.275881 -5.03904 -5.61287 -2.953556 3e-06 -11.020523 -1e-06 -6.111298 -15.89533 -3.840469 -0.0 -0.0 0.0 -10.283369 -5.680287 -4.341838 11.028294 -11.302404 -2.372633 -1.384267 -14.238577 -6.32012 -0.62544 -26.924183 -3.8276 -3.948374 -49.771019 -3.787368 -13.708524 -7.363475 -3.720939 18.141148 -14.052739 -3.242675 5e-06 -18.787266 -0.0 -0.429711 -8.456045 2.555504 -2e-06 2e-06 -1e-06 -15.923534 -20.094482 -5.473584 30.41921 -7.190827 1.735924 3e-06 -8.162925 -0.0 -1.861903 -22.861469 -6.167941 0.0 -3e-06 -1e-06 -178.787491 1.026604 -5.903256 5.720983 -0.015075 0.015953 -78.746773 -1.837443 -2.613278 -4.511932 1.398601 2.118977 -1.0 0.0 -0.0 2.061293 -1.772512 -0.935928 6.132341 -0.016987 0.057255 -79.930992 -5.265587 -6.106353 -4.234175 0.611255 1.654501 -1.000003 0.0 -0.0 
0.0 0.0 0.0 0.0 -0.0 0.0 0.247875 100.33654 0.103657 90.792763 -2.755444 89.659126 -5.068955 -0.808469 -0.105271 -12.921434 -0.759705 0.027813 17.224333 -0.398879 -2.146608 13.763174 -0.130086 2.418984 -2.537445 -0.551146 -3.873796 -34.237999 -1.529682 -6.18117 6e-06 -0.0 -0.0 0.049062 0.072568 0.135026 0.206537 0.051657 0.132543 0.184642 0.089587 0.13618 -140.338364 -67.529297 162.213974 38.046833 -51.06617 8.929859 19.579384 -0.139273 -0.110416 4.163425 1.487693 -28.181664 17.636625 -26.322733 52.411194 -19.466658 -14.395597 29.410389 -0.0 -8.77482 -2e-06 15.467566 -17.543499 6.222744 -0.609776 -1.795654 -3.889328 -4.807088 -11.046808 -2.93785 4e-06 -20.976015 0.0 -5.019969 -25.033556 -4.03188 6e-06 -1e-06 -1e-06 -10.634533 -5.686969 -3.565587 10.573274 -17.922947 -3.1139 3e-06 -13.821205 1e-06 -0.501779 -31.181498 -4.027014 -11.388853 -59.369888 7.347483 -13.982711 -7.150197 -2.875042 13.772727 -8.40149 -3.218241 0.347734 -34.211544 0.771655 -0.963029 -17.733368 2.62102 0.0 -0.0 -0.0 -17.346415 -20.095213 -4.201782 21.757555 -1.638377 3.866428 1e-06 -6.338823 1e-06 -1.69759 -22.591738 -6.194005 1e-06 -5e-06 -2e-06 21.843386 -65.528732 179.161728 22.229391 -53.569412 6.136669 25.982698 0.341178 0.358281 -4.174195 7.322969 -24.922274 22.18211 -20.375887 49.933308 -16.701811 -16.743528 28.476526 -3e-06 -12.690598 -1e-06 15.862334 -17.910364 2.936575 -0.105919 -1.513856 -4.27588 -5.03904 -5.612869 -2.953556 5e-06 -11.02052 -2e-06 -6.111295 -15.895328 -3.840471 -0.0 1e-06 1e-06 -10.283369 -5.680287 -4.341838 11.028293 -11.302403 -2.372632 -1.384268 -14.238578 -6.32012 -0.625436 -26.924187 -3.827602 -3.946453 -49.828049 -3.768463 -13.708523 -7.363475 -3.720938 18.141148 -14.052739 -3.242675 6e-06 -18.787262 -1e-06 -0.42971 -8.456041 2.555504 -1e-06 1e-06 -1e-06 -15.923534 -20.094479 -5.473584 30.419207 -7.190827 1.735925 3e-06 -8.162922 0.0 -1.861901 -22.861467 -6.167941 1e-06 -4e-06 -2e-06 -178.789291 1.030344 -5.996088 5.732812 -0.009516 0.00782 -78.66658 -1.776206 -2.622019 -4.531972 1.401084 2.120021 -0.999998 -0.0 0.0 2.137134 -1.794672 -0.825034 5.956578 -0.016238 0.050941 -79.78878 -5.232461 -6.049156 -4.245826 0.617483 1.659928 -1.000001 0.0 -0.0 
0.0 0.0 0.0 0.0 -0.0 0.0 0.245541 100.345299 0.11516 90.803078 -2.752628 89.574768 -5.092452 -0.795026 -0.105057 -12.923576 -0.763723 0.021824 17.228792 -0.384475 -2.125703 13.793378 -0.191511 2.444801 -2.535975 -0.523241 -3.898705 -34.177944 -1.510635 -6.214924 5e-06 -0.0 -0.0 0.051417 0.073781 0.13521 0.214726 0.052293 0.132128 0.193762 0.091422 0.137652 -140.479874 -67.500504 162.37616 38.026436 -50.999245 8.773391 19.590271 -0.139267 -0.115909 4.114362 1.591038 -28.4828 17.636635 -26.322733 52.411182 -19.466661 -14.395597 29.410385 0.0 -8.774822 -3e-06 15.452805 -17.561228 6.234045 -0.609775 -1.795653 -3.889327 -4.80709 -11.046811 -2.937849 3e-06 -20.976019 1e-06 -5.019971 -25.033556 -4.03188 6e-06 -0.0 -0.0 -10.634535 -5.68697 -3.565588 10.573274 -17.922951 -3.113899 3e-06 -13.82121 1e-06 -0.501779 -31.181505 -4.027015 -11.363006 -59.324776 7.315073 -13.982714 -7.150198 -2.875042 13.772731 -8.401493 -3.21824 0.347732 -34.211555 0.771655 -0.963029 -17.733372 2.621021 -0.0 -1e-06 -1e-06 -17.34642 -20.095217 -4.201782 21.757563 -1.638375 3.866429 2e-06 -6.338825 -0.0 -1.697592 -22.591747 -6.194005 1e-06 -5e-06 -2e-06 21.864553 -65.580589 179.072861 22.044317 -53.563202 6.304982 26.041313 0.30518 0.360921 -4.118147 7.312356 -24.987589 22.182117 -20.375898 49.933334 -16.701813 -16.743525 28.47653 -2e-06 -12.6906 -1e-06 15.872195 -17.922256 2.931014 -0.10592 -1.513856 -4.275882 -5.039041 -5.612873 -2.953557 3e-06 -11.020526 -2e-06 -6.111297 -15.895338 -3.840473 -0.0 1e-06 1e-06 -10.283371 -5.680289 -4.34184 11.028294 -11.302406 -2.372633 -1.384269 -14.238583 -6.320123 -0.62544 -26.924191 -3.827603 -3.949308 -49.886982 -3.751921 -13.708525 -7.363478 -3.720942 18.141146 -14.052739 -3.242674 5e-06 -18.78727 -2e-06 -0.429712 -8.456043 2.555504 -1e-06 0.0 -1e-06 -15.923536 -20.094486 -5.473586 30.419214 -7.190825 1.735928 3e-06 -8.162925 -0.0 -1.861903 -22.861473 -6.167942 -1e-06 -4e-06 -2e-06 -178.774185 1.037585 -6.091589 5.729927 -0.005195 -0.002721 -78.625603 -1.738129 -2.6208 -4.535385 1.408003 2.121654 -0.999998 -0.0 0.0 2.17531 -1.816597 -0.682814 5.875719 -0.014043 0.04245 -79.726562 -5.235314 -6.021419 -4.25992 0.624151 1.664562 -1.000003 -0.0 -0.0 
0.0 0.0 0.0 0.0 -0.0 0.0 0.245889 100.34108 0.135677 90.818771 -2.743607 89.499054 -5.126776 -0.780184 -0.106763 -12.927146 -0.769994 0.015242 17.23489 -0.375351 -2.11511 13.835452 -0.27639 2.461328 -2.538131 -0.501525 -3.922 -34.099007 -1.492085 -6.231375 6e-06 0.0 -0.0 0.056087 0.073387 0.131436 0.223081 0.05064 0.127366 0.203076 0.092342 0.13533 -140.57373 -67.456131 162.476151 38.01598 -50.963566 8.67201 19.578342 -0.144305 -0.122806 4.070701 1.65061 -28.624502 17.636631 -26.322727 52.411182 -19.466663 -14.395596 29.410381 -0.0 -8.774822 -2e-06 15.466687 -17.580847 6.217787 -0.609776 -1.795653 -3.889328 -4.807088 -11.046809 -2.93785 3e-06 -20.976017 -0.0 -5.01997 -25.033556 -4.031881 6e-06 -2e-06 -1e-06 -10.634533 -5.68697 -3.565587 10.573272 -17.922949 -3.113901 2e-06 -13.821205 1e-06 -0.501778 -31.181505 -4.027016 -11.322537 -59.315372 7.258516 -13.982714 -7.150198 -2.875041 13.772728 -8.401491 -3.218241 0.347732 -34.211544 0.771654 -0.963028 -17.73337 2.621021 0.0 -0.0 -1e-06 -17.346418 -20.095219 -4.201779 21.757559 -1.638373 3.866428 1e-06 -6.338825 -1e-06 -1.69759 -22.591743 -6.194006 1e-06 -5e-06 -1e-06 21.885101 -65.622833 178.964844 21.796785 -53.584728 6.483041 26.12611 0.247965 0.349302 -4.088279 7.302912 -24.906445 22.182114 -20.375893 49.933319 -16.701811 -16.743528 28.476532 -3e-06 -12.690598 -1e-06 15.879927 -17.930025 2.925404 -0.10592 -1.513856 -4.275881 -5.039041 -5.612871 -2.953556 3e-06 -11.020525 -2e-06 -6.111297 -15.895334 -3.840471 0.0 -1e-06 -0.0 -10.283369 -5.680288 -4.341838 11.028292 -11.302404 -2.372633 -1.384269 -14.238579 -6.320121 -0.625441 -26.924187 -3.8276 -3.9607 -49.924522 -3.748575 -13.708522 -7.363476 -3.72094 18.141146 -14.052739 -3.242673 5e-06 -18.787268 -2e-06 -0.429711 -8.456043 2.555504 -0.0 2e-06 -0.0 -15.923532 -20.094482 -5.473586 30.419207 -7.190823 1.735926 2e-06 -8.162922 -0.0 -1.861902 -22.861467 -6.167941 1e-06 -3e-06 -2e-06 -178.74675 1.052495 -6.185593 5.73004 -0.004569 -0.005381 -78.637741 -1.727833 -2.615373 -4.526536 1.414379 2.122456 -0.999999 0.0 -0.0 2.167861 -1.841193 -0.537381 5.922102 -0.013176 0.032769 -79.766907 -5.28292 -6.02595 -4.267789 0.630699 1.667691 -1.000002 0.0 0.0 
0.0 0.0 0.0 0.0 -0.0 0.0 0.252444 100.321198 0.154311 90.843544 -2.721754 89.434113 -5.163267 -0.767773 -0.107757 -12.93204 -0.778278 0.006212 17.239632 -0.376397 -2.110893 13.890532 -0.366184 2.456788 -2.545527 -0.488952 -3.949247 -33.993259 -1.478036 -6.21395 7e-06 -0.0 -0.0 0.059649 0.07351 0.129114 0.228716 0.049881 0.124925 0.211181 0.093323 0.133539 -140.615585 -67.403023 162.514267 38.030354 -50.949276 8.618524 19.518711 -0.160255 -0.117174 4.059544 1.664365 -28.633991 17.636625 -26.322729 52.411201 -19.46666 -14.395596 29.410395 -1e-06 -8.774821 -2e-06 15.503572 -17.59029 6.191262 -0.609776 -1.795654 -3.889328 -4.80709 -11.046809 -2.937851 3e-06 -20.976017 -2e-06 -5.019971 -25.033556 -4.031882 6e-06 -0.0 -1e-06 -10.634535 -5.686971 -3.565587 10.573272 -17.922947 -3.113901 2e-06 -13.821206 -0.0 -0.501779 -31.181498 -4.027017 -11.279708 -59.349209 7.210253 -13.982717 -7.150199 -2.875042 13.772731 -8.401491 -3.218242 0.347732 -34.211552 0.771653 -0.963029 -17.733366 2.621018 0.0 -2e-06 -1e-06 -17.346422 -20.095217 -4.201783 21.757557 -1.638373 3.866428 1e-06 -6.338824 -0.0 -1.69759 -22.591747 -6.194009 1e-06 -3e-06 -2e-06 21.919237 -65.659973 178.856705 21.564445 -53.637257 6.689847 26.217402 0.212287 0.328933 -4.090378 7.295693 -24.736742 22.182114 -20.375895 49.933319 -16.701815 -16.743528 28.47653 -4e-06 -12.690598 -1e-06 15.880933 -17.928564 2.92878 -0.10592 -1.513855 -4.275881 -5.03904 -5.612871 -2.953557 4e-06 -11.020523 -2e-06 -6.111294 -15.89533 -3.840472 -0.0 -1e-06 0.0 -10.283369 -5.680287 -4.341839 11.028294 -11.302406 -2.372633 -1.384268 -14.23858 -6.32012 -0.625436 -26.924187 -3.827601 -3.989398 -49.953949 -3.735396 -13.708523 -7.363474 -3.72094 18.14115 -14.052739 -3.242675 7e-06 -18.787268 -2e-06 -0.429711 -8.45604 2.555503 -1e-06 0.0 -1e-06 -15.923532 -20.094481 -5.473586 30.41921 -7.190828 1.735925 3e-06 -8.162924 -0.0 -1.8619 -22.861469 -6.167942 -1e-06 -4e-06 -1e-06 -178.705673 1.078727 -6.269841 5.746521 -0.006611 -0.006174 -78.715462 -1.732295 -2.617314 -4.508997 1.417843 2.123196 -0.999998 0.0 0.0 2.079533 -1.87222 -0.423395 6.171591 -0.014513 0.02362 -79.948883 -5.334184 -6.033935 -4.266145 0.632101 1.667629 -1.000002 -0.0 0.0 
0.0 0.0 0.0 0.0 -0.0 0.0 0.253138 100.300766 0.177227 90.863297 -2.685324 89.387009 -5.197691 -0.760126 -0.108408 -12.941794 -0.775106 0.003218 17.240049 -0.389416 -2.110649 13.969918 -0.455381 2.438699 -2.551868 -0.485605 -3.964451 -33.85667 -1.473948 -6.19561 6e-06 0.0 -1e-06 0.06039 0.075997 0.134834 0.228884 0.053802 0.131509 0.216581 0.094143 0.138963 -140.619431 -67.343307 162.517578 38.074276 -50.940086 8.603107 19.416426 -0.176644 -0.103876 4.054962 1.638544 -28.598124 17.636635 -26.322733 52.41119 -19.466663 -14.395597 29.410385 -1e-06 -8.774822 -1e-06 15.544084 -17.582861 6.173235 -0.609774 -1.795654 -3.889328 -4.807088 -11.046811 -2.93785 4e-06 -20.976021 -0.0 -5.01997 -25.03356 -4.03188 6e-06 -0.0 -0.0 -10.634533 -5.686971 -3.565587 10.573275 -17.922951 -3.113901 3e-06 -13.82121 1e-06 -0.501779 -31.181507 -4.027014 -11.278938 -59.409138 7.218208 -13.982714 -7.150199 -2.875042 13.772731 -8.401493 -3.218242 0.347734 -34.211555 0.771653 -0.963028 -17.733374 2.621021 -0.0 -1e-06 -2e-06 -17.346422 -20.095221 -4.20178 21.757561 -1.638375 3.866428 1e-06 -6.338826 -0.0 -1.69759 -22.591747 -6.194007 1e-06 -6e-06 -2e-06 21.963337 -65.675262 178.78006 21.391125 -53.706249 6.923737 26.312075 0.223285 0.319139 -4.123883 7.302442 -24.605846 22.182114 -20.375895 49.933327 -16.701817 -16.74353 28.476536 -4e-06 -12.690601 0.0 15.878963 -17.938648 2.950299 -0.105919 -1.513856 -4.275882 -5.039041 -5.612872 -2.953557 5e-06 -11.020525 -2e-06 -6.111295 -15.895332 -3.840472 0.0 -0.0 -0.0 -10.28337 -5.680287 -4.341838 11.028296 -11.302407 -2.372633 -1.384267 -14.238583 -6.320123 -0.625436 -26.924192 -3.827603 -4.005506 -50.008568 -3.710493 -13.708524 -7.363475 -3.720941 18.141151 -14.052739 -3.242676 8e-06 -18.78727 -2e-06 -0.429712 -8.456041 2.555504 -1e-06 1e-06 -1e-06 -15.923534 -20.094482 -5.473586 30.419222 -7.190829 1.735924 3e-06 -8.162925 -0.0 -1.8619 -22.861473 -6.167943 0.0 -2e-06 -1e-06 -178.641708 1.097691 -6.312119 5.759453 -0.01015 -0.006975 -78.796051 -1.743033 -2.623518 -4.472596 1.420707 2.125096 -0.999999 -0.0 0.0 2.012271 -1.889236 -0.321978 6.420247 -0.020093 0.022764 -80.127289 -5.39992 -6.021862 -4.246435 0.630339 1.665542 -1.000002 -0.0 -0.0 
0.0 0.0 0.0 0.0 -0.0 0.0 0.244581 100.288132 0.215302 90.874321 -2.643803 89.357834 -5.234987 -0.753338 -0.115848 -12.95849 -0.762969 0.007831 17.236589 -0.406593 -2.10676 14.055997 -0.54671 2.416804 -2.550314 -0.48652 -3.97174 -33.690033 -1.500173 -6.18683 6e-06 0.0 -0.0 0.059177 0.079539 0.145086 0.223932 0.0602 0.142332 0.215203 0.094701 0.149513 -140.598099 -67.27607 162.506943 38.123642 -50.931747 8.586088 19.316347 -0.189489 -0.09136 4.052338 1.589041 -28.546234 17.636631 -26.322729 52.411194 -19.466665 -14.395596 29.410393 0.0 -8.774821 -2e-06 15.579605 -17.572311 6.157731 -0.609777 -1.795654 -3.889328 -4.807088 -11.046811 -2.937851 5e-06 -20.976019 -2e-06 -5.019969 -25.03356 -4.031883 6e-06 -2e-06 0.0 -10.634533 -5.686971 -3.565589 10.573272 -17.922951 -3.113901 3e-06 -13.821209 -0.0 -0.501777 -31.181505 -4.027016 -11.29856 -59.46347 7.241266 -13.982712 -7.150198 -2.875043 13.77273 -8.401495 -3.218242 0.347736 -34.211555 0.771651 -0.963027 -17.73337 2.621019 -0.0 -1e-06 -0.0 -17.346418 -20.095219 -4.201784 21.757557 -1.638375 3.866429 2e-06 -6.338825 -1e-06 -1.697589 -22.591745 -6.194008 0.0 -3e-06 -2e-06 21.988079 -65.643417 178.758957 21.264706 -53.737743 7.175389 26.390144 0.250919 0.316503 -4.149696 7.310622 -24.494864 22.182116 -20.375891 49.933315 -16.701813 -16.743528 28.476534 -2e-06 -12.690599 -1e-06 15.873705 -17.953011 2.983914 -0.105921 -1.513857 -4.275882 -5.039041 -5.612871 -2.953556 3e-06 -11.020523 -2e-06 -6.111297 -15.895334 -3.840472 0.0 -0.0 0.0 -10.283371 -5.680289 -4.341838 11.028294 -11.302405 -2.372633 -1.38427 -14.238581 -6.320121 -0.625438 -26.924191 -3.827604 -4.015168 -50.054291 -3.66802 -13.708525 -7.363477 -3.720939 18.14115 -14.052737 -3.242676 6e-06 -18.787268 -2e-06 -0.429712 -8.45604 2.555503 -1e-06 1e-06 -1e-06 -15.923534 -20.094482 -5.473585 30.41921 -7.190823 1.735924 2e-06 -8.162924 -0.0 -1.861902 -22.861465 -6.167942 0.0 -4e-06 -1e-06 -178.556259 1.103469 -6.325631 5.741581 -0.013196 -0.012601 -78.837112 -1.736658 -2.616509 -4.418068 1.420847 2.125701 -0.999998 0.0 0.0 2.033637 -1.89092 -0.217226 6.518182 -0.026607 0.029239 -80.216133 -5.489394 -5.991425 -4.214441 0.626338 1.661611 -1.000003 -0.0 -0.0 
0.0 0.0 0.0 0.0 -0.0 0.0 0.225211 100.278839 0.264422 90.882629 -2.606902 89.337715 -5.276155 -0.74842 -0.127804 -12.981875 -0.750646 0.011128 17.230995 -0.42034 -2.100672 14.147689 -0.625742 2.403218 -2.542082 -0.487865 -3.993683 -33.526897 -1.575729 -6.176756 5e-06 -0.0 -0.0 0.05866 0.082832 0.154844 0.220363 0.065391 0.151976 0.209467 0.096266 0.160002 -140.557098 -67.227379 162.489655 38.202724 -50.946484 8.521318 19.226526 -0.180217 -0.087649 4.035828 1.550702 -28.524225 17.636625 -26.322725 52.411182 -19.46666 -14.395596 29.410385 -0.0 -8.77482 -2e-06 15.592178 -17.560652 6.138021 -0.609777 -1.795653 -3.889327 -4.807088 -11.046809 -2.93785 5e-06 -20.976015 -1e-06 -5.019969 -25.033558 -4.031881 6e-06 1e-06 1e-06 -10.634529 -5.686968 -3.565588 10.573271 -17.922945 -3.1139 3e-06 -13.821206 1e-06 -0.501777 -31.181498 -4.027014 -11.314294 -59.485882 7.244347 -13.982711 -7.150196 -2.875041 13.772728 -8.401492 -3.218241 0.347734 -34.211544 0.771655 -0.963028 -17.733366 2.62102 1e-06 -1e-06 0.0 -17.346413 -20.095213 -4.201781 21.757557 -1.638376 3.866426 2e-06 -6.338823 -0.0 -1.697589 -22.59174 -6.194005 1e-06 -6e-06 -3e-06 21.966545 -65.574684 178.817688 21.197863 -53.719387 7.32887 26.438665 0.250477 0.316294 -4.123543 7.316535 -24.370392 22.182112 -20.375889 49.933315 -16.701811 -16.743528 28.476528 -3e-06 -12.6906 -1e-06 15.859023 -17.950911 3.007814 -0.10592 -1.513856 -4.275881 -5.039042 -5.612873 -2.953557 4e-06 -11.020523 -3e-06 -6.111298 -15.895334 -3.840471 0.0 0.0 0.0 -10.283369 -5.680288 -4.341839 11.028293 -11.302404 -2.372633 -1.384269 -14.238579 -6.32012 -0.625437 -26.924187 -3.827603 -4.014974 -50.034111 -3.63402 -13.708522 -7.363476 -3.720939 18.14115 -14.052739 -3.242675 6e-06 -18.78727 -2e-06 -0.42971 -8.456043 2.555502 -1e-06 1e-06 -0.0 -15.923536 -20.094482 -5.473585 30.41921 -7.190825 1.735926 3e-06 -8.162925 -1e-06 -1.8619 -22.861473 -6.167945 1e-06 -3e-06 -1e-06 -178.463898 1.098196 -6.325123 5.697903 -0.012242 -0.021322 -78.856644 -1.7101 -2.603308 -4.35038 1.419553 2.125882 -1.0 -0.0 -0.0 2.091243 -1.885358 -0.136506 6.544401 -0.030005 0.036248 -80.2686 -5.564223 -5.968796 -4.17034 0.61869 1.655577 -1.000002 0.0 0.0 
0.0 0.0 0.0 0.0 -0.0 0.0 0.184806 100.274017 0.318485 90.893112 -2.578987 89.333832 -5.315372 -0.74839 -0.137167 -13.000339 -0.746438 0.005115 17.207968 -0.432711 -2.097515 14.247883 -0.683773 2.410639 -2.535953 -0.488139 -4.046751 -33.390522 -1.684656 -6.173864 7e-06 -0.0 -0.0 0.058693 0.084434 0.15914 0.215327 0.065918 0.154519 0.198966 0.099289 0.16602 -140.502228 -67.199142 162.455719 38.301373 -50.988346 8.409509 19.147293 -0.152027 -0.090559 3.99287 1.563179 -28.531921 17.636627 -26.322737 52.411205 -19.46666 -14.3956 29.410389 -1e-06 -8.774821 -2e-06 15.585608 -17.556816 6.118156 -0.609776 -1.795653 -3.889328 -4.80709 -11.046809 -2.93785 4e-06 -20.976019 0.0 -5.019971 -25.033552 -4.03188 6e-06 1e-06 0.0 -10.634533 -5.68697 -3.565587 10.573275 -17.922947 -3.1139 2e-06 -13.821205 2e-06 -0.501779 -31.181501 -4.027014 -11.316984 -59.488293 7.228762 -13.982714 -7.150197 -2.875042 13.772729 -8.401491 -3.218241 0.347733 -34.211544 0.771657 -0.963029 -17.733366 2.621021 -0.0 -0.0 -1e-06 -17.346416 -20.095215 -4.201784 21.757557 -1.638375 3.866428 1e-06 -6.338824 1e-06 -1.697591 -22.591738 -6.194005 1e-06 -5e-06 -2e-06 21.923523 -65.501457 178.890732 21.149981 -53.693493 7.453279 26.46299 0.226574 0.313638 -4.043227 7.293585 -24.262346 22.182121 -20.375891 49.933308 -16.701815 -16.743526 28.47653 -3e-06 -12.690601 -2e-06 15.86119 -17.931459 3.005465 -0.105921 -1.513857 -4.275881 -5.039041 -5.612872 -2.953557 4e-06 -11.020523 -2e-06 -6.111298 -15.895332 -3.84047 0.0 -0.0 -0.0 -10.283371 -5.680288 -4.341838 11.028296 -11.302406 -2.372633 -1.384269 -14.238581 -6.320121 -0.625437 -26.924183 -3.827601 -4.01074 -49.982681 -3.620101 -13.708526 -7.363475 -3.720939 18.14115 -14.052739 -3.242674 6e-06 -18.78727 -2e-06 -0.429711 -8.456043 2.555503 -0.0 2e-06 -0.0 -15.923536 -20.094482 -5.473585 30.41921 -7.190827 1.735927 3e-06 -8.162925 -1e-06 -1.861901 -22.861471 -6.167943 0.0 -4e-06 -2e-06 -178.383377 1.086576 -6.336819 5.657439 -0.009153 -0.029645 -78.8564 -1.663877 -2.598887 -4.283323 1.416456 2.126658 -0.999999 -0.0 0.0 2.171186 -1.877231 -0.091758 6.515316 -0.029966 0.04053 -80.290527 -5.603413 -5.983911 -4.128733 0.616064 1.65163 -1.000001 0.0 -0.0 
0.0 0.0 0.0 0.0 -0.0 0.0 0.127423 100.277962 0.359078 90.898369 -2.565199 89.340363 -5.35677 -0.742597 -0.142164 -13.018714 -0.745913 -0.003772 17.182341 -0.4445 -2.089654 14.334974 -0.72107 2.424436 -2.534909 -0.49305 -4.126244 -33.265934 -1.789994 -6.197487 6e-06 -0.0 0.0 0.057719 0.085381 0.160439 0.208688 0.063332 0.152819 0.187659 0.103912 0.169392 -140.481079 -67.180244 162.435303 38.398514 -51.03569 8.266229 19.082869 -0.111624 -0.095221 3.908467 1.593405 -28.493763 17.636629 -26.322735 52.411194 -19.46665 -14.395597 29.410381 -1e-06 -8.774821 -3e-06 15.585126 -17.570988 6.093874 -0.609775 -1.795654 -3.889327 -4.807087 -11.046809 -2.93785 5e-06 -20.976015 1e-06 -5.019969 -25.033556 -4.031878 6e-06 -2e-06 0.0 -10.634534 -5.68697 -3.565587 10.573275 -17.922947 -3.113899 3e-06 -13.821211 2e-06 -0.501779 -31.181505 -4.027013 -11.293716 -59.474079 7.195591 -13.982713 -7.150197 -2.875042 13.77273 -8.401495 -3.21824 0.347733 -34.211555 0.771657 -0.963028 -17.733372 2.621021 -0.0 -0.0 -1e-06 -17.346422 -20.095217 -4.20178 21.757561 -1.638376 3.866428 1e-06 -6.338826 0.0 -1.69759 -22.591745 -6.194005 1e-06 -5e-06 -2e-06 21.927589 -65.45993 178.90979 21.165239 -53.690277 7.555185 26.456018 0.210096 0.305577 -3.931849 7.253751 -24.099493 22.182114 -20.375895 49.933308 -16.701811 -16.743528 28.476528 -4e-06 -12.690598 -1e-06 15.890396 -17.91431 2.980767 -0.105919 -1.513855 -4.275881 -5.039041 -5.612869 -2.953556 4e-06 -11.02052 -2e-06 -6.111295 -15.895329 -3.84047 -0.0 -0.0 -1e-06 -10.283368 -5.680286 -4.341839 11.028292 -11.302404 -2.372633 -1.384268 -14.238579 -6.320119 -0.625437 -26.924187 -3.8276 -4.008505 -49.950657 -3.628463 -13.708521 -7.363473 -3.720939 18.141146 -14.052738 -3.242673 6e-06 -18.787264 0.0 -0.429711 -8.456041 2.555504 -2e-06 1e-06 -1e-06 -15.92353 -20.094477 -5.473584 30.419205 -7.190826 1.735925 3e-06 -8.162922 0.0 -1.861904 -22.861465 -6.167938 -0.0 -3e-06 -1e-06 -178.337158 1.062041 -6.352522 5.642846 -0.0069 -0.031332 -78.830299 -1.646126 -2.610401 -4.202188 1.408341 2.125967 -0.999999 0.0 0.0 2.281383 -1.861839 -0.073752 6.388406 -0.030239 0.03933 -80.241577 -5.618278 -6.011645 -4.097837 0.615723 1.650183 -1.000002 0.0 0.0 
0.0 0.0 0.0 0.0 -0.0 0.0 0.071216 100.283905 0.375409 90.89753 -2.565453 89.342033 -5.396409 -0.73097 -0.146214 -13.035959 -0.747503 -0.008907 17.158384 -0.45116 -2.075944 14.408011 -0.744098 2.440989 -2.537284 -0.501855 -4.223909 -33.179882 -1.887076 -6.222906 6e-06 -0.0 -1e-06 0.056643 0.086318 0.16042 0.199294 0.062704 0.150569 0.175532 0.106392 0.170352 -140.478226 -67.166191 162.404099 38.468369 -51.08112 8.12159 19.022793 -0.071067 -0.100696 3.814177 1.613774 -28.405609 17.636637 -26.322729 52.411179 -19.466663 -14.395594 29.410381 -1e-06 -8.774821 -2e-06 15.591678 -17.588444 6.086526 -0.609775 -1.795654 -3.889327 -4.807088 -11.046807 -2.93785 6e-06 -20.976015 -1e-06 -5.01997 -25.033552 -4.03188 6e-06 -2e-06 -0.0 -10.634533 -5.686969 -3.565587 10.573274 -17.922949 -3.113899 4e-06 -13.821209 1e-06 -0.501777 -31.181498 -4.027014 -11.276681 -59.467834 7.18207 -13.982711 -7.150196 -2.875041 13.772727 -8.401492 -3.21824 0.347735 -34.211544 0.771654 -0.963027 -17.73337 2.62102 -0.0 -1e-06 -1e-06 -17.346415 -20.095213 -4.201782 21.757555 -1.638377 3.866428 1e-06 -6.338823 0.0 -1.697588 -22.591738 -6.194005 1e-06 -6e-06 -2e-06 21.95652 -65.441643 178.895615 21.225742 -53.693275 7.664246 26.443327 0.211541 0.301544 -3.857287 7.238278 -23.946932 22.182114 -20.375895 49.933308 -16.701807 -16.743525 28.476522 -4e-06 -12.690598 -1e-06 15.924047 -17.899427 2.953288 -0.105919 -1.513855 -4.27588 -5.039038 -5.612868 -2.953556 4e-06 -11.020519 -1e-06 -6.111293 -15.895328 -3.840469 0.0 1e-06 -0.0 -10.283367 -5.680285 -4.341838 11.028292 -11.302401 -2.372632 -1.384267 -14.238575 -6.320117 -0.625437 -26.924183 -3.827599 -4.003916 -49.940414 -3.651538 -13.708521 -7.363472 -3.720939 18.141146 -14.052736 -3.242672 6e-06 -18.787262 0.0 -0.42971 -8.456041 2.555503 -1e-06 1e-06 -1e-06 -15.92353 -20.094473 -5.473585 30.419205 -7.190827 1.735925 3e-06 -8.162921 1e-06 -1.861901 -22.861462 -6.167937 -0.0 -3e-06 -1e-06 -178.331604 1.027145 -6.383763 5.660124 -0.006147 -0.027325 -78.81118 -1.630945 -2.636822 -4.140126 1.393119 2.122787 -1.0 0.0 -0.0 2.353762 -1.842757 -0.059922 6.282641 -0.029736 0.036478 -80.187302 -5.608466 -6.037158 -4.073793 0.616147 1.651872 -1.000002 0.0 -0.0 
0.0 0.0 0.0 0.0 -0.0 0.0 0.021653 100.287262 0.369507 90.889977 -2.560724 89.33477 -5.418003 -0.716709 -0.150052 -13.047308 -0.748729 -0.010747 17.132444 -0.44821 -2.059814 14.478584 -0.770797 2.465633 -2.538958 -0.520983 -4.33857 -33.135933 -1.95003 -6.260554 6e-06 -0.0 -0.0 0.056585 0.083708 0.151347 0.192574 0.063126 0.141431 0.170327 0.100575 0.160533 -140.463409 -67.18219 162.32164 38.502827 -51.162178 7.925344 18.954481 -0.062725 -0.104397 3.714611 1.623859 -28.233706 17.63662 -26.322723 52.411186 -19.46665 -14.395596 29.410385 1e-06 -8.774819 -2e-06 15.614967 -17.599579 6.089421 -0.609776 -1.795653 -3.889326 -4.807087 -11.046807 -2.93785 3e-06 -20.976015 -1e-06 -5.019969 -25.033554 -4.03188 6e-06 -1e-06 0.0 -10.634531 -5.68697 -3.565587 10.573271 -17.922945 -3.1139 3e-06 -13.821205 0.0 -0.501778 -31.181494 -4.027016 -11.259413 -59.477684 7.185772 -13.982711 -7.150197 -2.875041 13.772726 -8.401489 -3.21824 0.347732 -34.211536 0.771654 -0.963029 -17.733366 2.62102 -0.0 0.0 -0.0 -17.346413 -20.095213 -4.201781 21.757555 -1.638373 3.866427 1e-06 -6.338824 0.0 -1.69759 -22.591736 -6.194006 0.0 -4e-06 -2e-06 21.979395 -65.45256 178.872101 21.308928 -53.701866 7.825572 26.416693 0.245682 0.312244 -3.850717 7.268865 -23.857269 22.182116 -20.375891 49.933319 -16.701817 -16.74353 28.47653 -3e-06 -12.6906 -1e-06 15.939774 -17.888849 2.936209 -0.105919 -1.513856 -4.275881 -5.039041 -5.612872 -2.953557 3e-06 -11.020523 -2e-06 -6.111296 -15.895332 -3.840471 -0.0 -0.0 0.0 -10.283371 -5.680288 -4.341838 11.028294 -11.302404 -2.372633 -1.384269 -14.23858 -6.320121 -0.625436 -26.924191 -3.827603 -3.998653 -49.934799 -3.670019 -13.708524 -7.363476 -3.720939 18.141146 -14.052739 -3.242674 6e-06 -18.78727 -1e-06 -0.42971 -8.456045 2.555503 -0.0 2e-06 -1e-06 -15.923536 -20.094482 -5.473585 30.41921 -7.190825 1.735926 3e-06 -8.162925 -0.0 -1.861903 -22.861467 -6.167942 0.0 -4e-06 -1e-06 -178.334259 0.986969 -6.386752 5.688357 -0.008376 -0.020385 -78.809654 -1.639949 -2.659816 -4.107134 1.381113 2.119585 -0.999998 0.0 0.0 2.38926 -1.816964 -0.016787 6.232045 -0.027643 0.031878 -80.155106 -5.605915 -6.033543 -4.049547 0.61175 1.653797 -1.000002 -0.0 -0.0 
0.0 0.0 0.0 0.0 -0.0 0.0 -0.030073 100.293098 0.352816 90.883453 -2.556968 89.304886 -5.432416 -0.701757 -0.143983 -13.060535 -0.748393 -0.006675 17.120268 -0.442809 -2.043481 14.531415 -0.823405 2.472187 -2.534057 -0.544725 -4.426558 -33.106915 -1.997952 -6.328266 7e-06 -0.0 -0.0 0.055644 0.079783 0.142088 0.191896 0.064557 0.134507 0.172094 0.09108 0.148726 -140.425873 -67.216881 162.218903 38.546993 -51.247952 7.590482 18.8953 -0.088813 -0.104933 3.619283 1.636933 -27.952009 17.636625 -26.322741 52.411213 -19.46666 -14.395598 29.410395 0.0 -8.774823 -1e-06 15.642442 -17.600805 6.096036 -0.609777 -1.795654 -3.889329 -4.80709 -11.046811 -2.937851 2e-06 -20.976017 0.0 -5.019973 -25.03356 -4.031882 6e-06 2e-06 1e-06 -10.634537 -5.686973 -3.565589 10.573274 -17.922951 -3.113901 2e-06 -13.821213 1e-06 -0.50178 -31.181511 -4.027016 -11.255892 -59.492149 7.205468 -13.982717 -7.1502 -2.875044 13.772731 -8.401493 -3.218242 0.347731 -34.211555 0.771655 -0.963029 -17.733376 2.62102 -0.0 0.0 -1e-06 -17.346424 -20.095221 -4.201784 21.757561 -1.638375 3.866428 0.0 -6.338825 0.0 -1.697592 -22.591747 -6.194007 0.0 -6e-06 -3e-06 21.990883 -65.480003 178.864807 21.450022 -53.695866 7.965617 26.369316 0.286701 0.322027 -3.863663 7.357336 -23.726591 22.182123 -20.3759 49.933338 -16.701824 -16.74354 28.476543 -4e-06 -12.690607 -1e-06 15.937657 -17.867523 2.929811 -0.105918 -1.513856 -4.275883 -5.039042 -5.612873 -2.953557 4e-06 -11.020527 -2e-06 -6.1113 -15.895338 -3.840472 0.0 1e-06 -1e-06 -10.283373 -5.680289 -4.34184 11.028297 -11.302407 -2.372634 -1.384269 -14.238585 -6.320123 -0.625437 -26.924194 -3.827603 -4.008639 -49.939365 -3.671204 -13.70853 -7.363478 -3.72094 18.141157 -14.052741 -3.242676 6e-06 -18.787271 -1e-06 -0.429713 -8.456046 2.555504 -1e-06 2e-06 0.0 -15.923539 -20.094486 -5.473587 30.419224 -7.190828 1.735925 4e-06 -8.162927 0.0 -1.861901 -22.861475 -6.167945 -0.0 -2e-06 -1e-06 -178.346176 0.944021 -6.39033 5.726128 -0.009768 -0.0118 -78.800201 -1.645873 -2.696157 -4.107081 1.376023 2.116708 -1.0 0.0 0.0 2.414886 -1.793875 0.049531 6.178508 -0.023277 0.032678 -80.110939 -5.598753 -5.998196 -4.05312 0.604213 1.653942 -1.000003 -0.0 0.0 
0.0 0.0 0.0 0.0 -0.0 0.0 -0.084691 100.301994 0.346725 90.886421 -2.575191 89.265228 -5.458792 -0.685984 -0.136903 -13.074723 -0.748021 -0.00277 17.122442 -0.449097 -2.023882 14.552966 -0.90663 2.473031 -2.530648 -0.566557 -4.489848 -33.052681 -2.054038 -6.41708 6e-06 -0.0 -0.0 0.054812 0.075085 0.133266 0.193211 0.064675 0.128057 0.17384 0.081471 0.13771 -140.403641 -67.251472 162.15155 38.615921 -51.329052 7.048172 18.811954 -0.128461 -0.10219 3.562536 1.663247 -27.738401 17.636637 -26.322733 52.411201 -19.466665 -14.3956 29.410395 0.0 -8.774824 -3e-06 15.670871 -17.601456 6.095919 -0.609776 -1.795654 -3.889328 -4.807091 -11.046811 -2.937851 4e-06 -20.976019 -1e-06 -5.019972 -25.033556 -4.031882 6e-06 -2e-06 0.0 -10.634537 -5.686972 -3.565587 10.573277 -17.922951 -3.1139 2e-06 -13.821206 0.0 -0.501777 -31.181505 -4.027017 -11.256423 -59.523788 7.214268 -13.982717 -7.150198 -2.875042 13.772733 -8.401493 -3.218241 0.347734 -34.211559 0.771654 -0.963028 -17.733374 2.62102 -0.0 1e-06 -1e-06 -17.346424 -20.095219 -4.201782 21.757566 -1.638375 3.866429 0.0 -6.338824 -0.0 -1.69759 -22.591745 -6.194007 0.0 -5e-06 -2e-06 21.989475 -65.521515 178.890823 21.688816 -53.687355 7.927078 26.283339 0.290698 0.310638 -3.847226 7.492757 -23.456373 22.182116 -20.375898 49.933319 -16.701813 -16.74353 28.476532 -4e-06 -12.690601 -1e-06 15.923809 -17.837648 2.925052 -0.105919 -1.513856 -4.275881 -5.039042 -5.612871 -2.953556 4e-06 -11.020523 -2e-06 -6.111297 -15.895334 -3.840471 0.0 -1e-06 -0.0 -10.283371 -5.680287 -4.341838 11.028296 -11.302404 -2.372633 -1.384268 -14.238579 -6.32012 -0.625438 -26.924183 -3.827599 -4.026324 -49.92482 -3.65841 -13.708527 -7.363474 -3.720939 18.141151 -14.052739 -3.242674 7e-06 -18.787266 -0.0 -0.429711 -8.456043 2.555504 -2e-06 1e-06 0.0 -15.923536 -20.094482 -5.473584 30.419218 -7.190829 1.735924 4e-06 -8.162925 0.0 -1.861903 -22.861469 -6.16794 -1e-06 -4e-06 -2e-06 -178.370331 0.90559 -6.424535 5.742393 -0.008586 -0.005981 -78.76664 -1.615865 -2.735343 -4.108035 1.380599 2.116514 -0.999999 -0.0 0.0 2.422426 -1.780007 0.105592 6.111186 -0.016306 0.034936 -80.060875 -5.556777 -5.948334 -4.071914 0.596856 1.652796 -1.000003 -0.0 -0.0 
0.0 0.0 0.0 0.0 -0.0 0.0 -0.149978 100.31823 0.348888 90.892021 -2.61611 89.217659 -5.497035 -0.666376 -0.128592 -13.08559 -0.747795 0.005388 17.122301 -0.457291 -2.001305 14.574533 -1.013342 2.471793 -2.527546 -0.568361 -4.561184 -32.964558 -2.124384 -6.500107 6e-06 -0.0 0.0 0.057495 0.072962 0.129551 0.19816 0.065999 0.126058 0.177223 0.075958 0.132614 -140.417999 -67.301826 162.09343 38.658497 -51.425133 6.395119 18.702625 -0.169644 -0.101716 3.520623 1.70275 -27.714081 17.636631 -26.322723 52.411182 -19.46666 -14.395597 29.410385 0.0 -8.774822 -2e-06 15.675554 -17.601482 6.095908 -0.609776 -1.795654 -3.889328 -4.807089 -11.046813 -2.93785 4e-06 -20.976017 -1e-06 -5.01997 -25.033556 -4.031882 6e-06 -1e-06 -0.0 -10.634533 -5.686971 -3.565587 10.573272 -17.922949 -3.113901 2e-06 -13.821205 0.0 -0.501778 -31.181498 -4.027017 -11.249927 -59.542469 7.187275 -13.982712 -7.150198 -2.875042 13.772729 -8.401491 -3.218241 0.347734 -34.211552 0.771651 -0.963027 -17.733368 2.621019 -0.0 -0.0 0.0 -17.346422 -20.095219 -4.20178 21.757563 -1.638373 3.866428 1e-06 -6.338825 -1e-06 -1.69759 -22.591747 -6.194008 1e-06 -4e-06 -2e-06 21.975466 -65.563004 178.916 21.951988 -53.671055 7.761457 26.177992 0.259467 0.283934 -3.815936 7.603449 -23.031897 22.182123 -20.375893 49.933323 -16.701817 -16.74353 28.476532 -3e-06 -12.690603 -1e-06 15.918236 -17.814985 2.917033 -0.10592 -1.513857 -4.275882 -5.039041 -5.612872 -2.953557 4e-06 -11.020523 -2e-06 -6.111298 -15.895334 -3.840472 -0.0 1e-06 0.0 -10.283373 -5.68029 -4.341839 11.028296 -11.302406 -2.372634 -1.384269 -14.238585 -6.320122 -0.625437 -26.924194 -3.827604 -4.029764 -49.88504 -3.656098 -13.708527 -7.363478 -3.72094 18.141151 -14.052739 -3.242675 6e-06 -18.78727 -2e-06 -0.42971 -8.456047 2.555503 -2e-06 2e-06 -1e-06 -15.923539 -20.094486 -5.473586 30.419218 -7.190827 1.735928 3e-06 -8.162926 -0.0 -1.861902 -22.861469 -6.167944 -1e-06 -4e-06 -2e-06 -178.414154 0.862286 -6.531179 5.740984 -0.004699 -0.005573 -78.696098 -1.519471 -2.75787 -4.119081 1.388462 2.116214 -0.999999 -0.0 0.0 2.439411 -1.765753 0.131354 5.973284 -0.012602 0.042607 -79.960625 -5.492339 -5.909895 -4.103188 0.595198 1.652063 -1.000003 -0.0 0.0 
0.0 0.0 0.0 0.0 -0.0 0.0 -0.235241 100.334312 0.357659 90.892937 -2.671213 89.142845 -5.531113 -0.630174 -0.121634 -13.09041 -0.748907 0.010894 17.097576 -0.468734 -1.973728 14.615389 -1.133614 2.478661 -2.527902 -0.560582 -4.64804 -32.861137 -2.216698 -6.581528 6e-06 -0.0 0.0 0.060834 0.073229 0.129999 0.199887 0.067176 0.12663 0.178515 0.075329 0.133674 -140.415314 -67.373596 161.997543 38.693783 -51.565693 5.510188 18.542585 -0.21783 -0.104264 3.473165 1.783537 -27.909908 17.636625 -26.322725 52.411182 -19.466661 -14.395596 29.410381 -1e-06 -8.774821 -2e-06 15.650908 -17.60911 6.103785 -0.609776 -1.795654 -3.889327 -4.807088 -11.046809 -2.93785 5e-06 -20.976019 -1e-06 -5.01997 -25.03356 -4.03188 6e-06 -1e-06 -0.0 -10.634533 -5.68697 -3.565586 10.573272 -17.922947 -3.1139 3e-06 -13.821206 -1e-06 -0.501777 -31.181501 -4.027017 -11.262774 -59.55262 7.144939 -13.982712 -7.150198 -2.875041 13.772728 -8.401493 -3.218242 0.347733 -34.211555 0.771654 -0.963028 -17.73337 2.621019 -0.0 0.0 -1e-06 -17.346415 -20.095217 -4.20178 21.757555 -1.638375 3.866428 1e-06 -6.338824 -0.0 -1.697589 -22.591738 -6.194005 0.0 -5e-06 -2e-06 21.956064 -65.615875 178.939529 22.242599 -53.662163 7.423681 26.073967 0.185364 0.249275 -3.783326 7.720801 -22.469868 22.182117 -20.375887 49.933308 -16.701813 -16.743528 28.476524 -3e-06 -12.690599 -2e-06 15.920808 -17.797659 2.907897 -0.10592 -1.513856 -4.275881 -5.03904 -5.612871 -2.953557 4e-06 -11.020523 -2e-06 -6.111297 -15.895334 -3.840471 -0.0 1e-06 0.0 -10.283369 -5.680288 -4.341837 11.028292 -11.302404 -2.372633 -1.384268 -14.238581 -6.320121 -0.625437 -26.924187 -3.827603 -4.027036 -49.845501 -3.64672 -13.708522 -7.363476 -3.720938 18.141146 -14.05274 -3.242674 6e-06 -18.78727 -3e-06 -0.429711 -8.456047 2.555502 -2e-06 2e-06 -1e-06 -15.923532 -20.094482 -5.473585 30.419207 -7.190825 1.735926 1e-06 -8.162924 -0.0 -1.861899 -22.861471 -6.167944 -0.0 -2e-06 -2e-06 -178.47348 0.802586 -6.725598 5.740901 -0.000208 -0.005646 -78.633064 -1.366815 -2.772786 -4.146272 1.401106 2.116538 -0.999999 -0.0 0.0 2.432536 -1.739496 0.155023 5.845002 -0.01079 0.051839 -79.863281 -5.401828 -5.905815 -4.145669 0.598232 1.651677 -1.000002 -0.0 0.0 
0.0 0.0 0.0 0.0 -0.0 0.0 -0.324236 100.344849 0.361891 90.897331 -2.737892 89.053535 -5.558966 -0.587136 -0.119813 -13.08652 -0.745414 0.009535 17.039322 -0.480948 -1.946995 14.672954 -1.274269 2.478516 -2.52956 -0.555038 -4.745838 -32.73827 -2.311153 -6.663573 6e-06 -0.0 -1e-06 0.062722 0.078075 0.142841 0.196439 0.071063 0.138532 0.176578 0.08097 0.148268 -140.330292 -67.459465 161.803619 38.772251 -51.75457 4.34624 18.284184 -0.268161 -0.107873 3.440152 1.898541 -28.339197 17.636627 -26.322727 52.411182 -19.46666 -14.395596 29.410385 -1e-06 -8.774821 -1e-06 15.630097 -17.602613 6.115379 -0.609778 -1.795653 -3.889327 -4.807088 -11.046809 -2.93785 5e-06 -20.976015 -1e-06 -5.01997 -25.033556 -4.031881 6e-06 1e-06 -0.0 -10.634533 -5.686969 -3.565587 10.573275 -17.922947 -3.113901 3e-06 -13.821205 1e-06 -0.501776 -31.181498 -4.027016 -11.284138 -59.58453 7.12688 -13.982714 -7.150198 -2.875041 13.772729 -8.401491 -3.218241 0.347734 -34.211552 0.771655 -0.963028 -17.73337 2.62102 1e-06 -1e-06 -0.0 -17.346416 -20.095213 -4.201782 21.757555 -1.638374 3.866428 0.0 -6.338824 0.0 -1.697589 -22.591736 -6.194005 -0.0 -3e-06 -1e-06 21.945715 -65.710251 178.910675 22.536139 -53.701286 7.076035 25.963135 0.124959 0.224531 -3.773499 7.852723 -21.915325 22.182116 -20.3759 49.933319 -16.701815 -16.743528 28.476532 -4e-06 -12.690601 -1e-06 15.924459 -17.784657 2.897453 -0.10592 -1.513856 -4.275882 -5.03904 -5.612872 -2.953557 4e-06 -11.020525 -1e-06 -6.111297 -15.895338 -3.840469 -0.0 1e-06 0.0 -10.283371 -5.680288 -4.341839 11.028294 -11.302407 -2.372632 -1.384268 -14.238585 -6.320121 -0.625439 -26.924194 -3.827601 -4.019275 -49.797039 -3.635689 -13.708524 -7.363476 -3.720939 18.141148 -14.052742 -3.242675 5e-06 -18.787271 -1e-06 -0.429712 -8.456045 2.555504 -2e-06 2e-06 -1e-06 -15.923534 -20.094484 -5.473585 30.41921 -7.190827 1.735926 3e-06 -8.162926 -0.0 -1.861904 -22.861475 -6.167942 -1e-06 -2e-06 -1e-06 -178.560516 0.738994 -6.980091 5.772244 0.001766 -0.005949 -78.603775 -1.173499 -2.759692 -4.16944 1.416642 2.118665 -0.999999 0.0 0.0 2.362585 -1.712401 0.175476 5.803545 -0.00567 0.059505 -79.75972 -5.3053 -5.91832 -4.186286 0.601742 1.650622 -1.000002 0.0 -0.0 
0.0 0.0 0.0 0.0 -0.0 0.0 -0.413788 100.348457 0.348432 90.900459 -2.814516 88.959206 -5.577019 -0.545384 -0.119004 -13.07701 -0.737916 0.00037 16.953775 -0.490995 -1.940599 14.749155 -1.417325 2.463735 -2.530452 -0.552368 -4.843894 -32.599533 -2.400983 -6.737958 7e-06 0.0 1e-06 0.059835 0.082495 0.154937 0.183394 0.075541 0.149686 0.16688 0.084964 0.161807 -140.06636 -67.590973 161.418533 38.942219 -51.982307 2.789441 17.889383 -0.325994 -0.115612 3.469439 2.024174 -28.996353 17.636625 -26.322729 52.41119 -19.466665 -14.395596 29.410389 -1e-06 -8.774821 -1e-06 15.590304 -17.568331 6.142824 -0.609775 -1.795654 -3.889328 -4.807088 -11.046809 -2.937851 6e-06 -20.976017 -2e-06 -5.019967 -25.033556 -4.031882 6e-06 -2e-06 0.0 -10.634534 -5.68697 -3.565588 10.573275 -17.922951 -3.113902 4e-06 -13.821206 0.0 -0.501774 -31.181501 -4.027017 -11.309172 -59.596024 7.152074 -13.982714 -7.150198 -2.875041 13.77273 -8.401493 -3.218243 0.347737 -34.211555 0.771651 -0.963027 -17.733372 2.621018 0.0 -1e-06 -0.0 -17.346416 -20.095217 -4.201783 21.757557 -1.638375 3.866427 0.0 -6.338824 -0.0 -1.697587 -22.591747 -6.194009 -1e-06 -3e-06 -2e-06 21.964613 -65.848465 178.785294 22.812359 -53.778751 6.782642 25.868584 0.088784 0.211586 -3.784393 7.971618 -21.278936 22.182108 -20.375883 49.933296 -16.701811 -16.743528 28.476526 -4e-06 -12.690598 -0.0 15.929552 -17.775381 2.884241 -0.105919 -1.513856 -4.27588 -5.039039 -5.61287 -2.953555 4e-06 -11.02052 -2e-06 -6.111296 -15.89533 -3.840471 0.0 -1e-06 0.0 -10.283367 -5.680287 -4.341837 11.028292 -11.302402 -2.372633 -1.384267 -14.238577 -6.32012 -0.625437 -26.924183 -3.827601 -3.989773 -49.75766 -3.647372 -13.708521 -7.363475 -3.720938 18.141146 -14.052736 -3.242675 8e-06 -18.787266 -3e-06 -0.429712 -8.456043 2.555502 -0.0 0.0 0.0 -15.923532 -20.094479 -5.473583 30.419205 -7.190824 1.735925 2e-06 -8.162922 -0.0 -1.861903 -22.861462 -6.167941 0.0 -4e-06 -1e-06 -178.688553 0.665763 -7.227377 5.850355 0.0003 -0.010517 -78.620811 -0.969198 -2.727279 -4.193985 1.429831 2.119179 -0.999999 -0.0 0.0 2.217153 -1.675491 0.157942 5.865879 -0.002431 0.072797 -79.796654 -5.209913 -5.920397 -4.217511 0.610932 1.651176 -1.000003 0.0 0.0 
0.0 0.0 0.0 0.0 -0.0 0.0 -0.502997 100.354645 0.316055 90.887375 -2.915283 88.846443 -5.582773 -0.494274 -0.114674 -13.070889 -0.723748 -0.011572 16.850943 -0.496297 -1.953188 14.842954 -1.549921 2.42763 -2.536183 -0.560403 -4.927343 -32.515778 -2.482661 -6.796347 6e-06 -0.0 0.0 0.054343 0.083253 0.158024 0.165895 0.077791 0.152473 0.154485 0.083682 0.165018 -139.53334 -67.826843 160.749832 39.229549 -52.284203 0.499516 17.325087 -0.400506 -0.127941 3.584065 2.125488 -29.844519 17.636633 -26.322737 52.411209 -19.46666 -14.395598 29.410393 -0.0 -8.774822 -2e-06 15.557235 -17.518297 6.176198 -0.609775 -1.795653 -3.889328 -4.80709 -11.046809 -2.93785 4e-06 -20.976013 0.0 -5.01997 -25.033546 -4.03188 6e-06 -1e-06 0.0 -10.634535 -5.68697 -3.565588 10.573274 -17.922947 -3.1139 2e-06 -13.821205 2e-06 -0.501779 -31.181501 -4.027016 -11.309807 -59.605362 7.185626 -13.982715 -7.150198 -2.875042 13.772731 -8.401491 -3.218242 0.347732 -34.211544 0.771657 -0.963029 -17.733372 2.621021 -0.0 -1e-06 -1e-06 -17.346422 -20.095215 -4.201783 21.757561 -1.638375 3.866428 0.0 -6.338824 1e-06 -1.69759 -22.591745 -6.194005 0.0 -5e-06 -2e-06 22.074108 -66.084549 178.525986 23.194111 -53.913967 6.411594 25.77367 0.091203 0.207596 -3.818133 8.09109 -20.430031 22.182114 -20.375895 49.933319 -16.701811 -16.74353 28.476532 -4e-06 -12.690599 0.0 15.958988 -17.778311 2.850986 -0.105919 -1.513856 -4.275882 -5.039041 -5.612871 -2.953557 4e-06 -11.020523 -2e-06 -6.111298 -15.895332 -3.840471 0.0 1e-06 -0.0 -10.283371 -5.680288 -4.341838 11.028296 -11.302406 -2.372634 -1.384267 -14.238584 -6.320123 -0.625438 -26.924191 -3.827602 -3.94772 -49.733158 -3.693438 -13.708526 -7.363476 -3.720939 18.141151 -14.052739 -3.242676 7e-06 -18.78727 -1e-06 -0.429712 -8.456044 2.555505 -0.0 2e-06 1e-06 -15.923536 -20.094484 -5.473585 30.419214 -7.190827 1.735925 4e-06 -8.162925 -1e-06 -1.861902 -22.861469 -6.167942 -1e-06 -3e-06 -3e-06 -178.889404 0.564102 -7.455455 5.997867 -0.002883 -0.019417 -78.662819 -0.780492 -2.713025 -4.191698 1.435508 2.117198 -0.999999 0.0 -0.0 2.036684 -1.616665 0.09714 5.914601 -0.000798 0.092352 -79.815117 -5.0897 -5.899865 -4.237527 0.62544 1.653245 -1.000002 0.0 0.0 
0.0 0.0 0.0 0.0 -0.0 0.0 -0.603043 100.375221 0.265346 90.854568 -3.070817 88.714203 -5.588253 -0.433766 -0.109865 -13.07376 -0.711131 -0.036796 16.727217 -0.488679 -1.970538 14.960819 -1.682712 2.399088 -2.539154 -0.577777 -5.022974 -32.524372 -2.569564 -6.864279 6e-06 0.0 1e-06 0.04978 0.080947 0.151703 0.144202 0.079775 0.145461 0.136819 0.076625 0.158631 -138.692627 -68.189514 159.730606 39.577553 -52.665253 -2.780829 16.579725 -0.486695 -0.14697 3.76479 2.229711 -31.077675 17.636631 -26.322727 52.411201 -19.466663 -14.395598 29.410393 -0.0 -8.774822 -2e-06 15.505342 -17.458368 6.218194 -0.609776 -1.795654 -3.889328 -4.807091 -11.046811 -2.93785 3e-06 -20.976019 -2e-06 -5.019971 -25.033558 -4.031884 6e-06 -2e-06 -0.0 -10.634535 -5.686972 -3.565588 10.573272 -17.922949 -3.113901 2e-06 -13.821209 -0.0 -0.501777 -31.181501 -4.027019 -11.245919 -59.595066 7.16603 -13.982718 -7.150199 -2.875042 13.772731 -8.40149 -3.218241 0.347731 -34.211544 0.771654 -0.963029 -17.73337 2.621019 -0.0 -2e-06 -1e-06 -17.346422 -20.095219 -4.201784 21.757561 -1.638372 3.86643 -0.0 -6.338823 0.0 -1.697592 -22.591745 -6.19401 0.0 -4e-06 -2e-06 22.297098 -66.415642 178.139511 23.699421 -54.050579 5.713813 25.698154 0.098533 0.198233 -3.852279 8.25478 -19.478655 22.182112 -20.375883 49.9333 -16.701811 -16.743528 28.476519 -2e-06 -12.690601 -2e-06 16.016972 -17.792234 2.7824 -0.10592 -1.513856 -4.27588 -5.03904 -5.61287 -2.953556 4e-06 -11.02052 -2e-06 -6.111297 -15.89533 -3.84047 -0.0 1e-06 -0.0 -10.283371 -5.680287 -4.341837 11.028295 -11.302404 -2.372633 -1.384269 -14.238579 -6.32012 -0.62544 -26.924187 -3.827599 -3.908121 -49.709782 -3.760105 -13.708527 -7.363476 -3.720938 18.141148 -14.052739 -3.242674 7e-06 -18.78727 -3e-06 -0.42971 -8.456041 2.555504 -1e-06 1e-06 -0.0 -15.923536 -20.094482 -5.473582 30.41921 -7.190824 1.735927 4e-06 -8.162925 -1e-06 -1.861902 -22.861467 -6.167942 -0.0 -4e-06 -2e-06 -179.216797 0.421817 -7.628974 6.252163 -0.003294 -0.032771 -78.696327 -0.640031 -2.729416 -4.178346 1.437595 2.114138 -0.999997 -0.0 -0.0 1.846176 -1.536571 -0.003744 5.834846 0.003099 0.113112 -79.752373 -4.89957 -5.882232 -4.278653 0.643088 1.654638 -1.000002 -0.0 -0.0 
0.0 0.0 0.0 0.0 -0.0 0.0 -0.721177 100.40699 0.196333 90.795937 -3.279359 88.570892 -5.592097 -0.354911 -0.10684 -13.073245 -0.706119 -0.070997 16.56797 -0.476668 -1.967885 15.107757 -1.82525 2.393023 -2.545263 -0.596204 -5.152952 -32.598141 -2.682984 -6.973759 6e-06 -0.0 1e-06 0.048452 0.077021 0.142517 0.123278 0.079436 0.134545 0.118917 0.068888 0.150501 -137.460007 -68.723679 158.262375 39.877747 -53.124294 -7.201291 15.707275 -0.533371 -0.160203 3.940869 2.401455 -33.264687 17.636625 -26.322729 52.411194 -19.46666 -14.395592 29.410385 -1e-06 -8.77482 -2e-06 15.442537 -17.43137 6.247108 -0.609777 -1.795653 -3.889327 -4.807087 -11.046811 -2.93785 4e-06 -20.976015 -1e-06 -5.019969 -25.03356 -4.03188 5e-06 1e-06 0.0 -10.634533 -5.686971 -3.565587 10.573272 -17.922951 -3.113902 3e-06 -13.821209 -0.0 -0.501777 -31.181501 -4.027017 -11.08332 -59.566898 7.035482 -13.982712 -7.150198 -2.875043 13.772726 -8.401491 -3.21824 0.347733 -34.211555 0.771653 -0.963027 -17.733372 2.621017 -0.0 -0.0 0.0 -17.346418 -20.095219 -4.201783 21.757555 -1.638375 3.866428 2e-06 -6.338823 -1e-06 -1.697589 -22.591743 -6.194006 -1e-06 -4e-06 -2e-06 22.733652 -66.838547 177.528702 24.226862 -54.161278 4.469538 25.674011 0.099173 0.169246 -3.836848 8.508964 -18.513218 22.182114 -20.375895 49.933319 -16.701811 -16.743528 28.47653 -4e-06 -12.690598 -1e-06 16.087761 -17.815304 2.698966 -0.105921 -1.513856 -4.275881 -5.03904 -5.612869 -2.953557 4e-06 -11.02052 -2e-06 -6.111297 -15.89533 -3.84047 0.0 1e-06 -0.0 -10.283371 -5.680287 -4.341838 11.028294 -11.302405 -2.372633 -1.384268 -14.238577 -6.32012 -0.625437 -26.924187 -3.8276 -3.854585 -49.686459 -3.850581 -13.708525 -7.363474 -3.72094 18.141148 -14.052739 -3.242674 8e-06 -18.787266 -2e-06 -0.429712 -8.456041 2.555503 1e-06 2e-06 1e-06 -15.923532 -20.094479 -5.473586 30.41921 -7.190827 1.735926 4e-06 -8.162924 0.0 -1.861901 -22.861464 -6.167939 -0.0 -5e-06 -1e-06 -179.700562 0.226363 -7.80283 6.687252 -0.006423 -0.035876 -78.760757 -0.504877 -2.763955 -4.207846 1.440958 2.112711 -0.999999 0.0 -0.0 1.601206 -1.421218 -0.128554 5.715629 0.009964 0.127224 -79.537537 -4.626417 -5.872114 -4.335543 0.667774 1.658262 -1.000002 -0.0 -0.0 
0.0 0.0 0.0 0.0 -0.0 0.0 -0.862346 100.442017 0.100394 90.703278 -3.536652 88.439903 -5.584396 -0.243966 -0.098521 -13.06347 -0.704306 -0.090444 16.36191 -0.473889 -1.957772 15.275165 -1.981389 2.396023 -2.544659 -0.619171 -5.318391 -32.680607 -2.823131 -7.136235 6e-06 0.0 0.0 0.047265 0.071416 0.129458 0.109586 0.073019 0.119216 0.104669 0.06421 0.139499 -135.721405 -69.412704 156.239044 39.939651 -53.545914 -12.676037 14.869343 -0.522704 -0.172313 4.067045 2.766322 -36.493252 17.636633 -26.322737 52.411213 -19.466665 -14.395597 29.410395 2e-06 -8.774823 -2e-06 15.405459 -17.479813 6.256989 -0.609776 -1.795654 -3.889327 -4.807091 -11.046813 -2.937851 3e-06 -20.976021 -1e-06 -5.019973 -25.033562 -4.031882 7e-06 2e-06 0.0 -10.634537 -5.686974 -3.565588 10.573275 -17.922955 -3.113902 1e-06 -13.821213 -0.0 -0.501778 -31.181511 -4.027019 -10.928543 -59.568893 6.891583 -13.982718 -7.1502 -2.875042 13.772731 -8.401494 -3.21824 0.347732 -34.211559 0.771653 -0.96303 -17.733376 2.621018 0.0 -2e-06 -1e-06 -17.346424 -20.095224 -4.201782 21.757561 -1.638373 3.866429 1e-06 -6.338825 -1e-06 -1.697591 -22.591751 -6.194007 -1e-06 -5e-06 -2e-06 23.494635 -67.360603 176.566833 24.548122 -54.216259 2.502085 25.787411 0.10138 0.120168 -3.752093 8.998084 -17.676708 22.182116 -20.375898 49.933327 -16.701817 -16.74353 28.476534 -3e-06 -12.690601 -0.0 16.163713 -17.869772 2.63038 -0.105918 -1.513856 -4.275882 -5.039042 -5.612872 -2.953557 5e-06 -11.020523 -2e-06 -6.111297 -15.895334 -3.840471 -0.0 1e-06 0.0 -10.283369 -5.680288 -4.34184 11.028294 -11.302406 -2.372633 -1.384267 -14.238581 -6.320122 -0.625439 -26.924191 -3.8276 -3.825981 -49.727226 -3.921946 -13.708524 -7.363476 -3.72094 18.14115 -14.052739 -3.242675 7e-06 -18.78727 -2e-06 -0.429712 -8.456041 2.555504 -0.0 1e-06 0.0 -15.923534 -20.094482 -5.473585 30.419214 -7.190826 1.735924 4e-06 -8.162926 -0.0 -1.861903 -22.861469 -6.16794 0.0 -3e-06 -2e-06 179.633636 -0.032768 -8.000674 7.359521 -0.015388 -0.025742 -78.904549 -0.334834 -2.784531 -4.304241 1.45466 2.114618 -0.999999 -0.0 -0.0 1.230802 -1.248431 -0.330148 5.712257 0.015042 0.122992 -79.351288 -4.280716 -5.854712 -4.401 0.69648 1.664906 -1.000004 0.0 -0.0 
0.0 0.0 0.0 0.0 -0.0 0.0 -1.031561 100.468811 -0.018201 90.576843 -3.825016 88.356148 -5.562943 -0.108244 -0.089325 -13.052673 -0.692534 -0.092824 16.131847 -0.47247 -1.947098 15.442616 -2.135428 2.402579 -2.554307 -0.659635 -5.506615 -32.755344 -2.968618 -7.316426 6e-06 0.0 -0.0 0.044236 0.063875 0.111147 0.088992 0.062554 0.098169 0.081643 0.059936 0.124292 -133.389954 -70.210876 153.554962 39.428524 -53.778122 -18.460768 14.218985 -0.402216 -0.184456 4.259084 3.418494 -40.168343 17.636621 -26.322725 52.411205 -19.46666 -14.395596 29.410395 1e-06 -8.774822 -2e-06 15.494762 -17.647614 6.297012 -0.609777 -1.795654 -3.889328 -4.80709 -11.046811 -2.937851 -1e-06 -20.976015 -4e-06 -5.019976 -25.033556 -4.031884 6e-06 1e-06 -0.0 -10.634537 -5.686973 -3.565588 10.573271 -17.922951 -3.113902 3e-06 -13.821211 -2e-06 -0.501778 -31.181505 -4.027023 -11.054965 -59.815445 6.956425 -13.982714 -7.1502 -2.875044 13.772727 -8.401489 -3.218242 0.34773 -34.211544 0.77165 -0.963029 -17.73337 2.621014 0.0 3e-06 -0.0 -17.346424 -20.095222 -4.20178 21.757559 -1.63837 3.866429 -0.0 -6.338823 -0.0 -1.697589 -22.591751 -6.194013 1e-06 -3e-06 -2e-06 24.618824 -68.091713 175.206055 24.370203 -54.193085 -0.262884 26.113512 0.157599 0.084565 -3.671661 10.015135 -17.441799 22.182116 -20.375893 49.933323 -16.701813 -16.743525 28.47653 -3e-06 -12.690598 -1e-06 16.221277 -17.996565 2.640151 -0.105919 -1.513855 -4.275881 -5.039041 -5.612873 -2.953557 3e-06 -11.020523 -2e-06 -6.111296 -15.895332 -3.840472 0.0 2e-06 -0.0 -10.283371 -5.680288 -4.341839 11.028294 -11.302406 -2.372633 -1.384268 -14.238581 -6.320121 -0.625436 -26.924191 -3.827604 -3.885441 -49.894245 -3.899099 -13.708523 -7.363477 -3.72094 18.141148 -14.052739 -3.242675 6e-06 -18.78727 -3e-06 -0.429709 -8.456043 2.555504 -0.0 0.0 1e-06 -15.923532 -20.094482 -5.473587 30.419207 -7.190825 1.735926 0.0 -8.162925 -1e-06 -1.861902 -22.861467 -6.167942 1e-06 -2e-06 -2e-06 178.807556 -0.351734 -8.192147 8.269997 -0.021517 -0.001286 -79.159302 -0.164026 -2.788878 -4.424411 1.472788 2.12233 -1.0 0.0 -0.0 0.799354 -1.024157 -0.632425 5.767572 0.016183 0.104432 -79.198746 -3.885617 -5.821887 -4.476333 0.708463 1.667562 -1.000001 -0.0 0.0 
0.0 0.0 0.0 0.0 -0.0 0.0 -1.220776 100.492477 -0.145655 90.447762 -4.115712 88.365379 -5.517282 0.020246 -0.088124 -13.045831 -0.660365 -0.085581 15.888033 -0.486021 -1.947521 15.588128 -2.283543 2.42377 -2.56723 -0.715485 -5.646142 -32.84074 -3.125989 -7.459254 7e-06 0.0 0.0 0.038755 0.052671 0.082632 0.052038 0.051687 0.064817 0.042992 0.048756 0.101448 -130.422836 -71.064468 150.19162 38.19173 -53.767994 -23.914623 13.836418 -0.182753 -0.190659 4.636131 4.322863 -43.785919 17.636635 -26.322731 52.41119 -19.466658 -14.395596 29.410381 0.0 -8.774822 -4e-06 15.688392 -17.853081 6.387877 -0.609776 -1.795653 -3.88933 -4.807091 -11.046809 -2.937849 4e-06 -20.976019 -0.0 -5.01997 -25.033558 -4.031878 6e-06 2e-06 2e-06 -10.634535 -5.68697 -3.565588 10.573277 -17.922951 -3.113901 2e-06 -13.82121 1e-06 -0.501779 -31.181505 -4.02701 -11.408761 -60.265949 7.19482 -13.982714 -7.150198 -2.875043 13.772729 -8.401491 -3.218241 0.347737 -34.211555 0.771654 -0.96303 -17.73337 2.621022 0.0 0.0 -0.0 -17.346416 -20.095215 -4.201784 21.757557 -1.638378 3.866429 1e-06 -6.338823 1e-06 -1.697589 -22.591745 -6.194005 -0.0 -4e-06 -3e-06 26.079607 -69.076508 173.429977 23.394573 -54.085148 -3.567037 26.794508 0.287983 0.070155 -3.663623 11.477605 -17.718716 22.18211 -20.375885 49.933308 -16.701813 -16.743528 28.476526 -3e-06 -12.690601 -1e-06 16.215374 -18.1534 2.733835 -0.105921 -1.513855 -4.275881 -5.039038 -5.61287 -2.953556 4e-06 -11.020523 -2e-06 -6.111296 -15.89533 -3.840471 1e-06 0.0 -0.0 -10.283371 -5.680286 -4.341837 11.028292 -11.302404 -2.372633 -1.384269 -14.238579 -6.32012 -0.625433 -26.924183 -3.827601 -4.016864 -50.076912 -3.839308 -13.708523 -7.363473 -3.720939 18.141146 -14.052738 -3.242673 6e-06 -18.787266 -3e-06 -0.429712 -8.456043 2.555503 -1e-06 1e-06 -1e-06 -15.923532 -20.094481 -5.473586 30.419207 -7.190827 1.735927 1e-06 -8.162925 -1e-06 -1.861902 -22.861464 -6.167941 2e-06 -6e-06 -2e-06 177.938034 -0.68067 -8.329822 9.246193 -0.017983 0.024721 -79.412277 -0.005869 -2.775414 -4.528583 1.476936 2.130933 -0.999998 -0.0 0.0 0.333121 -0.790679 -1.011745 5.913155 0.01993 0.082622 -79.091057 -3.498839 -5.781065 -4.546252 0.707718 1.664998 -1.000002 0.0 0.0 
0.0 0.0 0.0 0.0 -0.0 0.0 -1.40806 100.509224 -0.273588 90.326492 -4.408191 88.433685 -5.453165 0.143732 -0.086828 -13.041556 -0.607049 -0.053275 15.626006 -0.525068 -1.956254 15.671995 -2.431136 2.457564 -2.568236 -0.773347 -5.715518 -32.953514 -3.327178 -7.543568 6e-06 1e-06 -0.0 0.033157 0.041949 0.053421 0.020747 0.040356 0.028761 0.009565 0.038928 0.079389 -126.722649 -71.898987 146.027878 36.261204 -53.504013 -29.002268 13.62672 0.042246 -0.166547 5.164231 5.203788 -47.059139 17.636627 -26.322721 52.411179 -19.466658 -14.395594 29.410378 -0.0 -8.774819 -2e-06 15.910434 -17.925163 6.490531 -0.609776 -1.795652 -3.889327 -4.807088 -11.046806 -2.937848 6e-06 -20.976011 -3e-06 -5.019969 -25.033546 -4.031878 7e-06 4e-06 -0.0 -10.634531 -5.686966 -3.565589 10.573275 -17.922947 -3.113901 2e-06 -13.821205 1e-06 -0.501777 -31.181498 -4.027012 -11.738415 -60.689095 7.44897 -13.982708 -7.150194 -2.875042 13.772726 -8.401489 -3.218241 0.347738 -34.211544 0.771651 -0.963028 -17.733366 2.62102 -1e-06 1e-06 1e-06 -17.346415 -20.095209 -4.201781 21.757557 -1.638377 3.866429 1e-06 -6.338822 1e-06 -1.697587 -22.591738 -6.194005 -1e-06 -4e-06 -2e-06 28.041227 -70.31958 171.114853 21.645262 -53.892075 -7.073438 27.98888 0.529058 0.06398 -3.660109 12.996998 -18.159697 22.182116 -20.375891 49.933308 -16.701811 -16.743528 28.476526 -3e-06 -12.6906 -1e-06 16.116667 -18.251308 2.859039 -0.105919 -1.513857 -4.275879 -5.03904 -5.61287 -2.953554 3e-06 -11.020523 -2e-06 -6.111299 -15.89533 -3.840468 0.0 0.0 0.0 -10.283369 -5.680288 -4.341837 11.028291 -11.302402 -2.372631 -1.384268 -14.238577 -6.32012 -0.625438 -26.924185 -3.827599 -4.13651 -50.150326 -3.860269 -13.708524 -7.363476 -3.720939 18.141146 -14.052739 -3.242673 7e-06 -18.78727 -3e-06 -0.42971 -8.456045 2.555503 -1e-06 -0.0 -0.0 -15.923532 -20.094481 -5.473584 30.41921 -7.190825 1.735925 1e-06 -8.162922 -1e-06 -1.861899 -22.861464 -6.167942 1e-06 -3e-06 -1e-06 177.084869 -0.996166 -8.41223 10.176849 -0.008897 0.04855 -79.644958 0.140364 -2.755574 -4.650886 1.466381 2.134507 -0.999999 0.0 0.0 -0.186948 -0.567983 -1.433522 6.190313 0.024199 0.065086 -79.063385 -3.146157 -5.729024 -4.629303 0.712335 1.663084 -1.000003 -0.0 0.0 
0.0 0.0 0.0 0.0 -0.0 0.0 -1.565563 100.521812 -0.3932 90.224998 -4.713328 88.509277 -5.376429 0.27459 -0.068284 -13.02785 -0.548329 0.006921 15.334565 -0.575728 -1.9582 15.651653 -2.620541 2.493897 -2.562594 -0.812363 -5.735383 -33.09166 -3.592134 -7.533694 6e-06 -0.0 0.0 0.032043 0.034614 0.032647 0.008795 0.02896 0.00041 -0.003044 0.035623 0.066004 -122.340385 -72.606613 141.08461 33.702335 -52.94751 -33.812088 13.506649 0.21362 -0.097373 5.665944 5.76697 -49.776989 17.636625 -26.322733 52.411182 -19.466665 -14.395597 29.410381 -1e-06 -8.77482 -1e-06 16.128704 -17.767849 6.549905 -0.609775 -1.795653 -3.889326 -4.807086 -11.04681 -2.937849 7e-06 -20.976017 1e-06 -5.019968 -25.033554 -4.031875 5e-06 1e-06 1e-06 -10.634531 -5.686967 -3.565587 10.573275 -17.922951 -3.113901 4e-06 -13.821209 5e-06 -0.501776 -31.181505 -4.027012 -11.984762 -61.006985 7.671081 -13.982712 -7.150196 -2.875041 13.77273 -8.401493 -3.218242 0.347737 -34.211555 0.771655 -0.963028 -17.73337 2.621023 -2e-06 -1e-06 1e-06 -17.346413 -20.095213 -4.201779 21.757557 -1.638378 3.866425 1e-06 -6.338823 1e-06 -1.697589 -22.591745 -6.194003 1e-06 -6e-06 -3e-06 30.657827 -71.79863 168.135712 19.21249 -53.574535 -10.464648 29.789791 0.873074 0.096979 -3.656916 14.248116 -18.536795 22.182117 -20.375898 49.933319 -16.701817 -16.743536 28.476532 -3e-06 -12.690601 -0.0 15.935843 -18.246237 2.981843 -0.105919 -1.513855 -4.275882 -5.03904 -5.61287 -2.953555 6e-06 -11.02052 -1e-06 -6.111296 -15.895328 -3.840471 -1e-06 -0.0 2e-06 -10.28337 -5.680285 -4.341839 11.028294 -11.302404 -2.372634 -1.384265 -14.238579 -6.320119 -0.625436 -26.924187 -3.827598 -4.212309 -50.066536 -3.960034 -13.708525 -7.363472 -3.720941 18.141153 -14.052739 -3.242676 7e-06 -18.78727 0.0 -0.429714 -8.456044 2.555505 1e-06 -0.0 -0.0 -15.923532 -20.094477 -5.473587 30.41921 -7.190826 1.735923 2e-06 -8.162926 -0.0 -1.861907 -22.861467 -6.167938 1e-06 -4e-06 -1e-06 176.286514 -1.267934 -8.458191 10.973697 -0.000971 0.075905 -79.830849 0.256886 -2.759233 -4.821571 1.449955 2.131042 -0.999999 0.0 0.0 -0.802521 -0.373928 -1.798236 6.649887 0.02958 0.039288 -79.122566 -2.912369 -5.674395 -4.754519 0.728673 1.665402 -1.000002 0.0 0.0 
0.0 0.0 0.0 0.0 -0.0 0.0 -1.673178 100.524582 -0.499477 90.148087 -5.011807 88.587532 -5.266634 0.410653 -0.03737 -12.991856 -0.490481 0.116758 14.989456 -0.610967 -1.969631 15.547703 -2.885252 2.528517 -2.56648 -0.817933 -5.710741 -33.239799 -3.887322 -7.394937 6e-06 -0.0 1e-06 0.032398 0.031171 0.021027 0.009225 0.02048 -0.019069 0.000946 0.036694 0.062107 -117.444489 -73.171783 135.573959 30.77878 -52.115635 -38.620617 13.412363 0.298534 -0.000401 5.975177 5.96665 -51.858047 17.636621 -26.322725 52.411194 -19.466661 -14.395594 29.410389 -2e-06 -8.774822 -2e-06 16.391396 -17.425728 6.519586 -0.609777 -1.795653 -3.889328 -4.807086 -11.046811 -2.93785 7e-06 -20.976015 -5e-06 -5.019966 -25.03356 -4.031882 5e-06 -2e-06 -1e-06 -10.634529 -5.686969 -3.565587 10.573275 -17.922949 -3.113902 2e-06 -13.821206 -3e-06 -0.501775 -31.181505 -4.027014 -12.221671 -61.237572 7.86958 -13.982712 -7.150196 -2.875043 13.77273 -8.401493 -3.21824 0.347733 -34.211555 0.771654 -0.96303 -17.73337 2.62102 -1e-06 0.0 -0.0 -17.346413 -20.095217 -4.201782 21.757555 -1.638373 3.866428 1e-06 -6.338821 1e-06 -1.697589 -22.591742 -6.194005 1e-06 -7e-06 -5e-06 34.171581 -73.479416 164.247589 16.350153 -53.195602 -13.826825 32.015194 1.220449 0.214269 -3.728451 15.140188 -18.878498 22.18211 -20.375885 49.933308 -16.701811 -16.74353 28.476528 -2e-06 -12.690603 -1e-06 15.739293 -18.150059 3.071708 -0.105921 -1.513856 -4.275881 -5.039041 -5.612871 -2.953557 4e-06 -11.02052 -3e-06 -6.111297 -15.89533 -3.84047 -0.0 0.0 -1e-06 -10.283371 -5.680288 -4.341838 11.028294 -11.302404 -2.372633 -1.384269 -14.238579 -6.320121 -0.625438 -26.924187 -3.827602 -4.254202 -49.867329 -4.062833 -13.708524 -7.363474 -3.720939 18.141146 -14.052739 -3.242674 7e-06 -18.787266 -2e-06 -0.429709 -8.456041 2.555503 1e-06 -0.0 0.0 -15.923536 -20.094482 -5.473583 30.41921 -7.190823 1.735927 1e-06 -8.162922 -2e-06 -1.861902 -22.861467 -6.167942 -2e-06 -2e-06 -0.0 175.526306 -1.477844 -8.461177 11.718367 0.000861 0.108773 -80.017418 0.357878 -2.797356 -5.038643 1.440178 2.123492 -1.000001 0.0 -0.0 -1.521198 -0.217023 -2.0937 7.341461 0.036255 0.004307 -79.301079 -2.84897 -5.634181 -4.920372 0.748037 1.669296 -1.000002 0.0 0.0 
0.0 0.0 0.0 0.0 -0.0 0.0 -1.711461 100.507263 -0.602551 90.117088 -5.289328 88.706566 -5.124083 0.537772 -0.001856 -12.940637 -0.432373 0.271998 14.596734 -0.651895 -1.996491 15.365359 -3.230077 2.547288 -2.570783 -0.806973 -5.675786 -33.35667 -4.207884 -7.174868 4e-06 0.0 1e-06 0.030922 0.031149 0.014549 0.007221 0.019153 -0.034036 0.002843 0.037313 0.064344 -112.162048 -73.613045 129.687653 27.755938 -51.006393 -43.496445 13.309568 0.382591 0.100311 6.021732 6.023869 -53.505791 17.636625 -26.322729 52.411201 -19.466663 -14.395596 29.410395 -1e-06 -8.774822 -1e-06 16.651726 -17.043478 6.45312 -0.609776 -1.795654 -3.889327 -4.807088 -11.046811 -2.93785 6e-06 -20.976013 0.0 -5.019969 -25.033552 -4.031882 6e-06 0.0 1e-06 -10.634533 -5.686969 -3.565588 10.573275 -17.922951 -3.1139 5e-06 -13.821205 -2e-06 -0.501775 -31.181501 -4.027019 -12.45533 -61.363712 8.042067 -13.982712 -7.150198 -2.875042 13.772729 -8.401492 -3.21824 0.34773 -34.211544 0.771653 -0.963028 -17.733366 2.621022 1e-06 -0.0 -0.0 -17.34642 -20.095219 -4.201783 21.757563 -1.638375 3.866427 -0.0 -6.338824 1e-06 -1.69759 -22.591745 -6.19401 0.0 -6e-06 -2e-06 38.904705 -75.274155 159.057129 13.200681 -52.787811 -17.366377 34.387642 1.474346 0.407499 -4.018641 15.89356 -19.431702 22.182108 -20.375885 49.933315 -16.701817 -16.743534 28.476534 -1e-06 -12.690603 -0.0 15.577998 -18.012688 3.129936 -0.105918 -1.513852 -4.275884 -5.039042 -5.612873 -2.953557 5e-06 -11.020519 -3e-06 -6.111298 -15.89533 -3.84047 3e-06 -1e-06 -0.0 -10.283371 -5.680287 -4.341836 11.028295 -11.302402 -2.372635 -1.384268 -14.238579 -6.320121 -0.625433 -26.924187 -3.827604 -4.299664 -49.639046 -4.093214 -13.708527 -7.363472 -3.720939 18.14115 -14.052739 -3.242676 8e-06 -18.78727 -2e-06 -0.42971 -8.456043 2.555503 2e-06 -1e-06 -0.0 -15.923538 -20.094479 -5.473584 30.41921 -7.190824 1.735924 -0.0 -8.162922 0.0 -1.861903 -22.861464 -6.167941 -0.0 -4e-06 -2e-06 174.758118 -1.587094 -8.384151 12.512084 -0.002016 0.137688 -80.251183 0.497841 -2.860315 -5.304078 1.442859 2.116367 -0.999999 0.0 0.0 -2.403871 -0.123185 -2.317268 8.406942 0.043843 -0.034272 -79.685616 -3.002345 -5.634292 -5.125475 0.760185 1.668162 -1.000002 0.0 0.0 
0.0 0.0 0.0 0.0 -0.0 0.0 -1.674902 100.456367 -0.727584 90.135025 -5.536215 88.914711 -4.922294 0.655207 0.035805 -12.883049 -0.381063 0.441112 14.15248 -0.712466 -2.047025 15.129774 -3.642239 2.564975 -2.578957 -0.788115 -5.689732 -33.423161 -4.560956 -6.913011 6e-06 -0.0 1e-06 0.021501 0.033805 0.011334 0.003487 0.024825 -0.04455 0.002896 0.036009 0.06847 -106.517281 -73.982414 123.44838 24.75366 -49.643929 -48.464214 13.146055 0.569897 0.19425 5.914472 6.139755 -54.891689 17.636627 -26.322731 52.411213 -19.46666 -14.395596 29.410395 0.0 -8.774821 -2e-06 16.803518 -16.760994 6.404228 -0.609773 -1.795654 -3.889329 -4.807088 -11.046811 -2.937852 4e-06 -20.976019 -1e-06 -5.019969 -25.033558 -4.031882 7e-06 -0.0 -2e-06 -10.634531 -5.686973 -3.565589 10.573275 -17.922955 -3.113903 3e-06 -13.821213 -2e-06 -0.501771 -31.181505 -4.027025 -12.583656 -61.254395 8.114858 -13.982711 -7.1502 -2.875044 13.77273 -8.401492 -3.218243 0.347731 -34.211555 0.771651 -0.963028 -17.733368 2.621018 -0.0 -1e-06 -0.0 -17.346418 -20.095222 -4.201784 21.757557 -1.638375 3.866427 1e-06 -6.338825 1e-06 -1.697589 -22.591745 -6.19401 -0.0 -6e-06 -2e-06 45.440163 -77.17485 151.93222 9.864736 -52.435913 -21.465302 36.705059 1.567843 0.610887 -4.63396 16.860922 -20.355644 22.182117 -20.37591 49.933323 -16.701817 -16.74353 28.476532 -3e-06 -12.690601 0.0 15.475056 -17.867853 3.127342 -0.105922 -1.513857 -4.275879 -5.03904 -5.612872 -2.953555 2e-06 -11.020523 -1e-06 -6.111296 -15.895332 -3.840472 1e-06 0.0 -1e-06 -10.283374 -5.680288 -4.341835 11.028297 -11.302404 -2.372634 -1.384269 -14.238583 -6.32012 -0.62544 -26.924194 -3.827598 -4.30253 -49.379528 -4.083373 -13.708526 -7.363478 -3.720937 18.141151 -14.052741 -3.242675 7e-06 -18.78727 -2e-06 -0.429712 -8.456043 2.555504 2e-06 -0.0 0.0 -15.923538 -20.094482 -5.473582 30.41921 -7.190831 1.735924 2e-06 -8.162926 -1e-06 -1.861904 -22.861473 -6.16794 -2e-06 -2e-06 -0.0 173.839966 -1.590734 -8.139729 13.619706 -0.006791 0.153496 -80.609329 0.65461 -2.919402 -5.615156 1.448025 2.112027 -0.999999 -0.0 -0.0 -3.641371 -0.097754 -2.500037 10.209267 0.055703 -0.071423 -80.384811 -3.352189 -5.701903 -5.386481 0.761318 1.662971 -1.000002 0.0 0.0 
0.0 0.0 0.0 0.0 -0.0 0.0 -1.579206 100.331604 -0.913317 90.197266 -5.691398 89.228577 -4.606543 0.730125 0.089994 -12.7938 -0.347299 0.592523 13.711791 -0.784563 -2.125537 14.805547 -4.036264 2.60762 -2.581385 -0.785201 -5.770562 -33.501095 -4.930324 -6.650239 8e-06 -0.0 -0.0 0.009056 0.037918 0.00727 0.006299 0.034586 -0.05251 0.008192 0.03333 0.067492 -100.624428 -74.333702 117.009964 21.95509 -48.083488 -53.643993 12.843998 0.926467 0.266753 5.797514 6.370135 -55.845108 17.636629 -26.322731 52.411182 -19.46666 -14.395597 29.410385 -0.0 -8.774822 -2e-06 16.753958 -16.626017 6.368379 -0.609775 -1.795653 -3.889327 -4.807087 -11.046809 -2.93785 6e-06 -20.976019 -1e-06 -5.01997 -25.033556 -4.031881 8e-06 0.0 1e-06 -10.634535 -5.686969 -3.565587 10.573275 -17.922947 -3.1139 2e-06 -13.821209 2e-06 -0.501778 -31.181498 -4.027016 -12.477675 -60.813076 7.965261 -13.982712 -7.150196 -2.875041 13.772731 -8.401492 -3.218242 0.347737 -34.21154 0.771655 -0.963027 -17.733366 2.621018 -0.0 -1e-06 1e-06 -17.346415 -20.095213 -4.201782 21.757555 -1.638376 3.866428 2e-06 -6.338824 1e-06 -1.697587 -22.59174 -6.194007 -0.0 -3e-06 -1e-06 54.478676 -79.029907 142.166489 6.539627 -52.144573 -26.093849 38.806446 1.468014 0.691539 -5.505165 18.372946 -21.340271 22.182117 -20.375898 49.933327 -16.701811 -16.743526 28.47653 -1e-06 -12.690601 -4e-06 15.42487 -17.751768 3.030086 -0.105921 -1.51386 -4.275881 -5.039041 -5.61287 -2.953559 4e-06 -11.020525 -0.0 -6.111298 -15.895334 -3.840474 -1e-06 -0.0 -0.0 -10.283373 -5.680293 -4.341839 11.028294 -11.302405 -2.372636 -1.384269 -14.238585 -6.320123 -0.625437 -26.924196 -3.827603 -4.226172 -49.052982 -4.089092 -13.708528 -7.363481 -3.72094 18.141153 -14.052739 -3.242676 7e-06 -18.78727 -4e-06 -0.429708 -8.456047 2.555505 2e-06 0.0 -0.0 -15.923536 -20.094492 -5.473588 30.419214 -7.190827 1.735929 4e-06 -8.162927 -1e-06 -1.861901 -22.861473 -6.167945 1e-06 -3e-06 -2e-06 172.565002 -1.528381 -7.709075 15.545238 -0.014301 0.161233 -81.255394 0.760298 -2.978193 -5.988591 1.449548 2.11439 -0.999999 -0.0 0.0 -5.413253 -0.200442 -2.690264 13.22072 0.073948 -0.106733 -81.516029 -3.763 -5.87075 -5.687055 0.765397 1.663289 -1.000003 -0.0 -0.0 
0.0 0.0 0.0 0.0 -0.0 0.0 -1.463751 100.013817 -1.217553 90.235695 -5.655373 89.680779 -4.058871 0.735521 0.146154 -12.593815 -0.337995 0.680591 13.316405 -0.807138 -2.212335 14.251087 -4.333366 2.64503 -2.578203 -0.808446 -5.811472 -33.735577 -5.304277 -6.377666 7e-06 -1e-06 0.0 0.004985 0.043207 -0.00683 0.02201 0.040797 -0.066519 0.020902 0.037098 0.052181 -93.939194 -74.767876 109.91024 19.397835 -46.492104 -59.238094 12.39132 1.523619 0.295978 5.599689 6.785815 -56.341114 17.636633 -26.322733 52.411205 -19.466663 -14.395598 29.410395 -3e-06 -8.774821 -1e-06 16.550938 -16.577034 6.333666 -0.609774 -1.795654 -3.889329 -4.807087 -11.046812 -2.937852 2e-06 -20.976019 1e-06 -5.019969 -25.03356 -4.031881 7e-06 1e-06 -2e-06 -10.634534 -5.686972 -3.565588 10.573277 -17.922953 -3.113901 2e-06 -13.821213 3e-06 -0.501776 -31.181505 -4.027019 -12.253199 -60.275551 7.66988 -13.982712 -7.150198 -2.875043 13.772731 -8.401491 -3.218241 0.347735 -34.211555 0.771652 -0.963027 -17.73337 2.621021 0.0 -1e-06 2e-06 -17.346418 -20.095219 -4.201784 21.757561 -1.638376 3.86643 0.0 -6.338826 1e-06 -1.697591 -22.591747 -6.194007 0.0 -5e-06 -0.0 67.30574 -80.558022 128.519135 3.525638 -51.700916 -30.831764 40.510765 1.410632 0.607234 -6.583099 20.410618 -21.851318 22.182123 -20.375891 49.933323 -16.701818 -16.743532 28.476536 -1e-06 -12.690605 -3e-06 15.376747 -17.698727 2.913051 -0.10592 -1.513857 -4.275882 -5.039042 -5.612873 -2.953559 5e-06 -11.020525 -3e-06 -6.111297 -15.89533 -3.840473 -1e-06 -0.0 -0.0 -10.283372 -5.680291 -4.341842 11.028294 -11.302406 -2.372635 -1.384269 -14.238586 -6.320122 -0.625439 -26.924192 -3.827605 -4.146967 -48.792767 -4.073669 -13.708527 -7.363479 -3.72094 18.141153 -14.052742 -3.242676 6e-06 -18.787273 -1e-06 -0.429712 -8.456045 2.555505 0.0 -2e-06 0.0 -15.923539 -20.094486 -5.473589 30.419218 -7.190827 1.735927 2e-06 -8.162928 -0.0 -1.861897 -22.861471 -6.167946 -0.0 -3e-06 -1e-06 170.615952 -1.538399 -7.132134 19.091864 -0.0275 0.183299 -82.57666 0.832827 -2.98994 -6.379487 1.437688 2.1207 -0.999998 -0.0 -0.0 -7.841475 -0.469708 -2.954314 17.982443 0.089025 -0.145694 -83.236717 -4.09832 -6.113697 -5.994531 0.779252 1.678027 -1.000002 -0.0 0.0 
0.0 0.0 0.0 0.0 -0.0 0.0 -1.371205 99.292557 -1.628824 90.27787 -5.268293 90.271309 -3.160691 0.627172 0.171824 -12.208158 -0.34628 0.694036 13.053668 -0.784177 -2.325679 13.406342 -4.46631 2.685221 -2.56599 -0.88863 -5.864305 -34.272469 -5.635939 -5.999707 6e-06 -0.0 0.0 0.013853 0.047786 -0.032201 0.05783 0.045873 -0.086186 0.045069 0.041671 0.021322 -85.771049 -75.265388 101.368126 16.704962 -45.052288 -65.318993 11.984243 2.391666 0.259029 5.199709 7.672198 -56.589989 17.636633 -26.322737 52.411205 -19.466665 -14.3956 29.410395 -1e-06 -8.774822 -3e-06 16.286802 -16.570114 6.33355 -0.609778 -1.795654 -3.889328 -4.807088 -11.046811 -2.937851 4e-06 -20.976021 1e-06 -5.019967 -25.03356 -4.031884 6e-06 2e-06 2e-06 -10.634537 -5.68697 -3.565588 10.573276 -17.922955 -3.113901 3e-06 -13.821212 2e-06 -0.501778 -31.181511 -4.027014 -12.030059 -59.965538 7.293468 -13.982716 -7.150198 -2.875041 13.772731 -8.401495 -3.218242 0.347733 -34.211555 0.771658 -0.963027 -17.73337 2.62102 0.0 0.0 -1e-06 -17.346418 -20.095221 -4.20178 21.757557 -1.638376 3.866428 1e-06 -6.338826 -0.0 -1.697588 -22.591749 -6.194006 -2e-06 -6e-06 -2e-06 83.773834 -81.370079 111.259506 1.231089 -50.818947 -35.982197 41.767464 1.545039 0.466297 -7.811609 22.938793 -21.96089 22.182123 -20.375889 49.933327 -16.701815 -16.743526 28.47653 -4e-06 -12.690603 -1e-06 15.233472 -17.680527 2.856406 -0.105919 -1.513856 -4.275882 -5.039043 -5.612873 -2.953556 4e-06 -11.020525 -3e-06 -6.1113 -15.895334 -3.840473 -0.0 1e-06 -2e-06 -10.283371 -5.680288 -4.341839 11.028296 -11.302406 -2.372633 -1.384268 -14.238581 -6.320124 -0.625438 -26.924191 -3.827605 -4.156355 -48.705162 -3.95312 -13.708527 -7.363478 -3.720941 18.141155 -14.05274 -3.242676 5e-06 -18.78727 -2e-06 -0.429711 -8.456047 2.555503 -2e-06 1e-06 0.0 -15.923539 -20.094486 -5.473588 30.419218 -7.190827 1.735928 2e-06 -8.162925 -2e-06 -1.861901 -22.861473 -6.167947 -1e-06 -4e-06 -1e-06 168.010147 -1.605527 -6.411586 24.617046 -0.04367 0.218546 -84.914818 1.089082 -2.950799 -6.744688 1.417462 2.133379 -0.999998 0.0 0.0 -11.058749 -0.872768 -3.353577 25.122805 0.110993 -0.18784 -85.658142 -4.19897 -6.222666 -6.404603 0.797334 1.706212 -1.000002 -0.0 -0.0 
0.0 0.0 0.0 0.0 -0.0 0.0 -1.31593 98.020813 -2.094102 90.28952 -4.450403 90.928352 -1.973755 0.445502 0.097686 -11.687294 -0.345662 0.674629 13.126465 -0.696901 -2.464482 12.250666 -4.308614 2.680479 -2.477102 -1.038931 -5.82301 -35.168751 -6.139078 -5.428378 7e-06 -0.0 1e-06 0.019297 0.095178 0.006898 0.086629 0.096302 -0.033861 0.046554 0.087662 0.046662 -77.292 -75.70182 92.71582 13.597123 -43.488888 -71.398537 12.038056 3.455722 0.172763 4.543096 9.377893 -57.80751 17.636625 -26.322739 52.411213 -19.466656 -14.395597 29.410393 -1e-06 -8.774821 -1e-06 15.970817 -16.645519 6.403256 -0.609776 -1.795654 -3.889327 -4.807087 -11.046811 -2.937851 3e-06 -20.976015 -0.0 -5.01997 -25.033558 -4.031882 7e-06 2e-06 -2e-06 -10.634534 -5.686973 -3.565589 10.573275 -17.922951 -3.113899 3e-06 -13.821206 2e-06 -0.501779 -31.181505 -4.027016 -11.729015 -59.870712 6.713956 -13.982713 -7.150198 -2.875044 13.772731 -8.40149 -3.218241 0.347731 -34.211544 0.771657 -0.963031 -17.73337 2.621021 1e-06 1e-06 -0.0 -17.346416 -20.095217 -4.201786 21.757555 -1.638374 3.866431 1e-06 -6.338824 1e-06 -1.697589 -22.591745 -6.194007 0.0 -4e-06 -2e-06 97.489548 -81.334145 97.075691 0.145225 -48.81686 -42.593742 42.669636 1.679249 0.15748 -8.807894 26.247271 -22.007336 22.182108 -20.375896 49.933327 -16.701811 -16.743528 28.476532 -2e-06 -12.690601 -2e-06 15.132291 -17.761953 2.811103 -0.10592 -1.513856 -4.275879 -5.039041 -5.612871 -2.953556 4e-06 -11.020523 -3e-06 -6.1113 -15.895334 -3.840471 1e-06 -1e-06 1e-06 -10.283371 -5.680289 -4.341838 11.028294 -11.302404 -2.372634 -1.384269 -14.238583 -6.320121 -0.625441 -26.924187 -3.827601 -4.306472 -48.875362 -3.740649 -13.708524 -7.363477 -3.72094 18.14115 -14.052739 -3.242675 4e-06 -18.78727 -3e-06 -0.429712 -8.456043 2.555502 -0.0 1e-06 0.0 -15.923536 -20.094484 -5.473583 30.41921 -7.190823 1.735926 2e-06 -8.162929 -0.0 -1.861904 -22.861469 -6.167943 -1e-06 -0.0 -1e-06 164.93248 -1.753285 -5.603375 32.027191 -0.05898 0.293658 -88.089386 1.520985 -2.819823 -6.910409 1.412084 2.151847 -1.0 0.0 -0.0 -14.679038 -1.395113 -3.898774 34.125038 0.17327 -0.243672 -88.200935 -4.041414 -6.225297 -6.98841 0.779852 1.73753 -1.000002 -1e-06 -0.0 
0.0 0.0 0.0 0.0 -0.0 0.0 -1.173408 96.036987 -2.494776 90.453354 -3.539786 91.440971 -0.928351 0.173058 0.069785 -11.186177 -0.376808 0.521105 13.491237 -0.584955 -2.571961 11.249796 -4.102763 2.622778 -2.516532 -1.159034 -5.768559 -35.791195 -6.462295 -4.683692 7e-06 0.0 0.0 0.013329 0.081287 -0.053049 0.136716 0.075257 -0.077014 0.111702 0.0797 -0.029291 -73.132202 -75.573372 88.281204 10.356732 -40.991047 -77.645409 13.553093 4.497 0.086402 3.06832 11.715554 -59.003643 17.636633 -26.322735 52.411201 -19.466663 -14.395598 29.410393 0.0 -8.774822 -2e-06 15.874178 -16.626209 6.25019 -0.609777 -1.795652 -3.889329 -4.807091 -11.046809 -2.937848 2e-06 -20.976019 -1e-06 -5.019974 -25.03356 -4.031881 4e-06 -3e-06 -0.0 -10.634536 -5.68697 -3.565588 10.573271 -17.922951 -3.113898 2e-06 -13.821209 -3e-06 -0.501781 -31.181505 -4.027015 -11.041531 -59.704391 6.2455 -13.982716 -7.150198 -2.875042 13.772731 -8.40149 -3.218238 0.347731 -34.211555 0.77165 -0.96303 -17.733368 2.62102 -1e-06 0.0 -0.0 -17.346422 -20.095221 -4.201784 21.757561 -1.638372 3.866427 1e-06 -6.338824 1e-06 -1.697591 -22.591747 -6.194008 -0.0 -6e-06 -1e-06 101.474495 -80.902901 92.731445 -0.179655 -44.994888 -50.695831 44.170071 1.315819 -0.192378 -9.118927 30.671679 -20.194315 22.182119 -20.375898 49.933323 -16.701813 -16.743528 28.47653 -3e-06 -12.6906 -2e-06 15.039066 -17.657764 2.661019 -0.10592 -1.513855 -4.275881 -5.039041 -5.612873 -2.953557 4e-06 -11.020525 -3e-06 -6.111297 -15.895334 -3.84047 -0.0 -0.0 -0.0 -10.283371 -5.680288 -4.341838 11.028293 -11.302406 -2.372632 -1.384268 -14.238581 -6.320123 -0.625437 -26.924191 -3.827599 -4.45105 -49.192192 -3.56128 -13.708527 -7.363478 -3.720942 18.14115 -14.052739 -3.242674 6e-06 -18.787271 -2e-06 -0.429712 -8.456043 2.555504 1e-06 2e-06 -0.0 -15.923536 -20.094484 -5.473584 30.41921 -7.190827 1.735927 2e-06 -8.162926 -1e-06 -1.861903 -22.861471 -6.167941 1e-06 -3e-06 -0.0 161.731033 -1.657837 -4.893165 40.087055 -0.051457 0.266793 -92.420006 2.041416 -2.70004 -6.639475 1.421384 2.173283 -1.0 0.0 -0.0 -18.391296 -2.101614 -4.066308 43.699295 0.172389 -0.204436 -91.364677 -3.180318 -5.865314 -7.655537 0.817944 1.742872 -1.000001 -0.0 -0.0 
0.0 0.0 0.0 0.0 -0.0 0.0 -0.976702 93.831558 -2.770347 90.83844 -2.641217 91.884003 -0.179296 -0.054436 -0.031944 -10.750467 -0.418699 0.437025 13.956924 -0.697276 -2.702036 10.953744 -3.733331 2.541599 -2.406003 -1.183719 -5.529248 -36.880318 -6.82111 -3.81586 5e-06 0.0 0.0 0.018365 0.10426 -0.012068 0.103562 0.099645 -0.042418 0.097363 0.100157 0.018318 -73.381256 -75.360748 88.628876 7.325698 -37.151119 -82.03833 15.898866 5.196692 -0.043096 1.61905 14.472314 -60.193069 17.636627 -26.322729 52.411194 -19.466661 -14.3956 29.410381 -1e-06 -8.774822 -0.0 15.936342 -16.877798 5.999104 -0.609775 -1.795654 -3.889326 -4.807088 -11.046809 -2.937849 6e-06 -20.976019 -2e-06 -5.019969 -25.03356 -4.031883 6e-06 -1e-06 1e-06 -10.634535 -5.686971 -3.565588 10.573275 -17.922951 -3.113898 4e-06 -13.821208 -0.0 -0.501776 -31.181505 -4.027014 -10.497345 -59.487907 5.91373 -13.982714 -7.150197 -2.87504 13.772733 -8.401495 -3.218241 0.347737 -34.211555 0.771653 -0.963029 -17.733372 2.621021 -0.0 2e-06 0.0 -17.34642 -20.095217 -4.201779 21.757561 -1.638377 3.866426 2e-06 -6.338824 0.0 -1.697587 -22.591742 -6.194005 -1e-06 -3e-06 -0.0 98.866386 -80.447617 95.065598 -0.022271 -39.637794 -58.162197 45.488434 1.069414 -0.638037 -8.195212 34.246651 -16.988499 22.182116 -20.375891 49.933308 -16.701811 -16.74353 28.476528 -2e-06 -12.6906 0.0 15.472932 -17.682863 2.326691 -0.105919 -1.513856 -4.27588 -5.039042 -5.612871 -2.953556 4e-06 -11.020527 -2e-06 -6.111299 -15.895334 -3.84047 0.0 0.0 -1e-06 -10.28337 -5.680289 -4.341838 11.028294 -11.302404 -2.372633 -1.38427 -14.238581 -6.320119 -0.62544 -26.924187 -3.827601 -4.417552 -49.529823 -3.640299 -13.708524 -7.363477 -3.720938 18.14115 -14.052739 -3.242675 5e-06 -18.78727 -3e-06 -0.429711 -8.456045 2.555504 -0.0 -1e-06 2e-06 -15.923536 -20.094484 -5.473582 30.41921 -7.190826 1.735924 2e-06 -8.162927 -1e-06 -1.861901 -22.861469 -6.167943 -1e-06 -3e-06 -1e-06 158.862473 -1.315818 -4.557223 47.714211 -0.024395 0.182196 -96.220825 2.352103 -2.447207 -6.169237 1.432016 2.182468 -0.999999 -0.0 -0.0 -21.354013 -3.021111 -3.93986 51.942188 0.226676 -0.185203 -94.489258 -2.662359 -5.908564 -8.096334 0.81446 1.762069 -1.000002 0.0 0.0 
0.0 0.0 0.0 0.0 -0.0 0.0 -0.763948 91.659149 -2.876977 91.451118 -1.968117 92.167343 0.205675 -0.290485 -0.050436 -10.456705 -0.493774 0.336541 14.368203 -1.010943 -2.842185 11.132524 -3.324486 2.487278 -2.401163 -1.199689 -5.218256 -37.567139 -7.08213 -3.163145 7e-06 1e-06 1e-06 0.017916 0.089727 -0.00579 0.101068 0.086171 -0.032908 0.114801 0.083287 0.022129 -74.632561 -74.812729 89.689728 4.393484 -33.119667 -84.240608 19.068388 4.922781 -0.087821 0.466121 16.768597 -59.399097 17.636625 -26.322721 52.411182 -19.466665 -14.395598 29.410385 -1e-06 -8.774822 -0.0 16.16699 -16.866617 5.65824 -0.609776 -1.795653 -3.889329 -4.807089 -11.046809 -2.937851 6e-06 -20.976015 -3e-06 -5.019968 -25.03356 -4.03188 6e-06 3e-06 0.0 -10.634535 -5.686969 -3.565586 10.573277 -17.922953 -3.113902 5e-06 -13.821209 -2e-06 -0.501775 -31.181505 -4.027018 -10.231608 -59.387436 6.069245 -13.982715 -7.150196 -2.875041 13.77273 -8.401492 -3.218244 0.347735 -34.211544 0.77165 -0.963028 -17.73337 2.621021 0.0 -1e-06 -0.0 -17.346422 -20.095215 -4.201782 21.757566 -1.638374 3.866425 1e-06 -6.338824 1e-06 -1.697588 -22.591745 -6.194006 -1e-06 -3e-06 -1e-06 97.689461 -79.935341 95.556763 -0.056202 -34.284161 -64.40844 47.031395 0.484696 -1.01222 -6.359538 36.198627 -12.196179 22.182114 -20.375898 49.933323 -16.701811 -16.743528 28.476532 -3e-06 -12.690601 1e-06 16.053589 -17.588072 2.028573 -0.105919 -1.513856 -4.275883 -5.039042 -5.612869 -2.953557 4e-06 -11.020525 -1e-06 -6.1113 -15.895334 -3.840471 -0.0 0.0 -1e-06 -10.283374 -5.680288 -4.341837 11.028297 -11.302405 -2.372633 -1.384269 -14.238581 -6.320121 -0.62544 -26.924191 -3.827602 -4.433037 -50.055073 -3.597367 -13.708528 -7.363473 -3.720939 18.141153 -14.05274 -3.242676 7e-06 -18.78727 -1e-06 -0.429713 -8.456044 2.555503 1e-06 -2e-06 3e-06 -15.923539 -20.094484 -5.473583 30.419218 -7.190826 1.735924 3e-06 -8.162928 -0.0 -1.861904 -22.861473 -6.167942 -1e-06 -4e-06 -0.0 156.642792 -0.780984 -4.684047 53.84708 0.007644 0.065606 -99.751335 2.558835 -2.121719 -5.573246 1.38651 2.176345 -0.999998 -0.0 -0.0 -23.460369 -3.839059 -3.234126 58.074818 0.214007 -0.120584 -98.329964 -2.382866 -5.782778 -7.818295 0.843321 1.784592 -1.000004 0.0 0.0 
0.0 0.0 0.0 0.0 -0.0 0.0 -0.579168 90.05098 -2.88068 91.800301 -1.528247 92.255592 0.3605 -0.380977 -0.045081 -10.303541 -0.550455 0.307225 14.612886 -1.256356 -2.982713 11.455689 -2.983481 2.441062 -2.365609 -1.211947 -4.858585 -37.97414 -7.148676 -2.605548 8e-06 0.0 1e-06 0.010934 0.072997 0.003458 0.062941 0.074365 -0.026356 0.0823 0.061445 0.034455 -72.386581 -74.15696 87.029236 1.423539 -29.625095 -84.220345 21.487764 4.032934 -0.030933 -0.160271 17.765747 -58.253162 17.636629 -26.322741 52.411209 -19.466663 -14.395598 29.410395 -1e-06 -8.774822 -0.0 16.335964 -16.715345 5.445195 -0.609776 -1.795655 -3.889328 -4.807091 -11.046811 -2.937853 2e-06 -20.976019 2e-06 -5.019974 -25.03356 -4.031878 5e-06 -1e-06 -0.0 -10.634536 -5.68697 -3.565587 10.573274 -17.922955 -3.113898 1e-06 -13.821213 3e-06 -0.501779 -31.181519 -4.027017 -10.218165 -59.506554 6.373977 -13.982713 -7.1502 -2.875045 13.772727 -8.401493 -3.21824 0.34773 -34.211555 0.771661 -0.963032 -17.73337 2.621019 -0.0 -1e-06 2e-06 -17.346418 -20.095221 -4.201782 21.757557 -1.638376 3.86643 2e-06 -6.338824 0.0 -1.697593 -22.591753 -6.194005 0.0 -3e-06 -2e-06 103.654007 -79.443382 88.704506 -0.220238 -29.892027 -69.549446 48.228649 -0.296849 -1.368527 -4.710147 36.034901 -8.529021 22.182123 -20.375898 49.933319 -16.701811 -16.743528 28.476528 -3e-06 -12.690601 -2e-06 16.548719 -17.515957 1.913143 -0.105919 -1.513858 -4.275882 -5.039042 -5.61287 -2.953556 4e-06 -11.020523 -2e-06 -6.111298 -15.89533 -3.840472 0.0 -0.0 -0.0 -10.283373 -5.68029 -4.341839 11.028293 -11.302406 -2.37263 -1.384268 -14.238581 -6.32012 -0.625437 -26.924191 -3.8276 -4.47631 -50.350845 -3.499019 -13.708526 -7.363476 -3.720941 18.141148 -14.052739 -3.242671 6e-06 -18.78727 0.0 -0.429711 -8.456043 2.555505 -0.0 0.0 1e-06 -15.923536 -20.094482 -5.473585 30.419218 -7.190828 1.73593 3e-06 -8.162928 -0.0 -1.861903 -22.861469 -6.16794 0.0 -4e-06 -2e-06 155.190582 -0.676626 -5.175729 58.058739 0.030336 -0.032592 -102.227699 2.834457 -1.635234 -5.25879 1.334112 2.167763 -0.999999 -0.0 -0.0 -24.840994 -4.13392 -2.442732 62.188519 0.174244 -0.110895 -100.995499 -2.585476 -5.580549 -7.58553 0.902038 1.796076 -1.000004 -0.0 0.0 
0.0 0.0 0.0 0.0 -0.0 0.0 -0.479426 89.304794 -2.770139 91.711174 -1.177497 92.393929 0.422522 -0.421533 -0.042227 -10.22691 -0.57858 0.251115 14.589272 -1.258759 -3.139081 12.002356 -2.691574 2.36505 -2.349845 -1.210114 -4.569562 -38.018677 -7.027828 -2.191656 5e-06 -0.0 0.0 -0.013473 0.039015 -0.031717 0.03235 0.032106 -0.060084 0.049499 0.036409 -0.000655 -65.169373 -73.364716 78.96476 -1.616641 -26.491274 -83.229179 22.611872 3.240147 0.086502 -0.634012 18.002541 -57.396404 17.636627 -26.322733 52.411198 -19.466656 -14.395597 29.410385 0.0 -8.774821 -3e-06 16.647409 -16.664869 5.290198 -0.609777 -1.795653 -3.889327 -4.807092 -11.046811 -2.93785 0.0 -20.976015 3e-06 -5.019971 -25.033558 -4.031882 8e-06 0.0 0.0 -10.634534 -5.686971 -3.565588 10.573271 -17.922947 -3.113898 0.0 -13.821206 2e-06 -0.501781 -31.181501 -4.027016 -10.437123 -59.970802 6.764143 -13.982713 -7.150198 -2.87504 13.772725 -8.401489 -3.21824 0.347729 -34.211544 0.771659 -0.963031 -17.73337 2.62102 1e-06 -1e-06 0.0 -17.34642 -20.095217 -4.20178 21.757555 -1.638373 3.866428 1e-06 -6.338823 3e-06 -1.697597 -22.591743 -6.194006 2e-06 -5e-06 -1e-06 116.072151 -78.463356 75.16507 -0.62041 -26.353884 -74.483856 48.689606 -1.450108 -1.827443 -4.209058 34.330856 -7.479235 22.182121 -20.37591 49.933323 -16.701807 -16.743526 28.476528 -5e-06 -12.690601 -0.0 16.638176 -17.383501 2.025544 -0.105916 -1.513853 -4.275881 -5.039042 -5.612871 -2.953558 5e-06 -11.020523 -0.0 -6.111298 -15.895334 -3.84047 -1e-06 -0.0 1e-06 -10.283368 -5.680287 -4.341841 11.028291 -11.302406 -2.37263 -1.384269 -14.238583 -6.32012 -0.625438 -26.924194 -3.827601 -4.451891 -50.268501 -3.519707 -13.708523 -7.363474 -3.720941 18.141146 -14.052743 -3.242673 7e-06 -18.78727 1e-06 -0.429712 -8.456043 2.555504 1e-06 -0.0 1e-06 -15.923536 -20.094482 -5.473585 30.41921 -7.190827 1.735929 1e-06 -8.162928 -1e-06 -1.861901 -22.861473 -6.167941 -2e-06 -3e-06 -2e-06 154.76532 -1.27085 -5.947727 60.063477 0.042535 -0.029935 -103.377579 3.577128 -1.196989 -5.219152 1.289811 2.161715 -1.0 0.0 -0.0 -25.132959 -3.850304 -1.986986 63.9221 0.138597 -0.122805 -102.106277 -3.100068 -5.320395 -7.569771 0.990738 1.791393 -1.000004 0.0 -0.0 
0.0 0.0 0.0 0.0 -0.0 0.0 -0.341638 89.667824 -2.531434 91.496529 -0.891736 92.712341 0.371038 -0.51502 -0.104542 -10.302988 -0.616231 0.186903 14.354568 -1.231104 -3.239207 12.925553 -2.284523 2.360681 -2.259417 -1.248507 -4.461166 -37.816681 -6.860016 -1.927401 5e-06 -1e-06 0.0 -0.037728 0.011821 -0.054474 -0.014674 -0.017472 -0.089566 -0.001083 0.033303 -0.015817 -55.972118 -72.412979 68.721306 -4.485238 -22.096157 -82.245796 22.21459 2.937505 0.045567 -1.137997 18.541718 -58.231743 17.636631 -26.322739 52.411201 -19.466663 -14.395598 29.410393 1e-06 -8.774822 -3e-06 17.129805 -17.038717 5.302243 -0.609777 -1.795654 -3.88933 -4.807088 -11.046813 -2.937851 3e-06 -20.976021 2e-06 -5.019977 -25.033562 -4.03188 7e-06 -1e-06 -0.0 -10.634536 -5.686973 -3.565589 10.573275 -17.922953 -3.113901 -1e-06 -13.821211 3e-06 -0.501781 -31.181505 -4.027013 -10.642181 -60.782661 7.030563 -13.982718 -7.150201 -2.875041 13.772731 -8.401491 -3.218242 0.347731 -34.211555 0.771658 -0.963031 -17.733372 2.62102 -0.0 0.0 -0.0 -17.346418 -20.095221 -4.201784 21.757557 -1.638375 3.866431 1e-06 -6.338824 2e-06 -1.697591 -22.591751 -6.194009 -1e-06 -5e-06 -3e-06 128.162247 -76.647003 61.869453 -1.217158 -22.299126 -79.195808 47.65107 -2.325135 -1.803947 -4.948257 31.77051 -11.247831 22.182117 -20.375904 49.933323 -16.701811 -16.743526 28.47653 -3e-06 -12.6906 -1e-06 16.407288 -17.408642 2.430776 -0.10592 -1.513856 -4.275883 -5.039042 -5.612872 -2.953556 2e-06 -11.020525 -0.0 -6.111294 -15.895332 -3.84047 -1e-06 -1e-06 0.0 -10.283371 -5.680291 -4.341839 11.028293 -11.302405 -2.372631 -1.384267 -14.238584 -6.320122 -0.62544 -26.924194 -3.827601 -4.396116 -49.681667 -3.509123 -13.708524 -7.363477 -3.720941 18.141146 -14.052739 -3.242674 8e-06 -18.787271 -2e-06 -0.429712 -8.456043 2.555504 1e-06 -0.0 1e-06 -15.923536 -20.094482 -5.473585 30.41921 -7.190826 1.735927 3e-06 -8.162927 -0.0 -1.861902 -22.861467 -6.16794 -2e-06 -4e-06 -0.0 155.738693 -1.922545 -6.870028 59.09285 0.047876 0.023389 -103.030632 4.698191 -0.72802 -5.479293 1.263765 2.153539 -0.999999 -0.0 0.0 -24.046938 -3.672593 -2.065163 62.761925 0.18385 -0.174135 -101.707764 -3.570401 -5.184547 -7.420405 0.984032 1.783359 -1.000001 -0.0 0.0 
0.0 0.0 0.0 0.0 -0.0 0.0 -0.191296 91.139801 -2.15011 91.249916 -0.714245 93.085632 0.087534 -0.646417 -0.186067 -10.53021 -0.683682 0.090303 14.029687 -1.170295 -3.356848 14.206021 -1.951113 2.465672 -2.22685 -1.262691 -4.421256 -37.253437 -6.676096 -1.8209 6e-06 0.0 0.0 -0.044151 -0.026595 -0.095027 -0.043417 -0.07669 -0.129178 -0.017333 0.017036 -0.055625 -47.439079 -71.230553 58.937069 -7.019471 -15.785501 -81.914787 21.237795 2.727257 -0.012806 -1.55228 19.8347 -59.50618 17.636633 -26.322725 52.411182 -19.46666 -14.395597 29.410389 2e-06 -8.774826 -0.0 17.786409 -17.500368 5.305337 -0.609777 -1.795655 -3.889327 -4.807088 -11.046808 -2.937852 5e-06 -20.976019 -0.0 -5.019971 -25.033558 -4.031882 5e-06 -3e-06 -0.0 -10.634537 -5.686972 -3.565588 10.573277 -17.922951 -3.113902 2e-06 -13.821208 -1e-06 -0.501778 -31.181501 -4.027015 -11.021976 -61.6236 7.55765 -13.982716 -7.150197 -2.875042 13.772733 -8.401492 -3.218244 0.347736 -34.211555 0.771654 -0.963032 -17.733372 2.621021 -1e-06 0.0 -0.0 -17.34642 -20.095219 -4.201781 21.757557 -1.638376 3.866428 3e-06 -6.338823 0.0 -1.697593 -22.59174 -6.194004 2e-06 -4e-06 -1e-06 137.497238 -74.349724 51.285595 -1.623347 -17.318735 -83.344009 45.809258 -2.529058 -0.794869 -5.6853 28.934929 -19.690113 22.182106 -20.375891 49.933308 -16.701811 -16.743528 28.476528 -2e-06 -12.690599 -1e-06 15.896658 -17.372219 2.891795 -0.105922 -1.513857 -4.275879 -5.039042 -5.612871 -2.953556 7e-06 -11.02052 -2e-06 -6.1113 -15.89533 -3.840469 -2e-06 -1e-06 0.0 -10.283367 -5.680289 -4.341838 11.028294 -11.302404 -2.372634 -1.384266 -14.238579 -6.320121 -0.625442 -26.924185 -3.827601 -4.365889 -48.937931 -3.403047 -13.708524 -7.363478 -3.720937 18.14115 -14.052736 -3.242676 3e-06 -18.78727 -3e-06 -0.429713 -8.456039 2.555503 1e-06 1e-06 0.0 -15.923536 -20.094482 -5.473582 30.41921 -7.190824 1.735925 4e-06 -8.162925 -1e-06 -1.861904 -22.861467 -6.167941 0.0 -1e-06 -1e-06 158.215424 -2.41266 -7.957189 54.847282 0.039447 0.099088 -101.209625 5.997723 -0.394771 -5.802361 1.209763 2.144952 -1.000001 0.0 0.0 -21.488251 -3.515646 -2.510428 58.345074 0.207457 -0.210023 -100.047775 -3.792842 -5.017384 -7.183051 0.962316 1.7825 -1.000002 -0.0 0.0 
0.0 0.0 0.0 0.0 -0.0 0.0 0.019094 93.774208 -1.499534 90.816269 -0.677492 93.307785 -0.520115 -0.715859 -0.42297 -10.904688 -0.7426 0.151175 13.677217 -0.894403 -3.457826 15.825718 -1.655584 2.658051 -2.182401 -1.354259 -4.364423 -36.054932 -6.511976 -1.874662 5e-06 -1e-06 -0.0 -0.04411 -0.058678 -0.159637 -0.069452 -0.11897 -0.194362 -0.053372 -0.002662 -0.118096 -40.193069 -69.697548 50.547325 -8.839462 -7.828934 -82.325806 20.307419 2.243934 -0.079557 -1.122613 21.199356 -59.5966 17.636631 -26.322729 52.411182 -19.46666 -14.3956 29.410389 -0.0 -8.774822 -0.0 18.595924 -17.744411 4.954267 -0.609779 -1.79565 -3.889327 -4.807088 -11.046809 -2.93785 7e-06 -20.976019 -1e-06 -5.019971 -25.03356 -4.03188 7e-06 -0.0 -0.0 -10.634531 -5.686971 -3.565586 10.573272 -17.922951 -3.113901 2e-06 -13.821209 -0.0 -0.50178 -31.181501 -4.027011 -11.505973 -61.836864 8.014923 -13.982714 -7.150198 -2.875041 13.77273 -8.401491 -3.218241 0.347733 -34.211544 0.771656 -0.963029 -17.73337 2.62102 -0.0 -1e-06 0.0 -17.346413 -20.095215 -4.20178 21.757559 -1.638376 3.866426 1e-06 -6.338822 1e-06 -1.69759 -22.591745 -6.194005 1e-06 -3e-06 -1e-06 144.907608 -71.972824 42.521309 -1.636353 -11.402096 -86.243134 44.127407 -1.888949 1.011103 -5.276833 26.255245 -31.121771 22.182117 -20.375898 49.933315 -16.701809 -16.74353 28.476526 -4e-06 -12.690603 -1e-06 16.179138 -17.283045 2.939932 -0.105918 -1.513858 -4.275881 -5.039043 -5.61287 -2.953557 5e-06 -11.020525 -1e-06 -6.111298 -15.895332 -3.840468 -0.0 1e-06 -0.0 -10.283367 -5.680288 -4.341837 11.028294 -11.302404 -2.372633 -1.384268 -14.238581 -6.320119 -0.62544 -26.924187 -3.827598 -4.644124 -49.062603 -2.880874 -13.708525 -7.363475 -3.720937 18.141148 -14.052737 -3.242673 5e-06 -18.787268 0.0 -0.429711 -8.456041 2.555504 -1e-06 0.0 -1e-06 -15.923534 -20.094482 -5.473581 30.41921 -7.190824 1.735924 3e-06 -8.162926 1e-06 -1.861903 -22.861471 -6.16794 2e-06 -1e-06 -0.0 162.549194 -2.647509 -9.066639 46.694725 0.02349 0.090409 -97.307709 7.188132 -0.256847 -6.523933 1.126173 2.156906 -1.0 0.0 0.0 -17.345158 -3.131331 -3.161725 50.504883 0.257248 -0.319419 -95.832245 -3.454544 -4.910116 -7.45803 0.942862 1.790821 -1.000002 -0.0 -0.0 
0.0 0.0 0.0 0.0 -0.0 0.0 0.239718 97.171196 -0.700309 90.229683 -0.835263 93.560539 -1.494749 -0.748454 -0.526035 -11.416938 -0.799231 0.060548 13.312616 -0.413199 -3.557246 18.09815 -1.549628 2.847348 -2.332482 -1.242348 -4.333272 -34.335545 -6.278447 -2.152675 5e-06 -0.0 -0.0 -0.03936 -0.074343 -0.168342 -0.057096 -0.125324 -0.17005 -0.032479 -0.026794 -0.157754 -33.27594 -67.918678 42.894276 -9.971875 0.785015 -83.902748 20.198997 1.002854 0.030298 1.105736 21.660881 -56.874146 17.636637 -26.322725 52.41119 -19.466654 -14.395592 29.410385 0.0 -8.774822 -3e-06 19.06484 -17.663708 4.479702 -0.609777 -1.795654 -3.889328 -4.80709 -11.046811 -2.93785 2e-06 -20.976015 0.0 -5.01997 -25.033558 -4.031882 7e-06 0.0 -1e-06 -10.634535 -5.686971 -3.565588 10.573274 -17.922947 -3.113899 3e-06 -13.821209 1e-06 -0.501778 -31.181505 -4.027016 -11.463739 -60.88406 8.079357 -13.982714 -7.150199 -2.875044 13.772727 -8.401491 -3.218237 0.347733 -34.211544 0.771655 -0.963028 -17.733368 2.621017 -0.0 -1e-06 1e-06 -17.346416 -20.095217 -4.201782 21.757557 -1.638375 3.866431 1e-06 -6.338823 2e-06 -1.69759 -22.591745 -6.194008 1e-06 -4e-06 -1e-06 151.667511 -69.440926 34.473412 -1.283621 -5.712687 -87.552299 44.569416 -0.85195 2.57421 -2.369448 23.861891 -42.054482 22.182121 -20.375895 49.933331 -16.701815 -16.74353 28.47654 -3e-06 -12.690603 -2e-06 17.048033 -17.262882 2.742428 -0.105919 -1.513857 -4.275884 -5.039042 -5.612875 -2.953555 4e-06 -11.020527 -4e-06 -6.111298 -15.895336 -3.840472 0.0 1e-06 -0.0 -10.283373 -5.680292 -4.341839 11.028296 -11.302406 -2.372633 -1.384269 -14.238583 -6.320127 -0.625437 -26.924192 -3.827603 -5.107979 -49.617897 -2.316333 -13.708526 -7.363479 -3.720941 18.14115 -14.052742 -3.242675 7e-06 -18.787271 -6e-06 -0.429711 -8.456043 2.555505 0.0 0.0 1e-06 -15.923536 -20.094492 -5.473588 30.419222 -7.190827 1.735926 2e-06 -8.162928 -1e-06 -1.861902 -22.861479 -6.167945 0.0 -4e-06 -2e-06 168.05986 -2.693229 -10.400136 35.777294 0.007003 0.127835 -89.865906 9.03285 -0.212626 -8.186545 1.148553 2.1641 -0.999999 -0.0 0.0 -11.971379 -2.484717 -4.196611 39.822083 0.217019 -0.375973 -88.347572 -2.550632 -4.919929 -9.093294 0.974583 1.772706 -1.000003 0.0 0.0 
0.0 0.0 0.0 0.0 -0.0 0.0 0.381889 100.991478 -0.066742 89.580132 -1.463394 93.86319 -2.733913 -0.770637 -0.625215 -12.010007 -0.86445 -0.025878 12.809596 0.248122 -3.700402 20.677002 -1.482819 2.867492 -2.481038 -1.118416 -3.952445 -32.195854 -5.883129 -2.576192 7e-06 1e-06 -0.0 -0.064112 -0.058393 -0.065903 -0.069587 -0.121926 -0.051385 -0.026765 0.002841 -0.077715 -26.818703 -65.677666 36.184551 -10.495142 8.995591 -86.009132 20.656364 -0.583725 0.343681 3.378453 20.734819 -54.683956 17.636625 -26.322729 52.411179 -19.466656 -14.3956 29.410378 -1e-06 -8.774822 -1e-06 19.003784 -17.390911 4.48115 -0.609778 -1.795654 -3.889327 -4.807088 -11.046809 -2.937848 2e-06 -20.976015 4e-06 -5.019975 -25.033554 -4.031876 5e-06 -1e-06 1e-06 -10.634533 -5.686971 -3.565584 10.573274 -17.922947 -3.113899 3e-06 -13.821209 3e-06 -0.50178 -31.181505 -4.027014 -11.141225 -59.852123 7.910575 -13.982717 -7.150196 -2.875038 13.772734 -8.401491 -3.21824 0.347733 -34.211552 0.771656 -0.96303 -17.73337 2.621022 -0.0 1e-06 1e-06 -17.346418 -20.095211 -4.201777 21.757563 -1.638375 3.866428 0.0 -6.338823 0.0 -1.697593 -22.591743 -6.194002 -1e-06 -4e-06 0.0 158.050919 -66.611984 26.940901 -0.509344 -0.506845 -88.549255 47.121883 -0.397436 3.533539 2.508114 20.621847 -49.839256 22.182119 -20.375895 49.933323 -16.701818 -16.743528 28.476532 -4e-06 -12.690601 -0.0 17.824888 -17.468685 2.720798 -0.105919 -1.513856 -4.275879 -5.039041 -5.612871 -2.953558 4e-06 -11.020525 -4e-06 -6.111298 -15.895334 -3.840474 0.0 -0.0 -0.0 -10.283371 -5.680289 -4.341841 11.028296 -11.302407 -2.372635 -1.384268 -14.238585 -6.320121 -0.625435 -26.924198 -3.827605 -5.397423 -50.334846 -1.94671 -13.708525 -7.363476 -3.720942 18.14115 -14.052741 -3.242675 7e-06 -18.787271 -2e-06 -0.429711 -8.456046 2.555505 -1e-06 -1e-06 -1e-06 -15.923534 -20.094486 -5.473588 30.41921 -7.190828 1.735925 3e-06 -8.162926 -2e-06 -1.861898 -22.861469 -6.167944 -0.0 -4e-06 1e-06 173.164703 -3.164748 -11.890673 23.885071 0.024987 0.247215 -77.440628 12.440663 -0.955455 -12.410968 1.26164 2.098026 -0.999999 0.0 -1e-06 -6.972717 -2.053339 -5.875621 28.085766 0.104911 -0.41341 -76.653275 -0.292771 -5.050946 -12.52984 0.986679 1.700537 -1.000003 -0.0 -0.0 
0.0 0.0 0.0 0.0 -0.0 0.0 0.302385 104.317581 0.145919 89.271683 -2.733911 93.857513 -4.030565 -0.78295 -0.596278 -12.470304 -0.954125 -0.068474 12.092839 0.459373 -3.535183 22.646059 -1.153102 2.52993 -2.555379 -1.112405 -4.237438 -29.692619 -5.293654 -3.346928 6e-06 -0.0 0.0 -0.061091 -0.021689 0.013407 -0.079882 -0.110517 0.027064 -0.031893 0.064039 -0.0018 -21.20648 -63.410629 29.285912 -10.493622 17.140448 -87.167068 21.437813 -1.505538 0.629065 4.314424 19.633717 -56.348431 17.636635 -26.322729 52.411186 -19.466661 -14.395597 29.410385 -1e-06 -8.774821 -2e-06 19.055216 -17.171139 4.807432 -0.609776 -1.795654 -3.889328 -4.807089 -11.046811 -2.937849 6e-06 -20.976017 0.0 -5.019969 -25.033556 -4.031881 6e-06 -1e-06 -0.0 -10.634536 -5.686974 -3.565588 10.573276 -17.922951 -3.113899 3e-06 -13.821209 -1e-06 -0.501777 -31.181505 -4.027015 -11.18778 -59.347656 8.052214 -13.982715 -7.150198 -2.875043 13.77273 -8.401492 -3.218241 0.347735 -34.211552 0.771653 -0.963029 -17.73337 2.621024 0.0 3e-06 1e-06 -17.34642 -20.095217 -4.201782 21.757559 -1.638375 3.866428 2e-06 -6.338823 0.0 -1.697588 -22.591742 -6.194006 -0.0 -3e-06 -1e-06 164.170212 -63.702019 19.807669 -0.235673 4.257234 -89.483986 51.327892 -1.671188 3.826768 4.953097 17.845888 -57.127594 22.182117 -20.375893 49.933315 -16.701813 -16.743528 28.476528 -5e-06 -12.6906 -2e-06 18.218519 -17.452274 2.762931 -0.105918 -1.513857 -4.275879 -5.03904 -5.612871 -2.953557 5e-06 -11.020525 -1e-06 -6.111295 -15.895334 -3.840469 1e-06 -0.0 -2e-06 -10.283369 -5.680287 -4.341838 11.028296 -11.302406 -2.372634 -1.384267 -14.238579 -6.320121 -0.625436 -26.924192 -3.827598 -5.447114 -51.104351 -2.017306 -13.708524 -7.363475 -3.72094 18.141151 -14.052739 -3.242676 9e-06 -18.78727 -5e-06 -0.42971 -8.456047 2.555506 -0.0 0.0 2e-06 -15.923532 -20.094482 -5.473586 30.41921 -7.190829 1.735925 4e-06 -8.162927 -1e-06 -1.861897 -22.861471 -6.167943 0.0 -4e-06 -3e-06 175.967224 -4.37024 -12.199315 14.224105 0.102749 0.189019 -64.303085 18.922283 -4.935585 -13.996714 1.495301 1.961072 -0.999999 0.0 0.0 -4.13511 -2.537034 -7.693359 18.224358 0.102941 -0.438052 -65.157669 2.288901 -6.361764 -13.098602 0.826583 1.597794 -1.000002 0.0 0.0 
0.0 0.0 0.0 0.0 -0.0 0.0 0.285854 106.587814 -0.004963 89.37825 -3.783296 93.780624 -4.72195 -0.850676 -0.52174 -12.665595 -0.99719 -0.121247 11.503573 0.302055 -3.24402 23.552532 -0.8253 2.112308 -2.592501 -1.185859 -4.637479 -27.750315 -4.697251 -4.152626 6e-06 -1e-06 -0.0 -0.039626 0.011904 0.096321 -0.078419 -0.103768 0.092542 -0.035048 0.12339 0.090226 -17.860275 -61.66238 24.532885 -10.144972 25.454037 -87.851105 22.688734 -1.342256 0.662427 4.134045 19.085258 -60.200283 17.636631 -26.322718 52.411171 -19.466658 -14.395594 29.410381 -0.0 -8.774821 -2e-06 19.026667 -17.17041 5.117357 -0.609777 -1.795654 -3.889327 -4.807088 -11.046808 -2.93785 6e-06 -20.976011 -3e-06 -5.019968 -25.033556 -4.031879 6e-06 2e-06 -0.0 -10.63453 -5.686967 -3.565588 10.57327 -17.922947 -3.113898 5e-06 -13.821205 -2e-06 -0.50178 -31.181494 -4.02701 -11.277704 -59.399921 7.910222 -13.982712 -7.150198 -2.875039 13.772727 -8.401491 -3.21824 0.347735 -34.21154 0.77165 -0.963029 -17.733366 2.621021 -0.0 -1e-06 0.0 -17.346415 -20.095213 -4.20178 21.757555 -1.638374 3.866426 2e-06 -6.338822 -1e-06 -1.697592 -22.59174 -6.194004 2e-06 -5e-06 -1e-06 168.772552 -61.121922 14.490066 -0.125973 10.225873 -90.077515 54.453182 -3.041117 3.612586 4.654611 16.232929 -63.412125 22.18211 -20.375891 49.933319 -16.701811 -16.74353 28.47653 -3e-06 -12.6906 -1e-06 18.538414 -17.175753 2.635202 -0.105919 -1.513856 -4.275882 -5.039042 -5.612872 -2.953554 3e-06 -11.020525 0.0 -6.111297 -15.895338 -3.840471 1e-06 -2e-06 -2e-06 -10.283368 -5.680287 -4.34184 11.028293 -11.302407 -2.37263 -1.384268 -14.238579 -6.32012 -0.625439 -26.924189 -3.8276 -5.372017 -51.455269 -2.25419 -13.708524 -7.363476 -3.720941 18.14115 -14.052739 -3.242675 6e-06 -18.78727 0.0 -0.42971 -8.456043 2.555504 -1e-06 1e-06 2e-06 -15.923536 -20.094482 -5.473584 30.41921 -7.190827 1.735926 4e-06 -8.16293 -2e-06 -1.861902 -22.861467 -6.167942 0.0 -4e-06 -4e-06 176.810944 -6.201875 -10.475258 9.431031 0.012085 0.383762 -58.512341 24.36841 -11.280457 -11.915953 1.628605 1.870405 -1.0 -0.0 -0.0 -3.0878 -4.071089 -9.247149 12.809216 0.021381 -0.27672 -60.095448 3.373952 -8.789642 -10.795149 0.690023 1.558257 -1.000003 0.0 0.0 
0.0 0.0 0.0 0.0 -0.0 0.0 0.520285 107.858696 -0.369142 89.87323 -4.382071 93.452065 -4.944566 -1.091054 -0.509644 -12.777112 -0.901129 0.058639 11.324062 -0.097633 -3.016686 23.684498 -0.590711 1.956734 -2.658774 -1.323891 -4.9554 -26.604837 -4.187044 -4.833313 6e-06 -0.0 0.0 -0.046455 0.043896 0.156928 -0.069051 -0.074136 0.149409 -0.037458 0.156729 0.150055 -16.435316 -60.622719 22.435675 -10.176325 33.911892 -89.067993 24.486462 -1.08487 -0.024898 3.04068 18.624798 -63.601772 17.636625 -26.322733 52.411198 -19.466663 -14.395598 29.410393 -1e-06 -8.774821 -5e-06 18.480322 -17.372604 5.417599 -0.609775 -1.795652 -3.889328 -4.807089 -11.046809 -2.93785 5e-06 -20.976013 -2e-06 -5.019973 -25.033552 -4.031878 7e-06 3e-06 0.0 -10.634532 -5.686968 -3.565589 10.573271 -17.922949 -3.113902 3e-06 -13.821205 -0.0 -0.501776 -31.181498 -4.027017 -11.299986 -59.516857 7.752891 -13.982712 -7.150197 -2.875045 13.772727 -8.401489 -3.218243 0.347732 -34.211544 0.771656 -0.963029 -17.733368 2.621018 -1e-06 2e-06 1e-06 -17.346415 -20.095217 -4.201783 21.757557 -1.638374 3.866426 1e-06 -6.338823 1e-06 -1.69759 -22.591747 -6.194007 -1e-06 -1e-06 -0.0 171.786346 -59.722443 11.223104 0.309781 18.307028 -90.910751 54.819889 -3.508029 3.602247 2.992384 16.550837 -66.878922 22.182112 -20.375898 49.933327 -16.701811 -16.74353 28.476532 -2e-06 -12.690598 0.0 18.289597 -16.90967 2.466703 -0.105917 -1.513856 -4.27588 -5.039041 -5.612871 -2.953557 3e-06 -11.02052 -2e-06 -6.111295 -15.89533 -3.84047 2e-06 -2e-06 -1e-06 -10.283369 -5.680287 -4.341836 11.028292 -11.302402 -2.372634 -1.384268 -14.238577 -6.32012 -0.625438 -26.924185 -3.827602 -5.183761 -50.973969 -2.67768 -13.708522 -7.363477 -3.720938 18.141148 -14.052734 -3.242674 7e-06 -18.787266 -3e-06 -0.429713 -8.456043 2.555505 0.0 -1e-06 -0.0 -15.923532 -20.094482 -5.473587 30.41921 -7.190824 1.735925 3e-06 -8.162928 0.0 -1.861906 -22.861467 -6.167937 -1e-06 -3e-06 -2e-06 176.64183 -8.012492 -8.372947 9.25055 -0.054974 0.534175 -57.268673 21.984735 -12.198689 -11.327212 1.642699 1.957652 -1.000001 0.0 -0.0 -2.759213 -6.359476 -10.404919 10.643227 -0.064393 -0.105274 -59.248081 2.544986 -10.351358 -10.262814 0.657455 1.570611 -1.000002 1e-06 0.0 
0.0 0.0 0.0 0.0 -0.0 0.0 0.950691 107.972397 -0.718714 90.180138 -4.682031 92.865364 -5.060652 -1.130979 -0.506109 -12.85244 -0.774572 0.287085 11.318096 -0.393325 -2.768265 23.41798 -0.582702 1.99401 -2.727838 -1.376573 -5.049458 -25.90567 -3.820156 -5.168956 6e-06 -0.0 1e-06 -0.062652 0.067799 0.18784 -0.032637 -0.028634 0.190836 -0.019582 0.158657 0.169867 -15.456006 -59.806355 21.186491 -10.151368 41.242771 -90.655022 26.033047 -1.592651 -1.115119 2.129297 17.663992 -64.099319 17.636625 -26.322729 52.411194 -19.466661 -14.395597 29.410389 -0.0 -8.774821 -3e-06 17.79697 -17.502789 5.475975 -0.609776 -1.795654 -3.889326 -4.807088 -11.046809 -2.937852 5e-06 -20.976015 -2e-06 -5.019969 -25.033552 -4.031881 5e-06 -2e-06 0.0 -10.634535 -5.68697 -3.565585 10.573275 -17.922951 -3.113904 4e-06 -13.821209 -0.0 -0.501778 -31.181505 -4.027015 -11.435428 -59.554871 7.802696 -13.982713 -7.150197 -2.875042 13.77273 -8.401493 -3.21824 0.347736 -34.211552 0.771653 -0.963032 -17.73337 2.621021 1e-06 0.0 1e-06 -17.346416 -20.095215 -4.201784 21.757557 -1.638377 3.866426 2e-06 -6.338823 1e-06 -1.697585 -22.591747 -6.194005 -0.0 -2e-06 -2e-06 173.773407 -59.20359 9.236703 1.662495 26.948204 -91.871346 52.280869 -2.642843 4.09438 1.644207 18.14451 -67.499008 22.18211 -20.375891 49.933319 -16.701817 -16.74353 28.476532 -3e-06 -12.6906 -1e-06 17.477846 -16.770315 2.473104 -0.105919 -1.513856 -4.275881 -5.039041 -5.612871 -2.953557 4e-06 -11.020523 -2e-06 -6.111297 -15.895336 -3.84047 0.0 -1e-06 -0.0 -10.283369 -5.680288 -4.341839 11.028294 -11.302406 -2.372633 -1.384267 -14.238583 -6.32012 -0.625438 -26.924191 -3.827601 -4.910866 -49.73428 -3.023345 -13.708521 -7.363476 -3.720939 18.14115 -14.05274 -3.242676 5e-06 -18.78727 -2e-06 -0.429711 -8.456045 2.555503 0.0 -0.0 -0.0 -15.923534 -20.094482 -5.473585 30.41921 -7.190828 1.735923 3e-06 -8.162927 -1e-06 -1.861901 -22.861473 -6.167942 -0.0 -3e-06 -2e-06 176.295746 -10.149341 -6.169993 10.893403 -0.123873 0.603599 -55.932343 17.315128 -10.499847 -11.631676 1.708437 2.095658 -1.0 0.0 -0.0 -2.849143 -8.564799 -11.567165 10.93213 -0.107218 0.01878 -58.953148 2.436075 -10.953217 -11.009601 0.680334 1.58583 -1.000003 0.0 -0.0 
0.0 0.0 0.0 0.0 -0.0 0.0 1.392126 106.812622 -1.02294 90.177879 -4.685168 92.116226 -5.11669 -0.935346 -0.503162 -12.927325 -0.673299 0.425686 11.407154 -0.496629 -2.530309 22.941305 -0.734729 2.045045 -2.742658 -1.338243 -4.876676 -25.620384 -3.508401 -5.167315 6e-06 -0.0 0.0 -0.07598 0.070998 0.183465 0.007942 0.004073 0.204627 0.014052 0.131565 0.147414 -14.331039 -58.961029 20.019604 -9.533121 46.313309 -91.364922 26.871319 -2.461137 -1.778403 1.24963 16.388159 -63.316586 17.636629 -26.322741 52.411209 -19.46666 -14.3956 29.410395 -1e-06 -8.774822 2e-06 17.288525 -17.40177 5.491481 -0.609775 -1.795654 -3.889329 -4.807089 -11.046811 -2.93785 7e-06 -20.976019 0.0 -5.019972 -25.033556 -4.031878 5e-06 -0.0 1e-06 -10.634535 -5.686969 -3.56559 10.573277 -17.922955 -3.113902 3e-06 -13.821211 4e-06 -0.501778 -31.181505 -4.027012 -11.730539 -59.653835 8.125744 -13.982713 -7.150198 -2.875041 13.772732 -8.401491 -3.218243 0.347733 -34.211555 0.77166 -0.963027 -17.733372 2.62102 -0.0 0.0 -1e-06 -17.346416 -20.095217 -4.201782 21.757557 -1.638377 3.866425 1e-06 -6.338824 3e-06 -1.697587 -22.591742 -6.194008 2e-06 -6e-06 -4e-06 175.056015 -59.230076 8.112957 3.466762 34.012917 -92.677086 48.465977 -1.048075 4.769186 1.198442 20.103397 -65.264236 22.182106 -20.375898 49.933319 -16.701811 -16.74353 28.476532 -4e-06 -12.690601 0.0 16.880379 -16.679703 2.542809 -0.10592 -1.513855 -4.275882 -5.03904 -5.612872 -2.953556 5e-06 -11.020527 -1e-06 -6.111298 -15.895334 -3.84047 0.0 0.0 1e-06 -10.283371 -5.680289 -4.341839 11.028296 -11.302407 -2.372633 -1.38427 -14.238579 -6.320119 -0.62544 -26.924194 -3.827601 -4.72189 -48.683571 -3.114578 -13.708523 -7.363475 -3.720939 18.141146 -14.052737 -3.242674 4e-06 -18.78727 -1e-06 -0.429712 -8.456045 2.555503 0.0 -1e-06 1e-06 -15.923532 -20.094482 -5.473585 30.419207 -7.190824 1.735925 2e-06 -8.162927 -1e-06 -1.861903 -22.861473 -6.167939 0.0 -3e-06 -1e-06 176.153915 -12.439259 -3.977731 13.155933 -0.200201 0.717646 -54.435856 14.168764 -8.949741 -13.10259 1.843598 2.224702 -0.999996 0.0 0.0 -3.47474 -10.37865 -12.744701 13.96911 -0.150562 0.106948 -59.261974 3.965231 -11.049496 -12.430705 0.742802 1.591313 -0.999999 -0.0 -0.0 
0.0 0.0 0.0 0.0 -0.0 0.0 1.69281 104.469261 -1.248644 89.870613 -4.342532 91.224045 -4.965219 -0.552753 -0.533881 -13.024429 -0.617132 0.50926 11.586493 -0.375731 -2.474637 22.306953 -1.038688 2.12379 -2.627603 -1.253903 -4.364643 -25.719131 -3.159755 -4.963625 6e-06 0.0 1e-06 -0.061009 0.063731 0.170425 0.049365 0.013473 0.206147 0.070371 0.105775 0.121317 -13.353209 -58.339233 19.375793 -9.017877 48.845146 -90.507889 27.215488 -3.089521 -2.114527 0.429704 15.466996 -63.566811 17.636627 -26.322735 52.411213 -19.46666 -14.3956 29.410398 -0.0 -8.774824 1e-06 17.02545 -17.256609 5.67117 -0.609775 -1.795654 -3.889331 -4.807091 -11.046812 -2.937848 3e-06 -20.976015 -2e-06 -5.01997 -25.03356 -4.031882 5e-06 -0.0 0.0 -10.634537 -5.686973 -3.565589 10.573275 -17.922951 -3.113901 1e-06 -13.821209 3e-06 -0.501781 -31.181505 -4.027017 -12.095614 -60.136318 8.572515 -13.982715 -7.1502 -2.87504 13.772729 -8.40149 -3.218245 0.34773 -34.211555 0.771656 -0.96303 -17.73337 2.621021 -0.0 -0.0 -1e-06 -17.346422 -20.095221 -4.201785 21.757561 -1.638375 3.866427 1e-06 -6.338824 -0.0 -1.697591 -22.591751 -6.194008 0.0 -3e-06 -3e-06 175.671585 -60.026402 7.997723 4.691648 38.728054 -94.093079 44.840199 0.170068 4.989341 2.09065 22.183962 -59.773514 22.182112 -20.375898 49.933327 -16.701811 -16.74353 28.476532 -3e-06 -12.690603 -0.0 16.906708 -16.462349 2.642586 -0.10592 -1.513858 -4.27588 -5.039041 -5.61287 -2.953557 5e-06 -11.020527 -2e-06 -6.111297 -15.895334 -3.840469 1e-06 -3e-06 -2e-06 -10.283371 -5.680287 -4.341838 11.028294 -11.302405 -2.372633 -1.384268 -14.238585 -6.320122 -0.625438 -26.924194 -3.827602 -4.869123 -48.449181 -2.746568 -13.708526 -7.363475 -3.72094 18.14115 -14.052739 -3.242676 6e-06 -18.78727 -1e-06 -0.429712 -8.456045 2.555505 0.0 -0.0 1e-06 -15.923536 -20.094484 -5.473583 30.419218 -7.190824 1.735926 2e-06 -8.162929 -0.0 -1.861902 -22.861469 -6.167943 0.0 -3e-06 -1e-06 176.207916 -14.651765 -1.99149 16.169096 -0.242962 0.781571 -55.282379 13.618799 -8.400414 -17.782301 2.043321 2.227469 -1.0 0.0 0.0 -4.902503 -11.827958 -13.915857 20.108406 -0.181537 0.192926 -61.224518 7.232698 -10.322968 -15.831238 0.833466 1.555788 -1.000001 0.0 0.0 
0.0 0.0 0.0 0.0 -0.0 0.0 1.812037 100.748802 -1.341626 89.479958 -3.522974 90.330795 -4.397034 -0.158898 -0.655782 -12.946474 -0.556938 0.429632 11.619073 -0.180833 -2.692273 21.658527 -1.309527 2.265592 -2.450228 -1.198071 -3.496722 -26.746805 -2.966539 -4.524811 6e-06 0.0 -0.0 -0.007155 0.062375 0.216603 0.059527 0.003726 0.243399 0.097115 0.110455 0.179323 -12.580787 -58.157387 19.124899 -8.982954 49.172356 -87.717979 27.345366 -2.977075 -2.277052 -0.245489 15.092093 -64.624886 17.636633 -26.322737 52.411213 -19.466665 -14.395598 29.410398 -1e-06 -8.774822 -1e-06 17.125603 -17.370279 5.916017 -0.609776 -1.795654 -3.889328 -4.807088 -11.046809 -2.937853 4e-06 -20.976015 -0.0 -5.019972 -25.033556 -4.03188 5e-06 -0.0 2e-06 -10.634536 -5.686971 -3.56559 10.573276 -17.922951 -3.113902 4e-06 -13.821206 1e-06 -0.501777 -31.181505 -4.027017 -12.471506 -61.146164 8.929398 -13.982716 -7.150198 -2.875043 13.772731 -8.401493 -3.218243 0.347732 -34.211555 0.771655 -0.963031 -17.73337 2.621021 1e-06 0.0 0.0 -17.346418 -20.095219 -4.201784 21.757561 -1.638377 3.866427 2e-06 -6.338822 2e-06 -1.69759 -22.59174 -6.194007 0.0 -5e-06 -3e-06 175.264786 -61.243145 9.039868 5.520278 40.866146 -95.762207 41.471157 1.307858 4.813862 5.036445 24.073797 -51.580746 22.182121 -20.3759 49.933331 -16.701817 -16.743538 28.476538 -2e-06 -12.690607 -2e-06 17.339693 -16.261425 2.771304 -0.105918 -1.513856 -4.275882 -5.039043 -5.612874 -2.953559 4e-06 -11.020525 -1e-06 -6.111301 -15.895341 -3.840471 1e-06 -2e-06 -0.0 -10.283373 -5.680291 -4.341838 11.028295 -11.302407 -2.37263 -1.384272 -14.238583 -6.320124 -0.625444 -26.924194 -3.827599 -5.142791 -49.070175 -2.236105 -13.708529 -7.36348 -3.720939 18.141151 -14.052739 -3.242674 4e-06 -18.787271 -3e-06 -0.429713 -8.456044 2.555505 -1e-06 0.0 -1e-06 -15.923541 -20.094496 -5.473584 30.419218 -7.190823 1.735929 0.0 -8.162929 -0.0 -1.861904 -22.861473 -6.167946 1e-06 -4e-06 -1e-06 176.443359 -16.6546 -0.705531 20.827906 -0.259516 0.886676 -65.990891 16.173189 -10.788954 -21.525236 2.183016 2.105669 -0.999999 0.0 -0.0 -6.742907 -13.266518 -14.720592 28.920927 -0.131885 0.384219 -70.116295 10.441373 -9.992235 -19.440201 0.909235 1.511889 -1.000003 0.0 0.0 
0.0 0.0 0.0 0.0 -0.0 0.0 2.166421 96.384583 -1.338535 89.505882 -2.603806 89.446709 -3.684553 -0.015001 -0.488705 -12.532196 -0.553489 -0.111336 11.482056 -0.244503 -3.082858 20.80522 -1.255977 2.379327 -2.542259 -1.439066 -2.636688 -28.530201 -2.911636 -4.183046 6e-06 -0.0 0.0 -0.003234 0.100803 0.298022 -0.000157 0.011864 0.327421 0.037607 0.175673 0.26239 -12.870705 -59.614506 20.160685 -9.955361 49.010185 -85.912804 26.77265 -2.307837 -1.728433 -0.767271 15.174973 -65.695351 17.636625 -26.322739 52.411209 -19.466665 -14.395604 29.410395 -1e-06 -8.774822 -1e-06 17.395929 -17.751747 5.965292 -0.609776 -1.795654 -3.889327 -4.807091 -11.04681 -2.937851 5e-06 -20.976019 0.0 -5.019975 -25.033556 -4.031879 5e-06 0.0 1e-06 -10.634538 -5.686972 -3.565587 10.573278 -17.922955 -3.113905 2e-06 -13.821211 3e-06 -0.50178 -31.181505 -4.027017 -12.642814 -61.379204 8.825573 -13.982716 -7.150199 -2.875041 13.772733 -8.40149 -3.218244 0.34773 -34.211552 0.771657 -0.963029 -17.733372 2.621018 2e-06 1e-06 0.0 -17.346424 -20.095219 -4.20178 21.757566 -1.638377 3.866426 -0.0 -6.338823 2e-06 -1.697592 -22.591743 -6.194005 2e-06 -4e-06 -2e-06 173.761124 -62.790409 10.975004 5.398132 40.461567 -96.210648 38.32967 2.278503 4.239665 9.448587 25.827837 -44.38612 22.182117 -20.375898 49.933327 -16.701813 -16.74353 28.476532 -0.0 -12.690601 -2e-06 18.137533 -16.375648 2.652238 -0.105919 -1.513856 -4.27588 -5.039042 -5.612873 -2.953556 1e-06 -11.020525 -4e-06 -6.1113 -15.895334 -3.840473 2e-06 -2e-06 0.0 -10.283367 -5.680289 -4.341837 11.028294 -11.302403 -2.372633 -1.384268 -14.238581 -6.320119 -0.625436 -26.924191 -3.827604 -5.200752 -50.199406 -1.98417 -13.708526 -7.363478 -3.720939 18.14115 -14.052739 -3.242676 6e-06 -18.787271 -3e-06 -0.429712 -8.456043 2.555504 1e-06 -0.0 -1e-06 -15.923536 -20.094492 -5.473586 30.419218 -7.190825 1.735927 1e-06 -8.162927 -1e-06 -1.861904 -22.861469 -6.167941 0.0 -4e-06 -1e-06 175.887787 -17.677534 -0.540427 26.999807 -0.215075 0.871845 -84.213676 16.781723 -15.493144 -15.724153 1.939217 2.059718 -1.0 -1e-06 0.0 -9.453235 -15.017563 -13.583327 38.357052 -0.031706 0.57164 -84.065887 10.947517 -11.792016 -15.703563 0.93817 1.595553 -1.000002 1e-06 -0.0 
0.0 0.0 0.0 0.0 -0.0 0.0 2.494157 92.620598 -1.449873 90.131035 -1.751644 88.848152 -2.919882 -0.303842 -0.501951 -12.174846 -0.601026 -0.542374 11.734402 -0.531248 -3.668605 19.57164 -0.817591 2.114192 -2.687782 -1.630892 -1.875858 -30.842669 -3.004533 -3.358197 4e-06 0.0 1e-06 -0.020711 0.103941 0.242705 -0.055953 0.039573 0.277582 -0.043686 0.15465 0.204923 -13.990108 -61.910954 22.661617 -12.479149 48.125599 -86.672501 25.042393 -1.566853 -1.209445 -1.243822 15.111582 -66.359604 17.636625 -26.322735 52.411201 -19.466658 -14.395597 29.410389 -0.0 -8.774821 -1e-06 17.632345 -17.933338 5.884151 -0.609776 -1.795653 -3.88933 -4.807087 -11.04681 -2.937848 4e-06 -20.976019 1e-06 -5.019973 -25.03356 -4.031878 5e-06 1e-06 2e-06 -10.634533 -5.68697 -3.565586 10.573272 -17.922951 -3.113901 2e-06 -13.821209 3e-06 -0.501782 -31.181498 -4.027013 -12.317233 -61.039059 8.231831 -13.982714 -7.150198 -2.875041 13.772729 -8.401491 -3.218242 0.34773 -34.211555 0.771656 -0.963029 -17.733372 2.621019 1e-06 -0.0 -1e-06 -17.346415 -20.095215 -4.201779 21.757555 -1.638375 3.866426 1e-06 -6.338823 -0.0 -1.697589 -22.591742 -6.194002 -0.0 -3e-06 -4e-06 170.999786 -63.488972 13.628778 4.966653 36.252529 -95.688202 36.271973 2.506457 3.008811 13.487963 26.391195 -37.507511 22.182114 -20.375891 49.933315 -16.701815 -16.74353 28.476524 -2e-06 -12.690602 -2e-06 18.618052 -16.615463 2.413488 -0.105918 -1.513857 -4.275882 -5.039042 -5.612873 -2.953553 6e-06 -11.020524 -4e-06 -6.111296 -15.895334 -3.840473 1e-06 0.0 1e-06 -10.283373 -5.680287 -4.341839 11.028297 -11.302406 -2.37263 -1.384271 -14.238579 -6.320119 -0.625441 -26.924183 -3.827598 -5.28478 -51.34153 -2.059582 -13.708525 -7.363475 -3.720937 18.14115 -14.052737 -3.242676 7e-06 -18.78727 -1e-06 -0.429712 -8.456043 2.555504 -0.0 0.0 0.0 -15.923538 -20.094482 -5.473581 30.419218 -7.190827 1.735925 -0.0 -8.162925 -0.0 -1.861906 -22.861469 -6.16794 -0.0 -2e-06 -0.0 173.500763 -17.124315 -0.244746 34.211315 -0.299442 0.943689 -98.524231 14.530029 -17.8867 -10.487864 1.69437 2.052332 -1.0 0.0 0.0 -12.677658 -16.96312 -11.720558 46.547161 -0.172021 0.737819 -95.399574 9.684194 -13.524323 -11.065342 0.877721 1.666109 -1.000001 0.0 -0.0 
0.0 0.0 0.0 0.0 -0.0 0.0 3.028988 90.308495 -1.615447 91.099266 -1.087066 87.822441 -2.38555 -0.773444 -0.449574 -11.943082 -0.723208 -0.829239 12.193342 -1.118249 -4.057775 18.368114 -0.382285 1.739891 -2.876526 -1.771502 -1.462884 -32.61451 -2.712537 -2.57807 6e-06 -0.0 -0.0 -0.03923 0.044874 0.062112 -0.065214 0.015357 0.122302 -0.058321 0.059856 0.003327 -15.547242 -63.96117 25.713377 -14.334385 46.270172 -87.275047 22.274984 -0.947982 -0.489733 -1.702726 15.043637 -67.000458 17.636631 -26.322733 52.411186 -19.466665 -14.395602 29.410395 -2e-06 -8.774822 -1e-06 17.942808 -17.816902 5.649341 -0.609776 -1.795654 -3.889328 -4.807088 -11.046811 -2.93785 6e-06 -20.976019 -1e-06 -5.019969 -25.03356 -4.031879 6e-06 1e-06 -0.0 -10.634533 -5.68697 -3.565586 10.573277 -17.922955 -3.1139 5e-06 -13.821209 -1e-06 -0.501777 -31.181507 -4.027015 -11.850719 -60.831482 7.782155 -13.982712 -7.150197 -2.875042 13.77273 -8.401493 -3.218244 0.347738 -34.211555 0.771657 -0.963031 -17.733372 2.621021 1e-06 1e-06 1e-06 -17.346413 -20.095217 -4.201783 21.757557 -1.638378 3.866425 2e-06 -6.338825 -2e-06 -1.697585 -22.591749 -6.194008 -1e-06 -3e-06 -2e-06 169.303925 -63.383759 15.247584 4.016258 28.463615 -93.375473 35.180656 1.832113 1.591157 15.369664 26.535027 -33.482018 22.182117 -20.375891 49.933323 -16.701815 -16.74353 28.476536 -2e-06 -12.690603 -0.0 19.130331 -16.860018 1.925866 -0.105917 -1.513856 -4.27588 -5.039042 -5.612873 -2.953556 5e-06 -11.020527 -2e-06 -6.1113 -15.895334 -3.840472 0.0 -0.0 -1e-06 -10.28337 -5.680289 -4.341839 11.028296 -11.302407 -2.372632 -1.384272 -14.238581 -6.320124 -0.625437 -26.924192 -3.827605 -5.415609 -52.171028 -2.316268 -13.708524 -7.363476 -3.72094 18.14115 -14.052739 -3.242674 6e-06 -18.78727 -4e-06 -0.429712 -8.456043 2.555503 -0.0 -1e-06 -1e-06 -15.923534 -20.094484 -5.473585 30.419218 -7.190824 1.735925 2e-06 -8.162927 -3e-06 -1.861899 -22.861473 -6.167943 0.0 -4e-06 -1e-06 171.566574 -15.886091 -0.021095 40.476151 -0.431768 0.924478 -104.857689 12.620565 -17.930761 -8.449052 1.649103 2.06528 -0.999999 -0.0 0.0 -14.920408 -18.721764 -9.520108 51.365128 -0.316735 0.842375 -101.474548 9.023233 -14.660101 -8.738386 0.882789 1.71243 -1.000001 0.0 -0.0 
0.0 0.0 0.0 0.0 -0.0 0.0 3.603983 89.951546 -1.525733 91.184975 -0.623624 86.674004 -2.19166 -0.792858 -0.448975 -11.806308 -0.828843 -0.913761 12.476625 -1.105641 -4.250984 17.842203 -0.362914 1.709101 -2.893487 -1.756122 -1.472401 -33.944206 -2.509595 -2.029004 5e-06 0.0 -0.0 -0.032643 0.032021 -0.002752 -0.116218 0.020985 0.059191 -0.13213 0.030844 -0.061964 -17.850235 -65.612236 29.402699 -14.244777 43.417206 -86.689323 19.408096 -1.009005 -0.258344 -1.954402 13.897344 -67.390045 17.636633 -26.322729 52.411182 -19.466665 -14.395597 29.410385 -1e-06 -8.774822 -0.0 18.398283 -17.878338 5.360586 -0.609776 -1.795654 -3.889328 -4.807088 -11.046813 -2.937852 6e-06 -20.976021 0.0 -5.019968 -25.03356 -4.031881 5e-06 1e-06 -0.0 -10.634535 -5.68697 -3.565584 10.573275 -17.922953 -3.113902 5e-06 -13.821211 -1e-06 -0.501776 -31.181507 -4.027015 -11.576479 -60.192524 7.741972 -13.982714 -7.150198 -2.875044 13.772731 -8.401495 -3.218243 0.34774 -34.211555 0.771651 -0.963026 -17.733372 2.62102 1e-06 1e-06 -1e-06 -17.34642 -20.095221 -4.201782 21.757561 -1.638377 3.86643 2e-06 -6.338822 -3e-06 -1.697589 -22.591749 -6.194005 -1e-06 -4e-06 -2e-06 168.23378 -63.154465 16.398722 3.105642 19.023384 -87.17836 34.287621 1.294528 0.399926 14.844312 25.888794 -33.107876 22.18211 -20.375889 49.933308 -16.701815 -16.743532 28.47653 -3e-06 -12.690601 -1e-06 19.552273 -16.85523 1.411256 -0.10592 -1.513856 -4.275878 -5.03904 -5.612871 -2.953558 5e-06 -11.020523 -2e-06 -6.111297 -15.89533 -3.840471 -0.0 1e-06 -1e-06 -10.283372 -5.680287 -4.341836 11.028294 -11.302406 -2.372633 -1.384268 -14.238579 -6.320122 -0.625436 -26.924187 -3.827604 -5.613658 -52.068802 -2.062641 -13.708526 -7.363474 -3.720936 18.14115 -14.052739 -3.242676 6e-06 -18.78727 -3e-06 -0.42971 -8.456044 2.555503 2e-06 1e-06 0.0 -15.923538 -20.094482 -5.473581 30.419214 -7.190826 1.735925 2e-06 -8.162927 -2e-06 -1.8619 -22.861467 -6.167941 -1e-06 -4e-06 -2e-06 171.900955 -15.296474 -0.35982 41.897999 -0.417899 0.843427 -105.95578 11.727409 -17.175943 -8.609377 1.667466 2.062666 -0.999999 -0.0 -0.0 -15.58084 -19.155329 -7.982243 52.742584 -0.254519 0.844256 -101.191071 9.680919 -15.13232 -9.15283 0.825633 1.698872 -1.000003 -0.0 -0.0 
0.0 0.0 0.0 0.0 -0.0 0.0 3.991344 91.300262 -1.275827 90.446716 -0.414149 85.869576 -2.324005 -0.495567 -0.440548 -11.826344 -0.816128 -1.051686 12.592179 -0.526013 -4.454919 17.831629 -0.647639 1.871011 -2.965724 -1.683114 -1.605559 -34.519764 -2.473412 -1.542593 7e-06 0.0 -0.0 -0.023807 0.002606 -0.073277 -0.128525 0.012815 0.00929 -0.152935 -0.018002 -0.150923 -21.020752 -66.680634 33.009167 -11.489098 39.266094 -82.707062 17.380117 -1.242846 -0.050347 -1.280732 11.788904 -68.160957 17.636633 -26.322733 52.411201 -19.466658 -14.395598 29.410389 -1e-06 -8.774821 -1e-06 18.702425 -17.779825 4.878675 -0.609776 -1.795654 -3.889328 -4.80709 -11.046809 -2.937852 3e-06 -20.976015 -0.0 -5.01997 -25.03356 -4.031882 7e-06 1e-06 -1e-06 -10.634536 -5.686971 -3.56559 10.573275 -17.922949 -3.113898 3e-06 -13.821208 1e-06 -0.501776 -31.181501 -4.027015 -11.008656 -59.815403 7.413923 -13.982716 -7.150198 -2.875044 13.772731 -8.401491 -3.218242 0.347733 -34.211544 0.771656 -0.963028 -17.733366 2.621022 -2e-06 1e-06 0.0 -17.346422 -20.095217 -4.201785 21.757561 -1.638375 3.866428 1e-06 -6.338821 2e-06 -1.69759 -22.591742 -6.194005 1e-06 -4e-06 -2e-06 167.317108 -63.361492 17.661972 1.754559 9.799461 -78.370155 33.215008 0.534466 0.044381 12.555454 23.115999 -34.808224 22.182114 -20.375904 49.933342 -16.701811 -16.743528 28.476536 -3e-06 -12.690601 -1e-06 19.094238 -16.518921 1.068987 -0.105919 -1.513856 -4.275882 -5.039041 -5.612873 -2.953557 4e-06 -11.020526 1e-06 -6.111298 -15.895338 -3.840473 0.0 0.0 1e-06 -10.283371 -5.680288 -4.341839 11.028295 -11.302405 -2.372632 -1.384269 -14.238581 -6.320121 -0.625438 -26.924191 -3.827601 -5.304551 -51.485691 -2.297739 -13.708526 -7.363475 -3.720939 18.141148 -14.052739 -3.242674 4e-06 -18.78727 -0.0 -0.429712 -8.456041 2.555505 -0.0 2e-06 0.0 -15.923536 -20.094482 -5.473587 30.419214 -7.190825 1.735926 1e-06 -8.162927 0.0 -1.861901 -22.861473 -6.167942 -1e-06 -2e-06 -1e-06 174.38147 -15.731386 -1.376612 38.188454 -0.338493 0.775866 -102.94529 11.510285 -16.706114 -9.712914 1.628255 2.036391 -0.999999 0.0 0.0 -14.330874 -18.071711 -7.438504 50.341427 -0.168079 0.809505 -96.681313 10.792754 -14.866775 -11.141827 0.852161 1.666796 -1.0 -1e-06 0.0 
0.0 0.0 0.0 0.0 -0.0 0.0 4.134288 94.066444 -0.857415 89.657646 -0.460971 85.681503 -2.7125 -0.194279 -0.467423 -12.005583 -0.75717 -1.095277 12.641455 0.17601 -4.68841 18.204313 -0.909143 2.089241 -3.038129 -1.563572 -1.836756 -34.598209 -2.653241 -1.205559 6e-06 0.0 0.0 -0.011237 -0.028966 -0.129246 -0.141633 0.009087 -0.032537 -0.167219 -0.07564 -0.216431 -24.796461 -67.412483 37.10976 -7.62314 33.50169 -77.426605 16.924061 -1.561198 0.123698 0.597548 8.757524 -68.706429 17.636639 -26.322737 52.411198 -19.466661 -14.395597 29.410393 -1e-06 -8.774822 -2e-06 18.871723 -17.599434 4.402442 -0.609776 -1.795655 -3.889328 -4.807087 -11.046811 -2.937852 6e-06 -20.976019 2e-06 -5.01997 -25.03356 -4.031878 6e-06 -0.0 0.0 -10.634535 -5.686971 -3.565591 10.573275 -17.922953 -3.113896 4e-06 -13.821209 0.0 -0.501775 -31.181505 -4.027014 -10.496789 -59.675171 6.941874 -13.982714 -7.150198 -2.875041 13.77273 -8.401493 -3.218242 0.347736 -34.211552 0.771657 -0.963029 -17.733368 2.62102 1e-06 2e-06 -1e-06 -17.346416 -20.095217 -4.201783 21.757561 -1.638376 3.866429 2e-06 -6.338824 1e-06 -1.697588 -22.591743 -6.194005 -1e-06 -4e-06 -1e-06 165.235413 -64.465569 20.49754 -0.151546 2.090099 -68.04538 31.972433 0.006477 -0.118862 10.744322 18.613613 -35.001045 22.182119 -20.375898 49.933311 -16.701815 -16.743528 28.476532 -2e-06 -12.690603 -1e-06 17.562544 -16.41596 1.264999 -0.10592 -1.513856 -4.275882 -5.039039 -5.612872 -2.953556 4e-06 -11.020527 -2e-06 -6.1113 -15.895334 -3.84047 1e-06 1e-06 -1e-06 -10.283371 -5.680288 -4.341838 11.028298 -11.302406 -2.372633 -1.38427 -14.238584 -6.320119 -0.625442 -26.924198 -3.8276 -4.716243 -50.012928 -2.871932 -13.708528 -7.363478 -3.720938 18.141153 -14.052742 -3.242675 5e-06 -18.787271 -1e-06 -0.429712 -8.456045 2.555504 -0.0 -0.0 0.0 -15.923539 -20.094484 -5.473583 30.419218 -7.190827 1.735925 2e-06 -8.162927 -1e-06 -1.861903 -22.861471 -6.167942 0.0 -1e-06 -1e-06 177.748352 -16.243977 -2.714804 32.050159 -0.244472 0.70068 -94.176262 12.587292 -15.59411 -12.650341 1.661816 2.002378 -0.999998 0.0 -0.0 -11.525784 -16.393002 -7.465666 44.913292 -0.045399 0.684515 -88.112625 12.021498 -13.727828 -15.040589 0.945884 1.626529 -1.000001 -0.0 0.0 
0.0 0.0 0.0 0.0 -0.0 0.0 4.33753 97.822357 -0.338284 89.109863 -0.685643 86.04837 -3.166317 0.042968 -0.574319 -12.241124 -0.724842 -0.983379 12.653678 0.822437 -4.995245 18.755089 -1.148144 2.282407 -3.012172 -1.383246 -1.924254 -34.506523 -2.972257 -0.953631 6e-06 0.0 -0.0 0.023491 -0.055349 -0.140583 -0.143294 0.002224 -0.064565 -0.171544 -0.118318 -0.206715 -28.618433 -68.150414 41.531013 -4.039992 26.02677 -72.360504 18.328539 -2.044081 0.247184 3.333182 5.373304 -68.097626 17.636621 -26.322729 52.411194 -19.466658 -14.395597 29.410389 1e-06 -8.77482 -3e-06 18.575571 -17.2869 4.414762 -0.609775 -1.795653 -3.889325 -4.807091 -11.046813 -2.937851 1e-06 -20.976015 -0.0 -5.019973 -25.033556 -4.031882 5e-06 1e-06 -0.0 -10.634532 -5.68697 -3.565583 10.573272 -17.922951 -3.113901 2e-06 -13.82121 -0.0 -0.501786 -31.181511 -4.027015 -10.134373 -59.844498 6.52632 -13.982712 -7.150199 -2.875037 13.772727 -8.401489 -3.218243 0.347728 -34.211555 0.771654 -0.963029 -17.73337 2.621014 -1e-06 -0.0 0.0 -17.346418 -20.095221 -4.201779 21.757557 -1.638372 3.866427 -0.0 -6.338824 -1e-06 -1.697592 -22.591743 -6.194005 -2e-06 -5e-06 -2e-06 161.490311 -66.354095 25.667892 -2.289002 -4.172559 -58.126167 30.893246 -0.312192 -0.706226 10.973068 15.196489 -32.187351 22.182112 -20.375898 49.933315 -16.701807 -16.743525 28.476526 -1e-06 -12.6906 0.0 16.42837 -16.376513 1.569038 -0.10592 -1.513856 -4.275881 -5.039042 -5.612872 -2.953556 5e-06 -11.020523 -1e-06 -6.111301 -15.89533 -3.84047 1e-06 -0.0 1e-06 -10.283369 -5.680288 -4.341837 11.028295 -11.302404 -2.372632 -1.384273 -14.238581 -6.320119 -0.625443 -26.924187 -3.827599 -4.324116 -48.866642 -3.346201 -13.708523 -7.363476 -3.720938 18.141146 -14.052734 -3.242674 4e-06 -18.78727 1e-06 -0.429712 -8.456041 2.555502 1e-06 1e-06 -0.0 -15.923532 -20.094482 -5.473582 30.419201 -7.190821 1.735927 3e-06 -8.162928 -0.0 -1.861905 -22.861469 -6.167939 0.0 -0.0 -2e-06 -179.868942 -16.219355 -3.884166 26.117193 -0.168553 0.737317 -80.729149 14.18808 -13.10841 -19.280678 1.788325 1.902557 -0.999998 0.0 -0.0 -8.024318 -14.522307 -6.890282 36.884533 -0.073334 0.549019 -74.924446 12.49204 -11.446177 -21.549086 1.12163 1.578276 -1.000002 -0.0 0.0 
0.0 0.0 0.0 0.0 -0.0 0.0 4.518751 101.725296 0.109438 89.009689 -1.08909 86.7173 -3.618774 0.212921 -0.624197 -12.479569 -0.735179 -0.970152 12.540529 1.098438 -5.091086 19.506994 -1.33746 2.358404 -2.966475 -1.161111 -2.117912 -34.056019 -3.344443 -1.092667 7e-06 0.0 -0.0 0.051923 -0.046563 -0.126529 -0.10297 0.009796 -0.066093 -0.130423 -0.107874 -0.175902 -31.59638 -68.991081 44.930176 -0.773269 17.179768 -65.863556 19.876364 -2.277678 0.387972 7.357782 3.250371 -66.166573 17.636623 -26.322733 52.411194 -19.46666 -14.395597 29.410385 -1e-06 -8.774821 -1e-06 18.019249 -17.096832 4.741165 -0.609776 -1.795651 -3.889329 -4.807084 -11.046809 -2.937851 5e-06 -20.976011 2e-06 -5.019967 -25.033548 -4.031878 3e-06 -1e-06 -0.0 -10.634531 -5.686967 -3.565588 10.573274 -17.922951 -3.113901 2e-06 -13.821209 2e-06 -0.501777 -31.181501 -4.027011 -10.055006 -60.453793 6.30125 -13.982712 -7.150195 -2.875044 13.772731 -8.401492 -3.218244 0.347734 -34.211555 0.771658 -0.963029 -17.73337 2.621022 -0.0 -0.0 1e-06 -17.346411 -20.095207 -4.201782 21.757555 -1.638377 3.866424 1e-06 -6.338824 0.0 -1.697585 -22.591742 -6.194005 -1e-06 -6e-06 -1e-06 157.327866 -68.689369 31.583311 -5.037392 -10.115529 -48.157055 29.987061 -0.405119 -1.016526 11.340893 13.805725 -28.78336 22.182112 -20.375885 49.933319 -16.701811 -16.743528 28.476528 -3e-06 -12.6906 -1e-06 16.271284 -16.540222 1.819052 -0.105919 -1.513856 -4.275882 -5.039044 -5.612873 -2.953556 5e-06 -11.02052 -4e-06 -6.111296 -15.89533 -3.840475 1e-06 -0.0 1e-06 -10.283372 -5.680289 -4.34184 11.028296 -11.302403 -2.372633 -1.38427 -14.23858 -6.320123 -0.625435 -26.924187 -3.827605 -4.281588 -49.129253 -3.597567 -13.708526 -7.363475 -3.720939 18.141146 -14.052737 -3.242672 6e-06 -18.787264 -2e-06 -0.429711 -8.456042 2.555503 2e-06 -0.0 1e-06 -15.923532 -20.094482 -5.473585 30.41921 -7.190823 1.735927 2e-06 -8.162927 -1e-06 -1.861903 -22.861467 -6.167941 1e-06 -4e-06 0.0 -179.075974 -15.324291 -4.205442 21.53303 -0.124193 0.709088 -66.281982 13.576676 -10.573408 -23.543633 1.978962 1.864074 -0.999999 -0.0 -0.0 -4.970713 -12.858418 -5.969627 28.462641 -0.063868 0.338106 -60.788677 10.309378 -9.268837 -23.652483 1.13627 1.565245 -1.000001 -0.0 -0.0 
0.0 0.0 0.0 0.0 -0.0 0.0 4.609186 105.22541 0.447599 89.068977 -1.444836 87.322243 -3.786072 0.390499 -0.716259 -12.526903 -0.705846 -0.990364 12.284421 1.175344 -4.938143 20.06547 -1.599206 2.50931 -2.929518 -0.915469 -2.422603 -33.321953 -3.452517 -1.236056 6e-06 -0.0 -1e-06 0.049217 -0.037924 -0.152531 -0.075823 -0.009769 -0.11687 -0.095891 -0.072602 -0.179777 -35.073196 -70.188522 48.786701 2.01857 7.9066 -59.007904 19.990959 -2.13886 0.400499 11.019401 2.756277 -61.525219 17.636627 -26.322729 52.411186 -19.46666 -14.395597 29.410389 -1e-06 -8.774824 -1e-06 17.257864 -17.159447 5.344516 -0.609775 -1.795655 -3.88933 -4.807092 -11.046813 -2.937851 2e-06 -20.976021 1e-06 -5.019972 -25.033562 -4.03188 6e-06 0.0 1e-06 -10.634534 -5.686969 -3.565589 10.573271 -17.922951 -3.1139 2e-06 -13.821213 0.0 -0.501777 -31.181507 -4.027015 -10.29246 -61.356239 6.230308 -13.982712 -7.150196 -2.875043 13.77273 -8.401493 -3.218242 0.347731 -34.211555 0.771655 -0.963031 -17.73337 2.62102 -2e-06 -1e-06 0.0 -17.346418 -20.095219 -4.201782 21.757557 -1.638375 3.86643 1e-06 -6.338825 -3e-06 -1.69759 -22.59174 -6.194004 -2e-06 -6e-06 -2e-06 151.202469 -71.493919 39.52739 -7.049776 -15.658042 -37.932045 28.165991 -0.131195 -0.742842 11.211437 13.042889 -25.24571 22.182108 -20.375893 49.933319 -16.701811 -16.743528 28.476532 -4e-06 -12.6906 -1e-06 15.996809 -16.692808 2.186559 -0.105919 -1.513855 -4.275881 -5.039041 -5.612872 -2.953557 5e-06 -11.020523 -3e-06 -6.111299 -15.89533 -3.84047 -0.0 0.0 0.0 -10.283369 -5.680288 -4.341838 11.028294 -11.302404 -2.372633 -1.384269 -14.23858 -6.320119 -0.625436 -26.924185 -3.827602 -4.110615 -49.65662 -3.679388 -13.708523 -7.363474 -3.720939 18.141148 -14.052738 -3.242674 6e-06 -18.78727 -1e-06 -0.42971 -8.456043 2.555504 1e-06 0.0 -1e-06 -15.923532 -20.094481 -5.473586 30.419207 -7.190827 1.735924 -0.0 -8.162922 0.0 -1.861903 -22.861469 -6.16794 1e-06 -1e-06 -1e-06 -179.56604 -13.690014 -3.872418 19.111776 -0.170101 0.643419 -55.731026 10.274463 -9.150033 -21.219122 1.977711 1.948438 -0.999998 -0.0 -0.0 -3.001292 -11.214603 -5.218118 21.584412 -0.104168 0.191087 -49.323597 4.728791 -7.657102 -19.5229 0.967164 1.579687 -1.000001 0.0 0.0 
0.0 0.0 0.0 0.0 -0.0 0.0 4.761588 107.747223 0.768499 89.093887 -1.672254 87.499245 -3.670979 0.598865 -0.830034 -12.383597 -0.602433 -0.980563 12.047932 1.247142 -4.622164 20.157406 -1.884399 2.672505 -2.928143 -0.768028 -2.573113 -32.652248 -3.346117 -1.445459 6e-06 -0.0 -0.0 0.011164 -0.029706 -0.185619 -0.091841 -0.038569 -0.173 -0.111961 -0.028473 -0.191736 -41.011383 -71.734581 55.298618 4.545544 -1.000404 -53.446823 18.753702 -1.464082 0.412251 12.877947 3.682847 -54.780888 17.636627 -26.322733 52.41119 -19.46666 -14.395597 29.410393 -2e-06 -8.774821 -1e-06 16.442575 -17.555029 6.017492 -0.609778 -1.795654 -3.889328 -4.807087 -11.046809 -2.937849 5e-06 -20.976019 1e-06 -5.019972 -25.033554 -4.031877 5e-06 -1e-06 0.0 -10.634535 -5.686972 -3.565588 10.573273 -17.922945 -3.113899 3e-06 -13.821209 1e-06 -0.501778 -31.181498 -4.027014 -10.958412 -62.347298 6.533589 -13.982714 -7.150198 -2.875043 13.772728 -8.401493 -3.218242 0.347733 -34.211544 0.771655 -0.96303 -17.733366 2.621022 -0.0 1e-06 -0.0 -17.346416 -20.095217 -4.201783 21.757557 -1.638375 3.866428 2e-06 -6.338823 1e-06 -1.697589 -22.591743 -6.194005 0.0 -4e-06 -2e-06 141.347687 -74.754669 51.180027 -7.22596 -20.283066 -29.370842 25.20808 -0.028148 -0.223149 10.808323 11.915075 -21.1646 22.182117 -20.375898 49.933327 -16.701813 -16.743528 28.476532 -2e-06 -12.690601 -1e-06 15.148651 -16.919712 2.750478 -0.10592 -1.513856 -4.275884 -5.039042 -5.612873 -2.953557 4e-06 -11.020525 -2e-06 -6.111299 -15.895334 -3.840469 0.0 0.0 -2e-06 -10.283373 -5.680289 -4.341843 11.028296 -11.302406 -2.372633 -1.384269 -14.238581 -6.320123 -0.625436 -26.924194 -3.827604 -4.142101 -49.564873 -3.317472 -13.708527 -7.363478 -3.720941 18.141153 -14.05274 -3.242677 6e-06 -18.787271 -2e-06 -0.429712 -8.456041 2.555508 1e-06 1e-06 -1e-06 -15.923536 -20.094486 -5.473586 30.419218 -7.190826 1.735926 4e-06 -8.162927 -1e-06 -1.861902 -22.861469 -6.167941 0.0 -5e-06 -2e-06 179.618561 -11.414092 -3.732747 18.080307 -0.251508 0.549541 -52.131519 7.073177 -9.05597 -15.644844 1.851917 2.060064 -0.999998 -0.0 -0.0 -2.404709 -9.464537 -5.243442 17.9177 -0.160613 0.119332 -45.434647 -1.015622 -7.06151 -13.937843 0.80983 1.607685 -1.000002 0.0 0.0 
0.0 0.0 0.0 0.0 -0.0 0.0 4.955571 109.085739 0.938679 89.099686 -1.809341 87.241547 -3.428339 0.801913 -0.869697 -12.199303 -0.498084 -0.91661 12.044717 1.380867 -4.162554 19.790087 -2.105728 2.767533 -2.902799 -0.761256 -2.51949 -32.423012 -3.094848 -1.708594 6e-06 0.0 -1e-06 -0.008972 -0.035409 -0.217739 -0.107668 -0.068963 -0.219188 -0.123134 -0.01038 -0.212863 -49.634281 -73.28949 64.716995 7.042652 -9.671277 -49.332581 17.517864 -0.346946 0.434178 12.839247 5.080678 -49.156586 17.636641 -26.322741 52.411201 -19.466665 -14.395598 29.410393 -1e-06 -8.774822 -3e-06 15.824509 -18.119129 6.544753 -0.609776 -1.795655 -3.889328 -4.807091 -11.046811 -2.93785 6e-06 -20.976023 -0.0 -5.019969 -25.033562 -4.031881 5e-06 0.0 -0.0 -10.634536 -5.686974 -3.565588 10.573278 -17.922955 -3.113901 4e-06 -13.821213 2e-06 -0.501776 -31.181505 -4.027012 -11.941825 -62.897343 7.218557 -13.982718 -7.150198 -2.875043 13.772732 -8.401493 -3.218241 0.347738 -34.211559 0.771655 -0.963027 -17.733372 2.621021 -0.0 0.0 0.0 -17.346422 -20.095219 -4.201784 21.757563 -1.638381 3.866429 2e-06 -6.338822 1e-06 -1.697588 -22.591753 -6.194007 -1e-06 -5e-06 -2e-06 125.788429 -77.698242 68.644958 -5.3359 -24.290649 -22.821636 21.621628 -0.110484 0.06186 9.8898 10.547231 -17.265499 22.182119 -20.375898 49.933319 -16.701818 -16.74353 28.476538 -3e-06 -12.690604 -2e-06 14.608988 -17.171021 3.245057 -0.105919 -1.513857 -4.275882 -5.039042 -5.612872 -2.953556 4e-06 -11.020527 -2e-06 -6.111296 -15.895334 -3.840474 1e-06 1e-06 -1e-06 -10.283371 -5.680288 -4.341838 11.028297 -11.302409 -2.372635 -1.384268 -14.238583 -6.320124 -0.625435 -26.924196 -3.827604 -4.39857 -49.32748 -2.952945 -13.708526 -7.363477 -3.72094 18.141153 -14.052742 -3.242676 8e-06 -18.787271 -4e-06 -0.429712 -8.456045 2.555506 1e-06 -1e-06 -0.0 -15.923536 -20.094486 -5.473585 30.419222 -7.190832 1.735927 4e-06 -8.162928 -0.0 -1.861902 -22.861469 -6.167943 -1e-06 -4e-06 -0.0 179.046005 -8.566556 -4.057594 16.731588 -0.276728 0.475167 -52.30632 6.618409 -9.305671 -13.023721 1.760494 2.08082 -0.999997 -0.0 0.0 -2.87982 -7.672071 -5.413758 17.017885 -0.158161 0.102745 -46.790443 -2.853904 -7.039896 -11.698545 0.743383 1.60217 -1.000004 1e-06 0.0 
0.0 0.0 0.0 0.0 -0.0 0.0 5.116065 109.251106 1.022379 89.144295 -1.935183 86.77005 -3.225499 0.975526 -0.736117 -12.072641 -0.46326 -0.909165 12.259751 1.472387 -3.534093 19.114567 -2.267288 2.688421 -2.822576 -0.834008 -2.210059 -32.460224 -2.788747 -2.103354 5e-06 -0.0 -1e-06 0.003014 -0.043329 -0.211702 -0.090389 -0.095624 -0.224934 -0.10095 3e-06 -0.200281 -60.668274 -74.54126 76.581505 9.607602 -17.852932 -45.6716 17.099695 0.358337 0.357624 11.862442 5.725775 -46.226944 17.636641 -26.322725 52.411182 -19.466663 -14.395594 29.410389 1e-06 -8.774822 -3e-06 15.649651 -18.544861 6.759367 -0.609776 -1.795654 -3.889328 -4.80709 -11.046814 -2.937851 4e-06 -20.976019 -2e-06 -5.01997 -25.03356 -4.031884 6e-06 1e-06 -0.0 -10.634536 -5.686973 -3.565588 10.573272 -17.922951 -3.113901 2e-06 -13.82121 -0.0 -0.501776 -31.181505 -4.027019 -12.818074 -62.849079 7.855355 -13.982717 -7.150201 -2.875043 13.772731 -8.401493 -3.218241 0.347733 -34.211555 0.771652 -0.963028 -17.73337 2.621019 0.0 -0.0 -1e-06 -17.346426 -20.095222 -4.201783 21.757561 -1.638371 3.866431 1e-06 -6.338825 1e-06 -1.69759 -22.591747 -6.19401 0.0 -3e-06 -2e-06 104.371544 -79.512711 92.028259 -2.207467 -28.281713 -17.862921 18.450434 -0.346277 0.062594 7.952435 8.999531 -13.92562 22.182119 -20.375895 49.933319 -16.701811 -16.743526 28.476522 -3e-06 -12.690601 -2e-06 14.63525 -17.401257 3.500603 -0.105919 -1.513855 -4.275881 -5.039042 -5.612872 -2.953556 4e-06 -11.02052 -1e-06 -6.111299 -15.895332 -3.840469 1e-06 -0.0 -2e-06 -10.283371 -5.680289 -4.341835 11.028295 -11.302405 -2.372635 -1.38427 -14.238579 -6.320121 -0.625441 -26.924187 -3.827601 -4.485807 -49.288555 -2.947597 -13.708526 -7.363476 -3.720939 18.14115 -14.052739 -3.242674 5e-06 -18.78727 -2e-06 -0.429713 -8.456042 2.555502 -1e-06 0.0 1e-06 -15.923536 -20.094482 -5.473584 30.419214 -7.190826 1.735928 2e-06 -8.162927 -2e-06 -1.861902 -22.861473 -6.167944 -2e-06 -2e-06 -0.0 178.592484 -5.409494 -4.696537 14.770002 -0.273738 0.463897 -52.988506 8.43361 -9.668607 -12.505587 1.721167 2.064292 -0.999998 -0.0 -0.0 -3.815823 -5.812602 -5.111116 17.448372 -0.119293 0.115055 -49.818787 -1.53162 -7.388973 -11.115373 0.728903 1.588379 -1.0 0.0 0.0 
0.0 0.0 0.0 0.0 -0.0 0.0 5.192417 108.396217 1.058699 89.14801 -1.998709 86.420578 -3.153145 1.096495 -0.46616 -11.989731 -0.453605 -0.90424 12.660419 1.486235 -2.895047 18.29892 -2.367849 2.544939 -2.744535 -0.869414 -1.832348 -32.505161 -2.572388 -2.661053 6e-06 0.0 -0.0 0.012491 -0.035322 -0.148243 -0.061321 -0.090363 -0.168579 -0.069499 0.010623 -0.135773 -73.29998 -75.300499 89.954811 12.079434 -24.853071 -41.010509 17.603521 0.195114 0.209438 10.881766 5.324043 -45.311085 17.636625 -26.322735 52.411194 -19.46666 -14.395596 29.410389 -3e-06 -8.774821 -1e-06 15.80355 -18.686989 6.695767 -0.609776 -1.795657 -3.889326 -4.807088 -11.046806 -2.937851 4e-06 -20.976017 0.0 -5.019969 -25.033552 -4.031881 6e-06 0.0 -1e-06 -10.634533 -5.686971 -3.565588 10.573272 -17.922947 -3.113901 3e-06 -13.821206 1e-06 -0.501776 -31.181498 -4.027015 -13.004316 -62.26479 8.008031 -13.982713 -7.150198 -2.875042 13.77273 -8.401493 -3.218242 0.347733 -34.211555 0.771656 -0.96303 -17.73337 2.62102 1e-06 -0.0 -0.0 -17.346415 -20.095217 -4.201782 21.757555 -1.638374 3.866427 1e-06 -6.338827 1e-06 -1.697589 -22.591743 -6.194005 0.0 -2e-06 -2e-06 80.961922 -79.625305 117.225349 1.250489 -32.300201 -14.108916 16.468653 -0.529576 -0.055237 5.640171 7.416392 -11.890849 22.18211 -20.375891 49.933315 -16.701811 -16.74353 28.476528 -0.0 -12.690602 0.0 14.754303 -17.503429 3.569027 -0.105918 -1.513854 -4.275881 -5.039041 -5.61287 -2.953556 4e-06 -11.020523 -1e-06 -6.1113 -15.895334 -3.840471 -1e-06 1e-06 1e-06 -10.283371 -5.680286 -4.341837 11.028296 -11.302406 -2.372632 -1.384269 -14.238583 -6.320123 -0.625438 -26.924187 -3.827601 -4.211026 -49.105518 -3.267087 -13.708525 -7.363475 -3.720938 18.141148 -14.052737 -3.242674 4e-06 -18.78727 -2e-06 -0.42971 -8.456043 2.555503 -1e-06 0.0 1e-06 -15.923536 -20.094484 -5.473583 30.41921 -7.190824 1.735926 4e-06 -8.162925 -2e-06 -1.861907 -22.861465 -6.16794 1e-06 -3e-06 -0.0 177.771622 -2.604259 -5.417204 13.800818 -0.278388 0.398856 -53.449726 9.900834 -9.526616 -13.062375 1.721905 2.042338 -0.999997 -0.0 -0.0 -4.624646 -3.860683 -4.090197 18.278112 -0.100098 0.079918 -52.974342 0.308309 -7.557639 -11.453095 0.755146 1.591271 -1.000003 -0.0 1e-06 
0.0 0.0 0.0 0.0 -0.0 0.0 5.181 106.701088 1.009463 89.078606 -1.805619 86.489975 -3.077808 1.110214 -0.295907 -11.902164 -0.456558 -0.727356 13.193627 1.469799 -2.398205 17.466726 -2.315538 2.499393 -2.68843 -0.775686 -1.784706 -32.482456 -2.460478 -3.200964 6e-06 -0.0 -1e-06 0.006609 -0.023042 -0.091172 -0.019045 -0.053143 -0.102632 -0.022458 -0.001815 -0.089961 -84.67939 -75.624092 102.164909 14.449004 -30.943726 -34.506378 18.898909 -0.143384 0.069763 10.262728 4.01995 -45.135208 17.636641 -26.322735 52.41119 -19.46666 -14.395598 29.410385 2e-06 -8.774821 -4e-06 15.947544 -18.655201 6.47444 -0.609776 -1.795653 -3.889328 -4.80709 -11.046809 -2.937851 3e-06 -20.976019 2e-06 -5.01997 -25.033558 -4.031882 6e-06 -0.0 0.0 -10.634533 -5.686968 -3.565591 10.573271 -17.922955 -3.113898 3e-06 -13.821206 2e-06 -0.501779 -31.181505 -4.027014 -12.437651 -61.257927 7.563513 -13.982714 -7.150198 -2.875043 13.772729 -8.401493 -3.21824 0.347731 -34.211544 0.771658 -0.963029 -17.73337 2.621021 1e-06 -0.0 1e-06 -17.346416 -20.095217 -4.201784 21.757561 -1.638375 3.866429 1e-06 -6.338824 2e-06 -1.697589 -22.591747 -6.194008 -0.0 -5e-06 -2e-06 63.113529 -78.347816 136.501907 4.580722 -36.38633 -10.696757 15.535599 -0.63064 -0.132465 3.621307 6.014991 -11.178246 22.182117 -20.375895 49.933323 -16.701805 -16.743528 28.476528 -2e-06 -12.6906 -0.0 14.846275 -17.576241 3.627678 -0.105921 -1.513854 -4.275881 -5.039041 -5.612869 -2.953556 4e-06 -11.020523 -2e-06 -6.111297 -15.89533 -3.840471 -1e-06 -0.0 0.0 -10.28337 -5.680286 -4.34184 11.028292 -11.302406 -2.37263 -1.384268 -14.238579 -6.320121 -0.625441 -26.924183 -3.827599 -3.775362 -48.854809 -3.637612 -13.708523 -7.363472 -3.720941 18.141146 -14.052743 -3.242673 6e-06 -18.787268 -1e-06 -0.429711 -8.456043 2.555504 1e-06 0.0 -0.0 -15.923532 -20.094482 -5.473587 30.419205 -7.190826 1.735929 4e-06 -8.162924 1e-06 -1.8619 -22.861467 -6.167941 0.0 -3e-06 -1e-06 176.268066 -0.692653 -6.039216 15.966246 -0.207865 0.135566 -55.31736 7.349215 -6.883203 -15.248627 1.749456 2.025793 -0.999998 -0.0 0.0 -5.031963 -2.128363 -2.943767 19.571022 -0.123764 -0.048129 -55.95319 0.77471 -6.665562 -13.846052 0.795589 1.55924 -1.000001 0.0 0.0 
0.0 0.0 0.0 0.0 -0.0 0.0 4.992034 104.035271 0.913367 89.094345 -1.308151 86.878212 -2.784349 0.915364 -0.271653 -11.810929 -0.467661 -0.354355 13.606322 1.392367 -2.154353 16.826843 -2.009901 2.656328 -2.667679 -0.590596 -2.201302 -32.898296 -2.397823 -3.459927 6e-06 0.0 -0.0 -0.015281 -0.006894 -0.048976 0.025348 0.006943 -0.040413 0.016956 -0.028945 -0.064006 -91.155052 -75.763016 109.370544 16.740515 -37.193409 -25.798441 20.572865 -0.067961 -0.006882 9.464111 1.496327 -45.048512 17.636639 -26.322737 52.41119 -19.46666 -14.395592 29.410385 -0.0 -8.774823 -1e-06 15.913244 -18.686913 6.314435 -0.609777 -1.795652 -3.889329 -4.807088 -11.046811 -2.937849 2e-06 -20.976019 3e-06 -5.019971 -25.033558 -4.03188 4e-06 1e-06 -0.0 -10.634533 -5.686969 -3.565588 10.573272 -17.922951 -3.113899 3e-06 -13.821209 1e-06 -0.501779 -31.181505 -4.027012 -11.956794 -60.587242 7.090431 -13.982712 -7.150199 -2.875043 13.772727 -8.401491 -3.21824 0.347733 -34.211555 0.771657 -0.963031 -17.73337 2.621021 -1e-06 -1e-06 -0.0 -17.346416 -20.095217 -4.201782 21.757555 -1.638377 3.86643 3e-06 -6.338823 1e-06 -1.697591 -22.591743 -6.194005 2e-06 -4e-06 -2e-06 54.458824 -77.079063 145.937668 7.606596 -41.459175 -7.163145 15.532372 -0.912671 -0.108029 2.11512 5.021235 -11.474168 22.182117 -20.375891 49.933315 -16.701811 -16.743526 28.476528 -1e-06 -12.690601 -1e-06 15.089417 -17.950247 3.701227 -0.10592 -1.513856 -4.275882 -5.039041 -5.612869 -2.953557 4e-06 -11.020524 -2e-06 -6.111297 -15.89533 -3.84047 0.0 -0.0 0.0 -10.283369 -5.680288 -4.341838 11.028294 -11.302404 -2.372632 -1.384269 -14.238581 -6.320121 -0.625439 -26.924191 -3.8276 -3.738329 -48.937683 -3.844158 -13.708524 -7.363475 -3.720942 18.141148 -14.052739 -3.242673 7e-06 -18.78727 -3e-06 -0.429714 -8.456043 2.555504 1e-06 0.0 0.0 -15.923536 -20.094484 -5.473585 30.41921 -7.190825 1.735927 3e-06 -8.162927 -1e-06 -1.861901 -22.861469 -6.167943 -1e-06 -4e-06 -1e-06 174.210144 0.14405 -6.321661 22.253139 -0.08812 -0.057334 -64.247025 1.735716 -2.730651 -16.764519 1.781952 2.015139 -0.999999 0.0 0.0 -5.46409 -1.181588 -2.396106 22.927149 -0.076133 -0.237712 -63.20929 -0.888926 -4.867631 -17.441059 0.847349 1.526386 -1.000001 -0.0 0.0 
0.0 0.0 0.0 0.0 -0.0 0.0 4.834036 100.731514 0.752223 89.543823 -0.801337 86.79705 -2.400336 0.482953 -0.141279 -11.705571 -0.553311 0.033738 14.027913 0.996896 -1.883616 15.941124 -1.492795 2.791764 -2.578389 -0.540554 -2.547111 -33.962749 -2.217487 -3.530126 6e-06 0.0 0.0 0.006285 0.059749 0.1094 0.047725 0.090298 0.11443 0.033189 0.019148 0.103068 -93.779152 -75.754448 112.413788 18.939276 -43.669613 -16.007496 22.19212 0.407946 -0.006508 8.212249 -1.952187 -44.637421 17.636629 -26.322729 52.41119 -19.466663 -14.395596 29.410385 -1e-06 -8.774822 -4e-06 15.892023 -19.101681 6.346013 -0.609776 -1.795652 -3.889328 -4.807085 -11.046809 -2.937854 3e-06 -20.976019 2e-06 -5.019971 -25.033558 -4.031879 7e-06 -1e-06 1e-06 -10.634533 -5.686971 -3.565587 10.573277 -17.922949 -3.113901 0.0 -13.821209 3e-06 -0.50178 -31.181505 -4.027016 -11.947738 -60.339066 7.036455 -13.982712 -7.150197 -2.875043 13.77273 -8.401493 -3.218243 0.347735 -34.211555 0.771657 -0.963029 -17.73337 2.621021 -1e-06 1e-06 -1e-06 -17.346418 -20.095217 -4.201784 21.757553 -1.638376 3.86643 0.0 -6.338823 2e-06 -1.697586 -22.591745 -6.194007 -1e-06 -4e-06 -4e-06 50.650467 -76.607002 149.90979 10.647759 -47.992439 -3.711726 16.754147 -0.894062 -0.018093 0.778439 4.431706 -11.734123 22.182112 -20.375898 49.933334 -16.701813 -16.743526 28.476536 -3e-06 -12.6906 1e-06 15.385707 -18.48509 3.696104 -0.105919 -1.513854 -4.275882 -5.039041 -5.612872 -2.953557 4e-06 -11.020525 -1e-06 -6.111297 -15.895334 -3.840472 -0.0 -0.0 -1e-06 -10.283369 -5.680285 -4.34184 11.028293 -11.302404 -2.372632 -1.384268 -14.238581 -6.320121 -0.625439 -26.924189 -3.8276 -4.063058 -49.3405 -3.871823 -13.708524 -7.363475 -3.72094 18.14115 -14.052739 -3.242676 6e-06 -18.78727 -0.0 -0.429713 -8.456043 2.555505 1e-06 1e-06 -0.0 -15.923534 -20.094482 -5.473588 30.41921 -7.190825 1.735926 3e-06 -8.162927 0.0 -1.861901 -22.861469 -6.167942 -1e-06 -3e-06 -2e-06 171.758789 0.249118 -7.570014 29.753405 0.021954 -0.148977 -76.995087 -0.350157 -0.804691 -13.462854 1.661286 2.006883 -1.0 0.0 0.0 -6.971138 -1.551173 -2.105983 28.638424 0.06195 -0.318872 -76.446243 -2.19548 -4.791649 -13.061271 0.810023 1.608605 -1.000003 1e-06 0.0 
0.0 0.0 0.0 0.0 -0.0 0.0 4.744262 97.906494 0.634349 89.88884 -0.567555 86.532188 -2.036882 0.037519 -0.214902 -11.479928 -0.581342 0.302834 14.21227 0.754949 -1.687235 14.586356 -1.010173 2.647094 -2.46276 -0.593725 -2.369082 -34.945808 -2.034436 -3.52783 5e-06 0.0 0.0 -0.005465 0.084885 0.171762 0.10841 0.116065 0.169131 0.075647 0.044582 0.176798 -98.511803 -75.226738 117.302391 21.091135 -49.318932 -8.773669 23.094503 0.377329 -0.009132 7.303574 -4.872564 -42.399879 17.636627 -26.322731 52.411198 -19.466663 -14.395598 29.410389 -1e-06 -8.774822 -1e-06 15.931722 -18.904768 6.419789 -0.609776 -1.795654 -3.889327 -4.807087 -11.046812 -2.937851 3e-06 -20.976019 2e-06 -5.019967 -25.03356 -4.031882 6e-06 0.0 1e-06 -10.634537 -5.686971 -3.565587 10.573278 -17.922953 -3.113904 6e-06 -13.821211 -1e-06 -0.501774 -31.181507 -4.027017 -11.830404 -60.098602 7.009041 -13.982714 -7.150198 -2.87504 13.77273 -8.401492 -3.218241 0.347733 -34.211555 0.771655 -0.963029 -17.73337 2.621022 0.0 1e-06 0.0 -17.346422 -20.095217 -4.201782 21.757561 -1.638376 3.866429 2e-06 -6.338825 0.0 -1.697589 -22.591747 -6.194009 1e-06 -5e-06 -1e-06 47.994362 -76.221184 152.400818 14.294906 -54.006027 -1.20426 18.453869 -0.82732 0.011786 -0.10536 4.022843 -12.305241 22.18211 -20.375891 49.933319 -16.701815 -16.743532 28.476534 -3e-06 -12.690601 -0.0 15.831817 -18.712751 3.471708 -0.105919 -1.513857 -4.275882 -5.039041 -5.612871 -2.953557 4e-06 -11.02052 -2e-06 -6.111298 -15.89533 -3.840472 -0.0 0.0 1e-06 -10.283369 -5.680288 -4.341839 11.028294 -11.302404 -2.372635 -1.384269 -14.238579 -6.320121 -0.625437 -26.924185 -3.827602 -4.286412 -49.758591 -3.823683 -13.708524 -7.363477 -3.720939 18.14115 -14.052739 -3.242676 7e-06 -18.787266 -2e-06 -0.429713 -8.456043 2.555503 0.0 0.0 -0.0 -15.923536 -20.094482 -5.473585 30.41921 -7.190824 1.735924 2e-06 -8.162925 -1e-06 -1.861901 -22.861467 -6.167942 -1e-06 -1e-06 -1e-06 169.326736 -0.118622 -8.908412 35.407711 -0.003092 -0.018394 -87.419632 -0.329462 -0.400391 -9.497315 1.497409 2.036446 -0.999999 0.0 -0.0 -9.568344 -2.137957 -2.424212 34.382286 0.019242 -0.207412 -87.448204 -3.521708 -5.444539 -7.751825 0.662033 1.667443 -1.000003 0.0 -0.0 
0.0 0.0 0.0 0.0 -0.0 0.0 4.829018 96.19854 0.173885 90.220024 -0.703309 86.061699 -2.177559 -0.497875 -0.167537 -11.408026 -0.607859 0.281807 14.821281 0.677928 -1.635136 12.787223 -0.600996 2.391667 -2.519622 -0.664143 -2.026029 -35.250317 -1.47504 -3.376798 5e-06 0.0 0.0 -0.00836 0.071632 0.148146 0.216659 0.082675 0.142728 0.220794 0.048936 0.156567 -112.663071 -73.224663 132.416275 23.046011 -51.17746 -3.497217 23.377775 0.114632 -0.127173 6.828338 -5.338432 -40.34779 17.636627 -26.322733 52.411194 -19.466656 -14.395597 29.410381 -1e-06 -8.774819 -2e-06 15.527365 -18.456444 6.661788 -0.609775 -1.795654 -3.889326 -4.807088 -11.046811 -2.93785 3e-06 -20.976019 0.0 -5.019972 -25.03356 -4.031879 6e-06 2e-06 1e-06 -10.634532 -5.686969 -3.565587 10.573274 -17.922951 -3.1139 4e-06 -13.82121 -1e-06 -0.50178 -31.181501 -4.027011 -11.759407 -59.882496 7.271241 -13.982712 -7.150198 -2.875042 13.77273 -8.401492 -3.21824 0.347733 -34.211555 0.771655 -0.96303 -17.73337 2.621018 -1e-06 0.0 -1e-06 -17.346416 -20.095215 -4.201779 21.757557 -1.638375 3.866428 2e-06 -6.338824 3e-06 -1.697588 -22.591742 -6.194007 0.0 -4e-06 -2e-06 39.436661 -74.089867 161.223709 17.879215 -56.358906 -0.544169 20.523212 -0.763521 0.008898 -0.721063 3.93094 -12.286966 22.182121 -20.375898 49.933327 -16.701815 -16.743528 28.476532 -3e-06 -12.690603 -2e-06 16.153507 -18.456348 3.090659 -0.10592 -1.513854 -4.275882 -5.039042 -5.612872 -2.953557 4e-06 -11.020525 -1e-06 -6.111299 -15.895332 -3.840471 -0.0 -0.0 0.0 -10.283373 -5.680287 -4.341839 11.028296 -11.302406 -2.372633 -1.384269 -14.238582 -6.320121 -0.625438 -26.924192 -3.827601 -4.242425 -49.873497 -3.750607 -13.708526 -7.363475 -3.72094 18.141151 -14.052739 -3.242674 6e-06 -18.78727 -2e-06 -0.429712 -8.456045 2.555504 1e-06 1e-06 0.0 -15.923538 -20.094484 -5.473585 30.419214 -7.190828 1.735928 1e-06 -8.162927 -1e-06 -1.861902 -22.861473 -6.167943 1e-06 -1e-06 -1e-06 167.866608 0.017548 -9.54238 37.576561 -0.082241 0.075325 -93.649353 -0.877406 -0.464653 -6.685601 1.469889 2.076782 -1.0 0.0 -0.0 -11.596947 -2.702833 -2.554673 37.468895 -0.04093 -0.079135 -93.627571 -4.332057 -5.644513 -5.176318 0.555053 1.676041 -1.000002 -1e-06 -0.0 
0.0 0.0 0.0 0.0 -0.0 0.0 5.001562 96.17334 -0.083831 90.446732 -0.965184 85.440994 -2.487746 -0.911426 -0.145878 -11.444498 -0.655827 0.240381 15.464853 0.572556 -1.630138 10.964204 -0.196069 2.383359 -2.550476 -0.658618 -1.812065 -35.653217 -0.961295 -3.457886 7e-06 -0.0 -0.0 0.012236 0.066342 0.111802 0.271215 0.068251 0.110234 0.311928 0.051522 0.113744 -124.918587 -70.440018 145.640717 24.928429 -51.907001 0.350579 22.33427 -0.027149 -0.208426 6.235021 -4.335377 -37.840469 17.636631 -26.322721 52.411182 -19.466661 -14.395596 29.410389 0.0 -8.774821 -3e-06 15.357021 -18.097136 6.648716 -0.609776 -1.795654 -3.889328 -4.80709 -11.046811 -2.93785 5e-06 -20.976017 -1e-06 -5.019969 -25.033562 -4.031882 8e-06 1e-06 0.0 -10.634533 -5.686972 -3.565587 10.573272 -17.922947 -3.1139 2e-06 -13.821209 -1e-06 -0.501776 -31.181505 -4.02702 -11.656663 -60.09856 7.395565 -13.982714 -7.150199 -2.875041 13.77273 -8.401493 -3.218241 0.347735 -34.211555 0.77165 -0.963027 -17.73337 2.621017 0.0 0.0 1e-06 -17.346422 -20.095221 -4.20178 21.757565 -1.638374 3.866428 2e-06 -6.338826 -0.0 -1.697589 -22.591751 -6.19401 -2e-06 -6e-06 -3e-06 31.39806 -71.338196 169.727264 20.964878 -57.138702 -0.948707 22.10549 -0.240679 0.120816 -1.155433 4.308927 -13.464176 22.182121 -20.375898 49.933319 -16.701817 -16.74353 28.476532 -3e-06 -12.690604 -1e-06 16.202028 -18.317909 2.824096 -0.105919 -1.513855 -4.275882 -5.039041 -5.61287 -2.953556 4e-06 -11.020523 -1e-06 -6.111297 -15.895334 -3.840469 0.0 -0.0 -1e-06 -10.283373 -5.680288 -4.341838 11.028297 -11.302407 -2.372634 -1.384269 -14.238582 -6.320121 -0.625438 -26.924191 -3.827601 -4.316712 -49.796413 -3.659294 -13.708526 -7.363476 -3.72094 18.141151 -14.052739 -3.242674 6e-06 -18.78727 -1e-06 -0.429713 -8.456047 2.555504 0.0 3e-06 -0.0 -15.923536 -20.094482 -5.473585 30.419214 -7.190828 1.735926 1e-06 -8.162926 0.0 -1.861902 -22.861471 -6.167942 0.0 -4e-06 -1e-06 167.812042 0.416351 -9.827242 36.728146 -0.137593 0.04528 -94.051132 -1.456507 -0.799224 -5.788721 1.506485 2.122635 -1.0 0.0 -0.0 -12.214443 -2.965005 -2.137162 37.491859 -0.052088 -0.082338 -93.801895 -4.604475 -6.084217 -4.797524 0.552974 1.671478 -1.000002 0.0 -0.0 
0.0 0.0 0.0 0.0 -0.0 0.0 5.150059 97.21315 -0.18102 90.462914 -1.019958 85.130791 -2.527932 -1.060128 -0.236433 -11.502619 -0.705565 0.256729 15.491656 0.422736 -1.732649 10.062697 0.349668 2.480275 -2.551826 -0.694309 -1.910483 -36.396103 -0.730495 -3.780202 7e-06 -0.0 -0.0 0.038559 0.055178 0.080244 0.264326 0.04787 0.087566 0.32621 0.049901 0.0695 -127.741806 -70.138885 148.798767 28.467712 -55.825397 1.651367 19.743629 -0.183319 -0.115394 5.60077 -4.164194 -34.852913 17.636625 -26.322731 52.411201 -19.466663 -14.395597 29.410395 -1e-06 -8.774822 -2e-06 15.177655 -17.795622 6.53282 -0.609777 -1.795653 -3.889329 -4.80709 -11.046811 -2.937851 4e-06 -20.976019 -2e-06 -5.019969 -25.03356 -4.031883 6e-06 -3e-06 1e-06 -10.634534 -5.686971 -3.565589 10.573274 -17.922951 -3.113901 3e-06 -13.821211 -0.0 -0.501775 -31.181505 -4.027018 -11.547549 -59.949787 7.473136 -13.982714 -7.150198 -2.875041 13.772731 -8.401493 -3.218242 0.347733 -34.211555 0.771652 -0.963028 -17.733372 2.621018 -0.0 -0.0 0.0 -17.34642 -20.095219 -4.201783 21.757557 -1.638372 3.866429 0.0 -6.338823 1e-06 -1.697588 -22.591751 -6.194009 -1e-06 -4e-06 -2e-06 28.773836 -71.177353 172.248489 24.924717 -60.093227 -2.797732 22.168602 0.30705 0.30917 -1.36538 5.054308 -15.979516 22.182114 -20.375896 49.933319 -16.701811 -16.743528 28.476528 -3e-06 -12.690599 -0.0 16.072765 -18.207203 2.681518 -0.10592 -1.513855 -4.275881 -5.03904 -5.612871 -2.953557 4e-06 -11.02052 -2e-06 -6.111297 -15.895334 -3.84047 -0.0 0.0 0.0 -10.283367 -5.680288 -4.341839 11.028293 -11.302402 -2.372633 -1.384269 -14.238577 -6.32012 -0.625438 -26.924181 -3.8276 -4.084346 -49.494442 -3.85212 -13.708523 -7.363475 -3.720939 18.141146 -14.052738 -3.242674 7e-06 -18.787266 -0.0 -0.429712 -8.456041 2.555504 -0.0 1e-06 0.0 -15.923532 -20.094482 -5.473584 30.419205 -7.190825 1.735924 3e-06 -8.162922 -0.0 -1.861902 -22.861467 -6.167939 0.0 -2e-06 -0.0 169.862518 0.928478 -9.749778 32.088936 -0.15673 0.103732 -91.610046 -1.923999 -0.824613 -5.451613 1.463558 2.127653 -0.999999 -0.0 0.0 -10.568658 -2.890219 -1.815319 33.600842 -0.045741 -0.074033 -91.15731 -4.593077 -6.577262 -5.070585 0.547255 1.665838 -1.000003 0.0 -0.0 
0.0 0.0 0.0 0.0 -0.0 0.0 5.195752 98.625717 -0.027474 90.386131 -1.298622 85.258339 -2.655389 -1.033629 -0.326837 -11.676242 -0.725932 0.203141 15.206749 0.159366 -1.936388 9.358195 1.014173 2.45275 -2.513607 -0.666815 -1.997325 -37.020626 -0.897079 -4.001624 5e-06 -0.0 -0.0 0.048953 0.060561 0.092638 0.240998 0.043979 0.096882 0.297924 0.065566 0.080149 -126.402908 -71.495872 147.863953 32.402138 -59.744041 1.410871 17.853207 -0.196292 -0.053531 5.130561 -4.195686 -33.53558 17.636635 -26.322733 52.41119 -19.466658 -14.395598 29.410385 -2e-06 -8.774822 -3e-06 14.929156 -17.646406 6.511913 -0.609776 -1.795653 -3.889327 -4.807088 -11.046807 -2.93785 5e-06 -20.976015 0.0 -5.01997 -25.033554 -4.031879 6e-06 0.0 -0.0 -10.634535 -5.686969 -3.565586 10.573276 -17.922947 -3.1139 2e-06 -13.821205 2e-06 -0.501777 -31.181498 -4.027014 -11.564528 -59.514381 7.554184 -13.982713 -7.150196 -2.875042 13.77273 -8.401491 -3.218241 0.347734 -34.211544 0.771656 -0.963027 -17.73337 2.62102 -1e-06 0.0 -0.0 -17.346416 -20.095213 -4.201782 21.757557 -1.638374 3.866428 1e-06 -6.338822 2e-06 -1.697589 -22.591742 -6.194005 0.0 -3e-06 -2e-06 29.121748 -72.152245 171.971741 29.094439 -62.701424 -5.515634 22.313059 0.537474 0.417399 -1.055823 5.737588 -18.454721 22.182117 -20.375891 49.933315 -16.701817 -16.74353 28.476534 -2e-06 -12.690601 -2e-06 15.890759 -18.169302 2.703021 -0.105919 -1.513856 -4.275881 -5.039041 -5.612871 -2.953556 3e-06 -11.020523 -2e-06 -6.111297 -15.895332 -3.840471 0.0 0.0 -0.0 -10.283371 -5.680288 -4.341839 11.028294 -11.302404 -2.372632 -1.384268 -14.238579 -6.320122 -0.625438 -26.924189 -3.827602 -3.961642 -49.286781 -4.03684 -13.708526 -7.363475 -3.72094 18.141148 -14.052739 -3.242674 6e-06 -18.787268 -2e-06 -0.429711 -8.456039 2.555504 -1e-06 0.0 -0.0 -15.923536 -20.094482 -5.473586 30.41921 -7.190826 1.735927 4e-06 -8.162925 -0.0 -1.861903 -22.861469 -6.167942 1e-06 -2e-06 -1e-06 173.03363 1.459643 -9.37454 24.929033 -0.155179 0.121294 -87.583832 -2.184905 -0.627039 -5.649287 1.402055 2.106849 -0.999999 0.0 -0.0 -7.722297 -2.531145 -1.353579 27.255579 -0.044385 -0.042646 -87.092361 -4.564879 -6.76164 -5.636292 0.554083 1.658683 -1.000002 -0.0 0.0 
0.0 0.0 0.0 0.0 -0.0 0.0 5.234656 99.804321 0.102893 90.272781 -2.179776 85.659538 -3.138038 -0.924505 -0.369253 -12.009462 -0.706396 0.144518 15.019146 -0.103512 -2.191564 8.430897 1.417879 2.387805 -2.488387 -0.618277 -2.178272 -37.390186 -1.13931 -4.344159 6e-06 -0.0 -0.0 0.038638 0.074755 0.116324 0.179921 0.044144 0.097492 0.199378 0.096207 0.122328 -125.667068 -72.58564 147.450485 34.237717 -61.357681 2.345311 17.638401 -0.13211 -0.027994 5.208425 -2.924518 -34.294937 17.636629 -26.322731 52.411186 -19.466663 -14.395597 29.410395 -2e-06 -8.774822 -2e-06 14.919188 -17.505842 6.410448 -0.609776 -1.795654 -3.889328 -4.807089 -11.046811 -2.93785 4e-06 -20.976021 -1e-06 -5.01997 -25.03356 -4.031881 6e-06 -1e-06 0.0 -10.634535 -5.686971 -3.565588 10.573274 -17.922955 -3.113901 2e-06 -13.821211 1e-06 -0.501777 -31.181511 -4.027017 -11.513274 -59.430756 7.335145 -13.982714 -7.150198 -2.875041 13.77273 -8.401495 -3.218242 0.347733 -34.211555 0.771654 -0.963028 -17.733372 2.621019 0.0 0.0 -0.0 -17.346418 -20.095221 -4.20178 21.757557 -1.638374 3.866427 1e-06 -6.338824 1e-06 -1.697588 -22.591742 -6.194006 -0.0 -5e-06 -2e-06 29.083899 -72.278084 172.377274 30.60503 -62.936245 -5.76019 24.007206 0.52587 0.409807 -0.229618 5.589106 -18.69231 22.18211 -20.375891 49.933319 -16.701815 -16.743526 28.476534 -2e-06 -12.6906 -1e-06 15.870545 -18.243008 2.740996 -0.10592 -1.513856 -4.275881 -5.039041 -5.612873 -2.953557 2e-06 -11.020525 -2e-06 -6.111298 -15.895338 -3.840471 1e-06 2e-06 -0.0 -10.283367 -5.680289 -4.341838 11.02829 -11.302405 -2.372634 -1.384269 -14.238581 -6.320121 -0.625439 -26.924187 -3.827602 -3.970853 -49.375553 -4.201805 -13.70852 -7.363477 -3.72094 18.141142 -14.052739 -3.242674 5e-06 -18.78727 -3e-06 -0.429711 -8.456045 2.555503 -1e-06 2e-06 -1e-06 -15.923532 -20.094484 -5.473585 30.419205 -7.190823 1.735925 1e-06 -8.162925 -1e-06 -1.861902 -22.861469 -6.167942 0.0 -2e-06 -0.0 175.601761 1.86 -8.807399 17.657831 -0.10628 0.075442 -83.357841 -2.316199 -0.3227 -5.882567 1.395833 2.089114 -0.999999 0.0 -0.0 -5.229318 -2.11448 -0.883154 20.386112 -0.054667 -0.04217 -83.117752 -4.450098 -7.013536 -6.010429 0.55949 1.639269 -1.000002 -0.0 0.0 
0.0 0.0 0.0 0.0 -0.0 0.0 5.251402 100.44812 -0.063966 90.274048 -3.173058 86.172615 -3.621206 -0.898432 -0.357971 -12.278481 -0.704785 0.056176 15.057421 -0.293123 -2.270359 7.202693 1.677809 2.269113 -2.548188 -0.628065 -2.273526 -37.597679 -1.176024 -4.668125 7e-06 0.0 -0.0 0.026199 0.090811 0.135139 0.150687 0.041556 0.102167 0.152027 0.131653 0.153426 -127.541832 -72.971497 149.066849 33.555077 -60.752991 6.003101 18.623419 0.037066 -0.049905 5.963056 -1.605079 -35.455658 17.636627 -26.322729 52.411194 -19.46666 -14.395592 29.410385 -1e-06 -8.77482 -2e-06 15.146528 -17.612604 6.145844 -0.609776 -1.795654 -3.889327 -4.807088 -11.046809 -2.93785 5e-06 -20.976017 -1e-06 -5.019968 -25.033556 -4.03188 6e-06 0.0 -0.0 -10.634534 -5.686971 -3.565588 10.573275 -17.922951 -3.113901 4e-06 -13.821209 0.0 -0.501775 -31.181501 -4.027016 -11.44101 -59.505257 6.966929 -13.982712 -7.150198 -2.875042 13.772727 -8.401491 -3.218241 0.347735 -34.211544 0.771654 -0.963027 -17.733366 2.621018 -0.0 -1e-06 -0.0 -17.346413 -20.095217 -4.201783 21.757555 -1.638374 3.866428 2e-06 -6.338821 0.0 -1.697588 -22.591742 -6.194006 -0.0 -6e-06 -2e-06 27.505514 -71.344345 174.119171 29.600004 -61.28257 -3.256455 25.791367 0.596863 0.426199 -0.398989 4.539691 -17.56761 22.18211 -20.375895 49.933319 -16.701817 -16.74353 28.47653 -4e-06 -12.690601 -0.0 15.986717 -18.272327 2.680641 -0.105919 -1.513856 -4.275882 -5.03904 -5.612871 -2.953556 3e-06 -11.020523 -2e-06 -6.111296 -15.895334 -3.840469 -0.0 0.0 0.0 -10.283369 -5.680288 -4.341838 11.028294 -11.302404 -2.372633 -1.384268 -14.238583 -6.320121 -0.625438 -26.924194 -3.827601 -3.934651 -49.513119 -4.297403 -13.708522 -7.363476 -3.720939 18.141146 -14.052739 -3.242674 5e-06 -18.78727 -1e-06 -0.429711 -8.456045 2.555503 -0.0 1e-06 -0.0 -15.923534 -20.094482 -5.473584 30.419207 -7.190824 1.735924 2e-06 -8.162925 0.0 -1.8619 -22.861471 -6.167942 1e-06 -4e-06 -2e-06 176.708893 2.196387 -7.742879 12.740558 -0.038261 0.032938 -80.267555 -2.712983 -0.399284 -5.69744 1.402118 2.095412 -1.0 0.0 -0.0 -3.742539 -1.898445 -0.593676 14.988654 -0.080944 -0.074913 -80.355606 -4.860933 -7.464571 -5.919463 0.579881 1.64753 -1.0 -1e-06 -0.0 
0.0 0.0 0.0 0.0 -0.0 0.0 5.244287 100.703415 -0.449238 90.462425 -3.794842 86.587242 -3.875033 -1.053534 -0.30489 -12.43489 -0.779677 -0.03561 15.346047 -0.359136 -2.247262 6.254881 1.788206 2.181778 -2.608734 -0.681606 -2.35398 -37.912369 -1.171307 -5.026263 6e-06 0.0 -0.0 0.029854 0.09906 0.1397 0.130602 0.039055 0.121071 0.137009 0.150101 0.145053 -130.516891 -72.916786 151.733765 33.009579 -59.072784 9.25425 19.515184 0.202573 -0.098443 6.320683 -0.438727 -36.123302 17.636631 -26.322721 52.411182 -19.466656 -14.395597 29.410381 -0.0 -8.774821 -2e-06 15.362663 -17.727184 6.047109 -0.609776 -1.795653 -3.889327 -4.807089 -11.046808 -2.93785 4e-06 -20.976015 -1e-06 -5.01997 -25.033552 -4.031882 6e-06 -1e-06 -0.0 -10.634533 -5.686969 -3.565587 10.573272 -17.922947 -3.113901 3e-06 -13.821206 -0.0 -0.501776 -31.181498 -4.027016 -11.4201 -59.604446 6.791031 -13.982712 -7.150197 -2.875042 13.772727 -8.401491 -3.218241 0.347733 -34.21154 0.771654 -0.963029 -17.733366 2.621018 -0.0 0.0 -0.0 -17.346418 -20.095215 -4.201781 21.757555 -1.638374 3.866428 2e-06 -6.33882 1e-06 -1.697589 -22.59174 -6.194006 0.0 -6e-06 -2e-06 24.87973 -70.006302 176.64476 28.187561 -58.819744 -0.065084 26.252663 0.842283 0.533942 -1.45239 3.488188 -16.976801 22.182112 -20.375889 49.933315 -16.701817 -16.74353 28.476532 -3e-06 -12.6906 -0.0 16.130301 -18.211128 2.640006 -0.105919 -1.513856 -4.275881 -5.03904 -5.612872 -2.953557 3e-06 -11.020525 -3e-06 -6.111298 -15.895334 -3.840471 0.0 -0.0 -0.0 -10.283371 -5.680288 -4.341838 11.028294 -11.302404 -2.372633 -1.384268 -14.238582 -6.320121 -0.625437 -26.924191 -3.827603 -3.894705 -49.655182 -4.280912 -13.708524 -7.363476 -3.720939 18.14115 -14.052737 -3.242675 7e-06 -18.787268 -2e-06 -0.429712 -8.456042 2.555503 -1e-06 3e-06 -1e-06 -15.923534 -20.094482 -5.473585 30.41921 -7.190823 1.735925 2e-06 -8.162925 -1e-06 -1.861904 -22.861467 -6.167943 -1e-06 -4e-06 -1e-06 177.107285 2.558763 -6.811542 9.795987 0.005933 0.010093 -78.422493 -2.946777 -0.711202 -5.398751 1.452254 2.10936 -0.999998 0.0 0.0 -3.005073 -1.987472 -0.751218 11.617255 -0.089457 -0.074746 -78.97213 -5.028231 -7.769852 -5.525854 0.616126 1.676114 -1.000002 -0.0 0.0 
0.0 0.0 0.0 0.0 -0.0 0.0 5.145283 100.796783 -0.824848 90.588844 -4.030818 86.843254 -3.971226 -1.124447 -0.242294 -12.464431 -0.837032 -0.087036 15.728768 -0.341384 -2.170218 5.83268 1.695565 2.176056 -2.617018 -0.719393 -2.53235 -38.158257 -1.137287 -5.255473 6e-06 0.0 0.0 0.046358 0.088806 0.116477 0.160358 0.025608 0.120446 0.184423 0.142806 0.103104 -133.738937 -72.142975 154.964325 33.419594 -56.81337 10.897289 20.104471 0.014546 -0.161075 6.035385 0.373879 -35.614258 17.636627 -26.322725 52.411182 -19.466663 -14.395594 29.410385 -2e-06 -8.774821 -2e-06 15.451487 -17.7162 6.144015 -0.609776 -1.795654 -3.889328 -4.807088 -11.046809 -2.93785 4e-06 -20.976017 -2e-06 -5.019969 -25.033556 -4.031882 6e-06 0.0 0.0 -10.634533 -5.686971 -3.565588 10.573271 -17.922951 -3.113901 3e-06 -13.821208 0.0 -0.501776 -31.181498 -4.027019 -11.533311 -59.752476 7.003814 -13.982713 -7.150199 -2.875042 13.772728 -8.401489 -3.218241 0.347733 -34.211544 0.771652 -0.963028 -17.73337 2.621018 -0.0 -1e-06 0.0 -17.346422 -20.095221 -4.201782 21.757563 -1.638375 3.866429 1e-06 -6.338826 -0.0 -1.697589 -22.591743 -6.194008 0.0 -5e-06 -2e-06 22.466623 -68.650284 178.968338 26.89344 -56.30537 2.454263 25.922955 0.981721 0.592233 -2.88574 2.987662 -17.621513 22.182114 -20.375896 49.933327 -16.701815 -16.743532 28.476532 -2e-06 -12.690601 -1e-06 16.12549 -18.102907 2.713809 -0.10592 -1.513856 -4.275881 -5.039041 -5.612872 -2.953557 3e-06 -11.020525 -2e-06 -6.111298 -15.895334 -3.84047 -0.0 -0.0 0.0 -10.283371 -5.680288 -4.341838 11.028296 -11.302406 -2.372633 -1.384269 -14.238579 -6.320121 -0.625439 -26.924189 -3.8276 -3.866027 -49.708523 -4.154243 -13.708526 -7.363476 -3.720939 18.141151 -14.052739 -3.242675 6e-06 -18.78727 -2e-06 -0.429712 -8.456045 2.555503 -1e-06 1e-06 -0.0 -15.923536 -20.094484 -5.473584 30.419214 -7.190826 1.735924 2e-06 -8.162927 -1e-06 -1.861904 -22.861479 -6.167941 -0.0 -2e-06 -1e-06 177.632538 2.705686 -6.575298 7.627587 0.033584 -0.048792 -77.292778 -2.715811 -1.00399 -5.292169 1.516938 2.109418 -0.999999 -0.0 0.0 -2.190542 -2.022146 -1.289355 8.99704 -0.084137 -0.04019 -78.113846 -4.762599 -7.556355 -5.241067 0.619935 1.680435 -1.000001 0.0 0.0 
0.0 0.0 0.0 0.0 -0.0 0.0 4.930987 100.806274 -1.117546 90.540779 -4.116488 87.081032 -4.022913 -1.071802 -0.228158 -12.452229 -0.852095 -0.112572 16.091879 -0.254557 -2.075672 5.689018 1.529928 2.225416 -2.588801 -0.732673 -2.847652 -38.391136 -1.196084 -5.407332 5e-06 0.0 -0.0 0.062627 0.0819 0.105749 0.222881 0.024402 0.126332 0.257833 0.130797 0.080058 -135.876221 -71.215019 157.310349 34.593189 -54.96743 10.816772 20.562197 -0.417269 -0.225438 5.327436 0.77415 -34.119984 17.636629 -26.322729 52.41119 -19.466663 -14.395598 29.410389 -0.0 -8.774822 -2e-06 15.56983 -17.668051 6.231009 -0.609776 -1.795653 -3.889328 -4.80709 -11.046809 -2.937851 5e-06 -20.976019 -1e-06 -5.01997 -25.033556 -4.031881 6e-06 0.0 -0.0 -10.634535 -5.68697 -3.565587 10.573275 -17.922949 -3.1139 3e-06 -13.821206 0.0 -0.501776 -31.181498 -4.027017 -11.71171 -59.864738 7.372043 -13.982714 -7.150198 -2.875042 13.772731 -8.401492 -3.218242 0.347735 -34.211555 0.771653 -0.963028 -17.73337 2.62102 0.0 -0.0 -1e-06 -17.346422 -20.095217 -4.201783 21.757561 -1.638377 3.866428 1e-06 -6.338823 0.0 -1.697589 -22.591747 -6.194008 0.0 -3e-06 -2e-06 21.183044 -67.86145 -179.7892 26.024096 -54.697514 3.68579 25.614767 0.90402 0.523652 -3.974602 3.090889 -18.859909 22.182121 -20.375891 49.933319 -16.701815 -16.743528 28.47653 -4e-06 -12.690601 -1e-06 16.051632 -18.036631 2.807398 -0.105919 -1.513856 -4.275882 -5.039042 -5.612872 -2.953557 4e-06 -11.020525 -2e-06 -6.111297 -15.895334 -3.840471 -0.0 -0.0 0.0 -10.283371 -5.680288 -4.341839 11.028296 -11.302406 -2.372633 -1.38427 -14.238585 -6.320121 -0.625437 -26.924191 -3.827604 -3.850485 -49.721642 -4.004321 -13.708526 -7.363476 -3.720939 18.141151 -14.052739 -3.242674 7e-06 -18.78727 -3e-06 -0.429712 -8.456043 2.555503 0.0 1e-06 1e-06 -15.923536 -20.094482 -5.473586 30.41921 -7.190826 1.735927 1e-06 -8.162927 -1e-06 -1.861902 -22.861469 -6.167942 -0.0 -3e-06 -1e-06 177.948517 2.607381 -6.755393 6.601304 0.038268 -0.086505 -76.950165 -2.150792 -1.207621 -5.262213 1.560785 2.099498 -0.999999 0.0 0.0 -1.503481 -1.850659 -1.597151 7.254499 -0.064515 -0.025252 -77.583832 -4.754171 -7.091849 -5.11219 0.628594 1.672817 -1.000002 0.0 -0.0 
0.0 0.0 0.0 0.0 -0.0 0.0 4.708728 100.743797 -1.289648 90.487679 -4.165126 87.291748 -4.033703 -0.987363 -0.223385 -12.422904 -0.830886 -0.07469 16.222845 -0.230324 -2.051608 5.786048 1.418545 2.303446 -2.562148 -0.747937 -3.166692 -38.637302 -1.366179 -5.479045 7e-06 0.0 0.0 0.066937 0.08023 0.106573 0.238441 0.032361 0.128225 0.277905 0.119734 0.082013 -136.696594 -70.562653 158.266602 35.806293 -54.094757 9.855986 20.963737 -0.741261 -0.243109 4.736552 0.785099 -32.410183 17.636625 -26.322731 52.41119 -19.46666 -14.395597 29.410389 1e-06 -8.774821 -2e-06 15.574822 -17.629745 6.262109 -0.609777 -1.795654 -3.889327 -4.807087 -11.04681 -2.93785 5e-06 -20.976019 -1e-06 -5.01997 -25.03356 -4.03188 6e-06 1e-06 -0.0 -10.634533 -5.68697 -3.565588 10.573272 -17.922947 -3.113901 3e-06 -13.821209 0.0 -0.501778 -31.181505 -4.027015 -11.788607 -59.798286 7.611535 -13.982713 -7.150198 -2.875042 13.77273 -8.401492 -3.218242 0.347733 -34.211552 0.771655 -0.963028 -17.73337 2.621019 -0.0 0.0 -0.0 -17.346413 -20.095217 -4.201782 21.757555 -1.638375 3.866426 0.0 -6.338823 1e-06 -1.69759 -22.591742 -6.194005 -0.0 -4e-06 -2e-06 21.122849 -67.749519 -179.727371 25.575884 -54.233189 3.871436 25.549726 0.680544 0.451857 -4.327214 3.553504 -20.22654 22.182116 -20.375893 49.933319 -16.701811 -16.743526 28.476528 -3e-06 -12.690601 -1e-06 15.970497 -18.002455 2.909305 -0.105919 -1.513856 -4.275882 -5.039041 -5.612872 -2.953557 4e-06 -11.020525 -2e-06 -6.111297 -15.895334 -3.84047 -0.0 -0.0 -0.0 -10.283369 -5.680288 -4.341839 11.028294 -11.302405 -2.372633 -1.384269 -14.238582 -6.320121 -0.625437 -26.924196 -3.827602 -3.895426 -49.814659 -3.859737 -13.708524 -7.363476 -3.72094 18.141148 -14.052739 -3.242674 7e-06 -18.78727 -2e-06 -0.429711 -8.456045 2.555503 -0.0 1e-06 0.0 -15.923536 -20.094482 -5.473585 30.41921 -7.190826 1.735926 2e-06 -8.162927 -1e-06 -1.8619 -22.861471 -6.167944 1e-06 -2e-06 -0.0 177.954727 2.414966 -7.038284 6.2954 0.028741 -0.069071 -77.141724 -1.664408 -1.42707 -5.277431 1.572192 2.086865 -0.999998 -0.0 0.0 -1.234448 -1.691069 -1.674442 6.463666 -0.042932 -0.026492 -77.583511 -4.941347 -6.607008 -5.070387 0.62927 1.657676 -1.000002 0.0 0.0 
0.0 0.0 0.0 0.0 -0.0 0.0 4.540801 100.695465 -1.306212 90.500214 -4.201756 87.411278 -4.016682 -0.937061 -0.209186 -12.428013 -0.79895 -0.023692 16.165279 -0.253939 -2.080447 6.137212 1.333048 2.383269 -2.531717 -0.755163 -3.368329 -38.760624 -1.588362 -5.58095 8e-06 0.0 1e-06 0.059666 0.078667 0.103264 0.216596 0.032174 0.114371 0.254294 0.117053 0.090108 -136.540558 -70.251411 158.141235 36.664543 -54.061718 8.791691 21.379557 -0.793576 -0.238384 4.585578 0.868742 -31.601784 17.636633 -26.322737 52.411198 -19.46666 -14.395598 29.410389 0.0 -8.774822 -2e-06 15.516653 -17.558971 6.214315 -0.609776 -1.795653 -3.889328 -4.807089 -11.046809 -2.93785 4e-06 -20.976019 0.0 -5.019972 -25.03356 -4.031879 6e-06 -1e-06 0.0 -10.634535 -5.686971 -3.565587 10.573275 -17.922951 -3.113899 2e-06 -13.821206 1e-06 -0.501778 -31.181511 -4.027016 -11.717696 -59.681919 7.545369 -13.982716 -7.150198 -2.875042 13.772731 -8.401493 -3.218242 0.347732 -34.211555 0.771657 -0.963029 -17.73337 2.62102 -0.0 -1e-06 -1e-06 -17.346422 -20.095217 -4.20178 21.757561 -1.638376 3.866428 0.0 -6.338825 0.0 -1.69759 -22.591751 -6.194006 -0.0 -2e-06 -2e-06 21.477795 -68.066132 179.861755 25.211716 -54.525829 3.565476 25.513565 0.392713 0.447398 -4.230075 3.822836 -21.403101 22.182117 -20.375895 49.933319 -16.701811 -16.74353 28.476528 -3e-06 -12.690601 -1e-06 15.861955 -18.019844 2.984595 -0.105919 -1.513855 -4.275881 -5.03904 -5.612869 -2.953556 5e-06 -11.02052 -2e-06 -6.111297 -15.895328 -3.84047 -0.0 -2e-06 0.0 -10.283369 -5.680286 -4.341838 11.028294 -11.302402 -2.372632 -1.384269 -14.238577 -6.320121 -0.625437 -26.924179 -3.8276 -3.953242 -49.843334 -3.858911 -13.708525 -7.363473 -3.72094 18.141148 -14.052737 -3.242673 7e-06 -18.787266 -1e-06 -0.429711 -8.456043 2.555504 -1e-06 1e-06 0.0 -15.923534 -20.094479 -5.473585 30.41921 -7.190827 1.735926 2e-06 -8.162922 -0.0 -1.861902 -22.861467 -6.16794 -1e-06 -2e-06 -1e-06 177.972305 2.3312 -7.011053 6.172431 0.026817 -0.055507 -77.312553 -1.636514 -1.653861 -5.211396 1.55523 2.083179 -0.999999 -0.0 0.0 -1.102197 -1.60455 -1.616229 6.160796 -0.021634 -0.018615 -77.742119 -5.132844 -6.342937 -4.951571 0.613299 1.646816 -1.000003 -0.0 -0.0 
0.0 0.0 0.0 0.0 -0.0 0.0 4.41145 100.677681 -1.218696 90.526329 -4.217824 87.454224 -4.033773 -0.910696 -0.193326 -12.469239 -0.776399 -0.00475 16.128927 -0.251031 -2.097804 6.515719 1.190753 2.4212 -2.555174 -0.731518 -3.470958 -38.695862 -1.749882 -5.701546 5e-06 0.0 -0.0 0.047427 0.079677 0.1015 0.175726 0.022784 0.096772 0.21719 0.128253 0.103637 -136.570389 -69.950165 158.278976 37.052818 -53.99136 8.457667 21.771091 -0.630259 -0.226037 4.593179 0.98045 -31.706299 17.636631 -26.322737 52.411213 -19.466663 -14.395598 29.410395 -0.0 -8.774822 -1e-06 15.522194 -17.535627 6.155679 -0.609777 -1.795653 -3.889328 -4.80709 -11.046807 -2.937851 4e-06 -20.976019 -0.0 -5.019971 -25.03356 -4.03188 6e-06 -0.0 -0.0 -10.634536 -5.686971 -3.565588 10.573275 -17.922947 -3.1139 2e-06 -13.821206 1e-06 -0.501778 -31.181505 -4.027015 -11.688474 -59.673397 7.444421 -13.982716 -7.150198 -2.875043 13.772731 -8.401491 -3.218242 0.347732 -34.211544 0.771657 -0.96303 -17.733366 2.62102 -0.0 0.0 -0.0 -17.346422 -20.095215 -4.201784 21.757561 -1.638376 3.866428 1e-06 -6.338823 1e-06 -1.69759 -22.591743 -6.194005 0.0 -4e-06 -2e-06 21.709505 -68.255867 179.661514 24.659174 -54.755459 3.608115 25.618317 0.215776 0.442516 -4.108382 3.77476 -22.496536 22.182114 -20.375898 49.933334 -16.701815 -16.74353 28.476538 -3e-06 -12.690603 -0.0 15.791854 -18.04154 2.988416 -0.105919 -1.513856 -4.275882 -5.039041 -5.612872 -2.953557 4e-06 -11.020524 -2e-06 -6.111297 -15.895334 -3.840472 0.0 1e-06 -1e-06 -10.283371 -5.680288 -4.341839 11.028296 -11.302405 -2.372634 -1.384268 -14.238582 -6.320123 -0.625437 -26.924191 -3.827603 -3.969409 -49.791786 -3.956149 -13.708526 -7.363477 -3.72094 18.141153 -14.05274 -3.242676 7e-06 -18.78727 -2e-06 -0.429711 -8.456047 2.555503 -1e-06 2e-06 -0.0 -15.923536 -20.094484 -5.473587 30.419218 -7.190825 1.735925 2e-06 -8.162927 0.0 -1.861903 -22.861469 -6.167942 -1e-06 -3e-06 -1e-06 178.083282 2.284303 -6.86933 6.014474 0.034146 -0.040487 -77.347809 -1.783868 -1.877277 -5.077425 1.535844 2.091974 -0.999999 0.0 -0.0 -0.959143 -1.536792 -1.458679 5.962449 -0.011793 -0.034619 -77.816666 -5.270026 -6.209181 -4.803119 0.583785 1.638755 -1.000002 1e-06 -0.0 
0.0 0.0 0.0 0.0 -0.0 0.0 4.310857 100.655663 -1.095672 90.569084 -4.227295 87.487183 -4.091962 -0.904089 -0.169536 -12.498642 -0.773506 -0.001652 16.131678 -0.23739 -2.106496 6.899061 1.051178 2.443549 -2.598291 -0.706283 -3.515872 -38.513752 -1.804672 -5.781168 6e-06 0.0 0.0 0.041325 0.075268 0.093149 0.136979 0.012342 0.0807 0.187455 0.129256 0.10224 -137.073273 -69.587341 158.880478 37.016552 -53.652817 8.893652 22.013159 -0.490745 -0.210476 4.574463 1.012691 -31.953602 17.636633 -26.322733 52.411194 -19.466658 -14.395597 29.410381 1e-06 -8.774821 -2e-06 15.596925 -17.55294 6.136584 -0.609777 -1.795654 -3.889326 -4.807088 -11.046807 -2.93785 4e-06 -20.976015 0.0 -5.019971 -25.033552 -4.03188 6e-06 -0.0 0.0 -10.634535 -5.686968 -3.565588 10.573275 -17.922949 -3.1139 3e-06 -13.821205 2e-06 -0.501778 -31.181498 -4.027014 -11.669928 -59.743145 7.398585 -13.982715 -7.150197 -2.875041 13.772729 -8.401489 -3.21824 0.347732 -34.211544 0.771657 -0.963029 -17.73337 2.62102 -0.0 -1e-06 -0.0 -17.346422 -20.095215 -4.201782 21.757561 -1.638376 3.866429 2e-06 -6.338824 0.0 -1.697588 -22.591743 -6.194005 -0.0 -4e-06 -2e-06 21.82811 -68.051567 179.584442 23.793863 -54.677681 4.441901 25.888132 0.227204 0.449804 -4.056988 3.581403 -23.261501 22.182116 -20.375898 49.933319 -16.701815 -16.743528 28.476534 -3e-06 -12.690601 -0.0 15.769176 -18.043596 2.965891 -0.105919 -1.513856 -4.275881 -5.039041 -5.612872 -2.953557 4e-06 -11.020525 -2e-06 -6.111297 -15.895334 -3.84047 0.0 -0.0 0.0 -10.283368 -5.680288 -4.341838 11.028294 -11.302406 -2.372633 -1.384268 -14.238585 -6.320122 -0.625437 -26.924194 -3.827602 -3.944006 -49.74823 -4.024214 -13.708522 -7.363475 -3.72094 18.141146 -14.052739 -3.242674 7e-06 -18.787268 -2e-06 -0.429712 -8.456047 2.555504 0.0 1e-06 0.0 -15.923532 -20.094482 -5.473585 30.41921 -7.190827 1.735924 3e-06 -8.162927 -1e-06 -1.861899 -22.861473 -6.167942 1e-06 -2e-06 -1e-06 178.214798 2.270475 -6.741954 5.863488 0.037322 -0.040064 -77.394135 -1.896687 -2.006958 -5.014421 1.518127 2.096313 -0.999998 0.0 0.0 -0.802103 -1.509279 -1.388281 5.777774 -0.009577 -0.061356 -77.923126 -5.322105 -6.148663 -4.728652 0.559187 1.636402 -1.0 -0.0 0.0 
0.0 0.0 0.0 0.0 -0.0 0.0 4.230454 100.61898 -0.952826 90.610512 -4.218717 87.583626 -4.153102 -0.906166 -0.15768 -12.512877 -0.780843 -0.008925 16.148491 -0.211195 -2.12111 7.320202 0.941848 2.446109 -2.619227 -0.694732 -3.578702 -38.293892 -1.843834 -5.784898 7e-06 0.0 0.0 0.049432 0.073387 0.090321 0.137052 0.015767 0.079224 0.187785 0.122039 0.097797 -137.600754 -69.252693 159.510239 36.930408 -53.253445 9.467155 22.137501 -0.448148 -0.184578 4.458123 0.950381 -32.009792 17.636631 -26.322733 52.411198 -19.466656 -14.395598 29.410389 -1e-06 -8.774822 -2e-06 15.654408 -17.59042 6.150776 -0.609777 -1.795654 -3.889328 -4.807087 -11.046807 -2.93785 4e-06 -20.976015 0.0 -5.01997 -25.033556 -4.031878 6e-06 0.0 -0.0 -10.634533 -5.686969 -3.565588 10.573272 -17.922951 -3.113901 3e-06 -13.821206 2e-06 -0.501778 -31.181501 -4.027014 -11.63269 -59.785881 7.371807 -13.982712 -7.150197 -2.875043 13.772727 -8.401491 -3.218241 0.347733 -34.211544 0.771657 -0.963028 -17.733368 2.62102 0.0 -1e-06 -1e-06 -17.346415 -20.095217 -4.201783 21.757555 -1.638374 3.866428 2e-06 -6.338823 1e-06 -1.69759 -22.591742 -6.194004 0.0 -3e-06 -2e-06 21.97617 -67.688881 179.463272 22.882872 -54.56929 5.358595 26.181042 0.247782 0.457929 -4.02718 3.573718 -23.898056 22.182114 -20.375895 49.933327 -16.701813 -16.743526 28.476536 -3e-06 -12.6906 -0.0 15.744602 -18.015284 2.95225 -0.105919 -1.513855 -4.275882 -5.03904 -5.612871 -2.953557 4e-06 -11.020523 -2e-06 -6.111297 -15.895334 -3.84047 -0.0 1e-06 0.0 -10.28337 -5.680288 -4.341839 11.028296 -11.302406 -2.372634 -1.384268 -14.238582 -6.320121 -0.625437 -26.924191 -3.827602 -3.922743 -49.712681 -4.0028 -13.708524 -7.363476 -3.72094 18.14115 -14.052739 -3.242675 7e-06 -18.78727 -2e-06 -0.429711 -8.456045 2.555504 -0.0 1e-06 0.0 -15.923536 -20.094484 -5.473584 30.419214 -7.190826 1.735926 3e-06 -8.162927 -1e-06 -1.861902 -22.861475 -6.167942 -1e-06 -1e-06 -1e-06 178.348053 2.265375 -6.651177 5.745255 0.024482 -0.043432 -77.507019 -1.943849 -2.062404 -4.978306 1.511539 2.09622 -0.999998 0.0 0.0 -0.669323 -1.491809 -1.438628 5.708333 -0.003899 -0.074355 -78.130386 -5.413682 -6.0447 -4.633642 0.55043 1.639712 -1.000003 1e-06 0.0 
0.0 0.0 0.0 0.0 -0.0 0.0 4.147073 100.581314 -0.801752 90.645775 -4.18941 87.738716 -4.216283 -0.908665 -0.172129 -12.529052 -0.788704 -0.024262 16.181574 -0.178676 -2.154275 7.776913 0.873278 2.427025 -2.618387 -0.702169 -3.605954 -37.987881 -1.933587 -5.739253 6e-06 0.0 0.0 0.062405 0.078942 0.100723 0.165012 0.032987 0.09446 0.205565 0.116641 0.103736 -137.91333 -68.95192 159.950195 36.939762 -52.906704 9.905084 22.206318 -0.47196 -0.16933 4.245966 0.824624 -31.874527 17.636631 -26.322733 52.411201 -19.466663 -14.395598 29.410395 -1e-06 -8.774822 -1e-06 15.703547 -17.625141 6.189337 -0.609776 -1.795654 -3.889328 -4.807089 -11.046811 -2.93785 4e-06 -20.976021 -0.0 -5.019973 -25.03356 -4.03188 6e-06 -0.0 -0.0 -10.634536 -5.686971 -3.565588 10.573277 -17.922955 -3.113901 2e-06 -13.821212 1e-06 -0.501779 -31.181507 -4.027015 -11.661671 -59.872276 7.432113 -13.982715 -7.150198 -2.875041 13.772731 -8.401492 -3.218242 0.347731 -34.211552 0.771657 -0.963029 -17.733372 2.62102 0.0 -1e-06 -0.0 -17.346422 -20.095221 -4.201782 21.757565 -1.638374 3.866429 1e-06 -6.338825 1e-06 -1.697589 -22.591753 -6.194008 -0.0 -4e-06 -3e-06 22.137432 -67.329567 179.352646 22.096308 -54.543289 5.992935 26.443779 0.180961 0.452945 -3.981103 3.796269 -24.622318 22.182106 -20.375891 49.933308 -16.701809 -16.743525 28.476526 -3e-06 -12.690597 -0.0 15.720739 -17.987648 2.958963 -0.10592 -1.513855 -4.275881 -5.039039 -5.612869 -2.953557 4e-06 -11.020519 -1e-06 -6.111295 -15.895329 -3.84047 0.0 -0.0 -0.0 -10.283367 -5.680287 -4.341839 11.028291 -11.302402 -2.372632 -1.38427 -14.238577 -6.32012 -0.625438 -26.924183 -3.827601 -3.942397 -49.68018 -3.915476 -13.708519 -7.363474 -3.72094 18.141144 -14.052735 -3.242674 6e-06 -18.787262 -1e-06 -0.429713 -8.456039 2.555504 -0.0 1e-06 -0.0 -15.923532 -20.094479 -5.473584 30.419205 -7.190823 1.735925 3e-06 -8.162922 -0.0 -1.861903 -22.86146 -6.16794 -0.0 -4e-06 -0.0 178.493942 2.255491 -6.577715 5.675797 0.00649 -0.048788 -77.64254 -1.921147 -2.088552 -4.93857 1.511744 2.095168 -0.999999 0.0 -0.0 -0.633152 -1.468335 -1.5371 5.944903 0.007451 -0.075289 -78.529823 -5.562015 -5.929716 -4.526341 0.549939 1.640928 -1.000003 1e-06 0.0 
0.0 0.0 0.0 0.0 -0.0 0.0 4.04462 100.560745 -0.65918 90.674126 -4.133991 87.893822 -4.27481 -0.907084 -0.190767 -12.564637 -0.786902 -0.044233 16.229397 -0.148521 -2.19199 8.276797 0.841401 2.390486 -2.608487 -0.709855 -3.588224 -37.602642 -2.029725 -5.699462 6e-06 -0.0 -0.0 0.070199 0.089866 0.121158 0.191506 0.054123 0.117829 0.220699 0.117999 0.122114 -137.993759 -68.726463 160.148468 37.026608 -52.695343 10.097143 22.241814 -0.511394 -0.155283 4.052861 0.720275 -31.590872 17.636621 -26.322735 52.411205 -19.466656 -14.395597 29.410393 0.0 -8.774821 -2e-06 15.715577 -17.618856 6.230499 -0.609776 -1.795653 -3.889327 -4.807088 -11.046809 -2.93785 3e-06 -20.976017 0.0 -5.019971 -25.033558 -4.031881 6e-06 -0.0 -0.0 -10.634533 -5.68697 -3.565588 10.573271 -17.922947 -3.1139 2e-06 -13.821206 1e-06 -0.501779 -31.181498 -4.027015 -11.707232 -59.938156 7.517265 -13.982713 -7.150198 -2.875042 13.772728 -8.401491 -3.218242 0.34773 -34.211544 0.771657 -0.96303 -17.733368 2.621019 -0.0 -1e-06 -1e-06 -17.346416 -20.095217 -4.201783 21.757555 -1.638373 3.866428 2e-06 -6.338824 1e-06 -1.697589 -22.591745 -6.194005 0.0 -5e-06 -3e-06 22.356894 -67.068306 179.222641 21.551548 -54.636837 6.32587 26.659241 0.091436 0.451809 -3.930428 4.080431 -25.476503 22.182121 -20.375898 49.933327 -16.701817 -16.74353 28.476536 -3e-06 -12.690605 -1e-06 15.708403 -17.978075 2.972839 -0.105919 -1.513856 -4.275882 -5.039042 -5.612872 -2.953558 4e-06 -11.020523 -1e-06 -6.111299 -15.89533 -3.840471 -0.0 0.0 1e-06 -10.283373 -5.680289 -4.34184 11.028296 -11.302405 -2.372633 -1.384269 -14.238579 -6.320121 -0.625438 -26.924189 -3.827602 -3.965638 -49.696373 -3.833155 -13.708526 -7.363477 -3.720941 18.141151 -14.05274 -3.242674 8e-06 -18.78727 -2e-06 -0.429711 -8.456045 2.555504 -0.0 1e-06 -0.0 -15.923538 -20.094486 -5.473588 30.419218 -7.190826 1.735928 2e-06 -8.162927 0.0 -1.861904 -22.861469 -6.167942 1e-06 -2e-06 -1e-06 178.626404 2.218606 -6.486308 5.644201 -0.00658 -0.064687 -77.708954 -1.848518 -2.120988 -4.845023 1.509026 2.094645 -0.999999 0.0 0.0 -0.51766 -1.419606 -1.646516 6.00511 0.011096 -0.061245 -78.600159 -5.753501 -5.850109 -4.432136 0.551769 1.63898 -1.000003 0.0 0.0 
0.0 0.0 0.0 0.0 -0.0 0.0 3.919338 100.557838 -0.54061 90.711952 -4.063734 88.031197 -4.31535 -0.904571 -0.200617 -12.605518 -0.786059 -0.075709 16.244633 -0.124012 -2.208328 8.824737 0.815847 2.361086 -2.598712 -0.708495 -3.55843 -37.19315 -2.114685 -5.678155 6e-06 0.0 0.0 0.070952 0.096485 0.136254 0.199546 0.065009 0.132004 0.217989 0.120841 0.138451 -137.881409 -68.58033 160.131516 37.144756 -52.618076 10.140568 22.29368 -0.500703 -0.138371 3.954166 0.639869 -31.34074 17.636627 -26.322731 52.411198 -19.46666 -14.395598 29.410393 0.0 -8.774822 -2e-06 15.69997 -17.590992 6.240783 -0.609776 -1.795654 -3.889328 -4.807089 -11.046807 -2.937851 4e-06 -20.976015 -0.0 -5.01997 -25.033556 -4.031882 6e-06 1e-06 -0.0 -10.634534 -5.68697 -3.565587 10.573274 -17.922949 -3.1139 3e-06 -13.821206 0.0 -0.501777 -31.181505 -4.027017 -11.73667 -59.940067 7.566293 -13.982714 -7.150198 -2.875042 13.77273 -8.401493 -3.218242 0.347733 -34.211544 0.771655 -0.963029 -17.73337 2.621018 -0.0 -0.0 1e-06 -17.346418 -20.095215 -4.201783 21.757559 -1.638376 3.866428 1e-06 -6.338822 1e-06 -1.697589 -22.591743 -6.194008 0.0 -6e-06 -2e-06 22.630865 -66.903595 179.05954 21.191107 -54.820068 6.440865 26.873634 0.001124 0.450695 -3.867706 4.320496 -26.472324 22.182119 -20.375895 49.933323 -16.701815 -16.743528 28.476532 -2e-06 -12.690601 -1e-06 15.701188 -17.952574 2.974828 -0.105919 -1.513857 -4.275881 -5.039041 -5.612873 -2.953557 4e-06 -11.020524 -2e-06 -6.111298 -15.895334 -3.840471 0.0 1e-06 -0.0 -10.283369 -5.680288 -4.341838 11.028296 -11.302406 -2.372633 -1.384268 -14.238583 -6.320122 -0.625439 -26.924192 -3.827602 -3.961971 -49.708961 -3.812069 -13.708526 -7.363478 -3.720939 18.141151 -14.05274 -3.242675 7e-06 -18.78727 -1e-06 -0.429711 -8.456045 2.555503 -0.0 3e-06 -0.0 -15.923534 -20.094484 -5.473586 30.419214 -7.190827 1.735927 3e-06 -8.162928 -1e-06 -1.861901 -22.861479 -6.167944 0.0 -0.0 0.0 178.767014 2.18426 -6.409796 5.624028 -0.006571 -0.077519 -77.692436 -1.734408 -2.162986 -4.728763 1.496496 2.096915 -1.0 0.0 -0.0 -0.311924 -1.386838 -1.758469 5.902477 0.009639 -0.045127 -78.57795 -5.904666 -5.818044 -4.352364 0.551072 1.636684 -1.000001 0.0 0.0 
0.0 0.0 0.0 0.0 -0.0 0.0 3.788027 100.567535 -0.452393 90.750122 -3.976418 88.15123 -4.345104 -0.895416 -0.201295 -12.635678 -0.79337 -0.116651 16.224955 -0.087919 -2.200381 9.423823 0.785655 2.357062 -2.596163 -0.703197 -3.546902 -36.740387 -2.154989 -5.669618 5e-06 0.0 0.0 0.067479 0.092514 0.133891 0.186136 0.058737 0.12466 0.197736 0.119462 0.140624 -137.671112 -68.458282 159.971024 37.212986 -52.596775 10.230623 22.409525 -0.450959 -0.122961 3.933937 0.61369 -31.163918 17.636627 -26.322733 52.41119 -19.466663 -14.395598 29.410389 -1e-06 -8.774822 -1e-06 15.667822 -17.567547 6.217816 -0.609775 -1.795654 -3.889327 -4.807088 -11.046807 -2.93785 4e-06 -20.976015 -0.0 -5.019971 -25.033552 -4.031879 6e-06 0.0 0.0 -10.634535 -5.686969 -3.565586 10.573273 -17.922945 -3.113901 3e-06 -13.821205 1e-06 -0.501778 -31.181505 -4.027017 -11.710854 -59.876259 7.5457 -13.982713 -7.150198 -2.875041 13.77273 -8.401491 -3.218242 0.347733 -34.211544 0.771654 -0.963028 -17.73337 2.62102 0.0 0.0 -0.0 -17.346422 -20.095217 -4.201782 21.757561 -1.638374 3.866427 1e-06 -6.338825 0.0 -1.69759 -22.591745 -6.194005 0.0 -6e-06 -3e-06 22.929258 -66.786201 178.874863 20.92412 -55.018044 6.500473 27.134094 -0.075426 0.45115 -3.803185 4.466825 -27.591217 22.182117 -20.375889 49.933304 -16.701817 -16.74353 28.476526 -3e-06 -12.6906 0.0 15.696028 -17.923786 2.956412 -0.105919 -1.513856 -4.275881 -5.039042 -5.612871 -2.953555 4e-06 -11.020521 -3e-06 -6.111298 -15.895332 -3.840469 -0.0 -0.0 0.0 -10.283369 -5.680287 -4.341839 11.028295 -11.302404 -2.372633 -1.384269 -14.238578 -6.320119 -0.625439 -26.924187 -3.827599 -3.928168 -49.679913 -3.854707 -13.708525 -7.363474 -3.720938 18.141148 -14.052738 -3.242674 8e-06 -18.787268 -2e-06 -0.429711 -8.456043 2.555503 -0.0 5e-06 1e-06 -15.923536 -20.094482 -5.473582 30.41921 -7.190826 1.735926 3e-06 -8.162925 0.0 -1.861903 -22.861467 -6.167941 1e-06 -2e-06 -1e-06 178.916443 2.151512 -6.381494 5.616739 0.003935 -0.0815 -77.621841 -1.62331 -2.207615 -4.603741 1.47845 2.102585 -0.999998 -0.0 -0.0 -0.036004 -1.364573 -1.861283 5.691028 0.008985 -0.039063 -78.510399 -5.985445 -5.838107 -4.27767 0.548426 1.635326 -1.000002 -0.0 0.0 
0.0 0.0 0.0 0.0 -0.0 0.0 3.659635 100.579521 -0.399794 90.785751 -3.876078 88.264305 -4.379501 -0.881852 -0.198134 -12.652841 -0.81237 -0.159192 16.195454 -0.03103 -2.165518 10.062273 0.757667 2.366184 -2.589576 -0.685813 -3.55046 -36.294125 -2.165439 -5.672673 5e-06 0.0 0.0 0.064808 0.082941 0.122304 0.171337 0.045636 0.107613 0.181 0.113479 0.133931 -137.405533 -68.366241 159.72316 37.246166 -52.603252 10.377187 22.603014 -0.380113 -0.101731 3.935932 0.652696 -31.002766 17.636635 -26.322737 52.411198 -19.46666 -14.395598 29.410389 -1e-06 -8.774822 -2e-06 15.648947 -17.565571 6.17397 -0.609776 -1.795654 -3.889328 -4.807089 -11.046808 -2.93785 5e-06 -20.976017 1e-06 -5.019971 -25.033556 -4.031879 6e-06 -0.0 -0.0 -10.634537 -5.686969 -3.565587 10.573276 -17.922951 -3.113899 3e-06 -13.821209 2e-06 -0.501779 -31.181505 -4.027014 -11.648192 -59.789074 7.469369 -13.982715 -7.150197 -2.875042 13.772731 -8.401493 -3.218242 0.347734 -34.211555 0.771657 -0.963028 -17.73337 2.621021 0.0 1e-06 -0.0 -17.346422 -20.095217 -4.201782 21.757565 -1.638377 3.866428 2e-06 -6.338824 1e-06 -1.697588 -22.591749 -6.194005 -0.0 -4e-06 -2e-06 23.2038 -66.689072 178.694473 20.712774 -55.195187 6.577178 27.402287 -0.106265 0.469142 -3.756936 4.543158 -28.806242 22.182114 -20.375895 49.933327 -16.701811 -16.743528 28.476532 -2e-06 -12.690598 -1e-06 15.678814 -17.888309 2.926539 -0.105919 -1.513856 -4.275884 -5.039041 -5.612872 -2.953557 3e-06 -11.020523 -2e-06 -6.111298 -15.89533 -3.840471 0.0 -1e-06 -0.0 -10.283369 -5.680288 -4.341839 11.028292 -11.302406 -2.372632 -1.384267 -14.238579 -6.320122 -0.625439 -26.924189 -3.827602 -3.855278 -49.601456 -3.936353 -13.708524 -7.363475 -3.72094 18.141148 -14.052737 -3.242674 8e-06 -18.787266 -1e-06 -0.429712 -8.456041 2.555504 -0.0 2e-06 0.0 -15.923532 -20.094482 -5.473588 30.41921 -7.190823 1.735927 4e-06 -8.162926 0.0 -1.861903 -22.861467 -6.16794 -1e-06 -1e-06 -1e-06 179.06012 2.12159 -6.421541 5.648999 0.018556 -0.078376 -77.554543 -1.510312 -2.257028 -4.495121 1.457565 2.108325 -0.999998 -0.0 0.0 0.236764 -1.348484 -1.960329 5.509105 0.00742 -0.040466 -78.464577 -6.020471 -5.845661 -4.208182 0.546572 1.636457 -1.000001 0.0 0.0 
0.0 0.0 0.0 0.0 -0.0 0.0 3.562092 100.577339 -0.393827 90.807648 -3.772298 88.359825 -4.428905 -0.862196 -0.193737 -12.665585 -0.829361 -0.188866 16.190874 0.038776 -2.127988 10.660851 0.724092 2.372165 -2.588999 -0.657047 -3.597104 -35.875267 -2.130343 -5.653239 6e-06 0.0 0.0 0.064665 0.074202 0.111339 0.167726 0.036445 0.096028 0.177641 0.105216 0.123518 -137.200485 -68.283142 159.481094 37.17979 -52.597729 10.620567 22.865004 -0.321415 -0.072805 3.925559 0.726352 -30.809031 17.636629 -26.322731 52.41119 -19.46666 -14.395598 29.410393 -0.0 -8.774822 -1e-06 15.656764 -17.587576 6.148274 -0.609776 -1.795654 -3.889328 -4.807089 -11.046811 -2.93785 3e-06 -20.976017 -1e-06 -5.019972 -25.033556 -4.031881 6e-06 -0.0 0.0 -10.634533 -5.68697 -3.565588 10.573272 -17.922951 -3.113901 2e-06 -13.821209 0.0 -0.501778 -31.181501 -4.027016 -11.607008 -59.74889 7.41389 -13.982713 -7.150198 -2.875042 13.77273 -8.401491 -3.218241 0.347731 -34.211544 0.771655 -0.963029 -17.733368 2.621019 0.0 -2e-06 -1e-06 -17.346416 -20.095219 -4.201783 21.757557 -1.638375 3.866427 1e-06 -6.338825 0.0 -1.697589 -22.591749 -6.194007 0.0 -4e-06 -3e-06 23.401897 -66.605087 178.515228 20.496307 -55.313805 6.788964 27.589342 -0.073956 0.507444 -3.75635 4.65048 -29.739651 22.182114 -20.375895 49.933319 -16.701815 -16.743528 28.476534 -3e-06 -12.6906 -1e-06 15.644277 -17.846479 2.90467 -0.10592 -1.513856 -4.275882 -5.039041 -5.612871 -2.953556 4e-06 -11.020525 -2e-06 -6.111297 -15.89533 -3.840469 1e-06 -0.0 1e-06 -10.283369 -5.680287 -4.341838 11.028296 -11.302406 -2.372632 -1.384268 -14.238581 -6.320119 -0.625435 -26.924191 -3.827601 -3.783064 -49.511211 -3.974935 -13.708525 -7.363474 -3.720939 18.14115 -14.052739 -3.242674 7e-06 -18.78727 1e-06 -0.42971 -8.456047 2.555503 -1e-06 3e-06 0.0 -15.923538 -20.094481 -5.473583 30.419214 -7.190827 1.735926 3e-06 -8.162927 -0.0 -1.861904 -22.861475 -6.167941 -1e-06 -3e-06 -1e-06 179.184631 2.091281 -6.486671 5.722841 0.024396 -0.077694 -77.572021 -1.423249 -2.277289 -4.426108 1.444197 2.113547 -1.0 0.0 -0.0 0.420127 -1.329006 -2.046666 5.49944 0.002378 -0.044603 -78.523331 -6.035473 -5.818153 -4.185471 0.544439 1.6396 -1.000001 0.0 0.0 
0.0 0.0 0.0 0.0 -0.0 0.0 3.511984 100.565849 -0.407501 90.819283 -3.678557 88.445549 -4.496336 -0.850935 -0.191847 -12.686129 -0.834799 -0.193457 16.230434 0.116362 -2.104855 11.18706 0.704664 2.384335 -2.588729 -0.621481 -3.681977 -35.52816 -2.109085 -5.623001 7e-06 -0.0 -0.0 0.064498 0.070345 0.108199 0.170397 0.034183 0.095693 0.178883 0.099959 0.118101 -137.093765 -68.178421 159.294266 37.041073 -52.549416 10.852965 23.134327 -0.314382 -0.060961 3.882689 0.803838 -30.606499 17.636627 -26.322739 52.411209 -19.466658 -14.395597 29.410393 -0.0 -8.774821 -1e-06 15.670219 -17.62031 6.142397 -0.609776 -1.795653 -3.889328 -4.807088 -11.046808 -2.93785 4e-06 -20.976017 -1e-06 -5.019969 -25.033556 -4.031881 5e-06 0.0 0.0 -10.634533 -5.686969 -3.565588 10.573274 -17.922951 -3.113901 2e-06 -13.821205 1e-06 -0.501778 -31.181505 -4.027016 -11.575485 -59.75428 7.36939 -13.982713 -7.150198 -2.875041 13.77273 -8.401492 -3.218242 0.347731 -34.211544 0.771656 -0.96303 -17.733366 2.621021 0.0 -2e-06 -0.0 -17.346416 -20.095217 -4.201783 21.757557 -1.638373 3.866428 2e-06 -6.338824 0.0 -1.697588 -22.591749 -6.194007 0.0 -5e-06 -2e-06 23.488415 -66.522148 178.410233 20.287939 -55.341278 7.015077 27.679571 -0.029232 0.537628 -3.766678 4.80311 -30.35906 22.182112 -20.375887 49.9333 -16.701818 -16.74353 28.47653 -3e-06 -12.690601 -1e-06 15.612329 -17.820185 2.893038 -0.105919 -1.513856 -4.275879 -5.039042 -5.612872 -2.953556 4e-06 -11.020525 -3e-06 -6.111298 -15.895334 -3.840471 0.0 0.0 0.0 -10.283369 -5.680288 -4.341836 11.028296 -11.302406 -2.372634 -1.384269 -14.238579 -6.32012 -0.625438 -26.924187 -3.827602 -3.739148 -49.446785 -3.969171 -13.708524 -7.363477 -3.720938 18.14115 -14.052739 -3.242674 7e-06 -18.78727 -2e-06 -0.429711 -8.456045 2.555503 -1e-06 2e-06 0.0 -15.923538 -20.094482 -5.473583 30.41921 -7.190826 1.735925 3e-06 -8.162925 -0.0 -1.861903 -22.861467 -6.167942 3e-06 -4e-06 -1e-06 179.242935 2.048398 -6.552009 5.809762 0.023566 -0.082478 -77.627327 -1.359605 -2.268132 -4.388747 1.439549 2.115973 -0.999998 0.0 -0.0 0.493552 -1.289768 -2.117049 5.588624 -0.003681 -0.046061 -78.589104 -6.072289 -5.757009 -4.208275 0.541565 1.642886 -1.000002 0.0 -0.0 
0.0 0.0 0.0 0.0 -0.0 0.0 3.492327 100.549652 -0.41041 90.823227 -3.592639 88.515549 -4.573218 -0.848332 -0.198592 -12.713837 -0.831137 -0.178655 16.304592 0.188691 -2.088573 11.64254 0.732267 2.418248 -2.591383 -0.592085 -3.785615 -35.260624 -2.116716 -5.593838 5e-06 0.0 -1e-06 0.062621 0.072464 0.115887 0.17048 0.038452 0.107279 0.177102 0.100155 0.122799 -137.018463 -68.053093 159.102737 36.889263 -52.499203 10.912288 23.323797 -0.385833 -0.07778 3.82698 0.880189 -30.38295 17.636641 -26.322733 52.411201 -19.466663 -14.395596 29.410389 -1e-06 -8.774822 -2e-06 15.704845 -17.649794 6.127525 -0.609777 -1.795654 -3.889328 -4.807091 -11.04681 -2.937851 4e-06 -20.976021 -1e-06 -5.019973 -25.03356 -4.031882 6e-06 -0.0 -0.0 -10.634536 -5.686972 -3.565588 10.573275 -17.922949 -3.1139 2e-06 -13.821211 1e-06 -0.501778 -31.181507 -4.027018 -11.547885 -59.7939 7.321393 -13.982716 -7.150199 -2.875043 13.77273 -8.401491 -3.218241 0.347732 -34.211555 0.771654 -0.963029 -17.733372 2.62102 -0.0 1e-06 -0.0 -17.346422 -20.095221 -4.201783 21.757561 -1.638375 3.866428 0.0 -6.338823 1e-06 -1.697591 -22.591745 -6.194008 0.0 -6e-06 -2e-06 23.460178 -66.454117 178.419647 20.105389 -55.288704 7.194607 27.699667 -0.002131 0.542021 -3.778822 4.944757 -30.705765 22.182119 -20.375896 49.933327 -16.701813 -16.743528 28.476532 -3e-06 -12.690601 -1e-06 15.602314 -17.810102 2.884545 -0.105919 -1.513856 -4.275882 -5.039041 -5.612872 -2.953557 4e-06 -11.020523 -2e-06 -6.111298 -15.895334 -3.840472 0.0 0.0 1e-06 -10.283371 -5.680288 -4.34184 11.028296 -11.302405 -2.372633 -1.384269 -14.238582 -6.320122 -0.625438 -26.924187 -3.8276 -3.731802 -49.419075 -3.930312 -13.708526 -7.363476 -3.72094 18.141151 -14.052739 -3.242674 6e-06 -18.78727 -1e-06 -0.429713 -8.456042 2.555504 0.0 1e-06 1e-06 -15.923536 -20.094482 -5.473587 30.419214 -7.190824 1.735928 2e-06 -8.162926 1e-06 -1.861902 -22.861469 -6.167942 -1e-06 -3e-06 -1e-06 179.323593 2.024781 -6.622625 5.866393 0.019129 -0.080375 -77.70462 -1.32364 -2.223005 -4.351196 1.437976 2.116662 -0.999999 0.0 -0.0 0.550463 -1.268622 -2.174347 5.716705 -0.004674 -0.053561 -78.77359 -6.099923 -5.726969 -4.242711 0.541015 1.645937 -1.000003 0.0 -0.0 
0.0 0.0 0.0 0.0 -0.0 0.0 3.473986 100.526619 -0.382176 90.841568 -3.507698 88.588264 -4.641633 -0.862189 -0.206297 -12.740549 -0.824172 -0.155234 16.372509 0.239727 -2.075961 12.055554 0.815777 2.448696 -2.589726 -0.575031 -3.880656 -35.043533 -2.146874 -5.598409 6e-06 -1e-06 -1e-06 0.062966 0.076816 0.129658 0.171689 0.044123 0.123943 0.177424 0.103355 0.134654 -136.962296 -67.951759 158.94519 36.803234 -52.471386 10.788969 23.390558 -0.485205 -0.105119 3.771587 0.963116 -30.101572 17.636625 -26.322729 52.411186 -19.466661 -14.395596 29.410389 0.0 -8.774822 -2e-06 15.750964 -17.671661 6.107185 -0.609778 -1.795654 -3.889328 -4.807088 -11.046812 -2.93785 3e-06 -20.976021 0.0 -5.01997 -25.033562 -4.03188 6e-06 -0.0 0.0 -10.634533 -5.686971 -3.565588 10.573271 -17.922955 -3.1139 2e-06 -13.821208 1e-06 -0.501779 -31.181511 -4.027017 -11.558506 -59.842606 7.304654 -13.982712 -7.150198 -2.875042 13.772727 -8.401493 -3.218242 0.347731 -34.211555 0.771656 -0.963029 -17.733372 2.621019 0.0 -1e-06 1e-06 -17.346418 -20.095221 -4.201782 21.757557 -1.638373 3.866428 1e-06 -6.338824 1e-06 -1.69759 -22.591751 -6.194007 -0.0 -5e-06 -3e-06 23.387556 -66.387802 178.476303 19.927792 -55.21204 7.275091 27.673464 -0.005656 0.522718 -3.782131 5.052715 -30.732576 22.18211 -20.375895 49.933319 -16.701813 -16.743528 28.47653 -2e-06 -12.690598 -1e-06 15.609952 -17.807632 2.873221 -0.105919 -1.513856 -4.275882 -5.03904 -5.612871 -2.953556 3e-06 -11.020524 -2e-06 -6.111298 -15.895336 -3.840469 1e-06 1e-06 0.0 -10.283369 -5.680288 -4.34184 11.028293 -11.302405 -2.372633 -1.384269 -14.238583 -6.32012 -0.62544 -26.924192 -3.8276 -3.748017 -49.402542 -3.899069 -13.708521 -7.363475 -3.720941 18.141146 -14.052738 -3.242673 6e-06 -18.787268 -1e-06 -0.429713 -8.456044 2.555504 1e-06 3e-06 1e-06 -15.923532 -20.094484 -5.473585 30.419207 -7.190824 1.735924 1e-06 -8.162927 0.0 -1.861904 -22.861471 -6.167943 0.0 -2e-06 -0.0 179.430283 2.020778 -6.673632 5.872044 0.013586 -0.076198 -77.78389 -1.28499 -2.177599 -4.324698 1.442089 2.117911 -0.999999 -0.0 -0.0 0.564937 -1.271117 -2.27441 5.929929 0.000305 -0.063087 -78.964981 -6.069506 -5.716069 -4.263191 0.538864 1.646654 -1.000003 0.0 -0.0 
0.0 0.0 0.0 0.0 -0.0 0.0 3.440493 100.502647 -0.323876 90.86554 -3.423554 88.67942 -4.690701 -0.879603 -0.205351 -12.761457 -0.818441 -0.132249 16.417049 0.272064 -2.079583 12.425995 0.921861 2.462878 -2.582576 -0.567999 -3.960548 -34.846214 -2.174376 -5.630105 6e-06 -0.0 -1e-06 0.064632 0.076543 0.135487 0.168151 0.044334 0.129677 0.17478 0.102717 0.141481 -136.962936 -67.874222 158.87767 36.751263 -52.446487 10.630264 23.382967 -0.559351 -0.124975 3.718144 1.048751 -29.803288 17.636623 -26.322723 52.411186 -19.46666 -14.395592 29.410389 -0.0 -8.774819 -2e-06 15.769143 -17.669884 6.095877 -0.609776 -1.795654 -3.889328 -4.807087 -11.046811 -2.937851 4e-06 -20.976017 -2e-06 -5.019969 -25.033556 -4.031881 6e-06 -0.0 -0.0 -10.634533 -5.68697 -3.565587 10.573271 -17.922951 -3.113901 3e-06 -13.821209 -0.0 -0.501776 -31.181505 -4.027017 -11.574141 -59.852676 7.306803 -13.982714 -7.150198 -2.875042 13.772729 -8.401491 -3.218241 0.347735 -34.211552 0.771652 -0.963027 -17.73337 2.621018 0.0 -2e-06 0.0 -17.346418 -20.095217 -4.201783 21.757555 -1.638375 3.866427 1e-06 -6.338824 1e-06 -1.697589 -22.591743 -6.194008 1e-06 -5e-06 -2e-06 23.322229 -66.313202 178.537247 19.767242 -55.123493 7.311389 27.629976 -0.010903 0.498366 -3.810481 5.124275 -30.625547 22.182114 -20.375898 49.933319 -16.701811 -16.743528 28.476528 -2e-06 -12.690599 -1e-06 15.62436 -17.814711 2.863234 -0.10592 -1.513856 -4.27588 -5.03904 -5.612872 -2.953557 4e-06 -11.020525 -3e-06 -6.111297 -15.895334 -3.84047 0.0 0.0 0.0 -10.283367 -5.680287 -4.341838 11.028292 -11.302405 -2.372633 -1.384268 -14.238581 -6.320119 -0.625437 -26.924189 -3.827601 -3.774028 -49.421974 -3.876488 -13.708521 -7.363474 -3.720939 18.141146 -14.052739 -3.242674 6e-06 -18.787266 0.0 -0.429711 -8.456041 2.555504 1e-06 2e-06 0.0 -15.923532 -20.094482 -5.473583 30.419207 -7.190825 1.735925 3e-06 -8.162927 -0.0 -1.8619 -22.861467 -6.167941 1e-06 -1e-06 -1e-06 179.567184 2.019419 -6.681333 5.823857 0.007167 -0.067028 -77.844978 -1.24469 -2.163232 -4.309658 1.451224 2.119963 -0.999999 -0.0 0.0 0.585295 -1.279961 -2.425153 6.140217 0.008646 -0.071817 -79.165695 -6.001527 -5.728997 -4.25951 0.532417 1.644069 -1.000002 -0.0 -0.0 
0.0 0.0 0.0 0.0 -0.0 0.0 3.378367 100.484978 -0.24815 90.888252 -3.337973 88.780548 -4.728514 -0.891643 -0.199914 -12.779448 -0.818533 -0.115906 16.452227 0.292971 -2.092966 12.759216 1.025368 2.477204 -2.5751 -0.572682 -4.050134 -34.6572 -2.195952 -5.653092 6e-06 1e-06 0.0 0.066636 0.071646 0.131073 0.160573 0.039901 0.124344 0.166779 0.097517 0.138365 -137.005264 -67.800407 158.875671 36.712265 -52.410625 10.546117 23.330395 -0.581382 -0.128468 3.673248 1.133339 -29.582687 17.636625 -26.322739 52.411209 -19.466661 -14.395598 29.410395 -0.0 -8.774822 -1e-06 15.757008 -17.637074 6.08732 -0.609776 -1.795654 -3.889328 -4.807089 -11.04681 -2.937851 5e-06 -20.976021 -0.0 -5.019969 -25.03356 -4.031881 6e-06 -0.0 -0.0 -10.634535 -5.686971 -3.565587 10.573275 -17.922953 -3.1139 2e-06 -13.821209 1e-06 -0.501779 -31.181511 -4.027016 -11.566524 -59.824322 7.311172 -13.982714 -7.150198 -2.875042 13.772729 -8.401492 -3.218242 0.347733 -34.211555 0.771654 -0.963029 -17.733372 2.621023 -0.0 -0.0 0.0 -17.346416 -20.095217 -4.201783 21.757561 -1.638377 3.866428 1e-06 -6.338825 1e-06 -1.69759 -22.591747 -6.194008 0.0 -5e-06 -3e-06 23.243338 -66.218681 178.612488 19.60391 -55.000469 7.344527 27.594126 -0.028922 0.477813 -3.871678 5.170726 -30.467733 22.182117 -20.375904 49.933327 -16.701818 -16.743534 28.476542 -2e-06 -12.690604 -0.0 15.626296 -17.823824 2.857131 -0.105919 -1.513856 -4.275883 -5.039042 -5.612873 -2.953557 3e-06 -11.020528 -2e-06 -6.111301 -15.895338 -3.840471 0.0 -1e-06 1e-06 -10.283373 -5.68029 -4.341839 11.028297 -11.302408 -2.372633 -1.384269 -14.238585 -6.320122 -0.62544 -26.924204 -3.827601 -3.783069 -49.420601 -3.87061 -13.708527 -7.363479 -3.720941 18.141151 -14.052742 -3.242675 5e-06 -18.787275 -1e-06 -0.429712 -8.456047 2.555505 0.0 2e-06 0.0 -15.923539 -20.094492 -5.473586 30.419218 -7.190827 1.735926 2e-06 -8.162929 -0.0 -1.861904 -22.861483 -6.167943 -0.0 -2e-06 -1e-06 179.719589 2.002882 -6.679533 5.745759 0.003706 -0.061603 -77.8685 -1.172529 -2.176449 -4.290946 1.457544 2.121592 -1.0 0.0 -0.0 0.695085 -1.255061 -2.633611 6.243923 0.01898 -0.07983 -79.31517 -5.904608 -5.753726 -4.235622 0.522616 1.63866 -1.000001 0.0 -0.0 
0.0 0.0 0.0 0.0 -0.0 0.0 3.294759 100.477959 -0.186779 90.910507 -3.249398 88.873169 -4.753841 -0.901702 -0.202168 -12.787272 -0.826904 -0.113043 16.47407 0.303683 -2.097199 13.065792 1.095119 2.50591 -2.579063 -0.577144 -4.135677 -34.450188 -2.196901 -5.670394 4e-06 -0.0 -0.0 0.066808 0.064185 0.121123 0.14651 0.035489 0.113608 0.151193 0.08717 0.129011 -137.03508 -67.714729 158.892792 36.693741 -52.338615 10.601149 23.253754 -0.555742 -0.124089 3.642926 1.222019 -29.459272 17.636635 -26.322737 52.411205 -19.466665 -14.3956 29.410395 1e-06 -8.774824 -2e-06 15.739602 -17.58469 6.074002 -0.609777 -1.795654 -3.889329 -4.807091 -11.046811 -2.937851 3e-06 -20.976021 -1e-06 -5.019972 -25.033564 -4.031881 6e-06 0.0 -0.0 -10.634537 -5.686972 -3.565588 10.573274 -17.922951 -3.113899 1e-06 -13.821209 1e-06 -0.50178 -31.181511 -4.027016 -11.540036 -59.777359 7.305231 -13.982718 -7.150199 -2.875042 13.772731 -8.401491 -3.218242 0.347731 -34.211555 0.771656 -0.963029 -17.733372 2.621019 0.0 -2e-06 0.0 -17.346426 -20.095221 -4.20178 21.757566 -1.638373 3.866428 0.0 -6.338825 1e-06 -1.69759 -22.591749 -6.194008 1e-06 -6e-06 -2e-06 23.119608 -66.132118 178.719193 19.431816 -54.881489 7.471387 27.58474 -0.035474 0.465625 -3.939621 5.216008 -30.325054 22.182121 -20.3759 49.933331 -16.701817 -16.743534 28.476538 -1e-06 -12.690603 -1e-06 15.633275 -17.833757 2.845766 -0.105919 -1.513856 -4.275882 -5.039041 -5.612872 -2.953558 3e-06 -11.020525 -1e-06 -6.111298 -15.895334 -3.840471 1e-06 -1e-06 0.0 -10.28337 -5.680288 -4.341839 11.028296 -11.302406 -2.372634 -1.384269 -14.238581 -6.320122 -0.625439 -26.924191 -3.8276 -3.780513 -49.393475 -3.878639 -13.708526 -7.363477 -3.72094 18.141151 -14.05274 -3.242674 6e-06 -18.78727 0.0 -0.429712 -8.456047 2.555504 -1e-06 2e-06 0.0 -15.923536 -20.094482 -5.473585 30.419222 -7.190829 1.735926 2e-06 -8.162929 -0.0 -1.861902 -22.861473 -6.167941 -1e-06 -3e-06 -1e-06 179.885956 1.96093 -6.70347 5.672468 0.006354 -0.055925 -77.852425 -1.066704 -2.23501 -4.271497 1.457391 2.122959 -0.999998 0.0 0.0 0.809834 -1.237217 -2.854977 6.226973 0.029597 -0.086632 -79.362953 -5.80347 -5.807066 -4.19799 0.514571 1.634026 -1.000003 -0.0 0.0 
0.0 0.0 0.0 0.0 -0.0 0.0 3.206898 100.482094 -0.168583 90.930496 -3.165572 88.929413 -4.776224 -0.911267 -0.203802 -12.790906 -0.832445 -0.108025 16.483877 0.308199 -2.093841 13.349758 1.139616 2.525354 -2.578027 -0.575997 -4.18329 -34.230984 -2.171458 -5.702834 6e-06 0.0 0.0 0.066853 0.060887 0.119746 0.1383 0.033978 0.11221 0.144532 0.081825 0.12713 -137.128296 -67.616821 158.96701 36.618591 -52.23745 10.788567 23.194738 -0.511225 -0.126504 3.596178 1.304637 -29.290339 17.636633 -26.322727 52.411201 -19.466665 -14.395596 29.410393 -0.0 -8.774822 -2e-06 15.714013 -17.540691 6.059745 -0.609775 -1.795655 -3.889326 -4.807091 -11.046813 -2.937852 5e-06 -20.976023 -2e-06 -5.019971 -25.033564 -4.031881 6e-06 0.0 -1e-06 -10.634535 -5.686974 -3.565587 10.573274 -17.922955 -3.113903 3e-06 -13.821213 -1e-06 -0.501776 -31.181511 -4.02702 -11.543818 -59.728039 7.316549 -13.982716 -7.150201 -2.875041 13.772731 -8.401493 -3.218241 0.347735 -34.211559 0.77165 -0.963027 -17.733372 2.621019 0.0 -0.0 0.0 -17.346424 -20.095224 -4.20178 21.757566 -1.638377 3.866429 1e-06 -6.338825 -0.0 -1.697589 -22.591751 -6.19401 0.0 -4e-06 -3e-06 23.010292 -66.065536 178.788406 19.229202 -54.78635 7.785557 27.599375 -0.000337 0.456998 -3.99659 5.278798 -30.116079 22.182121 -20.375896 49.933308 -16.701817 -16.74353 28.47653 -3e-06 -12.690601 -2e-06 15.655701 -17.834862 2.822967 -0.105919 -1.513856 -4.27588 -5.03904 -5.612871 -2.953555 4e-06 -11.020523 -1e-06 -6.111297 -15.895332 -3.840469 1e-06 3e-06 0.0 -10.283369 -5.680286 -4.341838 11.028296 -11.302406 -2.372632 -1.384268 -14.238579 -6.320118 -0.625434 -26.924185 -3.827599 -3.770197 -49.356361 -3.905661 -13.708525 -7.363474 -3.720939 18.14115 -14.052741 -3.242674 8e-06 -18.78727 0.0 -0.429709 -8.456047 2.555503 -1e-06 3e-06 0.0 -15.923532 -20.094479 -5.473586 30.41921 -7.190828 1.735927 4e-06 -8.162927 0.0 -1.8619 -22.861471 -6.167941 0.0 -2e-06 -0.0 179.99086 1.922165 -6.760581 5.633566 0.011039 -0.057066 -77.790482 -0.958796 -2.271334 -4.266201 1.451883 2.12093 -0.999999 -0.0 -0.0 0.945899 -1.209989 -3.04888 6.135467 0.033836 -0.084363 -79.331306 -5.733739 -5.84113 -4.180748 0.506503 1.629822 -1.000002 -0.0 0.0 
0.0 0.0 0.0 0.0 -0.0 0.0 3.121237 100.488243 -0.181549 90.949089 -3.089567 88.955032 -4.80347 -0.922242 -0.189014 -12.794042 -0.838247 -0.104058 16.493589 0.313223 -2.101074 13.598465 1.181607 2.526553 -2.56974 -0.567767 -4.170763 -34.017784 -2.1363 -5.739875 6e-06 0.0 1e-06 0.067918 0.059341 0.120715 0.139953 0.032458 0.113371 0.148969 0.079782 0.126908 -137.265976 -67.533188 159.090469 36.545673 -52.127453 11.006325 23.099617 -0.465053 -0.13177 3.555567 1.331231 -29.010614 17.636639 -26.322737 52.411201 -19.466665 -14.3956 29.410395 1e-06 -8.774823 -2e-06 15.689878 -17.546511 6.062665 -0.609778 -1.795653 -3.889328 -4.80709 -11.046811 -2.93785 3e-06 -20.976021 1e-06 -5.019972 -25.033562 -4.031881 5e-06 -1e-06 0.0 -10.634537 -5.686971 -3.565587 10.573277 -17.922951 -3.1139 2e-06 -13.82121 2e-06 -0.501782 -31.181505 -4.027012 -11.57692 -59.701763 7.335311 -13.982718 -7.150198 -2.875042 13.772731 -8.401489 -3.218242 0.34773 -34.211555 0.771656 -0.963031 -17.73337 2.621021 0.0 -0.0 0.0 -17.346422 -20.095217 -4.20178 21.757561 -1.638375 3.866428 1e-06 -6.338827 0.0 -1.697591 -22.591747 -6.194004 -0.0 -3e-06 -3e-06 22.918806 -66.007347 178.845734 19.081469 -54.701721 8.144147 27.582186 0.064996 0.446157 -4.029418 5.350199 -29.808079 22.182121 -20.3759 49.933327 -16.701813 -16.74353 28.476532 -3e-06 -12.690601 -1e-06 15.692911 -17.833302 2.793021 -0.10592 -1.513856 -4.275882 -5.039041 -5.612872 -2.953558 3e-06 -11.020524 -2e-06 -6.111299 -15.895334 -3.84047 1e-06 -0.0 1e-06 -10.283373 -5.680289 -4.34184 11.028297 -11.302407 -2.372633 -1.38427 -14.238583 -6.320122 -0.625437 -26.924194 -3.827602 -3.774904 -49.333961 -3.931046 -13.708529 -7.363477 -3.720941 18.141153 -14.052741 -3.242673 6e-06 -18.787271 0.0 -0.429711 -8.456047 2.555504 -1e-06 2e-06 0.0 -15.923539 -20.094482 -5.473588 30.419222 -7.190828 1.735929 4e-06 -8.162927 -0.0 -1.8619 -22.861473 -6.167943 -1e-06 -1e-06 -0.0 -179.931671 1.884603 -6.828887 5.629358 0.015432 -0.059611 -77.734787 -0.895554 -2.300179 -4.263345 1.446001 2.11718 -0.999999 0.0 -0.0 1.048237 -1.176085 -3.18844 6.072251 0.033588 -0.072908 -79.295952 -5.701092 -5.825223 -4.178908 0.498204 1.626389 -1.000002 0.0 0.0 
0.0 0.0 0.0 0.0 -0.0 0.0 3.040041 100.490715 -0.207478 90.969566 -3.008999 88.954292 -4.830128 -0.936823 -0.167619 -12.794236 -0.841485 -0.106962 16.509617 0.315048 -2.099894 13.832208 1.239413 2.513467 -2.569675 -0.567677 -4.129589 -33.792507 -2.091535 -5.776331 5e-06 -0.0 -0.0 0.069958 0.059024 0.12359 0.143576 0.031445 0.116384 0.154286 0.079848 0.128723 -137.453812 -67.469269 159.270767 36.485619 -52.011871 11.208442 22.961605 -0.41683 -0.136554 3.526223 1.304037 -28.669146 17.636631 -26.322725 52.411186 -19.466663 -14.395596 29.410389 -0.0 -8.774821 -2e-06 15.685738 -17.601889 6.075984 -0.609776 -1.795654 -3.889328 -4.80709 -11.04681 -2.937851 4e-06 -20.976019 -1e-06 -5.01997 -25.03356 -4.031882 6e-06 1e-06 0.0 -10.634535 -5.686972 -3.565588 10.573272 -17.922951 -3.1139 2e-06 -13.821205 0.0 -0.501779 -31.181505 -4.027017 -11.632316 -59.707649 7.351204 -13.982712 -7.150198 -2.875042 13.772727 -8.401491 -3.218242 0.347733 -34.211544 0.771653 -0.963028 -17.73337 2.621019 0.0 -2e-06 0.0 -17.346416 -20.095217 -4.201783 21.757557 -1.638375 3.866428 1e-06 -6.338825 -0.0 -1.69759 -22.591743 -6.194006 0.0 -4e-06 -2e-06 22.856791 -65.930336 178.902267 19.019772 -54.602531 8.388987 27.537329 0.118053 0.43382 -4.059935 5.431263 -29.448973 22.182108 -20.375889 49.933308 -16.701813 -16.743528 28.476528 -3e-06 -12.690598 -1e-06 15.728127 -17.831739 2.771032 -0.105919 -1.513856 -4.27588 -5.039041 -5.612871 -2.953557 3e-06 -11.020523 -2e-06 -6.111298 -15.895334 -3.84047 1e-06 0.0 -0.0 -10.283367 -5.680288 -4.341839 11.028292 -11.302404 -2.372633 -1.384269 -14.238579 -6.32012 -0.625437 -26.924189 -3.827601 -3.797301 -49.327396 -3.939457 -13.708522 -7.363475 -3.720939 18.141146 -14.052736 -3.242675 7e-06 -18.787266 -2e-06 -0.42971 -8.456039 2.555503 -1e-06 2e-06 0.0 -15.923534 -20.094482 -5.473584 30.419207 -7.190823 1.735925 2e-06 -8.162925 0.0 -1.861904 -22.861471 -6.167942 0.0 -0.0 0.0 -179.857635 1.850242 -6.892035 5.639449 0.017912 -0.050619 -77.698471 -0.893272 -2.309228 -4.277264 1.447604 2.117102 -0.999998 0.0 -0.0 1.110824 -1.136194 -3.264037 6.080178 0.033772 -0.057977 -79.298897 -5.699732 -5.743658 -4.184084 0.490768 1.625014 -1.000001 0.0 -0.0 
0.0 0.0 0.0 0.0 -0.0 0.0 2.95846 100.491608 -0.226246 90.992882 -2.929354 88.940201 -4.85826 -0.952335 -0.158494 -12.793599 -0.843491 -0.114201 16.542671 0.307219 -2.073856 14.046944 1.307596 2.494514 -2.576985 -0.577673 -4.106962 -33.587872 -2.051152 -5.824977 5e-06 -0.0 1e-06 0.071648 0.060698 0.13104 0.14877 0.031973 0.123907 0.159524 0.082612 0.135607 -137.637665 -67.423523 159.46077 36.462883 -51.890789 11.442967 22.816132 -0.358735 -0.131492 3.494798 1.267312 -28.453939 17.636629 -26.322727 52.411186 -19.46666 -14.395598 29.410385 -1e-06 -8.774821 -2e-06 15.689787 -17.665377 6.09621 -0.609777 -1.795653 -3.889328 -4.807088 -11.046807 -2.93785 4e-06 -20.976015 -1e-06 -5.01997 -25.033556 -4.031883 6e-06 1e-06 0.0 -10.634533 -5.68697 -3.565587 10.573274 -17.922947 -3.1139 3e-06 -13.821203 0.0 -0.501778 -31.181498 -4.027016 -11.655119 -59.717834 7.333724 -13.982715 -7.150198 -2.875042 13.772731 -8.401491 -3.21824 0.347732 -34.211544 0.771655 -0.963027 -17.733366 2.621019 1e-06 -1e-06 -1e-06 -17.34642 -20.095217 -4.201781 21.757563 -1.638374 3.866429 1e-06 -6.338824 1e-06 -1.69759 -22.591743 -6.194007 0.0 -4e-06 -2e-06 22.808832 -65.837433 178.978226 19.048815 -54.50639 8.43744 27.460573 0.152039 0.418754 -4.063747 5.47768 -29.112268 22.182121 -20.375891 49.933315 -16.701815 -16.74353 28.476522 -3e-06 -12.690601 -2e-06 15.740498 -17.824987 2.76229 -0.10592 -1.513857 -4.275881 -5.039042 -5.612873 -2.953557 3e-06 -11.020525 -2e-06 -6.1113 -15.895338 -3.840471 1e-06 3e-06 -0.0 -10.283371 -5.680289 -4.341838 11.028296 -11.302406 -2.372634 -1.384269 -14.238583 -6.32012 -0.625439 -26.924192 -3.827602 -3.827641 -49.319172 -3.943863 -13.708526 -7.363477 -3.72094 18.141148 -14.052739 -3.242674 6e-06 -18.78727 -2e-06 -0.429711 -8.456047 2.555502 0.0 3e-06 1e-06 -15.923538 -20.094482 -5.473583 30.419214 -7.190826 1.735928 4e-06 -8.162926 -1e-06 -1.861902 -22.861469 -6.167944 0.0 -0.0 0.0 -179.783005 1.81852 -6.956093 5.644198 0.017488 -0.040704 -77.664925 -0.900308 -2.309522 -4.305952 1.450706 2.119673 -0.999999 0.0 0.0 1.16946 -1.129146 -3.302165 6.109695 0.03362 -0.039575 -79.313538 -5.719186 -5.671563 -4.193535 0.490973 1.627236 -1.0 -0.0 -0.0 
0.0 0.0 0.0 0.0 -0.0 0.0 2.86178 100.491142 -0.234493 91.02153 -2.853535 88.926392 -4.881293 -0.968985 -0.168268 -12.797604 -0.841905 -0.106096 16.579432 0.282778 -2.050948 14.238811 1.393421 2.475127 -2.583348 -0.599485 -4.090662 -33.431076 -2.019228 -5.892556 7e-06 -0.0 0.0 0.072516 0.063247 0.140904 0.156707 0.032925 0.134951 0.168929 0.086718 0.14428 -137.786911 -67.401192 159.641144 36.484348 -51.76873 11.707089 22.679916 -0.283842 -0.113068 3.451909 1.237628 -28.303932 17.636641 -26.322737 52.411205 -19.466665 -14.3956 29.410395 -1e-06 -8.774824 -3e-06 15.695304 -17.713167 6.115402 -0.609776 -1.795654 -3.889328 -4.807091 -11.046811 -2.937851 4e-06 -20.976019 -0.0 -5.019971 -25.03356 -4.031882 6e-06 -1e-06 0.0 -10.634537 -5.686971 -3.565588 10.573277 -17.922951 -3.1139 3e-06 -13.821209 0.0 -0.501777 -31.181505 -4.027017 -11.686616 -59.72435 7.335495 -13.982719 -7.150199 -2.875042 13.772735 -8.401494 -3.218241 0.347735 -34.211555 0.771653 -0.963027 -17.73337 2.621021 -0.0 -0.0 -0.0 -17.346426 -20.095221 -4.201784 21.757566 -1.638376 3.866432 1e-06 -6.338825 1e-06 -1.69759 -22.591745 -6.194008 -0.0 -3e-06 -2e-06 22.715557 -65.738106 179.157425 19.133518 -54.418232 8.291562 27.373529 0.180466 0.401397 -4.03049 5.493897 -28.838566 22.182117 -20.375898 49.933319 -16.701817 -16.743534 28.47653 -3e-06 -12.690603 -1e-06 15.733728 -17.819012 2.766595 -0.105919 -1.513856 -4.27588 -5.039041 -5.61287 -2.953557 4e-06 -11.02052 -1e-06 -6.111298 -15.895329 -3.840469 0.0 1e-06 0.0 -10.283371 -5.680287 -4.341839 11.028296 -11.302404 -2.372632 -1.384268 -14.238579 -6.32012 -0.625439 -26.924183 -3.8276 -3.858378 -49.312431 -3.945068 -13.708527 -7.363475 -3.720939 18.141151 -14.052739 -3.242674 7e-06 -18.787266 -0.0 -0.429711 -8.456043 2.555504 0.0 2e-06 0.0 -15.923538 -20.094479 -5.473586 30.419214 -7.190827 1.735926 4e-06 -8.162925 1e-06 -1.861903 -22.861469 -6.167941 2e-06 -0.0 -1e-06 -179.712784 1.784855 -7.024537 5.647067 0.013322 -0.025552 -77.632179 -0.881943 -2.330764 -4.358387 1.453517 2.122907 -0.999998 0.0 -0.0 1.213987 -1.095304 -3.358834 6.152923 0.031446 -0.024809 -79.347458 -5.727942 -5.574347 -4.210912 0.494149 1.63045 -1.000002 -0.0 -0.0 
0.0 0.0 0.0 0.0 -0.0 0.0 2.751155 100.486794 -0.227147 91.05172 -2.777903 88.926979 -4.888861 -0.982074 -0.187989 -12.806445 -0.843182 -0.093631 16.612167 0.247361 -2.052073 14.407295 1.499747 2.46648 -2.592073 -0.62026 -4.089652 -33.329769 -1.989103 -5.953095 5e-06 -0.0 1e-06 0.073221 0.062145 0.141331 0.167637 0.031268 0.138434 0.182571 0.086163 0.14199 -137.848862 -67.401901 159.731018 36.519188 -51.674622 11.971208 22.572496 -0.193947 -0.078583 3.395047 1.190917 -28.095997 17.636625 -26.322727 52.411182 -19.466654 -14.395598 29.410381 -1e-06 -8.774822 -0.0 15.714182 -17.74115 6.124217 -0.609776 -1.795653 -3.889328 -4.807088 -11.046808 -2.93785 4e-06 -20.976013 0.0 -5.019972 -25.033552 -4.03188 6e-06 -1e-06 -0.0 -10.634534 -5.686969 -3.565588 10.573272 -17.922947 -3.113899 2e-06 -13.821206 1e-06 -0.501781 -31.181498 -4.027015 -11.731021 -59.748535 7.381444 -13.982713 -7.150197 -2.875043 13.77273 -8.401491 -3.218241 0.34773 -34.211544 0.771658 -0.963031 -17.733366 2.621022 0.0 -1e-06 -1e-06 -17.346416 -20.095213 -4.201782 21.757557 -1.638373 3.866428 1e-06 -6.338822 -0.0 -1.697591 -22.59174 -6.194006 1e-06 -6e-06 -1e-06 22.546614 -65.654381 179.405319 19.181734 -54.354496 8.128727 27.32279 0.214003 0.396007 -3.990494 5.492139 -28.597692 22.182121 -20.375895 49.933323 -16.701811 -16.74353 28.47653 -3e-06 -12.690601 -1e-06 15.713154 -17.823259 2.778352 -0.105919 -1.513856 -4.275882 -5.039041 -5.612871 -2.953557 4e-06 -11.020523 -2e-06 -6.111298 -15.89533 -3.84047 0.0 0.0 0.0 -10.283371 -5.680287 -4.341838 11.028296 -11.302404 -2.372633 -1.384268 -14.238577 -6.32012 -0.625438 -26.924189 -3.827601 -3.856976 -49.315308 -3.945207 -13.708526 -7.363474 -3.72094 18.141151 -14.052739 -3.242673 8e-06 -18.78727 -2e-06 -0.42971 -8.456045 2.555503 -0.0 2e-06 0.0 -15.923534 -20.094482 -5.473587 30.41921 -7.190825 1.735928 4e-06 -8.162925 0.0 -1.861903 -22.861469 -6.167939 2e-06 -2e-06 -0.0 -179.639816 1.743621 -7.085785 5.633744 0.007313 -0.008077 -77.606537 -0.832613 -2.383655 -4.431822 1.461841 2.128565 -0.999999 0.0 -0.0 1.251686 -1.057094 -3.406722 6.218704 0.028864 -0.015746 -79.407982 -5.754706 -5.502845 -4.240934 0.495082 1.631152 -1.000001 -1e-06 -0.0 
0.0 0.0 0.0 0.0 -0.0 0.0 2.642387 100.484322 -0.213218 91.072624 -2.705846 88.931229 -4.875776 -0.976807 -0.199294 -12.823241 -0.844431 -0.086187 16.640591 0.201788 -2.076532 14.549983 1.620456 2.483013 -2.606453 -0.628313 -4.134308 -33.259338 -1.963931 -5.974166 5e-06 -0.0 1e-06 0.072358 0.056312 0.129228 0.179642 0.025816 0.130429 0.19517 0.080126 0.126176 -137.818237 -67.407295 159.709335 36.546906 -51.588814 12.280898 22.503685 -0.095802 -0.042907 3.346784 1.156258 -27.915995 17.636629 -26.322721 52.411179 -19.466654 -14.395597 29.410378 -1e-06 -8.774822 -2e-06 15.734994 -17.744389 6.116859 -0.609774 -1.795653 -3.889325 -4.807091 -11.046809 -2.93785 3e-06 -20.976017 -1e-06 -5.019972 -25.033556 -4.031882 5e-06 -1e-06 0.0 -10.634533 -5.686971 -3.565586 10.573272 -17.922947 -3.113899 2e-06 -13.821205 -0.0 -0.501778 -31.181498 -4.027017 -11.762345 -59.776737 7.426742 -13.982712 -7.150198 -2.875041 13.772728 -8.40149 -3.218241 0.347731 -34.211544 0.771654 -0.963029 -17.73337 2.621018 1e-06 -1e-06 -0.0 -17.346416 -20.095217 -4.20178 21.757557 -1.638373 3.866428 0.0 -6.338823 0.0 -1.697591 -22.591743 -6.194006 0.0 -5e-06 -2e-06 22.403734 -65.595062 179.611221 19.234749 -54.306271 7.951459 27.326385 0.229989 0.396386 -3.956388 5.48054 -28.277506 22.182114 -20.375898 49.933323 -16.701817 -16.743532 28.476528 -3e-06 -12.6906 -0.0 15.69328 -17.848539 2.792809 -0.105918 -1.513856 -4.27588 -5.039039 -5.612869 -2.953558 4e-06 -11.020519 -2e-06 -6.111294 -15.89533 -3.840469 1e-06 -1e-06 -0.0 -10.283368 -5.680285 -4.341838 11.028294 -11.302403 -2.372633 -1.384266 -14.238575 -6.32012 -0.625436 -26.924179 -3.827599 -3.837798 -49.354023 -3.958193 -13.708523 -7.363472 -3.720938 18.141148 -14.052735 -3.242673 8e-06 -18.787262 -1e-06 -0.429711 -8.456047 2.555503 0.0 2e-06 0.0 -15.923532 -20.094475 -5.473585 30.419207 -7.190827 1.735925 3e-06 -8.162924 1e-06 -1.861902 -22.861464 -6.16794 -1e-06 -3e-06 -0.0 -179.565979 1.690199 -7.123672 5.605578 0.002252 0.003576 -77.57325 -0.794749 -2.447988 -4.530361 1.474964 2.134203 -0.999999 0.0 -0.0 1.313404 -1.007135 -3.448792 6.223865 0.02833 -0.011785 -79.433167 -5.779162 -5.469495 -4.272865 0.499514 1.631124 -1.000003 0.0 -0.0 
0.0 0.0 0.0 0.0 -0.0 0.0 2.547506 100.481865 -0.213464 91.088249 -2.642965 88.944107 -4.847084 -0.955517 -0.201105 -12.835894 -0.841722 -0.091567 16.637077 0.137661 -2.085616 14.681336 1.725455 2.509336 -2.61892 -0.625517 -4.211397 -33.193687 -1.942419 -5.994037 6e-06 0.0 0.0 0.069786 0.04721 0.108399 0.188563 0.016881 0.113314 0.202044 0.071165 0.10181 -137.749725 -67.416054 159.598999 36.535782 -51.533752 12.624869 22.440023 -0.021464 -0.012848 3.333379 1.107961 -27.732382 17.636633 -26.322725 52.411182 -19.466661 -14.395596 29.410389 -1e-06 -8.774822 -2e-06 15.756759 -17.735064 6.079587 -0.609776 -1.795654 -3.889328 -4.80709 -11.046809 -2.937851 4e-06 -20.976015 -0.0 -5.01997 -25.033556 -4.031881 6e-06 -1e-06 -1e-06 -10.634534 -5.68697 -3.565588 10.573274 -17.922949 -3.1139 3e-06 -13.821206 1e-06 -0.501777 -31.181507 -4.027017 -11.795283 -59.768139 7.462913 -13.982712 -7.150198 -2.875043 13.772731 -8.401492 -3.218241 0.347735 -34.211555 0.771654 -0.963028 -17.73337 2.62102 0.0 -2e-06 -1e-06 -17.346418 -20.095219 -4.201783 21.757557 -1.638374 3.866429 2e-06 -6.338822 -0.0 -1.697589 -22.591743 -6.194007 -0.0 -5e-06 -2e-06 22.367489 -65.580482 179.711502 19.354382 -54.285122 7.787594 27.369165 0.241473 0.395447 -3.962045 5.478467 -27.924984 22.182114 -20.375898 49.933327 -16.701813 -16.74353 28.476534 -2e-06 -12.6906 -1e-06 15.689824 -17.863237 2.788335 -0.10592 -1.513856 -4.27588 -5.039041 -5.612872 -2.953558 3e-06 -11.020524 -2e-06 -6.111298 -15.895334 -3.84047 -0.0 -1e-06 -0.0 -10.28337 -5.680288 -4.341838 11.028294 -11.302404 -2.372633 -1.384268 -14.23858 -6.320121 -0.625439 -26.924189 -3.8276 -3.784444 -49.396717 -3.988174 -13.708526 -7.363477 -3.720939 18.141148 -14.052739 -3.242674 6e-06 -18.787268 -1e-06 -0.429711 -8.456046 2.555504 0.0 2e-06 0.0 -15.923536 -20.094482 -5.473585 30.419214 -7.190824 1.735927 3e-06 -8.162927 -0.0 -1.8619 -22.861471 -6.167942 0.0 -0.0 -0.0 -179.499954 1.640961 -7.144181 5.57256 -0.002515 0.015828 -77.542534 -0.778965 -2.535807 -4.661505 1.491037 2.13821 -0.999998 -0.0 0.0 1.361107 -0.956764 -3.498996 6.234985 0.027415 0.001562 -79.457565 -5.780539 -5.437671 -4.283013 0.497605 1.628142 -1.000003 0.0 -0.0 
0.0 0.0 0.0 0.0 -0.0 0.0 2.459656 100.478767 -0.218727 91.121529 -2.596253 88.99102 -4.823261 -0.940009 -0.19801 -12.833659 -0.833386 -0.109402 16.601919 0.065926 -2.055048 14.786678 1.76229 2.506876 -2.620481 -0.610677 -4.239251 -33.087494 -1.944967 -6.111184 6e-06 0.0 1e-06 0.068455 0.038507 0.088875 0.194571 0.006819 0.094894 0.209192 0.063729 0.080884 -137.79834 -67.421219 159.541199 36.415165 -51.514397 12.922847 22.388729 -0.010812 0.016392 3.306096 1.078913 -27.482019 17.636625 -26.322729 52.411194 -19.46666 -14.395596 29.410393 -0.0 -8.774821 -1e-06 15.756548 -17.723854 6.035951 -0.609776 -1.795654 -3.889326 -4.807088 -11.046807 -2.937852 4e-06 -20.976015 -0.0 -5.01997 -25.033556 -4.031883 6e-06 0.0 -0.0 -10.634533 -5.68697 -3.565585 10.573272 -17.922947 -3.113901 2e-06 -13.821205 1e-06 -0.501777 -31.181498 -4.027017 -11.841816 -59.739429 7.47132 -13.982713 -7.150198 -2.875041 13.772727 -8.401491 -3.218241 0.347734 -34.211552 0.771653 -0.963027 -17.73337 2.621019 -0.0 -0.0 -0.0 -17.346416 -20.095217 -4.20178 21.757557 -1.638376 3.866427 1e-06 -6.338823 0.0 -1.69759 -22.59174 -6.194007 -0.0 -4e-06 -2e-06 22.397402 -65.585342 179.694656 19.458721 -54.271072 7.768747 27.422188 0.278755 0.393648 -4.020714 5.489609 -27.638174 22.182108 -20.375893 49.933315 -16.701811 -16.743528 28.476528 -3e-06 -12.690598 0.0 15.696854 -17.875641 2.782634 -0.10592 -1.513856 -4.275881 -5.03904 -5.61287 -2.953556 4e-06 -11.020523 -3e-06 -6.111296 -15.89533 -3.840471 0.0 0.0 -0.0 -10.283368 -5.680287 -4.341838 11.028294 -11.302404 -2.372634 -1.384268 -14.238579 -6.32012 -0.625437 -26.924189 -3.8276 -3.722374 -49.44841 -4.018644 -13.708523 -7.363475 -3.720938 18.141148 -14.052738 -3.242675 5e-06 -18.787266 -1e-06 -0.429713 -8.456041 2.555504 -0.0 1e-06 0.0 -15.923532 -20.094482 -5.473583 30.419207 -7.190825 1.735925 3e-06 -8.162925 1e-06 -1.861902 -22.861471 -6.16794 -1e-06 -0.0 -1e-06 -179.451492 1.628371 -7.117319 5.540071 -0.005114 0.009009 -77.502205 -0.807504 -2.62866 -4.768907 1.507215 2.1421 -1.0 -0.0 0.0 1.372803 -0.935198 -3.58516 6.306449 0.023357 0.024168 -79.520966 -5.785458 -5.352013 -4.278648 0.492415 1.625137 -1.000001 -0.0 -0.0 
0.0 0.0 0.0 0.0 -0.0 0.0 2.370367 100.463676 -0.212093 91.169754 -2.590077 89.083946 -4.828737 -0.929612 -0.188659 -12.814017 -0.834249 -0.115329 16.564882 0.026675 -2.033275 14.850397 1.727891 2.462379 -2.629677 -0.570572 -4.218461 -32.909409 -1.963573 -6.278343 7e-06 0.0 1e-06 0.075654 0.032698 0.076019 0.203587 -0.003873 0.079736 0.222333 0.06235 0.069909 -137.980896 -67.421158 159.677368 36.271564 -51.45013 13.118147 22.351067 -0.055391 0.065061 3.292071 1.184866 -27.559082 17.636633 -26.322733 52.41119 -19.466665 -14.395596 29.410393 -2e-06 -8.774822 -1e-06 15.729456 -17.730978 6.036006 -0.609775 -1.795654 -3.889327 -4.807087 -11.046808 -2.93785 5e-06 -20.976015 0.0 -5.019969 -25.033556 -4.03188 6e-06 -1e-06 -1e-06 -10.634535 -5.68697 -3.565587 10.573275 -17.922953 -3.113902 4e-06 -13.821211 0.0 -0.501777 -31.181505 -4.027017 -11.888143 -59.755947 7.457572 -13.982714 -7.150198 -2.875042 13.772731 -8.401494 -3.218241 0.347736 -34.211555 0.771654 -0.963028 -17.73337 2.62102 0.0 -0.0 -0.0 -17.346416 -20.095217 -4.201782 21.757557 -1.638376 3.866428 1e-06 -6.338824 -1e-06 -1.697589 -22.591743 -6.194008 0.0 -3e-06 -2e-06 22.375727 -65.577438 179.655243 19.472183 -54.223793 7.827079 27.448109 0.321353 0.40289 -4.060133 5.516788 -27.50881 22.182112 -20.375898 49.933327 -16.701815 -16.743528 28.476536 -3e-06 -12.690601 -1e-06 15.670833 -17.917696 2.821628 -0.10592 -1.513856 -4.275882 -5.039041 -5.612872 -2.953557 3e-06 -11.020524 -1e-06 -6.111298 -15.895334 -3.840472 -0.0 -2e-06 0.0 -10.283369 -5.680288 -4.34184 11.028295 -11.302405 -2.372632 -1.384269 -14.238582 -6.32012 -0.625437 -26.924191 -3.827601 -3.712344 -49.509811 -3.993416 -13.708524 -7.363476 -3.72094 18.141146 -14.052739 -3.242674 6e-06 -18.78727 -1e-06 -0.429712 -8.456045 2.555504 0.0 3e-06 -0.0 -15.923536 -20.094484 -5.473585 30.41921 -7.190827 1.735925 3e-06 -8.162927 0.0 -1.861904 -22.861473 -6.167942 -1e-06 -0.0 0.0 -179.444138 1.642145 -7.101309 5.517952 -0.00799 -0.020323 -77.512802 -0.891295 -2.700679 -4.809089 1.515598 2.143733 -0.999999 0.0 -0.0 1.255048 -0.941961 -3.686001 6.595985 0.01879 0.047601 -79.727043 -5.819889 -5.28968 -4.300218 0.495138 1.622052 -1.000003 -0.0 -0.0 
