HIERARCHY
ROOT Root
{
  OFFSET 0.0 0.0 0.0
  CHANNELS 6 Xposition Yposition Zposition Zrotation Yrotation Xrotation
  JOINT Hips
  {
    OFFSET 0.0 100.0 0.0
    CHANNELS 6 Xposition Yposition Zposition Zrotation Yrotation Xrotation
    JOINT Spine1
    {
      OFFSET 5.003913 -0.037094 -0.013727
      CHANNELS 3 Zrotation Yrotation Xrotation
      JOINT Spine2
      {
        OFFSET 7.125363 -1e-06 0.0
        CHANNELS 3 Zrotation Yrotation Xrotation
        JOINT Chest
        {
          OFFSET 7.594027 1e-06 0.0
          CHANNELS 3 Zrotation Yrotation Xrotation
          JOINT Neck1
          {
            OFFSET 26.313086 -0.460272 -0.181672
            CHANNELS 3 Zrotation Yrotation Xrotation
            JOINT Neck2
            {
              OFFSET 8.045911 0.0 0.0
              CHANNELS 3 Zrotation Yrotation Xrotation
              JOINT Head
              {
                OFFSET 6.432774 0.0 0.0
                CHANNELS 3 Zrotation Yrotation Xrotation
                JOINT HeadEnd
                {
                  OFFSET 16.169773 0.06451 0.00362
                  CHANNELS 3 Zrotation Yrotation Xrotation
                }
                JOINT Jaw
                {
                  OFFSET 0.108741 3.12938 0.002639
                  CHANNELS 3 Zrotation Yrotation Xrotation
                }
                JOINT LeftEye
                {
                  OFFSET 4.45173 8.166359 3.206392
                  CHANNELS 3 Zrotation Yrotation Xrotation
                }
                JOINT RightEye
                {
                  OFFSET 4.436895 8.135758 -3.222429
                  CHANNELS 3 Zrotation Yrotation Xrotation
                }
              }
            }
          }
          JOINT LeftShoulder
          {
            OFFSET 23.218927 5.195579 1.621656
            CHANNELS 3 Zrotation Yrotation Xrotation
            JOINT LeftArm
            {
              OFFSET 15.902118 2e-06 -2e-06
              CHANNELS 3 Zrotation Yrotation Xrotation
              JOINT LeftForeArm
              {
                OFFSET 28.739307 0.0 -1e-06
                CHANNELS 3 Zrotation Yrotation Xrotation
                JOINT LeftHand
                {
                  OFFSET 27.093981 -4e-06 0.0
                  CHANNELS 3 Zrotation Yrotation Xrotation
                  JOINT LeftHandThumb1
                  {
                    OFFSET 2.276781 3.380274 0.83384
                    CHANNELS 3 Zrotation Yrotation Xrotation
                    JOINT LeftHandThumb2
                    {
                      OFFSET 4.705309 -1e-06 -1e-06
                      CHANNELS 3 Zrotation Yrotation Xrotation
                      JOINT LeftHandThumb3
                      {
                        OFFSET 2.798515 0.0 3e-06
                        CHANNELS 3 Zrotation Yrotation Xrotation
                        JOINT LeftHandThumbEnd
                        {
                          OFFSET 3.180793 4e-06 -4e-06
                          CHANNELS 3 Zrotation Yrotation Xrotation
                        }
                      }
                    }
                  }
                  JOINT LeftHandIndex1
                  {
                    OFFSET 3.247786 2.352677 0.137192
                    CHANNELS 3 Zrotation Yrotation Xrotation
                    JOINT LeftHandIndex2
                    {
                      OFFSET 6.367095 1e-06 0.0
                      CHANNELS 3 Zrotation Yrotation Xrotation
                      JOINT LeftHandIndex3
                      {
                        OFFSET 3.662364 0.0 0.0
                        CHANNELS 3 Zrotation Yrotation Xrotation
                        JOINT LeftHandIndex4
                        {
                          OFFSET 2.329242 4e-06 -4e-06
                          CHANNELS 3 Zrotation Yrotation Xrotation
                          JOINT LeftHandIndexEnd
                          {
                            OFFSET 2.767823 1e-06 0.0
                            CHANNELS 3 Zrotation Yrotation Xrotation
                          }
                        }
                      }
                    }
                  }
                  JOINT LeftHandMiddle1
                  {
                    OFFSET 3.163612 0.945023 -0.406112
                    CHANNELS 3 Zrotation Yrotation Xrotation
                    JOINT LeftHandMiddle2
                    {
                      OFFSET 6.276789 3e-06 0.0
                      CHANNELS 3 Zrotation Yrotation Xrotation
                      JOINT LeftHandMiddle3
                      {
                        OFFSET 4.35652 -1e-06 4e-06
                        CHANNELS 3 Zrotation Yrotation Xrotation
                        JOINT LeftHandMiddle4
                        {
                          OFFSET 2.996877 0.0 8e-06
                          CHANNELS 3 Zrotation Yrotation Xrotation
                          JOINT LeftHandMiddleEnd
                          {
                            OFFSET 2.323256 3e-06 -4e-06
                            CHANNELS 3 Zrotation Yrotation Xrotation
                          }
                        }
                      }
                    }
                  }
                  JOINT LeftHandRing1
                  {
                    OFFSET 2.882606 -0.309162 0.107445
                    CHANNELS 3 Zrotation Yrotation Xrotation
                    JOINT LeftHandRing2
                    {
                      OFFSET 6.033198 0.0 4e-06
                      CHANNELS 3 Zrotation Yrotation Xrotation
                      JOINT LeftHandRing3
                      {
                        OFFSET 4.350578 3e-06 0.0
                        CHANNELS 3 Zrotation Yrotation Xrotation
                        JOINT LeftHandRing4
                        {
                          OFFSET 2.651321 2e-06 -7e-06
                          CHANNELS 3 Zrotation Yrotation Xrotation
                          JOINT LeftHandRingEnd
                          {
                            OFFSET 1.937663 1e-06 -4e-06
                            CHANNELS 3 Zrotation Yrotation Xrotation
                          }
                        }
                      }
                    }
                  }
                  JOINT LeftHandPinky1
                  {
                    OFFSET 2.865315 -1.525436 0.575687
                    CHANNELS 3 Zrotation Yrotation Xrotation
                    JOINT LeftHandPinky2
                    {
                      OFFSET 5.54936 1e-06 -8e-06
                      CHANNELS 3 Zrotation Yrotation Xrotation
                      JOINT LeftHandPinky3
                      {
                        OFFSET 3.070974 0.0 -4e-06
                        CHANNELS 3 Zrotation Yrotation Xrotation
                        JOINT LeftHandPinky4
                        {
                          OFFSET 1.549672 1e-06 0.0
                          CHANNELS 3 Zrotation Yrotation Xrotation
                          JOINT LeftHandPinkyEnd
                          {
                            OFFSET 1.952123 0.0 0.0
                            CHANNELS 3 Zrotation Yrotation Xrotation
                          }
                        }
                      }
                    }
                  }
                }
              }
            }
          }
          JOINT RightShoulder
          {
            OFFSET 23.161716 5.296122 -1.380114
            CHANNELS 3 Zrotation Yrotation Xrotation
            JOINT RightArm
            {
              OFFSET -16.027195 -2e-06 1.1e-05
              CHANNELS 3 Zrotation Yrotation Xrotation
              JOINT RightForeArm
              {
                OFFSET -28.736639 4e-06 2e-06
                CHANNELS 3 Zrotation Yrotation Xrotation
                JOINT RightHand
                {
                  OFFSET -27.133619 6e-06 0.0
                  CHANNELS 3 Zrotation Yrotation Xrotation
                  JOINT RightHandThumb1
                  {
                    OFFSET -2.274328 -3.351035 -0.83067
                    CHANNELS 3 Zrotation Yrotation Xrotation
                    JOINT RightHandThumb2
                    {
                      OFFSET -4.703594 -3e-06 2e-06
                      CHANNELS 3 Zrotation Yrotation Xrotation
                      JOINT RightHandThumb3
                      {
                        OFFSET -2.794935 -4e-06 -3e-06
                        CHANNELS 3 Zrotation Yrotation Xrotation
                        JOINT RightHandThumbEnd
                        {
                          OFFSET -3.183852 4e-06 1e-06
                          CHANNELS 3 Zrotation Yrotation Xrotation
                        }
                      }
                    }
                  }
                  JOINT RightHandIndex1
                  {
                    OFFSET -3.253496 -2.33755 -0.127667
                    CHANNELS 3 Zrotation Yrotation Xrotation
                    JOINT RightHandIndex2
                    {
                      OFFSET -6.344434 0.0 0.0
                      CHANNELS 3 Zrotation Yrotation Xrotation
                      JOINT RightHandIndex3
                      {
                        OFFSET -3.654871 0.0 -8e-06
                        CHANNELS 3 Zrotation Yrotation Xrotation
                        JOINT RightHandIndex4
                        {
                          OFFSET -2.327586 -1e-06 0.0
                          CHANNELS 3 Zrotation Yrotation Xrotation
                          JOINT RightHandIndexEnd
                          {
                            OFFSET -2.770001 3e-06 8e-06
                            CHANNELS 3 Zrotation Yrotation Xrotation
                          }
                        }
                      }
                    }
                  }
                  JOINT RightHandMiddle1
                  {
                    OFFSET -3.168223 -0.944764 0.411762
                    CHANNELS 3 Zrotation Yrotation Xrotation
                    JOINT RightHandMiddle2
                    {
                      OFFSET -6.266691 -1e-06 -4e-06
                      CHANNELS 3 Zrotation Yrotation Xrotation
                      JOINT RightHandMiddle3
                      {
                        OFFSET -4.348901 0.0 0.0
                        CHANNELS 3 Zrotation Yrotation Xrotation
                        JOINT RightHandMiddle4
                        {
                          OFFSET -3.00024 2e-06 -4e-06
                          CHANNELS 3 Zrotation Yrotation Xrotation
                          JOINT RightHandMiddleEnd
                          {
                            OFFSET -2.321477 -4e-06 -4e-06
                            CHANNELS 3 Zrotation Yrotation Xrotation
                          }
                        }
                      }
                    }
                  }
                  JOINT RightHandRing1
                  {
                    OFFSET -2.885654 0.293261 -0.119232
                    CHANNELS 3 Zrotation Yrotation Xrotation
                    JOINT RightHandRing2
                    {
                      OFFSET -6.032835 -1e-06 -4e-06
                      CHANNELS 3 Zrotation Yrotation Xrotation
                      JOINT RightHandRing3
                      {
                        OFFSET -4.33881 0.0 -4e-06
                        CHANNELS 3 Zrotation Yrotation Xrotation
                        JOINT RightHandRing4
                        {
                          OFFSET -2.654903 -4e-06 -4e-06
                          CHANNELS 3 Zrotation Yrotation Xrotation
                          JOINT RightHandRingEnd
                          {
                            OFFSET -1.935122 0.0 4e-06
                            CHANNELS 3 Zrotation Yrotation Xrotation
                          }
                        }
                      }
                    }
                  }
                  JOINT RightHandPinky1
                  {
                    OFFSET -2.866241 1.503904 -0.60527
                    CHANNELS 3 Zrotation Yrotation Xrotation
                    JOINT RightHandPinky2
                    {
                      OFFSET -5.553177 -2e-06 0.0
                      CHANNELS 3 Zrotation Yrotation Xrotation
                      JOINT RightHandPinky3
                      {
                        OFFSET -3.062664 -1e-06 -4e-06
                        CHANNELS 3 Zrotation Yrotation Xrotation
                        JOINT RightHandPinky4
                        {
                          OFFSET -1.546529 2e-06 4e-06
                          CHANNELS 3 Zrotation Yrotation Xrotation
                          JOINT RightHandPinkyEnd
                          {
                            OFFSET -1.952341 0.0 -4e-06
                            CHANNELS 3 Zrotation Yrotation Xrotation
                          }
                        }
                      }
                    }
                  }
                }
              }
            }
          }
        }
      }
    }
    JOINT LeftLeg
    {
      OFFSET -8.443107 2.567604 10.043214
      CHANNELS 3 Zrotation Yrotation Xrotation
      JOINT LeftShin
      {
        OFFSET 43.229198 1e-06 -1e-06
        CHANNELS 3 Zrotation Yrotation Xrotation
        JOINT LeftFoot
        {
          OFFSET 42.298611 1e-06 1e-06
          CHANNELS 3 Zrotation Yrotation Xrotation
          JOINT LeftToeBase
          {
            OFFSET 14.165858 1e-06 0.0
            CHANNELS 3 Zrotation Yrotation Xrotation
            JOINT LeftToeEnd
            {
              OFFSET 6.7141 -0.234461 0.0
              CHANNELS 3 Zrotation Yrotation Xrotation
            }
          }
        }
      }
    }
    JOINT RightLeg
    {
      OFFSET -8.303923 2.592729 -10.047278
      CHANNELS 3 Zrotation Yrotation Xrotation
      JOINT RightShin
      {
        OFFSET -43.369682 0.0 1e-06
        CHANNELS 3 Zrotation Yrotation Xrotation
        JOINT RightFoot
        {
          OFFSET -42.260784 4e-06 2e-06
          CHANNELS 3 Zrotation Yrotation Xrotation
          JOINT RightToeBase
          {
            OFFSET -14.222245 -2e-06 -1e-06
            CHANNELS 3 Zrotation Yrotation Xrotation
            JOINT RightToeEnd
            {
              OFFSET -6.660062 0.232574 -2e-06
              CHANNELS 3 Zrotation Yrotation Xrotation
            }
          }
        }
      }
    }
  }
}
MOTION
Frames: 270
Frame Time: 0.03333333333333333
0.0 0.0 0.0 0.0 -0.0 0.0 -0.630849 99.724983 0.956112 91.00956 2.923626 89.993225 -3.107628 -0.568989 0.128359 -12.284307 -0.585294 0.747455 20.870646 0.08351 -1.49505 21.261126 -1.529955 2.497951 -2.61199 -0.702348 -1.107008 -36.161171 -0.971646 -1.922519 5e-06 -0.0 -0.0 0.038558 0.020658 -0.043274 0.061699 0.029203 -0.05721 0.057028 0.010913 -0.023396 -79.552635 -77.054817 93.734344 57.313122 -67.383698 -3.419407 28.870623 0.011339 0.197303 -8.580404 6.139141 2.998018 17.636627 -26.322733 52.411205 -19.46666 -14.395596 29.410389 -1e-06 -8.774821 -1e-06 16.312544 -17.938213 6.073246 -0.609777 -1.795654 -3.889326 -4.807087 -11.046809 -2.937851 6e-06 -20.976013 -2e-06 -5.019969 -25.033548 -4.031879 4e-06 1e-06 1e-06 -10.634535 -5.68697 -3.565586 10.573276 -17.922951 -3.113899 4e-06 -13.821208 0.0 -0.501776 -31.181501 -4.027012 -12.04199 -59.969818 8.047563 -13.982714 -7.150196 -2.875039 13.772731 -8.401491 -3.218242 0.347735 -34.211552 0.771655 -0.963026 -17.733372 2.621021 -1e-06 -1e-06 1e-06 -17.346416 -20.095215 -4.201784 21.757557 -1.638376 3.866429 2e-06 -6.338822 -1e-06 -1.697588 -22.591742 -6.194006 0.0 -6e-06 2e-06 43.419048 -81.328308 153.528946 52.401947 -65.132645 -19.726343 25.028278 0.088776 0.202912 -1.236081 8.53911 11.886655 22.182114 -20.375898 49.933327 -16.701811 -16.743528 28.476534 -3e-06 -12.6906 -2e-06 16.243999 -17.670155 2.636395 -0.105918 -1.513855 -4.27588 -5.03904 -5.612871 -2.953559 5e-06 -11.020523 -3e-06 -6.111295 -15.89533 -3.840472 0.0 1e-06 -0.0 -10.283369 -5.680287 -4.341838 11.028293 -11.302406 -2.372633 -1.384269 -14.238581 -6.32012 -0.625437 -26.924187 -3.827601 -3.874468 -49.627422 -3.975635 -13.708522 -7.363474 -3.720941 18.141146 -14.052738 -3.242674 7e-06 -18.787266 -0.0 -0.429712 -8.456045 2.555505 1e-06 0.0 -2e-06 -15.923532 -20.094479 -5.473585 30.419207 -7.190827 1.735926 3e-06 -8.162922 1e-06 -1.8619 -22.861469 -6.167942 1e-06 -3e-06 -1e-06 -176.759598 -1.334304 -9.70185 11.777404 -0.051308 -0.037354 -80.937248 -0.569676 -2.99184 -5.858797 1.569959 2.163198 -0.999998 0.0 0.0 1.626963 -3.293969 -13.298468 15.87158 0.031703 -0.047911 -82.976814 -3.525004 -4.897499 -6.775806 0.624102 1.615142 -1.000002 -0.0 -0.0 
0.0 0.0 0.0 0.0 -0.0 0.0 -0.590951 99.752464 0.938878 91.025566 2.921074 90.07679 -3.1068 -0.546375 0.103844 -12.264748 -0.553852 0.770009 20.86903 0.089274 -1.518944 21.24308 -1.704976 2.461307 -2.595865 -0.670312 -1.022881 -36.15654 -1.070762 -1.766441 6e-06 -0.0 0.0 0.038035 0.023737 -0.023423 0.076792 0.026418 -0.036332 0.073298 0.019806 -0.004549 -79.830177 -77.107941 94.113861 57.428791 -67.36454 -3.832009 28.830269 0.004932 0.145802 -8.418077 6.139037 2.819016 17.636623 -26.322721 52.411175 -19.466652 -14.395594 29.410378 -0.0 -8.77482 -1e-06 16.311703 -17.923538 6.061338 -0.609777 -1.795654 -3.889325 -4.807089 -11.046809 -2.937848 2e-06 -20.976011 -1e-06 -5.019972 -25.033554 -4.03188 6e-06 1e-06 1e-06 -10.634533 -5.68697 -3.565587 10.573271 -17.922947 -3.1139 3e-06 -13.821205 -0.0 -0.501775 -31.181501 -4.027017 -12.020939 -59.962185 8.043692 -13.982712 -7.150196 -2.875037 13.772726 -8.401489 -3.218241 0.347732 -34.211544 0.771653 -0.96303 -17.733366 2.621019 -1e-06 -1e-06 -0.0 -17.346415 -20.095213 -4.201779 21.757555 -1.638373 3.866427 1e-06 -6.338822 -1e-06 -1.69759 -22.59174 -6.194002 -1e-06 -6e-06 -2e-06 43.353962 -81.385689 153.743973 52.506268 -65.092743 -20.064526 24.825417 0.102572 0.191552 -1.216778 8.335906 11.675648 22.18211 -20.375895 49.933319 -16.701813 -16.743528 28.47653 -3e-06 -12.690599 -3e-06 16.287226 -17.687159 2.614984 -0.10592 -1.513855 -4.275882 -5.03904 -5.612871 -2.953557 4e-06 -11.02052 -2e-06 -6.111297 -15.895329 -3.84047 -0.0 1e-06 1e-06 -10.283367 -5.680287 -4.341839 11.028292 -11.302406 -2.372635 -1.384269 -14.238581 -6.320124 -0.625438 -26.924191 -3.8276 -3.862679 -49.727962 -3.994975 -13.708522 -7.363474 -3.720939 18.141148 -14.052738 -3.242679 8e-06 -18.78727 1e-06 -0.429711 -8.456043 2.555504 2e-06 1e-06 1e-06 -15.923532 -20.094482 -5.473585 30.419207 -7.190826 1.735924 3e-06 -8.162925 -1e-06 -1.861901 -22.861467 -6.167941 2e-06 -5e-06 -0.0 -176.578644 -1.262925 -9.6658 11.357789 -0.046018 0.006604 -80.739738 -0.542209 -3.04422 -5.866107 1.593227 2.172427 -1.0 -0.0 0.0 1.740848 -3.29592 -13.313648 15.624044 0.021913 -0.023103 -82.838959 -3.581288 -4.932996 -6.785735 0.603518 1.61185 -1.000002 1e-06 0.0 
0.0 0.0 0.0 0.0 -0.0 0.0 -0.541116 99.763039 0.924823 91.057808 2.942432 90.135941 -3.104462 -0.523855 0.093623 -12.259886 -0.530589 0.771288 20.930971 0.096047 -1.514626 21.193752 -1.942889 2.437465 -2.616896 -0.629604 -0.940156 -36.102169 -1.18969 -1.580437 5e-06 0.0 0.0 0.037075 0.02839 -0.011933 0.071104 0.021961 -0.025174 0.07248 0.033049 0.006943 -80.111778 -77.162422 94.472633 57.452942 -67.359657 -4.2241 28.868935 -0.010218 0.101003 -8.328023 6.153992 2.377086 17.636629 -26.322729 52.411201 -19.466656 -14.395596 29.410381 0.0 -8.774821 -2e-06 16.308353 -17.923988 6.052309 -0.609777 -1.795653 -3.889329 -4.80709 -11.046812 -2.937852 2e-06 -20.976015 -1e-06 -5.019972 -25.033556 -4.031885 4e-06 -0.0 2e-06 -10.634535 -5.686973 -3.565592 10.573271 -17.922947 -3.113899 2e-06 -13.821209 0.0 -0.501779 -31.181505 -4.027017 -12.036607 -59.907112 8.002381 -13.982715 -7.150199 -2.875044 13.772727 -8.401488 -3.218243 0.347729 -34.211544 0.771655 -0.963028 -17.73337 2.621017 0.0 -0.0 -0.0 -17.34642 -20.095219 -4.201783 21.757557 -1.638372 3.866428 2e-06 -6.338824 -2e-06 -1.697592 -22.591747 -6.194007 1e-06 -4e-06 -2e-06 43.064671 -81.476105 154.158798 52.603603 -65.019531 -20.32408 24.627157 0.124677 0.180185 -1.249142 8.172462 11.43574 22.182114 -20.375895 49.933319 -16.701809 -16.743528 28.476528 -2e-06 -12.690601 -3e-06 16.31617 -17.671835 2.609095 -0.105919 -1.513855 -4.27588 -5.039041 -5.612873 -2.953554 3e-06 -11.020523 -2e-06 -6.1113 -15.895332 -3.84047 1e-06 -0.0 -0.0 -10.283369 -5.680288 -4.341838 11.028292 -11.302404 -2.372631 -1.384271 -14.23858 -6.320122 -0.62544 -26.924191 -3.827601 -3.845359 -49.76704 -4.029427 -13.708527 -7.363475 -3.720936 18.14115 -14.052737 -3.242675 6e-06 -18.78727 -1e-06 -0.429712 -8.456043 2.555506 1e-06 2e-06 -1e-06 -15.923538 -20.094482 -5.473581 30.41921 -7.190823 1.735927 2e-06 -8.162925 -1e-06 -1.861903 -22.861469 -6.167941 1e-06 -6e-06 -0.0 -176.458771 -1.176344 -9.623777 11.126101 -0.046765 0.030655 -80.630722 -0.569389 -3.050705 -5.830453 1.604021 2.179294 -1.0 0.0 -0.0 1.796041 -3.34684 -13.288433 15.553813 0.023658 -0.013896 -82.79007 -3.656932 -4.997962 -6.753867 0.600327 1.611519 -1.000001 -0.0 -0.0 
0.0 0.0 0.0 0.0 -0.0 0.0 -0.47541 99.768326 0.914117 91.093727 2.968006 90.154419 -3.096614 -0.501187 0.097706 -12.259928 -0.506528 0.770916 21.002367 0.116432 -1.489819 21.11972 -2.258681 2.419634 -2.645156 -0.594151 -0.810173 -36.056103 -1.298106 -1.332378 5e-06 -0.0 0.0 0.035639 0.028908 -0.018047 0.06097 0.016807 -0.0318 0.067251 0.038651 0.001129 -80.483299 -77.221298 94.915627 57.413559 -67.364433 -4.490202 28.918201 0.006749 0.083423 -8.248051 6.19654 1.932803 17.636627 -26.322737 52.411201 -19.46666 -14.395598 29.410389 0.0 -8.774822 -4e-06 16.262083 -17.896832 6.069251 -0.609777 -1.795653 -3.889329 -4.807091 -11.046814 -2.937852 3e-06 -20.976021 -0.0 -5.019973 -25.03356 -4.03188 6e-06 -2e-06 -0.0 -10.634536 -5.686972 -3.565588 10.573275 -17.922951 -3.113899 2e-06 -13.821211 2e-06 -0.501779 -31.181505 -4.027016 -12.024761 -59.840454 7.949876 -13.982716 -7.1502 -2.875043 13.772729 -8.401492 -3.218241 0.347732 -34.211559 0.771655 -0.963031 -17.733372 2.621019 -1e-06 0.0 1e-06 -17.346422 -20.095221 -4.201783 21.757561 -1.638373 3.866426 1e-06 -6.338825 -1e-06 -1.697592 -22.591753 -6.194004 1e-06 -4e-06 -2e-06 42.723717 -81.587463 154.592621 52.690662 -64.95195 -20.475859 24.439026 0.177528 0.174956 -1.351213 7.954714 11.188375 22.182112 -20.375889 49.933308 -16.701813 -16.74353 28.47653 -2e-06 -12.690603 -4e-06 16.332052 -17.642445 2.614085 -0.105919 -1.513856 -4.275882 -5.039042 -5.612871 -2.953557 3e-06 -11.020521 -2e-06 -6.1113 -15.89533 -3.840468 0.0 -1e-06 1e-06 -10.283371 -5.68029 -4.341844 11.028296 -11.302404 -2.372632 -1.384271 -14.238582 -6.320121 -0.62544 -26.924189 -3.827601 -3.852762 -49.755283 -4.029081 -13.708526 -7.363476 -3.72094 18.141148 -14.052739 -3.242672 6e-06 -18.78727 -3e-06 -0.429711 -8.456044 2.555505 1e-06 1e-06 -1e-06 -15.923538 -20.094484 -5.473584 30.41921 -7.190825 1.735928 2e-06 -8.162922 -1e-06 -1.861902 -22.861469 -6.167945 -0.0 -5e-06 1e-06 -176.352829 -1.07829 -9.626899 10.947429 -0.04921 0.038508 -80.552155 -0.60993 -3.026001 -5.804696 1.600496 2.179001 -0.999998 0.0 0.0 1.823464 -3.425891 -13.25896 15.544935 0.028 -0.017286 -82.769035 -3.672942 -5.076525 -6.739192 0.598454 1.611088 -1.000001 1e-06 0.0 
0.0 0.0 0.0 0.0 -0.0 0.0 -0.398181 99.769028 0.908807 91.129265 2.983342 90.165344 -3.090755 -0.474243 0.109704 -12.263046 -0.481274 0.77074 21.078337 0.134766 -1.456236 20.996853 -2.62975 2.412438 -2.663146 -0.555003 -0.640661 -36.022209 -1.384979 -1.021202 5e-06 -0.0 -0.0 0.03546 0.030109 -0.021442 0.059354 0.016887 -0.03542 0.069411 0.04046 -0.002088 -80.679123 -77.283798 95.197098 57.459309 -67.38443 -4.786371 28.935944 0.038825 0.088406 -8.155377 6.225759 1.535921 17.636629 -26.322721 52.411179 -19.46666 -14.395596 29.410385 -0.0 -8.774822 -1e-06 16.183722 -17.840069 6.102582 -0.609776 -1.795653 -3.889328 -4.807088 -11.046811 -2.937851 4e-06 -20.976019 -1e-06 -5.019969 -25.03356 -4.03188 5e-06 1e-06 1e-06 -10.634533 -5.68697 -3.565585 10.573272 -17.922949 -3.1139 3e-06 -13.821209 1e-06 -0.501778 -31.181505 -4.027017 -11.984042 -59.759571 7.902349 -13.982714 -7.150198 -2.875041 13.772727 -8.401491 -3.218241 0.347733 -34.211555 0.77165 -0.963026 -17.73337 2.621017 0.0 0.0 1e-06 -17.346416 -20.095215 -4.201779 21.757557 -1.638372 3.866425 2e-06 -6.338822 -2e-06 -1.697589 -22.591745 -6.194006 1e-06 -6e-06 -1e-06 42.451599 -81.724403 154.937393 52.887115 -64.881073 -20.605824 24.235548 0.230638 0.179963 -1.484062 7.708025 10.875428 22.18211 -20.375889 49.933308 -16.701811 -16.743526 28.476524 -4e-06 -12.690597 -1e-06 16.339106 -17.622194 2.627103 -0.10592 -1.513856 -4.275881 -5.03904 -5.61287 -2.953554 5e-06 -11.02052 -1e-06 -6.111294 -15.895329 -3.840471 -0.0 0.0 -0.0 -10.283369 -5.680287 -4.341836 11.028293 -11.302402 -2.372633 -1.384269 -14.238576 -6.320119 -0.625437 -26.924185 -3.827599 -3.876088 -49.747292 -4.009263 -13.708525 -7.363475 -3.720937 18.14115 -14.052739 -3.242677 9e-06 -18.78727 -1e-06 -0.429711 -8.456045 2.555504 1e-06 0.0 -0.0 -15.923528 -20.094479 -5.473586 30.419205 -7.190827 1.735926 4e-06 -8.162925 -0.0 -1.861899 -22.861467 -6.167942 2e-06 -4e-06 -0.0 -176.293869 -0.978648 -9.640887 10.850671 -0.054744 0.035443 -80.514069 -0.64717 -2.971437 -5.791377 1.594208 2.175767 -0.999999 0.0 -0.0 1.821377 -3.522782 -13.261353 15.582235 0.031915 -0.019075 -82.772964 -3.628011 -5.169092 -6.726878 0.600693 1.611979 -1.000001 0.0 0.0 
0.0 0.0 0.0 0.0 -0.0 0.0 -0.305234 99.765709 0.906733 91.158653 2.990669 90.122108 -3.084951 -0.440478 0.12363 -12.270864 -0.451917 0.779386 21.153566 0.151349 -1.426191 20.851744 -3.058436 2.422156 -2.672227 -0.527213 -0.41433 -35.959656 -1.455482 -0.633911 6e-06 -0.0 -0.0 0.034536 0.030946 -0.026305 0.065344 0.021037 -0.039362 0.076699 0.037704 -0.007445 -80.706055 -77.32093 95.303513 57.523491 -67.433083 -4.994768 28.892958 0.086458 0.096366 -8.064916 6.156201 1.157901 17.636627 -26.322737 52.411198 -19.466656 -14.395597 29.410389 0.0 -8.774821 -2e-06 16.108604 -17.790131 6.137413 -0.609777 -1.795654 -3.889326 -4.807087 -11.046811 -2.937852 4e-06 -20.976017 -0.0 -5.019972 -25.033556 -4.031878 6e-06 1e-06 1e-06 -10.634533 -5.68697 -3.565587 10.573272 -17.922949 -3.113899 3e-06 -13.821206 -0.0 -0.501781 -31.181505 -4.027014 -11.970405 -59.689133 7.891282 -13.982714 -7.150198 -2.875041 13.772727 -8.401493 -3.21824 0.347733 -34.211555 0.771655 -0.963029 -17.73337 2.621021 0.0 0.0 1e-06 -17.34642 -20.095217 -4.201782 21.757557 -1.638374 3.866426 1e-06 -6.338824 2e-06 -1.697591 -22.591749 -6.194003 0.0 -4e-06 -1e-06 42.108009 -81.908371 155.356857 53.194386 -64.775719 -20.765551 24.073477 0.248987 0.185783 -1.670957 7.465632 10.538969 22.182114 -20.375887 49.933315 -16.701813 -16.74353 28.476528 -2e-06 -12.690603 -3e-06 16.356554 -17.611938 2.621859 -0.10592 -1.513857 -4.27588 -5.039042 -5.612871 -2.953556 4e-06 -11.020523 -4e-06 -6.1113 -15.895332 -3.84047 -0.0 -0.0 1e-06 -10.283371 -5.680289 -4.341836 11.028296 -11.302406 -2.372634 -1.384269 -14.238583 -6.320123 -0.625435 -26.924194 -3.827604 -3.873237 -49.742687 -4.024135 -13.708526 -7.363476 -3.720936 18.14115 -14.052737 -3.242677 6e-06 -18.78727 -1e-06 -0.429711 -8.456043 2.555501 1e-06 1e-06 1e-06 -15.923538 -20.094484 -5.473582 30.41921 -7.190825 1.735927 2e-06 -8.162922 -2e-06 -1.8619 -22.861469 -6.167943 0.0 -3e-06 -3e-06 -176.269531 -0.875819 -9.646913 10.825577 -0.05544 0.019003 -80.517776 -0.714529 -2.895662 -5.773158 1.592128 2.174551 -0.999999 -0.0 0.0 1.784436 -3.638406 -13.274166 15.663468 0.037981 -0.016066 -82.793503 -3.521014 -5.256397 -6.714359 0.603658 1.613036 -1.000002 1e-06 0.0 
0.0 0.0 0.0 0.0 -0.0 0.0 -0.197431 99.761597 0.910378 91.187668 3.001099 90.015556 -3.077069 -0.399565 0.130524 -12.278009 -0.4131 0.801281 21.216269 0.162455 -1.376099 20.705091 -3.572261 2.439826 -2.681167 -0.512007 -0.148781 -35.860565 -1.517561 -0.154348 6e-06 -0.0 0.0 0.033277 0.033144 -0.029806 0.07099 0.026162 -0.041864 0.085023 0.036585 -0.011427 -80.580742 -77.364014 95.232452 57.485783 -67.533936 -4.973144 28.802471 0.14404 0.105796 -8.007053 5.945587 0.743402 17.636631 -26.322733 52.411201 -19.466661 -14.395596 29.410389 -0.0 -8.774822 -2e-06 16.067165 -17.744251 6.15207 -0.609776 -1.795652 -3.889327 -4.80709 -11.046811 -2.937854 3e-06 -20.976015 1e-06 -5.019972 -25.033558 -4.031878 5e-06 -0.0 -0.0 -10.634536 -5.686972 -3.565589 10.573275 -17.922955 -3.1139 3e-06 -13.821211 -1e-06 -0.501776 -31.181511 -4.027016 -11.960127 -59.645782 7.882915 -13.982716 -7.150198 -2.875041 13.772728 -8.401491 -3.21824 0.347733 -34.211555 0.771653 -0.963028 -17.73337 2.62102 -0.0 1e-06 -0.0 -17.346422 -20.095221 -4.201784 21.757561 -1.638374 3.866426 1e-06 -6.338824 0.0 -1.697589 -22.591745 -6.194005 -1e-06 -2e-06 -0.0 41.676682 -82.144569 155.849594 53.587788 -64.669479 -20.930067 23.952278 0.232001 0.183198 -1.905357 7.233295 10.216777 22.182114 -20.375895 49.933319 -16.701813 -16.743525 28.476532 -3e-06 -12.6906 -2e-06 16.362911 -17.589113 2.610693 -0.105921 -1.513857 -4.27588 -5.03904 -5.612871 -2.953558 5e-06 -11.020525 -3e-06 -6.111296 -15.895332 -3.84047 0.0 1e-06 -0.0 -10.28337 -5.680288 -4.341839 11.028294 -11.302406 -2.372636 -1.38427 -14.238581 -6.32012 -0.625438 -26.924191 -3.827603 -3.858785 -49.728405 -4.053888 -13.708523 -7.363475 -3.720939 18.14115 -14.052739 -3.242675 6e-06 -18.787271 -0.0 -0.42971 -8.456047 2.555505 1e-06 1e-06 -0.0 -15.923536 -20.094484 -5.473584 30.419214 -7.190827 1.735927 4e-06 -8.162925 -2e-06 -1.861901 -22.861469 -6.167942 1e-06 -6e-06 -0.0 -176.216232 -0.758457 -9.685704 10.772847 -0.052272 0.005098 -80.522369 -0.809329 -2.838508 -5.760876 1.592406 2.174836 -0.999999 0.0 0.0 1.73834 -3.774317 -13.290558 15.758783 0.043972 -0.008571 -82.816566 -3.351589 -5.312706 -6.726023 0.606236 1.61335 -1.000002 -0.0 0.0 
0.0 0.0 0.0 0.0 -0.0 0.0 -0.072461 99.759583 0.926163 91.212143 3.021442 89.846062 -3.070085 -0.344834 0.134551 -12.283848 -0.367838 0.852211 21.267788 0.173319 -1.31827 20.564756 -4.17431 2.472152 -2.683847 -0.517184 0.153328 -35.699703 -1.588058 0.426933 7e-06 -0.0 0.0 0.034284 0.035173 -0.035347 0.080329 0.030336 -0.045415 0.098106 0.035945 -0.018233 -80.219116 -77.429886 94.923805 57.325813 -67.652115 -4.774255 28.674822 0.174307 0.10699 -7.979873 5.584427 0.307832 17.636631 -26.322729 52.411186 -19.466661 -14.395597 29.410389 0.0 -8.774822 -2e-06 16.047783 -17.703926 6.161355 -0.609777 -1.795654 -3.889326 -4.807089 -11.046811 -2.937851 3e-06 -20.976015 1e-06 -5.019974 -25.033556 -4.031879 7e-06 -1e-06 -0.0 -10.634535 -5.686972 -3.565585 10.573272 -17.922951 -3.1139 3e-06 -13.821206 -1e-06 -0.501777 -31.181505 -4.027017 -11.961329 -59.622574 7.872225 -13.982714 -7.150198 -2.875038 13.772731 -8.40149 -3.218244 0.347733 -34.211555 0.771653 -0.963028 -17.73337 2.621019 0.0 -1e-06 -0.0 -17.346422 -20.095221 -4.201779 21.757557 -1.638373 3.866424 2e-06 -6.338823 1e-06 -1.69759 -22.591745 -6.194002 -0.0 -3e-06 -1e-06 41.093605 -82.465004 156.495483 54.168598 -64.531242 -21.162704 23.873631 0.17152 0.169378 -2.242637 6.916134 9.951941 22.182117 -20.375896 49.933323 -16.701813 -16.743528 28.476534 -2e-06 -12.690603 -3e-06 16.36796 -17.564554 2.596107 -0.10592 -1.513857 -4.275882 -5.039042 -5.612872 -2.953557 4e-06 -11.020525 -4e-06 -6.1113 -15.895334 -3.840469 -0.0 1e-06 1e-06 -10.283372 -5.680289 -4.341838 11.028296 -11.302407 -2.372632 -1.38427 -14.238585 -6.320124 -0.625439 -26.924198 -3.827602 -3.84382 -49.706337 -4.09261 -13.708527 -7.363479 -3.720938 18.141151 -14.05274 -3.242675 7e-06 -18.787275 -1e-06 -0.42971 -8.456047 2.555502 1e-06 0.0 -0.0 -15.923539 -20.09449 -5.473584 30.419222 -7.190828 1.735928 3e-06 -8.162927 -1e-06 -1.861901 -22.861479 -6.167946 0.0 -4e-06 -0.0 -176.09407 -0.625748 -9.770686 10.634285 -0.046711 -0.002332 -80.505325 -0.938422 -2.805455 -5.731057 1.592453 2.17463 -1.0 0.0 -0.0 1.71633 -3.918834 -13.300135 15.820646 0.046551 -0.000946 -82.822418 -3.120522 -5.326698 -6.746024 0.606016 1.612291 -1.000002 0.0 0.0 
0.0 0.0 0.0 0.0 -0.0 0.0 0.058942 99.765564 0.946956 91.233849 3.051993 89.596466 -3.064776 -0.283209 0.140706 -12.288385 -0.325511 0.913997 21.311939 0.190357 -1.245269 20.418718 -4.889907 2.536622 -2.680324 -0.53115 0.519764 -35.455345 -1.687595 1.10466 6e-06 0.0 0.0 0.038364 0.037467 -0.036481 0.092788 0.034201 -0.045036 0.111851 0.036276 -0.019971 -79.529907 -77.519043 94.295448 57.033703 -67.77327 -4.415031 28.515032 0.151359 0.098035 -7.962928 5.101614 -0.13841 17.636633 -26.322741 52.411213 -19.466665 -14.395602 29.410395 -1e-06 -8.774824 -3e-06 16.050272 -17.703278 6.170223 -0.609777 -1.795655 -3.889328 -4.807088 -11.046813 -2.937855 6e-06 -20.976021 0.0 -5.01997 -25.033562 -4.031879 6e-06 1e-06 -2e-06 -10.634537 -5.686972 -3.565589 10.573277 -17.922956 -3.113898 3e-06 -13.821213 -0.0 -0.501777 -31.181511 -4.027016 -11.99506 -59.603611 7.884903 -13.982718 -7.150198 -2.875044 13.772734 -8.401495 -3.218243 0.347738 -34.211559 0.771654 -0.963028 -17.733376 2.621022 0.0 1e-06 -1e-06 -17.346426 -20.095224 -4.201786 21.757566 -1.638376 3.866428 1e-06 -6.338825 -0.0 -1.697587 -22.591751 -6.194009 -1e-06 -5e-06 -1e-06 40.394062 -82.900238 157.258789 54.988285 -64.299294 -21.405548 23.903255 0.026526 0.13577 -2.69742 6.47912 9.75395 22.182114 -20.375898 49.933327 -16.701807 -16.743528 28.476532 -2e-06 -12.6906 -2e-06 16.370131 -17.5296 2.579684 -0.10592 -1.513855 -4.275879 -5.039041 -5.612869 -2.953555 4e-06 -11.020521 -3e-06 -6.111296 -15.89533 -3.840472 -0.0 1e-06 1e-06 -10.283369 -5.680287 -4.341836 11.028294 -11.302402 -2.372633 -1.38427 -14.238577 -6.32012 -0.625437 -26.924183 -3.8276 -3.82237 -49.678661 -4.142518 -13.708523 -7.363475 -3.720942 18.141148 -14.052735 -3.242675 4e-06 -18.787268 3e-06 -0.429713 -8.456042 2.555503 3e-06 -1e-06 1e-06 -15.923531 -20.094477 -5.473586 30.419205 -7.190823 1.735926 2e-06 -8.162921 1e-06 -1.861904 -22.861464 -6.167938 -0.0 -5e-06 -0.0 -175.848114 -0.469136 -9.914179 10.292754 -0.040603 -0.010081 -80.4104 -1.088456 -2.780863 -5.699025 1.594794 2.175567 -0.999998 0.0 -0.0 1.728539 -4.060736 -13.270429 15.809786 0.047215 0.004626 -82.786842 -2.8348 -5.327272 -6.751814 0.604291 1.611554 -1.0 -0.0 0.0 
0.0 0.0 0.0 0.0 -0.0 0.0 0.186706 99.781509 0.968811 91.252518 3.082091 89.227676 -3.070979 -0.213146 0.143641 -12.292282 -0.2878 0.979824 21.347885 0.20382 -1.151999 20.26683 -5.741735 2.625879 -2.680332 -0.543435 0.981123 -35.09993 -1.800061 1.890592 7e-06 0.0 -0.0 0.040468 0.040889 -0.033938 0.104603 0.03989 -0.040744 0.123067 0.037151 -0.018236 -78.45105 -77.619934 93.248917 56.567684 -67.91964 -3.895897 28.312826 0.075595 0.084502 -8.002174 4.478824 -0.548863 17.636627 -26.322733 52.411205 -19.466663 -14.395598 29.410389 -1e-06 -8.774822 -1e-06 16.097784 -17.727903 6.173547 -0.609776 -1.795654 -3.889326 -4.807088 -11.04681 -2.937852 5e-06 -20.976017 0.0 -5.019969 -25.033556 -4.031882 4e-06 0.0 1e-06 -10.634533 -5.686971 -3.565588 10.573275 -17.922951 -3.1139 2e-06 -13.821209 -1e-06 -0.501775 -31.181505 -4.027017 -12.056516 -59.615704 7.943396 -13.982714 -7.150198 -2.875041 13.772728 -8.401491 -3.218242 0.347734 -34.211555 0.771655 -0.963029 -17.733368 2.621021 1e-06 1e-06 -1e-06 -17.346416 -20.095217 -4.201785 21.757557 -1.638375 3.866428 1e-06 -6.338823 0.0 -1.697589 -22.591743 -6.194005 1e-06 -4e-06 -2e-06 39.687813 -83.46769 158.001419 56.098549 -63.934589 -21.453983 24.185194 -0.149264 0.091022 -3.275192 5.886537 9.598616 22.182108 -20.375895 49.933308 -16.701811 -16.74353 28.47653 -4e-06 -12.690601 -1e-06 16.365477 -17.48624 2.568221 -0.105917 -1.513854 -4.275878 -5.03904 -5.61287 -2.953553 4e-06 -11.02052 -1e-06 -6.111298 -15.89533 -3.84047 -0.0 0.0 -0.0 -10.283367 -5.680285 -4.341836 11.028294 -11.302402 -2.372635 -1.384271 -14.238577 -6.320116 -0.62544 -26.924183 -3.8276 -3.808745 -49.650883 -4.180348 -13.708524 -7.363475 -3.720936 18.141148 -14.052736 -3.242675 5e-06 -18.787266 1e-06 -0.429712 -8.456045 2.555504 1e-06 0.0 -0.0 -15.923534 -20.094482 -5.473581 30.41921 -7.190825 1.735923 2e-06 -8.162924 -1e-06 -1.861902 -22.861469 -6.167941 -1e-06 -4e-06 -0.0 -175.465439 -0.28801 -10.149725 9.700616 -0.034245 -0.021972 -80.211258 -1.244059 -2.752074 -5.68315 1.595907 2.175573 -1.0 0.0 0.0 1.750428 -4.194286 -13.171731 15.730696 0.045038 0.012226 -82.705086 -2.509292 -5.330655 -6.751339 0.604672 1.610987 -1.000002 1e-06 -0.0 
0.0 0.0 0.0 0.0 -0.0 0.0 0.315759 99.805725 0.982806 91.270706 3.109023 88.699081 -3.088339 -0.126334 0.149779 -12.289966 -0.256265 1.060168 21.369434 0.198323 -1.031288 20.093626 -6.744631 2.711163 -2.679655 -0.544747 1.566002 -34.617195 -1.936474 2.819214 6e-06 -0.0 0.0 0.044212 0.04459 -0.031398 0.116081 0.046561 -0.03735 0.135547 0.037401 -0.015784 -76.74247 -77.747437 91.547775 55.952633 -68.046181 -3.227713 28.041651 -0.019383 0.081048 -8.168659 3.58381 -1.03816 17.636625 -26.322729 52.411201 -19.466658 -14.395598 29.410389 0.0 -8.774822 -2e-06 16.19599 -17.747795 6.15278 -0.609777 -1.795654 -3.889328 -4.80709 -11.04681 -2.937852 3e-06 -20.976015 -2e-06 -5.019971 -25.033556 -4.031879 4e-06 0.0 0.0 -10.634535 -5.686971 -3.565588 10.573272 -17.922947 -3.113901 2e-06 -13.821206 -0.0 -0.501778 -31.181505 -4.02702 -12.119677 -59.65419 8.015559 -13.982714 -7.150199 -2.87504 13.772729 -8.40149 -3.218244 0.34773 -34.211552 0.771653 -0.963029 -17.73337 2.621018 0.0 -1e-06 -1e-06 -17.346422 -20.095221 -4.201782 21.757561 -1.638373 3.866429 1e-06 -6.338824 -1e-06 -1.697592 -22.591743 -6.194009 0.0 -4e-06 0.0 39.2481 -84.220024 158.424484 57.589336 -63.375237 -21.276562 25.047329 -0.362408 0.03671 -3.98825 5.118677 9.474333 22.182114 -20.375895 49.933319 -16.701811 -16.74353 28.47653 -3e-06 -12.690601 1e-06 16.35463 -17.44603 2.568936 -0.10592 -1.513857 -4.27588 -5.039039 -5.61287 -2.953555 3e-06 -11.02052 -1e-06 -6.111298 -15.89533 -3.840468 1e-06 0.0 -1e-06 -10.28337 -5.680288 -4.341838 11.028294 -11.302402 -2.372633 -1.384272 -14.238579 -6.320119 -0.62544 -26.924185 -3.827602 -3.826389 -49.652588 -4.184031 -13.708523 -7.363474 -3.720939 18.141146 -14.052739 -3.242673 6e-06 -18.787268 -0.0 -0.429712 -8.456041 2.555504 1e-06 -1e-06 2e-06 -15.923536 -20.094481 -5.473581 30.41921 -7.190823 1.735924 3e-06 -8.162922 -2e-06 -1.861904 -22.861467 -6.167938 1e-06 -2e-06 -1e-06 -174.961151 -0.075184 -10.539845 8.880359 -0.029145 -0.029183 -79.90551 -1.3968 -2.710137 -5.684489 1.601207 2.17386 -0.999998 0.0 0.0 1.745726 -4.33802 -13.019403 15.62614 0.040042 0.026232 -82.586693 -2.110266 -5.327538 -6.76803 0.611681 1.610628 -1.000001 -1e-06 0.0 
0.0 0.0 0.0 0.0 -0.0 0.0 0.426589 99.832924 0.985342 91.28231 3.126026 88.035683 -3.103515 -0.026898 0.16179 -12.28406 -0.227744 1.16014 21.367794 0.154072 -0.904811 19.908382 -7.814314 2.777182 -2.681686 -0.517765 2.220389 -34.050571 -2.078219 3.882356 6e-06 1e-06 1e-06 0.049138 0.048146 -0.027205 0.119846 0.052562 -0.033474 0.139737 0.037993 -0.010774 -74.317635 -77.914528 89.111938 55.119968 -68.064209 -2.459855 27.756325 -0.075134 0.095736 -8.487344 2.432682 -1.926162 17.636625 -26.322725 52.411182 -19.466656 -14.395596 29.410378 -1e-06 -8.774819 -0.0 16.335125 -17.739769 6.093355 -0.609776 -1.795653 -3.889325 -4.807087 -11.04681 -2.937852 4e-06 -20.976015 2e-06 -5.019972 -25.033556 -4.031879 5e-06 1e-06 -0.0 -10.634531 -5.686968 -3.565588 10.57327 -17.922945 -3.113897 2e-06 -13.821203 -0.0 -0.501776 -31.181498 -4.027017 -12.189691 -59.694084 8.088443 -13.982711 -7.150196 -2.87504 13.772726 -8.401489 -3.218243 0.347733 -34.211544 0.771653 -0.963028 -17.733368 2.621021 1e-06 0.0 -1e-06 -17.346415 -20.095211 -4.201777 21.757555 -1.638375 3.866425 1e-06 -6.338822 0.0 -1.697592 -22.591742 -6.194004 -0.0 -4e-06 -0.0 39.391953 -85.179924 158.193573 59.433514 -62.536331 -20.75399 27.034475 -0.578599 -0.017589 -4.665068 4.333712 9.294538 22.182119 -20.375895 49.933311 -16.701813 -16.743525 28.476526 -3e-06 -12.6906 -1e-06 16.322659 -17.444185 2.58317 -0.105918 -1.513855 -4.275878 -5.039041 -5.612871 -2.953552 5e-06 -11.020525 -1e-06 -6.111297 -15.895334 -3.840472 -0.0 1e-06 -3e-06 -10.283369 -5.680288 -4.341835 11.028294 -11.302406 -2.372632 -1.38427 -14.238581 -6.320121 -0.625439 -26.924194 -3.827601 -3.897101 -49.678902 -4.166719 -13.708524 -7.363476 -3.720937 18.14115 -14.052739 -3.242677 7e-06 -18.787271 -4e-06 -0.429713 -8.456044 2.555506 3e-06 1e-06 0.0 -15.923536 -20.094484 -5.473581 30.41921 -7.190826 1.735926 2e-06 -8.162925 -1e-06 -1.861899 -22.861473 -6.167945 -1e-06 -4e-06 -3e-06 -174.43364 0.142647 -11.025819 7.999133 -0.029059 -0.035325 -79.549637 -1.559547 -2.668258 -5.749396 1.613303 2.172746 -0.999999 1e-06 0.0 1.686534 -4.472334 -12.773849 15.541304 0.041162 0.041305 -82.456367 -1.716913 -5.304091 -6.843326 0.62003 1.608002 -1.000001 -1e-06 -0.0 
0.0 0.0 0.0 0.0 -0.0 0.0 0.501902 99.867493 0.968924 91.29538 3.117828 87.34922 -3.117074 0.054562 0.174787 -12.27717 -0.190479 1.296335 21.362085 0.061817 -0.802463 19.712217 -8.822399 2.800639 -2.689732 -0.460578 2.901942 -33.536537 -2.202389 4.928494 7e-06 -1e-06 -0.0 0.050237 0.051129 -0.019405 0.104406 0.061376 -0.026287 0.124089 0.034764 -0.00216 -71.323639 -78.118835 86.086418 54.004154 -67.786209 -1.790866 27.604086 -0.08351 0.098769 -8.956964 1.157359 -3.296873 17.636629 -26.322737 52.411194 -19.466658 -14.3956 29.410385 -2e-06 -8.774821 -1e-06 16.478933 -17.700134 6.001769 -0.609776 -1.795654 -3.889327 -4.807087 -11.046809 -2.93785 5e-06 -20.976015 3e-06 -5.019969 -25.033556 -4.031878 5e-06 1e-06 1e-06 -10.634533 -5.686969 -3.565588 10.573277 -17.922951 -3.1139 4e-06 -13.821209 3e-06 -0.501775 -31.181505 -4.027013 -12.227368 -59.705601 8.122002 -13.982712 -7.150196 -2.875042 13.772731 -8.401493 -3.21824 0.347736 -34.211552 0.771658 -0.963028 -17.73337 2.621022 2e-06 -0.0 -0.0 -17.346415 -20.095215 -4.201781 21.757557 -1.638378 3.866426 2e-06 -6.338824 1e-06 -1.697587 -22.591743 -6.194004 0.0 -4e-06 -2e-06 40.614014 -86.26461 156.774597 61.323742 -61.309097 -19.712135 30.769606 -0.775293 -0.068866 -4.899459 3.805585 8.665031 22.182119 -20.375895 49.933311 -16.701811 -16.743528 28.476528 -4e-06 -12.690601 -3e-06 16.252148 -17.512566 2.614215 -0.105918 -1.513855 -4.27588 -5.039041 -5.612871 -2.953555 5e-06 -11.020521 -1e-06 -6.111296 -15.89533 -3.840473 1e-06 0.0 -1e-06 -10.28337 -5.680288 -4.341839 11.028293 -11.302404 -2.372633 -1.384269 -14.238581 -6.320122 -0.62544 -26.924191 -3.827601 -4.016226 -49.672169 -4.146241 -13.70852 -7.363474 -3.720939 18.14115 -14.052739 -3.242676 9e-06 -18.787266 -4e-06 -0.429713 -8.456042 2.555506 1e-06 -1e-06 -1e-06 -15.923532 -20.094482 -5.473586 30.41921 -7.190827 1.735926 3e-06 -8.162925 -3e-06 -1.861897 -22.861473 -6.167942 -2e-06 -2e-06 0.0 -173.93631 0.352031 -11.503051 7.092122 -0.031735 -0.044041 -79.125854 -1.716298 -2.629765 -5.857734 1.60943 2.166497 -0.999999 0.0 -0.0 1.591934 -4.57864 -12.489038 15.432425 0.046049 0.052079 -82.30069 -1.372955 -5.249038 -6.980663 0.634484 1.603902 -1.000002 1e-06 0.0 
0.0 0.0 0.0 0.0 -0.0 0.0 0.535501 99.899933 0.925055 91.311073 3.06014 86.722595 -3.137035 0.095714 0.194941 -12.28659 -0.144068 1.474983 21.371265 -0.07846 -0.715217 19.471846 -9.648969 2.770579 -2.71451 -0.408244 3.591838 -33.061069 -2.292146 5.801654 6e-06 -0.0 -0.0 0.040214 0.056282 -0.00578 0.064637 0.076284 -0.012836 0.08312 0.03004 0.011946 -68.224953 -78.32798 82.930214 52.432304 -67.003487 -1.37355 27.915758 -0.081517 0.068673 -9.527047 0.027784 -5.078318 17.636629 -26.322731 52.411201 -19.466663 -14.395598 29.410389 -1e-06 -8.774822 -1e-06 16.563217 -17.610176 5.919422 -0.609777 -1.795654 -3.889325 -4.80709 -11.046811 -2.937851 3e-06 -20.976015 -0.0 -5.01997 -25.033556 -4.031883 5e-06 2e-06 2e-06 -10.634536 -5.686972 -3.565583 10.573274 -17.922947 -3.1139 2e-06 -13.821206 0.0 -0.501777 -31.181505 -4.02702 -12.24377 -59.681736 8.125197 -13.982716 -7.150198 -2.875037 13.772731 -8.401492 -3.218242 0.347731 -34.211555 0.771656 -0.963031 -17.733372 2.621019 -0.0 1e-06 1e-06 -17.346422 -20.095221 -4.201782 21.757559 -1.638373 3.866428 2e-06 -6.338824 -2e-06 -1.697592 -22.591747 -6.194004 1e-06 -3e-06 -1e-06 42.679508 -87.38723 154.413559 63.103348 -59.563034 -18.363731 36.512817 -0.89507 -0.125629 -4.367805 3.69224 7.783893 22.182117 -20.375898 49.933327 -16.701817 -16.743528 28.476532 -3e-06 -12.6906 -2e-06 16.207129 -17.674166 2.643056 -0.10592 -1.513856 -4.275883 -5.039042 -5.612875 -2.953553 5e-06 -11.020523 -2e-06 -6.111296 -15.895334 -3.840474 0.0 -0.0 -0.0 -10.283371 -5.680288 -4.34184 11.028293 -11.302407 -2.37263 -1.384268 -14.238583 -6.320125 -0.625436 -26.924194 -3.827604 -4.173779 -49.642223 -4.105055 -13.708526 -7.363475 -3.720941 18.141151 -14.052742 -3.242674 7e-06 -18.78727 -4e-06 -0.429711 -8.456045 2.555506 1e-06 -1e-06 -1e-06 -15.923536 -20.09449 -5.473586 30.41921 -7.190827 1.735925 2e-06 -8.162925 -3e-06 -1.861901 -22.861471 -6.167944 -1e-06 -3e-06 -0.0 -173.646149 0.50974 -11.92148 6.432526 -0.035166 -0.054543 -78.767303 -1.850057 -2.592777 -5.957331 1.583462 2.153939 -0.999999 0.0 0.0 1.400978 -4.655994 -12.235581 15.393669 0.046261 0.065113 -82.170219 -1.090839 -5.177646 -7.12914 0.64357 1.599401 -1.000003 1e-06 0.0 
0.0 0.0 0.0 0.0 -0.0 0.0 0.522934 99.922668 0.851285 91.330826 2.977566 86.262909 -3.136688 0.094634 0.222486 -12.307112 -0.111472 1.654513 21.383181 -0.25571 -0.590877 19.19957 -10.188344 2.713765 -2.724758 -0.382806 4.206223 -32.593884 -2.336657 6.440724 6e-06 -0.0 1e-06 0.023561 0.061794 0.011991 0.01651 0.095372 0.00612 0.034644 0.02172 0.028147 -65.583618 -78.522972 80.205154 50.539864 -65.655266 -1.637881 29.052948 -0.072979 0.028599 -10.00661 -0.718723 -7.268461 17.636623 -26.322731 52.411194 -19.466658 -14.395598 29.410385 -0.0 -8.774822 -2e-06 16.57769 -17.534958 5.853263 -0.609777 -1.795653 -3.889329 -4.807087 -11.046808 -2.93785 4e-06 -20.976013 1e-06 -5.019969 -25.033552 -4.031879 5e-06 -2e-06 -1e-06 -10.634533 -5.686969 -3.565585 10.573272 -17.922947 -3.1139 3e-06 -13.821205 1e-06 -0.501779 -31.181498 -4.027015 -12.223635 -59.637196 8.042989 -13.982712 -7.150195 -2.875041 13.772727 -8.40149 -3.218241 0.347736 -34.211544 0.771653 -0.963029 -17.73337 2.621021 -1e-06 -0.0 -0.0 -17.346416 -20.095213 -4.201781 21.757557 -1.638375 3.866426 2e-06 -6.338823 -1e-06 -1.697589 -22.591743 -6.194005 0.0 -3e-06 -1e-06 44.32373 -88.517738 152.335205 64.817146 -57.396183 -17.353449 43.766273 -0.907135 -0.13672 -3.184586 3.527006 6.97765 22.18211 -20.375891 49.933319 -16.701817 -16.74353 28.47653 -2e-06 -12.690601 0.0 16.298603 -17.870018 2.623747 -0.10592 -1.513857 -4.275882 -5.039043 -5.612872 -2.953555 4e-06 -11.020523 -2e-06 -6.111296 -15.895332 -3.840472 0.0 1e-06 -1e-06 -10.283369 -5.680288 -4.341839 11.028292 -11.302406 -2.372633 -1.384268 -14.238581 -6.320123 -0.625438 -26.924191 -3.827601 -4.344832 -49.689835 -4.014829 -13.708525 -7.363478 -3.720939 18.14115 -14.052739 -3.242675 7e-06 -18.78727 -2e-06 -0.429712 -8.456043 2.555504 1e-06 -1e-06 0.0 -15.923536 -20.094484 -5.473584 30.41921 -7.190825 1.735922 4e-06 -8.162927 0.0 -1.861903 -22.861473 -6.167943 -1e-06 -3e-06 -1e-06 -173.581451 0.59296 -12.213034 6.094672 -0.033094 -0.071766 -78.540283 -1.953456 -2.596701 -5.986939 1.548225 2.138648 -1.0 0.0 -0.0 1.146508 -4.71092 -12.124275 15.45893 0.048353 0.072279 -82.095413 -0.868224 -5.116825 -7.215213 0.642831 1.596395 -1.000002 -0.0 0.0 
0.0 0.0 0.0 0.0 -0.0 0.0 0.467979 99.93737 0.749108 91.32338 2.907731 86.036469 -3.104353 0.074895 0.261855 -12.318825 -0.087611 1.85182 21.400517 -0.438421 -0.434639 18.944229 -10.449738 2.661079 -2.729843 -0.377365 4.627271 -32.12471 -2.323697 6.829389 6e-06 -0.0 -0.0 0.006193 0.066772 0.027858 -0.027896 0.112243 0.025069 -0.005866 0.014108 0.039576 -64.144012 -78.698051 78.641144 48.601234 -63.759933 -2.893583 31.223923 -0.013666 0.008735 -10.0724 -1.150585 -10.06565 17.636629 -26.322729 52.411194 -19.466658 -14.395597 29.410389 -1e-06 -8.774821 -1e-06 16.537666 -17.541595 5.851414 -0.609776 -1.795653 -3.889327 -4.807088 -11.046809 -2.93785 4e-06 -20.976019 3e-06 -5.01997 -25.033556 -4.03188 5e-06 1e-06 1e-06 -10.634534 -5.686969 -3.565585 10.573275 -17.922951 -3.113901 2e-06 -13.821209 2e-06 -0.501779 -31.181505 -4.027014 -12.18936 -59.69582 7.941434 -13.982714 -7.150198 -2.875042 13.77273 -8.401492 -3.218242 0.347732 -34.211555 0.771657 -0.96303 -17.73337 2.621021 0.0 -0.0 -1e-06 -17.346416 -20.095217 -4.20178 21.757555 -1.638374 3.866428 1e-06 -6.338824 3e-06 -1.69759 -22.591738 -6.194004 -0.0 -6e-06 -2e-06 26.938908 -89.647232 169.175079 66.978401 -54.925182 -17.392897 51.277416 -0.621182 -0.069088 -1.402077 2.766691 5.561473 22.182112 -20.375898 49.933319 -16.701815 -16.743528 28.476534 -3e-06 -12.690603 -2e-06 16.459942 -18.017179 2.602211 -0.105919 -1.513855 -4.275881 -5.039039 -5.612873 -2.953556 3e-06 -11.020527 -2e-06 -6.111294 -15.895336 -3.840471 1e-06 -1e-06 -0.0 -10.283372 -5.680285 -4.341837 11.028294 -11.302404 -2.372633 -1.384268 -14.238581 -6.32012 -0.625437 -26.924189 -3.827599 -4.522473 -49.951336 -3.816465 -13.708522 -7.363476 -3.720939 18.141151 -14.052741 -3.242677 8e-06 -18.787271 -3e-06 -0.429712 -8.456045 2.555503 2e-06 -0.0 0.0 -15.923532 -20.094482 -5.473584 30.419214 -7.190827 1.735923 3e-06 -8.162928 -1e-06 -1.861903 -22.861471 -6.167942 -0.0 -3e-06 -0.0 -173.651306 0.550191 -12.345667 6.042705 -0.029929 -0.080787 -78.453079 -2.000926 -2.698729 -5.980374 1.527418 2.129911 -0.999998 -0.0 0.0 0.941346 -4.705246 -12.210777 15.515827 0.058299 0.073216 -82.032906 -0.694625 -5.087407 -7.207127 0.631552 1.596055 -1.000003 1e-06 0.0 
0.0 0.0 0.0 0.0 -0.0 0.0 0.367859 99.938385 0.638841 91.272606 2.854261 86.114418 -3.068352 0.054526 0.320763 -12.308931 -0.055111 2.09301 21.43627 -0.59261 -0.216973 18.712227 -10.482891 2.614084 -2.746737 -0.368506 4.783188 -31.580698 -2.267462 6.908776 5e-06 -0.0 -1e-06 -0.00392 0.070863 0.030258 -0.051749 0.121977 0.031569 -0.02057 0.011353 0.03613 -64.820724 -78.84903 79.120399 47.104431 -61.371353 -5.281591 34.39727 -0.005696 0.008749 -9.556424 -1.370267 -13.389204 17.636625 -26.322723 52.411182 -19.466661 -14.395597 29.410385 -1e-06 -8.774821 -1e-06 16.405697 -17.59446 5.955296 -0.609777 -1.795654 -3.889326 -4.807088 -11.046808 -2.93785 5e-06 -20.976011 1e-06 -5.019969 -25.033556 -4.031882 6e-06 -0.0 -0.0 -10.634533 -5.686968 -3.565585 10.573272 -17.922947 -3.113901 1e-06 -13.821204 3e-06 -0.501777 -31.181498 -4.027014 -12.148306 -59.82711 7.914449 -13.982713 -7.150197 -2.875041 13.772729 -8.401489 -3.218243 0.347735 -34.211536 0.771654 -0.963028 -17.733368 2.621016 -0.0 2e-06 1e-06 -17.346416 -20.095213 -4.20178 21.757557 -1.638376 3.866429 1e-06 -6.338823 2e-06 -1.697588 -22.59174 -6.194008 1e-06 -3e-06 -2e-06 -99.414879 -89.150276 -65.071709 69.716278 -52.421543 -19.120018 57.649372 -0.153959 -0.006706 0.915732 1.710671 2.732367 22.182116 -20.375879 49.933315 -16.701811 -16.743528 28.47653 -1e-06 -12.690601 0.0 16.53458 -17.976267 2.654479 -0.105917 -1.513855 -4.275882 -5.03904 -5.612872 -2.953557 1e-06 -11.020521 -4e-06 -6.111298 -15.895334 -3.840472 -1e-06 1e-06 0.0 -10.283369 -5.680288 -4.341839 11.028292 -11.302405 -2.372633 -1.384267 -14.238583 -6.320124 -0.625439 -26.924191 -3.827604 -4.656569 -50.445972 -3.491212 -13.708524 -7.363477 -3.72094 18.141146 -14.052738 -3.242675 6e-06 -18.787266 -4e-06 -0.42971 -8.456041 2.555502 -2e-06 -0.0 -0.0 -15.923536 -20.094486 -5.473586 30.41921 -7.190824 1.735927 3e-06 -8.162922 -2e-06 -1.861899 -22.861467 -6.167946 1e-06 -3e-06 -1e-06 -173.951019 0.380113 -12.324439 6.377663 -0.030005 -0.08341 -78.572792 -1.95225 -2.825886 -5.968056 1.533677 2.131238 -0.999998 -0.0 0.0 0.822684 -4.614592 -12.515041 15.553567 0.073045 0.082073 -81.999977 -0.630017 -5.08501 -7.144316 0.615316 1.598431 -1.000001 1e-06 -0.0 
0.0 0.0 0.0 0.0 -0.0 0.0 0.236515 99.91407 0.541233 91.208244 2.798511 86.574257 -3.052539 0.012733 0.386145 -12.264271 -0.005619 2.37445 21.45525 -0.713246 0.086021 18.493582 -10.376019 2.589913 -2.768367 -0.344437 4.677622 -30.915571 -2.16631 6.657753 6e-06 -1e-06 -0.0 -0.008957 0.074067 0.021107 -0.059985 0.131403 0.027479 -0.016116 0.006959 0.021184 -67.672569 -78.927208 81.674576 46.543613 -58.667679 -8.916263 38.192383 -0.090943 0.084586 -8.578938 -1.472642 -17.203518 17.636631 -26.322727 52.411179 -19.46666 -14.395592 29.410385 -0.0 -8.774821 -2e-06 16.241177 -17.65229 6.103429 -0.609777 -1.795654 -3.889328 -4.807091 -11.046811 -2.937847 5e-06 -20.976015 -0.0 -5.019971 -25.033558 -4.031882 5e-06 -1e-06 0.0 -10.634534 -5.686971 -3.565588 10.573272 -17.922951 -3.1139 3e-06 -13.821209 2e-06 -0.501777 -31.181505 -4.027018 -12.184353 -59.928825 8.000956 -13.982715 -7.150198 -2.875042 13.772731 -8.40149 -3.21824 0.347733 -34.211544 0.771655 -0.963026 -17.733368 2.621021 0.0 1e-06 -1e-06 -17.346416 -20.095217 -4.201783 21.757557 -1.638374 3.866429 0.0 -6.338823 1e-06 -1.697589 -22.591743 -6.194008 -0.0 -2e-06 -1e-06 -95.282631 -88.097313 -69.795822 72.828026 -50.128471 -22.730221 62.170567 0.243952 -0.007357 3.506193 1.163389 -1.50943 22.182117 -20.375898 49.933323 -16.701817 -16.74353 28.476536 -3e-06 -12.690605 1e-06 16.435785 -17.725958 2.799898 -0.105918 -1.513857 -4.275881 -5.039042 -5.612869 -2.953558 6e-06 -11.020524 -3e-06 -6.111298 -15.895332 -3.840472 0.0 -2e-06 1e-06 -10.283369 -5.680284 -4.341841 11.028296 -11.302412 -2.372633 -1.384268 -14.238581 -6.320122 -0.625439 -26.924192 -3.827601 -4.728642 -50.889317 -3.10971 -13.708527 -7.363474 -3.72094 18.14115 -14.052741 -3.242675 8e-06 -18.78727 -3e-06 -0.429711 -8.456045 2.555504 1e-06 0.0 -0.0 -15.923532 -20.094484 -5.473587 30.419222 -7.19083 1.735923 3e-06 -8.162927 -1e-06 -1.861904 -22.861475 -6.167942 1e-06 -3e-06 -1e-06 -174.578156 0.072211 -12.113809 7.331769 -0.032738 -0.08393 -78.998817 -1.775324 -2.975144 -5.977196 1.566985 2.143202 -0.999999 -0.0 0.0 0.726383 -4.479151 -13.003963 15.706251 0.080621 0.108511 -82.082512 -0.761507 -5.112616 -7.068098 0.596582 1.600114 -1.000002 1e-06 0.0 
0.0 0.0 0.0 0.0 -0.0 0.0 0.084835 99.88105 0.460425 91.17308 2.757779 87.383957 -3.042066 -0.083274 0.432041 -12.208776 0.060026 2.692143 21.462765 -0.804551 0.463636 18.339785 -10.228799 2.583532 -2.786633 -0.299911 4.417881 -30.179543 -2.075013 6.152492 6e-06 1e-06 1e-06 -0.014263 0.077374 0.015551 -0.062742 0.146044 0.027202 -0.006606 -0.002202 0.010697 -71.306534 -78.834007 84.808739 47.272995 -56.115437 -14.154031 41.99321 -0.187922 0.227973 -7.46741 -1.26774 -21.349138 17.636633 -26.322733 52.411201 -19.466665 -14.395602 29.410395 -0.0 -8.774823 -1e-06 16.145872 -17.739208 6.271627 -0.609779 -1.795653 -3.889327 -4.807088 -11.046811 -2.93785 4e-06 -20.976017 -1e-06 -5.019969 -25.03356 -4.031883 5e-06 1e-06 1e-06 -10.634535 -5.686969 -3.565587 10.573274 -17.922949 -3.113898 1e-06 -13.821209 -0.0 -0.501781 -31.181505 -4.027012 -12.290055 -60.033218 8.165186 -13.982718 -7.150197 -2.875042 13.772732 -8.401491 -3.21824 0.347734 -34.211552 0.771658 -0.963031 -17.73337 2.621021 0.0 1e-06 0.0 -17.346422 -20.095217 -4.201782 21.757561 -1.638374 3.866429 2e-06 -6.338821 0.0 -1.697588 -22.591745 -6.194006 -1e-06 -4e-06 -2e-06 -87.24942 -86.960495 -78.370926 76.24881 -48.168079 -28.274729 64.414688 0.509344 -0.08582 5.962125 1.544351 -6.444792 22.182116 -20.375891 49.933323 -16.701809 -16.743528 28.476528 -3e-06 -12.690601 -1e-06 16.212456 -17.432362 2.957762 -0.10592 -1.513855 -4.275882 -5.039041 -5.612871 -2.953557 3e-06 -11.020523 -2e-06 -6.111298 -15.89533 -3.840472 0.0 -0.0 0.0 -10.283371 -5.680285 -4.341839 11.028296 -11.302409 -2.372633 -1.384269 -14.238579 -6.320122 -0.625438 -26.924187 -3.827603 -4.69748 -50.967716 -2.864466 -13.708526 -7.363472 -3.720942 18.141148 -14.052742 -3.242674 5e-06 -18.787268 -2e-06 -0.429712 -8.456042 2.555503 0.0 -0.0 0.0 -15.923536 -20.094484 -5.473587 30.41921 -7.190827 1.735928 2e-06 -8.162927 -1e-06 -1.861902 -22.861469 -6.167942 -0.0 -2e-06 -1e-06 -175.366837 -0.262364 -11.672472 8.589611 -0.038567 -0.084645 -79.494049 -1.511399 -3.065506 -6.034209 1.621328 2.164885 -0.999999 -0.0 0.0 0.704732 -4.333432 -13.57816 15.876116 0.076662 0.131035 -82.227188 -1.118992 -5.172056 -7.003963 0.586619 1.601891 -1.000002 0.0 -0.0 
0.0 0.0 0.0 0.0 -0.0 0.0 -0.07616 99.863571 0.393096 91.202927 2.733348 88.483719 -3.031116 -0.225161 0.475014 -12.160559 0.143037 3.044268 21.46558 -0.892411 0.856428 18.29228 -10.123597 2.537684 -2.805863 -0.265933 4.139377 -29.46158 -2.02752 5.483641 6e-06 0.0 1e-06 -0.01752 0.080458 0.016213 -0.058685 0.162389 0.032272 0.005951 -0.01329 0.007451 -73.803513 -78.556885 86.543617 49.533501 -54.20393 -21.515654 45.04985 -0.335719 0.283514 -6.724347 -0.436109 -25.101826 17.636627 -26.322725 52.411182 -19.466661 -14.395592 29.410385 0.0 -8.774821 -2e-06 16.137175 -17.819633 6.458712 -0.609773 -1.795654 -3.889327 -4.807089 -11.046811 -2.93785 4e-06 -20.976021 -2e-06 -5.019972 -25.03356 -4.03188 7e-06 -0.0 1e-06 -10.634529 -5.686971 -3.565587 10.573272 -17.922951 -3.113901 2e-06 -13.821211 -0.0 -0.501777 -31.181505 -4.027018 -12.374849 -60.174206 8.321094 -13.982711 -7.150199 -2.875041 13.772731 -8.401491 -3.218242 0.347735 -34.211555 0.771652 -0.963029 -17.73337 2.621018 -1e-06 -1e-06 -2e-06 -17.346416 -20.095221 -4.201779 21.757555 -1.638374 3.866428 1e-06 -6.338824 -0.0 -1.697588 -22.591745 -6.194005 1e-06 -4e-06 -3e-06 -82.858528 -85.695747 -83.251671 79.796074 -46.512547 -35.334496 64.387268 0.645399 -0.243436 7.729501 2.705492 -11.21153 22.182112 -20.375887 49.933308 -16.701817 -16.743534 28.47653 -3e-06 -12.690601 -0.0 15.938169 -17.210033 3.071001 -0.105919 -1.513856 -4.275881 -5.039039 -5.612868 -2.953556 4e-06 -11.020523 -2e-06 -6.111296 -15.89533 -3.84047 1e-06 0.0 0.0 -10.283369 -5.680287 -4.341839 11.028296 -11.302406 -2.372634 -1.384267 -14.238577 -6.32012 -0.625435 -26.924183 -3.827601 -4.563611 -50.583088 -2.835656 -13.708524 -7.363475 -3.720939 18.14115 -14.052738 -3.242675 8e-06 -18.787266 -2e-06 -0.429711 -8.456041 2.555503 0.0 -0.0 -0.0 -15.923534 -20.094479 -5.473584 30.41921 -7.190826 1.735922 4e-06 -8.162922 -0.0 -1.861902 -22.861464 -6.16794 0.0 -3e-06 -1e-06 -175.993301 -0.482737 -11.014012 9.474643 -0.050849 -0.071481 -79.739861 -1.221735 -3.037777 -6.107659 1.658466 2.180821 -1.0 0.0 -0.0 0.81846 -4.212551 -14.215323 15.904634 0.072484 0.134334 -82.339684 -1.642444 -5.24837 -6.961334 0.58262 1.604029 -1.000001 0.0 -0.0 
0.0 0.0 0.0 0.0 -0.0 0.0 -0.238443 99.849846 0.3457 91.280846 2.75158 89.705872 -2.976767 -0.370214 0.519178 -12.11449 0.223176 3.402679 21.439133 -0.981781 1.25758 18.328005 -10.112771 2.452497 -2.827239 -0.225164 3.830839 -28.75633 -1.986442 4.799445 6e-06 -0.0 3e-06 -0.019959 0.082601 0.022931 -0.049526 0.172965 0.043159 0.021092 -0.020597 0.009897 -74.812767 -78.146568 86.632729 53.28923 -53.0098 -31.368546 47.137878 -0.625939 0.197007 -6.477643 1.21347 -29.070293 17.636631 -26.322739 52.411221 -19.466665 -14.395604 29.410402 -0.0 -8.774824 -2e-06 16.099165 -17.754065 6.659721 -0.609777 -1.795654 -3.889329 -4.807091 -11.046813 -2.937852 4e-06 -20.976021 -2e-06 -5.019972 -25.03356 -4.031883 4e-06 -1e-06 1e-06 -10.634536 -5.686973 -3.565589 10.573276 -17.922958 -3.113903 2e-06 -13.821213 1e-06 -0.501779 -31.181511 -4.027021 -12.443101 -60.254223 8.467319 -13.982718 -7.150199 -2.875045 13.772735 -8.401495 -3.218243 0.347734 -34.211555 0.771653 -0.963027 -17.733372 2.62102 0.0 -1e-06 -2e-06 -17.346426 -20.095224 -4.201785 21.757566 -1.638375 3.866429 4e-06 -6.338825 1e-06 -1.697588 -22.591751 -6.19401 0.0 -5e-06 -3e-06 -81.969849 -84.337387 -84.647133 83.320175 -44.921146 -43.150501 62.440475 0.645101 -0.404183 8.548196 4.143958 -15.996291 22.182117 -20.3759 49.933327 -16.701815 -16.74353 28.47654 -2e-06 -12.690602 -1e-06 15.708271 -17.060329 3.13002 -0.10592 -1.513854 -4.275883 -5.039042 -5.612875 -2.953557 3e-06 -11.020528 -2e-06 -6.1113 -15.895338 -3.840471 0.0 -1e-06 -0.0 -10.283372 -5.680291 -4.34184 11.028296 -11.302411 -2.372633 -1.384269 -14.238585 -6.320124 -0.625439 -26.9242 -3.827604 -4.43736 -49.875816 -2.891933 -13.708527 -7.363479 -3.72094 18.141151 -14.052743 -3.242675 5e-06 -18.787273 -2e-06 -0.429712 -8.456047 2.555504 -0.0 -0.0 0.0 -15.923538 -20.094492 -5.473586 30.419218 -7.190825 1.735925 2e-06 -8.16293 -2e-06 -1.861903 -22.861473 -6.167945 1e-06 -3e-06 -1e-06 -176.453751 -0.610966 -10.264969 10.071223 -0.056659 -0.055352 -79.837715 -0.911954 -2.925946 -6.197736 1.678732 2.19117 -0.999999 0.0 0.0 1.024763 -4.124096 -14.858027 15.894429 0.067354 0.125063 -82.458191 -2.246079 -5.317473 -6.920963 0.566123 1.604359 -1.000001 -0.0 0.0 
0.0 0.0 0.0 0.0 -0.0 0.0 -0.392425 99.840668 0.320053 91.378731 2.834606 90.943344 -2.862252 -0.489611 0.567589 -12.063352 0.284734 3.718505 21.379375 -1.085936 1.640288 18.406193 -10.172556 2.388872 -2.841356 -0.192215 3.503092 -28.047337 -1.954903 4.163483 6e-06 -0.0 2e-06 -0.02973 0.084787 0.022024 -0.034798 0.176098 0.047362 0.035271 -0.020192 0.003475 -74.528046 -77.68528 85.54348 58.510761 -52.269157 -43.246758 48.462761 -0.64659 0.081916 -6.769395 3.517242 -34.969952 17.636621 -26.322727 52.411182 -19.466652 -14.395594 29.410381 -0.0 -8.774817 -2e-06 15.883614 -17.238937 6.854929 -0.609777 -1.795653 -3.889328 -4.80709 -11.046809 -2.937847 2e-06 -20.976011 -1e-06 -5.019968 -25.033552 -4.031882 7e-06 -0.0 1e-06 -10.634531 -5.686972 -3.565587 10.57327 -17.922947 -3.113899 2e-06 -13.821205 1e-06 -0.50178 -31.181498 -4.027014 -12.289397 -60.060749 8.421902 -13.982712 -7.150198 -2.875041 13.772723 -8.401488 -3.218239 0.34773 -34.211544 0.771656 -0.963028 -17.733366 2.621019 -0.0 0.0 1e-06 -17.346409 -20.095215 -4.20178 21.757551 -1.638373 3.866427 1e-06 -6.338822 1e-06 -1.697591 -22.591743 -6.194004 1e-06 -4e-06 -5e-06 -82.988708 -82.967285 -84.231918 86.551743 -43.14579 -50.470932 58.887699 0.658716 -0.375033 8.57136 5.167485 -21.415079 22.182108 -20.375891 49.9333 -16.701807 -16.74353 28.476521 -3e-06 -12.6906 -0.0 15.496123 -16.965822 3.222636 -0.105919 -1.513858 -4.275879 -5.039039 -5.612869 -2.953557 4e-06 -11.020525 -1e-06 -6.111297 -15.89533 -3.840469 -0.0 -0.0 0.0 -10.283369 -5.680284 -4.341836 11.028294 -11.302405 -2.372633 -1.384268 -14.238577 -6.320119 -0.625439 -26.924183 -3.8276 -4.351294 -49.055939 -2.939312 -13.708522 -7.363476 -3.720938 18.141148 -14.052736 -3.242674 5e-06 -18.78727 -2e-06 -0.429712 -8.456042 2.555503 -0.0 -0.0 0.0 -15.923534 -20.094482 -5.473581 30.419205 -7.190827 1.735924 3e-06 -8.162924 -1e-06 -1.861902 -22.861467 -6.167941 -0.0 -3e-06 -1e-06 -176.700623 -0.677753 -9.507828 10.392075 -0.056783 -0.052122 -79.823975 -0.592705 -2.790914 -6.312164 1.677044 2.191664 -0.999998 0.0 0.0 1.35655 -4.037322 -15.479162 15.794721 0.054775 0.109853 -82.546814 -2.870017 -5.378706 -6.917635 0.555693 1.603264 -1.000002 0.0 -0.0 
0.0 0.0 0.0 0.0 -0.0 0.0 -0.514856 99.839241 0.307194 91.473099 2.933012 92.11869 -2.728668 -0.571761 0.645447 -11.990088 0.327405 3.968682 21.287952 -1.220422 1.911809 18.481236 -10.266695 2.434631 -2.856205 -0.204106 3.172381 -27.395473 -1.970925 3.566971 6e-06 -0.0 1e-06 -0.041078 0.08692 -0.004037 -0.015021 0.173526 0.026749 0.045648 -0.013632 -0.028682 -73.474617 -77.164162 83.951698 64.793175 -51.626503 -55.579197 49.614769 -0.005946 0.013567 -7.686802 5.650264 -45.142666 17.636635 -26.322729 52.411201 -19.466654 -14.395596 29.410389 0.0 -8.774819 -2e-06 15.675035 -16.353537 6.93315 -0.609775 -1.795654 -3.889328 -4.807089 -11.046812 -2.937852 2e-06 -20.976019 3e-06 -5.019973 -25.03356 -4.031881 4e-06 -1e-06 1e-06 -10.634533 -5.686968 -3.565589 10.57327 -17.922951 -3.113896 1e-06 -13.821206 1e-06 -0.501777 -31.181505 -4.027022 -11.783941 -59.402039 7.964059 -13.982712 -7.150201 -2.875042 13.772727 -8.401488 -3.21824 0.347728 -34.211552 0.771655 -0.963031 -17.733372 2.621021 -0.0 2e-06 1e-06 -17.346422 -20.095221 -4.201783 21.757557 -1.638373 3.86643 1e-06 -6.338824 0.0 -1.697591 -22.591747 -6.194006 0.0 -4e-06 -3e-06 -84.737762 -81.608192 -83.069267 89.285965 -41.052067 -56.732376 54.221481 0.574347 -0.135512 8.119287 5.421854 -28.637846 22.182106 -20.375887 49.933315 -16.701817 -16.74353 28.476532 -5e-06 -12.6906 2e-06 15.269513 -16.865179 3.405746 -0.105919 -1.513858 -4.27588 -5.039039 -5.61287 -2.953556 4e-06 -11.020526 -3e-06 -6.111296 -15.895334 -3.840472 -0.0 -0.0 -1e-06 -10.283368 -5.680292 -4.341837 11.028294 -11.302406 -2.372636 -1.384267 -14.238579 -6.32012 -0.625433 -26.924187 -3.827604 -4.233023 -48.198952 -2.983587 -13.708522 -7.363479 -3.720938 18.14115 -14.052738 -3.242676 7e-06 -18.78727 -4e-06 -0.429711 -8.456043 2.555503 1e-06 -0.0 -0.0 -15.923531 -20.094484 -5.473582 30.419207 -7.190823 1.73592 2e-06 -8.162922 -1e-06 -1.8619 -22.861464 -6.167942 -0.0 -3e-06 -1e-06 -176.844925 -0.788224 -8.751521 10.522266 -0.05295 -0.058297 -79.706612 -0.307959 -2.808759 -6.396958 1.644894 2.180994 -0.999998 0.0 -0.0 1.750989 -3.948722 -16.056915 15.588634 0.04761 0.074014 -82.574814 -3.450908 -5.450641 -6.926802 0.556195 1.60125 -1.000002 1e-06 0.0 
0.0 0.0 0.0 0.0 -0.0 0.0 -0.606156 99.844574 0.296618 91.554138 3.00765 93.213501 -2.608261 -0.609295 0.746584 -11.913686 0.364828 4.184193 21.198351 -1.370986 2.036721 18.56455 -10.465419 2.610082 -2.886664 -0.235283 2.703565 -26.782652 -2.008549 3.057238 6e-06 0.0 3e-06 -0.046514 0.082909 -0.066823 0.004895 0.172253 -0.030715 0.057397 -0.020442 -0.097976 -72.616844 -76.572647 82.73172 71.360443 -50.63966 -67.046494 50.784157 0.438528 -0.109107 -9.589894 7.140861 -60.800106 17.636639 -26.322741 52.411213 -19.466665 -14.3956 29.410395 -0.0 -8.774822 -3e-06 15.387239 -16.162302 7.174879 -0.609777 -1.795654 -3.889327 -4.807087 -11.046809 -2.937853 5e-06 -20.976019 -0.0 -5.01997 -25.03356 -4.031883 7e-06 -1e-06 0.0 -10.634538 -5.68697 -3.565588 10.573276 -17.922956 -3.113903 2e-06 -13.821211 1e-06 -0.501777 -31.181511 -4.027017 -11.320283 -58.718002 7.287617 -13.982718 -7.150196 -2.875043 13.772733 -8.401495 -3.218243 0.347734 -34.211555 0.771657 -0.96303 -17.733372 2.621021 0.0 1e-06 1e-06 -17.346426 -20.095221 -4.201784 21.757566 -1.638378 3.866428 2e-06 -6.338824 0.0 -1.69759 -22.591751 -6.194006 -1e-06 -3e-06 -1e-06 -86.780907 -80.280098 -81.531059 91.521095 -38.819069 -62.230061 49.198486 0.114384 0.192792 7.091252 4.907071 -38.879856 22.182108 -20.375895 49.933319 -16.701817 -16.743532 28.476536 1e-06 -12.690603 0.0 15.057799 -16.826426 3.638225 -0.105919 -1.513857 -4.275879 -5.039042 -5.612873 -2.953558 3e-06 -11.02052 -3e-06 -6.111299 -15.895332 -3.840469 0.0 -0.0 1e-06 -10.283373 -5.680288 -4.341835 11.028296 -11.302406 -2.372634 -1.384268 -14.238581 -6.320121 -0.625442 -26.924187 -3.827601 -4.052685 -47.384457 -3.050776 -13.708528 -7.363478 -3.720937 18.141151 -14.052737 -3.242676 4e-06 -18.787268 -3e-06 -0.42971 -8.456043 2.555504 0.0 0.0 -0.0 -15.923538 -20.094484 -5.473583 30.419218 -7.190823 1.735923 1e-06 -8.162925 1e-06 -1.861902 -22.861469 -6.167942 -1e-06 -3e-06 -1e-06 -176.931946 -0.830274 -8.091075 10.570912 -0.055388 -0.05263 -79.59124 -0.024483 -2.901974 -6.344543 1.603545 2.172047 -0.999999 -1e-06 -0.0 2.138326 -3.852541 -16.560463 15.311305 0.047108 0.002333 -82.548973 -3.993588 -5.564427 -6.930604 0.535459 1.593798 -1.000001 1e-06 -0.0 
0.0 0.0 0.0 0.0 -0.0 0.0 -0.667202 99.853645 0.2925 91.642609 3.014163 94.251022 -2.536393 -0.639104 0.854547 -11.874027 0.392072 4.332372 21.159826 -1.515984 2.129593 18.627443 -10.789703 2.811779 -2.906263 -0.28723 2.15434 -26.140169 -2.111929 2.602644 6e-06 1e-06 -1e-06 -0.043785 0.078624 -0.134512 0.038643 0.188647 -0.090909 0.082574 -0.04532 -0.174165 -72.54277 -76.116158 82.347183 76.96637 -49.109314 -76.969551 51.343754 -0.300735 -0.231374 -12.012254 7.446604 -76.772095 17.636631 -26.322741 52.411205 -19.466661 -14.395597 29.410393 -1e-06 -8.774822 -2e-06 14.812276 -16.815046 7.153787 -0.609775 -1.795656 -3.889329 -4.807088 -11.046813 -2.93785 6e-06 -20.976019 -1e-06 -5.019965 -25.03356 -4.031884 6e-06 -1e-06 0.0 -10.634536 -5.686974 -3.565589 10.573277 -17.922955 -3.1139 4e-06 -13.821212 -0.0 -0.501776 -31.181511 -4.027015 -10.78752 -58.110054 6.40909 -13.982715 -7.150198 -2.875044 13.772731 -8.401493 -3.218241 0.347733 -34.211555 0.771655 -0.963029 -17.73337 2.621021 0.0 -0.0 -2e-06 -17.346422 -20.095221 -4.201783 21.757559 -1.638375 3.866428 -0.0 -6.338825 1e-06 -1.697591 -22.591749 -6.194006 0.0 -2e-06 -2e-06 -88.471786 -79.101997 -80.2118 93.198868 -36.743862 -66.848434 44.607918 -0.558765 0.509831 5.548576 3.775126 -51.656429 22.18211 -20.375904 49.933308 -16.701809 -16.743528 28.476524 -5e-06 -12.690598 1e-06 14.831524 -17.053162 3.941093 -0.105918 -1.513857 -4.275879 -5.03904 -5.612871 -2.953555 7e-06 -11.02052 -0.0 -6.111298 -15.895328 -3.840467 1e-06 1e-06 -2e-06 -10.283368 -5.680286 -4.341839 11.028293 -11.302404 -2.372629 -1.384271 -14.238577 -6.320119 -0.625437 -26.924183 -3.827597 -3.899173 -47.124287 -3.094482 -13.708522 -7.363472 -3.720939 18.141148 -14.052739 -3.242673 5e-06 -18.787266 2e-06 -0.429709 -8.456041 2.555504 2e-06 -1e-06 -1e-06 -15.923531 -20.094477 -5.473578 30.41921 -7.190829 1.735924 1e-06 -8.162925 2e-06 -1.861903 -22.861467 -6.167935 -1e-06 -2e-06 -1e-06 -177.056946 -0.836015 -7.539125 10.571748 -0.065373 -0.043469 -79.46582 0.440121 -2.979045 -6.154603 1.578072 2.171201 -0.999999 -0.0 0.0 2.434715 -3.782673 -16.993145 15.054177 0.043524 -0.068745 -82.514107 -4.587245 -5.725074 -6.924788 0.484848 1.57988 -1.000001 0.0 0.0 
0.0 0.0 0.0 0.0 -0.0 0.0 -0.692166 99.865257 0.296111 91.740494 2.969555 95.211998 -2.528392 -0.685343 0.936064 -11.852983 0.395072 4.389212 21.185165 -1.630204 2.238317 18.636848 -11.190077 2.954214 -2.906191 -0.332725 1.680592 -25.623686 -2.35095 2.248033 6e-06 0.0 -1e-06 -0.042936 0.082122 -0.166485 0.060086 0.211869 -0.12013 0.095317 -0.06167 -0.208958 -72.369774 -76.003998 81.831627 80.474915 -47.58942 -83.431007 50.853138 -1.391703 -0.34045 -14.23768 6.504201 -85.431267 17.636633 -26.322716 52.411182 -19.466661 -14.395592 29.410385 -0.0 -8.774821 -3e-06 14.591532 -17.150148 6.708862 -0.609776 -1.795654 -3.889328 -4.807086 -11.046807 -2.937851 5e-06 -20.976011 -3e-06 -5.019969 -25.033546 -4.031883 6e-06 -0.0 0.0 -10.634534 -5.68697 -3.565588 10.573275 -17.922945 -3.113901 4e-06 -13.821205 -0.0 -0.501776 -31.181488 -4.027017 -10.393581 -57.911549 5.876784 -13.982712 -7.150198 -2.875044 13.772732 -8.401489 -3.218241 0.347737 -34.211544 0.771651 -0.963027 -17.733366 2.621016 -2e-06 -1e-06 -1e-06 -17.346416 -20.095213 -4.201783 21.757557 -1.638375 3.866429 2e-06 -6.338822 1e-06 -1.697586 -22.591738 -6.194006 -1e-06 -3e-06 -2e-06 -89.665161 -78.230057 -79.167908 94.245537 -35.089909 -70.133278 41.239506 -1.057079 0.691807 4.206694 2.483005 -63.254246 22.18211 -20.375895 49.933319 -16.701815 -16.743532 28.476534 -5e-06 -12.690599 -1e-06 14.504026 -17.419889 4.259214 -0.10592 -1.513856 -4.275879 -5.039041 -5.612871 -2.953557 3e-06 -11.020521 -1e-06 -6.111296 -15.895329 -3.840469 3e-06 0.0 -0.0 -10.283373 -5.680288 -4.341839 11.028296 -11.302404 -2.372632 -1.384269 -14.238577 -6.320119 -0.625441 -26.924187 -3.827598 -3.860221 -47.49395 -3.097111 -13.708525 -7.363475 -3.720937 18.14115 -14.052738 -3.242676 6e-06 -18.787266 -2e-06 -0.429712 -8.45604 2.555502 2e-06 -1e-06 -0.0 -15.923532 -20.094482 -5.473588 30.419207 -7.190827 1.735925 4e-06 -8.162922 0.0 -1.861903 -22.861467 -6.167942 -0.0 -2e-06 -0.0 -177.187027 -0.797023 -7.012493 10.505783 -0.063227 -0.038637 -79.323769 0.92827 -2.925173 -5.997082 1.584412 2.176703 -0.999999 0.0 0.0 2.653567 -3.754707 -17.348152 14.830597 0.042198 -0.114055 -82.478073 -5.20812 -5.931952 -6.945034 0.45348 1.571908 -1.000002 1e-06 -0.0 
0.0 0.0 0.0 0.0 -0.0 0.0 -0.674471 99.868431 0.299503 91.84758 2.931459 96.081581 -2.558098 -0.738228 0.982634 -11.850373 0.399547 4.401658 21.294031 -1.732765 2.315745 18.630213 -11.605989 3.033751 -2.90498 -0.365401 1.307891 -25.331474 -2.717408 2.010782 6e-06 1e-06 -0.0 -0.051425 0.088285 -0.174722 0.053135 0.225224 -0.133316 0.07766 -0.062898 -0.211452 -71.803787 -76.066475 80.910065 82.611954 -46.451523 -87.140625 49.704525 -2.26462 -0.438337 -16.307117 4.980995 -89.242012 17.636627 -26.322729 52.41119 -19.466665 -14.395592 29.410393 -1e-06 -8.774821 -2e-06 14.642619 -17.029669 6.353271 -0.609779 -1.795652 -3.889326 -4.807086 -11.046811 -2.937851 4e-06 -20.976017 -2e-06 -5.019969 -25.033558 -4.031881 8e-06 -1e-06 0.0 -10.634531 -5.68697 -3.565587 10.573275 -17.922951 -3.113903 4e-06 -13.821209 1e-06 -0.501775 -31.181505 -4.027016 -10.200743 -57.957699 5.708839 -13.982712 -7.150199 -2.875043 13.772725 -8.401491 -3.218241 0.347738 -34.211555 0.771651 -0.963028 -17.73337 2.621017 -1e-06 1e-06 1e-06 -17.346416 -20.095221 -4.201784 21.757555 -1.638375 3.866427 2e-06 -6.338824 -0.0 -1.697584 -22.591745 -6.194009 -1e-06 -3e-06 -2e-06 -90.722984 -77.61248 -78.149956 94.833908 -33.904137 -72.413857 38.922928 -1.366034 0.756957 3.385653 1.479707 -71.760788 22.182108 -20.375895 49.933319 -16.701811 -16.74353 28.47653 -3e-06 -12.690598 0.0 14.167053 -17.617527 4.463089 -0.105918 -1.513855 -4.275881 -5.039043 -5.612872 -2.953557 4e-06 -11.020524 -0.0 -6.111298 -15.895332 -3.840469 0.0 -0.0 -0.0 -10.283369 -5.680288 -4.341838 11.028294 -11.302404 -2.372633 -1.384268 -14.238579 -6.320121 -0.62544 -26.924189 -3.827601 -3.870822 -48.031693 -3.078403 -13.708519 -7.363474 -3.720939 18.141148 -14.052738 -3.242674 6e-06 -18.787266 -2e-06 -0.429714 -8.456045 2.555503 2e-06 -0.0 2e-06 -15.923532 -20.094482 -5.473586 30.41921 -7.190826 1.735924 3e-06 -8.162927 -1e-06 -1.861899 -22.861467 -6.167942 -2e-06 -3e-06 -3e-06 -177.333405 -0.713864 -6.444742 10.522639 -0.052821 -0.030964 -79.23304 1.255597 -2.79208 -5.895317 1.618465 2.186722 -0.999999 0.0 -0.0 2.817068 -3.794711 -17.672043 14.724884 0.051779 -0.147658 -82.488251 -5.706585 -6.157832 -6.988005 0.442185 1.569402 -1.000002 1e-06 0.0 
0.0 0.0 0.0 0.0 -0.0 0.0 -0.625137 99.858963 0.317104 91.948067 2.940733 96.767242 -2.568881 -0.776493 0.997476 -11.849712 0.421742 4.42117 21.413202 -1.829641 2.356666 18.658443 -12.000398 3.016546 -2.899675 -0.394222 1.077579 -25.194334 -3.056218 1.864685 6e-06 1e-06 -2e-06 -0.058658 0.091355 -0.175672 0.041777 0.230238 -0.141083 0.058181 -0.06193 -0.205186 -71.056129 -76.15715 79.88456 83.913864 -45.77047 -89.155571 48.60096 -2.871036 -0.385761 -17.702623 3.977907 -90.622116 17.636627 -26.322733 52.411194 -19.466667 -14.395597 29.410395 -0.0 -8.774822 -2e-06 14.77375 -16.910151 6.136244 -0.609779 -1.795655 -3.889328 -4.807087 -11.046813 -2.937852 6e-06 -20.976019 -3e-06 -5.019968 -25.033562 -4.031884 5e-06 1e-06 0.0 -10.634533 -5.686973 -3.565589 10.573275 -17.922951 -3.113902 4e-06 -13.821211 0.0 -0.501777 -31.181505 -4.027016 -10.106071 -57.964317 5.655188 -13.982713 -7.1502 -2.875042 13.772731 -8.401493 -3.218241 0.347735 -34.211555 0.771655 -0.963033 -17.73337 2.62102 -2e-06 -0.0 -2e-06 -17.346422 -20.095221 -4.201782 21.757563 -1.638376 3.866428 4e-06 -6.338824 0.0 -1.697588 -22.591745 -6.194008 -1e-06 -5e-06 -3e-06 -92.077393 -77.151924 -76.850868 95.160133 -33.08427 -73.879974 37.245903 -1.494979 0.780777 2.967694 0.907282 -77.016762 22.182121 -20.375896 49.933319 -16.701811 -16.743526 28.476522 -3e-06 -12.690601 -3e-06 13.979745 -17.707981 4.538976 -0.105921 -1.513856 -4.275879 -5.039043 -5.612873 -2.953558 2e-06 -11.020525 -1e-06 -6.111295 -15.895334 -3.84047 -0.0 -1e-06 -1e-06 -10.283367 -5.680286 -4.341837 11.028292 -11.302406 -2.372633 -1.38427 -14.238579 -6.32012 -0.625438 -26.924191 -3.8276 -3.903281 -48.422951 -3.066494 -13.708525 -7.363476 -3.72094 18.141146 -14.052742 -3.242673 7e-06 -18.78727 -3e-06 -0.429713 -8.456043 2.555504 2e-06 -0.0 -1e-06 -15.923536 -20.094482 -5.473585 30.41921 -7.190827 1.735928 3e-06 -8.162929 -1e-06 -1.861902 -22.861469 -6.167943 2e-06 -4e-06 -2e-06 -177.42778 -0.543552 -5.924417 10.650785 -0.042312 -0.021761 -79.258743 1.427469 -2.603548 -5.813895 1.641502 2.192885 -0.999999 1e-06 -0.0 2.966545 -3.886122 -18.002508 14.733773 0.065149 -0.156689 -82.552109 -5.989266 -6.358534 -7.036374 0.441543 1.566901 -1.000001 -0.0 0.0 
0.0 0.0 0.0 0.0 -0.0 0.0 -0.56043 99.842354 0.356019 92.027527 3.002233 97.242592 -2.557558 -0.793596 0.988145 -11.861918 0.45434 4.45403 21.532751 -1.926218 2.390964 18.728605 -12.319004 2.957504 -2.892384 -0.4159 0.983679 -25.14592 -3.300656 1.784793 6e-06 0.0 -1e-06 -0.061134 0.091154 -0.175554 0.041158 0.230414 -0.144865 0.051373 -0.062544 -0.201251 -70.437897 -76.198891 79.087769 84.701607 -45.438095 -90.067001 47.943695 -3.202877 -0.285219 -18.487011 3.528291 -90.825676 17.636621 -26.322729 52.41119 -19.466663 -14.3956 29.410389 -1e-06 -8.774821 -1e-06 14.812184 -16.886225 6.034956 -0.609773 -1.795653 -3.889329 -4.807088 -11.046811 -2.937849 7e-06 -20.976019 -1e-06 -5.019969 -25.03356 -4.03188 7e-06 1e-06 1e-06 -10.634531 -5.686968 -3.565588 10.573272 -17.922949 -3.113901 3e-06 -13.821208 -0.0 -0.501777 -31.181501 -4.027016 -10.078393 -57.918583 5.644259 -13.982712 -7.150198 -2.875041 13.772731 -8.401489 -3.218244 0.347736 -34.211552 0.771653 -0.96303 -17.73337 2.62102 -1e-06 -0.0 1e-06 -17.346416 -20.095215 -4.201783 21.757557 -1.638375 3.866426 1e-06 -6.338823 0.0 -1.697586 -22.591742 -6.194006 -1e-06 -4e-06 -2e-06 -93.406769 -76.811279 -75.580589 95.309761 -32.462189 -74.541885 35.919483 -1.485129 0.794931 2.839054 0.644215 -80.174286 22.182117 -20.375895 49.933323 -16.701813 -16.74353 28.476532 -3e-06 -12.690601 -1e-06 13.840624 -17.746397 4.59575 -0.10592 -1.513856 -4.275881 -5.039041 -5.612871 -2.953557 3e-06 -11.020521 -2e-06 -6.111298 -15.89533 -3.840472 0.0 0.0 0.0 -10.283369 -5.680288 -4.34184 11.028293 -11.302404 -2.372632 -1.384268 -14.238579 -6.320121 -0.625438 -26.924187 -3.827603 -3.947466 -48.614429 -3.05648 -13.708527 -7.363475 -3.72094 18.141151 -14.052737 -3.242674 7e-06 -18.787266 -2e-06 -0.429711 -8.456041 2.555505 2e-06 -1e-06 -0.0 -15.923539 -20.094482 -5.473586 30.419222 -7.190825 1.735926 3e-06 -8.162926 -1e-06 -1.861902 -22.861469 -6.167943 -1e-06 -2e-06 -0.0 -177.475555 -0.464482 -5.524783 10.812716 -0.043317 -0.020799 -79.305344 1.550095 -2.537271 -5.752651 1.651292 2.196181 -0.999999 -0.0 -0.0 3.143427 -3.983222 -18.308464 14.768399 0.074472 -0.150818 -82.628433 -6.111521 -6.539958 -7.073951 0.441711 1.561696 -1.000002 -1e-06 0.0 
0.0 0.0 0.0 0.0 -0.0 0.0 -0.488457 99.828972 0.399471 92.083351 3.086836 97.56176 -2.558751 -0.79656 0.958006 -11.893429 0.485595 4.482876 21.672312 -2.017207 2.432758 18.848778 -12.548951 2.922826 -2.890255 -0.4404 0.967634 -25.134516 -3.490434 1.779139 6e-06 -0.0 -0.0 -0.059886 0.087722 -0.186023 0.047671 0.222788 -0.15536 0.055328 -0.061863 -0.212439 -70.081856 -76.151924 78.6222 85.222923 -45.367981 -90.161461 47.790016 -3.22664 -0.238817 -18.803177 3.304571 -90.593933 17.636639 -26.322735 52.411201 -19.466665 -14.3956 29.410395 -1e-06 -8.774822 -2e-06 14.727032 -16.958347 6.074945 -0.609777 -1.795654 -3.889329 -4.807087 -11.04681 -2.937852 8e-06 -20.976017 -3e-06 -5.019969 -25.033558 -4.031883 6e-06 -0.0 1e-06 -10.634537 -5.68697 -3.565589 10.573279 -17.922951 -3.113904 3e-06 -13.821206 0.0 -0.501776 -31.181501 -4.027016 -10.192061 -57.99472 5.71057 -13.982718 -7.150198 -2.875043 13.772731 -8.401493 -3.218242 0.347739 -34.211555 0.771653 -0.96303 -17.733366 2.621022 -1e-06 -0.0 0.0 -17.346422 -20.095217 -4.201785 21.757561 -1.638377 3.866428 1e-06 -6.338823 1e-06 -1.697586 -22.591743 -6.194008 -3e-06 -2e-06 -2e-06 -94.408661 -76.552925 -74.673828 95.3228 -32.010891 -74.626625 34.761108 -1.420999 0.791357 2.913267 0.542071 -82.229126 22.182106 -20.375891 49.933308 -16.701813 -16.743528 28.476528 -4e-06 -12.690601 0.0 13.687469 -17.69853 4.693989 -0.105919 -1.513857 -4.275881 -5.039041 -5.612871 -2.953556 7e-06 -11.02052 -1e-06 -6.111295 -15.89533 -3.840469 -1e-06 -0.0 0.0 -10.283366 -5.680288 -4.341837 11.028292 -11.302405 -2.372634 -1.384267 -14.238579 -6.320118 -0.625438 -26.924191 -3.8276 -3.998771 -48.647984 -2.99992 -13.708522 -7.363475 -3.720937 18.14115 -14.052739 -3.242675 8e-06 -18.78727 -3e-06 -0.429712 -8.456043 2.555504 1e-06 -2e-06 1e-06 -15.923528 -20.094479 -5.473583 30.419205 -7.190823 1.735922 2e-06 -8.162927 -1e-06 -1.861903 -22.861467 -6.16794 -0.0 -3e-06 -1e-06 -177.439713 -0.398308 -5.236742 10.904443 -0.051967 -0.019539 -79.344627 1.579466 -2.54342 -5.68548 1.646151 2.198212 -0.999999 -0.0 -0.0 3.34618 -4.054792 -18.533934 14.746036 0.077681 -0.14891 -82.66777 -6.155381 -6.706482 -7.06596 0.436536 1.555852 -1.000003 0.0 -0.0 
0.0 0.0 0.0 0.0 -0.0 0.0 -0.420378 99.828331 0.442858 92.122658 3.17929 97.734001 -2.580765 -0.790287 0.930285 -11.932834 0.501818 4.500017 21.809036 -2.085921 2.489903 18.997707 -12.740437 2.942091 -2.887267 -0.457439 0.948692 -25.147892 -3.633703 1.881917 6e-06 0.0 -1e-06 -0.05702 0.08302 -0.201421 0.05317 0.209922 -0.169912 0.061798 -0.058771 -0.229648 -69.996872 -76.034157 78.529236 85.586769 -45.401012 -89.809021 47.884274 -3.136371 -0.258577 -18.88047 3.113967 -90.392853 17.636621 -26.322733 52.411205 -19.46666 -14.395597 29.410395 -0.0 -8.774821 -2e-06 14.622372 -17.07658 6.188186 -0.609776 -1.795652 -3.889327 -4.807087 -11.046811 -2.937851 5e-06 -20.976015 -2e-06 -5.019968 -25.033556 -4.031882 6e-06 1e-06 0.0 -10.634531 -5.686969 -3.565587 10.573275 -17.922947 -3.113903 4e-06 -13.821205 -0.0 -0.501778 -31.181505 -4.027017 -10.38029 -58.195755 5.81696 -13.982712 -7.150198 -2.875043 13.772727 -8.401489 -3.218242 0.347733 -34.211544 0.771654 -0.963029 -17.73337 2.621019 -2e-06 2e-06 0.0 -17.346416 -20.095215 -4.201782 21.757559 -1.638374 3.866426 1e-06 -6.338823 1e-06 -1.697591 -22.591743 -6.194006 -2e-06 -2e-06 -1e-06 -95.07502 -76.370163 -74.056091 95.289703 -31.632328 -74.412491 33.672539 -1.349626 0.783756 3.134053 0.475168 -83.635315 22.182114 -20.3759 49.933327 -16.701818 -16.74353 28.476542 -4e-06 -12.690605 -1e-06 13.532455 -17.589827 4.812259 -0.105919 -1.513856 -4.275884 -5.039044 -5.612873 -2.953556 4e-06 -11.020524 -2e-06 -6.111297 -15.895334 -3.840472 0.0 -0.0 1e-06 -10.28337 -5.680289 -4.34184 11.028296 -11.302406 -2.372633 -1.384266 -14.23858 -6.320122 -0.625441 -26.924191 -3.827603 -4.040291 -48.5858 -2.904636 -13.708529 -7.363479 -3.72094 18.141153 -14.052739 -3.242676 5e-06 -18.78727 -2e-06 -0.429711 -8.456039 2.555504 1e-06 -2e-06 -1e-06 -15.923536 -20.094484 -5.473587 30.419218 -7.190826 1.735925 3e-06 -8.162927 -0.0 -1.861904 -22.861467 -6.167942 1e-06 -3e-06 -1e-06 -177.254547 -0.337336 -5.078117 10.752948 -0.058073 -0.021093 -79.294991 1.552757 -2.594251 -5.616659 1.632219 2.199657 -0.999998 0.0 -0.0 3.587691 -4.09295 -18.678635 14.596898 0.076801 -0.157797 -82.634476 -6.122749 -6.817284 -7.020776 0.423987 1.551581 -1.000001 1e-06 0.0 
0.0 0.0 0.0 0.0 -0.0 0.0 -0.367083 99.828232 0.49267 92.159004 3.27795 97.802399 -2.623796 -0.785677 0.918969 -11.972161 0.501451 4.518004 21.939829 -2.117032 2.567276 19.164221 -12.926457 2.97568 -2.886446 -0.447121 0.907831 -25.186728 -3.767143 2.054093 6e-06 -1e-06 -1e-06 -0.052056 0.078692 -0.214357 0.055946 0.198446 -0.181954 0.067822 -0.056584 -0.244154 -70.022385 -75.876488 78.637238 85.92215 -45.388405 -89.370598 47.952404 -3.122188 -0.316079 -18.92506 2.993864 -90.52269 17.636633 -26.322733 52.411182 -19.466656 -14.395598 29.410378 0.0 -8.774821 -3e-06 14.550521 -17.130548 6.30703 -0.609774 -1.795655 -3.889326 -4.807088 -11.046807 -2.937849 5e-06 -20.976015 1e-06 -5.01997 -25.033556 -4.031878 5e-06 2e-06 0.0 -10.634529 -5.686968 -3.565588 10.573272 -17.922949 -3.113899 3e-06 -13.821209 2e-06 -0.501784 -31.181505 -4.027013 -10.507036 -58.390678 5.908753 -13.982711 -7.150197 -2.87504 13.77273 -8.40149 -3.21824 0.347734 -34.211544 0.771658 -0.963029 -17.73337 2.621019 -2e-06 1e-06 -2e-06 -17.346416 -20.095215 -4.201779 21.757557 -1.638375 3.866428 3e-06 -6.338823 1e-06 -1.697589 -22.591742 -6.194004 1e-06 -3e-06 -2e-06 -95.589882 -76.247025 -73.51902 95.285316 -31.293543 -74.205879 32.636166 -1.282221 0.783181 3.380864 0.47936 -84.694183 22.18211 -20.375895 49.933308 -16.701807 -16.743525 28.476522 -3e-06 -12.6906 -1e-06 13.403838 -17.443653 4.902443 -0.105919 -1.513856 -4.275881 -5.039044 -5.612872 -2.953555 3e-06 -11.020523 -1e-06 -6.111297 -15.895332 -3.840469 1e-06 -0.0 1e-06 -10.283369 -5.680288 -4.341836 11.028294 -11.302404 -2.372632 -1.384268 -14.23858 -6.320117 -0.625444 -26.924189 -3.827599 -4.061803 -48.541214 -2.822375 -13.708523 -7.363475 -3.720938 18.141146 -14.052738 -3.242674 5e-06 -18.787266 0.0 -0.42971 -8.456038 2.555502 1e-06 -1e-06 -0.0 -15.923531 -20.094482 -5.47358 30.419207 -7.190826 1.735925 2e-06 -8.162928 -0.0 -1.861908 -22.861473 -6.16794 1e-06 -2e-06 -0.0 -177.011887 -0.280937 -5.017304 10.532408 -0.059277 -0.02237 -79.23204 1.521972 -2.648175 -5.566282 1.621439 2.199321 -0.999999 0.0 0.0 3.817169 -4.128133 -18.793316 14.457351 0.073662 -0.165162 -82.606865 -6.016673 -6.860763 -6.986959 0.40861 1.549732 -1.000002 1e-06 0.0 
0.0 0.0 0.0 0.0 -0.0 0.0 -0.334389 99.822372 0.546774 92.196365 3.384645 97.820755 -2.678083 -0.779352 0.925748 -12.010609 0.502191 4.553617 22.056789 -2.122841 2.657256 19.384737 -13.17013 3.021918 -2.890731 -0.437635 0.877563 -25.203291 -3.896607 2.207759 7e-06 -0.0 -2e-06 -0.046932 0.075631 -0.216675 0.05553 0.190106 -0.183539 0.07055 -0.055004 -0.247272 -70.096603 -75.695045 78.840904 86.342117 -45.280891 -89.050003 47.912422 -3.225273 -0.33939 -18.972425 3.032767 -90.89473 17.636633 -26.322729 52.411198 -19.466663 -14.395594 29.410393 -1e-06 -8.774821 -3e-06 14.54649 -17.139936 6.37343 -0.609776 -1.795656 -3.889329 -4.807089 -11.046811 -2.937851 4e-06 -20.976021 -2e-06 -5.019967 -25.033564 -4.031884 5e-06 1e-06 0.0 -10.634535 -5.686972 -3.565591 10.573277 -17.922955 -3.113903 3e-06 -13.821211 -0.0 -0.501776 -31.181507 -4.027019 -10.551809 -58.513725 5.967683 -13.982714 -7.150199 -2.875042 13.77273 -8.401493 -3.218242 0.347736 -34.211555 0.771651 -0.96303 -17.733372 2.621017 -3e-06 2e-06 -2e-06 -17.34642 -20.095219 -4.201784 21.757563 -1.638375 3.866429 2e-06 -6.338824 0.0 -1.697588 -22.591749 -6.194008 -1e-06 -5e-06 -2e-06 -95.909485 -76.107979 -73.178955 95.272469 -31.025984 -74.128654 31.588646 -1.205164 0.796833 3.608117 0.606305 -85.805252 22.182117 -20.375898 49.933319 -16.701811 -16.743528 28.476522 -3e-06 -12.690598 -1e-06 13.324529 -17.296682 4.952804 -0.105918 -1.513856 -4.27588 -5.039041 -5.612871 -2.953557 5e-06 -11.02052 -2e-06 -6.1113 -15.895329 -3.84047 -1e-06 -1e-06 0.0 -10.283369 -5.680288 -4.341839 11.02829 -11.302406 -2.372632 -1.384267 -14.238581 -6.32012 -0.625439 -26.924194 -3.827601 -4.047763 -48.538139 -2.794587 -13.708524 -7.363475 -3.720939 18.141146 -14.052738 -3.242673 8e-06 -18.787266 -1e-06 -0.429712 -8.456039 2.555503 -0.0 -0.0 -0.0 -15.923532 -20.094482 -5.473584 30.41921 -7.190826 1.735926 3e-06 -8.162924 -0.0 -1.861905 -22.861467 -6.16794 -0.0 -3e-06 -0.0 -176.783264 -0.235717 -4.983604 10.366966 -0.058473 -0.01942 -79.200905 1.505459 -2.673441 -5.546236 1.61085 2.195793 -0.999998 -0.0 0.0 4.015334 -4.165675 -18.891256 14.389428 0.070126 -0.15741 -82.61808 -5.898571 -6.8761 -6.98341 0.398217 1.549235 -1.000002 1e-06 0.0 
0.0 0.0 0.0 0.0 -0.0 0.0 -0.320902 99.814392 0.599008 92.229752 3.484323 97.807999 -2.741656 -0.761681 0.935365 -12.041924 0.507846 4.596276 22.145615 -2.115192 2.756511 19.623259 -13.490623 3.070106 -2.895075 -0.450927 0.895904 -25.161543 -4.035329 2.326746 6e-06 1e-06 -2e-06 -0.042335 0.074552 -0.211437 0.044109 0.183263 -0.179936 0.060024 -0.050978 -0.24027 -70.229095 -75.505905 79.081573 86.827408 -45.129452 -88.796898 47.787918 -3.347224 -0.332646 -19.003778 3.151295 -91.121017 17.636625 -26.322729 52.411194 -19.466663 -14.395596 29.410389 0.0 -8.774819 -2e-06 14.594461 -17.146246 6.374565 -0.609776 -1.795653 -3.889328 -4.80709 -11.046811 -2.937851 2e-06 -20.976019 -0.0 -5.01997 -25.033558 -4.031883 5e-06 -1e-06 1e-06 -10.634534 -5.686971 -3.565588 10.573272 -17.922949 -3.113901 4e-06 -13.821209 -0.0 -0.501781 -31.181505 -4.027017 -10.534247 -58.583714 5.99593 -13.982712 -7.150198 -2.875043 13.772727 -8.401489 -3.21824 0.347732 -34.211544 0.771654 -0.96303 -17.73337 2.62102 -3e-06 -0.0 -2e-06 -17.346418 -20.095219 -4.201782 21.757557 -1.638373 3.866428 1e-06 -6.338824 0.0 -1.697589 -22.591747 -6.194009 0.0 -2e-06 -2e-06 -95.977379 -75.916924 -73.127014 95.222122 -30.831573 -74.196457 30.490795 -1.133094 0.831041 3.878643 0.816461 -87.036636 22.182121 -20.375898 49.933323 -16.701815 -16.743528 28.476532 -3e-06 -12.6906 -2e-06 13.278346 -17.176233 4.973345 -0.105919 -1.513857 -4.27588 -5.039043 -5.612874 -2.953557 5e-06 -11.020527 -2e-06 -6.111296 -15.895338 -3.840472 -1e-06 0.0 -0.0 -10.283369 -5.680288 -4.341838 11.02829 -11.302407 -2.372632 -1.384268 -14.238583 -6.320121 -0.62544 -26.924194 -3.8276 -3.999237 -48.564301 -2.811697 -13.708527 -7.363476 -3.720939 18.14115 -14.05274 -3.242673 6e-06 -18.78727 -1e-06 -0.429712 -8.456045 2.555504 1e-06 -1e-06 -0.0 -15.923536 -20.094484 -5.473587 30.419222 -7.19083 1.735928 5e-06 -8.162929 -1e-06 -1.861902 -22.861479 -6.167945 -1e-06 -2e-06 -2e-06 -176.57901 -0.20383 -4.95658 10.237717 -0.055464 -0.01242 -79.187408 1.502721 -2.672928 -5.542346 1.606418 2.192966 -0.999998 -1e-06 0.0 4.177329 -4.195483 -18.950806 14.363002 0.069197 -0.143926 -82.649048 -5.790879 -6.883628 -6.997873 0.392293 1.549141 -1.000001 -1e-06 -0.0 
0.0 0.0 0.0 0.0 -0.0 0.0 -0.324701 99.805733 0.649684 92.258163 3.590093 97.803444 -2.798609 -0.726467 0.938646 -12.066116 0.517215 4.629949 22.216515 -2.102208 2.860475 19.84795 -13.850496 3.120683 -2.89683 -0.485378 0.94539 -25.107094 -4.192824 2.489102 6e-06 1e-06 1e-06 -0.037704 0.071477 -0.207822 0.030411 0.175216 -0.178237 0.045329 -0.049597 -0.234901 -70.284592 -75.310471 79.229904 87.395279 -44.946178 -88.647263 47.650688 -3.446085 -0.308544 -18.949087 3.333465 -91.195183 17.636627 -26.322737 52.411205 -19.466663 -14.395597 29.410395 -1e-06 -8.774822 -2e-06 14.642797 -17.183306 6.337513 -0.609777 -1.795654 -3.889327 -4.807091 -11.046811 -2.937851 5e-06 -20.976019 -0.0 -5.01997 -25.033556 -4.031881 5e-06 -1e-06 -0.0 -10.634537 -5.686968 -3.565588 10.573275 -17.922951 -3.113901 4e-06 -13.821209 1e-06 -0.501776 -31.181505 -4.027014 -10.510701 -58.580265 6.004423 -13.982716 -7.150198 -2.875043 13.77273 -8.401492 -3.218241 0.347735 -34.211555 0.771656 -0.963032 -17.73337 2.621021 -1e-06 -1e-06 -2e-06 -17.346418 -20.095215 -4.201784 21.757563 -1.638377 3.866428 1e-06 -6.338823 1e-06 -1.69759 -22.591742 -6.194005 0.0 -3e-06 -2e-06 -96.005646 -75.660599 -73.129105 95.124878 -30.658907 -74.280975 29.373932 -1.034782 0.861642 4.180085 1.000261 -88.378899 22.182108 -20.375891 49.933315 -16.701811 -16.743528 28.476526 -3e-06 -12.690598 -1e-06 13.248692 -17.092087 4.978076 -0.105916 -1.513855 -4.275882 -5.039043 -5.612872 -2.953556 4e-06 -11.020523 -2e-06 -6.111294 -15.89533 -3.84047 -1e-06 -1e-06 -1e-06 -10.28337 -5.680288 -4.341838 11.028295 -11.302404 -2.372633 -1.384269 -14.238577 -6.320119 -0.625435 -26.924183 -3.8276 -3.979942 -48.621998 -2.812636 -13.708523 -7.363474 -3.720938 18.141146 -14.052738 -3.242675 8e-06 -18.787266 -2e-06 -0.42971 -8.456039 2.555503 -1e-06 -0.0 1e-06 -15.923532 -20.094481 -5.473583 30.419205 -7.190824 1.735926 4e-06 -8.162922 -0.0 -1.861905 -22.861469 -6.167942 0.0 -2e-06 -1e-06 -176.382492 -0.186082 -4.941487 10.133637 -0.052571 0.000575 -79.183334 1.503021 -2.686923 -5.534786 1.609394 2.192424 -1.0 -1e-06 -0.0 4.345698 -4.202317 -18.999706 14.3303 0.064903 -0.132054 -82.680534 -5.701051 -6.910623 -7.01301 0.390447 1.548362 -1.000002 1e-06 0.0 
0.0 0.0 0.0 0.0 -0.0 0.0 -0.334586 99.801208 0.692568 92.286774 3.680326 97.817291 -2.855383 -0.688157 0.934461 -12.091626 0.536659 4.65962 22.289034 -2.090538 2.958404 20.009687 -14.221034 3.154425 -2.906862 -0.523587 1.022691 -25.075951 -4.336765 2.673916 6e-06 0.0 1e-06 -0.036985 0.069126 -0.21485 0.013445 0.168077 -0.18698 0.026836 -0.047529 -0.240538 -70.37336 -75.149178 79.366707 87.96312 -44.749069 -88.585823 47.558136 -3.511177 -0.335643 -18.748377 3.575003 -91.147064 17.636641 -26.322737 52.411201 -19.466665 -14.395598 29.410395 -0.0 -8.774822 -3e-06 14.677487 -17.22661 6.294546 -0.609776 -1.795656 -3.889328 -4.807087 -11.046811 -2.93785 3e-06 -20.976021 1e-06 -5.019974 -25.033562 -4.031881 6e-06 -1e-06 -0.0 -10.634533 -5.686972 -3.565588 10.573277 -17.922953 -3.113901 4e-06 -13.821212 1e-06 -0.501779 -31.181507 -4.027017 -10.499563 -58.569626 6.017986 -13.982712 -7.150199 -2.875044 13.772731 -8.401493 -3.218242 0.347735 -34.211559 0.771652 -0.963029 -17.733374 2.621017 -1e-06 0.0 -2e-06 -17.346422 -20.095221 -4.201783 21.757565 -1.638375 3.866428 1e-06 -6.338824 0.0 -1.697587 -22.591747 -6.194008 0.0 -4e-06 -3e-06 -95.906693 -75.413521 -73.23806 95.010178 -30.431255 -74.270157 28.30369 -0.921896 0.86173 4.469549 1.086084 -89.64859 22.18211 -20.375891 49.933296 -16.701815 -16.743528 28.476521 -4e-06 -12.6906 -1e-06 13.260211 -17.060602 4.974994 -0.10592 -1.513856 -4.275878 -5.039042 -5.612871 -2.953556 5e-06 -11.02052 -2e-06 -6.111293 -15.895329 -3.840469 -1e-06 -0.0 -0.0 -10.283371 -5.680289 -4.341836 11.028292 -11.302406 -2.372633 -1.384268 -14.238581 -6.320119 -0.625435 -26.924191 -3.827599 -3.979098 -48.709419 -2.808464 -13.708525 -7.363474 -3.720938 18.141146 -14.052739 -3.242674 1e-05 -18.78727 -3e-06 -0.42971 -8.456043 2.555502 1e-06 -0.0 -0.0 -15.923534 -20.094481 -5.473581 30.41921 -7.190827 1.735923 6e-06 -8.162925 -1e-06 -1.861903 -22.861465 -6.167942 -3e-06 -3e-06 -0.0 -176.188492 -0.16483 -4.908355 9.983655 -0.05223 0.003924 -79.147949 1.492243 -2.69524 -5.54007 1.615281 2.193334 -0.999999 -0.0 0.0 4.505043 -4.197787 -19.035906 14.271432 0.056836 -0.128086 -82.695351 -5.63107 -6.957793 -7.03207 0.388377 1.547176 -1.000001 0.0 0.0 
0.0 0.0 0.0 0.0 -0.0 0.0 -0.344968 99.800507 0.729085 92.316986 3.741704 97.827789 -2.910643 -0.653783 0.934311 -12.11968 0.564372 4.689036 22.357697 -2.075997 3.043718 20.108625 -14.557128 3.194937 -2.924884 -0.562982 1.126476 -25.079638 -4.448439 2.863342 6e-06 0.0 0.0 -0.040009 0.067095 -0.228302 -0.001881 0.163489 -0.201622 0.008466 -0.047185 -0.253109 -70.55722 -75.024773 79.568588 88.467751 -44.558384 -88.555237 47.531216 -3.544676 -0.417643 -18.493898 3.850393 -91.003166 17.636635 -26.322729 52.411201 -19.466665 -14.395598 29.410395 -0.0 -8.774822 -2e-06 14.700343 -17.230433 6.271569 -0.609775 -1.795655 -3.889328 -4.80709 -11.046813 -2.937851 3e-06 -20.976021 -3e-06 -5.019969 -25.033562 -4.031885 4e-06 0.0 -1e-06 -10.634535 -5.686971 -3.565588 10.573274 -17.922951 -3.113902 2e-06 -13.821211 -1e-06 -0.501777 -31.181507 -4.027021 -10.516931 -58.573586 6.040507 -13.982714 -7.1502 -2.875043 13.772732 -8.401493 -3.218243 0.347738 -34.211555 0.771648 -0.96303 -17.73337 2.621018 -1e-06 1e-06 -2e-06 -17.346422 -20.095222 -4.201784 21.757561 -1.638375 3.866429 2e-06 -6.338824 0.0 -1.69759 -22.591747 -6.194009 0.0 -2e-06 -2e-06 -95.780991 -75.186722 -73.366081 94.871155 -30.172024 -74.211792 27.37056 -0.851822 0.846623 4.725688 1.154786 -90.655457 22.182121 -20.375891 49.933304 -16.701809 -16.743526 28.476519 -3e-06 -12.6906 -2e-06 13.302552 -17.035875 4.967583 -0.10592 -1.513856 -4.275881 -5.039042 -5.612873 -2.953556 5e-06 -11.020523 -1e-06 -6.111293 -15.89533 -3.840472 -1e-06 1e-06 -0.0 -10.283373 -5.680288 -4.341838 11.028293 -11.302404 -2.372632 -1.384272 -14.23858 -6.32012 -0.625439 -26.924191 -3.827598 -3.992134 -48.804977 -2.779214 -13.708524 -7.363474 -3.720939 18.141146 -14.052739 -3.242672 6e-06 -18.78727 -1e-06 -0.429713 -8.456041 2.555504 1e-06 -2e-06 -1e-06 -15.923536 -20.094482 -5.473583 30.41921 -7.190827 1.735928 5e-06 -8.162925 -0.0 -1.861905 -22.861467 -6.167942 -0.0 -3e-06 1e-06 -176.010803 -0.137951 -4.887559 9.78885 -0.05436 0.003705 -79.082237 1.500023 -2.670183 -5.567291 1.620337 2.193159 -0.999998 -0.0 0.0 4.627695 -4.197971 -19.059263 14.212626 0.047448 -0.119666 -82.702347 -5.580022 -7.026904 -7.054986 0.390567 1.546601 -1.000002 0.0 0.0 
0.0 0.0 0.0 0.0 -0.0 0.0 -0.354222 99.801788 0.754035 92.351318 3.767876 97.845047 -2.967341 -0.616387 0.941541 -12.143009 0.594527 4.715187 22.404766 -2.065717 3.119967 20.163414 -14.818609 3.216551 -2.941943 -0.590526 1.283609 -25.124228 -4.507382 3.082019 7e-06 -1e-06 1e-06 -0.042328 0.063456 -0.246153 -0.006282 0.160586 -0.219511 -0.002077 -0.051351 -0.270696 -70.872772 -74.946503 79.85318 88.865685 -44.432045 -88.452469 47.537323 -3.550517 -0.491574 -18.262712 4.097495 -90.785614 17.636629 -26.322737 52.411205 -19.466663 -14.395597 29.410395 -1e-06 -8.774821 -2e-06 14.719901 -17.203295 6.286834 -0.609775 -1.795651 -3.889328 -4.807087 -11.04681 -2.937851 3e-06 -20.976015 -2e-06 -5.019971 -25.033556 -4.031884 5e-06 -1e-06 -1e-06 -10.634533 -5.686974 -3.565589 10.573272 -17.922951 -3.113901 3e-06 -13.821209 0.0 -0.50178 -31.181505 -4.027017 -10.552041 -58.596405 6.090129 -13.982712 -7.150198 -2.875044 13.772731 -8.40149 -3.218241 0.347733 -34.211552 0.771654 -0.963029 -17.733368 2.621018 -2e-06 1e-06 -2e-06 -17.346416 -20.095217 -4.201784 21.757555 -1.638375 3.866428 2e-06 -6.338823 1e-06 -1.69759 -22.591743 -6.194006 1e-06 -4e-06 -2e-06 -95.675011 -75.007378 -73.450607 94.73764 -29.867704 -74.089149 26.552082 -0.809888 0.824088 4.94138 1.235205 -91.410988 22.182112 -20.375885 49.933296 -16.701813 -16.74353 28.476526 -3e-06 -12.690598 -1e-06 13.355674 -16.980289 4.942068 -0.105917 -1.513855 -4.27588 -5.039041 -5.612871 -2.953556 4e-06 -11.02052 -2e-06 -6.111293 -15.895329 -3.840471 -0.0 -0.0 0.0 -10.283369 -5.680286 -4.341836 11.028288 -11.302402 -2.372633 -1.384269 -14.238576 -6.32012 -0.625436 -26.924179 -3.8276 -3.989475 -48.893414 -2.760685 -13.708522 -7.363476 -3.720938 18.141146 -14.052736 -3.242674 8e-06 -18.787266 -3e-06 -0.429709 -8.456041 2.555502 -1e-06 0.0 -1e-06 -15.923531 -20.094481 -5.473582 30.419207 -7.190823 1.735925 5e-06 -8.162922 -1e-06 -1.861903 -22.861469 -6.167942 -0.0 -4e-06 -1e-06 -175.809479 -0.129177 -4.869278 9.5927 -0.053986 0.006329 -79.028183 1.51986 -2.646538 -5.612772 1.622177 2.191221 -1.0 0.0 -0.0 4.689323 -4.214336 -19.063402 14.190306 0.042306 -0.113797 -82.71508 -5.563753 -7.087625 -7.086125 0.392969 1.547074 -1.000001 0.0 0.0 
0.0 0.0 0.0 0.0 -0.0 0.0 -0.366124 99.798279 0.766559 92.385872 3.783936 97.866356 -3.011343 -0.572666 0.956158 -12.157508 0.626402 4.734827 22.430481 -2.060617 3.186369 20.195629 -14.968695 3.228592 -2.950122 -0.606309 1.47192 -25.206038 -4.481011 3.343824 6e-06 1e-06 3e-06 -0.042653 0.058357 -0.252527 -0.003969 0.157746 -0.226362 -0.008529 -0.058228 -0.276008 -71.25573 -74.895561 80.194649 89.15345 -44.371155 -88.26001 47.540516 -3.557767 -0.516285 -18.077736 4.268685 -90.546837 17.636631 -26.322721 52.411179 -19.46665 -14.395592 29.410378 0.0 -8.774819 -3e-06 14.735108 -17.169878 6.304985 -0.609777 -1.795654 -3.889325 -4.807086 -11.046809 -2.93785 2e-06 -20.976015 -0.0 -5.019969 -25.033556 -4.031881 5e-06 0.0 -1e-06 -10.634533 -5.686971 -3.565588 10.573271 -17.922947 -3.113899 3e-06 -13.821208 -0.0 -0.501777 -31.181505 -4.027019 -10.59619 -58.607025 6.124633 -13.982709 -7.150195 -2.875042 13.772725 -8.401489 -3.21824 0.347732 -34.211544 0.771655 -0.963031 -17.733366 2.621018 -1e-06 1e-06 -2e-06 -17.346413 -20.095217 -4.201783 21.757555 -1.638373 3.86643 0.0 -6.338823 1e-06 -1.697592 -22.591743 -6.194007 0.0 -3e-06 -2e-06 -95.592018 -74.859772 -73.494499 94.615829 -29.535049 -73.899055 25.838953 -0.773741 0.798046 5.13652 1.325265 -92.160278 22.182114 -20.3759 49.933323 -16.701807 -16.743525 28.47653 -3e-06 -12.690599 -2e-06 13.413837 -16.92585 4.919329 -0.105921 -1.513856 -4.275882 -5.03904 -5.61287 -2.953557 4e-06 -11.02052 -2e-06 -6.111295 -15.895328 -3.840472 -1e-06 -0.0 0.0 -10.283369 -5.680288 -4.34184 11.028291 -11.302403 -2.372632 -1.384271 -14.238577 -6.320121 -0.625438 -26.924185 -3.8276 -3.976676 -48.943546 -2.742732 -13.708519 -7.363473 -3.720942 18.141146 -14.052739 -3.242672 7e-06 -18.787268 -0.0 -0.429711 -8.456043 2.555504 1e-06 -0.0 3e-06 -15.923536 -20.094482 -5.473586 30.419207 -7.190826 1.735928 5e-06 -8.162924 0.0 -1.861904 -22.861471 -6.167938 -1e-06 -4e-06 -0.0 -175.744736 -0.102463 -4.862572 9.512923 -0.05373 0.012545 -78.996567 1.538742 -2.602742 -5.666718 1.626227 2.190396 -0.999999 -0.0 -0.0 4.694178 -4.246638 -19.057894 14.251972 0.043307 -0.10974 -82.761162 -5.549632 -7.131381 -7.116689 0.399289 1.549095 -1.000001 0.0 0.0 
0.0 0.0 0.0 0.0 -0.0 0.0 -0.381126 99.799332 0.775119 92.41465 3.796519 97.888855 -3.048981 -0.530936 0.968061 -12.163335 0.656016 4.753901 22.446177 -2.054681 3.239813 20.194805 -14.978091 3.216824 -2.947192 -0.604137 1.72604 -25.320021 -4.344477 3.622956 6e-06 0.0 1e-06 -0.041277 0.055057 -0.251935 0.002333 0.156937 -0.226228 -0.009559 -0.063516 -0.274188 -71.69886 -74.860672 80.633347 89.300354 -44.308971 -87.895332 47.514496 -3.552037 -0.500355 -17.919756 4.335292 -90.3955 17.636635 -26.322737 52.411205 -19.466665 -14.395598 29.410395 -1e-06 -8.774824 -3e-06 14.702498 -17.170639 6.344097 -0.609777 -1.795653 -3.889329 -4.807087 -11.046814 -2.937852 5e-06 -20.976021 -1e-06 -5.019972 -25.033564 -4.031882 6e-06 1e-06 -1e-06 -10.634537 -5.686972 -3.565588 10.573276 -17.922955 -3.113902 3e-06 -13.821212 1e-06 -0.501778 -31.181511 -4.027018 -10.646362 -58.584808 6.142043 -13.982716 -7.150199 -2.875044 13.772733 -8.401493 -3.218242 0.347737 -34.211555 0.771654 -0.963031 -17.733372 2.621021 -1e-06 3e-06 -2e-06 -17.346424 -20.095219 -4.201784 21.757561 -1.638376 3.866431 1e-06 -6.338824 1e-06 -1.697591 -22.591747 -6.194008 0.0 -4e-06 -2e-06 -95.479362 -74.735374 -73.533913 94.516777 -29.175102 -73.66613 25.237406 -0.717328 0.791789 5.320434 1.394275 -92.753693 22.182116 -20.375891 49.933319 -16.701813 -16.743528 28.476532 -2e-06 -12.690597 -1e-06 13.446129 -16.895826 4.914676 -0.105918 -1.513857 -4.275881 -5.039042 -5.612873 -2.953556 4e-06 -11.020525 -2e-06 -6.111298 -15.895334 -3.84047 -1e-06 0.0 -1e-06 -10.28337 -5.680289 -4.341838 11.02829 -11.302406 -2.372632 -1.384269 -14.238583 -6.320122 -0.625439 -26.924191 -3.827603 -3.959357 -48.914684 -2.736436 -13.70852 -7.363476 -3.72094 18.141144 -14.052739 -3.242674 6e-06 -18.78727 -3e-06 -0.42971 -8.45604 2.555503 -0.0 -2e-06 -1e-06 -15.923534 -20.094484 -5.473585 30.41921 -7.190824 1.735927 3e-06 -8.162927 -1e-06 -1.861904 -22.861479 -6.167943 -1e-06 -4e-06 -0.0 -175.659958 -0.078881 -4.847816 9.374179 -0.054672 0.01437 -78.933075 1.543531 -2.558632 -5.710578 1.635584 2.191973 -0.999999 0.0 0.0 4.717 -4.26484 -19.055822 14.259962 0.048344 -0.107157 -82.779716 -5.529821 -7.166557 -7.146504 0.40498 1.550051 -1.000001 -0.0 0.0 
0.0 0.0 0.0 0.0 -0.0 0.0 -0.40051 99.803879 0.780525 92.434021 3.797181 97.900383 -3.093378 -0.493258 0.974307 -12.162086 0.681118 4.775757 22.453152 -2.04859 3.287415 20.170286 -14.859763 3.190839 -2.934391 -0.583362 2.049783 -25.423262 -4.096812 3.928416 5e-06 1e-06 1e-06 -0.038462 0.054442 -0.24856 0.004166 0.16052 -0.223679 -0.012153 -0.067928 -0.269096 -72.174576 -74.836555 81.114738 89.335251 -44.247639 -87.371613 47.426025 -3.48645 -0.475035 -17.866949 4.295398 -90.458382 17.636623 -26.322716 52.411167 -19.46665 -14.395592 29.410378 0.0 -8.774817 -2e-06 14.641869 -17.178034 6.393421 -0.609776 -1.795653 -3.889327 -4.807088 -11.046809 -2.937848 3e-06 -20.976013 -1e-06 -5.019972 -25.033552 -4.031879 4e-06 0.0 -1e-06 -10.63453 -5.686968 -3.565585 10.573271 -17.922945 -3.113899 3e-06 -13.821205 1e-06 -0.501784 -31.181498 -4.027012 -10.666071 -58.573605 6.14799 -13.982711 -7.150197 -2.875041 13.772726 -8.401488 -3.21824 0.347729 -34.211536 0.771654 -0.963028 -17.733364 2.621016 -1e-06 1e-06 -1e-06 -17.34642 -20.095211 -4.201776 21.757551 -1.638372 3.866426 2e-06 -6.338821 1e-06 -1.697593 -22.591738 -6.194003 0.0 -4e-06 -2e-06 -95.293121 -74.584099 -73.635979 94.427505 -28.797062 -73.466805 24.691034 -0.686249 0.814827 5.483748 1.445528 -92.960175 22.182112 -20.375898 49.933304 -16.701813 -16.743528 28.47653 -4e-06 -12.6906 -1e-06 13.429012 -16.882652 4.928738 -0.105917 -1.513856 -4.27588 -5.039041 -5.61287 -2.953555 5e-06 -11.020523 -1e-06 -6.111293 -15.89533 -3.840468 -1e-06 -0.0 -0.0 -10.283364 -5.680287 -4.341838 11.028293 -11.302406 -2.372632 -1.384266 -14.23858 -6.32012 -0.625439 -26.924187 -3.827598 -3.929446 -48.836906 -2.741983 -13.708522 -7.363474 -3.720938 18.141148 -14.052739 -3.242674 7e-06 -18.78727 -1e-06 -0.42971 -8.456042 2.555502 1e-06 -2e-06 -1e-06 -15.92353 -20.094482 -5.473583 30.419207 -7.190827 1.735925 5e-06 -8.162925 -1e-06 -1.861903 -22.861469 -6.167941 -1e-06 -3e-06 -0.0 -175.578918 -0.064243 -4.8365 9.210421 -0.054 0.009485 -78.854347 1.546307 -2.522712 -5.733567 1.645436 2.195122 -0.999999 -0.0 -0.0 4.737402 -4.269115 -19.071138 14.233497 0.051062 -0.10216 -82.778191 -5.497385 -7.181359 -7.170192 0.404761 1.549163 -1.000001 0.0 0.0 
0.0 0.0 0.0 0.0 -0.0 0.0 -0.426237 99.804398 0.780533 92.448051 3.803277 97.90831 -3.132265 -0.460944 0.970889 -12.16323 0.704305 4.801779 22.462162 -2.043434 3.358026 20.149324 -14.645092 3.147229 -2.928203 -0.542319 2.455054 -25.473982 -3.738305 4.228274 6e-06 -1e-06 -0.0 -0.036283 0.057716 -0.241767 0.007652 0.167403 -0.216443 -0.010812 -0.06775 -0.261503 -72.678871 -74.825806 81.655952 89.318275 -44.148457 -86.77491 47.337284 -3.381963 -0.458486 -17.921129 4.173156 -90.698669 17.636623 -26.322737 52.411213 -19.466665 -14.395602 29.410398 -0.0 -8.774822 -1e-06 14.562257 -17.178667 6.449609 -0.609777 -1.795655 -3.889329 -4.807088 -11.046815 -2.937851 3e-06 -20.976023 -1e-06 -5.019974 -25.033564 -4.031881 5e-06 -2e-06 -1e-06 -10.634537 -5.686972 -3.565588 10.573277 -17.922955 -3.113903 2e-06 -13.821213 1e-06 -0.50178 -31.181511 -4.027017 -10.659941 -58.530468 6.170362 -13.982717 -7.150202 -2.875042 13.772733 -8.401494 -3.218243 0.347733 -34.211563 0.771654 -0.963033 -17.733379 2.621019 -1e-06 2e-06 -2e-06 -17.346422 -20.095228 -4.201782 21.757561 -1.638372 3.866426 2e-06 -6.338825 1e-06 -1.69759 -22.591753 -6.194008 -0.0 -4e-06 -2e-06 -95.021431 -74.41777 -73.809128 94.376465 -28.419756 -73.343582 24.170866 -0.637579 0.850325 5.62922 1.475435 -92.726357 22.182104 -20.375881 49.933308 -16.701815 -16.743528 28.47653 -2e-06 -12.6906 -0.0 13.37923 -16.872269 4.956748 -0.105918 -1.513857 -4.275881 -5.039042 -5.612872 -2.953557 6e-06 -11.02052 -4e-06 -6.111298 -15.895332 -3.840472 -1e-06 1e-06 0.0 -10.283367 -5.680288 -4.341837 11.028291 -11.302402 -2.372633 -1.384268 -14.238577 -6.320122 -0.625433 -26.924187 -3.827604 -3.900863 -48.74649 -2.756492 -13.708521 -7.363475 -3.720938 18.141146 -14.052736 -3.242675 6e-06 -18.787266 -4e-06 -0.429711 -8.45604 2.555501 2e-06 -1e-06 0.0 -15.923532 -20.094482 -5.473585 30.41921 -7.190824 1.735924 5e-06 -8.162922 -1e-06 -1.861902 -22.861465 -6.167944 -0.0 -2e-06 1e-06 -175.541809 -0.061891 -4.810965 9.143001 -0.052914 0.000397 -78.818176 1.534235 -2.516987 -5.71913 1.651975 2.19959 -0.999999 0.0 0.0 4.739058 -4.269861 -19.094994 14.248402 0.050671 -0.098285 -82.792542 -5.478997 -7.196255 -7.176058 0.405213 1.548924 -1.000002 -1e-06 -0.0 
0.0 0.0 0.0 0.0 -0.0 0.0 -0.453858 99.797859 0.769072 92.46386 3.808495 97.928207 -3.171856 -0.431057 0.968626 -12.167917 0.722298 4.834195 22.48444 -2.054867 3.440351 20.131512 -14.357407 3.108364 -2.922411 -0.495756 2.91728 -25.466898 -3.255867 4.510443 6e-06 -0.0 2e-06 -0.033362 0.059676 -0.23368 0.018985 0.174271 -0.207648 -0.002591 -0.069936 -0.252317 -73.156746 -74.836784 82.141029 89.246529 -44.037323 -86.174828 47.302387 -3.305173 -0.450666 -18.012484 4.028166 -91.014061 17.636625 -26.322729 52.411201 -19.466663 -14.395598 29.410393 -0.0 -8.774822 -2e-06 14.482037 -17.152243 6.499191 -0.609777 -1.795654 -3.889327 -4.807089 -11.046811 -2.93785 4e-06 -20.976019 -1e-06 -5.019973 -25.03356 -4.031882 6e-06 1e-06 -0.0 -10.634535 -5.68697 -3.565588 10.573277 -17.922947 -3.113901 3e-06 -13.821206 1e-06 -0.501781 -31.181505 -4.027015 -10.646961 -58.468994 6.212235 -13.982716 -7.150197 -2.87504 13.772734 -8.401489 -3.218243 0.347732 -34.211544 0.771655 -0.963032 -17.73337 2.621018 -2e-06 3e-06 -0.0 -17.34642 -20.095217 -4.201782 21.757561 -1.638374 3.866428 2e-06 -6.338823 1e-06 -1.69759 -22.591743 -6.194007 1e-06 -3e-06 -2e-06 -94.688965 -74.266563 -74.040916 94.360901 -28.062994 -73.301491 23.702015 -0.576025 0.873096 5.707014 1.494885 -92.236023 22.182119 -20.375895 49.933308 -16.701817 -16.74353 28.476526 -4e-06 -12.690603 -1e-06 13.342889 -16.886568 4.984031 -0.105918 -1.513855 -4.275881 -5.039042 -5.612872 -2.953556 6e-06 -11.020523 -2e-06 -6.111293 -15.89533 -3.840471 -1e-06 -1e-06 -0.0 -10.283371 -5.680288 -4.341838 11.028296 -11.302406 -2.372633 -1.384269 -14.238581 -6.32012 -0.625438 -26.924191 -3.827601 -3.890851 -48.712337 -2.769454 -13.708524 -7.363475 -3.720939 18.141146 -14.052739 -3.242674 8e-06 -18.78727 -1e-06 -0.42971 -8.456043 2.555503 -0.0 0.0 0.0 -15.923534 -20.094482 -5.473584 30.419214 -7.190827 1.735926 5e-06 -8.162926 -0.0 -1.861907 -22.861469 -6.167941 -0.0 -2e-06 1e-06 -175.588272 -0.064966 -4.790669 9.231666 -0.055564 0.000805 -78.847755 1.522345 -2.521782 -5.690462 1.653455 2.203496 -0.999998 -0.0 -0.0 4.690089 -4.287819 -19.140572 14.360234 0.048046 -0.100822 -82.845787 -5.473527 -7.204929 -7.170707 0.405997 1.550533 -1.000002 -0.0 0.0 
0.0 0.0 0.0 0.0 -0.0 0.0 -0.487721 99.793221 0.753326 92.479424 3.814988 97.976509 -3.199085 -0.403175 0.967551 -12.179123 0.731487 4.879853 22.521809 -2.085657 3.510437 20.120724 -14.01633 3.078601 -2.919518 -0.43712 3.42105 -25.431524 -2.664792 4.778571 6e-06 1e-06 -0.0 -0.031157 0.056501 -0.228342 0.035509 0.176678 -0.201271 0.01293 -0.077965 -0.24583 -73.56118 -74.857887 82.526382 89.151367 -43.866589 -85.554535 47.345638 -3.222787 -0.45912 -18.096796 3.928028 -91.399094 17.636633 -26.322723 52.411182 -19.466656 -14.395598 29.410381 -1e-06 -8.774822 -3e-06 14.393716 -17.086153 6.545839 -0.609777 -1.795657 -3.889326 -4.807087 -11.046808 -2.93785 4e-06 -20.976015 1e-06 -5.019971 -25.033552 -4.03188 6e-06 -0.0 -0.0 -10.634535 -5.686972 -3.565587 10.573278 -17.922947 -3.113901 2e-06 -13.821206 1e-06 -0.501777 -31.181498 -4.027017 -10.626735 -58.38092 6.238931 -13.982718 -7.150198 -2.875041 13.772733 -8.401489 -3.218241 0.347733 -34.21154 0.771655 -0.963027 -17.733364 2.621018 -1e-06 3e-06 1e-06 -17.34642 -20.095213 -4.201781 21.757557 -1.638376 3.866429 2e-06 -6.338823 1e-06 -1.697592 -22.591743 -6.194005 0.0 -3e-06 -2e-06 -94.39756 -74.14209 -74.262917 94.357346 -27.798805 -73.390152 23.378756 -0.522169 0.874667 5.730848 1.490141 -91.595947 22.182116 -20.375896 49.933315 -16.701807 -16.743525 28.476522 -3e-06 -12.690599 -1e-06 13.30543 -16.910742 5.010327 -0.10592 -1.513856 -4.275881 -5.039043 -5.612872 -2.953557 4e-06 -11.020521 -1e-06 -6.111297 -15.89533 -3.840469 -1e-06 -0.0 -0.0 -10.283367 -5.680288 -4.341839 11.028293 -11.302403 -2.372632 -1.384272 -14.238578 -6.32012 -0.625438 -26.924187 -3.827598 -3.894106 -48.683746 -2.779571 -13.708524 -7.363474 -3.72094 18.141148 -14.052736 -3.242673 7e-06 -18.787268 -1e-06 -0.429712 -8.456042 2.555504 1e-06 -1e-06 1e-06 -15.923532 -20.094482 -5.473584 30.41921 -7.190825 1.735928 5e-06 -8.162925 -1e-06 -1.861905 -22.861473 -6.167941 -1e-06 -1e-06 -0.0 -175.633743 -0.074593 -4.773847 9.307684 -0.059454 0.00746 -78.863358 1.537526 -2.525646 -5.667457 1.647084 2.204528 -0.999998 -1e-06 0.0 4.657884 -4.295295 -19.213369 14.442669 0.045499 -0.111755 -82.88662 -5.456499 -7.204103 -7.150526 0.40137 1.55276 -1.000001 -1e-06 0.0 
0.0 0.0 0.0 0.0 -0.0 0.0 -0.531411 99.789154 0.726292 92.494751 3.824939 98.051079 -3.21895 -0.380009 0.967091 -12.200599 0.73473 4.930008 22.575029 -2.137411 3.564783 20.10874 -13.621854 3.048732 -2.921382 -0.371394 3.979637 -25.346107 -1.991093 5.019517 6e-06 -0.0 -2e-06 -0.031176 0.051145 -0.223788 0.056791 0.175433 -0.194575 0.032427 -0.08647 -0.241583 -73.783348 -74.864296 82.73465 89.118515 -43.630501 -85.014214 47.451141 -3.100568 -0.481923 -18.209404 3.886278 -91.874916 17.636637 -26.322742 52.411201 -19.466665 -14.395606 29.410395 -1e-06 -8.774822 -2e-06 14.290874 -17.002548 6.599396 -0.609776 -1.795655 -3.889329 -4.80709 -11.04681 -2.93785 3e-06 -20.976019 1e-06 -5.01997 -25.033562 -4.031882 6e-06 3e-06 0.0 -10.634537 -5.686971 -3.565587 10.57328 -17.922955 -3.113902 4e-06 -13.821213 1e-06 -0.50178 -31.181507 -4.027014 -10.615305 -58.299061 6.259447 -13.982719 -7.150199 -2.875041 13.772738 -8.401492 -3.218243 0.347735 -34.211555 0.771657 -0.963029 -17.73337 2.621022 -1e-06 2e-06 -1e-06 -17.346424 -20.095219 -4.201779 21.757563 -1.638376 3.866429 1e-06 -6.338824 1e-06 -1.697589 -22.591745 -6.194006 2e-06 -6e-06 -2e-06 -94.097305 -74.060127 -74.53598 94.364853 -27.663055 -73.574898 23.221485 -0.49543 0.861124 5.722922 1.479185 -90.966522 22.182106 -20.375898 49.933323 -16.701817 -16.743528 28.476534 -4e-06 -12.690599 -0.0 13.276649 -16.915783 5.029222 -0.10592 -1.513857 -4.275882 -5.039042 -5.612873 -2.953557 4e-06 -11.020527 -3e-06 -6.111298 -15.895336 -3.840471 -1e-06 -1e-06 -1e-06 -10.283371 -5.680289 -4.341839 11.028295 -11.302406 -2.372633 -1.384268 -14.238583 -6.320119 -0.625437 -26.924194 -3.8276 -3.89742 -48.66515 -2.775741 -13.708526 -7.363477 -3.720938 18.141148 -14.052741 -3.242676 9e-06 -18.787271 -2e-06 -0.429711 -8.456043 2.555504 1e-06 -1e-06 -1e-06 -15.923534 -20.094484 -5.473585 30.419214 -7.190827 1.735924 5e-06 -8.162927 -0.0 -1.861903 -22.861473 -6.167943 -1e-06 -1e-06 2e-06 -175.692719 -0.093017 -4.743035 9.398177 -0.062398 0.012891 -78.874969 1.561581 -2.548281 -5.659654 1.638932 2.205492 -0.999999 0.0 -0.0 4.62628 -4.289568 -19.268608 14.520713 0.043445 -0.126834 -82.923477 -5.460938 -7.204837 -7.129507 0.395995 1.555351 -1.000002 1e-06 0.0 
0.0 0.0 0.0 0.0 -0.0 0.0 -0.582582 99.788353 0.692896 92.506271 3.826912 98.139915 -3.233058 -0.363815 0.970309 -12.218348 0.730181 4.973011 22.611088 -2.189909 3.613615 20.085175 -13.222301 3.03304 -2.914731 -0.295502 4.553478 -25.220757 -1.271912 5.247869 6e-06 0.0 -2e-06 -0.031492 0.046613 -0.216854 0.077799 0.173871 -0.185438 0.051088 -0.093003 -0.235142 -73.93998 -74.843155 82.838074 89.157722 -43.383156 -84.621597 47.50893 -2.997187 -0.503916 -18.355253 3.900389 -92.205673 17.636627 -26.322725 52.41119 -19.46666 -14.395592 29.410389 -0.0 -8.774817 -3e-06 14.227002 -16.948202 6.615316 -0.609776 -1.795655 -3.889327 -4.807087 -11.046811 -2.937851 2e-06 -20.976017 -2e-06 -5.019969 -25.033556 -4.031883 7e-06 1e-06 1e-06 -10.634533 -5.686972 -3.565588 10.573272 -17.922951 -3.113901 3e-06 -13.821211 -0.0 -0.50178 -31.181505 -4.027017 -10.633024 -58.239693 6.268816 -13.982714 -7.150199 -2.875042 13.772727 -8.401489 -3.218241 0.347734 -34.211552 0.771651 -0.963027 -17.733366 2.621017 -1e-06 2e-06 -1e-06 -17.346418 -20.095221 -4.201782 21.757559 -1.638373 3.866428 3e-06 -6.338823 -0.0 -1.697587 -22.591747 -6.19401 0.0 -4e-06 -2e-06 -93.796524 -74.007378 -74.845909 94.334999 -27.654137 -73.83963 23.205496 -0.520523 0.847443 5.695435 1.492548 -90.427948 22.182112 -20.375898 49.933304 -16.701803 -16.743523 28.476519 -3e-06 -12.690596 -2e-06 13.254045 -16.917784 5.02814 -0.105919 -1.513856 -4.27588 -5.039041 -5.612869 -2.953555 5e-06 -11.02052 -1e-06 -6.111293 -15.895329 -3.840468 -1e-06 0.0 -0.0 -10.283369 -5.680287 -4.341837 11.028286 -11.302402 -2.372629 -1.384268 -14.238577 -6.320119 -0.625441 -26.924187 -3.827598 -3.898543 -48.624725 -2.773264 -13.708522 -7.363475 -3.720938 18.141142 -14.052739 -3.24267 6e-06 -18.78727 -0.0 -0.429709 -8.456041 2.555503 1e-06 -1e-06 -1e-06 -15.923532 -20.094481 -5.473582 30.419205 -7.190824 1.735929 5e-06 -8.162924 0.0 -1.861905 -22.861467 -6.167939 -0.0 -6e-06 -0.0 -175.753952 -0.121913 -4.71487 9.460486 -0.061719 0.011004 -78.86554 1.626522 -2.590989 -5.667529 1.630567 2.20609 -0.999999 0.0 0.0 4.595808 -4.266837 -19.302094 14.568034 0.042052 -0.1372 -82.942337 -5.508724 -7.211597 -7.12248 0.398275 1.56026 -1.000002 1e-06 -0.0 
0.0 0.0 0.0 0.0 -0.0 0.0 -0.631587 99.788795 0.65262 92.517311 3.819367 98.276329 -3.247957 -0.357127 0.979941 -12.22531 0.725232 5.005998 22.628864 -2.249399 3.656735 20.069778 -12.826214 3.034849 -2.902672 -0.223252 5.08092 -25.07966 -0.543998 5.446981 6e-06 0.0 -0.0 -0.032151 0.042569 -0.20536 0.094884 0.171729 -0.172728 0.066222 -0.09808 -0.223338 -73.933159 -74.817329 82.75898 89.286797 -43.124981 -84.417503 47.40229 -2.930465 -0.513726 -18.484568 3.970413 -92.360161 17.636627 -26.322739 52.411201 -19.466663 -14.395598 29.410389 -0.0 -8.774822 -2e-06 14.210099 -16.939724 6.589525 -0.609776 -1.795654 -3.889328 -4.807087 -11.046811 -2.93785 3e-06 -20.976019 -0.0 -5.019971 -25.03356 -4.03188 6e-06 -1e-06 -1e-06 -10.634533 -5.686969 -3.565588 10.573278 -17.922951 -3.113904 5e-06 -13.821208 1e-06 -0.50178 -31.181505 -4.027015 -10.691276 -58.186726 6.275367 -13.982714 -7.150199 -2.875042 13.772732 -8.401494 -3.218243 0.347734 -34.211555 0.771655 -0.963028 -17.733372 2.621017 -2e-06 2e-06 -1e-06 -17.346416 -20.095217 -4.201783 21.757561 -1.638375 3.866426 3e-06 -6.338824 0.0 -1.697587 -22.591745 -6.194007 1e-06 -4e-06 -3e-06 -93.57798 -73.991653 -75.078506 94.268425 -27.705219 -74.145073 23.232225 -0.571772 0.835506 5.67834 1.528384 -89.90596 22.182112 -20.375898 49.933327 -16.701817 -16.74353 28.476532 -4e-06 -12.6906 -1e-06 13.253549 -16.918003 5.015047 -0.105922 -1.513856 -4.275881 -5.039041 -5.612872 -2.953557 4e-06 -11.020523 -2e-06 -6.111295 -15.89533 -3.840472 1e-06 -0.0 0.0 -10.283373 -5.680289 -4.341839 11.028297 -11.302406 -2.372633 -1.384267 -14.238581 -6.320121 -0.625436 -26.924187 -3.827599 -3.920959 -48.597645 -2.756149 -13.708527 -7.363476 -3.720939 18.141148 -14.052739 -3.242674 1e-05 -18.78727 -1e-06 -0.429715 -8.456045 2.555504 1e-06 -1e-06 -1e-06 -15.923536 -20.094482 -5.473586 30.419218 -7.190827 1.735925 7e-06 -8.162925 -1e-06 -1.861904 -22.861471 -6.167942 0.0 -3e-06 -1e-06 -175.843689 -0.156773 -4.675076 9.540405 -0.056691 0.013905 -78.853928 1.723288 -2.61961 -5.722025 1.626407 2.204494 -0.999999 -1e-06 -0.0 4.564324 -4.236361 -19.326029 14.600546 0.042074 -0.147783 -82.951271 -5.612575 -7.217836 -7.140675 0.407497 1.566021 -1.000001 1e-06 0.0 
0.0 0.0 0.0 0.0 -0.0 0.0 -0.681393 99.790207 0.620429 92.522766 3.81023 98.46579 -3.25992 -0.359004 0.99714 -12.217817 0.721571 5.029948 22.626898 -2.305768 3.682382 20.062088 -12.422537 3.038928 -2.878384 -0.17864 5.520052 -24.964931 0.174833 5.584048 6e-06 -0.0 1e-06 -0.033149 0.038441 -0.184219 0.105692 0.168271 -0.151817 0.075652 -0.102164 -0.200599 -73.80439 -74.79393 82.567978 89.452141 -42.836433 -84.317841 47.091965 -2.905473 -0.480931 -18.607012 4.061858 -92.481819 17.636631 -26.322727 52.411201 -19.466665 -14.395598 29.410395 -1e-06 -8.774821 -2e-06 14.226015 -16.967125 6.543397 -0.609775 -1.795657 -3.889328 -4.807089 -11.046813 -2.937852 5e-06 -20.976021 -3e-06 -5.019969 -25.033566 -4.031884 5e-06 2e-06 1e-06 -10.634536 -5.686971 -3.565588 10.573278 -17.922953 -3.113904 3e-06 -13.821213 -0.0 -0.501778 -31.181511 -4.027018 -10.718207 -58.085041 6.257936 -13.982716 -7.150199 -2.875043 13.772736 -8.40149 -3.218243 0.347736 -34.211555 0.77165 -0.963029 -17.733372 2.621017 -1e-06 3e-06 -2e-06 -17.346422 -20.095224 -4.201784 21.757566 -1.638374 3.866428 3e-06 -6.338824 -0.0 -1.697585 -22.591749 -6.194011 -0.0 -2e-06 -1e-06 -93.549286 -73.988853 -75.099724 94.168381 -27.779922 -74.411621 23.27247 -0.604521 0.832104 5.709723 1.57662 -89.376297 22.182121 -20.3759 49.933319 -16.701813 -16.74353 28.47653 -3e-06 -12.690601 -2e-06 13.287724 -16.934181 4.999958 -0.105922 -1.513856 -4.275881 -5.039041 -5.612872 -2.953557 3e-06 -11.020526 -1e-06 -6.111298 -15.895334 -3.84047 0.0 1e-06 -1e-06 -10.283371 -5.680288 -4.341837 11.028293 -11.302406 -2.372632 -1.384269 -14.238582 -6.32012 -0.625442 -26.924192 -3.827599 -3.95367 -48.594307 -2.740137 -13.708525 -7.363475 -3.720939 18.141148 -14.052739 -3.242673 8e-06 -18.78727 -1e-06 -0.429711 -8.456043 2.555505 1e-06 -1e-06 0.0 -15.923539 -20.094482 -5.473583 30.419222 -7.190827 1.735927 3e-06 -8.162926 0.0 -1.861904 -22.861473 -6.167943 -1e-06 -2e-06 1e-06 -175.943359 -0.203868 -4.598118 9.632245 -0.049284 0.017349 -78.846138 1.8236 -2.624316 -5.809614 1.628475 2.201861 -1.0 0.0 -0.0 4.566816 -4.182035 -19.332512 14.582063 0.047652 -0.16157 -82.944321 -5.775955 -7.194666 -7.1893 0.414735 1.570618 -1.000002 1e-06 0.0 
0.0 0.0 0.0 0.0 -0.0 0.0 -0.737559 99.787643 0.594969 92.530357 3.792131 98.717659 -3.274281 -0.371271 1.010727 -12.204792 0.715593 5.043604 22.609396 -2.367177 3.695379 20.041788 -12.006278 3.029558 -2.844816 -0.151145 5.90286 -24.892517 0.868293 5.609473 6e-06 0.0 -3e-06 -0.034164 0.035129 -0.153561 0.106039 0.166982 -0.123604 0.075643 -0.10702 -0.166252 -73.733688 -74.788895 82.422157 89.602104 -42.517323 -84.24588 46.606625 -2.890317 -0.419809 -18.775936 4.11052 -92.454948 17.636627 -26.322731 52.411198 -19.466661 -14.395594 29.410393 -1e-06 -8.77482 -2e-06 14.239594 -16.971506 6.497518 -0.609778 -1.795653 -3.889327 -4.807086 -11.04681 -2.93785 4e-06 -20.976015 -1e-06 -5.019969 -25.033556 -4.031881 5e-06 1e-06 -0.0 -10.63453 -5.686967 -3.565588 10.573271 -17.922949 -3.1139 3e-06 -13.821209 1e-06 -0.501778 -31.181505 -4.027015 -10.665714 -57.918583 6.22345 -13.982712 -7.150194 -2.875043 13.77273 -8.401492 -3.218241 0.347735 -34.211552 0.771654 -0.963029 -17.73337 2.621018 -2e-06 2e-06 -1e-06 -17.346416 -20.095217 -4.201784 21.757555 -1.638376 3.866429 1e-06 -6.338824 1e-06 -1.697585 -22.591745 -6.194008 0.0 -4e-06 -2e-06 -93.59407 -73.997559 -74.988892 94.031578 -27.827621 -74.714233 23.302013 -0.630413 0.840583 5.799565 1.66262 -88.841339 22.182102 -20.375889 49.933304 -16.701811 -16.743528 28.476526 -4e-06 -12.690595 0.0 13.335001 -16.967014 4.980048 -0.105919 -1.513856 -4.275881 -5.039039 -5.61287 -2.953555 6e-06 -11.02052 -2e-06 -6.111292 -15.895328 -3.840468 -1e-06 -0.0 -0.0 -10.283364 -5.680287 -4.341838 11.028289 -11.302402 -2.372633 -1.384268 -14.238575 -6.320119 -0.625436 -26.924179 -3.827602 -3.956882 -48.627045 -2.754887 -13.708519 -7.363473 -3.720938 18.141144 -14.052736 -3.242674 8e-06 -18.787266 -1e-06 -0.429711 -8.456041 2.555503 2e-06 -0.0 -1e-06 -15.923528 -20.094479 -5.473584 30.419205 -7.190824 1.735924 3e-06 -8.162921 0.0 -1.861903 -22.861464 -6.167941 1e-06 -2e-06 -0.0 -176.098816 -0.259869 -4.477749 9.810919 -0.041737 0.012767 -78.874428 1.954322 -2.601704 -5.890164 1.636527 2.201546 -0.999998 0.0 0.0 4.562686 -4.122352 -19.35463 14.587604 0.053942 -0.177282 -82.959496 -5.973884 -7.157427 -7.239574 0.413148 1.573568 -1.000002 1e-06 0.0 
0.0 0.0 0.0 0.0 -0.0 0.0 -0.803435 99.779778 0.584252 92.539673 3.771126 99.010193 -3.292946 -0.38776 1.005409 -12.193748 0.710411 5.061838 22.585562 -2.442764 3.721077 20.034281 -11.572075 3.011226 -2.821873 -0.139603 6.191136 -24.827154 1.493555 5.471884 6e-06 0.0 -1e-06 -0.037098 0.033524 -0.129478 0.103344 0.16717 -0.101878 0.072127 -0.109901 -0.138791 -73.828522 -74.834747 82.443459 89.698639 -42.159672 -84.157066 46.05719 -2.875126 -0.346154 -18.932898 4.190824 -92.267685 17.636633 -26.322733 52.411205 -19.46666 -14.3956 29.410389 -1e-06 -8.774822 -2e-06 14.23371 -16.950262 6.493378 -0.609778 -1.795655 -3.889327 -4.807088 -11.046812 -2.93785 5e-06 -20.976019 -1e-06 -5.019973 -25.03356 -4.031881 4e-06 -1e-06 -0.0 -10.634537 -5.686972 -3.565587 10.573277 -17.922951 -3.113901 2e-06 -13.821209 1e-06 -0.501778 -31.181505 -4.027017 -10.592432 -57.745487 6.20187 -13.982718 -7.150199 -2.875041 13.772733 -8.401491 -3.218243 0.347733 -34.211552 0.771656 -0.96303 -17.73337 2.621019 -1e-06 1e-06 -1e-06 -17.346422 -20.095221 -4.201782 21.757565 -1.638374 3.866428 3e-06 -6.338823 1e-06 -1.697592 -22.591747 -6.194006 2e-06 -4e-06 -1e-06 -93.607071 -74.007721 -74.895187 93.864098 -27.873796 -75.141266 23.272324 -0.660561 0.843132 5.987269 1.700685 -88.293785 22.182108 -20.375895 49.933304 -16.701815 -16.743534 28.476526 -3e-06 -12.690603 0.0 13.384161 -17.008219 4.959608 -0.105922 -1.513856 -4.275881 -5.039042 -5.612871 -2.953555 5e-06 -11.020523 -1e-06 -6.111293 -15.895329 -3.840467 -2e-06 -0.0 -1e-06 -10.283371 -5.680288 -4.341835 11.028292 -11.302405 -2.372632 -1.384269 -14.238578 -6.320117 -0.625442 -26.924187 -3.827598 -3.950941 -48.660793 -2.781804 -13.708525 -7.363474 -3.720936 18.14115 -14.052738 -3.242676 7e-06 -18.78727 -1e-06 -0.429711 -8.456043 2.555503 1e-06 -2e-06 0.0 -15.923538 -20.094482 -5.473579 30.41921 -7.190825 1.735924 6e-06 -8.162927 -0.0 -1.861906 -22.861467 -6.167939 -1e-06 -1e-06 -2e-06 -176.295685 -0.322677 -4.292874 10.072845 -0.036617 0.003436 -78.944122 2.087257 -2.592479 -5.958657 1.650618 2.201726 -0.999999 0.0 0.0 4.556908 -4.055697 -19.376156 14.622537 0.061533 -0.19283 -83.004044 -6.200189 -7.13164 -7.296858 0.407251 1.575812 -1.000002 0.0 -0.0 
0.0 0.0 0.0 0.0 -0.0 0.0 -0.877266 99.767349 0.581936 92.551895 3.758593 99.346832 -3.317511 -0.404837 0.995384 -12.201119 0.707126 5.083375 22.595776 -2.531873 3.741046 20.059675 -11.119074 2.987298 -2.81419 -0.142624 6.301635 -24.796003 2.038881 5.157043 6e-06 -0.0 -2e-06 -0.040371 0.0317 -0.110992 0.106176 0.166278 -0.085076 0.072105 -0.111938 -0.117804 -74.019333 -74.91507 82.61412 89.772408 -41.729523 -84.062767 45.532482 -2.826256 -0.274192 -19.018681 4.364858 -92.108124 17.636633 -26.322737 52.411213 -19.466663 -14.395598 29.410395 -0.0 -8.774824 -2e-06 14.199656 -16.911379 6.52093 -0.609777 -1.795655 -3.889328 -4.80709 -11.046811 -2.93785 3e-06 -20.976019 -0.0 -5.019971 -25.03356 -4.031882 5e-06 1e-06 0.0 -10.634537 -5.686972 -3.565589 10.573277 -17.922951 -3.113901 4e-06 -13.821211 1e-06 -0.50178 -31.181505 -4.027015 -10.545658 -57.61591 6.194834 -13.982717 -7.150196 -2.875043 13.772731 -8.401493 -3.21824 0.347734 -34.211555 0.771656 -0.96303 -17.73337 2.621019 -2e-06 1e-06 -1e-06 -17.346426 -20.095221 -4.201784 21.757566 -1.638376 3.86643 1e-06 -6.338823 0.0 -1.697592 -22.591747 -6.194009 1e-06 -3e-06 -1e-06 -93.53968 -74.030983 -74.896477 93.703697 -27.918461 -75.677231 23.187464 -0.655879 0.84519 6.224672 1.624074 -87.780563 22.182114 -20.375898 49.933331 -16.701818 -16.743536 28.476542 -4e-06 -12.690605 -1e-06 13.455338 -17.062349 4.928727 -0.10592 -1.513857 -4.275882 -5.039042 -5.612873 -2.953558 4e-06 -11.020526 -2e-06 -6.111298 -15.895336 -3.840472 0.0 -0.0 -0.0 -10.283373 -5.68029 -4.341839 11.028298 -11.302406 -2.372635 -1.384271 -14.238581 -6.320122 -0.625438 -26.924191 -3.827603 -3.964828 -48.71727 -2.793926 -13.708527 -7.363478 -3.720941 18.141155 -14.052739 -3.242676 7e-06 -18.78727 0.0 -0.429713 -8.456044 2.555504 2e-06 1e-06 2e-06 -15.923543 -20.094486 -5.473585 30.419224 -7.190827 1.735924 5e-06 -8.162929 0.0 -1.861908 -22.861479 -6.167943 0.0 -2e-06 -1e-06 -176.516998 -0.391787 -4.068379 10.401451 -0.035298 -0.002777 -79.042877 2.219079 -2.59441 -5.995773 1.665953 2.201993 -0.999998 -0.0 -0.0 4.564277 -3.981961 -19.402163 14.674788 0.072216 -0.210837 -83.069939 -6.439359 -7.14221 -7.332073 0.397383 1.575543 -1.000002 -0.0 -0.0 
0.0 0.0 0.0 0.0 -0.0 0.0 -0.955348 99.752258 0.590108 92.570831 3.753505 99.705658 -3.356419 -0.424758 0.98427 -12.217102 0.704239 5.106755 22.653791 -2.635314 3.746433 20.110231 -10.624072 2.959712 -2.814421 -0.163056 6.195866 -24.828218 2.517321 4.658818 6e-06 -0.0 -1e-06 -0.040528 0.029121 -0.100657 0.117993 0.166323 -0.076315 0.082042 -0.116468 -0.105532 -74.311798 -75.016754 82.896835 89.803482 -41.257492 -83.940178 45.069088 -2.743665 -0.187702 -19.032909 4.616879 -91.937531 17.636625 -26.322737 52.411201 -19.466665 -14.395598 29.410395 -0.0 -8.774822 -2e-06 14.159563 -16.892359 6.547187 -0.609775 -1.795654 -3.889328 -4.80709 -11.046813 -2.93785 4e-06 -20.976021 -2e-06 -5.019971 -25.033562 -4.031882 5e-06 -0.0 -1e-06 -10.634532 -5.686973 -3.565588 10.573276 -17.922951 -3.113902 3e-06 -13.821211 0.0 -0.501778 -31.181505 -4.027015 -10.538416 -57.543293 6.200998 -13.982716 -7.150201 -2.875042 13.772733 -8.401491 -3.218242 0.347737 -34.211555 0.771652 -0.963029 -17.73337 2.621018 -1e-06 1e-06 -1e-06 -17.346418 -20.095221 -4.201783 21.757557 -1.638375 3.866427 3e-06 -6.338824 0.0 -1.697591 -22.591747 -6.194007 1e-06 -3e-06 -2e-06 -93.375 -74.052559 -75.017456 93.553757 -27.953688 -76.251427 23.079695 -0.606417 0.846573 6.452176 1.489304 -87.451187 22.182108 -20.375895 49.933319 -16.701815 -16.743528 28.47653 -4e-06 -12.6906 -0.0 13.523897 -17.148781 4.901795 -0.105919 -1.513857 -4.275881 -5.039041 -5.612873 -2.953557 5e-06 -11.020523 -2e-06 -6.111297 -15.895332 -3.84047 0.0 1e-06 1e-06 -10.283368 -5.680288 -4.341838 11.02829 -11.302406 -2.372633 -1.38427 -14.238581 -6.32012 -0.625436 -26.924183 -3.8276 -3.99993 -48.792271 -2.797 -13.708526 -7.363476 -3.720939 18.141146 -14.052739 -3.242676 9e-06 -18.78727 -3e-06 -0.429711 -8.456047 2.555504 1e-06 -1e-06 1e-06 -15.923534 -20.094482 -5.473584 30.41921 -7.190826 1.735924 4e-06 -8.162927 -0.0 -1.861904 -22.861473 -6.167944 0.0 -4e-06 -0.0 -176.730408 -0.458078 -3.8451 10.737703 -0.038996 -0.002448 -79.147324 2.375214 -2.589185 -5.998991 1.669675 2.200704 -1.0 0.0 -0.0 4.587439 -3.912156 -19.462633 14.73595 0.083507 -0.231103 -83.150993 -6.658184 -7.160686 -7.338297 0.385663 1.573909 -1.000003 1e-06 0.0 
0.0 0.0 0.0 0.0 -0.0 0.0 -1.035826 99.735817 0.61132 92.593002 3.768499 100.046608 -3.390217 -0.454875 0.972548 -12.236495 0.700855 5.125772 22.739685 -2.738002 3.730005 20.200523 -10.050486 2.917032 -2.819226 -0.187708 5.882994 -24.913637 2.913663 3.991666 6e-06 -0.0 1e-06 -0.038604 0.027215 -0.098333 0.13553 0.166535 -0.075679 0.101268 -0.120027 -0.101374 -74.706718 -75.127243 83.300308 89.780075 -40.78347 -83.720413 44.721771 -2.561956 -0.106679 -19.017 4.886522 -91.725739 17.636639 -26.322737 52.411201 -19.466663 -14.395597 29.410395 -1e-06 -8.774821 -2e-06 14.121558 -16.891201 6.550723 -0.609779 -1.795654 -3.889326 -4.807087 -11.046811 -2.937852 3e-06 -20.976021 -0.0 -5.01997 -25.033562 -4.031881 5e-06 -1e-06 -0.0 -10.634536 -5.686974 -3.565589 10.573276 -17.922955 -3.1139 4e-06 -13.821214 1e-06 -0.50178 -31.181519 -4.027015 -10.523925 -57.47086 6.179585 -13.982717 -7.150198 -2.875042 13.772729 -8.401493 -3.21824 0.347731 -34.211559 0.771658 -0.963031 -17.733372 2.62102 -1e-06 -0.0 -1e-06 -17.346422 -20.095221 -4.201783 21.757555 -1.638374 3.86643 2e-06 -6.338825 1e-06 -1.69759 -22.591751 -6.194006 0.0 -1e-06 -1e-06 -93.114281 -74.089577 -75.214813 93.428955 -27.948286 -76.835869 22.966585 -0.550152 0.851789 6.733836 1.29664 -87.166435 22.182117 -20.375898 49.933327 -16.701817 -16.74353 28.476532 -3e-06 -12.690601 -1e-06 13.554766 -17.223145 4.898322 -0.10592 -1.513857 -4.275881 -5.039042 -5.612873 -2.953557 4e-06 -11.020526 -3e-06 -6.111298 -15.895334 -3.840472 2e-06 -0.0 1e-06 -10.283371 -5.680288 -4.341839 11.028296 -11.302406 -2.372634 -1.384267 -14.238582 -6.320121 -0.625436 -26.924187 -3.827602 -4.034784 -48.84227 -2.787209 -13.708524 -7.363476 -3.72094 18.14115 -14.052739 -3.242676 9e-06 -18.787271 -2e-06 -0.429712 -8.456045 2.555505 2e-06 -1e-06 0.0 -15.923536 -20.094486 -5.473586 30.419222 -7.190827 1.735925 4e-06 -8.162929 -0.0 -1.8619 -22.861473 -6.167945 1e-06 -2e-06 1e-06 -176.895828 -0.524999 -3.658309 11.040232 -0.044257 0.000352 -79.246567 2.545936 -2.576668 -5.962462 1.66157 2.198361 -0.999998 -1e-06 -0.0 4.64575 -3.842657 -19.554789 14.782844 0.093905 -0.247892 -83.234314 -6.844484 -7.1521 -7.31663 0.380532 1.572592 -1.000002 -0.0 0.0 
0.0 0.0 0.0 0.0 -0.0 0.0 -1.115521 99.719635 0.64479 92.609779 3.810723 100.335709 -3.41287 -0.478549 0.958262 -12.259409 0.693739 5.128767 22.851198 -2.841065 3.695227 20.346375 -9.379004 2.853003 -2.822475 -0.230341 5.374586 -25.038481 3.217882 3.134171 6e-06 0.0 -1e-06 -0.035167 0.025785 -0.096685 0.16202 0.163494 -0.074632 0.129809 -0.119371 -0.099403 -75.273705 -75.209457 83.923775 89.706871 -40.310562 -83.486465 44.520176 -2.357812 -0.029719 -18.979862 5.204843 -91.331299 17.636623 -26.322733 52.411194 -19.466661 -14.395597 29.410385 -1e-06 -8.774819 -2e-06 14.084827 -16.899315 6.542097 -0.609779 -1.795655 -3.889328 -4.807087 -11.04681 -2.937849 5e-06 -20.976013 -1e-06 -5.019969 -25.033556 -4.03188 6e-06 2e-06 1e-06 -10.634533 -5.686968 -3.565589 10.573274 -17.922947 -3.113901 2e-06 -13.821205 2e-06 -0.501778 -31.181501 -4.027012 -10.464831 -57.410248 6.10983 -13.982712 -7.150199 -2.875042 13.772731 -8.401491 -3.218241 0.347736 -34.211544 0.771653 -0.963029 -17.733364 2.62102 -1e-06 -0.0 -1e-06 -17.346415 -20.095213 -4.201781 21.757553 -1.638376 3.866427 2e-06 -6.338823 1e-06 -1.697588 -22.591742 -6.194005 0.0 -2e-06 -1e-06 -92.738518 -74.13414 -75.528915 93.330414 -27.93956 -77.41172 22.884855 -0.514996 0.849266 7.004462 0.967737 -86.803154 22.182108 -20.375887 49.933315 -16.701817 -16.74353 28.47653 -3e-06 -12.6906 -1e-06 13.538237 -17.266102 4.905265 -0.105918 -1.513856 -4.275881 -5.039042 -5.612871 -2.953557 3e-06 -11.020521 -2e-06 -6.111293 -15.89533 -3.840471 0.0 -1e-06 -0.0 -10.283369 -5.680289 -4.341838 11.02829 -11.302405 -2.372634 -1.384267 -14.238579 -6.320122 -0.625436 -26.924185 -3.827603 -4.040972 -48.827686 -2.772568 -13.708525 -7.363475 -3.720938 18.14115 -14.052738 -3.242675 8e-06 -18.787268 -3e-06 -0.429715 -8.456043 2.555503 1e-06 -2e-06 1e-06 -15.923532 -20.094482 -5.473586 30.41921 -7.190826 1.735925 6e-06 -8.162924 -1e-06 -1.861903 -22.861467 -6.167945 0.0 -2e-06 -1e-06 -176.99408 -0.598891 -3.513862 11.291713 -0.049813 0.001591 -79.338921 2.707701 -2.577539 -5.900132 1.646686 2.195894 -0.999999 1e-06 0.0 4.750393 -3.760449 -19.65744 14.789238 0.097187 -0.257722 -83.301155 -7.012888 -7.115504 -7.252901 0.378903 1.572327 -1.000002 -1e-06 0.0 
0.0 0.0 0.0 0.0 -0.0 0.0 -1.187116 99.703583 0.689095 92.616646 3.869903 100.535881 -3.443397 -0.499487 0.951672 -12.291532 0.685769 5.12634 22.999292 -2.941539 3.632782 20.52042 -8.574141 2.790049 -2.82913 -0.29129 4.627894 -25.174208 3.464937 2.04591 6e-06 -0.0 -3e-06 -0.02982 0.024712 -0.102663 0.197718 0.155683 -0.08004 0.169263 -0.113265 -0.107011 -75.989426 -75.265411 84.778419 89.559952 -39.833057 -83.180313 44.462643 -2.14916 0.033209 -18.874426 5.597838 -91.027267 17.636639 -26.322748 52.411213 -19.466665 -14.395606 29.410398 -1e-06 -8.774825 -2e-06 14.042536 -16.93833 6.5448 -0.609776 -1.795655 -3.889328 -4.807087 -11.046814 -2.937852 5e-06 -20.976025 -0.0 -5.019973 -25.033571 -4.031882 7e-06 -1e-06 0.0 -10.634537 -5.686974 -3.565589 10.573278 -17.922958 -3.113902 3e-06 -13.821214 1e-06 -0.501781 -31.181511 -4.027016 -10.445387 -57.382313 6.048527 -13.982718 -7.1502 -2.875044 13.772735 -8.401495 -3.218242 0.347732 -34.211559 0.771657 -0.963031 -17.73337 2.621021 -1e-06 -0.0 -1e-06 -17.346426 -20.095224 -4.201783 21.757566 -1.638376 3.86643 2e-06 -6.338826 1e-06 -1.697591 -22.591753 -6.194006 -1e-06 -4e-06 -2e-06 -92.290573 -74.21933 -75.920212 93.284546 -27.931828 -77.85186 22.839348 -0.465915 0.84783 7.275297 0.501538 -86.463417 22.182108 -20.375895 49.933323 -16.701811 -16.743528 28.476532 -3e-06 -12.690597 -1e-06 13.504866 -17.277407 4.928376 -0.10592 -1.513857 -4.275882 -5.039039 -5.612872 -2.953557 2e-06 -11.020523 -3e-06 -6.111293 -15.895334 -3.840473 0.0 0.0 -0.0 -10.283366 -5.680288 -4.34184 11.028287 -11.302402 -2.372632 -1.384269 -14.238577 -6.320121 -0.625435 -26.924183 -3.827604 -4.062552 -48.807693 -2.735604 -13.708519 -7.363478 -3.720941 18.141142 -14.052737 -3.242673 7e-06 -18.787268 -3e-06 -0.429713 -8.456043 2.555503 1e-06 -0.0 0.0 -15.923532 -20.094484 -5.473587 30.41921 -7.190824 1.735926 4e-06 -8.162925 -0.0 -1.861904 -22.861467 -6.167942 -0.0 -3e-06 -0.0 -177.037872 -0.677073 -3.426508 11.504905 -0.054131 0.008083 -79.435005 2.839125 -2.603045 -5.847801 1.62627 2.191221 -0.999999 -0.0 -0.0 4.873531 -3.673992 -19.73947 14.775603 0.094005 -0.26646 -83.354477 -7.166849 -7.064808 -7.177222 0.380628 1.573053 -1.000002 -0.0 0.0 
0.0 0.0 0.0 0.0 -0.0 0.0 -1.24914 99.689278 0.740193 92.615517 3.941254 100.646637 -3.483001 -0.523047 0.959566 -12.330012 0.672045 5.115877 23.161716 -3.03004 3.53039 20.737997 -7.612573 2.733247 -2.834873 -0.3532 3.597394 -25.360317 3.652645 0.710875 6e-06 -0.0 1e-06 -0.022264 0.023057 -0.112611 0.235228 0.142632 -0.090522 0.21309 -0.103234 -0.118142 -76.841293 -75.310516 85.831497 89.333214 -39.395741 -82.692879 44.477325 -1.931877 0.058595 -18.695215 6.059964 -90.919441 17.636627 -26.322737 52.411209 -19.466665 -14.395602 29.410398 -1e-06 -8.774822 -1e-06 14.009612 -16.989431 6.547914 -0.609779 -1.795654 -3.889327 -4.807087 -11.046812 -2.937851 5e-06 -20.976019 -1e-06 -5.019969 -25.03356 -4.03188 6e-06 0.0 1e-06 -10.634534 -5.686973 -3.565588 10.573275 -17.922953 -3.113901 3e-06 -13.821211 1e-06 -0.501778 -31.181507 -4.027014 -10.463829 -57.396675 5.998865 -13.982714 -7.150197 -2.875042 13.772731 -8.401494 -3.218243 0.347739 -34.211555 0.77165 -0.963028 -17.73337 2.621019 -3e-06 1e-06 -1e-06 -17.346422 -20.095219 -4.20178 21.757566 -1.638375 3.866427 1e-06 -6.338824 1e-06 -1.697588 -22.591747 -6.194008 -1e-06 -3e-06 -1e-06 -91.884964 -74.368546 -76.283745 93.287186 -27.962883 -78.226768 22.831717 -0.403498 0.839377 7.546165 -0.085595 -86.248619 22.182108 -20.375889 49.933323 -16.701809 -16.74353 28.47653 -2e-06 -12.690603 -1e-06 13.432383 -17.273411 4.96818 -0.105919 -1.513855 -4.275881 -5.03904 -5.612873 -2.953557 3e-06 -11.02052 -3e-06 -6.111296 -15.895329 -3.840471 -1e-06 -1e-06 -1e-06 -10.283371 -5.680288 -4.341837 11.028289 -11.302402 -2.372633 -1.384268 -14.238576 -6.32012 -0.625438 -26.924179 -3.827602 -4.080793 -48.759514 -2.699374 -13.708523 -7.363477 -3.720939 18.14115 -14.052735 -3.242675 5e-06 -18.787266 -1e-06 -0.429715 -8.456041 2.555503 2e-06 1e-06 -1e-06 -15.923536 -20.094481 -5.473584 30.419214 -7.190823 1.735925 3e-06 -8.162922 -1e-06 -1.861907 -22.861464 -6.167943 2e-06 -2e-06 -0.0 -177.023712 -0.75365 -3.39385 11.657561 -0.058534 0.011339 -79.522102 2.94454 -2.649712 -5.809086 1.603372 2.186197 -0.999999 -0.0 -0.0 5.009512 -3.587616 -19.794878 14.738983 0.085772 -0.270014 -83.393356 -7.26405 -6.979039 -7.109653 0.381507 1.574455 -1.000003 1e-06 0.0 
0.0 0.0 0.0 0.0 -0.0 0.0 -1.30081 99.674393 0.797043 92.603294 4.025808 100.67337 -3.544037 -0.557325 0.986498 -12.370891 0.644479 5.074506 23.332556 -3.09761 3.385669 21.00494 -6.441311 2.65508 -2.827473 -0.418783 2.329478 -25.605177 3.785269 -0.937521 6e-06 -0.0 -1e-06 -0.011621 0.020543 -0.129438 0.271789 0.127622 -0.107999 0.258291 -0.092954 -0.136818 -77.639267 -75.374474 86.904572 89.016312 -39.036167 -81.967896 44.548847 -1.695522 0.034812 -18.502914 6.523406 -91.024841 17.636629 -26.322731 52.411205 -19.46666 -14.395597 29.410389 -1e-06 -8.774821 -2e-06 13.9865 -17.049437 6.574004 -0.609778 -1.795653 -3.889328 -4.807086 -11.04681 -2.937851 5e-06 -20.976015 -1e-06 -5.01997 -25.033556 -4.031882 6e-06 1e-06 1e-06 -10.634533 -5.68697 -3.565588 10.573277 -17.922949 -3.113901 3e-06 -13.821208 0.0 -0.501774 -31.181505 -4.027019 -10.477289 -57.443066 5.974651 -13.982714 -7.150199 -2.875042 13.772733 -8.40149 -3.218242 0.347735 -34.211555 0.771653 -0.963029 -17.733366 2.621021 -3e-06 2e-06 -2e-06 -17.34642 -20.095217 -4.201782 21.757557 -1.638376 3.866428 1e-06 -6.338823 1e-06 -1.697585 -22.591743 -6.194007 0.0 -1e-06 -1e-06 -91.385262 -74.619499 -76.766167 93.287537 -28.092855 -78.51564 22.915266 -0.351388 0.831216 7.762328 -0.756498 -86.047707 22.182114 -20.375898 49.933334 -16.701815 -16.743528 28.476536 -3e-06 -12.690603 -0.0 13.31614 -17.252172 5.024283 -0.105918 -1.513856 -4.275883 -5.039043 -5.612873 -2.953556 4e-06 -11.020525 -3e-06 -6.111297 -15.895334 -3.840473 -1e-06 0.0 -0.0 -10.283371 -5.680289 -4.341839 11.028296 -11.302407 -2.372635 -1.384269 -14.238583 -6.320123 -0.625437 -26.924191 -3.827604 -4.077694 -48.64476 -2.690053 -13.708526 -7.363476 -3.72094 18.141153 -14.05274 -3.242677 9e-06 -18.787271 -3e-06 -0.429711 -8.456043 2.555504 1e-06 -0.0 -1e-06 -15.923539 -20.094486 -5.473584 30.419222 -7.190827 1.735924 6e-06 -8.162925 -1e-06 -1.861904 -22.861469 -6.167943 0.0 -2e-06 -1e-06 -176.977676 -0.83269 -3.395082 11.801516 -0.061456 0.007704 -79.622566 3.024459 -2.742314 -5.784223 1.588551 2.184553 -0.999999 -0.0 0.0 5.153051 -3.507192 -19.854376 14.697878 0.077755 -0.266429 -83.429398 -7.267336 -6.885942 -7.052177 0.380124 1.576824 -1.000001 -1e-06 0.0 
0.0 0.0 0.0 0.0 -0.0 0.0 -1.337073 99.659515 0.859797 92.582329 4.117378 100.621269 -3.623178 -0.606382 1.013697 -12.406334 0.597935 4.997261 23.484629 -3.14031 3.225036 21.281918 -5.049001 2.566212 -2.793752 -0.481929 0.876841 -25.913988 3.899694 -2.85525 6e-06 0.0 1e-06 0.002854 0.01592 -0.150026 0.303507 0.10983 -0.131599 0.298924 -0.084004 -0.156948 -78.13974 -75.471619 87.712585 88.651482 -38.805717 -80.972458 44.608311 -1.418559 -0.022852 -18.378063 6.909291 -91.276192 17.636627 -26.322733 52.411205 -19.466663 -14.395594 29.410393 -0.0 -8.774821 -2e-06 14.014638 -17.071089 6.583718 -0.609774 -1.795655 -3.889328 -4.807089 -11.046809 -2.937851 6e-06 -20.976017 -1e-06 -5.01997 -25.03356 -4.031881 6e-06 -0.0 0.0 -10.634531 -5.68697 -3.565589 10.573275 -17.922951 -3.113901 4e-06 -13.821209 1e-06 -0.501781 -31.181505 -4.027013 -10.460398 -57.48909 5.967326 -13.982714 -7.150197 -2.875044 13.772732 -8.401491 -3.218241 0.347737 -34.211544 0.771654 -0.963029 -17.73337 2.621017 -1e-06 -0.0 -2e-06 -17.346422 -20.095217 -4.201784 21.757559 -1.638375 3.866428 3e-06 -6.338823 0.0 -1.697586 -22.591743 -6.194009 -2e-06 -1e-06 -1e-06 -90.761826 -74.962372 -77.396988 93.227303 -28.359007 -78.819595 23.126411 -0.349611 0.828882 7.877536 -1.36451 -85.98864 22.182116 -20.3759 49.933315 -16.701807 -16.74353 28.476524 -2e-06 -12.690602 -2e-06 13.1651 -17.195574 5.096103 -0.105922 -1.513855 -4.275881 -5.039042 -5.612871 -2.953556 4e-06 -11.020521 -1e-06 -6.111295 -15.89533 -3.84047 -1e-06 0.0 -0.0 -10.283369 -5.680288 -4.341838 11.028292 -11.302403 -2.372631 -1.384271 -14.238578 -6.32012 -0.625439 -26.924187 -3.827599 -4.065499 -48.507202 -2.683676 -13.708527 -7.363474 -3.720939 18.141146 -14.052737 -3.242671 6e-06 -18.787268 1e-06 -0.429711 -8.456041 2.555504 1e-06 2e-06 -1e-06 -15.923538 -20.094481 -5.473583 30.419218 -7.190824 1.735928 2e-06 -8.162926 2e-06 -1.861908 -22.861469 -6.167942 1e-06 -1e-06 -0.0 -176.900528 -0.914338 -3.476706 11.927728 -0.05798 -0.0022 -79.731125 3.133068 -2.843239 -5.801999 1.586734 2.186509 -0.999999 0.0 -0.0 5.299339 -3.440551 -19.907814 14.653953 0.074383 -0.257088 -83.463127 -7.178596 -6.792529 -7.038801 0.381866 1.580385 -1.000002 1e-06 -0.0 
0.0 0.0 0.0 0.0 -0.0 0.0 -1.357653 99.642479 0.922123 92.548248 4.204448 100.519691 -3.726537 -0.677109 1.034546 -12.443265 0.543747 4.905626 23.636301 -3.168578 3.038976 21.499228 -3.428801 2.470796 -2.749336 -0.533627 -0.724228 -26.284929 4.012089 -5.073482 6e-06 -0.0 -1e-06 0.014558 0.00965 -0.170259 0.322161 0.090473 -0.156064 0.326901 -0.076701 -0.175447 -78.379608 -75.620987 88.270462 88.30043 -38.69511 -79.809853 44.707012 -1.145585 -0.0666 -18.281189 7.332604 -91.415894 17.636627 -26.322741 52.411205 -19.466661 -14.395602 29.410393 -1e-06 -8.774821 -2e-06 14.018808 -17.027143 6.617512 -0.609778 -1.795656 -3.889328 -4.80709 -11.046809 -2.937849 4e-06 -20.976019 1e-06 -5.019969 -25.03356 -4.031879 6e-06 1e-06 -1e-06 -10.634537 -5.686967 -3.565588 10.573278 -17.922947 -3.1139 3e-06 -13.821205 2e-06 -0.501782 -31.181498 -4.02701 -10.433837 -57.541149 5.968965 -13.982714 -7.150199 -2.875041 13.77273 -8.401489 -3.21824 0.347732 -34.211555 0.77166 -0.963034 -17.733366 2.621022 -2e-06 -2e-06 -1e-06 -17.346416 -20.095217 -4.20178 21.757557 -1.638375 3.866428 1e-06 -6.338823 2e-06 -1.697592 -22.591745 -6.194003 -2e-06 -3e-06 -2e-06 -89.874855 -75.430756 -78.273491 93.067108 -28.770823 -79.218002 23.568342 -0.357254 0.83477 8.021521 -1.882654 -85.947357 22.182114 -20.375881 49.933296 -16.701817 -16.74353 28.476522 -3e-06 -12.690605 -1e-06 13.0145 -17.166416 5.156582 -0.105919 -1.513858 -4.275881 -5.039042 -5.612871 -2.953556 3e-06 -11.02052 -3e-06 -6.111297 -15.89533 -3.840471 -1e-06 0.0 0.0 -10.283369 -5.680288 -4.341836 11.028291 -11.302402 -2.372633 -1.384268 -14.238577 -6.320121 -0.625434 -26.924181 -3.827602 -4.03261 -48.370628 -2.705119 -13.708524 -7.363477 -3.720937 18.141146 -14.052736 -3.242675 1e-05 -18.787266 -5e-06 -0.429711 -8.456043 2.555501 1e-06 -1e-06 0.0 -15.923536 -20.094482 -5.473581 30.41921 -7.190826 1.735925 5e-06 -8.162924 -1e-06 -1.8619 -22.86146 -6.167944 -1e-06 -3e-06 -0.0 -176.872238 -0.929505 -3.655066 12.110584 -0.055043 -0.013585 -79.880531 3.281778 -2.836312 -5.822456 1.592999 2.190273 -0.999999 -0.0 -0.0 5.42092 -3.382092 -19.934877 14.635149 0.072091 -0.245934 -83.503029 -7.054301 -6.690784 -7.056572 0.388451 1.582748 -1.000001 -1e-06 0.0 
0.0 0.0 0.0 0.0 -0.0 0.0 -1.362731 99.623543 0.992893 92.509506 4.29202 100.393974 -3.841822 -0.776458 1.060833 -12.481102 0.476731 4.801676 23.797485 -3.188209 2.798579 21.612392 -1.574688 2.388151 -2.702384 -0.557267 -2.490738 -26.74493 4.11674 -7.591256 6e-06 0.0 1e-06 0.019879 0.000936 -0.192266 0.329423 0.072335 -0.1801 0.343955 -0.075359 -0.198323 -78.286194 -75.799263 88.504669 88.063026 -38.710022 -78.745712 44.968128 -0.988656 -0.106502 -18.172079 7.886624 -91.334595 17.636629 -26.322735 52.411194 -19.466656 -14.395597 29.410385 -0.0 -8.774821 -3e-06 13.986597 -16.963209 6.646279 -0.609778 -1.795654 -3.889328 -4.807086 -11.046807 -2.937849 4e-06 -20.976013 1e-06 -5.019969 -25.033548 -4.031878 5e-06 0.0 -0.0 -10.634533 -5.686968 -3.565587 10.573277 -17.922947 -3.1139 3e-06 -13.821205 2e-06 -0.501781 -31.181498 -4.027012 -10.385832 -57.625885 5.91951 -13.982713 -7.150197 -2.875043 13.772732 -8.401489 -3.21824 0.347731 -34.21154 0.771659 -0.963029 -17.733366 2.621022 -2e-06 -1e-06 -2e-06 -17.346418 -20.095213 -4.201782 21.757557 -1.638375 3.866428 1e-06 -6.338822 1e-06 -1.697588 -22.591738 -6.194006 0.0 -2e-06 -1e-06 -88.757072 -76.029984 -79.362358 92.795067 -29.387695 -79.770607 24.328773 -0.337494 0.818598 8.233807 -2.342669 -85.878105 22.18211 -20.375891 49.933331 -16.70182 -16.743526 28.47654 -4e-06 -12.6906 -0.0 12.910848 -17.207657 5.194973 -0.105919 -1.513857 -4.275883 -5.039044 -5.612873 -2.953558 5e-06 -11.020527 -3e-06 -6.111296 -15.895336 -3.840474 -2e-06 1e-06 0.0 -10.283369 -5.680288 -4.34184 11.028293 -11.302406 -2.372636 -1.384269 -14.238583 -6.320124 -0.625434 -26.924191 -3.827606 -3.978366 -48.269356 -2.74616 -13.708527 -7.36348 -3.72094 18.141153 -14.052742 -3.242679 9e-06 -18.787275 -4e-06 -0.429712 -8.456043 2.555505 -0.0 -1e-06 -0.0 -15.923536 -20.09449 -5.473589 30.419222 -7.190827 1.735923 2e-06 -8.162926 -2e-06 -1.861902 -22.861479 -6.167946 1e-06 -3e-06 -0.0 -176.818359 -1.025982 -3.876893 12.313354 -0.055266 -0.0236 -80.038727 3.496052 -2.863776 -5.830878 1.597641 2.194112 -0.999999 0.0 -0.0 5.542321 -3.331818 -19.944286 14.624063 0.06958 -0.229263 -83.548645 -6.909749 -6.581236 -7.046755 0.39781 1.582511 -1.000001 1e-06 0.0 
0.0 0.0 0.0 0.0 -0.0 0.0 -1.35008 99.607895 1.074595 92.471603 4.378286 100.271034 -3.959792 -0.896382 1.090426 -12.525555 0.387995 4.665163 23.979704 -3.208866 2.51519 21.589024 0.431018 2.350919 -2.666717 -0.548773 -4.316041 -27.295385 4.192651 -10.227331 6e-06 -0.0 0.0 0.018494 -0.010887 -0.222431 0.325093 0.054535 -0.208764 0.350125 -0.080453 -0.233007 -77.647285 -75.994812 88.206108 88.06675 -38.860497 -77.986046 45.522022 -0.96128 -0.169071 -18.045444 8.564073 -90.925354 17.636633 -26.322737 52.411205 -19.466665 -14.395602 29.410393 -0.0 -8.77482 -2e-06 13.947985 -16.933146 6.664812 -0.609776 -1.795653 -3.889328 -4.807089 -11.046811 -2.937851 3e-06 -20.976019 -0.0 -5.01997 -25.03356 -4.031881 7e-06 0.0 -1e-06 -10.634533 -5.686969 -3.565589 10.573275 -17.922951 -3.113902 4e-06 -13.821208 0.0 -0.501778 -31.181505 -4.027015 -10.353571 -57.76511 5.841748 -13.982716 -7.150198 -2.875042 13.772733 -8.401491 -3.218243 0.347736 -34.211555 0.771654 -0.963028 -17.733368 2.62102 -2e-06 -1e-06 -1e-06 -17.346413 -20.095217 -4.201783 21.757557 -1.638376 3.866428 2e-06 -6.338824 1e-06 -1.697587 -22.591745 -6.194006 -1e-06 -3e-06 -2e-06 -87.482971 -76.766624 -80.606125 92.401543 -30.202677 -80.522644 25.323925 -0.338595 0.758354 8.452953 -2.71885 -85.742668 22.182114 -20.375896 49.933319 -16.701809 -16.743525 28.47653 -2e-06 -12.690598 -1e-06 12.883275 -17.27417 5.205092 -0.10592 -1.513855 -4.275881 -5.039042 -5.612872 -2.953557 4e-06 -11.020521 -2e-06 -6.111293 -15.89533 -3.840472 -1e-06 0.0 -0.0 -10.28337 -5.68029 -4.341838 11.02829 -11.302404 -2.372632 -1.384268 -14.238579 -6.320121 -0.625438 -26.924187 -3.827602 -3.931634 -48.197399 -2.765948 -13.708523 -7.363477 -3.720939 18.141148 -14.052738 -3.242672 6e-06 -18.78727 -3e-06 -0.429712 -8.456043 2.555504 1e-06 -0.0 1e-06 -15.923536 -20.094482 -5.473585 30.419214 -7.190824 1.735926 2e-06 -8.162927 -1e-06 -1.861904 -22.861473 -6.167946 1e-06 -1e-06 -0.0 -176.726898 -1.107388 -4.12506 12.450733 -0.056821 -0.024328 -80.176132 3.713182 -2.83812 -5.845083 1.598644 2.196101 -1.0 -0.0 0.0 5.695861 -3.282918 -19.936743 14.560601 0.068184 -0.214276 -83.572334 -6.769842 -6.502819 -7.009585 0.407121 1.579696 -1.000002 0.0 0.0 
0.0 0.0 0.0 0.0 -0.0 0.0 -1.326086 99.598564 1.1678 92.436401 4.457564 100.137627 -4.074339 -1.024959 1.112788 -12.575094 0.277296 4.487939 24.153963 -3.212312 2.21452 21.457376 2.374076 2.337182 -2.646662 -0.533036 -5.981561 -27.8102 4.19789 -12.658184 6e-06 -0.0 -0.0 0.01388 -0.024853 -0.245265 0.307222 0.034727 -0.227821 0.335198 -0.087549 -0.262312 -76.445854 -76.198349 87.354347 88.366653 -39.150238 -77.559418 46.391243 -1.040289 -0.301441 -17.89543 9.331261 -90.179565 17.636627 -26.322733 52.411201 -19.466663 -14.3956 29.410393 -1e-06 -8.774823 -2e-06 13.907137 -16.927874 6.699831 -0.609778 -1.795653 -3.889328 -4.807091 -11.046811 -2.93785 3e-06 -20.976017 -1e-06 -5.01997 -25.03356 -4.031882 7e-06 -0.0 -2e-06 -10.634536 -5.686972 -3.565587 10.573277 -17.922951 -3.113903 3e-06 -13.821208 0.0 -0.50178 -31.181505 -4.027015 -10.347201 -57.909405 5.780554 -13.982716 -7.150199 -2.875042 13.772731 -8.401489 -3.218242 0.347734 -34.211552 0.771654 -0.963032 -17.73337 2.62102 -1e-06 -0.0 -0.0 -17.346424 -20.095219 -4.20178 21.757557 -1.638374 3.866428 2e-06 -6.338823 1e-06 -1.697588 -22.591745 -6.194008 -0.0 -4e-06 -2e-06 -86.277588 -77.600212 -81.781036 91.859703 -31.157301 -81.544624 26.325092 -0.435746 0.644164 8.593402 -3.027048 -85.435776 22.182102 -20.375891 49.933315 -16.701809 -16.743528 28.476526 -3e-06 -12.690597 -0.0 12.9677 -17.285749 5.162727 -0.105921 -1.513857 -4.275881 -5.039038 -5.612869 -2.953557 6e-06 -11.02052 -2e-06 -6.111295 -15.895329 -3.840471 -2e-06 0.0 -0.0 -10.283367 -5.680288 -4.341838 11.028288 -11.302402 -2.372633 -1.384269 -14.238575 -6.320119 -0.625434 -26.924179 -3.827601 -3.931179 -48.173191 -2.73318 -13.708522 -7.363475 -3.720938 18.141146 -14.052735 -3.242674 7e-06 -18.787266 -3e-06 -0.42971 -8.456039 2.555501 2e-06 -1e-06 0.0 -15.923534 -20.094479 -5.473583 30.419205 -7.190823 1.735924 2e-06 -8.162925 -1e-06 -1.861904 -22.861467 -6.167942 2e-06 -2e-06 -1e-06 -176.576019 -1.168252 -4.362359 12.467739 -0.053291 -0.018556 -80.269737 3.895409 -2.78528 -5.8638 1.600812 2.196672 -1.0 0.0 0.0 5.882358 -3.232596 -19.911777 14.424752 0.066203 -0.197276 -83.561928 -6.659123 -6.456033 -6.976473 0.407691 1.574591 -1.000001 1e-06 -0.0 
0.0 0.0 0.0 0.0 -0.0 0.0 -1.289565 99.595184 1.268759 92.413345 4.542566 99.986 -4.165496 -1.163385 1.127208 -12.619555 0.154089 4.278245 24.2864 -3.180751 1.903941 21.292759 4.131163 2.294947 -2.631329 -0.518263 -7.422911 -28.179956 4.113307 -14.746517 6e-06 0.0 0.0 0.008773 -0.03911 -0.25086 0.277243 0.015486 -0.229462 0.297963 -0.095581 -0.274126 -74.677361 -76.434364 85.936935 88.898865 -39.536457 -77.248619 47.511852 -1.191508 -0.461747 -17.660357 10.099887 -89.177376 17.636625 -26.322725 52.411186 -19.46665 -14.395594 29.410381 -0.0 -8.774819 -1e-06 13.888337 -16.960485 6.746673 -0.609773 -1.79565 -3.889327 -4.80709 -11.046809 -2.937849 2e-06 -20.976013 1e-06 -5.019971 -25.033554 -4.031879 7e-06 -1e-06 1e-06 -10.634531 -5.686968 -3.565587 10.573271 -17.922945 -3.113899 1e-06 -13.821204 1e-06 -0.501778 -31.181498 -4.027017 -10.379458 -57.991081 5.775072 -13.982708 -7.150195 -2.875041 13.772726 -8.401489 -3.218241 0.34773 -34.211544 0.771657 -0.963026 -17.733366 2.621019 -1e-06 -0.0 -0.0 -17.346413 -20.095209 -4.201781 21.757555 -1.638374 3.866427 0.0 -6.338821 1e-06 -1.697589 -22.591738 -6.194002 -2e-06 -3e-06 -2e-06 -85.266884 -78.502991 -82.73922 91.116852 -32.156483 -82.866493 27.210133 -0.620853 0.489759 8.726463 -3.298149 -84.99453 22.182114 -20.3759 49.933315 -16.701811 -16.743528 28.47653 -4e-06 -12.690598 -1e-06 13.16769 -17.283836 5.056201 -0.105922 -1.513857 -4.275881 -5.039043 -5.61287 -2.953556 6e-06 -11.020523 -1e-06 -6.111291 -15.89533 -3.840469 -2e-06 -0.0 1e-06 -10.283371 -5.680288 -4.341838 11.028296 -11.302405 -2.372631 -1.38427 -14.238579 -6.320118 -0.62544 -26.924191 -3.827594 -3.994562 -48.233345 -2.661562 -13.70852 -7.363473 -3.72094 18.141148 -14.052739 -3.242672 5e-06 -18.78727 1e-06 -0.42971 -8.45604 2.555504 1e-06 0.0 0.0 -15.92353 -20.094479 -5.473586 30.419205 -7.190827 1.735925 2e-06 -8.162925 1e-06 -1.861905 -22.861469 -6.167936 1e-06 -1e-06 -1e-06 -176.330185 -1.205589 -4.606702 12.338122 -0.043484 -0.009996 -80.309898 4.046739 -2.715948 -5.882296 1.608338 2.196368 -1.0 0.0 -0.0 6.109557 -3.194501 -19.865776 14.226919 0.067091 -0.174406 -83.52227 -6.563179 -6.424393 -6.973923 0.401563 1.56773 -1.000002 -0.0 -0.0 
0.0 0.0 0.0 0.0 -0.0 0.0 -1.234529 99.586472 1.367583 92.409767 4.629007 99.834137 -4.233916 -1.313322 1.122998 -12.647115 0.020456 4.033467 24.375454 -3.113276 1.593508 21.146379 5.654435 2.229057 -2.619383 -0.503338 -8.682821 -28.439827 3.944263 -16.489111 6e-06 -0.0 0.0 0.005447 -0.051541 -0.238446 0.239518 -0.001622 -0.215161 0.247587 -0.102168 -0.265462 -72.406517 -76.711555 83.98774 89.540123 -39.93095 -76.733551 48.761745 -1.388823 -0.600046 -17.348791 10.79229 -87.831451 17.636625 -26.322729 52.411201 -19.466661 -14.395598 29.410393 -1e-06 -8.774822 -2e-06 13.914819 -16.988676 6.792606 -0.609777 -1.795652 -3.889326 -4.807088 -11.046811 -2.93785 2e-06 -20.976015 -0.0 -5.019972 -25.033558 -4.03188 7e-06 -1e-06 1e-06 -10.634531 -5.686968 -3.565588 10.573274 -17.922949 -3.113901 2e-06 -13.821205 0.0 -0.501777 -31.181498 -4.027014 -10.444795 -58.053093 5.82099 -13.982714 -7.150198 -2.875041 13.77273 -8.401489 -3.218241 0.347734 -34.211552 0.771653 -0.963027 -17.733368 2.621017 0.0 -0.0 1e-06 -17.346416 -20.095213 -4.201782 21.757555 -1.638374 3.866428 1e-06 -6.338823 1e-06 -1.697589 -22.591743 -6.194008 -1e-06 -3e-06 -1e-06 -84.498718 -79.430573 -83.432358 90.143768 -33.081238 -84.561653 27.966518 -0.88146 0.324768 8.909249 -3.457318 -84.59288 22.182114 -20.375898 49.933327 -16.701811 -16.743526 28.47653 -2e-06 -12.690601 -1e-06 13.444388 -17.341497 4.921929 -0.105921 -1.513856 -4.275882 -5.039044 -5.612872 -2.953556 6e-06 -11.020524 -2e-06 -6.111297 -15.895334 -3.840472 -0.0 0.0 -0.0 -10.283373 -5.680289 -4.341839 11.028293 -11.302405 -2.372633 -1.38427 -14.238581 -6.320121 -0.625439 -26.924187 -3.827604 -4.119534 -48.423313 -2.548629 -13.708528 -7.363478 -3.720939 18.14115 -14.052739 -3.242675 5e-06 -18.78727 -2e-06 -0.42971 -8.456041 2.555504 2e-06 1e-06 -0.0 -15.923538 -20.094486 -5.473586 30.419214 -7.190825 1.735926 2e-06 -8.162926 -1e-06 -1.861903 -22.861467 -6.167942 0.0 -3e-06 -1e-06 -176.094025 -1.215182 -4.852766 12.237527 -0.036304 0.00578 -80.361389 4.174359 -2.634052 -5.906323 1.625361 2.197829 -0.999998 0.0 -0.0 6.300784 -3.206345 -19.80875 14.121325 0.071091 -0.146438 -83.523735 -6.463844 -6.387638 -6.976757 0.38841 1.560744 -1.000002 -1e-06 -0.0 
0.0 0.0 0.0 0.0 -0.0 0.0 -1.170734 99.571396 1.466761 92.408218 4.69033 99.646996 -4.296815 -1.465265 1.110728 -12.666038 -0.116152 3.772362 24.43399 -3.002372 1.286022 21.019699 6.943491 2.155598 -2.602314 -0.484314 -9.803107 -28.659119 3.702324 -17.949772 6e-06 -0.0 1e-06 0.007988 -0.061824 -0.220314 0.207431 -0.017029 -0.195337 0.201509 -0.106239 -0.250567 -69.8078 -76.997704 81.644203 90.171043 -40.267124 -75.720055 50.090515 -1.569966 -0.697062 -17.045042 11.439977 -86.293846 17.636625 -26.322737 52.411201 -19.46666 -14.3956 29.410395 -1e-06 -8.774822 -1e-06 14.013078 -16.998373 6.850302 -0.609776 -1.795653 -3.889328 -4.807089 -11.046811 -2.937851 3e-06 -20.976019 -0.0 -5.019969 -25.03356 -4.031879 5e-06 1e-06 0.0 -10.634533 -5.68697 -3.565588 10.573272 -17.922951 -3.113899 2e-06 -13.82121 1e-06 -0.501779 -31.181505 -4.027015 -10.526443 -58.170685 5.907722 -13.982714 -7.150198 -2.875041 13.772731 -8.401493 -3.218242 0.347733 -34.211555 0.771656 -0.963031 -17.733372 2.621019 -1e-06 1e-06 0.0 -17.346418 -20.095219 -4.201783 21.757557 -1.638375 3.866427 0.0 -6.338825 2e-06 -1.697591 -22.591747 -6.194007 -2e-06 -3e-06 -1e-06 -83.691002 -80.351761 -84.142616 88.9422 -33.788158 -86.486481 28.525164 -1.126305 0.177193 9.196959 -3.523622 -84.467949 22.182112 -20.375885 49.933323 -16.701815 -16.74353 28.476534 -2e-06 -12.690598 -1e-06 13.801537 -17.475952 4.751907 -0.105918 -1.513856 -4.27588 -5.039041 -5.612871 -2.953557 1e-06 -11.020523 -3e-06 -6.111294 -15.89533 -3.840473 -1e-06 -1e-06 0.0 -10.283371 -5.680288 -4.341839 11.028292 -11.302404 -2.372633 -1.384269 -14.238579 -6.320123 -0.625437 -26.924187 -3.827605 -4.277634 -48.728065 -2.445142 -13.70852 -7.363477 -3.72094 18.141146 -14.052738 -3.242675 7e-06 -18.787266 -3e-06 -0.429712 -8.456041 2.555503 1e-06 2e-06 -0.0 -15.923532 -20.094482 -5.473586 30.41921 -7.190823 1.735925 -0.0 -8.162925 -1e-06 -1.861902 -22.861465 -6.167943 0.0 -3e-06 -1e-06 -175.931076 -1.20743 -5.140984 12.22554 -0.04207 0.025538 -80.451653 4.297817 -2.562171 -5.936417 1.643137 2.199859 -0.999999 0.0 0.0 6.405348 -3.257143 -19.729193 14.138247 0.076932 -0.12224 -83.579918 -6.318667 -6.316961 -6.978305 0.370602 1.554333 -1.000002 1e-06 0.0 
0.0 0.0 0.0 0.0 -0.0 0.0 -1.104982 99.551338 1.553668 92.379349 4.739042 99.357895 -4.347209 -1.589904 1.082908 -12.692077 -0.244867 3.521255 24.47216 -2.843655 0.981364 20.945652 8.01866 2.084388 -2.575922 -0.480305 -10.765342 -28.827702 3.391725 -19.098806 5e-06 0.0 -0.0 0.011607 -0.06811 -0.202395 0.183709 -0.028721 -0.174146 0.165055 -0.106062 -0.237449 -66.860924 -77.230537 78.873665 90.737846 -40.529556 -74.321205 51.442921 -1.742772 -0.746344 -16.792374 12.042859 -84.877472 17.636631 -26.322725 52.411194 -19.466661 -14.395596 29.410389 -1e-06 -8.774822 -2e-06 14.122606 -17.012787 6.933547 -0.609776 -1.795653 -3.889329 -4.80709 -11.046809 -2.93785 4e-06 -20.976013 -1e-06 -5.019969 -25.033556 -4.031882 6e-06 1e-06 -1e-06 -10.634535 -5.686972 -3.565588 10.573275 -17.922949 -3.113901 2e-06 -13.821206 0.0 -0.501775 -31.181505 -4.027018 -10.634258 -58.314354 6.020677 -13.982716 -7.150198 -2.875043 13.772731 -8.401491 -3.218241 0.347735 -34.211544 0.771654 -0.963027 -17.733366 2.621019 0.0 0.0 -1e-06 -17.346422 -20.095217 -4.201784 21.757563 -1.638375 3.866429 1e-06 -6.338823 0.0 -1.697588 -22.591742 -6.194007 -1e-06 -4e-06 -2e-06 -82.593987 -81.209534 -85.168884 87.575317 -34.208622 -88.486488 28.774214 -1.27607 0.071414 9.580173 -3.515708 -84.399948 22.182117 -20.375898 49.933327 -16.701815 -16.743528 28.476534 -3e-06 -12.690603 -1e-06 14.13715 -17.656322 4.595365 -0.105918 -1.513855 -4.275883 -5.039042 -5.612872 -2.953557 3e-06 -11.020525 -2e-06 -6.111297 -15.895334 -3.84047 -0.0 -1e-06 0.0 -10.283369 -5.680288 -4.34184 11.028294 -11.302407 -2.372633 -1.384265 -14.238582 -6.320122 -0.625436 -26.924194 -3.827602 -4.439658 -49.018009 -2.368929 -13.708522 -7.363476 -3.720941 18.141153 -14.052741 -3.242676 8e-06 -18.787271 -2e-06 -0.429711 -8.456046 2.555504 1e-06 1e-06 -0.0 -15.923532 -20.094484 -5.473587 30.419218 -7.190829 1.735925 3e-06 -8.162927 -0.0 -1.861903 -22.861479 -6.167942 0.0 -0.0 -1e-06 -175.849548 -1.215843 -5.499836 12.339661 -0.059949 0.044904 -80.598549 4.400392 -2.513583 -5.958361 1.647358 2.200617 -1.0 0.0 0.0 6.426804 -3.314679 -19.612112 14.245244 0.082328 -0.106785 -83.661728 -6.119952 -6.208296 -6.94729 0.358408 1.547869 -1.000002 0.0 0.0 
0.0 0.0 0.0 0.0 -0.0 0.0 -1.044366 99.536476 1.619987 92.299461 4.780189 98.927124 -4.377311 -1.682712 1.038777 -12.724612 -0.36096 3.268223 24.469059 -2.616202 0.69321 20.922714 8.890804 2.031328 -2.541317 -0.493874 -11.584762 -28.92996 3.044002 -19.94982 6e-06 -0.0 -0.0 0.011988 -0.070173 -0.184657 0.163546 -0.037542 -0.154536 0.135621 -0.10049 -0.223412 -63.502285 -77.367554 75.571373 91.201614 -40.764313 -72.606049 52.763359 -1.845714 -0.798401 -16.673822 12.600475 -83.741013 17.636631 -26.322727 52.411179 -19.466661 -14.395597 29.410385 -1e-06 -8.774821 -3e-06 14.222223 -17.049767 7.042675 -0.609777 -1.795653 -3.889325 -4.807087 -11.046809 -2.93785 4e-06 -20.976015 -0.0 -5.019969 -25.033554 -4.03188 6e-06 1e-06 -1e-06 -10.634535 -5.686969 -3.565587 10.573272 -17.922947 -3.113899 -0.0 -13.821205 1e-06 -0.501777 -31.181498 -4.027015 -10.848707 -58.522839 6.18957 -13.982712 -7.150194 -2.875042 13.77273 -8.401493 -3.21824 0.347735 -34.211544 0.771655 -0.963029 -17.733366 2.621019 0.0 0.0 -1e-06 -17.346418 -20.095215 -4.20178 21.757557 -1.638376 3.866428 1e-06 -6.338823 1e-06 -1.69759 -22.591745 -6.194006 -1e-06 -4e-06 -2e-06 -81.424026 -81.946945 -86.330948 86.177757 -34.338711 -90.563339 28.618483 -1.323443 0.023733 10.029544 -3.489907 -84.10051 22.182121 -20.37591 49.93335 -16.701822 -16.743536 28.476545 -3e-06 -12.690602 -1e-06 14.346015 -17.832567 4.510016 -0.10592 -1.513858 -4.275884 -5.039042 -5.612873 -2.953558 4e-06 -11.020528 -2e-06 -6.1113 -15.895338 -3.840473 1e-06 1e-06 0.0 -10.283374 -5.680291 -4.341841 11.028297 -11.302408 -2.372634 -1.38427 -14.238584 -6.320124 -0.625438 -26.924198 -3.827604 -4.587406 -49.207539 -2.323867 -13.708529 -7.363479 -3.720941 18.141157 -14.052743 -3.242676 7e-06 -18.787275 -2e-06 -0.429712 -8.456047 2.555505 0.0 1e-06 -0.0 -15.923543 -20.094494 -5.473588 30.419224 -7.190828 1.735926 3e-06 -8.162928 -1e-06 -1.861904 -22.861473 -6.167944 0.0 -3e-06 1e-06 -175.787399 -1.271844 -5.957319 12.4728 -0.07929 0.079385 -80.7556 4.439815 -2.499587 -5.955167 1.6189 2.195162 -0.999999 -0.0 -0.0 6.415487 -3.33235 -19.452429 14.307694 0.084857 -0.098815 -83.696556 -5.851157 -6.086191 -6.87328 0.364901 1.54472 -1.000003 0.0 0.0 
0.0 0.0 0.0 0.0 -0.0 0.0 -0.996893 99.533447 1.672673 92.175186 4.838722 98.349365 -4.383279 -1.735516 0.97852 -12.748386 -0.473911 3.009005 24.422712 -2.328285 0.427554 20.929838 9.626269 1.986636 -2.511594 -0.515603 -12.284576 -29.028622 2.663305 -20.506746 6e-06 -0.0 1e-06 0.008659 -0.070555 -0.167159 0.146629 -0.044941 -0.138678 0.113732 -0.093289 -0.206511 -59.609234 -77.434166 71.633667 91.454292 -40.932632 -70.530258 53.954758 -1.78958 -0.844866 -16.639679 13.059562 -82.759514 17.636635 -26.322735 52.411198 -19.466667 -14.3956 29.410398 0.0 -8.774825 -2e-06 14.323271 -17.142521 7.175801 -0.609776 -1.795655 -3.889327 -4.807092 -11.046814 -2.93785 3e-06 -20.976021 -2e-06 -5.019974 -25.033566 -4.031882 6e-06 2e-06 0.0 -10.634535 -5.686973 -3.565588 10.573275 -17.922955 -3.113901 2e-06 -13.821213 -0.0 -0.501777 -31.181511 -4.02702 -11.145138 -58.739731 6.450756 -13.982718 -7.150201 -2.875042 13.772733 -8.401495 -3.218242 0.347734 -34.211559 0.771652 -0.963029 -17.733374 2.62102 0.0 1e-06 -0.0 -17.346424 -20.095224 -4.201782 21.757566 -1.638374 3.866428 0.0 -6.338826 1e-06 -1.697589 -22.591755 -6.194011 0.0 -4e-06 -1e-06 -80.349312 -82.559479 -87.440544 84.868073 -34.203781 -92.545433 28.054474 -1.264845 0.028067 10.511169 -3.608914 -83.266373 22.182114 -20.375898 49.933327 -16.701817 -16.74353 28.476534 -3e-06 -12.690603 -0.0 14.369169 -17.921793 4.516595 -0.10592 -1.513856 -4.275882 -5.039041 -5.612873 -2.953557 5e-06 -11.020524 -2e-06 -6.1113 -15.895334 -3.840471 -1e-06 0.0 1e-06 -10.283371 -5.680288 -4.341839 11.028295 -11.302405 -2.372633 -1.384269 -14.238579 -6.320123 -0.625438 -26.924192 -3.827602 -4.700439 -49.253304 -2.285804 -13.708526 -7.363476 -3.72094 18.141153 -14.052739 -3.242675 6e-06 -18.78727 -1e-06 -0.429712 -8.456041 2.555504 0.0 0.0 -0.0 -15.923539 -20.094484 -5.473585 30.419218 -7.190826 1.735926 3e-06 -8.162927 -1e-06 -1.861904 -22.861475 -6.167943 0.0 -1e-06 -1e-06 -175.630661 -1.374429 -6.574047 12.47267 -0.092073 0.121008 -80.862816 4.44383 -2.507812 -5.929198 1.578417 2.189382 -0.999999 0.0 0.0 6.44963 -3.29241 -19.266911 14.225793 0.082219 -0.090429 -83.641029 -5.526903 -5.959612 -6.778964 0.382965 1.544997 -1.000002 1e-06 0.0 
0.0 0.0 0.0 0.0 -0.0 0.0 -0.965115 99.53241 1.72975 92.01696 4.90032 97.624817 -4.386647 -1.752559 0.9026 -12.760341 -0.587017 2.728145 24.34399 -2.000416 0.181338 20.904922 10.243186 1.939898 -2.495674 -0.541056 -12.7981 -29.162638 2.268161 -20.840532 6e-06 -0.0 0.0 0.001242 -0.069403 -0.135025 0.118334 -0.053084 -0.111574 0.079919 -0.082412 -0.171454 -55.608845 -77.472008 67.536789 91.460915 -40.989292 -68.104622 55.06245 -1.578526 -0.886738 -16.582678 13.404855 -81.50132 17.636627 -26.322721 52.411179 -19.466654 -14.395597 29.410378 1e-06 -8.774821 -3e-06 14.476846 -17.2131 7.263735 -0.609777 -1.795653 -3.889325 -4.807088 -11.046806 -2.937849 3e-06 -20.976011 1e-06 -5.019972 -25.033552 -4.031878 7e-06 2e-06 -1e-06 -10.634533 -5.686969 -3.565586 10.57327 -17.922945 -3.1139 2e-06 -13.821202 2e-06 -0.50178 -31.181488 -4.027015 -11.397001 -58.965809 6.747294 -13.982712 -7.150196 -2.875038 13.772727 -8.401487 -3.21824 0.347732 -34.211536 0.771655 -0.963029 -17.73336 2.621018 0.0 1e-06 -1e-06 -17.346416 -20.095211 -4.201778 21.757557 -1.638374 3.866428 1e-06 -6.338821 1e-06 -1.697591 -22.591736 -6.194003 -0.0 -5e-06 -1e-06 -78.697472 -83.063614 -89.140999 83.588593 -33.916515 -94.126953 27.342175 -1.205089 0.063626 10.893603 -3.861988 -82.034729 22.182114 -20.375887 49.9333 -16.701811 -16.74353 28.476526 -3e-06 -12.690603 -1e-06 14.229645 -17.872995 4.621298 -0.105919 -1.513856 -4.27588 -5.039041 -5.612869 -2.953556 3e-06 -11.02052 -2e-06 -6.111299 -15.89533 -3.840469 0.0 1e-06 0.0 -10.28337 -5.680286 -4.341837 11.028296 -11.302404 -2.372633 -1.384269 -14.238578 -6.32012 -0.625438 -26.924185 -3.827602 -4.744753 -49.078884 -2.24107 -13.708525 -7.363475 -3.720937 18.14115 -14.052739 -3.242675 6e-06 -18.78727 -2e-06 -0.429712 -8.456043 2.555503 0.0 -0.0 1e-06 -15.923536 -20.094482 -5.473581 30.419218 -7.190824 1.735926 2e-06 -8.162925 -1e-06 -1.861903 -22.861469 -6.167942 0.0 -1e-06 -1e-06 -175.432037 -1.503553 -7.264682 12.437817 -0.092973 0.153756 -80.976364 4.384195 -2.550615 -5.919895 1.544171 2.184701 -0.999999 1e-06 -0.0 6.475235 -3.222992 -19.028894 14.116605 0.077724 -0.069779 -83.563782 -5.164754 -5.832683 -6.706289 0.403507 1.54839 -1.000001 1e-06 0.0 
0.0 0.0 0.0 0.0 -0.0 0.0 -0.939803 99.529251 1.794797 91.855782 4.945085 96.774155 -4.408312 -1.758822 0.817643 -12.760231 -0.695408 2.431995 24.250225 -1.662977 -0.072998 20.790487 10.757327 1.88586 -2.494613 -0.562267 -13.096523 -29.377939 1.900225 -21.007036 6e-06 -0.0 1e-06 -0.007026 -0.068686 -0.099572 0.077415 -0.059233 -0.081564 0.03464 -0.074669 -0.132478 -51.752823 -77.562096 63.613049 91.269646 -40.896694 -65.589523 56.227161 -1.309037 -0.910982 -16.316818 13.735589 -79.794891 17.636621 -26.322714 52.411171 -19.466652 -14.395597 29.410378 0.0 -8.77482 -2e-06 14.709809 -17.311632 7.259305 -0.609776 -1.795654 -3.889328 -4.807088 -11.046809 -2.937847 4e-06 -20.976013 -1e-06 -5.019972 -25.033552 -4.03188 7e-06 -2e-06 2e-06 -10.634533 -5.68697 -3.565586 10.573272 -17.922947 -3.113901 2e-06 -13.821206 1e-06 -0.501778 -31.181498 -4.027017 -11.598993 -59.235252 7.043911 -13.982712 -7.150196 -2.87504 13.772727 -8.401489 -3.218241 0.347734 -34.21154 0.771651 -0.963028 -17.733364 2.621017 -0.0 0.0 1e-06 -17.346416 -20.095213 -4.20178 21.757555 -1.638373 3.866427 1e-06 -6.338821 -0.0 -1.697589 -22.59174 -6.194007 -0.0 -2e-06 -1e-06 -75.743988 -83.52301 -92.148605 82.374786 -33.621323 -95.075684 26.795967 -1.156407 0.057447 11.223207 -4.301752 -80.655525 22.182106 -20.375895 49.933319 -16.701809 -16.74353 28.476532 -3e-06 -12.6906 -0.0 14.05194 -17.732979 4.749478 -0.105919 -1.513855 -4.275882 -5.03904 -5.612869 -2.953556 4e-06 -11.02052 -2e-06 -6.111294 -15.895328 -3.84047 -0.0 0.0 -1e-06 -10.283367 -5.680286 -4.341839 11.028291 -11.302402 -2.372633 -1.384267 -14.238576 -6.32012 -0.625438 -26.924185 -3.827601 -4.761398 -48.746872 -2.181044 -13.708518 -7.363473 -3.72094 18.141144 -14.052736 -3.242674 6e-06 -18.787266 -1e-06 -0.429712 -8.45604 2.555503 0.0 1e-06 0.0 -15.923528 -20.094479 -5.473586 30.419207 -7.190824 1.735924 2e-06 -8.162922 -0.0 -1.861902 -22.861464 -6.167939 0.0 -5e-06 -1e-06 -175.200577 -1.619916 -7.98525 12.362874 -0.087869 0.179129 -81.09388 4.28429 -2.640928 -5.929435 1.519718 2.182028 -0.999999 0.0 0.0 6.43092 -3.17793 -18.710188 14.092065 0.073389 -0.036716 -83.519806 -4.77378 -5.69708 -6.66031 0.421775 1.552253 -1.000003 -0.0 0.0 
0.0 0.0 0.0 0.0 -0.0 0.0 -0.916446 99.523819 1.875247 91.691002 4.964115 95.811508 -4.446659 -1.759771 0.728189 -12.754417 -0.806425 2.114976 24.153002 -1.321309 -0.361035 20.562006 11.198556 1.833856 -2.511935 -0.577155 -13.249213 -29.689371 1.541615 -21.017092 6e-06 0.0 -0.0 -0.013678 -0.071349 -0.072743 0.03652 -0.063889 -0.057851 -0.009808 -0.075346 -0.104092 -47.995872 -77.763443 59.847553 91.027054 -40.674221 -63.232075 57.571953 -1.146172 -0.854045 -15.809834 14.070824 -77.852768 17.636631 -26.322729 52.411186 -19.466658 -14.395596 29.410389 -1e-06 -8.774821 -2e-06 14.980241 -17.474466 7.142728 -0.609777 -1.795654 -3.889329 -4.807088 -11.046811 -2.937851 4e-06 -20.976019 0.0 -5.01997 -25.033556 -4.03188 6e-06 1e-06 0.0 -10.634533 -5.686971 -3.56559 10.573272 -17.922951 -3.1139 3e-06 -13.821209 2e-06 -0.501776 -31.181505 -4.027016 -11.72283 -59.433929 7.273838 -13.982714 -7.150199 -2.875044 13.772728 -8.401491 -3.218239 0.347733 -34.211544 0.771654 -0.963029 -17.73337 2.621021 -0.0 -1e-06 -0.0 -17.346418 -20.095221 -4.201783 21.757557 -1.638375 3.866427 1e-06 -6.338824 2e-06 -1.69759 -22.591743 -6.194006 1e-06 -5e-06 -2e-06 -70.800201 -84.000305 -97.074837 81.189026 -33.329956 -95.509651 26.574554 -1.128484 -0.030226 11.66763 -4.874572 -79.142235 22.182108 -20.375895 49.933319 -16.701813 -16.74353 28.476532 -2e-06 -12.6906 0.0 13.925931 -17.580389 4.827924 -0.105919 -1.513857 -4.275881 -5.03904 -5.612871 -2.953556 5e-06 -11.020523 -2e-06 -6.111297 -15.895334 -3.84047 -1e-06 -0.0 -0.0 -10.283369 -5.680288 -4.341839 11.028292 -11.302404 -2.372633 -1.384268 -14.23858 -6.320121 -0.62544 -26.924187 -3.8276 -4.786211 -48.404457 -2.130488 -13.708522 -7.363476 -3.72094 18.14115 -14.052739 -3.242675 6e-06 -18.78727 -2e-06 -0.429712 -8.456041 2.555503 0.0 2e-06 0.0 -15.923532 -20.094482 -5.473586 30.419205 -7.190825 1.735923 2e-06 -8.162925 -1e-06 -1.861902 -22.861469 -6.167942 -0.0 -4e-06 -1e-06 -174.876221 -1.695626 -8.773679 12.253956 -0.089406 0.197027 -81.250092 4.194064 -2.781296 -5.915587 1.502672 2.180882 -0.999998 0.0 0.0 6.316158 -3.146328 -18.272556 14.142538 0.061806 -0.001046 -83.506058 -4.412174 -5.565516 -6.618787 0.438136 1.557083 -1.000001 -0.0 0.0 
0.0 0.0 0.0 0.0 -0.0 0.0 -0.889768 99.519226 1.965785 91.539299 4.955731 94.819847 -4.469516 -1.777922 0.640292 -12.750823 -0.926036 1.766674 24.050549 -0.99037 -0.700418 20.246603 11.602652 1.773805 -2.545469 -0.582738 -13.28701 -30.11216 1.188027 -20.878023 6e-06 0.0 -0.0 -0.019784 -0.073886 -0.052447 0.002046 -0.066126 -0.038604 -0.046142 -0.078352 -0.083956 -43.957417 -78.014488 55.85997 91.065224 -40.353363 -61.229095 59.009972 -1.101017 -0.7516 -15.222399 14.420536 -76.197594 17.636629 -26.322721 52.411179 -19.46666 -14.3956 29.410385 -1e-06 -8.774822 -2e-06 15.188323 -17.624321 6.935677 -0.609777 -1.795654 -3.889326 -4.80709 -11.046811 -2.93785 2e-06 -20.976019 2e-06 -5.019974 -25.03356 -4.031881 5e-06 -1e-06 1e-06 -10.634536 -5.686971 -3.565583 10.573272 -17.922949 -3.113902 1e-06 -13.821206 1e-06 -0.501779 -31.181505 -4.027018 -11.747565 -59.518322 7.356555 -13.982717 -7.150198 -2.87504 13.772731 -8.401491 -3.218241 0.347731 -34.211544 0.771653 -0.963029 -17.733368 2.621017 -1e-06 2e-06 0.0 -17.346424 -20.095219 -4.201777 21.757563 -1.638372 3.866425 1e-06 -6.338824 1e-06 -1.697592 -22.591745 -6.194006 1e-06 -7e-06 -2e-06 -64.004196 -84.487579 -103.775932 80.048683 -33.072777 -95.935532 26.698261 -1.106732 -0.167426 12.201301 -5.286095 -77.928276 22.182114 -20.375896 49.933327 -16.701813 -16.74353 28.476532 -4e-06 -12.690601 0.0 13.879197 -17.447021 4.836932 -0.105919 -1.513856 -4.275882 -5.039041 -5.612871 -2.953556 4e-06 -11.020523 -2e-06 -6.111297 -15.895332 -3.84047 -1e-06 1e-06 0.0 -10.283369 -5.680288 -4.341839 11.028296 -11.302406 -2.372634 -1.384268 -14.238581 -6.320122 -0.625437 -26.924189 -3.827601 -4.835559 -48.155788 -2.082311 -13.708523 -7.363476 -3.720939 18.141151 -14.052739 -3.242676 6e-06 -18.78727 -2e-06 -0.429712 -8.456046 2.555504 -0.0 2e-06 -0.0 -15.923534 -20.094482 -5.473586 30.419222 -7.190827 1.735924 2e-06 -8.162927 -1e-06 -1.861903 -22.861471 -6.167942 0.0 -3e-06 -1e-06 -174.606415 -1.749049 -9.557169 12.070772 -0.095523 0.213587 -81.350922 4.104722 -2.951942 -5.901473 1.493548 2.179644 -0.999998 -0.0 -0.0 6.158494 -3.13468 -17.748405 14.230579 0.052335 0.022762 -83.507812 -4.103417 -5.44247 -6.555101 0.451662 1.561506 -1.000001 -1e-06 0.0 
0.0 0.0 0.0 0.0 -0.0 0.0 -0.868277 99.518707 2.058828 91.400986 4.934318 93.826195 -4.454048 -1.835495 0.550677 -12.743439 -1.052266 1.377157 23.937218 -0.668669 -1.105295 19.875729 11.996983 1.696051 -2.591593 -0.577266 -13.173534 -30.69417 0.824644 -20.542669 7e-06 0.0 2e-06 -0.023205 -0.073681 -0.042636 -0.027295 -0.064489 -0.029766 -0.074063 -0.079928 -0.074329 -39.203911 -78.232033 51.173798 91.559479 -39.944798 -59.467506 60.351871 -1.066237 -0.604372 -14.65287 14.526336 -75.196487 17.636623 -26.322737 52.411198 -19.46666 -14.3956 29.410389 -1e-06 -8.774822 -1e-06 15.292549 -17.779417 6.742825 -0.609776 -1.795654 -3.889328 -4.807089 -11.04681 -2.93785 2e-06 -20.976019 3e-06 -5.019972 -25.033556 -4.031881 7e-06 -1e-06 1e-06 -10.634533 -5.68697 -3.565583 10.573275 -17.922947 -3.113899 3e-06 -13.821209 -1e-06 -0.501783 -31.181505 -4.027011 -11.783285 -59.542763 7.395207 -13.982715 -7.150199 -2.87504 13.772729 -8.401491 -3.21824 0.347732 -34.211555 0.771655 -0.963034 -17.73337 2.621021 -2e-06 0.0 0.0 -17.34642 -20.095219 -4.20178 21.757557 -1.638372 3.866426 1e-06 -6.338825 1e-06 -1.697593 -22.591749 -6.194006 -1e-06 -4e-06 -2e-06 -55.815502 -84.94297 -111.812927 78.910141 -32.793854 -96.559578 26.943001 -1.083653 -0.323954 12.831765 -5.239288 -77.179298 22.182112 -20.375883 49.933308 -16.701813 -16.743525 28.476524 -3e-06 -12.690598 -1e-06 13.953094 -17.313709 4.760592 -0.10592 -1.513856 -4.275881 -5.03904 -5.61287 -2.953556 4e-06 -11.02052 -2e-06 -6.111296 -15.89533 -3.840471 -1e-06 -1e-06 0.0 -10.283369 -5.680288 -4.341838 11.028292 -11.302404 -2.372632 -1.384268 -14.238581 -6.320121 -0.625437 -26.924189 -3.827602 -4.915344 -48.055866 -2.039806 -13.708522 -7.363475 -3.72094 18.141146 -14.052739 -3.242674 7e-06 -18.787268 -3e-06 -0.429711 -8.456045 2.555503 -0.0 1e-06 -0.0 -15.923532 -20.094482 -5.473585 30.419205 -7.190826 1.735926 3e-06 -8.162925 -1e-06 -1.8619 -22.861467 -6.167943 0.0 -4e-06 -1e-06 -174.288971 -1.771584 -10.30329 11.768988 -0.0984 0.228321 -81.400177 3.999531 -3.159995 -5.873745 1.490878 2.179371 -0.999999 0.0 -0.0 5.997946 -3.129729 -17.195801 14.302787 0.046878 0.044249 -83.501915 -3.809314 -5.33056 -6.457733 0.464659 1.565974 -1.000002 1e-06 -0.0 
0.0 0.0 0.0 0.0 -0.0 0.0 -0.850541 99.523041 2.162269 91.279701 4.89596 92.831062 -4.423627 -1.937899 0.455821 -12.719888 -1.196299 0.957848 23.817846 -0.364308 -1.571821 19.487976 12.370342 1.620166 -2.643632 -0.572457 -12.924811 -31.348024 0.493636 -20.020462 6e-06 0.0 -1e-06 -0.018502 -0.072733 -0.039901 -0.048637 -0.062121 -0.029447 -0.095329 -0.080564 -0.070562 -33.74725 -78.303764 45.778519 92.800224 -39.303242 -57.892883 61.148163 -1.026638 -0.438835 -14.088464 13.992686 -74.910965 17.636627 -26.322735 52.411198 -19.466663 -14.395602 29.410393 2e-06 -8.774824 -3e-06 15.308123 -18.01828 6.634847 -0.609776 -1.795654 -3.889327 -4.807089 -11.046809 -2.937851 1e-06 -20.976019 2e-06 -5.019973 -25.033558 -4.031883 5e-06 1e-06 0.0 -10.634536 -5.686971 -3.565588 10.573272 -17.922949 -3.1139 1e-06 -13.821209 1e-06 -0.501781 -31.181501 -4.027018 -11.886927 -59.594139 7.483225 -13.982716 -7.150198 -2.875039 13.772729 -8.401489 -3.218244 0.347733 -34.211555 0.771654 -0.963032 -17.733368 2.62102 0.0 -1e-06 0.0 -17.346422 -20.095217 -4.201779 21.757563 -1.638373 3.866425 0.0 -6.338825 -0.0 -1.697593 -22.59174 -6.194005 1e-06 -5e-06 -3e-06 -46.455456 -85.332596 -120.929169 77.796982 -32.355637 -97.450531 27.014193 -0.951376 -0.465514 13.521199 -4.560533 -76.735786 22.182108 -20.375895 49.933319 -16.701811 -16.74353 28.476528 -4e-06 -12.6906 -0.0 14.136207 -17.138414 4.580746 -0.105919 -1.513856 -4.275881 -5.039039 -5.612869 -2.953556 4e-06 -11.02052 -2e-06 -6.111296 -15.89533 -3.84047 -0.0 0.0 -0.0 -10.283367 -5.680286 -4.341839 11.028292 -11.302402 -2.372633 -1.384268 -14.238578 -6.32012 -0.625438 -26.924187 -3.8276 -5.011767 -48.080132 -2.012432 -13.708523 -7.363474 -3.720939 18.141146 -14.052738 -3.242674 6e-06 -18.787266 -1e-06 -0.429712 -8.456041 2.555503 0.0 1e-06 0.0 -15.923534 -20.094479 -5.473584 30.419205 -7.190825 1.735924 3e-06 -8.162925 -1e-06 -1.861902 -22.861467 -6.16794 -0.0 -1e-06 -1e-06 -173.90358 -1.753413 -11.020831 11.304679 -0.099566 0.245331 -81.381912 3.856622 -3.389558 -5.810957 1.492039 2.1823 -0.999999 0.0 0.0 5.839437 -3.130799 -16.602779 14.34816 0.041216 0.053291 -83.484535 -3.571094 -5.226789 -6.337579 0.473274 1.570041 -1.000002 0.0 0.0 
0.0 0.0 0.0 0.0 -0.0 0.0 -0.847683 99.53257 2.269079 91.162422 4.844005 91.824516 -4.385321 -2.071754 0.370188 -12.690968 -1.348425 0.544888 23.718204 -0.084545 -2.086914 19.111313 12.647962 1.528972 -2.706324 -0.56748 -12.499977 -32.021122 0.224409 -19.322872 6e-06 1e-06 -0.0 -0.009174 -0.072301 -0.031844 -0.067699 -0.062365 -0.023443 -0.112404 -0.079551 -0.061818 -27.743391 -78.168007 39.803902 94.973503 -38.215393 -56.494423 60.838005 -1.012654 -0.245621 -13.34781 12.682541 -75.301392 17.636625 -26.322739 52.411209 -19.466661 -14.395604 29.410395 -1e-06 -8.774822 -1e-06 15.270079 -18.345869 6.67243 -0.609776 -1.795654 -3.889329 -4.807088 -11.046809 -2.937849 2e-06 -20.976017 2e-06 -5.019975 -25.033556 -4.031878 5e-06 1e-06 -0.0 -10.634533 -5.68697 -3.565588 10.573275 -17.922947 -3.113902 2e-06 -13.821211 1e-06 -0.50178 -31.181505 -4.027013 -12.076673 -59.669121 7.68013 -13.982714 -7.150198 -2.875045 13.772728 -8.401491 -3.218239 0.34773 -34.211552 0.771659 -0.963031 -17.73337 2.621021 0.0 -0.0 0.0 -17.34642 -20.095217 -4.201784 21.757561 -1.638373 3.866428 2e-06 -6.338824 -0.0 -1.697589 -22.591742 -6.194005 -0.0 -6e-06 -1e-06 -36.731663 -85.642792 -130.272873 76.769539 -31.662271 -98.495049 26.702581 -0.589664 -0.571893 14.212621 -3.110554 -76.235367 22.182112 -20.375898 49.933327 -16.701817 -16.74353 28.476536 -4e-06 -12.690601 1e-06 14.32655 -16.86109 4.365992 -0.10592 -1.513856 -4.275882 -5.039042 -5.612873 -2.953557 4e-06 -11.020525 -2e-06 -6.111298 -15.895334 -3.840471 -0.0 -0.0 0.0 -10.283372 -5.680288 -4.341839 11.028299 -11.302406 -2.372635 -1.384268 -14.238582 -6.320123 -0.625437 -26.924192 -3.827602 -5.100932 -48.172813 -1.987841 -13.708527 -7.363477 -3.720939 18.141153 -14.05274 -3.242676 6e-06 -18.78727 -2e-06 -0.429713 -8.456047 2.555504 -2e-06 2e-06 -1e-06 -15.923536 -20.094484 -5.473586 30.419222 -7.190826 1.735923 3e-06 -8.162927 -1e-06 -1.861902 -22.861473 -6.167943 -0.0 -3e-06 -2e-06 -173.461823 -1.718779 -11.714462 10.697612 -0.090613 0.257973 -81.297043 3.66193 -3.619935 -5.71049 1.491913 2.186171 -0.999999 0.0 -0.0 5.685778 -3.11253 -15.95671 14.350634 0.032108 0.042355 -83.443687 -3.407765 -5.116483 -6.229094 0.476089 1.573136 -1.000002 -0.0 0.0 
0.0 0.0 0.0 0.0 -0.0 0.0 -0.863015 99.543991 2.361979 91.053482 4.790779 90.801682 -4.322098 -2.228604 0.282816 -12.659168 -1.508273 0.147343 23.63187 0.152907 -2.589912 18.806602 12.759968 1.469233 -2.769834 -0.574407 -11.968248 -32.651485 0.015668 -18.460852 6e-06 0.0 -0.0 0.000347 -0.071991 -0.02933 -0.075483 -0.068255 -0.02485 -0.116657 -0.072985 -0.05566 -21.507177 -77.791847 33.575806 98.111 -36.498367 -55.438313 58.893204 -0.979974 0.006313 -12.566151 10.735581 -76.484268 17.636633 -26.322737 52.411213 -19.46666 -14.3956 29.410395 -0.0 -8.774823 -2e-06 15.212119 -18.663931 6.814 -0.609776 -1.795654 -3.889327 -4.80709 -11.046813 -2.937852 3e-06 -20.976019 0.0 -5.019975 -25.033558 -4.031882 7e-06 1e-06 0.0 -10.634536 -5.686971 -3.56559 10.573274 -17.922951 -3.113899 1e-06 -13.821213 1e-06 -0.50178 -31.181511 -4.027015 -12.264686 -59.720287 7.889354 -13.982718 -7.150198 -2.875044 13.772731 -8.401492 -3.218241 0.347733 -34.211555 0.771657 -0.963028 -17.73337 2.62102 0.0 -0.0 2e-06 -17.346424 -20.095221 -4.201784 21.757561 -1.638374 3.866429 2e-06 -6.338827 -1e-06 -1.697592 -22.591745 -6.194007 0.0 -3e-06 -4e-06 -28.437241 -85.907768 -138.117218 75.992683 -30.805954 -99.870811 26.017056 -0.103695 -0.594943 14.655382 -0.946282 -75.571236 22.182117 -20.375895 49.933319 -16.701813 -16.74353 28.47653 -4e-06 -12.6906 -1e-06 14.408731 -16.471243 4.215921 -0.105918 -1.513855 -4.275882 -5.039041 -5.612871 -2.953557 3e-06 -11.020521 -2e-06 -6.111297 -15.89533 -3.840471 0.0 0.0 -0.0 -10.283371 -5.680288 -4.341839 11.028294 -11.302404 -2.372633 -1.38427 -14.238581 -6.320122 -0.625437 -26.924187 -3.827601 -5.181407 -48.285381 -1.924876 -13.708524 -7.363475 -3.72094 18.14115 -14.052739 -3.242675 7e-06 -18.78727 -3e-06 -0.429711 -8.456043 2.555504 1e-06 1e-06 -0.0 -15.923536 -20.094482 -5.473586 30.41921 -7.190825 1.735925 3e-06 -8.162927 -1e-06 -1.861902 -22.861467 -6.167941 -1e-06 -3e-06 -3e-06 -172.989471 -1.666097 -12.387069 10.005192 -0.079308 0.264008 -81.156258 3.399035 -3.791102 -5.652042 1.495382 2.192125 -1.0 -0.0 -0.0 5.512024 -3.093588 -15.315515 14.371903 0.020195 0.027969 -83.402794 -3.247232 -4.975998 -6.166853 0.480469 1.575281 -1.000003 0.0 0.0 
0.0 0.0 0.0 0.0 -0.0 0.0 -0.912917 99.559982 2.435076 90.91996 4.706481 89.638535 -4.258027 -2.383996 0.183464 -12.635201 -1.649839 -0.219442 23.562366 0.352862 -3.059525 18.591051 12.610798 1.48372 -2.810532 -0.619523 -11.353127 -33.203964 -0.168276 -17.435078 6e-06 0.0 -0.0 0.004717 -0.065986 -0.013145 -0.071158 -0.07148 -0.01412 -0.112887 -0.057287 -0.033893 -15.793386 -77.290985 27.848078 101.978813 -34.113495 -54.847641 55.155994 -0.925994 0.284481 -11.7879 8.734149 -78.057281 17.636633 -26.322733 52.411201 -19.466665 -14.395596 29.410395 -1e-06 -8.774821 -1e-06 15.149898 -18.821127 6.98974 -0.609776 -1.795654 -3.889327 -4.807087 -11.046813 -2.937853 5e-06 -20.976021 0.0 -5.019969 -25.03356 -4.031878 7e-06 -0.0 1e-06 -10.634532 -5.686971 -3.565593 10.573275 -17.922955 -3.113898 4e-06 -13.821213 1e-06 -0.501774 -31.181511 -4.027019 -12.370262 -59.756863 8.018212 -13.98271 -7.150197 -2.875045 13.77273 -8.401497 -3.21824 0.34774 -34.211555 0.771655 -0.963023 -17.733372 2.621019 -1e-06 -0.0 0.0 -17.346418 -20.095221 -4.201782 21.757557 -1.638376 3.866428 1e-06 -6.338827 1e-06 -1.697588 -22.591749 -6.194009 -2e-06 -4e-06 -2e-06 -21.905277 -86.066971 -144.165359 75.478851 -29.792076 -101.186333 25.076078 0.413704 -0.522112 14.758962 1.328185 -74.733582 22.182117 -20.375895 49.933323 -16.701818 -16.74353 28.476536 -3e-06 -12.690602 -0.0 14.360516 -16.150465 4.152579 -0.10592 -1.513857 -4.275882 -5.039041 -5.612873 -2.953557 6e-06 -11.020527 -2e-06 -6.111301 -15.895336 -3.840472 -0.0 -0.0 0.0 -10.283369 -5.680289 -4.341839 11.028294 -11.302407 -2.372634 -1.384269 -14.238585 -6.320123 -0.625435 -26.924194 -3.827604 -5.210219 -48.33334 -1.918841 -13.708526 -7.363478 -3.720939 18.141151 -14.05274 -3.242675 8e-06 -18.787271 -2e-06 -0.429712 -8.456043 2.555504 1e-06 0.0 0.0 -15.923536 -20.09449 -5.473586 30.419218 -7.190826 1.735925 4e-06 -8.162927 -1e-06 -1.861901 -22.861479 -6.167944 2e-06 -3e-06 -1e-06 -172.519714 -1.618854 -13.045014 9.252255 -0.075246 0.255298 -80.972885 3.006215 -3.931117 -5.633623 1.492565 2.195219 -0.999999 1e-06 0.0 5.267484 -3.045055 -14.647206 14.404191 0.008751 0.026907 -83.344208 -3.020926 -4.749846 -6.152154 0.483208 1.576114 -1.000002 1e-06 -0.0 
0.0 0.0 0.0 0.0 -0.0 0.0 -1.001611 99.57328 2.490477 90.735291 4.595912 88.305603 -4.190703 -2.500409 0.077925 -12.621118 -1.758394 -0.549683 23.506605 0.523269 -3.47802 18.464674 12.115205 1.583451 -2.827941 -0.679385 -10.699412 -33.663403 -0.38095 -16.29623 5e-06 2e-06 0.0 0.000162 -0.052358 0.014923 -0.068218 -0.06226 0.006502 -0.11642 -0.038599 0.001751 -10.801391 -76.846809 22.845327 106.016296 -31.30818 -54.856094 50.071255 -0.93534 0.523031 -11.027267 7.277088 -79.650665 17.636633 -26.322721 52.411198 -19.466665 -14.3956 29.410393 -0.0 -8.774819 0.0 15.033492 -18.714195 7.174312 -0.609776 -1.795653 -3.889328 -4.807087 -11.046813 -2.937852 5e-06 -20.976019 -2e-06 -5.019972 -25.03356 -4.031881 6e-06 -1e-06 -2e-06 -10.634533 -5.686972 -3.565586 10.573275 -17.922951 -3.113903 4e-06 -13.821209 -0.0 -0.501773 -31.181501 -4.027023 -12.295362 -59.759083 7.981899 -13.982714 -7.150199 -2.87504 13.772731 -8.401489 -3.218245 0.347735 -34.211544 0.771649 -0.96303 -17.73337 2.621019 -1e-06 -1e-06 -1e-06 -17.346418 -20.095219 -4.201783 21.757566 -1.638373 3.866426 1e-06 -6.338822 -1e-06 -1.697592 -22.591743 -6.194011 -0.0 -5e-06 -1e-06 -17.771761 -86.11158 -147.850037 75.272369 -28.752867 -101.969765 24.098871 0.908811 -0.41749 14.625735 3.192154 -73.859703 22.182116 -20.375891 49.933308 -16.701807 -16.743525 28.476522 -2e-06 -12.690598 -1e-06 14.261991 -15.955863 4.156657 -0.105917 -1.513855 -4.275881 -5.039037 -5.61287 -2.953557 5e-06 -11.02052 -1e-06 -6.111297 -15.89533 -3.840469 0.0 -0.0 0.0 -10.283365 -5.680287 -4.341839 11.028294 -11.302402 -2.372633 -1.384266 -14.238578 -6.32012 -0.625439 -26.924187 -3.827599 -5.199665 -48.299301 -1.946337 -13.708522 -7.363475 -3.720939 18.141146 -14.052739 -3.242673 8e-06 -18.787266 -2e-06 -0.429711 -8.456039 2.555503 2e-06 -1e-06 0.0 -15.92353 -20.094481 -5.473584 30.419205 -7.190823 1.735927 1e-06 -8.162926 0.0 -1.861904 -22.861465 -6.167942 -1e-06 -2e-06 -1e-06 -172.133957 -1.629217 -13.693907 8.6422 -0.074683 0.233877 -80.845894 2.47593 -4.075143 -5.614651 1.482891 2.195204 -0.999998 -0.0 -0.0 4.947152 -2.937816 -13.910004 14.471812 0.006226 0.039493 -83.282669 -2.700966 -4.465585 -6.136958 0.483946 1.578133 -1.000001 1e-06 0.0 
0.0 0.0 0.0 0.0 -0.0 0.0 -1.120827 99.577995 2.528765 90.50528 4.461791 86.791924 -4.121229 -2.585221 -0.020222 -12.598769 -1.857817 -0.862517 23.451078 0.700183 -3.83079 18.387741 11.273593 1.737991 -2.830413 -0.732289 -10.020825 -34.080425 -0.656803 -15.01154 6e-06 0.0 1e-06 -0.007207 -0.036162 0.036522 -0.066498 -0.047765 0.018808 -0.122536 -0.020463 0.032922 -5.992842 -76.505058 18.027531 109.79203 -28.280472 -55.131672 44.13961 -0.93253 0.679604 -10.297573 6.146435 -81.44075 17.636629 -26.322744 52.411228 -19.466665 -14.395602 29.410402 -2e-06 -8.774822 0.0 14.912595 -18.420822 7.298154 -0.609776 -1.795652 -3.889327 -4.80709 -11.046814 -2.937853 6e-06 -20.976021 -0.0 -5.019969 -25.033562 -4.031883 7e-06 0.0 -1e-06 -10.634538 -5.686973 -3.565589 10.573278 -17.922955 -3.113902 3e-06 -13.821211 2e-06 -0.501776 -31.181507 -4.027017 -12.09714 -59.67815 7.796659 -13.982714 -7.150198 -2.875046 13.772732 -8.401493 -3.218241 0.347733 -34.211555 0.771658 -0.963034 -17.73337 2.621022 0.0 1e-06 2e-06 -17.346422 -20.095217 -4.201786 21.757561 -1.638376 3.866428 -0.0 -6.338825 1e-06 -1.697591 -22.591751 -6.194007 3e-06 -5e-06 -1e-06 -15.963269 -86.074089 -149.272598 75.448616 -27.715084 -102.373062 23.138969 1.362135 -0.304279 14.295916 4.670766 -72.852867 22.18211 -20.375904 49.93335 -16.701817 -16.743528 28.47654 -3e-06 -12.690601 -0.0 14.163176 -15.864954 4.174034 -0.105918 -1.513856 -4.275883 -5.039042 -5.612873 -2.953558 5e-06 -11.020528 -2e-06 -6.111297 -15.895338 -3.840472 -1e-06 1e-06 0.0 -10.283369 -5.680289 -4.341841 11.028296 -11.302409 -2.372634 -1.384269 -14.238586 -6.320124 -0.625436 -26.9242 -3.827604 -5.16773 -48.2351 -1.975961 -13.708523 -7.363477 -3.720942 18.14115 -14.052742 -3.242677 1e-05 -18.78727 -3e-06 -0.429714 -8.456047 2.555506 1e-06 -1e-06 -1e-06 -15.923538 -20.094492 -5.473588 30.419218 -7.190828 1.735923 -1e-06 -8.162927 -1e-06 -1.861902 -22.861479 -6.167945 0.0 -1e-06 -0.0 -171.856842 -1.701129 -14.370109 8.258361 -0.070254 0.209602 -80.824387 1.781308 -4.234804 -5.613923 1.479497 2.195738 -0.999999 -0.0 -0.0 4.52961 -2.788222 -13.104406 14.635991 0.014264 0.048419 -83.247971 -2.217489 -4.134478 -6.108556 0.489772 1.583782 -1.000002 1e-06 0.0 
0.0 0.0 0.0 0.0 -0.0 0.0 -1.260627 99.580872 2.546126 90.227173 4.270487 85.094368 -4.079781 -2.623178 -0.087413 -12.567474 -1.947088 -1.138342 23.401798 0.89795 -4.116282 18.290417 10.166969 1.876663 -2.83112 -0.771081 -9.26121 -34.5541 -0.976829 -13.586703 5e-06 1e-06 0.0 -0.007384 -0.024654 0.042906 -0.045897 -0.03023 0.019704 -0.10229 -0.01575 0.045055 -1.392264 -76.249878 13.382058 112.909431 -25.363348 -55.383995 38.241253 -0.903615 0.775032 -9.58872 5.109468 -83.298355 17.636635 -26.322731 52.411209 -19.466665 -14.395598 29.410398 -1e-06 -8.774824 -1e-06 14.844093 -18.0252 7.350849 -0.60978 -1.795655 -3.889328 -4.807091 -11.046813 -2.937851 5e-06 -20.976021 -1e-06 -5.01997 -25.033566 -4.031882 6e-06 -1e-06 2e-06 -10.634537 -5.686972 -3.565588 10.573275 -17.922955 -3.113902 4e-06 -13.821213 -2e-06 -0.501776 -31.181507 -4.02702 -11.923279 -59.498119 7.655436 -13.982718 -7.150202 -2.875045 13.772732 -8.401493 -3.218242 0.347732 -34.211559 0.771656 -0.963029 -17.733372 2.621018 -2e-06 1e-06 2e-06 -17.346426 -20.095224 -4.201783 21.757561 -1.638374 3.866429 -0.0 -6.338824 -0.0 -1.69759 -22.591751 -6.194007 -1e-06 -3e-06 -1e-06 -16.116041 -85.996643 -148.782166 75.967888 -26.600124 -102.553146 22.18355 1.713435 -0.205618 13.754965 5.815755 -71.762985 22.18211 -20.375885 49.933308 -16.701807 -16.743525 28.476522 -3e-06 -12.6906 -1e-06 14.099723 -15.852596 4.149235 -0.105917 -1.513855 -4.275881 -5.039041 -5.61287 -2.953556 5e-06 -11.02052 -3e-06 -6.111295 -15.89533 -3.840471 -1e-06 -0.0 -0.0 -10.283369 -5.680288 -4.341838 11.028291 -11.302403 -2.372633 -1.384269 -14.238578 -6.320121 -0.625435 -26.924183 -3.827603 -5.077887 -48.16663 -2.060625 -13.708522 -7.363475 -3.720939 18.141146 -14.052738 -3.242673 6e-06 -18.787266 -1e-06 -0.42971 -8.456039 2.555501 2e-06 -1e-06 -1e-06 -15.923532 -20.094482 -5.473585 30.419207 -7.190825 1.735925 2e-06 -8.162922 -1e-06 -1.861899 -22.861467 -6.167941 -1e-06 -0.0 -2e-06 -171.692856 -1.83587 -15.165604 8.050631 -0.064964 0.185265 -80.881187 0.974997 -4.405764 -5.610631 1.481052 2.196196 -1.0 0.0 0.0 4.014649 -2.581434 -12.238293 14.825541 0.029728 0.053223 -83.195152 -1.559932 -3.782176 -6.104291 0.504857 1.592741 -1.000003 1e-06 0.0 
0.0 0.0 0.0 0.0 -0.0 0.0 -1.415321 99.573906 2.548294 89.933044 4.019889 83.304222 -4.076396 -2.614519 -0.139233 -12.554792 -2.023834 -1.37614 23.384867 1.094746 -4.304428 18.155819 8.952074 1.927268 -2.823868 -0.803275 -8.412935 -35.071762 -1.353001 -12.160004 6e-06 -0.0 -0.0 0.00066 -0.016048 0.042078 -0.007993 -0.014528 0.019158 -0.05996 -0.015523 0.043605 2.501921 -76.086952 9.444859 115.126732 -22.920856 -55.26516 33.386299 -0.835671 0.805297 -8.936524 4.066427 -84.796776 17.636625 -26.322729 52.411201 -19.466665 -14.395602 29.410393 -1e-06 -8.77482 1e-06 14.851968 -17.647833 7.345216 -0.609778 -1.795655 -3.889328 -4.807088 -11.046811 -2.937853 7e-06 -20.976017 -1e-06 -5.019969 -25.033556 -4.03188 6e-06 -1e-06 -2e-06 -10.634532 -5.686971 -3.565588 10.573277 -17.922951 -3.113903 5e-06 -13.821211 2e-06 -0.501774 -31.181507 -4.027017 -11.823918 -59.255817 7.624318 -13.982714 -7.150198 -2.875042 13.772731 -8.401494 -3.218242 0.347734 -34.211555 0.771653 -0.96303 -17.733368 2.621022 -2e-06 2e-06 0.0 -17.346418 -20.095219 -4.201782 21.757557 -1.638376 3.866426 0.0 -6.338825 1e-06 -1.697588 -22.591743 -6.194007 1e-06 -5e-06 -3e-06 -17.304428 -85.925659 -147.330811 76.745987 -25.448532 -102.726685 21.297369 1.895615 -0.102568 13.079515 6.646667 -70.503487 22.182106 -20.3759 49.933319 -16.701811 -16.743525 28.476526 -4e-06 -12.690601 1e-06 14.068087 -15.891649 4.096895 -0.10592 -1.513855 -4.27588 -5.039041 -5.61287 -2.953556 5e-06 -11.020523 -1e-06 -6.111295 -15.89533 -3.840469 0.0 -1e-06 0.0 -10.283369 -5.680286 -4.341838 11.028293 -11.302403 -2.372631 -1.384269 -14.238577 -6.320117 -0.625442 -26.924187 -3.827596 -4.93444 -48.102985 -2.202677 -13.70852 -7.363472 -3.720938 18.141146 -14.052738 -3.242674 7e-06 -18.787268 0.0 -0.429713 -8.456041 2.555503 2e-06 0.0 1e-06 -15.923532 -20.094479 -5.473582 30.41921 -7.190825 1.735924 2e-06 -8.162924 -0.0 -1.861901 -22.861467 -6.167939 -3e-06 -4e-06 -1e-06 -171.703445 -2.024282 -16.05987 8.13221 -0.07153 0.165645 -81.071609 0.128251 -4.573327 -5.638998 1.501554 2.20002 -0.999999 -0.0 -0.0 3.381774 -2.338115 -11.337943 15.119872 0.042661 0.061947 -83.171333 -0.837296 -3.408248 -6.169706 0.523076 1.599001 -1.000003 1e-06 1e-06 
0.0 0.0 0.0 0.0 -0.0 0.0 -1.570234 99.554611 2.538643 89.667435 3.763654 81.533859 -4.067396 -2.55551 -0.206291 -12.576809 -2.070817 -1.58169 23.393982 1.236656 -4.374794 18.007654 7.79479 1.890503 -2.801165 -0.850745 -7.586414 -35.539242 -1.737608 -10.895994 6e-06 -0.0 -1e-06 0.009062 -0.005661 0.047126 0.022534 -0.000909 0.026009 -0.024105 -0.009504 0.045615 4.946188 -76.01606 6.967761 116.309311 -21.372583 -54.854115 30.641005 -0.767104 0.796108 -8.415089 3.215166 -85.868019 17.636631 -26.322735 52.411194 -19.46666 -14.395596 29.410385 -0.0 -8.774821 1e-06 14.920034 -17.402807 7.316961 -0.609776 -1.795658 -3.889328 -4.80709 -11.046811 -2.93785 3e-06 -20.976019 0.0 -5.019974 -25.03356 -4.031878 6e-06 -0.0 -2e-06 -10.634536 -5.686974 -3.565588 10.573274 -17.922955 -3.1139 2e-06 -13.821212 1e-06 -0.501778 -31.181511 -4.027017 -11.825803 -59.10593 7.715637 -13.982715 -7.150199 -2.875041 13.772727 -8.401494 -3.218241 0.34773 -34.211555 0.771654 -0.963028 -17.73337 2.62102 -2e-06 -0.0 0.0 -17.346422 -20.095221 -4.201779 21.757557 -1.638374 3.866426 -2e-06 -6.338823 -0.0 -1.69759 -22.591743 -6.194009 -1e-06 -3e-06 -0.0 -19.296558 -86.001053 -145.263657 77.742821 -24.516747 -103.059998 20.768547 1.9187 0.010955 12.430645 7.129119 -68.997826 22.182114 -20.37591 49.933342 -16.701822 -16.74354 28.476547 -5e-06 -12.690606 0.0 14.057731 -15.98732 4.022794 -0.105918 -1.513856 -4.275883 -5.039043 -5.612873 -2.953558 5e-06 -11.020528 -3e-06 -6.111295 -15.895336 -3.840473 -1e-06 1e-06 -0.0 -10.28337 -5.680288 -4.341841 11.028296 -11.302411 -2.372635 -1.384263 -14.238583 -6.320124 -0.625432 -26.924194 -3.827604 -4.798748 -48.132469 -2.381279 -13.708526 -7.363477 -3.720941 18.141157 -14.052745 -3.242679 8e-06 -18.787275 -3e-06 -0.429713 -8.456045 2.555504 2e-06 -1e-06 -0.0 -15.923536 -20.094486 -5.473588 30.419222 -7.190829 1.735921 5e-06 -8.162929 -0.0 -1.861902 -22.861479 -6.167942 -0.0 -4e-06 -1e-06 -171.80397 -2.214967 -16.954491 8.404338 -0.091529 0.146308 -81.340843 -0.715137 -4.764209 -5.662421 1.520657 2.203121 -0.999999 -0.0 0.0 2.693938 -2.098398 -10.462348 15.535185 0.034677 0.080667 -83.199341 -0.113408 -3.04634 -6.269678 0.536712 1.595758 -1.000002 0.0 0.0 
0.0 0.0 0.0 0.0 -0.0 0.0 -1.723507 99.543755 2.510569 89.444 3.568957 79.926735 -4.015124 -2.439938 -0.294696 -12.614552 -2.077433 -1.75567 23.38879 1.291098 -4.374003 17.960752 6.763614 1.872774 -2.769022 -0.914779 -6.984416 -35.949474 -2.076666 -9.863126 6e-06 1e-06 -2e-06 0.010799 0.005216 0.049511 0.017353 0.009782 0.02569 -0.022374 0.000489 0.048949 5.635586 -75.959442 6.322076 116.578094 -20.815556 -54.780952 30.342545 -0.636642 0.725462 -8.058997 3.012059 -86.801048 17.636627 -26.322729 52.411186 -19.466663 -14.395598 29.410389 -2e-06 -8.774821 1e-06 14.899694 -17.316145 7.332555 -0.609775 -1.795654 -3.889328 -4.807091 -11.046814 -2.937852 4e-06 -20.976021 -2e-06 -5.019973 -25.03356 -4.031879 6e-06 -1e-06 -1e-06 -10.634538 -5.686974 -3.565587 10.573277 -17.922951 -3.113905 3e-06 -13.821212 1e-06 -0.501777 -31.181511 -4.027017 -11.922142 -59.227509 7.825443 -13.982718 -7.150201 -2.875041 13.772735 -8.401493 -3.218245 0.347734 -34.211559 0.771651 -0.963028 -17.73337 2.62102 -1e-06 2e-06 1e-06 -17.346424 -20.095221 -4.201779 21.757565 -1.638374 3.866428 0.0 -6.338824 -0.0 -1.697591 -22.591747 -6.194008 1e-06 -4e-06 -2e-06 -23.303852 -86.361908 -141.312485 78.794571 -23.91106 -103.373848 20.773048 1.872737 0.100945 11.837116 7.239053 -67.357773 22.182108 -20.375887 49.933308 -16.701813 -16.74353 28.47653 -2e-06 -12.690601 -1e-06 14.048859 -16.099903 3.946842 -0.105917 -1.513856 -4.275882 -5.039042 -5.612873 -2.953556 5e-06 -11.020523 -3e-06 -6.111296 -15.895334 -3.840471 0.0 -2e-06 0.0 -10.283369 -5.680288 -4.341838 11.02829 -11.302406 -2.372633 -1.384267 -14.238581 -6.320121 -0.625437 -26.924191 -3.827604 -4.72139 -48.142536 -2.521466 -13.708522 -7.363476 -3.720939 18.141148 -14.052739 -3.242674 5e-06 -18.78727 -3e-06 -0.429713 -8.456041 2.555502 2e-06 -1e-06 1e-06 -15.923538 -20.094482 -5.473583 30.41921 -7.190823 1.735925 4e-06 -8.162925 -1e-06 -1.861905 -22.861467 -6.167943 -1e-06 -3e-06 -0.0 -171.748779 -2.345455 -17.705919 8.426847 -0.105339 0.122903 -81.451981 -1.588658 -5.033018 -5.620852 1.509004 2.198128 -0.999998 -0.0 -0.0 2.152014 -1.858752 -9.684788 15.827034 0.010455 0.107946 -83.17173 0.533845 -2.751225 -6.301042 0.548055 1.589421 -1.000002 0.0 0.0 
0.0 0.0 0.0 0.0 -0.0 0.0 -1.885091 99.551186 2.474123 89.254791 3.464811 78.56797 -3.953247 -2.298133 -0.383696 -12.638088 -2.053253 -1.875507 23.368742 1.282475 -4.346793 18.09866 5.913162 1.958141 -2.753475 -0.987904 -6.728066 -36.340611 -2.379053 -9.074958 6e-06 0.0 0.0 0.012972 0.006963 0.025816 -0.013711 0.006916 -0.005696 -0.042964 0.005338 0.031962 5.456874 -75.881264 6.54487 116.214935 -21.038265 -55.417263 31.595154 -0.31901 0.575127 -8.110114 3.383404 -87.516273 17.636633 -26.322737 52.411194 -19.46666 -14.395598 29.410389 -2e-06 -8.77482 -2e-06 14.774681 -17.367626 7.419184 -0.609776 -1.795652 -3.889327 -4.807088 -11.046812 -2.937851 3e-06 -20.976021 1e-06 -5.01997 -25.03356 -4.031877 5e-06 0.0 -0.0 -10.634534 -5.686969 -3.565587 10.573275 -17.922947 -3.113901 5e-06 -13.821209 2e-06 -0.501776 -31.181505 -4.027011 -12.059338 -59.617123 7.883907 -13.982715 -7.150196 -2.87504 13.77273 -8.401493 -3.218241 0.347732 -34.211544 0.771658 -0.963027 -17.73337 2.621021 -0.0 2e-06 -1e-06 -17.346416 -20.095215 -4.20178 21.757557 -1.638375 3.866428 2e-06 -6.338823 1e-06 -1.69759 -22.591742 -6.194003 -1e-06 -3e-06 -2e-06 -30.036863 -86.859192 -134.689194 79.591026 -23.497747 -103.384346 20.949802 1.826532 0.148923 11.245526 7.010397 -65.971291 22.182108 -20.375887 49.933296 -16.701809 -16.743525 28.476519 -2e-06 -12.690601 -1e-06 13.98444 -16.131609 3.946331 -0.105923 -1.513857 -4.27588 -5.03904 -5.612869 -2.953556 5e-06 -11.02052 -2e-06 -6.111299 -15.895328 -3.84047 0.0 -1e-06 -0.0 -10.283368 -5.680287 -4.341835 11.02829 -11.302402 -2.372633 -1.384265 -14.238575 -6.32012 -0.625436 -26.924183 -3.827601 -4.670412 -48.059223 -2.557573 -13.708521 -7.363472 -3.720937 18.141144 -14.052735 -3.242673 5e-06 -18.787264 -2e-06 -0.429709 -8.456041 2.555501 -1e-06 -0.0 -1e-06 -15.923534 -20.094479 -5.473582 30.41921 -7.190824 1.735925 4e-06 -8.162924 -1e-06 -1.861902 -22.861464 -6.167941 -1e-06 -2e-06 -1e-06 -171.427841 -2.396026 -18.248104 8.003675 -0.104842 0.092266 -81.304031 -2.496841 -5.33944 -5.528674 1.471658 2.187057 -0.999998 -0.0 -0.0 1.8651 -1.610551 -8.977031 15.869018 -0.003436 0.119728 -83.045937 1.050339 -2.517595 -6.204799 0.56198 1.592175 -1.000002 0.0 0.0 
0.0 0.0 0.0 0.0 -0.0 0.0 -2.045867 99.557747 2.440051 89.090775 3.42231 77.447639 -3.925121 -2.171026 -0.417109 -12.64134 -2.018979 -1.925986 23.334631 1.261692 -4.319612 18.354652 5.290856 2.100598 -2.752337 -1.032032 -6.737736 -36.587776 -2.620194 -8.468168 5e-06 -1e-06 -2e-06 0.017948 0.002807 -0.003353 -0.048167 0.002724 -0.043164 -0.066337 -0.000638 0.011413 4.913094 -75.93853 7.151738 115.483856 -21.547024 -56.083061 33.061195 -0.014749 0.482691 -8.847324 3.761516 -87.890541 17.636625 -26.322729 52.411182 -19.46666 -14.395597 29.410385 -1e-06 -8.774819 -2e-06 14.664013 -17.447937 7.538002 -0.609775 -1.795654 -3.889327 -4.807087 -11.046813 -2.937849 3e-06 -20.976017 -1e-06 -5.019969 -25.03356 -4.031879 6e-06 -1e-06 -1e-06 -10.634532 -5.686971 -3.565585 10.573271 -17.922949 -3.113901 1e-06 -13.821211 1e-06 -0.501779 -31.181505 -4.027014 -12.168069 -59.868298 7.918711 -13.982711 -7.150197 -2.875041 13.772726 -8.401491 -3.218242 0.347733 -34.211552 0.771653 -0.963032 -17.733366 2.621021 -0.0 1e-06 1e-06 -17.346415 -20.095213 -4.201777 21.757551 -1.638373 3.866426 0.0 -6.338821 -1e-06 -1.697589 -22.59174 -6.194005 0.0 -2e-06 -2e-06 -37.432236 -87.232819 -127.441032 79.909348 -23.240261 -102.864464 20.926315 1.683147 0.168894 10.794699 6.769915 -65.329094 22.182106 -20.375898 49.933323 -16.701815 -16.743525 28.47654 -3e-06 -12.690601 0.0 13.900011 -16.047478 4.043611 -0.10592 -1.513855 -4.275882 -5.039042 -5.612873 -2.953557 5e-06 -11.020524 -3e-06 -6.111297 -15.895332 -3.840472 0.0 -1e-06 -0.0 -10.283371 -5.680288 -4.341839 11.02829 -11.302406 -2.372633 -1.384268 -14.238583 -6.320121 -0.625439 -26.924196 -3.827601 -4.642487 -47.962082 -2.505786 -13.708522 -7.363477 -3.72094 18.141146 -14.052739 -3.242676 7e-06 -18.787271 -3e-06 -0.429711 -8.456045 2.555502 1e-06 1e-06 1e-06 -15.923532 -20.094484 -5.473587 30.419214 -7.190825 1.735924 4e-06 -8.162928 -1e-06 -1.861902 -22.861473 -6.167944 -1e-06 -1e-06 -0.0 -171.066818 -2.442724 -18.775707 7.567326 -0.097105 0.058231 -81.125183 -3.142695 -5.623347 -5.483983 1.462648 2.181005 -0.999999 -0.0 0.0 1.710772 -1.375341 -8.355877 15.855016 -0.011555 0.114404 -82.923096 1.407896 -2.300729 -6.104245 0.564416 1.597815 -1.000001 -1e-06 0.0 
0.0 0.0 0.0 0.0 -0.0 0.0 -2.181853 99.553993 2.402682 88.94606 3.400834 76.630722 -3.933875 -2.084831 -0.399316 -12.634547 -1.997361 -1.964207 23.305092 1.261179 -4.295207 18.615341 4.910082 2.196434 -2.751782 -1.016131 -6.871416 -36.690407 -2.860494 -8.016624 5e-06 1e-06 -1e-06 0.025866 -0.001502 -0.023811 -0.066785 0.001013 -0.070586 -0.081557 -0.008787 -0.000602 4.387229 -76.152016 7.844115 114.610825 -22.084072 -56.452515 34.212814 0.156263 0.473105 -10.075222 3.806075 -88.03743 17.636625 -26.322725 52.411175 -19.466663 -14.395598 29.410385 -2e-06 -8.774819 -2e-06 14.620091 -17.483513 7.584629 -0.609777 -1.795651 -3.889328 -4.807085 -11.046808 -2.937849 6e-06 -20.976011 -1e-06 -5.019967 -25.033548 -4.031878 4e-06 2e-06 0.0 -10.634529 -5.686966 -3.565587 10.573274 -17.922949 -3.113902 5e-06 -13.821206 2e-06 -0.501773 -31.181498 -4.027012 -12.200931 -59.834351 7.892738 -13.982711 -7.150198 -2.875042 13.772727 -8.401492 -3.218241 0.347738 -34.211544 0.771652 -0.963027 -17.73337 2.621021 -1e-06 3e-06 2e-06 -17.346413 -20.095207 -4.20178 21.757555 -1.638377 3.866424 2e-06 -6.338823 -0.0 -1.697588 -22.591742 -6.194002 -0.0 -1e-06 -2e-06 -42.953468 -87.462173 -122.018555 79.907104 -23.163496 -102.189156 20.688768 1.44815 0.180204 10.434961 6.664604 -65.249428 22.182117 -20.375898 49.933319 -16.701811 -16.74353 28.47653 -4e-06 -12.6906 -0.0 13.879989 -15.926924 4.143128 -0.105919 -1.513855 -4.275882 -5.03904 -5.612872 -2.953557 5e-06 -11.020524 -1e-06 -6.111297 -15.895332 -3.840469 1e-06 -0.0 0.0 -10.283367 -5.680285 -4.341839 11.028292 -11.302406 -2.372632 -1.384266 -14.238579 -6.320119 -0.625438 -26.924187 -3.827599 -4.649635 -47.903011 -2.425997 -13.708519 -7.363471 -3.72094 18.141148 -14.052739 -3.242673 7e-06 -18.78727 1e-06 -0.42971 -8.456044 2.555504 1e-06 -0.0 -0.0 -15.923531 -20.094479 -5.473584 30.41921 -7.190827 1.735926 3e-06 -8.162925 -0.0 -1.861907 -22.861469 -6.167938 0.0 -3e-06 -1e-06 -170.886475 -2.555374 -19.313984 7.468142 -0.088893 0.040033 -81.096466 -3.46879 -5.803194 -5.502903 1.489811 2.182173 -1.0 0.0 -0.0 1.597525 -1.15712 -7.830139 15.879905 -0.014414 0.101919 -82.849213 1.565255 -2.114981 -6.043886 0.54609 1.599104 -1.000003 0.0 0.0 
0.0 0.0 0.0 0.0 -0.0 0.0 -2.285697 99.550339 2.35175 88.829506 3.37593 76.109207 -3.964974 -2.052114 -0.372577 -12.636209 -1.991537 -2.007405 23.294403 1.288007 -4.293554 18.86791 4.714728 2.193495 -2.745163 -0.977595 -6.983644 -36.675545 -3.101624 -7.762566 6e-06 -1e-06 -2e-06 0.031584 -0.002955 -0.032275 -0.067863 0.002989 -0.082888 -0.086204 -0.013982 -0.003629 3.889704 -76.450325 8.660555 113.826942 -22.591494 -56.62822 35.076328 0.231794 0.56185 -11.295358 3.556681 -87.969063 17.636627 -26.322733 52.411209 -19.466665 -14.395602 29.410395 -0.0 -8.774822 -3e-06 14.671115 -17.488663 7.517231 -0.609779 -1.795653 -3.889329 -4.807086 -11.046813 -2.93785 6e-06 -20.976019 -1e-06 -5.019968 -25.03356 -4.031884 6e-06 -1e-06 1e-06 -10.634537 -5.686971 -3.565589 10.573275 -17.922951 -3.113902 4e-06 -13.82121 -0.0 -0.501774 -31.181505 -4.027017 -12.14901 -59.622738 7.797301 -13.982715 -7.150198 -2.875042 13.772733 -8.401497 -3.218243 0.347738 -34.211555 0.771651 -0.963028 -17.73337 2.621021 -1e-06 0.0 3e-06 -17.346422 -20.095221 -4.201784 21.757561 -1.638375 3.866429 2e-06 -6.338824 -0.0 -1.697588 -22.591747 -6.194009 -1e-06 -2e-06 -3e-06 -45.654114 -87.620758 -119.380913 79.911812 -23.341326 -101.654305 20.440161 1.270564 0.182193 10.040609 6.648408 -65.10041 22.182114 -20.375896 49.933327 -16.701813 -16.743523 28.476536 -3e-06 -12.690601 0.0 13.941977 -15.871441 4.187079 -0.10592 -1.513857 -4.275883 -5.039041 -5.612873 -2.953556 6e-06 -11.020525 -3e-06 -6.111298 -15.895334 -3.840473 0.0 -1e-06 1e-06 -10.283371 -5.680288 -4.341838 11.028294 -11.302404 -2.372634 -1.384269 -14.23858 -6.320123 -0.625438 -26.924191 -3.827606 -4.696929 -47.921368 -2.364374 -13.708526 -7.363479 -3.720939 18.141148 -14.052739 -3.242676 7e-06 -18.78727 -3e-06 -0.429711 -8.456039 2.555505 1e-06 -1e-06 1e-06 -15.923536 -20.094486 -5.473586 30.41921 -7.190826 1.735925 4e-06 -8.162927 -2e-06 -1.8619 -22.861471 -6.167944 -2e-06 -2e-06 -1e-06 -170.857513 -2.698771 -19.714287 7.559515 -0.077996 0.041767 -81.137634 -3.674111 -5.891612 -5.534042 1.526433 2.184533 -0.999999 0.0 0.0 1.512566 -0.969458 -7.440317 15.885545 -0.006272 0.090329 -82.783257 1.61194 -1.953846 -6.019961 0.522025 1.595799 -1.000002 0.0 0.0 
0.0 0.0 0.0 0.0 -0.0 0.0 -2.355099 99.549942 2.279158 88.744827 3.332296 75.848167 -4.017142 -2.064068 -0.346928 -12.650506 -2.000526 -2.056134 23.302511 1.330012 -4.322997 19.140783 4.61763 2.132627 -2.724303 -0.938549 -7.029965 -36.601551 -3.320469 -7.685959 6e-06 0.0 -1e-06 0.033396 -0.001108 -0.031835 -0.054458 0.009928 -0.081898 -0.079855 -0.016824 -0.002618 3.315762 -76.806229 9.637375 113.267426 -23.073109 -56.621803 35.755878 0.292789 0.740347 -12.281703 3.269645 -87.932907 17.636625 -26.322729 52.411194 -19.466654 -14.395594 29.410385 -0.0 -8.774819 -3e-06 14.742601 -17.493708 7.411607 -0.609777 -1.795652 -3.889327 -4.807088 -11.046812 -2.937851 1e-06 -20.976013 -1e-06 -5.019971 -25.033552 -4.031883 6e-06 -1e-06 2e-06 -10.634531 -5.686973 -3.565588 10.57327 -17.922945 -3.113899 2e-06 -13.821206 0.0 -0.50178 -31.181498 -4.027015 -12.087204 -59.410946 7.696133 -13.982711 -7.150197 -2.875043 13.772726 -8.40149 -3.21824 0.347729 -34.211552 0.771654 -0.963031 -17.73337 2.621021 -0.0 2e-06 -1e-06 -17.346418 -20.095217 -4.201782 21.757555 -1.638372 3.866429 0.0 -6.338824 0.0 -1.697589 -22.591742 -6.194009 -0.0 -4e-06 -3e-06 -44.548958 -87.771736 -120.548714 80.065666 -23.720005 -101.31179 20.265232 1.187386 0.18654 9.586089 6.682061 -64.418175 22.182117 -20.375902 49.933323 -16.701813 -16.743528 28.476532 -4e-06 -12.690601 0.0 14.062055 -15.917314 4.15165 -0.10592 -1.513858 -4.275883 -5.03904 -5.61287 -2.953556 8e-06 -11.020525 -2e-06 -6.111301 -15.895334 -3.840469 0.0 -1e-06 0.0 -10.283372 -5.680288 -4.341839 11.028296 -11.302405 -2.372633 -1.384263 -14.238581 -6.320121 -0.62544 -26.924189 -3.8276 -4.769449 -47.978821 -2.323907 -13.708527 -7.363474 -3.720939 18.14115 -14.052739 -3.242675 7e-06 -18.78727 -2e-06 -0.429713 -8.456043 2.555505 -1e-06 0.0 -1e-06 -15.923536 -20.094481 -5.473585 30.419218 -7.190827 1.735926 4e-06 -8.162927 -1e-06 -1.861903 -22.861473 -6.16794 1e-06 -3e-06 -1e-06 -170.988647 -2.865829 -19.937496 7.816852 -0.067377 0.051647 -81.230186 -3.797825 -5.928876 -5.555948 1.546861 2.183156 -0.999999 0.0 0.0 1.424064 -0.815298 -7.196374 15.872998 0.004965 0.078701 -82.71479 1.618699 -1.827855 -6.006671 0.512073 1.591738 -1.000001 -1e-06 0.0 
0.0 0.0 0.0 0.0 -0.0 0.0 -2.399548 99.558029 2.19166 88.685356 3.294102 75.76931 -4.074178 -2.099259 -0.338892 -12.674396 -2.008198 -2.08978 23.323462 1.364338 -4.371318 19.458935 4.559927 2.053125 -2.707271 -0.919125 -7.013557 -36.450363 -3.504741 -7.74815 6e-06 -0.0 -0.0 0.032218 0.003236 -0.026069 -0.03344 0.020775 -0.071715 -0.066604 -0.01821 -0.000788 2.643233 -77.19146 10.627093 112.965775 -23.586596 -56.665104 36.335987 0.328512 0.927048 -12.928467 3.191283 -87.990616 17.636633 -26.322735 52.41119 -19.46666 -14.3956 29.410389 -1e-06 -8.774821 -3e-06 14.784356 -17.50124 7.343248 -0.609775 -1.795652 -3.889327 -4.80709 -11.046813 -2.937849 3e-06 -20.976015 1e-06 -5.019971 -25.033556 -4.031882 6e-06 0.0 0.0 -10.634535 -5.686973 -3.565587 10.573276 -17.922951 -3.113901 1e-06 -13.821209 1e-06 -0.50178 -31.181501 -4.027016 -12.026428 -59.295883 7.629379 -13.982716 -7.150201 -2.875039 13.772733 -8.401489 -3.218242 0.347728 -34.211552 0.771656 -0.963031 -17.733368 2.621019 -0.0 1e-06 1e-06 -17.346422 -20.095221 -4.20178 21.757561 -1.638372 3.866431 2e-06 -6.338823 0.0 -1.697593 -22.591747 -6.194005 -2e-06 -3e-06 -2e-06 -40.172577 -87.913994 -124.941895 80.311317 -24.110674 -101.006676 20.201403 1.222661 0.175445 9.12882 6.700462 -63.525219 22.182117 -20.375895 49.933327 -16.701815 -16.743528 28.476534 -3e-06 -12.690603 -1e-06 14.189426 -16.042202 4.073139 -0.10592 -1.513857 -4.275882 -5.039042 -5.612872 -2.953557 5e-06 -11.020525 -3e-06 -6.111297 -15.895334 -3.840471 -0.0 -0.0 0.0 -10.283371 -5.680289 -4.341839 11.028297 -11.302407 -2.372635 -1.384268 -14.238583 -6.320123 -0.625437 -26.924194 -3.827603 -4.81662 -48.021011 -2.330823 -13.708524 -7.363477 -3.72094 18.141157 -14.052739 -3.242676 6e-06 -18.78727 -4e-06 -0.429712 -8.456041 2.555503 1e-06 1e-06 -1e-06 -15.923534 -20.094486 -5.473588 30.419222 -7.190827 1.735926 3e-06 -8.162927 -2e-06 -1.861899 -22.861473 -6.167943 -1e-06 -2e-06 -2e-06 -171.150467 -3.011634 -20.001911 8.042387 -0.06156 0.051942 -81.281898 -3.858907 -5.934478 -5.522121 1.547478 2.179064 -0.999999 -0.0 0.0 1.379402 -0.69525 -7.11078 15.789574 0.013605 0.067741 -82.615585 1.622901 -1.741229 -5.972912 0.517132 1.589073 -1.000002 -0.0 0.0 
0.0 0.0 0.0 0.0 -0.0 0.0 -2.418501 99.563354 2.097478 88.64283 3.295619 75.82386 -4.116409 -2.141657 -0.345584 -12.710298 -2.012757 -2.105595 23.353224 1.375075 -4.433525 19.895628 4.510845 1.989338 -2.700613 -0.919489 -7.001316 -36.24131 -3.657904 -7.864192 7e-06 -0.0 0.0 0.03028 0.007014 -0.022725 -0.014255 0.029831 -0.061272 -0.052398 -0.018986 -0.004804 1.890478 -77.550705 11.545412 112.856903 -24.160593 -56.819618 36.840271 0.320462 1.040868 -13.342357 3.332647 -87.625885 17.636635 -26.322733 52.411179 -19.466656 -14.395597 29.410381 -1e-06 -8.774821 -3e-06 14.777178 -17.502445 7.335748 -0.609776 -1.795655 -3.889327 -4.807091 -11.046811 -2.937846 2e-06 -20.976015 2e-06 -5.019973 -25.033556 -4.031878 5e-06 -1e-06 -0.0 -10.634535 -5.686973 -3.565588 10.573272 -17.922951 -3.113902 2e-06 -13.821209 2e-06 -0.501777 -31.181505 -4.027015 -12.013235 -59.294075 7.630094 -13.982712 -7.150199 -2.875042 13.77273 -8.401491 -3.218241 0.347729 -34.211552 0.771659 -0.963031 -17.73337 2.621022 -0.0 1e-06 1e-06 -17.346422 -20.095219 -4.201779 21.757559 -1.638375 3.86643 -1e-06 -6.338824 1e-06 -1.697591 -22.591743 -6.194006 -1e-06 -3e-06 -2e-06 -33.977612 -87.99202 -131.093414 80.499557 -24.422119 -100.697067 20.195562 1.331578 0.161338 8.689278 6.703387 -62.52858 22.18211 -20.375881 49.9333 -16.701815 -16.74353 28.476526 -3e-06 -12.690605 -1e-06 14.275219 -16.167395 4.007534 -0.10592 -1.513857 -4.275881 -5.039042 -5.612873 -2.953556 1e-06 -11.020524 -2e-06 -6.111296 -15.895334 -3.84047 1e-06 1e-06 0.0 -10.283371 -5.680292 -4.341837 11.028296 -11.302406 -2.372634 -1.384268 -14.238581 -6.320121 -0.625438 -26.924187 -3.827605 -4.823479 -48.015659 -2.367747 -13.708526 -7.363478 -3.720937 18.14115 -14.052739 -3.242676 5e-06 -18.78727 -4e-06 -0.429712 -8.456043 2.555504 1e-06 -2e-06 -0.0 -15.923538 -20.094486 -5.473584 30.41921 -7.190823 1.735927 2e-06 -8.162922 -2e-06 -1.861902 -22.861467 -6.167946 -0.0 -2e-06 -2e-06 -171.336945 -3.14392 -19.958691 8.334984 -0.059506 0.048131 -81.360046 -3.831363 -5.950445 -5.470027 1.536303 2.173456 -0.999999 -0.0 -0.0 1.370315 -0.620339 -7.13941 15.728635 0.024091 0.056225 -82.536407 1.607155 -1.680988 -5.935021 0.526053 1.587273 -1.000001 0.0 -0.0 
0.0 0.0 0.0 0.0 -0.0 0.0 -2.409511 99.568848 1.99401 88.624901 3.364056 76.008987 -4.140968 -2.187738 -0.359036 -12.751863 -2.024551 -2.120865 23.387352 1.345904 -4.493863 20.501551 4.420393 1.963927 -2.689464 -0.914731 -7.056424 -35.973072 -3.809161 -8.000803 6e-06 -1e-06 -3e-06 0.02616 0.008459 -0.026797 -0.00214 0.033686 -0.056523 -0.039287 -0.019701 -0.018652 1.123848 -77.847031 12.395219 112.828705 -24.747944 -56.923103 37.320198 0.279167 1.042576 -13.656631 3.599128 -86.973808 17.636625 -26.322725 52.411182 -19.466652 -14.395594 29.410381 -2e-06 -8.774819 -2e-06 14.727027 -17.497208 7.355456 -0.609774 -1.795653 -3.889328 -4.807089 -11.046807 -2.937849 5e-06 -20.976011 1e-06 -5.019969 -25.033548 -4.031882 6e-06 -1e-06 1e-06 -10.634532 -5.686969 -3.565586 10.57327 -17.922945 -3.113898 4e-06 -13.821201 1e-06 -0.501776 -31.181488 -4.027015 -12.030113 -59.350376 7.649127 -13.982712 -7.150198 -2.875041 13.772727 -8.401489 -3.21824 0.347734 -34.21154 0.771656 -0.963031 -17.733366 2.621021 -0.0 1e-06 0.0 -17.346416 -20.095213 -4.201782 21.757555 -1.638374 3.866429 2e-06 -6.338821 0.0 -1.69759 -22.591734 -6.194004 0.0 -3e-06 -3e-06 -27.482687 -88.017616 -137.487549 80.583244 -24.656866 -100.540581 20.206221 1.43084 0.15428 8.267728 6.672882 -61.31741 22.182108 -20.375883 49.933308 -16.701817 -16.74353 28.47653 -3e-06 -12.690601 -1e-06 14.351383 -16.256594 3.944096 -0.105919 -1.513857 -4.275879 -5.039042 -5.612873 -2.953558 2e-06 -11.020521 -2e-06 -6.111296 -15.89533 -3.840472 0.0 0.0 -0.0 -10.283373 -5.680288 -4.341836 11.028292 -11.302406 -2.372635 -1.384267 -14.238579 -6.320122 -0.625436 -26.924191 -3.827604 -4.806066 -48.015358 -2.400056 -13.708525 -7.363477 -3.720939 18.14115 -14.052739 -3.242675 9e-06 -18.78727 -5e-06 -0.429712 -8.456041 2.555503 2e-06 -1e-06 1e-06 -15.923536 -20.094484 -5.473583 30.41921 -7.190824 1.735924 4e-06 -8.162922 -2e-06 -1.8619 -22.861467 -6.167946 2e-06 -3e-06 -1e-06 -171.467773 -3.225708 -19.83987 8.574152 -0.059318 0.045524 -81.401665 -3.727086 -5.957504 -5.432173 1.518446 2.166186 -0.999999 0.0 -0.0 1.428558 -0.604582 -7.257885 15.673992 0.039297 0.042012 -82.468796 1.563174 -1.65443 -5.90141 0.530062 1.58491 -1.000001 0.0 0.0 
0.0 0.0 0.0 0.0 -0.0 0.0 -2.380956 99.576614 1.879546 88.630264 3.507549 76.283409 -4.157495 -2.230042 -0.368564 -12.791295 -2.036455 -2.123075 23.419891 1.271049 -4.537142 21.276228 4.266722 1.975751 -2.678313 -0.90845 -7.20884 -35.577312 -3.93545 -8.132192 6e-06 0.0 -1e-06 0.01989 0.008072 -0.038064 0.003404 0.036001 -0.058106 -0.028069 -0.02284 -0.040958 0.356099 -78.067703 13.191849 112.803902 -25.278406 -56.847267 37.779232 0.211556 1.003748 -13.898151 3.872431 -86.317009 17.636629 -26.322735 52.411213 -19.466665 -14.395602 29.410398 -2e-06 -8.774821 -2e-06 14.66338 -17.498543 7.379653 -0.609776 -1.795657 -3.889328 -4.807091 -11.046813 -2.937851 6e-06 -20.976021 -1e-06 -5.019969 -25.033562 -4.031882 5e-06 -1e-06 -0.0 -10.634537 -5.686973 -3.565588 10.573277 -17.922953 -3.113903 4e-06 -13.821209 -0.0 -0.501772 -31.181505 -4.027017 -12.047029 -59.386623 7.669324 -13.982714 -7.150199 -2.875042 13.77273 -8.401495 -3.218245 0.347738 -34.211555 0.771651 -0.963028 -17.733376 2.62102 0.0 -0.0 3e-06 -17.346416 -20.095221 -4.201785 21.757557 -1.638376 3.86643 0.0 -6.338825 -0.0 -1.697589 -22.591743 -6.194008 -1e-06 -3e-06 -3e-06 -20.561296 -88.076241 -144.274323 80.598366 -24.866611 -100.559631 20.245193 1.45726 0.163131 7.927299 6.64361 -60.154999 22.18211 -20.375898 49.933311 -16.701803 -16.743526 28.476522 -3e-06 -12.690597 -0.0 14.421612 -16.324488 3.874485 -0.10592 -1.513857 -4.275882 -5.039043 -5.612873 -2.953556 2e-06 -11.02052 -0.0 -6.111296 -15.89533 -3.840471 0.0 -0.0 0.0 -10.283369 -5.680288 -4.341839 11.028294 -11.302404 -2.372633 -1.384266 -14.238578 -6.320121 -0.625441 -26.924187 -3.827602 -4.776753 -48.0173 -2.436968 -13.708525 -7.363474 -3.720939 18.141146 -14.052738 -3.242673 4e-06 -18.787268 0.0 -0.42971 -8.456039 2.555503 1e-06 0.0 0.0 -15.923532 -20.094481 -5.473583 30.419207 -7.190824 1.735927 3e-06 -8.162925 -1e-06 -1.861903 -22.861467 -6.167938 1e-06 -2e-06 -2e-06 -171.483887 -3.241578 -19.708906 8.66853 -0.06069 0.04878 -81.363899 -3.559073 -5.941104 -5.424479 1.491265 2.157316 -0.999998 -0.0 0.0 1.565502 -0.637784 -7.455163 15.609921 0.044823 0.027648 -82.401405 1.48695 -1.679676 -5.882088 0.526747 1.581508 -1.000001 1e-06 0.0 
0.0 0.0 0.0 0.0 -0.0 0.0 -2.33807 99.586113 1.76855 88.648048 3.728397 76.633743 -4.174389 -2.265075 -0.369362 -12.829619 -2.041395 -2.093291 23.45738 1.161584 -4.557027 22.226202 4.049363 2.008359 -2.663077 -0.898777 -7.449527 -35.061325 -4.062745 -8.226641 6e-06 -0.0 -2e-06 0.014324 0.009592 -0.042387 0.003683 0.038954 -0.054169 -0.022411 -0.022736 -0.054314 -0.603325 -78.221199 14.142365 112.77829 -25.730173 -56.689419 38.212841 0.089002 0.937681 -14.142295 4.076429 -85.737282 17.636627 -26.322733 52.41119 -19.466663 -14.395598 29.410393 -2e-06 -8.77482 -2e-06 14.580354 -17.506527 7.417511 -0.609777 -1.795654 -3.889328 -4.807089 -11.046813 -2.93785 5e-06 -20.976019 -0.0 -5.01997 -25.033558 -4.031879 6e-06 -2e-06 1e-06 -10.634536 -5.686971 -3.565587 10.573276 -17.922953 -3.113901 3e-06 -13.82121 -0.0 -0.501777 -31.181505 -4.027015 -12.032366 -59.362194 7.671773 -13.982713 -7.150195 -2.875041 13.772727 -8.401493 -3.218243 0.347734 -34.211555 0.771654 -0.963028 -17.73337 2.621019 -0.0 1e-06 0.0 -17.346413 -20.095215 -4.20178 21.757557 -1.638376 3.866427 1e-06 -6.338824 -1e-06 -1.697589 -22.591745 -6.194004 -1e-06 -3e-06 -3e-06 -12.799464 -88.165276 -151.883499 80.521561 -25.065605 -100.572929 20.230085 1.472995 0.198388 7.621987 6.669442 -59.206547 22.182108 -20.375889 49.933308 -16.701811 -16.743528 28.476526 -4e-06 -12.690597 -0.0 14.442254 -16.354757 3.841967 -0.105919 -1.513857 -4.27588 -5.039041 -5.61287 -2.953555 5e-06 -11.020519 -2e-06 -6.111294 -15.895328 -3.840472 1e-06 -0.0 -0.0 -10.283369 -5.680288 -4.341837 11.028292 -11.302403 -2.372632 -1.384266 -14.238577 -6.32012 -0.625438 -26.924179 -3.827601 -4.750428 -47.967422 -2.473527 -13.708525 -7.363475 -3.720937 18.141146 -14.052738 -3.242675 7e-06 -18.787266 -3e-06 -0.429709 -8.456043 2.555506 3e-06 -1e-06 1e-06 -15.923532 -20.094482 -5.473584 30.41921 -7.190826 1.735924 3e-06 -8.162922 -2e-06 -1.861899 -22.861467 -6.167942 1e-06 -3e-06 -0.0 -171.358383 -3.197301 -19.541475 8.595366 -0.063176 0.055859 -81.246399 -3.374139 -5.899243 -5.447406 1.466102 2.149397 -0.999999 -0.0 0.0 1.81096 -0.709303 -7.736274 15.506896 0.046288 0.015433 -82.328133 1.397556 -1.742611 -5.861817 0.515629 1.579075 -1.000001 -1e-06 0.0 
0.0 0.0 0.0 0.0 -0.0 0.0 -2.28563 99.595352 1.660193 88.677818 4.009401 77.088341 -4.195849 -2.306136 -0.365092 -12.868794 -2.039125 -2.034089 23.499889 1.033191 -4.568584 23.308626 3.784413 2.055792 -2.639449 -0.884245 -7.772577 -34.423912 -4.213669 -8.293117 6e-06 -0.0 0.0 0.010354 0.011323 -0.045959 0.006865 0.039136 -0.050175 -0.016163 -0.019315 -0.065761 -1.790043 -78.317337 15.300543 112.774597 -26.125961 -56.485462 38.605644 -0.051078 0.828526 -14.474137 4.118888 -85.125603 17.636625 -26.322733 52.411201 -19.466665 -14.3956 29.410395 0.0 -8.774822 -2e-06 14.495591 -17.542542 7.465827 -0.609779 -1.795654 -3.889329 -4.807087 -11.046813 -2.937852 4e-06 -20.976021 -2e-06 -5.019972 -25.03356 -4.031881 5e-06 0.0 2e-06 -10.634536 -5.686971 -3.565587 10.573274 -17.922951 -3.113905 2e-06 -13.821209 -0.0 -0.501778 -31.181507 -4.027017 -12.021038 -59.302601 7.671502 -13.982714 -7.150198 -2.875042 13.772729 -8.40149 -3.218245 0.34773 -34.211555 0.771652 -0.963031 -17.73337 2.62102 -1e-06 -0.0 -1e-06 -17.346422 -20.095221 -4.201783 21.757557 -1.638373 3.866428 -0.0 -6.338824 0.0 -1.697589 -22.591745 -6.19401 -2e-06 -2e-06 -3e-06 -3.396609 -88.205399 -161.172729 80.366539 -25.2974 -100.559555 20.112034 1.512504 0.240926 7.321967 6.720143 -58.510715 22.182112 -20.375896 49.933327 -16.701807 -16.743528 28.476532 -2e-06 -12.690598 1e-06 14.411548 -16.350853 3.848174 -0.10592 -1.513855 -4.275881 -5.039043 -5.612872 -2.953556 4e-06 -11.020519 -1e-06 -6.111298 -15.895329 -3.840471 1e-06 -0.0 -0.0 -10.283368 -5.680288 -4.341838 11.02829 -11.302404 -2.372632 -1.384269 -14.238579 -6.320121 -0.625441 -26.924187 -3.827601 -4.732592 -47.902176 -2.494889 -13.708522 -7.363475 -3.720939 18.141142 -14.052737 -3.24267 3e-06 -18.787266 -1e-06 -0.429713 -8.456041 2.555504 -0.0 2e-06 -2e-06 -15.923532 -20.094479 -5.473584 30.41921 -7.190823 1.735925 1e-06 -8.162924 -0.0 -1.861906 -22.861469 -6.16794 -0.0 -1e-06 -1e-06 -171.152023 -3.119354 -19.288248 8.445931 -0.066074 0.064531 -81.087601 -3.21178 -5.827642 -5.494012 1.450571 2.145653 -0.999999 -0.0 0.0 2.146888 -0.806204 -8.078054 15.373499 0.052057 0.003195 -82.256241 1.292921 -1.826644 -5.871419 0.498787 1.578027 -1.000002 2e-06 0.0 
0.0 0.0 0.0 0.0 -0.0 0.0 -2.218769 99.598709 1.549717 88.705688 4.333809 77.606323 -4.21604 -2.347797 -0.344448 -12.908257 -2.040945 -1.966724 23.546963 0.903353 -4.54675 24.460505 3.48069 2.108491 -2.611829 -0.873411 -8.136971 -33.694565 -4.381664 -8.377101 6e-06 -0.0 -0.0 0.007846 0.013059 -0.047038 0.006227 0.039584 -0.044646 -0.014348 -0.01622 -0.073229 -3.147248 -78.386276 16.646984 112.787285 -26.45344 -56.244507 38.943203 -0.18081 0.723049 -14.892569 4.001578 -84.598091 17.636627 -26.322721 52.411186 -19.46666 -14.395592 29.410385 -2e-06 -8.774817 -3e-06 14.421094 -17.600079 7.495958 -0.609776 -1.795653 -3.889326 -4.807086 -11.046809 -2.937851 6e-06 -20.976015 -3e-06 -5.019966 -25.033554 -4.031879 5e-06 -0.0 0.0 -10.634529 -5.68697 -3.565587 10.573272 -17.922947 -3.113901 3e-06 -13.821206 1e-06 -0.501774 -31.181501 -4.027017 -11.989649 -59.165264 7.649342 -13.982708 -7.150193 -2.875041 13.772728 -8.401491 -3.218241 0.347735 -34.211544 0.771653 -0.963029 -17.733364 2.621019 -0.0 1e-06 1e-06 -17.346409 -20.095215 -4.201784 21.757551 -1.638376 3.866427 -0.0 -6.338823 0.0 -1.697587 -22.591743 -6.194005 -1e-06 -2e-06 -4e-06 6.216335 -88.176086 -170.676437 80.167969 -25.53388 -100.398796 19.910166 1.601813 0.271722 7.065587 6.818503 -58.206936 22.182123 -20.3759 49.933327 -16.701817 -16.743525 28.476536 -5e-06 -12.6906 -1e-06 14.380723 -16.322252 3.858831 -0.105919 -1.513855 -4.275882 -5.039042 -5.612872 -2.953557 7e-06 -11.020524 -1e-06 -6.111296 -15.895332 -3.840471 1e-06 0.0 -1e-06 -10.283371 -5.680285 -4.341839 11.028296 -11.302407 -2.372631 -1.384265 -14.238579 -6.320122 -0.625435 -26.924189 -3.827599 -4.716602 -47.894207 -2.528564 -13.708522 -7.363473 -3.720941 18.141148 -14.052742 -3.242672 9e-06 -18.78727 -3e-06 -0.429711 -8.456043 2.555505 1e-06 -1e-06 -0.0 -15.923528 -20.094479 -5.473589 30.41921 -7.190835 1.735926 3e-06 -8.162926 0.0 -1.861898 -22.861473 -6.167939 2e-06 -3e-06 -1e-06 -170.949493 -3.052695 -18.982014 8.386823 -0.062955 0.068543 -80.971359 -3.059831 -5.730048 -5.530636 1.451707 2.147014 -0.999998 0.0 0.0 2.527994 -0.911877 -8.444457 15.255909 0.059195 -0.009716 -82.199387 1.177717 -1.927772 -5.915165 0.481619 1.57575 -1.000002 1e-06 -0.0 
0.0 0.0 0.0 0.0 -0.0 0.0 -2.129644 99.596252 1.432228 88.732063 4.662406 78.165794 -4.237916 -2.386739 -0.302991 -12.932254 -2.041567 -1.89512 23.586082 0.78168 -4.486718 25.604343 3.158241 2.152228 -2.586744 -0.860235 -8.53769 -32.942688 -4.556997 -8.511078 6e-06 0.0 -0.0 0.007837 0.01316 -0.053552 -0.001391 0.04122 -0.046296 -0.017575 -0.017864 -0.084009 -4.442283 -78.436722 17.952456 112.822182 -26.710667 -56.04232 39.159409 -0.287723 0.676451 -15.327817 3.763924 -84.316956 17.636629 -26.322729 52.411179 -19.466663 -14.3956 29.410385 -2e-06 -8.774821 -2e-06 14.402549 -17.667835 7.480186 -0.609775 -1.795654 -3.889324 -4.807087 -11.046809 -2.93785 5e-06 -20.976015 -0.0 -5.019969 -25.033554 -4.031878 5e-06 1e-06 -1e-06 -10.634534 -5.686972 -3.565588 10.573277 -17.922953 -3.113902 3e-06 -13.82121 1e-06 -0.501774 -31.181505 -4.027015 -11.928303 -58.99263 7.595763 -13.982712 -7.150196 -2.875041 13.772731 -8.401491 -3.218242 0.347732 -34.211555 0.771658 -0.96303 -17.73337 2.621023 -2e-06 1e-06 0.0 -17.346416 -20.095215 -4.201779 21.757557 -1.638376 3.866428 2e-06 -6.338823 0.0 -1.69759 -22.591742 -6.194004 -1e-06 -2e-06 -3e-06 15.612221 -88.089409 -179.979691 79.98185 -25.779259 -100.077042 19.639795 1.703912 0.269836 6.924016 6.93491 -58.14851 22.182108 -20.375895 49.933319 -16.701811 -16.74353 28.476532 -2e-06 -12.690602 -1e-06 14.408189 -16.304522 3.82812 -0.105922 -1.513858 -4.27588 -5.039042 -5.612871 -2.953558 6e-06 -11.02052 -2e-06 -6.111295 -15.89533 -3.840471 1e-06 -0.0 -0.0 -10.283371 -5.680287 -4.341838 11.028295 -11.302404 -2.372633 -1.384266 -14.238578 -6.320121 -0.625436 -26.924183 -3.827602 -4.727901 -47.974281 -2.56444 -13.708523 -7.363474 -3.720938 18.14115 -14.052735 -3.242675 6e-06 -18.787266 -2e-06 -0.429714 -8.456041 2.555502 2e-06 0.0 -2e-06 -15.923532 -20.094482 -5.473586 30.41921 -7.190825 1.735923 4e-06 -8.162922 -1e-06 -1.861902 -22.861467 -6.167942 -0.0 -3e-06 -0.0 -170.83316 -3.01367 -18.624666 8.502266 -0.056517 0.067905 -80.938507 -2.900455 -5.618728 -5.533916 1.464163 2.150643 -0.999998 0.0 0.0 2.895025 -1.022329 -8.830171 15.175936 0.063224 -0.019651 -82.157082 1.038917 -2.052835 -5.966109 0.473854 1.574897 -1.000001 -0.0 0.0 
0.0 0.0 0.0 0.0 -0.0 0.0 -2.010336 99.5877 1.311017 88.766953 4.969567 78.725281 -4.261491 -2.427049 -0.232094 -12.9419 -2.036874 -1.80714 23.628918 0.690309 -4.382541 26.71314 2.831466 2.152409 -2.568207 -0.834965 -8.962646 -32.233574 -4.701802 -8.685403 6e-06 0.0 -0.0 0.008648 0.011759 -0.066206 -0.005603 0.043904 -0.053062 -0.01589 -0.023867 -0.101594 -5.84648 -78.498917 19.402088 112.891762 -26.880285 -56.002571 39.203197 -0.43255 0.715636 -15.81899 3.456178 -84.176537 17.636631 -26.322727 52.411201 -19.466661 -14.395596 29.410389 -1e-06 -8.774819 -4e-06 14.492466 -17.73797 7.397247 -0.609778 -1.795655 -3.88933 -4.807087 -11.046811 -2.937852 5e-06 -20.976019 -1e-06 -5.01997 -25.03356 -4.031882 5e-06 -1e-06 0.0 -10.634538 -5.686973 -3.565591 10.573275 -17.922951 -3.113902 3e-06 -13.821209 0.0 -0.501775 -31.181505 -4.027019 -11.868623 -58.842587 7.542566 -13.982717 -7.1502 -2.875043 13.772731 -8.401491 -3.218241 0.347735 -34.211555 0.771653 -0.96303 -17.73337 2.621021 -1e-06 0.0 1e-06 -17.346418 -20.095221 -4.201786 21.757555 -1.638376 3.866428 1e-06 -6.338823 2e-06 -1.697587 -22.591747 -6.194007 -0.0 -3e-06 -2e-06 23.610262 -87.925194 172.112076 79.808899 -26.02453 -99.670067 19.430099 1.735969 0.236091 6.775785 7.024354 -58.240219 22.182117 -20.375896 49.933327 -16.701817 -16.743525 28.476536 -4e-06 -12.690601 -1e-06 14.511442 -16.296473 3.775008 -0.105921 -1.513858 -4.275882 -5.039042 -5.612873 -2.953558 6e-06 -11.020525 -4e-06 -6.1113 -15.895334 -3.840472 1e-06 -0.0 -0.0 -10.283369 -5.680289 -4.341841 11.028296 -11.302406 -2.372634 -1.384268 -14.238583 -6.320124 -0.625437 -26.924191 -3.827603 -4.77268 -48.1329 -2.565996 -13.708526 -7.363475 -3.720942 18.14115 -14.052739 -3.242676 8e-06 -18.78727 -5e-06 -0.429714 -8.456046 2.555507 -0.0 0.0 -2e-06 -15.923538 -20.094484 -5.473588 30.419218 -7.190829 1.735924 2e-06 -8.162925 -1e-06 -1.861899 -22.861471 -6.167944 -0.0 -2e-06 -1e-06 -170.833084 -2.98156 -18.222128 8.796447 -0.052026 0.056903 -80.992256 -2.747154 -5.476019 -5.531982 1.485749 2.154159 -0.999999 0.0 0.0 3.194605 -1.156034 -9.198028 15.175318 0.069668 -0.031639 -82.142975 0.880047 -2.194352 -6.026143 0.470798 1.574127 -1.000001 0.0 -0.0 
0.0 0.0 0.0 0.0 -0.0 0.0 -1.850475 99.574463 1.173651 88.831512 5.233345 79.307785 -4.300247 -2.475183 -0.155611 -12.948443 -2.02979 -1.704174 23.70285 0.619711 -4.233249 27.786083 2.544959 2.113421 -2.541477 -0.82496 -9.327199 -31.586361 -4.816096 -8.917037 6e-06 -0.0 -1e-06 0.009721 0.012423 -0.075009 0.000657 0.049153 -0.053536 -0.005723 -0.028207 -0.117299 -7.42918 -78.5905 21.043568 112.97081 -27.043024 -56.223171 39.134277 -0.606701 0.808985 -16.375494 3.238781 -84.223839 17.636625 -26.322729 52.411194 -19.466661 -14.395598 29.410385 -1e-06 -8.774821 -3e-06 14.645051 -17.810324 7.274001 -0.609774 -1.795654 -3.889328 -4.807092 -11.04681 -2.937848 4e-06 -20.976015 -1e-06 -5.01997 -25.033556 -4.031882 6e-06 -1e-06 -1e-06 -10.634535 -5.686971 -3.565587 10.573275 -17.922949 -3.113902 4e-06 -13.821209 0.0 -0.501774 -31.181505 -4.027017 -11.810779 -58.741642 7.475585 -13.982714 -7.150198 -2.875041 13.772731 -8.401493 -3.218241 0.347735 -34.211555 0.771652 -0.963028 -17.733366 2.621018 -0.0 1e-06 0.0 -17.346416 -20.095217 -4.201782 21.757561 -1.638375 3.866426 2e-06 -6.338822 1e-06 -1.697588 -22.591743 -6.194006 -2e-06 -4e-06 -1e-06 28.731915 -87.733932 167.08046 79.648605 -26.264843 -99.386162 19.288633 1.645747 0.194589 6.611689 6.965806 -58.468597 22.182114 -20.375895 49.933319 -16.701813 -16.74353 28.47653 -1e-06 -12.690603 -0.0 14.689452 -16.298491 3.701897 -0.105919 -1.513856 -4.275881 -5.03904 -5.612873 -2.953557 9e-06 -11.020525 -3e-06 -6.111301 -15.895336 -3.840468 1e-06 -0.0 -2e-06 -10.283371 -5.68029 -4.341837 11.028294 -11.302406 -2.372632 -1.38427 -14.238583 -6.320122 -0.625437 -26.924194 -3.827602 -4.837548 -48.308872 -2.515615 -13.708524 -7.363477 -3.720939 18.141146 -14.052739 -3.242674 7e-06 -18.78727 -4e-06 -0.42971 -8.456045 2.555502 -1e-06 1e-06 0.0 -15.923536 -20.094484 -5.473583 30.41921 -7.190826 1.735925 1e-06 -8.162921 -2e-06 -1.861904 -22.861467 -6.167942 1e-06 -2e-06 -1e-06 -170.996704 -2.936568 -17.814814 9.284256 -0.054892 0.046197 -81.12336 -2.556753 -5.257888 -5.532209 1.508038 2.156571 -1.0 0.0 0.0 3.373626 -1.340527 -9.578609 15.294754 0.075169 -0.037584 -82.167503 0.73731 -2.350638 -6.086556 0.476302 1.573822 -1.000001 -0.0 0.0 
0.0 0.0 0.0 0.0 -0.0 0.0 -1.654159 99.57074 1.005342 88.935303 5.435346 79.903564 -4.350579 -2.535064 -0.085254 -12.961879 -2.013626 -1.593983 23.808413 0.552709 -4.062577 28.801546 2.331794 2.054868 -2.513912 -0.831656 -9.55575 -31.023088 -4.876015 -9.168564 6e-06 1e-06 -2e-06 0.007854 0.017072 -0.073777 0.010124 0.056608 -0.043065 0.005872 -0.026556 -0.123997 -9.196179 -78.655197 22.822313 113.032471 -27.317146 -56.838936 39.098091 -0.773137 0.903333 -16.918751 3.302961 -84.384232 17.636633 -26.322735 52.411198 -19.466665 -14.3956 29.410395 -1e-06 -8.774821 -2e-06 14.747094 -17.877829 7.164378 -0.609775 -1.795654 -3.889329 -4.807087 -11.046809 -2.937848 6e-06 -20.976015 -1e-06 -5.019966 -25.033556 -4.03188 7e-06 0.0 -0.0 -10.634533 -5.686972 -3.56559 10.573276 -17.922955 -3.113902 5e-06 -13.821212 2e-06 -0.501774 -31.181507 -4.027014 -11.749147 -58.688946 7.39033 -13.982708 -7.150197 -2.875043 13.772727 -8.401493 -3.218241 0.347731 -34.211555 0.771656 -0.963027 -17.73337 2.621023 -0.0 -1e-06 -1e-06 -17.346418 -20.095219 -4.201784 21.757559 -1.638376 3.866428 3e-06 -6.338823 1e-06 -1.69759 -22.591747 -6.194008 -2e-06 -2e-06 -3e-06 31.182175 -87.58889 164.710464 79.523247 -26.508949 -99.308273 19.286186 1.460415 0.160129 6.382338 6.652728 -58.603024 22.182108 -20.375896 49.933327 -16.701818 -16.74353 28.476542 -4e-06 -12.6906 1e-06 14.913049 -16.324278 3.602679 -0.10592 -1.513855 -4.27588 -5.039042 -5.612873 -2.953558 8e-06 -11.020525 -4e-06 -6.111296 -15.895334 -3.840472 -1e-06 -1e-06 -1e-06 -10.283371 -5.680289 -4.34184 11.028296 -11.302407 -2.372634 -1.384267 -14.238584 -6.320124 -0.625435 -26.924194 -3.827606 -4.890418 -48.479004 -2.45286 -13.708527 -7.363475 -3.720939 18.141151 -14.05274 -3.242677 6e-06 -18.78727 -3e-06 -0.42971 -8.456043 2.555506 1e-06 -1e-06 1e-06 -15.923534 -20.094486 -5.473587 30.419218 -7.190827 1.735922 2e-06 -8.162927 -1e-06 -1.8619 -22.861473 -6.167946 0.0 -2e-06 -0.0 -171.233429 -2.829106 -17.361851 9.712557 -0.059414 0.036379 -81.198906 -2.384219 -4.997485 -5.517984 1.519852 2.155988 -0.999999 0.0 0.0 3.452176 -1.575561 -9.992286 15.429227 0.078204 -0.03243 -82.166725 0.629906 -2.520963 -6.142048 0.496045 1.573602 -1.000003 2e-06 -0.0 
0.0 0.0 0.0 0.0 -0.0 0.0 -1.440201 99.571419 0.807792 89.067596 5.586673 80.562912 -4.38598 -2.595108 -0.0217 -12.97083 -1.982285 -1.479516 23.90955 0.473553 -3.912285 29.741352 2.207988 1.999426 -2.49111 -0.846364 -9.697302 -30.542889 -4.868718 -9.433889 6e-06 0.0 1e-06 0.003187 0.023385 -0.061026 0.018531 0.061662 -0.023045 0.015006 -0.019023 -0.117821 -10.794627 -78.634483 24.363506 113.054764 -27.726873 -57.708679 39.159523 -0.909427 0.977632 -17.354702 3.700221 -84.59304 17.636621 -26.322733 52.411194 -19.466658 -14.395596 29.410393 -1e-06 -8.774821 -2e-06 14.72683 -17.925415 7.126633 -0.609777 -1.795655 -3.889328 -4.807088 -11.046811 -2.93785 5e-06 -20.976013 -0.0 -5.019967 -25.033556 -4.03188 7e-06 -0.0 1e-06 -10.634533 -5.686972 -3.565588 10.573272 -17.922947 -3.113902 2e-06 -13.821206 2e-06 -0.501775 -31.181501 -4.027015 -11.706675 -58.657848 7.343714 -13.982716 -7.150199 -2.875044 13.772727 -8.401491 -3.218243 0.347735 -34.211544 0.771653 -0.963028 -17.73337 2.621019 -1e-06 -0.0 -1e-06 -17.346415 -20.095213 -4.201784 21.757555 -1.638375 3.866427 -2e-06 -6.338824 1e-06 -1.69759 -22.591742 -6.194006 -1e-06 -4e-06 -2e-06 33.286663 -87.53447 162.654068 79.46489 -26.809158 -99.388481 19.40156 1.228477 0.129769 6.062371 6.169418 -58.525173 22.182116 -20.375883 49.933296 -16.701805 -16.743525 28.476519 -1e-06 -12.690598 -2e-06 15.118416 -16.379709 3.498946 -0.105921 -1.513857 -4.275879 -5.039041 -5.612869 -2.953556 5e-06 -11.02052 -2e-06 -6.111297 -15.895328 -3.840469 -0.0 0.0 0.0 -10.283368 -5.680288 -4.341839 11.028289 -11.302403 -2.37263 -1.384271 -14.238575 -6.320121 -0.625437 -26.924179 -3.827601 -4.923368 -48.6189 -2.389338 -13.708524 -7.363475 -3.720937 18.141146 -14.052736 -3.242671 5e-06 -18.787262 -1e-06 -0.429712 -8.456039 2.555502 -0.0 -1e-06 1e-06 -15.923532 -20.094479 -5.473584 30.419205 -7.190822 1.735928 2e-06 -8.162922 -1e-06 -1.861904 -22.861464 -6.16794 0.0 -2e-06 -1e-06 -171.575439 -2.699365 -16.831533 10.18094 -0.063127 0.025877 -81.260208 -2.246414 -4.764318 -5.504857 1.521366 2.153639 -0.999999 1e-06 -0.0 3.452681 -1.836257 -10.458988 15.585399 0.076399 -0.023118 -82.156342 0.547403 -2.745889 -6.195414 0.521063 1.57173 -1.000001 1e-06 0.0 
0.0 0.0 0.0 0.0 -0.0 0.0 -1.22732 99.574707 0.593188 89.213295 5.694341 81.32016 -4.405235 -2.654103 0.024056 -12.97576 -1.948401 -1.357702 24.00379 0.389827 -3.809342 30.58886 2.200667 1.978456 -2.478288 -0.862679 -9.814205 -30.121557 -4.796176 -9.723335 6e-06 0.0 -1e-06 -0.004437 0.028808 -0.047016 0.019168 0.061879 -0.004596 0.016549 -0.008256 -0.108157 -12.328111 -78.557281 25.781372 113.035416 -28.229368 -58.592663 39.272629 -1.021129 0.984133 -17.582811 4.293654 -84.754105 17.636633 -26.322742 52.411213 -19.466665 -14.395604 29.410395 -1e-06 -8.774825 -3e-06 14.618982 -17.955732 7.153463 -0.609776 -1.795654 -3.88933 -4.807089 -11.046813 -2.937849 4e-06 -20.976019 0.0 -5.019973 -25.033562 -4.031882 6e-06 1e-06 1e-06 -10.634533 -5.686971 -3.565588 10.573275 -17.922955 -3.113901 2e-06 -13.821213 2e-06 -0.50178 -31.181511 -4.027016 -11.708438 -58.691788 7.359345 -13.982713 -7.150198 -2.875043 13.772731 -8.401493 -3.218243 0.347732 -34.211555 0.771655 -0.963032 -17.733372 2.62102 -0.0 -0.0 0.0 -17.34642 -20.095217 -4.201783 21.757561 -1.638376 3.86643 -1e-06 -6.338827 2e-06 -1.697588 -22.591747 -6.194008 -2e-06 -3e-06 -3e-06 34.867733 -87.535736 161.120605 79.399452 -27.111839 -99.594788 19.568649 0.977371 0.099608 5.720974 5.67715 -58.333485 22.182117 -20.375898 49.933331 -16.701817 -16.74353 28.476542 -3e-06 -12.690603 1e-06 15.269492 -16.456017 3.415184 -0.105917 -1.513854 -4.275882 -5.039043 -5.612875 -2.953557 5e-06 -11.020525 -2e-06 -6.1113 -15.895336 -3.840472 -1e-06 -0.0 0.0 -10.283374 -5.680288 -4.34184 11.028296 -11.302407 -2.372633 -1.384268 -14.238583 -6.320124 -0.625438 -26.924191 -3.827604 -4.942909 -48.726852 -2.326958 -13.708528 -7.363477 -3.72094 18.141151 -14.052741 -3.242676 7e-06 -18.787271 -2e-06 -0.429711 -8.456045 2.555502 -0.0 -1e-06 1e-06 -15.923539 -20.094486 -5.473588 30.419222 -7.190827 1.735925 1e-06 -8.162927 -1e-06 -1.861902 -22.861475 -6.167944 -1e-06 -4e-06 0.0 -172.01825 -2.581783 -16.250389 10.716125 -0.065841 0.018771 -81.321808 -2.090443 -4.547271 -5.503014 1.511057 2.148362 -0.999998 0.0 0.0 3.420461 -2.095201 -10.991817 15.725801 0.077147 -0.023227 -82.134544 0.47309 -3.006011 -6.239393 0.539521 1.568598 -1.000003 0.0 -0.0 
0.0 0.0 0.0 0.0 -0.0 0.0 -1.02199 99.57914 0.372855 89.380516 5.776982 82.20401 -4.407978 -2.721956 0.048111 -12.982465 -1.933939 -1.258405 24.098248 0.289394 -3.723151 31.333076 2.342435 1.987289 -2.472682 -0.873604 -9.949012 -29.739365 -4.694734 -10.047601 6e-06 -0.0 -0.0 -0.011873 0.033018 -0.040905 0.0182 0.061349 0.004991 0.016524 0.001026 -0.105566 -13.550199 -78.455269 26.861755 112.964783 -28.757357 -59.400284 39.340164 -1.118255 0.931619 -17.688105 4.938575 -84.761101 17.63662 -26.322729 52.411201 -19.466665 -14.3956 29.410395 -1e-06 -8.774821 -1e-06 14.462362 -17.972948 7.248599 -0.609776 -1.795653 -3.889329 -4.807091 -11.046812 -2.937849 5e-06 -20.976017 -3e-06 -5.019968 -25.03356 -4.031885 6e-06 1e-06 1e-06 -10.634531 -5.686969 -3.565587 10.573275 -17.922949 -3.113904 2e-06 -13.821206 1e-06 -0.501775 -31.181498 -4.02702 -11.737358 -58.740749 7.419417 -13.982712 -7.150198 -2.875042 13.772728 -8.401491 -3.218243 0.347736 -34.211544 0.771651 -0.963027 -17.733366 2.621015 -0.0 -0.0 0.0 -17.346416 -20.095217 -4.201783 21.757555 -1.638374 3.866426 2e-06 -6.338822 -0.0 -1.697589 -22.59174 -6.19401 -3e-06 -5e-06 -3e-06 36.573357 -87.550316 159.474335 79.306221 -27.42005 -99.929276 19.740274 0.776609 0.075976 5.433323 5.316569 -58.261726 22.182119 -20.375904 49.933331 -16.701815 -16.743528 28.47654 -2e-06 -12.690601 -0.0 15.296592 -16.526613 3.384377 -0.105921 -1.513857 -4.275882 -5.039041 -5.612873 -2.953557 6e-06 -11.020525 -2e-06 -6.111298 -15.895334 -3.840472 -1e-06 -0.0 0.0 -10.283372 -5.68029 -4.341841 11.028296 -11.302406 -2.372634 -1.384267 -14.238581 -6.320125 -0.62544 -26.924194 -3.8276 -4.941918 -48.747917 -2.282287 -13.708529 -7.363478 -3.720942 18.141151 -14.052742 -3.242674 5e-06 -18.787271 -1e-06 -0.42971 -8.456044 2.555504 1e-06 -0.0 -0.0 -15.923538 -20.094486 -5.473588 30.419214 -7.190826 1.735927 -1e-06 -8.162927 2e-06 -1.861903 -22.861467 -6.167941 -1e-06 -5e-06 0.0 -172.5121 -2.460774 -15.609319 11.259505 -0.067461 0.016353 -81.361603 -1.909027 -4.318694 -5.529231 1.494602 2.142008 -1.0 -0.0 -0.0 3.386642 -2.357606 -11.576967 15.853108 0.082656 -0.032012 -82.115593 0.350273 -3.285154 -6.264304 0.543987 1.565992 -1.000003 1e-06 -0.0 
0.0 0.0 0.0 0.0 -0.0 0.0 -0.820512 99.593407 0.15923 89.557411 5.858728 83.1661 -4.387336 -2.789466 0.063594 -12.989588 -1.934843 -1.178054 24.191484 0.170058 -3.634689 31.945297 2.587831 2.00351 -2.4591 -0.885155 -10.165384 -29.36533 -4.56247 -10.417447 7e-06 0.0 -3e-06 -0.018283 0.037162 -0.03548 0.012429 0.062703 0.011738 0.010561 0.008339 -0.101742 -14.466025 -78.329819 27.69249 112.848076 -29.250757 -60.048183 39.334652 -1.200412 0.83521 -17.728613 5.536832 -84.808769 17.636625 -26.322741 52.411213 -19.466661 -14.395598 29.410395 -2e-06 -8.774824 -4e-06 14.300657 -17.979223 7.369577 -0.609777 -1.795653 -3.889328 -4.807086 -11.046809 -2.937853 3e-06 -20.976019 0.0 -5.019971 -25.03356 -4.031881 6e-06 -0.0 1e-06 -10.634537 -5.686974 -3.565588 10.573275 -17.922955 -3.113902 2e-06 -13.821211 2e-06 -0.501777 -31.181507 -4.027016 -11.75076 -58.737823 7.469335 -13.982716 -7.150198 -2.875043 13.772729 -8.401491 -3.218243 0.347734 -34.211555 0.771656 -0.963031 -17.73337 2.621019 1e-06 0.0 0.0 -17.346422 -20.095221 -4.201784 21.757557 -1.638375 3.866428 0.0 -6.338826 2e-06 -1.69759 -22.591747 -6.194008 -2e-06 -4e-06 -2e-06 38.659721 -87.589622 157.460907 79.216972 -27.777603 -100.396614 19.945948 0.671399 0.05907 5.228387 5.113543 -58.500546 22.182119 -20.375895 49.933319 -16.701815 -16.743526 28.476534 -3e-06 -12.6906 0.0 15.284867 -16.580164 3.36595 -0.105917 -1.513855 -4.275881 -5.039043 -5.612871 -2.953557 7e-06 -11.020525 -3e-06 -6.111296 -15.895334 -3.84047 -1e-06 0.0 0.0 -10.283367 -5.680286 -4.341839 11.028296 -11.302406 -2.372632 -1.384269 -14.238581 -6.32012 -0.625434 -26.924191 -3.827603 -4.939647 -48.758568 -2.272842 -13.708525 -7.363474 -3.720938 18.141153 -14.052739 -3.242675 9e-06 -18.78727 -1e-06 -0.42971 -8.456044 2.555505 -1e-06 -1e-06 2e-06 -15.923528 -20.094482 -5.473586 30.41921 -7.190829 1.735925 2e-06 -8.162926 -1e-06 -1.8619 -22.861467 -6.167943 -1e-06 -4e-06 -1e-06 -172.980042 -2.325268 -14.963748 11.588173 -0.066345 0.022261 -81.276352 -1.704694 -4.068383 -5.569192 1.483977 2.139669 -1.0 -0.0 -0.0 3.43248 -2.602973 -12.140631 15.857174 0.090059 -0.047486 -82.046501 0.133883 -3.58315 -6.269759 0.537426 1.563097 -1.000002 -0.0 0.0 
0.0 0.0 0.0 0.0 -0.0 0.0 -0.625941 99.618782 -0.044437 89.73838 5.939602 84.15451 -4.35386 -2.851692 0.091076 -12.992535 -1.93394 -1.09275 24.285593 0.030938 -3.564234 32.39423 2.89188 2.020156 -2.437577 -0.886785 -10.452702 -29.011143 -4.403633 -10.815611 6e-06 -1e-06 -3e-06 -0.02441 0.040963 -0.047103 0.008978 0.066018 0.001146 0.006771 0.01301 -0.114389 -15.128284 -78.218056 28.329271 112.641754 -29.741266 -60.567665 39.283295 -1.292487 0.744742 -17.736158 6.082013 -84.835503 17.636629 -26.322737 52.411194 -19.46666 -14.395594 29.410389 -2e-06 -8.774822 -4e-06 14.134513 -17.98 7.500503 -0.609776 -1.795654 -3.88933 -4.807084 -11.04681 -2.937851 4e-06 -20.976019 2e-06 -5.019971 -25.033558 -4.031879 6e-06 -1e-06 1e-06 -10.634531 -5.68697 -3.565589 10.573272 -17.922947 -3.113901 2e-06 -13.821209 3e-06 -0.501777 -31.181501 -4.027014 -11.768347 -58.705421 7.507502 -13.982711 -7.150198 -2.875044 13.772729 -8.401491 -3.218241 0.347737 -34.211552 0.771657 -0.963029 -17.73337 2.621021 1e-06 0.0 -0.0 -17.346409 -20.095213 -4.201786 21.757553 -1.638377 3.86643 1e-06 -6.338824 2e-06 -1.697586 -22.591742 -6.194005 1e-06 -6e-06 -3e-06 41.374611 -87.616982 154.820404 79.164185 -28.215307 -100.91391 20.24008 0.608916 0.039568 5.101238 5.03476 -59.078056 22.182123 -20.375893 49.933323 -16.701818 -16.743528 28.476538 -2e-06 -12.690605 -2e-06 15.257503 -16.630793 3.348391 -0.105921 -1.513856 -4.275881 -5.039043 -5.612872 -2.953557 5e-06 -11.02053 -3e-06 -6.1113 -15.895338 -3.840472 -0.0 -0.0 0.0 -10.283373 -5.680288 -4.341838 11.028296 -11.302407 -2.372635 -1.384267 -14.238585 -6.320122 -0.625437 -26.924194 -3.827603 -4.940115 -48.808884 -2.290388 -13.708527 -7.363477 -3.72094 18.14115 -14.052742 -3.242674 8e-06 -18.787273 -3e-06 -0.42971 -8.456046 2.555501 0.0 -1e-06 0.0 -15.923536 -20.094486 -5.473588 30.419214 -7.190829 1.735927 1e-06 -8.162929 -0.0 -1.861897 -22.861473 -6.167946 -1e-06 -3e-06 -1e-06 -173.239792 -2.145558 -14.346891 11.671251 -0.062865 0.032823 -81.104332 -1.472108 -3.795846 -5.595145 1.470294 2.138595 -0.999999 0.0 0.0 3.557546 -2.82475 -12.668214 15.730093 0.095513 -0.053603 -81.920021 -0.162209 -3.900758 -6.259186 0.527755 1.560492 -1.000002 -1e-06 0.0 
0.0 0.0 0.0 0.0 -0.0 0.0 -0.444938 99.645302 -0.231372 89.912239 6.014513 85.11161 -4.318948 -2.904953 0.132458 -12.996862 -1.927964 -0.995459 24.395334 -0.117172 -3.508894 32.649189 3.187418 2.032739 -2.413195 -0.876788 -10.729727 -28.702419 -4.218834 -11.248339 7e-06 -1e-06 -1e-06 -0.02572 0.044169 -0.064558 0.007681 0.069058 -0.014667 0.007608 0.016519 -0.133075 -15.801668 -78.147232 28.998329 112.355362 -30.258247 -61.049686 39.222233 -1.397403 0.644996 -17.75408 6.613223 -84.590759 17.636627 -26.322733 52.411201 -19.466665 -14.395598 29.410395 -0.0 -8.774825 -3e-06 13.968757 -17.990028 7.649146 -0.609775 -1.795652 -3.889328 -4.807091 -11.046814 -2.93785 5e-06 -20.976021 -3e-06 -5.019971 -25.03356 -4.031883 6e-06 -1e-06 -1e-06 -10.634537 -5.686973 -3.565587 10.573277 -17.922953 -3.113904 3e-06 -13.821213 1e-06 -0.501777 -31.181507 -4.027018 -11.79028 -58.635788 7.544404 -13.982715 -7.150201 -2.875043 13.772732 -8.401495 -3.218243 0.347733 -34.211559 0.771654 -0.963028 -17.733374 2.62102 1e-06 -1e-06 1e-06 -17.346422 -20.095221 -4.201782 21.757566 -1.638375 3.866427 -1e-06 -6.338825 2e-06 -1.69759 -22.591751 -6.19401 -1e-06 -4e-06 -2e-06 43.40469 -87.603302 152.881439 79.151917 -28.644268 -101.292999 20.563408 0.572519 0.025694 5.032238 4.986875 -59.832798 22.182114 -20.375895 49.933319 -16.701813 -16.743528 28.47653 -3e-06 -12.690603 -2e-06 15.230031 -16.655289 3.333254 -0.105919 -1.513857 -4.275881 -5.039041 -5.612872 -2.953556 3e-06 -11.020527 -1e-06 -6.111301 -15.895334 -3.84047 -1e-06 -0.0 0.0 -10.283371 -5.680288 -4.341837 11.028295 -11.302405 -2.372635 -1.384269 -14.238581 -6.320121 -0.625438 -26.924189 -3.827599 -4.931581 -48.827122 -2.330929 -13.708527 -7.363477 -3.720937 18.14115 -14.052739 -3.242675 7e-06 -18.78727 -2e-06 -0.429711 -8.456044 2.555504 2e-06 -1e-06 1e-06 -15.923536 -20.094482 -5.473583 30.419218 -7.190825 1.735925 1e-06 -8.162927 0.0 -1.861903 -22.861469 -6.167942 -0.0 -6e-06 -0.0 -173.443497 -1.966108 -13.793897 11.670346 -0.061024 0.049303 -80.907372 -1.199281 -3.516774 -5.625967 1.455824 2.137455 -0.999999 0.0 0.0 3.709749 -3.022125 -13.157834 15.564342 0.095552 -0.045044 -81.783234 -0.478783 -4.217967 -6.2706 0.520429 1.560421 -1.000002 -1e-06 0.0 
0.0 0.0 0.0 0.0 -0.0 0.0 -0.276978 99.658844 -0.401836 90.078308 6.086793 86.025299 -4.289767 -2.94582 0.192886 -12.993695 -1.921218 -0.889372 24.519098 -0.262972 -3.45935 32.733398 3.439331 2.068718 -2.384327 -0.854922 -11.013639 -28.512339 -4.04288 -11.66923 7e-06 -0.0 -2e-06 -0.020826 0.046038 -0.077445 0.012156 0.071196 -0.02482 0.015166 0.017948 -0.147985 -16.531298 -78.098999 29.740778 112.038673 -30.756649 -61.62513 39.110985 -1.480546 0.518372 -17.883108 7.274738 -84.230896 17.636627 -26.322725 52.411194 -19.466663 -14.395594 29.410385 0.0 -8.774822 -2e-06 13.803055 -17.995474 7.832767 -0.609775 -1.795653 -3.889328 -4.807087 -11.046811 -2.937852 2e-06 -20.976019 -2e-06 -5.01997 -25.03356 -4.031883 7e-06 -0.0 -1e-06 -10.634533 -5.686972 -3.565589 10.573274 -17.922951 -3.113902 2e-06 -13.821209 0.0 -0.501774 -31.181505 -4.027017 -11.800405 -58.586166 7.565329 -13.982711 -7.150198 -2.875044 13.77273 -8.401492 -3.218243 0.347736 -34.211544 0.771651 -0.963025 -17.733366 2.621019 1e-06 -1e-06 2e-06 -17.346416 -20.095217 -4.201783 21.757557 -1.638376 3.866428 -1e-06 -6.338825 1e-06 -1.697587 -22.591747 -6.19401 -2e-06 -3e-06 -2e-06 43.666023 -87.589218 152.69664 79.182701 -29.016888 -101.522522 20.785288 0.535742 -0.008833 5.040867 4.895131 -60.757538 22.182117 -20.375887 49.933308 -16.701811 -16.743525 28.476528 -3e-06 -12.6906 -2e-06 15.195292 -16.645956 3.314244 -0.105918 -1.513856 -4.275881 -5.039039 -5.612868 -2.953555 5e-06 -11.020523 -3e-06 -6.111294 -15.895329 -3.840472 -0.0 0.0 1e-06 -10.283367 -5.680286 -4.341839 11.028292 -11.302404 -2.372632 -1.384269 -14.238579 -6.32012 -0.625437 -26.924183 -3.8276 -4.916413 -48.75676 -2.375049 -13.708521 -7.363475 -3.720939 18.141146 -14.052736 -3.242673 9e-06 -18.787266 -1e-06 -0.42971 -8.456041 2.555502 1e-06 -1e-06 1e-06 -15.92353 -20.094479 -5.473584 30.419205 -7.190824 1.735925 3e-06 -8.162925 -0.0 -1.8619 -22.861467 -6.167943 -1e-06 -3e-06 -1e-06 -173.695755 -1.812188 -13.314269 11.815698 -0.062182 0.064173 -80.787811 -0.896895 -3.247914 -5.658848 1.446543 2.138984 -0.999999 -1e-06 -0.0 3.821858 -3.212412 -13.592085 15.502494 0.092812 -0.028721 -81.708801 -0.784089 -4.512297 -6.300576 0.519192 1.563825 -1.000001 1e-06 0.0 
0.0 0.0 0.0 0.0 -0.0 0.0 -0.110977 99.666634 -0.551411 90.239349 6.147037 86.844467 -4.269438 -2.981233 0.268406 -12.980315 -1.919417 -0.76863 24.629551 -0.38869 -3.380242 32.652905 3.658516 2.084663 -2.351848 -0.816636 -11.290664 -28.404432 -3.855039 -12.060438 6e-06 0.0 0.0 -0.013401 0.047373 -0.084657 0.026166 0.072542 -0.030251 0.029361 0.019174 -0.15597 -17.185377 -78.02877 30.37958 111.742989 -31.186829 -62.53056 38.855713 -1.559768 0.410806 -18.251865 8.146661 -84.076591 17.636625 -26.322725 52.411175 -19.466658 -14.395597 29.410378 -1e-06 -8.774822 -2e-06 13.683535 -18.013803 8.022878 -0.609777 -1.795653 -3.889324 -4.807087 -11.046807 -2.937848 4e-06 -20.976009 0.0 -5.01997 -25.033548 -4.031878 5e-06 -0.0 -2e-06 -10.634531 -5.686969 -3.565587 10.573275 -17.922947 -3.113901 2e-06 -13.821209 2e-06 -0.501778 -31.181498 -4.027012 -11.810052 -58.54414 7.595995 -13.982711 -7.150195 -2.875039 13.772725 -8.401489 -3.21824 0.347738 -34.211544 0.771652 -0.96303 -17.733368 2.621024 0.0 -1e-06 1e-06 -17.346413 -20.095211 -4.20178 21.757557 -1.638376 3.866428 1e-06 -6.338822 2e-06 -1.697586 -22.59174 -6.194006 0.0 -4e-06 -2e-06 42.030724 -87.637024 154.391983 79.28067 -29.278585 -101.731407 20.850534 0.468812 -0.047561 5.131007 4.70284 -61.987411 22.182106 -20.375887 49.933308 -16.701805 -16.743525 28.476524 -3e-06 -12.690597 -0.0 15.158737 -16.60461 3.305428 -0.105918 -1.513857 -4.275881 -5.039039 -5.612869 -2.953555 3e-06 -11.020521 -1e-06 -6.111295 -15.895329 -3.84047 -1e-06 0.0 -0.0 -10.283371 -5.680289 -4.341837 11.028292 -11.302402 -2.372633 -1.384269 -14.238579 -6.320121 -0.625439 -26.924183 -3.827601 -4.885909 -48.688545 -2.437769 -13.708521 -7.363474 -3.720939 18.141144 -14.052739 -3.242672 8e-06 -18.787266 -2e-06 -0.42971 -8.456039 2.555503 1e-06 -2e-06 1e-06 -15.923532 -20.094482 -5.473583 30.419205 -7.190824 1.735926 3e-06 -8.162924 -1e-06 -1.861903 -22.861467 -6.167941 1e-06 -2e-06 -1e-06 -173.931992 -1.654731 -12.903119 11.963261 -0.061854 0.06674 -80.689972 -0.58743 -2.972913 -5.692742 1.449713 2.141519 -0.999999 0.0 0.0 3.899595 -3.412869 -13.966986 15.499542 0.09499 -0.014782 -81.667122 -1.046297 -4.771552 -6.371296 0.527222 1.56795 -1.000002 -0.0 0.0 
0.0 0.0 0.0 0.0 -0.0 0.0 0.059224 99.665764 -0.69456 90.404205 6.185107 87.607002 -4.2581 -3.012154 0.346524 -12.9551 -1.926857 -0.648544 24.721956 -0.512158 -3.269481 32.406921 3.881563 2.080324 -2.3182 -0.780411 -11.530892 -28.38658 -3.649851 -12.461398 6e-06 -1e-06 -1e-06 -0.007596 0.04867 -0.09216 0.04324 0.073346 -0.037024 0.043664 0.021085 -0.163161 -17.681391 -77.936722 30.817183 111.444389 -31.524021 -63.854591 38.48798 -1.592898 0.309374 -18.934471 9.387534 -84.26796 17.636623 -26.322718 52.411179 -19.46665 -14.395594 29.410378 -0.0 -8.774821 -2e-06 13.558977 -18.027233 8.213872 -0.609777 -1.795653 -3.889328 -4.807087 -11.046807 -2.93785 2e-06 -20.976009 -1e-06 -5.019968 -25.033554 -4.031882 8e-06 -0.0 -0.0 -10.634531 -5.686967 -3.565587 10.573272 -17.922945 -3.113902 2e-06 -13.821206 1e-06 -0.501775 -31.181498 -4.027016 -11.814714 -58.537521 7.594589 -13.982709 -7.150198 -2.875041 13.772723 -8.401488 -3.218239 0.347735 -34.21154 0.771653 -0.963028 -17.733362 2.621018 -2e-06 -1e-06 1e-06 -17.346413 -20.095211 -4.201784 21.757555 -1.638374 3.866428 2e-06 -6.338822 1e-06 -1.69759 -22.59174 -6.194005 -3e-06 -5e-06 -2e-06 37.973698 -87.784416 158.494858 79.452751 -29.405724 -101.976402 20.837694 0.33344 -0.089654 5.246802 4.357716 -63.447594 22.182119 -20.375896 49.933327 -16.701809 -16.74353 28.476528 -3e-06 -12.690598 -0.0 15.125572 -16.598095 3.288276 -0.10592 -1.513857 -4.275883 -5.039037 -5.612869 -2.953557 3e-06 -11.020523 -2e-06 -6.111296 -15.89533 -3.840471 0.0 -0.0 -0.0 -10.283371 -5.680289 -4.34184 11.028294 -11.302404 -2.372633 -1.384269 -14.23858 -6.320123 -0.625436 -26.924187 -3.827603 -4.853788 -48.644283 -2.49321 -13.708526 -7.363475 -3.720941 18.14115 -14.052739 -3.242675 1e-05 -18.787268 -2e-06 -0.429711 -8.456043 2.555504 2e-06 -2e-06 1e-06 -15.923536 -20.094482 -5.473587 30.41921 -7.190826 1.735927 3e-06 -8.162925 -0.0 -1.861902 -22.861467 -6.167939 1e-06 -5e-06 -2e-06 -174.218079 -1.496813 -12.521187 12.198502 -0.058368 0.063371 -80.636559 -0.303831 -2.689567 -5.740065 1.457489 2.143743 -1.0 -0.0 -0.0 3.903075 -3.642166 -14.344036 15.606874 0.095202 -0.001582 -81.676208 -1.260792 -5.013964 -6.470291 0.542415 1.571167 -1.000003 0.0 0.0 
0.0 0.0 0.0 0.0 -0.0 0.0 0.220193 99.657455 -0.832788 90.558586 6.191388 88.294769 -4.256524 -3.021046 0.415032 -12.919001 -1.927875 -0.520754 24.793354 -0.646724 -3.121004 31.984589 4.112999 2.049667 -2.287951 -0.745611 -11.741137 -28.470499 -3.422936 -12.871922 6e-06 -1e-06 -1e-06 -0.00829 0.0496 -0.096177 0.057948 0.071363 -0.04087 0.051161 0.025321 -0.166548 -18.005594 -77.852509 31.037769 111.121887 -31.733315 -65.682106 38.10363 -1.637556 0.236386 -20.011396 11.27103 -85.054482 17.636623 -26.322727 52.411171 -19.466648 -14.395597 29.410378 0.0 -8.774822 -2e-06 13.451207 -17.998186 8.365119 -0.609776 -1.795653 -3.889327 -4.807088 -11.046809 -2.937847 1e-06 -20.976013 1e-06 -5.019973 -25.033556 -4.031878 6e-06 0.0 -1e-06 -10.634531 -5.686971 -3.565584 10.573272 -17.922945 -3.1139 1e-06 -13.821205 3e-06 -0.501779 -31.181494 -4.027014 -11.784685 -58.599457 7.548847 -13.982712 -7.150196 -2.875041 13.772725 -8.401487 -3.21824 0.347731 -34.211536 0.771652 -0.96303 -17.733364 2.621018 1e-06 1e-06 0.0 -17.346418 -20.095217 -4.201778 21.757555 -1.638372 3.866427 1e-06 -6.338823 1e-06 -1.697594 -22.59174 -6.194003 2e-06 -4e-06 -3e-06 31.280241 -88.048866 165.150986 79.725922 -29.430279 -102.308037 20.773405 0.111776 -0.11685 5.357439 3.837179 -65.054237 22.182116 -20.375891 49.933315 -16.701817 -16.743526 28.476534 -4e-06 -12.6906 -1e-06 15.082574 -16.62886 3.288016 -0.105917 -1.513856 -4.275882 -5.039041 -5.612871 -2.953557 4e-06 -11.020525 -3e-06 -6.111297 -15.89533 -3.84047 -0.0 0.0 0.0 -10.283367 -5.680288 -4.34184 11.028293 -11.302406 -2.372634 -1.384268 -14.238581 -6.320123 -0.625437 -26.924192 -3.827601 -4.843953 -48.641235 -2.486982 -13.708524 -7.363476 -3.72094 18.141151 -14.052741 -3.242676 9e-06 -18.78727 -3e-06 -0.429708 -8.456043 2.555503 0.0 0.0 2e-06 -15.923532 -20.094486 -5.473588 30.419214 -7.190827 1.735925 1e-06 -8.162927 0.0 -1.861899 -22.861467 -6.167946 1e-06 -2e-06 -0.0 -174.504349 -1.292307 -12.176482 12.531532 -0.054111 0.049657 -80.67662 -0.04542 -2.361517 -5.804543 1.464646 2.144161 -0.999999 0.0 0.0 3.828191 -3.874919 -14.721376 15.803396 0.089041 0.010437 -81.723671 -1.441077 -5.256568 -6.580766 0.565381 1.575047 -1.000002 -0.0 -0.0 
0.0 0.0 0.0 0.0 -0.0 0.0 0.362039 99.650482 -0.973283 90.699066 6.181653 88.898651 -4.246199 -3.008148 0.467517 -12.886404 -1.919409 -0.381361 24.850901 -0.79935 -2.935742 31.361214 4.393433 2.000873 -2.261376 -0.732032 -11.920837 -28.62097 -3.1872 -13.291754 6e-06 0.0 -2e-06 -0.012399 0.049881 -0.103975 0.069112 0.067914 -0.050315 0.049919 0.030065 -0.171944 -18.235714 -77.824257 31.145855 110.67569 -31.826681 -67.946053 37.877178 -1.703772 0.113716 -21.528988 14.119337 -86.777481 17.636635 -26.322741 52.411205 -19.466661 -14.395597 29.410389 -2e-06 -8.774822 -3e-06 13.215652 -17.798431 8.505213 -0.609776 -1.795653 -3.889327 -4.807088 -11.046811 -2.937849 6e-06 -20.976019 -0.0 -5.019969 -25.03356 -4.031879 7e-06 2e-06 -0.0 -10.634537 -5.686971 -3.565588 10.573274 -17.922951 -3.113899 3e-06 -13.821209 1e-06 -0.501779 -31.181501 -4.027013 -11.646618 -58.58577 7.459131 -13.982717 -7.150196 -2.875042 13.772731 -8.401493 -3.218241 0.347735 -34.211555 0.771657 -0.963028 -17.733372 2.621021 -1e-06 2e-06 1e-06 -17.346416 -20.095217 -4.201785 21.757561 -1.638375 3.86643 2e-06 -6.338823 1e-06 -1.697592 -22.591747 -6.194005 3e-06 -3e-06 -3e-06 19.798624 -88.407013 176.487061 80.134277 -29.370907 -102.683899 20.73778 -0.136292 -0.107794 5.502895 3.132502 -66.939415 22.182108 -20.375896 49.933327 -16.701813 -16.74353 28.476534 -3e-06 -12.6906 0.0 15.048904 -16.677816 3.301633 -0.105919 -1.513855 -4.275882 -5.039042 -5.61287 -2.953555 4e-06 -11.020525 -2e-06 -6.111298 -15.895332 -3.84047 -0.0 0.0 -1e-06 -10.283369 -5.680286 -4.341839 11.028292 -11.302404 -2.372633 -1.384268 -14.238581 -6.320122 -0.625438 -26.924192 -3.827603 -4.853496 -48.678345 -2.451902 -13.708525 -7.363473 -3.72094 18.141148 -14.052738 -3.242676 4e-06 -18.787266 -2e-06 -0.429712 -8.456043 2.555503 0.0 0.0 -0.0 -15.923536 -20.094482 -5.473586 30.41921 -7.190825 1.735924 3e-06 -8.162927 0.0 -1.861902 -22.861467 -6.167941 -2e-06 -4e-06 -1e-06 -174.83165 -1.14074 -11.82984 12.81927 -0.051175 0.034053 -80.665611 0.18257 -2.073524 -5.90644 1.477097 2.143266 -1.0 0.0 -0.0 3.728987 -4.100157 -15.168192 16.000061 0.073404 0.033431 -81.762032 -1.538143 -5.461143 -6.702182 0.596833 1.57786 -1.000002 -0.0 -0.0 
0.0 0.0 0.0 0.0 -0.0 0.0 0.482532 99.649948 -1.109451 90.821289 6.152411 89.41217 -4.217444 -2.977552 0.504783 -12.851736 -1.890172 -0.228651 24.870184 -0.9682 -2.738853 30.537207 4.715178 1.956668 -2.247237 -0.741386 -12.083374 -28.802402 -2.939255 -13.746077 6e-06 1e-06 -0.0 -0.019203 0.049223 -0.114344 0.080418 0.066251 -0.0636 0.048866 0.031166 -0.178944 -18.584202 -77.900856 31.407307 110.001709 -31.8279 -70.232025 37.958138 -1.75644 -0.069177 -23.252884 17.672287 -89.131714 17.636631 -26.322727 52.411179 -19.46666 -14.395596 29.410381 -1e-06 -8.774821 -2e-06 12.964724 -17.409737 8.463662 -0.609777 -1.795652 -3.889328 -4.807088 -11.046809 -2.93785 5e-06 -20.976015 -1e-06 -5.019967 -25.033554 -4.031879 4e-06 1e-06 -0.0 -10.634535 -5.686969 -3.565588 10.573274 -17.922951 -3.113899 4e-06 -13.821209 0.0 -0.501779 -31.181505 -4.027013 -11.384152 -58.422203 7.282893 -13.982712 -7.150197 -2.875042 13.772727 -8.401491 -3.218238 0.347736 -34.211544 0.771654 -0.963027 -17.733366 2.621018 0.0 1e-06 -1e-06 -17.346416 -20.095217 -4.201783 21.757555 -1.638376 3.866429 1e-06 -6.338823 1e-06 -1.697588 -22.591742 -6.194005 -1e-06 -4e-06 -2e-06 -0.624776 -88.765198 -163.307037 80.711479 -29.221777 -103.05352 20.790518 -0.338447 -0.090208 5.768552 2.309308 -68.904327 22.182112 -20.375896 49.933331 -16.701817 -16.74353 28.476538 -4e-06 -12.690605 -0.0 14.981342 -16.733904 3.331667 -0.10592 -1.513855 -4.275883 -5.039042 -5.612873 -2.953556 5e-06 -11.020526 -3e-06 -6.111297 -15.895336 -3.840472 0.0 -0.0 -0.0 -10.283373 -5.680288 -4.341838 11.028296 -11.302408 -2.372634 -1.384269 -14.238584 -6.320123 -0.625437 -26.924194 -3.827603 -4.85225 -48.736885 -2.433953 -13.708526 -7.363477 -3.72094 18.141153 -14.052744 -3.242678 4e-06 -18.787271 -2e-06 -0.429711 -8.456047 2.555505 1e-06 1e-06 0.0 -15.923536 -20.094484 -5.473587 30.419222 -7.190827 1.735923 2e-06 -8.162928 -0.0 -1.861903 -22.861475 -6.167944 -0.0 -3e-06 -0.0 -175.111801 -0.994685 -11.498191 13.000748 -0.049296 0.028729 -80.56897 0.358759 -1.817996 -6.009545 1.486954 2.141175 -0.999999 -0.0 0.0 3.6294 -4.306636 -15.672876 16.142963 0.053249 0.0637 -81.768509 -1.538999 -5.631454 -6.7893 0.625754 1.578878 -1.000002 1e-06 0.0 
0.0 0.0 0.0 0.0 -0.0 0.0 0.58839 99.652405 -1.234189 90.925461 6.094157 89.856491 -4.177663 -2.938155 0.537928 -12.817984 -1.833201 -0.052821 24.848822 -1.146425 -2.542648 29.527527 5.063073 1.919493 -2.238276 -0.752909 -12.228992 -29.003712 -2.648384 -14.258304 6e-06 0.0 -0.0 -0.027782 0.047571 -0.110482 0.089471 0.068132 -0.06417 0.048916 0.026447 -0.170516 -19.074722 -78.054283 31.826141 109.111992 -31.825834 -72.181465 38.301685 -1.769642 -0.264268 -24.852091 21.198801 -91.228462 17.636629 -26.322729 52.411201 -19.466663 -14.395597 29.410395 -0.0 -8.774821 -3e-06 12.866255 -16.954599 8.178268 -0.609776 -1.795654 -3.889329 -4.80709 -11.046811 -2.937851 4e-06 -20.976017 -1e-06 -5.01997 -25.033556 -4.031884 6e-06 -0.0 -0.0 -10.634533 -5.686974 -3.565589 10.573275 -17.922947 -3.1139 3e-06 -13.821209 -1e-06 -0.501779 -31.181498 -4.027017 -11.043699 -58.094761 7.000465 -13.982712 -7.150198 -2.875041 13.77273 -8.401493 -3.218242 0.347736 -34.211555 0.771652 -0.963029 -17.73337 2.62102 -1e-06 1e-06 -0.0 -17.346418 -20.095219 -4.201782 21.757557 -1.638375 3.866429 1e-06 -6.338823 -0.0 -1.697589 -22.591745 -6.194006 0.0 -3e-06 -3e-06 -33.159126 -88.883377 -131.003326 81.377693 -28.956923 -103.485191 20.915829 -0.493805 -0.075423 6.148401 1.457949 -70.518921 22.182108 -20.375883 49.933289 -16.701805 -16.743526 28.476515 -2e-06 -12.690598 -0.0 14.913967 -16.787455 3.382831 -0.105918 -1.513856 -4.275879 -5.03904 -5.612869 -2.953555 2e-06 -11.020521 -1e-06 -6.1113 -15.89533 -3.840469 -0.0 0.0 -0.0 -10.283365 -5.680287 -4.341835 11.028288 -11.302401 -2.372631 -1.384268 -14.238576 -6.320118 -0.625441 -26.924179 -3.827598 -4.847647 -48.857746 -2.413447 -13.708521 -7.363475 -3.720936 18.141146 -14.052736 -3.242672 5e-06 -18.787266 -3e-06 -0.429711 -8.456039 2.555504 1e-06 -1e-06 -0.0 -15.923534 -20.094481 -5.473579 30.419205 -7.190823 1.735926 4e-06 -8.162924 -2e-06 -1.861903 -22.861465 -6.16794 -2e-06 -3e-06 -1e-06 -175.387146 -0.863528 -11.20534 13.146106 -0.049135 0.022981 -80.61705 0.486834 -1.606529 -6.099786 1.497037 2.13849 -0.999998 0.0 0.0 3.510852 -4.494818 -16.164194 16.260658 0.039009 0.095113 -81.764923 -1.467757 -5.78435 -6.871972 0.634935 1.575674 -1.000002 1e-06 -0.0 
0.0 0.0 0.0 0.0 -0.0 0.0 0.66819 99.65522 -1.328698 91.005745 6.011507 90.23793 -4.143831 -2.904169 0.567158 -12.778675 -1.759346 0.148574 24.797888 -1.311916 -2.370264 28.384775 5.467793 1.886021 -2.220093 -0.761615 -12.36999 -29.248981 -2.335618 -14.805253 6e-06 -0.0 2e-06 -0.034677 0.044337 -0.098773 0.090809 0.070139 -0.058813 0.044244 0.018243 -0.152682 -19.671938 -78.198074 32.341976 108.098625 -31.888214 -73.606583 38.817039 -1.775045 -0.413861 -26.102642 24.053982 -92.532326 17.636633 -26.322737 52.411213 -19.466663 -14.395596 29.410395 -1e-06 -8.774822 -2e-06 12.957013 -16.637152 7.804336 -0.609777 -1.795652 -3.889326 -4.807087 -11.046812 -2.937852 6e-06 -20.976017 -2e-06 -5.019969 -25.03356 -4.031881 4e-06 1e-06 0.0 -10.634535 -5.686972 -3.565589 10.573275 -17.922951 -3.113901 3e-06 -13.82121 1e-06 -0.501776 -31.181507 -4.027017 -10.782644 -57.773121 6.748327 -13.982715 -7.150197 -2.875044 13.772729 -8.401493 -3.218241 0.347736 -34.211555 0.771656 -0.963029 -17.733366 2.62102 -1e-06 -0.0 1e-06 -17.346418 -20.095215 -4.201785 21.757557 -1.638376 3.866429 1e-06 -6.338823 0.0 -1.697587 -22.591745 -6.194009 -1e-06 -3e-06 -2e-06 -61.654247 -88.614357 -102.708733 82.045502 -28.59453 -103.924339 21.107275 -0.580562 -0.060426 6.58386 0.584824 -71.672592 22.182117 -20.3759 49.933338 -16.701813 -16.743528 28.476534 -4e-06 -12.690601 -1e-06 14.901477 -16.88946 3.429535 -0.105921 -1.513856 -4.275883 -5.039041 -5.612872 -2.953558 4e-06 -11.020526 -2e-06 -6.111297 -15.895334 -3.840472 -0.0 -1e-06 -0.0 -10.283369 -5.680288 -4.34184 11.028294 -11.302406 -2.372633 -1.384266 -14.238582 -6.320121 -0.625438 -26.924187 -3.8276 -4.872749 -49.047565 -2.37985 -13.708524 -7.363474 -3.720942 18.141153 -14.05274 -3.242675 7e-06 -18.78727 -1e-06 -0.429711 -8.456043 2.555504 0.0 0.0 1e-06 -15.923532 -20.094482 -5.473588 30.419214 -7.190827 1.735926 2e-06 -8.162926 -0.0 -1.861901 -22.861469 -6.167941 0.0 -4e-06 -1e-06 -175.655899 -0.766041 -10.951666 13.285135 -0.050257 0.00991 -80.522537 0.614334 -1.435627 -6.180562 1.508392 2.136008 -0.999999 -0.0 0.0 3.39005 -4.644738 -16.595915 16.35261 0.034608 0.119225 -81.767021 -1.363934 -5.910872 -6.960968 0.630344 1.569781 -1.000002 1e-06 -0.0 
0.0 0.0 0.0 0.0 -0.0 0.0 0.718489 99.652985 -1.389433 91.072853 5.90997 90.61142 -4.118364 -2.892503 0.587529 -12.734425 -1.688388 0.346812 24.728558 -1.461518 -2.211568 27.155231 5.98109 1.842565 -2.207932 -0.761511 -12.489973 -29.530525 -2.018965 -15.39986 6e-06 0.0 1e-06 -0.038893 0.039997 -0.087718 0.083031 0.069692 -0.053959 0.031417 0.0103 -0.135885 -20.320463 -78.293861 32.876259 107.026222 -32.065784 -74.444527 39.506721 -1.73971 -0.520832 -27.163666 26.118994 -93.05439 17.636625 -26.322733 52.411198 -19.466656 -14.395598 29.410389 -0.0 -8.774822 -1e-06 13.097905 -16.429623 7.485347 -0.609777 -1.795653 -3.889327 -4.80709 -11.046811 -2.937849 2e-06 -20.976015 -0.0 -5.019974 -25.033552 -4.031878 6e-06 -1e-06 -0.0 -10.634535 -5.686971 -3.565588 10.573272 -17.922947 -3.113899 1e-06 -13.821209 1e-06 -0.501782 -31.181498 -4.027015 -10.609947 -57.541546 6.558635 -13.982714 -7.150198 -2.875041 13.772729 -8.401489 -3.218242 0.347728 -34.211544 0.771657 -0.963029 -17.73337 2.621018 -0.0 1e-06 0.0 -17.34642 -20.095217 -4.201779 21.757557 -1.638372 3.866427 0.0 -6.338823 0.0 -1.697592 -22.591743 -6.194005 0.0 -4e-06 -2e-06 -76.122276 -88.151459 -88.428528 82.682205 -28.210909 -104.345398 21.367695 -0.597203 -0.025996 7.000729 -0.20263 -72.380493 22.182121 -20.375895 49.933323 -16.701817 -16.743528 28.476532 -3e-06 -12.690601 -2e-06 14.857117 -17.019257 3.49388 -0.10592 -1.513857 -4.275882 -5.039042 -5.612872 -2.953557 4e-06 -11.020526 -2e-06 -6.111297 -15.895336 -3.840472 0.0 0.0 0.0 -10.283371 -5.680288 -4.341839 11.028296 -11.302407 -2.372633 -1.384268 -14.238583 -6.320122 -0.625436 -26.924191 -3.827602 -4.893494 -49.20293 -2.367348 -13.708526 -7.363478 -3.720941 18.141148 -14.052741 -3.242674 7e-06 -18.787271 -3e-06 -0.429712 -8.456045 2.555505 0.0 -1e-06 -1e-06 -15.923534 -20.094482 -5.473587 30.41921 -7.190829 1.735928 2e-06 -8.162927 -1e-06 -1.8619 -22.861469 -6.167942 -1e-06 -2e-06 -2e-06 -175.949265 -0.703187 -10.690255 13.483416 -0.051647 -0.002561 -80.53054 0.749223 -1.303883 -6.231347 1.512354 2.133667 -0.999998 0.0 0.0 3.261471 -4.762132 -16.972122 16.464512 0.036899 0.131045 -81.806427 -1.27274 -6.007364 -7.031002 0.621857 1.564948 -1.000001 -1e-06 0.0 
0.0 0.0 0.0 0.0 -0.0 0.0 0.74589 99.644806 -1.413687 91.123344 5.803541 90.975014 -4.094066 -2.890456 0.607055 -12.696452 -1.638006 0.521217 24.654585 -1.588414 -2.066688 25.924107 6.604784 1.797974 -2.201298 -0.768779 -12.591246 -29.858398 -1.701667 -16.035212 6e-06 0.0 -0.0 -0.041131 0.034187 -0.073207 0.063656 0.066765 -0.044408 0.010093 0.001888 -0.117302 -20.930082 -78.320618 33.360107 105.988243 -32.353203 -74.842987 40.413052 -1.675682 -0.639072 -28.145346 27.586544 -93.033333 17.636621 -26.322727 52.411182 -19.466652 -14.395594 29.410381 1e-06 -8.77482 -2e-06 13.21938 -16.292067 7.271217 -0.609776 -1.795652 -3.889327 -4.807088 -11.046807 -2.937849 3e-06 -20.976015 1e-06 -5.019971 -25.033552 -4.031879 6e-06 0.0 0.0 -10.634531 -5.686968 -3.565587 10.57327 -17.922947 -3.113899 2e-06 -13.821206 0.0 -0.501779 -31.181498 -4.027015 -10.523084 -57.488789 6.436469 -13.982712 -7.150198 -2.875042 13.772725 -8.401489 -3.21824 0.347731 -34.211544 0.771656 -0.96303 -17.73337 2.621018 -0.0 1e-06 -0.0 -17.346418 -20.095215 -4.201781 21.757555 -1.638372 3.866427 1e-06 -6.338823 1e-06 -1.697591 -22.591743 -6.194005 -0.0 -3e-06 -1e-06 -82.702057 -87.631653 -82.038902 83.211952 -27.873991 -104.700089 21.680162 -0.526571 0.018632 7.341716 -0.887116 -72.877007 22.182108 -20.375895 49.933319 -16.701811 -16.743528 28.476532 -3e-06 -12.690598 -0.0 14.75291 -17.143501 3.587029 -0.105918 -1.513855 -4.275881 -5.039041 -5.612871 -2.953556 4e-06 -11.020523 -2e-06 -6.111298 -15.89533 -3.84047 0.0 1e-06 -0.0 -10.283367 -5.680288 -4.341838 11.028292 -11.302404 -2.372633 -1.384269 -14.238579 -6.320121 -0.625438 -26.924191 -3.827602 -4.879506 -49.246429 -2.392806 -13.708524 -7.363476 -3.720938 18.141148 -14.052739 -3.242675 6e-06 -18.78727 -2e-06 -0.429713 -8.456044 2.555503 1e-06 -1e-06 0.0 -15.923532 -20.094482 -5.473584 30.419207 -7.190823 1.735925 2e-06 -8.162926 -0.0 -1.861904 -22.861467 -6.167941 1e-06 -2e-06 -1e-06 -176.250427 -0.677245 -10.437258 13.741559 -0.050831 -0.0058 -80.589165 0.890966 -1.232462 -6.240907 1.51358 2.135098 -0.999997 0.0 0.0 3.144377 -4.843376 -17.29035 16.587347 0.040428 0.13613 -81.879044 -1.218188 -6.081595 -7.053497 0.611573 1.563004 -1.000001 0.0 0.0 
0.0 0.0 0.0 0.0 -0.0 0.0 0.759779 99.637917 -1.423077 91.164299 5.710722 91.383499 -4.064314 -2.888719 0.625509 -12.673048 -1.605198 0.675169 24.595575 -1.700206 -1.926855 24.729536 7.330935 1.757501 -2.198179 -0.782385 -12.708095 -30.209244 -1.376346 -16.689243 6e-06 -0.0 0.0 -0.038544 0.025284 -0.066074 0.039926 0.05796 -0.042321 -0.01423 -0.006696 -0.106063 -21.269751 -78.269028 33.57843 105.070152 -32.694477 -75.033577 41.521122 -1.641094 -0.816584 -29.031607 28.762556 -93.094696 17.636625 -26.322729 52.411201 -19.46666 -14.395597 29.410389 -2e-06 -8.774821 -2e-06 13.327686 -16.210287 7.145107 -0.609775 -1.795653 -3.889326 -4.807088 -11.046807 -2.937852 5e-06 -20.976015 -0.0 -5.019969 -25.033556 -4.031882 6e-06 2e-06 0.0 -10.634532 -5.68697 -3.565588 10.573275 -17.922947 -3.1139 4e-06 -13.821208 -0.0 -0.501777 -31.181498 -4.027014 -10.546731 -57.599388 6.406482 -13.982712 -7.150196 -2.875043 13.77273 -8.401491 -3.218242 0.347735 -34.211555 0.771654 -0.963029 -17.73337 2.621021 -1e-06 1e-06 -1e-06 -17.346416 -20.095217 -4.201784 21.757557 -1.638375 3.866428 2e-06 -6.338823 0.0 -1.697587 -22.591742 -6.194005 -0.0 -2e-06 -3e-06 -86.075119 -87.118118 -78.906906 83.560257 -27.617359 -104.979439 21.947206 -0.420602 0.083072 7.565753 -1.429267 -73.191193 22.18211 -20.375891 49.933319 -16.701811 -16.74353 28.47653 -3e-06 -12.6906 -1e-06 14.631183 -17.244469 3.709147 -0.10592 -1.513856 -4.275881 -5.039041 -5.612871 -2.953557 4e-06 -11.020523 -3e-06 -6.111297 -15.89533 -3.84047 0.0 -2e-06 0.0 -10.283369 -5.680287 -4.341839 11.028294 -11.302404 -2.372633 -1.384268 -14.238578 -6.320121 -0.625437 -26.924183 -3.827601 -4.875364 -49.277515 -2.420564 -13.708522 -7.363474 -3.72094 18.141146 -14.052738 -3.242674 7e-06 -18.787266 -2e-06 -0.429712 -8.456041 2.555504 0.0 0.0 1e-06 -15.923534 -20.094482 -5.473586 30.41921 -7.190826 1.735925 1e-06 -8.162925 -0.0 -1.861901 -22.861467 -6.167942 -0.0 -0.0 -0.0 -176.522018 -0.672832 -10.182149 13.980013 -0.050894 0.005945 -80.643822 1.054062 -1.181299 -6.224314 1.514164 2.136602 -0.999999 0.0 0.0 3.087618 -4.88921 -17.617041 16.650707 0.040708 0.138869 -81.937767 -1.228217 -6.162789 -7.044521 0.608048 1.56473 -1.000002 -1e-06 0.0 
0.0 0.0 0.0 0.0 -0.0 0.0 0.767022 99.637138 -1.420164 91.194778 5.64494 91.847992 -4.028634 -2.88268 0.634694 -12.667554 -1.577022 0.820129 24.568991 -1.793468 -1.786661 23.605919 8.09357 1.715397 -2.204618 -0.800578 -12.805676 -30.535479 -1.030134 -17.316248 5e-06 -0.0 -1e-06 -0.032896 0.015344 -0.057492 0.020216 0.044526 -0.038451 -0.034429 -0.012611 -0.093579 -21.327967 -78.155067 33.498882 104.34124 -33.005882 -75.178169 42.689762 -1.646492 -1.02011 -29.618399 29.711927 -93.192139 17.636627 -26.322733 52.411205 -19.466656 -14.3956 29.410393 0.0 -8.774822 -1e-06 13.418427 -16.170858 7.053566 -0.609776 -1.795653 -3.88933 -4.80709 -11.04681 -2.93785 2e-06 -20.976015 1e-06 -5.019972 -25.033556 -4.031882 6e-06 0.0 0.0 -10.634535 -5.686971 -3.565589 10.573272 -17.922947 -3.1139 2e-06 -13.821206 0.0 -0.50178 -31.181498 -4.027015 -10.630151 -57.717716 6.429456 -13.982716 -7.150198 -2.875044 13.772729 -8.401491 -3.218241 0.347731 -34.211552 0.771657 -0.963031 -17.733368 2.621021 -0.0 1e-06 1e-06 -17.346422 -20.095217 -4.201784 21.757561 -1.638374 3.866429 1e-06 -6.338822 1e-06 -1.697591 -22.591743 -6.194005 -0.0 -2e-06 -1e-06 -88.141525 -86.638908 -77.116173 83.657799 -27.370354 -105.053246 22.104406 -0.305972 0.147854 7.753755 -1.759535 -73.235352 22.182116 -20.375891 49.933311 -16.701811 -16.743528 28.476528 -3e-06 -12.6906 -1e-06 14.484162 -17.281 3.870356 -0.10592 -1.513857 -4.275882 -5.03904 -5.61287 -2.953556 4e-06 -11.020521 -2e-06 -6.111297 -15.89533 -3.84047 -0.0 0.0 -0.0 -10.283369 -5.680288 -4.341838 11.028294 -11.302404 -2.372633 -1.384269 -14.238579 -6.32012 -0.625438 -26.924187 -3.827601 -4.903785 -49.298512 -2.401643 -13.708524 -7.363475 -3.720939 18.141148 -14.052739 -3.242674 5e-06 -18.78727 -1e-06 -0.429712 -8.456041 2.555504 0.0 -0.0 1e-06 -15.923534 -20.094482 -5.473585 30.41921 -7.190826 1.735926 1e-06 -8.162922 -0.0 -1.861901 -22.861467 -6.167942 1e-06 -3e-06 -0.0 -176.726517 -0.683037 -9.925906 14.144303 -0.054094 0.027388 -80.667038 1.261559 -1.117009 -6.195673 1.510296 2.136633 -0.999999 -0.0 0.0 3.134269 -4.897522 -17.994648 16.596752 0.03933 0.144404 -81.952301 -1.27874 -6.260009 -7.018357 0.605623 1.567781 -1.000002 0.0 0.0 
0.0 0.0 0.0 0.0 -0.0 0.0 0.768683 99.636551 -1.399517 91.227692 5.599565 92.366707 -3.991128 -2.879257 0.642083 -12.66447 -1.547895 0.951857 24.559931 -1.868974 -1.671091 22.579962 8.875602 1.678737 -2.224072 -0.817261 -12.846816 -30.863279 -0.685007 -17.893589 6e-06 0.0 -1e-06 -0.027168 0.006437 -0.042761 -0.003091 0.030409 -0.028239 -0.05769 -0.015835 -0.075153 -21.153206 -77.987366 33.188396 103.87899 -33.236191 -75.302483 43.82708 -1.651253 -1.23615 -29.828547 30.499111 -92.899628 17.636639 -26.322741 52.411213 -19.466665 -14.395598 29.410395 -0.0 -8.774823 -2e-06 13.51266 -16.169287 6.980221 -0.609775 -1.795653 -3.889328 -4.80709 -11.046812 -2.93785 4e-06 -20.976021 0.0 -5.01997 -25.033562 -4.031882 6e-06 1e-06 1e-06 -10.634535 -5.686973 -3.565589 10.573275 -17.922955 -3.113901 3e-06 -13.821213 1e-06 -0.501779 -31.181511 -4.027017 -10.743654 -57.872147 6.486444 -13.982716 -7.150199 -2.875041 13.772731 -8.401493 -3.218241 0.347734 -34.211559 0.771655 -0.963029 -17.733372 2.621019 -0.0 2e-06 -0.0 -17.34642 -20.095221 -4.201783 21.757557 -1.638373 3.866429 1e-06 -6.338824 1e-06 -1.69759 -22.591747 -6.194007 -1e-06 -3e-06 -2e-06 -89.194878 -86.21064 -76.326935 83.48317 -27.070759 -104.858757 22.15156 -0.22213 0.187873 7.978389 -1.931221 -73.109383 22.182114 -20.375895 49.933319 -16.701811 -16.743528 28.476528 -3e-06 -12.690599 -1e-06 14.345108 -17.263308 4.030593 -0.105919 -1.513856 -4.275881 -5.03904 -5.612872 -2.953557 4e-06 -11.020525 -2e-06 -6.111297 -15.895334 -3.84047 -0.0 0.0 -0.0 -10.283369 -5.680288 -4.341838 11.028294 -11.302406 -2.372633 -1.384269 -14.238579 -6.32012 -0.625438 -26.924191 -3.8276 -4.922814 -49.235394 -2.353955 -13.708522 -7.363477 -3.720939 18.141148 -14.052741 -3.242675 5e-06 -18.787271 -1e-06 -0.429712 -8.456046 2.555504 -0.0 0.0 0.0 -15.923532 -20.094482 -5.473586 30.419207 -7.190826 1.735925 0.0 -8.162922 -0.0 -1.861902 -22.861469 -6.16794 -0.0 -1e-06 -1e-06 -176.890106 -0.69664 -9.661114 14.281879 -0.060363 0.058856 -80.684319 1.497825 -1.05947 -6.176309 1.501025 2.136644 -0.999999 -0.0 0.0 3.245397 -4.890466 -18.378485 16.498804 0.042502 0.150614 -81.963722 -1.37672 -6.374537 -6.98806 0.603536 1.571659 -1.000002 1e-06 -0.0 
0.0 0.0 0.0 0.0 -0.0 0.0 0.775987 99.63446 -1.365694 91.266129 5.574255 92.908318 -3.950757 -2.885008 0.648775 -12.652191 -1.528729 1.05277 24.536253 -1.912193 -1.579853 21.656199 9.660239 1.648113 -2.250329 -0.800061 -12.846778 -31.160528 -0.33735 -18.416565 6e-06 -0.0 0.0 -0.022362 -0.001454 -0.023046 -0.029256 0.016989 -0.014522 -0.082483 -0.01779 -0.050059 -20.698603 -77.753181 32.612274 103.779823 -33.351765 -75.501762 44.750694 -1.638795 -1.423725 -29.873766 31.092863 -92.467422 17.636625 -26.322718 52.411179 -19.466665 -14.395602 29.410389 -0.0 -8.774823 -2e-06 13.598083 -16.192141 6.922336 -0.609774 -1.795652 -3.889325 -4.807088 -11.046811 -2.937851 4e-06 -20.976019 -1e-06 -5.01997 -25.03356 -4.031882 6e-06 -1e-06 -1e-06 -10.634531 -5.68697 -3.565585 10.573274 -17.922951 -3.113904 2e-06 -13.821209 -1e-06 -0.501774 -31.181505 -4.027021 -10.8336 -58.010471 6.535472 -13.982712 -7.150199 -2.875041 13.772731 -8.401491 -3.218243 0.347735 -34.211555 0.771652 -0.963027 -17.733368 2.621017 -0.0 -0.0 -1e-06 -17.346416 -20.095219 -4.201778 21.757563 -1.638373 3.866425 1e-06 -6.338823 1e-06 -1.697587 -22.591745 -6.194008 0.0 -3e-06 -4e-06 -90.014786 -85.813293 -75.729858 83.088242 -26.68047 -104.538704 22.069069 -0.188237 0.21509 8.194406 -2.031844 -72.997856 22.182112 -20.375887 49.933315 -16.701817 -16.74353 28.47653 -3e-06 -12.690601 -0.0 14.244867 -17.232834 4.145414 -0.105919 -1.513856 -4.275882 -5.039041 -5.612871 -2.953557 4e-06 -11.020525 -3e-06 -6.111297 -15.895334 -3.840472 0.0 1e-06 0.0 -10.283369 -5.680288 -4.341839 11.028294 -11.302406 -2.372635 -1.384268 -14.238581 -6.320122 -0.625436 -26.924189 -3.827604 -4.931809 -49.16663 -2.303413 -13.708524 -7.363478 -3.72094 18.14115 -14.052741 -3.242677 8e-06 -18.787271 -4e-06 -0.429711 -8.456045 2.555504 -0.0 2e-06 1e-06 -15.923536 -20.094486 -5.473586 30.41921 -7.190826 1.735925 1e-06 -8.162925 -1e-06 -1.8619 -22.861469 -6.167944 -0.0 -0.0 -1e-06 -177.015808 -0.708924 -9.452813 14.403124 -0.066987 0.092175 -80.701462 1.785461 -0.984606 -6.204986 1.493825 2.137302 -0.999999 0.0 0.0 3.395891 -4.878794 -18.711309 16.386992 0.047255 0.14902 -81.979309 -1.525991 -6.483825 -6.987672 0.604051 1.574723 -1.000002 1e-06 0.0 
0.0 0.0 0.0 0.0 -0.0 0.0 0.789899 99.633827 -1.326519 91.305824 5.564204 93.461647 -3.922668 -2.890706 0.656424 -12.628039 -1.518939 1.117988 24.497818 -1.937269 -1.518166 20.810402 10.431151 1.59434 -2.277693 -0.747115 -12.830127 -31.359694 0.007977 -18.905972 6e-06 -0.0 0.0 -0.018016 -0.008197 0.003293 -0.05153 0.00423 0.006137 -0.10105 -0.018165 -0.01866 -19.927967 -77.460396 31.717165 104.052696 -33.375237 -75.841553 45.429146 -1.608835 -1.53873 -29.845686 31.489607 -91.996269 17.636631 -26.322733 52.411205 -19.466663 -14.395596 29.410393 -1e-06 -8.774821 -3e-06 13.658851 -16.233261 6.889546 -0.609777 -1.795653 -3.889328 -4.80709 -11.04681 -2.93785 4e-06 -20.976019 0.0 -5.019969 -25.03356 -4.031882 6e-06 3e-06 -1e-06 -10.634535 -5.686969 -3.565588 10.573272 -17.922951 -3.113901 2e-06 -13.821209 0.0 -0.501777 -31.181501 -4.027016 -10.913082 -58.150455 6.594611 -13.982714 -7.150197 -2.875043 13.772731 -8.401492 -3.218242 0.347734 -34.211552 0.771655 -0.96303 -17.733366 2.621017 0.0 -1e-06 -1e-06 -17.346416 -20.095217 -4.201784 21.757557 -1.638374 3.866428 1e-06 -6.338824 -0.0 -1.697589 -22.591743 -6.194006 0.0 -3e-06 -2e-06 -91.146935 -85.447189 -74.752289 82.502296 -26.174141 -104.112839 21.834091 -0.210856 0.213082 8.400577 -2.099978 -73.017181 22.182121 -20.375893 49.933323 -16.701815 -16.743525 28.47653 -3e-06 -12.690601 -2e-06 14.178288 -17.215176 4.211337 -0.105919 -1.513857 -4.275882 -5.039042 -5.612873 -2.953557 4e-06 -11.020526 -2e-06 -6.111299 -15.895338 -3.840473 0.0 1e-06 0.0 -10.283371 -5.68029 -4.341839 11.028296 -11.302407 -2.372633 -1.384269 -14.238585 -6.320123 -0.625438 -26.924192 -3.827604 -4.914599 -49.089817 -2.287267 -13.708526 -7.363479 -3.72094 18.14115 -14.052741 -3.242675 6e-06 -18.787271 -4e-06 -0.429711 -8.456045 2.555504 -0.0 1e-06 -0.0 -15.923536 -20.09449 -5.473587 30.419218 -7.190827 1.735927 1e-06 -8.162929 -1e-06 -1.8619 -22.861483 -6.167946 -1e-06 -0.0 -1e-06 -177.104401 -0.72484 -9.311707 14.49161 -0.069774 0.11406 -80.705826 2.142479 -0.901916 -6.234064 1.494146 2.140824 -0.999998 -0.0 0.0 3.581762 -4.851142 -18.977806 16.238832 0.047006 0.143686 -81.978249 -1.7708 -6.593427 -7.010042 0.603641 1.576093 -1.000003 1e-06 0.0 
0.0 0.0 0.0 0.0 -0.0 0.0 0.81043 99.633156 -1.277086 91.351517 5.574768 94.003105 -3.906513 -2.892219 0.671021 -12.595688 -1.516301 1.150051 24.451107 -1.951341 -1.495171 20.09676 11.153296 1.519438 -2.310283 -0.659339 -12.794588 -31.489395 0.352404 -19.323036 5e-06 0.0 -2e-06 -0.012422 -0.017027 0.020751 -0.067156 -0.010057 0.01951 -0.109401 -0.021416 0.002345 -18.95833 -77.145401 30.642172 104.630043 -33.307598 -76.378334 45.85487 -1.612401 -1.585232 -29.778826 31.739479 -91.670883 17.636627 -26.322733 52.41119 -19.466663 -14.395598 29.410389 -0.0 -8.774822 -3e-06 13.675465 -16.263247 6.898566 -0.609775 -1.795654 -3.889325 -4.807087 -11.046813 -2.937851 5e-06 -20.976021 1e-06 -5.01997 -25.03356 -4.03188 5e-06 0.0 0.0 -10.634533 -5.686972 -3.565586 10.573275 -17.922955 -3.113901 3e-06 -13.821211 0.0 -0.501776 -31.181511 -4.027014 -10.987928 -58.275688 6.68158 -13.982712 -7.150198 -2.87504 13.772729 -8.401492 -3.218241 0.347736 -34.211555 0.771654 -0.963028 -17.73337 2.62102 1e-06 -0.0 0.0 -17.346418 -20.095219 -4.20178 21.757557 -1.638376 3.866429 1e-06 -6.338824 -1e-06 -1.69759 -22.591749 -6.194005 0.0 -3e-06 -2e-06 -92.324135 -85.13575 -73.711906 81.770897 -25.631889 -103.66507 21.47505 -0.299865 0.196584 8.492688 -2.099888 -73.037849 22.182114 -20.375898 49.933323 -16.701818 -16.743528 28.476534 -3e-06 -12.690601 0.0 14.146924 -17.198219 4.247741 -0.10592 -1.513856 -4.275882 -5.039041 -5.612871 -2.953557 4e-06 -11.020526 -2e-06 -6.111298 -15.895336 -3.840471 -0.0 -1e-06 0.0 -10.283371 -5.680289 -4.341839 11.028296 -11.302408 -2.372634 -1.384268 -14.238585 -6.320122 -0.625438 -26.924198 -3.827602 -4.889847 -49.004463 -2.295487 -13.708526 -7.363477 -3.720939 18.14115 -14.052744 -3.242676 6e-06 -18.787273 -2e-06 -0.429712 -8.456047 2.555504 0.0 2e-06 1e-06 -15.923536 -20.094486 -5.473584 30.419222 -7.190827 1.735925 2e-06 -8.162929 -1e-06 -1.861902 -22.861479 -6.167945 1e-06 -1e-06 -1e-06 -177.141098 -0.735897 -9.214823 14.54144 -0.064847 0.129899 -80.700867 2.530819 -0.819821 -6.269186 1.499699 2.143719 -0.999999 1e-06 0.0 3.800472 -4.819344 -19.164009 16.073215 0.047265 0.133653 -81.971603 -2.09397 -6.702215 -7.026851 0.606906 1.578352 -1.000001 1e-06 0.0 
0.0 0.0 0.0 0.0 -0.0 0.0 0.839719 99.628754 -1.208477 91.408417 5.620179 94.514297 -3.891487 -2.888694 0.686536 -12.561623 -1.516275 1.167582 24.408131 -1.956132 -1.509004 19.537661 11.847594 1.457584 -2.34129 -0.576309 -12.756911 -31.589649 0.719457 -19.693048 6e-06 -1e-06 -4e-06 -0.007029 -0.025712 0.038109 -0.073353 -0.022572 0.0345 -0.10809 -0.026131 0.021882 -17.846966 -76.856705 29.479172 105.414711 -33.133816 -77.105812 46.034298 -1.670769 -1.558387 -29.727678 31.852444 -91.678116 17.636637 -26.322744 52.411209 -19.466665 -14.395597 29.410395 -1e-06 -8.774822 -2e-06 13.630706 -16.2484 6.934179 -0.609776 -1.795652 -3.88933 -4.807087 -11.046811 -2.937851 5e-06 -20.976019 1e-06 -5.019969 -25.03356 -4.031879 7e-06 -1e-06 -0.0 -10.634535 -5.68697 -3.565589 10.573277 -17.922955 -3.1139 3e-06 -13.821212 1e-06 -0.501776 -31.181511 -4.027013 -11.008226 -58.373371 6.742413 -13.982714 -7.150197 -2.875044 13.772731 -8.401493 -3.21824 0.347735 -34.211555 0.771658 -0.963029 -17.733372 2.621022 0.0 1e-06 1e-06 -17.346418 -20.095221 -4.201785 21.757559 -1.638377 3.86643 1e-06 -6.338825 -0.0 -1.697587 -22.591747 -6.194005 -1e-06 -3e-06 -4e-06 -93.680275 -84.843002 -72.514313 80.914833 -25.105917 -103.301956 20.997267 -0.428047 0.187181 8.487116 -2.040413 -73.019165 22.182114 -20.375895 49.933319 -16.701813 -16.743528 28.476528 -3e-06 -12.6906 -1e-06 14.169272 -17.19142 4.24154 -0.105919 -1.513857 -4.27588 -5.039041 -5.612871 -2.953556 4e-06 -11.020525 -2e-06 -6.111297 -15.895334 -3.840469 -0.0 -1e-06 0.0 -10.283368 -5.680288 -4.341838 11.028293 -11.302406 -2.372633 -1.384268 -14.238581 -6.32012 -0.625438 -26.924191 -3.8276 -4.871198 -48.953388 -2.297578 -13.708522 -7.363476 -3.720938 18.141146 -14.052739 -3.242674 7e-06 -18.78727 -2e-06 -0.429711 -8.456043 2.555503 -0.0 2e-06 -0.0 -15.923532 -20.094482 -5.473582 30.419207 -7.190826 1.735925 3e-06 -8.162927 -1e-06 -1.8619 -22.861469 -6.167942 0.0 -3e-06 0.0 -177.106979 -0.729958 -9.135011 14.562363 -0.057092 0.14081 -80.701729 2.907212 -0.72293 -6.331485 1.515967 2.148261 -0.999998 0.0 0.0 4.05957 -4.797407 -19.292599 15.91702 0.044617 0.120542 -81.977936 -2.453566 -6.802356 -7.04255 0.602613 1.578676 -1.000003 -1e-06 0.0 
0.0 0.0 0.0 0.0 -0.0 0.0 0.873252 99.62249 -1.119319 91.465828 5.698422 94.917511 -3.881439 -2.871847 0.704374 -12.527146 -1.514527 1.178613 24.367193 -1.956209 -1.551549 19.154236 12.477908 1.408112 -2.366476 -0.529242 -12.711439 -31.61113 1.095264 -20.003004 6e-06 0.0 1e-06 -0.003079 -0.032273 0.064673 -0.064512 -0.031548 0.061864 -0.092091 -0.030171 0.047203 -16.720884 -76.646782 28.325006 106.280785 -32.92387 -77.912163 45.993324 -1.700572 -1.50927 -29.683344 31.838808 -91.827797 17.636633 -26.322748 52.411224 -19.466663 -14.395598 29.410398 -0.0 -8.774824 -3e-06 13.543835 -16.233952 7.006689 -0.609776 -1.795654 -3.889328 -4.807089 -11.046811 -2.93785 3e-06 -20.976019 2e-06 -5.019973 -25.03356 -4.031881 6e-06 0.0 1e-06 -10.634535 -5.686973 -3.565589 10.573274 -17.922951 -3.113901 1e-06 -13.821211 2e-06 -0.501781 -31.181505 -4.027016 -11.032089 -58.466866 6.799104 -13.982717 -7.150198 -2.875044 13.772731 -8.401491 -3.218241 0.34773 -34.211555 0.771659 -0.963031 -17.733372 2.621021 -0.0 -1e-06 -0.0 -17.346422 -20.095221 -4.201784 21.757563 -1.638374 3.866432 1e-06 -6.338825 -1e-06 -1.697592 -22.591751 -6.194007 -0.0 -2e-06 -1e-06 -95.336594 -84.532913 -70.994438 80.050385 -24.608906 -103.123947 20.453798 -0.491939 0.178783 8.498133 -2.000857 -72.923088 22.182121 -20.3759 49.933334 -16.701817 -16.74353 28.476532 -3e-06 -12.690603 -2e-06 14.196589 -17.178333 4.198841 -0.10592 -1.513856 -4.275882 -5.039041 -5.612872 -2.953558 4e-06 -11.020524 -2e-06 -6.111298 -15.895332 -3.840472 -1e-06 0.0 -0.0 -10.283371 -5.680288 -4.341839 11.028296 -11.302406 -2.372633 -1.384269 -14.238579 -6.320122 -0.625437 -26.924194 -3.827601 -4.844428 -48.930706 -2.299238 -13.708526 -7.363476 -3.72094 18.141151 -14.052739 -3.242674 7e-06 -18.787271 -1e-06 -0.429712 -8.456047 2.555504 0.0 1e-06 1e-06 -15.923536 -20.094482 -5.473588 30.419218 -7.190829 1.735926 2e-06 -8.162927 -0.0 -1.861904 -22.861467 -6.16794 1e-06 -4e-06 -1e-06 -176.983551 -0.712641 -9.121398 14.530352 -0.053231 0.159002 -80.706223 3.244343 -0.654141 -6.354053 1.535046 2.154701 -0.999999 0.0 0.0 4.346778 -4.777375 -19.334061 15.762313 0.037431 0.095191 -81.98674 -2.812306 -6.854842 -7.039041 0.585187 1.576911 -1.000001 1e-06 0.0 
0.0 0.0 0.0 0.0 -0.0 0.0 0.901609 99.6045 -1.011017 91.52475 5.807983 95.196815 -3.879486 -2.847759 0.721086 -12.494859 -1.512517 1.176202 24.332745 -1.951641 -1.588401 18.938419 13.014674 1.346148 -2.388574 -0.515814 -12.676393 -31.538376 1.464701 -20.259171 6e-06 0.0 0.0 0.000768 -0.038657 0.094664 -0.051295 -0.040628 0.093887 -0.072876 -0.033773 0.074921 -15.516223 -76.531662 27.118727 107.111374 -32.708054 -78.757607 45.754944 -1.701235 -1.400336 -29.703053 31.720392 -92.117653 17.636623 -26.322721 52.411179 -19.466665 -14.395596 29.410381 -1e-06 -8.774819 -2e-06 13.454154 -16.22402 7.106797 -0.609775 -1.795653 -3.889327 -4.807087 -11.046809 -2.93785 7e-06 -20.976017 -0.0 -5.019967 -25.033558 -4.031878 6e-06 1e-06 0.0 -10.634531 -5.686967 -3.565587 10.573275 -17.922951 -3.113903 4e-06 -13.821209 -0.0 -0.501773 -31.181505 -4.027014 -11.033501 -58.531155 6.838403 -13.982708 -7.150192 -2.875041 13.772728 -8.401495 -3.218242 0.347739 -34.211555 0.771652 -0.963026 -17.73337 2.621021 0.0 -0.0 0.0 -17.346411 -20.095211 -4.20178 21.757555 -1.638376 3.866426 2e-06 -6.338823 -1e-06 -1.697586 -22.591742 -6.194005 0.0 -4e-06 -2e-06 -97.272308 -84.235336 -69.163544 79.267799 -24.197567 -103.069748 19.90715 -0.464061 0.168706 8.516064 -1.951782 -72.659584 22.182114 -20.375896 49.933327 -16.701815 -16.743526 28.476538 -4e-06 -12.690599 -0.0 14.229408 -17.118261 4.121053 -0.10592 -1.513856 -4.275882 -5.03904 -5.612871 -2.953557 4e-06 -11.020525 -2e-06 -6.111295 -15.895332 -3.840471 -1e-06 -1e-06 0.0 -10.283369 -5.680287 -4.341841 11.028295 -11.302407 -2.372634 -1.384267 -14.238581 -6.320123 -0.625436 -26.924194 -3.827603 -4.794861 -48.923992 -2.288849 -13.708524 -7.363475 -3.720941 18.14115 -14.052739 -3.242675 7e-06 -18.787266 -2e-06 -0.429712 -8.456045 2.555504 -0.0 2e-06 0.0 -15.923534 -20.094482 -5.473587 30.419214 -7.190827 1.735925 3e-06 -8.162925 -1e-06 -1.861902 -22.861473 -6.167942 1e-06 -3e-06 -0.0 -176.823227 -0.690651 -9.141473 14.549114 -0.0545 0.179336 -80.76606 3.495775 -0.617611 -6.310479 1.557422 2.163283 -0.999999 1e-06 0.0 4.608777 -4.781746 -19.316031 15.717994 0.030566 0.069476 -82.054283 -3.130831 -6.857218 -7.018247 0.557801 1.574958 -1.000001 0.0 0.0 
0.0 0.0 0.0 0.0 -0.0 0.0 0.920325 99.576012 -0.893132 91.56958 5.91986 95.307899 -3.902979 -2.814374 0.744312 -12.4628 -1.511996 1.17008 24.313148 -1.91996 -1.614893 18.844366 13.413149 1.26921 -2.399617 -0.507415 -12.671651 -31.398493 1.776661 -20.448738 6e-06 -1e-06 0.0 0.006394 -0.046797 0.106871 -0.031156 -0.051961 0.109701 -0.047854 -0.038709 0.083833 -14.406984 -76.491913 26.037516 107.752098 -32.483067 -79.612434 45.339767 -1.699633 -1.243091 -29.923164 31.46129 -92.802505 17.636641 -26.322721 52.41119 -19.46666 -14.395592 29.410385 0.0 -8.774822 -4e-06 13.407407 -16.195147 7.168262 -0.609776 -1.795654 -3.889327 -4.80709 -11.046811 -2.93785 3e-06 -20.976015 -2e-06 -5.019969 -25.033554 -4.031885 6e-06 -0.0 0.0 -10.634536 -5.686973 -3.565588 10.573272 -17.922951 -3.113901 3e-06 -13.821209 -2e-06 -0.501774 -31.181507 -4.027021 -11.005396 -58.555103 6.862808 -13.982714 -7.150201 -2.875043 13.772728 -8.401491 -3.21824 0.347735 -34.211555 0.771652 -0.963027 -17.73337 2.621017 -0.0 -1e-06 0.0 -17.34642 -20.095219 -4.201783 21.757555 -1.638375 3.866431 0.0 -6.338822 -2e-06 -1.697589 -22.59174 -6.194009 0.0 -3e-06 -2e-06 -99.117393 -83.925552 -67.37294 78.631744 -23.88323 -103.195518 19.434679 -0.386849 0.176698 8.410096 -1.873144 -72.294884 22.182114 -20.375898 49.933334 -16.701811 -16.74353 28.476532 -3e-06 -12.690601 -1e-06 14.318058 -17.050312 3.99443 -0.10592 -1.513854 -4.275882 -5.03904 -5.612871 -2.953557 4e-06 -11.02052 -2e-06 -6.111297 -15.89533 -3.840471 -1e-06 0.0 -0.0 -10.28337 -5.680287 -4.341839 11.028293 -11.302403 -2.372632 -1.384269 -14.238579 -6.32012 -0.625439 -26.924183 -3.827601 -4.738788 -48.980148 -2.284192 -13.708523 -7.363475 -3.720941 18.141146 -14.052735 -3.242673 6e-06 -18.787266 -2e-06 -0.429712 -8.45604 2.555503 -0.0 1e-06 0.0 -15.923536 -20.094482 -5.473585 30.41921 -7.190825 1.735926 2e-06 -8.162927 -1e-06 -1.861904 -22.861473 -6.16794 0.0 -2e-06 -1e-06 -176.673828 -0.673019 -9.180659 14.644079 -0.061903 0.19427 -80.890106 3.647478 -0.593501 -6.260951 1.576066 2.168849 -1.000001 1e-06 0.0 4.793218 -4.814571 -19.25849 15.802158 0.036555 0.041824 -82.182915 -3.308686 -6.801053 -7.012699 0.529458 1.573574 -1.000002 1e-06 -0.0 
0.0 0.0 0.0 0.0 -0.0 0.0 0.929557 99.539688 -0.782791 91.583717 6.009721 95.243004 -3.946125 -2.762084 0.757308 -12.432039 -1.504797 1.166151 24.29598 -1.862207 -1.618526 18.82856 13.659439 1.190387 -2.402123 -0.505955 -12.688829 -31.198511 1.999776 -20.580078 7e-06 0.0 1e-06 0.006542 -0.053628 0.113144 -0.010996 -0.060525 0.121553 -0.026459 -0.043691 0.085334 -13.582281 -76.53511 25.237745 108.088966 -32.290874 -80.459534 44.815434 -1.683085 -1.028728 -30.512508 31.043343 -94.135605 17.636623 -26.322718 52.411171 -19.466658 -14.395594 29.410378 -1e-06 -8.77482 -1e-06 13.359821 -16.113014 7.167421 -0.609777 -1.795651 -3.889326 -4.807088 -11.046808 -2.937849 3e-06 -20.976011 -1e-06 -5.019969 -25.033552 -4.03188 6e-06 -1e-06 -0.0 -10.634533 -5.686967 -3.565587 10.573271 -17.922947 -3.113901 3e-06 -13.821205 -1e-06 -0.501776 -31.181498 -4.027017 -10.883452 -58.460861 6.794349 -13.982711 -7.150196 -2.875041 13.772727 -8.401491 -3.21824 0.347734 -34.21154 0.771653 -0.963027 -17.733366 2.621018 0.0 -1e-06 0.0 -17.346413 -20.095209 -4.201781 21.757555 -1.638373 3.866427 -0.0 -6.338822 0.0 -1.697589 -22.59174 -6.194006 -1e-06 -2e-06 -2e-06 -100.433975 -83.605026 -66.08622 78.161545 -23.646172 -103.395737 19.069666 -0.288169 0.222694 8.236754 -1.768369 -71.980743 22.182104 -20.375879 49.933296 -16.701811 -16.743528 28.476521 -3e-06 -12.690599 -0.0 14.439927 -17.013977 3.853915 -0.105919 -1.513856 -4.275881 -5.039039 -5.61287 -2.953556 4e-06 -11.02052 -2e-06 -6.111297 -15.89533 -3.840469 1e-06 -1e-06 0.0 -10.283367 -5.680287 -4.341836 11.028291 -11.302404 -2.372634 -1.384268 -14.238578 -6.32012 -0.625437 -26.924187 -3.827601 -4.662114 -49.021851 -2.30506 -13.708522 -7.363474 -3.720938 18.141146 -14.052738 -3.242675 7e-06 -18.787266 -4e-06 -0.429711 -8.456039 2.555501 -0.0 1e-06 0.0 -15.923531 -20.094482 -5.473582 30.419205 -7.190825 1.735923 2e-06 -8.162924 -2e-06 -1.861902 -22.861467 -6.167942 1e-06 -5e-06 -1e-06 -176.585739 -0.677711 -9.276627 14.839331 -0.076806 0.195503 -81.077484 3.730023 -0.55197 -6.230424 1.594069 2.172234 -0.999999 0.0 0.0 4.863147 -4.862602 -19.169437 16.005247 0.052865 0.024528 -82.354362 -3.354388 -6.683289 -7.03152 0.508747 1.571909 -1.000003 1e-06 -0.0 
0.0 0.0 0.0 0.0 -0.0 0.0 0.924113 99.501129 -0.694138 91.540695 6.068081 94.963776 -3.97612 -2.677983 0.743683 -12.42249 -1.483625 1.157468 24.285002 -1.781958 -1.572225 18.854803 13.77119 1.10997 -2.392688 -0.515172 -12.657165 -30.98987 2.115851 -20.644417 6e-06 0.0 0.0 -0.002331 -0.053517 0.13033 -0.008677 -0.061388 0.141162 -0.028801 -0.042037 0.101005 -13.193613 -76.587082 24.879225 108.065079 -32.194168 -81.457588 44.435448 -1.647743 -0.787145 -31.553761 30.568071 -96.48246 17.636618 -26.322721 52.411179 -19.46666 -14.395596 29.410385 -1e-06 -8.774819 -1e-06 13.230425 -15.942611 7.089953 -0.609776 -1.795655 -3.889327 -4.807086 -11.046809 -2.937849 5e-06 -20.976011 -2e-06 -5.019969 -25.033552 -4.031879 6e-06 0.0 -1e-06 -10.634531 -5.686971 -3.565586 10.573274 -17.922947 -3.113903 3e-06 -13.821205 1e-06 -0.501776 -31.181498 -4.027017 -10.62167 -58.138912 6.562234 -13.982711 -7.150198 -2.87504 13.772728 -8.401489 -3.218243 0.347735 -34.211544 0.771651 -0.963027 -17.73337 2.621017 -0.0 -1e-06 0.0 -17.346416 -20.095213 -4.201779 21.757555 -1.638374 3.866425 1e-06 -6.338822 -0.0 -1.697588 -22.591742 -6.194006 -1e-06 -3e-06 -3e-06 -101.321922 -83.246918 -65.195038 77.949844 -23.461786 -103.70517 18.907402 -0.158647 0.310461 8.068644 -1.609216 -71.486557 22.182104 -20.375887 49.9333 -16.701805 -16.743525 28.476521 -3e-06 -12.690597 -0.0 14.5041 -16.997272 3.772782 -0.10592 -1.513855 -4.275881 -5.039038 -5.612869 -2.953556 4e-06 -11.020519 -2e-06 -6.111296 -15.895328 -3.840467 0.0 -1e-06 -0.0 -10.283367 -5.680287 -4.341837 11.028291 -11.302402 -2.372633 -1.384268 -14.238575 -6.320119 -0.625438 -26.924179 -3.8276 -4.583042 -48.963516 -2.344557 -13.708521 -7.363474 -3.720937 18.141146 -14.052733 -3.242673 6e-06 -18.787262 -3e-06 -0.429712 -8.456038 2.555503 -0.0 1e-06 -0.0 -15.923532 -20.094479 -5.473583 30.419205 -7.190823 1.735925 2e-06 -8.162922 -1e-06 -1.861903 -22.861467 -6.16794 0.0 -4e-06 -2e-06 -176.569107 -0.738328 -9.494226 15.12186 -0.093932 0.18335 -81.315636 3.732728 -0.516276 -6.251045 1.609721 2.174532 -0.999998 0.0 0.0 4.812105 -4.884709 -19.010559 16.271137 0.070776 0.022082 -82.526741 -3.282973 -6.518979 -7.078138 0.505077 1.569757 -1.000001 -0.0 -0.0 
0.0 0.0 0.0 0.0 -0.0 0.0 0.89827 99.481674 -0.643071 91.419197 6.075468 94.461288 -3.95185 -2.567546 0.701007 -12.440004 -1.441893 1.141415 24.239475 -1.671151 -1.511523 18.894922 13.825307 1.060673 -2.378853 -0.55953 -12.524804 -30.840754 2.148062 -20.626404 5e-06 1e-06 -1e-06 -0.018309 -0.048251 0.143475 -0.018387 -0.056189 0.153214 -0.046193 -0.035722 0.115411 -13.270447 -76.519577 24.981228 107.698387 -32.392868 -82.67363 44.7029 -1.545419 -0.614472 -32.654316 30.227449 -99.481018 17.636639 -26.322744 52.411213 -19.466665 -14.395602 29.410395 -1e-06 -8.774824 -2e-06 13.060708 -15.816529 6.950551 -0.609776 -1.795655 -3.889329 -4.807089 -11.046811 -2.93785 5e-06 -20.976021 0.0 -5.019972 -25.033562 -4.03188 6e-06 1e-06 0.0 -10.634537 -5.68697 -3.565589 10.573277 -17.922955 -3.113902 2e-06 -13.821212 1e-06 -0.501776 -31.181511 -4.027013 -10.426177 -57.786999 6.318433 -13.982718 -7.1502 -2.875043 13.772734 -8.401495 -3.218242 0.347734 -34.211559 0.771656 -0.963029 -17.73337 2.621023 0.0 -0.0 -1e-06 -17.346422 -20.095219 -4.201783 21.757566 -1.638377 3.866428 1e-06 -6.338825 1e-06 -1.697588 -22.591749 -6.194007 0.0 -4e-06 -2e-06 -102.268867 -82.900467 -64.281143 78.158981 -23.443491 -104.233124 19.107138 0.035223 0.425578 7.937785 -1.501681 -70.769737 22.182117 -20.375887 49.933308 -16.701811 -16.743526 28.476522 -3e-06 -12.690601 -1e-06 14.476824 -17.004835 3.758722 -0.105919 -1.513856 -4.27588 -5.039041 -5.61287 -2.953556 4e-06 -11.020521 -3e-06 -6.111299 -15.895332 -3.840469 0.0 -1e-06 -0.0 -10.28337 -5.680288 -4.341839 11.028293 -11.302405 -2.372632 -1.384269 -14.238579 -6.32012 -0.625439 -26.924189 -3.827601 -4.546679 -48.870106 -2.409205 -13.708525 -7.363475 -3.720938 18.141148 -14.052739 -3.242673 7e-06 -18.787266 -2e-06 -0.429712 -8.456041 2.555504 -1e-06 3e-06 -0.0 -15.923532 -20.094481 -5.473585 30.419207 -7.190826 1.735927 1e-06 -8.162925 -1e-06 -1.8619 -22.861467 -6.167941 0.0 -2e-06 -1e-06 -176.577881 -0.862467 -9.818493 15.329437 -0.114069 0.180171 -81.511093 3.614969 -0.527841 -6.279231 1.596344 2.169965 -0.999998 -0.0 0.0 4.694376 -4.820785 -18.794811 16.403555 0.078713 0.029606 -82.58474 -3.122602 -6.373972 -7.114866 0.523597 1.569575 -1.000002 -1e-06 0.0 
0.0 0.0 0.0 0.0 -0.0 0.0 0.837475 99.487259 -0.62086 91.233154 6.055625 93.768028 -3.842479 -2.43025 0.638765 -12.447334 -1.38318 1.129445 24.123604 -1.543492 -1.454824 18.97994 13.856316 1.037442 -2.379435 -0.600033 -12.325994 -30.835186 2.125991 -20.486383 6e-06 0.0 -2e-06 -0.034114 -0.043874 0.140086 -0.040922 -0.047858 0.145633 -0.073859 -0.034353 0.115323 -13.712369 -76.266121 25.419455 107.041763 -33.100334 -83.98806 46.124092 -1.46866 -0.579992 -33.01004 30.036699 -100.794914 17.636627 -26.322725 52.411186 -19.466663 -14.3956 29.410393 0.0 -8.774823 -1e-06 12.923315 -15.869827 6.852265 -0.609776 -1.795654 -3.889327 -4.807089 -11.046811 -2.93785 3e-06 -20.976017 -0.0 -5.019973 -25.033558 -4.031882 5e-06 2e-06 -1e-06 -10.634533 -5.686971 -3.565587 10.573275 -17.922949 -3.113901 2e-06 -13.821209 0.0 -0.501778 -31.181498 -4.027017 -10.430934 -57.661453 6.223949 -13.982715 -7.150196 -2.875041 13.772731 -8.401492 -3.218243 0.34773 -34.211555 0.771654 -0.963028 -17.73337 2.62102 -1e-06 1e-06 -0.0 -17.346424 -20.095221 -4.201779 21.757565 -1.638374 3.866427 -1e-06 -6.338824 0.0 -1.697592 -22.591745 -6.194006 -0.0 -4e-06 -3e-06 -103.765976 -82.655647 -62.888729 78.801292 -23.661671 -104.856018 19.766699 0.297927 0.529497 7.871033 -1.513784 -69.79213 22.182112 -20.375891 49.933319 -16.701807 -16.743528 28.476522 -2e-06 -12.6906 -1e-06 14.377203 -17.043554 3.790267 -0.10592 -1.513855 -4.275881 -5.039041 -5.612871 -2.953557 3e-06 -11.020521 -2e-06 -6.111299 -15.89533 -3.84047 0.0 -1e-06 -1e-06 -10.28337 -5.680288 -4.341837 11.028292 -11.302404 -2.372632 -1.38427 -14.238579 -6.32012 -0.62544 -26.924189 -3.8276 -4.549992 -48.790451 -2.471011 -13.708525 -7.363475 -3.720937 18.141146 -14.052739 -3.242673 5e-06 -18.787266 -1e-06 -0.429712 -8.45604 2.555502 -0.0 2e-06 1e-06 -15.923532 -20.094482 -5.473582 30.419207 -7.190823 1.735926 -0.0 -8.162925 -0.0 -1.861903 -22.861467 -6.16794 0.0 -3e-06 -0.0 -176.536346 -1.045484 -10.226207 15.371317 -0.130287 0.191708 -81.618408 3.345329 -0.675816 -6.242142 1.554411 2.161255 -0.999999 0.0 0.0 4.582298 -4.649228 -18.516191 16.329948 0.068531 0.039228 -82.50383 -2.903727 -6.264283 -7.086714 0.547685 1.571076 -1.000002 0.0 0.0 
0.0 0.0 0.0 0.0 -0.0 0.0 0.739268 99.501778 -0.598381 91.024017 6.025224 92.940758 -3.703849 -2.282941 0.577114 -12.437924 -1.317668 1.12046 23.980211 -1.42992 -1.389075 19.197588 13.91196 1.043828 -2.401938 -0.629095 -12.143648 -30.970455 2.104704 -20.257523 6e-06 0.0 -1e-06 -0.041716 -0.04266 0.124023 -0.070008 -0.042368 0.126413 -0.102149 -0.037006 0.1014 -14.525589 -75.939766 26.155485 106.118645 -34.321175 -84.772911 48.619564 -1.40961 -0.720704 -32.107834 29.580507 -99.216354 17.636621 -26.322723 52.411182 -19.46666 -14.395598 29.410381 -1e-06 -8.774822 -1e-06 12.853655 -16.049042 6.879714 -0.609777 -1.795653 -3.889327 -4.807089 -11.046807 -2.937849 4e-06 -20.976011 -1e-06 -5.019969 -25.033548 -4.03188 6e-06 0.0 0.0 -10.634533 -5.686969 -3.565586 10.573272 -17.922945 -3.113901 2e-06 -13.821205 1e-06 -0.501776 -31.181498 -4.027016 -10.559009 -57.829552 6.254433 -13.982712 -7.150198 -2.875041 13.77273 -8.401489 -3.218242 0.347735 -34.211544 0.771653 -0.963027 -17.733368 2.62102 0.0 -2e-06 -0.0 -17.346415 -20.095213 -4.20178 21.757557 -1.638375 3.866426 2e-06 -6.338823 1e-06 -1.697587 -22.59174 -6.194004 -1e-06 -2e-06 -2e-06 -105.428719 -82.510933 -61.356709 79.61544 -24.024521 -105.400887 20.706718 0.531924 0.605859 7.825574 -1.53828 -68.762794 22.18211 -20.375881 49.933296 -16.701811 -16.743526 28.476524 -3e-06 -12.690599 -1e-06 14.218656 -17.087664 3.873136 -0.105919 -1.513856 -4.275879 -5.039039 -5.61287 -2.953556 4e-06 -11.02052 -2e-06 -6.111296 -15.895328 -3.840471 0.0 -1e-06 -0.0 -10.283368 -5.680288 -4.341837 11.028292 -11.302404 -2.372633 -1.384268 -14.238577 -6.320121 -0.625437 -26.924187 -3.827602 -4.567321 -48.650238 -2.461415 -13.708519 -7.363475 -3.720938 18.141146 -14.052736 -3.242675 6e-06 -18.787262 -3e-06 -0.429712 -8.456039 2.555502 0.0 2e-06 -0.0 -15.923532 -20.094479 -5.473583 30.419205 -7.190825 1.735925 3e-06 -8.162921 -1e-06 -1.8619 -22.861464 -6.167942 0.0 -3e-06 -1e-06 -176.441589 -1.25634 -10.676367 15.318906 -0.14109 0.213878 -81.735191 2.948003 -0.950591 -6.150563 1.506371 2.154382 -0.999999 0.0 -0.0 4.467525 -4.435191 -18.220732 16.194553 0.052751 0.042782 -82.389145 -2.548118 -6.117557 -6.983312 0.552307 1.574767 -1.000001 1e-06 -0.0 
0.0 0.0 0.0 0.0 -0.0 0.0 0.622586 99.514603 -0.561258 90.844986 5.990831 92.063477 -3.596116 -2.161729 0.530587 -12.426982 -1.262738 1.125863 23.863939 -1.333256 -1.327048 19.580282 14.002541 1.106913 -2.428727 -0.660526 -12.046454 -31.158831 2.087668 -19.994642 6e-06 1e-06 -0.0 -0.035877 -0.045075 0.1008 -0.097516 -0.042578 0.101399 -0.124322 -0.041842 0.079313 -15.529115 -75.688103 26.997078 104.973175 -35.82349 -84.585152 51.57584 -1.29264 -1.016579 -30.347015 28.53237 -95.873711 17.636631 -26.322737 52.411198 -19.46666 -14.395598 29.410389 -1e-06 -8.774822 -1e-06 12.853824 -16.27104 7.018056 -0.609776 -1.795654 -3.889327 -4.80709 -11.046811 -2.93785 4e-06 -20.976019 0.0 -5.01997 -25.033556 -4.03188 6e-06 1e-06 0.0 -10.634533 -5.68697 -3.565587 10.573277 -17.922951 -3.113901 2e-06 -13.821209 1e-06 -0.501778 -31.181505 -4.027014 -10.756506 -58.157574 6.371088 -13.982713 -7.150193 -2.875042 13.77273 -8.401495 -3.218242 0.347733 -34.211555 0.771657 -0.963029 -17.73337 2.621021 -0.0 1e-06 0.0 -17.346415 -20.095217 -4.201782 21.757557 -1.638376 3.866428 2e-06 -6.338824 1e-06 -1.697588 -22.591745 -6.194005 -0.0 -3e-06 -3e-06 -106.552628 -82.4795 -60.341164 80.272499 -24.377832 -105.657845 21.633345 0.610836 0.653696 7.741083 -1.436684 -67.859718 22.182116 -20.3759 49.933334 -16.701815 -16.74353 28.47654 -2e-06 -12.690602 -0.0 14.10395 -17.083164 3.972724 -0.10592 -1.513856 -4.275882 -5.039042 -5.612873 -2.953559 4e-06 -11.020527 -3e-06 -6.111298 -15.895334 -3.840472 -0.0 -1e-06 -1e-06 -10.283371 -5.680289 -4.341841 11.028296 -11.302409 -2.372634 -1.384268 -14.238583 -6.320123 -0.625438 -26.924194 -3.827603 -4.560776 -48.474709 -2.415162 -13.708526 -7.363479 -3.720942 18.141151 -14.052742 -3.242675 7e-06 -18.787271 -3e-06 -0.429712 -8.456047 2.555505 -1e-06 2e-06 -0.0 -15.923536 -20.094486 -5.473588 30.419218 -7.190827 1.735926 2e-06 -8.162927 -1e-06 -1.8619 -22.861473 -6.167945 -0.0 -2e-06 -1e-06 -176.291077 -1.436099 -11.157274 15.19224 -0.148738 0.227865 -81.733772 2.512666 -1.230885 -6.061857 1.476409 2.15059 -1.0 0.0 -0.0 4.330792 -4.263247 -17.934616 16.122828 0.045044 0.038549 -82.317879 -2.072552 -5.901703 -6.899545 0.546108 1.578068 -1.000002 2e-06 0.0 
0.0 0.0 0.0 0.0 -0.0 0.0 0.503932 99.523476 -0.505346 90.699509 5.948474 91.210274 -3.54195 -2.073273 0.496629 -12.422148 -1.225529 1.126103 23.771832 -1.256644 -1.295231 20.088467 14.056594 1.203931 -2.451173 -0.674053 -12.036217 -31.312111 2.033525 -19.707621 7e-06 0.0 -3e-06 -0.022907 -0.047875 0.077905 -0.11764 -0.0463 0.077801 -0.136582 -0.044373 0.056689 -16.387468 -75.533974 27.700172 103.714249 -37.306038 -83.513847 54.420856 -1.087648 -1.358337 -28.18576 26.969448 -92.335686 17.636623 -26.322714 52.411167 -19.466652 -14.395597 29.410376 -0.0 -8.77482 -1e-06 12.94602 -16.525591 7.170882 -0.609776 -1.795651 -3.889325 -4.807087 -11.046805 -2.937848 4e-06 -20.976006 0.0 -5.019971 -25.033543 -4.031878 6e-06 -3e-06 -0.0 -10.634532 -5.686967 -3.565585 10.573271 -17.922947 -3.113899 3e-06 -13.821203 1e-06 -0.501779 -31.181498 -4.027012 -11.01802 -58.497578 6.540346 -13.982712 -7.150192 -2.87504 13.772727 -8.401489 -3.21824 0.347732 -34.211536 0.771656 -0.963029 -17.733366 2.62102 -1e-06 2e-06 -2e-06 -17.346416 -20.095205 -4.201779 21.757557 -1.638375 3.866428 1e-06 -6.338821 1e-06 -1.697592 -22.59174 -6.194002 -0.0 -3e-06 -2e-06 -107.208557 -82.573524 -59.770756 80.68837 -24.717627 -105.540077 22.388699 0.546931 0.63813 7.689255 -1.214846 -67.243187 22.182108 -20.375885 49.933308 -16.701809 -16.74353 28.476524 -2e-06 -12.6906 0.0 14.052556 -17.017191 4.058684 -0.105919 -1.513856 -4.275881 -5.039041 -5.612871 -2.953556 3e-06 -11.02052 -3e-06 -6.111298 -15.895332 -3.84047 0.0 -1e-06 -1e-06 -10.283369 -5.680288 -4.341835 11.028292 -11.302402 -2.372633 -1.384269 -14.238577 -6.320119 -0.625439 -26.924183 -3.8276 -4.562379 -48.312965 -2.349388 -13.708523 -7.363475 -3.720936 18.14115 -14.052736 -3.242676 5e-06 -18.787266 -3e-06 -0.429712 -8.456041 2.555503 -0.0 1e-06 1e-06 -15.923538 -20.094481 -5.47358 30.41921 -7.190822 1.735925 1e-06 -8.162925 -1e-06 -1.861904 -22.861467 -6.167942 0.0 -3e-06 -2e-06 -176.168533 -1.62464 -11.674828 15.031934 -0.150102 0.237318 -81.681984 2.155926 -1.50029 -5.992937 1.469255 2.150938 -0.999998 -0.0 0.0 4.17932 -4.125985 -17.606249 16.11208 0.041438 0.031388 -82.288589 -1.662851 -5.669271 -6.858878 0.539925 1.581619 -1.000002 -1e-06 0.0 
0.0 0.0 0.0 0.0 -0.0 0.0 0.38846 99.53318 -0.431975 90.564743 5.898037 90.407532 -3.526456 -1.998864 0.470826 -12.42278 -1.199658 1.106413 23.700138 -1.200344 -1.322532 20.649302 14.008422 1.274442 -2.472166 -0.677288 -12.025508 -31.416153 1.933906 -19.341463 6e-06 0.0 0.0 -0.009783 -0.048677 0.060163 -0.126417 -0.050912 0.059815 -0.136772 -0.042234 0.038838 -16.917513 -75.48069 28.132336 102.424767 -38.575493 -81.758057 56.796898 -0.848002 -1.552663 -25.80825 25.021233 -89.405571 17.636625 -26.322731 52.411194 -19.466656 -14.395598 29.410389 -0.0 -8.774822 -1e-06 13.118145 -16.811174 7.331534 -0.609777 -1.795655 -3.889328 -4.807088 -11.046807 -2.93785 4e-06 -20.976011 -0.0 -5.019971 -25.033552 -4.03188 6e-06 0.0 -0.0 -10.634531 -5.686968 -3.565588 10.573271 -17.922945 -3.113899 2e-06 -13.821201 2e-06 -0.50178 -31.181494 -4.027013 -11.366262 -58.843903 6.794079 -13.982714 -7.150196 -2.875043 13.772731 -8.401491 -3.218242 0.347732 -34.211544 0.771658 -0.96303 -17.733366 2.621021 1e-06 0.0 -0.0 -17.346416 -20.095215 -4.201782 21.757557 -1.638375 3.866427 -0.0 -6.338822 0.0 -1.69759 -22.591742 -6.194003 -0.0 -2e-06 -2e-06 -107.717445 -82.829613 -59.319977 80.903717 -25.065523 -105.216454 23.026739 0.316256 0.571338 7.615562 -0.894217 -66.672195 22.182114 -20.375895 49.933327 -16.701815 -16.743526 28.476536 -4e-06 -12.6906 -0.0 14.065201 -16.919052 4.112852 -0.105919 -1.513856 -4.275881 -5.03904 -5.612872 -2.953558 5e-06 -11.020525 -3e-06 -6.111296 -15.895334 -3.840471 0.0 0.0 0.0 -10.283369 -5.680288 -4.341839 11.028294 -11.302407 -2.372635 -1.384267 -14.238583 -6.320123 -0.625435 -26.924198 -3.827603 -4.591711 -48.196323 -2.270539 -13.708524 -7.363475 -3.72094 18.14115 -14.052741 -3.242676 7e-06 -18.78727 -2e-06 -0.429712 -8.456041 2.555502 0.0 2e-06 0.0 -15.923532 -20.094484 -5.473587 30.419207 -7.190828 1.735924 4e-06 -8.162926 -1e-06 -1.861902 -22.861473 -6.167943 1e-06 -3e-06 -1e-06 -175.967941 -1.760154 -12.243735 14.839642 -0.146213 0.241352 -81.758011 1.920867 -1.709278 -5.922983 1.476502 2.153127 -0.999999 1e-06 0.0 4.052636 -3.974482 -17.184305 16.072916 0.036973 0.022348 -82.254845 -1.430089 -5.442222 -6.832069 0.535999 1.584735 -1.000001 0.0 0.0 
0.0 0.0 0.0 0.0 -0.0 0.0 0.281322 99.539169 -0.362435 90.433525 5.838204 89.629662 -3.538163 -1.940368 0.431879 -12.430987 -1.182686 1.040188 23.664083 -1.158041 -1.41586 21.192617 13.83634 1.322967 -2.484581 -0.693819 -11.963662 -31.484245 1.767874 -18.94385 6e-06 0.0 0.0 -0.0007 -0.04481 0.055019 -0.133162 -0.051561 0.053341 -0.139438 -0.034513 0.034734 -17.123209 -75.536407 28.349085 101.21524 -39.553337 -79.584534 58.569077 -0.588231 -1.576992 -23.097349 22.738132 -86.815231 17.636631 -26.322729 52.411194 -19.466656 -14.395596 29.410381 -0.0 -8.774822 -1e-06 13.357901 -17.168142 7.487769 -0.609777 -1.795653 -3.889327 -4.80709 -11.046809 -2.937851 3e-06 -20.976013 -1e-06 -5.019972 -25.033556 -4.031881 5e-06 -1e-06 0.0 -10.634535 -5.686971 -3.565588 10.573272 -17.922947 -3.113899 2e-06 -13.821205 1e-06 -0.501779 -31.181494 -4.027016 -11.755822 -59.18404 7.112676 -13.982716 -7.150198 -2.875042 13.772729 -8.40149 -3.21824 0.347731 -34.211552 0.771656 -0.96303 -17.73337 2.62102 -0.0 -0.0 1e-06 -17.34642 -20.095217 -4.201783 21.757557 -1.638374 3.866428 1e-06 -6.338824 1e-06 -1.69759 -22.591743 -6.194007 -0.0 -4e-06 -3e-06 -108.010376 -83.189629 -59.040688 80.922737 -25.377863 -104.7528 23.573427 -0.033068 0.457535 7.462544 -0.526859 -66.232475 22.182114 -20.375891 49.933315 -16.701811 -16.74353 28.476528 -2e-06 -12.690601 0.0 14.125816 -16.826529 4.12883 -0.105919 -1.513857 -4.275883 -5.039041 -5.612871 -2.953556 4e-06 -11.020523 -2e-06 -6.111297 -15.895334 -3.840471 0.0 0.0 0.0 -10.283371 -5.680289 -4.341838 11.028294 -11.302406 -2.372633 -1.384269 -14.238581 -6.320121 -0.625438 -26.924191 -3.827601 -4.661969 -48.126698 -2.17691 -13.708525 -7.363477 -3.72094 18.141148 -14.052739 -3.242674 6e-06 -18.787268 -3e-06 -0.429713 -8.456043 2.555504 0.0 1e-06 -0.0 -15.923538 -20.094484 -5.473585 30.41921 -7.190825 1.735926 3e-06 -8.162925 0.0 -1.861902 -22.861471 -6.167943 1e-06 -4e-06 -1e-06 -175.798111 -1.896864 -12.81912 14.690936 -0.14022 0.23958 -81.802338 1.782865 -1.927835 -5.855452 1.484839 2.155261 -0.999999 -0.0 0.0 3.902092 -3.818225 -16.660044 16.067019 0.033332 0.010942 -82.23336 -1.32968 -5.260724 -6.784856 0.536591 1.587561 -1.000001 1e-06 -0.0 
0.0 0.0 0.0 0.0 -0.0 0.0 0.184184 99.539757 -0.303856 90.30323 5.771268 88.807434 -3.566454 -1.895862 0.386437 -12.435104 -1.173657 0.916617 23.648796 -1.115646 -1.576046 21.697811 13.491069 1.353839 -2.49867 -0.714133 -11.841328 -31.501734 1.531668 -18.540108 6e-06 -0.0 1e-06 0.002604 -0.036035 0.068668 -0.140584 -0.043819 0.064879 -0.145503 -0.025319 0.050198 -17.040222 -75.742409 28.355465 100.173759 -40.242813 -77.058174 59.605663 -0.306842 -1.478605 -20.059036 20.199432 -84.09211 17.636623 -26.322727 52.411194 -19.46666 -14.395592 29.410389 -0.0 -8.774819 -1e-06 13.649858 -17.54668 7.615905 -0.609777 -1.795654 -3.889328 -4.807087 -11.046809 -2.937851 5e-06 -20.976013 -3e-06 -5.019967 -25.033546 -4.031882 5e-06 1e-06 -0.0 -10.634532 -5.68697 -3.565588 10.573271 -17.922947 -3.113901 3e-06 -13.821203 1e-06 -0.501775 -31.181498 -4.027017 -12.138287 -59.405918 7.443126 -13.982711 -7.150197 -2.875042 13.772726 -8.40149 -3.218242 0.347734 -34.211544 0.771654 -0.963028 -17.733364 2.621018 -0.0 -0.0 0.0 -17.346413 -20.095215 -4.201782 21.757553 -1.638374 3.866426 1e-06 -6.338822 2e-06 -1.697588 -22.591742 -6.194006 -1e-06 -4e-06 -2e-06 -108.127739 -83.650414 -58.86404 80.797905 -25.627483 -104.074738 24.071018 -0.369045 0.301133 7.225804 -0.115174 -65.985664 22.182108 -20.375895 49.933319 -16.701807 -16.743525 28.476526 -3e-06 -12.690598 -0.0 14.172854 -16.70896 4.139308 -0.10592 -1.513856 -4.275882 -5.03904 -5.612871 -2.953556 4e-06 -11.020523 -2e-06 -6.111297 -15.895332 -3.84047 0.0 -1e-06 -0.0 -10.283368 -5.680288 -4.341838 11.028291 -11.302404 -2.372633 -1.384269 -14.238579 -6.320121 -0.625438 -26.924189 -3.827601 -4.756895 -48.076313 -2.077437 -13.708523 -7.363476 -3.720939 18.141146 -14.052739 -3.242673 5e-06 -18.787266 -1e-06 -0.429712 -8.456041 2.555502 -1e-06 2e-06 1e-06 -15.923532 -20.094482 -5.473583 30.419197 -7.190824 1.735928 3e-06 -8.162925 -1e-06 -1.861901 -22.861465 -6.167939 0.0 -2e-06 -1e-06 -175.659821 -2.022471 -13.387907 14.593176 -0.126556 0.239192 -81.871391 1.645692 -2.181293 -5.773679 1.486301 2.154809 -0.999998 0.0 0.0 3.624875 -3.663429 -16.055281 16.134899 0.032341 0.008891 -82.214836 -1.292233 -5.093068 -6.707606 0.5375 1.589667 -1.000002 -0.0 0.0 
0.0 0.0 0.0 0.0 -0.0 0.0 0.117808 99.532661 -0.259513 90.180275 5.680973 87.959068 -3.604592 -1.867935 0.353682 -12.423424 -1.178834 0.740196 23.635834 -1.063196 -1.809027 22.107662 12.964064 1.353444 -2.512921 -0.694162 -11.701923 -31.521179 1.226818 -18.112587 6e-06 -0.0 -0.0 0.002394 -0.027946 0.079255 -0.136511 -0.031858 0.074283 -0.141663 -0.021808 0.062049 -16.479525 -76.091499 27.916265 99.542206 -40.564075 -74.491142 59.565247 -0.128034 -1.213635 -17.20727 17.62941 -81.403976 17.636627 -26.322731 52.411198 -19.466656 -14.395597 29.410389 -0.0 -8.774821 -2e-06 13.913445 -17.840431 7.71546 -0.609776 -1.795653 -3.889328 -4.807091 -11.046809 -2.937849 3e-06 -20.976019 2e-06 -5.019973 -25.033556 -4.031882 6e-06 -2e-06 1e-06 -10.634533 -5.68697 -3.565588 10.573271 -17.922947 -3.113899 2e-06 -13.821209 2e-06 -0.501779 -31.181498 -4.027014 -12.3917 -59.468777 7.723626 -13.982716 -7.150197 -2.875041 13.772728 -8.401489 -3.218241 0.347731 -34.211544 0.771656 -0.963029 -17.733366 2.621019 1e-06 -1e-06 -0.0 -17.346416 -20.095215 -4.201783 21.757557 -1.638374 3.866427 1e-06 -6.338821 2e-06 -1.697591 -22.59174 -6.194007 -1e-06 -3e-06 -1e-06 -108.168816 -84.224266 -58.652222 80.551506 -25.761877 -103.269722 24.504864 -0.643991 0.103118 6.952465 0.297694 -65.797318 22.18211 -20.375889 49.933308 -16.701805 -16.743525 28.476519 -3e-06 -12.690597 -1e-06 14.21103 -16.577528 4.125424 -0.105918 -1.513855 -4.275879 -5.039039 -5.612869 -2.953555 4e-06 -11.020519 -2e-06 -6.111296 -15.895328 -3.840469 0.0 -2e-06 -0.0 -10.283365 -5.680286 -4.341836 11.028291 -11.302404 -2.372632 -1.384269 -14.238575 -6.320118 -0.625437 -26.924187 -3.827599 -4.854086 -48.074677 -1.972394 -13.708519 -7.363473 -3.720938 18.141146 -14.052736 -3.242671 5e-06 -18.787268 -2e-06 -0.429711 -8.45604 2.555502 -1e-06 2e-06 1e-06 -15.92353 -20.094479 -5.473582 30.419205 -7.190825 1.735926 3e-06 -8.162925 -1e-06 -1.8619 -22.861465 -6.167939 0.0 -4e-06 -2e-06 -175.5979 -2.128303 -13.953253 14.591617 -0.109753 0.232432 -81.982185 1.496506 -2.423875 -5.712884 1.479565 2.151766 -0.999998 0.0 0.0 3.354386 -3.556436 -15.373091 16.311226 0.02942 0.01808 -82.255547 -1.292447 -4.985589 -6.61648 0.534691 1.589849 -1.000002 -1e-06 0.0 
0.0 0.0 0.0 0.0 -0.0 0.0 0.097562 99.5243 -0.229977 90.061279 5.536432 87.079163 -3.637599 -1.873975 0.324989 -12.405796 -1.20328 0.509293 23.634375 -0.981088 -2.116389 22.329844 12.304691 1.349348 -2.533148 -0.639286 -11.555523 -31.559084 0.876362 -17.628584 6e-06 -0.0 -0.0 -0.006463 -0.020906 0.07834 -0.130715 -0.020125 0.072324 -0.141016 -0.019804 0.062671 -15.009937 -76.424278 26.592464 99.853073 -40.349312 -72.487785 58.134529 -0.108837 -0.825193 -15.19578 15.257089 -79.479485 17.636625 -26.322729 52.411179 -19.466661 -14.395598 29.410381 -2e-06 -8.774821 -0.0 14.065014 -18.037699 7.870979 -0.609776 -1.795653 -3.889327 -4.807088 -11.04681 -2.93785 3e-06 -20.976017 1e-06 -5.019967 -25.033552 -4.031882 4e-06 -1e-06 -1e-06 -10.634533 -5.686969 -3.565585 10.573275 -17.922951 -3.113901 2e-06 -13.821209 1e-06 -0.501779 -31.181501 -4.027013 -12.487365 -59.445522 7.940823 -13.982712 -7.150197 -2.875042 13.772729 -8.401491 -3.21824 0.347735 -34.211544 0.771654 -0.963029 -17.733368 2.62102 -0.0 -1e-06 1e-06 -17.346416 -20.095211 -4.201779 21.757557 -1.638374 3.866426 1e-06 -6.338825 2e-06 -1.697589 -22.591742 -6.194005 0.0 -4e-06 -4e-06 -108.252518 -84.840836 -58.287304 80.151596 -25.684141 -102.626518 24.719694 -0.772975 -0.062868 6.713984 0.716469 -65.594269 22.182112 -20.375898 49.933327 -16.701817 -16.74353 28.476534 -4e-06 -12.690599 1e-06 14.262847 -16.475042 4.042995 -0.105918 -1.513856 -4.275881 -5.039041 -5.612871 -2.953558 5e-06 -11.020523 -3e-06 -6.111296 -15.895334 -3.840472 -0.0 1e-06 -0.0 -10.283369 -5.680287 -4.341839 11.028295 -11.302404 -2.372633 -1.384269 -14.238577 -6.320122 -0.625436 -26.924187 -3.827601 -4.912324 -48.091846 -1.917943 -13.708524 -7.363475 -3.720941 18.141148 -14.052739 -3.242674 5e-06 -18.787266 -3e-06 -0.429712 -8.456041 2.555504 -0.0 1e-06 -0.0 -15.923532 -20.094482 -5.473587 30.41921 -7.190826 1.735924 4e-06 -8.162927 -1e-06 -1.861901 -22.861473 -6.167941 1e-06 -5e-06 -2e-06 -175.636963 -2.205686 -14.490109 14.656588 -0.098096 0.2166 -82.116081 1.281966 -2.589707 -5.709404 1.472181 2.144736 -0.999999 -1e-06 -0.0 2.972122 -3.477456 -14.670832 16.544645 0.033657 0.035813 -82.298737 -1.261251 -4.822145 -6.546621 0.533827 1.588749 -1.000001 0.0 0.0 
0.0 0.0 0.0 0.0 -0.0 0.0 0.120668 99.524979 -0.228647 89.965652 5.291518 86.173737 -3.648435 -1.941728 0.265099 -12.394729 -1.278341 0.193159 23.642853 -0.871434 -2.485771 22.305738 11.600108 1.40703 -2.564209 -0.585732 -11.397348 -31.612797 0.465956 -17.091722 6e-06 -0.0 3e-06 -0.026694 -0.011111 0.083301 -0.125899 -0.005411 0.073915 -0.152222 -0.014314 0.071376 -12.048549 -76.516388 23.785685 101.671539 -39.382874 -71.432281 54.946907 -0.186702 -0.391692 -14.309071 13.116684 -78.765106 17.63662 -26.322729 52.411182 -19.46666 -14.395594 29.410385 -2e-06 -8.77482 -1e-06 14.060533 -18.175192 8.135998 -0.609777 -1.795654 -3.889324 -4.807086 -11.046809 -2.937848 5e-06 -20.976017 1e-06 -5.019967 -25.033554 -4.031878 4e-06 -1e-06 -2e-06 -10.634529 -5.686969 -3.565586 10.573272 -17.922953 -3.113901 4e-06 -13.821208 2e-06 -0.501777 -31.181505 -4.027015 -12.395144 -59.425488 8.048558 -13.982711 -7.150194 -2.87504 13.772726 -8.401491 -3.21824 0.347736 -34.211555 0.771655 -0.963029 -17.73337 2.621021 -1e-06 -0.0 0.0 -17.346409 -20.095211 -4.20178 21.757551 -1.638375 3.866426 1e-06 -6.338822 1e-06 -1.697587 -22.591738 -6.194003 -1e-06 -3e-06 -4e-06 -109.358109 -85.425003 -56.808498 79.613762 -25.306967 -102.531395 24.469994 -0.63351 -0.104589 6.482193 1.428117 -65.446144 22.182114 -20.375898 49.933319 -16.701811 -16.74353 28.476528 -3e-06 -12.6906 -2e-06 14.350743 -16.430126 3.907144 -0.105919 -1.513856 -4.275881 -5.039042 -5.612873 -2.953556 4e-06 -11.020526 -0.0 -6.111298 -15.895334 -3.840471 0.0 -1e-06 -1e-06 -10.283371 -5.680288 -4.341838 11.028294 -11.302406 -2.372633 -1.384271 -14.238579 -6.32012 -0.625439 -26.924192 -3.827601 -4.939024 -48.143036 -1.933345 -13.708525 -7.363476 -3.720938 18.141148 -14.052739 -3.242674 7e-06 -18.78727 -1e-06 -0.429711 -8.456046 2.555504 -2e-06 1e-06 0.0 -15.923536 -20.094484 -5.473584 30.419218 -7.190827 1.735926 1e-06 -8.162928 -0.0 -1.861904 -22.861473 -6.167941 1e-06 -4e-06 -0.0 -175.796066 -2.225922 -15.017343 14.705877 -0.09325 0.198508 -82.220505 0.96067 -2.642932 -5.753035 1.465555 2.134921 -0.999999 -0.0 0.0 2.43305 -3.443294 -13.984135 16.799894 0.052878 0.04467 -82.313087 -1.120594 -4.574824 -6.501071 0.540798 1.584736 -1.000001 0.0 0.0 
0.0 0.0 0.0 0.0 -0.0 0.0 0.179058 99.54705 -0.255304 89.897682 4.980714 85.280457 -3.580653 -2.080093 0.159261 -12.382625 -1.430654 -0.203952 23.639311 -0.767791 -2.901761 22.137125 11.008126 1.518158 -2.59045 -0.583262 -11.22396 -31.747902 0.063124 -16.592472 6e-06 -0.0 1e-06 -0.044626 -0.001708 0.085647 -0.097415 0.006171 0.074417 -0.141299 -0.006139 0.075689 -7.442293 -76.292236 19.340925 104.98156 -37.406532 -71.007019 50.242271 -0.312595 -0.02695 -14.023417 11.251884 -79.423309 17.636633 -26.322733 52.411194 -19.466665 -14.3956 29.410389 1e-06 -8.774821 -2e-06 13.879164 -18.18729 8.38881 -0.609778 -1.795655 -3.889326 -4.807087 -11.046811 -2.937849 4e-06 -20.976019 1e-06 -5.019974 -25.033562 -4.031879 7e-06 -0.0 -0.0 -10.634536 -5.686972 -3.565586 10.573272 -17.922955 -3.1139 3e-06 -13.82121 2e-06 -0.501781 -31.181505 -4.027013 -12.198678 -59.362068 8.041043 -13.982717 -7.1502 -2.875043 13.772731 -8.401495 -3.21824 0.347734 -34.211555 0.771655 -0.963028 -17.733372 2.621021 1e-06 1e-06 0.0 -17.34642 -20.095221 -4.201782 21.757559 -1.638375 3.866429 1e-06 -6.338824 1e-06 -1.697587 -22.591743 -6.194005 -1e-06 -5e-06 -1e-06 -112.908623 -85.957703 -52.900349 79.146538 -24.684195 -103.421494 23.642452 -0.068988 -0.033873 6.148851 2.794361 -65.309761 22.182112 -20.3759 49.933334 -16.701815 -16.743528 28.476538 -2e-06 -12.690604 -1e-06 14.394243 -16.386482 3.775665 -0.105918 -1.513856 -4.275882 -5.039042 -5.612873 -2.953557 4e-06 -11.020525 -2e-06 -6.111297 -15.895332 -3.840472 1e-06 -1e-06 -2e-06 -10.283371 -5.680288 -4.341838 11.028294 -11.302407 -2.372635 -1.384267 -14.238583 -6.320122 -0.625436 -26.924194 -3.827603 -4.92706 -48.176361 -2.056112 -13.708527 -7.363477 -3.720939 18.141153 -14.052739 -3.242676 6e-06 -18.78727 -1e-06 -0.429711 -8.456042 2.555505 -0.0 -1e-06 1e-06 -15.923536 -20.094482 -5.473586 30.419222 -7.190827 1.735925 1e-06 -8.162927 -2e-06 -1.8619 -22.861473 -6.167942 1e-06 -3e-06 -1e-06 -175.968689 -2.185405 -15.614912 14.587276 -0.101838 0.190161 -82.216225 0.585798 -2.64767 -5.782412 1.454513 2.128867 -0.999998 -0.0 0.0 1.908394 -3.480855 -13.296005 16.932814 0.079027 0.021602 -82.23497 -0.876696 -4.313968 -6.409304 0.532984 1.577487 -1.000002 0.0 0.0 
0.0 0.0 0.0 0.0 -0.0 0.0 0.24537 99.587799 -0.289744 89.845032 4.651005 84.362633 -3.421131 -2.282489 0.054864 -12.374722 -1.617225 -0.636475 23.684666 -0.727534 -3.414073 21.955692 10.583467 1.623472 -2.604004 -0.629393 -10.995895 -31.994095 -0.2186 -16.09145 6e-06 -0.0 -2e-06 -0.050813 0.00369 0.071689 -0.056237 0.013512 0.065875 -0.108585 -0.002034 0.055015 -2.079381 -75.944351 14.129585 108.994141 -34.372189 -70.438522 45.145187 -0.65175 0.165893 -13.136234 9.361297 -80.315765 17.636627 -26.322737 52.411194 -19.466654 -14.395594 29.410381 -2e-06 -8.774819 -0.0 13.667544 -18.027405 8.447048 -0.609775 -1.795653 -3.889328 -4.807087 -11.046808 -2.93785 2e-06 -20.976011 1e-06 -5.019976 -25.033552 -4.031878 7e-06 -0.0 1e-06 -10.634529 -5.686971 -3.565587 10.573271 -17.922947 -3.113897 1e-06 -13.82121 2e-06 -0.501782 -31.181505 -4.027008 -12.195832 -59.481667 8.137435 -13.982712 -7.150196 -2.875043 13.772727 -8.401491 -3.21824 0.347731 -34.211555 0.771658 -0.963029 -17.73337 2.62102 0.0 0.0 -1e-06 -17.346415 -20.095213 -4.201777 21.757555 -1.638374 3.866427 3e-06 -6.338822 1e-06 -1.697595 -22.591743 -6.194001 -1e-06 -4e-06 -3e-06 -119.319679 -86.459946 -46.240601 78.916245 -23.825174 -105.118904 22.360439 0.786535 0.039454 5.791459 4.47136 -64.80468 22.18211 -20.375879 49.933289 -16.701811 -16.743523 28.476519 -2e-06 -12.6906 -1e-06 14.409731 -16.428894 3.64209 -0.10592 -1.513856 -4.275881 -5.039041 -5.61287 -2.953556 4e-06 -11.020523 -2e-06 -6.111296 -15.89533 -3.840471 -0.0 -1e-06 -0.0 -10.283367 -5.680288 -4.341836 11.02829 -11.302404 -2.372634 -1.384268 -14.23858 -6.320118 -0.625437 -26.924187 -3.827602 -4.830501 -48.068531 -2.342015 -13.708521 -7.363475 -3.720938 18.141146 -14.052738 -3.242673 9e-06 -18.787266 -3e-06 -0.42971 -8.456042 2.5555 1e-06 -0.0 -1e-06 -15.92353 -20.094479 -5.473584 30.419205 -7.190825 1.735925 3e-06 -8.162922 -2e-06 -1.861902 -22.861462 -6.16794 0.0 -4e-06 0.0 -176.07341 -2.121971 -16.294279 14.260957 -0.108219 0.181465 -82.098175 0.189266 -2.764434 -5.687149 1.412436 2.126005 -0.999999 0.0 0.0 1.378353 -3.471378 -12.580772 16.917875 0.104423 -0.016084 -82.065636 -0.613097 -4.005906 -6.266438 0.531534 1.577298 -1.000002 1e-06 -0.0 
0.0 0.0 0.0 0.0 -0.0 0.0 0.300725 99.632332 -0.310128 89.792564 4.34404 83.27478 -3.222053 -2.492225 -0.041379 -12.369291 -1.791739 -1.033991 23.831112 -0.748763 -3.996315 21.881327 10.13888 1.689489 -2.61663 -0.665496 -10.611862 -32.292805 -0.363015 -15.578983 7e-06 -0.0 1e-06 -0.057115 0.00977 0.066224 -0.037507 0.025099 0.071195 -0.090546 -0.001007 0.035202 2.825484 -75.767517 9.405419 112.761818 -30.476585 -69.601936 40.239479 -1.377163 0.153623 -11.275323 6.987765 -79.995773 17.636625 -26.322733 52.411201 -19.466665 -14.395602 29.410395 2e-06 -8.774822 -1e-06 13.663366 -17.71524 8.250687 -0.609775 -1.795654 -3.889328 -4.80709 -11.046809 -2.93785 2e-06 -20.976019 -2e-06 -5.019974 -25.03356 -4.031884 6e-06 -1e-06 1e-06 -10.634535 -5.686972 -3.565587 10.573277 -17.922951 -3.113904 -1e-06 -13.821211 1e-06 -0.501779 -31.181507 -4.027019 -12.32818 -59.677937 8.350357 -13.982717 -7.150199 -2.875039 13.772731 -8.401491 -3.218243 0.347732 -34.211555 0.771654 -0.963028 -17.73337 2.621017 1e-06 -0.0 0.0 -17.346418 -20.095221 -4.20178 21.757559 -1.638373 3.866427 -0.0 -6.338824 1e-06 -1.697591 -22.591747 -6.194006 -1e-06 -3e-06 -3e-06 -127.845322 -86.78643 -37.510277 78.887146 -22.728579 -106.933502 20.909777 1.576819 0.107437 5.24127 5.762897 -63.82518 22.182114 -20.375895 49.933327 -16.701815 -16.743526 28.476534 -3e-06 -12.690602 -1e-06 14.399246 -16.506384 3.57027 -0.105916 -1.513856 -4.275882 -5.039044 -5.612872 -2.953556 6e-06 -11.020523 -2e-06 -6.111297 -15.895334 -3.840471 -0.0 -1e-06 -0.0 -10.283366 -5.680288 -4.341839 11.028294 -11.302404 -2.372634 -1.384268 -14.238581 -6.320121 -0.625436 -26.924191 -3.827604 -4.719923 -47.881531 -2.60982 -13.708522 -7.363476 -3.72094 18.141148 -14.052739 -3.242675 7e-06 -18.78727 0.0 -0.429711 -8.45604 2.555505 0.0 -2e-06 -0.0 -15.923532 -20.094482 -5.473587 30.41921 -7.190826 1.735925 1e-06 -8.162926 -0.0 -1.861903 -22.861467 -6.16794 -1e-06 -5e-06 -1e-06 -175.970688 -2.053346 -17.002771 13.775493 -0.087402 0.155856 -81.948189 -0.291016 -3.101192 -5.570209 1.339805 2.1211 -0.999999 -0.0 0.0 0.871914 -3.445204 -11.767831 16.867956 0.123956 -0.049152 -81.874519 -0.235441 -3.817878 -6.183975 0.533552 1.583343 -1.000002 1e-06 -0.0 
0.0 0.0 0.0 0.0 -0.0 0.0 0.335584 99.652496 -0.317375 89.747292 4.055213 81.932892 -3.036768 -2.657415 -0.172725 -12.327539 -1.918976 -1.358089 23.964542 -0.80382 -4.551272 22.005644 9.51507 1.752688 -2.60969 -0.703482 -10.120702 -32.466183 -0.389684 -15.134759 6e-06 0.0 -3e-06 -0.072629 0.015237 0.071186 -0.037055 0.043578 0.089246 -0.082605 -0.008381 0.022734 6.66955 -75.969498 5.756526 115.632195 -26.416521 -68.671036 35.768433 -2.073693 0.130651 -9.215302 4.401928 -79.184944 17.636621 -26.322721 52.411182 -19.466661 -14.395592 29.410385 -1e-06 -8.774819 -2e-06 14.026359 -17.402546 7.782447 -0.609779 -1.795655 -3.889328 -4.807086 -11.046809 -2.937849 5e-06 -20.976015 -1e-06 -5.019967 -25.033554 -4.031878 7e-06 -1e-06 1e-06 -10.634529 -5.686971 -3.565588 10.573272 -17.922947 -3.113901 3e-06 -13.821206 -1e-06 -0.501777 -31.181505 -4.027012 -12.250823 -59.497368 8.319697 -13.982712 -7.150198 -2.87504 13.772727 -8.401492 -3.218241 0.347737 -34.211544 0.771649 -0.963027 -17.73337 2.621016 -1e-06 -0.0 -1e-06 -17.346416 -20.095217 -4.20178 21.757555 -1.638374 3.866427 0.0 -6.338824 1e-06 -1.697591 -22.591747 -6.194007 -1e-06 -3e-06 -2e-06 -137.640305 -86.933754 -27.549892 79.172928 -21.647888 -108.309563 19.751429 1.947908 0.19103 4.580575 6.418348 -62.911404 22.182116 -20.375895 49.933308 -16.701811 -16.743528 28.476522 -3e-06 -12.690599 -0.0 14.4141 -16.495432 3.532286 -0.105919 -1.513858 -4.275882 -5.039039 -5.612871 -2.953556 4e-06 -11.020521 -0.0 -6.111297 -15.89533 -3.840469 -0.0 -0.0 0.0 -10.283373 -5.680286 -4.341836 11.028296 -11.302404 -2.372632 -1.384267 -14.238577 -6.32012 -0.625439 -26.924183 -3.827601 -4.623909 -47.754753 -2.730157 -13.708524 -7.363475 -3.720939 18.14115 -14.052739 -3.242674 5e-06 -18.78727 -0.0 -0.429712 -8.456041 2.555505 0.0 -1e-06 -1e-06 -15.923534 -20.094479 -5.473584 30.41921 -7.190826 1.735925 5e-06 -8.162925 -0.0 -1.861903 -22.861467 -6.167939 1e-06 -2e-06 -0.0 -175.936783 -1.953957 -17.686228 13.42559 -0.059537 0.099464 -81.891891 -0.889845 -3.436808 -5.55897 1.295042 2.11825 -0.999999 -0.0 -0.0 0.229369 -3.419169 -10.797415 17.071508 0.114087 -0.039916 -81.797508 0.201354 -3.80233 -6.271871 0.524954 1.586707 -1.000003 -0.0 -0.0 
0.0 0.0 0.0 0.0 -0.0 0.0 0.337614 99.678337 -0.334293 89.664795 3.806518 80.352509 -2.850048 -2.718084 -0.319624 -12.271396 -2.053846 -1.698426 24.080908 -0.844133 -4.917381 22.24152 8.679647 1.820877 -2.601586 -0.729237 -9.81459 -32.483196 -0.349236 -14.666269 6e-06 -0.0 0.0 -0.07858 0.016307 0.050527 -0.045521 0.055857 0.074569 -0.081644 -0.018671 -0.006257 9.766378 -76.164085 2.862043 117.384384 -22.950062 -68.724808 32.180851 -2.185506 0.133501 -8.343118 3.48669 -79.748657 17.63662 -26.322727 52.411201 -19.466658 -14.395596 29.410393 0.0 -8.77482 -2e-06 14.356958 -17.195726 7.43131 -0.609777 -1.795652 -3.889327 -4.807087 -11.046807 -2.93785 4e-06 -20.976009 -0.0 -5.019969 -25.033546 -4.031881 6e-06 -2e-06 -0.0 -10.634531 -5.686967 -3.565588 10.573274 -17.922947 -3.113903 3e-06 -13.821205 0.0 -0.501776 -31.181501 -4.027012 -11.971425 -59.218254 7.947731 -13.982711 -7.150198 -2.875042 13.772728 -8.401489 -3.21824 0.347734 -34.211544 0.771654 -0.963029 -17.733364 2.621021 -1e-06 2e-06 -2e-06 -17.346413 -20.095209 -4.201783 21.757555 -1.638374 3.866426 2e-06 -6.338821 0.0 -1.69759 -22.591734 -6.194004 -2e-06 -2e-06 -2e-06 -149.67952 -86.827934 -15.53957 80.040344 -20.969366 -109.450897 19.127571 1.95151 0.215657 4.194894 6.358478 -61.811478 22.182116 -20.375898 49.933319 -16.701807 -16.74353 28.476528 -2e-06 -12.690601 1e-06 14.471633 -16.524334 3.50264 -0.105923 -1.513855 -4.275881 -5.039042 -5.612872 -2.953557 2e-06 -11.02052 -1e-06 -6.111297 -15.89533 -3.84047 -0.0 -1e-06 -0.0 -10.283371 -5.680288 -4.341839 11.028296 -11.302404 -2.372633 -1.384265 -14.238579 -6.320121 -0.625439 -26.924189 -3.827601 -4.600297 -47.980354 -2.742604 -13.708524 -7.363474 -3.720939 18.141146 -14.052739 -3.242674 4e-06 -18.78727 -1e-06 -0.429712 -8.456039 2.555503 2e-06 -0.0 1e-06 -15.923538 -20.094481 -5.473582 30.41921 -7.190824 1.735925 4e-06 -8.162925 -1e-06 -1.861904 -22.861469 -6.16794 -0.0 -3e-06 -1e-06 -175.765366 -1.849529 -18.390141 12.929079 -0.056193 0.034209 -81.784081 -1.671083 -3.729634 -5.56114 1.295518 2.116656 -1.0 0.0 0.0 -0.363225 -3.291049 -9.646475 17.183172 0.076915 0.006795 -81.64772 0.587113 -3.758512 -6.334156 0.527443 1.591512 -1.000002 1e-06 0.0 
0.0 0.0 0.0 0.0 -0.0 0.0 0.32055 99.728683 -0.370724 89.494141 3.60737 78.520508 -2.723118 -2.683268 -0.415665 -12.258917 -2.155368 -2.018534 24.239864 -0.855793 -5.073337 22.615196 7.785698 1.933903 -2.610191 -0.706392 -9.779 -32.498558 -0.358462 -14.085015 7e-06 -0.0 -4e-06 -0.077993 0.011117 -0.014493 -0.069392 0.058193 0.009281 -0.100117 -0.032156 -0.070329 11.752987 -76.140945 1.305922 117.518295 -20.416082 -70.002617 29.769041 -1.794963 0.246877 -9.446012 4.751178 -82.035049 17.636631 -26.322721 52.411186 -19.46666 -14.395594 29.410385 -0.0 -8.774822 -2e-06 14.274896 -17.051794 7.45025 -0.609777 -1.795654 -3.889328 -4.807089 -11.046811 -2.93785 4e-06 -20.976015 -2e-06 -5.019968 -25.033556 -4.031883 7e-06 -1e-06 2e-06 -10.634535 -5.686971 -3.565588 10.573272 -17.922947 -3.113901 3e-06 -13.821206 -0.0 -0.501775 -31.181501 -4.027017 -11.716571 -59.423145 7.475244 -13.982714 -7.150196 -2.875042 13.772731 -8.401491 -3.218241 0.347734 -34.211552 0.771653 -0.963026 -17.733372 2.621019 -1e-06 3e-06 -2e-06 -17.346416 -20.095213 -4.201785 21.757555 -1.638376 3.86643 -1e-06 -6.338822 -0.0 -1.697589 -22.59174 -6.194006 -1e-06 -4e-06 -1e-06 -158.473709 -86.495079 -6.848918 81.287659 -20.694208 -110.312546 19.146841 1.780417 0.180456 3.845859 5.802588 -60.726044 22.182114 -20.375898 49.933334 -16.701813 -16.743526 28.476536 -4e-06 -12.690601 1e-06 14.492639 -16.564713 3.526938 -0.105922 -1.513857 -4.275883 -5.03904 -5.612869 -2.953556 5e-06 -11.02052 -2e-06 -6.111293 -15.895329 -3.840472 0.0 -0.0 -0.0 -10.283373 -5.680289 -4.34184 11.028296 -11.302404 -2.372635 -1.384266 -14.238581 -6.320124 -0.625435 -26.924187 -3.827606 -4.619719 -48.237289 -2.656633 -13.708526 -7.363477 -3.720939 18.14115 -14.052739 -3.242677 5e-06 -18.78727 -2e-06 -0.429711 -8.45604 2.555503 -0.0 -1e-06 2e-06 -15.923534 -20.094482 -5.473587 30.41921 -7.190823 1.735922 1e-06 -8.162922 -1e-06 -1.861901 -22.861467 -6.167943 1e-06 -4e-06 -1e-06 -175.338028 -1.762228 -19.160872 12.07721 -0.047179 -0.003936 -81.522202 -2.739767 -4.029421 -5.562372 1.300821 2.112919 -1.0 0.0 -0.0 -0.760693 -3.030758 -8.355251 16.952515 0.068533 0.021713 -81.288635 1.053701 -3.560471 -6.317439 0.562691 1.603618 -1.000003 -0.0 0.0 
0.0 0.0 0.0 0.0 -0.0 0.0 0.284142 99.759277 -0.381858 89.265465 3.45215 76.616463 -2.704434 -2.637349 -0.399357 -12.249625 -2.227672 -2.249529 24.378971 -0.766779 -5.072721 23.081078 6.961585 2.081642 -2.628626 -0.682845 -9.942508 -32.388023 -0.500195 -13.577634 6e-06 -0.0 -2e-06 -0.06552 0.010072 -0.046622 -0.057404 0.061447 -0.02093 -0.08719 -0.038762 -0.101275 12.801476 -76.181862 0.871143 116.228554 -18.67136 -71.061577 28.169703 -1.28299 0.52153 -12.560073 6.872045 -85.69323 17.636625 -26.322723 52.411194 -19.46666 -14.395594 29.410389 -1e-06 -8.77482 -2e-06 13.888659 -16.875525 7.703279 -0.609777 -1.795655 -3.889328 -4.807088 -11.046807 -2.93785 4e-06 -20.976011 -2e-06 -5.019969 -25.033552 -4.031883 7e-06 1e-06 1e-06 -10.634532 -5.686972 -3.565588 10.573274 -17.922947 -3.113901 2e-06 -13.821206 -1e-06 -0.501778 -31.181498 -4.027019 -11.444112 -59.519615 7.032403 -13.982711 -7.150198 -2.875042 13.772727 -8.401487 -3.21824 0.347734 -34.211536 0.771654 -0.963031 -17.733364 2.62102 -1e-06 -1e-06 -1e-06 -17.346415 -20.095213 -4.201784 21.757553 -1.638373 3.866429 1e-06 -6.338822 1e-06 -1.697588 -22.591738 -6.194004 0.0 -3e-06 -2e-06 -160.897766 -86.305412 -4.445773 82.343811 -20.714647 -110.519402 19.431238 1.60409 0.150385 3.17051 5.347122 -60.241566 22.182116 -20.3759 49.93335 -16.701817 -16.743528 28.47654 -3e-06 -12.690603 -1e-06 14.2933 -16.520132 3.658429 -0.10592 -1.513856 -4.275881 -5.03904 -5.612872 -2.953558 5e-06 -11.020524 -1e-06 -6.111292 -15.895334 -3.840472 1e-06 0.0 1e-06 -10.283371 -5.680288 -4.34184 11.028295 -11.302408 -2.372634 -1.384268 -14.238585 -6.320124 -0.625436 -26.924192 -3.827606 -4.607935 -48.075928 -2.542751 -13.708526 -7.363477 -3.720942 18.141151 -14.052742 -3.242675 7e-06 -18.787271 -3e-06 -0.429715 -8.456044 2.555504 1e-06 -2e-06 2e-06 -15.923536 -20.094484 -5.473587 30.419222 -7.190827 1.735926 1e-06 -8.162927 -1e-06 -1.861903 -22.861469 -6.167944 -1e-06 -3e-06 -1e-06 -174.918289 -1.761262 -19.980965 11.448137 -0.035258 -0.029518 -81.37072 -3.941835 -4.315902 -5.568135 1.360306 2.120999 -0.999999 -1e-06 -0.0 -1.083359 -2.741817 -7.234966 16.755234 0.090371 0.030046 -80.957718 1.733331 -3.235807 -6.379923 0.598692 1.609522 -1.000001 0.0 -0.0 
0.0 0.0 0.0 0.0 -0.0 0.0 0.234378 99.755898 -0.353649 89.046432 3.312631 74.981598 -2.758211 -2.609506 -0.332579 -12.237561 -2.270638 -2.391701 24.494518 -0.630449 -4.946692 23.477463 6.364939 2.166859 -2.616623 -0.706216 -10.108009 -32.10854 -0.690928 -13.214192 6e-06 -0.0 -3e-06 -0.04921 0.014071 -0.040976 -0.000425 0.064231 -0.008915 -0.036882 -0.03415 -0.098654 13.269738 -76.471062 1.014003 114.270538 -17.830727 -70.916855 27.404716 -0.806085 0.836454 -15.79763 8.126498 -89.02742 17.636623 -26.322718 52.411171 -19.466661 -14.395597 29.410378 -1e-06 -8.774821 -2e-06 13.576314 -16.806931 7.831815 -0.609776 -1.795653 -3.889326 -4.807085 -11.046807 -2.937849 4e-06 -20.976013 -0.0 -5.019969 -25.033552 -4.03188 6e-06 1e-06 1e-06 -10.634531 -5.686967 -3.565585 10.573274 -17.922947 -3.113902 4e-06 -13.821205 1e-06 -0.501778 -31.181498 -4.027014 -11.050191 -59.018013 6.596453 -13.982709 -7.150195 -2.87504 13.772727 -8.401489 -3.218242 0.347737 -34.21154 0.77165 -0.963029 -17.733362 2.621017 0.0 -1e-06 0.0 -17.346413 -20.095211 -4.20178 21.757555 -1.638375 3.866426 3e-06 -6.338822 1e-06 -1.697586 -22.591742 -6.194006 0.0 -4e-06 -2e-06 -158.287079 -86.482254 -6.915232 82.848465 -20.869513 -109.940201 19.545277 1.325508 0.132892 2.361107 5.258343 -60.39806 22.18211 -20.375895 49.933319 -16.701811 -16.743525 28.47653 -3e-06 -12.690601 -1e-06 14.181444 -16.387627 3.75321 -0.105921 -1.513855 -4.27588 -5.039041 -5.612874 -2.953557 5e-06 -11.020523 -2e-06 -6.111297 -15.895334 -3.840472 1e-06 0.0 -0.0 -10.283371 -5.680285 -4.341839 11.028296 -11.302406 -2.372633 -1.384268 -14.238581 -6.32012 -0.62544 -26.924189 -3.827601 -4.569559 -47.680389 -2.47391 -13.70852 -7.363475 -3.72094 18.141146 -14.05274 -3.242672 3e-06 -18.78727 -2e-06 -0.42971 -8.456044 2.555503 0.0 -0.0 2e-06 -15.923536 -20.094482 -5.473585 30.419207 -7.190826 1.735926 2e-06 -8.162927 -1e-06 -1.861901 -22.861467 -6.167941 1e-06 -4e-06 0.0 -174.733627 -1.861796 -20.721659 11.36885 -0.039592 -0.043087 -81.456505 -4.938073 -4.562151 -5.561546 1.455321 2.133406 -0.999999 0.0 -0.0 -1.405039 -2.492197 -6.462912 16.771534 0.113581 0.069952 -80.789688 2.448974 -2.969671 -6.513473 0.623514 1.606916 -1.000003 -0.0 0.0 
0.0 0.0 0.0 0.0 -0.0 0.0 0.166505 99.739227 -0.312993 88.873695 3.131047 73.676537 -2.869198 -2.577047 -0.304218 -12.232173 -2.251038 -2.392243 24.607712 -0.519794 -4.752716 23.717577 5.978774 2.09745 -2.556801 -0.778176 -10.163062 -31.758348 -0.792165 -12.969676 6e-06 0.0 0.0 -0.044785 0.016751 -0.03553 0.050646 0.06659 0.003874 0.001324 -0.030646 -0.098996 12.324251 -76.997841 2.320132 112.589432 -18.052441 -70.033691 28.002373 -0.618005 1.061781 -17.126871 8.092445 -90.22625 17.636627 -26.322723 52.411182 -19.466663 -14.395596 29.410385 -2e-06 -8.774821 -2e-06 13.517 -16.844442 7.780428 -0.609774 -1.795653 -3.889328 -4.807088 -11.046809 -2.93785 5e-06 -20.976017 -2e-06 -5.019968 -25.033556 -4.03188 7e-06 -0.0 1e-06 -10.634532 -5.686968 -3.565587 10.573274 -17.922947 -3.113902 4e-06 -13.821206 -1e-06 -0.501774 -31.181505 -4.027017 -10.786535 -58.54369 6.365504 -13.982714 -7.150197 -2.875041 13.772731 -8.401493 -3.218242 0.347737 -34.211555 0.771652 -0.963027 -17.733366 2.621016 -1e-06 -0.0 -1e-06 -17.346413 -20.095217 -4.201783 21.757557 -1.638376 3.866427 3e-06 -6.338823 0.0 -1.697586 -22.591742 -6.194005 -1e-06 -2e-06 -3e-06 -152.500702 -86.971405 -12.480583 82.934555 -21.138845 -108.77494 19.731981 0.867619 0.075697 2.085227 5.112615 -60.509022 22.182119 -20.375895 49.933323 -16.701813 -16.743528 28.476532 -3e-06 -12.690603 -1e-06 14.336779 -16.324034 3.687007 -0.10592 -1.513856 -4.275882 -5.039042 -5.612872 -2.953557 5e-06 -11.020521 -1e-06 -6.111297 -15.89533 -3.84047 1e-06 -0.0 1e-06 -10.283373 -5.680289 -4.34184 11.028296 -11.302405 -2.372633 -1.384268 -14.238582 -6.320123 -0.625438 -26.924191 -3.827603 -4.508836 -47.316372 -2.486449 -13.708526 -7.363477 -3.720941 18.14115 -14.052739 -3.242675 6e-06 -18.78727 -1e-06 -0.429709 -8.456042 2.555502 1e-06 -1e-06 1e-06 -15.923536 -20.094482 -5.473588 30.419214 -7.190828 1.735927 2e-06 -8.162927 -0.0 -1.861902 -22.861469 -6.16794 0.0 -3e-06 -0.0 -174.773483 -2.02841 -21.297689 11.61318 -0.04307 -0.055754 -81.665886 -5.612128 -4.815875 -5.52405 1.484414 2.133603 -0.999999 -1e-06 -0.0 -1.762655 -2.2708 -5.97911 16.897795 0.121148 0.125926 -80.719482 3.134476 -2.778198 -6.589571 0.661726 1.605638 -1.000002 -1e-06 -0.0 
0.0 0.0 0.0 0.0 -0.0 0.0 0.092131 99.729065 -0.272979 88.764099 2.943236 72.691101 -2.982749 -2.557765 -0.284791 -12.265125 -2.209139 -2.316935 24.720205 -0.444283 -4.578629 23.945444 5.739676 2.009861 -2.502439 -0.846756 -10.127424 -31.487709 -0.830001 -12.866794 6e-06 0.0 -0.0 -0.043367 0.017503 -0.045085 0.084544 0.061658 0.000219 0.024835 -0.023239 -0.114573 10.113008 -77.563789 4.671217 111.56089 -18.92481 -69.191353 29.637304 -0.656848 1.175094 -17.170071 7.975743 -89.81929 17.636633 -26.322737 52.411198 -19.466654 -14.395594 29.410385 -1e-06 -8.774818 -3e-06 13.467058 -16.934652 7.807136 -0.60978 -1.795654 -3.889327 -4.807087 -11.046809 -2.937851 3e-06 -20.976017 1e-06 -5.019969 -25.033556 -4.03188 7e-06 0.0 -1e-06 -10.634535 -5.686968 -3.565588 10.573271 -17.922951 -3.113898 2e-06 -13.821206 2e-06 -0.501777 -31.181505 -4.027014 -10.822249 -58.481865 6.411482 -13.982716 -7.150198 -2.875043 13.772732 -8.401491 -3.21824 0.347733 -34.211555 0.771656 -0.96303 -17.73337 2.621021 -3e-06 1e-06 -1e-06 -17.34642 -20.095221 -4.201782 21.757555 -1.638374 3.866432 2e-06 -6.338824 1e-06 -1.697592 -22.591747 -6.194004 0.0 -4e-06 -3e-06 -145.258499 -87.465416 -19.516901 82.907669 -21.511135 -107.565704 20.316723 0.470741 0.006776 2.127834 4.970798 -60.372692 22.182121 -20.375898 49.933342 -16.701813 -16.743526 28.476538 -2e-06 -12.690607 -0.0 14.476137 -16.36598 3.583049 -0.105918 -1.513856 -4.275883 -5.039048 -5.612874 -2.953559 4e-06 -11.020524 -2e-06 -6.111297 -15.895334 -3.840474 1e-06 -0.0 1e-06 -10.283371 -5.680291 -4.341842 11.028295 -11.302406 -2.372633 -1.384267 -14.238583 -6.320124 -0.625441 -26.924191 -3.827604 -4.446231 -47.188278 -2.577683 -13.708527 -7.36348 -3.720941 18.141153 -14.05274 -3.242676 3e-06 -18.787273 -1e-06 -0.429713 -8.456044 2.555504 3e-06 -1e-06 1e-06 -15.923536 -20.094492 -5.47359 30.419218 -7.190825 1.735927 2e-06 -8.162927 -1e-06 -1.861903 -22.861479 -6.167946 -0.0 -1e-06 -1e-06 -174.833313 -2.156774 -21.706083 11.768062 -0.045816 -0.059218 -81.814751 -6.047198 -5.075713 -5.437589 1.470723 2.132023 -0.999998 -1e-06 -0.0 -2.075061 -2.083793 -5.622435 16.991993 0.113783 0.154497 -80.66964 3.751888 -2.65068 -6.558702 0.690108 1.60245 -1.000002 0.0 -0.0 
0.0 0.0 0.0 0.0 -0.0 0.0 0.015357 99.7286 -0.230614 88.708961 2.793678 71.983826 -3.03891 -2.540614 -0.274066 -12.318231 -2.155274 -2.228466 24.778339 -0.409202 -4.450068 24.245251 5.592444 1.975214 -2.464263 -0.908246 -10.064776 -31.341122 -0.819646 -12.850592 6e-06 0.0 0.0 -0.040762 0.017154 -0.058322 0.098691 0.053573 -0.01158 0.037833 -0.015149 -0.130545 7.589814 -78.029869 7.239197 111.023758 -20.051231 -68.572868 31.742313 -0.751523 1.189105 -16.618992 8.1158 -88.589615 17.636625 -26.322729 52.411201 -19.46665 -14.395597 29.410381 -1e-06 -8.77482 -1e-06 13.408977 -17.035582 7.925111 -0.609778 -1.795652 -3.889328 -4.807093 -11.046809 -2.937848 2e-06 -20.976011 -1e-06 -5.019971 -25.033552 -4.031884 8e-06 -2e-06 1e-06 -10.634534 -5.686968 -3.565587 10.573272 -17.922947 -3.113899 3e-06 -13.821204 1e-06 -0.501783 -31.181498 -4.027013 -11.082454 -58.725155 6.668516 -13.982713 -7.150196 -2.875041 13.77273 -8.401488 -3.21824 0.347732 -34.211544 0.771655 -0.96303 -17.73337 2.621018 -3e-06 0.0 -1e-06 -17.34642 -20.095217 -4.201779 21.757557 -1.638373 3.866428 2e-06 -6.338822 0.0 -1.697592 -22.591743 -6.194005 -1e-06 -2e-06 -2e-06 -139.726181 -87.777367 -24.946589 82.916786 -21.974588 -106.546181 21.199814 0.225388 -0.041559 2.235359 4.995116 -60.191124 22.1821 -20.375875 49.933308 -16.701815 -16.743526 28.47653 -4e-06 -12.6906 1e-06 14.564129 -16.453459 3.50335 -0.105916 -1.513857 -4.27588 -5.039045 -5.612871 -2.953556 6e-06 -11.020519 -4e-06 -6.111295 -15.89533 -3.840472 1e-06 -1e-06 1e-06 -10.283367 -5.680286 -4.341836 11.028292 -11.302402 -2.372634 -1.384264 -14.238579 -6.320121 -0.625439 -26.924183 -3.827602 -4.413651 -47.226242 -2.674968 -13.708522 -7.363474 -3.720937 18.14115 -14.052738 -3.242678 7e-06 -18.787266 -5e-06 -0.429708 -8.456039 2.555501 2e-06 -2e-06 1e-06 -15.92353 -20.094479 -5.473584 30.41921 -7.190823 1.735922 3e-06 -8.162921 -2e-06 -1.8619 -22.861464 -6.167942 -0.0 -3e-06 -1e-06 -174.800476 -2.213923 -22.018051 11.698125 -0.043097 -0.063687 -81.850578 -6.290443 -5.302492 -5.33371 1.440153 2.12961 -1.0 0.0 0.0 -2.288156 -1.941059 -5.32854 17.022829 0.100534 0.161965 -80.626129 4.204052 -2.566058 -6.456336 0.704259 1.600228 -1.000002 0.0 0.0 
0.0 0.0 0.0 0.0 -0.0 0.0 -0.052429 99.727249 -0.178823 88.677528 2.697755 71.442543 -3.053043 -2.505026 -0.283359 -12.369478 -2.102917 -2.137842 24.790882 -0.407523 -4.348081 24.583063 5.494081 1.979375 -2.440522 -0.9556 -10.007478 -31.244858 -0.79675 -12.820379 6e-06 0.0 0.0 -0.035271 0.016335 -0.065567 0.092899 0.046618 -0.021041 0.037124 -0.009496 -0.13726 5.375198 -78.412086 9.46874 110.753899 -21.178537 -68.173508 33.814423 -0.803436 1.085135 -15.852644 8.440741 -86.804672 17.636639 -26.322737 52.411198 -19.466658 -14.3956 29.410385 -1e-06 -8.774819 -2e-06 13.390601 -17.121107 8.046419 -0.609773 -1.795653 -3.889329 -4.807088 -11.046811 -2.93785 4e-06 -20.976019 1e-06 -5.01997 -25.03356 -4.031881 5e-06 1e-06 -0.0 -10.634531 -5.686971 -3.565589 10.573274 -17.922951 -3.113899 3e-06 -13.821208 1e-06 -0.501777 -31.181505 -4.027013 -11.428762 -59.089031 7.019745 -13.982711 -7.150197 -2.875044 13.772729 -8.40149 -3.21824 0.347734 -34.211552 0.771657 -0.963028 -17.733366 2.621018 -1e-06 0.0 -1e-06 -17.34642 -20.095221 -4.201784 21.757561 -1.638376 3.866431 3e-06 -6.338824 0.0 -1.697592 -22.591747 -6.194003 -0.0 -3e-06 -3e-06 -136.194641 -87.960678 -28.455956 82.903381 -22.374178 -105.72477 22.05854 0.112737 -0.063686 2.294718 5.153828 -59.937813 22.182127 -20.375906 49.933331 -16.701813 -16.743532 28.476536 -4e-06 -12.690601 -1e-06 14.581756 -16.511288 3.480002 -0.105919 -1.513856 -4.275883 -5.039044 -5.612873 -2.953557 6e-06 -11.020523 -1e-06 -6.111296 -15.895334 -3.840472 1e-06 0.0 -0.0 -10.283372 -5.68029 -4.341841 11.028293 -11.302407 -2.372631 -1.384267 -14.238585 -6.320122 -0.625438 -26.924196 -3.827603 -4.399099 -47.22942 -2.736961 -13.708524 -7.363475 -3.720943 18.141148 -14.052743 -3.242674 3e-06 -18.787271 -0.0 -0.429711 -8.456045 2.555504 1e-06 -2e-06 1e-06 -15.923536 -20.094486 -5.473588 30.419222 -7.190831 1.735928 3e-06 -8.162927 -0.0 -1.861902 -22.861475 -6.167942 -0.0 -4e-06 -1e-06 -174.701126 -2.230562 -22.272598 11.552002 -0.032873 -0.071605 -81.853004 -6.433656 -5.492352 -5.244991 1.416055 2.126614 -1.0 1e-06 0.0 -2.425017 -1.841293 -5.067427 17.057709 0.091718 0.152955 -80.613899 4.538496 -2.498338 -6.345865 0.695528 1.597305 -1.000002 0.0 0.0 
0.0 0.0 0.0 0.0 -0.0 0.0 -0.103613 99.722862 -0.116746 88.64621 2.668608 71.013824 -3.043055 -2.454965 -0.308695 -12.407456 -2.056792 -2.058748 24.771435 -0.422652 -4.264365 24.919279 5.390731 2.004536 -2.437806 -0.971769 -9.948461 -31.159716 -0.791918 -12.726345 6e-06 0.0 0.0 -0.029595 0.015436 -0.065452 0.070342 0.042959 -0.025188 0.024245 -0.007702 -0.134653 3.657047 -78.719376 11.227727 110.606026 -22.159416 -67.912201 35.584538 -0.775661 0.876646 -15.042908 8.842353 -85.004944 17.636627 -26.322725 52.411194 -19.466663 -14.395598 29.410389 -0.0 -8.774822 -1e-06 13.452759 -17.217146 8.108021 -0.609774 -1.795653 -3.889328 -4.807092 -11.046813 -2.937852 3e-06 -20.976019 -3e-06 -5.019969 -25.03356 -4.031887 6e-06 -2e-06 0.0 -10.634533 -5.686972 -3.565588 10.573272 -17.922947 -3.113903 0.0 -13.821206 -1e-06 -0.501779 -31.181505 -4.02702 -11.736241 -59.473331 7.348306 -13.982714 -7.1502 -2.875042 13.772729 -8.401491 -3.218242 0.347733 -34.211555 0.77165 -0.96303 -17.733368 2.621014 -1e-06 0.0 -1e-06 -17.34642 -20.095221 -4.201783 21.757563 -1.638373 3.866429 2e-06 -6.338823 -1e-06 -1.697593 -22.591747 -6.194008 2e-06 -4e-06 -2e-06 -133.942825 -88.058006 -30.721235 82.855164 -22.659216 -105.116966 22.766859 0.083325 -0.066699 2.287789 5.393599 -59.55048 22.182114 -20.375898 49.933323 -16.701817 -16.74353 28.476534 -4e-06 -12.690603 -1e-06 14.569283 -16.536045 3.485088 -0.10592 -1.513856 -4.275881 -5.039041 -5.612871 -2.953557 5e-06 -11.020524 -1e-06 -6.111297 -15.895334 -3.840471 -0.0 0.0 1e-06 -10.283368 -5.680289 -4.341839 11.028296 -11.302407 -2.372635 -1.384267 -14.238585 -6.320121 -0.625437 -26.924196 -3.827603 -4.409419 -47.194801 -2.754848 -13.708525 -7.363476 -3.72094 18.141151 -14.05274 -3.242675 6e-06 -18.78727 -2e-06 -0.429709 -8.456043 2.555505 2e-06 -2e-06 1e-06 -15.923536 -20.094484 -5.473584 30.419218 -7.190827 1.735926 1e-06 -8.162926 -1e-06 -1.8619 -22.861469 -6.167942 -0.0 -3e-06 -1e-06 -174.52449 -2.216371 -22.472828 11.362948 -0.019491 -0.073044 -81.837952 -6.582136 -5.664338 -5.189306 1.401355 2.125206 -0.999999 0.0 -0.0 -2.471593 -1.770996 -4.808692 17.090637 0.086514 0.142423 -80.625114 4.766961 -2.430136 -6.243063 0.678892 1.596216 -1.000002 -0.0 -0.0 
0.0 0.0 0.0 0.0 -0.0 0.0 -0.144461 99.718559 -0.053896 88.613426 2.695136 70.678467 -3.03684 -2.400674 -0.339511 -12.430847 -2.027344 -2.008588 24.753675 -0.43188 -4.184803 25.192348 5.275824 2.044335 -2.453933 -0.954255 -9.917231 -31.024734 -0.805527 -12.539307 6e-06 0.0 1e-06 -0.027824 0.014798 -0.061977 0.044692 0.044843 -0.024889 0.007171 -0.011112 -0.129358 2.456451 -78.986275 12.471533 110.474586 -22.927006 -67.691139 36.900459 -0.691962 0.679265 -14.514229 9.20149 -83.659233 17.636627 -26.322721 52.411171 -19.466656 -14.395594 29.410378 -0.0 -8.774819 -2e-06 13.543059 -17.306046 8.094164 -0.609775 -1.795654 -3.889325 -4.80709 -11.046809 -2.937849 3e-06 -20.976013 0.0 -5.01997 -25.033552 -4.03188 6e-06 -1e-06 1e-06 -10.634533 -5.686969 -3.565585 10.573268 -17.922945 -3.113898 2e-06 -13.821203 0.0 -0.501782 -31.181494 -4.027012 -11.906958 -59.754662 7.523641 -13.982714 -7.150199 -2.875039 13.772727 -8.401489 -3.21824 0.347734 -34.211544 0.771654 -0.963031 -17.733364 2.621016 -0.0 2e-06 -1e-06 -17.346418 -20.095215 -4.201779 21.757555 -1.638374 3.866428 2e-06 -6.338823 0.0 -1.69759 -22.591743 -6.194004 0.0 -3e-06 -2e-06 -132.425156 -88.129883 -32.240353 82.771881 -22.775478 -104.717239 23.255236 0.089125 -0.060538 2.213132 5.564457 -59.08313 22.18211 -20.375889 49.933296 -16.701809 -16.743525 28.476521 -4e-06 -12.690596 -1e-06 14.535393 -16.565386 3.508274 -0.105917 -1.513854 -4.275881 -5.039042 -5.612872 -2.953555 4e-06 -11.02052 -1e-06 -6.111295 -15.89533 -3.840469 -0.0 -0.0 -0.0 -10.283369 -5.680288 -4.341837 11.028291 -11.302405 -2.372631 -1.384268 -14.23858 -6.320118 -0.625439 -26.924187 -3.8276 -4.429257 -47.165768 -2.747552 -13.708521 -7.363474 -3.720938 18.141148 -14.052738 -3.242675 2e-06 -18.787268 -3e-06 -0.429712 -8.456045 2.555506 2e-06 -0.0 -1e-06 -15.923532 -20.094482 -5.473582 30.419205 -7.190824 1.735926 1e-06 -8.162925 -1e-06 -1.8619 -22.861469 -6.167941 1e-06 -3e-06 0.0 -174.274002 -2.173707 -22.656807 11.106576 -0.010664 -0.077466 -81.786697 -6.726191 -5.79622 -5.163071 1.388949 2.125529 -0.999999 1e-06 0.0 -2.437822 -1.720233 -4.56567 17.102646 0.080144 0.140545 -80.642181 4.901573 -2.367728 -6.165045 0.665126 1.597521 -1.000001 -0.0 -0.0 
0.0 0.0 0.0 0.0 -0.0 0.0 -0.186012 99.715492 0.005728 88.574387 2.758933 70.444992 -3.044509 -2.346195 -0.358643 -12.454218 -2.00809 -1.981235 24.756063 -0.427148 -4.126644 25.385996 5.156219 2.07794 -2.474699 -0.900296 -9.851933 -30.862316 -0.850841 -12.293632 6e-06 -0.0 1e-06 -0.025756 0.015102 -0.052989 0.022171 0.048674 -0.018442 -0.00865 -0.014614 -0.118558 1.555137 -79.170563 13.428047 110.357536 -23.486189 -67.486473 37.841724 -0.617414 0.563526 -14.307199 9.469425 -82.716759 17.636633 -26.322733 52.411182 -19.466652 -14.395597 29.410378 -1e-06 -8.774821 -3e-06 13.648497 -17.387911 8.052987 -0.609773 -1.795651 -3.889327 -4.807088 -11.046807 -2.937849 1e-06 -20.976011 3e-06 -5.019974 -25.033552 -4.031876 5e-06 -0.0 0.0 -10.634533 -5.686969 -3.565585 10.573274 -17.922947 -3.113898 2e-06 -13.821205 4e-06 -0.501784 -31.181498 -4.027007 -11.969836 -59.910698 7.605947 -13.98271 -7.150196 -2.875041 13.772731 -8.401491 -3.218239 0.347731 -34.211544 0.771661 -0.963032 -17.733364 2.621019 -1e-06 1e-06 0.0 -17.346413 -20.095211 -4.20178 21.757557 -1.638375 3.866427 1e-06 -6.338824 1e-06 -1.697594 -22.591742 -6.194002 0.0 -4e-06 -1e-06 -131.466553 -88.182419 -33.183567 82.646957 -22.768625 -104.508354 23.536949 0.094862 -0.023117 2.097406 5.653856 -58.5583 22.182116 -20.375891 49.933311 -16.701818 -16.743528 28.476532 -4e-06 -12.690603 -0.0 14.487405 -16.58349 3.526509 -0.105921 -1.513857 -4.275882 -5.039045 -5.612874 -2.953557 5e-06 -11.020527 -2e-06 -6.111298 -15.895336 -3.840472 -0.0 -0.0 1e-06 -10.283371 -5.680291 -4.341839 11.028296 -11.302406 -2.372633 -1.384266 -14.238585 -6.320124 -0.625434 -26.924194 -3.827606 -4.437112 -47.134094 -2.756589 -13.708528 -7.363479 -3.72094 18.141157 -14.052741 -3.242678 4e-06 -18.787271 -3e-06 -0.429712 -8.456046 2.555505 1e-06 -1e-06 -0.0 -15.923536 -20.094484 -5.473585 30.419214 -7.190825 1.735926 2e-06 -8.162927 -1e-06 -1.861902 -22.861471 -6.167942 1e-06 -4e-06 -1e-06 -173.984879 -2.128892 -22.805691 10.819515 -0.004787 -0.082713 -81.713921 -6.811137 -5.892775 -5.174942 1.380586 2.127267 -1.0 0.0 0.0 -2.332261 -1.675605 -4.401917 17.078089 0.06742 0.148635 -80.655205 4.993877 -2.30595 -6.125784 0.65554 1.598914 -1.000003 -1e-06 0.0 
0.0 0.0 0.0 0.0 -0.0 0.0 -0.234439 99.712547 0.070663 88.530861 2.834616 70.290596 -3.065443 -2.294296 -0.35688 -12.47464 -1.993143 -1.967462 24.752323 -0.397778 -4.094868 25.529947 5.050848 2.093967 -2.486171 -0.838357 -9.773823 -30.731405 -0.919658 -12.04822 5e-06 -0.0 2e-06 -0.019803 0.015706 -0.042344 0.016757 0.05288 -0.008798 -0.01098 -0.017753 -0.107123 0.86462 -79.266113 14.188315 110.250153 -23.864273 -67.248291 38.483379 -0.554584 0.499022 -14.345814 9.643392 -81.99189 17.636635 -26.322729 52.411201 -19.46666 -14.395594 29.410389 -2e-06 -8.774821 -3e-06 13.717784 -17.453165 8.040561 -0.609773 -1.795653 -3.889329 -4.807091 -11.04681 -2.93785 5e-06 -20.976015 -2e-06 -5.019969 -25.033556 -4.031881 6e-06 -0.0 0.0 -10.634533 -5.68697 -3.565588 10.573276 -17.922947 -3.113903 3e-06 -13.821206 0.0 -0.501775 -31.181501 -4.027017 -12.019634 -59.988956 7.665388 -13.982712 -7.150198 -2.875043 13.772728 -8.401489 -3.218239 0.347737 -34.211544 0.771651 -0.963028 -17.733362 2.621017 -1e-06 0.0 -1e-06 -17.346416 -20.095213 -4.201784 21.757557 -1.638375 3.86643 2e-06 -6.338823 1e-06 -1.697591 -22.591745 -6.194005 -0.0 -2e-06 -1e-06 -130.333038 -88.229218 -34.302448 82.471848 -22.70891 -104.415131 23.68503 0.09256 0.033899 1.910199 5.664525 -58.015907 22.182112 -20.375898 49.93335 -16.701815 -16.743528 28.47654 -4e-06 -12.690598 -1e-06 14.407951 -16.573059 3.556784 -0.105921 -1.513857 -4.275883 -5.039042 -5.612872 -2.953558 5e-06 -11.020523 -2e-06 -6.111293 -15.89533 -3.840475 -0.0 -1e-06 0.0 -10.283371 -5.680286 -4.341842 11.028289 -11.302406 -2.372632 -1.384267 -14.238581 -6.320124 -0.625438 -26.924191 -3.827602 -4.436955 -47.072044 -2.765154 -13.708524 -7.363475 -3.720943 18.14115 -14.052739 -3.242675 5e-06 -18.787266 -3e-06 -0.429711 -8.456043 2.555504 1e-06 -1e-06 -0.0 -15.923532 -20.094482 -5.47359 30.419207 -7.190826 1.735926 3e-06 -8.162924 -1e-06 -1.8619 -22.861467 -6.167943 1e-06 -1e-06 -0.0 -173.690887 -2.091545 -22.884007 10.533924 -7.9e-05 -0.086395 -81.640068 -6.870604 -5.9616 -5.218333 1.386572 2.133322 -0.999999 1e-06 0.0 -2.184063 -1.632061 -4.305572 17.029198 0.056173 0.16296 -80.671906 5.061515 -2.212141 -6.116586 0.643184 1.599574 -1.000002 1e-06 0.0 
0.0 0.0 0.0 0.0 -0.0 0.0 -0.28431 99.711563 0.141051 88.490005 2.907216 70.209122 -3.103559 -2.245947 -0.346011 -12.498381 -1.978032 -1.952332 24.748068 -0.349496 -4.085329 25.649754 4.981995 2.111658 -2.487422 -0.799953 -9.728883 -30.631241 -0.97483 -11.855335 6e-06 -0.0 2e-06 -0.014388 0.016219 -0.040938 0.016337 0.05423 -0.008118 -0.011466 -0.018028 -0.104838 0.392044 -79.295807 14.731287 110.139519 -24.136261 -67.006462 38.964024 -0.504319 0.474301 -14.465531 9.737645 -81.172562 17.636633 -26.322741 52.411213 -19.466669 -14.395602 29.410402 -1e-06 -8.774823 -2e-06 13.778215 -17.529446 8.046536 -0.609777 -1.795652 -3.889329 -4.80709 -11.046815 -2.937852 6e-06 -20.976021 -2e-06 -5.019968 -25.033566 -4.031884 6e-06 2e-06 1e-06 -10.63454 -5.686975 -3.565589 10.573278 -17.922955 -3.113904 2e-06 -13.821213 0.0 -0.501775 -31.181511 -4.02702 -12.048507 -60.008034 7.715314 -13.982716 -7.1502 -2.875044 13.772732 -8.401495 -3.218243 0.347736 -34.211559 0.771649 -0.96303 -17.733372 2.621017 -0.0 2e-06 0.0 -17.34642 -20.095224 -4.201785 21.757566 -1.638376 3.866429 0.0 -6.338825 1e-06 -1.697587 -22.591753 -6.194011 -1e-06 -3e-06 -3e-06 -129.269302 -88.300613 -35.361145 82.251144 -22.645983 -104.288445 23.732454 0.088532 0.097214 1.720044 5.621359 -57.602444 22.182112 -20.375904 49.933346 -16.701817 -16.743532 28.476543 -4e-06 -12.6906 -1e-06 14.352303 -16.547565 3.579862 -0.105918 -1.513855 -4.275883 -5.039043 -5.612873 -2.953559 5e-06 -11.020525 -2e-06 -6.111296 -15.895338 -3.840472 1e-06 0.0 -1e-06 -10.283371 -5.680291 -4.341841 11.028292 -11.302409 -2.372632 -1.384266 -14.238585 -6.320123 -0.62544 -26.924198 -3.827603 -4.412543 -47.033501 -2.792622 -13.708524 -7.363475 -3.72094 18.141151 -14.052742 -3.242676 5e-06 -18.787271 -3e-06 -0.429713 -8.456045 2.555505 2e-06 0.0 0.0 -15.923532 -20.094486 -5.473591 30.419214 -7.190827 1.735926 2e-06 -8.162928 -1e-06 -1.861899 -22.861479 -6.167943 -1e-06 -2e-06 -1e-06 -173.402298 -2.053551 -22.901922 10.232412 0.001464 -0.086059 -81.556732 -6.909928 -5.975822 -5.278303 1.399713 2.138557 -0.999999 1e-06 0.0 -2.011118 -1.590699 -4.244647 16.950449 0.047457 0.176805 -80.68644 5.097118 -2.12949 -6.142741 0.635483 1.599599 -1.000001 0.0 0.0 
0.0 0.0 0.0 0.0 -0.0 0.0 -0.330262 99.70919 0.214072 88.45639 2.968357 70.20269 -3.156755 -2.193066 -0.337756 -12.522692 -1.96945 -1.950817 24.744724 -0.293125 -4.079325 25.744104 4.963931 2.146217 -2.487678 -0.80816 -9.69721 -30.528667 -1.027521 -11.7499 6e-06 -0.0 3e-06 -0.013395 0.016386 -0.041148 0.012993 0.053646 -0.009388 -0.016317 -0.016991 -0.103423 0.088838 -79.290176 15.073203 110.041245 -24.365976 -66.840942 39.359631 -0.454412 0.47 -14.562245 9.795119 -80.174721 17.636631 -26.322739 52.411209 -19.466663 -14.395596 29.410395 0.0 -8.774821 -2e-06 13.813041 -17.599052 8.081601 -0.609776 -1.795652 -3.889326 -4.807091 -11.046813 -2.93785 4e-06 -20.976021 -1e-06 -5.019969 -25.033562 -4.031882 7e-06 -1e-06 -0.0 -10.634536 -5.686972 -3.565589 10.573275 -17.922951 -3.113902 3e-06 -13.821211 2e-06 -0.501779 -31.181505 -4.027016 -12.081542 -60.023163 7.760172 -13.982714 -7.150198 -2.875041 13.772729 -8.401493 -3.218242 0.347734 -34.211555 0.771655 -0.963029 -17.73337 2.621022 -0.0 1e-06 -1e-06 -17.346418 -20.095219 -4.201783 21.757559 -1.638375 3.866429 1e-06 -6.338823 2e-06 -1.69759 -22.591747 -6.194007 1e-06 -2e-06 -3e-06 -128.866486 -88.390755 -35.758881 81.991562 -22.58638 -104.080475 23.739981 0.086981 0.141823 1.556198 5.522207 -57.369129 22.182116 -20.375904 49.933342 -16.70182 -16.74353 28.476542 -5e-06 -12.690601 -0.0 14.31044 -16.517115 3.599917 -0.105918 -1.513857 -4.275885 -5.039042 -5.612875 -2.953558 7e-06 -11.020527 -2e-06 -6.111296 -15.895336 -3.840472 -0.0 0.0 -1e-06 -10.283369 -5.68029 -4.341843 11.028296 -11.302411 -2.372634 -1.384263 -14.238585 -6.320128 -0.625431 -26.924198 -3.827605 -4.385417 -46.993858 -2.814623 -13.708522 -7.363478 -3.720943 18.141153 -14.052744 -3.242676 7e-06 -18.787271 -4e-06 -0.429712 -8.456048 2.555507 1e-06 -1e-06 -1e-06 -15.923531 -20.09449 -5.47359 30.419214 -7.190831 1.735923 2e-06 -8.162929 0.0 -1.861897 -22.861473 -6.167944 1e-06 -2e-06 -2e-06 -173.166092 -2.030816 -22.884398 9.996514 0.002519 -0.078229 -81.498672 -6.92382 -5.96732 -5.311327 1.408066 2.140705 -0.999999 0.0 0.0 -1.845657 -1.551105 -4.184122 16.879841 0.040166 0.187463 -80.715584 5.06359 -2.085645 -6.163232 0.629525 1.599549 -1.000002 0.0 0.0 
0.0 0.0 0.0 0.0 -0.0 0.0 -0.372468 99.700089 0.288103 88.4431 3.018961 70.257484 -3.219332 -2.145261 -0.324978 -12.537586 -1.955934 -1.950232 24.722137 -0.233383 -4.071112 25.825851 4.986964 2.195224 -2.498389 -0.835394 -9.676996 -30.39484 -1.077701 -11.680048 6e-06 -0.0 0.0 -0.014481 0.01605 -0.042379 0.009223 0.054083 -0.011971 -0.021993 -0.018032 -0.102812 -0.105777 -79.266495 15.261888 109.957893 -24.603043 -66.796211 39.702763 -0.443296 0.470845 -14.640137 9.802619 -79.266457 17.636625 -26.322727 52.411182 -19.466656 -14.395597 29.410381 -1e-06 -8.774821 -3e-06 13.841682 -17.651747 8.123536 -0.609774 -1.795653 -3.889326 -4.807087 -11.046808 -2.93785 4e-06 -20.976015 2e-06 -5.019968 -25.033556 -4.031878 7e-06 -0.0 2e-06 -10.634527 -5.686968 -3.565587 10.573272 -17.922947 -3.113901 4e-06 -13.821209 2e-06 -0.501781 -31.181501 -4.02701 -12.124866 -60.042171 7.828777 -13.982712 -7.150195 -2.875041 13.772731 -8.40149 -3.218241 0.347732 -34.211544 0.771653 -0.963029 -17.733368 2.621021 -1e-06 1e-06 -1e-06 -17.346411 -20.095211 -4.201782 21.757555 -1.638377 3.866428 0.0 -6.338823 1e-06 -1.697588 -22.591742 -6.194004 0.0 -5e-06 -3e-06 -129.104477 -88.50721 -35.555305 81.699265 -22.609053 -103.782928 23.805977 0.065308 0.157786 1.355854 5.397298 -57.337074 22.182112 -20.375898 49.933319 -16.701815 -16.74353 28.476536 -3e-06 -12.690598 -1e-06 14.340999 -16.467422 3.589411 -0.105919 -1.513856 -4.275881 -5.03904 -5.612872 -2.953557 7e-06 -11.020524 -1e-06 -6.111293 -15.895332 -3.84047 -1e-06 -1e-06 0.0 -10.283366 -5.680286 -4.341839 11.028288 -11.302408 -2.372632 -1.384266 -14.238582 -6.320122 -0.625438 -26.924191 -3.8276 -4.371864 -46.96199 -2.818685 -13.708521 -7.363475 -3.720938 18.141148 -14.052739 -3.242674 6e-06 -18.78727 -4e-06 -0.42971 -8.456045 2.555504 1e-06 1e-06 -0.0 -15.923532 -20.094482 -5.473585 30.419207 -7.190826 1.735923 1e-06 -8.162927 -1e-06 -1.861901 -22.861473 -6.167942 2e-06 -3e-06 -2e-06 -173.013809 -2.019603 -22.826632 9.889176 0.00437 -0.067163 -81.497025 -6.917589 -5.953525 -5.321326 1.414293 2.141642 -1.0 0.0 0.0 -1.730347 -1.533392 -4.124903 16.891178 0.040271 0.187637 -80.792946 4.996167 -2.063025 -6.186033 0.630254 1.600446 -1.000001 0.0 0.0 
0.0 0.0 0.0 0.0 -0.0 0.0 -0.405731 99.686989 0.356895 88.454315 3.061836 70.371628 -3.291943 -2.107328 -0.305502 -12.535279 -1.938166 -1.953938 24.685314 -0.169837 -4.066803 25.88913 5.031831 2.235832 -2.518312 -0.855327 -9.659343 -30.244717 -1.125094 -11.614215 6e-06 -0.0 -0.0 -0.014389 0.015436 -0.041334 0.006814 0.055496 -0.011909 -0.025765 -0.020729 -0.100116 -0.156227 -79.220039 15.277117 109.883476 -24.821508 -66.836105 39.971836 -0.451676 0.514961 -14.77019 9.697645 -78.605064 17.636633 -26.322733 52.411201 -19.466665 -14.395604 29.410395 -1e-06 -8.774823 -1e-06 13.890862 -17.692064 8.141524 -0.609777 -1.795653 -3.889329 -4.807091 -11.046811 -2.93785 5e-06 -20.976019 -2e-06 -5.01997 -25.03356 -4.031881 6e-06 0.0 -1e-06 -10.634535 -5.686971 -3.56559 10.573277 -17.922955 -3.113901 5e-06 -13.821213 1e-06 -0.501779 -31.181511 -4.027014 -12.168034 -60.032768 7.892488 -13.982718 -7.1502 -2.875044 13.772736 -8.401493 -3.218241 0.347734 -34.211559 0.771654 -0.963031 -17.73337 2.62102 -1e-06 1e-06 -1e-06 -17.346426 -20.095221 -4.201783 21.757563 -1.638375 3.866429 0.0 -6.338824 2e-06 -1.697588 -22.591747 -6.194009 -3e-06 -2e-06 -3e-06 -130.195297 -88.647804 -34.511059 81.409737 -22.691366 -103.549805 23.931946 -0.005918 0.158001 1.17179 5.263263 -57.303581 22.182116 -20.375893 49.933319 -16.701813 -16.743526 28.476528 -4e-06 -12.690598 -3e-06 14.428548 -16.443352 3.558975 -0.105918 -1.513855 -4.275879 -5.039044 -5.612873 -2.953556 5e-06 -11.020523 -0.0 -6.111295 -15.895334 -3.84047 -0.0 -0.0 -0.0 -10.283368 -5.680288 -4.341838 11.028293 -11.302405 -2.37263 -1.384268 -14.23858 -6.32012 -0.625439 -26.924187 -3.8276 -4.393357 -47.00341 -2.784661 -13.708522 -7.363477 -3.720938 18.141146 -14.052739 -3.242673 4e-06 -18.787268 -4e-06 -0.429709 -8.456043 2.555504 -0.0 0.0 -1e-06 -15.923534 -20.094482 -5.473585 30.41921 -7.190825 1.735928 1e-06 -8.162925 -1e-06 -1.861901 -22.861467 -6.167942 -0.0 -2e-06 -2e-06 -172.928726 -2.006763 -22.765461 9.865922 0.005777 -0.056288 -81.526688 -6.880664 -5.937821 -5.317851 1.422509 2.145195 -0.999999 0.0 0.0 -1.66197 -1.541744 -4.073197 16.969429 0.041554 0.183281 -80.905914 4.901118 -2.062495 -6.214686 0.629729 1.600811 -1.000002 -0.0 0.0 
0.0 0.0 0.0 0.0 -0.0 0.0 -0.426262 99.67334 0.4154 88.481277 3.093097 70.524956 -3.367027 -2.07286 -0.292018 -12.526468 -1.919563 -1.949001 24.65066 -0.100951 -4.06509 25.920977 5.079964 2.228031 -2.54119 -0.848952 -9.619613 -30.090143 -1.17372 -11.542366 6e-06 -0.0 -3e-06 -0.013528 0.01533 -0.034474 0.005571 0.05443 -0.005447 -0.029007 -0.019864 -0.091919 -0.134684 -79.137001 15.196994 109.807571 -24.991356 -66.898193 40.1451 -0.475791 0.614476 -14.998053 9.480166 -78.278175 17.636637 -26.322731 52.411182 -19.46666 -14.395598 29.410381 -1e-06 -8.774821 -2e-06 13.951492 -17.719872 8.133051 -0.609777 -1.795655 -3.889327 -4.807086 -11.046807 -2.937849 6e-06 -20.976015 -0.0 -5.019969 -25.033556 -4.031878 7e-06 -2e-06 2e-06 -10.634535 -5.68697 -3.565587 10.573275 -17.922949 -3.113902 4e-06 -13.821209 3e-06 -0.501777 -31.181505 -4.027016 -12.174457 -59.965038 7.906056 -13.982715 -7.150198 -2.875041 13.772731 -8.40149 -3.218241 0.347735 -34.211552 0.771653 -0.963029 -17.73337 2.621022 -0.0 -0.0 -1e-06 -17.346416 -20.095217 -4.201782 21.757563 -1.638375 3.866428 0.0 -6.338825 2e-06 -1.697589 -22.591747 -6.194007 -2e-06 -1e-06 -5e-06 -131.797684 -88.802208 -32.912868 81.140366 -22.775415 -103.384186 24.098009 -0.118033 0.148337 1.039122 5.122215 -57.343422 22.182116 -20.375891 49.933315 -16.701811 -16.74353 28.476528 -3e-06 -12.690601 -2e-06 14.55014 -16.425634 3.53065 -0.10592 -1.513858 -4.275881 -5.039043 -5.612873 -2.953557 5e-06 -11.020523 -1e-06 -6.111296 -15.895332 -3.84047 1e-06 -1e-06 0.0 -10.28337 -5.680289 -4.34184 11.028291 -11.302405 -2.372632 -1.384268 -14.238583 -6.320122 -0.625442 -26.924191 -3.827604 -4.428936 -47.11533 -2.730314 -13.708524 -7.363479 -3.72094 18.14115 -14.052739 -3.242674 4e-06 -18.78727 -4e-06 -0.429712 -8.456047 2.555505 1e-06 1e-06 -1e-06 -15.923536 -20.094484 -5.473584 30.41921 -7.190824 1.735927 -1e-06 -8.162926 -2e-06 -1.861903 -22.861473 -6.167945 -0.0 -3e-06 -1e-06 -172.901245 -1.996728 -22.722963 9.903485 0.008422 -0.048842 -81.575279 -6.793717 -5.909609 -5.322218 1.436428 2.149296 -0.999998 0.0 0.0 -1.628654 -1.567767 -4.043101 17.074989 0.041551 0.183413 -81.027191 4.76885 -2.080738 -6.256755 0.630898 1.600874 -1.000003 1e-06 -0.0 
0.0 0.0 0.0 0.0 -0.0 0.0 -0.434641 99.656715 0.454355 88.511635 3.113888 70.705406 -3.431507 -2.037717 -0.279321 -12.519358 -1.902557 -1.946518 24.623425 -0.026344 -4.076344 25.917543 5.111942 2.170357 -2.554462 -0.820203 -9.541129 -29.964693 -1.230538 -11.444503 6e-06 -0.0 -2e-06 -0.013694 0.015778 -0.025026 0.003342 0.049033 0.003168 -0.034264 -0.013422 -0.08077 -0.059391 -79.015396 15.058921 109.719025 -25.1672 -67.017006 40.296982 -0.534323 0.718257 -15.274716 9.251731 -78.316628 17.63662 -26.322733 52.411201 -19.46666 -14.395598 29.410395 -0.0 -8.774822 -0.0 13.994774 -17.733255 8.127856 -0.609779 -1.795654 -3.889328 -4.807087 -11.046811 -2.93785 3e-06 -20.976019 -1e-06 -5.01997 -25.03356 -4.031882 7e-06 -1e-06 2e-06 -10.634531 -5.686972 -3.565588 10.573271 -17.922947 -3.113901 2e-06 -13.821209 2e-06 -0.501778 -31.181498 -4.02702 -12.152171 -59.884045 7.889729 -13.982712 -7.150198 -2.875043 13.772727 -8.40149 -3.218242 0.34773 -34.211555 0.771653 -0.96303 -17.73337 2.621018 -0.0 0.0 -1e-06 -17.346416 -20.095215 -4.20178 21.757559 -1.638373 3.866426 -1e-06 -6.338824 2e-06 -1.697591 -22.591747 -6.194007 -1e-06 -3e-06 -5e-06 -133.758423 -88.969025 -30.912872 80.917206 -22.875654 -103.311447 24.310129 -0.291375 0.147135 0.860674 4.986032 -57.342602 22.182116 -20.3759 49.933334 -16.701809 -16.74353 28.476534 -4e-06 -12.690601 -2e-06 14.668585 -16.417633 3.50858 -0.10592 -1.513856 -4.275884 -5.039043 -5.612873 -2.953558 5e-06 -11.020523 -1e-06 -6.111297 -15.895334 -3.840471 1e-06 0.0 0.0 -10.283373 -5.680289 -4.341843 11.028293 -11.302405 -2.37263 -1.384269 -14.23858 -6.320123 -0.625439 -26.924187 -3.827602 -4.461186 -47.263893 -2.683281 -13.708526 -7.363477 -3.720942 18.141148 -14.052736 -3.242672 3e-06 -18.787266 -2e-06 -0.429709 -8.456044 2.555508 -1e-06 -0.0 0.0 -15.923536 -20.094482 -5.47359 30.419214 -7.190826 1.735929 -0.0 -8.162925 0.0 -1.861903 -22.861469 -6.167943 0.0 -2e-06 -1e-06 -172.970383 -2.013417 -22.645037 10.092239 0.008399 -0.047885 -81.678177 -6.696788 -5.861013 -5.358275 1.448219 2.151117 -0.999998 0.0 0.0 -1.636317 -1.596904 -4.042572 17.216742 0.03566 0.18961 -81.153839 4.623241 -2.11898 -6.294344 0.639613 1.602015 -1.000003 -0.0 0.0 
0.0 0.0 0.0 0.0 -0.0 0.0 -0.436574 99.641815 0.48135 88.537132 3.130339 70.893761 -3.48634 -2.002752 -0.274986 -12.519159 -1.891471 -1.951393 24.611517 0.041745 -4.094099 25.890385 5.156051 2.105048 -2.559567 -0.803973 -9.443371 -29.897917 -1.295159 -11.330272 6e-06 0.0 -3e-06 -0.015497 0.016594 -0.01562 0.010052 0.044743 0.012559 -0.03323 -0.007065 -0.070774 0.047525 -78.9123 14.922664 109.634377 -25.30706 -67.232437 40.398056 -0.620823 0.796259 -15.467491 9.124658 -78.73764 17.636635 -26.322741 52.411201 -19.466658 -14.3956 29.410389 0.0 -8.774822 -1e-06 13.977745 -17.712719 8.130803 -0.609776 -1.795652 -3.889328 -4.807086 -11.046813 -2.937848 3e-06 -20.976021 1e-06 -5.019974 -25.033562 -4.031878 7e-06 -2e-06 1e-06 -10.634535 -5.68697 -3.565588 10.573275 -17.922951 -3.1139 4e-06 -13.821212 3e-06 -0.501781 -31.181505 -4.027014 -12.095134 -59.820736 7.85462 -13.982716 -7.1502 -2.875041 13.772733 -8.401493 -3.218242 0.34773 -34.211559 0.771657 -0.96303 -17.733372 2.621021 -1e-06 -0.0 -2e-06 -17.346422 -20.095219 -4.201778 21.757566 -1.638374 3.866428 -1e-06 -6.338824 2e-06 -1.697591 -22.591749 -6.194006 -1e-06 -2e-06 -4e-06 -134.891006 -89.118179 -29.699305 80.771339 -22.968382 -103.286743 24.551647 -0.439019 0.147757 0.619594 4.862434 -57.417885 22.182116 -20.375896 49.933331 -16.701818 -16.743532 28.47654 -3e-06 -12.690603 -0.0 14.726254 -16.413239 3.519704 -0.105917 -1.513855 -4.275883 -5.039045 -5.612874 -2.953558 3e-06 -11.020527 -1e-06 -6.111299 -15.895336 -3.840473 -0.0 0.0 1e-06 -10.283371 -5.68029 -4.341839 11.028299 -11.302406 -2.372635 -1.384269 -14.238585 -6.320125 -0.62544 -26.924196 -3.827607 -4.485208 -47.40044 -2.645318 -13.708529 -7.363481 -3.720939 18.141153 -14.052739 -3.242676 4e-06 -18.78727 -5e-06 -0.429712 -8.456045 2.555504 2e-06 -1e-06 -1e-06 -15.923539 -20.094496 -5.473588 30.419224 -7.190824 1.735924 -0.0 -8.162929 -1e-06 -1.861902 -22.861479 -6.167946 -2e-06 -1e-06 -2e-06 -173.066498 -2.037621 -22.543093 10.31086 0.00192 -0.046529 -81.78569 -6.605501 -5.8113 -5.424612 1.458606 2.151817 -0.999999 -0.0 -0.0 -1.645062 -1.616979 -4.039725 17.338882 0.026274 0.194206 -81.262367 4.471171 -2.139677 -6.328695 0.646496 1.601431 -1.000001 1e-06 0.0 
0.0 0.0 0.0 0.0 -0.0 0.0 -0.444062 99.636909 0.497806 88.565323 3.13615 71.1166 -3.533178 -1.970737 -0.290796 -12.532689 -1.878709 -1.965807 24.611 0.081662 -4.117648 25.834511 5.220987 2.044346 -2.55237 -0.813762 -9.298635 -29.886045 -1.352363 -11.261524 6e-06 -0.0 -0.0 -0.017966 0.017297 -0.009493 0.026402 0.043679 0.019884 -0.0235 -0.003952 -0.065898 0.222128 -78.864792 14.734836 109.559799 -25.426628 -67.49823 40.476982 -0.71636 0.83138 -15.537209 9.106143 -79.068703 17.636623 -26.322733 52.411194 -19.466663 -14.395596 29.410385 -1e-06 -8.77482 -1e-06 13.92489 -17.671007 8.138552 -0.609775 -1.795653 -3.889325 -4.80709 -11.046811 -2.93785 5e-06 -20.976013 -2e-06 -5.019968 -25.033554 -4.031882 7e-06 -1e-06 2e-06 -10.634535 -5.68697 -3.565585 10.573277 -17.922945 -3.113901 5e-06 -13.821205 3e-06 -0.501779 -31.181498 -4.027012 -12.020651 -59.763588 7.814245 -13.982714 -7.150197 -2.875041 13.772731 -8.401489 -3.218243 0.347734 -34.211544 0.771653 -0.963028 -17.733366 2.621019 -1e-06 1e-06 0.0 -17.346418 -20.095217 -4.201779 21.757555 -1.638375 3.866428 -0.0 -6.338821 2e-06 -1.69759 -22.59174 -6.194005 -1e-06 -1e-06 -2e-06 -135.990387 -89.273415 -28.498692 80.685104 -23.046062 -103.181747 24.774614 -0.512422 0.137142 0.415539 4.813706 -57.546654 22.182116 -20.375898 49.933327 -16.701815 -16.743528 28.476536 -4e-06 -12.690598 1e-06 14.680699 -16.404776 3.567959 -0.105918 -1.513857 -4.275882 -5.039042 -5.612872 -2.953558 6e-06 -11.020525 -2e-06 -6.111296 -15.895334 -3.840471 -0.0 0.0 -0.0 -10.283369 -5.680288 -4.34184 11.028293 -11.302406 -2.372633 -1.384268 -14.238582 -6.320123 -0.625436 -26.924191 -3.827604 -4.501218 -47.431206 -2.60305 -13.708527 -7.363476 -3.72094 18.141155 -14.052739 -3.242677 4e-06 -18.78727 -3e-06 -0.429711 -8.456045 2.555506 2e-06 1e-06 -1e-06 -15.923536 -20.094484 -5.473584 30.419218 -7.190827 1.735922 1e-06 -8.162927 -1e-06 -1.861898 -22.861473 -6.167946 1e-06 -1e-06 -0.0 -173.133652 -2.047634 -22.389029 10.409479 -0.005701 -0.042695 -81.826355 -6.518445 -5.77295 -5.466391 1.457728 2.149409 -0.999999 0.0 0.0 -1.624698 -1.625212 -4.06199 17.375513 0.012913 0.192245 -81.324783 4.296869 -2.143635 -6.333671 0.646966 1.600008 -1.000002 -1e-06 0.0 
0.0 0.0 0.0 0.0 -0.0 0.0 -0.452064 99.638634 0.522468 88.584061 3.146533 71.360367 -3.554391 -1.937416 -0.319436 -12.557055 -1.872874 -2.005469 24.603943 0.107216 -4.13347 25.770416 5.291647 2.016932 -2.541832 -0.837241 -9.160892 -29.947119 -1.420955 -11.265127 6e-06 -0.0 -2e-06 -0.02059 0.018272 0.002183 0.0384 0.047246 0.033326 -0.0151 -0.005093 -0.056622 0.393564 -78.869667 14.554172 109.502991 -25.537809 -67.686256 40.572025 -0.776692 0.804374 -15.593346 9.117029 -79.14566 17.636616 -26.322721 52.411179 -19.466646 -14.395594 29.410378 -1e-06 -8.774818 -1e-06 13.819231 -17.631359 8.162821 -0.609775 -1.795651 -3.889324 -4.80709 -11.046805 -2.937846 4e-06 -20.976006 -0.0 -5.019972 -25.033546 -4.031876 7e-06 -1e-06 2e-06 -10.634531 -5.686966 -3.565585 10.573268 -17.922943 -3.1139 2e-06 -13.821203 3e-06 -0.50178 -31.181484 -4.027013 -11.996627 -59.791813 7.757659 -13.982712 -7.150193 -2.87504 13.772726 -8.40149 -3.21824 0.347731 -34.211544 0.771655 -0.96303 -17.733366 2.621021 -1e-06 1e-06 0.0 -17.346411 -20.095205 -4.201777 21.757553 -1.638374 3.866428 -1e-06 -6.338821 2e-06 -1.697591 -22.591738 -6.194002 -0.0 -1e-06 -4e-06 -134.568436 -89.40554 -29.776766 80.616013 -23.087015 -103.004135 25.016317 -0.527149 0.097725 0.25134 4.80777 -57.630405 22.182106 -20.375891 49.933296 -16.701807 -16.743525 28.476517 -4e-06 -12.690598 -1e-06 14.594936 -16.432812 3.605703 -0.10592 -1.513854 -4.27588 -5.039038 -5.612871 -2.953555 5e-06 -11.02052 -0.0 -6.111296 -15.89533 -3.840468 -1e-06 -0.0 1e-06 -10.283367 -5.680285 -4.341837 11.028286 -11.302405 -2.372629 -1.384268 -14.238579 -6.32012 -0.625438 -26.924187 -3.827599 -4.524693 -47.404247 -2.554048 -13.70852 -7.363472 -3.720938 18.141142 -14.052737 -3.242671 3e-06 -18.787266 -1e-06 -0.42971 -8.45604 2.555506 2e-06 -1e-06 -1e-06 -15.92353 -20.094481 -5.473583 30.419205 -7.190825 1.735927 2e-06 -8.162925 -0.0 -1.861901 -22.861469 -6.16794 -1e-06 -2e-06 -1e-06 -173.139221 -2.049103 -22.216072 10.392055 -0.005831 -0.031792 -81.816597 -6.457353 -5.759729 -5.467076 1.445181 2.144404 -0.999999 1e-06 0.0 -1.546955 -1.621868 -4.066307 17.328463 0.00613 0.184675 -81.353409 4.114417 -2.144242 -6.296277 0.640966 1.599407 -1.000001 -0.0 -0.0 
0.0 0.0 0.0 0.0 -0.0 0.0 -0.470206 99.639862 0.553645 88.597977 3.175127 71.624359 -3.566625 -1.910297 -0.337269 -12.576962 -1.869181 -2.056182 24.59465 0.123362 -4.145225 25.691381 5.347814 2.034402 -2.534178 -0.846447 -9.11387 -30.016613 -1.487461 -11.302711 6e-06 -0.0 -1e-06 -0.023017 0.018956 0.004505 0.037988 0.05159 0.035222 -0.015324 -0.007892 -0.054429 0.658484 -78.87854 14.2651 109.423119 -25.678022 -67.575401 40.705502 -0.74723 0.736519 -15.712652 9.052893 -79.139496 17.636625 -26.322721 52.411179 -19.466663 -14.395594 29.410385 -1e-06 -8.77482 -1e-06 13.699107 -17.612421 8.192003 -0.609777 -1.795654 -3.889327 -4.807086 -11.04681 -2.937851 7e-06 -20.976015 -5e-06 -5.019967 -25.03356 -4.03188 8e-06 -1e-06 -1e-06 -10.634531 -5.68697 -3.565587 10.573272 -17.922951 -3.113902 5e-06 -13.82121 1e-06 -0.501774 -31.181505 -4.027019 -12.00687 -59.852547 7.710289 -13.982711 -7.150198 -2.875041 13.77273 -8.401494 -3.218242 0.347738 -34.211555 0.771649 -0.963026 -17.733368 2.621021 -1e-06 1e-06 -1e-06 -17.346413 -20.095215 -4.201781 21.757555 -1.638375 3.866427 1e-06 -6.338822 1e-06 -1.697586 -22.591743 -6.194008 -3e-06 -2e-06 -4e-06 -134.58577 -89.540726 -29.658831 80.558029 -23.155439 -102.694954 25.207241 -0.526527 0.045362 0.119864 4.818119 -57.853527 22.182121 -20.3759 49.933315 -16.701811 -16.743528 28.476524 -6e-06 -12.690598 -0.0 14.54581 -16.490858 3.594959 -0.105919 -1.513855 -4.275881 -5.039041 -5.612873 -2.953557 6e-06 -11.020525 -0.0 -6.111298 -15.895334 -3.840468 -0.0 -0.0 -0.0 -10.283367 -5.680287 -4.341838 11.028294 -11.302406 -2.37263 -1.384267 -14.238581 -6.32012 -0.625439 -26.924191 -3.827601 -4.538517 -47.385799 -2.527907 -13.70852 -7.363475 -3.720941 18.141148 -14.05274 -3.242672 6e-06 -18.78727 -3e-06 -0.42971 -8.456043 2.555504 -0.0 -1e-06 -1e-06 -15.923534 -20.094482 -5.473586 30.41921 -7.190829 1.735927 4e-06 -8.162925 -1e-06 -1.861904 -22.861471 -6.16794 2e-06 -3e-06 -1e-06 -173.105133 -2.053952 -22.063416 10.34307 -0.004061 -0.026585 -81.794975 -6.372335 -5.737541 -5.4878 1.424873 2.137815 -0.999999 0.0 0.0 -1.432511 -1.621934 -4.111539 17.268837 0.007078 0.179505 -81.385246 3.966985 -2.150766 -6.260575 0.638837 1.601264 -1.000004 1e-06 0.0 
0.0 0.0 0.0 0.0 -0.0 0.0 -0.491523 99.636253 0.585761 88.609947 3.203855 71.852608 -3.592461 -1.881557 -0.33894 -12.587815 -1.862823 -2.067074 24.589249 0.143824 -4.167505 25.584536 5.39151 2.031976 -2.537865 -0.841511 -9.111058 -30.076159 -1.547253 -11.31301 6e-06 -0.0 -2e-06 -0.022952 0.019315 -0.003526 0.032013 0.053649 0.025744 -0.019499 -0.00928 -0.061315 0.795061 -78.886292 14.097405 109.313416 -25.793892 -67.199722 40.80122 -0.713706 0.72756 -15.853065 8.879204 -79.005173 17.636641 -26.322737 52.411205 -19.46666 -14.3956 29.410389 0.0 -8.774822 -3e-06 13.670814 -17.624277 8.218824 -0.609778 -1.795655 -3.889328 -4.807092 -11.046809 -2.93785 4e-06 -20.976017 -1e-06 -5.019972 -25.033558 -4.031882 7e-06 0.0 1e-06 -10.634538 -5.686974 -3.565588 10.573274 -17.922949 -3.113899 3e-06 -13.82121 3e-06 -0.50178 -31.181505 -4.027016 -12.019733 -59.855709 7.729259 -13.982718 -7.150198 -2.875043 13.772731 -8.401491 -3.21824 0.347735 -34.211555 0.771653 -0.96303 -17.73337 2.621022 -1e-06 -0.0 0.0 -17.346422 -20.095219 -4.201784 21.757563 -1.638376 3.866431 -1e-06 -6.338824 1e-06 -1.697587 -22.591745 -6.194007 -1e-06 -1e-06 -5e-06 -144.248489 -89.692261 -19.924068 80.521576 -23.226696 -102.279869 25.302334 -0.545455 -0.002329 0.058188 4.828149 -58.178017 22.182117 -20.37591 49.93335 -16.701817 -16.74353 28.476545 -4e-06 -12.690603 -0.0 14.517255 -16.516989 3.586695 -0.105918 -1.513857 -4.275886 -5.039045 -5.612874 -2.95356 3e-06 -11.020527 -2e-06 -6.111298 -15.895338 -3.840474 -1e-06 -0.0 -0.0 -10.283374 -5.680292 -4.341843 11.028295 -11.302406 -2.372632 -1.384268 -14.238584 -6.320126 -0.625438 -26.924196 -3.827604 -4.510665 -47.387997 -2.560591 -13.708527 -7.363479 -3.720944 18.141151 -14.052741 -3.242674 3e-06 -18.787271 -2e-06 -0.42971 -8.456047 2.555507 1e-06 0.0 -1e-06 -15.923539 -20.09449 -5.473589 30.419222 -7.190827 1.735926 3e-06 -8.162925 -0.0 -1.861899 -22.861469 -6.167944 -0.0 -4e-06 -1e-06 -173.094315 -2.07098 -21.968014 10.363122 -0.009006 -0.024755 -81.809364 -6.242985 -5.702172 -5.514164 1.408125 2.131869 -0.999999 1e-06 0.0 -1.342326 -1.628526 -4.181577 17.254299 0.012383 0.171675 -81.435562 3.824357 -2.18365 -6.26402 0.640007 1.603223 -1.000002 0.0 0.0 
0.0 0.0 0.0 0.0 -0.0 0.0 -0.509203 99.627281 0.612644 88.614151 3.238751 72.059479 -3.619795 -1.849969 -0.325729 -12.597281 -1.858542 -2.052107 24.586742 0.169743 -4.199768 25.483307 5.433248 2.025135 -2.542102 -0.818437 -9.14426 -30.175196 -1.607355 -11.284391 6e-06 -0.0 -4e-06 -0.018324 0.01852 -0.014774 0.027164 0.053164 0.013149 -0.021394 -0.010568 -0.071289 0.764927 -78.873886 14.126362 109.190918 -25.905453 -66.656776 40.929192 -0.650643 0.738212 -15.998047 8.62665 -78.856842 17.636621 -26.322725 52.411194 -19.46666 -14.395594 29.410389 -0.0 -8.77482 -1e-06 13.699999 -17.663872 8.234988 -0.609777 -1.795655 -3.889328 -4.807087 -11.04681 -2.937849 5e-06 -20.976015 -1e-06 -5.019969 -25.033554 -4.031878 7e-06 -2e-06 1e-06 -10.634528 -5.68697 -3.565587 10.573271 -17.922947 -3.113902 3e-06 -13.821209 2e-06 -0.501777 -31.181505 -4.027016 -12.055667 -59.820389 7.78843 -13.982708 -7.150197 -2.875042 13.772725 -8.401489 -3.21824 0.347733 -34.211544 0.771656 -0.963029 -17.73337 2.621021 -2e-06 1e-06 1e-06 -17.346413 -20.095215 -4.201782 21.757555 -1.638377 3.866428 -0.0 -6.338823 1e-06 -1.697587 -22.591742 -6.194005 -2e-06 -3e-06 -3e-06 -166.282166 -89.803169 2.143561 80.451927 -23.316771 -101.878036 25.339647 -0.609196 -0.031856 0.008853 4.849689 -58.446693 22.182119 -20.375896 49.933338 -16.701817 -16.743528 28.47654 -5e-06 -12.690601 1e-06 14.502368 -16.495268 3.581021 -0.105917 -1.513856 -4.275885 -5.039042 -5.612874 -2.953557 5e-06 -11.020525 -2e-06 -6.111297 -15.895338 -3.840474 -0.0 -0.0 1e-06 -10.283369 -5.680288 -4.341839 11.028296 -11.302407 -2.372633 -1.384266 -14.238584 -6.320125 -0.625436 -26.924194 -3.827605 -4.480308 -47.372917 -2.621373 -13.708527 -7.363476 -3.720942 18.141157 -14.052743 -3.242678 8e-06 -18.787271 -5e-06 -0.429709 -8.456048 2.555507 -1e-06 0.0 -1e-06 -15.923532 -20.094486 -5.473588 30.419222 -7.190831 1.735925 0.0 -8.162926 -1e-06 -1.8619 -22.861473 -6.167941 1e-06 -3e-06 -1e-06 -173.123734 -2.109104 -21.882271 10.492094 -0.016523 -0.017362 -81.872749 -6.109377 -5.663404 -5.545756 1.406411 2.132174 -0.999999 0.0 0.0 -1.269838 -1.635886 -4.256012 17.28071 0.021139 0.159799 -81.500137 3.684854 -2.209937 -6.30469 0.632105 1.602763 -1.000001 1e-06 0.0 
0.0 0.0 0.0 0.0 -0.0 0.0 -0.528352 99.623062 0.635739 88.606575 3.279917 72.258949 -3.638016 -1.819144 -0.30819 -12.605228 -1.856292 -2.037518 24.586063 0.198803 -4.221351 25.400457 5.48955 2.028217 -2.540696 -0.796536 -9.206611 -30.318743 -1.672555 -11.276728 6e-06 -0.0 -2e-06 -0.013001 0.017569 -0.020787 0.018831 0.051863 0.005735 -0.0254 -0.011539 -0.075851 0.644856 -78.839035 14.277254 109.076607 -26.020597 -66.161873 41.165604 -0.608674 0.752118 -16.096682 8.394002 -78.924698 17.636631 -26.322729 52.411186 -19.466661 -14.395598 29.410389 0.0 -8.774822 -2e-06 13.754858 -17.703945 8.226214 -0.609776 -1.795655 -3.88933 -4.80709 -11.046813 -2.937848 3e-06 -20.976019 1e-06 -5.01997 -25.033562 -4.031881 7e-06 -1e-06 1e-06 -10.634537 -5.686972 -3.565588 10.573276 -17.922951 -3.113901 4e-06 -13.821211 2e-06 -0.501776 -31.181505 -4.027019 -12.068519 -59.785732 7.815627 -13.982716 -7.150198 -2.875041 13.772734 -8.401492 -3.218244 0.347734 -34.211559 0.771654 -0.963029 -17.733374 2.621021 -2e-06 2e-06 -1e-06 -17.346418 -20.095224 -4.201779 21.757557 -1.638374 3.866428 0.0 -6.338824 1e-06 -1.697587 -22.591745 -6.194007 -1e-06 -2e-06 -3e-06 164.015305 -89.829826 31.824549 80.342773 -23.430037 -101.570358 25.366346 -0.700059 -0.056417 -0.060624 4.833565 -58.639988 22.182116 -20.375891 49.933331 -16.701817 -16.743523 28.47654 -5e-06 -12.690601 -0.0 14.497371 -16.445381 3.561518 -0.105923 -1.513856 -4.275882 -5.039042 -5.612871 -2.953559 5e-06 -11.020524 -3e-06 -6.111295 -15.895334 -3.840475 -0.0 0.0 1e-06 -10.283372 -5.68029 -4.341841 11.028294 -11.302407 -2.372633 -1.384266 -14.238583 -6.320125 -0.625432 -26.924194 -3.827607 -4.47311 -47.340172 -2.680347 -13.708527 -7.363479 -3.720942 18.141151 -14.052742 -3.242676 7e-06 -18.78727 -5e-06 -0.429711 -8.456045 2.555503 -1e-06 -0.0 -0.0 -15.923534 -20.094486 -5.473588 30.419218 -7.190829 1.735926 1e-06 -8.162925 -1e-06 -1.861899 -22.861473 -6.167945 1e-06 -3e-06 -1e-06 -173.11499 -2.150276 -21.814608 10.557989 -0.018428 -0.008705 -81.9058 -5.967058 -5.616708 -5.566514 1.409736 2.134894 -0.999999 0.0 0.0 -1.161159 -1.629915 -4.339336 17.248117 0.02907 0.150215 -81.532082 3.56949 -2.225874 -6.324849 0.625115 1.60225 -1.000003 1e-06 0.0 
0.0 0.0 0.0 0.0 -0.0 0.0 -0.551371 99.618889 0.663771 88.594292 3.312178 72.448723 -3.656625 -1.788142 -0.28582 -12.610033 -1.855572 -2.02914 24.581032 0.22954 -4.231627 25.339325 5.556141 2.046857 -2.53572 -0.781762 -9.284839 -30.489613 -1.749987 -11.317406 6e-06 -0.0 -2e-06 -0.007439 0.017293 -0.021695 0.01135 0.052127 0.004246 -0.027919 -0.012796 -0.075867 0.519163 -78.819801 14.420292 108.955223 -26.166 -65.747879 41.504494 -0.590822 0.772872 -16.140446 8.213112 -79.075432 17.636629 -26.322721 52.411182 -19.466661 -14.395596 29.410389 0.0 -8.774822 -3e-06 13.852041 -17.757338 8.186663 -0.60978 -1.795657 -3.889327 -4.807086 -11.046809 -2.93785 5e-06 -20.976017 -1e-06 -5.019969 -25.03356 -4.031884 6e-06 -1e-06 -0.0 -10.634537 -5.686971 -3.565588 10.573275 -17.922949 -3.113904 2e-06 -13.821211 1e-06 -0.501778 -31.181505 -4.027019 -12.100245 -59.800793 7.845991 -13.982717 -7.150198 -2.875042 13.772729 -8.401495 -3.218243 0.347734 -34.211555 0.771651 -0.963029 -17.73337 2.621018 -1e-06 0.0 0.0 -17.346424 -20.095222 -4.201784 21.757559 -1.638373 3.86643 -0.0 -6.338823 2e-06 -1.697588 -22.591747 -6.194011 -3e-06 -3e-06 -2e-06 142.080414 -89.794418 53.719784 80.223541 -23.511761 -101.325119 25.40654 -0.803589 -0.077722 -0.139345 4.774173 -58.763493 22.182117 -20.375912 49.933342 -16.701817 -16.743532 28.476543 -4e-06 -12.690602 0.0 14.499384 -16.401352 3.543712 -0.10592 -1.513856 -4.275883 -5.039043 -5.612874 -2.953558 5e-06 -11.020527 -1e-06 -6.1113 -15.895338 -3.840472 -0.0 -0.0 2e-06 -10.283374 -5.68029 -4.341841 11.028296 -11.302407 -2.372632 -1.384267 -14.238583 -6.320124 -0.625439 -26.924194 -3.827604 -4.49633 -47.332119 -2.706413 -13.708527 -7.363478 -3.720942 18.141148 -14.052742 -3.242674 5e-06 -18.78727 -1e-06 -0.42971 -8.456047 2.555506 1e-06 -1e-06 1e-06 -15.923539 -20.094492 -5.473588 30.419218 -7.190829 1.735926 0.0 -8.162926 -1e-06 -1.8619 -22.861479 -6.167943 -0.0 -4e-06 -1e-06 -173.112793 -2.206376 -21.770714 10.635446 -0.014788 -0.007029 -81.946228 -5.81103 -5.579106 -5.577722 1.411137 2.135959 -1.0 0.0 0.0 -1.05326 -1.610351 -4.40258 17.205933 0.03471 0.143473 -81.56163 3.461658 -2.248893 -6.340424 0.626563 1.60261 -1.000003 0.0 -0.0 
0.0 0.0 0.0 0.0 -0.0 0.0 -0.574657 99.613152 0.699384 88.592171 3.315603 72.644173 -3.688474 -1.760511 -0.264697 -12.610697 -1.853374 -2.019725 24.556238 0.262193 -4.237838 25.278828 5.621567 2.053906 -2.535071 -0.768093 -9.36377 -30.660795 -1.825139 -11.374344 6e-06 -0.0 0.0 -0.001586 0.017804 -0.017869 0.015634 0.051044 0.008274 -0.020673 -0.010967 -0.071816 0.567433 -78.790413 14.343477 108.81852 -26.345455 -65.413132 41.902374 -0.564856 0.785028 -16.228027 8.097474 -79.215469 17.636627 -26.322735 52.411213 -19.46666 -14.395598 29.410395 -1e-06 -8.774821 -3e-06 13.947556 -17.81991 8.151695 -0.609776 -1.795654 -3.88933 -4.80709 -11.04681 -2.93785 5e-06 -20.976019 1e-06 -5.019969 -25.03356 -4.031881 7e-06 -2e-06 1e-06 -10.634535 -5.686972 -3.565589 10.573275 -17.922951 -3.113901 4e-06 -13.821212 2e-06 -0.501776 -31.181507 -4.027016 -12.158427 -59.824253 7.897881 -13.982716 -7.150198 -2.875044 13.772729 -8.401494 -3.218241 0.347733 -34.211555 0.771654 -0.963029 -17.733372 2.62102 -1e-06 0.0 -1e-06 -17.346416 -20.095217 -4.201784 21.757559 -1.638375 3.866429 -1e-06 -6.338824 2e-06 -1.697589 -22.591747 -6.194006 -1e-06 -3e-06 -2e-06 131.255463 -89.718842 64.502968 80.10894 -23.539783 -101.192307 25.431833 -0.916254 -0.086836 -0.237962 4.728544 -58.845421 22.182114 -20.375906 49.933331 -16.701813 -16.74353 28.476536 -4e-06 -12.690601 -0.0 14.511472 -16.348473 3.528448 -0.105921 -1.513855 -4.275883 -5.039041 -5.612874 -2.953559 5e-06 -11.020526 -1e-06 -6.1113 -15.895334 -3.840471 1e-06 -0.0 -0.0 -10.283367 -5.680287 -4.341842 11.028293 -11.302406 -2.37263 -1.384269 -14.238583 -6.320122 -0.62544 -26.924194 -3.827601 -4.520535 -47.340488 -2.706389 -13.708524 -7.363474 -3.720941 18.14115 -14.052741 -3.242673 4e-06 -18.78727 -1e-06 -0.429711 -8.456044 2.555505 -1e-06 -0.0 0.0 -15.923538 -20.094484 -5.473587 30.419222 -7.190827 1.735926 2e-06 -8.162927 0.0 -1.861904 -22.861475 -6.167941 2e-06 -6e-06 -1e-06 -173.162155 -2.274971 -21.765434 10.764601 -0.00974 -0.006829 -82.010864 -5.62308 -5.5355 -5.586457 1.417316 2.136904 -0.999999 -0.0 0.0 -0.986067 -1.593457 -4.460757 17.189903 0.041941 0.134175 -81.607353 3.360035 -2.29945 -6.380941 0.628022 1.602019 -1.000003 0.0 0.0 
0.0 0.0 0.0 0.0 -0.0 0.0 -0.594911 99.609009 0.737408 88.602386 3.292821 72.866013 -3.720572 -1.731804 -0.259107 -12.605896 -1.844285 -2.009717 24.49979 0.286295 -4.259385 25.194511 5.677216 2.051045 -2.54223 -0.760427 -9.423771 -30.828671 -1.875347 -11.438087 6e-06 -0.0 1e-06 0.002398 0.019107 -0.013079 0.026322 0.049729 0.012503 -0.010076 -0.007064 -0.066256 0.72965 -78.741524 14.106112 108.685852 -26.539928 -65.175362 42.320324 -0.541957 0.795049 -16.377876 8.078193 -79.247559 17.636625 -26.322725 52.411201 -19.466661 -14.395594 29.410395 0.0 -8.774821 -2e-06 14.019503 -17.87915 8.14452 -0.609777 -1.795652 -3.889328 -4.807091 -11.046812 -2.937851 5e-06 -20.976019 -3e-06 -5.019968 -25.03356 -4.031884 7e-06 -1e-06 1e-06 -10.634535 -5.686973 -3.565589 10.573276 -17.922951 -3.113902 4e-06 -13.82121 1e-06 -0.501776 -31.181505 -4.027022 -12.227778 -59.84021 7.965455 -13.982713 -7.1502 -2.875043 13.772728 -8.401491 -3.218241 0.347733 -34.211555 0.771652 -0.963029 -17.733372 2.62102 -3e-06 2e-06 0.0 -17.34642 -20.095221 -4.201784 21.757559 -1.638374 3.866429 0.0 -6.338823 1e-06 -1.697588 -22.591743 -6.194009 -2e-06 -2e-06 -4e-06 128.282532 -89.616409 67.415184 80.009789 -23.529724 -101.174484 25.398661 -1.02497 -0.074722 -0.297259 4.690914 -59.028885 22.182108 -20.375879 49.933296 -16.701813 -16.743525 28.476521 -4e-06 -12.690598 -0.0 14.542004 -16.310354 3.510031 -0.105917 -1.513858 -4.27588 -5.039044 -5.612872 -2.953556 5e-06 -11.020521 -2e-06 -6.111297 -15.89533 -3.840468 2e-06 -0.0 -0.0 -10.283371 -5.680289 -4.341838 11.028294 -11.302404 -2.372633 -1.384267 -14.238578 -6.320121 -0.625436 -26.924183 -3.827604 -4.545358 -47.37574 -2.682127 -13.708527 -7.363476 -3.720936 18.141144 -14.052739 -3.242674 7e-06 -18.787262 -4e-06 -0.42971 -8.456043 2.555504 -1e-06 -0.0 -1e-06 -15.92353 -20.094482 -5.473584 30.419205 -7.190825 1.735926 2e-06 -8.162921 -2e-06 -1.8619 -22.861467 -6.167942 1e-06 -3e-06 -1e-06 -173.250031 -2.342537 -21.773108 10.902896 -0.008962 -0.007423 -82.076958 -5.39902 -5.493085 -5.575027 1.424037 2.138367 -0.999999 0.0 0.0 -0.946593 -1.578094 -4.513174 17.17478 0.045929 0.121128 -81.655128 3.225857 -2.383329 -6.413376 0.628853 1.60203 -1.000002 0.0 0.0 
0.0 0.0 0.0 0.0 -0.0 0.0 -0.611189 99.606339 0.773522 88.626198 3.269786 73.104584 -3.728086 -1.704568 -0.277613 -12.60774 -1.828537 -2.002736 24.436251 0.293739 -4.293067 25.077114 5.726595 2.035953 -2.555753 -0.755449 -9.437391 -31.02536 -1.907653 -11.503753 6e-06 0.0 0.0 0.002267 0.021203 -0.003445 0.025975 0.047614 0.019218 -0.011759 -0.000629 -0.053795 0.826999 -78.697212 13.894077 108.555099 -26.726221 -65.035271 42.695644 -0.543462 0.757111 -16.580296 8.164849 -78.985428 17.636631 -26.322733 52.411201 -19.466658 -14.395602 29.410389 1e-06 -8.774823 -2e-06 13.989662 -17.911362 8.196461 -0.609776 -1.795652 -3.889326 -4.807091 -11.046809 -2.937851 3e-06 -20.976015 1e-06 -5.019972 -25.033556 -4.031882 7e-06 0.0 1e-06 -10.634535 -5.686969 -3.565589 10.573277 -17.922947 -3.113901 1e-06 -13.821206 3e-06 -0.501782 -31.181501 -4.027017 -12.278123 -59.815712 8.011387 -13.982718 -7.150198 -2.875041 13.772732 -8.401491 -3.218242 0.347729 -34.211552 0.771658 -0.96303 -17.73337 2.621022 -1e-06 1e-06 1e-06 -17.346424 -20.095219 -4.20178 21.757561 -1.638373 3.866428 1e-06 -6.338822 2e-06 -1.697593 -22.59174 -6.194006 1e-06 -3e-06 -3e-06 128.247375 -89.511414 67.379211 79.91597 -23.449293 -101.176575 25.300106 -1.066768 -0.055973 -0.335921 4.677953 -59.350998 22.182112 -20.375895 49.933323 -16.701815 -16.74353 28.476534 -3e-06 -12.690602 1e-06 14.593956 -16.310959 3.472913 -0.105923 -1.513857 -4.27588 -5.039042 -5.612873 -2.953557 4e-06 -11.020525 -1e-06 -6.1113 -15.895338 -3.84047 -0.0 -0.0 1e-06 -10.283374 -5.680288 -4.34184 11.028295 -11.302405 -2.37263 -1.38427 -14.238581 -6.320122 -0.625439 -26.924187 -3.827604 -4.545309 -47.396301 -2.676775 -13.708527 -7.363477 -3.720938 18.141148 -14.052739 -3.242674 5e-06 -18.787271 -2e-06 -0.429713 -8.456047 2.555506 1e-06 0.0 -1e-06 -15.923541 -20.094484 -5.473582 30.419218 -7.190826 1.735926 -0.0 -8.162925 -1e-06 -1.861907 -22.861473 -6.16794 0.0 -1e-06 -1e-06 -173.329163 -2.384609 -21.757816 10.997363 -0.01274 -0.005376 -82.121246 -5.17671 -5.451349 -5.556875 1.423766 2.138551 -1.0 0.0 0.0 -0.915131 -1.57485 -4.569557 17.166277 0.043089 0.10474 -81.705658 3.064313 -2.469792 -6.425901 0.627568 1.602263 -1.000002 0.0 0.0 
0.0 0.0 0.0 0.0 -0.0 0.0 -0.629484 99.601692 0.808611 88.655838 3.26505 73.339394 -3.70504 -1.674759 -0.302168 -12.608253 -1.815752 -2.009191 24.368954 0.290254 -4.323826 24.955931 5.777022 2.015449 -2.578706 -0.743101 -9.423706 -31.264442 -1.927955 -11.56022 6e-06 0.0 0.0 -0.001653 0.02306 0.003466 0.011302 0.044877 0.02073 -0.025714 0.005824 -0.041812 0.878075 -78.67083 13.74874 108.415901 -26.841511 -64.97287 42.966084 -0.565834 0.715689 -16.790081 8.390052 -78.768211 17.636639 -26.322746 52.411213 -19.466667 -14.395598 29.410398 -1e-06 -8.774823 -2e-06 13.880191 -17.897795 8.297129 -0.609776 -1.795652 -3.889328 -4.807089 -11.046813 -2.937851 5e-06 -20.976021 1e-06 -5.01997 -25.033562 -4.031882 7e-06 -1e-06 1e-06 -10.634534 -5.68697 -3.565589 10.573277 -17.922958 -3.1139 4e-06 -13.821214 3e-06 -0.501777 -31.181519 -4.027015 -12.288944 -59.829693 8.030928 -13.982717 -7.150197 -2.875044 13.77273 -8.401497 -3.21824 0.347734 -34.211559 0.771657 -0.963029 -17.733376 2.621024 -1e-06 -1e-06 1e-06 -17.346422 -20.095221 -4.201784 21.757563 -1.638377 3.86643 -0.0 -6.338827 3e-06 -1.697587 -22.591751 -6.194007 -2e-06 -3e-06 -3e-06 130.136795 -89.395424 65.390152 79.861809 -23.340466 -101.171478 25.163586 -1.010688 -0.015786 -0.369431 4.67254 -59.755268 22.182121 -20.375898 49.933327 -16.701817 -16.743534 28.476534 -3e-06 -12.690603 -2e-06 14.652313 -16.339247 3.435089 -0.105919 -1.513859 -4.275883 -5.039045 -5.612872 -2.953555 5e-06 -11.020527 -1e-06 -6.111298 -15.895338 -3.840472 -0.0 -0.0 -0.0 -10.283374 -5.680291 -4.34184 11.028295 -11.302406 -2.372631 -1.384268 -14.238584 -6.320123 -0.625439 -26.924198 -3.827603 -4.526077 -47.43322 -2.695152 -13.708527 -7.363479 -3.720939 18.141155 -14.052739 -3.242674 5e-06 -18.78727 -1e-06 -0.429713 -8.456047 2.555505 -0.0 1e-06 -0.0 -15.923539 -20.09449 -5.473586 30.419222 -7.190827 1.735927 0.0 -8.162925 -0.0 -1.861904 -22.861471 -6.167942 -0.0 -3e-06 -2e-06 -173.381516 -2.406999 -21.713255 11.068631 -0.019155 6.2e-05 -82.155708 -4.991457 -5.444195 -5.547481 1.416808 2.135721 -1.0 1e-06 0.0 -0.880156 -1.579011 -4.617174 17.184122 0.034005 0.091481 -81.770576 2.873669 -2.541472 -6.420266 0.620496 1.600942 -1.000002 1e-06 -0.0 
0.0 0.0 0.0 0.0 -0.0 0.0 -0.646762 99.598038 0.842025 88.691658 3.279547 73.54615 -3.674089 -1.655397 -0.321415 -12.608022 -1.799947 -2.013122 24.312162 0.278869 -4.357118 24.841539 5.840681 1.996444 -2.600107 -0.730961 -9.397635 -31.493753 -1.927912 -11.600676 6e-06 -0.0 -3e-06 -0.004977 0.02324 0.000203 -0.003634 0.042413 0.012268 -0.038281 0.008513 -0.040017 0.936909 -78.668777 13.637259 108.297363 -26.835915 -64.993965 43.019165 -0.597577 0.709092 -16.97928 8.683762 -78.787247 17.636627 -26.322742 52.411224 -19.466663 -14.395604 29.410402 -0.0 -8.774822 -1e-06 13.759645 -17.858738 8.391522 -0.609777 -1.795652 -3.889327 -4.807089 -11.046812 -2.937852 4e-06 -20.976021 2e-06 -5.019971 -25.033562 -4.031878 6e-06 -0.0 2e-06 -10.634535 -5.686968 -3.565586 10.573277 -17.922951 -3.113903 3e-06 -13.821211 3e-06 -0.501778 -31.181505 -4.027015 -12.292246 -59.863583 8.062586 -13.982718 -7.150198 -2.875041 13.772728 -8.401493 -3.218243 0.347733 -34.211555 0.771658 -0.963029 -17.73337 2.621021 0.0 -1e-06 1e-06 -17.346422 -20.095219 -4.201784 21.757565 -1.638375 3.866427 0.0 -6.338825 2e-06 -1.697588 -22.591749 -6.194008 -1e-06 -1e-06 -3e-06 133.07048 -89.272339 62.339718 79.84565 -23.207411 -101.252907 24.962175 -0.91666 0.023447 -0.399038 4.6839 -60.140274 22.18211 -20.375896 49.933327 -16.701817 -16.74353 28.476536 -4e-06 -12.690601 0.0 14.706186 -16.389109 3.411681 -0.10592 -1.513857 -4.275885 -5.039042 -5.612871 -2.953555 5e-06 -11.020525 -0.0 -6.111297 -15.895334 -3.840473 0.0 -0.0 2e-06 -10.283373 -5.68029 -4.341838 11.028299 -11.302406 -2.372634 -1.384267 -14.238581 -6.320121 -0.62544 -26.924192 -3.827602 -4.521335 -47.550407 -2.707424 -13.70853 -7.363478 -3.720939 18.141153 -14.052739 -3.242676 3e-06 -18.78727 -1e-06 -0.429714 -8.456043 2.555505 -0.0 -1e-06 -0.0 -15.923539 -20.094486 -5.473584 30.419218 -7.190826 1.735927 2e-06 -8.162925 0.0 -1.861908 -22.861467 -6.167937 1e-06 -5e-06 -1e-06 -173.375565 -2.390922 -21.616766 11.052109 -0.024241 -0.003452 -82.152977 -4.880795 -5.460946 -5.55761 1.405543 2.132507 -0.999998 0.0 0.0 -0.834899 -1.595171 -4.653886 17.207838 0.020542 0.090083 -81.834946 2.673342 -2.573195 -6.404589 0.610303 1.598848 -1.000003 -0.0 0.0 
0.0 0.0 0.0 0.0 -0.0 0.0 -0.658409 99.598343 0.884361 88.720093 3.306751 73.697693 -3.650655 -1.634364 -0.332781 -12.608953 -1.789284 -2.020615 24.271055 0.263789 -4.39095 24.727421 5.909332 1.98967 -2.612669 -0.719472 -9.344463 -31.685406 -1.931378 -11.621309 6e-06 -0.0 -2e-06 -0.008965 0.022208 -0.005732 -0.007895 0.040496 0.004229 -0.0416 0.008273 -0.043455 0.947036 -78.703194 13.595179 108.200813 -26.741943 -65.09314 42.840363 -0.608345 0.736107 -17.224806 8.955789 -79.009628 17.636633 -26.322733 52.411201 -19.466665 -14.395596 29.410393 -0.0 -8.774822 -1e-06 13.651027 -17.801229 8.4512 -0.609776 -1.795655 -3.889325 -4.807087 -11.046813 -2.937852 5e-06 -20.976021 -1e-06 -5.019973 -25.033566 -4.031879 7e-06 -1e-06 -0.0 -10.634537 -5.686971 -3.565587 10.573277 -17.922951 -3.113903 4e-06 -13.82121 2e-06 -0.501776 -31.181507 -4.027018 -12.264956 -59.843605 8.054414 -13.982714 -7.1502 -2.875044 13.772732 -8.401491 -3.21824 0.347733 -34.211555 0.771655 -0.96303 -17.73337 2.621018 -1e-06 -1e-06 0.0 -17.346418 -20.095221 -4.201783 21.757559 -1.638374 3.866429 1e-06 -6.338825 1e-06 -1.697588 -22.591751 -6.194009 -1e-06 -3e-06 -4e-06 136.286118 -89.194489 59.018707 79.809349 -23.023209 -101.382767 24.642988 -0.828056 0.052963 -0.41038 4.676368 -60.446171 22.182119 -20.375895 49.933327 -16.701815 -16.743528 28.476534 -4e-06 -12.690601 -1e-06 14.711652 -16.434374 3.424284 -0.10592 -1.513857 -4.275882 -5.039041 -5.612872 -2.953556 5e-06 -11.020525 -1e-06 -6.111297 -15.895334 -3.840472 1e-06 -0.0 0.0 -10.283373 -5.68029 -4.341839 11.028296 -11.302406 -2.372634 -1.384267 -14.238583 -6.320122 -0.625436 -26.924194 -3.827604 -4.537567 -47.673191 -2.688493 -13.708526 -7.363478 -3.72094 18.141153 -14.05274 -3.242676 5e-06 -18.787271 -2e-06 -0.429712 -8.456044 2.555505 -0.0 -1e-06 1e-06 -15.923536 -20.094486 -5.473586 30.41921 -7.190827 1.735927 3e-06 -8.162922 -2e-06 -1.8619 -22.861467 -6.167942 -0.0 -2e-06 -0.0 -173.284256 -2.341121 -21.522161 10.904688 -0.028914 -0.012558 -82.104172 -4.81251 -5.483496 -5.57235 1.39867 2.130205 -0.999999 1e-06 0.0 -0.755156 -1.614967 -4.671341 17.187395 0.010015 0.095248 -81.875244 2.487527 -2.56203 -6.392926 0.594944 1.595544 -1.000002 0.0 0.0 
0.0 0.0 0.0 0.0 -0.0 0.0 -0.666149 99.591484 0.942107 88.732483 3.345771 73.804428 -3.637496 -1.611803 -0.345531 -12.603874 -1.790946 -2.040949 24.22617 0.253213 -4.417825 24.632799 5.972613 2.007873 -2.615899 -0.713284 -9.272252 -31.832865 -1.955682 -11.617998 6e-06 -0.0 -4e-06 -0.011861 0.020386 -0.010596 -0.004458 0.037931 -0.000203 -0.039481 0.007201 -0.048223 0.930017 -78.780998 13.592134 108.137321 -26.621029 -65.255013 42.450668 -0.584427 0.777245 -17.517677 9.167038 -79.186562 17.636627 -26.322733 52.411201 -19.466665 -14.395598 29.410395 1e-06 -8.774824 -1e-06 13.579576 -17.757536 8.463428 -0.609776 -1.795656 -3.889327 -4.80709 -11.046813 -2.93785 5e-06 -20.976019 -2e-06 -5.019973 -25.033562 -4.031882 7e-06 -1e-06 1e-06 -10.634537 -5.686973 -3.565587 10.573275 -17.922955 -3.113904 3e-06 -13.821211 1e-06 -0.501777 -31.181511 -4.02702 -12.191099 -59.753418 7.94692 -13.982718 -7.150201 -2.87504 13.772731 -8.401494 -3.218243 0.347732 -34.211559 0.771653 -0.963029 -17.733372 2.621017 -1e-06 0.0 1e-06 -17.346424 -20.095224 -4.201779 21.757561 -1.638373 3.866428 -0.0 -6.338825 2e-06 -1.697595 -22.591751 -6.194006 -1e-06 -3e-06 -4e-06 139.487183 -89.22142 55.74654 79.719711 -22.815781 -101.4758 24.227465 -0.742755 0.07961 -0.365447 4.656352 -60.670086 22.182108 -20.375898 49.933327 -16.701811 -16.74353 28.476532 -3e-06 -12.6906 -1e-06 14.635672 -16.439198 3.477648 -0.105921 -1.513856 -4.27588 -5.039042 -5.612872 -2.953556 4e-06 -11.02052 -1e-06 -6.111298 -15.89533 -3.840471 1e-06 -0.0 2e-06 -10.283371 -5.680288 -4.341836 11.028292 -11.302403 -2.372632 -1.384268 -14.238578 -6.32012 -0.625439 -26.924183 -3.827604 -4.561684 -47.676075 -2.62624 -13.708523 -7.363474 -3.720938 18.141146 -14.052737 -3.242675 6e-06 -18.78727 -1e-06 -0.429711 -8.456044 2.555505 -1e-06 -1e-06 0.0 -15.923536 -20.094482 -5.473585 30.419207 -7.190823 1.735925 2e-06 -8.162921 -2e-06 -1.861901 -22.861469 -6.167942 -1e-06 -2e-06 -0.0 -173.191559 -2.311172 -21.435778 10.831905 -0.025247 -0.019283 -82.104645 -4.776152 -5.502005 -5.595535 1.398466 2.129438 -0.999998 1e-06 0.0 -0.671352 -1.634282 -4.675846 17.201685 0.006264 0.102115 -81.937973 2.344431 -2.508123 -6.365934 0.579017 1.593178 -1.000001 0.0 0.0 
0.0 0.0 0.0 0.0 -0.0 0.0 -0.679242 99.581131 1.012237 88.727951 3.385307 73.859703 -3.648203 -1.587691 -0.347803 -12.597733 -1.806473 -2.076329 24.184803 0.254427 -4.436999 24.552187 6.016306 2.033801 -2.612431 -0.709625 -9.206166 -31.927515 -1.976744 -11.593112 6e-06 -0.0 -2e-06 -0.012055 0.018208 -0.015134 0.001597 0.034057 -0.004586 -0.034232 0.006695 -0.052714 0.889426 -78.899185 13.629107 108.097603 -26.508871 -65.330276 41.938755 -0.476199 0.795003 -17.802862 9.265334 -79.267082 17.636641 -26.322737 52.411213 -19.466665 -14.395597 29.410395 -2e-06 -8.774822 -2e-06 13.552817 -17.719524 8.424915 -0.609776 -1.795654 -3.889328 -4.80709 -11.046813 -2.937852 6e-06 -20.976025 -0.0 -5.01997 -25.033562 -4.031882 8e-06 -0.0 0.0 -10.634535 -5.686975 -3.565591 10.573279 -17.922955 -3.1139 3e-06 -13.821214 2e-06 -0.501776 -31.181511 -4.027018 -12.084837 -59.603428 7.771396 -13.982712 -7.150198 -2.875046 13.772727 -8.401496 -3.218243 0.347737 -34.211559 0.771653 -0.963027 -17.73337 2.621019 0.0 1e-06 0.0 -17.346416 -20.095221 -4.201787 21.757566 -1.638377 3.866432 -1e-06 -6.338826 1e-06 -1.697588 -22.591749 -6.194008 -2e-06 -3e-06 -4e-06 142.373337 -89.368515 52.840252 79.579071 -22.624418 -101.469345 23.832771 -0.669917 0.083045 -0.328024 4.606143 -60.684662 22.182121 -20.3759 49.933346 -16.701818 -16.743534 28.476542 -2e-06 -12.690602 -0.0 14.56096 -16.433327 3.519381 -0.105919 -1.513855 -4.275883 -5.039044 -5.612874 -2.953557 4e-06 -11.020526 -2e-06 -6.111298 -15.895334 -3.840473 -0.0 -1e-06 0.0 -10.283373 -5.68029 -4.341841 11.028296 -11.302406 -2.372634 -1.384268 -14.238585 -6.320124 -0.625435 -26.924196 -3.827605 -4.59112 -47.653694 -2.543178 -13.708528 -7.363478 -3.720942 18.141151 -14.052741 -3.242674 4e-06 -18.787273 -2e-06 -0.429711 -8.456047 2.555506 0.0 -0.0 1e-06 -15.923536 -20.094486 -5.473588 30.419218 -7.19083 1.735927 2e-06 -8.162925 -2e-06 -1.861904 -22.861473 -6.167941 0.0 -3e-06 -1e-06 -173.088989 -2.303713 -21.404263 10.792025 -0.017272 -0.017873 -82.131248 -4.763872 -5.520794 -5.601883 1.402472 2.131546 -0.999999 0.0 -0.0 -0.582274 -1.636687 -4.633682 17.220736 0.009633 0.098481 -82.006691 2.228218 -2.445849 -6.331055 0.567237 1.592178 -1.000003 1e-06 0.0 
0.0 0.0 0.0 0.0 -0.0 0.0 -0.704155 99.573181 1.087897 88.71772 3.407312 73.859177 -3.687065 -1.566679 -0.344443 -12.599133 -1.819267 -2.103592 24.153759 0.267445 -4.435642 24.465443 5.999915 2.028366 -2.603172 -0.692881 -9.131595 -31.946075 -1.950668 -11.555779 6e-06 -0.0 -4e-06 -0.010208 0.01624 -0.020033 0.01004 0.029084 -0.010809 -0.025288 0.007667 -0.056437 0.820852 -79.050667 13.676608 108.071602 -26.45866 -65.360619 41.439835 -0.376151 0.834384 -17.941216 9.258795 -79.275986 17.636635 -26.322721 52.41119 -19.46666 -14.3956 29.410385 -2e-06 -8.774821 -2e-06 13.580567 -17.695948 8.374985 -0.609776 -1.795654 -3.889328 -4.807091 -11.046811 -2.937851 6e-06 -20.976015 -2e-06 -5.019967 -25.033554 -4.031885 6e-06 -1e-06 0.0 -10.634536 -5.686972 -3.565587 10.573277 -17.922947 -3.113903 3e-06 -13.821205 2e-06 -0.501776 -31.181498 -4.027017 -11.976704 -59.437202 7.633176 -13.982715 -7.150198 -2.875043 13.77273 -8.40149 -3.218241 0.347736 -34.211544 0.771652 -0.963026 -17.733364 2.621017 -0.0 -1e-06 0.0 -17.346422 -20.095215 -4.201779 21.757559 -1.638375 3.866428 -1e-06 -6.338823 1e-06 -1.697588 -22.591738 -6.194008 -3e-06 -2e-06 -3e-06 141.62674 -89.552811 53.597679 79.439583 -22.506195 -101.273819 23.555395 -0.596228 0.081292 -0.244214 4.518363 -60.610546 22.182119 -20.375895 49.933319 -16.701818 -16.743528 28.476532 -2e-06 -12.690603 -1e-06 14.535411 -16.438002 3.538556 -0.105919 -1.513857 -4.275883 -5.039042 -5.612874 -2.953556 5e-06 -11.020526 -2e-06 -6.111296 -15.895338 -3.840474 -0.0 -1e-06 1e-06 -10.283373 -5.68029 -4.341839 11.028296 -11.302407 -2.372633 -1.384266 -14.238585 -6.320122 -0.625435 -26.924196 -3.827606 -4.600153 -47.641399 -2.498235 -13.708529 -7.363479 -3.720941 18.141153 -14.052744 -3.242676 8e-06 -18.787273 -3e-06 -0.42971 -8.456047 2.555504 0.0 0.0 0.0 -15.923539 -20.09449 -5.473586 30.419218 -7.190829 1.735929 4e-06 -8.162925 -2e-06 -1.861901 -22.861473 -6.167944 1e-06 -5e-06 -0.0 -172.966797 -2.298043 -21.428862 10.70159 -0.012209 -0.013916 -82.140953 -4.754011 -5.561347 -5.583621 1.399967 2.130323 -0.999999 -0.0 -0.0 -0.501725 -1.623533 -4.57236 17.219131 0.013807 0.090091 -82.062439 2.142849 -2.390472 -6.300704 0.572511 1.595306 -1.000002 1e-06 0.0 
0.0 0.0 0.0 0.0 -0.0 0.0 -0.740894 99.56282 1.166649 88.704033 3.418311 73.803146 -3.74001 -1.553457 -0.341626 -12.609532 -1.822641 -2.11342 24.138712 0.289859 -4.417353 24.386547 5.925673 1.99929 -2.594035 -0.653908 -9.055746 -31.960522 -1.886294 -11.507591 6e-06 -1e-06 -3e-06 -0.004004 0.015361 -0.016756 0.020107 0.023665 -0.009183 -0.014165 0.011279 -0.051798 0.649909 -79.221107 13.831975 108.071968 -26.452303 -65.39045 41.030563 -0.347185 0.859173 -17.924217 9.19855 -79.264709 17.636627 -26.322729 52.411201 -19.466665 -14.395602 29.410395 -0.0 -8.774822 -1e-06 13.637362 -17.673775 8.341201 -0.609774 -1.795655 -3.889329 -4.807091 -11.046813 -2.937853 4e-06 -20.976019 -2e-06 -5.01997 -25.033562 -4.031884 6e-06 -1e-06 2e-06 -10.634537 -5.686975 -3.565588 10.573277 -17.922951 -3.113902 4e-06 -13.821211 0.0 -0.501776 -31.181507 -4.027021 -11.894959 -59.314724 7.560903 -13.982717 -7.150198 -2.875043 13.772733 -8.401492 -3.218243 0.347731 -34.211555 0.771653 -0.96303 -17.733366 2.621016 -1e-06 0.0 -1e-06 -17.346422 -20.095221 -4.201785 21.757561 -1.638373 3.866429 -1e-06 -6.338825 0.0 -1.69759 -22.591743 -6.194009 -2e-06 -3e-06 -4e-06 131.129791 -89.742065 64.15226 79.307167 -22.427349 -100.916916 23.406038 -0.509499 0.093139 -0.1905 4.445184 -60.586666 22.182121 -20.375898 49.933327 -16.701811 -16.743528 28.476528 -2e-06 -12.690601 -1e-06 14.552893 -16.448961 3.545796 -0.105916 -1.513856 -4.275884 -5.039043 -5.612871 -2.953556 4e-06 -11.020523 0.0 -6.111301 -15.895334 -3.840471 -0.0 -0.0 1e-06 -10.283373 -5.680288 -4.341839 11.028294 -11.302405 -2.372632 -1.38427 -14.23858 -6.32012 -0.625441 -26.924183 -3.8276 -4.588239 -47.645447 -2.498309 -13.708526 -7.363477 -3.720942 18.141148 -14.052739 -3.242671 3e-06 -18.78727 1e-06 -0.42971 -8.456043 2.555503 -0.0 -1e-06 -0.0 -15.923538 -20.094482 -5.473586 30.41921 -7.190825 1.73593 3e-06 -8.162924 1e-06 -1.861906 -22.861467 -6.16794 -0.0 -4e-06 -1e-06 -172.854568 -2.297627 -21.464697 10.630767 -0.013112 -0.011486 -82.163177 -4.784461 -5.626979 -5.561788 1.395938 2.128606 -0.999999 0.0 0.0 -0.448135 -1.601007 -4.495986 17.244089 0.017658 0.083538 -82.12838 2.095004 -2.332513 -6.27829 0.584543 1.59964 -1.000001 -0.0 0.0 
0.0 0.0 0.0 0.0 -0.0 0.0 -0.781096 99.552704 1.239402 88.681473 3.423283 73.683334 -3.785243 -1.546251 -0.346171 -12.62592 -1.816222 -2.104744 24.134329 0.324244 -4.385564 24.323105 5.814087 1.959346 -2.581443 -0.609927 -8.983233 -31.978144 -1.818665 -11.447567 6e-06 -0.0 -2e-06 0.003705 0.015529 -0.006065 0.031743 0.020225 0.000446 -0.001749 0.015064 -0.040302 0.321027 -79.372772 14.15805 108.102768 -26.484085 -65.408569 40.749104 -0.379015 0.864511 -17.782816 9.120378 -79.376846 17.636625 -26.322731 52.411205 -19.466658 -14.395596 29.410393 1e-06 -8.774821 -2e-06 13.675624 -17.656902 8.350636 -0.609777 -1.795652 -3.889328 -4.807089 -11.046811 -2.937851 4e-06 -20.976015 -0.0 -5.01997 -25.033556 -4.03188 7e-06 -2e-06 1e-06 -10.634533 -5.686972 -3.565589 10.573272 -17.922947 -3.1139 3e-06 -13.821211 3e-06 -0.50178 -31.181498 -4.027017 -11.861814 -59.269745 7.555108 -13.982712 -7.150197 -2.875044 13.772727 -8.401491 -3.218243 0.347732 -34.211555 0.771655 -0.96303 -17.73337 2.621018 -0.0 -1e-06 0.0 -17.346413 -20.095219 -4.201785 21.757557 -1.638375 3.866429 -2e-06 -6.338825 0.0 -1.697592 -22.591743 -6.194008 1e-06 -3e-06 -3e-06 77.661888 -89.879669 117.704033 79.166267 -22.360518 -100.488518 23.34152 -0.435487 0.10484 -0.120504 4.389752 -60.727833 22.182119 -20.375895 49.933323 -16.701817 -16.74353 28.476536 -3e-06 -12.690602 -1e-06 14.601329 -16.456938 3.545005 -0.105917 -1.513855 -4.275881 -5.039042 -5.612873 -2.953556 4e-06 -11.020525 -1e-06 -6.1113 -15.895334 -3.840471 -0.0 -1e-06 1e-06 -10.283369 -5.680288 -4.341838 11.028296 -11.302406 -2.372632 -1.384266 -14.238583 -6.320124 -0.625441 -26.924191 -3.827604 -4.56252 -47.661453 -2.53364 -13.708527 -7.363475 -3.720938 18.141153 -14.05274 -3.242675 4e-06 -18.787273 -2e-06 -0.42971 -8.456046 2.555504 -0.0 -2e-06 1e-06 -15.923539 -20.094486 -5.473584 30.419214 -7.190825 1.735926 4e-06 -8.162925 -1e-06 -1.861901 -22.861473 -6.167946 1e-06 -3e-06 -1e-06 -172.741745 -2.296424 -21.487404 10.558133 -0.01774 -0.012629 -82.184998 -4.876805 -5.714193 -5.545247 1.396647 2.128752 -1.0 1e-06 0.0 -0.411311 -1.566791 -4.393361 17.271278 0.020767 0.080036 -82.184616 2.093126 -2.27288 -6.264259 0.596462 1.603523 -1.000002 1e-06 0.0 
0.0 0.0 0.0 0.0 -0.0 0.0 -0.821436 99.548622 1.297129 88.655586 3.428408 73.51532 -3.81199 -1.544555 -0.353759 -12.653777 -1.804325 -2.088163 24.14613 0.353239 -4.344291 24.270842 5.693225 1.920011 -2.569854 -0.584196 -8.915179 -31.985308 -1.754153 -11.415359 6e-06 -0.0 -2e-06 0.007123 0.014914 0.001299 0.041384 0.017927 0.0084 0.009473 0.016152 -0.033764 -0.090032 -79.498428 14.613528 108.155289 -26.494339 -65.354652 40.577564 -0.398458 0.86718 -17.532221 9.028608 -79.530579 17.636625 -26.322737 52.411213 -19.466665 -14.395604 29.410395 -1e-06 -8.774824 -2e-06 13.6731 -17.634495 8.383434 -0.609777 -1.795652 -3.889325 -4.807088 -11.046812 -2.937852 5e-06 -20.976019 -1e-06 -5.01997 -25.03356 -4.031882 7e-06 -1e-06 2e-06 -10.634535 -5.686972 -3.565588 10.573277 -17.922951 -3.113901 3e-06 -13.821213 2e-06 -0.501776 -31.181511 -4.02702 -11.837004 -59.254028 7.561661 -13.982716 -7.150198 -2.875041 13.772732 -8.401493 -3.218243 0.347732 -34.211559 0.771656 -0.963029 -17.73337 2.62102 0.0 1e-06 0.0 -17.346422 -20.095217 -4.201782 21.757561 -1.638376 3.866428 -0.0 -6.338826 1e-06 -1.697591 -22.591747 -6.194005 -1e-06 -2e-06 -4e-06 14.905702 -89.771858 -179.461929 79.012764 -22.292608 -100.082336 23.344063 -0.404244 0.104046 0.049364 4.370008 -61.005852 22.182121 -20.375898 49.933331 -16.701817 -16.743532 28.476538 -1e-06 -12.690605 -2e-06 14.632866 -16.445229 3.542823 -0.10592 -1.513856 -4.275882 -5.039043 -5.612872 -2.953557 4e-06 -11.020523 -1e-06 -6.1113 -15.895334 -3.840473 1e-06 -1e-06 1e-06 -10.283372 -5.680288 -4.34184 11.028296 -11.302404 -2.372633 -1.38427 -14.238583 -6.320123 -0.625442 -26.924191 -3.827604 -4.515401 -47.67318 -2.592956 -13.708528 -7.36348 -3.720939 18.141157 -14.052739 -3.242676 2e-06 -18.78727 -3e-06 -0.429711 -8.456045 2.555506 -1e-06 -0.0 1e-06 -15.923543 -20.09449 -5.473585 30.419218 -7.190825 1.735929 2e-06 -8.162924 -1e-06 -1.861903 -22.861467 -6.167946 -1e-06 -3e-06 -1e-06 -172.588348 -2.274844 -21.49682 10.388625 -0.0198 -0.021451 -82.156525 -5.017059 -5.819028 -5.520052 1.399884 2.129795 -0.999999 0.0 0.0 -0.371434 -1.525008 -4.267046 17.260693 0.020662 0.083502 -82.206215 2.120492 -2.212834 -6.262057 0.602955 1.604187 -1.000001 0.0 0.0 
0.0 0.0 0.0 0.0 -0.0 0.0 -0.85662 99.554596 1.335397 88.634315 3.428288 73.330315 -3.823961 -1.538823 -0.357012 -12.683904 -1.797869 -2.079123 24.162634 0.364707 -4.294785 24.2337 5.568604 1.898712 -2.566498 -0.57754 -8.881763 -31.962353 -1.70231 -11.406694 6e-06 -1e-06 -3e-06 0.004407 0.013433 0.001538 0.045589 0.016928 0.009957 0.015845 0.01408 -0.035288 -0.417222 -79.599884 15.026605 108.214943 -26.456001 -65.220757 40.476055 -0.376746 0.841179 -17.197151 8.942356 -79.746452 17.636627 -26.322723 52.411175 -19.466648 -14.395592 29.410372 -1e-06 -8.774818 -2e-06 13.667576 -17.610956 8.396379 -0.609776 -1.795652 -3.889324 -4.807088 -11.046808 -2.937849 5e-06 -20.976011 2e-06 -5.019969 -25.033546 -4.031878 5e-06 -1e-06 1e-06 -10.634531 -5.686967 -3.565584 10.573273 -17.922945 -3.113898 3e-06 -13.821204 4e-06 -0.501782 -31.181498 -4.027012 -11.800146 -59.291744 7.54302 -13.982712 -7.150194 -2.87504 13.772727 -8.401489 -3.21824 0.347732 -34.21154 0.771658 -0.96303 -17.733362 2.621018 -0.0 0.0 0.0 -17.346415 -20.095211 -4.201779 21.757557 -1.638375 3.86643 -1e-06 -6.338824 1e-06 -1.697593 -22.59174 -6.194005 -3e-06 -2e-06 -3e-06 -0.00354 -89.615891 -164.463882 78.85611 -22.216602 -99.867882 23.377193 -0.440423 0.080153 0.320061 4.367797 -61.278622 22.182121 -20.375895 49.933323 -16.701818 -16.74353 28.476532 -2e-06 -12.690601 -1e-06 14.639439 -16.422909 3.549775 -0.105918 -1.513856 -4.275881 -5.039045 -5.612875 -2.953557 6e-06 -11.020524 -1e-06 -6.111298 -15.895334 -3.840471 -0.0 -0.0 0.0 -10.28337 -5.680292 -4.341839 11.028294 -11.302406 -2.372634 -1.384266 -14.238583 -6.320121 -0.625437 -26.924189 -3.827605 -4.47761 -47.694279 -2.631435 -13.708527 -7.363478 -3.720939 18.141153 -14.052744 -3.242678 8e-06 -18.787273 -3e-06 -0.429711 -8.456045 2.555504 1e-06 -1e-06 1e-06 -15.923534 -20.09449 -5.473588 30.419214 -7.190828 1.735925 3e-06 -8.162925 -3e-06 -1.861901 -22.861471 -6.167946 1e-06 -4e-06 0.0 -172.388077 -2.224139 -21.518049 10.072869 -0.016212 -0.030545 -82.049583 -5.166111 -5.919411 -5.48719 1.399079 2.130201 -0.999999 1e-06 -0.0 -0.323187 -1.485075 -4.147762 17.186171 0.017202 0.086738 -82.179047 2.194491 -2.146367 -6.252469 0.601853 1.602847 -1.000002 0.0 -0.0 
0.0 0.0 0.0 0.0 -0.0 0.0 -0.897637 99.570923 1.358489 88.617973 3.428208 73.169731 -3.833704 -1.526702 -0.347774 -12.706183 -1.799639 -2.068105 24.172201 0.373444 -4.247533 24.21887 5.446662 1.90393 -2.573797 -0.579369 -8.911389 -31.910683 -1.676237 -11.405543 6e-06 -0.0 -2e-06 -0.001278 0.012105 -0.00517 0.042098 0.017032 0.003532 0.013573 0.011233 -0.042496 -0.656852 -79.700806 15.336206 108.280754 -26.398802 -65.070137 40.387646 -0.342459 0.806648 -16.857944 8.842442 -79.900253 17.636639 -26.322744 52.411209 -19.466658 -14.3956 29.410395 -1e-06 -8.774822 -2e-06 13.676804 -17.595541 8.390163 -0.609776 -1.795652 -3.889326 -4.807088 -11.046811 -2.937848 5e-06 -20.976019 3e-06 -5.019974 -25.03356 -4.031874 7e-06 -1e-06 -0.0 -10.634535 -5.68697 -3.565588 10.573271 -17.922951 -3.113898 3e-06 -13.821211 5e-06 -0.501781 -31.181505 -4.027011 -11.760789 -59.385277 7.519424 -13.982716 -7.150193 -2.875041 13.77273 -8.401493 -3.21824 0.347732 -34.211555 0.771659 -0.96303 -17.73337 2.621019 -0.0 0.0 0.0 -17.34642 -20.095217 -4.201781 21.757561 -1.638376 3.866428 1e-06 -6.338823 3e-06 -1.697589 -22.591743 -6.194002 -1e-06 -1e-06 -4e-06 -4.13098 -89.482246 -160.282196 78.692123 -22.179461 -99.767075 23.430473 -0.503962 0.042891 0.672117 4.36922 -61.562782 22.18211 -20.375891 49.933315 -16.701811 -16.743525 28.476524 -3e-06 -12.690599 -1e-06 14.646825 -16.414598 3.561471 -0.10592 -1.513854 -4.27588 -5.039039 -5.61287 -2.953555 4e-06 -11.02052 -2e-06 -6.111295 -15.895328 -3.840469 -0.0 -0.0 0.0 -10.283367 -5.680286 -4.341837 11.02829 -11.302405 -2.372633 -1.384267 -14.238579 -6.320121 -0.625438 -26.924187 -3.8276 -4.471432 -47.730045 -2.640888 -13.708525 -7.363477 -3.720938 18.14115 -14.052738 -3.242675 7e-06 -18.787266 -1e-06 -0.42971 -8.456043 2.555503 1e-06 -1e-06 0.0 -15.92353 -20.094479 -5.473583 30.419205 -7.190823 1.735926 4e-06 -8.162922 -3e-06 -1.861899 -22.861467 -6.167941 -1e-06 -2e-06 -0.0 -172.132278 -2.15194 -21.57308 9.598228 -0.012613 -0.042786 -81.853386 -5.276435 -5.999757 -5.461984 1.402004 2.131102 -1.0 0.0 -0.0 -0.242552 -1.441638 -4.064132 17.031782 0.010347 0.091623 -82.10527 2.299163 -2.083654 -6.240669 0.597554 1.601061 -1.000002 0.0 0.0 
0.0 0.0 0.0 0.0 -0.0 0.0 -0.949653 99.587196 1.366474 88.60714 3.421853 73.068359 -3.84825 -1.510805 -0.331575 -12.711823 -1.807789 -2.053876 24.151176 0.383693 -4.212689 24.230431 5.335578 1.93611 -2.588242 -0.592511 -8.993886 -31.818323 -1.679391 -11.423602 5e-06 -1e-06 -2e-06 -0.004463 0.011224 -0.014115 0.038856 0.016757 -0.005322 0.010261 0.00967 -0.051218 -0.752459 -79.791565 15.441166 108.329628 -26.393373 -64.935455 40.350464 -0.277355 0.752797 -16.59926 8.715218 -79.937561 17.636621 -26.322733 52.411198 -19.466661 -14.395598 29.410395 -1e-06 -8.774822 -1e-06 13.686468 -17.604475 8.363364 -0.609775 -1.795654 -3.889329 -4.807091 -11.046809 -2.93785 7e-06 -20.976015 -2e-06 -5.019969 -25.033556 -4.031881 7e-06 -1e-06 1e-06 -10.634533 -5.686971 -3.565589 10.573275 -17.922951 -3.113902 4e-06 -13.821208 3e-06 -0.50178 -31.181501 -4.027014 -11.751332 -59.469364 7.505332 -13.982715 -7.150199 -2.87504 13.772731 -8.401492 -3.218243 0.347736 -34.211555 0.771654 -0.963028 -17.73337 2.621017 -1e-06 0.0 -1e-06 -17.346416 -20.095217 -4.201782 21.757555 -1.638376 3.866426 -1e-06 -6.338823 2e-06 -1.69759 -22.591742 -6.194005 -1e-06 -3e-06 -3e-06 -6.658017 -89.357452 -157.726059 78.494362 -22.176865 -99.658913 23.492317 -0.56205 0.021442 1.01711 4.402553 -61.940903 22.182116 -20.3759 49.933346 -16.701817 -16.743532 28.476543 -2e-06 -12.690606 -1e-06 14.627827 -16.404585 3.577626 -0.105921 -1.513857 -4.275883 -5.039044 -5.612874 -2.953558 4e-06 -11.020526 -3e-06 -6.1113 -15.895338 -3.840472 -0.0 -0.0 -1e-06 -10.283377 -5.680292 -4.341839 11.0283 -11.302407 -2.372636 -1.384268 -14.238585 -6.320127 -0.625436 -26.924198 -3.827606 -4.473844 -47.735413 -2.636892 -13.708529 -7.363479 -3.720941 18.141155 -14.052742 -3.242676 7e-06 -18.787273 -2e-06 -0.429711 -8.456044 2.555504 1e-06 -1e-06 1e-06 -15.923543 -20.094492 -5.473588 30.419222 -7.190827 1.735927 3e-06 -8.162927 -2e-06 -1.861903 -22.861479 -6.167945 2e-06 -3e-06 -0.0 -171.931686 -2.11016 -21.671892 9.194465 -0.011202 -0.051004 -81.669014 -5.308667 -6.067136 -5.456913 1.404808 2.130744 -0.999999 1e-06 0.0 -0.172311 -1.391718 -4.021855 16.883263 0.003403 0.095097 -82.033745 2.408064 -2.042252 -6.234723 0.594155 1.600855 -1.000002 1e-06 -0.0 
0.0 0.0 0.0 0.0 -0.0 0.0 -1.006672 99.595757 1.361145 88.60759 3.410714 73.019173 -3.876829 -1.503044 -0.315001 -12.702863 -1.812784 -2.03615 24.105532 0.394387 -4.191589 24.254101 5.231791 1.970811 -2.607116 -0.605689 -9.087484 -31.684595 -1.707226 -11.45397 6e-06 -0.0 -2e-06 -0.003585 0.010998 -0.018927 0.040506 0.016043 -0.0094 0.010923 0.009896 -0.05605 -0.774931 -79.863312 15.435143 108.326218 -26.445745 -64.920677 40.396271 -0.228365 0.670062 -16.395685 8.566834 -79.871803 17.63662 -26.322733 52.411194 -19.466658 -14.3956 29.410389 1e-06 -8.774821 -1e-06 13.717998 -17.638247 8.292118 -0.609773 -1.795652 -3.889327 -4.807089 -11.046807 -2.937848 6e-06 -20.976013 -0.0 -5.019973 -25.033556 -4.031879 7e-06 -1e-06 -0.0 -10.634531 -5.686968 -3.565586 10.573277 -17.922947 -3.113901 3e-06 -13.821205 3e-06 -0.501782 -31.181498 -4.027014 -11.771625 -59.48185 7.502194 -13.982712 -7.150196 -2.87504 13.772733 -8.401489 -3.218242 0.347733 -34.211544 0.771659 -0.963029 -17.733368 2.621019 0.0 -0.0 0.0 -17.346418 -20.095211 -4.201779 21.757557 -1.638375 3.866426 -1e-06 -6.338821 2e-06 -1.69759 -22.591738 -6.194003 -1e-06 -2e-06 -2e-06 -9.911147 -89.212669 -154.440094 78.279808 -22.187748 -99.437347 23.569336 -0.55758 0.016775 1.305429 4.45191 -62.380924 22.182112 -20.375895 49.933308 -16.701811 -16.743528 28.476524 -3e-06 -12.6906 -1e-06 14.625537 -16.392321 3.5811 -0.105919 -1.513854 -4.275878 -5.039041 -5.612871 -2.953556 3e-06 -11.02052 -0.0 -6.111296 -15.89533 -3.840468 0.0 0.0 -1e-06 -10.283369 -5.680286 -4.341839 11.028294 -11.302402 -2.372631 -1.38427 -14.238577 -6.320118 -0.625438 -26.924183 -3.827599 -4.48242 -47.73407 -2.626661 -13.708522 -7.363472 -3.720939 18.141146 -14.052737 -3.242672 5e-06 -18.787266 0.0 -0.429712 -8.456038 2.555503 2e-06 -1e-06 1e-06 -15.923534 -20.094479 -5.473581 30.419205 -7.190827 1.735924 3e-06 -8.162924 -0.0 -1.861901 -22.861469 -6.16794 1e-06 -3e-06 -1e-06 -171.837341 -2.107497 -21.775663 8.983658 -0.011589 -0.049431 -81.559982 -5.298091 -6.122044 -5.464403 1.412002 2.132469 -0.999999 0.0 -0.0 -0.152518 -1.34978 -3.994297 16.820404 0.004188 0.093735 -82.00412 2.488774 -2.015792 -6.255178 0.591463 1.600285 -1.000002 0.0 0.0 
0.0 0.0 0.0 0.0 -0.0 0.0 -1.063605 99.594269 1.341657 88.622139 3.404475 73.032349 -3.9145 -1.513639 -0.302217 -12.690259 -1.809402 -2.017726 24.05789 0.404273 -4.171653 24.267902 5.131247 1.97547 -2.617766 -0.614182 -9.15476 -31.541367 -1.728889 -11.497242 6e-06 -1e-06 -2e-06 -0.000846 0.01059 -0.022377 0.04452 0.014411 -0.011088 0.015623 0.010625 -0.060586 -0.761694 -79.907944 15.376475 108.281464 -26.535206 -65.021179 40.489746 -0.232897 0.602972 -16.166712 8.4322 -79.895172 17.636625 -26.322741 52.411198 -19.466665 -14.395604 29.410395 0.0 -8.774822 -1e-06 13.781255 -17.696053 8.20253 -0.609776 -1.795653 -3.889329 -4.807089 -11.046814 -2.937849 4e-06 -20.976023 1e-06 -5.019973 -25.033564 -4.031882 6e-06 -1e-06 1e-06 -10.634535 -5.686971 -3.565589 10.573277 -17.922955 -3.113902 3e-06 -13.821214 2e-06 -0.501779 -31.181511 -4.027017 -11.815911 -59.45985 7.512758 -13.982714 -7.1502 -2.875042 13.772731 -8.401492 -3.218244 0.347736 -34.211555 0.771653 -0.96303 -17.73337 2.621021 0.0 -0.0 -1e-06 -17.34642 -20.095222 -4.201779 21.757561 -1.638375 3.866427 0.0 -6.338825 2e-06 -1.697589 -22.591749 -6.194006 -1e-06 -2e-06 -3e-06 -10.922423 -89.057259 -153.401947 78.100914 -22.271755 -99.218742 23.714844 -0.551425 0.012741 1.561953 4.533118 -62.757294 22.182114 -20.375896 49.933327 -16.701809 -16.74353 28.476532 -3e-06 -12.6906 -1e-06 14.646304 -16.388157 3.577428 -0.105923 -1.513857 -4.275882 -5.039043 -5.612871 -2.953557 2e-06 -11.02052 -2e-06 -6.111295 -15.89533 -3.840472 2e-06 -1e-06 0.0 -10.283367 -5.680288 -4.34184 11.028292 -11.302404 -2.372634 -1.384268 -14.238581 -6.320124 -0.62544 -26.924187 -3.827605 -4.497306 -47.754742 -2.602618 -13.708526 -7.363476 -3.720941 18.141146 -14.052737 -3.242675 4e-06 -18.78727 -3e-06 -0.42971 -8.456041 2.555502 1e-06 -1e-06 1e-06 -15.923536 -20.094484 -5.473587 30.41921 -7.190824 1.735927 3e-06 -8.162925 -2e-06 -1.861903 -22.861469 -6.167943 1e-06 -2e-06 -1e-06 -171.85556 -2.138714 -21.822969 8.994253 -0.015437 -0.042263 -81.543137 -5.274605 -6.176723 -5.473657 1.421237 2.135412 -0.999999 0.0 -0.0 -0.18647 -1.322112 -3.989198 16.86795 0.005238 0.089954 -82.029488 2.517989 -2.004863 -6.2799 0.592387 1.600234 -1.000002 -0.0 0.0 
0.0 0.0 0.0 0.0 -0.0 0.0 -1.117368 99.591682 1.312096 88.638016 3.411386 73.083168 -3.945142 -1.529282 -0.298617 -12.677926 -1.790127 -1.988328 24.02544 0.40837 -4.155953 24.252501 5.025392 1.951538 -2.6238 -0.614019 -9.166849 -31.43886 -1.738108 -11.522933 6e-06 -0.0 -0.0 -0.002171 0.009299 -0.025647 0.042239 0.012881 -0.01274 0.013154 0.009566 -0.065044 -0.943314 -79.925827 15.521967 108.222931 -26.646759 -65.257767 40.638165 -0.301131 0.586183 -15.874926 8.334738 -80.17054 17.636631 -26.322733 52.411201 -19.466665 -14.395602 29.410395 1e-06 -8.774824 -3e-06 13.832041 -17.731253 8.151403 -0.609774 -1.795654 -3.889329 -4.807091 -11.046812 -2.937847 4e-06 -20.976019 -0.0 -5.019972 -25.03356 -4.031882 8e-06 -2e-06 1e-06 -10.634535 -5.686972 -3.565588 10.573277 -17.922955 -3.113901 2e-06 -13.821213 1e-06 -0.501779 -31.181511 -4.027022 -11.842381 -59.435837 7.529729 -13.982718 -7.1502 -2.87504 13.772733 -8.40149 -3.218244 0.347733 -34.211559 0.771655 -0.963029 -17.733372 2.621021 -0.0 -1e-06 0.0 -17.346422 -20.095222 -4.201779 21.757561 -1.638373 3.866428 -2e-06 -6.338825 2e-06 -1.697592 -22.591751 -6.194005 -0.0 -3e-06 -3e-06 -10.514957 -88.930641 -153.764526 78.020645 -22.460737 -99.087982 24.023945 -0.55887 -0.001759 1.792801 4.577376 -63.00687 22.182116 -20.375898 49.933346 -16.701822 -16.743532 28.476543 -4e-06 -12.690607 -1e-06 14.659154 -16.395678 3.584544 -0.105919 -1.513857 -4.275884 -5.039047 -5.612874 -2.953557 3e-06 -11.020525 -1e-06 -6.111297 -15.895334 -3.840473 0.0 -0.0 0.0 -10.283374 -5.68029 -4.341841 11.028297 -11.302409 -2.372636 -1.384267 -14.238586 -6.320125 -0.625436 -26.924202 -3.827605 -4.513688 -47.763008 -2.571435 -13.708528 -7.363481 -3.720941 18.141159 -14.052741 -3.242677 4e-06 -18.787273 -3e-06 -0.42971 -8.456045 2.555505 1e-06 -1e-06 -0.0 -15.923539 -20.094494 -5.473589 30.419224 -7.190827 1.735926 3e-06 -8.162927 -2e-06 -1.861902 -22.861473 -6.167945 -0.0 -2e-06 -1e-06 -171.893539 -2.175033 -21.787502 9.049083 -0.020353 -0.035952 -81.538689 -5.27328 -6.232971 -5.463964 1.419712 2.134795 -0.999999 0.0 0.0 -0.213365 -1.298766 -4.018324 16.924301 0.001327 0.09335 -82.057823 2.506873 -1.997037 -6.280842 0.602353 1.60134 -1.000001 -0.0 0.0 
0.0 0.0 0.0 0.0 -0.0 0.0 -1.167628 99.592697 1.275774 88.663193 3.423372 73.168823 -3.963251 -1.549468 -0.306382 -12.679386 -1.768677 -1.96061 24.007973 0.409892 -4.132599 24.210119 4.920903 1.933885 -2.622704 -0.610802 -9.157874 -31.379173 -1.732073 -11.535919 6e-06 -0.0 -0.0 -0.006635 0.006677 -0.035971 0.033863 0.012283 -0.0219 0.002435 0.005063 -0.076522 -1.28631 -79.926102 15.83175 108.169846 -26.798576 -65.602974 40.832775 -0.392518 0.575349 -15.555312 8.274947 -80.48127 17.636631 -26.322729 52.411186 -19.466658 -14.395598 29.410389 1e-06 -8.774821 -0.0 13.831855 -17.712555 8.147377 -0.609778 -1.795654 -3.889327 -4.807087 -11.046808 -2.93785 6e-06 -20.976017 -1e-06 -5.019971 -25.033556 -4.031882 7e-06 -2e-06 1e-06 -10.634537 -5.686972 -3.565588 10.573275 -17.922951 -3.1139 2e-06 -13.821211 2e-06 -0.501778 -31.181507 -4.027016 -11.832506 -59.411945 7.535011 -13.982714 -7.1502 -2.875041 13.772733 -8.401489 -3.218241 0.34773 -34.211555 0.771654 -0.963031 -17.733368 2.62102 2e-06 -0.0 1e-06 -17.346418 -20.095219 -4.201782 21.757557 -1.638373 3.866428 1e-06 -6.338823 1e-06 -1.697592 -22.591747 -6.194007 2e-06 -3e-06 -3e-06 -9.365554 -88.826805 -154.847641 78.015312 -22.740379 -99.004257 24.497986 -0.562567 -0.042184 1.938044 4.58468 -63.188301 22.182114 -20.375904 49.933342 -16.701815 -16.74353 28.476536 -3e-06 -12.690606 -1e-06 14.647738 -16.397961 3.598432 -0.105917 -1.513855 -4.27588 -5.039045 -5.612873 -2.953557 2e-06 -11.020524 -1e-06 -6.111301 -15.895334 -3.840469 0.0 -0.0 0.0 -10.283374 -5.680289 -4.341837 11.028299 -11.302406 -2.372633 -1.38427 -14.238584 -6.320123 -0.625439 -26.924194 -3.827602 -4.503114 -47.723934 -2.562021 -13.708529 -7.363478 -3.720939 18.141155 -14.05274 -3.242674 6e-06 -18.787271 -2e-06 -0.429712 -8.456043 2.555505 -0.0 -1e-06 0.0 -15.923539 -20.094484 -5.473583 30.419218 -7.190827 1.735927 6e-06 -8.162925 -1e-06 -1.861905 -22.861473 -6.167942 -0.0 -1e-06 -0.0 -171.915146 -2.191557 -21.676315 9.044403 -0.02216 -0.037663 -81.499252 -5.2911 -6.272726 -5.449672 1.41255 2.131857 -0.999999 0.0 0.0 -0.228017 -1.287982 -4.08824 16.959822 -0.004904 0.107561 -82.074715 2.500719 -1.970219 -6.256476 0.61361 1.60159 -1.000002 -0.0 0.0 
0.0 0.0 0.0 0.0 -0.0 0.0 -1.206313 99.601532 1.239291 88.693184 3.444555 73.277351 -3.965562 -1.566116 -0.320775 -12.690284 -1.752581 -1.937641 23.992874 0.408623 -4.096656 24.135754 4.812608 1.92669 -2.623353 -0.600304 -9.15486 -31.3449 -1.713175 -11.53593 6e-06 -0.0 -0.0 -0.013574 0.004337 -0.040001 0.021464 0.012363 -0.026205 -0.013181 0.000505 -0.080467 -1.588879 -79.921967 16.136303 108.136742 -26.964918 -65.968697 41.019257 -0.458039 0.576212 -15.258979 8.234804 -80.784615 17.636618 -26.322737 52.411205 -19.46666 -14.395598 29.410395 1e-06 -8.774822 -2e-06 13.829635 -17.657495 8.148321 -0.609777 -1.795653 -3.889329 -4.807091 -11.046807 -2.93785 3e-06 -20.976011 -1e-06 -5.019969 -25.033552 -4.031883 7e-06 -1e-06 2e-06 -10.634533 -5.68697 -3.565588 10.573272 -17.922947 -3.113903 2e-06 -13.821206 1e-06 -0.50178 -31.181498 -4.027017 -11.756829 -59.410831 7.476757 -13.982714 -7.150198 -2.875042 13.772729 -8.401488 -3.218241 0.347734 -34.211544 0.771654 -0.96303 -17.733362 2.621019 1e-06 -1e-06 1e-06 -17.346418 -20.095213 -4.201781 21.757557 -1.638373 3.866428 0.0 -6.338821 2e-06 -1.69759 -22.59174 -6.194006 -2e-06 -3e-06 -3e-06 -7.995879 -88.73793 -156.114944 78.081795 -23.073767 -99.032997 25.053276 -0.541004 -0.10043 2.041544 4.52016 -63.368965 22.182121 -20.375891 49.933319 -16.701817 -16.743525 28.47653 -2e-06 -12.690605 -1e-06 14.630505 -16.412006 3.618167 -0.105919 -1.513857 -4.275882 -5.039044 -5.612873 -2.953557 3e-06 -11.020525 -2e-06 -6.111295 -15.895334 -3.840472 0.0 -1e-06 -0.0 -10.283373 -5.68029 -4.341838 11.028299 -11.302406 -2.372633 -1.384268 -14.238583 -6.320122 -0.625437 -26.924191 -3.827605 -4.475354 -47.700592 -2.573877 -13.708526 -7.363477 -3.720939 18.141153 -14.052739 -3.242676 8e-06 -18.78727 -6e-06 -0.429711 -8.456041 2.555501 1e-06 -1e-06 1e-06 -15.923536 -20.094486 -5.473587 30.419218 -7.190827 1.735926 4e-06 -8.162924 -2e-06 -1.861902 -22.861469 -6.167946 -1e-06 -2e-06 0.0 -171.866165 -2.169326 -21.528214 8.883616 -0.018259 -0.042531 -81.383331 -5.332641 -6.289594 -5.437328 1.403206 2.127534 -0.999999 -0.0 -0.0 -0.200752 -1.284906 -4.14354 16.926664 -0.012205 0.126217 -82.057724 2.48185 -1.937643 -6.211586 0.619437 1.59999 -1.000003 0.0 0.0 
0.0 0.0 0.0 0.0 -0.0 0.0 -1.230638 99.616043 1.189962 88.729065 3.471381 73.431709 -3.952882 -1.572711 -0.331888 -12.698881 -1.743338 -1.923032 23.974405 0.402879 -4.070118 24.014807 4.706474 1.9256 -2.626563 -0.576243 -9.151546 -31.320925 -1.688109 -11.514063 7e-06 -0.0 -2e-06 -0.020909 0.002981 -0.039378 0.005923 0.012146 -0.028107 -0.032341 -0.001784 -0.077661 -1.630132 -79.901176 16.184237 108.154579 -27.171131 -66.337326 41.18858 -0.465684 0.572803 -15.036711 8.1937 -80.982697 17.636621 -26.32271 52.41116 -19.466661 -14.395597 29.410378 1e-06 -8.774819 -2e-06 13.804844 -17.590019 8.153084 -0.609775 -1.795654 -3.889326 -4.807088 -11.046809 -2.93785 5e-06 -20.976011 -2e-06 -5.01997 -25.033552 -4.031883 6e-06 -2e-06 1e-06 -10.634531 -5.68697 -3.565585 10.57327 -17.922947 -3.113903 3e-06 -13.821205 -0.0 -0.501775 -31.181494 -4.027019 -11.623774 -59.40163 7.367275 -13.982712 -7.150198 -2.875039 13.77273 -8.401489 -3.21824 0.347735 -34.21154 0.771649 -0.963026 -17.733362 2.621015 0.0 -0.0 -1e-06 -17.346415 -20.095217 -4.201779 21.757555 -1.638373 3.866426 0.0 -6.338822 1e-06 -1.697588 -22.59174 -6.19401 -1e-06 -3e-06 -3e-06 -5.792387 -88.668076 -158.194016 78.18441 -23.433643 -99.199776 25.613676 -0.530556 -0.163387 2.11073 4.414029 -63.434181 22.182112 -20.375898 49.933315 -16.701813 -16.74353 28.47653 -3e-06 -12.6906 0.0 14.623065 -16.463348 3.620414 -0.105919 -1.513856 -4.275882 -5.039041 -5.612871 -2.953556 4e-06 -11.020519 -2e-06 -6.111292 -15.895329 -3.840471 -0.0 -1e-06 1e-06 -10.283367 -5.680288 -4.341839 11.028296 -11.302406 -2.372633 -1.384267 -14.238579 -6.32012 -0.625438 -26.924191 -3.8276 -4.433635 -47.7211 -2.61566 -13.708518 -7.363474 -3.720941 18.141146 -14.052738 -3.242673 6e-06 -18.787268 -0.0 -0.429713 -8.456039 2.555504 2e-06 -2e-06 0.0 -15.923528 -20.094479 -5.473586 30.419205 -7.190827 1.735924 3e-06 -8.162925 -1e-06 -1.861902 -22.861467 -6.167941 1e-06 -3e-06 0.0 -171.804047 -2.132536 -21.379913 8.667626 -0.013479 -0.043289 -81.229492 -5.329686 -6.27996 -5.436197 1.391815 2.12197 -0.999999 -0.0 -0.0 -0.153337 -1.290448 -4.207078 16.8501 -0.020743 0.142669 -82.013611 2.456301 -1.927222 -6.161521 0.623671 1.599345 -1.000002 0.0 -0.0 
0.0 0.0 0.0 0.0 -0.0 0.0 -1.24661 99.629471 1.129776 88.772125 3.51534 73.653351 -3.919257 -1.572952 -0.342592 -12.701513 -1.745278 -1.9306 23.952499 0.390382 -4.067622 23.875635 4.630963 1.932068 -2.639936 -0.549865 -9.106434 -31.309816 -1.676381 -11.472814 6e-06 -1e-06 -4e-06 -0.026116 0.003089 -0.034291 -0.007596 0.011791 -0.025968 -0.048493 -0.00107 -0.069825 -1.315249 -79.86129 15.860909 108.229767 -27.417458 -66.708595 41.324081 -0.444024 0.572941 -14.88732 8.136062 -80.740646 17.636641 -26.322735 52.411182 -19.466654 -14.395594 29.410378 1e-06 -8.77482 -2e-06 13.75349 -17.544521 8.16764 -0.60978 -1.795653 -3.889327 -4.807091 -11.046813 -2.93785 3e-06 -20.976019 1e-06 -5.019973 -25.033558 -4.031879 7e-06 -3e-06 1e-06 -10.634534 -5.686968 -3.565587 10.573274 -17.922953 -3.113896 2e-06 -13.821211 4e-06 -0.501783 -31.181505 -4.027011 -11.508541 -59.369808 7.273716 -13.982717 -7.150196 -2.875043 13.772728 -8.401489 -3.218237 0.34773 -34.211555 0.771658 -0.963031 -17.73337 2.621019 0.0 -1e-06 0.0 -17.346422 -20.095215 -4.20178 21.757557 -1.638376 3.866431 0.0 -6.338824 2e-06 -1.697591 -22.591745 -6.194004 -1e-06 -3e-06 -3e-06 -2.689531 -88.622719 -161.204895 78.296021 -23.828485 -99.421394 26.124189 -0.51198 -0.189308 2.104954 4.339853 -63.32851 22.182102 -20.375885 49.933319 -16.70182 -16.743526 28.476538 -4e-06 -12.6906 2e-06 14.611505 -16.534914 3.617707 -0.105917 -1.513856 -4.275883 -5.039043 -5.612873 -2.953557 4e-06 -11.020523 -3e-06 -6.111293 -15.895334 -3.840472 0.0 -1e-06 0.0 -10.283369 -5.680288 -4.341838 11.028292 -11.302406 -2.372635 -1.384268 -14.238583 -6.320123 -0.625436 -26.924191 -3.827605 -4.41142 -47.77404 -2.658765 -13.708526 -7.363479 -3.720939 18.14115 -14.052739 -3.242678 9e-06 -18.78727 -4e-06 -0.429709 -8.45604 2.555501 2e-06 -2e-06 -1e-06 -15.923532 -20.094484 -5.473586 30.419205 -7.190826 1.735921 4e-06 -8.162924 -2e-06 -1.8619 -22.861467 -6.167944 -0.0 -4e-06 -2e-06 -171.766708 -2.100627 -21.248703 8.504966 -0.012313 -0.033854 -81.091049 -5.245841 -6.237119 -5.434302 1.382728 2.118477 -0.999998 0.0 0.0 -0.095515 -1.310641 -4.311512 16.785748 -0.03018 0.15579 -81.976456 2.425907 -1.929996 -6.096056 0.625858 1.601241 -1.000002 0.0 0.0 
0.0 0.0 0.0 0.0 -0.0 0.0 -1.256896 99.641808 1.066745 88.827179 3.569084 73.924919 -3.879992 -1.578486 -0.347396 -12.704317 -1.751011 -1.952977 23.931845 0.375391 -4.087581 23.744822 4.593369 1.939159 -2.652258 -0.513793 -9.019579 -31.297016 -1.667975 -11.371858 5e-06 -0.0 -2e-06 -0.027951 0.003265 -0.035273 -0.011562 0.011214 -0.028052 -0.053673 -4.9e-05 -0.069853 -0.792659 -79.807983 15.366744 108.3517 -27.634871 -67.00396 41.422802 -0.448225 0.573617 -14.830977 8.071534 -80.07045 17.636623 -26.322735 52.411182 -19.466661 -14.3956 29.410385 0.0 -8.774817 0.0 13.700864 -17.530878 8.18958 -0.609773 -1.795653 -3.889325 -4.807089 -11.046807 -2.937848 5e-06 -20.976015 2e-06 -5.01997 -25.033552 -4.031878 6e-06 -1e-06 1e-06 -10.634531 -5.686968 -3.565585 10.573271 -17.922947 -3.113899 3e-06 -13.821209 3e-06 -0.501781 -31.181505 -4.027012 -11.478335 -59.339283 7.26662 -13.982711 -7.150195 -2.875041 13.772726 -8.401491 -3.218241 0.347732 -34.211544 0.771656 -0.963029 -17.733366 2.621021 0.0 1e-06 -1e-06 -17.346413 -20.095211 -4.201777 21.757555 -1.638375 3.866427 0.0 -6.338823 1e-06 -1.697592 -22.591743 -6.194002 -1e-06 -2e-06 -4e-06 0.844463 -88.579758 -164.702026 78.37101 -24.212866 -99.62178 26.498938 -0.495791 -0.17809 1.979467 4.352963 -63.033916 22.182117 -20.375895 49.933319 -16.701815 -16.743528 28.47653 -3e-06 -12.690601 -1e-06 14.580024 -16.580168 3.632893 -0.105918 -1.513857 -4.275882 -5.039042 -5.612874 -2.953556 4e-06 -11.020523 -2e-06 -6.111297 -15.895332 -3.840473 -0.0 -1e-06 1e-06 -10.28337 -5.68029 -4.34184 11.028296 -11.302406 -2.372633 -1.384268 -14.238582 -6.320122 -0.625436 -26.924191 -3.827604 -4.393623 -47.81208 -2.704848 -13.708523 -7.363477 -3.72094 18.14115 -14.052741 -3.242676 9e-06 -18.787271 -3e-06 -0.42971 -8.456045 2.555503 -0.0 0.0 0.0 -15.923536 -20.094486 -5.473586 30.41921 -7.190828 1.735925 4e-06 -8.162925 -1e-06 -1.861898 -22.861469 -6.167944 -0.0 -2e-06 -0.0 -171.742126 -2.056822 -21.07683 8.359749 -0.012555 -0.026292 -80.955688 -5.15302 -6.166945 -5.458608 1.377318 2.11793 -0.999999 -0.0 -0.0 -0.035646 -1.35038 -4.432436 16.739891 -0.032921 0.166152 -81.952438 2.373379 -1.926228 -6.046491 0.62443 1.604282 -1.000001 0.0 0.0 
0.0 0.0 0.0 0.0 -0.0 0.0 -1.257361 99.653076 1.002385 88.885948 3.629005 74.247406 -3.841414 -1.584734 -0.34604 -12.705901 -1.762027 -1.982473 23.912043 0.370393 -4.128289 23.625135 4.595934 1.947214 -2.653302 -0.482863 -8.92054 -31.26639 -1.666379 -11.240872 6e-06 -0.0 0.0 -0.027998 0.003114 -0.039714 -0.008083 0.011551 -0.033093 -0.050797 -0.000578 -0.073726 -0.113647 -79.722389 14.760589 108.537056 -27.772028 -67.1576 41.461597 -0.446387 0.572669 -14.872506 7.94773 -79.273621 17.636635 -26.322733 52.411186 -19.466661 -14.395597 29.410389 -0.0 -8.774821 -2e-06 13.641036 -17.543402 8.220306 -0.609776 -1.795654 -3.889326 -4.807087 -11.046809 -2.937849 6e-06 -20.976019 2e-06 -5.019971 -25.033556 -4.031878 6e-06 -2e-06 1e-06 -10.634535 -5.686972 -3.565587 10.573276 -17.922955 -3.1139 3e-06 -13.821213 3e-06 -0.501776 -31.181511 -4.027016 -11.504273 -59.31649 7.30183 -13.982712 -7.150195 -2.875041 13.772731 -8.401495 -3.218243 0.347734 -34.211555 0.771659 -0.963029 -17.73337 2.621021 -0.0 -1e-06 -1e-06 -17.346415 -20.095217 -4.201782 21.757555 -1.638378 3.866428 1e-06 -6.338824 1e-06 -1.697585 -22.591745 -6.19401 0.0 -2e-06 -3e-06 4.114484 -88.549637 -167.957199 78.423981 -24.552677 -99.816116 26.742146 -0.444264 -0.141607 1.812331 4.427874 -62.674973 22.18211 -20.375895 49.933308 -16.701811 -16.743525 28.476522 -4e-06 -12.690598 1e-06 14.532043 -16.60873 3.65364 -0.105919 -1.513857 -4.275881 -5.039041 -5.612871 -2.953557 4e-06 -11.02052 -1e-06 -6.111295 -15.89533 -3.84047 -0.0 0.0 -0.0 -10.283369 -5.680286 -4.341837 11.028293 -11.302405 -2.372633 -1.384266 -14.238579 -6.320119 -0.625435 -26.924183 -3.8276 -4.39621 -47.871021 -2.740716 -13.708522 -7.363475 -3.720939 18.14115 -14.052739 -3.242676 8e-06 -18.78727 -3e-06 -0.429712 -8.456043 2.555503 3e-06 -1e-06 1e-06 -15.923532 -20.094482 -5.473584 30.41921 -7.190827 1.735924 4e-06 -8.162922 -1e-06 -1.861897 -22.861469 -6.167942 -1e-06 -1e-06 -1e-06 -171.739624 -2.015556 -20.89743 8.255818 -0.01224 -0.018092 -80.837112 -5.038863 -6.066788 -5.480156 1.378712 2.120377 -1.0 -0.0 -0.0 0.032247 -1.396063 -4.555624 16.697708 -0.036589 0.171456 -81.934311 2.28453 -1.915162 -6.011981 0.622182 1.607054 -1.000003 0.0 0.0 
0.0 0.0 0.0 0.0 -0.0 0.0 -1.237523 99.664459 0.926565 88.950371 3.672202 74.614227 -3.824656 -1.594189 -0.330478 -12.705182 -1.784904 -2.028968 23.897274 0.387759 -4.172699 23.544529 4.637441 1.972139 -2.651794 -0.459525 -8.82915 -31.211971 -1.693903 -11.131162 5e-06 0.0 0.0 -0.027949 0.002378 -0.047152 0.000892 0.012494 -0.039677 -0.039426 -0.003104 -0.08189 0.759149 -79.605873 13.961773 108.788742 -27.838652 -67.180504 41.44096 -0.395221 0.552458 -14.938402 7.737976 -78.590042 17.636637 -26.322744 52.411213 -19.466665 -14.395602 29.410395 1e-06 -8.774825 -2e-06 13.598842 -17.575947 8.241391 -0.609777 -1.795654 -3.889329 -4.807091 -11.046813 -2.93785 4e-06 -20.976021 -0.0 -5.019973 -25.033562 -4.031882 7e-06 -1e-06 -1e-06 -10.634537 -5.686972 -3.56559 10.573277 -17.922951 -3.113902 3e-06 -13.821212 2e-06 -0.501781 -31.181511 -4.027013 -11.568001 -59.343697 7.35296 -13.982719 -7.1502 -2.875044 13.772732 -8.401494 -3.218244 0.347734 -34.211559 0.771656 -0.963032 -17.733372 2.621019 1e-06 0.0 1e-06 -17.346424 -20.095221 -4.201784 21.757566 -1.638376 3.86643 -2e-06 -6.338825 2e-06 -1.69759 -22.591749 -6.194009 -1e-06 -1e-06 -4e-06 6.781925 -88.532333 -170.608826 78.418083 -24.822023 -100.002357 26.875439 -0.383246 -0.115657 1.610336 4.510392 -62.331268 22.182119 -20.375895 49.933323 -16.701813 -16.74353 28.476532 -2e-06 -12.690604 0.0 14.469814 -16.621975 3.668029 -0.10592 -1.513858 -4.275882 -5.039044 -5.612873 -2.953557 3e-06 -11.020523 -2e-06 -6.1113 -15.89533 -3.840471 -0.0 -0.0 1e-06 -10.283373 -5.680289 -4.341839 11.028297 -11.302406 -2.372633 -1.384269 -14.238582 -6.320121 -0.625442 -26.924191 -3.827603 -4.403167 -47.924103 -2.764285 -13.708526 -7.363478 -3.720939 18.141153 -14.052739 -3.242675 5e-06 -18.787271 -2e-06 -0.429711 -8.456043 2.555504 2e-06 -0.0 2e-06 -15.923536 -20.094492 -5.473586 30.419218 -7.190825 1.735926 4e-06 -8.162922 -1e-06 -1.861901 -22.861469 -6.167944 0.0 -3e-06 -1e-06 -171.808838 -1.986447 -20.711349 8.2403 -0.009844 -0.007169 -80.753029 -4.904476 -5.945868 -5.495448 1.387319 2.125657 -0.999999 0.0 -0.0 0.071703 -1.450973 -4.689745 16.664783 -0.039731 0.165922 -81.912704 2.169852 -1.928279 -5.988321 0.616812 1.609112 -1.0 -0.0 -0.0 
0.0 0.0 0.0 0.0 -0.0 0.0 -1.20038 99.669846 0.844306 89.016144 3.705168 74.98394 -3.835521 -1.614283 -0.305615 -12.691249 -1.808032 -2.069085 23.881348 0.432146 -4.213284 23.527363 4.69932 2.013525 -2.652641 -0.443812 -8.742718 -31.14007 -1.735751 -11.010515 6e-06 0.0 -0.0 -0.02607 0.001768 -0.053192 0.018217 0.013073 -0.042579 -0.01793 -0.00516 -0.090693 1.626155 -79.484703 13.138623 109.047424 -27.859001 -67.103081 41.398422 -0.346234 0.541587 -14.960109 7.42259 -78.2369 17.636639 -26.322737 52.41119 -19.466658 -14.395597 29.410389 -1e-06 -8.774821 -3e-06 13.668656 -17.62475 8.216531 -0.609778 -1.795654 -3.889328 -4.807087 -11.046809 -2.937848 6e-06 -20.976019 1e-06 -5.019974 -25.03356 -4.031875 7e-06 -2e-06 1e-06 -10.634535 -5.686971 -3.565589 10.573277 -17.922951 -3.113899 5e-06 -13.821213 4e-06 -0.501777 -31.181507 -4.027012 -11.662868 -59.436417 7.440033 -13.982714 -7.150194 -2.875043 13.772731 -8.401494 -3.21824 0.347732 -34.211555 0.771659 -0.963031 -17.73337 2.621021 1e-06 -0.0 2e-06 -17.346415 -20.095217 -4.201784 21.757557 -1.638376 3.86643 1e-06 -6.338823 2e-06 -1.697589 -22.591745 -6.194005 0.0 -3e-06 -2e-06 8.623951 -88.525146 -172.431046 78.322838 -25.021919 -100.187332 26.888037 -0.390635 -0.129837 1.415663 4.547548 -62.039272 22.182116 -20.375895 49.933327 -16.701818 -16.74353 28.476538 -3e-06 -12.6906 1e-06 14.424359 -16.597313 3.664752 -0.105919 -1.513856 -4.275882 -5.039041 -5.612874 -2.953558 4e-06 -11.020525 -1e-06 -6.111301 -15.895334 -3.840471 -0.0 -0.0 0.0 -10.283368 -5.680289 -4.341839 11.028297 -11.302407 -2.372635 -1.384269 -14.238585 -6.320122 -0.625437 -26.924194 -3.827604 -4.407901 -47.890812 -2.771482 -13.708524 -7.363477 -3.720941 18.14115 -14.052741 -3.242678 7e-06 -18.787273 -5e-06 -0.429711 -8.456043 2.555502 -0.0 -0.0 2e-06 -15.923536 -20.09449 -5.473586 30.419214 -7.190827 1.735925 5e-06 -8.162927 -1e-06 -1.861897 -22.861473 -6.167946 -0.0 -2e-06 -1e-06 -171.962234 -1.980047 -20.540167 8.380777 -0.005719 -0.003846 -80.744606 -4.743979 -5.821376 -5.515772 1.404511 2.131896 -0.999998 -0.0 0.0 0.063416 -1.519584 -4.822877 16.694813 -0.037651 0.15452 -81.914635 2.038754 -1.961661 -5.990154 0.612875 1.611744 -1.000002 0.0 -0.0 
0.0 0.0 0.0 0.0 -0.0 0.0 -1.147672 99.666054 0.760535 89.080025 3.734409 75.331894 -3.876061 -1.643547 -0.274455 -12.674241 -1.828243 -2.089832 23.878414 0.496588 -4.254226 23.570982 4.758164 2.044525 -2.654667 -0.431274 -8.625826 -31.025684 -1.780755 -10.86774 6e-06 0.0 1e-06 -0.021453 0.002805 -0.046036 0.042999 0.015589 -0.029235 0.00813 -0.005677 -0.089022 2.265798 -79.393661 12.47965 109.276825 -27.860031 -66.964867 41.351498 -0.290532 0.538647 -14.926812 6.963204 -78.068619 17.636637 -26.322725 52.411182 -19.466656 -14.395598 29.410389 1e-06 -8.774821 -1e-06 13.86564 -17.685333 8.092469 -0.609776 -1.795652 -3.889328 -4.807091 -11.046809 -2.93785 4e-06 -20.976019 -1e-06 -5.019974 -25.033558 -4.031882 7e-06 0.0 1e-06 -10.634533 -5.68697 -3.565588 10.573275 -17.922947 -3.1139 2e-06 -13.821209 2e-06 -0.501782 -31.181498 -4.027018 -11.732499 -59.495689 7.486051 -13.982716 -7.150197 -2.875042 13.772731 -8.40149 -3.218242 0.347729 -34.211555 0.771655 -0.963028 -17.733368 2.621018 -1e-06 -0.0 0.0 -17.346422 -20.095217 -4.201782 21.757559 -1.638375 3.866429 -2e-06 -6.338822 2e-06 -1.697592 -22.591743 -6.194004 -0.0 -2e-06 -5e-06 9.162676 -88.488838 -172.930405 78.143356 -25.126896 -100.362923 26.855122 -0.472888 -0.170594 1.155763 4.560068 -61.865818 22.182104 -20.375895 49.933327 -16.701817 -16.74353 28.476538 -4e-06 -12.690599 1e-06 14.434977 -16.546146 3.635629 -0.105918 -1.513855 -4.275882 -5.039044 -5.612873 -2.953556 4e-06 -11.020525 -2e-06 -6.111298 -15.895334 -3.840471 1e-06 -0.0 -1e-06 -10.283367 -5.680287 -4.341839 11.028295 -11.302404 -2.372634 -1.384266 -14.238581 -6.320121 -0.625437 -26.924194 -3.827604 -4.409813 -47.761517 -2.75304 -13.708521 -7.363474 -3.720938 18.141146 -14.052739 -3.242676 9e-06 -18.78727 -4e-06 -0.429711 -8.456043 2.555505 1e-06 2e-06 1e-06 -15.923532 -20.094482 -5.473586 30.419214 -7.190825 1.735923 3e-06 -8.162926 0.0 -1.861901 -22.861469 -6.167945 -0.0 -3e-06 -1e-06 -172.201431 -1.997266 -20.395905 8.706842 -0.002132 -0.004961 -80.828156 -4.579137 -5.689799 -5.552118 1.436389 2.141519 -1.0 -0.0 -0.0 0.003574 -1.603596 -4.951655 16.812574 -0.031136 0.1419 -81.953827 1.918752 -2.026204 -6.029 0.60162 1.61152 -1.000002 0.0 -0.0 
0.0 0.0 0.0 0.0 -0.0 0.0 -1.09596 99.659599 0.661485 89.151093 3.753416 75.694717 -3.942537 -1.684522 -0.257864 -12.669477 -1.834335 -2.090116 23.893541 0.56396 -4.298298 23.661695 4.786545 2.043858 -2.663956 -0.418591 -8.48153 -30.89975 -1.837664 -10.70683 6e-06 0.0 -0.0 -0.017591 0.006113 -0.021704 0.067888 0.017856 0.002538 0.03103 -0.00121 -0.071376 2.80654 -79.309456 11.853751 109.405998 -27.86747 -66.796707 41.338135 -0.235134 0.573286 -14.821948 6.478122 -77.950371 17.636635 -26.322727 52.411179 -19.46666 -14.3956 29.410381 1e-06 -8.774821 -2e-06 14.095497 -17.75989 7.926034 -0.609775 -1.795653 -3.889326 -4.807089 -11.046809 -2.937849 5e-06 -20.976015 -0.0 -5.019971 -25.033552 -4.031882 6e-06 -1e-06 1e-06 -10.634537 -5.686968 -3.565585 10.573277 -17.922947 -3.113901 3e-06 -13.821209 1e-06 -0.501777 -31.181505 -4.027017 -11.740661 -59.497395 7.456861 -13.982714 -7.150197 -2.87504 13.772726 -8.401489 -3.21824 0.347735 -34.211544 0.771651 -0.963028 -17.73337 2.621018 0.0 -0.0 0.0 -17.346413 -20.095211 -4.20178 21.757555 -1.638376 3.866428 -1e-06 -6.338821 1e-06 -1.69759 -22.591738 -6.194004 -1e-06 -3e-06 -2e-06 11.100267 -88.414024 -174.846344 77.995888 -25.234032 -100.487236 26.958273 -0.585471 -0.207988 0.87458 4.645971 -61.966618 22.182108 -20.375895 49.933304 -16.701813 -16.743528 28.476524 -4e-06 -12.690603 1e-06 14.514924 -16.499674 3.574276 -0.10592 -1.513856 -4.275881 -5.039042 -5.61287 -2.953556 5e-06 -11.020523 -0.0 -6.111297 -15.89533 -3.840468 -1e-06 -1e-06 1e-06 -10.283366 -5.680286 -4.341836 11.028291 -11.302406 -2.372634 -1.38427 -14.238579 -6.32012 -0.625438 -26.924187 -3.827598 -4.418204 -47.633366 -2.712145 -13.70852 -7.363473 -3.720937 18.141148 -14.05274 -3.242674 8e-06 -18.78727 -1e-06 -0.429708 -8.456045 2.555504 1e-06 1e-06 2e-06 -15.923531 -20.094482 -5.473579 30.41921 -7.190826 1.735923 4e-06 -8.162926 -0.0 -1.861902 -22.861469 -6.167941 1e-06 -4e-06 -1e-06 -172.509018 -2.02781 -20.254375 9.132082 -0.002153 0.002489 -80.945122 -4.38731 -5.552905 -5.58864 1.466904 2.150627 -0.999999 0.0 -0.0 -0.096832 -1.691744 -5.097076 16.973602 -0.026465 0.130044 -82.006195 1.799188 -2.139958 -6.086686 0.590096 1.608077 -1.000003 1e-06 0.0 
0.0 0.0 0.0 0.0 -0.0 0.0 -1.051812 99.662537 0.555676 89.217651 3.773572 76.055023 -4.001168 -1.719279 -0.25617 -12.68067 -1.825994 -2.065102 23.923264 0.628074 -4.348614 23.762445 4.775823 2.023151 -2.671885 -0.419456 -8.338778 -30.816612 -1.916038 -10.517549 6e-06 -0.0 -2e-06 -0.016705 0.010178 0.005683 0.08497 0.018826 0.034802 0.04536 0.006136 -0.048142 3.118308 -79.242447 11.463306 109.371979 -27.882822 -66.553368 41.425617 -0.185163 0.637416 -14.652218 6.135538 -77.853111 17.636625 -26.322725 52.411175 -19.466654 -14.395598 29.410378 1e-06 -8.774821 -3e-06 14.220362 -17.823175 7.831265 -0.609775 -1.795654 -3.889325 -4.807087 -11.04681 -2.937848 4e-06 -20.976015 1e-06 -5.01997 -25.033556 -4.031878 7e-06 -0.0 1e-06 -10.634532 -5.68697 -3.565588 10.573271 -17.922945 -3.113898 3e-06 -13.821205 2e-06 -0.501779 -31.181498 -4.027013 -11.708917 -59.478142 7.415675 -13.982711 -7.150197 -2.875041 13.772725 -8.401491 -3.21824 0.347731 -34.211544 0.771656 -0.96303 -17.733368 2.621022 1e-06 -0.0 1e-06 -17.346418 -20.095217 -4.201779 21.757555 -1.638373 3.866428 -0.0 -6.338822 2e-06 -1.697592 -22.59174 -6.194002 -0.0 -1e-06 -6e-06 14.43783 -88.320419 -178.179153 77.957298 -25.429834 -100.64875 27.37797 -0.733994 -0.229753 0.62611 4.8377 -62.29649 22.182114 -20.3759 49.933334 -16.701815 -16.743528 28.476536 -3e-06 -12.690603 -0.0 14.620456 -16.48786 3.508538 -0.10592 -1.513858 -4.275881 -5.039042 -5.612872 -2.953557 3e-06 -11.020525 -0.0 -6.111299 -15.895332 -3.840471 -0.0 -0.0 1e-06 -10.283371 -5.68029 -4.34184 11.028296 -11.302406 -2.372633 -1.384268 -14.238582 -6.320123 -0.625438 -26.924192 -3.827601 -4.443112 -47.643307 -2.679137 -13.708525 -7.363477 -3.720941 18.141151 -14.052742 -3.242675 8e-06 -18.787271 -2e-06 -0.429711 -8.456044 2.555504 1e-06 -0.0 1e-06 -15.923536 -20.094484 -5.473587 30.419222 -7.190827 1.735926 5e-06 -8.162928 0.0 -1.861902 -22.861473 -6.16794 -1e-06 -4e-06 -3e-06 -172.746414 -2.034057 -20.103815 9.393498 -0.005933 0.013794 -80.976349 -4.192056 -5.426713 -5.622983 1.48109 2.154187 -0.999999 -1e-06 -0.0 -0.15363 -1.770015 -5.280769 17.0453 -0.025517 0.124171 -82.009193 1.69793 -2.274745 -6.137469 0.585404 1.603193 -1.000002 0.0 0.0 
0.0 0.0 0.0 0.0 -0.0 0.0 -1.024376 99.679527 0.437973 89.275955 3.80256 76.424461 -4.0319 -1.739413 -0.268996 -12.693861 -1.811337 -2.029377 23.94562 0.69255 -4.391358 23.834261 4.738211 1.994323 -2.679652 -0.445428 -8.201736 -30.793598 -2.025749 -10.300053 6e-06 -0.0 -1e-06 -0.018867 0.011651 0.007585 0.090087 0.015793 0.037463 0.047439 0.012446 -0.046094 3.167695 -79.172585 11.35087 109.170731 -27.951311 -66.319695 41.652294 -0.175085 0.700007 -14.47431 5.938135 -77.668243 17.636639 -26.322739 52.411205 -19.466663 -14.395597 29.410389 -0.0 -8.774822 -2e-06 14.213907 -17.882109 7.841789 -0.609775 -1.795656 -3.889326 -4.807089 -11.046809 -2.937849 4e-06 -20.976019 2e-06 -5.019973 -25.033558 -4.031877 7e-06 -2e-06 1e-06 -10.634537 -5.68697 -3.565586 10.573275 -17.922953 -3.113901 3e-06 -13.821212 3e-06 -0.501776 -31.181507 -4.027015 -11.714024 -59.455685 7.456404 -13.982716 -7.150198 -2.875041 13.772731 -8.401496 -3.218243 0.347735 -34.211555 0.771654 -0.963028 -17.73337 2.62102 -1e-06 0.0 0.0 -17.34642 -20.095221 -4.20178 21.757561 -1.638376 3.86643 0.0 -6.338824 1e-06 -1.697588 -22.591745 -6.194006 -3e-06 -3e-06 -3e-06 18.983667 -88.22789 177.283112 78.08049 -25.755966 -100.841934 28.165049 -0.853359 -0.24858 0.364327 5.070039 -62.950775 22.182114 -20.375887 49.933319 -16.701815 -16.743526 28.476534 -3e-06 -12.690601 -1e-06 14.712988 -16.514257 3.427892 -0.105921 -1.513857 -4.275882 -5.039043 -5.612873 -2.953557 4e-06 -11.020524 -2e-06 -6.111293 -15.895334 -3.840472 0.0 0.0 -0.0 -10.283369 -5.680289 -4.34184 11.028291 -11.302406 -2.372632 -1.384265 -14.238581 -6.320123 -0.625437 -26.924191 -3.827603 -4.479437 -47.801891 -2.688247 -13.708526 -7.363478 -3.72094 18.141151 -14.052741 -3.242676 6e-06 -18.787271 -2e-06 -0.42971 -8.456041 2.555503 2e-06 -1e-06 -0.0 -15.923534 -20.094484 -5.473586 30.41921 -7.190826 1.735925 3e-06 -8.162927 -1e-06 -1.861901 -22.861469 -6.167942 -1e-06 -3e-06 0.0 -172.869614 -2.012408 -19.93631 9.406774 -0.01307 0.028932 -80.881584 -3.989742 -5.304964 -5.639347 1.471556 2.150581 -0.999999 -0.0 -0.0 -0.134032 -1.832314 -5.540841 16.979374 -0.025469 0.125297 -81.939102 1.637331 -2.39475 -6.155703 0.588783 1.599899 -1.000002 -0.0 -0.0 
0.0 0.0 0.0 0.0 -0.0 0.0 -1.004994 99.700974 0.319095 89.337494 3.833285 76.787231 -4.042018 -1.746139 -0.286883 -12.703101 -1.794721 -1.981391 23.937887 0.75929 -4.419497 23.854925 4.640374 1.976006 -2.681355 -0.482837 -8.081331 -30.821926 -2.180516 -10.039226 6e-06 0.0 2e-06 -0.022387 0.011353 -0.009487 0.087196 0.012845 0.018908 0.041053 0.015201 -0.060737 2.848351 -79.116173 11.61049 108.782501 -28.145178 -66.122437 41.99052 -0.202614 0.739435 -14.382555 5.766527 -77.240219 17.636635 -26.322731 52.411213 -19.466667 -14.395597 29.410398 0.0 -8.774823 -2e-06 14.162481 -17.95507 7.885809 -0.609776 -1.79565 -3.889328 -4.80709 -11.046815 -2.937854 6e-06 -20.976021 -2e-06 -5.019966 -25.033562 -4.031884 6e-06 -2e-06 -0.0 -10.634537 -5.686972 -3.565589 10.573276 -17.922955 -3.113902 5e-06 -13.821213 1e-06 -0.501773 -31.181511 -4.027021 -11.76875 -59.455399 7.539436 -13.982717 -7.150202 -2.875046 13.772733 -8.401495 -3.218242 0.347736 -34.211563 0.771654 -0.963028 -17.733376 2.621017 -2e-06 1e-06 0.0 -17.346422 -20.095222 -4.201784 21.757559 -1.638376 3.866431 1e-06 -6.338825 2e-06 -1.69759 -22.591755 -6.194009 -1e-06 -2e-06 -4e-06 23.141541 -88.10009 173.136917 78.351616 -26.203314 -100.953278 29.216534 -0.923824 -0.251985 0.092182 5.346423 -63.832169 22.182117 -20.375906 49.933342 -16.701818 -16.743534 28.476543 -3e-06 -12.690607 -1e-06 14.780328 -16.532387 3.381846 -0.10592 -1.513857 -4.275884 -5.039044 -5.612873 -2.953557 2e-06 -11.020525 -1e-06 -6.111296 -15.895334 -3.840472 0.0 -1e-06 1e-06 -10.283368 -5.680292 -4.341844 11.028292 -11.302407 -2.372633 -1.384267 -14.238585 -6.320125 -0.625437 -26.924196 -3.827605 -4.540572 -48.047707 -2.681417 -13.708523 -7.363478 -3.720941 18.141153 -14.05274 -3.242676 7e-06 -18.787271 -0.0 -0.429714 -8.456045 2.555506 2e-06 0.0 1e-06 -15.923534 -20.09449 -5.473588 30.419214 -7.190827 1.735926 2e-06 -8.162927 0.0 -1.861901 -22.861471 -6.167944 -1e-06 -3e-06 -1e-06 -172.939957 -1.969393 -19.767864 9.305946 -0.022329 0.046386 -80.732285 -3.790658 -5.183143 -5.66491 1.457857 2.146484 -0.999999 0.0 0.0 -0.095528 -1.899105 -5.827303 16.878906 -0.019122 0.126464 -81.850883 1.604025 -2.496023 -6.184024 0.589479 1.596799 -1.000002 0.0 0.0 
0.0 0.0 0.0 0.0 -0.0 0.0 -0.98575 99.718353 0.202094 89.403458 3.858855 77.113434 -4.050676 -1.741088 -0.295788 -12.708452 -1.77723 -1.932313 23.916079 0.832267 -4.408338 23.807159 4.445938 1.970791 -2.67749 -0.522377 -7.965198 -30.897789 -2.370906 -9.731796 6e-06 0.0 1e-06 -0.025295 0.010663 -0.024977 0.07889 0.014047 0.001412 0.03149 0.012743 -0.073414 2.244663 -79.053085 12.161377 108.228439 -28.505217 -66.082695 42.444462 -0.238772 0.727407 -14.398611 5.614433 -76.560066 17.636631 -26.322721 52.411182 -19.466665 -14.3956 29.410385 -1e-06 -8.774821 -1e-06 14.140961 -18.04208 7.89781 -0.609778 -1.795653 -3.889327 -4.807087 -11.046812 -2.93785 5e-06 -20.976019 -1e-06 -5.019969 -25.03356 -4.031881 7e-06 -1e-06 -3e-06 -10.634534 -5.686968 -3.565587 10.573271 -17.922951 -3.113902 2e-06 -13.821209 2e-06 -0.501775 -31.181505 -4.027021 -11.828957 -59.447159 7.605481 -13.982714 -7.150198 -2.875042 13.772733 -8.401492 -3.218243 0.347731 -34.211555 0.771654 -0.963028 -17.733372 2.621019 0.0 -0.0 0.0 -17.346416 -20.095217 -4.201782 21.757557 -1.638374 3.866428 -1e-06 -6.338823 1e-06 -1.697591 -22.591745 -6.194007 2e-06 -4e-06 -4e-06 25.447222 -87.963852 170.849426 78.750671 -26.75775 -100.948303 30.462011 -0.955341 -0.253855 -0.27221 5.595369 -64.737747 22.18211 -20.3759 49.933319 -16.701811 -16.74353 28.476532 -4e-06 -12.690601 -0.0 14.818917 -16.532276 3.360886 -0.105919 -1.513855 -4.27588 -5.039041 -5.612873 -2.953557 2e-06 -11.020523 -1e-06 -6.111292 -15.89533 -3.84047 0.0 1e-06 0.0 -10.283367 -5.680286 -4.341837 11.028294 -11.302404 -2.372633 -1.384267 -14.238579 -6.32012 -0.62544 -26.924183 -3.827599 -4.595139 -48.265957 -2.666801 -13.708528 -7.363476 -3.720938 18.141148 -14.052739 -3.242673 5e-06 -18.78727 -0.0 -0.429713 -8.45604 2.555504 1e-06 -2e-06 0.0 -15.923532 -20.094482 -5.473584 30.419207 -7.190826 1.735925 3e-06 -8.162927 0.0 -1.861902 -22.861469 -6.167941 -0.0 -2e-06 -0.0 -173.023911 -1.925735 -19.600861 9.240434 -0.02611 0.064115 -80.602875 -3.631565 -5.088169 -5.712432 1.449654 2.144952 -0.999999 1e-06 -0.0 -0.091153 -1.979646 -6.117167 16.829611 -0.007637 0.125601 -81.784813 1.606819 -2.576687 -6.236567 0.57989 1.591856 -1.000002 1e-06 0.0 
0.0 0.0 0.0 0.0 -0.0 0.0 -0.965318 99.73555 0.087942 89.475906 3.872503 77.381828 -4.075698 -1.721639 -0.289272 -12.702412 -1.753281 -1.868884 23.879034 0.921565 -4.348522 23.688507 4.13484 1.950332 -2.673244 -0.546893 -7.79597 -30.958479 -2.569306 -9.332648 6e-06 0.0 -0.0 -0.028673 0.008564 -0.042283 0.069576 0.018559 -0.017114 0.02201 0.00396 -0.08875 1.403826 -78.962814 12.915385 107.527046 -29.089502 -66.367256 43.031898 -0.300526 0.727544 -14.48712 5.498903 -75.771194 17.63662 -26.32272 52.411182 -19.466656 -14.395597 29.410381 -0.0 -8.774819 0.0 14.181659 -18.136368 7.852404 -0.609775 -1.795654 -3.889328 -4.80709 -11.046809 -2.93785 4e-06 -20.976015 -1e-06 -5.019969 -25.033556 -4.031882 7e-06 -0.0 -1e-06 -10.634532 -5.68697 -3.565589 10.57327 -17.922947 -3.113898 3e-06 -13.821205 3e-06 -0.501779 -31.181498 -4.027015 -11.837712 -59.382484 7.640068 -13.982712 -7.150198 -2.875041 13.772726 -8.40149 -3.218243 0.347733 -34.211544 0.771655 -0.963031 -17.733366 2.621017 0.0 1e-06 -2e-06 -17.346418 -20.095215 -4.201778 21.757553 -1.638372 3.866426 -1e-06 -6.338822 2e-06 -1.697592 -22.59174 -6.194002 -0.0 -4e-06 -2e-06 26.733227 -87.842873 169.594955 79.297279 -27.437984 -100.786812 31.902567 -1.009311 -0.284511 -0.784403 5.741234 -65.590256 22.182102 -20.375889 49.933308 -16.701809 -16.74353 28.476524 -3e-06 -12.690602 -0.0 14.826785 -16.536535 3.365829 -0.105918 -1.513856 -4.27588 -5.039041 -5.612868 -2.953553 3e-06 -11.020519 -0.0 -6.111293 -15.895326 -3.840468 1e-06 -0.0 1e-06 -10.283363 -5.680285 -4.341837 11.02829 -11.302404 -2.372634 -1.384266 -14.238579 -6.32012 -0.625439 -26.924187 -3.827602 -4.616251 -48.464321 -2.677823 -13.708521 -7.363475 -3.720937 18.141148 -14.052738 -3.242676 8e-06 -18.787268 -3e-06 -0.42971 -8.456041 2.555503 1e-06 -0.0 0.0 -15.923531 -20.094481 -5.473582 30.41921 -7.190824 1.735923 1e-06 -8.162924 -1e-06 -1.861903 -22.861464 -6.16794 -1e-06 -3e-06 -2e-06 -173.091492 -1.863327 -19.434645 9.131942 -0.025077 0.072406 -80.458725 -3.511678 -5.009871 -5.779555 1.444563 2.143126 -0.999998 0.0 0.0 -0.118573 -2.078275 -6.438416 16.806293 0.003729 0.131036 -81.724564 1.673954 -2.642843 -6.335142 0.56741 1.585578 -1.000002 0.0 -0.0 
0.0 0.0 0.0 0.0 -0.0 0.0 -0.952483 99.74791 -0.034963 89.555573 3.89366 77.6661 -4.09468 -1.682658 -0.268681 -12.693233 -1.717311 -1.783916 23.828224 1.015108 -4.272708 23.546785 3.711541 1.922841 -2.676697 -0.565164 -7.527608 -31.028328 -2.807511 -8.855563 6e-06 -0.0 -1e-06 -0.032163 0.008288 -0.048323 0.058923 0.025371 -0.023762 0.01081 -0.003687 -0.09351 0.286278 -78.842163 13.877141 106.676987 -29.922939 -66.930473 43.722103 -0.326797 0.726542 -14.634527 5.420766 -74.679047 17.636641 -26.322733 52.411205 -19.466661 -14.395594 29.410393 0.0 -8.774823 -2e-06 14.241758 -18.224442 7.786892 -0.609777 -1.795653 -3.889327 -4.80709 -11.046812 -2.937851 4e-06 -20.976019 0.0 -5.01997 -25.03356 -4.031886 7e-06 -1e-06 2e-06 -10.634537 -5.68697 -3.565587 10.573279 -17.922951 -3.1139 3e-06 -13.821209 1e-06 -0.501778 -31.181505 -4.027014 -11.8111 -59.273243 7.629069 -13.982716 -7.150198 -2.875043 13.772734 -8.401495 -3.218241 0.347731 -34.211555 0.771656 -0.96303 -17.733372 2.621017 -2e-06 2e-06 0.0 -17.346426 -20.095221 -4.201781 21.757563 -1.638375 3.866428 -0.0 -6.338825 -1e-06 -1.697587 -22.591749 -6.19401 -1e-06 -4e-06 -2e-06 27.053007 -87.713898 169.357025 80.012032 -28.254669 -100.457909 33.597324 -1.074273 -0.328443 -1.491038 5.737698 -66.344963 22.182106 -20.375887 49.933308 -16.701809 -16.743523 28.476528 -3e-06 -12.6906 -1e-06 14.831155 -16.547953 3.379656 -0.105919 -1.513856 -4.27588 -5.039042 -5.612871 -2.953556 4e-06 -11.02052 -0.0 -6.111297 -15.89533 -3.84047 0.0 -0.0 1e-06 -10.283367 -5.680288 -4.341839 11.028292 -11.302403 -2.372633 -1.384266 -14.238577 -6.32012 -0.625439 -26.924183 -3.827601 -4.64042 -48.641792 -2.676882 -13.708522 -7.363477 -3.720939 18.141146 -14.052738 -3.242675 1e-05 -18.78727 -3e-06 -0.429713 -8.456041 2.555501 2e-06 -1e-06 -0.0 -15.92353 -20.094482 -5.473586 30.419205 -7.190823 1.735925 3e-06 -8.162922 -1e-06 -1.861903 -22.861465 -6.167942 -1e-06 -4e-06 -1e-06 -173.193298 -1.809913 -19.226393 9.099489 -0.025846 0.075182 -80.340813 -3.417453 -4.924773 -5.83325 1.443504 2.140219 -0.999999 -0.0 0.0 -0.168211 -2.182628 -6.791658 16.83868 0.006618 0.146323 -81.690735 1.725737 -2.702119 -6.43658 0.55809 1.580664 -1.000002 -0.0 0.0 
0.0 0.0 0.0 0.0 -0.0 0.0 -0.952338 99.755402 -0.14983 89.638237 3.949889 77.984642 -4.088363 -1.625763 -0.243098 -12.682771 -1.668425 -1.679717 23.761034 1.105907 -4.188128 23.4501 3.14721 1.915961 -2.678239 -0.566301 -7.212684 -31.167988 -3.112522 -8.283602 6e-06 0.0 -1e-06 -0.034553 0.011482 -0.035454 0.051213 0.03545 -0.011792 0.003569 -0.008012 -0.079205 -1.170237 -78.678032 15.139423 105.669762 -30.933336 -67.706985 44.526306 -0.330162 0.691401 -14.920764 5.409903 -73.336624 17.63662 -26.322729 52.411201 -19.466665 -14.395604 29.410398 -1e-06 -8.774824 0.0 14.277563 -18.292677 7.718522 -0.609774 -1.795652 -3.889328 -4.807087 -11.046813 -2.937854 4e-06 -20.976021 -0.0 -5.019968 -25.033562 -4.03188 8e-06 0.0 2e-06 -10.634532 -5.68697 -3.565589 10.573275 -17.922953 -3.113904 3e-06 -13.82121 -0.0 -0.501772 -31.181505 -4.02702 -11.807163 -59.130142 7.592679 -13.982714 -7.150198 -2.875041 13.772731 -8.401492 -3.218245 0.347733 -34.211555 0.771654 -0.96303 -17.73337 2.62102 -0.0 -1e-06 1e-06 -17.34642 -20.095221 -4.201783 21.757561 -1.638374 3.866426 -0.0 -6.338825 -0.0 -1.697585 -22.591745 -6.194006 -1e-06 -3e-06 -3e-06 25.505611 -87.575859 170.996384 80.877274 -29.243149 -100.027199 35.561546 -1.167539 -0.366752 -2.457786 5.544271 -66.989197 22.182112 -20.375904 49.933331 -16.701813 -16.743528 28.476534 -4e-06 -12.690598 -1e-06 14.833967 -16.570864 3.385106 -0.105917 -1.513853 -4.275881 -5.039041 -5.612872 -2.953557 4e-06 -11.020523 -1e-06 -6.111295 -15.89533 -3.840469 1e-06 -1e-06 -0.0 -10.283369 -5.680286 -4.341839 11.028294 -11.302406 -2.372632 -1.384268 -14.238581 -6.32012 -0.625437 -26.924187 -3.827599 -4.702609 -48.783333 -2.634157 -13.70852 -7.363473 -3.720942 18.141148 -14.052739 -3.242672 7e-06 -18.78727 1e-06 -0.429711 -8.456046 2.555504 0.0 -1e-06 0.0 -15.923528 -20.094482 -5.473586 30.41921 -7.190827 1.735927 1e-06 -8.162925 0.0 -1.861902 -22.861467 -6.167941 1e-06 -5e-06 -1e-06 -173.260635 -1.754768 -18.964603 9.071219 -0.027356 0.080139 -80.225723 -3.349898 -4.847459 -5.883092 1.443715 2.134981 -0.999998 0.0 0.0 -0.180721 -2.2852 -7.146104 16.896387 0.000503 0.168339 -81.685165 1.737945 -2.732492 -6.507965 0.552649 1.578796 -1.000001 1e-06 -0.0 
0.0 0.0 0.0 0.0 -0.0 0.0 -0.971508 99.764832 -0.262096 89.721901 4.055059 78.348961 -4.060029 -1.555138 -0.225483 -12.68267 -1.607243 -1.558043 23.706173 1.18529 -4.086469 23.404427 2.463251 1.920881 -2.666245 -0.569933 -6.880834 -31.318768 -3.444036 -7.634987 6e-06 -0.0 -2e-06 -0.033903 0.016551 -0.020795 0.045467 0.045912 0.001011 0.00043 -0.009252 -0.061765 -2.831889 -78.485291 16.625259 104.499207 -31.972519 -68.567291 45.397137 -0.349375 0.624465 -15.308372 5.534866 -71.81739 17.636623 -26.322723 52.411198 -19.466663 -14.395596 29.410395 0.0 -8.774822 -2e-06 14.29968 -18.35475 7.641762 -0.609777 -1.795654 -3.889328 -4.807088 -11.046809 -2.937851 3e-06 -20.976017 0.0 -5.01997 -25.033558 -4.03188 9e-06 -0.0 -1e-06 -10.634533 -5.686969 -3.565588 10.573271 -17.922947 -3.113902 2e-06 -13.821205 0.0 -0.501778 -31.181498 -4.027019 -11.78099 -58.94286 7.522233 -13.982714 -7.150197 -2.875042 13.772731 -8.401489 -3.218243 0.347735 -34.211544 0.771649 -0.963031 -17.733368 2.621019 -1e-06 2e-06 -1e-06 -17.34642 -20.095217 -4.201782 21.757557 -1.638373 3.866425 -3e-06 -6.338823 -1e-06 -1.697589 -22.591742 -6.194007 -0.0 -3e-06 -3e-06 22.975338 -87.411919 173.594238 81.877075 -30.355785 -99.543495 37.692154 -1.255477 -0.39186 -3.598447 5.149305 -67.601105 22.182121 -20.375898 49.933315 -16.701811 -16.74353 28.476528 -3e-06 -12.690601 -0.0 14.844566 -16.613354 3.369298 -0.105918 -1.513855 -4.27588 -5.039043 -5.612873 -2.953556 4e-06 -11.020523 -2e-06 -6.111298 -15.895334 -3.84047 -0.0 -0.0 0.0 -10.283369 -5.680288 -4.341837 11.028287 -11.302404 -2.372631 -1.384268 -14.238579 -6.32012 -0.625439 -26.924183 -3.827598 -4.8018 -48.953297 -2.565837 -13.708521 -7.363475 -3.720938 18.141148 -14.052739 -3.242673 8e-06 -18.78727 -2e-06 -0.429711 -8.456045 2.555503 0.0 -2e-06 -1e-06 -15.923536 -20.094482 -5.473583 30.41921 -7.190825 1.735927 1e-06 -8.162927 -1e-06 -1.861905 -22.861469 -6.16794 2e-06 -2e-06 -1e-06 -173.220734 -1.679121 -18.647202 8.916223 -0.035136 0.084268 -80.047691 -3.280817 -4.786853 -5.918236 1.448646 2.129973 -1.0 0.0 -0.0 -0.108401 -2.375464 -7.510771 16.9105 -0.016681 0.194454 -81.673035 1.693377 -2.739439 -6.536436 0.554801 1.578253 -1.000001 -1e-06 -0.0 
0.0 0.0 0.0 0.0 -0.0 0.0 -1.01058 99.777161 -0.367004 89.817245 4.197125 78.805313 -4.029 -1.476049 -0.207247 -12.694109 -1.547418 -1.436295 23.671999 1.250825 -3.958911 23.414309 1.672584 1.942385 -2.649081 -0.576325 -6.544421 -31.427771 -3.774777 -6.920451 6e-06 1e-06 1e-06 -0.0318 0.022196 -0.009669 0.042676 0.055233 0.009423 0.003736 -0.008487 -0.046294 -4.621784 -78.301811 18.284588 103.184502 -32.987202 -69.376228 46.312202 -0.376619 0.530195 -15.759135 5.790009 -70.245384 17.636621 -26.322733 52.411194 -19.466665 -14.395598 29.410395 -1e-06 -8.774819 -1e-06 14.315246 -18.404533 7.561795 -0.609777 -1.795655 -3.889326 -4.807088 -11.04681 -2.937848 7e-06 -20.976006 -3e-06 -5.019967 -25.033552 -4.03188 6e-06 -0.0 0.0 -10.634529 -5.686968 -3.565586 10.573271 -17.922949 -3.113901 -0.0 -13.821209 1e-06 -0.501777 -31.181501 -4.027016 -11.720999 -58.746021 7.420886 -13.982707 -7.150195 -2.875041 13.772725 -8.401492 -3.218245 0.347732 -34.211544 0.771658 -0.963028 -17.733368 2.621018 -1e-06 2e-06 -0.0 -17.346409 -20.095211 -4.20178 21.757555 -1.638376 3.866425 1e-06 -6.338823 0.0 -1.697587 -22.591738 -6.194006 -4e-06 -5e-06 -3e-06 19.875614 -87.233597 176.755035 82.960091 -31.50421 -99.069191 39.804211 -1.311575 -0.421958 -4.792667 4.59392 -68.221291 22.182108 -20.375887 49.933308 -16.701807 -16.74353 28.476524 -2e-06 -12.690601 -1e-06 14.838453 -16.657349 3.358796 -0.10592 -1.513855 -4.27588 -5.03904 -5.61287 -2.953555 4e-06 -11.02052 -1e-06 -6.1113 -15.895329 -3.84047 -0.0 -1e-06 0.0 -10.283367 -5.680287 -4.341838 11.028288 -11.302402 -2.372632 -1.384267 -14.238577 -6.32012 -0.625439 -26.924183 -3.827602 -4.920301 -49.171131 -2.481261 -13.708523 -7.363474 -3.720938 18.141146 -14.052738 -3.242673 6e-06 -18.787268 -0.0 -0.429715 -8.456041 2.555503 1e-06 1e-06 0.0 -15.923538 -20.094479 -5.473582 30.419207 -7.190823 1.735926 1e-06 -8.162924 0.0 -1.861905 -22.861467 -6.16794 0.0 -4e-06 -1e-06 -173.087067 -1.586617 -18.268129 8.632231 -0.038123 0.085922 -79.801453 -3.182944 -4.729334 -5.919267 1.449754 2.125622 -0.999998 0.0 0.0 0.046388 -2.464262 -7.929344 16.877069 -0.03983 0.211392 -81.65921 1.613431 -2.752864 -6.514221 0.560702 1.578873 -1.000003 1e-06 0.0 
0.0 0.0 0.0 0.0 -0.0 0.0 -1.063198 99.790291 -0.456335 89.919228 4.35628 79.341667 -4.011447 -1.386564 -0.16922 -12.699077 -1.48353 -1.30076 23.634216 1.310743 -3.807818 23.4916 0.81472 1.964113 -2.635697 -0.582063 -6.186353 -31.442007 -4.080687 -6.122239 6e-06 0.0 -1e-06 -0.030224 0.026403 -0.009995 0.044295 0.062055 0.006336 0.01435 -0.008318 -0.041697 -6.501811 -78.134178 20.0592 101.791946 -33.963081 -70.065742 47.196629 -0.389769 0.470342 -16.292336 6.027643 -68.639572 17.636627 -26.322737 52.411198 -19.466656 -14.395598 29.410393 -1e-06 -8.774821 0.0 14.371523 -18.450443 7.449881 -0.609775 -1.795654 -3.889328 -4.80709 -11.046809 -2.937852 0.0 -20.976011 3e-06 -5.019972 -25.033554 -4.031878 7e-06 -1e-06 1e-06 -10.634533 -5.686967 -3.565587 10.573275 -17.922947 -3.113903 1e-06 -13.821209 4e-06 -0.501779 -31.181498 -4.027016 -11.67345 -58.585339 7.340864 -13.982713 -7.150198 -2.875042 13.772728 -8.401491 -3.218243 0.347729 -34.211552 0.771662 -0.963032 -17.73337 2.621022 0.0 1e-06 -0.0 -17.34642 -20.095213 -4.201779 21.757557 -1.638375 3.866426 1e-06 -6.338823 1e-06 -1.697593 -22.591745 -6.194005 -2e-06 -6e-06 -2e-06 16.038967 -87.066887 -179.368896 84.010742 -32.585987 -98.60582 41.669735 -1.390402 -0.451113 -6.07264 4.066853 -68.729172 22.182117 -20.3759 49.933319 -16.701817 -16.743534 28.476534 -3e-06 -12.690607 -1e-06 14.800702 -16.667196 3.377432 -0.10592 -1.513856 -4.275882 -5.039042 -5.612871 -2.953557 4e-06 -11.020527 -1e-06 -6.111298 -15.895334 -3.840471 -1e-06 -1e-06 -1e-06 -10.283374 -5.68029 -4.341839 11.028297 -11.302407 -2.372633 -1.384269 -14.238584 -6.320122 -0.625438 -26.924198 -3.827603 -5.035659 -49.319206 -2.382563 -13.708527 -7.363476 -3.72094 18.141157 -14.05274 -3.242676 7e-06 -18.787273 -1e-06 -0.429709 -8.456047 2.555504 1e-06 -0.0 -0.0 -15.923539 -20.094482 -5.473586 30.419222 -7.190827 1.735925 3e-06 -8.162927 0.0 -1.861905 -22.861475 -6.167943 -1e-06 -3e-06 -2e-06 -172.909012 -1.492303 -17.805727 8.297532 -0.03608 0.0888 -79.528931 -3.083695 -4.649031 -5.902428 1.455204 2.124375 -0.999999 1e-06 -0.0 0.262719 -2.555926 -8.407373 16.806875 -0.053265 0.216607 -81.649879 1.529246 -2.785529 -6.472181 0.562401 1.579338 -1.000003 -0.0 0.0 
0.0 0.0 0.0 0.0 -0.0 0.0 -1.118662 99.796768 -0.524902 90.033928 4.522009 79.934769 -4.011577 -1.303587 -0.108032 -12.703439 -1.419072 -1.136734 23.604303 1.383748 -3.630867 23.60783 -0.059479 1.971888 -2.629693 -0.572867 -5.794824 -31.324907 -4.373938 -5.242844 6e-06 0.0 0.0 -0.028082 0.029261 -0.017383 0.050076 0.067028 -0.001667 0.030015 -0.009047 -0.04601 -8.519456 -78.033974 21.956739 100.345306 -34.895306 -70.666275 47.986706 -0.442487 0.476113 -16.986732 6.179287 -66.738106 17.636625 -26.322733 52.411182 -19.466658 -14.395598 29.410385 -1e-06 -8.774821 -2e-06 14.515203 -18.502359 7.296402 -0.609777 -1.795653 -3.889329 -4.807087 -11.046807 -2.937851 2e-06 -20.976015 1e-06 -5.019971 -25.033556 -4.031878 5e-06 0.0 -2e-06 -10.634537 -5.686971 -3.565587 10.573278 -17.922947 -3.1139 1e-06 -13.821209 2e-06 -0.501776 -31.181505 -4.027017 -11.697936 -58.539368 7.313234 -13.982714 -7.150197 -2.875041 13.77273 -8.401492 -3.218242 0.347734 -34.211555 0.771656 -0.963029 -17.73337 2.621018 -1e-06 1e-06 0.0 -17.346416 -20.095215 -4.201779 21.757557 -1.638376 3.866424 1e-06 -6.338822 1e-06 -1.697591 -22.591742 -6.194004 -3e-06 -5e-06 -1e-06 11.290227 -86.86232 -174.579712 84.902657 -33.48531 -98.089439 43.197243 -1.553596 -0.472598 -7.459058 3.678186 -69.320244 22.182106 -20.375885 49.933304 -16.701809 -16.743528 28.476524 -2e-06 -12.690598 0.0 14.751272 -16.658407 3.39766 -0.105919 -1.513854 -4.275879 -5.039037 -5.612868 -2.953555 4e-06 -11.02052 -2e-06 -6.111297 -15.895328 -3.840469 -1e-06 -1e-06 -0.0 -10.283365 -5.680286 -4.341836 11.02829 -11.302401 -2.372632 -1.384269 -14.238575 -6.320118 -0.625437 -26.924175 -3.827599 -5.096436 -49.305843 -2.324729 -13.70852 -7.363472 -3.720937 18.141146 -14.052735 -3.242674 6e-06 -18.787262 -3e-06 -0.429711 -8.456041 2.555504 1e-06 1e-06 0.0 -15.92353 -20.094475 -5.473582 30.419205 -7.190823 1.735923 2e-06 -8.162921 -0.0 -1.861902 -22.861465 -6.167939 0.0 -3e-06 -3e-06 -172.754883 -1.401689 -17.303566 8.039185 -0.035859 0.090391 -79.298706 -2.968243 -4.522058 -5.901354 1.473782 2.127979 -1.0 0.0 0.0 0.487315 -2.666852 -8.911835 16.781954 -0.05407 0.2189 -81.68428 1.436373 -2.835445 -6.453542 0.553135 1.577723 -1.000003 0.0 0.0 
0.0 0.0 0.0 0.0 -0.0 0.0 -1.165689 99.797424 -0.580607 90.153412 4.67637 80.611153 -4.045174 -1.218693 -0.0305 -12.708126 -1.347573 -0.95488 23.603373 1.471304 -3.416522 23.700911 -0.932665 1.966767 -2.625762 -0.562347 -5.334255 -31.074724 -4.682207 -4.383149 6e-06 0.0 2e-06 -0.030327 0.035615 -0.014578 0.055708 0.074441 0.001021 0.043585 -0.005032 -0.040421 -10.627118 -77.999939 23.888554 98.884171 -35.773045 -71.313034 48.650421 -0.576401 0.471195 -17.859671 6.407117 -64.919792 17.636629 -26.322741 52.411213 -19.466665 -14.395602 29.410395 -2e-06 -8.774823 -1e-06 14.718933 -18.530678 7.149811 -0.609779 -1.795654 -3.889328 -4.807087 -11.046813 -2.937852 1e-06 -20.976021 -0.0 -5.019969 -25.033566 -4.031882 5e-06 -0.0 -2e-06 -10.63454 -5.686971 -3.565587 10.573275 -17.922955 -3.113905 2e-06 -13.821214 3e-06 -0.501778 -31.181519 -4.027018 -11.812024 -58.679722 7.365891 -13.982719 -7.150201 -2.875041 13.772731 -8.401494 -3.218242 0.347731 -34.211559 0.771655 -0.963027 -17.733372 2.621017 -1e-06 -1e-06 2e-06 -17.346426 -20.095222 -4.201782 21.757566 -1.638372 3.866428 1e-06 -6.338825 -4e-06 -1.697592 -22.591751 -6.194007 -4e-06 -6e-06 -0.0 4.933836 -86.613319 -168.240448 85.570702 -34.232273 -97.464157 44.419861 -1.810644 -0.469093 -9.078044 3.449383 -70.338951 22.182117 -20.3759 49.933346 -16.701818 -16.743536 28.476542 -3e-06 -12.690603 -0.0 14.695425 -16.671553 3.393699 -0.105918 -1.513854 -4.275884 -5.039042 -5.612873 -2.953558 3e-06 -11.020527 -2e-06 -6.1113 -15.895334 -3.840473 1e-06 -0.0 0.0 -10.283374 -5.680291 -4.341841 11.028296 -11.302407 -2.372634 -1.384271 -14.238585 -6.320125 -0.625437 -26.924198 -3.827605 -5.079841 -49.138519 -2.347725 -13.708527 -7.363478 -3.720942 18.141155 -14.05274 -3.242676 5e-06 -18.787271 -1e-06 -0.429711 -8.456047 2.555505 1e-06 0.0 -0.0 -15.923539 -20.094492 -5.473588 30.419218 -7.190827 1.735925 3e-06 -8.162929 -1e-06 -1.861901 -22.861473 -6.167944 1e-06 -4e-06 -1e-06 -172.683609 -1.335987 -16.763006 7.926836 -0.03805 0.088845 -79.142456 -2.817762 -4.319518 -5.89758 1.498688 2.132516 -0.999999 0.0 0.0 0.708092 -2.781702 -9.422787 16.784678 -0.04586 0.21773 -81.747719 1.286629 -2.945776 -6.471372 0.540205 1.573591 -1.000002 -0.0 0.0 
0.0 0.0 0.0 0.0 -0.0 0.0 -1.20182 99.794998 -0.639286 90.285789 4.825253 81.414482 -4.094243 -1.129618 0.054544 -12.703496 -1.265873 -0.757695 23.609348 1.559109 -3.185619 23.801683 -1.799749 1.946741 -2.625984 -0.556196 -4.848026 -30.684946 -4.96427 -3.606087 6e-06 1e-06 2e-06 -0.039915 0.04406 -0.008465 0.061713 0.083609 0.007218 0.055325 0.001607 -0.031485 -12.456076 -77.932991 25.49728 97.532669 -36.489471 -72.102509 49.028709 -0.723293 0.43267 -18.917881 6.815408 -63.656502 17.636631 -26.322739 52.411221 -19.466669 -14.395604 29.41041 0.0 -8.774826 -3e-06 14.975486 -18.516569 7.013461 -0.609776 -1.795654 -3.88933 -4.807091 -11.046815 -2.937855 5e-06 -20.976021 -2e-06 -5.019969 -25.03356 -4.031884 7e-06 0.0 -1e-06 -10.634537 -5.686972 -3.565589 10.573279 -17.922955 -3.113905 2e-06 -13.821212 1e-06 -0.501773 -31.181511 -4.027022 -11.955997 -58.945946 7.446221 -13.982716 -7.150201 -2.875045 13.772731 -8.401493 -3.218242 0.347732 -34.211555 0.771655 -0.963029 -17.733372 2.621023 -0.0 -0.0 -1e-06 -17.346422 -20.095224 -4.201785 21.757565 -1.638375 3.866427 0.0 -6.338827 -2e-06 -1.697589 -22.591755 -6.194011 -2e-06 -4e-06 0.0 -2.624283 -86.380852 -160.818253 86.119553 -34.860069 -96.873207 45.349564 -2.123703 -0.427469 -10.829363 3.402047 -71.727509 22.182116 -20.375891 49.933319 -16.701811 -16.74353 28.47653 -4e-06 -12.690602 -1e-06 14.628947 -16.728531 3.364765 -0.105918 -1.513856 -4.275882 -5.03904 -5.612869 -2.953556 5e-06 -11.020523 -1e-06 -6.111299 -15.89533 -3.840469 0.0 0.0 -0.0 -10.283368 -5.680285 -4.341839 11.028293 -11.302404 -2.372633 -1.384268 -14.238579 -6.32012 -0.625439 -26.924187 -3.8276 -5.045256 -48.930538 -2.371758 -13.708525 -7.363473 -3.720939 18.141148 -14.052739 -3.242674 4e-06 -18.78727 -1e-06 -0.42971 -8.456047 2.555504 -1e-06 0.0 0.0 -15.923532 -20.094481 -5.473586 30.41921 -7.190826 1.735926 1e-06 -8.162927 -1e-06 -1.861902 -22.861467 -6.167941 -1e-06 -2e-06 -3e-06 -172.685318 -1.284385 -16.182169 7.920914 -0.043844 0.092272 -79.030235 -2.618465 -4.085967 -5.892476 1.529874 2.137415 -1.0 -0.0 -0.0 0.934152 -2.907474 -9.991288 16.799946 -0.034347 0.214839 -81.826942 1.101185 -3.127063 -6.516705 0.532312 1.567727 -1.000003 0.0 -0.0 
0.0 0.0 0.0 0.0 -0.0 0.0 -1.218885 99.791046 -0.697751 90.41925 4.968316 82.328773 -4.129639 -1.038514 0.124071 -12.688556 -1.163189 -0.530751 23.594402 1.631343 -2.950616 23.958189 -2.623318 1.924232 -2.629545 -0.577353 -4.388258 -30.153578 -5.162441 -2.993351 6e-06 0.0 0.0 -0.050807 0.054465 0.001123 0.070098 0.092077 0.016912 0.066819 0.013131 -0.019105 -13.837545 -77.768936 26.603373 96.461937 -36.927471 -73.052963 49.006638 -0.809208 0.389005 -20.067759 7.316056 -63.077141 17.636627 -26.322725 52.411194 -19.466661 -14.395596 29.410393 2e-06 -8.774822 -3e-06 15.228026 -18.448784 6.889101 -0.609775 -1.795654 -3.88933 -4.80709 -11.046809 -2.937851 3e-06 -20.976013 -0.0 -5.019971 -25.033556 -4.03188 7e-06 0.0 -2e-06 -10.634532 -5.686968 -3.565588 10.573269 -17.922951 -3.113903 2e-06 -13.821205 3e-06 -0.501773 -31.181494 -4.02702 -12.082883 -59.184143 7.531265 -13.982714 -7.150198 -2.875044 13.772724 -8.401491 -3.218242 0.347735 -34.211544 0.771654 -0.963028 -17.733366 2.621019 -1e-06 0.0 -1e-06 -17.346416 -20.095215 -4.201784 21.757557 -1.638375 3.866427 1e-06 -6.338822 1e-06 -1.697587 -22.591738 -6.194007 -2e-06 -4e-06 -2e-06 -11.331406 -86.193474 -152.341003 86.591576 -35.244801 -96.412476 45.860935 -2.398196 -0.328654 -12.445643 3.567447 -73.209213 22.182114 -20.375895 49.933319 -16.701811 -16.74353 28.47653 -3e-06 -12.690603 -1e-06 14.579455 -16.805983 3.311685 -0.105921 -1.513855 -4.27588 -5.039042 -5.612871 -2.953557 3e-06 -11.02052 -1e-06 -6.1113 -15.89533 -3.840471 -1e-06 -0.0 -0.0 -10.28337 -5.680289 -4.341838 11.028294 -11.302402 -2.372633 -1.384272 -14.238578 -6.320121 -0.625438 -26.924187 -3.827601 -5.024254 -48.848 -2.364608 -13.708526 -7.363476 -3.720939 18.14115 -14.052737 -3.242673 6e-06 -18.787266 -2e-06 -0.429713 -8.45604 2.555505 0.0 -1e-06 -0.0 -15.923534 -20.094482 -5.473585 30.41921 -7.190825 1.735927 5e-06 -8.162925 -0.0 -1.861904 -22.861467 -6.167942 -2e-06 -4e-06 -0.0 -172.757034 -1.255369 -15.59408 8.025626 -0.053081 0.098877 -78.965523 -2.342632 -3.853892 -5.896007 1.556174 2.14064 -0.999999 0.0 0.0 1.182688 -3.030799 -10.613066 16.794064 -0.026703 0.210218 -81.903214 0.875904 -3.350664 -6.587655 0.527663 1.559513 -1.000003 0.0 0.0 
0.0 0.0 0.0 0.0 -0.0 0.0 -1.22646 99.785271 -0.75613 90.559814 5.100443 83.333824 -4.13477 -0.952643 0.172952 -12.67501 -1.045318 -0.277652 23.549492 1.691005 -2.730617 24.203865 -3.37875 1.913951 -2.635279 -0.62213 -3.967807 -29.551596 -5.29385 -2.487066 6e-06 -0.0 -1e-06 -0.055825 0.063125 -0.003561 0.077486 0.098486 0.011208 0.076239 0.023455 -0.020332 -14.780883 -77.48127 27.217648 95.680252 -37.077724 -74.239799 48.610744 -0.821176 0.308571 -21.261797 7.851896 -63.051418 17.636623 -26.322721 52.411201 -19.466665 -14.395596 29.410395 2e-06 -8.774824 -3e-06 15.407633 -18.33625 6.783723 -0.609776 -1.795654 -3.889327 -4.80709 -11.046812 -2.937851 2e-06 -20.976015 -2e-06 -5.01997 -25.03356 -4.031881 6e-06 2e-06 -0.0 -10.634537 -5.686971 -3.565585 10.573275 -17.922953 -3.113904 1e-06 -13.821213 0.0 -0.501777 -31.181505 -4.02702 -12.157288 -59.320221 7.567386 -13.982716 -7.150198 -2.87504 13.772727 -8.401491 -3.218244 0.347733 -34.211544 0.771652 -0.963029 -17.733366 2.621017 -2e-06 0.0 -0.0 -17.346422 -20.095221 -4.201782 21.757561 -1.638375 3.866426 3e-06 -6.338824 -2e-06 -1.697589 -22.591747 -6.194011 -0.0 -4e-06 -1e-06 -21.645462 -85.984879 -142.31398 87.057411 -35.374844 -96.118935 45.992088 -2.559251 -0.162873 -13.857718 4.029922 -74.681168 22.182121 -20.375898 49.933327 -16.701817 -16.74353 28.476532 -3e-06 -12.690604 -1e-06 14.533601 -16.891022 3.222067 -0.105919 -1.513856 -4.275882 -5.039042 -5.61287 -2.953557 4e-06 -11.020525 -2e-06 -6.111297 -15.895332 -3.840472 -0.0 0.0 0.0 -10.283373 -5.680289 -4.34184 11.028295 -11.302404 -2.372633 -1.384268 -14.238581 -6.320122 -0.625438 -26.924187 -3.827603 -4.97781 -48.935135 -2.369007 -13.708526 -7.363477 -3.720941 18.14115 -14.052739 -3.242675 4e-06 -18.78727 -2e-06 -0.429711 -8.456045 2.555504 -0.0 1e-06 -0.0 -15.923538 -20.094482 -5.473588 30.41921 -7.190826 1.735928 4e-06 -8.162925 -1e-06 -1.861902 -22.861469 -6.167942 -1e-06 -3e-06 -1e-06 -172.895844 -1.239832 -14.99017 8.221813 -0.065071 0.109868 -78.936813 -2.009959 -3.621232 -5.900995 1.571729 2.143468 -0.999998 0.0 0.0 1.436617 -3.153024 -11.268022 16.786024 -0.020022 0.203037 -81.984665 0.602353 -3.601699 -6.664368 0.522169 1.550992 -1.000001 0.0 0.0 
0.0 0.0 0.0 0.0 -0.0 0.0 -1.229566 99.787773 -0.812275 90.710747 5.228729 84.372192 -4.091272 -0.863737 0.203019 -12.668714 -0.928276 -0.01883 23.46991 1.740452 -2.490713 24.512333 -4.110377 1.903423 -2.636096 -0.645744 -3.524995 -28.888422 -5.367697 -1.964937 6e-06 -0.0 -0.0 -0.058106 0.067455 -0.012989 0.083664 0.102737 -0.001161 0.084048 0.027505 -0.025018 -15.325369 -77.076645 27.36694 95.075752 -37.074299 -75.713341 48.003719 -0.852296 0.176669 -22.587765 8.432177 -63.354389 17.636625 -26.322723 52.411194 -19.46666 -14.395596 29.410393 -0.0 -8.774822 -2e-06 15.53617 -18.164562 6.654233 -0.609776 -1.795653 -3.889326 -4.807089 -11.046809 -2.937851 3e-06 -20.976011 -1e-06 -5.019969 -25.033552 -4.031883 7e-06 1e-06 -1e-06 -10.634534 -5.686969 -3.565587 10.573271 -17.922947 -3.113902 4e-06 -13.821205 -0.0 -0.501775 -31.181498 -4.02702 -12.141168 -59.316082 7.503585 -13.982714 -7.150197 -2.87504 13.772727 -8.401491 -3.218242 0.347733 -34.211544 0.771657 -0.963027 -17.733366 2.621018 -0.0 -1e-06 1e-06 -17.346416 -20.095215 -4.201782 21.757555 -1.638376 3.866427 2e-06 -6.338823 -1e-06 -1.69759 -22.591743 -6.194005 0.0 -3e-06 -1e-06 -32.467617 -85.639778 -131.780167 87.588463 -35.315411 -95.982513 45.887226 -2.587745 0.052345 -15.13064 4.740782 -76.022224 22.18211 -20.375893 49.933304 -16.701809 -16.743525 28.476522 -3e-06 -12.690597 -1e-06 14.458491 -16.947594 3.16343 -0.10592 -1.513857 -4.27588 -5.039041 -5.61287 -2.953555 4e-06 -11.020523 -2e-06 -6.111296 -15.895329 -3.84047 0.0 0.0 0.0 -10.283367 -5.680287 -4.341836 11.028292 -11.302402 -2.372632 -1.384268 -14.238578 -6.32012 -0.625439 -26.924187 -3.827599 -4.931701 -49.131359 -2.361985 -13.70852 -7.363474 -3.720938 18.141144 -14.052736 -3.242673 7e-06 -18.787266 -2e-06 -0.429711 -8.456041 2.555503 -0.0 -1e-06 -1e-06 -15.92353 -20.094479 -5.473583 30.419205 -7.190825 1.735926 4e-06 -8.162922 -1e-06 -1.861902 -22.861465 -6.167941 -3e-06 -1e-06 -2e-06 -172.970047 -1.195705 -14.353214 8.263942 -0.072841 0.122699 -78.82579 -1.642749 -3.408033 -5.959774 1.581462 2.14515 -1.0 0.0 -0.0 1.733303 -3.269044 -11.918004 16.698307 -0.014306 0.189036 -82.027046 0.273321 -3.84724 -6.749677 0.508671 1.542164 -1.000001 0.0 0.0 
0.0 0.0 0.0 0.0 -0.0 0.0 -1.230992 99.807549 -0.865672 90.886337 5.313127 85.46814 -4.03142 -0.774646 0.214516 -12.665688 -0.821382 0.222841 23.350025 1.772323 -2.223677 24.822678 -4.789848 1.879242 -2.629148 -0.63936 -2.962745 -28.193375 -5.395534 -1.398357 6e-06 0.0 0.0 -0.05926 0.068407 -0.024448 0.09416 0.105278 -0.016062 0.094044 0.02689 -0.031464 -15.641051 -76.612816 27.204428 94.526047 -37.091721 -77.335495 47.404591 -0.974087 0.004976 -23.992691 9.054693 -63.735298 17.636631 -26.322735 52.411205 -19.466663 -14.395596 29.410395 -1e-06 -8.774821 -2e-06 15.610541 -17.931875 6.495879 -0.609777 -1.795655 -3.88933 -4.807087 -11.046809 -2.937852 4e-06 -20.976017 0.0 -5.019967 -25.033552 -4.031886 7e-06 1e-06 -1e-06 -10.634535 -5.686971 -3.56559 10.573277 -17.922953 -3.113902 4e-06 -13.821209 2e-06 -0.501774 -31.181501 -4.027016 -12.053145 -59.188568 7.372992 -13.982716 -7.150199 -2.875046 13.772728 -8.401493 -3.218241 0.347739 -34.211552 0.771652 -0.963028 -17.73337 2.621022 0.0 -0.0 -1e-06 -17.346422 -20.095217 -4.201784 21.757557 -1.638377 3.866429 2e-06 -6.338823 -1e-06 -1.697587 -22.591742 -6.194005 -2e-06 -4e-06 -1e-06 -42.087952 -85.154869 -122.425415 88.269661 -35.190975 -96.020927 45.688358 -2.543136 0.261037 -16.239136 5.467347 -77.256516 22.182108 -20.375895 49.933327 -16.701811 -16.743528 28.476532 -3e-06 -12.690598 0.0 14.34774 -17.00771 3.179801 -0.105919 -1.513855 -4.275882 -5.039041 -5.612871 -2.953557 4e-06 -11.020523 -2e-06 -6.111297 -15.895332 -3.840472 0.0 0.0 -0.0 -10.283367 -5.680288 -4.341839 11.028293 -11.302404 -2.372633 -1.384268 -14.23858 -6.320122 -0.625438 -26.924187 -3.827603 -4.898524 -49.427441 -2.364475 -13.708521 -7.363477 -3.720939 18.141146 -14.052738 -3.242675 5e-06 -18.787268 -1e-06 -0.429713 -8.456043 2.555504 0.0 -0.0 0.0 -15.923532 -20.094482 -5.473587 30.41921 -7.190824 1.735924 2e-06 -8.162924 -1e-06 -1.861902 -22.861467 -6.167942 -1e-06 -3e-06 -1e-06 -172.964386 -1.105626 -13.675444 8.026075 -0.070823 0.13585 -78.559998 -1.220509 -3.220257 -6.066588 1.574514 2.1415 -0.999998 -0.0 0.0 2.055105 -3.377403 -12.551744 16.482027 -0.009092 0.167786 -82.004051 -0.156014 -4.076264 -6.815362 0.497719 1.537948 -1.000002 0.0 -0.0 
0.0 0.0 0.0 0.0 -0.0 0.0 -1.236575 99.842316 -0.904412 91.082954 5.331468 86.613876 -3.991114 -0.681273 0.223642 -12.667054 -0.728892 0.439144 23.222046 1.795069 -1.936739 25.078007 -5.395337 1.825653 -2.632618 -0.611316 -2.265004 -27.523237 -5.384996 -0.782672 6e-06 1e-06 -0.0 -0.060228 0.069853 -0.027329 0.107706 0.107157 -0.022068 0.106828 0.02795 -0.029839 -15.849676 -76.149757 26.868906 93.968765 -37.261906 -78.835098 47.030357 -1.131833 -0.145736 -25.198496 9.694882 -63.651737 17.636625 -26.322725 52.411201 -19.466663 -14.395598 29.410395 -1e-06 -8.774818 -3e-06 15.667728 -17.704391 6.364542 -0.609776 -1.795653 -3.889329 -4.807088 -11.046809 -2.937851 2e-06 -20.976015 -3e-06 -5.019968 -25.033556 -4.031882 8e-06 -1e-06 -1e-06 -10.634534 -5.686968 -3.565587 10.573275 -17.922951 -3.113903 3e-06 -13.821209 1e-06 -0.501777 -31.181505 -4.027017 -11.9498 -59.064613 7.257133 -13.982712 -7.1502 -2.875043 13.772728 -8.40149 -3.218244 0.347734 -34.211544 0.771655 -0.963027 -17.733366 2.621019 -0.0 -1e-06 0.0 -17.346416 -20.095217 -4.201784 21.757559 -1.638375 3.866427 1e-06 -6.338823 1e-06 -1.697589 -22.591743 -6.194004 -1e-06 -4e-06 -1e-06 -49.56472 -84.593903 -115.174095 89.101974 -35.082275 -96.027916 45.550179 -2.499794 0.424424 -17.213581 6.081067 -78.363632 22.182114 -20.375904 49.933331 -16.701813 -16.743528 28.476536 -3e-06 -12.6906 -0.0 14.171736 -17.047504 3.296355 -0.10592 -1.513856 -4.275882 -5.039041 -5.612869 -2.953557 4e-06 -11.020525 -2e-06 -6.111297 -15.895334 -3.840471 -0.0 -0.0 -0.0 -10.283369 -5.680289 -4.34184 11.028294 -11.302406 -2.372633 -1.384268 -14.238581 -6.320122 -0.625437 -26.924191 -3.827601 -4.872229 -49.733528 -2.398238 -13.708523 -7.363476 -3.720941 18.141148 -14.052739 -3.242675 6e-06 -18.78727 -1e-06 -0.429714 -8.456045 2.555505 -1e-06 -0.0 -0.0 -15.923532 -20.094486 -5.473588 30.41921 -7.190827 1.735925 1e-06 -8.162927 -0.0 -1.861901 -22.861469 -6.167942 -2e-06 -2e-06 -2e-06 -172.917313 -0.980323 -12.967793 7.561695 -0.065404 0.147532 -78.165764 -0.754569 -3.090687 -6.184109 1.560318 2.135681 -1.0 0.0 0.0 2.378077 -3.47693 -13.180035 16.155821 0.00158 0.14362 -81.931679 -0.627541 -4.272351 -6.875854 0.488118 1.538896 -1.000002 -1e-06 -0.0 
0.0 0.0 0.0 0.0 -0.0 0.0 -1.240405 99.883308 -0.920999 91.312134 5.268816 87.855606 -3.982603 -0.587528 0.242557 -12.674255 -0.639706 0.633326 23.102325 1.816709 -1.654089 25.264118 -5.98941 1.792489 -2.643258 -0.558912 -1.500463 -26.926264 -5.378356 -0.123254 6e-06 0.0 -0.0 -0.059414 0.073324 -0.012548 0.112733 0.111933 -0.010663 0.112483 0.02973 -0.010516 -16.257542 -75.715202 26.685446 93.418472 -37.623302 -79.834663 46.964043 -1.221127 -0.290037 -26.129679 10.316033 -62.764523 17.636629 -26.322718 52.411179 -19.46666 -14.395594 29.410381 -1e-06 -8.774819 -5e-06 15.681853 -17.481298 6.280892 -0.609775 -1.795654 -3.889326 -4.807087 -11.046807 -2.937852 5e-06 -20.976015 -3e-06 -5.019967 -25.033554 -4.03188 9e-06 1e-06 -2e-06 -10.634533 -5.686969 -3.565587 10.573272 -17.922947 -3.113903 4e-06 -13.821205 1e-06 -0.501771 -31.181498 -4.027017 -11.825616 -59.02269 7.111115 -13.98271 -7.150198 -2.875044 13.772726 -8.401491 -3.218241 0.347737 -34.211536 0.771653 -0.963026 -17.733368 2.621018 -2e-06 -1e-06 0.0 -17.346413 -20.095213 -4.201782 21.757555 -1.638377 3.866427 3e-06 -6.338822 1e-06 -1.697585 -22.59174 -6.194006 -1e-06 -3e-06 -0.0 -55.152161 -83.985947 -109.795204 90.01725 -35.055084 -95.61367 45.619717 -2.502185 0.514437 -17.961937 6.499545 -79.295303 22.182121 -20.3759 49.933334 -16.701817 -16.74353 28.476538 -3e-06 -12.690603 -1e-06 13.945442 -17.05097 3.486307 -0.10592 -1.513858 -4.275883 -5.039042 -5.612872 -2.953558 4e-06 -11.020527 -2e-06 -6.1113 -15.895338 -3.840472 0.0 0.0 -1e-06 -10.283373 -5.680291 -4.341841 11.028297 -11.302409 -2.372633 -1.384269 -14.238585 -6.320124 -0.625439 -26.924198 -3.827604 -4.835849 -49.898201 -2.419297 -13.708527 -7.36348 -3.720941 18.141151 -14.052741 -3.242674 6e-06 -18.787273 -2e-06 -0.429712 -8.456047 2.555505 1e-06 1e-06 -0.0 -15.923539 -20.094492 -5.473588 30.419222 -7.190828 1.735927 2e-06 -8.162929 -1e-06 -1.861902 -22.861479 -6.167945 0.0 -2e-06 -1e-06 -172.927567 -0.827232 -12.225763 7.04092 -0.059591 0.155231 -77.719215 -0.22749 -3.019284 -6.31332 1.550222 2.132359 -0.999998 0.0 0.0 2.654057 -3.586562 -13.782105 15.810835 0.016841 0.125275 -81.864952 -1.150432 -4.455874 -6.948281 0.469971 1.541541 -1.000003 0.0 -0.0 
0.0 0.0 0.0 0.0 -0.0 0.0 -1.228331 99.919037 -0.911727 91.558418 5.145221 89.185318 -3.999481 -0.494027 0.273598 -12.67426 -0.542604 0.803045 22.984251 1.84711 -1.406501 25.385357 -6.613534 1.818934 -2.650491 -0.497177 -0.805284 -26.399178 -5.391468 0.524394 5e-06 0.0 -0.0 -0.057405 0.077359 0.006585 0.100639 0.121395 0.004114 0.104327 0.027397 0.01336 -16.886686 -75.281815 26.717318 92.976891 -38.150204 -80.193092 47.191204 -1.22333 -0.415572 -26.782084 10.757615 -61.497337 17.636625 -26.322725 52.411175 -19.46666 -14.395597 29.410385 -2e-06 -8.77482 -2e-06 15.691749 -17.282616 6.220037 -0.609776 -1.795652 -3.889326 -4.807086 -11.046809 -2.937849 4e-06 -20.976013 -3e-06 -5.019972 -25.033552 -4.031877 7e-06 1e-06 -2e-06 -10.634529 -5.68697 -3.565586 10.573272 -17.922947 -3.113901 2e-06 -13.821208 3e-06 -0.501778 -31.181501 -4.027014 -11.691185 -59.062061 6.940434 -13.982711 -7.150198 -2.875043 13.772727 -8.401489 -3.218241 0.347731 -34.211552 0.77166 -0.963029 -17.733368 2.621018 0.0 0.0 0.0 -17.346415 -20.095211 -4.201778 21.757555 -1.638376 3.866426 2e-06 -6.338823 1e-06 -1.697587 -22.59174 -6.194005 -1e-06 -3e-06 -1e-06 -59.253742 -83.396011 -105.933739 90.893181 -35.231213 -94.181664 45.949398 -2.402163 0.463688 -18.202997 6.409041 -79.708443 22.182108 -20.375896 49.933327 -16.701813 -16.743528 28.476536 -4e-06 -12.6906 -0.0 13.691408 -17.001688 3.733573 -0.105919 -1.513856 -4.275881 -5.03904 -5.612869 -2.953557 4e-06 -11.02052 -2e-06 -6.111294 -15.895328 -3.840471 -0.0 -0.0 -1e-06 -10.283368 -5.680288 -4.341839 11.028294 -11.302404 -2.372634 -1.384267 -14.238578 -6.320121 -0.625436 -26.924187 -3.827602 -4.798615 -49.882706 -2.375084 -13.708523 -7.363475 -3.72094 18.14115 -14.052739 -3.242676 6e-06 -18.787266 -2e-06 -0.429711 -8.456045 2.555504 0.0 -0.0 -0.0 -15.923532 -20.094479 -5.473586 30.41921 -7.190826 1.735924 4e-06 -8.162925 -1e-06 -1.861902 -22.861467 -6.167941 -0.0 0.0 -1e-06 -173.050629 -0.669163 -11.451838 6.646969 -0.052506 0.155067 -77.332069 0.358363 -2.996968 -6.400373 1.546455 2.133779 -0.999999 -0.0 0.0 2.870425 -3.704052 -14.330415 15.523012 0.023243 0.122639 -81.842621 -1.766536 -4.684927 -6.98481 0.453015 1.544639 -1.000002 0.0 0.0 
0.0 0.0 0.0 0.0 -0.0 0.0 -1.183865 99.94458 -0.87923 91.814232 4.96449 90.69754 -4.043598 -0.399675 0.319375 -12.661178 -0.44131 0.964416 22.843761 1.923838 -1.161134 25.515205 -7.275665 1.904273 -2.648006 -0.45348 -0.272499 -25.868868 -5.453314 1.147968 6e-06 2e-06 -0.0 -0.048762 0.081089 0.014566 0.090616 0.136193 0.007266 0.099942 0.018671 0.02646 -17.512854 -74.847054 26.70216 92.723961 -38.827927 -80.038956 47.590466 -1.158153 -0.511287 -27.233772 10.947812 -60.15556 17.636629 -26.322729 52.411213 -19.46666 -14.395597 29.410395 -1e-06 -8.774822 -1e-06 15.708843 -17.122314 6.17381 -0.609776 -1.795655 -3.88933 -4.807088 -11.046813 -2.937851 4e-06 -20.976019 -2e-06 -5.019974 -25.033564 -4.031882 7e-06 -0.0 1e-06 -10.634537 -5.686974 -3.565593 10.573271 -17.922951 -3.113903 2e-06 -13.821209 0.0 -0.501777 -31.181505 -4.027021 -11.57283 -59.102623 6.815993 -13.982716 -7.150201 -2.875043 13.772727 -8.40149 -3.218244 0.347731 -34.211555 0.771653 -0.963029 -17.733372 2.621017 0.0 0.0 -1e-06 -17.346422 -20.095224 -4.201787 21.757561 -1.638372 3.866429 1e-06 -6.338824 -1e-06 -1.69759 -22.591749 -6.19401 -0.0 -3e-06 -1e-06 -62.461636 -82.851524 -102.994728 91.579224 -35.569008 -91.386887 46.383636 -2.163282 0.288883 -17.760983 5.655046 -79.414276 22.182116 -20.375891 49.933304 -16.701811 -16.743528 28.476522 -3e-06 -12.690601 -1e-06 13.501519 -16.940956 3.995555 -0.105919 -1.513857 -4.27588 -5.03904 -5.612871 -2.953556 3e-06 -11.020521 -2e-06 -6.111296 -15.89533 -3.840471 -0.0 -1e-06 0.0 -10.283369 -5.680288 -4.341837 11.028292 -11.302404 -2.372632 -1.384269 -14.238579 -6.32012 -0.625439 -26.924183 -3.827601 -4.735554 -49.706463 -2.295028 -13.708525 -7.363475 -3.720938 18.141148 -14.052739 -3.242674 6e-06 -18.787268 -2e-06 -0.429711 -8.456041 2.555503 -0.0 -0.0 0.0 -15.923534 -20.094482 -5.473583 30.419207 -7.190825 1.735927 2e-06 -8.162924 -1e-06 -1.861903 -22.861467 -6.167942 -0.0 -2e-06 -1e-06 -173.328812 -0.516087 -10.602385 6.465007 -0.043907 0.145681 -77.063728 1.029351 -2.962001 -6.419623 1.547344 2.136063 -0.999999 0.0 -0.0 3.044668 -3.834802 -14.892562 15.302361 0.026529 0.126091 -81.871468 -2.557965 -5.004869 -6.98541 0.442449 1.548209 -1.000001 0.0 -0.0 
0.0 0.0 0.0 0.0 -0.0 0.0 -1.08621 99.951996 -0.818705 92.079933 4.751622 92.45163 -4.107856 -0.32495 0.367467 -12.639846 -0.34226 1.134007 22.673635 2.071502 -0.90439 25.738733 -7.912488 1.984822 -2.647686 -0.444324 0.088614 -25.303335 -5.585469 1.745437 6e-06 -0.0 -0.0 -0.03533 0.082108 0.009302 0.09486 0.150981 -0.001899 0.107179 0.004478 0.026263 -17.743765 -74.392807 26.221296 92.806435 -39.661911 -79.78421 48.040993 -1.104976 -0.562727 -27.57831 10.893919 -58.755768 17.636627 -26.322731 52.411205 -19.466658 -14.395598 29.410389 -1e-06 -8.774821 -4e-06 15.76896 -17.028811 6.13663 -0.609777 -1.795654 -3.889327 -4.807088 -11.046811 -2.937852 5e-06 -20.976019 -3e-06 -5.019969 -25.03356 -4.031882 6e-06 -0.0 2e-06 -10.634535 -5.686967 -3.565588 10.573275 -17.922949 -3.113901 4e-06 -13.821206 -1e-06 -0.501776 -31.181501 -4.027017 -11.568011 -59.134796 6.839285 -13.982715 -7.150194 -2.875042 13.772731 -8.401492 -3.218241 0.347736 -34.211544 0.771654 -0.963029 -17.733366 2.62102 -1e-06 -0.0 2e-06 -17.346418 -20.095213 -4.201782 21.757557 -1.638375 3.866428 1e-06 -6.338822 -0.0 -1.697588 -22.591742 -6.194007 1e-06 -4e-06 -2e-06 -65.41806 -82.362259 -100.315414 91.966248 -35.967716 -87.657677 46.67915 -1.959037 0.17518 -16.719959 4.443153 -78.809036 22.182116 -20.375891 49.933319 -16.701813 -16.743528 28.47653 -3e-06 -12.690601 -1e-06 13.464333 -16.867964 4.180175 -0.10592 -1.513855 -4.275881 -5.03904 -5.612869 -2.953557 5e-06 -11.020523 -2e-06 -6.111299 -15.89533 -3.840471 2e-06 0.0 1e-06 -10.283371 -5.680287 -4.341838 11.028296 -11.302404 -2.372633 -1.38427 -14.23858 -6.320121 -0.625437 -26.924187 -3.827601 -4.602849 -49.494118 -2.245903 -13.708527 -7.363473 -3.720939 18.14115 -14.052736 -3.242674 6e-06 -18.787266 -2e-06 -0.429711 -8.456041 2.555504 -1e-06 1e-06 0.0 -15.923538 -20.094479 -5.473586 30.41921 -7.190826 1.735927 3e-06 -8.162925 -0.0 -1.861903 -22.861469 -6.167941 0.0 -4e-06 -0.0 -173.770035 -0.359195 -9.688615 6.567424 -0.039392 0.128256 -76.967674 1.823682 -2.839043 -6.395438 1.557408 2.137579 -0.999999 0.0 0.0 3.206154 -4.007223 -15.54867 15.189482 0.037324 0.124959 -81.977219 -3.487148 -5.379687 -6.972625 0.434098 1.551119 -1.000001 1e-06 0.0 
0.0 0.0 0.0 0.0 -0.0 0.0 -0.932918 99.942963 -0.743025 92.347946 4.51794 94.400223 -4.16132 -0.272972 0.391271 -12.619927 -0.240889 1.321348 22.493145 2.28429 -0.647131 26.008265 -8.45979 2.040041 -2.641814 -0.480122 0.357421 -24.794157 -5.793947 2.281135 6e-06 -0.0 1e-06 -0.02679 0.082736 -0.003208 0.105353 0.163984 -0.017206 0.116735 -0.008489 0.018175 -17.685448 -73.865631 25.405888 93.306877 -40.665001 -79.865761 48.623795 -1.154882 -0.55814 -27.895857 10.742561 -57.292801 17.636639 -26.322741 52.411213 -19.466665 -14.395598 29.410398 -1e-06 -8.774822 -1e-06 15.872297 -17.034426 6.082561 -0.609776 -1.795654 -3.889327 -4.80709 -11.046813 -2.937853 5e-06 -20.976021 -1e-06 -5.019971 -25.033562 -4.031881 7e-06 -0.0 1e-06 -10.634537 -5.686971 -3.565589 10.573277 -17.922951 -3.113901 3e-06 -13.821211 -1e-06 -0.501777 -31.181505 -4.027019 -11.63723 -59.218288 6.944291 -13.982718 -7.150198 -2.875043 13.772733 -8.401493 -3.21824 0.347733 -34.211555 0.771654 -0.963029 -17.733372 2.621022 -1e-06 -1e-06 0.0 -17.34642 -20.095217 -4.201784 21.757561 -1.638376 3.86643 1e-06 -6.338824 1e-06 -1.697588 -22.591749 -6.194011 -1e-06 -5e-06 -3e-06 -68.184341 -81.807991 -97.843216 92.033234 -36.274364 -83.38694 46.5602 -1.81693 0.214611 -15.161005 3.004292 -78.323631 22.182117 -20.375898 49.933327 -16.701817 -16.743526 28.476536 -4e-06 -12.690598 -1e-06 13.601377 -16.893211 4.239417 -0.105919 -1.513857 -4.275882 -5.03904 -5.612872 -2.953557 6e-06 -11.020528 -2e-06 -6.111297 -15.895336 -3.840471 0.0 -1e-06 -0.0 -10.283371 -5.680288 -4.341839 11.028296 -11.302409 -2.372633 -1.384269 -14.238585 -6.320122 -0.625438 -26.924198 -3.827602 -4.410167 -49.397003 -2.304817 -13.708524 -7.363477 -3.720942 18.141151 -14.052742 -3.242675 8e-06 -18.787271 -3e-06 -0.429711 -8.456047 2.555504 -0.0 -1e-06 0.0 -15.923536 -20.094486 -5.473588 30.419218 -7.19083 1.735926 3e-06 -8.162929 -1e-06 -1.861902 -22.861479 -6.167942 0.0 -3e-06 -1e-06 -174.358719 -0.184954 -8.716252 6.943507 -0.042994 0.110373 -77.022217 2.689712 -2.605467 -6.343561 1.584535 2.143042 -0.999998 1e-06 0.0 3.362815 -4.215758 -16.27602 15.170301 0.05181 0.113604 -82.13884 -4.505562 -5.788334 -6.972364 0.418843 1.551187 -1.000001 1e-06 0.0 
0.0 0.0 0.0 0.0 -0.0 0.0 -0.749785 99.936737 -0.676083 92.632355 4.281899 96.458412 -4.175102 -0.237909 0.392913 -12.608047 -0.144642 1.493614 22.336784 2.497581 -0.409682 26.193941 -8.876916 2.081614 -2.638068 -0.545067 0.650215 -24.389248 -6.032825 2.716994 5e-06 -0.0 1e-06 -0.027081 0.085323 -0.018438 0.119475 0.174814 -0.032466 0.127495 -0.014826 0.003977 -17.648315 -73.249321 24.629667 94.192329 -41.838623 -80.387749 49.443985 -1.276329 -0.523675 -28.179445 10.643969 -56.010914 17.636625 -26.322725 52.411182 -19.46665 -14.395592 29.410381 0.0 -8.774819 -3e-06 16.020309 -17.132286 6.01195 -0.609776 -1.795651 -3.889326 -4.807089 -11.046807 -2.93785 3e-06 -20.976009 1e-06 -5.019971 -25.033552 -4.031878 5e-06 -2e-06 -1e-06 -10.634533 -5.686968 -3.565586 10.573271 -17.922945 -3.113896 3e-06 -13.821205 -1e-06 -0.501779 -31.181488 -4.027012 -11.714684 -59.387375 7.069589 -13.982711 -7.150196 -2.875041 13.772726 -8.401489 -3.218238 0.347733 -34.211536 0.771653 -0.963031 -17.733366 2.621022 -1e-06 1e-06 -0.0 -17.346413 -20.095209 -4.201783 21.757551 -1.638373 3.866428 1e-06 -6.338821 1e-06 -1.697589 -22.591738 -6.194005 -1e-06 -4e-06 -2e-06 -70.74321 -81.213097 -95.567566 92.049644 -36.378288 -79.211449 45.964035 -1.840604 0.339918 -13.382417 1.619144 -78.052391 22.182114 -20.375902 49.933323 -16.701818 -16.743528 28.476536 -3e-06 -12.690601 0.0 13.792004 -16.983891 4.262512 -0.105921 -1.513857 -4.275882 -5.03904 -5.612872 -2.953556 3e-06 -11.020526 -1e-06 -6.111298 -15.895334 -3.84047 1e-06 -1e-06 0.0 -10.283369 -5.680288 -4.341839 11.028292 -11.302407 -2.372633 -1.38427 -14.238584 -6.32012 -0.625437 -26.924191 -3.8276 -4.268758 -49.480541 -2.406316 -13.708522 -7.363477 -3.720939 18.14115 -14.052743 -3.242676 1e-05 -18.787275 -1e-06 -0.429712 -8.456047 2.555503 0.0 -0.0 0.0 -15.923534 -20.094484 -5.473583 30.419214 -7.190827 1.735925 3e-06 -8.162929 -0.0 -1.861903 -22.861473 -6.167942 0.0 -1e-06 -2e-06 -174.907028 0.052805 -7.616292 7.245422 -0.046116 0.093113 -77.00296 3.534331 -2.274209 -6.277731 1.608501 2.151683 -0.999999 0.0 -0.0 3.576269 -4.447744 -17.077925 15.104243 0.063388 0.085502 -82.267075 -5.537058 -6.243789 -6.965972 0.402056 1.546748 -1.000002 1e-06 0.0 
0.0 0.0 0.0 0.0 -0.0 0.0 -0.561594 99.935219 -0.617404 92.919197 4.042319 98.547409 -4.150164 -0.210753 0.392469 -12.603078 -0.043902 1.641551 22.1987 2.693296 -0.188782 26.288673 -9.205517 2.126396 -2.660417 -0.601105 0.98528 -24.055689 -6.263214 3.106645 5e-06 -0.0 2e-06 -0.031306 0.090153 -0.048035 0.137675 0.184241 -0.057479 0.141635 -0.014905 -0.029799 -17.845142 -72.655464 24.100203 95.264755 -43.212685 -81.07254 50.564987 -1.431625 -0.51123 -28.404886 10.717695 -54.848877 17.636633 -26.322733 52.41119 -19.466661 -14.395597 29.410385 -0.0 -8.77482 -1e-06 16.164816 -17.253904 5.967641 -0.609777 -1.795655 -3.889329 -4.807089 -11.046809 -2.937847 5e-06 -20.976015 2e-06 -5.019972 -25.033556 -4.031879 7e-06 -0.0 0.0 -10.634537 -5.68697 -3.565586 10.573276 -17.922951 -3.1139 3e-06 -13.82121 -1e-06 -0.501781 -31.181505 -4.027011 -11.818579 -59.631084 7.241625 -13.982716 -7.150198 -2.87504 13.772731 -8.401493 -3.21824 0.347734 -34.211552 0.771653 -0.963029 -17.73337 2.62102 0.0 0.0 0.0 -17.34642 -20.095217 -4.201781 21.757563 -1.638375 3.866429 2e-06 -6.338824 3e-06 -1.697589 -22.591742 -6.194004 -0.0 -4e-06 -2e-06 -73.204445 -80.648819 -93.375275 92.177475 -36.316467 -75.463554 45.07658 -1.91836 0.48464 -11.616233 0.498358 -77.752655 22.182121 -20.375891 49.933319 -16.701813 -16.74353 28.47653 -2e-06 -12.690604 -0.0 13.994596 -17.125744 4.251093 -0.105918 -1.513854 -4.275882 -5.039042 -5.612873 -2.953556 4e-06 -11.020526 -2e-06 -6.111301 -15.895334 -3.840471 -0.0 0.0 -0.0 -10.283371 -5.680288 -4.341839 11.028296 -11.302406 -2.372633 -1.384267 -14.238583 -6.320121 -0.62544 -26.924192 -3.827601 -4.193857 -49.604462 -2.535332 -13.708527 -7.363476 -3.720938 18.141153 -14.052739 -3.242676 6e-06 -18.787271 -1e-06 -0.429712 -8.456043 2.555503 -1e-06 -0.0 0.0 -15.923538 -20.094486 -5.473585 30.419222 -7.190827 1.735926 2e-06 -8.162929 -1e-06 -1.861902 -22.861473 -6.167944 -0.0 -1e-06 1e-06 -175.378448 0.333356 -6.4473 7.417173 -0.047938 0.082902 -76.89109 4.331115 -1.932109 -6.18869 1.606081 2.155321 -0.999998 0.0 -0.0 3.83762 -4.665459 -17.877176 14.97296 0.064956 0.055624 -82.34906 -6.596412 -6.707399 -6.919502 0.39821 1.544177 -1.000003 2e-06 0.0 
0.0 0.0 0.0 0.0 -0.0 0.0 -0.367296 99.925743 -0.560506 93.191086 3.826447 100.560005 -4.094924 -0.185252 0.408193 -12.594746 0.055872 1.774003 22.082834 2.880091 0.015736 26.348658 -9.485055 2.196641 -2.697717 -0.619298 1.290221 -23.771046 -6.470745 3.487546 5e-06 1e-06 1e-06 -0.032828 0.094792 -0.082381 0.155497 0.192768 -0.084483 0.15577 -0.014321 -0.070924 -18.329819 -72.156868 23.946661 96.350296 -44.639938 -81.685501 51.825855 -1.606578 -0.512828 -28.577799 10.907021 -53.881218 17.636621 -26.322729 52.411182 -19.46666 -14.395598 29.410381 -0.0 -8.774821 -2e-06 16.290829 -17.333855 5.932036 -0.609776 -1.795651 -3.889326 -4.807089 -11.046809 -2.937851 5e-06 -20.976019 0.0 -5.01997 -25.03356 -4.03188 5e-06 -0.0 -0.0 -10.634531 -5.686966 -3.565584 10.573272 -17.922951 -3.1139 3e-06 -13.82121 -0.0 -0.501778 -31.181505 -4.027012 -11.912296 -59.830154 7.401041 -13.982713 -7.150192 -2.87504 13.77273 -8.401492 -3.218241 0.347734 -34.211552 0.771654 -0.96303 -17.73337 2.621021 1e-06 0.0 1e-06 -17.346415 -20.095211 -4.201777 21.757555 -1.638374 3.866423 2e-06 -6.338824 2e-06 -1.697587 -22.591745 -6.194005 -0.0 -3e-06 -3e-06 -75.631332 -80.141319 -91.200768 92.438248 -36.144691 -72.440292 44.060669 -1.940122 0.625614 -10.073301 -0.227383 -77.467224 22.182119 -20.375895 49.933323 -16.701813 -16.743526 28.476528 -3e-06 -12.690598 -2e-06 14.174774 -17.282217 4.219517 -0.105923 -1.513856 -4.27588 -5.03904 -5.612872 -2.953558 4e-06 -11.020525 -2e-06 -6.111297 -15.895336 -3.840471 -1e-06 1e-06 0.0 -10.283374 -5.68029 -4.341839 11.028292 -11.302406 -2.372633 -1.384268 -14.238583 -6.320122 -0.625442 -26.924191 -3.827602 -4.168131 -49.657169 -2.633591 -13.708527 -7.363477 -3.720938 18.141151 -14.05274 -3.242673 6e-06 -18.787273 -4e-06 -0.429713 -8.456041 2.555501 1e-06 -1e-06 0.0 -15.923539 -20.094486 -5.473586 30.419218 -7.190827 1.735929 3e-06 -8.162928 -1e-06 -1.861904 -22.861475 -6.167944 1e-06 -0.0 -1e-06 -175.862 0.611513 -5.332543 7.651598 -0.047096 0.080885 -76.790985 5.063821 -1.625267 -6.098699 1.589761 2.155287 -0.999998 -0.0 0.0 4.111489 -4.874467 -18.631397 14.880863 0.062473 0.032041 -82.437408 -7.614841 -7.149336 -6.85125 0.403469 1.545343 -1.000001 0.0 0.0 
0.0 0.0 0.0 0.0 -0.0 0.0 -0.173807 99.901978 -0.493652 93.440262 3.644228 102.429756 -4.034412 -0.1663 0.437889 -12.585946 0.144935 1.899597 21.993795 3.070882 0.218424 26.417143 -9.695283 2.2712 -2.735515 -0.6077 1.541441 -23.490984 -6.632149 3.85983 6e-06 1e-06 -2e-06 -0.028668 0.098077 -0.112999 0.166201 0.198588 -0.108602 0.165594 -0.013976 -0.106906 -18.95775 -71.77977 24.081154 97.308159 -45.961872 -82.067574 53.007217 -1.758535 -0.507168 -28.759731 11.097793 -53.175262 17.636621 -26.322733 52.411194 -19.46665 -14.395594 29.410381 1e-06 -8.774819 -1e-06 16.403118 -17.357508 5.879568 -0.609778 -1.795655 -3.889328 -4.807087 -11.046811 -2.937849 0.0 -20.976017 2e-06 -5.019974 -25.03356 -4.03188 7e-06 -0.0 -0.0 -10.634533 -5.686971 -3.565585 10.573268 -17.922947 -3.113897 1e-06 -13.821208 -2e-06 -0.501781 -31.181505 -4.027016 -11.941783 -59.936367 7.485461 -13.982712 -7.150201 -2.875042 13.772727 -8.401491 -3.218238 0.347728 -34.211552 0.771654 -0.963031 -17.73337 2.621021 -0.0 0.0 1e-06 -17.346418 -20.095221 -4.201779 21.757555 -1.638371 3.866428 1e-06 -6.338823 1e-06 -1.697592 -22.591745 -6.194004 -0.0 -4e-06 -2e-06 -77.933754 -79.71524 -89.149437 92.766129 -35.920654 -70.093033 43.010323 -1.869139 0.770942 -8.760145 -0.625492 -77.213326 22.182108 -20.375883 49.933296 -16.701809 -16.743528 28.476519 -4e-06 -12.690598 -1e-06 14.334759 -17.441166 4.189098 -0.105918 -1.513857 -4.275881 -5.039042 -5.612869 -2.953556 3e-06 -11.020519 -2e-06 -6.111293 -15.895328 -3.84047 1e-06 -0.0 0.0 -10.283366 -5.680288 -4.341838 11.028293 -11.302401 -2.372633 -1.384266 -14.238575 -6.32012 -0.625437 -26.924179 -3.827601 -4.163265 -49.636959 -2.707626 -13.70852 -7.363475 -3.720939 18.141146 -14.052732 -3.242673 5e-06 -18.78726 -3e-06 -0.429711 -8.456037 2.555504 -0.0 -1e-06 -0.0 -15.923532 -20.094479 -5.473584 30.419205 -7.190823 1.735925 5e-06 -8.162921 -1e-06 -1.861908 -22.861464 -6.167941 1e-06 -4e-06 -2e-06 -176.314209 0.894943 -4.31001 8.060646 -0.046344 0.084536 -76.828896 5.701874 -1.325438 -6.028876 1.581464 2.155468 -1.0 0.0 0.0 4.376367 -5.077604 -19.343233 14.881444 0.058858 0.015268 -82.566437 -8.532226 -7.536706 -6.816342 0.408575 1.549248 -1.000001 -1e-06 0.0 
0.0 0.0 0.0 0.0 -0.0 0.0 0.017591 99.868774 -0.416134 93.671684 3.487337 104.137024 -3.987419 -0.160708 0.472909 -12.590444 0.220907 2.011915 21.937923 3.257982 0.413809 26.519144 -9.850886 2.332442 -2.758523 -0.577612 1.737276 -23.187719 -6.751594 4.21264 6e-06 1e-06 2e-06 -0.019767 0.098116 -0.136382 0.177435 0.199375 -0.127225 0.174836 -0.015017 -0.133724 -19.593348 -71.504166 24.355555 98.06723 -47.085693 -82.149773 53.939564 -1.868293 -0.45315 -28.990345 11.256298 -52.822872 17.636631 -26.322729 52.411194 -19.466661 -14.395597 29.410385 -2e-06 -8.774822 -2e-06 16.516665 -17.350279 5.829672 -0.609778 -1.795653 -3.889325 -4.807087 -11.046808 -2.93785 5e-06 -20.976015 0.0 -5.019968 -25.03356 -4.031884 5e-06 -2e-06 -1e-06 -10.634535 -5.686972 -3.565587 10.573275 -17.922951 -3.1139 4e-06 -13.821209 -2e-06 -0.501774 -31.181505 -4.027021 -11.933471 -60.014874 7.512976 -13.982716 -7.150197 -2.875042 13.772729 -8.401493 -3.218241 0.347733 -34.211544 0.771651 -0.963029 -17.733366 2.621018 -0.0 1e-06 1e-06 -17.34642 -20.095221 -4.201779 21.757563 -1.638373 3.866428 1e-06 -6.338824 1e-06 -1.697588 -22.591745 -6.194007 -0.0 -4e-06 -2e-06 -79.973152 -79.367424 -87.376945 93.05957 -35.682343 -68.192627 41.957134 -1.701692 0.91801 -7.580194 -0.802279 -76.812859 22.182108 -20.375887 49.933319 -16.701809 -16.743525 28.476528 -2e-06 -12.690601 -1e-06 14.498987 -17.646549 4.161459 -0.105918 -1.513856 -4.275882 -5.039042 -5.612872 -2.953557 6e-06 -11.020523 -4e-06 -6.1113 -15.89533 -3.840473 -0.0 -0.0 -0.0 -10.283369 -5.680288 -4.34184 11.028293 -11.302402 -2.372633 -1.384266 -14.238575 -6.320123 -0.625438 -26.924181 -3.827603 -4.157098 -49.583012 -2.773893 -13.70852 -7.363476 -3.720941 18.141146 -14.052734 -3.242674 6e-06 -18.787266 -2e-06 -0.429714 -8.456038 2.555503 2e-06 -2e-06 0.0 -15.923534 -20.094482 -5.473587 30.41921 -7.190824 1.735925 3e-06 -8.162922 -1e-06 -1.8619 -22.861469 -6.167942 1e-06 -2e-06 0.0 -176.755112 1.184595 -3.369357 8.567492 -0.052641 0.083839 -76.932495 6.25568 -1.036827 -5.986799 1.583844 2.158885 -0.999999 0.0 0.0 4.630751 -5.278507 -20.008453 14.946282 0.055029 0.006282 -82.720749 -9.355217 -7.876359 -6.805396 0.409399 1.554047 -1.000002 1e-06 0.0 
0.0 0.0 0.0 0.0 -0.0 0.0 0.217651 99.83075 -0.330276 93.880577 3.375198 105.645729 -3.953025 -0.161344 0.503559 -12.592575 0.279571 2.101712 21.903042 3.419182 0.587413 26.67098 -9.970201 2.374937 -2.767392 -0.537128 1.930585 -22.856361 -6.83032 4.526808 6e-06 -0.0 -0.0 -0.013199 0.095577 -0.150886 0.189226 0.193197 -0.138902 0.182405 -0.013996 -0.149808 -20.225555 -71.301926 24.75798 98.609764 -48.019714 -82.003799 54.580589 -1.930119 -0.3493 -29.192694 11.345036 -52.90971 17.636635 -26.322729 52.411205 -19.466663 -14.395596 29.410395 -1e-06 -8.774822 -2e-06 16.593611 -17.342888 5.786336 -0.609774 -1.795656 -3.889328 -4.807091 -11.046811 -2.937854 5e-06 -20.976015 -1e-06 -5.019968 -25.033556 -4.031884 6e-06 -3e-06 -2e-06 -10.634534 -5.686974 -3.565587 10.573274 -17.922947 -3.113901 3e-06 -13.821206 1e-06 -0.501775 -31.181505 -4.027021 -11.891669 -60.060524 7.464643 -13.982717 -7.150201 -2.875043 13.772732 -8.401493 -3.218241 0.347733 -34.211544 0.77165 -0.96303 -17.73337 2.621022 -0.0 0.0 2e-06 -17.346418 -20.095222 -4.201785 21.757557 -1.638375 3.866432 1e-06 -6.338823 2e-06 -1.697589 -22.591742 -6.194006 -0.0 -4e-06 -5e-06 -81.609581 -79.043983 -86.020363 93.254639 -35.460567 -66.660873 40.936302 -1.4943 1.037048 -6.533532 -0.850354 -76.298164 22.182117 -20.37591 49.933323 -16.701811 -16.743526 28.47653 -1e-06 -12.690605 -2e-06 14.637508 -17.853474 4.151207 -0.105919 -1.513856 -4.275882 -5.039044 -5.612873 -2.953556 6e-06 -11.020527 -1e-06 -6.111301 -15.895334 -3.840472 -0.0 -1e-06 -0.0 -10.283371 -5.680289 -4.341839 11.028295 -11.302406 -2.372631 -1.384268 -14.238581 -6.320121 -0.625441 -26.924194 -3.827599 -4.166349 -49.568352 -2.803125 -13.708527 -7.363479 -3.72094 18.141148 -14.05274 -3.242673 3e-06 -18.787271 -0.0 -0.429711 -8.456047 2.555504 1e-06 0.0 0.0 -15.923536 -20.094484 -5.473583 30.41921 -7.190825 1.735926 0.0 -8.162928 -0.0 -1.861901 -22.861473 -6.167942 -0.0 -1e-06 -2e-06 -177.129852 1.468446 -2.491894 9.104286 -0.059099 0.085676 -77.075066 6.688771 -0.758506 -5.960066 1.588762 2.165787 -1.0 0.0 -0.0 4.912778 -5.463256 -20.581551 15.008798 0.05215 -0.002984 -82.859993 -10.118532 -8.189675 -6.797538 0.416133 1.559388 -1.000002 1e-06 -0.0 
0.0 0.0 0.0 0.0 -0.0 0.0 0.426822 99.79213 -0.244477 94.060959 3.307719 106.959869 -3.937687 -0.17383 0.530759 -12.593133 0.326 2.159999 21.879303 3.548406 0.744029 26.885534 -10.026133 2.415058 -2.774017 -0.511671 2.103105 -22.532423 -6.842427 4.762305 6e-06 -0.0 2e-06 -0.010421 0.092738 -0.169898 0.197459 0.186054 -0.155647 0.187406 -0.012463 -0.17 -20.749762 -71.174408 25.17363 98.940529 -48.751137 -81.772758 54.934837 -1.993412 -0.217093 -29.330107 11.378433 -53.37442 17.636639 -26.322737 52.411213 -19.466665 -14.395598 29.410395 -1e-06 -8.774822 -1e-06 16.635912 -17.346079 5.743435 -0.609778 -1.795654 -3.889329 -4.807086 -11.046811 -2.937852 7e-06 -20.976019 -2e-06 -5.019967 -25.033562 -4.031882 8e-06 -0.0 -1e-06 -10.634537 -5.686972 -3.565587 10.573277 -17.922955 -3.113903 5e-06 -13.821209 -1e-06 -0.501769 -31.181505 -4.027022 -11.850494 -60.038265 7.378841 -13.982716 -7.150198 -2.875045 13.772733 -8.401497 -3.218241 0.347739 -34.211555 0.771652 -0.963027 -17.73337 2.621023 -1e-06 -1e-06 3e-06 -17.346422 -20.095222 -4.201784 21.757561 -1.638376 3.866427 2e-06 -6.338822 1e-06 -1.697587 -22.591743 -6.194007 0.0 -4e-06 -2e-06 -82.965248 -78.781738 -84.928413 93.385902 -35.262966 -65.399712 39.977295 -1.226656 1.11515 -5.605721 -0.759028 -75.740921 22.182117 -20.3759 49.933334 -16.701817 -16.743528 28.47654 -4e-06 -12.6906 0.0 14.773197 -18.052362 4.156445 -0.105918 -1.513855 -4.275882 -5.039041 -5.612872 -2.953558 3e-06 -11.020525 -1e-06 -6.1113 -15.895334 -3.84047 -0.0 0.0 -1e-06 -10.283368 -5.680288 -4.341839 11.028293 -11.302406 -2.372635 -1.384268 -14.238583 -6.320123 -0.625437 -26.924191 -3.827601 -4.207749 -49.644382 -2.782779 -13.708524 -7.363477 -3.720941 18.141148 -14.052742 -3.242675 8e-06 -18.787271 -0.0 -0.429712 -8.456042 2.555503 1e-06 -1e-06 -1e-06 -15.923532 -20.094486 -5.473588 30.41921 -7.190827 1.735925 2e-06 -8.162927 -1e-06 -1.861899 -22.861467 -6.167941 2e-06 -2e-06 -0.0 -177.427902 1.723266 -1.712781 9.642458 -0.066516 0.098749 -77.242218 7.036215 -0.487729 -5.941529 1.585037 2.172338 -1.0 0.0 -0.0 5.230027 -5.614988 -21.043571 15.025709 0.049688 -0.01295 -82.961273 -10.81354 -8.502516 -6.775425 0.434077 1.565911 -1.000002 -1e-06 -0.0 
0.0 0.0 0.0 0.0 -0.0 0.0 0.633332 99.758743 -0.157143 94.223122 3.277779 108.077118 -3.93099 -0.202098 0.561215 -12.590173 0.359445 2.20992 21.842548 3.654185 0.879764 27.15332 -10.018621 2.418858 -2.781019 -0.492102 2.313817 -22.22809 -6.794369 4.932726 6e-06 0.0 -2e-06 -0.009828 0.09017 -0.192173 0.1963 0.178696 -0.174181 0.187441 -0.010307 -0.195415 -21.222046 -71.125443 25.625071 99.086288 -49.323696 -81.467743 55.08284 -2.044269 -0.109886 -29.409431 11.368508 -53.824482 17.636625 -26.322729 52.411201 -19.46666 -14.395596 29.410393 -2e-06 -8.774821 -1e-06 16.64323 -17.350931 5.733958 -0.609778 -1.795651 -3.889328 -4.807087 -11.046813 -2.937852 6e-06 -20.976015 -1e-06 -5.019965 -25.033558 -4.031884 5e-06 -1e-06 -1e-06 -10.634535 -5.686974 -3.565587 10.573277 -17.922949 -3.113901 3e-06 -13.821209 0.0 -0.501772 -31.181501 -4.02702 -11.836603 -59.982922 7.347045 -13.982712 -7.150195 -2.875042 13.772728 -8.401495 -3.218243 0.347736 -34.211544 0.771653 -0.963028 -17.73337 2.621019 -0.0 2e-06 1e-06 -17.346416 -20.095213 -4.201785 21.757557 -1.638378 3.866428 2e-06 -6.338822 2e-06 -1.697587 -22.591745 -6.194005 -0.0 -4e-06 -3e-06 -84.213791 -78.551483 -83.921074 93.445694 -35.051834 -64.280891 38.991367 -0.943226 1.151734 -4.759455 -0.558949 -74.749695 22.182117 -20.375898 49.933327 -16.701817 -16.74353 28.476536 -3e-06 -12.690604 -0.0 14.939644 -18.197153 4.130323 -0.105918 -1.513857 -4.275883 -5.039042 -5.612871 -2.953557 4e-06 -11.020524 -2e-06 -6.111297 -15.895332 -3.840472 0.0 -0.0 -1e-06 -10.283371 -5.680288 -4.341839 11.028296 -11.302406 -2.372633 -1.38427 -14.238579 -6.320124 -0.625438 -26.924191 -3.827602 -4.253036 -49.728455 -2.753813 -13.708526 -7.363477 -3.72094 18.141155 -14.05274 -3.242676 5e-06 -18.78727 -1e-06 -0.429711 -8.456041 2.555502 0.0 -0.0 2e-06 -15.923536 -20.094486 -5.473586 30.419218 -7.190825 1.735925 1e-06 -8.162927 1e-06 -1.861905 -22.861467 -6.16794 -0.0 -4e-06 -0.0 -177.594147 1.963037 -0.993972 10.045319 -0.071267 0.115788 -77.373001 7.287954 -0.249814 -5.915351 1.569708 2.175678 -0.999998 -0.0 -0.0 5.586092 -5.733153 -21.416538 14.966302 0.041772 -0.012496 -83.011711 -11.437243 -8.798224 -6.744884 0.45387 1.572467 -1.000001 -0.0 0.0 
0.0 0.0 0.0 0.0 -0.0 0.0 0.83007 99.731255 -0.075939 94.36422 3.265591 108.988846 -3.929117 -0.239264 0.592181 -12.583154 0.372592 2.249945 21.778782 3.734417 0.998101 27.436792 -9.96688 2.399739 -2.787831 -0.466486 2.552222 -21.935764 -6.721384 5.087387 6e-06 -0.0 -1e-06 -0.007437 0.087458 -0.211535 0.192777 0.171591 -0.189024 0.187155 -0.008812 -0.21906 -21.596819 -71.071434 25.958452 99.186378 -49.784431 -81.186913 55.0364 -2.074468 -0.016255 -29.532501 11.244019 -54.14352 17.636623 -26.322727 52.411182 -19.466658 -14.395594 29.410381 -1e-06 -8.774819 -1e-06 16.652767 -17.352497 5.747046 -0.609776 -1.795654 -3.889326 -4.807087 -11.046807 -2.937849 6e-06 -20.976009 0.0 -5.019966 -25.033546 -4.031878 5e-06 -2e-06 -0.0 -10.634529 -5.686968 -3.565586 10.573271 -17.922945 -3.113899 3e-06 -13.821205 0.0 -0.501775 -31.181498 -4.027019 -11.848989 -59.935108 7.380006 -13.982709 -7.150195 -2.875042 13.772725 -8.401489 -3.218239 0.347734 -34.211536 0.771656 -0.963028 -17.733364 2.621021 -1e-06 -1e-06 1e-06 -17.346409 -20.095207 -4.20178 21.757551 -1.638374 3.866424 2e-06 -6.338822 1e-06 -1.697588 -22.591738 -6.194002 0.0 -4e-06 -3e-06 -85.455811 -78.343689 -82.929276 93.472725 -34.826401 -63.270454 37.933357 -0.665936 1.171637 -4.061647 -0.296153 -73.5728 22.182117 -20.375898 49.933308 -16.701811 -16.743528 28.476522 -2e-06 -12.6906 -1e-06 15.08703 -18.255104 4.071956 -0.105919 -1.513856 -4.27588 -5.039041 -5.612871 -2.953556 5e-06 -11.020523 -1e-06 -6.111297 -15.895334 -3.84047 -1e-06 0.0 -1e-06 -10.283371 -5.680288 -4.341838 11.028296 -11.302404 -2.372632 -1.384268 -14.238581 -6.320119 -0.625437 -26.924191 -3.827598 -4.282818 -49.735195 -2.722799 -13.708519 -7.363472 -3.720938 18.141146 -14.052739 -3.242674 6e-06 -18.78727 1e-06 -0.429712 -8.456044 2.555504 1e-06 -1e-06 1e-06 -15.923536 -20.094482 -5.473582 30.41921 -7.190826 1.735928 3e-06 -8.162925 -1e-06 -1.861905 -22.861467 -6.167939 -0.0 -3e-06 -0.0 -177.669785 2.18372 -0.375434 10.32639 -0.07286 0.130337 -77.468544 7.459563 -0.024324 -5.898341 1.54098 2.174868 -1.0 -1e-06 0.0 5.931201 -5.827578 -21.686642 14.867136 0.030708 -0.004062 -83.026146 -11.982635 -9.072877 -6.704587 0.471009 1.580066 -1.000002 1e-06 0.0 
0.0 0.0 0.0 0.0 -0.0 0.0 1.020535 99.709839 -0.001307 94.487343 3.263923 109.717499 -3.927734 -0.278849 0.618458 -12.571877 0.372322 2.286632 21.688419 3.789446 1.084544 27.693134 -9.913795 2.366234 -2.786372 -0.436108 2.786115 -21.661821 -6.639087 5.238081 7e-06 -0.0 -1e-06 -0.0034 0.084317 -0.213458 0.182712 0.163013 -0.188367 0.178043 -0.006842 -0.223203 -21.996237 -70.986336 26.257378 99.31134 -50.150414 -80.950378 54.812702 -2.118535 0.092191 -29.690556 11.004519 -54.306744 17.636627 -26.322737 52.411198 -19.466658 -14.395602 29.410389 -0.0 -8.774822 -2e-06 16.687944 -17.368107 5.744411 -0.609776 -1.795655 -3.889327 -4.80709 -11.046813 -2.937849 5e-06 -20.976017 0.0 -5.01997 -25.033562 -4.031881 7e-06 -0.0 -3e-06 -10.634533 -5.686976 -3.565586 10.573276 -17.922951 -3.113898 2e-06 -13.821211 2e-06 -0.501777 -31.181505 -4.02702 -11.865089 -59.935108 7.401789 -13.982718 -7.150198 -2.875041 13.772733 -8.401493 -3.218243 0.34773 -34.211555 0.771654 -0.963031 -17.73337 2.621023 -0.0 -0.0 2e-06 -17.34642 -20.095217 -4.201779 21.757561 -1.638376 3.866426 1e-06 -6.338825 1e-06 -1.697588 -22.591745 -6.194005 0.0 -4e-06 -2e-06 -86.797226 -78.157501 -81.805954 93.535919 -34.578419 -62.447239 36.874931 -0.39431 1.220408 -3.502933 0.046462 -72.647781 22.182116 -20.3759 49.933323 -16.701807 -16.743526 28.47653 -2e-06 -12.690602 -0.0 15.190978 -18.248121 4.002642 -0.105917 -1.513855 -4.275881 -5.039041 -5.61287 -2.953557 5e-06 -11.020523 -1e-06 -6.111297 -15.89533 -3.84047 0.0 0.0 -2e-06 -10.283367 -5.680287 -4.341838 11.028293 -11.302404 -2.372632 -1.384269 -14.23858 -6.320122 -0.625443 -26.924183 -3.827598 -4.307968 -49.720627 -2.689209 -13.708526 -7.363475 -3.720938 18.141151 -14.052737 -3.242674 4e-06 -18.78727 1e-06 -0.42971 -8.456046 2.555505 0.0 0.0 -1e-06 -15.923536 -20.094484 -5.473583 30.419214 -7.190824 1.735926 1e-06 -8.162929 1e-06 -1.861904 -22.861469 -6.167942 2e-06 -4e-06 -0.0 -177.669601 2.386524 0.107097 10.484592 -0.074233 0.132678 -77.524384 7.586608 0.188386 -5.909384 1.518914 2.175734 -0.999999 -1e-06 -0.0 6.256878 -5.905647 -21.848211 14.735693 0.016517 0.004727 -83.010765 -12.451558 -9.290126 -6.689289 0.479268 1.585926 -1.000001 0.0 -0.0 
0.0 0.0 0.0 0.0 -0.0 0.0 1.205303 99.695259 0.061015 94.588814 3.274789 110.296043 -3.931632 -0.312238 0.637553 -12.562561 0.375002 2.324645 21.606335 3.812718 1.13384 27.907276 -9.901802 2.344203 -2.788393 -0.406132 2.973505 -21.420292 -6.561578 5.375694 7e-06 -0.0 -2e-06 -0.001348 0.081821 -0.203615 0.163468 0.154156 -0.177947 0.159041 -0.003461 -0.213794 -22.386597 -70.89193 26.530106 99.495201 -50.402847 -80.793289 54.482124 -2.173169 0.192137 -29.798979 10.810282 -54.475456 17.636633 -26.322729 52.411186 -19.466663 -14.395596 29.410393 0.0 -8.774821 -4e-06 16.739601 -17.368389 5.713461 -0.609774 -1.795654 -3.889326 -4.80709 -11.046813 -2.93785 5e-06 -20.976019 0.0 -5.019969 -25.03356 -4.031882 6e-06 -0.0 -0.0 -10.634533 -5.686967 -3.565587 10.573277 -17.922955 -3.1139 3e-06 -13.821209 1e-06 -0.501775 -31.181505 -4.027017 -11.872232 -59.951336 7.384738 -13.982714 -7.150198 -2.875042 13.772731 -8.401491 -3.21824 0.347733 -34.211555 0.771653 -0.963029 -17.73337 2.621021 -1e-06 1e-06 1e-06 -17.346422 -20.095221 -4.201779 21.757563 -1.638375 3.866429 2e-06 -6.338822 1e-06 -1.697588 -22.591745 -6.194005 0.0 -4e-06 -5e-06 -88.172096 -78.007469 -80.585464 93.676994 -34.285133 -61.876133 35.856487 -0.152206 1.262383 -3.033282 0.444731 -71.85099 22.182112 -20.375898 49.933315 -16.701811 -16.743528 28.476528 -4e-06 -12.6906 -0.0 15.27154 -18.206495 3.935039 -0.105918 -1.513854 -4.275882 -5.03904 -5.612869 -2.953553 3e-06 -11.020523 -2e-06 -6.111295 -15.89533 -3.840469 -1e-06 0.0 -1e-06 -10.283365 -5.680285 -4.341838 11.028292 -11.302406 -2.372633 -1.384269 -14.238581 -6.320119 -0.625438 -26.924187 -3.827599 -4.314755 -49.689167 -2.666626 -13.70852 -7.363472 -3.72094 18.141146 -14.052739 -3.242672 9e-06 -18.787268 -1e-06 -0.429714 -8.456043 2.555505 1e-06 0.0 -1e-06 -15.923531 -20.094479 -5.473584 30.419207 -7.190826 1.735924 4e-06 -8.162927 -1e-06 -1.8619 -22.861469 -6.167941 1e-06 -5e-06 -2e-06 -177.607758 2.55851 0.473994 10.541743 -0.072358 0.126764 -77.546097 7.687 0.395978 -5.946052 1.504885 2.176877 -0.999999 -0.0 -0.0 6.576038 -5.965808 -21.95199 14.55345 0.005125 0.013241 -82.956947 -12.836563 -9.457146 -6.697736 0.481006 1.589092 -1.000002 0.0 -0.0 
0.0 0.0 0.0 0.0 -0.0 0.0 1.376315 99.683327 0.115506 94.676163 3.291643 110.725555 -3.950077 -0.336736 0.643808 -12.557884 0.387349 2.368214 21.540676 3.80991 1.158789 28.07663 -9.946548 2.332894 -2.796612 -0.371435 3.087103 -21.232405 -6.509857 5.504891 6e-06 0.0 -1e-06 -0.002489 0.079269 -0.191727 0.13615 0.14537 -0.166751 0.132334 -0.000504 -0.201099 -22.77475 -70.84494 26.821478 99.685783 -50.534096 -80.691231 54.121262 -2.238768 0.248233 -29.804876 10.74859 -54.617207 17.636631 -26.322727 52.411201 -19.46666 -14.395596 29.410395 -0.0 -8.77482 -2e-06 16.823578 -17.348431 5.662626 -0.609774 -1.795653 -3.889327 -4.807091 -11.046812 -2.937852 6e-06 -20.976015 -0.0 -5.019968 -25.03356 -4.031884 6e-06 1e-06 -0.0 -10.634533 -5.686971 -3.56559 10.573272 -17.922947 -3.1139 3e-06 -13.821205 -1e-06 -0.501772 -31.181505 -4.027021 -11.864126 -59.957954 7.368784 -13.982713 -7.150197 -2.875045 13.77273 -8.401492 -3.21824 0.347735 -34.211544 0.771651 -0.963027 -17.73337 2.621018 -1e-06 -1e-06 2e-06 -17.346415 -20.095215 -4.201785 21.757555 -1.638375 3.866429 2e-06 -6.338822 1e-06 -1.697587 -22.591742 -6.194004 0.0 -4e-06 -5e-06 -89.507149 -77.908585 -79.363182 93.888489 -33.967602 -61.533051 34.874992 0.007369 1.250462 -2.629669 0.805496 -70.955391 22.182106 -20.375891 49.933319 -16.701815 -16.743528 28.476534 -2e-06 -12.6906 -0.0 15.341507 -18.137529 3.859847 -0.105917 -1.513855 -4.275881 -5.039041 -5.612872 -2.953557 2e-06 -11.020524 -3e-06 -6.111296 -15.895332 -3.840472 0.0 0.0 -1e-06 -10.283369 -5.680288 -4.341838 11.028294 -11.302404 -2.372634 -1.384268 -14.238581 -6.320121 -0.625436 -26.924187 -3.827603 -4.303054 -49.616474 -2.660457 -13.708524 -7.363477 -3.72094 18.141146 -14.052737 -3.242674 9e-06 -18.787266 -4e-06 -0.429712 -8.456042 2.555501 1e-06 1e-06 -0.0 -15.923532 -20.094481 -5.473588 30.419201 -7.190824 1.735924 3e-06 -8.162925 -2e-06 -1.861902 -22.861467 -6.167942 -2e-06 -2e-06 -1e-06 -177.514313 2.706953 0.735924 10.544778 -0.068911 0.111839 -77.555229 7.782348 0.579196 -6.013883 1.501349 2.177418 -0.999999 -0.0 -0.0 6.855956 -6.031033 -22.008602 14.387623 0.003136 0.014964 -82.905266 -13.113718 -9.597415 -6.732664 0.477642 1.590947 -1.000003 0.0 0.0 
0.0 0.0 0.0 0.0 -0.0 0.0 1.537878 99.666435 0.169339 94.749413 3.319146 110.996826 -3.987866 -0.350465 0.652228 -12.555451 0.406563 2.41494 21.507322 3.793811 1.164369 28.197533 -10.03552 2.326424 -2.808446 -0.344576 3.164626 -21.137085 -6.505433 5.589579 6e-06 0.0 0.0 -0.00836 0.078198 -0.183656 0.101704 0.139633 -0.159381 0.097638 0.002441 -0.19206 -23.242533 -70.839462 27.218235 99.876167 -50.586147 -80.649048 53.793007 -2.293146 0.289006 -29.704798 10.785042 -54.6772 17.636625 -26.322727 52.411186 -19.466658 -14.395597 29.410381 -0.0 -8.774821 -2e-06 16.893618 -17.32992 5.616639 -0.609776 -1.795653 -3.889328 -4.807087 -11.046809 -2.937848 6e-06 -20.976013 0.0 -5.01997 -25.033556 -4.031878 6e-06 0.0 -1e-06 -10.634533 -5.68697 -3.565586 10.57327 -17.922951 -3.113898 1e-06 -13.821206 1e-06 -0.501776 -31.181501 -4.027017 -11.855137 -59.973869 7.359253 -13.982712 -7.150198 -2.875041 13.772727 -8.401489 -3.218241 0.347731 -34.211544 0.771656 -0.963029 -17.73337 2.621021 -0.0 -0.0 1e-06 -17.346416 -20.095217 -4.20178 21.757555 -1.638374 3.866425 1e-06 -6.338823 1e-06 -1.697589 -22.591742 -6.194002 0.0 -4e-06 -4e-06 -90.726151 -77.844879 -78.216347 94.155113 -33.652214 -61.382954 33.977707 0.087948 1.210252 -2.242515 1.140759 -70.074463 22.182119 -20.375895 49.933323 -16.701817 -16.743532 28.476532 -2e-06 -12.690603 -4e-06 15.430178 -18.090078 3.781498 -0.10592 -1.513856 -4.275884 -5.03904 -5.612871 -2.953554 3e-06 -11.020523 -2e-06 -6.111299 -15.89533 -3.84047 0.0 -0.0 0.0 -10.283373 -5.680288 -4.341838 11.028295 -11.302405 -2.372632 -1.38427 -14.238581 -6.320124 -0.625437 -26.924187 -3.827601 -4.282864 -49.549358 -2.670187 -13.708527 -7.363479 -3.720939 18.14115 -14.052739 -3.242674 6e-06 -18.78727 -4e-06 -0.429711 -8.456044 2.555505 1e-06 1e-06 -1e-06 -15.923538 -20.094484 -5.473585 30.41921 -7.190826 1.735927 4e-06 -8.162925 -2e-06 -1.861905 -22.861467 -6.167941 1e-06 -5e-06 -1e-06 -177.447449 2.842317 0.915649 10.619419 -0.067558 0.097838 -77.614059 7.813742 0.714358 -6.10453 1.514258 2.179951 -0.999999 -0.0 -0.0 7.066945 -6.112 -21.992178 14.314991 0.002276 0.016795 -82.893379 -13.31524 -9.738132 -6.801374 0.47052 1.591374 -1.000002 0.0 -0.0 
0.0 0.0 0.0 0.0 -0.0 0.0 1.693594 99.648216 0.214893 94.808952 3.362352 111.135925 -4.034528 -0.354137 0.664714 -12.554894 0.424043 2.446654 21.507366 3.780427 1.168291 28.26778 -10.155445 2.327791 -2.820283 -0.322683 3.241265 -21.138502 -6.522377 5.657273 6e-06 0.0 -1e-06 -0.014144 0.079247 -0.190298 0.075267 0.136557 -0.165949 0.070805 0.007132 -0.198651 -23.785791 -70.881996 27.748228 100.010567 -50.57185 -80.569252 53.531578 -2.287223 0.301687 -29.487761 10.90857 -54.693871 17.636625 -26.322737 52.411205 -19.466658 -14.395596 29.410395 1e-06 -8.774821 -1e-06 16.963564 -17.329939 5.587314 -0.609775 -1.795653 -3.889328 -4.80709 -11.046811 -2.93785 4e-06 -20.976015 1e-06 -5.01997 -25.033556 -4.031881 6e-06 -0.0 -1e-06 -10.634533 -5.68697 -3.565587 10.573271 -17.922947 -3.113897 2e-06 -13.821205 0.0 -0.501776 -31.181501 -4.027017 -11.826075 -60.027603 7.34893 -13.982713 -7.150198 -2.875045 13.772727 -8.401491 -3.218243 0.347731 -34.21154 0.771656 -0.96303 -17.733366 2.621023 -1e-06 -1e-06 1e-06 -17.346416 -20.095217 -4.201782 21.757557 -1.638374 3.866426 1e-06 -6.338822 2e-06 -1.69759 -22.591742 -6.194005 0.0 -4e-06 -2e-06 -91.560951 -77.826622 -77.42099 94.433762 -33.35051 -61.264133 33.206902 0.125136 1.152006 -1.851203 1.402194 -69.223244 22.182123 -20.375895 49.933323 -16.701813 -16.743528 28.476532 -2e-06 -12.690603 -1e-06 15.522293 -18.057377 3.705783 -0.105917 -1.513855 -4.275882 -5.039041 -5.612872 -2.953557 1e-06 -11.020525 -2e-06 -6.111298 -15.895334 -3.840472 0.0 0.0 -1e-06 -10.283369 -5.680286 -4.341839 11.028296 -11.302407 -2.372633 -1.384269 -14.238583 -6.320123 -0.625438 -26.924194 -3.827601 -4.248153 -49.481728 -2.700861 -13.708527 -7.363477 -3.720939 18.14115 -14.05274 -3.242672 9e-06 -18.78727 -4e-06 -0.429711 -8.456044 2.555503 0.0 -0.0 0.0 -15.923539 -20.094484 -5.473585 30.419222 -7.190828 1.735929 4e-06 -8.162928 0.0 -1.861904 -22.861469 -6.167946 1e-06 -5e-06 -1e-06 -177.382126 2.963946 1.04755 10.71771 -0.066713 0.091885 -77.694939 7.784503 0.805369 -6.157004 1.5249 2.180566 -0.999999 0.0 -0.0 7.235695 -6.202823 -21.938059 14.290527 0.002333 0.011885 -82.892418 -13.449646 -9.893862 -6.85995 0.468377 1.592422 -1.000002 -0.0 -0.0 
0.0 0.0 0.0 0.0 -0.0 0.0 1.839589 99.630302 0.249845 94.854355 3.430752 111.156364 -4.067513 -0.336777 0.683075 -12.556969 0.432581 2.45835 21.520168 3.776469 1.210868 28.318577 -10.305325 2.330849 -2.829933 -0.312548 3.279748 -21.21587 -6.523827 5.730121 6e-06 -0.0 3e-06 -0.015716 0.079076 -0.198606 0.061606 0.132462 -0.174523 0.056062 0.010537 -0.206424 -24.336334 -70.954597 28.35494 100.05867 -50.493465 -80.451241 53.306057 -2.277881 0.3169 -29.198742 11.080343 -54.77457 17.636637 -26.322725 52.411194 -19.466658 -14.395594 29.410385 2e-06 -8.774819 -4e-06 17.018589 -17.312519 5.55756 -0.609776 -1.795654 -3.889327 -4.807088 -11.046811 -2.937851 5e-06 -20.976015 -1e-06 -5.019969 -25.03356 -4.031886 7e-06 1e-06 -0.0 -10.634536 -5.686973 -3.565588 10.573271 -17.922953 -3.1139 3e-06 -13.821206 -1e-06 -0.501774 -31.181505 -4.027023 -11.775582 -60.02573 7.351129 -13.982716 -7.150198 -2.875044 13.772731 -8.401494 -3.218241 0.347733 -34.211555 0.771653 -0.963028 -17.733372 2.621019 -1e-06 -0.0 1e-06 -17.346422 -20.095219 -4.201785 21.757563 -1.638376 3.866431 2e-06 -6.338823 0.0 -1.697587 -22.591745 -6.194008 0.0 -4e-06 -4e-06 -92.332115 -77.820099 -76.680634 94.746796 -33.126308 -61.140049 32.574551 0.25978 1.071524 -1.535273 1.560548 -68.347137 22.182114 -20.375887 49.933315 -16.701818 -16.74353 28.476534 -3e-06 -12.690601 -1e-06 15.602815 -18.030647 3.638975 -0.105921 -1.513857 -4.275881 -5.039041 -5.612872 -2.953555 5e-06 -11.020527 -2e-06 -6.111296 -15.895334 -3.840471 0.0 -0.0 -1e-06 -10.283368 -5.680288 -4.341838 11.028295 -11.302407 -2.372633 -1.384268 -14.238581 -6.320124 -0.625434 -26.924191 -3.827604 -4.228922 -49.403477 -2.729281 -13.708526 -7.363479 -3.720937 18.14115 -14.052739 -3.242678 9e-06 -18.78727 -4e-06 -0.429709 -8.456045 2.555504 -1e-06 0.0 -1e-06 -15.923534 -20.094484 -5.473585 30.41921 -7.190829 1.735922 6e-06 -8.162928 0.0 -1.861897 -22.861473 -6.167945 -2e-06 -3e-06 -1e-06 -177.299042 3.064267 1.119407 10.822972 -0.063569 0.090759 -77.790001 7.705654 0.862474 -6.159105 1.53226 2.179627 -0.999999 0.0 -0.0 7.386426 -6.295537 -21.89259 14.284553 0.003787 0.004818 -82.893463 -13.474529 -10.04541 -6.90319 0.471824 1.595781 -1.000001 1e-06 -0.0 
0.0 0.0 0.0 0.0 -0.0 0.0 1.961039 99.615005 0.270862 94.88446 3.51661 111.097061 -4.081183 -0.314112 0.710302 -12.556075 0.446018 2.473487 21.528568 3.784411 1.251617 28.319605 -10.462509 2.347727 -2.829294 -0.311057 3.241673 -21.388302 -6.491629 5.820311 6e-06 0.0 3e-06 -0.013891 0.078408 -0.207865 0.056791 0.130715 -0.183999 0.052324 0.010563 -0.215114 -24.959187 -71.063759 29.03747 100.005852 -50.395409 -80.301514 53.076927 -2.311461 0.310813 -28.881681 11.305549 -54.877453 17.636627 -26.322733 52.41119 -19.466656 -14.395598 29.410389 1e-06 -8.774821 -1e-06 17.022928 -17.27166 5.524068 -0.609775 -1.795654 -3.889327 -4.807091 -11.046808 -2.937848 3e-06 -20.976015 3e-06 -5.019973 -25.03356 -4.031878 6e-06 -1e-06 -1e-06 -10.634532 -5.68697 -3.565585 10.573274 -17.922947 -3.113899 2e-06 -13.821206 1e-06 -0.501779 -31.181505 -4.02702 -11.702687 -59.948483 7.342901 -13.982712 -7.150201 -2.875039 13.772729 -8.401489 -3.218241 0.347728 -34.211544 0.771657 -0.963031 -17.73337 2.621019 -0.0 0.0 1e-06 -17.34642 -20.095217 -4.201779 21.757563 -1.638373 3.866427 1e-06 -6.338823 2e-06 -1.697592 -22.591745 -6.194002 0.0 -4e-06 -6e-06 -92.908134 -77.871353 -76.106094 95.075706 -32.93605 -61.02623 32.063824 0.467452 1.035071 -1.253154 1.672566 -67.653137 22.182116 -20.3759 49.933319 -16.701813 -16.743525 28.47653 -4e-06 -12.6906 1e-06 15.680627 -18.04088 3.593035 -0.105918 -1.513855 -4.275881 -5.03904 -5.612873 -2.953557 4e-06 -11.020527 -1e-06 -6.111297 -15.895334 -3.840469 1e-06 -1e-06 1e-06 -10.283369 -5.680288 -4.341839 11.028293 -11.302407 -2.37263 -1.384269 -14.238583 -6.320121 -0.625437 -26.924196 -3.827601 -4.224815 -49.349449 -2.757776 -13.708525 -7.363476 -3.720938 18.14115 -14.052741 -3.242676 7e-06 -18.787271 -1e-06 -0.42971 -8.456045 2.555504 0.0 -0.0 1e-06 -15.923536 -20.094484 -5.473584 30.419214 -7.190828 1.735925 5e-06 -8.162925 -1e-06 -1.861901 -22.861471 -6.167941 -2e-06 -2e-06 -2e-06 -177.209198 3.138283 1.146477 10.920371 -0.064236 0.087839 -77.880722 7.603093 0.90454 -6.154987 1.538447 2.176973 -1.0 -0.0 0.0 7.520446 -6.37531 -21.883837 14.279502 0.005256 0.001319 -82.891228 -13.397573 -10.155934 -6.923818 0.47513 1.599024 -1.000001 1e-06 -0.0 
0.0 0.0 0.0 0.0 -0.0 0.0 2.051682 99.598862 0.276974 94.909256 3.61966 110.944122 -4.072894 -0.295954 0.728381 -12.559709 0.469978 2.50573 21.544371 3.794013 1.281489 28.284163 -10.606172 2.359977 -2.827128 -0.317885 3.189499 -21.588993 -6.469341 5.910282 6e-06 0.0 0.0 -0.013798 0.07892 -0.21594 0.059748 0.132453 -0.190418 0.056552 0.009673 -0.224593 -25.546875 -71.15451 29.647707 99.93187 -50.29324 -80.197174 52.755722 -2.325582 0.270526 -28.58884 11.499586 -55.089504 17.636627 -26.322746 52.411209 -19.46666 -14.395596 29.410395 -1e-06 -8.774822 -2e-06 17.028202 -17.252626 5.496399 -0.609776 -1.795653 -3.889329 -4.807089 -11.046813 -2.937847 5e-06 -20.976019 1e-06 -5.019969 -25.033562 -4.031882 6e-06 -0.0 -0.0 -10.634531 -5.686972 -3.565587 10.573272 -17.922953 -3.1139 2e-06 -13.82121 2e-06 -0.501778 -31.181511 -4.027015 -11.639562 -59.893192 7.332759 -13.982716 -7.150202 -2.875042 13.772729 -8.401492 -3.21824 0.34773 -34.211555 0.77166 -0.963029 -17.733372 2.621019 -0.0 -0.0 1e-06 -17.346418 -20.095224 -4.201782 21.757555 -1.638375 3.866428 2e-06 -6.338823 1e-06 -1.697589 -22.591745 -6.194005 0.0 -4e-06 -7e-06 -93.261101 -77.962975 -75.720253 95.424461 -32.75412 -60.915104 31.601561 0.717325 1.015603 -1.03417 1.782556 -67.253502 22.182121 -20.375895 49.933327 -16.701817 -16.74353 28.476532 -3e-06 -12.690603 -2e-06 15.705854 -18.053873 3.596639 -0.10592 -1.513856 -4.275883 -5.039042 -5.612873 -2.953557 3e-06 -11.020525 -2e-06 -6.1113 -15.895334 -3.840471 0.0 -0.0 -1e-06 -10.283371 -5.680288 -4.341839 11.028296 -11.302406 -2.372634 -1.384269 -14.238584 -6.320123 -0.625438 -26.924192 -3.827604 -4.267722 -49.376247 -2.729754 -13.708527 -7.363478 -3.720942 18.141151 -14.05274 -3.242675 4e-06 -18.787271 -2e-06 -0.42971 -8.456044 2.555503 -1e-06 0.0 0.0 -15.923539 -20.094492 -5.473586 30.419218 -7.190826 1.735928 6e-06 -8.162926 -2e-06 -1.861901 -22.861471 -6.167946 -0.0 -2e-06 -0.0 -177.121567 3.196063 1.140455 11.03273 -0.066992 0.077588 -77.977554 7.484464 0.92929 -6.134128 1.548119 2.177849 -0.999999 0.0 0.0 7.60287 -6.460884 -21.859348 14.345967 0.009609 0.00098 -82.914948 -13.269062 -10.212861 -6.945043 0.471361 1.600182 -1.000001 -0.0 0.0 
0.0 0.0 0.0 0.0 -0.0 0.0 2.116657 99.57901 0.263072 94.926552 3.728412 110.718033 -4.052093 -0.272627 0.721818 -12.569631 0.498809 2.534265 21.569899 3.792706 1.314719 28.260136 -10.759254 2.369639 -2.841106 -0.346338 3.183455 -21.754078 -6.477363 5.953176 6e-06 -0.0 2e-06 -0.01742 0.078905 -0.207332 0.062099 0.131429 -0.179853 0.055535 0.010879 -0.217592 -26.156126 -71.217941 30.239351 99.881996 -50.22163 -80.163353 52.283413 -2.32951 0.248834 -28.330959 11.575894 -55.310799 17.636633 -26.322737 52.411213 -19.466665 -14.3956 29.410395 0.0 -8.774822 -1e-06 17.022713 -17.24931 5.476253 -0.609776 -1.795651 -3.889328 -4.807088 -11.046811 -2.93785 6e-06 -20.976017 0.0 -5.019967 -25.033556 -4.031883 6e-06 -1e-06 -0.0 -10.634533 -5.686971 -3.565588 10.573277 -17.922951 -3.1139 3e-06 -13.821209 0.0 -0.501776 -31.181505 -4.027016 -11.633076 -59.897018 7.336876 -13.982714 -7.1502 -2.875043 13.772731 -8.401491 -3.218242 0.347734 -34.211555 0.771656 -0.963029 -17.733372 2.621022 -0.0 -1e-06 1e-06 -17.346422 -20.095219 -4.201784 21.757559 -1.638374 3.866428 2e-06 -6.338822 1e-06 -1.697587 -22.591745 -6.194005 -0.0 -4e-06 -5e-06 -93.447052 -78.006088 -75.469101 95.735771 -32.590401 -60.90477 31.126518 0.942724 1.02519 -0.927126 1.962671 -67.155739 22.182117 -20.375898 49.933327 -16.701813 -16.743528 28.476532 -3e-06 -12.690601 -0.0 15.652234 -18.060343 3.650463 -0.105921 -1.513856 -4.275882 -5.039042 -5.612872 -2.953556 2e-06 -11.020524 -3e-06 -6.111296 -15.89533 -3.840472 -1e-06 -0.0 1e-06 -10.28337 -5.68029 -4.341839 11.028293 -11.302404 -2.372631 -1.384268 -14.238582 -6.320122 -0.62544 -26.924191 -3.827604 -4.335329 -49.47665 -2.673762 -13.708526 -7.363479 -3.72094 18.141146 -14.052737 -3.242674 5e-06 -18.78727 -3e-06 -0.429711 -8.456043 2.555502 -0.0 -0.0 -0.0 -15.923539 -20.094484 -5.473583 30.41921 -7.190825 1.735926 6e-06 -8.162925 -2e-06 -1.861902 -22.861467 -6.167944 -1e-06 -3e-06 -1e-06 -177.079056 3.237112 1.054616 11.224303 -0.069818 0.07173 -78.103638 7.39793 0.970957 -6.112835 1.555878 2.18235 -1.0 0.0 -0.0 7.603348 -6.557707 -21.786453 14.52305 0.014915 0.00127 -82.97876 -13.12545 -10.225553 -6.962328 0.472714 1.600929 -1.000002 0.0 -0.0 
0.0 0.0 0.0 0.0 -0.0 0.0 2.167043 99.568581 0.233695 94.939369 3.838322 110.481552 -4.030741 -0.243749 0.69947 -12.579199 0.525469 2.540738 21.606096 3.771206 1.339876 28.247896 -10.911589 2.384957 -2.863003 -0.381598 3.206064 -21.876131 -6.481275 5.949766 6e-06 0.0 0.0 -0.020696 0.077444 -0.183119 0.060367 0.126647 -0.155633 0.04981 0.012976 -0.193094 -26.631567 -71.258614 30.683567 99.822189 -50.192989 -80.158287 51.724827 -2.339903 0.271703 -28.014048 11.574237 -55.560413 17.636625 -26.322721 52.41119 -19.46666 -14.395596 29.410393 -2e-06 -8.77482 -2e-06 17.013407 -17.254425 5.450371 -0.609776 -1.795653 -3.889327 -4.807089 -11.046811 -2.937852 7e-06 -20.976013 -2e-06 -5.019965 -25.033556 -4.031885 6e-06 -0.0 -0.0 -10.634533 -5.686973 -3.565587 10.573272 -17.922949 -3.113902 4e-06 -13.821205 -2e-06 -0.50177 -31.181501 -4.027022 -11.62969 -59.905918 7.310199 -13.982712 -7.150198 -2.875042 13.772726 -8.401493 -3.218244 0.347735 -34.211544 0.77165 -0.963028 -17.733366 2.621019 0.0 -0.0 -0.0 -17.346416 -20.095217 -4.201784 21.757555 -1.638375 3.866427 2e-06 -6.338823 1e-06 -1.697586 -22.591738 -6.19401 -0.0 -4e-06 -3e-06 -93.573051 -78.000832 -75.241615 95.966362 -32.421051 -60.971561 30.672422 1.123552 1.098297 -0.851619 2.201792 -67.238182 22.182114 -20.375896 49.933327 -16.701811 -16.74353 28.476532 -3e-06 -12.6906 0.0 15.555062 -18.062386 3.714433 -0.105919 -1.513855 -4.275883 -5.03904 -5.612873 -2.953556 3e-06 -11.020523 -1e-06 -6.111294 -15.89533 -3.840473 0.0 -0.0 -0.0 -10.283372 -5.680288 -4.341838 11.028294 -11.302406 -2.372633 -1.384268 -14.238581 -6.320121 -0.625436 -26.924187 -3.827601 -4.38325 -49.575569 -2.637616 -13.708524 -7.363475 -3.720939 18.14115 -14.052739 -3.242676 5e-06 -18.78727 0.0 -0.429712 -8.456044 2.555505 -1e-06 0.0 -0.0 -15.923536 -20.094482 -5.473588 30.419214 -7.190828 1.735925 5e-06 -8.162927 -2e-06 -1.861905 -22.861469 -6.167942 0.0 -4e-06 -1e-06 -176.979401 3.263667 0.92005 11.281373 -0.070014 0.072878 -78.158897 7.3429 1.030543 -6.09551 1.556085 2.186068 -0.999998 0.0 0.0 7.617544 -6.626677 -21.685183 14.627115 0.012988 0.007278 -82.995895 -13.010204 -10.193297 -6.992967 0.484951 1.601484 -1.000002 1e-06 -0.0 
0.0 0.0 0.0 0.0 -0.0 0.0 2.201686 99.574539 0.201585 94.941498 3.946694 110.225784 -4.009757 -0.201864 0.669027 -12.584694 0.544329 2.534597 21.641243 3.744182 1.351261 28.248484 -11.040985 2.367968 -2.877568 -0.399577 3.249195 -21.971416 -6.486572 5.889558 6e-06 0.0 0.0 -0.021457 0.075496 -0.150321 0.061027 0.118955 -0.122847 0.047931 0.016852 -0.160517 -26.898062 -71.28138 30.959042 99.735519 -50.161354 -80.086502 51.151665 -2.3112 0.32167 -27.588495 11.540344 -55.91164 17.636637 -26.322737 52.411221 -19.466663 -14.395596 29.410398 1e-06 -8.774822 -3e-06 16.997147 -17.256004 5.441118 -0.609779 -1.795654 -3.88933 -4.807091 -11.046814 -2.937852 4e-06 -20.976021 -1e-06 -5.019969 -25.03356 -4.031889 6e-06 -1e-06 -0.0 -10.634537 -5.686975 -3.56559 10.573275 -17.922953 -3.113901 2e-06 -13.821209 -1e-06 -0.501776 -31.181511 -4.02702 -11.627251 -59.880032 7.29658 -13.982719 -7.150203 -2.875045 13.772731 -8.401491 -3.218242 0.347731 -34.211555 0.771654 -0.963029 -17.733372 2.621021 -1e-06 -0.0 -0.0 -17.346424 -20.095224 -4.201787 21.757563 -1.638374 3.866432 1e-06 -6.338824 1e-06 -1.697589 -22.591751 -6.194011 0.0 -4e-06 -2e-06 -93.746414 -77.967003 -74.963364 96.125343 -32.263004 -61.083374 30.277666 1.27646 1.19941 -0.792138 2.429576 -67.270729 22.182114 -20.375883 49.933319 -16.701817 -16.743526 28.47653 -2e-06 -12.690601 -1e-06 15.458438 -18.036415 3.769885 -0.105917 -1.513854 -4.275882 -5.039044 -5.612873 -2.953557 3e-06 -11.020523 -3e-06 -6.111297 -15.895334 -3.84047 1e-06 0.0 -1e-06 -10.283371 -5.680288 -4.341837 11.028296 -11.302406 -2.372635 -1.384267 -14.238583 -6.32012 -0.625433 -26.924191 -3.827604 -4.400009 -49.601154 -2.618094 -13.708525 -7.363475 -3.720936 18.141153 -14.052739 -3.242682 7e-06 -18.787271 -5e-06 -0.429709 -8.456045 2.555505 -0.0 -1e-06 0.0 -15.923536 -20.094482 -5.473585 30.41921 -7.190826 1.735926 6e-06 -8.162925 -3e-06 -1.861899 -22.861467 -6.16795 1e-06 -5e-06 -1e-06 -176.766357 3.28203 0.801149 11.095017 -0.071042 0.078985 -78.103806 7.271562 1.074147 -6.101228 1.544097 2.184155 -0.999999 -0.0 -0.0 7.69172 -6.652122 -21.598354 14.566176 0.012348 0.023217 -82.929596 -12.896132 -10.120913 -7.027661 0.498764 1.601645 -1.000002 1e-06 -0.0 
0.0 0.0 0.0 0.0 -0.0 0.0 2.224235 99.584602 0.158477 94.934044 4.042211 109.966637 -3.993106 -0.150159 0.638842 -12.584628 0.554944 2.522934 21.664532 3.71045 1.337544 28.269817 -11.129622 2.331798 -2.882204 -0.405278 3.283459 -22.053576 -6.497455 5.787189 6e-06 -0.0 0.0 -0.019279 0.075659 -0.131367 0.0706 0.110126 -0.101892 0.055156 0.026064 -0.144335 -26.982338 -71.290718 31.133936 99.643913 -50.052429 -79.869301 50.620903 -2.191505 0.386265 -27.10306 11.493574 -56.396351 17.636625 -26.322729 52.411201 -19.46666 -14.395596 29.410385 1e-06 -8.774821 -3e-06 16.944033 -17.236437 5.482837 -0.609777 -1.795655 -3.889328 -4.807089 -11.046804 -2.937851 5e-06 -20.976011 0.0 -5.019969 -25.033552 -4.031882 5e-06 -1e-06 -0.0 -10.634535 -5.68697 -3.565588 10.573275 -17.922949 -3.1139 3e-06 -13.821205 -1e-06 -0.501775 -31.181498 -4.027017 -11.63055 -59.852867 7.314822 -13.982715 -7.150198 -2.875042 13.77273 -8.401495 -3.218243 0.347734 -34.211552 0.771652 -0.963028 -17.73337 2.621019 -0.0 -1e-06 -0.0 -17.346416 -20.095217 -4.201785 21.757563 -1.638375 3.866427 2e-06 -6.338823 1e-06 -1.697587 -22.59174 -6.194006 0.0 -4e-06 -5e-06 -93.934486 -77.945007 -74.739128 96.249382 -32.214436 -61.264938 30.022947 1.403638 1.277606 -0.745438 2.62371 -67.333969 22.182108 -20.375898 49.933319 -16.701815 -16.74353 28.476534 -5e-06 -12.690599 0.0 15.361574 -18.011127 3.836846 -0.105919 -1.513855 -4.27588 -5.039038 -5.61287 -2.953556 4e-06 -11.02052 -1e-06 -6.111295 -15.895328 -3.840471 1e-06 -0.0 -0.0 -10.283367 -5.680283 -4.341839 11.028294 -11.302403 -2.372633 -1.384267 -14.238577 -6.32012 -0.625433 -26.924181 -3.827601 -4.382247 -49.575054 -2.612405 -13.70852 -7.363472 -3.720939 18.14115 -14.052739 -3.242677 9e-06 -18.787266 -2e-06 -0.429709 -8.456043 2.555504 2e-06 1e-06 -1e-06 -15.923528 -20.094475 -5.473587 30.419205 -7.190828 1.735923 7e-06 -8.162924 -1e-06 -1.861899 -22.861464 -6.16794 -0.0 -3e-06 1e-06 -176.553696 3.293511 0.685539 10.880138 -0.072322 0.087449 -78.032341 7.186441 1.103897 -6.115979 1.52554 2.182035 -0.999999 -0.0 0.0 7.744075 -6.667328 -21.522039 14.49326 0.010433 0.041946 -82.848343 -12.791527 -10.054211 -7.02727 0.50741 1.602866 -1.000002 1e-06 -0.0 
0.0 0.0 0.0 0.0 -0.0 0.0 2.236251 99.594246 0.10186 94.90921 4.108899 109.667931 -3.994377 -0.101294 0.630381 -12.577069 0.557454 2.517055 21.662724 3.682558 1.302455 28.327288 -11.163676 2.317397 -2.876342 -0.416154 3.227985 -22.176584 -6.491703 5.658435 6e-06 -1e-06 -2e-06 -0.01543 0.078809 -0.13094 0.083429 0.108058 -0.099084 0.069824 0.034233 -0.147257 -26.952665 -71.31974 31.23489 99.468086 -49.907921 -79.46801 50.211388 -2.038877 0.440294 -26.558628 11.46012 -56.849888 17.636625 -26.322725 52.411186 -19.466661 -14.395597 29.410393 -0.0 -8.774822 -3e-06 16.897785 -17.220951 5.558641 -0.609776 -1.795653 -3.889328 -4.807087 -11.046805 -2.937851 6e-06 -20.976011 -2e-06 -5.019969 -25.033552 -4.031883 6e-06 -1e-06 -2e-06 -10.634532 -5.686967 -3.565587 10.573275 -17.922947 -3.113901 4e-06 -13.821205 0.0 -0.501775 -31.181498 -4.027018 -11.656761 -59.860714 7.365188 -13.982713 -7.150198 -2.87504 13.77273 -8.401491 -3.218242 0.347734 -34.211544 0.771653 -0.963028 -17.73337 2.621018 -0.0 -0.0 1e-06 -17.346416 -20.095217 -4.201783 21.757557 -1.638375 3.866425 2e-06 -6.338823 3e-06 -1.697589 -22.59174 -6.194003 0.0 -4e-06 -4e-06 -93.994705 -78.003853 -74.65287 96.378914 -32.251591 -61.494373 29.911659 1.509201 1.310694 -0.633952 2.67498 -67.391335 22.182116 -20.375887 49.933315 -16.701811 -16.743523 28.476528 -2e-06 -12.6906 -1e-06 15.282841 -17.977009 3.888216 -0.105918 -1.513857 -4.275883 -5.03904 -5.612871 -2.953557 4e-06 -11.020523 -2e-06 -6.111296 -15.89533 -3.840469 0.0 0.0 -0.0 -10.283369 -5.680291 -4.34184 11.028292 -11.302403 -2.372633 -1.384269 -14.238578 -6.320123 -0.625437 -26.924183 -3.827604 -4.352002 -49.494282 -2.608639 -13.708522 -7.363475 -3.720941 18.141146 -14.052739 -3.242675 7e-06 -18.787268 -4e-06 -0.42971 -8.456041 2.555501 1e-06 1e-06 -1e-06 -15.923536 -20.094482 -5.473586 30.41921 -7.190826 1.73593 3e-06 -8.162925 -1e-06 -1.861902 -22.861467 -6.167943 2e-06 -4e-06 -1e-06 -176.410034 3.297997 0.52451 10.722799 -0.072233 0.089103 -77.981529 7.083729 1.10205 -6.114478 1.515419 2.181759 -0.999999 -0.0 -0.0 7.708639 -6.692076 -21.432196 14.491722 0.007148 0.041111 -82.78994 -12.648605 -9.975058 -6.981718 0.502884 1.605907 -1.000002 0.0 0.0 
0.0 0.0 0.0 0.0 -0.0 0.0 2.243138 99.605667 0.029566 94.865829 4.156138 109.335144 -4.005617 -0.059664 0.649665 -12.565068 0.555427 2.523588 21.629004 3.668098 1.256707 28.421846 -11.144065 2.341142 -2.861109 -0.441547 3.036423 -22.341085 -6.451894 5.483721 6e-06 -0.0 -2e-06 -0.009409 0.080795 -0.13468 0.092193 0.111592 -0.103626 0.084144 0.034106 -0.150527 -26.774996 -71.37027 31.161983 99.201836 -49.764305 -79.016106 49.839573 -1.969904 0.48149 -26.069511 11.447455 -57.135387 17.636631 -26.322727 52.411179 -19.466665 -14.395597 29.410381 -2e-06 -8.774821 -0.0 16.88323 -17.205431 5.608467 -0.609778 -1.795653 -3.889329 -4.807088 -11.046809 -2.937849 6e-06 -20.976015 -1e-06 -5.019968 -25.033556 -4.031879 5e-06 -1e-06 -1e-06 -10.634531 -5.686969 -3.565586 10.573277 -17.922951 -3.1139 4e-06 -13.821206 -0.0 -0.501775 -31.181505 -4.027013 -11.694715 -59.881504 7.413102 -13.982714 -7.150197 -2.875042 13.772731 -8.401493 -3.218242 0.347737 -34.211544 0.771654 -0.963028 -17.73337 2.621021 0.0 -0.0 -0.0 -17.346416 -20.095213 -4.201781 21.757557 -1.638375 3.866425 2e-06 -6.338823 2e-06 -1.697586 -22.591742 -6.194005 0.0 -4e-06 -2e-06 -94.083054 -78.172638 -74.512444 96.548325 -32.332672 -61.85944 29.826057 1.544021 1.300552 -0.438879 2.597147 -67.518204 22.182114 -20.375885 49.9333 -16.701813 -16.743528 28.476528 -5e-06 -12.690599 -2e-06 15.240082 -17.940332 3.915004 -0.105918 -1.513854 -4.275882 -5.039041 -5.612873 -2.953556 4e-06 -11.020523 -2e-06 -6.111293 -15.89533 -3.84047 0.0 -0.0 -0.0 -10.283366 -5.680286 -4.341839 11.028292 -11.302406 -2.372634 -1.384268 -14.238579 -6.32012 -0.625437 -26.924183 -3.827599 -4.331148 -49.387772 -2.594875 -13.70852 -7.363475 -3.720942 18.141148 -14.05274 -3.242675 1e-05 -18.78727 -3e-06 -0.42971 -8.456045 2.555506 2e-06 1e-06 -1e-06 -15.92353 -20.094479 -5.473586 30.419205 -7.190828 1.735923 4e-06 -8.162925 -2e-06 -1.861902 -22.861469 -6.167942 1e-06 -3e-06 -1e-06 -176.317764 3.287866 0.3068 10.590829 -0.065863 0.082669 -77.932312 6.979624 1.074015 -6.121607 1.523104 2.184072 -0.999999 -0.0 -0.0 7.616979 -6.718948 -21.357029 14.51738 0.003256 0.02362 -82.734482 -12.439116 -9.867321 -6.940527 0.486461 1.609226 -1.000002 -1e-06 0.0 
0.0 0.0 0.0 0.0 -0.0 0.0 2.235223 99.619675 -0.054127 94.798935 4.195865 108.923439 -4.006793 -0.029459 0.685061 -12.548181 0.550555 2.526252 21.560024 3.668408 1.218359 28.536867 -11.08092 2.389571 -2.834664 -0.47465 2.72363 -22.539888 -6.393063 5.251623 6e-06 -0.0 0.0 -0.001006 0.079727 -0.130136 0.104928 0.115196 -0.10172 0.102192 0.027874 -0.143367 -26.534691 -71.404694 30.999346 98.888947 -49.634079 -78.574074 49.43182 -1.973334 0.486712 -25.69594 11.489446 -57.417007 17.636621 -26.322725 52.411201 -19.466658 -14.395598 29.410389 1e-06 -8.774821 -1e-06 16.881773 -17.19046 5.62154 -0.609776 -1.795652 -3.889326 -4.807088 -11.046811 -2.93785 3e-06 -20.976015 -0.0 -5.01997 -25.03356 -4.031882 7e-06 -0.0 -3e-06 -10.634533 -5.68697 -3.565587 10.573275 -17.922951 -3.113901 2e-06 -13.821209 -1e-06 -0.501777 -31.181505 -4.027016 -11.741289 -59.920261 7.447326 -13.982712 -7.150196 -2.875041 13.772729 -8.401488 -3.218242 0.347731 -34.211544 0.771653 -0.963029 -17.733368 2.621019 0.0 -1e-06 -0.0 -17.34642 -20.095217 -4.201785 21.757557 -1.638372 3.866426 2e-06 -6.338821 2e-06 -1.69759 -22.591743 -6.194007 0.0 -4e-06 -2e-06 -94.177147 -78.394852 -74.348297 96.749413 -32.456856 -62.431564 29.701796 1.485755 1.282515 -0.242385 2.434689 -67.876152 22.182119 -20.375895 49.933327 -16.701809 -16.74353 28.476534 -2e-06 -12.690606 -1e-06 15.243121 -17.935495 3.91373 -0.105921 -1.513857 -4.275882 -5.039043 -5.612872 -2.953556 4e-06 -11.020523 -3e-06 -6.111299 -15.895332 -3.840472 -0.0 0.0 1e-06 -10.283371 -5.680287 -4.341838 11.028296 -11.302406 -2.372634 -1.384271 -14.238581 -6.320122 -0.625437 -26.924191 -3.827601 -4.321968 -49.33147 -2.588512 -13.708524 -7.363475 -3.72094 18.14115 -14.052739 -3.242673 6e-06 -18.78727 -1e-06 -0.42971 -8.456045 2.555505 0.0 1e-06 -1e-06 -15.923538 -20.094482 -5.473586 30.419214 -7.190825 1.735929 3e-06 -8.162922 -1e-06 -1.861904 -22.861469 -6.167941 -0.0 -2e-06 -1e-06 -176.254242 3.254287 0.025941 10.467318 -0.057478 0.071405 -77.885223 6.874334 1.015396 -6.150044 1.546685 2.186545 -0.999998 -0.0 0.0 7.476518 -6.736313 -21.252079 14.558042 0.00607 0.003292 -82.679276 -12.174919 -9.729249 -6.923985 0.468576 1.611596 -1.000002 0.0 0.0 
0.0 0.0 0.0 0.0 -0.0 0.0 2.211517 99.631241 -0.151697 94.709045 4.255975 108.426788 -3.986628 -0.00259 0.717125 -12.528839 0.541748 2.513221 21.490927 3.669078 1.174195 28.627438 -10.942978 2.417264 -2.815748 -0.515242 2.438998 -22.678978 -6.339512 4.971691 6e-06 0.0 -2e-06 0.002645 0.076976 -0.112385 0.11578 0.114913 -0.08551 0.115892 0.022474 -0.12406 -26.268024 -71.40358 30.800438 98.532478 -49.5112 -78.181938 48.928478 -2.006715 0.47958 -25.452808 11.590851 -57.779896 17.636629 -26.322731 52.411201 -19.466665 -14.395598 29.410393 -1e-06 -8.774822 -0.0 16.886812 -17.177696 5.598332 -0.609774 -1.795654 -3.889327 -4.807091 -11.046813 -2.937853 6e-06 -20.976019 -1e-06 -5.019968 -25.03356 -4.031887 5e-06 -1e-06 1e-06 -10.634536 -5.686971 -3.565587 10.573277 -17.922955 -3.113903 4e-06 -13.821209 -1e-06 -0.501773 -31.181505 -4.027019 -11.789837 -59.964046 7.468132 -13.982714 -7.150197 -2.875044 13.77273 -8.401495 -3.218243 0.347737 -34.211555 0.771651 -0.963027 -17.73337 2.621018 0.0 -1e-06 -0.0 -17.346422 -20.095219 -4.201785 21.757561 -1.638375 3.866428 1e-06 -6.338825 2e-06 -1.697586 -22.591745 -6.19401 0.0 -4e-06 -3e-06 -94.143211 -78.588257 -74.344681 96.955406 -32.631641 -63.207474 29.466898 1.364047 1.270068 -0.154387 2.271257 -68.379822 22.182117 -20.375898 49.933327 -16.701815 -16.743528 28.476536 -4e-06 -12.690603 -2e-06 15.236342 -17.958258 3.904812 -0.10592 -1.513857 -4.275881 -5.039041 -5.612872 -2.953558 4e-06 -11.020525 -1e-06 -6.111298 -15.895334 -3.840472 -1e-06 -0.0 -0.0 -10.283369 -5.680287 -4.341839 11.028296 -11.302406 -2.372631 -1.384268 -14.23858 -6.320122 -0.625436 -26.924191 -3.827601 -4.318075 -49.377972 -2.597547 -13.708526 -7.363477 -3.720942 18.141148 -14.052741 -3.242674 7e-06 -18.78727 -3e-06 -0.429714 -8.456041 2.555505 0.0 0.0 -0.0 -15.923534 -20.094486 -5.473588 30.41921 -7.190829 1.735926 4e-06 -8.162924 -1e-06 -1.861901 -22.861467 -6.167944 1e-06 -1e-06 -1e-06 -176.234146 3.17987 -0.314096 10.442031 -0.053511 0.070195 -77.884026 6.767292 0.931773 -6.202863 1.583912 2.190268 -0.999999 -0.0 0.0 7.302079 -6.73393 -21.082872 14.63513 0.013195 -0.007983 -82.633965 -11.888638 -9.584507 -6.961564 0.456912 1.610189 -1.000002 0.0 -0.0 
0.0 0.0 0.0 0.0 -0.0 0.0 2.170801 99.643036 -0.257463 94.590508 4.332812 107.826202 -3.95218 0.020491 0.731673 -12.514189 0.523961 2.483391 21.44508 3.666475 1.121879 28.675535 -10.713196 2.388173 -2.810255 -0.55261 2.22729 -22.763515 -6.287055 4.625621 6e-06 0.0 -0.0 0.001642 0.077331 -0.103685 0.125731 0.112154 -0.076353 0.127061 0.026042 -0.116251 -26.04324 -71.443428 30.656734 98.017532 -49.435959 -77.673851 48.37286 -2.010277 0.468913 -25.179873 11.759194 -58.212624 17.636633 -26.322721 52.411179 -19.466663 -14.395596 29.410381 -1e-06 -8.774821 -3e-06 16.87245 -17.169775 5.571457 -0.609777 -1.795654 -3.889329 -4.807088 -11.046806 -2.93785 7e-06 -20.976015 -2e-06 -5.019967 -25.033554 -4.031883 6e-06 -1e-06 -1e-06 -10.634533 -5.686967 -3.565588 10.573275 -17.922951 -3.113901 4e-06 -13.821205 -1e-06 -0.501772 -31.181498 -4.027016 -11.823958 -59.994061 7.495848 -13.982713 -7.150196 -2.875044 13.772731 -8.401495 -3.21824 0.347738 -34.211544 0.771654 -0.963026 -17.73337 2.621019 -0.0 -1e-06 -0.0 -17.346416 -20.095209 -4.201786 21.757557 -1.638377 3.866428 2e-06 -6.338823 2e-06 -1.697587 -22.591742 -6.194004 0.0 -4e-06 -3e-06 -93.913864 -78.7463 -74.548752 97.138733 -32.85527 -64.063614 29.175457 1.253423 1.297778 -0.218299 2.190396 -68.814026 22.182112 -20.375887 49.933296 -16.701809 -16.743525 28.476519 -3e-06 -12.690598 -3e-06 15.194558 -17.968155 3.914 -0.105919 -1.513855 -4.275881 -5.03904 -5.612871 -2.953557 5e-06 -11.02052 -1e-06 -6.111293 -15.895329 -3.84047 -1e-06 -0.0 1e-06 -10.283367 -5.680287 -4.341837 11.028291 -11.302403 -2.372631 -1.384268 -14.238579 -6.32012 -0.625437 -26.924187 -3.827599 -4.313101 -49.519157 -2.609519 -13.708519 -7.363476 -3.72094 18.141146 -14.052736 -3.242673 7e-06 -18.787266 -3e-06 -0.429709 -8.456041 2.555503 0.0 0.0 -0.0 -15.92353 -20.094477 -5.473581 30.419201 -7.190824 1.735926 2e-06 -8.162925 -0.0 -1.861899 -22.861465 -6.16794 -1e-06 -1e-06 -1e-06 -176.243134 3.063937 -0.689394 10.474258 -0.050745 0.077015 -77.913124 6.600737 0.827779 -6.234543 1.607636 2.19018 -0.999999 0.0 0.0 7.101018 -6.695127 -20.818411 14.715549 0.017151 -0.010043 -82.580223 -11.610106 -9.417629 -7.043577 0.459172 1.606554 -1.000002 -1e-06 0.0 
0.0 0.0 0.0 0.0 -0.0 0.0 2.114308 99.665237 -0.368687 94.448769 4.420682 107.093155 -3.897877 0.039745 0.733035 -12.499868 0.494999 2.434374 21.41666 3.647463 1.053589 28.697355 -10.373164 2.321278 -2.807106 -0.597106 1.985391 -22.885019 -6.227108 4.217262 6e-06 0.0 -0.0 -0.000324 0.078748 -0.105738 0.145039 0.108411 -0.076278 0.145413 0.033008 -0.121171 -25.736588 -71.546967 30.524117 97.287132 -49.434837 -76.970276 47.883747 -1.977966 0.476338 -24.697001 11.972502 -58.897186 17.636641 -26.322721 52.411194 -19.466665 -14.395596 29.410389 -1e-06 -8.774822 -3e-06 16.884727 -17.208977 5.545043 -0.609778 -1.795652 -3.88933 -4.80709 -11.046813 -2.937852 6e-06 -20.976019 -1e-06 -5.019968 -25.03356 -4.031883 6e-06 -1e-06 -2e-06 -10.634537 -5.686971 -3.565589 10.573276 -17.922951 -3.1139 4e-06 -13.821209 -3e-06 -0.501772 -31.181505 -4.02702 -11.857769 -60.01701 7.542765 -13.982715 -7.150199 -2.875043 13.772731 -8.401493 -3.218241 0.347737 -34.211544 0.771648 -0.963026 -17.73337 2.621019 0.0 -0.0 -0.0 -17.346422 -20.095221 -4.201783 21.757557 -1.638374 3.866425 2e-06 -6.338823 1e-06 -1.697586 -22.591745 -6.194007 0.0 -4e-06 -3e-06 -93.682304 -78.911308 -74.735397 97.319199 -33.167545 -64.830597 28.983068 1.292916 1.346086 -0.373174 2.176177 -69.033577 22.182108 -20.375895 49.933319 -16.701815 -16.743528 28.476532 -3e-06 -12.6906 -1e-06 15.162742 -18.002813 3.926883 -0.105921 -1.513857 -4.275882 -5.039037 -5.612869 -2.953556 5e-06 -11.020523 -1e-06 -6.111296 -15.895334 -3.840472 -0.0 -0.0 0.0 -10.283369 -5.680287 -4.341839 11.028296 -11.302402 -2.372633 -1.384269 -14.238579 -6.32012 -0.625437 -26.924187 -3.827601 -4.33733 -49.6745 -2.58919 -13.708523 -7.363474 -3.72094 18.141148 -14.052741 -3.242676 7e-06 -18.78727 -1e-06 -0.429709 -8.456045 2.555505 -0.0 1e-06 -0.0 -15.923532 -20.094482 -5.473588 30.41921 -7.190827 1.735922 1e-06 -8.162927 -0.0 -1.861902 -22.861469 -6.167941 0.0 -1e-06 -3e-06 -176.17099 2.929068 -1.08822 10.346375 -0.050827 0.08965 -77.878471 6.353701 0.687516 -6.216119 1.610993 2.18727 -0.999998 0.0 0.0 6.909011 -6.620621 -20.487669 14.711334 0.018977 -0.00698 -82.474693 -11.290508 -9.225523 -7.111737 0.467228 1.601758 -1.000001 1e-06 0.0 
0.0 0.0 0.0 0.0 -0.0 0.0 2.039755 99.704407 -0.480763 94.285408 4.504424 106.26416 -3.841692 0.037883 0.722393 -12.481439 0.463776 2.375486 21.407602 3.603633 0.943026 28.69025 -9.896819 2.254564 -2.801441 -0.664181 1.640877 -23.156441 -6.115025 3.697269 6e-06 -0.0 3e-06 0.00125 0.079503 -0.113267 0.171884 0.106147 -0.08211 0.172384 0.037287 -0.131546 -25.381365 -71.743507 30.410233 96.286369 -49.548374 -75.866341 47.534878 -1.911575 0.478872 -23.979761 12.109244 -59.664238 17.636623 -26.322721 52.411167 -19.46666 -14.395598 29.410378 -0.0 -8.77482 -1e-06 16.90358 -17.280636 5.562907 -0.609777 -1.795654 -3.889327 -4.807087 -11.046809 -2.937846 6e-06 -20.976015 -0.0 -5.01997 -25.033556 -4.031879 5e-06 -1e-06 1e-06 -10.63453 -5.686972 -3.565585 10.573275 -17.922947 -3.1139 5e-06 -13.821208 -1e-06 -0.501774 -31.181501 -4.027014 -11.904717 -60.061283 7.61938 -13.982711 -7.150198 -2.87504 13.772727 -8.401491 -3.218243 0.347735 -34.211544 0.771654 -0.963028 -17.73337 2.62102 0.0 0.0 -2e-06 -17.346413 -20.095211 -4.201779 21.757555 -1.638376 3.866424 2e-06 -6.338824 2e-06 -1.697587 -22.591742 -6.194004 0.0 -4e-06 -3e-06 -93.442749 -79.178001 -74.860832 97.459435 -33.576424 -65.450302 29.066225 1.42684 1.403178 -0.559494 2.285494 -68.859764 22.182121 -20.375904 49.933323 -16.701811 -16.743525 28.476526 -3e-06 -12.690599 -3e-06 15.187449 -18.031872 3.907306 -0.10592 -1.513857 -4.27588 -5.039039 -5.61287 -2.953557 6e-06 -11.020521 0.0 -6.111295 -15.89533 -3.84047 1e-06 0.0 -0.0 -10.283367 -5.680286 -4.34184 11.028296 -11.302406 -2.372632 -1.384268 -14.23858 -6.320119 -0.625436 -26.924185 -3.827599 -4.390597 -49.800514 -2.540895 -13.708519 -7.363475 -3.720942 18.141146 -14.05274 -3.242672 8e-06 -18.787268 0.0 -0.429711 -8.456045 2.555506 -0.0 1e-06 -1e-06 -15.923528 -20.094479 -5.473585 30.419205 -7.190829 1.735927 2e-06 -8.162925 -1e-06 -1.861896 -22.861473 -6.167939 1e-06 -2e-06 -2e-06 -175.964478 2.776093 -1.52093 9.938606 -0.053136 0.097379 -77.723801 6.090585 0.539911 -6.146877 1.597485 2.17926 -1.0 0.0 0.0 6.759623 -6.498895 -20.139669 14.545831 0.019656 -0.003449 -82.286217 -10.907019 -8.955963 -7.129081 0.469217 1.598866 -1.000001 -0.0 0.0 
0.0 0.0 0.0 0.0 -0.0 0.0 1.950463 99.743851 -0.598782 94.114311 4.584474 105.364204 -3.776196 0.018637 0.708212 -12.466199 0.420879 2.313309 21.425217 3.521508 0.767892 28.659409 -9.312935 2.171894 -2.796667 -0.724762 1.203398 -23.616453 -5.942259 3.081925 6e-06 -0.0 2e-06 0.00604 0.078087 -0.115643 0.193961 0.104634 -0.081791 0.195218 0.036542 -0.137922 -25.054022 -72.020866 30.414902 94.997665 -49.72036 -74.182388 47.273373 -1.802583 0.491306 -23.168562 12.041165 -60.203842 17.636625 -26.322737 52.411201 -19.466665 -14.3956 29.410395 -2e-06 -8.774823 -1e-06 16.87855 -17.317881 5.611191 -0.609776 -1.795652 -3.889327 -4.807088 -11.046815 -2.93785 5e-06 -20.976021 -0.0 -5.01997 -25.033564 -4.031884 5e-06 -1e-06 1e-06 -10.634536 -5.686971 -3.565588 10.573277 -17.922951 -3.113899 3e-06 -13.821213 0.0 -0.501776 -31.181507 -4.027016 -11.906541 -60.063313 7.681005 -13.982716 -7.150198 -2.875041 13.772734 -8.401496 -3.218243 0.347731 -34.211559 0.771655 -0.96303 -17.733374 2.621022 -0.0 -0.0 -0.0 -17.346418 -20.095219 -4.201779 21.757561 -1.638376 3.866427 2e-06 -6.338825 2e-06 -1.69759 -22.591749 -6.194005 0.0 -4e-06 -3e-06 -93.083786 -79.602097 -75.066681 97.50235 -34.149845 -65.992065 29.470993 1.514175 1.456614 -0.810548 2.623534 -68.094193 22.182116 -20.3759 49.933323 -16.701811 -16.743528 28.476528 -3e-06 -12.690601 -1e-06 15.273447 -18.034218 3.8486 -0.105921 -1.513855 -4.275881 -5.039042 -5.612872 -2.953556 5e-06 -11.020525 -1e-06 -6.1113 -15.895334 -3.840471 1e-06 -0.0 -0.0 -10.283369 -5.680288 -4.34184 11.028292 -11.302404 -2.372632 -1.384271 -14.238581 -6.32012 -0.62544 -26.924191 -3.8276 -4.424878 -49.901726 -2.512099 -13.708527 -7.363478 -3.720938 18.141148 -14.052737 -3.242674 3e-06 -18.787268 -0.0 -0.429712 -8.456044 2.555506 0.0 1e-06 -1e-06 -15.923536 -20.094482 -5.473585 30.41921 -7.190824 1.735927 3e-06 -8.162925 -1e-06 -1.861902 -22.861473 -6.16794 0.0 -3e-06 -2e-06 -175.753769 2.607199 -2.007986 9.515514 -0.053503 0.099334 -77.561478 5.806785 0.423302 -6.06396 1.586611 2.171582 -0.999999 -0.0 0.0 6.577248 -6.377145 -19.76642 14.406003 0.026188 -0.006192 -82.106819 -10.464 -8.638704 -7.099648 0.468958 1.597225 -1.000001 0.0 0.0 
0.0 0.0 0.0 0.0 -0.0 0.0 1.841239 99.776604 -0.717799 93.934456 4.653208 104.371025 -3.699378 -0.011019 0.672785 -12.447738 0.366136 2.250015 21.441593 3.39865 0.563909 28.625835 -8.691251 2.087825 -2.801538 -0.752669 0.705749 -24.247581 -5.712649 2.401241 6e-06 -0.0 -2e-06 0.014019 0.073834 -0.104899 0.207665 0.104556 -0.068017 0.212735 0.028562 -0.131546 -24.873056 -72.402084 30.645899 93.336349 -49.917252 -71.72303 47.019714 -1.689246 0.509613 -22.270365 11.783412 -60.380692 17.636633 -26.322741 52.411213 -19.466663 -14.395598 29.410389 -1e-06 -8.774823 -3e-06 16.817106 -17.317766 5.66056 -0.609775 -1.795655 -3.889328 -4.807088 -11.046813 -2.937851 5e-06 -20.976021 3e-06 -5.019972 -25.033562 -4.031881 6e-06 -1e-06 0.0 -10.634535 -5.686971 -3.565589 10.573276 -17.922956 -3.113899 2e-06 -13.821213 2e-06 -0.501779 -31.181511 -4.027013 -11.89011 -60.020535 7.716318 -13.982718 -7.150196 -2.875042 13.772732 -8.401495 -3.21824 0.347734 -34.211555 0.771651 -0.96303 -17.733372 2.621022 0.0 -2e-06 1e-06 -17.346422 -20.095222 -4.201782 21.757563 -1.638376 3.866428 1e-06 -6.338824 1e-06 -1.697589 -22.591751 -6.194008 -0.0 -4e-06 -1e-06 -92.535103 -80.172249 -75.438568 97.333755 -34.963451 -66.30719 30.238091 1.471179 1.456431 -1.073541 3.238244 -66.482445 22.182117 -20.3759 49.933334 -16.701813 -16.743528 28.476534 -3e-06 -12.690601 -1e-06 15.399148 -18.002848 3.750413 -0.105918 -1.513854 -4.275882 -5.039043 -5.612874 -2.953557 4e-06 -11.020525 -1e-06 -6.111298 -15.895334 -3.840471 -0.0 -1e-06 -1e-06 -10.283371 -5.680287 -4.341839 11.028292 -11.302406 -2.372633 -1.384269 -14.238582 -6.320121 -0.62544 -26.924191 -3.827601 -4.422139 -49.920902 -2.514867 -13.708524 -7.363476 -3.72094 18.141146 -14.052739 -3.242672 3e-06 -18.787268 -1e-06 -0.429713 -8.456043 2.555504 1e-06 -0.0 -2e-06 -15.923538 -20.094482 -5.473587 30.41921 -7.190826 1.735929 -1e-06 -8.162925 -0.0 -1.861904 -22.861473 -6.167939 1e-06 -4e-06 1e-06 -175.602417 2.428538 -2.599691 9.201237 -0.053309 0.111801 -77.454056 5.488924 0.313337 -5.975167 1.573185 2.167131 -0.999998 -0.0 0.0 6.310087 -6.267088 -19.352846 14.382631 0.035561 -0.013575 -81.979713 -9.9697 -8.291394 -7.030178 0.474581 1.598549 -1.000003 -0.0 -0.0 
0.0 0.0 0.0 0.0 -0.0 0.0 1.712974 99.806709 -0.82783 93.749252 4.685925 103.313416 -3.621711 -0.056342 0.614643 -12.435699 0.31095 2.186774 21.460672 3.242106 0.366656 28.541702 -8.080249 1.983452 -2.808018 -0.748913 0.242146 -24.982168 -5.415661 1.726557 6e-06 0.0 -1e-06 0.021003 0.06751 -0.074065 0.204315 0.103447 -0.037613 0.218365 0.017078 -0.101297 -24.955553 -72.922333 31.214211 91.214279 -50.054241 -68.465569 46.695988 -1.685752 0.502972 -21.292318 11.409961 -60.045929 17.636629 -26.322731 52.411186 -19.466661 -14.395597 29.410393 -2e-06 -8.774819 1e-06 16.713764 -17.308838 5.726406 -0.609777 -1.795653 -3.889327 -4.807089 -11.046811 -2.937851 4e-06 -20.976019 1e-06 -5.019973 -25.03356 -4.03188 7e-06 -1e-06 1e-06 -10.634535 -5.686971 -3.565587 10.573274 -17.922951 -3.113899 2e-06 -13.821209 0.0 -0.501778 -31.181505 -4.027019 -11.856236 -59.918472 7.736034 -13.982716 -7.150198 -2.875043 13.772732 -8.401491 -3.218241 0.347734 -34.211555 0.771651 -0.963029 -17.73337 2.621022 0.0 1e-06 1e-06 -17.346416 -20.095215 -4.201778 21.757555 -1.638372 3.866424 1e-06 -6.338822 1e-06 -1.697589 -22.591743 -6.194006 -0.0 -4e-06 -1e-06 -91.834976 -80.904778 -75.936447 96.854927 -35.971519 -66.036507 31.337225 1.225039 1.41421 -1.273605 3.883749 -63.73008 22.182106 -20.375879 49.933319 -16.701811 -16.74353 28.47653 -4e-06 -12.6906 -2e-06 15.554448 -17.940729 3.616455 -0.105918 -1.513856 -4.275878 -5.039039 -5.61287 -2.953558 1e-06 -11.02052 -4e-06 -6.111296 -15.89533 -3.840471 0.0 -1e-06 1e-06 -10.28337 -5.680285 -4.341835 11.028292 -11.302401 -2.372633 -1.384269 -14.238576 -6.320123 -0.625436 -26.924179 -3.827606 -4.381027 -49.885365 -2.589355 -13.708526 -7.363477 -3.720936 18.141146 -14.052734 -3.242674 5e-06 -18.787262 -3e-06 -0.429711 -8.456039 2.555504 1e-06 -0.0 0.0 -15.923536 -20.094482 -5.473585 30.419207 -7.190823 1.735926 0.0 -8.162922 -2e-06 -1.861899 -22.861462 -6.167945 -1e-06 -2e-06 -0.0 -175.49823 2.248316 -3.225619 8.928383 -0.052547 0.121012 -77.368706 5.174788 0.208048 -5.920868 1.552206 2.162466 -1.0 0.0 0.0 5.965486 -6.163697 -18.917717 14.434234 0.046709 -0.021124 -81.886131 -9.467785 -7.938072 -6.972962 0.481603 1.601102 -1.000002 1e-06 -0.0 
0.0 0.0 0.0 0.0 -0.0 0.0 1.563811 99.837563 -0.932154 93.552299 4.67489 102.226242 -3.54022 -0.099423 0.542034 -12.435732 0.253096 2.107023 21.490881 3.049121 0.148451 28.388226 -7.50826 1.868294 -2.806832 -0.722661 -0.130231 -25.768057 -5.07884 1.139901 6e-06 -0.0 3e-06 0.023872 0.06123 -0.038602 0.193044 0.094549 -0.00452 0.216108 0.013463 -0.064705 -25.319672 -73.505737 32.15741 88.726601 -50.111549 -64.537819 46.306725 -1.768097 0.486231 -20.220324 10.945609 -59.052662 17.636633 -26.322725 52.41119 -19.466661 -14.395594 29.410389 -1e-06 -8.774822 -2e-06 16.555861 -17.326605 5.830909 -0.609775 -1.795653 -3.889329 -4.807087 -11.046809 -2.937852 4e-06 -20.976017 0.0 -5.01997 -25.033556 -4.031884 7e-06 2e-06 1e-06 -10.634532 -5.686969 -3.565587 10.573272 -17.922947 -3.113903 3e-06 -13.821205 1e-06 -0.501775 -31.181498 -4.027017 -11.839861 -59.75993 7.776896 -13.982712 -7.150198 -2.875042 13.77273 -8.40149 -3.218242 0.347734 -34.211544 0.771653 -0.96303 -17.73337 2.62102 1e-06 2e-06 1e-06 -17.346416 -20.095215 -4.201784 21.757557 -1.638374 3.866426 0.0 -6.338823 -1e-06 -1.697587 -22.591742 -6.194006 -1e-06 -4e-06 -1e-06 -90.821953 -81.752785 -76.730545 95.943054 -37.165451 -64.839073 32.804501 0.718134 1.316239 -1.329456 4.276126 -59.648426 22.182116 -20.375895 49.933308 -16.701811 -16.743525 28.476522 -6e-06 -12.690596 -2e-06 15.698166 -17.833553 3.471167 -0.105919 -1.513856 -4.275879 -5.03904 -5.612868 -2.953555 5e-06 -11.020521 -2e-06 -6.111295 -15.89533 -3.840474 0.0 1e-06 -2e-06 -10.283365 -5.680285 -4.341839 11.028291 -11.302406 -2.372632 -1.384269 -14.23858 -6.320119 -0.625434 -26.924187 -3.827599 -4.30246 -49.743927 -2.7285 -13.708523 -7.363475 -3.720938 18.14115 -14.05274 -3.242676 8e-06 -18.78727 -1e-06 -0.429709 -8.456043 2.555504 -1e-06 -1e-06 1e-06 -15.923528 -20.094479 -5.473584 30.419201 -7.190828 1.735926 4e-06 -8.162922 -1e-06 -1.8619 -22.861467 -6.16794 -2e-06 -1e-06 -2e-06 -175.450897 2.057801 -3.845028 8.691939 -0.048582 0.125566 -77.29512 4.894478 0.080345 -5.89644 1.530213 2.159671 -0.999999 0.0 0.0 5.56431 -6.041406 -18.47426 14.504277 0.055409 -0.021796 -81.797737 -8.989638 -7.591554 -6.908548 0.48287 1.602197 -1.000002 1e-06 0.0 
0.0 0.0 0.0 0.0 -0.0 0.0 1.397064 99.876839 -1.037961 93.33783 4.60642 101.148788 -3.460764 -0.127662 0.451698 -12.443669 0.185822 1.993272 21.526478 2.802535 -0.094901 28.170633 -6.967892 1.78221 -2.807143 -0.696837 -0.40431 -26.620531 -4.709567 0.653419 6e-06 0.0 0.0 0.024413 0.057762 -0.017135 0.187244 0.082035 0.015086 0.219187 0.01918 -0.043242 -26.029203 -74.122063 33.600445 85.837555 -50.108055 -59.73325 46.113651 -1.809583 0.452707 -18.987986 10.539758 -57.011219 17.636627 -26.322733 52.411205 -19.46666 -14.395596 29.410395 -1e-06 -8.774822 -0.0 16.37031 -17.431995 5.991917 -0.609777 -1.795654 -3.889326 -4.807087 -11.04681 -2.937852 3e-06 -20.976019 -1e-06 -5.01997 -25.03356 -4.031886 7e-06 0.0 -0.0 -10.634534 -5.686972 -3.565586 10.573272 -17.922947 -3.113901 2e-06 -13.821206 2e-06 -0.501774 -31.181501 -4.027017 -11.878418 -59.658966 7.857551 -13.982714 -7.150199 -2.875042 13.772731 -8.401491 -3.218242 0.347731 -34.211555 0.771653 -0.963028 -17.73337 2.621019 0.0 0.0 -1e-06 -17.346416 -20.095217 -4.201784 21.757557 -1.638375 3.866427 1e-06 -6.338822 -0.0 -1.697589 -22.591742 -6.194006 0.0 -4e-06 -1e-06 -89.018349 -82.728539 -78.33683 94.494408 -38.566463 -62.253883 34.712051 0.075692 1.114211 -1.025039 4.180954 -53.558296 22.182108 -20.375896 49.933327 -16.701813 -16.74353 28.476532 -3e-06 -12.690601 -0.0 15.842151 -17.570242 3.285552 -0.105919 -1.513856 -4.275881 -5.039039 -5.612867 -2.953555 4e-06 -11.020525 -1e-06 -6.111296 -15.895334 -3.840473 1e-06 0.0 0.0 -10.283373 -5.680288 -4.341839 11.028296 -11.302406 -2.372636 -1.384267 -14.238577 -6.320122 -0.625438 -26.924187 -3.827604 -4.162048 -49.335346 -2.906369 -13.708519 -7.363475 -3.720941 18.141146 -14.052741 -3.242676 6e-06 -18.787271 -2e-06 -0.42971 -8.456044 2.555504 -1e-06 -1e-06 1e-06 -15.923534 -20.094482 -5.473585 30.41921 -7.190827 1.735927 2e-06 -8.162922 -0.0 -1.8619 -22.861467 -6.167942 -0.0 -4e-06 -3e-06 -175.433655 1.84652 -4.472332 8.403356 -0.040391 0.13726 -77.183693 4.670077 -0.101291 -5.831335 1.505078 2.157334 -1.0 -0.0 0.0 5.137845 -5.870096 -17.99687 14.496319 0.058883 -0.009869 -81.664864 -8.578249 -7.259061 -6.756086 0.487307 1.604281 -1.000002 0.0 -0.0 
0.0 0.0 0.0 0.0 -0.0 0.0 1.212799 99.921921 -1.143451 93.098389 4.449127 100.035713 -3.403424 -0.140735 0.363507 -12.47226 0.11027 1.846502 21.565149 2.507843 -0.371796 27.884806 -6.457922 1.765618 -2.79227 -0.667058 -0.713245 -27.639874 -4.292888 0.275579 6e-06 0.0 1e-06 0.031194 0.054353 -0.011285 0.189427 0.072164 0.017285 0.229768 0.022355 -0.036109 -27.256353 -74.792641 35.666698 82.324158 -50.265759 -53.610546 46.564468 -1.690224 0.437976 -17.578676 10.048193 -53.440205 17.636631 -26.322729 52.411182 -19.466654 -14.395594 29.410385 -1e-06 -8.774822 -2e-06 16.271948 -17.664652 6.193826 -0.609778 -1.795654 -3.889326 -4.80709 -11.046811 -2.937851 3e-06 -20.976019 1e-06 -5.019973 -25.033562 -4.031884 8e-06 1e-06 0.0 -10.634535 -5.686969 -3.565586 10.573274 -17.922951 -3.113899 2e-06 -13.821208 1e-06 -0.501781 -31.181505 -4.027012 -12.061801 -59.749874 8.054523 -13.982714 -7.150199 -2.875041 13.772727 -8.40149 -3.218241 0.347731 -34.211555 0.771656 -0.963026 -17.733366 2.621017 2e-06 1e-06 -1e-06 -17.346418 -20.095219 -4.201779 21.757557 -1.638373 3.866428 0.0 -6.338824 0.0 -1.697592 -22.591751 -6.194006 1e-06 -2e-06 -2e-06 -85.803894 -83.912788 -81.348434 92.31295 -40.189194 -57.63559 37.227657 -0.414686 0.815603 -0.315521 3.288259 -44.280327 22.182114 -20.375898 49.933319 -16.701813 -16.74353 28.476532 -4e-06 -12.6906 -2e-06 15.944338 -17.020084 3.056146 -0.10592 -1.513857 -4.275883 -5.039042 -5.61287 -2.953555 4e-06 -11.020525 -2e-06 -6.111299 -15.89533 -3.840469 0.0 -0.0 -1e-06 -10.283371 -5.68029 -4.341838 11.028295 -11.302404 -2.372631 -1.384268 -14.23858 -6.32012 -0.625441 -26.924189 -3.8276 -3.974912 -48.71209 -3.036268 -13.708525 -7.363475 -3.720939 18.141146 -14.052742 -3.242672 6e-06 -18.787268 -1e-06 -0.429712 -8.456042 2.555502 0.0 0.0 1e-06 -15.923536 -20.094482 -5.473582 30.419214 -7.190826 1.735929 4e-06 -8.162922 0.0 -1.861903 -22.861469 -6.167941 2e-06 -3e-06 -5e-06 -175.509018 1.606692 -5.203122 8.135932 -0.033346 0.140819 -77.077156 4.516903 -0.369947 -5.723206 1.482356 2.155974 -0.999998 0.0 0.0 4.616126 -5.653861 -17.443905 14.468699 0.050968 -0.000484 -81.514877 -8.182466 -6.935335 -6.549282 0.490811 1.607197 -1.000001 -0.0 0.0 
0.0 0.0 0.0 0.0 -0.0 0.0 1.023086 99.959213 -1.225734 92.847656 4.227679 98.893501 -3.388236 -0.15359 0.294146 -12.509083 0.032013 1.683478 21.609612 2.184932 -0.66807 27.544493 -5.961476 1.797762 -2.758806 -0.621599 -1.104701 -28.828894 -3.859028 -0.050164 6e-06 -0.0 0.0 0.043822 0.049626 -0.012796 0.19381 0.066174 0.010105 0.242338 0.018912 -0.033773 -29.51156 -75.542137 38.750076 78.270775 -50.735134 -46.335575 47.837246 -1.367334 0.416379 -16.115271 9.17668 -48.577858 17.636639 -26.322737 52.41119 -19.46666 -14.395602 29.410389 -1e-06 -8.774821 -2e-06 16.319645 -17.893679 6.351603 -0.609775 -1.795654 -3.889328 -4.80709 -11.046809 -2.937849 5e-06 -20.976015 1e-06 -5.01997 -25.033556 -4.031878 7e-06 3e-06 -2e-06 -10.634533 -5.686971 -3.565588 10.573274 -17.922951 -3.1139 1e-06 -13.821209 2e-06 -0.501777 -31.181505 -4.027014 -12.348777 -59.969685 8.340593 -13.982717 -7.150198 -2.87504 13.772735 -8.401493 -3.218242 0.347732 -34.211544 0.771661 -0.963028 -17.73337 2.621019 -0.0 1e-06 -0.0 -17.346416 -20.095215 -4.201779 21.757557 -1.638376 3.866427 1e-06 -6.338823 2e-06 -1.697587 -22.591745 -6.194006 -0.0 -6e-06 -1e-06 -79.892731 -85.252487 -86.978317 89.399681 -41.96241 -51.243904 40.208717 -0.561367 0.477174 0.159169 1.819568 -32.757404 22.182117 -20.375898 49.933323 -16.701817 -16.74353 28.476536 -2e-06 -12.690605 -1e-06 15.953426 -16.35833 2.910013 -0.10592 -1.513856 -4.275882 -5.039042 -5.612873 -2.953556 5e-06 -11.020525 -4e-06 -6.111298 -15.895332 -3.840471 1e-06 -0.0 1e-06 -10.283371 -5.680288 -4.341838 11.028297 -11.302408 -2.372633 -1.384269 -14.238584 -6.32012 -0.625438 -26.924194 -3.8276 -3.901167 -48.625439 -2.968127 -13.708527 -7.363479 -3.720938 18.141155 -14.052739 -3.242675 6e-06 -18.787271 -1e-06 -0.429712 -8.456045 2.555503 -0.0 0.0 2e-06 -15.923536 -20.094484 -5.473585 30.419222 -7.190827 1.735926 3e-06 -8.162929 0.0 -1.861903 -22.861479 -6.167943 1e-06 -3e-06 -1e-06 -175.716171 1.338307 -5.984084 8.055555 -0.029465 0.125743 -77.080132 4.361065 -0.704046 -5.639169 1.487347 2.15778 -0.999998 0.0 -0.0 4.003637 -5.416341 -16.760729 14.517535 0.046625 -0.012222 -81.413918 -7.79461 -6.627188 -6.403517 0.480511 1.607256 -1.000003 0.0 -0.0 
0.0 0.0 0.0 0.0 -0.0 0.0 0.833267 99.982201 -1.258555 92.611115 4.016735 97.729126 -3.407629 -0.18055 0.253014 -12.518721 -0.061427 1.508958 21.667915 1.870209 -0.936011 27.189768 -5.43368 1.844009 -2.723358 -0.564242 -1.49836 -30.163038 -3.480391 -0.398695 6e-06 0.0 0.0 0.056972 0.0461 -0.007057 0.186159 0.061773 0.009732 0.242234 0.016223 -0.022436 -33.34322 -76.342285 43.353252 74.078781 -51.397968 -38.819527 49.556744 -0.958134 0.410149 -14.856514 7.75448 -43.569489 17.636623 -26.322725 52.411186 -19.466665 -14.395598 29.410395 -1e-06 -8.774819 -2e-06 16.413097 -17.98127 6.380564 -0.609777 -1.795653 -3.889328 -4.807087 -11.04681 -2.93785 7e-06 -20.976019 -3e-06 -5.019972 -25.03356 -4.031879 6e-06 1e-06 -1e-06 -10.634537 -5.68697 -3.565586 10.573279 -17.922951 -3.113903 2e-06 -13.821211 -1e-06 -0.501777 -31.181505 -4.027012 -12.625428 -60.175018 8.581988 -13.982715 -7.150198 -2.875041 13.772733 -8.401492 -3.218243 0.347733 -34.211555 0.771655 -0.963027 -17.73337 2.621019 -0.0 1e-06 1e-06 -17.346416 -20.095217 -4.201782 21.757557 -1.638375 3.866426 1e-06 -6.338824 0.0 -1.697589 -22.591747 -6.194007 1e-06 -4e-06 -1e-06 -68.374084 -86.516258 -98.072777 86.081039 -43.76207 -44.391041 43.114685 -0.495186 0.207052 -0.263411 0.353343 -22.462698 22.182108 -20.375895 49.933319 -16.701815 -16.743526 28.476536 -4e-06 -12.6906 -0.0 15.923615 -16.133236 2.821506 -0.10592 -1.513853 -4.275882 -5.039042 -5.612873 -2.953557 6e-06 -11.020525 -3e-06 -6.111298 -15.895334 -3.840471 0.0 0.0 -1e-06 -10.28337 -5.680287 -4.341839 11.028295 -11.302407 -2.372635 -1.384266 -14.238583 -6.320122 -0.625435 -26.924191 -3.827602 -4.027662 -49.2262 -2.844785 -13.708522 -7.363475 -3.72094 18.14115 -14.052739 -3.242675 7e-06 -18.78727 -2e-06 -0.429712 -8.456044 2.555503 0.0 0.0 1e-06 -15.923532 -20.094481 -5.473586 30.41921 -7.190826 1.735924 3e-06 -8.162926 -1e-06 -1.861901 -22.861469 -6.167942 0.0 -3e-06 -2e-06 -175.950577 1.058373 -6.744718 8.127287 -0.030481 0.099036 -77.189964 4.142308 -1.077232 -5.586649 1.519754 2.161435 -0.999999 1e-06 0.0 3.409727 -5.17494 -15.999397 14.63799 0.046984 -0.028774 -81.377861 -7.438672 -6.343921 -6.328749 0.462439 1.606781 -1.000002 0.0 -0.0 
0.0 0.0 0.0 0.0 -0.0 0.0 0.635232 99.991356 -1.245979 92.410049 3.884967 96.581871 -3.433687 -0.242578 0.218842 -12.510221 -0.162759 1.340564 21.767733 1.582749 -1.141355 26.877975 -4.818238 1.913332 -2.698404 -0.521029 -1.812477 -31.554279 -3.19078 -0.800614 6e-06 0.0 0.0 0.065017 0.046986 0.006931 0.162835 0.058626 0.01849 0.223411 0.021333 -0.002037 -38.565441 -77.106125 49.272961 70.296013 -52.146317 -32.249645 51.032742 -0.634966 0.413774 -13.972717 6.245798 -39.505032 17.636629 -26.322735 52.411186 -19.46666 -14.395596 29.410389 -1e-06 -8.774821 -2e-06 16.386169 -17.949837 6.347962 -0.609777 -1.795653 -3.889327 -4.807087 -11.04681 -2.93785 5e-06 -20.976017 -0.0 -5.01997 -25.033554 -4.031877 6e-06 0.0 -1e-06 -10.634532 -5.68697 -3.565587 10.573274 -17.922951 -3.113899 3e-06 -13.821211 2e-06 -0.501781 -31.181501 -4.027011 -12.76688 -60.256634 8.680316 -13.98271 -7.150197 -2.875041 13.772726 -8.401492 -3.21824 0.347733 -34.211555 0.771659 -0.963029 -17.733374 2.621022 0.0 -0.0 0.0 -17.346413 -20.095215 -4.201781 21.757557 -1.638376 3.866428 3e-06 -6.338824 1e-06 -1.697589 -22.591745 -6.194005 -1e-06 -4e-06 -3e-06 -45.72084 -87.383186 -120.195213 82.678024 -45.514214 -38.141556 45.336468 -0.412887 0.084726 -1.284489 -0.880387 -15.378096 22.182123 -20.375887 49.933319 -16.701807 -16.743528 28.476528 -1e-06 -12.690601 -2e-06 15.892761 -16.355618 2.7457 -0.105919 -1.513858 -4.275882 -5.039042 -5.612873 -2.953557 3e-06 -11.020525 -3e-06 -6.111299 -15.89533 -3.840474 1e-06 -1e-06 -0.0 -10.283373 -5.680294 -4.341838 11.028294 -11.302402 -2.372632 -1.38427 -14.23858 -6.320121 -0.625437 -26.924183 -3.827605 -4.222776 -49.764652 -2.850676 -13.708529 -7.363478 -3.720939 18.141151 -14.052739 -3.242674 7e-06 -18.78727 -4e-06 -0.429712 -8.456042 2.555501 0.0 0.0 0.0 -15.923538 -20.094486 -5.473586 30.419214 -7.190826 1.735931 3e-06 -8.162925 -1e-06 -1.861903 -22.861467 -6.167942 -0.0 -3e-06 1e-06 -176.087219 0.783997 -7.413629 8.237906 -0.033621 0.075106 -77.344452 3.834878 -1.436214 -5.547012 1.552004 2.161074 -0.999999 0.0 0.0 2.935349 -4.940852 -15.267498 14.793387 0.048052 -0.035085 -81.393425 -7.119863 -6.08896 -6.287518 0.463259 1.611416 -1.000001 1e-06 -0.0 
0.0 0.0 0.0 0.0 -0.0 0.0 0.42579 99.98304 -1.199365 92.259506 3.843201 95.501419 -3.438552 -0.344628 0.193127 -12.493364 -0.270818 1.202353 21.88994 1.311815 -1.325175 26.608442 -4.064436 1.994469 -2.674112 -0.505793 -2.059535 -32.891861 -2.978144 -1.222329 6e-06 -0.0 -0.0 0.070096 0.048661 0.017065 0.141455 0.051077 0.023855 0.200339 0.033038 0.014681 -44.628521 -77.71936 55.96534 67.125465 -52.959732 -26.981579 51.882469 -0.462821 0.4469 -13.314371 5.081321 -36.374298 17.636623 -26.322733 52.411182 -19.466656 -14.395596 29.410385 -0.0 -8.774822 -2e-06 16.236431 -17.903896 6.32985 -0.609778 -1.795653 -3.889327 -4.807086 -11.046808 -2.937848 0.0 -20.976015 3e-06 -5.019974 -25.033552 -4.031876 6e-06 -2e-06 -2e-06 -10.634533 -5.686969 -3.565586 10.573275 -17.922947 -3.113899 2e-06 -13.821208 2e-06 -0.501782 -31.181498 -4.027012 -12.794317 -60.213478 8.668245 -13.982714 -7.150196 -2.87504 13.77273 -8.401489 -3.21824 0.347734 -34.211544 0.771657 -0.963027 -17.733366 2.62102 -0.0 -1e-06 -0.0 -17.346416 -20.095211 -4.201777 21.757555 -1.638375 3.866426 3e-06 -6.338821 2e-06 -1.69759 -22.591742 -6.194003 -2e-06 -3e-06 -3e-06 -13.012517 -87.458321 -152.322311 79.314728 -47.219818 -32.767075 46.635017 -0.371039 0.091427 -2.61293 -2.026368 -10.54489 22.182114 -20.375895 49.933319 -16.701811 -16.74353 28.476532 -3e-06 -12.690601 -1e-06 15.912306 -16.761091 2.695837 -0.105919 -1.513858 -4.275881 -5.039042 -5.612869 -2.953556 6e-06 -11.020523 -5e-06 -6.111297 -15.895334 -3.840471 1e-06 -1e-06 1e-06 -10.283371 -5.680285 -4.341839 11.028296 -11.302409 -2.372633 -1.384268 -14.238581 -6.320121 -0.625436 -26.924191 -3.8276 -4.341112 -50.036682 -2.995912 -13.708523 -7.363474 -3.72094 18.141148 -14.052738 -3.242675 9e-06 -18.787268 -1e-06 -0.429711 -8.456043 2.555503 -1e-06 1e-06 0.0 -15.923531 -20.094479 -5.473587 30.41921 -7.190828 1.735925 3e-06 -8.162927 -1e-06 -1.861901 -22.861469 -6.167941 -0.0 -3e-06 0.0 -176.124908 0.530741 -7.972124 8.403113 -0.036391 0.05862 -77.544296 3.479411 -1.769049 -5.518969 1.572757 2.158898 -0.999998 -0.0 0.0 2.566587 -4.749816 -14.666824 15.047513 0.050295 -0.03143 -81.496239 -6.75856 -5.880775 -6.254289 0.48332 1.616852 -1.000003 1e-06 0.0 
0.0 0.0 0.0 0.0 -0.0 0.0 0.19901 99.972084 -1.114783 92.131409 3.853836 94.49324 -3.426111 -0.474044 0.17968 -12.470098 -0.367813 1.111639 21.983406 1.064724 -1.505339 26.367308 -3.205443 2.060975 -2.655672 -0.518448 -2.287824 -33.993214 -2.794469 -1.667943 6e-06 -0.0 0.0 0.073521 0.049223 0.019182 0.136291 0.040474 0.022024 0.187961 0.046116 0.022028 -50.682991 -78.08065 62.602318 64.643471 -53.884644 -22.954559 52.009708 -0.343553 0.519967 -12.713185 4.372812 -33.781742 17.636635 -26.322733 52.41119 -19.46666 -14.395597 29.410381 0.0 -8.774822 -2e-06 16.047014 -17.863791 6.347446 -0.609777 -1.795653 -3.889326 -4.807088 -11.046807 -2.937851 6e-06 -20.976015 -0.0 -5.019971 -25.033556 -4.03188 6e-06 1e-06 1e-06 -10.634535 -5.68697 -3.565587 10.573276 -17.922947 -3.1139 1e-06 -13.821209 2e-06 -0.50178 -31.181505 -4.027016 -12.745235 -60.112488 8.621388 -13.982716 -7.150198 -2.875042 13.772733 -8.401491 -3.218241 0.347737 -34.211552 0.771654 -0.96303 -17.73337 2.62102 0.0 -1e-06 0.0 -17.34642 -20.095213 -4.201782 21.757563 -1.638374 3.86643 0.0 -6.338823 0.0 -1.697592 -22.59174 -6.194005 -1e-06 -5e-06 -1e-06 11.964539 -86.761482 -176.709625 76.202103 -48.90641 -28.451445 46.896072 -0.392734 0.173922 -4.169484 -3.055062 -7.104313 22.182119 -20.375895 49.933319 -16.701809 -16.743528 28.47653 -2e-06 -12.690602 -1e-06 15.98681 -17.15118 2.685881 -0.10592 -1.513854 -4.27588 -5.039041 -5.612873 -2.953555 4e-06 -11.020524 -1e-06 -6.111294 -15.89533 -3.840472 -3e-06 0.0 -0.0 -10.283374 -5.680284 -4.341838 11.028296 -11.302406 -2.372632 -1.384272 -14.238581 -6.320122 -0.625437 -26.924194 -3.8276 -4.365961 -50.130775 -3.172119 -13.708527 -7.363477 -3.720938 18.141151 -14.05274 -3.242673 5e-06 -18.78727 -2e-06 -0.429711 -8.456043 2.555505 0.0 0.0 0.0 -15.923539 -20.094482 -5.473584 30.41921 -7.190823 1.735927 2e-06 -8.162925 -0.0 -1.861902 -22.861469 -6.167942 0.0 -3e-06 -0.0 -176.015503 0.283827 -8.384129 8.434828 -0.032555 0.046822 -77.695908 3.046095 -2.138781 -5.515785 1.587758 2.157646 -0.999999 -0.0 0.0 2.33881 -4.565155 -14.245368 15.238855 0.058678 -0.030616 -81.610695 -6.287949 -5.680685 -6.251102 0.503245 1.617346 -1.000002 -0.0 -0.0 
0.0 0.0 0.0 0.0 -0.0 0.0 -0.056785 99.965767 -1.008799 91.962418 3.851765 93.495026 -3.406652 -0.590843 0.163527 -12.434739 -0.447697 1.039458 21.997578 0.845263 -1.649745 26.101248 -2.324025 2.12665 -2.643446 -0.542479 -2.508359 -34.816784 -2.614407 -2.154048 6e-06 -0.0 0.0 0.076826 0.048609 0.016498 0.144206 0.029378 0.016205 0.183132 0.057922 0.02315 -56.629501 -78.20697 69.096863 62.633675 -54.970108 -19.749214 51.485279 -0.223904 0.596605 -12.094583 4.094632 -31.203703 17.636625 -26.322725 52.411182 -19.466654 -14.395597 29.410381 -1e-06 -8.774821 -1e-06 15.85953 -17.803072 6.373307 -0.609776 -1.795653 -3.889326 -4.807088 -11.046807 -2.937849 3e-06 -20.976011 0.0 -5.019969 -25.033552 -4.03188 7e-06 1e-06 -1e-06 -10.634533 -5.686968 -3.565586 10.573271 -17.922945 -3.113899 1e-06 -13.821205 3e-06 -0.501781 -31.181494 -4.027012 -12.608088 -59.971062 8.531314 -13.982709 -7.150196 -2.875041 13.772727 -8.401489 -3.218241 0.347735 -34.211544 0.771657 -0.963029 -17.733366 2.62102 0.0 -1e-06 -2e-06 -17.346415 -20.095213 -4.201779 21.757555 -1.638374 3.866426 1e-06 -6.338825 1e-06 -1.697589 -22.591738 -6.194005 1e-06 -6e-06 -1e-06 25.442883 -85.729919 170.388626 73.308281 -50.647518 -24.961708 46.102516 -0.455013 0.276698 -5.829811 -3.751104 -4.405888 22.182116 -20.375889 49.933308 -16.701809 -16.743526 28.476526 -4e-06 -12.690601 -3e-06 16.065948 -17.436567 2.705573 -0.105919 -1.51386 -4.275881 -5.039042 -5.612869 -2.953558 9e-06 -11.020525 -3e-06 -6.111297 -15.89533 -3.840468 -1e-06 1e-06 -2e-06 -10.283371 -5.680284 -4.341836 11.028296 -11.302406 -2.372634 -1.384269 -14.238583 -6.32012 -0.625435 -26.924191 -3.827601 -4.321267 -50.168758 -3.331775 -13.708523 -7.363474 -3.720938 18.14115 -14.052741 -3.242675 7e-06 -18.787268 -2e-06 -0.42971 -8.456042 2.555503 0.0 0.0 -0.0 -15.923539 -20.094482 -5.473581 30.41921 -7.190826 1.735927 5e-06 -8.162922 -1e-06 -1.8619 -22.861467 -6.167943 0.0 -3e-06 -1e-06 -175.89415 -0.02429 -8.711395 8.457599 -0.021604 0.041668 -77.852036 2.503901 -2.561536 -5.507779 1.586136 2.150657 -0.999999 1e-06 0.0 2.189269 -4.315526 -13.97536 15.289736 0.071072 -0.037359 -81.67701 -5.680434 -5.466297 -6.221385 0.510002 1.614289 -1.000002 1e-06 -0.0 
0.0 0.0 0.0 0.0 -0.0 0.0 -0.334605 99.96637 -0.921015 91.743591 3.806946 92.488113 -3.357945 -0.661101 0.131871 -12.385967 -0.503489 0.971351 21.919094 0.654873 -1.747552 25.767374 -1.570696 2.194349 -2.629122 -0.548153 -2.714892 -35.413467 -2.400899 -2.622549 6e-06 -0.0 0.0 0.079975 0.045683 0.012024 0.150856 0.020196 0.01013 0.174515 0.0634 0.02026 -62.543396 -78.126068 75.501045 60.897579 -56.189507 -17.114445 50.503967 -0.043481 0.629983 -11.455204 4.268958 -28.266914 17.636625 -26.322721 52.411167 -19.466646 -14.395591 29.410372 0.0 -8.774819 -1e-06 15.710455 -17.721828 6.388189 -0.60978 -1.795654 -3.889326 -4.807085 -11.046805 -2.937849 0.0 -20.976011 2e-06 -5.019972 -25.033546 -4.031876 6e-06 1e-06 0.0 -10.634531 -5.686968 -3.565585 10.573268 -17.922941 -3.113897 2e-06 -13.821205 2e-06 -0.501779 -31.181488 -4.027014 -12.427687 -59.833256 8.40576 -13.982709 -7.150196 -2.875041 13.772723 -8.401488 -3.218239 0.34773 -34.211536 0.771659 -0.96303 -17.733362 2.621017 0.0 -1e-06 -1e-06 -17.346415 -20.095207 -4.201778 21.757551 -1.638372 3.866428 -1e-06 -6.338821 1e-06 -1.697594 -22.59174 -6.194003 2e-06 -4e-06 -2e-06 31.885221 -84.712608 164.437988 70.574539 -52.472172 -22.30789 44.42403 -0.521738 0.344742 -7.159278 -3.675203 -2.157007 22.182114 -20.375902 49.933319 -16.701817 -16.74353 28.476532 -3e-06 -12.690598 -3e-06 16.112322 -17.554403 2.729936 -0.10592 -1.513857 -4.275882 -5.039038 -5.612869 -2.953557 5e-06 -11.020523 -3e-06 -6.111294 -15.895329 -3.840471 -0.0 -0.0 -1e-06 -10.283373 -5.680286 -4.341836 11.028298 -11.302404 -2.372632 -1.384267 -14.238581 -6.320119 -0.625437 -26.924191 -3.827596 -4.286434 -50.177113 -3.418754 -13.708524 -7.363474 -3.72094 18.14115 -14.052739 -3.242674 9e-06 -18.787266 0.0 -0.429713 -8.456043 2.555503 1e-06 -1e-06 -1e-06 -15.923534 -20.094479 -5.473585 30.41921 -7.19083 1.735925 1e-06 -8.162922 1e-06 -1.861902 -22.861467 -6.167941 -0.0 -2e-06 -1e-06 -175.794296 -0.338078 -9.038509 8.541386 -0.012234 0.047436 -78.059944 1.863704 -2.959806 -5.498544 1.574683 2.14345 -0.999999 -0.0 -0.0 2.04351 -3.99123 -13.77809 15.224142 0.078864 -0.04799 -81.671654 -5.010011 -5.272079 -6.153251 0.504081 1.609248 -1.000002 2e-06 -0.0 
0.0 0.0 0.0 0.0 -0.0 0.0 -0.622286 99.977219 -0.869262 91.484352 3.7297 91.493088 -3.270154 -0.679281 0.092929 -12.331937 -0.531386 0.908069 21.794085 0.49987 -1.815299 25.370285 -1.007491 2.249321 -2.622682 -0.535382 -2.856304 -35.905228 -2.140119 -3.045592 6e-06 0.0 0.0 0.081074 0.042111 0.007644 0.151088 0.015305 0.006337 0.163305 0.062795 0.013991 -68.443283 -77.889244 81.796135 59.167355 -57.551296 -15.099526 49.331059 0.086908 0.588491 -10.760692 4.899794 -24.808773 17.636621 -26.322723 52.411182 -19.466652 -14.395594 29.410381 -1e-06 -8.774819 -1e-06 15.58272 -17.62785 6.380733 -0.609775 -1.795653 -3.889327 -4.807088 -11.046806 -2.93785 4e-06 -20.976009 0.0 -5.01997 -25.033546 -4.031882 6e-06 3e-06 -0.0 -10.63453 -5.686968 -3.565588 10.573271 -17.922945 -3.113898 4e-06 -13.821205 3e-06 -0.501782 -31.181488 -4.027012 -12.244936 -59.67244 8.24511 -13.982711 -7.150196 -2.875042 13.77273 -8.401489 -3.218241 0.347732 -34.211544 0.771657 -0.96303 -17.733366 2.621017 -1e-06 -1e-06 -1e-06 -17.346409 -20.095209 -4.20178 21.757551 -1.638374 3.866427 1e-06 -6.338824 1e-06 -1.697591 -22.591736 -6.194005 1e-06 -7e-06 -1e-06 34.735359 -83.851906 161.944458 67.892235 -54.389851 -20.624414 42.097073 -0.628621 0.329713 -7.897933 -2.699529 -0.282621 22.182104 -20.375895 49.933319 -16.701811 -16.74353 28.476534 -5e-06 -12.690599 -0.0 16.155514 -17.538359 2.726818 -0.10592 -1.513857 -4.27588 -5.039041 -5.612869 -2.953556 4e-06 -11.020524 -3e-06 -6.111298 -15.895328 -3.840469 2e-06 0.0 -0.0 -10.283367 -5.680287 -4.341836 11.028294 -11.302403 -2.372632 -1.384269 -14.238579 -6.32012 -0.62544 -26.924191 -3.827599 -4.278811 -50.150917 -3.447698 -13.708519 -7.363473 -3.720939 18.141146 -14.052736 -3.242674 5e-06 -18.787266 -0.0 -0.429711 -8.456041 2.555503 2e-06 -1e-06 -1e-06 -15.923532 -20.094482 -5.473582 30.41921 -7.190823 1.735924 1e-06 -8.162925 0.0 -1.861903 -22.861467 -6.167945 -0.0 -3e-06 -0.0 -175.817368 -0.771338 -9.339329 8.625012 -0.008557 0.057094 -78.17588 1.180748 -3.431843 -5.439573 1.548413 2.134817 -1.0 0.0 -0.0 1.918104 -3.586764 -13.535022 15.012587 0.080657 -0.05032 -81.56424 -4.439235 -5.091521 -6.043176 0.501861 1.609581 -1.000002 -1e-06 -0.0 
0.0 0.0 0.0 0.0 -0.0 0.0 -0.905975 99.989685 -0.849341 91.239174 3.657552 90.555351 -3.159741 -0.676817 0.07085 -12.278567 -0.552614 0.842702 21.706343 0.379348 -1.860023 24.926006 -0.600943 2.277139 -2.628175 -0.521378 -2.916472 -36.349346 -1.880614 -3.381676 6e-06 -0.0 0.0 0.077336 0.04105 0.011182 0.133938 0.014983 0.009008 0.1379 0.062082 0.016382 -73.852898 -77.576363 87.512291 57.420055 -58.923447 -13.578732 47.964008 0.128773 0.477515 -10.00409 5.843673 -21.014112 17.636627 -26.322725 52.411171 -19.466654 -14.395594 29.410378 1e-06 -8.774822 -3e-06 15.407657 -17.592083 6.395022 -0.609778 -1.795653 -3.889327 -4.807086 -11.046806 -2.937849 3e-06 -20.976011 1e-06 -5.019973 -25.033545 -4.031876 7e-06 -1e-06 -0.0 -10.63453 -5.686969 -3.565587 10.573271 -17.922947 -3.113899 2e-06 -13.821203 0.0 -0.501779 -31.181498 -4.027016 -12.117711 -59.463028 8.062168 -13.982714 -7.150196 -2.875041 13.772729 -8.401489 -3.21824 0.347729 -34.211544 0.771658 -0.963031 -17.733368 2.621021 -0.0 -1e-06 -1e-06 -17.346422 -20.095215 -4.201778 21.757557 -1.638373 3.866428 1e-06 -6.338823 1e-06 -1.69759 -22.591734 -6.194005 3e-06 -7e-06 -1e-06 35.835026 -83.124535 161.100494 65.346146 -56.208992 -19.863039 39.162834 -0.75641 0.227288 -8.096684 -1.060306 1.309127 22.182106 -20.375887 49.933304 -16.701803 -16.743523 28.476519 -3e-06 -12.690597 -1e-06 16.201735 -17.448208 2.67687 -0.105917 -1.513854 -4.275881 -5.039042 -5.612869 -2.953554 6e-06 -11.020518 -4e-06 -6.111298 -15.895326 -3.84047 1e-06 1e-06 2e-06 -10.283366 -5.680285 -4.341837 11.02829 -11.302401 -2.372635 -1.38427 -14.238572 -6.320118 -0.625438 -26.924171 -3.827596 -4.215911 -50.046322 -3.523033 -13.708517 -7.363473 -3.720938 18.141142 -14.052734 -3.242672 6e-06 -18.787266 -4e-06 -0.42971 -8.456038 2.555505 1e-06 -1e-06 -2e-06 -15.923534 -20.094477 -5.473584 30.419193 -7.190821 1.735926 3e-06 -8.162922 -1e-06 -1.861903 -22.861464 -6.167939 -1e-06 -3e-06 0.0 -175.781204 -1.117303 -9.577238 8.674547 -0.003919 0.070559 -78.286835 0.436364 -3.800498 -5.378282 1.525662 2.129358 -0.999999 -0.0 0.0 1.806545 -3.179268 -13.207565 14.782298 0.086669 -0.034836 -81.427956 -4.031517 -4.925379 -5.904423 0.508617 1.615566 -1.000003 -0.0 -0.0 
0.0 0.0 0.0 0.0 -0.0 0.0 -1.167937 99.990112 -0.829348 91.042274 3.636927 89.678169 -3.044959 -0.673303 0.078101 -12.220536 -0.586475 0.781967 21.682474 0.289243 -1.85117 24.496859 -0.303007 2.296263 -2.629104 -0.509607 -2.98525 -36.744827 -1.653479 -3.628852 6e-06 0.0 0.0 0.077503 0.037474 0.000921 0.122774 0.014163 -0.002834 0.12162 0.056392 0.005959 -78.299919 -77.304489 92.240677 55.729931 -60.120296 -12.143298 46.355396 0.115967 0.355707 -9.128811 6.902383 -17.417288 17.636623 -26.322733 52.411194 -19.466661 -14.3956 29.410385 -0.0 -8.774818 -2e-06 15.255466 -17.602423 6.4248 -0.609778 -1.795654 -3.889325 -4.807085 -11.046807 -2.93785 4e-06 -20.976011 1e-06 -5.019971 -25.033546 -4.03188 6e-06 1e-06 2e-06 -10.634529 -5.686969 -3.565587 10.573271 -17.922947 -3.113899 1e-06 -13.821203 1e-06 -0.501779 -31.181498 -4.027016 -12.012977 -59.237118 7.896195 -13.982708 -7.150196 -2.875041 13.772727 -8.401489 -3.218242 0.347729 -34.21154 0.771656 -0.963029 -17.733366 2.621022 -1e-06 -0.0 -1e-06 -17.346413 -20.095211 -4.20178 21.757555 -1.638374 3.866428 1e-06 -6.338823 1e-06 -1.697591 -22.59174 -6.194006 -0.0 -7e-06 -1e-06 35.872692 -82.452209 161.278656 63.062721 -57.747749 -19.681318 35.596066 -0.761109 0.124423 -7.977574 0.763327 2.672153 22.182108 -20.375891 49.933319 -16.701813 -16.743525 28.476524 -3e-06 -12.690598 -1e-06 16.221258 -17.356972 2.629376 -0.10592 -1.513856 -4.27588 -5.039042 -5.612873 -2.953555 6e-06 -11.020523 -5e-06 -6.111297 -15.895332 -3.840471 0.0 -1e-06 2e-06 -10.283368 -5.680285 -4.34184 11.028292 -11.302404 -2.372634 -1.384266 -14.23858 -6.320118 -0.625435 -26.924187 -3.827602 -4.139488 -49.902336 -3.580216 -13.708525 -7.363475 -3.720937 18.141148 -14.052738 -3.242676 1e-05 -18.787266 -4e-06 -0.429712 -8.456042 2.555503 2e-06 -3e-06 -2e-06 -15.923532 -20.094482 -5.473584 30.419207 -7.190825 1.735926 3e-06 -8.162925 -2e-06 -1.861901 -22.861467 -6.167941 1e-06 -5e-06 -2e-06 -175.693268 -1.407349 -9.853862 8.738707 -0.001023 0.086592 -78.401863 -0.205921 -4.050675 -5.365562 1.518704 2.128088 -0.999999 0.0 -0.0 1.709044 -2.835472 -12.825673 14.682648 0.088607 -0.009085 -81.359138 -3.747235 -4.7075 -5.790994 0.521426 1.625214 -1.000003 1e-06 0.0 
0.0 0.0 0.0 0.0 -0.0 0.0 -1.390203 99.981049 -0.784556 90.884842 3.662841 88.879356 -2.949564 -0.673826 0.092864 -12.171644 -0.625881 0.73903 21.706964 0.23562 -1.806499 24.123976 -0.094842 2.310038 -2.612958 -0.500219 -3.114734 -37.061085 -1.487179 -3.86142 6e-06 -0.0 -0.0 0.084408 0.031208 -0.015751 0.132568 0.010648 -0.019455 0.12644 0.047987 -0.011539 -81.836754 -77.065277 96.083786 54.295696 -61.024769 -10.475347 44.426086 0.168533 0.290018 -8.124476 7.842573 -14.303413 17.636631 -26.322725 52.41119 -19.466663 -14.395598 29.410389 -1e-06 -8.774821 -2e-06 15.172179 -17.65938 6.4552 -0.609778 -1.795655 -3.889327 -4.807089 -11.046809 -2.937851 5e-06 -20.976019 0.0 -5.01997 -25.03356 -4.031882 6e-06 -1e-06 2e-06 -10.634537 -5.686972 -3.565587 10.573277 -17.922951 -3.113902 3e-06 -13.821209 -1e-06 -0.501774 -31.181505 -4.027015 -11.922262 -59.074539 7.770715 -13.982716 -7.150198 -2.875042 13.772731 -8.401491 -3.218243 0.347732 -34.211544 0.771651 -0.963028 -17.73337 2.621019 -1e-06 -0.0 -1e-06 -17.346424 -20.095221 -4.201782 21.757561 -1.638374 3.86643 2e-06 -6.338824 2e-06 -1.697588 -22.591743 -6.194011 -1e-06 -3e-06 -1e-06 35.096905 -81.792953 162.262695 61.044968 -58.939396 -19.945293 31.62813 -0.678808 0.065274 -7.637356 2.349122 3.557234 22.182114 -20.375895 49.933319 -16.701813 -16.743528 28.476528 -3e-06 -12.6906 -1e-06 16.24136 -17.308725 2.599793 -0.105921 -1.513857 -4.27588 -5.039041 -5.612872 -2.953559 4e-06 -11.020524 -1e-06 -6.1113 -15.895334 -3.840468 -1e-06 1e-06 0.0 -10.283369 -5.680288 -4.341837 11.028291 -11.302406 -2.372633 -1.384269 -14.238585 -6.320116 -0.625438 -26.924191 -3.827601 -4.08106 -49.774025 -3.601879 -13.708526 -7.363478 -3.720937 18.14115 -14.052739 -3.242676 7e-06 -18.78727 -3e-06 -0.429712 -8.456045 2.555505 2e-06 -1e-06 -1e-06 -15.923536 -20.094484 -5.473582 30.41921 -7.190827 1.735927 4e-06 -8.162928 -1e-06 -1.861902 -22.861471 -6.167944 -0.0 -5e-06 1e-06 -175.542969 -1.652349 -10.166474 8.781499 -0.001608 0.094523 -78.510536 -0.697927 -4.180985 -5.37599 1.536302 2.130489 -0.999999 0.0 0.0 1.660855 -2.556079 -12.438015 14.661293 0.082135 0.014134 -81.345474 -3.561894 -4.460049 -5.720382 0.53473 1.634849 -1.000002 -1e-06 0.0 
0.0 0.0 0.0 0.0 -0.0 0.0 -1.568606 99.970779 -0.731716 90.75061 3.699769 88.174225 -2.884397 -0.674448 0.088994 -12.134999 -0.659684 0.720158 21.753828 0.220769 -1.744071 23.782904 0.039495 2.319157 -2.588373 -0.489268 -3.263749 -37.262203 -1.390521 -4.097676 6e-06 0.0 0.0 0.089835 0.028866 -0.015685 0.157135 0.009949 -0.017698 0.147958 0.044536 -0.012883 -84.605873 -76.843132 99.18647 53.210846 -61.743176 -8.869117 42.255989 0.244465 0.289817 -7.036327 8.68785 -11.602712 17.636631 -26.322729 52.411182 -19.466654 -14.395597 29.410381 -1e-06 -8.77482 -2e-06 15.121775 -17.744673 6.488983 -0.609777 -1.795652 -3.889326 -4.807086 -11.046807 -2.937849 4e-06 -20.976011 1e-06 -5.01997 -25.033546 -4.031881 7e-06 -2e-06 1e-06 -10.634533 -5.68697 -3.565586 10.573273 -17.922945 -3.113898 1e-06 -13.821205 -1e-06 -0.501782 -31.181498 -4.027011 -11.846335 -58.954041 7.67981 -13.982712 -7.150196 -2.87504 13.772727 -8.401489 -3.21824 0.347732 -34.211544 0.771656 -0.963028 -17.73337 2.621021 -1e-06 -2e-06 -2e-06 -17.346416 -20.095213 -4.201783 21.757555 -1.638375 3.866429 0.0 -6.338824 1e-06 -1.697591 -22.591743 -6.194004 -1e-06 -2e-06 -2e-06 33.800453 -81.168831 163.801788 59.237816 -59.805138 -20.68745 27.644264 -0.576003 0.034955 -7.121294 3.65063 3.811681 22.182112 -20.375887 49.933304 -16.701809 -16.743528 28.476522 -4e-06 -12.690601 -0.0 16.276283 -17.317278 2.580123 -0.105918 -1.513855 -4.275882 -5.03904 -5.61287 -2.953554 3e-06 -11.02052 -4e-06 -6.111298 -15.895328 -3.840468 0.0 1e-06 1e-06 -10.283369 -5.680289 -4.341836 11.028294 -11.302402 -2.372633 -1.384271 -14.23858 -6.320122 -0.625438 -26.924187 -3.827601 -4.015489 -49.676067 -3.626904 -13.708524 -7.363477 -3.720941 18.141146 -14.052736 -3.242673 4e-06 -18.787266 -2e-06 -0.429711 -8.456044 2.555501 -0.0 0.0 -0.0 -15.923536 -20.094482 -5.473586 30.419207 -7.190824 1.735927 2e-06 -8.162922 -2e-06 -1.861901 -22.861465 -6.167942 -0.0 -4e-06 -0.0 -175.369324 -1.867007 -10.506369 8.788257 -0.007794 0.101364 -78.592987 -1.066059 -4.255771 -5.394541 1.572064 2.136994 -0.999999 -0.0 -0.0 1.647941 -2.330013 -12.102751 14.645116 0.078637 0.033145 -81.341064 -3.387294 -4.226887 -5.70945 0.546503 1.641796 -1.000002 -1e-06 0.0 
0.0 0.0 0.0 0.0 -0.0 0.0 -1.723516 99.965218 -0.681246 90.624084 3.711386 87.558548 -2.840697 -0.664934 0.06393 -12.104786 -0.685485 0.708851 21.784561 0.219674 -1.701945 23.447792 0.169139 2.341639 -2.574828 -0.479677 -3.399376 -37.397888 -1.348555 -4.305595 6e-06 0.0 -0.0 0.086027 0.027031 -0.018817 0.18331 0.01111 -0.017746 0.172849 0.040227 -0.018609 -86.730797 -76.616791 101.68576 52.282364 -62.39143 -7.434248 39.941063 0.312033 0.324407 -5.965603 9.470928 -9.035563 17.636633 -26.322733 52.41119 -19.46666 -14.395598 29.410389 -1e-06 -8.774822 -4e-06 15.102756 -17.853142 6.508713 -0.609775 -1.795654 -3.889326 -4.807091 -11.046812 -2.937852 5e-06 -20.976019 0.0 -5.01997 -25.033558 -4.031879 7e-06 2e-06 -0.0 -10.634537 -5.68697 -3.565586 10.573274 -17.922951 -3.113901 3e-06 -13.821211 -1e-06 -0.501778 -31.181505 -4.027013 -11.743444 -58.884468 7.595289 -13.982718 -7.1502 -2.87504 13.772731 -8.401493 -3.218241 0.347734 -34.211555 0.771652 -0.96303 -17.733372 2.62102 -0.0 0.0 0.0 -17.346422 -20.095219 -4.201782 21.757563 -1.638376 3.866429 2e-06 -6.338822 -0.0 -1.69759 -22.591742 -6.194007 -2e-06 -4e-06 -3e-06 32.333229 -80.572433 165.524384 57.481201 -60.478382 -21.683378 23.884178 -0.438861 0.026193 -6.634164 4.609899 3.680945 22.182114 -20.375895 49.933327 -16.701815 -16.743528 28.476534 -3e-06 -12.690603 -0.0 16.337629 -17.393585 2.555664 -0.105918 -1.513855 -4.275883 -5.039041 -5.612871 -2.953556 5e-06 -11.020523 -2e-06 -6.111297 -15.895334 -3.840473 -0.0 0.0 -1e-06 -10.283369 -5.680288 -4.341837 11.028295 -11.302406 -2.372634 -1.384268 -14.238583 -6.320121 -0.625435 -26.924194 -3.827603 -3.912401 -49.634922 -3.681668 -13.708525 -7.363476 -3.720937 18.14115 -14.052739 -3.242676 7e-06 -18.78727 -1e-06 -0.429711 -8.456045 2.555502 -1e-06 2e-06 1e-06 -15.923536 -20.094486 -5.473586 30.419222 -7.190827 1.735925 4e-06 -8.162928 -1e-06 -1.861903 -22.861469 -6.167946 1e-06 -5e-06 -1e-06 -175.220551 -2.078364 -10.838019 8.760494 -0.018541 0.111963 -78.637741 -1.357612 -4.337608 -5.442883 1.6205 2.146676 -0.999999 0.0 -0.0 1.64894 -2.126806 -11.860629 14.578839 0.081793 0.042415 -81.3144 -3.160795 -4.021299 -5.758436 0.5543 1.644192 -1.000002 0.0 0.0 
0.0 0.0 0.0 0.0 -0.0 0.0 -1.857771 99.965881 -0.647988 90.510048 3.662858 87.029022 -2.803816 -0.630996 0.031768 -12.089396 -0.702653 0.693936 21.776024 0.198791 -1.714306 23.130297 0.327657 2.372988 -2.572553 -0.485582 -3.517007 -37.516857 -1.343726 -4.457942 7e-06 0.0 1e-06 0.075048 0.025122 -0.027475 0.206219 0.013048 -0.022818 0.192056 0.03523 -0.030758 -88.272133 -76.36837 103.60218 51.374863 -62.969296 -5.985986 37.6707 0.452948 0.372363 -5.125919 9.962798 -6.665706 17.636621 -26.322723 52.411182 -19.466652 -14.395594 29.410381 -1e-06 -8.774819 -4e-06 15.128659 -17.949177 6.504673 -0.609775 -1.795652 -3.889326 -4.807087 -11.046807 -2.93785 6e-06 -20.976011 -2e-06 -5.019971 -25.033546 -4.031877 7e-06 1e-06 -0.0 -10.634533 -5.686969 -3.565585 10.573271 -17.922945 -3.113899 3e-06 -13.821203 0.0 -0.501777 -31.181488 -4.027013 -11.645353 -58.904892 7.557522 -13.982712 -7.150196 -2.875041 13.772726 -8.401489 -3.21824 0.347736 -34.21154 0.771653 -0.963029 -17.733366 2.621022 0.0 1e-06 0.0 -17.346415 -20.095207 -4.201779 21.757555 -1.638376 3.866429 2e-06 -6.338821 1e-06 -1.697587 -22.591734 -6.194004 -1e-06 -4e-06 -3e-06 31.154945 -80.069931 166.926208 55.724564 -61.08786 -22.599279 20.808441 -0.24841 0.033748 -6.464301 5.193231 3.329947 22.18211 -20.375891 49.933315 -16.701811 -16.743528 28.47653 -3e-06 -12.6906 -2e-06 16.391003 -17.52919 2.539409 -0.105919 -1.513856 -4.27588 -5.039041 -5.612872 -2.953556 4e-06 -11.020523 -2e-06 -6.111298 -15.89533 -3.840469 0.0 1e-06 -1e-06 -10.283369 -5.680288 -4.341838 11.028294 -11.302405 -2.372633 -1.384269 -14.238581 -6.320121 -0.625437 -26.924191 -3.827603 -3.773704 -49.645977 -3.782525 -13.708522 -7.363476 -3.720939 18.141148 -14.052739 -3.242674 6e-06 -18.787271 -3e-06 -0.429713 -8.456043 2.555504 -0.0 1e-06 0.0 -15.923532 -20.094482 -5.473583 30.41921 -7.190826 1.735924 4e-06 -8.162927 0.0 -1.861902 -22.861467 -6.167943 0.0 -3e-06 -1e-06 -175.128143 -2.215321 -11.096374 8.735783 -0.026208 0.122318 -78.696068 -1.657986 -4.371645 -5.527333 1.659633 2.156265 -0.999999 1e-06 0.0 1.597109 -1.942286 -11.658355 14.492743 0.088591 0.04068 -81.265678 -2.942986 -3.869366 -5.845028 0.557475 1.641758 -1.000002 2e-06 -0.0 
0.0 0.0 0.0 0.0 -0.0 0.0 -1.963696 99.972137 -0.632843 90.416252 3.580037 86.585518 -2.740492 -0.577707 -0.006577 -12.084001 -0.708554 0.65774 21.703276 0.139522 -1.740798 22.882191 0.472461 2.384345 -2.572029 -0.509152 -3.600063 -37.622887 -1.339451 -4.555671 6e-06 0.0 -0.0 0.062355 0.023779 -0.035786 0.227506 0.015383 -0.027368 0.209326 0.03094 -0.043733 -89.432587 -76.13942 105.069008 50.183319 -63.49807 -4.356637 35.745274 0.613504 0.404485 -4.605675 10.111057 -4.594992 17.636631 -26.322733 52.411194 -19.466656 -14.395597 29.410381 -1e-06 -8.774821 -6e-06 15.203209 -17.986324 6.46174 -0.609779 -1.795654 -3.889328 -4.807089 -11.046809 -2.93785 4e-06 -20.976017 1e-06 -5.019971 -25.033556 -4.031878 6e-06 4e-06 -0.0 -10.634535 -5.686968 -3.565589 10.573272 -17.922949 -3.113898 4e-06 -13.821209 1e-06 -0.501781 -31.181498 -4.027012 -11.577176 -59.007965 7.575153 -13.982714 -7.150196 -2.875041 13.772729 -8.40149 -3.21824 0.347732 -34.211552 0.771656 -0.963029 -17.733372 2.621023 -1e-06 0.0 -0.0 -17.346422 -20.095215 -4.201781 21.757557 -1.638375 3.866429 2e-06 -6.338824 1e-06 -1.697587 -22.591742 -6.194007 -1e-06 -3e-06 -1e-06 30.592861 -79.699181 167.734375 54.059666 -61.619644 -23.133966 18.640779 -0.022798 0.051488 -6.716074 5.468189 2.920855 22.182116 -20.3759 49.933323 -16.701813 -16.74353 28.476532 -3e-06 -12.690602 2e-06 16.415739 -17.677143 2.540995 -0.105919 -1.513857 -4.275882 -5.039042 -5.612871 -2.953556 3e-06 -11.020525 -1e-06 -6.1113 -15.895336 -3.840471 0.0 -0.0 0.0 -10.283371 -5.680289 -4.341838 11.028294 -11.302404 -2.372633 -1.38427 -14.238579 -6.320121 -0.62544 -26.924187 -3.827602 -3.647879 -49.706589 -3.899136 -13.708526 -7.363476 -3.720939 18.141148 -14.052739 -3.242673 5e-06 -18.78727 -2e-06 -0.429713 -8.456041 2.555504 0.0 -0.0 2e-06 -15.923539 -20.094484 -5.473583 30.419218 -7.190823 1.735924 4e-06 -8.162927 -0.0 -1.861904 -22.861469 -6.167942 0.0 -4e-06 -2e-06 -175.109451 -2.3512 -11.25967 8.682414 -0.026536 0.13616 -78.695862 -1.958057 -4.44905 -5.609191 1.680751 2.16238 -0.999999 0.0 0.0 1.515803 -1.794059 -11.531005 14.393056 0.097259 0.03819 -81.198952 -2.707585 -3.762906 -5.886403 0.552347 1.637389 -1.000001 -0.0 -0.0 
0.0 0.0 0.0 0.0 -0.0 0.0 -2.047265 99.976418 -0.622643 90.366386 3.504745 86.23642 -2.665544 -0.541657 -0.048381 -12.076641 -0.692649 0.609431 21.599157 0.054823 -1.759302 22.722445 0.546431 2.353748 -2.570724 -0.547479 -3.632942 -37.69791 -1.315797 -4.677617 6e-06 0.0 0.0 0.051574 0.024616 -0.035682 0.242364 0.017338 -0.026666 0.223947 0.030891 -0.046011 -90.414391 -75.955551 106.243385 48.564579 -63.97641 -2.659184 34.410606 0.704389 0.422534 -4.336211 9.906167 -2.894686 17.636627 -26.322729 52.411194 -19.46666 -14.395596 29.410393 -0.0 -8.774821 -4e-06 15.289131 -17.970293 6.401236 -0.609775 -1.795653 -3.889328 -4.807089 -11.046809 -2.937849 4e-06 -20.976015 -1e-06 -5.019969 -25.033556 -4.031879 5e-06 1e-06 0.0 -10.634535 -5.686972 -3.565588 10.573272 -17.922947 -3.113901 3e-06 -13.821205 -2e-06 -0.501778 -31.181501 -4.027017 -11.603991 -59.175838 7.667377 -13.982712 -7.150198 -2.875044 13.772727 -8.401491 -3.218244 0.347733 -34.211555 0.771656 -0.963029 -17.73337 2.621024 -1e-06 -0.0 -0.0 -17.346416 -20.095213 -4.201785 21.757555 -1.638375 3.866428 3e-06 -6.338821 1e-06 -1.697589 -22.591738 -6.194006 -1e-06 -5e-06 -3e-06 30.614237 -79.43795 167.931168 52.407688 -62.061245 -22.807392 17.459419 0.231799 0.068828 -7.214653 5.479168 2.472373 22.182116 -20.375898 49.933327 -16.701815 -16.743525 28.476536 -3e-06 -12.6906 -1e-06 16.425108 -17.793428 2.546991 -0.10592 -1.513855 -4.275883 -5.03904 -5.612872 -2.953555 4e-06 -11.020525 -3e-06 -6.111296 -15.895334 -3.840471 1e-06 2e-06 1e-06 -10.28337 -5.680288 -4.341839 11.028294 -11.302406 -2.372632 -1.384267 -14.238581 -6.320122 -0.625436 -26.924191 -3.827602 -3.531823 -49.750793 -4.039618 -13.708523 -7.363475 -3.720942 18.14115 -14.052739 -3.242675 7e-06 -18.78727 -2e-06 -0.429711 -8.456041 2.555502 -0.0 1e-06 -0.0 -15.923532 -20.094482 -5.473587 30.41921 -7.190827 1.735928 3e-06 -8.162925 -0.0 -1.861901 -22.861469 -6.167941 -0.0 -3e-06 -1e-06 -175.086609 -2.424999 -11.322686 8.595002 -0.018941 0.136045 -78.671638 -2.233816 -4.529133 -5.659198 1.688904 2.167871 -1.000001 0.0 0.0 1.412838 -1.712548 -11.507959 14.373075 0.094897 0.051046 -81.171814 -2.49263 -3.634818 -5.86287 0.54511 1.634601 -1.000002 -1e-06 -0.0 
0.0 0.0 0.0 0.0 -0.0 0.0 -2.133986 99.977997 -0.606935 90.347534 3.420406 85.994217 -2.634399 -0.515678 -0.085372 -12.055101 -0.675258 0.563602 21.524462 -0.006877 -1.774114 22.611969 0.566102 2.291351 -2.590632 -0.577601 -3.580048 -37.689503 -1.323079 -4.77654 6e-06 -0.0 1e-06 0.048155 0.026117 -0.040255 0.256346 0.01468 -0.034975 0.239664 0.036399 -0.048696 -91.253014 -75.779297 107.200981 46.756931 -64.371712 -1.179461 33.614582 0.690069 0.472785 -4.201853 9.633584 -2.042353 17.636631 -26.322733 52.411194 -19.46666 -14.395597 29.410385 -1e-06 -8.774821 -4e-06 15.322268 -17.918604 6.361128 -0.609776 -1.795655 -3.889328 -4.807087 -11.04681 -2.937853 6e-06 -20.976019 -0.0 -5.019969 -25.033556 -4.031881 7e-06 -0.0 1e-06 -10.634532 -5.686971 -3.565591 10.573271 -17.922949 -3.113899 3e-06 -13.821206 -2e-06 -0.501778 -31.181505 -4.027012 -11.662203 -59.259514 7.752408 -13.982714 -7.150198 -2.875043 13.77273 -8.401493 -3.218243 0.347738 -34.211555 0.771651 -0.963028 -17.73337 2.621023 0.0 0.0 1e-06 -17.346416 -20.095217 -4.201782 21.757555 -1.638376 3.866428 4e-06 -6.338823 0.0 -1.697588 -22.591743 -6.194005 -1e-06 -4e-06 -3e-06 30.978271 -79.237366 167.570923 50.544529 -62.478283 -21.432388 16.966816 0.47011 0.077905 -7.548621 5.314742 2.060648 22.182117 -20.375898 49.933327 -16.701813 -16.743528 28.476534 -3e-06 -12.690601 -0.0 16.379335 -17.875391 2.575585 -0.105919 -1.513855 -4.27588 -5.03904 -5.612872 -2.953557 5e-06 -11.020526 -1e-06 -6.111296 -15.895336 -3.84047 0.0 0.0 -0.0 -10.283369 -5.680287 -4.34184 11.028293 -11.302406 -2.372632 -1.384268 -14.238583 -6.320121 -0.625439 -26.924194 -3.827602 -3.420542 -49.722374 -4.180332 -13.708523 -7.363476 -3.72094 18.14115 -14.052739 -3.242675 6e-06 -18.78727 -2e-06 -0.429711 -8.456043 2.555503 0.0 1e-06 0.0 -15.923532 -20.094484 -5.473586 30.41921 -7.190826 1.735924 2e-06 -8.162927 -0.0 -1.861901 -22.861473 -6.167942 -1e-06 -3e-06 -0.0 -175.091125 -2.47891 -11.369083 8.518437 -0.010071 0.113715 -78.638931 -2.507499 -4.583196 -5.65258 1.676014 2.16658 -0.999999 -0.0 -0.0 1.28893 -1.660362 -11.515032 14.411503 0.095883 0.061538 -81.185532 -2.385057 -3.498413 -5.825322 0.553044 1.634112 -1.000001 0.0 -0.0 
