HIERARCHY
ROOT Root
{
  OFFSET 0.0 0.0 0.0
  CHANNELS 6 Xposition Yposition Zposition Zrotation Yrotation Xrotation
  JOINT Hips
  {
    OFFSET 0.0 100.0 0.0
    CHANNELS 6 Xposition Yposition Zposition Zrotation Yrotation Xrotation
    JOINT Spine1
    {
      OFFSET 5.003913 -0.037094 -0.013727
      CHANNELS 3 Zrotation Yrotation Xrotation
      JOINT Spine2
      {
        OFFSET 7.125363 -1e-06 0.0
        CHANNELS 3 Zrotation Yrotation Xrotation
        JOINT Chest
        {
          OFFSET 7.594027 1e-06 0.0
          CHANNELS 3 Zrotation Yrotation Xrotation
          JOINT Neck1
          {
            OFFSET 26.313086 -0.460272 -0.181672
            CHANNELS 3 Zrotation Yrotation Xrotation
            JOINT Neck2
            {
              OFFSET 8.045911 0.0 0.0
              CHANNELS 3 Zrotation Yrotation Xrotation
              JOINT Head
              {
                OFFSET 6.432774 0.0 0.0
                CHANNELS 3 Zrotation Yrotation Xrotation
                JOINT HeadEnd
                {
                  OFFSET 16.169773 0.06451 0.00362
                  CHANNELS 3 Zrotation Yrotation Xrotation
                }
                JOINT Jaw
                {
                  OFFSET 0.108741 3.12938 0.002639
                  CHANNELS 3 Zrotation Yrotation Xrotation
                }
                JOINT LeftEye
                {
                  OFFSET 4.45173 8.166359 3.206392
                  CHANNELS 3 Zrotation Yrotation Xrotation
                }
                JOINT RightEye
                {
                  OFFSET 4.436895 8.135758 -3.222429
                  CHANNELS 3 Zrotation Yrotation Xrotation
                }
              }
            }
          }
          JOINT LeftShoulder
          {
            OFFSET 23.218927 5.195579 1.621656
            CHANNELS 3 Zrotation Yrotation Xrotation
            JOINT LeftArm
            {
              OFFSET 15.902118 2e-06 -2e-06
              CHANNELS 3 Zrotation Yrotation Xrotation
              JOINT LeftForeArm
              {
                OFFSET 28.739307 0.0 -1e-06
                CHANNELS 3 Zrotation Yrotation Xrotation
                JOINT LeftHand
                {
                  OFFSET 27.093981 -4e-06 0.0
                  CHANNELS 3 Zrotation Yrotation Xrotation
                  JOINT LeftHandThumb1
                  {
                    OFFSET 2.276781 3.380274 0.83384
                    CHANNELS 3 Zrotation Yrotation Xrotation
                    JOINT LeftHandThumb2
                    {
                      OFFSET 4.705309 -1e-06 -1e-06
                      CHANNELS 3 Zrotation Yrotation Xrotation
                      JOINT LeftHandThumb3
                      {
                        OFFSET 2.798515 0.0 3e-06
                        CHANNELS 3 Zrotation Yrotation Xrotation
                        JOINT LeftHandThumbEnd
                        {
                          OFFSET 3.180793 4e-06 -4e-06
                          CHANNELS 3 Zrotation Yrotation Xrotation
                        }
                      }
                    }
                  }
                  JOINT LeftHandIndex1
                  {
                    OFFSET 3.247786 2.352677 0.137192
                    CHANNELS 3 Zrotation Yrotation Xrotation
                    JOINT LeftHandIndex2
                    {
                      OFFSET 6.367095 1e-06 0.0
                      CHANNELS 3 Zrotation Yrotation Xrotation
                      JOINT LeftHandIndex3
                      {
                        OFFSET 3.662364 0.0 0.0
                        CHANNELS 3 Zrotation Yrotation Xrotation
                        JOINT LeftHandIndex4
                        {
                          OFFSET 2.329242 4e-06 -4e-06
                          CHANNELS 3 Zrotation Yrotation Xrotation
                          JOINT LeftHandIndexEnd
                          {
                            OFFSET 2.767823 1e-06 0.0
                            CHANNELS 3 Zrotation Yrotation Xrotation
                          }
                        }
                      }
                    }
                  }
                  JOINT LeftHandMiddle1
                  {
                    OFFSET 3.163612 0.945023 -0.406112
                    CHANNELS 3 Zrotation Yrotation Xrotation
                    JOINT LeftHandMiddle2
                    {
                      OFFSET 6.276789 3e-06 0.0
                      CHANNELS 3 Zrotation Yrotation Xrotation
                      JOINT LeftHandMiddle3
                      {
                        OFFSET 4.35652 -1e-06 4e-06
                        CHANNELS 3 Zrotation Yrotation Xrotation
                        JOINT LeftHandMiddle4
                        {
                          OFFSET 2.996877 0.0 8e-06
                          CHANNELS 3 Zrotation Yrotation Xrotation
                          JOINT LeftHandMiddleEnd
                          {
                            OFFSET 2.323256 3e-06 -4e-06
                            CHANNELS 3 Zrotation Yrotation Xrotation
                          }
                        }
                      }
                    }
                  }
                  JOINT LeftHandRing1
                  {
                    OFFSET 2.882606 -0.309162 0.107445
                    CHANNELS 3 Zrotation Yrotation Xrotation
                    JOINT LeftHandRing2
                    {
                      OFFSET 6.033198 0.0 4e-06
                      CHANNELS 3 Zrotation Yrotation Xrotation
                      JOINT LeftHandRing3
                      {
                        OFFSET 4.350578 3e-06 0.0
                        CHANNELS 3 Zrotation Yrotation Xrotation
                        JOINT LeftHandRing4
                        {
                          OFFSET 2.651321 2e-06 -7e-06
                          CHANNELS 3 Zrotation Yrotation Xrotation
                          JOINT LeftHandRingEnd
                          {
                            OFFSET 1.937663 1e-06 -4e-06
                            CHANNELS 3 Zrotation Yrotation Xrotation
                          }
                        }
                      }
                    }
                  }
                  JOINT LeftHandPinky1
                  {
                    OFFSET 2.865315 -1.525436 0.575687
                    CHANNELS 3 Zrotation Yrotation Xrotation
                    JOINT LeftHandPinky2
                    {
                      OFFSET 5.54936 1e-06 -8e-06
                      CHANNELS 3 Zrotation Yrotation Xrotation
                      JOINT LeftHandPinky3
                      {
                        OFFSET 3.070974 0.0 -4e-06
                        CHANNELS 3 Zrotation Yrotation Xrotation
                        JOINT LeftHandPinky4
                        {
                          OFFSET 1.549672 1e-06 0.0
                          CHANNELS 3 Zrotation Yrotation Xrotation
                          JOINT LeftHandPinkyEnd
                          {
                            OFFSET 1.952123 0.0 0.0
                            CHANNELS 3 Zrotation Yrotation Xrotation
                          }
                        }
                      }
                    }
                  }
                }
              }
            }
          }
          JOINT RightShoulder
          {
            OFFSET 23.161716 5.296122 -1.380114
            CHANNELS 3 Zrotation Yrotation Xrotation
            JOINT RightArm
            {
              OFFSET -16.027195 -2e-06 1.1e-05
              CHANNELS 3 Zrotation Yrotation Xrotation
              JOINT RightForeArm
              {
                OFFSET -28.736639 4e-06 2e-06
                CHANNELS 3 Zrotation Yrotation Xrotation
                JOINT RightHand
                {
                  OFFSET -27.133619 6e-06 0.0
                  CHANNELS 3 Zrotation Yrotation Xrotation
                  JOINT RightHandThumb1
                  {
                    OFFSET -2.274328 -3.351035 -0.83067
                    CHANNELS 3 Zrotation Yrotation Xrotation
                    JOINT RightHandThumb2
                    {
                      OFFSET -4.703594 -3e-06 2e-06
                      CHANNELS 3 Zrotation Yrotation Xrotation
                      JOINT RightHandThumb3
                      {
                        OFFSET -2.794935 -4e-06 -3e-06
                        CHANNELS 3 Zrotation Yrotation Xrotation
                        JOINT RightHandThumbEnd
                        {
                          OFFSET -3.183852 4e-06 1e-06
                          CHANNELS 3 Zrotation Yrotation Xrotation
                        }
                      }
                    }
                  }
                  JOINT RightHandIndex1
                  {
                    OFFSET -3.253496 -2.33755 -0.127667
                    CHANNELS 3 Zrotation Yrotation Xrotation
                    JOINT RightHandIndex2
                    {
                      OFFSET -6.344434 0.0 0.0
                      CHANNELS 3 Zrotation Yrotation Xrotation
                      JOINT RightHandIndex3
                      {
                        OFFSET -3.654871 0.0 -8e-06
                        CHANNELS 3 Zrotation Yrotation Xrotation
                        JOINT RightHandIndex4
                        {
                          OFFSET -2.327586 -1e-06 0.0
                          CHANNELS 3 Zrotation Yrotation Xrotation
                          JOINT RightHandIndexEnd
                          {
                            OFFSET -2.770001 3e-06 8e-06
                            CHANNELS 3 Zrotation Yrotation Xrotation
                          }
                        }
                      }
                    }
                  }
                  JOINT RightHandMiddle1
                  {
                    OFFSET -3.168223 -0.944764 0.411762
                    CHANNELS 3 Zrotation Yrotation Xrotation
                    JOINT RightHandMiddle2
                    {
                      OFFSET -6.266691 -1e-06 -4e-06
                      CHANNELS 3 Zrotation Yrotation Xrotation
                      JOINT RightHandMiddle3
                      {
                        OFFSET -4.348901 0.0 0.0
                        CHANNELS 3 Zrotation Yrotation Xrotation
                        JOINT RightHandMiddle4
                        {
                          OFFSET -3.00024 2e-06 -4e-06
                          CHANNELS 3 Zrotation Yrotation Xrotation
                          JOINT RightHandMiddleEnd
                          {
                            OFFSET -2.321477 -4e-06 -4e-06
                            CHANNELS 3 Zrotation Yrotation Xrotation
                          }
                        }
                      }
                    }
                  }
                  JOINT RightHandRing1
                  {
                    OFFSET -2.885654 0.293261 -0.119232
                    CHANNELS 3 Zrotation Yrotation Xrotation
                    JOINT RightHandRing2
                    {
                      OFFSET -6.032835 -1e-06 -4e-06
                      CHANNELS 3 Zrotation Yrotation Xrotation
                      JOINT RightHandRing3
                      {
                        OFFSET -4.33881 0.0 -4e-06
                        CHANNELS 3 Zrotation Yrotation Xrotation
                        JOINT RightHandRing4
                        {
                          OFFSET -2.654903 -4e-06 -4e-06
                          CHANNELS 3 Zrotation Yrotation Xrotation
                          JOINT RightHandRingEnd
                          {
                            OFFSET -1.935122 0.0 4e-06
                            CHANNELS 3 Zrotation Yrotation Xrotation
                          }
                        }
                      }
                    }
                  }
                  JOINT RightHandPinky1
                  {
                    OFFSET -2.866241 1.503904 -0.60527
                    CHANNELS 3 Zrotation Yrotation Xrotation
                    JOINT RightHandPinky2
                    {
                      OFFSET -5.553177 -2e-06 0.0
                      CHANNELS 3 Zrotation Yrotation Xrotation
                      JOINT RightHandPinky3
                      {
                        OFFSET -3.062664 -1e-06 -4e-06
                        CHANNELS 3 Zrotation Yrotation Xrotation
                        JOINT RightHandPinky4
                        {
                          OFFSET -1.546529 2e-06 4e-06
                          CHANNELS 3 Zrotation Yrotation Xrotation
                          JOINT RightHandPinkyEnd
                          {
                            OFFSET -1.952341 0.0 -4e-06
                            CHANNELS 3 Zrotation Yrotation Xrotation
                          }
                        }
                      }
                    }
                  }
                }
              }
            }
          }
        }
      }
    }
    JOINT LeftLeg
    {
      OFFSET -8.443107 2.567604 10.043214
      CHANNELS 3 Zrotation Yrotation Xrotation
      JOINT LeftShin
      {
        OFFSET 43.229198 1e-06 -1e-06
        CHANNELS 3 Zrotation Yrotation Xrotation
        JOINT LeftFoot
        {
          OFFSET 42.298611 1e-06 1e-06
          CHANNELS 3 Zrotation Yrotation Xrotation
          JOINT LeftToeBase
          {
            OFFSET 14.165858 1e-06 0.0
            CHANNELS 3 Zrotation Yrotation Xrotation
            JOINT LeftToeEnd
            {
              OFFSET 6.7141 -0.234461 0.0
              CHANNELS 3 Zrotation Yrotation Xrotation
            }
          }
        }
      }
    }
    JOINT RightLeg
    {
      OFFSET -8.303923 2.592729 -10.047278
      CHANNELS 3 Zrotation Yrotation Xrotation
      JOINT RightShin
      {
        OFFSET -43.369682 0.0 1e-06
        CHANNELS 3 Zrotation Yrotation Xrotation
        JOINT RightFoot
        {
          OFFSET -42.260784 4e-06 2e-06
          CHANNELS 3 Zrotation Yrotation Xrotation
          JOINT RightToeBase
          {
            OFFSET -14.222245 -2e-06 -1e-06
            CHANNELS 3 Zrotation Yrotation Xrotation
            JOINT RightToeEnd
            {
              OFFSET -6.660062 0.232574 -2e-06
              CHANNELS 3 Zrotation Yrotation Xrotation
            }
          }
        }
      }
    }
  }
}
MOTION
Frames: 270
Frame Time: 0.03333333333333333
0.0 0.0 0.0 0.0 -0.0 0.0 -1.737765 96.111603 2.080198 87.354195 -7.158553 89.717224 6.933884 -0.233191 0.097797 -8.890634 -0.518942 0.446372 20.143847 1.3412 -1.152159 26.395994 10.248979 3.335441 -2.612267 -0.482867 -7.036283 -27.977007 0.866814 -9.029302 7e-06 -0.0 -0.0 -0.084979 0.056079 -0.138477 0.003411 0.111378 -0.16586 -0.038459 0.014664 -0.130825 -74.193497 -74.65667 92.375854 9.200285 -69.451698 18.443438 77.068359 0.405436 1.096685 7.829227 6.232947 9.786416 17.636629 -26.322731 52.411201 -19.466663 -14.395598 29.410395 0.0 -8.774823 -0.0 15.050366 -18.470922 6.37419 -0.609771 -1.795652 -3.889328 -4.807091 -11.046813 -2.937852 5e-06 -20.976015 -4e-06 -5.019969 -25.033558 -4.031883 8e-06 -2e-06 1e-06 -10.634535 -5.686971 -3.565587 10.573277 -17.922953 -3.113902 2e-06 -13.821211 -0.0 -0.501778 -31.181511 -4.02702 -11.441118 -59.78289 7.700735 -13.982714 -7.150199 -2.875043 13.772733 -8.401495 -3.218242 0.347731 -34.211555 0.771654 -0.963028 -17.733372 2.621021 -1e-06 -0.0 -1e-06 -17.346418 -20.095221 -4.20178 21.757561 -1.638376 3.866428 1e-06 -6.338824 0.0 -1.697587 -22.591745 -6.19401 -2e-06 -2e-06 -2e-06 126.842583 -85.289688 69.856529 43.699928 -57.84169 -15.984151 65.082253 0.479643 0.440427 20.3661 18.16625 1.337159 22.182117 -20.375904 49.933331 -16.701815 -16.74353 28.476538 -3e-06 -12.690603 -2e-06 14.888039 -17.439892 3.221226 -0.105921 -1.513857 -4.275882 -5.039041 -5.612872 -2.953557 3e-06 -11.020527 -3e-06 -6.111301 -15.895336 -3.840469 0.0 -1e-06 -1e-06 -10.283373 -5.68029 -4.341838 11.028297 -11.302406 -2.372633 -1.384268 -14.238585 -6.320121 -0.625439 -26.924192 -3.827605 -4.630719 -48.896862 -3.176442 -13.708527 -7.363477 -3.720941 18.141148 -14.052745 -3.242674 5e-06 -18.787266 -2e-06 -0.429711 -8.456047 2.555504 -0.0 -1e-06 -1e-06 -15.923536 -20.094484 -5.473587 30.419218 -7.190828 1.735926 1e-06 -8.162928 -0.0 -1.861901 -22.861473 -6.167942 -0.0 -5e-06 -0.0 170.686829 -12.340048 -11.279243 45.01215 -0.595185 0.434461 -76.824913 -8.750251 -21.113434 -20.961334 2.078681 1.988374 -1.0 1e-06 -0.0 -16.069588 -9.045347 -9.973205 31.80315 0.014994 -0.100681 -82.599045 -22.901596 -15.329796 -7.019766 0.300311 1.590379 -1.000001 1e-06 -0.0 
0.0 0.0 0.0 0.0 -0.0 0.0 -1.03054 94.608948 2.757149 87.200699 -7.487538 90.482437 7.489812 -0.533071 0.052823 -8.524835 -0.586072 0.312987 20.573774 1.04042 -1.35408 25.95672 10.089598 3.442275 -2.601378 -0.573461 -6.524004 -29.215458 1.597269 -9.414199 6e-06 0.0 -1e-06 -0.074614 0.013523 -0.066265 0.001082 0.082244 -0.085861 -0.04029 -0.043098 -0.065333 -76.450363 -76.13253 95.033966 18.527941 -67.351593 8.76712 76.58532 0.028372 0.633215 8.032376 5.691625 10.526907 17.636639 -26.322737 52.411201 -19.466661 -14.395596 29.410389 0.0 -8.774822 -1e-06 15.013783 -18.604321 6.282251 -0.609776 -1.795654 -3.88933 -4.807092 -11.046814 -2.93785 1e-06 -20.976019 -1e-06 -5.019974 -25.03356 -4.031881 5e-06 -1e-06 2e-06 -10.634537 -5.686974 -3.565588 10.573275 -17.922951 -3.1139 1e-06 -13.821211 -1e-06 -0.501779 -31.181511 -4.027017 -11.535131 -59.43927 7.481774 -13.982718 -7.150199 -2.875044 13.772731 -8.401493 -3.218241 0.34773 -34.211555 0.771655 -0.963029 -17.73337 2.621019 -1e-06 0.0 -1e-06 -17.346422 -20.095222 -4.201782 21.757561 -1.638374 3.866429 1e-06 -6.338825 1e-06 -1.697593 -22.591749 -6.194006 -1e-06 -3e-06 -2e-06 108.917343 -85.410896 88.382095 44.880611 -58.315037 -16.500158 60.415058 0.548936 0.67729 20.942263 18.793753 1.312797 22.182119 -20.375893 49.933308 -16.701809 -16.74353 28.476528 -2e-06 -12.6906 0.0 15.122771 -17.421679 3.067948 -0.105921 -1.513856 -4.27588 -5.039043 -5.612873 -2.953556 5e-06 -11.020523 -2e-06 -6.111297 -15.895334 -3.840468 -2e-06 0.0 1e-06 -10.28337 -5.680288 -4.341838 11.028296 -11.302405 -2.372633 -1.384268 -14.238579 -6.32012 -0.625441 -26.924183 -3.8276 -4.648133 -48.912739 -3.174538 -13.708526 -7.363477 -3.720938 18.141148 -14.052741 -3.242672 6e-06 -18.787268 -4e-06 -0.429713 -8.456045 2.555502 2e-06 1e-06 -1e-06 -15.923536 -20.094482 -5.473583 30.41921 -7.190825 1.735925 3e-06 -8.162925 -1e-06 -1.861903 -22.861473 -6.167941 1e-06 -3e-06 -1e-06 169.382004 -12.019691 -10.073695 47.858837 -0.633812 0.52003 -82.394714 -9.455172 -21.390839 -21.363123 2.106304 1.979949 -0.999999 2e-06 -0.0 -19.411812 -9.144333 -7.705722 37.777264 -0.08451 -0.003939 -82.571487 -26.036253 -15.625181 -7.487332 0.379237 1.630098 -1.000002 3e-06 0.0 
0.0 0.0 0.0 0.0 -0.0 0.0 -0.148121 92.734917 3.804856 87.271729 -7.327951 91.513611 8.39584 -0.959312 -0.058013 -8.049697 -0.657147 0.035574 21.513872 0.702361 -1.684502 25.154305 9.892649 3.517091 -2.649698 -0.478603 -6.095384 -30.676823 2.355107 -9.344564 6e-06 -0.0 -0.0 -0.090218 0.007354 -0.050573 0.008953 0.069756 -0.050237 -0.037588 -0.044323 -0.06653 -80.801949 -78.227242 99.692345 27.893736 -63.356834 -0.931013 75.697098 -0.209039 0.300616 7.895358 4.875041 10.134599 17.636629 -26.322727 52.411182 -19.466654 -14.395596 29.410378 -0.0 -8.774822 0.0 15.09728 -18.789921 6.114488 -0.609777 -1.795653 -3.889326 -4.807088 -11.046809 -2.937848 3e-06 -20.976011 2e-06 -5.019973 -25.033556 -4.031878 6e-06 0.0 1e-06 -10.634529 -5.686967 -3.565587 10.573272 -17.922947 -3.113897 2e-06 -13.821205 1e-06 -0.50178 -31.181498 -4.027014 -11.684592 -59.349838 7.23701 -13.982708 -7.150194 -2.87504 13.772727 -8.401489 -3.218241 0.34773 -34.21154 0.771659 -0.963031 -17.733366 2.621019 -1e-06 0.0 -1e-06 -17.346416 -20.095213 -4.20178 21.757555 -1.638376 3.866427 -0.0 -6.338821 0.0 -1.697587 -22.591736 -6.194007 -1e-06 -2e-06 -1e-06 86.448242 -85.034775 111.659538 45.722248 -58.733418 -17.691547 55.007832 0.318675 0.811092 21.65564 19.914013 0.250984 22.18211 -20.375896 49.933319 -16.701809 -16.743528 28.476526 -4e-06 -12.690599 0.0 15.298867 -17.440952 2.897139 -0.105919 -1.513856 -4.275881 -5.039039 -5.612871 -2.953557 3e-06 -11.020525 -2e-06 -6.111295 -15.89533 -3.840471 0.0 1e-06 0.0 -10.283369 -5.680288 -4.341839 11.028294 -11.302404 -2.372633 -1.384268 -14.238579 -6.32012 -0.625439 -26.924187 -3.827599 -4.598321 -48.927586 -3.205644 -13.708525 -7.363475 -3.720938 18.141148 -14.052739 -3.242675 7e-06 -18.78727 -2e-06 -0.429714 -8.456041 2.555506 2e-06 1e-06 0.0 -15.923532 -20.094482 -5.473586 30.419205 -7.190828 1.735927 3e-06 -8.162925 -1e-06 -1.861903 -22.861469 -6.167941 0.0 -3e-06 -1e-06 168.616592 -11.40274 -8.932573 51.415417 -0.721271 0.595607 -87.84211 -9.721595 -21.197405 -21.481838 2.154417 2.003076 -1.0 -1e-06 -0.0 -24.605373 -9.233912 -4.988098 47.569622 -0.145095 0.000628 -80.719307 -30.636503 -14.868929 -8.060029 0.440367 1.672571 -1.000002 1e-06 1e-06 
0.0 0.0 0.0 0.0 -0.0 0.0 0.427803 90.681549 4.812609 87.311974 -6.476544 92.527962 9.552273 -1.353671 -0.195534 -7.418207 -0.77327 -0.272773 23.009043 0.471894 -2.070024 24.184132 9.818093 3.532282 -2.715463 -0.420286 -5.332708 -32.167206 3.246915 -9.106264 8e-06 -0.0 0.0 -0.096752 0.011344 -0.05085 0.038287 0.076966 -0.029877 -0.003018 -0.045028 -0.085787 -88.636986 -80.558975 107.561302 35.157158 -57.392483 -8.259189 73.906174 -0.341487 0.088638 7.434613 3.457062 8.232202 17.636625 -26.322737 52.411201 -19.466665 -14.3956 29.410395 -0.0 -8.774824 1e-06 15.324181 -18.870867 6.004674 -0.609774 -1.795654 -3.889326 -4.807088 -11.046813 -2.937851 2e-06 -20.976019 1e-06 -5.019971 -25.03356 -4.031879 7e-06 -2e-06 -1e-06 -10.634537 -5.686973 -3.565586 10.573275 -17.922951 -3.1139 2e-06 -13.82121 2e-06 -0.501775 -31.181511 -4.02702 -11.749584 -59.52475 7.166548 -13.982714 -7.150198 -2.875039 13.772729 -8.401492 -3.218243 0.347729 -34.211555 0.771657 -0.963031 -17.73337 2.621022 -0.0 0.0 -2e-06 -17.346418 -20.095219 -4.201783 21.757561 -1.638377 3.866425 2e-06 -6.338823 1e-06 -1.69759 -22.591743 -6.194004 -0.0 -6e-06 -3e-06 64.189774 -83.642853 134.943787 45.945911 -59.017048 -19.628229 48.619865 0.002602 0.796825 22.469137 21.181458 -1.960543 22.182116 -20.375895 49.933327 -16.70182 -16.74353 28.476536 -4e-06 -12.690604 -1e-06 15.711488 -17.622105 2.744058 -0.105922 -1.513857 -4.275881 -5.039042 -5.612873 -2.953557 5e-06 -11.020527 -2e-06 -6.111297 -15.895334 -3.840473 -0.0 0.0 -1e-06 -10.283374 -5.680291 -4.341838 11.028295 -11.302406 -2.372632 -1.384267 -14.23858 -6.320121 -0.625433 -26.924191 -3.827605 -4.476665 -49.18763 -3.152782 -13.708527 -7.363477 -3.720938 18.141151 -14.052739 -3.242675 1.2e-05 -18.78727 -4e-06 -0.429712 -8.45604 2.555504 -0.0 -2e-06 0.0 -15.923539 -20.094486 -5.473584 30.41921 -7.190827 1.735925 5e-06 -8.162929 -1e-06 -1.861902 -22.861469 -6.167941 0.0 -3e-06 -1e-06 168.352142 -11.259277 -8.035448 55.816219 -0.870033 0.695041 -92.096848 -8.942972 -21.053057 -21.739973 2.183822 2.011774 -0.999999 -0.0 0.0 -31.042875 -8.500648 -2.229309 60.030029 -0.229917 -0.010658 -75.896698 -36.012646 -12.453397 -8.878419 0.496523 1.723893 -1.000001 -0.0 1e-06 
0.0 0.0 0.0 0.0 -0.0 0.0 0.844527 88.529213 6.083985 87.484192 -5.177352 93.821854 10.842604 -1.795753 -0.345836 -6.797981 -0.991862 -0.760408 24.708654 0.330716 -2.543506 23.581766 10.251585 3.490521 -2.76952 -0.426577 -4.219338 -33.458447 4.289462 -8.754986 5e-06 -0.0 -1e-06 -0.088145 0.006349 -0.042559 0.072939 0.072522 -0.012345 0.04761 -0.051938 -0.084466 -96.328148 -82.959259 114.902336 40.781967 -50.621914 -13.667 70.966103 -0.444929 -0.030893 6.693113 1.662444 4.39647 17.636631 -26.322733 52.411194 -19.466654 -14.395594 29.410385 0.0 -8.774823 -2e-06 15.650111 -19.029976 6.03645 -0.609776 -1.795653 -3.889327 -4.807089 -11.046813 -2.937849 1e-06 -20.976019 -0.0 -5.019973 -25.033562 -4.031881 6e-06 -1e-06 -2e-06 -10.634535 -5.686975 -3.565588 10.573271 -17.922951 -3.113901 2e-06 -13.821208 2e-06 -0.501778 -31.181505 -4.027017 -11.884038 -59.886574 7.328565 -13.982716 -7.1502 -2.875043 13.772727 -8.401491 -3.218239 0.347732 -34.211555 0.771653 -0.963031 -17.733372 2.62102 -0.0 -0.0 -1e-06 -17.346424 -20.095224 -4.201779 21.757557 -1.638372 3.866428 1e-06 -6.338826 2e-06 -1.697592 -22.591747 -6.194007 -0.0 -3e-06 -3e-06 51.311565 -81.028801 148.800598 44.646015 -59.620811 -21.952696 41.757801 -0.539552 0.744024 22.884592 21.967775 -5.045073 22.182119 -20.375895 49.933319 -16.701813 -16.74353 28.476532 -3e-06 -12.690605 0.0 16.24214 -18.020546 2.693332 -0.105918 -1.513853 -4.275882 -5.039042 -5.612871 -2.953556 4e-06 -11.020525 -1e-06 -6.1113 -15.895334 -3.840469 -1e-06 1e-06 -0.0 -10.28337 -5.680288 -4.341837 11.028296 -11.302406 -2.372634 -1.384269 -14.238581 -6.320121 -0.625436 -26.924191 -3.827601 -4.348271 -49.88245 -2.954479 -13.708527 -7.363476 -3.720939 18.14115 -14.052739 -3.242675 8e-06 -18.78727 -2e-06 -0.429713 -8.456045 2.555505 1e-06 -0.0 -1e-06 -15.923536 -20.094482 -5.473584 30.41921 -7.190824 1.735925 2e-06 -8.162925 -1e-06 -1.861905 -22.861467 -6.167942 -1e-06 -4e-06 -0.0 168.977081 -11.336597 -7.411933 59.886929 -1.033445 0.795323 -95.816223 -7.684463 -21.069799 -21.369558 2.156498 2.007257 -1.0 0.0 0.0 -37.66272 -7.491754 -0.693781 72.640755 -0.30758 -0.031441 -71.923454 -40.42804 -10.232136 -9.056488 0.596727 1.796489 -1.000004 0.0 -2e-06 
0.0 0.0 0.0 0.0 -0.0 0.0 1.251905 86.587151 8.119807 87.609436 -4.238973 95.413521 11.964615 -2.083053 -0.592728 -6.315437 -1.166304 -1.390069 26.00181 0.444713 -3.162887 23.205189 10.92072 3.462913 -2.849369 -0.406524 -3.37125 -34.278393 5.405821 -8.486373 6e-06 -0.0 -2e-06 -0.094878 0.000711 -0.040753 0.074992 0.051947 -0.007402 0.070674 -0.043623 -0.082469 -91.163628 -85.430824 109.083748 45.668262 -44.954994 -18.095835 68.057106 -0.569689 -0.109728 5.842606 0.869551 -0.563885 17.636629 -26.322729 52.411194 -19.46666 -14.395597 29.410389 -0.0 -8.774821 -5e-06 16.062088 -19.289843 6.056009 -0.609776 -1.795655 -3.889327 -4.807086 -11.046808 -2.937851 5e-06 -20.976015 1e-06 -5.019972 -25.033554 -4.031878 7e-06 0.0 -2e-06 -10.634535 -5.686973 -3.565589 10.57327 -17.922947 -3.113899 3e-06 -13.821209 2e-06 -0.501778 -31.181505 -4.027018 -12.090719 -60.34444 7.32432 -13.982711 -7.150197 -2.875042 13.772727 -8.40149 -3.218241 0.347734 -34.211555 0.771653 -0.96303 -17.73337 2.621021 -0.0 -0.0 -1e-06 -17.346413 -20.095217 -4.201782 21.757555 -1.638375 3.866427 1e-06 -6.338824 2e-06 -1.697591 -22.591742 -6.194002 2e-06 -6e-06 -3e-06 48.858047 -78.250916 151.927322 39.5098 -61.15453 -21.674473 37.032009 -1.157827 0.805164 22.675476 21.589872 -7.395221 22.182114 -20.375891 49.933311 -16.701815 -16.743528 28.476532 -3e-06 -12.6906 -1e-06 16.626101 -18.405241 2.724569 -0.10592 -1.513855 -4.275882 -5.03904 -5.612871 -2.953556 4e-06 -11.020527 -2e-06 -6.111297 -15.895334 -3.840471 0.0 0.0 -0.0 -10.283373 -5.680287 -4.341838 11.028294 -11.302406 -2.372633 -1.384267 -14.238583 -6.32012 -0.625435 -26.924191 -3.827602 -4.178725 -50.79211 -2.869072 -13.708526 -7.363476 -3.720939 18.141148 -14.052741 -3.242674 4e-06 -18.787271 -3e-06 -0.429712 -8.456044 2.555505 0.0 0.0 0.0 -15.923536 -20.094484 -5.473584 30.419214 -7.190827 1.735925 5e-06 -8.162927 -1e-06 -1.8619 -22.861471 -6.167943 0.0 -3e-06 -2e-06 170.680481 -11.695837 -7.299762 61.752258 -1.190686 0.87011 -100.04599 -6.831352 -20.979294 -19.825245 2.059439 1.986873 -0.999998 0.0 1e-06 -44.10804 -7.135716 -1.387551 82.629311 -0.281631 -0.108032 -71.714485 -42.498421 -8.573301 -9.064827 0.757325 1.831357 -1.000001 0.0 -1e-06 
0.0 0.0 0.0 0.0 -0.0 0.0 1.670127 85.254456 11.220117 87.327454 -4.279026 96.62796 12.622171 -2.005694 -0.93146 -5.977398 -1.221523 -1.968513 26.475719 1.019913 -3.913288 22.668276 11.26934 3.462973 -2.937015 -0.341264 -2.988628 -34.471195 6.469424 -8.430088 5e-06 -0.0 -0.0 -0.127223 0.004536 -0.059306 0.035816 0.041763 -0.025267 0.03871 -0.025391 -0.098085 -54.275539 -86.842293 71.410378 48.059582 -41.19154 -20.015993 68.9813 -0.73548 -0.203793 5.336082 1.549453 -6.022072 17.636625 -26.322729 52.411194 -19.46666 -14.395596 29.410389 -1e-06 -8.774822 -4e-06 16.603838 -19.390036 6.014581 -0.609778 -1.795653 -3.88933 -4.807088 -11.046807 -2.937851 6e-06 -20.976017 -0.0 -5.019969 -25.03356 -4.031883 6e-06 -1e-06 -2e-06 -10.634533 -5.686974 -3.565589 10.573274 -17.922951 -3.113902 3e-06 -13.821209 1e-06 -0.501774 -31.181505 -4.027017 -12.130754 -60.918964 7.302037 -13.982714 -7.150199 -2.875042 13.77273 -8.401492 -3.218242 0.347735 -34.211555 0.771653 -0.963028 -17.73337 2.621017 -0.0 -0.0 -2e-06 -17.346416 -20.095217 -4.201784 21.757557 -1.638374 3.866428 2e-06 -6.338823 -0.0 -1.697588 -22.59174 -6.194006 0.0 -5e-06 -3e-06 50.348866 -76.019676 150.954941 28.1385 -62.629269 -14.192025 36.62281 -1.569326 0.798018 22.14579 20.495266 -8.107749 22.182108 -20.375891 49.933315 -16.701807 -16.74353 28.476524 -3e-06 -12.690599 -0.0 16.875574 -18.562782 2.778665 -0.105919 -1.513857 -4.275881 -5.039042 -5.61287 -2.953556 4e-06 -11.020521 -1e-06 -6.111297 -15.895329 -3.840469 -0.0 -0.0 0.0 -10.283369 -5.680286 -4.341838 11.028292 -11.302404 -2.372632 -1.384267 -14.238576 -6.32012 -0.62544 -26.924183 -3.827599 -3.987702 -51.619656 -3.037275 -13.708525 -7.363476 -3.720938 18.141148 -14.052736 -3.242674 6e-06 -18.787266 -1e-06 -0.42971 -8.456041 2.555503 -0.0 -2e-06 1e-06 -15.923536 -20.094482 -5.473582 30.41921 -7.190825 1.735925 6e-06 -8.162924 -1e-06 -1.861905 -22.861465 -6.167939 -0.0 -2e-06 -1e-06 173.573517 -12.557626 -8.256576 60.170673 -1.375938 0.969655 -104.44577 -6.524674 -21.236252 -18.131815 2.002327 1.935067 -0.999999 -0.0 0.0 -50.783878 -7.65645 -3.940034 87.743172 -0.163305 -0.184231 -73.187553 -41.802242 -6.676395 -8.943585 0.823232 1.781053 -1.000003 3e-06 -1e-06 
0.0 0.0 0.0 0.0 -0.0 0.0 1.891952 84.883133 15.60652 86.863663 -5.520013 97.038086 12.728833 -1.654291 -1.235954 -5.888379 -1.23826 -2.526735 26.111742 1.921064 -4.819843 22.075026 11.362221 3.479388 -2.913943 -0.532537 -2.925753 -34.32188 7.218136 -8.422761 6e-06 -1e-06 -0.0 -0.150762 -0.009863 -0.046033 0.020451 0.026054 -0.003204 0.02898 -0.038187 -0.091196 -17.302532 -85.386711 33.357224 46.931725 -39.478458 -18.08967 75.068649 -0.768244 -0.477909 4.850505 2.665451 -11.218603 17.636625 -26.322729 52.411182 -19.466654 -14.395594 29.410378 1e-06 -8.774822 -4e-06 17.068453 -19.279142 5.833498 -0.609778 -1.795655 -3.889329 -4.807087 -11.046805 -2.937851 5e-06 -20.976013 -0.0 -5.019968 -25.033556 -4.031882 4e-06 1e-06 -0.0 -10.634536 -5.686968 -3.565587 10.573275 -17.922947 -3.113899 3e-06 -13.821206 1e-06 -0.501781 -31.181498 -4.027013 -12.11969 -61.326748 7.341516 -13.982711 -7.150197 -2.875041 13.772727 -8.401492 -3.21824 0.347733 -34.211544 0.771655 -0.963029 -17.733368 2.621022 -0.0 1e-06 -1e-06 -17.346422 -20.095213 -4.20178 21.757557 -1.638374 3.866428 1e-06 -6.338821 1e-06 -1.697591 -22.59174 -6.194005 1e-06 -5e-06 -1e-06 52.663254 -74.257927 149.294113 11.822761 -62.209766 0.098933 41.017284 -1.632741 0.820878 20.950298 19.35861 -8.319014 22.182117 -20.375898 49.933315 -16.701813 -16.74353 28.47653 -3e-06 -12.690601 -1e-06 16.961416 -18.393496 2.749749 -0.105919 -1.513853 -4.27588 -5.03904 -5.612871 -2.953557 4e-06 -11.02052 -1e-06 -6.111297 -15.89533 -3.840469 0.0 -0.0 0.0 -10.283369 -5.680286 -4.341838 11.028296 -11.302406 -2.372633 -1.384269 -14.23858 -6.32012 -0.625439 -26.924187 -3.827599 -3.94051 -51.839386 -3.349803 -13.708525 -7.363474 -3.720939 18.141151 -14.052737 -3.242674 5e-06 -18.78727 -0.0 -0.429711 -8.456043 2.555504 -0.0 0.0 0.0 -15.923538 -20.094481 -5.473584 30.41921 -7.190825 1.735927 4e-06 -8.162925 -0.0 -1.861904 -22.861467 -6.167939 -2e-06 -3e-06 -2e-06 177.826035 -13.496335 -10.542131 54.825974 -1.52766 1.123514 -106.012337 -5.250059 -22.328226 -17.977385 1.957978 1.900601 -0.999998 -1e-06 -0.0 -57.156109 -8.766061 -7.773418 87.190254 -0.004887 -0.306435 -75.893356 -39.445454 -4.30234 -8.939857 0.87875 1.718718 -1.0 1e-06 0.0 
0.0 0.0 0.0 0.0 -0.0 0.0 2.161883 85.651764 21.03735 86.540482 -7.762492 96.741264 12.286166 -1.138955 -1.684533 -6.173768 -1.226034 -3.316936 24.903662 2.960123 -5.801677 22.007021 10.891004 3.373274 -2.835241 -0.673332 -3.04412 -33.92326 7.335903 -7.680244 7e-06 1e-06 -0.0 -0.166204 -0.022919 -0.052237 -0.026302 0.0197 -0.012509 -0.00778 -0.057948 -0.09244 -7.709695 -82.664894 22.774939 43.271793 -39.782623 -13.425817 83.49157 -0.661659 -0.634026 4.149299 3.878724 -14.595803 17.636627 -26.322721 52.411179 -19.466658 -14.395596 29.410385 1e-06 -8.77482 -2e-06 17.300741 -19.157524 5.602175 -0.609779 -1.795655 -3.889328 -4.807086 -11.046805 -2.93785 5e-06 -20.976006 -2e-06 -5.019969 -25.033552 -4.031882 6e-06 -1e-06 -2e-06 -10.634529 -5.686973 -3.565586 10.573271 -17.922943 -3.1139 2e-06 -13.821204 1e-06 -0.501779 -31.181498 -4.027016 -12.077051 -61.367531 7.322042 -13.982712 -7.150198 -2.875041 13.772725 -8.401492 -3.218239 0.347734 -34.211536 0.771654 -0.963028 -17.733364 2.621018 -0.0 1e-06 -1e-06 -17.346411 -20.095211 -4.201781 21.757555 -1.638377 3.866426 -0.0 -6.338821 1e-06 -1.697589 -22.59174 -6.194006 1e-06 -6e-06 -3e-06 57.540371 -73.150726 144.712097 -4.730293 -59.394234 17.136091 49.060257 -1.280511 1.015051 18.784555 18.043394 -8.134345 22.182106 -20.375891 49.9333 -16.701807 -16.743528 28.476519 -4e-06 -12.690598 -0.0 16.994097 -18.037769 2.615211 -0.105919 -1.513856 -4.27588 -5.039038 -5.612869 -2.953555 5e-06 -11.020517 -1e-06 -6.111294 -15.895326 -3.840469 -0.0 -0.0 -1e-06 -10.283367 -5.680285 -4.341837 11.028292 -11.3024 -2.372632 -1.384268 -14.238575 -6.320118 -0.625437 -26.924175 -3.827599 -3.899543 -51.581913 -3.651507 -13.708519 -7.363471 -3.720938 18.141146 -14.052731 -3.242673 6e-06 -18.787258 -1e-06 -0.429711 -8.456038 2.555503 -0.0 1e-06 -0.0 -15.92353 -20.094475 -5.473583 30.419205 -7.190823 1.735924 2e-06 -8.162921 0.0 -1.8619 -22.86146 -6.167937 -0.0 -4e-06 -1e-06 -176.231125 -13.211471 -13.372591 44.911812 -1.419861 1.252022 -102.702339 -3.200217 -23.692213 -19.916986 1.962426 1.90659 -0.999999 0.0 0.0 -62.199528 -9.708888 -13.013776 81.898453 0.142127 -0.35623 -80.009483 -35.567017 -2.574428 -8.911619 0.881168 1.64865 -1.000003 2e-06 0.0 
0.0 0.0 0.0 0.0 -0.0 0.0 2.614951 87.223289 27.510128 86.306602 -10.544653 95.885223 11.2841 -0.521975 -2.126373 -6.73301 -1.151623 -4.50532 23.215626 4.096423 -6.663003 22.612087 9.839696 3.194426 -2.808975 -0.382375 -2.99342 -33.533745 6.584869 -6.516047 5e-06 -1e-06 1e-06 -0.17218 -0.022219 -0.073698 -0.118813 0.044872 -0.061886 -0.124659 -0.078149 -0.080344 -7.015916 -80.367363 21.680241 39.050694 -41.680389 -8.322962 90.117409 -0.637572 -0.505837 3.746298 5.25777 -15.030243 17.63662 -26.322729 52.411182 -19.466663 -14.395598 29.410385 -0.0 -8.774821 -3e-06 17.394369 -19.055759 5.533292 -0.609774 -1.795653 -3.889326 -4.807088 -11.046808 -2.93785 4e-06 -20.976015 2e-06 -5.019971 -25.033556 -4.031878 6e-06 0.0 -2e-06 -10.634533 -5.686967 -3.565587 10.573277 -17.922949 -3.113901 2e-06 -13.821206 2e-06 -0.501778 -31.181501 -4.027015 -11.810993 -61.095749 7.335747 -13.98271 -7.150199 -2.875039 13.772727 -8.401489 -3.218242 0.347734 -34.211544 0.771655 -0.963029 -17.733368 2.62102 0.0 -0.0 -0.0 -17.346413 -20.095215 -4.201778 21.757555 -1.638375 3.866425 2e-06 -6.338822 1e-06 -1.697587 -22.591742 -6.194005 0.0 -4e-06 -2e-06 66.22345 -72.322136 135.810059 -15.774794 -55.336826 31.497551 58.063816 -0.361639 1.172132 17.012442 16.354624 -7.540134 22.18211 -20.375891 49.933296 -16.701809 -16.743525 28.476519 -3e-06 -12.690598 -1e-06 16.936903 -17.787642 2.58482 -0.10592 -1.513854 -4.27588 -5.039039 -5.61287 -2.953556 4e-06 -11.020523 -1e-06 -6.111296 -15.89533 -3.840469 -0.0 -0.0 0.0 -10.283367 -5.680285 -4.341837 11.028292 -11.302406 -2.372632 -1.384269 -14.23858 -6.320119 -0.625439 -26.924187 -3.8276 -3.801571 -51.53952 -3.738226 -13.708522 -7.363474 -3.720938 18.141146 -14.052739 -3.242674 6e-06 -18.78727 -2e-06 -0.429712 -8.456043 2.555503 0.0 -0.0 -0.0 -15.923532 -20.094481 -5.473583 30.419205 -7.190826 1.735925 0.0 -8.162925 -1e-06 -1.8619 -22.861469 -6.167942 1e-06 -2e-06 -1e-06 -169.629013 -11.975667 -15.56539 32.243881 -1.107713 1.29626 -93.058113 -0.404602 -24.651552 -25.985146 2.107233 1.882798 -0.999999 0.0 -0.0 -64.999344 -9.10031 -19.37079 73.33844 0.347748 -0.403349 -84.061218 -30.834463 -2.676497 -8.896676 0.874894 1.645658 -1.000001 -0.0 0.0 
0.0 0.0 0.0 0.0 -0.0 0.0 2.913365 88.977531 34.840317 86.000168 -13.27009 94.671227 9.761019 0.280003 -2.527114 -7.37419 -0.882243 -5.640606 21.803036 4.997458 -7.438303 23.677996 9.235358 2.989569 -2.762865 -0.525376 -2.565166 -33.232983 5.649144 -5.594007 6e-06 1e-06 -0.0 -0.148288 -0.059629 0.018496 -0.171403 0.033807 -0.002599 -0.195942 -0.13972 0.045815 -9.525419 -78.844139 24.161325 35.640099 -45.030956 -4.067909 93.135941 -0.934774 -0.328652 3.837499 7.023782 -12.414918 17.636627 -26.322723 52.411182 -19.466663 -14.395596 29.410385 -1e-06 -8.774822 -2e-06 17.50153 -18.876493 5.362808 -0.609775 -1.795651 -3.889328 -4.80709 -11.04681 -2.937849 5e-06 -20.976015 -1e-06 -5.019968 -25.033556 -4.031879 7e-06 -2e-06 -1e-06 -10.634533 -5.686969 -3.565588 10.573277 -17.922949 -3.113903 4e-06 -13.821206 1e-06 -0.501776 -31.181498 -4.027014 -11.730643 -61.223022 7.266716 -13.982714 -7.150195 -2.875044 13.772731 -8.401492 -3.218241 0.34774 -34.211552 0.77165 -0.963025 -17.73337 2.62102 -0.0 1e-06 -1e-06 -17.346413 -20.095213 -4.201785 21.757555 -1.638376 3.866427 2e-06 -6.338823 1e-06 -1.69759 -22.591743 -6.194005 1e-06 -5e-06 -2e-06 75.601974 -71.640892 126.099953 -21.081886 -52.456924 40.476479 65.812012 0.53616 1.756222 15.956923 14.737912 -7.381206 22.18211 -20.375889 49.933308 -16.701813 -16.74353 28.476526 -3e-06 -12.6906 -0.0 16.693029 -17.769484 2.648265 -0.105919 -1.513855 -4.275881 -5.039041 -5.61287 -2.953556 4e-06 -11.020525 -1e-06 -6.111298 -15.895334 -3.840471 0.0 0.0 0.0 -10.283368 -5.680287 -4.341838 11.028293 -11.302402 -2.372633 -1.384269 -14.238577 -6.320119 -0.625438 -26.924187 -3.8276 -3.837864 -51.322327 -3.747108 -13.708525 -7.363474 -3.720938 18.14115 -14.052739 -3.242675 6e-06 -18.787268 -2e-06 -0.429712 -8.456043 2.555503 -0.0 0.0 -0.0 -15.923536 -20.094479 -5.473582 30.41921 -7.190825 1.735924 1e-06 -8.162925 -0.0 -1.861903 -22.861469 -6.167942 -0.0 -3e-06 -1e-06 -163.857162 -10.781136 -17.162365 20.31572 -0.714748 1.54692 -76.613594 2.096601 -24.542328 -35.076698 2.252698 1.768414 -0.999999 0.0 0.0 -65.181023 -6.058479 -25.247566 62.486794 0.57756 -0.597353 -85.39193 -25.349245 -4.938603 -8.938096 0.693882 1.653838 -1.000002 -0.0 -0.0 
0.0 0.0 0.0 0.0 -0.0 0.0 2.79702 90.68177 42.547363 86.736053 -15.106442 93.335251 8.315712 0.711997 -2.793254 -7.825795 -0.734805 -6.408061 21.200575 5.425847 -8.220734 24.651661 9.147739 2.948494 -2.703292 -0.609339 -2.337489 -32.941296 4.753195 -4.877905 6e-06 0.0 -0.0 -0.122274 -0.070886 0.091534 -0.191363 0.016451 0.04901 -0.209247 -0.14313 0.136065 -13.263233 -78.507362 28.259785 33.696468 -48.267704 -0.791784 92.518723 -1.380328 -0.072947 4.665491 8.939854 -7.954041 17.636625 -26.322733 52.411186 -19.466656 -14.395597 29.410381 -1e-06 -8.774819 -2e-06 17.439741 -18.756372 5.183885 -0.609776 -1.795653 -3.889328 -4.807091 -11.046811 -2.93785 5e-06 -20.976019 -2e-06 -5.019973 -25.03356 -4.031881 7e-06 -0.0 0.0 -10.63453 -5.686969 -3.565588 10.573271 -17.922949 -3.1139 2e-06 -13.821209 2e-06 -0.501781 -31.181505 -4.027009 -12.120748 -61.364147 7.466121 -13.982713 -7.150198 -2.875042 13.772726 -8.401489 -3.218242 0.347733 -34.211552 0.771658 -0.963028 -17.73337 2.621019 -0.0 2e-06 -1e-06 -17.346415 -20.095213 -4.201782 21.757557 -1.638375 3.866428 -0.0 -6.338824 1e-06 -1.697592 -22.591747 -6.194005 -0.0 -4e-06 -3e-06 81.543922 -70.868256 120.023621 -22.425703 -51.781208 43.577953 70.413971 0.753873 1.526684 16.257809 13.656968 -6.092202 22.182117 -20.375898 49.933327 -16.701813 -16.74353 28.476532 -3e-06 -12.690602 -0.0 16.680838 -17.881052 2.637736 -0.105919 -1.513855 -4.275882 -5.039042 -5.612874 -2.953557 4e-06 -11.020527 -2e-06 -6.111298 -15.895336 -3.840472 -0.0 -0.0 -0.0 -10.283371 -5.68029 -4.341839 11.028296 -11.302406 -2.372633 -1.384269 -14.238583 -6.320123 -0.625438 -26.924194 -3.827604 -4.01995 -51.17181 -3.63379 -13.708526 -7.363475 -3.720941 18.141151 -14.05274 -3.242675 6e-06 -18.78727 -2e-06 -0.429712 -8.456045 2.555504 -0.0 0.0 -0.0 -15.923538 -20.094484 -5.473585 30.419218 -7.190827 1.735927 1e-06 -8.162926 -1e-06 -1.861901 -22.861471 -6.167942 -0.0 -3e-06 -1e-06 -160.440414 -9.736343 -17.05265 13.239513 -0.265138 1.782809 -56.235832 4.077838 -23.349695 -39.319069 2.151126 1.680443 -0.999999 -2e-06 -0.0 -62.454178 -1.8218 -28.085287 51.119541 0.652494 -0.822097 -84.141785 -19.174013 -8.239174 -9.348253 0.504795 1.582214 -1.000004 -1e-06 0.0 
0.0 0.0 0.0 0.0 -0.0 0.0 2.369152 91.879257 50.234795 88.936218 -15.258245 92.00293 7.782694 0.408912 -2.957583 -7.924047 -0.784325 -6.844605 21.555933 5.317945 -8.617652 24.998127 9.453779 3.087876 -2.6409 -0.516074 -2.540163 -32.729233 3.892728 -4.4077 5e-06 1e-06 -2e-06 -0.100836 -0.044452 0.086429 -0.187267 0.021545 0.035384 -0.174284 -0.094992 0.128414 -18.931435 -79.294533 34.541893 33.624626 -50.553665 1.045305 89.477737 -1.747591 0.245538 5.692541 10.238382 -2.773785 17.636631 -26.322725 52.411201 -19.466661 -14.395596 29.410395 0.0 -8.774821 -0.0 17.256058 -18.792723 5.059196 -0.609777 -1.795655 -3.889327 -4.80709 -11.046812 -2.937851 3e-06 -20.976021 -2e-06 -5.019969 -25.03356 -4.031883 5e-06 -0.0 -2e-06 -10.634535 -5.686969 -3.565589 10.573275 -17.922949 -3.113902 1e-06 -13.821208 2e-06 -0.501776 -31.181505 -4.02702 -12.468193 -61.280895 7.853843 -13.982714 -7.150197 -2.875043 13.772729 -8.401493 -3.218241 0.347733 -34.211555 0.771654 -0.96303 -17.73337 2.621017 1e-06 -0.0 1e-06 -17.346418 -20.095221 -4.201784 21.757561 -1.638374 3.86643 1e-06 -6.338824 -0.0 -1.697588 -22.591749 -6.194011 1e-06 -4e-06 -3e-06 82.51162 -70.445923 118.931053 -20.570147 -53.364677 40.930794 71.356743 0.411426 1.101234 17.078442 13.242169 -4.114329 22.182112 -20.375891 49.933315 -16.701815 -16.743525 28.47653 -3e-06 -12.690601 -1e-06 16.831066 -17.869476 2.529311 -0.105919 -1.513855 -4.275882 -5.039041 -5.612871 -2.953557 4e-06 -11.020525 -2e-06 -6.111297 -15.895334 -3.84047 -0.0 0.0 1e-06 -10.283369 -5.680288 -4.341839 11.028294 -11.302407 -2.372635 -1.384268 -14.238585 -6.320123 -0.625436 -26.924194 -3.827603 -4.124037 -51.122498 -3.421504 -13.708525 -7.363477 -3.720939 18.141153 -14.052739 -3.242676 6e-06 -18.78727 -3e-06 -0.42971 -8.456048 2.555502 -1e-06 0.0 0.0 -15.923536 -20.094486 -5.473585 30.419218 -7.190827 1.735925 4e-06 -8.162926 -1e-06 -1.861901 -22.861469 -6.167943 -0.0 -1e-06 -0.0 -160.147583 -8.890239 -13.585367 14.688506 -0.211773 1.68356 -41.384941 5.856139 -22.112001 -25.095346 1.758195 1.925561 -0.999999 -0.0 2e-06 -56.92836 1.887528 -26.2374 42.71299 0.487293 -0.860602 -82.059677 -15.778724 -9.628261 -9.708424 0.532086 1.500313 -1.000002 0.0 1e-06 
0.0 0.0 0.0 0.0 -0.0 0.0 1.699139 91.961456 57.774033 91.393372 -14.002788 90.546944 8.478403 0.004477 -2.945798 -7.638057 -0.832205 -6.713866 22.387722 4.766112 -8.310767 24.604456 9.950915 3.272622 -2.601222 -0.382157 -3.139677 -33.218708 3.38945 -4.447651 9e-06 1e-06 0.0 -0.058669 -0.016489 0.059286 -0.125226 0.038662 0.015929 -0.070585 -0.058919 0.085083 -26.212387 -80.701195 42.457062 35.05883 -51.604008 1.285982 84.817909 -1.659367 0.367107 6.156425 10.550624 0.510586 17.636625 -26.322723 52.411182 -19.46665 -14.395587 29.410378 0.0 -8.774819 -3e-06 17.224857 -18.982384 5.086462 -0.609778 -1.795653 -3.889326 -4.807089 -11.046809 -2.937851 4e-06 -20.976015 -2e-06 -5.019972 -25.033554 -4.031881 5e-06 -2e-06 -1e-06 -10.634533 -5.686969 -3.565588 10.573271 -17.922949 -3.113899 1e-06 -13.821206 3e-06 -0.501774 -31.181501 -4.027017 -12.731229 -61.203911 8.182833 -13.982712 -7.150196 -2.875044 13.772727 -8.401491 -3.218238 0.347732 -34.211544 0.771655 -0.963029 -17.73337 2.621021 -2e-06 -0.0 -1e-06 -17.346418 -20.095215 -4.201781 21.757551 -1.638372 3.86643 2e-06 -6.338822 0.0 -1.697591 -22.591743 -6.194005 2e-06 -5e-06 -3e-06 78.285393 -70.667679 122.745247 -15.006501 -56.003021 32.959309 69.616142 0.025646 0.65923 18.479033 13.643749 -2.18782 22.182121 -20.3759 49.933323 -16.701817 -16.743532 28.476532 -3e-06 -12.690603 -1e-06 16.841795 -17.851683 2.462476 -0.105919 -1.513856 -4.275882 -5.039042 -5.612871 -2.953556 4e-06 -11.020523 -2e-06 -6.111299 -15.895332 -3.84047 -1e-06 -0.0 1e-06 -10.283373 -5.680288 -4.341838 11.028296 -11.302405 -2.372632 -1.384269 -14.238581 -6.320121 -0.625441 -26.924191 -3.8276 -4.238636 -50.988712 -3.099853 -13.708527 -7.363477 -3.720939 18.141151 -14.052739 -3.242673 5e-06 -18.78727 -1e-06 -0.42971 -8.456043 2.555505 0.0 -0.0 0.0 -15.923539 -20.094484 -5.473584 30.419218 -7.190826 1.735927 2e-06 -8.162926 -0.0 -1.861905 -22.861471 -6.167941 0.0 -3e-06 -1e-06 -163.808548 -8.223818 -8.889718 26.649536 -0.763878 1.309841 -38.881691 7.867708 -21.589844 -11.154868 1.508596 2.448112 -0.999999 0.0 -0.0 -50.163929 4.762505 -21.10387 39.7784 0.441033 -0.81696 -82.024963 -16.825045 -5.930676 -10.014893 0.64235 1.526952 -1.000002 1e-06 -0.0 
0.0 0.0 0.0 0.0 -0.0 0.0 0.69845 91.063965 65.329842 91.887474 -12.805824 88.361984 9.952441 0.665236 -2.356394 -7.284896 -0.677782 -5.703527 23.109709 4.601337 -7.21164 23.608797 9.583975 3.354036 -2.617094 -0.207256 -3.767104 -34.830582 3.201111 -5.18116 7e-06 1e-06 -0.0 -0.060778 0.003274 0.048083 -0.103022 0.026059 0.017576 -0.039096 -0.010407 0.062164 -43.000851 -82.877731 59.295399 36.067123 -51.075886 1.407763 78.676666 -0.978711 0.166148 6.057842 10.738625 1.899483 17.636629 -26.322737 52.411194 -19.466654 -14.395598 29.410389 -1e-06 -8.774822 -2e-06 17.24757 -18.960205 5.078214 -0.609778 -1.795652 -3.889329 -4.807088 -11.046813 -2.937847 3e-06 -20.976019 2e-06 -5.019973 -25.03356 -4.031878 6e-06 -3e-06 -1e-06 -10.634535 -5.686969 -3.565586 10.573277 -17.922951 -3.113901 -0.0 -13.821209 4e-06 -0.501783 -31.181501 -4.027011 -12.296061 -60.924572 7.701675 -13.982716 -7.150197 -2.875041 13.772733 -8.401493 -3.218241 0.347732 -34.211555 0.771657 -0.963031 -17.73337 2.621023 -2e-06 2e-06 1e-06 -17.346416 -20.095215 -4.201779 21.757561 -1.638376 3.866428 -1e-06 -6.338823 2e-06 -1.69759 -22.591745 -6.194003 0.0 -2e-06 -2e-06 68.28759 -71.987381 132.191528 -5.529938 -57.3843 20.274391 67.76265 -0.227421 0.725923 20.935638 14.149606 -1.515466 22.182114 -20.375895 49.933319 -16.701811 -16.74353 28.476528 -3e-06 -12.690601 -1e-06 16.816088 -17.867712 2.437136 -0.105918 -1.513855 -4.27588 -5.039041 -5.61287 -2.953557 3e-06 -11.020523 -1e-06 -6.111298 -15.89533 -3.840469 1e-06 -1e-06 0.0 -10.283371 -5.680285 -4.341838 11.028293 -11.302405 -2.372632 -1.38427 -14.238579 -6.32012 -0.625438 -26.924191 -3.827601 -4.588377 -50.92905 -2.810669 -13.708525 -7.363474 -3.720938 18.14115 -14.052739 -3.242674 4e-06 -18.787268 -1e-06 -0.429713 -8.456043 2.555503 -0.0 0.0 0.0 -15.923536 -20.094482 -5.473584 30.41921 -7.190826 1.735927 -0.0 -8.162925 -0.0 -1.8619 -22.861469 -6.167942 1e-06 -6e-06 -1e-06 -172.090088 -9.543783 -8.056423 46.547421 -1.168665 0.939376 -46.38974 6.979655 -20.492392 -8.52349 1.458954 2.726755 -0.999999 0.0 -1e-06 -45.798122 9.365855 -15.009363 42.324806 0.661471 -1.137887 -86.646553 -23.326008 6.216288 -8.716912 0.627345 1.607549 -1.000001 1e-06 1e-06 
0.0 0.0 0.0 0.0 -0.0 0.0 -0.356429 89.306801 72.515938 90.45079 -12.08413 84.490669 11.396972 1.997424 -1.14104 -6.837091 -0.211097 -3.995352 24.160862 5.133207 -5.215833 22.330486 6.994709 2.979439 -2.609768 0.109066 -3.848939 -38.117516 3.166918 -6.122489 6e-06 1e-06 -2e-06 -0.066084 -0.011812 0.083607 -0.081659 -0.006788 0.071653 -0.060346 -0.011366 0.083705 -79.750854 -82.824165 96.049591 39.208843 -49.915764 -1.81037 70.102745 -0.571431 0.069334 5.723023 12.666807 2.567111 17.636639 -26.322741 52.41119 -19.466661 -14.395604 29.410389 -1e-06 -8.774823 -1e-06 17.090906 -18.681715 5.224535 -0.609775 -1.795653 -3.889329 -4.807087 -11.046809 -2.937851 2e-06 -20.976015 4e-06 -5.019973 -25.033554 -4.031877 7e-06 -1e-06 -1e-06 -10.634533 -5.686968 -3.565587 10.573277 -17.922947 -3.113899 3e-06 -13.821209 3e-06 -0.50178 -31.181498 -4.027009 -12.306166 -60.962635 7.565663 -13.982714 -7.150197 -2.875042 13.772731 -8.401491 -3.218241 0.347733 -34.211555 0.771657 -0.963029 -17.733368 2.621022 -0.0 2e-06 1e-06 -17.346422 -20.095211 -4.201779 21.757565 -1.638377 3.866428 1e-06 -6.338822 2e-06 -1.697591 -22.591743 -6.194006 -0.0 -3e-06 -0.0 61.767014 -75.483772 137.873398 8.10646 -57.723427 5.447786 66.010979 -0.520993 0.841965 23.697134 14.835446 -2.910043 22.18211 -20.375891 49.933319 -16.701811 -16.743528 28.476528 -3e-06 -12.690602 -1e-06 17.207417 -17.767914 2.257347 -0.10592 -1.513856 -4.27588 -5.039041 -5.612871 -2.953557 3e-06 -11.020523 -2e-06 -6.111297 -15.895332 -3.840472 -1e-06 0.0 -0.0 -10.283371 -5.680289 -4.341838 11.028292 -11.302406 -2.372633 -1.384268 -14.238582 -6.320121 -0.625436 -26.924187 -3.827604 -4.507591 -51.408627 -2.891186 -13.708523 -7.363476 -3.720939 18.141148 -14.052738 -3.242675 8e-06 -18.787266 -4e-06 -0.42971 -8.456043 2.555502 -1e-06 -0.0 0.0 -15.923534 -20.094482 -5.473585 30.419207 -7.190826 1.735926 -0.0 -8.162925 -0.0 -1.861898 -22.861467 -6.167943 -2e-06 -2e-06 -2e-06 177.844711 -13.676616 -9.585001 67.092285 -1.239194 0.615892 -58.072002 1.672359 -18.624338 -8.098341 1.449311 2.790445 -0.999999 -0.0 0.0 -43.571648 14.89076 -11.05115 49.322792 0.628005 -1.379987 -95.00518 -26.377808 11.815441 -7.111838 0.713324 1.615072 -1.000003 0.0 0.0 
0.0 0.0 0.0 0.0 -0.0 0.0 -1.284517 87.580681 79.572891 89.429283 -11.42449 79.413277 12.286332 2.883943 0.152161 -6.453042 0.098116 -1.915773 25.502424 4.906207 -3.009289 21.739952 4.171448 2.73391 -2.598048 0.189567 -4.023849 -40.246979 3.661362 -7.379472 7e-06 1e-06 -1e-06 -0.076325 -0.035632 0.103562 -0.067181 -0.062342 0.114015 -0.085797 -0.004437 0.081146 -102.492943 -79.286087 119.691566 44.439865 -48.987835 -8.138821 59.342602 -0.313405 -0.306718 4.059044 16.757221 2.589367 17.636627 -26.322737 52.411198 -19.466661 -14.395596 29.410389 -1e-06 -8.774821 -2e-06 16.925144 -18.594288 5.487768 -0.609778 -1.795655 -3.889329 -4.807087 -11.046809 -2.937849 4e-06 -20.976019 3e-06 -5.019972 -25.033558 -4.031879 9e-06 -1e-06 1e-06 -10.634535 -5.686972 -3.565587 10.573277 -17.922951 -3.113901 3e-06 -13.821211 0.0 -0.501773 -31.181507 -4.027017 -12.833893 -61.078457 7.811637 -13.982712 -7.150197 -2.875044 13.77273 -8.401494 -3.218241 0.347735 -34.211555 0.771654 -0.963028 -17.73337 2.621022 -0.0 0.0 1e-06 -17.346416 -20.095217 -4.201782 21.757557 -1.638375 3.866425 -0.0 -6.338824 1e-06 -1.697588 -22.591751 -6.194009 -3e-06 -2e-06 1e-06 62.277271 -80.198334 136.508713 23.645502 -56.226715 -8.391405 65.580032 -0.233394 1.115477 24.905529 15.476022 -4.603604 22.182108 -20.375893 49.933315 -16.701809 -16.74353 28.476526 -2e-06 -12.690603 -1e-06 17.414244 -17.651478 2.129636 -0.10592 -1.513856 -4.275881 -5.039042 -5.612871 -2.953556 3e-06 -11.02052 -1e-06 -6.111299 -15.89533 -3.840469 1e-06 -0.0 0.0 -10.283373 -5.680288 -4.341837 11.028291 -11.302402 -2.372632 -1.38427 -14.238577 -6.32012 -0.62544 -26.924187 -3.827599 -4.352179 -51.831093 -3.169816 -13.708528 -7.363476 -3.720937 18.141148 -14.052736 -3.242674 6e-06 -18.787268 -2e-06 -0.429711 -8.456043 2.555504 1e-06 -0.0 0.0 -15.923539 -20.094481 -5.473582 30.41921 -7.190823 1.735927 3e-06 -8.162922 -0.0 -1.861901 -22.861467 -6.167943 -1e-06 -3e-06 -2e-06 167.111221 -17.892809 -9.12321 82.969429 -0.868532 0.268989 -68.616135 -5.614038 -16.177326 -8.45155 1.541545 2.922463 -0.999997 0.0 0.0 -39.167809 18.894024 -8.809174 53.990044 0.904931 -1.6765 -102.693176 -24.739449 14.980342 -6.099275 0.724578 1.613211 -1.000002 0.0 -0.0 
0.0 0.0 0.0 0.0 -0.0 0.0 -2.579727 86.55632 86.841324 89.461235 -10.680597 74.700974 12.790741 3.009818 1.166157 -6.297835 0.267962 -0.001636 26.3668 3.8752 -0.945611 21.968214 2.250125 2.623384 -2.688039 -0.026941 -4.427816 -41.002167 4.579635 -8.863905 7e-06 1e-06 -2e-06 -0.108069 -0.033403 0.04772 -0.131152 -0.078507 0.068478 -0.161595 0.015481 0.012966 -107.793419 -74.694672 126.133476 46.302029 -50.036831 -12.8571 54.904411 -0.252017 -0.881726 2.95123 19.71596 0.718843 17.636629 -26.322737 52.411194 -19.466656 -14.395594 29.410389 -1e-06 -8.774821 -2e-06 16.714041 -18.426849 5.861592 -0.609776 -1.795651 -3.889328 -4.807087 -11.046808 -2.937846 4e-06 -20.976011 -1e-06 -5.01997 -25.033546 -4.031877 5e-06 1e-06 1e-06 -10.634531 -5.686967 -3.565587 10.573272 -17.922947 -3.113897 2e-06 -13.821205 0.0 -0.501783 -31.181498 -4.027008 -12.841799 -61.004616 7.762219 -13.982711 -7.150194 -2.875043 13.772727 -8.401489 -3.218238 0.347731 -34.21154 0.771657 -0.963031 -17.733366 2.621023 0.0 -1e-06 -1e-06 -17.346415 -20.095213 -4.201782 21.757555 -1.638375 3.866431 2e-06 -6.338822 1e-06 -1.69759 -22.591742 -6.194001 1e-06 -6e-06 -1e-06 80.84948 -84.550545 116.718552 35.359406 -54.41711 -18.850815 69.856598 0.195628 0.475344 24.174976 15.617163 -4.051862 22.182117 -20.375904 49.933327 -16.701815 -16.74353 28.476538 -3e-06 -12.690603 -1e-06 17.148781 -17.558897 2.092403 -0.10592 -1.513857 -4.275882 -5.039042 -5.612873 -2.953558 6e-06 -11.020528 -1e-06 -6.111298 -15.895338 -3.84047 -1e-06 -1e-06 -0.0 -10.283373 -5.680288 -4.34184 11.028295 -11.302409 -2.372633 -1.384271 -14.238586 -6.320123 -0.625436 -26.924202 -3.827602 -4.407271 -51.429039 -3.429348 -13.708524 -7.363477 -3.72094 18.141151 -14.052745 -3.242674 5e-06 -18.787275 -0.0 -0.429712 -8.456042 2.555504 -0.0 -1e-06 -1e-06 -15.923539 -20.094484 -5.473585 30.419218 -7.190827 1.735927 3e-06 -8.162929 -0.0 -1.861904 -22.861479 -6.167942 0.0 -1e-06 -2e-06 154.695129 -20.670771 -5.405314 92.686523 -0.377368 0.043504 -77.214249 -11.897306 -12.927551 -9.00257 1.741455 2.924157 -0.999999 -0.0 0.0 -32.162537 20.375528 -6.491337 55.390778 1.129534 -1.87707 -109.02211 -21.40517 16.655369 -5.640006 0.740591 1.617186 -1.000002 -1e-06 -0.0 
0.0 0.0 0.0 0.0 -0.0 0.0 -4.599386 86.534195 94.7089 91.151344 -9.735206 71.28981 12.786387 2.196275 1.895693 -6.350592 0.290587 1.487311 26.278164 2.196447 0.826802 22.8342 1.785706 2.706157 -2.775117 -0.074036 -5.325905 -40.923122 5.176268 -10.192366 6e-06 1e-06 -2e-06 -0.128389 -0.030789 0.019702 -0.242943 -0.087957 0.039242 -0.269405 0.028796 -0.016495 -106.162056 -70.630074 125.530434 40.560333 -52.85614 -9.957839 62.448517 -0.71344 -1.64347 4.36241 19.06937 -0.659019 17.636627 -26.322725 52.411182 -19.466661 -14.395598 29.410385 -0.0 -8.774822 -3e-06 16.233805 -17.978773 5.836089 -0.609776 -1.795654 -3.889327 -4.807089 -11.046811 -2.937852 5e-06 -20.976019 -3e-06 -5.019972 -25.033556 -4.031878 5e-06 1e-06 -0.0 -10.634535 -5.686973 -3.565588 10.573277 -17.922953 -3.113901 4e-06 -13.82121 -1e-06 -0.501776 -31.181505 -4.027019 -12.028474 -60.647934 7.354841 -13.982715 -7.150198 -2.875041 13.772731 -8.40149 -3.218243 0.347735 -34.211555 0.771653 -0.963028 -17.73337 2.621019 -1e-06 -1e-06 -0.0 -17.346416 -20.095217 -4.201783 21.757557 -1.638375 3.866426 3e-06 -6.338825 -1e-06 -1.697589 -22.591749 -6.194005 0.0 -3e-06 -3e-06 134.754364 -85.688522 61.362461 41.616447 -54.197525 -26.554203 78.842346 0.059378 -0.421091 22.21818 16.382339 -1.17823 22.182117 -20.375898 49.933327 -16.701813 -16.743528 28.476534 -2e-06 -12.690603 -1e-06 16.563587 -17.312443 2.346624 -0.105918 -1.513857 -4.275882 -5.039044 -5.612873 -2.953557 3e-06 -11.020524 -2e-06 -6.111297 -15.895334 -3.840473 1e-06 -1e-06 0.0 -10.283373 -5.68029 -4.341841 11.028292 -11.302405 -2.372633 -1.384265 -14.23858 -6.320122 -0.625438 -26.924191 -3.827604 -4.518462 -50.346886 -3.368795 -13.708524 -7.363478 -3.720942 18.14115 -14.052739 -3.242675 5e-06 -18.78727 -3e-06 -0.429711 -8.456044 2.555503 0.0 -0.0 -1e-06 -15.923534 -20.094486 -5.473589 30.419214 -7.190826 1.735928 1e-06 -8.162927 -0.0 -1.861904 -22.861469 -6.167941 0.0 -3e-06 -1e-06 141.599686 -19.861221 -0.503042 95.19313 -0.205252 0.061842 -82.425682 -15.819037 -10.534598 -9.622344 1.938748 2.70558 -1.000001 -1e-06 0.0 -22.776136 19.090961 -2.959158 52.548809 1.203783 -1.977519 -113.358131 -18.236578 16.803873 -6.015832 0.729687 1.621359 -1.000001 -1e-06 0.0 
0.0 0.0 0.0 0.0 -0.0 0.0 -6.981606 87.322617 103.219559 94.481888 -8.829389 69.200378 12.014397 0.745601 2.503795 -6.579104 -0.039954 2.628427 25.356834 0.084559 2.126226 24.119631 2.516532 2.796383 -2.722834 0.186644 -6.397071 -40.615074 5.306497 -11.449001 6e-06 1e-06 -3e-06 -0.134245 -0.017511 0.005964 -0.313533 -0.095352 0.012189 -0.335051 0.062979 -0.022974 -102.607056 -67.679527 123.065681 28.835953 -53.901581 1.811888 75.80191 -0.658526 -1.862513 6.749172 15.008158 -0.743897 17.636629 -26.322729 52.41119 -19.466656 -14.395597 29.410389 0.0 -8.774822 -3e-06 15.810029 -17.873096 5.647952 -0.609776 -1.795654 -3.889327 -4.807089 -11.04681 -2.937851 5e-06 -20.976019 0.0 -5.019969 -25.03356 -4.031881 5e-06 4e-06 -1e-06 -10.634534 -5.686972 -3.565588 10.573275 -17.922949 -3.113901 3e-06 -13.821211 -1e-06 -0.501779 -31.181505 -4.027016 -11.215618 -60.201351 7.008246 -13.982714 -7.150199 -2.875042 13.772729 -8.401491 -3.21824 0.347735 -34.211555 0.771655 -0.963027 -17.73337 2.621021 1e-06 -1e-06 1e-06 -17.346416 -20.095217 -4.20178 21.757557 -1.638375 3.866428 2e-06 -6.338823 -0.0 -1.697589 -22.591745 -6.194008 -1e-06 -4e-06 -1e-06 164.483658 -83.153328 30.415749 42.232353 -54.98225 -27.415367 90.399086 0.283727 -0.569967 20.355345 16.533674 0.62831 22.18211 -20.375885 49.933308 -16.701811 -16.743525 28.476522 -5e-06 -12.6906 -1e-06 16.300465 -17.156113 2.646147 -0.10592 -1.513856 -4.275881 -5.039037 -5.61287 -2.953557 4e-06 -11.020525 -2e-06 -6.111297 -15.895334 -3.840471 -0.0 -1e-06 0.0 -10.283368 -5.680287 -4.341839 11.028292 -11.302404 -2.372633 -1.384266 -14.238578 -6.320121 -0.625436 -26.924191 -3.827602 -4.639157 -49.925922 -3.098584 -13.708521 -7.363473 -3.72094 18.141148 -14.052735 -3.242675 8e-06 -18.787262 -3e-06 -0.42971 -8.456043 2.555503 -0.0 2e-06 0.0 -15.923532 -20.094481 -5.473585 30.419207 -7.190827 1.735925 3e-06 -8.162925 -1e-06 -1.8619 -22.861464 -6.167942 -0.0 -6e-06 -1e-06 130.646515 -16.635941 0.952795 89.49527 -0.476088 0.205746 -84.332779 -17.829674 -10.29745 -10.329443 1.969186 2.29867 -1.0 -0.0 0.0 -12.202302 15.342082 1.388756 45.264168 1.059507 -2.146976 -114.716484 -15.961861 15.559933 -7.705441 0.680976 1.632364 -1.000001 1e-06 0.0 
0.0 0.0 0.0 0.0 -0.0 0.0 -9.698647 88.499092 112.3144 98.943504 -8.134665 68.624374 10.488536 -0.934783 2.328333 -7.068107 -0.61353 3.777394 24.507851 -2.290689 2.861104 25.524731 3.811696 2.844135 -2.763297 0.291838 -7.459752 -40.076939 5.434753 -12.632777 7e-06 2e-06 -1e-06 -0.137896 -0.007896 0.026123 -0.37405 -0.076146 0.010112 -0.363943 0.06131 0.010671 -99.043625 -66.070061 120.331367 17.668058 -51.805065 14.122408 87.267456 -0.460414 -1.303305 9.405034 10.67119 0.127979 17.636627 -26.322733 52.411201 -19.466665 -14.3956 29.410393 -0.0 -8.774822 -2e-06 15.803605 -18.309196 5.596596 -0.609777 -1.795654 -3.88933 -4.807087 -11.046811 -2.937848 5e-06 -20.976019 -3e-06 -5.019971 -25.033562 -4.03188 6e-06 0.0 0.0 -10.634535 -5.686972 -3.565588 10.573277 -17.922951 -3.113899 3e-06 -13.821211 -1e-06 -0.501779 -31.181505 -4.027015 -11.261941 -59.916653 7.261094 -13.982714 -7.150198 -2.875043 13.772731 -8.401492 -3.218242 0.347732 -34.211555 0.771653 -0.963029 -17.733372 2.621019 -1e-06 -1e-06 -1e-06 -17.34642 -20.095219 -4.201782 21.757557 -1.638375 3.866428 3e-06 -6.338823 0.0 -1.697588 -22.591743 -6.194011 -1e-06 -2e-06 -1e-06 170.814728 -80.675636 23.702005 39.029461 -54.834511 -21.804338 102.239609 0.944228 0.125876 20.006771 15.767808 -0.753556 22.18211 -20.375895 49.933319 -16.701807 -16.743528 28.476532 -0.0 -12.690597 -1e-06 16.486778 -17.44421 2.726333 -0.10592 -1.513855 -4.275882 -5.03904 -5.612871 -2.953556 4e-06 -11.020523 -2e-06 -6.111297 -15.895334 -3.84047 -0.0 -1e-06 -1e-06 -10.283367 -5.680288 -4.341837 11.028291 -11.302402 -2.372632 -1.38427 -14.238575 -6.32012 -0.62544 -26.924183 -3.827601 -4.927973 -50.722416 -2.862341 -13.708521 -7.363475 -3.72094 18.141146 -14.052738 -3.242673 5e-06 -18.787266 -2e-06 -0.429712 -8.456041 2.555504 -0.0 -2e-06 0.0 -15.923532 -20.094481 -5.473585 30.419207 -7.190826 1.735926 2e-06 -8.162921 -1e-06 -1.861903 -22.861469 -6.167941 -0.0 -4e-06 -1e-06 124.348373 -12.61047 -1.770077 75.108559 -0.557042 0.3955 -82.815536 -17.096972 -12.767757 -11.960242 1.965333 2.093489 -0.999999 0.0 0.0 -1.193462 9.889812 4.841698 34.619614 0.973593 -2.394286 -109.979935 -15.334195 13.766697 -12.074705 0.713037 1.596279 -1.000001 1e-06 0.0 
0.0 0.0 0.0 0.0 -0.0 0.0 -13.038592 89.730408 122.15654 102.75798 -7.305495 68.726288 8.945439 -2.330521 1.825393 -7.782282 -1.078269 4.56909 24.180338 -4.445997 3.437911 26.702763 4.763148 2.748349 -2.784178 0.078688 -8.175272 -39.149162 5.858489 -13.878366 6e-06 2e-06 -1e-06 -0.084635 -0.007516 0.061129 -0.346336 -0.045092 0.016819 -0.325164 0.032809 0.07003 -94.424034 -65.517456 116.508003 11.17293 -49.413738 22.358095 93.698906 0.319915 -0.346724 10.848716 8.230246 0.982384 17.636633 -26.322737 52.411213 -19.466667 -14.3956 29.410398 0.0 -8.774823 -2e-06 15.825334 -18.499607 5.725974 -0.609779 -1.795655 -3.889327 -4.807087 -11.046811 -2.937851 7e-06 -20.976019 -5e-06 -5.01997 -25.03356 -4.031879 6e-06 -0.0 -1e-06 -10.634537 -5.686974 -3.565588 10.573278 -17.922951 -3.113905 3e-06 -13.821209 0.0 -0.501777 -31.181501 -4.027019 -11.422258 -60.049438 7.452527 -13.982717 -7.150198 -2.875044 13.772733 -8.401495 -3.218242 0.347736 -34.211555 0.771651 -0.963026 -17.733372 2.621021 -0.0 -0.0 -1e-06 -17.346424 -20.095221 -4.201786 21.757566 -1.638376 3.866428 3e-06 -6.338825 -1e-06 -1.697588 -22.591745 -6.194008 -1e-06 -3e-06 -1e-06 170.358932 -78.676582 24.064503 36.46611 -54.78566 -15.798473 111.040947 1.168509 0.963913 20.546904 14.475388 -3.038251 22.182119 -20.375898 49.933323 -16.701813 -16.74353 28.476532 -3e-06 -12.690603 -1e-06 16.205305 -17.877747 2.882978 -0.105919 -1.513857 -4.275881 -5.039042 -5.612871 -2.953557 4e-06 -11.020523 -2e-06 -6.111298 -15.895334 -3.840471 0.0 -1e-06 0.0 -10.283371 -5.68029 -4.341839 11.028296 -11.302402 -2.372632 -1.384269 -14.238583 -6.320121 -0.625439 -26.924194 -3.8276 -5.020709 -50.953953 -2.960267 -13.708526 -7.363479 -3.720938 18.141151 -14.052737 -3.242674 5e-06 -18.787271 -1e-06 -0.429712 -8.456043 2.555504 0.0 0.0 1e-06 -15.923539 -20.094486 -5.473584 30.419214 -7.190823 1.735928 2e-06 -8.162925 -0.0 -1.861903 -22.861469 -6.167942 -0.0 -3e-06 -0.0 124.389259 -8.936964 -5.51783 53.494831 -0.375687 0.476454 -78.40889 -10.6147 -18.491327 -12.314888 1.97155 2.168017 -0.999999 -0.0 -0.0 9.295249 5.290725 6.287272 24.130764 0.971546 -2.927095 -96.581665 -15.988481 11.820613 -21.719831 1.029277 1.51351 -1.000002 1e-06 -0.0 
0.0 0.0 0.0 0.0 -0.0 0.0 -17.062902 90.51236 132.40834 103.301315 -6.461796 68.065475 7.930788 -2.322278 1.65903 -8.277653 -1.163502 4.939717 23.934978 -5.406128 4.213028 27.82605 5.08215 2.690534 -2.800795 -0.178785 -8.129439 -38.336262 5.875666 -14.227408 5e-06 1e-06 -3e-06 -0.001567 -0.032324 0.109877 -0.282543 -0.042872 0.048053 -0.285332 -0.014392 0.13173 -90.073853 -65.336548 112.962097 8.746922 -48.755314 25.862968 95.727127 0.954349 -0.110065 11.418825 7.639188 2.347475 17.636635 -26.322744 52.411213 -19.466665 -14.3956 29.410395 0.0 -8.774822 -3e-06 15.704038 -18.485254 6.14275 -0.609778 -1.795654 -3.88933 -4.807091 -11.046814 -2.937852 4e-06 -20.976021 1e-06 -5.019974 -25.033566 -4.03188 7e-06 -1e-06 -1e-06 -10.634539 -5.686974 -3.565588 10.573279 -17.922955 -3.113904 3e-06 -13.821214 -1e-06 -0.501777 -31.181511 -4.027019 -11.427877 -60.555531 7.781623 -13.982714 -7.150198 -2.875042 13.772732 -8.401495 -3.218243 0.347736 -34.211559 0.771652 -0.963028 -17.73337 2.621023 0.0 0.0 -1e-06 -17.346422 -20.095221 -4.201784 21.757566 -1.638378 3.86643 2e-06 -6.338823 1e-06 -1.697588 -22.591753 -6.194009 -0.0 -4e-06 -2e-06 169.710587 -77.021454 24.442823 36.609901 -56.221138 -12.050202 115.262871 1.375938 1.315467 21.114202 13.349163 -4.817112 22.182121 -20.375898 49.933327 -16.701813 -16.743528 28.476534 -2e-06 -12.690601 -1e-06 15.91827 -17.991199 3.029217 -0.10592 -1.513858 -4.275883 -5.039042 -5.612874 -2.953557 4e-06 -11.020524 -2e-06 -6.1113 -15.895339 -3.840472 0.0 -1e-06 -0.0 -10.283372 -5.680289 -4.341839 11.028296 -11.302403 -2.372633 -1.38427 -14.238586 -6.320123 -0.625438 -26.924196 -3.827603 -4.658275 -51.110977 -3.033017 -13.708527 -7.36348 -3.72094 18.141151 -14.052737 -3.242674 4e-06 -18.787271 -3e-06 -0.429712 -8.456044 2.555504 0.0 0.0 1e-06 -15.923539 -20.094486 -5.473586 30.419214 -7.190826 1.735926 1e-06 -8.162927 1e-06 -1.861901 -22.861471 -6.167943 -0.0 -3e-06 -2e-06 128.661911 -8.288058 -5.98996 32.355797 0.004308 1.000931 -74.390007 -3.810917 -24.576595 -11.244886 1.980632 2.187605 -0.999998 0.0 -0.0 16.87945 4.242922 7.65156 19.6266 1.147193 -3.480184 -78.521164 -17.717606 9.230835 -29.800583 1.155654 1.42518 -1.000001 2e-06 1e-06 
0.0 0.0 0.0 0.0 -0.0 0.0 -21.345377 90.823875 142.627411 101.846222 -5.185994 66.597076 7.873734 -1.843825 1.586908 -8.261336 -1.125987 4.909748 23.767809 -5.37494 4.499228 28.337688 4.713166 2.931356 -2.911418 -0.127878 -7.706948 -37.250168 6.054098 -13.42204 6e-06 2e-06 -1e-06 0.017959 -0.041556 0.117822 -0.205647 -0.055827 0.065098 -0.208659 -0.019133 0.126276 -89.091545 -65.949493 112.117081 10.074521 -49.025379 24.398041 95.216835 0.985157 -0.01566 11.64182 8.153049 3.061291 17.636625 -26.322725 52.411186 -19.466656 -14.395597 29.410385 -0.0 -8.774821 -2e-06 15.524963 -18.282461 6.370772 -0.609774 -1.795654 -3.889326 -4.807088 -11.046807 -2.93785 4e-06 -20.976015 -0.0 -5.019969 -25.033556 -4.031885 7e-06 -1e-06 -1e-06 -10.634531 -5.686968 -3.565586 10.573272 -17.922947 -3.1139 1e-06 -13.821205 0.0 -0.501779 -31.181498 -4.027018 -11.494061 -60.717583 7.787458 -13.982707 -7.150196 -2.875041 13.772727 -8.401489 -3.218242 0.347736 -34.211544 0.771652 -0.963031 -17.733364 2.621014 0.0 0.0 -1e-06 -17.346415 -20.095211 -4.201777 21.757555 -1.638373 3.866425 1e-06 -6.338819 0.0 -1.697591 -22.59174 -6.194005 -0.0 -3e-06 -2e-06 169.932312 -77.187965 24.171453 38.429085 -58.303425 -11.724169 114.495216 0.991669 1.278235 21.596285 12.967311 -6.700769 22.182121 -20.375898 49.933334 -16.701815 -16.743528 28.476532 -2e-06 -12.690603 -2e-06 15.688768 -18.092157 3.129207 -0.105919 -1.513855 -4.275882 -5.039042 -5.612874 -2.953557 4e-06 -11.020525 -2e-06 -6.1113 -15.895338 -3.840471 -0.0 -2e-06 0.0 -10.283371 -5.68029 -4.341839 11.028296 -11.302406 -2.372633 -1.38427 -14.238583 -6.320122 -0.625438 -26.924191 -3.827602 -4.293559 -50.859406 -3.324261 -13.708526 -7.363479 -3.72094 18.141151 -14.052739 -3.242673 5e-06 -18.78727 -1e-06 -0.429711 -8.456045 2.555504 -0.0 0.0 0.0 -15.923538 -20.094484 -5.473587 30.419218 -7.190827 1.735928 3e-06 -8.162929 0.0 -1.861902 -22.861469 -6.167942 0.0 -3e-06 -1e-06 133.75087 -9.532382 -2.619091 21.571926 0.039797 1.127531 -73.162292 -2.83264 -24.820234 -10.37533 1.96326 2.216867 -0.999999 -1e-06 -0.0 17.541887 4.947369 7.04312 28.806122 1.50571 -2.926149 -67.021454 -18.765703 6.433957 -19.61635 0.883065 1.475193 -1.000003 -0.0 -0.0 
0.0 0.0 0.0 0.0 -0.0 0.0 -25.279963 90.173714 152.336258 100.191704 -2.921597 65.228531 8.735525 -1.934661 1.323522 -7.926205 -1.138755 4.626845 24.081964 -4.65942 3.630786 28.450323 4.154241 2.873034 -2.947083 0.05648 -6.624094 -36.452003 6.325584 -11.537481 7e-06 2e-06 1e-06 0.049876 -0.03942 0.118362 -0.221448 -0.043984 0.042142 -0.210932 -0.027288 0.149974 -90.311661 -67.609169 112.551796 16.143549 -49.104008 18.426197 93.255684 0.474213 -0.329263 10.967736 9.167347 4.29676 17.636637 -26.322735 52.411205 -19.466656 -14.3956 29.410393 2e-06 -8.774824 -2e-06 15.403055 -18.52882 6.437758 -0.609776 -1.795655 -3.889327 -4.807091 -11.046811 -2.937852 2e-06 -20.976015 3e-06 -5.019976 -25.033556 -4.031881 6e-06 -0.0 2e-06 -10.634534 -5.686967 -3.565587 10.573276 -17.922951 -3.113899 1e-06 -13.821209 2e-06 -0.501782 -31.181501 -4.027013 -11.714649 -60.619076 7.620334 -13.982716 -7.150197 -2.875042 13.772732 -8.401489 -3.218243 0.34773 -34.211544 0.771659 -0.963034 -17.73337 2.621022 -0.0 1e-06 -1e-06 -17.346422 -20.095217 -4.201783 21.757561 -1.638372 3.866428 1e-06 -6.338826 2e-06 -1.697591 -22.591743 -6.194006 1e-06 -4e-06 -1e-06 166.540665 -78.882324 27.72736 40.925518 -60.254002 -13.332376 107.891129 0.432826 1.043899 22.766983 12.821301 -9.096083 22.182121 -20.3759 49.933327 -16.701817 -16.743534 28.476534 -3e-06 -12.690605 -0.0 15.681073 -18.238375 3.162914 -0.105919 -1.513856 -4.275882 -5.039042 -5.612872 -2.953557 5e-06 -11.020525 -1e-06 -6.111299 -15.895332 -3.84047 -0.0 -1e-06 0.0 -10.283373 -5.680288 -4.341839 11.028297 -11.302406 -2.372632 -1.384268 -14.238578 -6.320121 -0.625438 -26.924191 -3.827599 -4.31262 -50.470623 -3.636583 -13.708529 -7.363474 -3.720939 18.141155 -14.052738 -3.242674 6e-06 -18.787271 -0.0 -0.429712 -8.456045 2.555505 0.0 -1e-06 0.0 -15.923541 -20.094482 -5.473585 30.419224 -7.190827 1.735927 4e-06 -8.162925 0.0 -1.861904 -22.861467 -6.167941 -0.0 -4e-06 -1e-06 139.348389 -10.55464 0.404955 21.98325 -0.191091 1.122759 -73.158646 -2.207883 -21.892246 -10.114569 1.835912 2.27146 -0.999998 -0.0 -0.0 12.89029 5.070359 4.520571 48.117134 2.004124 -2.04989 -64.625999 -20.077776 3.216326 -11.323444 0.82857 1.594314 -1.000002 -1e-06 -2e-06 
0.0 0.0 0.0 0.0 -0.0 0.0 -28.881746 88.557014 161.767609 100.094536 0.150893 63.931801 10.127997 -3.065188 0.656591 -7.485976 -1.330966 3.722431 24.473989 -4.231288 2.338717 28.208359 3.609152 2.687964 -2.935767 0.262545 -5.324699 -36.21645 6.38259 -9.934776 6e-06 -1e-06 0.0 0.039775 0.011693 0.016102 -0.198459 0.037767 -0.045095 -0.205682 -0.009132 0.04045 -94.358322 -70.502571 114.409622 25.705618 -47.386826 9.847107 90.887131 0.040338 -0.520159 9.30212 10.915071 6.110071 17.636621 -26.322723 52.411182 -19.466656 -14.395598 29.410385 -1e-06 -8.774822 -2e-06 15.665573 -18.963688 6.476462 -0.609775 -1.795653 -3.889328 -4.807087 -11.046807 -2.937848 6e-06 -20.976013 3e-06 -5.019968 -25.033552 -4.031879 5e-06 1e-06 2e-06 -10.634528 -5.686967 -3.565588 10.573272 -17.922949 -3.113899 1e-06 -13.821206 1e-06 -0.501778 -31.181498 -4.027011 -11.762045 -60.651062 7.290034 -13.982712 -7.150193 -2.875042 13.772731 -8.40149 -3.218245 0.347733 -34.211544 0.771656 -0.963028 -17.733366 2.621019 -3e-06 0.0 0.0 -17.346413 -20.095211 -4.201779 21.757557 -1.638376 3.866426 1e-06 -6.33882 2e-06 -1.697585 -22.591738 -6.194005 -2e-06 -3e-06 -1e-06 152.550735 -81.400787 42.8479 43.312675 -60.757702 -15.868985 95.547279 0.390037 0.537961 24.712141 13.324715 -10.963406 22.182116 -20.375895 49.933327 -16.701813 -16.743528 28.476532 -3e-06 -12.6906 0.0 16.015608 -17.988363 3.120156 -0.105919 -1.513856 -4.275881 -5.039041 -5.612873 -2.953557 3e-06 -11.020525 -2e-06 -6.111299 -15.895334 -3.84047 -1e-06 -3e-06 1e-06 -10.283371 -5.680288 -4.341839 11.028295 -11.302406 -2.372634 -1.384268 -14.23858 -6.320121 -0.625436 -26.924183 -3.827602 -4.08837 -50.542194 -3.871233 -13.708525 -7.363476 -3.720939 18.141151 -14.052739 -3.242676 6e-06 -18.78727 -2e-06 -0.429711 -8.456047 2.555503 -0.0 2e-06 0.0 -15.923536 -20.094484 -5.473584 30.41921 -7.190826 1.735924 1e-06 -8.162922 -0.0 -1.861901 -22.861479 -6.167943 0.0 -2e-06 -1e-06 143.4272 -10.047938 0.465755 30.847929 -0.273346 1.201549 -70.496277 1.492564 -23.83914 -9.643771 1.735544 2.17214 -0.999999 -2e-06 -0.0 4.404165 2.183834 1.319541 70.892204 2.420649 -1.276377 -68.314034 -20.82081 0.8293 -10.592523 0.874764 1.725864 -1.000002 0.0 -0.0 
0.0 0.0 0.0 0.0 -0.0 0.0 -32.328899 86.771599 170.509796 101.458427 4.11959 62.783989 11.603369 -4.447462 0.153167 -6.744183 -1.966153 2.39431 25.988836 -4.991361 0.60513 26.80209 4.102723 3.259475 -3.10832 -0.011697 -5.112028 -38.769089 6.099533 -10.13055 5e-06 -1e-06 3e-06 -0.005891 0.021446 -0.018936 -0.116875 0.05049 -0.039415 -0.14015 -0.007695 -0.025669 -100.787514 -74.242241 118.980377 38.006718 -41.831161 -1.487818 90.00872 0.541346 -0.79269 6.983949 12.93252 8.433002 17.636639 -26.322741 52.411213 -19.466665 -14.3956 29.410395 -2e-06 -8.774822 -3e-06 15.7854 -19.059284 6.601526 -0.609775 -1.795656 -3.889329 -4.807089 -11.046814 -2.93785 5e-06 -20.976021 1e-06 -5.019977 -25.033562 -4.03188 8e-06 -0.0 0.0 -10.634535 -5.686972 -3.565588 10.573275 -17.922953 -3.113901 3e-06 -13.821211 1e-06 -0.50178 -31.181505 -4.027015 -11.968492 -60.827652 7.422299 -13.982716 -7.1502 -2.875043 13.772731 -8.401497 -3.218241 0.347733 -34.211559 0.771655 -0.963027 -17.733376 2.621019 0.0 -0.0 1e-06 -17.346424 -20.095221 -4.201782 21.757565 -1.638375 3.86643 -0.0 -6.338826 2e-06 -1.697592 -22.591747 -6.194007 1e-06 -4e-06 -2e-06 113.52182 -83.329002 84.392586 45.052925 -59.675167 -21.555338 81.357727 0.253475 -0.339927 26.996141 18.08054 -8.622998 22.182117 -20.375895 49.933319 -16.701811 -16.743528 28.47653 -2e-06 -12.690603 -1e-06 16.009254 -17.481398 3.038764 -0.10592 -1.513857 -4.275881 -5.039041 -5.612872 -2.953556 3e-06 -11.020525 -2e-06 -6.1113 -15.895334 -3.840469 0.0 0.0 0.0 -10.283371 -5.680289 -4.341838 11.028295 -11.302405 -2.372633 -1.384269 -14.238581 -6.320121 -0.625442 -26.924191 -3.8276 -3.388849 -50.301846 -4.408203 -13.708524 -7.363478 -3.720939 18.141146 -14.052739 -3.242674 5e-06 -18.78727 -2e-06 -0.429713 -8.456044 2.555503 0.0 1e-06 0.0 -15.923536 -20.094484 -5.473582 30.41921 -7.190825 1.735926 2e-06 -8.162925 -1e-06 -1.861904 -22.861473 -6.167943 1e-06 0.0 -0.0 146.077866 -8.360599 -1.485117 44.142235 -0.456176 0.945754 -79.100685 1.757597 -25.994452 -6.882239 1.818817 2.1355 -0.999998 -1e-06 -0.0 -6.58699 -3.074702 -0.292948 91.375839 2.117182 -0.55019 -73.940788 -19.541584 1.220176 -11.18722 0.836316 1.582787 -1.000001 -0.0 -0.0 
0.0 0.0 0.0 0.0 -0.0 0.0 -36.131927 85.953682 178.672516 101.52198 7.553523 61.151047 13.077798 -4.896816 -0.175233 -5.922293 -2.249636 1.527186 27.206741 -4.97869 -1.345505 25.822989 3.829119 3.655129 -3.198252 -0.195208 -5.825935 -40.445961 6.092205 -10.596759 5e-06 -1e-06 4e-06 -0.069726 -0.009917 0.019698 -0.100123 0.007993 0.02097 -0.104142 -0.030492 -0.001296 -97.307236 -77.958527 113.791153 51.695045 -37.771137 -15.061252 89.346138 1.074213 -0.85568 5.527205 12.693946 13.296059 17.636623 -26.322744 52.411213 -19.46666 -14.395598 29.410395 -1e-06 -8.774821 -1e-06 15.953825 -18.414787 5.978337 -0.609776 -1.795654 -3.889328 -4.807087 -11.046806 -2.937849 4e-06 -20.976015 1e-06 -5.019973 -25.033554 -4.031879 5e-06 0.0 1e-06 -10.634531 -5.686971 -3.565588 10.573272 -17.922951 -3.113902 3e-06 -13.821209 2e-06 -0.50178 -31.181505 -4.027012 -11.402895 -60.56514 7.129332 -13.982708 -7.150198 -2.875044 13.772727 -8.401486 -3.218241 0.347732 -34.211552 0.771657 -0.963031 -17.73337 2.621021 2e-06 0.0 1e-06 -17.346413 -20.095215 -4.201784 21.757557 -1.638376 3.866425 -0.0 -6.338824 1e-06 -1.697589 -22.591743 -6.194005 -0.0 -4e-06 -2e-06 87.11087 -81.773285 113.377281 41.433289 -61.330715 -24.287022 75.388191 0.937877 -1.450393 29.522612 24.463705 -10.097181 22.182114 -20.375904 49.933323 -16.701813 -16.74353 28.476534 -2e-06 -12.690601 0.0 16.200256 -16.953518 2.908347 -0.105919 -1.513855 -4.275882 -5.03904 -5.612873 -2.953557 3e-06 -11.020525 -0.0 -6.111298 -15.895334 -3.840471 -1e-06 1e-06 1e-06 -10.28337 -5.680288 -4.341839 11.028293 -11.302404 -2.372632 -1.384269 -14.238582 -6.32012 -0.625442 -26.924191 -3.827598 -2.938543 -49.842884 -4.61977 -13.708528 -7.363473 -3.720941 18.141148 -14.05274 -3.242674 6e-06 -18.787271 0.0 -0.429712 -8.456045 2.555504 0.0 0.0 -0.0 -15.923538 -20.094484 -5.473583 30.419222 -7.190827 1.735925 2e-06 -8.162927 1e-06 -1.861905 -22.861473 -6.16794 0.0 -2e-06 -1e-06 153.755249 -8.144272 -4.603424 49.674046 -0.41016 0.76041 -88.55558 1.464457 -27.091906 -5.408831 1.805998 2.155276 -1.0 0.0 -0.0 -18.388052 -6.291996 -0.367287 103.225624 1.556566 -0.226195 -77.988197 -18.862041 2.772703 -11.626204 0.810167 1.452415 -1.000001 -0.0 0.0 
0.0 0.0 0.0 0.0 -0.0 0.0 -40.86187 85.891891 186.998886 100.476273 8.65758 58.433411 14.269236 -4.666442 -0.635135 -5.678321 -2.082143 0.631343 26.085487 -3.961803 -3.085727 26.267832 2.491721 3.524843 -3.069758 -0.066731 -5.926796 -41.112572 5.601528 -10.229055 5e-06 -0.0 1e-06 -0.084717 -0.015428 0.062604 -0.167745 0.018544 0.076037 -0.160645 -0.051986 0.033294 -76.289215 -80.13488 90.103455 61.777306 -39.022472 -28.636776 92.435043 0.800928 -0.822694 3.563493 11.145627 17.919104 17.636625 -26.322735 52.411194 -19.46666 -14.395597 29.410385 0.0 -8.774821 -2e-06 16.572847 -18.292524 5.354057 -0.609776 -1.795654 -3.889328 -4.807089 -11.046809 -2.937849 3e-06 -20.976015 3e-06 -5.019973 -25.033556 -4.031878 6e-06 0.0 0.0 -10.634533 -5.686969 -3.565587 10.573272 -17.922949 -3.113901 0.0 -13.821208 3e-06 -0.501781 -31.181501 -4.027011 -11.764083 -61.260021 7.628356 -13.982712 -7.150197 -2.875044 13.772728 -8.401489 -3.218241 0.34773 -34.211555 0.771657 -0.963029 -17.73337 2.621019 0.0 -1e-06 -0.0 -17.346416 -20.095215 -4.20178 21.757557 -1.638377 3.866426 1e-06 -6.338822 -0.0 -1.697589 -22.591742 -6.194005 -1e-06 -3e-06 -4e-06 87.212257 -79.373383 113.885391 26.362101 -64.260735 -9.633366 80.34288 1.740255 -1.62892 31.015663 24.867277 -9.769712 22.182117 -20.375904 49.933323 -16.701813 -16.743526 28.476536 -2e-06 -12.690603 -1e-06 16.28858 -16.813761 2.631468 -0.105921 -1.513855 -4.275882 -5.039042 -5.612873 -2.953557 4e-06 -11.020525 -0.0 -6.111297 -15.895332 -3.840471 0.0 -1e-06 1e-06 -10.283372 -5.680285 -4.341839 11.028295 -11.302404 -2.372632 -1.384268 -14.238581 -6.320122 -0.625438 -26.924191 -3.827599 -2.662051 -49.793182 -4.560949 -13.708527 -7.363475 -3.720941 18.141148 -14.052742 -3.242673 7e-06 -18.78727 -1e-06 -0.429712 -8.456045 2.555505 -0.0 1e-06 0.0 -15.923536 -20.094482 -5.473587 30.419218 -7.190828 1.735925 2e-06 -8.162928 0.0 -1.861904 -22.861473 -6.16794 -0.0 -2e-06 -1e-06 163.384735 -9.329397 -7.01709 49.255909 -0.540502 0.768888 -95.020996 -0.028642 -28.719255 -4.907127 1.809941 2.178746 -0.999999 -0.0 -0.0 -31.063049 -6.737766 -1.08397 105.56398 1.00777 -0.094213 -79.853127 -17.09045 4.016091 -11.750645 0.734297 1.368041 -1.0 -0.0 -0.0 
0.0 0.0 0.0 0.0 -0.0 0.0 -46.880928 87.133934 195.60997 99.859146 7.695835 55.140823 14.138051 -4.121911 -1.30062 -5.964053 -1.761649 -0.722847 24.039654 -2.857976 -4.346509 26.963924 0.969768 3.189633 -2.977668 0.033621 -5.595188 -40.688923 4.559188 -8.691807 6e-06 -1e-06 -0.0 -0.066779 -0.003751 0.016888 -0.212094 0.015057 0.027459 -0.166608 -0.025546 -0.010525 -59.45789 -81.146057 71.173012 65.802345 -41.867661 -38.131866 99.449661 0.507034 -0.96271 2.895658 10.793274 18.284119 17.636625 -26.322739 52.411205 -19.466661 -14.395596 29.410395 -0.0 -8.774819 -2e-06 17.139446 -18.352154 5.069485 -0.609777 -1.795652 -3.889328 -4.807088 -11.046809 -2.93785 4e-06 -20.976017 2e-06 -5.01997 -25.033558 -4.03188 7e-06 2e-06 1e-06 -10.634535 -5.68697 -3.565588 10.573275 -17.922951 -3.113901 2e-06 -13.82121 1e-06 -0.501777 -31.181505 -4.027014 -11.966769 -61.582981 7.85533 -13.982714 -7.150199 -2.875043 13.772731 -8.401494 -3.218242 0.347733 -34.211555 0.771658 -0.963028 -17.733372 2.621019 -0.0 0.0 0.0 -17.346416 -20.095217 -4.201783 21.757557 -1.638376 3.866428 2e-06 -6.338823 1e-06 -1.697589 -22.591743 -6.194004 1e-06 -5e-06 -2e-06 87.026398 -77.031494 114.00457 7.46232 -62.654602 12.263888 87.05304 1.645762 -0.683825 31.073008 21.379864 -3.445586 22.182116 -20.375889 49.933331 -16.701815 -16.743525 28.476534 -0.0 -12.690601 -0.0 16.185263 -16.959339 2.620229 -0.105919 -1.513859 -4.275882 -5.039041 -5.61287 -2.953558 4e-06 -11.020523 -3e-06 -6.111295 -15.895334 -3.840475 -1e-06 0.0 2e-06 -10.283369 -5.680289 -4.34184 11.028296 -11.302406 -2.372635 -1.384269 -14.238581 -6.320124 -0.625435 -26.924187 -3.827607 -3.261104 -49.835018 -3.73499 -13.708521 -7.363479 -3.720941 18.14115 -14.052739 -3.242676 7e-06 -18.78727 -4e-06 -0.429711 -8.456043 2.555503 0.0 0.0 0.0 -15.923531 -20.094484 -5.473588 30.41921 -7.190825 1.735927 3e-06 -8.162925 -1e-06 -1.861902 -22.861469 -6.167943 -1e-06 -2e-06 -1e-06 175.300659 -9.890494 -9.616179 40.98114 -0.776339 1.107773 -95.135208 -1.601939 -30.589262 -5.983721 1.763575 2.192508 -1.000002 0.0 0.0 -41.74905 -5.615582 -3.542361 97.953201 0.895239 -0.068484 -80.627914 -15.12381 4.25633 -12.314505 0.678769 1.414013 -1.000004 0.0 -1e-06 
0.0 0.0 0.0 0.0 -0.0 0.0 -54.007118 89.380447 204.089767 99.689865 5.633367 51.695724 12.903355 -3.297875 -1.769818 -6.328612 -1.469473 -2.14524 22.014742 -1.51704 -5.313891 27.596968 -0.462559 2.927459 -2.865735 -0.312578 -4.750349 -40.011921 3.268685 -7.367053 7e-06 0.0 0.0 -0.058853 -0.007209 0.009682 -0.231938 -0.005604 0.00177 -0.190479 -0.007887 0.004922 -53.822815 -81.542068 64.428925 66.081573 -45.324413 -41.112411 106.184525 0.911559 -1.015949 2.620083 10.427139 17.659494 17.636637 -26.322742 52.411209 -19.466665 -14.395598 29.410395 -1e-06 -8.774824 -2e-06 17.179411 -18.181543 5.045943 -0.609776 -1.795655 -3.889328 -4.80709 -11.046811 -2.937852 3e-06 -20.976019 3e-06 -5.019972 -25.03356 -4.031878 5e-06 2e-06 -0.0 -10.634536 -5.686973 -3.565588 10.573276 -17.922955 -3.113899 2e-06 -13.821213 2e-06 -0.501777 -31.181511 -4.027015 -11.712205 -61.204792 7.530046 -13.982718 -7.150199 -2.875042 13.772733 -8.401495 -3.218243 0.347734 -34.211559 0.771656 -0.963029 -17.733376 2.621021 -1e-06 -1e-06 0.0 -17.346424 -20.095222 -4.20178 21.757566 -1.638376 3.866427 1e-06 -6.338826 -1e-06 -1.697591 -22.591757 -6.194004 0.0 -4e-06 -3e-06 87.912384 -75.414497 112.975807 -6.069715 -59.349289 28.173065 91.678848 0.724442 0.456226 29.85111 17.876505 3.474796 22.182121 -20.375896 49.933323 -16.701815 -16.743528 28.476532 -2e-06 -12.690601 -3e-06 16.159309 -16.945129 2.466834 -0.10592 -1.513856 -4.275882 -5.03904 -5.612873 -2.953558 5e-06 -11.020525 -3e-06 -6.111298 -15.895338 -3.840471 1e-06 0.0 1e-06 -10.283373 -5.680292 -4.341839 11.028296 -11.302404 -2.372634 -1.384269 -14.238583 -6.320124 -0.625438 -26.924191 -3.827602 -3.848099 -49.650932 -3.312367 -13.708528 -7.36348 -3.720941 18.141153 -14.05274 -3.242674 6e-06 -18.787271 -1e-06 -0.429714 -8.456045 2.555504 1e-06 0.0 -1e-06 -15.923539 -20.094486 -5.473587 30.419222 -7.190827 1.735928 3e-06 -8.162927 -0.0 -1.861903 -22.861473 -6.167943 1e-06 -3e-06 -1e-06 -173.613907 -10.085052 -12.081751 30.052977 -0.894412 1.347039 -86.076614 -0.659722 -32.693237 -13.778063 1.796632 2.150053 -0.999999 -0.0 -0.0 -47.800053 -3.619652 -7.87926 82.416763 1.001183 -0.381427 -80.400414 -12.66172 1.97854 -12.492659 0.724035 1.556491 -1.000004 -1e-06 -1e-06 
0.0 0.0 0.0 0.0 -0.0 0.0 -62.228901 91.766655 212.273666 99.755638 3.613703 48.324982 11.201973 -2.352123 -1.87308 -6.938371 -1.267048 -3.274287 20.593279 -0.119382 -6.099531 28.795286 -1.796241 2.724825 -2.855289 -0.554733 -3.989035 -39.297256 2.245862 -6.238081 4e-06 -0.0 1e-06 -0.047032 -0.03373 0.096555 -0.302417 -0.033247 0.063008 -0.25989 -0.03084 0.119537 -55.886902 -80.993355 66.553505 65.328072 -48.991398 -39.832687 109.98645 1.242892 -1.065381 2.195637 8.993373 18.175884 17.636641 -26.322733 52.411201 -19.466656 -14.395596 29.410385 0.0 -8.774822 -1e-06 17.196276 -18.06068 5.186986 -0.609777 -1.795653 -3.889329 -4.807091 -11.046812 -2.937851 3e-06 -20.976019 2e-06 -5.019972 -25.03356 -4.03188 6e-06 -2e-06 1e-06 -10.634535 -5.68697 -3.565589 10.573274 -17.922953 -3.113899 2e-06 -13.821211 2e-06 -0.501778 -31.181505 -4.027017 -11.584505 -61.143642 7.278904 -13.982716 -7.150198 -2.875041 13.772729 -8.401492 -3.21824 0.347731 -34.211555 0.771656 -0.96303 -17.733372 2.621019 -1e-06 -1e-06 -0.0 -17.346422 -20.095219 -4.201782 21.757565 -1.638374 3.866427 1e-06 -6.338824 2e-06 -1.697591 -22.591745 -6.194005 0.0 -5e-06 -3e-06 93.85321 -74.371414 107.294312 -14.527781 -58.193501 38.373436 92.717773 0.538637 0.83647 28.679377 15.894714 7.692031 22.182117 -20.375898 49.933319 -16.701809 -16.74353 28.476528 -1e-06 -12.690605 1e-06 15.98945 -16.793053 2.369094 -0.105919 -1.513855 -4.275883 -5.039042 -5.612874 -2.953556 3e-06 -11.020524 -2e-06 -6.1113 -15.895334 -3.840469 1e-06 1e-06 -0.0 -10.283373 -5.680288 -4.341841 11.028293 -11.302406 -2.372632 -1.384267 -14.238584 -6.32012 -0.62544 -26.924191 -3.8276 -4.283128 -49.707653 -3.183627 -13.708527 -7.363476 -3.720941 18.14115 -14.052739 -3.242675 5e-06 -18.78727 -1e-06 -0.429714 -8.456045 2.555504 -0.0 -0.0 0.0 -15.923536 -20.094484 -5.473587 30.41921 -7.190823 1.735927 1e-06 -8.162925 -1e-06 -1.861904 -22.861469 -6.167941 0.0 -4e-06 -2e-06 -164.930801 -10.216718 -13.795621 20.62961 -0.730252 1.521536 -68.745743 2.051524 -32.974518 -25.305651 1.973951 2.011626 -0.999999 -1e-06 -0.0 -48.185417 -0.958116 -13.596287 60.933479 0.864389 -0.852725 -80.019165 -10.015716 -2.01358 -11.994061 0.675459 1.616369 -1.000003 -0.0 0.0 
0.0 0.0 0.0 0.0 -0.0 0.0 -71.250778 93.245987 220.517471 100.849091 3.989114 46.450016 9.721751 -2.625993 -2.205909 -7.616665 -1.327932 -3.747083 19.736004 0.386322 -7.137197 30.907463 -2.031952 2.73061 -2.927687 -0.13553 -4.026922 -38.461918 1.197439 -5.074983 5e-06 -0.0 1e-06 -0.032587 -0.043193 0.12932 -0.279436 -0.02861 0.079444 -0.242789 -0.051963 0.161358 -54.615662 -79.570061 66.262955 65.102051 -52.450153 -36.206448 109.656067 1.400764 -1.018443 1.772099 7.077516 19.593222 17.636631 -26.322725 52.41119 -19.466663 -14.395596 29.410389 -0.0 -8.774821 -1e-06 17.040424 -17.983765 5.356024 -0.609777 -1.795653 -3.889329 -4.807088 -11.046813 -2.937852 5e-06 -20.976019 -0.0 -5.019968 -25.033558 -4.031883 6e-06 -1e-06 -1e-06 -10.634535 -5.686972 -3.565589 10.573274 -17.922951 -3.113901 3e-06 -13.821208 -0.0 -0.501778 -31.181498 -4.027017 -11.693238 -60.921703 7.479779 -13.982714 -7.150199 -2.875044 13.77273 -8.401493 -3.218242 0.347736 -34.211555 0.771652 -0.963025 -17.733376 2.621018 -1e-06 0.0 -2e-06 -17.346418 -20.095221 -4.201786 21.757557 -1.638374 3.866428 1e-06 -6.338821 1e-06 -1.697589 -22.591745 -6.19401 1e-06 -2e-06 -3e-06 102.030617 -72.721825 99.447395 -21.429544 -59.577854 45.751408 91.509468 0.530997 0.740242 27.39274 15.660726 8.128851 22.182117 -20.375898 49.933319 -16.701817 -16.74353 28.476532 -2e-06 -12.690605 -2e-06 15.790995 -16.991949 2.532153 -0.105921 -1.513857 -4.275879 -5.03904 -5.61287 -2.953557 6e-06 -11.020525 -2e-06 -6.111301 -15.89533 -3.840472 -0.0 0.0 -1e-06 -10.283373 -5.680289 -4.341838 11.028296 -11.302404 -2.372636 -1.38427 -14.23858 -6.32012 -0.62544 -26.924187 -3.827601 -4.41775 -49.492111 -3.260356 -13.708527 -7.363476 -3.720936 18.141151 -14.052737 -3.242672 4e-06 -18.787268 -2e-06 -0.429714 -8.456042 2.555505 1e-06 -0.0 0.0 -15.923539 -20.094482 -5.473582 30.419218 -7.190826 1.735927 3e-06 -8.162928 0.0 -1.861904 -22.861467 -6.16794 1e-06 -3e-06 0.0 -159.331863 -8.789475 -11.76228 15.412974 -0.572911 1.719908 -49.718285 3.357667 -30.726679 -25.457489 1.764467 1.947742 -0.999998 0.0 1e-06 -43.404346 0.261682 -18.567915 37.524956 0.657731 -0.955311 -82.610207 -8.030773 -6.098881 -11.645088 0.665409 1.570449 -1.000002 -0.0 0.0 
0.0 0.0 0.0 0.0 -0.0 0.0 -79.933975 93.741333 228.247498 102.745209 6.767865 45.986763 8.981955 -4.225127 -2.644006 -8.078585 -1.654013 -3.691327 19.461681 -0.324625 -7.841612 32.376247 -0.522442 2.916908 -3.012244 0.110451 -4.616221 -37.423363 0.45636 -4.793439 5e-06 -1e-06 -1e-06 -0.031799 -0.02687 0.100475 -0.226844 0.000781 0.050672 -0.203853 -0.048684 0.12631 -51.356285 -78.389839 63.920025 64.704132 -55.129658 -31.172291 106.391838 1.399077 -0.942045 1.797931 5.343684 19.737411 17.636641 -26.322733 52.411205 -19.466663 -14.395598 29.410395 1e-06 -8.774822 -3e-06 16.678856 -17.976835 5.564035 -0.609777 -1.795654 -3.889328 -4.807091 -11.046813 -2.937852 2e-06 -20.976019 2e-06 -5.019972 -25.033556 -4.031884 6e-06 -1e-06 -1e-06 -10.634537 -5.686972 -3.565589 10.573276 -17.922951 -3.113901 2e-06 -13.821211 1e-06 -0.501776 -31.181505 -4.02702 -11.999046 -60.426746 7.898624 -13.982718 -7.150198 -2.875043 13.772733 -8.401494 -3.218241 0.347733 -34.211555 0.771654 -0.963031 -17.733372 2.621022 0.0 1e-06 -0.0 -17.346426 -20.095221 -4.201784 21.757566 -1.638374 3.86643 2e-06 -6.338825 -1e-06 -1.697591 -22.591747 -6.194008 -0.0 -6e-06 -1e-06 104.290993 -71.167725 97.077866 -26.122852 -61.824162 49.326683 89.707016 0.647921 0.047432 26.51746 16.113739 5.395597 22.182114 -20.375904 49.933323 -16.701811 -16.743532 28.476532 -2e-06 -12.690603 -3e-06 15.849255 -17.228022 2.65444 -0.105922 -1.513858 -4.275879 -5.039042 -5.612873 -2.953552 7e-06 -11.020525 -2e-06 -6.1113 -15.895334 -3.84047 -0.0 -0.0 -1e-06 -10.283373 -5.680291 -4.341837 11.028299 -11.302404 -2.372633 -1.38427 -14.238583 -6.320119 -0.62544 -26.924192 -3.8276 -4.329402 -49.491886 -3.472602 -13.708529 -7.363479 -3.720935 18.141153 -14.052742 -3.242674 6e-06 -18.787271 -0.0 -0.429713 -8.456045 2.555504 1e-06 -1e-06 -0.0 -15.923538 -20.094482 -5.47358 30.419222 -7.190827 1.735924 4e-06 -8.162929 1e-06 -1.861904 -22.861475 -6.16794 2e-06 -3e-06 -1e-06 -159.387299 -6.2982 -5.06928 21.256693 -0.946242 1.904379 -42.401424 3.322818 -29.651218 -13.737266 1.496832 2.058957 -1.0 -0.0 -1e-06 -37.23204 0.186844 -19.913649 20.402761 0.519885 -0.809151 -84.775734 -8.667998 -6.650949 -11.086788 0.816177 1.335068 -1.000001 -0.0 2e-06 
0.0 0.0 0.0 0.0 -0.0 0.0 -87.956215 93.320236 235.51004 103.880661 9.094819 45.241798 8.748839 -5.083035 -2.524854 -8.154277 -1.761772 -3.218562 19.445499 -1.161252 -7.658778 31.973927 1.097117 2.923437 -3.027459 -0.155379 -5.715105 -36.912319 0.389516 -5.766304 6e-06 0.0 1e-06 -0.011222 -0.017886 0.105343 -0.163834 -0.005269 0.056289 -0.136854 -0.027428 0.125547 -55.394951 -78.435509 68.906982 62.98912 -56.638359 -25.658918 102.128967 0.993138 -0.703635 2.615833 3.813371 16.490511 17.636627 -26.322733 52.411201 -19.46666 -14.395596 29.410389 -0.0 -8.774821 -4e-06 16.274687 -17.894566 5.698398 -0.609776 -1.795654 -3.889326 -4.807089 -11.046811 -2.937851 3e-06 -20.976019 2e-06 -5.019971 -25.03356 -4.03188 6e-06 0.0 -0.0 -10.634535 -5.686972 -3.565588 10.573272 -17.922953 -3.113899 2e-06 -13.821213 -1e-06 -0.501779 -31.181507 -4.027017 -12.253446 -60.255123 8.11443 -13.982714 -7.150199 -2.875043 13.772729 -8.401491 -3.21824 0.347731 -34.211555 0.771657 -0.963029 -17.73337 2.621022 -0.0 -1e-06 -0.0 -17.34642 -20.095221 -4.20178 21.757557 -1.638375 3.866429 1e-06 -6.338824 2e-06 -1.697589 -22.591745 -6.194009 -2e-06 -6e-06 -1e-06 98.893677 -71.107224 101.89946 -24.484144 -63.531017 45.615326 87.305771 1.414745 -0.227287 25.921926 16.736536 1.410748 22.182108 -20.375895 49.933319 -16.701817 -16.74353 28.476534 -5e-06 -12.690604 0.0 15.913714 -17.319296 2.59752 -0.105922 -1.513859 -4.275881 -5.039039 -5.61287 -2.953556 7e-06 -11.020525 -2e-06 -6.111296 -15.89533 -3.840476 -2e-06 2e-06 -1e-06 -10.283372 -5.68029 -4.341838 11.028297 -11.302406 -2.372632 -1.384269 -14.238581 -6.320121 -0.625434 -26.924191 -3.8276 -4.27383 -49.47847 -3.714831 -13.708527 -7.363475 -3.720937 18.141151 -14.052741 -3.242675 7e-06 -18.78727 -3e-06 -0.429712 -8.456043 2.555504 0.0 -0.0 -1e-06 -15.923532 -20.094482 -5.473586 30.419214 -7.190829 1.735923 5e-06 -8.162929 -1e-06 -1.861898 -22.861469 -6.16794 -1e-06 -3e-06 -2e-06 -165.633545 -4.165747 0.319813 38.52824 -1.359667 1.541275 -47.307281 1.649043 -29.68499 -9.331727 1.507898 2.392025 -0.999997 -0.0 1e-06 -32.691673 0.628725 -19.83032 15.507183 0.280882 -0.8427 -85.830971 -9.569107 -2.847696 -10.942194 0.846813 1.182048 -1.000001 0.0 2e-06 
0.0 0.0 0.0 0.0 -0.0 0.0 -95.651894 91.933243 242.729599 103.519836 9.060231 42.650299 8.605189 -3.723783 -1.750219 -8.248706 -1.580467 -2.578281 19.325935 -1.868348 -6.196174 29.766041 1.625537 2.765045 -2.89174 -0.267218 -6.941029 -37.625519 0.470884 -7.307017 6e-06 -0.0 1e-06 -0.018063 0.005267 0.087475 -0.049972 -0.023057 0.078235 0.009472 0.032057 0.068838 -70.996605 -79.0644 85.282509 57.49221 -57.43063 -17.731695 98.043007 1.074113 -0.603781 3.5289 2.567683 11.473708 17.636633 -26.322741 52.411213 -19.466665 -14.395602 29.410395 -0.0 -8.774824 -3e-06 16.302671 -17.570831 5.407206 -0.609777 -1.795654 -3.889328 -4.80709 -11.046811 -2.937849 4e-06 -20.976021 2e-06 -5.01997 -25.03356 -4.031883 4e-06 0.0 -0.0 -10.634537 -5.686971 -3.565588 10.573277 -17.922953 -3.1139 1e-06 -13.821213 2e-06 -0.501781 -31.181505 -4.027016 -12.006927 -59.76083 7.643519 -13.982718 -7.150199 -2.875042 13.772734 -8.401493 -3.218242 0.347732 -34.211555 0.771656 -0.963028 -17.733372 2.62102 1e-06 0.0 -0.0 -17.346422 -20.095221 -4.201782 21.757561 -1.638376 3.866428 1e-06 -6.338825 1e-06 -1.697589 -22.591751 -6.194008 -2e-06 -3e-06 -3e-06 88.966263 -72.848282 110.716454 -16.00716 -63.62244 35.259468 84.302811 2.321579 0.415822 24.267141 18.202738 -2.795373 22.182121 -20.375898 49.933323 -16.701807 -16.74353 28.47653 -1e-06 -12.690601 -1e-06 15.867843 -17.731634 2.490577 -0.105923 -1.513858 -4.275882 -5.039042 -5.612871 -2.953556 7e-06 -11.020523 -2e-06 -6.111302 -15.895334 -3.840469 -0.0 0.0 -0.0 -10.283372 -5.68029 -4.34184 11.028297 -11.302402 -2.372629 -1.384273 -14.238579 -6.32012 -0.625442 -26.924187 -3.827601 -4.158418 -49.489548 -4.192062 -13.708527 -7.363479 -3.72094 18.141151 -14.052739 -3.24267 4e-06 -18.78727 -2e-06 -0.429713 -8.456043 2.555504 -1e-06 1e-06 -0.0 -15.923536 -20.094484 -5.473583 30.41921 -7.190825 1.735929 4e-06 -8.162927 0.0 -1.861906 -22.861469 -6.167939 1e-06 -3e-06 -2e-06 -175.909378 -4.91138 0.784141 58.57687 -1.22642 1.024917 -54.268059 -3.4268 -28.826927 -9.103421 1.54571 2.765634 -0.999999 1e-06 1e-06 -31.371449 3.49281 -17.852736 22.041786 0.447054 -1.719885 -81.295792 -12.720908 15.216159 -10.7412 0.646497 1.503841 -1.000002 0.0 -0.0 
0.0 0.0 0.0 0.0 -0.0 0.0 -102.674164 89.753487 248.956055 100.606415 7.452069 36.913528 9.443401 -1.393157 -0.481919 -7.733652 -1.012872 -1.364327 19.305592 -0.842932 -4.006365 26.705938 0.461033 2.828481 -2.979018 -0.738157 -7.623413 -41.178841 -0.379634 -8.535503 6e-06 0.0 2e-06 -0.065552 -0.011848 0.137 0.061511 -0.056193 0.196563 0.102751 0.025488 0.058785 -91.980652 -77.105537 107.356384 49.911926 -58.066593 -9.998331 94.584999 0.984414 -0.498761 4.163006 2.086815 9.924718 17.636625 -26.322725 52.411186 -19.46666 -14.395594 29.410385 -0.0 -8.774821 -3e-06 16.712194 -17.576113 5.269202 -0.609778 -1.795654 -3.889328 -4.807086 -11.046808 -2.93785 4e-06 -20.976015 0.0 -5.019969 -25.033552 -4.031878 7e-06 0.0 1e-06 -10.634529 -5.686968 -3.565588 10.57327 -17.922947 -3.113899 2e-06 -13.821205 2e-06 -0.501777 -31.181494 -4.027015 -11.792351 -59.761887 7.474823 -13.982712 -7.150197 -2.875042 13.772727 -8.401491 -3.218242 0.347735 -34.21154 0.771654 -0.963029 -17.733366 2.62102 -0.0 -0.0 -1e-06 -17.346411 -20.095211 -4.201783 21.757555 -1.638376 3.866426 2e-06 -6.338822 1e-06 -1.697589 -22.59174 -6.194005 -0.0 -3e-06 -3e-06 85.703217 -76.669243 112.432564 -2.388931 -62.816547 21.050087 81.185898 2.055768 0.593505 22.92404 20.795307 -5.772713 22.182108 -20.375887 49.933308 -16.701807 -16.743523 28.476519 -0.0 -12.690598 -1e-06 16.130508 -17.893398 2.3133 -0.105922 -1.513858 -4.27588 -5.039041 -5.612871 -2.953556 5e-06 -11.020517 -2e-06 -6.111297 -15.895329 -3.840471 0.0 -1e-06 -1e-06 -10.283369 -5.680288 -4.341838 11.028291 -11.302401 -2.37263 -1.384271 -14.238573 -6.32012 -0.625438 -26.924177 -3.827601 -3.923661 -49.369713 -4.319472 -13.708523 -7.363478 -3.720937 18.141146 -14.052731 -3.242673 5e-06 -18.787266 -3e-06 -0.429712 -8.456039 2.555505 1e-06 -0.0 1e-06 -15.923532 -20.094481 -5.473583 30.419205 -7.190822 1.735928 3e-06 -8.162921 -0.0 -1.861904 -22.86146 -6.167939 0.0 -3e-06 -1e-06 173.947113 -10.466593 -1.327267 75.456497 -0.515502 0.667866 -62.176266 -7.813351 -24.470427 -8.9779 1.659325 2.999016 -0.999998 -2e-06 -0.0 -31.565027 9.562512 -13.964546 35.510632 0.454004 -2.275293 -88.177925 -16.975386 26.318064 -7.813391 0.445142 1.55777 -1.000003 1e-06 -1e-06 
0.0 0.0 0.0 0.0 -0.0 0.0 -109.946373 88.449234 254.730682 97.358315 5.955573 30.753469 10.186351 0.431313 0.530333 -7.401486 -0.50719 0.37112 20.320271 0.581671 -2.090143 24.727856 -0.551385 2.665207 -2.895818 -1.094418 -7.769055 -44.109634 -1.244884 -9.477262 6e-06 -0.0 1e-06 -0.097575 -0.030496 0.096264 0.105239 -0.07221 0.16224 0.111555 0.002564 0.014559 -102.485695 -73.455978 120.363754 42.072117 -58.273079 -3.395881 90.854568 0.823279 -0.74003 5.134392 2.905658 12.535639 17.636623 -26.322737 52.411186 -19.46666 -14.395592 29.410389 -1e-06 -8.774818 -2e-06 16.925556 -18.040922 5.356321 -0.609777 -1.795653 -3.889327 -4.807086 -11.046809 -2.937849 6e-06 -20.976015 1e-06 -5.019968 -25.033548 -4.031875 4e-06 1e-06 -2e-06 -10.634531 -5.686969 -3.565588 10.57327 -17.922951 -3.113899 4e-06 -13.821209 3e-06 -0.501776 -31.181505 -4.027013 -12.182871 -60.558083 7.853802 -13.982712 -7.150197 -2.875041 13.772726 -8.401493 -3.218241 0.347733 -34.211555 0.771659 -0.963031 -17.73337 2.621021 -0.0 -1e-06 1e-06 -17.346413 -20.095217 -4.20178 21.757551 -1.638376 3.866426 0.0 -6.338825 2e-06 -1.697587 -22.591743 -6.194005 -0.0 -5e-06 -2e-06 97.331306 -80.121536 99.535263 14.233948 -59.990871 6.433743 79.693954 1.308244 0.814041 21.937372 24.044518 -4.011379 22.182117 -20.375898 49.933315 -16.701811 -16.74353 28.476528 -2e-06 -12.690599 -3e-06 15.877909 -17.659719 2.278174 -0.105921 -1.513856 -4.275881 -5.039041 -5.612873 -2.953556 2e-06 -11.020516 -3e-06 -6.111297 -15.895334 -3.84047 1e-06 -1e-06 -1e-06 -10.283374 -5.680288 -4.341839 11.028293 -11.302403 -2.372632 -1.384267 -14.238581 -6.32012 -0.625441 -26.924187 -3.827599 -3.979302 -48.976967 -4.04851 -13.708526 -7.363476 -3.720942 18.141148 -14.052738 -3.242671 6e-06 -18.787271 -2e-06 -0.429712 -8.456043 2.555505 -1e-06 1e-06 -0.0 -15.923538 -20.094479 -5.473586 30.41921 -7.190825 1.735927 3e-06 -8.162926 1e-06 -1.861904 -22.861467 -6.167939 -0.0 -4e-06 -1e-06 163.631531 -15.408136 -1.198412 86.263199 -0.320704 0.525271 -68.458832 -11.38022 -20.410158 -8.612721 1.812871 2.904315 -0.999999 0.0 1e-06 -25.774582 14.418436 -11.199509 41.767521 0.786194 -2.663729 -97.413589 -14.812613 28.207174 -6.733698 0.43017 1.562752 -1.000002 -1e-06 0.0 
0.0 0.0 0.0 0.0 -0.0 0.0 -118.389145 88.478439 260.419098 96.409912 6.385032 26.477745 10.1914 0.607412 1.197563 -7.400893 -0.436734 1.844983 20.306021 0.645943 -0.832067 25.150677 -0.208741 2.857353 -2.771717 -1.011137 -8.514306 -44.147873 -1.639706 -10.385038 6e-06 -0.0 1e-06 -0.105447 -0.039626 0.028014 0.047602 -0.098613 0.080464 0.025835 0.012525 -0.040681 -104.423637 -70.163597 123.842941 29.711729 -58.017159 8.111096 90.020195 0.840602 -1.112593 6.7267 3.173125 13.815597 17.636627 -26.322733 52.411201 -19.466663 -14.395596 29.410393 -0.0 -8.774824 -2e-06 16.949568 -18.335808 5.460471 -0.609777 -1.795654 -3.889327 -4.80709 -11.046813 -2.93785 4e-06 -20.976019 -2e-06 -5.019969 -25.03356 -4.031884 6e-06 3e-06 -2e-06 -10.634535 -5.686971 -3.565587 10.573275 -17.922953 -3.113902 1e-06 -13.821213 1e-06 -0.501777 -31.181505 -4.027019 -12.495127 -60.810017 8.131642 -13.982716 -7.150199 -2.875042 13.772733 -8.401491 -3.218241 0.347732 -34.211555 0.771657 -0.963029 -17.73337 2.621018 0.0 2e-06 1e-06 -17.346424 -20.095221 -4.201779 21.757563 -1.638374 3.866429 2e-06 -6.338824 1e-06 -1.69759 -22.591747 -6.194008 -0.0 -5e-06 -2e-06 118.104599 -81.975029 77.479439 23.524843 -55.411732 -1.784956 82.042908 -0.066148 0.836148 20.498497 25.909958 2.52009 22.182116 -20.375898 49.933327 -16.701813 -16.743525 28.476532 -2e-06 -12.690598 -0.0 15.54638 -17.423355 2.221317 -0.105918 -1.513856 -4.275882 -5.039041 -5.612874 -2.953557 4e-06 -11.020526 -2e-06 -6.111298 -15.895334 -3.840472 -0.0 -1e-06 1e-06 -10.283369 -5.680289 -4.341841 11.02829 -11.302406 -2.372632 -1.384269 -14.238588 -6.320123 -0.625439 -26.924196 -3.827604 -4.048362 -48.300953 -3.889669 -13.708525 -7.363478 -3.720938 18.141148 -14.052739 -3.242674 5e-06 -18.787271 -2e-06 -0.429712 -8.456045 2.555504 -1e-06 0.0 -0.0 -15.923532 -20.09449 -5.473587 30.41921 -7.190826 1.735926 2e-06 -8.162924 -1e-06 -1.861903 -22.861471 -6.167943 1e-06 -3e-06 -1e-06 152.651459 -15.478923 0.884916 88.710243 -0.437396 0.356639 -72.217789 -15.134302 -18.171793 -8.321407 1.884373 2.644422 -0.999997 1e-06 -0.0 -15.932885 14.717306 -8.346866 40.897049 1.004345 -2.633157 -103.837479 -11.458917 26.836279 -6.577224 0.322397 1.577701 -1.000002 0.0 0.0 
0.0 0.0 0.0 0.0 -0.0 0.0 -127.206978 89.350639 265.663177 97.555519 8.310357 24.111837 9.250373 -0.109647 1.645976 -7.55193 -0.524893 2.957743 19.111032 -0.772509 0.289978 26.641096 0.956014 2.842922 -2.71516 -0.804547 -9.986979 -43.124454 -1.761118 -11.683355 6e-06 0.0 -0.0 -0.100634 -0.033732 -0.006259 0.024155 -0.093359 0.048398 -0.003901 0.018978 -0.079112 -102.925247 -67.858421 122.844505 15.558784 -55.765167 21.716152 91.910629 0.998689 -1.1851 8.32448 3.067767 15.000622 17.636629 -26.322737 52.411194 -19.466652 -14.395594 29.410381 0.0 -8.774822 -1e-06 16.89377 -18.346437 5.57074 -0.609776 -1.795654 -3.889327 -4.807087 -11.046809 -2.93785 3e-06 -20.976015 0.0 -5.019972 -25.033558 -4.031879 6e-06 -0.0 -0.0 -10.634533 -5.68697 -3.565588 10.573274 -17.922949 -3.1139 2e-06 -13.821209 3e-06 -0.501777 -31.181498 -4.027017 -12.728728 -60.818729 8.139257 -13.982718 -7.150198 -2.875041 13.772733 -8.401491 -3.218243 0.347733 -34.211552 0.771657 -0.963028 -17.73337 2.621018 -1e-06 0.0 -0.0 -17.346422 -20.095217 -4.201782 21.757555 -1.638375 3.866429 -1e-06 -6.338824 1e-06 -1.697593 -22.591743 -6.194005 1e-06 -5e-06 -1e-06 139.934998 -81.896034 54.370842 26.550741 -52.001923 -4.879048 86.426636 -1.073968 0.976289 18.16943 26.338705 7.303566 22.182121 -20.3759 49.933319 -16.701813 -16.74353 28.47653 -2e-06 -12.690601 -3e-06 15.798668 -17.548086 2.205937 -0.10592 -1.513855 -4.275883 -5.039041 -5.612873 -2.953556 7e-06 -11.020527 -3e-06 -6.111297 -15.895338 -3.840471 -1e-06 -1e-06 1e-06 -10.283371 -5.680289 -4.341837 11.028297 -11.302409 -2.372633 -1.384268 -14.238585 -6.32012 -0.625438 -26.924198 -3.827599 -4.233744 -48.478458 -3.919914 -13.708525 -7.363479 -3.72094 18.14115 -14.052741 -3.242674 6e-06 -18.78727 -1e-06 -0.429712 -8.456045 2.555504 1e-06 0.0 -1e-06 -15.923536 -20.094484 -5.473583 30.419218 -7.19083 1.735926 3e-06 -8.162927 -0.0 -1.861902 -22.861473 -6.16794 0.0 -3e-06 -1e-06 143.391983 -12.493844 1.590982 82.599854 -0.695341 0.348997 -72.411194 -19.025862 -17.332371 -8.283465 1.909903 2.373683 -0.999998 -0.0 -0.0 -4.760161 12.029726 -4.835845 33.674515 0.68132 -2.44445 -106.252838 -10.1453 23.86939 -8.153378 0.408177 1.576644 -1.000001 -0.0 0.0 
0.0 0.0 0.0 0.0 -0.0 0.0 -136.626785 90.612289 270.83609 99.938423 11.091462 23.191847 7.562917 -1.154741 1.672606 -7.985401 -0.760461 3.816493 17.781065 -2.942667 1.476954 28.070583 2.355335 2.83438 -2.634542 -0.82347 -11.690942 -41.726059 -1.81258 -13.41108 7e-06 0.0 -0.0 -0.04965 -0.02567 -0.028799 -0.027018 -0.061002 -0.005332 -0.053888 0.001812 -0.072917 -101.655556 -66.168961 121.581238 4.142218 -51.587688 32.058109 94.499962 1.19662 -1.051001 9.264604 3.912573 16.847233 17.636631 -26.322741 52.411213 -19.46666 -14.395598 29.410395 -1e-06 -8.774823 -2e-06 16.940935 -18.208971 5.617267 -0.609778 -1.795655 -3.889328 -4.807086 -11.046809 -2.937854 3e-06 -20.976019 0.0 -5.019974 -25.033556 -4.031881 5e-06 0.0 -1e-06 -10.634535 -5.686972 -3.56559 10.573275 -17.922951 -3.113902 1e-06 -13.82121 3e-06 -0.501779 -31.181505 -4.027017 -12.21225 -60.838352 7.653006 -13.982718 -7.150199 -2.875044 13.772733 -8.40149 -3.218241 0.347732 -34.211555 0.771657 -0.963028 -17.73337 2.62102 -0.0 0.0 -1e-06 -17.346422 -20.095217 -4.201784 21.757561 -1.638376 3.866429 0.0 -6.338825 2e-06 -1.697592 -22.591747 -6.194005 0.0 -4e-06 -1e-06 154.682281 -80.454147 38.838821 27.861305 -50.692242 -6.090185 90.11644 -1.157157 0.99095 15.973979 25.624342 9.872333 22.182117 -20.375898 49.933319 -16.701815 -16.743525 28.47653 -2e-06 -12.690602 -1e-06 16.130968 -17.526983 2.235733 -0.105919 -1.513857 -4.275883 -5.03904 -5.612871 -2.953556 4e-06 -11.020524 -3e-06 -6.111301 -15.895334 -3.840468 3e-06 -0.0 -1e-06 -10.283366 -5.680289 -4.341839 11.028294 -11.302404 -2.372633 -1.38427 -14.238579 -6.32012 -0.625439 -26.924187 -3.8276 -4.273631 -48.981747 -3.814234 -13.708521 -7.363479 -3.720939 18.14115 -14.052741 -3.242675 6e-06 -18.78727 -3e-06 -0.429713 -8.456044 2.555504 0.0 0.0 1e-06 -15.923532 -20.094484 -5.473584 30.419207 -7.190827 1.735926 2e-06 -8.162925 -1e-06 -1.861902 -22.861471 -6.167942 -0.0 -3e-06 -2e-06 137.969131 -8.842837 -0.402526 69.189041 -0.582761 0.374988 -69.747345 -20.659449 -17.229862 -8.140601 1.917567 2.183777 -0.999999 -0.0 -2e-06 5.33934 7.666987 -2.332201 25.349667 0.273872 -2.42624 -101.423607 -11.328531 20.465082 -14.533248 0.669249 1.533934 -1.000002 0.0 -0.0 
0.0 0.0 0.0 0.0 -0.0 0.0 -147.108521 91.91803 276.019257 101.998627 13.431757 23.064631 5.698925 -1.940521 1.569157 -8.648828 -0.890025 4.3309 17.02424 -4.730369 2.478258 29.364637 3.563183 2.834767 -2.608358 -1.100939 -13.155805 -40.25304 -1.623509 -15.598119 7e-06 0.0 -0.0 0.004255 -0.019988 0.035413 -0.066276 -0.02649 0.042294 -0.073641 -0.022922 0.007778 -99.813141 -64.958527 120.306137 -2.408342 -48.65403 36.909214 96.040298 1.610467 -0.865431 9.638856 5.412595 18.721516 17.636627 -26.322739 52.411221 -19.466665 -14.395598 29.410398 -1e-06 -8.774822 -2e-06 16.721344 -18.288498 5.793237 -0.609776 -1.795654 -3.88933 -4.807092 -11.046813 -2.93785 4e-06 -20.976021 -2e-06 -5.019969 -25.033562 -4.031885 7e-06 -1e-06 1e-06 -10.634534 -5.686971 -3.565588 10.573272 -17.922955 -3.113904 2e-06 -13.821211 1e-06 -0.50178 -31.181505 -4.027017 -11.810462 -60.793819 7.3178 -13.982718 -7.150201 -2.875044 13.772734 -8.401494 -3.218243 0.347732 -34.211559 0.771654 -0.963031 -17.733372 2.621018 0.0 -0.0 -1e-06 -17.346418 -20.095224 -4.201785 21.757566 -1.638375 3.866428 0.0 -6.338825 2e-06 -1.69759 -22.591751 -6.194009 1e-06 -2e-06 -3e-06 162.382568 -78.391586 30.804365 29.84959 -51.573479 -7.319076 91.765709 -1.004698 1.246264 14.951719 24.240631 11.789653 22.182114 -20.375891 49.933319 -16.701809 -16.743526 28.476528 -3e-06 -12.6906 0.0 16.151878 -17.463736 2.377371 -0.105921 -1.513854 -4.275881 -5.039042 -5.612873 -2.953557 5e-06 -11.020525 -3e-06 -6.1113 -15.895332 -3.840469 0.0 -1e-06 0.0 -10.283371 -5.680286 -4.341843 11.028296 -11.302406 -2.372634 -1.384269 -14.238584 -6.320121 -0.625439 -26.924194 -3.827604 -4.280909 -49.098701 -3.736925 -13.708525 -7.363475 -3.720941 18.14115 -14.052737 -3.242676 5e-06 -18.78727 -3e-06 -0.429713 -8.456043 2.555503 1e-06 1e-06 -0.0 -15.923532 -20.094482 -5.473587 30.41921 -7.190824 1.735926 2e-06 -8.162927 -2e-06 -1.861903 -22.861467 -6.167944 -0.0 -4e-06 -3e-06 137.185883 -6.146681 -3.876792 51.159779 -0.423956 0.329955 -65.443069 -16.459665 -19.709711 -7.679244 1.886174 2.162437 -0.999999 1e-06 -0.0 12.617528 3.659384 -1.830939 20.540894 0.300598 -2.529454 -87.601479 -14.045054 16.531176 -27.528973 1.059353 1.437538 -1.000003 0.0 -1e-06 
0.0 0.0 0.0 0.0 -0.0 0.0 -158.344788 92.837791 281.160583 101.893738 13.991 22.429935 4.476101 -1.489698 1.328866 -9.325244 -0.819402 4.861341 16.726675 -5.289558 2.984193 30.941509 4.537725 2.949831 -2.627269 -1.222879 -14.082936 -38.849716 -1.76361 -17.020641 6e-06 0.0 0.0 0.044625 -0.032076 0.16748 -0.121839 -0.033586 0.148302 -0.12032 -0.0392 0.16595 -97.45842 -63.87225 118.668648 -6.492553 -48.337845 39.101257 96.698189 2.137555 -0.761869 9.840416 6.795857 20.467827 17.636627 -26.322733 52.41119 -19.466656 -14.3956 29.410389 -1e-06 -8.774822 -2e-06 16.208767 -18.26627 6.170066 -0.609777 -1.795653 -3.889327 -4.807088 -11.046808 -2.937848 5e-06 -20.976015 -1e-06 -5.019972 -25.033556 -4.031881 7e-06 0.0 1e-06 -10.634533 -5.686968 -3.565587 10.573277 -17.922949 -3.1139 2e-06 -13.821209 1e-06 -0.501782 -31.181505 -4.027011 -11.799386 -60.618523 7.612132 -13.982716 -7.150196 -2.875041 13.77273 -8.401491 -3.218241 0.347733 -34.211552 0.771655 -0.963031 -17.733366 2.621019 -0.0 -0.0 0.0 -17.346416 -20.095217 -4.201782 21.757557 -1.638375 3.866428 2e-06 -6.338823 2e-06 -1.697589 -22.591738 -6.194004 -1e-06 -4e-06 -3e-06 166.378448 -76.45652 26.400421 32.485615 -54.76852 -8.208362 91.307243 -0.840193 1.441525 15.347018 22.790527 13.408003 22.182121 -20.3759 49.933319 -16.701817 -16.743534 28.476534 -4e-06 -12.690603 1e-06 16.072079 -17.379967 2.397354 -0.105919 -1.513857 -4.27588 -5.039042 -5.612872 -2.953555 5e-06 -11.020525 -1e-06 -6.1113 -15.895336 -3.840468 0.0 0.0 -2e-06 -10.283373 -5.680288 -4.341837 11.0283 -11.302407 -2.372635 -1.38427 -14.238584 -6.320121 -0.625439 -26.924192 -3.827599 -4.233691 -49.020897 -3.594879 -13.708528 -7.363475 -3.720939 18.141151 -14.05274 -3.242675 7e-06 -18.787273 -5e-06 -0.429713 -8.456045 2.555504 -1e-06 0.0 -0.0 -15.923538 -20.094482 -5.473583 30.419222 -7.190828 1.735923 2e-06 -8.162927 -1e-06 -1.861904 -22.861473 -6.167941 -0.0 -3e-06 -0.0 141.237671 -5.52496 -7.282962 31.124582 -0.181531 0.753712 -61.478889 -7.265674 -24.990282 -7.761669 1.816128 2.253074 -0.999999 -0.0 -0.0 16.958754 2.088181 -1.702386 21.603121 0.774146 -2.638096 -70.685966 -17.232862 12.832465 -35.541229 1.275334 1.430145 -1.000003 1e-06 -0.0 
0.0 0.0 0.0 0.0 -0.0 0.0 -169.477051 92.957886 285.975922 99.934601 13.35824 20.598288 4.091491 -0.36582 1.06455 -9.62357 -0.627988 5.033759 16.464231 -4.732788 3.016465 32.371582 4.881361 2.84816 -2.67037 -1.154693 -13.980619 -37.646317 -2.21665 -17.275869 6e-06 0.0 -0.0 0.053191 -0.045946 0.244164 -0.225522 -0.092367 0.183022 -0.226136 -0.005945 0.282082 -96.045326 -63.014915 117.553421 -9.307642 -50.305855 40.045166 96.857445 2.707726 -0.753464 10.098658 7.88508 22.544939 17.636633 -26.322731 52.41119 -19.466656 -14.3956 29.410385 -1e-06 -8.774822 -2e-06 15.553922 -18.284061 6.683875 -0.609779 -1.795655 -3.889327 -4.80709 -11.046809 -2.937849 3e-06 -20.976015 0.0 -5.019975 -25.033556 -4.03188 7e-06 -1e-06 -0.0 -10.634533 -5.68697 -3.565588 10.573271 -17.922947 -3.113898 2e-06 -13.821205 1e-06 -0.501784 -31.181501 -4.027012 -11.873003 -60.331169 7.996922 -13.982714 -7.150198 -2.875042 13.772727 -8.401491 -3.21824 0.347732 -34.211544 0.771655 -0.963029 -17.73337 2.62102 -2e-06 1e-06 -1e-06 -17.346422 -20.095215 -4.201782 21.757557 -1.638373 3.866428 -0.0 -6.338823 2e-06 -1.697594 -22.591743 -6.194004 -0.0 -6e-06 -3e-06 168.342728 -75.080193 23.81032 35.526585 -59.949608 -9.217135 89.16423 -0.775978 1.356398 16.620752 22.12001 14.205094 22.182112 -20.375887 49.933319 -16.701809 -16.743528 28.476528 -2e-06 -12.6906 -2e-06 15.961138 -17.450628 2.303889 -0.105921 -1.513854 -4.275882 -5.039043 -5.612872 -2.953556 5e-06 -11.02052 -4e-06 -6.111299 -15.895329 -3.840471 0.0 -1e-06 0.0 -10.283369 -5.680287 -4.341837 11.028294 -11.302404 -2.372634 -1.38427 -14.238577 -6.32012 -0.625437 -26.924183 -3.827604 -4.267419 -49.115604 -3.472163 -13.708524 -7.363477 -3.720938 18.14115 -14.052733 -3.242674 6e-06 -18.787268 -4e-06 -0.429714 -8.456043 2.555504 0.0 0.0 -2e-06 -15.923536 -20.094482 -5.473584 30.419207 -7.190823 1.735927 2e-06 -8.162922 1e-06 -1.861904 -22.861464 -6.167939 1e-06 -3e-06 -1e-06 147.692291 -6.004218 -9.248819 14.128525 0.122703 1.223864 -59.73555 0.209676 -30.60491 -8.860529 1.835619 2.284484 -0.999999 -1e-06 0.0 16.846972 2.127985 -0.705553 32.149391 1.436643 -2.547471 -60.604202 -18.832006 6.780264 -22.847155 1.043738 1.674627 -1.000005 -0.0 1e-06 
0.0 0.0 0.0 0.0 -0.0 0.0 -179.585617 91.900131 290.395508 97.257935 12.773385 18.661411 4.597661 0.301681 0.750396 -9.440964 -0.525021 4.535729 16.434938 -3.603783 2.255293 32.866737 5.197258 2.754225 -2.697072 -1.182521 -13.348969 -37.361282 -2.541193 -16.719152 6e-06 -0.0 -0.0 0.081248 -0.05591 0.204753 -0.265673 -0.131156 0.120378 -0.246199 0.011159 0.265907 -96.803589 -63.171921 117.633698 -9.164962 -53.550304 38.727257 96.102058 3.196312 -1.179299 10.595343 8.901319 25.467928 17.636644 -26.322744 52.411213 -19.466654 -14.395602 29.410389 0.0 -8.774822 -4e-06 15.399717 -18.455866 6.984937 -0.609776 -1.795654 -3.88933 -4.807091 -11.046813 -2.937849 -0.0 -20.976019 5e-06 -5.019975 -25.03356 -4.03188 8e-06 -1e-06 1e-06 -10.63454 -5.686974 -3.565588 10.573279 -17.922951 -3.1139 1e-06 -13.821211 2e-06 -0.501782 -31.181507 -4.027014 -12.321734 -60.824966 8.567409 -13.982719 -7.150197 -2.875045 13.772734 -8.401493 -3.21824 0.347729 -34.211559 0.771662 -0.963034 -17.733372 2.621023 -1e-06 1e-06 2e-06 -17.346428 -20.095219 -4.201784 21.757565 -1.638376 3.866431 0.0 -6.338825 3e-06 -1.697592 -22.591747 -6.194007 -3e-06 -4e-06 -3e-06 167.431839 -75.190697 24.385246 38.161884 -65.406242 -11.035027 85.168373 -0.85726 0.929941 18.525763 23.179068 12.883438 22.182117 -20.375887 49.933296 -16.701807 -16.743523 28.476521 -5e-06 -12.690598 -0.0 15.892727 -17.412397 2.149266 -0.10592 -1.513856 -4.275879 -5.03904 -5.612872 -2.953557 6e-06 -11.020523 -3e-06 -6.111297 -15.895332 -3.840469 0.0 -1e-06 0.0 -10.283367 -5.680287 -4.341839 11.028295 -11.302409 -2.372633 -1.384269 -14.238581 -6.320119 -0.625438 -26.924192 -3.827599 -4.219713 -49.199497 -3.657395 -13.708519 -7.363479 -3.720939 18.141146 -14.052736 -3.242672 8e-06 -18.787268 -2e-06 -0.429712 -8.456042 2.555501 0.0 0.0 1e-06 -15.92353 -20.094482 -5.473584 30.419205 -7.19083 1.735926 3e-06 -8.162925 -1e-06 -1.8619 -22.861467 -6.167941 1e-06 -3e-06 -2e-06 152.076462 -6.798732 -9.354791 9.592624 0.104644 1.183414 -59.634907 3.172467 -33.209904 -9.514955 1.849868 2.181857 -0.999999 1e-06 0.0 12.73277 2.747458 0.45101 51.255665 2.206659 -2.254202 -61.264393 -19.247723 -0.013655 -12.358439 0.853345 1.924138 -1.000002 0.0 2e-06 
0.0 0.0 0.0 0.0 -0.0 0.0 -188.936859 89.830368 294.844177 94.596252 13.180794 17.048098 5.764114 -0.291467 0.445009 -9.033943 -0.632809 3.356163 17.10183 -2.485949 1.125687 32.127033 5.84092 2.982078 -2.745822 -0.837306 -13.279672 -37.93211 -2.620445 -15.365841 6e-06 0.0 0.0 0.039044 -0.035886 0.043383 -0.193282 -0.102259 -0.008703 -0.179179 0.019277 0.077445 -100.321625 -65.309235 120.11985 -2.058656 -56.325603 31.522314 94.131493 2.826977 -0.857179 11.28328 10.102921 28.437344 17.636616 -26.322725 52.411205 -19.466663 -14.395597 29.410395 -0.0 -8.774818 0.0 15.667832 -18.18881 6.781864 -0.609777 -1.795653 -3.889327 -4.80709 -11.046813 -2.937853 2e-06 -20.976015 -1e-06 -5.019968 -25.033556 -4.031885 6e-06 -0.0 2e-06 -10.634537 -5.686975 -3.565589 10.573276 -17.922949 -3.113905 -1e-06 -13.821208 -0.0 -0.501776 -31.181505 -4.027023 -12.142211 -60.872448 8.310442 -13.982712 -7.150199 -2.875043 13.772728 -8.401492 -3.218244 0.347736 -34.211544 0.771653 -0.963028 -17.73337 2.621019 -1e-06 1e-06 2e-06 -17.346422 -20.095221 -4.201784 21.757557 -1.638372 3.866425 0.0 -6.338821 -1e-06 -1.69759 -22.591745 -6.19401 -3e-06 -4e-06 -3e-06 158.20932 -77.294617 33.950008 39.634155 -68.700386 -12.645667 78.167366 -0.954439 0.340861 20.561037 25.103197 8.17454 22.182108 -20.375885 49.933319 -16.701811 -16.743528 28.47653 -1e-06 -12.6906 -1e-06 16.01947 -17.268494 2.151 -0.105919 -1.513858 -4.27588 -5.039041 -5.612871 -2.953556 5e-06 -11.020517 -3e-06 -6.111299 -15.895328 -3.840471 0.0 -2e-06 -0.0 -10.283368 -5.680289 -4.341837 11.028293 -11.302397 -2.372633 -1.38427 -14.238579 -6.320121 -0.625438 -26.924181 -3.827604 -4.581079 -49.005543 -3.261498 -13.708523 -7.363477 -3.720939 18.141146 -14.052736 -3.242675 7e-06 -18.787266 -4e-06 -0.429712 -8.456039 2.555503 0.0 -0.0 0.0 -15.923532 -20.094482 -5.473585 30.41921 -7.190823 1.735925 2e-06 -8.162927 -1e-06 -1.861903 -22.861464 -6.16794 -0.0 -3e-06 -1e-06 153.089081 -7.752465 -8.997025 20.466444 0.094211 0.782168 -60.563683 5.741881 -27.531834 -8.787665 1.495789 2.153447 -0.999999 1e-06 -0.0 6.288212 2.217226 -0.427186 73.380417 2.959746 -1.529069 -66.374214 -21.341516 -5.055552 -10.648916 0.809302 2.197732 -1.000002 -0.0 1e-06 
0.0 0.0 0.0 0.0 -0.0 0.0 -198.45549 87.246284 298.828766 92.667473 15.809598 14.725489 6.996303 -1.993406 -0.015369 -8.534233 -1.249967 2.516106 18.582685 -2.696502 -0.141946 30.70344 6.967816 3.128811 -2.928808 -0.732283 -12.477071 -41.087067 -3.165079 -13.872926 6e-06 -0.0 -0.0 0.092455 -0.0141 -0.025531 0.063702 -0.01601 -0.037928 0.054071 -0.024736 -0.028305 -106.790222 -68.075409 125.941124 12.83099 -54.609871 18.779285 91.701576 2.239497 -0.48789 12.007775 10.69924 30.832724 17.636616 -26.322721 52.411182 -19.466658 -14.395596 29.410381 -2e-06 -8.774818 1e-06 15.786091 -18.074085 6.923279 -0.609776 -1.795653 -3.889327 -4.807086 -11.046809 -2.937851 3e-06 -20.976011 0.0 -5.019965 -25.033545 -4.031878 6e-06 1e-06 -4e-06 -10.634527 -5.686968 -3.565587 10.57327 -17.922947 -3.1139 3e-06 -13.821206 1e-06 -0.501775 -31.181498 -4.027016 -11.857308 -60.911976 8.063821 -13.982707 -7.150194 -2.87504 13.772722 -8.401489 -3.218243 0.347735 -34.211536 0.771651 -0.963027 -17.733364 2.621018 -2e-06 0.0 1e-06 -17.346409 -20.095209 -4.201782 21.757551 -1.638376 3.866424 1e-06 -6.338821 0.0 -1.697587 -22.59174 -6.194007 -2e-06 -6e-06 -1e-06 131.934113 -80.134926 61.603149 41.932816 -68.64975 -15.041069 67.399582 -0.646251 0.018217 23.934723 26.786659 4.670217 22.182104 -20.375895 49.933319 -16.701817 -16.743526 28.476534 -3e-06 -12.6906 1e-06 16.030319 -17.696686 2.141124 -0.105919 -1.513856 -4.275881 -5.039038 -5.61287 -2.953555 5e-06 -11.020524 -1e-06 -6.111294 -15.895328 -3.840472 0.0 -1e-06 -1e-06 -10.283365 -5.680286 -4.341839 11.028292 -11.302405 -2.372633 -1.384266 -14.238577 -6.320121 -0.625435 -26.924187 -3.827602 -4.009231 -48.647469 -3.873601 -13.70852 -7.363473 -3.72094 18.14115 -14.05274 -3.242676 8e-06 -18.78727 -1e-06 -0.429712 -8.456041 2.555504 1e-06 0.0 -0.0 -15.92353 -20.094475 -5.473586 30.419205 -7.190827 1.735921 3e-06 -8.162925 -0.0 -1.8619 -22.861464 -6.16794 -0.0 -4e-06 -1e-06 153.666916 -7.116262 -8.640048 38.859604 -0.28578 0.601767 -76.494408 3.214681 -26.675684 -5.058487 1.482133 2.186901 -0.999999 1e-06 -1e-06 -2.090677 -2.425462 -2.321435 93.698509 2.445242 -0.42993 -74.182976 -21.736084 -4.322617 -9.874254 0.771061 2.0852 -1.000001 0.0 -0.0 
0.0 0.0 0.0 0.0 -0.0 0.0 -208.461517 86.46785 302.062164 91.017876 18.323248 10.971447 7.80688 -3.523037 -0.533484 -8.127596 -1.649772 2.012387 20.266022 -3.544867 -1.474729 29.018356 6.960022 3.448724 -3.058619 -0.665117 -11.943977 -43.109943 -2.686601 -13.095829 6e-06 0.0 -1e-06 0.101253 -0.008501 -0.002262 0.171478 -0.006053 -0.008179 0.148563 -0.019205 -0.01124 -110.930809 -71.009148 130.389954 27.945559 -50.175972 6.086535 88.911377 1.619793 0.087775 13.07643 8.704241 31.230782 17.636625 -26.322737 52.411194 -19.466661 -14.395602 29.410393 -0.0 -8.774821 -1e-06 15.270271 -18.327185 7.089102 -0.609776 -1.795654 -3.889328 -4.807087 -11.046809 -2.937852 5e-06 -20.976019 -0.0 -5.019969 -25.033558 -4.031881 8e-06 -1e-06 -0.0 -10.634535 -5.686969 -3.565585 10.573277 -17.922951 -3.113901 2e-06 -13.821209 3e-06 -0.50178 -31.181505 -4.027013 -11.295547 -60.849583 7.446803 -13.982712 -7.150195 -2.875041 13.77273 -8.401491 -3.218244 0.347736 -34.211544 0.771654 -0.96303 -17.73337 2.621021 -1e-06 0.0 -0.0 -17.346416 -20.095213 -4.201781 21.757563 -1.638376 3.866428 1e-06 -6.338825 -0.0 -1.697592 -22.59174 -6.194002 -4e-06 -5e-06 -2e-06 98.588081 -80.239281 98.184631 45.965485 -67.510246 -19.106226 54.364899 0.524993 0.068737 25.508387 28.093899 2.069529 22.182123 -20.375898 49.933331 -16.701813 -16.743528 28.476532 -2e-06 -12.690601 -1e-06 16.119738 -17.490883 2.146079 -0.10592 -1.513856 -4.275882 -5.039041 -5.612871 -2.953558 3e-06 -11.020524 -3e-06 -6.1113 -15.895334 -3.840472 0.0 -1e-06 -1e-06 -10.283369 -5.680288 -4.34184 11.028294 -11.302405 -2.372633 -1.384268 -14.238581 -6.320123 -0.625434 -26.924189 -3.827603 -3.64528 -48.844547 -4.10052 -13.708526 -7.363477 -3.720942 18.141151 -14.05274 -3.242675 7e-06 -18.78727 -0.0 -0.429711 -8.456046 2.555503 0.0 -1e-06 -1e-06 -15.923538 -20.094484 -5.473588 30.419214 -7.190827 1.735928 2e-06 -8.162927 -0.0 -1.861901 -22.861469 -6.167943 -0.0 -3e-06 0.0 161.434921 -5.608125 -10.202092 44.462727 -0.290862 0.386052 -87.168198 2.288486 -27.743942 -4.067441 1.519807 2.216666 -0.999999 0.0 -0.0 -13.013034 -7.252594 -1.502422 104.782089 1.820647 0.066218 -80.216743 -19.224302 -0.34536 -10.656628 0.785526 2.02046 -1.000001 0.0 0.0 
0.0 0.0 0.0 0.0 -0.0 0.0 -218.20311 87.351669 304.218048 90.064789 17.623348 7.296008 8.270968 -3.481903 -0.771651 -8.051782 -1.589445 0.513475 20.098036 -2.924421 -2.632605 28.322994 5.181863 3.301296 -3.032789 -0.688205 -10.867311 -43.330719 -1.901597 -11.944546 6e-06 -0.0 0.0 0.038086 0.008488 0.011149 0.022376 -0.013753 -0.009956 0.023808 0.026911 0.016571 -111.099075 -74.160652 129.792145 34.211849 -48.332306 -2.055845 88.908394 0.674342 -0.348203 14.295973 5.928507 31.306831 17.636623 -26.322737 52.411194 -19.466656 -14.3956 29.410389 -2e-06 -8.774822 0.0 15.285645 -18.706364 6.887052 -0.609777 -1.795653 -3.889328 -4.807087 -11.046807 -2.93785 5e-06 -20.976015 3e-06 -5.01997 -25.033548 -4.031876 6e-06 -0.0 0.0 -10.634531 -5.686967 -3.565588 10.573275 -17.922947 -3.113901 2e-06 -13.821206 1e-06 -0.501777 -31.181498 -4.027012 -10.965134 -60.534901 6.812987 -13.982712 -7.150194 -2.875042 13.772731 -8.401492 -3.21824 0.347735 -34.211552 0.771658 -0.963032 -17.73337 2.621023 -1e-06 -0.0 -0.0 -17.346413 -20.095209 -4.201781 21.757557 -1.638375 3.866422 1e-06 -6.338823 -0.0 -1.69759 -22.591738 -6.194002 -2e-06 -2e-06 -2e-06 81.061096 -77.975838 117.341583 36.049805 -68.745155 -10.733816 49.395794 1.273551 0.255971 25.989187 27.536228 -0.958808 22.182117 -20.375898 49.933331 -16.701817 -16.74353 28.47654 -3e-06 -12.690602 -1e-06 16.473709 -17.382645 2.119756 -0.105922 -1.513857 -4.275882 -5.039043 -5.612873 -2.953558 9e-06 -11.020527 -3e-06 -6.111298 -15.895338 -3.840473 -1e-06 1e-06 -0.0 -10.283371 -5.680289 -4.34184 11.028295 -11.302408 -2.372634 -1.384268 -14.238586 -6.320125 -0.625434 -26.924198 -3.827605 -3.879443 -49.435703 -3.641767 -13.708529 -7.363479 -3.72094 18.141153 -14.052741 -3.242676 6e-06 -18.787271 -4e-06 -0.429709 -8.456043 2.555502 0.0 2e-06 -1e-06 -15.923539 -20.094492 -5.473588 30.419214 -7.190827 1.735926 3e-06 -8.162929 -1e-06 -1.861899 -22.861479 -6.167948 0.0 -1e-06 -1e-06 171.879883 -5.386909 -10.464624 40.539635 -0.340003 0.42183 -91.068596 0.652561 -29.206013 -4.764387 1.544884 2.257995 -0.999999 -1e-06 -1e-06 -25.201334 -7.737085 -1.556273 103.422287 1.684806 -0.013186 -82.872772 -14.730302 3.21157 -11.659397 0.857995 1.942803 -1.000002 -0.0 -0.0 
0.0 0.0 0.0 0.0 -0.0 0.0 -227.724625 88.843857 305.523438 90.395012 15.454249 4.464239 8.183945 -2.752092 -1.110307 -8.19816 -1.312197 -1.526673 18.70237 -1.323462 -3.597983 28.277668 2.700904 2.870587 -2.884285 -0.84144 -9.175164 -43.936501 -1.824074 -10.210912 6e-06 0.0 2e-06 0.014556 -0.001718 0.040364 -0.078846 -0.042866 0.009145 -0.050947 0.040642 0.056346 -103.202934 -76.957474 120.609077 34.3974 -50.151409 -7.239388 92.188156 0.10404 -0.955053 14.085478 5.057065 29.255316 17.63665 -26.322742 52.411201 -19.46666 -14.395602 29.410389 2e-06 -8.774826 -4e-06 15.672166 -18.640905 6.523325 -0.609775 -1.795653 -3.889328 -4.807088 -11.046813 -2.93785 3e-06 -20.976021 2e-06 -5.01997 -25.03356 -4.031879 5e-06 0.0 0.0 -10.634537 -5.686969 -3.56559 10.573277 -17.922956 -3.113899 4e-06 -13.821211 4e-06 -0.50178 -31.181507 -4.02701 -11.049242 -60.479893 6.965972 -13.982716 -7.150197 -2.875044 13.772731 -8.401495 -3.21824 0.347735 -34.211555 0.771658 -0.963029 -17.733372 2.621022 -2e-06 -0.0 -0.0 -17.346422 -20.095215 -4.201783 21.757561 -1.638378 3.866429 1e-06 -6.338824 0.0 -1.69759 -22.591745 -6.194005 -1e-06 -4e-06 -3e-06 78.945053 -75.244934 119.718475 13.267836 -68.766335 10.675992 54.890442 1.28254 0.12547 27.749226 25.82382 -2.509215 22.182117 -20.375904 49.933327 -16.701817 -16.74353 28.476536 -3e-06 -12.690603 -1e-06 16.80036 -17.298769 1.932781 -0.10592 -1.513857 -4.275882 -5.039041 -5.612873 -2.953557 6e-06 -11.020527 -1e-06 -6.111303 -15.895338 -3.840471 -3e-06 1e-06 -1e-06 -10.283374 -5.680289 -4.341839 11.028297 -11.302408 -2.372633 -1.384272 -14.238585 -6.320121 -0.625437 -26.924198 -3.827602 -4.044812 -49.775669 -3.479143 -13.708526 -7.363478 -3.72094 18.141155 -14.052742 -3.242675 6e-06 -18.787275 -0.0 -0.42971 -8.456045 2.555505 0.0 0.0 0.0 -15.923539 -20.09449 -5.473584 30.419218 -7.190827 1.735927 4e-06 -8.16293 -0.0 -1.861904 -22.861485 -6.167943 2e-06 -2e-06 -1e-06 -176.507568 -5.450487 -9.826718 30.320385 -0.587624 0.85048 -87.274284 -1.793935 -31.701464 -8.152581 1.633524 2.255342 -0.999999 0.0 -0.0 -36.061157 -6.201548 -4.872727 93.015869 1.438189 -0.386416 -82.574371 -10.557888 2.651742 -11.394927 0.917921 1.873164 -1.000004 0.0 0.0 
0.0 0.0 0.0 0.0 -0.0 0.0 -238.234665 90.929863 306.029572 91.825478 13.09023 1.606864 6.9031 -1.709365 -1.504773 -8.533349 -1.054821 -3.124148 17.519104 0.536873 -4.465085 28.324636 0.201787 2.637476 -2.741189 -0.902195 -7.337899 -43.995712 -1.918642 -8.189733 6e-06 -0.0 1e-06 0.00477 -0.013952 0.105241 -0.133921 -0.074241 0.06782 -0.114181 0.050211 0.128038 -94.089027 -77.947723 110.434364 31.170931 -52.623405 -8.924241 95.848312 -0.139661 -1.073662 12.006796 5.776938 27.229855 17.636631 -26.322735 52.411213 -19.46666 -14.3956 29.410395 2e-06 -8.774824 -3e-06 16.085981 -18.576445 6.343596 -0.609776 -1.795654 -3.889327 -4.807091 -11.046808 -2.937853 1e-06 -20.976015 1e-06 -5.019973 -25.03356 -4.031884 4e-06 0.0 -0.0 -10.634538 -5.686971 -3.565589 10.573277 -17.922955 -3.113901 2e-06 -13.821211 2e-06 -0.501779 -31.181507 -4.027017 -11.452048 -60.71257 7.509612 -13.982719 -7.150198 -2.875043 13.772731 -8.40149 -3.218243 0.347734 -34.211552 0.771654 -0.963033 -17.733372 2.621022 -2e-06 0.0 1e-06 -17.346426 -20.095221 -4.201782 21.757566 -1.638372 3.866431 3e-06 -6.338823 1e-06 -1.697593 -22.591747 -6.194005 -2e-06 -4e-06 -2e-06 81.603477 -73.71122 117.559769 -5.239458 -65.349915 28.808052 62.253494 1.306038 0.319352 27.507019 23.595285 -0.379263 22.182114 -20.375896 49.933334 -16.701815 -16.743526 28.476538 -2e-06 -12.6906 -1e-06 16.652994 -17.528927 1.954651 -0.105922 -1.513857 -4.275882 -5.03904 -5.612873 -2.953558 3e-06 -11.020525 -3e-06 -6.111297 -15.895334 -3.840473 -2e-06 1e-06 -0.0 -10.283371 -5.68029 -4.34184 11.028296 -11.302405 -2.372634 -1.384269 -14.238581 -6.320122 -0.625438 -26.924191 -3.827604 -4.414997 -49.678745 -3.488033 -13.708527 -7.363479 -3.720942 18.141153 -14.05274 -3.242677 2e-06 -18.787271 -2e-06 -0.429711 -8.456045 2.555504 -1e-06 -0.0 -1e-06 -15.923539 -20.09449 -5.473588 30.419214 -7.190826 1.735927 4e-06 -8.162927 -2e-06 -1.861902 -22.861473 -6.167946 -1e-06 -3e-06 0.0 -165.60968 -5.729906 -9.733128 18.049707 -0.637552 1.424432 -73.954254 -2.097425 -33.327213 -17.116556 1.914377 2.23531 -0.999998 0.0 -1e-06 -42.660271 -3.719466 -10.387191 75.594032 1.171206 -0.747594 -82.20005 -9.537954 0.471173 -11.246818 0.861764 1.680218 -1.000005 0.0 0.0 
0.0 0.0 0.0 0.0 -0.0 0.0 -250.261688 92.603905 306.016937 93.456627 12.163856 -1.201306 5.091726 -0.956643 -1.840187 -9.052297 -0.99065 -4.106683 16.873003 1.770307 -5.387249 28.275839 -1.957237 2.631201 -2.724965 -0.886548 -5.680314 -43.124996 -1.812254 -6.919976 6e-06 -0.0 2e-06 0.04092 -0.012816 0.190226 -0.127526 -0.082258 0.136665 -0.121876 0.060279 0.227735 -87.834366 -77.694832 103.642693 27.084097 -55.074791 -7.960546 98.436531 -0.56214 -0.884296 9.949832 6.789876 25.62579 17.636627 -26.322733 52.411194 -19.46666 -14.395598 29.410395 2e-06 -8.774822 -2e-06 16.247591 -18.474167 6.348093 -0.609775 -1.795655 -3.889329 -4.80709 -11.046809 -2.937851 3e-06 -20.976015 -1e-06 -5.019972 -25.03356 -4.031881 5e-06 0.0 -0.0 -10.634535 -5.686973 -3.565586 10.573272 -17.922951 -3.113901 2e-06 -13.821206 1e-06 -0.501777 -31.181505 -4.027017 -12.035245 -60.814442 8.369206 -13.982715 -7.1502 -2.875043 13.772729 -8.401491 -3.218243 0.347735 -34.211555 0.771652 -0.963027 -17.73337 2.62102 -2e-06 -0.0 -1e-06 -17.34642 -20.095221 -4.201779 21.757559 -1.638372 3.866428 2e-06 -6.338824 1e-06 -1.697591 -22.591751 -6.194007 -2e-06 -3e-06 -2e-06 87.950653 -73.443558 112.238449 -15.526935 -62.165672 38.809776 67.57972 1.594827 1.171805 25.997261 21.86972 2.018472 22.182116 -20.375895 49.933327 -16.701818 -16.743528 28.476536 -3e-06 -12.6906 -1e-06 16.247248 -17.844042 2.315073 -0.105919 -1.513856 -4.275882 -5.039042 -5.612874 -2.953557 3e-06 -11.020527 -3e-06 -6.1113 -15.895338 -3.840474 -0.0 0.0 -0.0 -10.283369 -5.680289 -4.34184 11.028294 -11.302407 -2.372634 -1.384268 -14.238581 -6.320123 -0.625435 -26.924191 -3.827606 -4.640472 -49.660885 -3.387873 -13.708526 -7.363479 -3.72094 18.141151 -14.052739 -3.242676 8e-06 -18.78727 -2e-06 -0.429711 -8.456047 2.555503 2e-06 -0.0 -0.0 -15.923534 -20.094486 -5.473588 30.419214 -7.190828 1.735925 -0.0 -8.162927 -0.0 -1.861898 -22.861473 -6.167945 -0.0 -4e-06 0.0 -157.101273 -4.736263 -10.669158 7.60055 -0.484397 1.958277 -54.058784 -1.595251 -31.363314 -23.79212 1.963379 2.250316 -0.999998 -0.0 1e-06 -44.562557 -1.434942 -15.517888 53.966488 0.904196 -0.921654 -80.843979 -8.372851 -0.654357 -10.47068 0.779253 1.54865 -1.000001 0.0 1e-06 
0.0 0.0 0.0 0.0 -0.0 0.0 -263.142212 93.49675 305.84024 93.502098 14.184009 -3.040298 3.936896 -1.704443 -2.218664 -9.444609 -1.155572 -4.302239 16.852774 1.494708 -6.350848 28.255192 -2.552675 2.560138 -2.767306 -0.902022 -4.691421 -41.279598 -1.626126 -6.639328 6e-06 -0.0 2e-06 0.065174 -0.009911 0.270125 -0.044354 -0.070589 0.213828 -0.028749 0.049692 0.30641 -85.344254 -77.364204 101.435196 25.240955 -56.896721 -6.84639 99.598671 -1.086381 -0.599589 9.178876 7.030599 25.28023 17.636631 -26.322739 52.411198 -19.466663 -14.395598 29.410389 2e-06 -8.774822 -3e-06 16.413038 -18.232691 6.128536 -0.609774 -1.795656 -3.889331 -4.807087 -11.046808 -2.93785 4e-06 -20.976015 3e-06 -5.019974 -25.033558 -4.031878 5e-06 0.0 0.0 -10.634533 -5.686968 -3.565589 10.573276 -17.922951 -3.113901 3e-06 -13.82121 3e-06 -0.501778 -31.181507 -4.027012 -12.090925 -60.621132 8.475054 -13.982714 -7.150197 -2.875045 13.772731 -8.401492 -3.21824 0.347733 -34.211552 0.771659 -0.963032 -17.73337 2.621022 -0.0 1e-06 -1e-06 -17.346422 -20.095215 -4.201781 21.757561 -1.638374 3.866429 1e-06 -6.338823 1e-06 -1.697593 -22.591745 -6.194002 -2e-06 -4e-06 -3e-06 90.699875 -72.931549 110.601791 -19.890898 -60.614475 41.230442 69.79644 1.64215 1.681544 25.053804 20.929565 4.223117 22.182108 -20.375895 49.933319 -16.701811 -16.743528 28.476532 -2e-06 -12.690598 -1e-06 15.863811 -17.889957 2.641547 -0.105919 -1.513855 -4.275881 -5.03904 -5.612872 -2.953556 3e-06 -11.020523 -2e-06 -6.111294 -15.895332 -3.840472 -1e-06 0.0 0.0 -10.283365 -5.680289 -4.341839 11.028292 -11.302404 -2.372634 -1.384272 -14.238581 -6.320121 -0.625437 -26.924187 -3.827602 -4.264355 -49.516819 -3.445247 -13.70852 -7.363476 -3.720939 18.141146 -14.052739 -3.242675 5e-06 -18.787266 -3e-06 -0.429712 -8.456044 2.555502 2e-06 0.0 -0.0 -15.923531 -20.094482 -5.473585 30.419207 -7.190824 1.735926 3e-06 -8.162926 -1e-06 -1.861903 -22.861469 -6.167942 -1e-06 -4e-06 -1e-06 -152.616989 -1.777464 -9.669897 5.394676 -0.712389 2.316164 -38.816437 -3.928495 -26.98321 -15.29459 1.508331 2.274313 -0.999998 -0.0 0.0 -41.915039 -1.02775 -17.047539 33.156338 0.932985 -0.911285 -77.24794 -5.948213 -2.161182 -10.656797 0.763153 1.397074 -1.000002 -0.0 1e-06 
0.0 0.0 0.0 0.0 -0.0 0.0 -275.164246 93.310623 305.450714 92.102142 17.287682 -4.126096 3.69076 -3.022159 -2.266868 -9.728941 -1.433716 -3.856984 17.208567 0.248645 -6.787086 28.533484 -1.516539 2.219755 -2.803737 -0.930642 -4.63416 -39.69619 -1.506466 -7.108322 6e-06 0.0 0.0 0.045017 -0.003128 0.317983 -0.034903 -0.042779 0.269999 0.002977 0.028877 0.345252 -83.885429 -77.420212 100.656151 26.814873 -58.713543 -6.84107 99.5896 -1.23568 -0.273372 8.785793 6.737497 25.357132 17.636633 -26.322737 52.411201 -19.466663 -14.395598 29.410395 1e-06 -8.774822 -2e-06 16.164431 -18.212868 6.177302 -0.609774 -1.795653 -3.889329 -4.807089 -11.046811 -2.93785 4e-06 -20.976015 1e-06 -5.019973 -25.033558 -4.031878 5e-06 1e-06 0.0 -10.634532 -5.686969 -3.565589 10.573277 -17.922949 -3.113899 3e-06 -13.821206 3e-06 -0.501777 -31.181505 -4.027011 -12.238474 -60.338634 8.385329 -13.982712 -7.150197 -2.875043 13.772733 -8.401493 -3.218243 0.347735 -34.211552 0.771658 -0.96303 -17.73337 2.621022 -3e-06 0.0 -0.0 -17.346416 -20.095213 -4.201782 21.757561 -1.638376 3.866427 1e-06 -6.338823 -0.0 -1.69759 -22.591745 -6.194004 -0.0 -4e-06 -2e-06 89.29142 -72.198837 112.454475 -21.158201 -61.242695 38.915691 68.978012 1.34383 1.032797 24.723433 20.525299 6.614785 22.182121 -20.375904 49.933342 -16.701817 -16.74353 28.47654 -3e-06 -12.690603 -2e-06 15.795589 -17.707348 2.640404 -0.105918 -1.513855 -4.275883 -5.039043 -5.612874 -2.953558 7e-06 -11.020527 -2e-06 -6.111298 -15.895336 -3.840472 -1e-06 0.0 0.0 -10.283373 -5.680289 -4.34184 11.028296 -11.302407 -2.372633 -1.384272 -14.238583 -6.320123 -0.625437 -26.924198 -3.827604 -3.91934 -49.182167 -3.700622 -13.708528 -7.363479 -3.720942 18.141151 -14.05274 -3.242674 5e-06 -18.787271 -1e-06 -0.42971 -8.456044 2.555504 3e-06 1e-06 1e-06 -15.923539 -20.094486 -5.473588 30.419222 -7.190828 1.735929 4e-06 -8.162927 0.0 -1.861907 -22.861473 -6.167942 -0.0 -4e-06 -1e-06 -153.299271 0.775393 -6.760294 14.86285 -1.214403 2.160797 -36.118145 -4.458345 -26.007277 -9.532764 1.384963 2.226634 -1.0 -0.0 -0.0 -37.38776 -1.595864 -14.679475 20.545858 1.068362 -0.664025 -73.150307 -7.617807 -3.229631 -10.338259 0.780879 1.202441 -1.000002 1e-06 1e-06 
0.0 0.0 0.0 0.0 -0.0 0.0 -285.923401 92.093346 305.047668 90.69426 18.267143 -5.43793 3.890793 -2.818964 -1.785213 -9.796307 -1.51105 -3.333813 17.393778 -0.885716 -6.127283 28.43228 -0.458846 1.994155 -2.835215 -0.768113 -5.467397 -38.891663 -1.420927 -8.172059 6e-06 0.0 0.0 0.026816 0.021529 0.283186 -0.053146 -0.040608 0.248459 0.00424 0.071794 0.300984 -87.702682 -77.309685 104.660309 29.438314 -60.026772 -6.381099 98.905945 -0.694505 -0.057877 8.738671 6.160005 23.709829 17.636637 -26.322729 52.411179 -19.466661 -14.395592 29.410385 1e-06 -8.774819 -3e-06 15.722487 -18.143703 6.258504 -0.609776 -1.795654 -3.889327 -4.80709 -11.046813 -2.937847 7e-06 -20.976019 -1e-06 -5.01997 -25.033556 -4.031878 4e-06 -0.0 0.0 -10.634531 -5.68697 -3.565587 10.573271 -17.922947 -3.113899 2e-06 -13.821209 0.0 -0.501776 -31.181507 -4.027017 -12.436645 -60.088863 8.087825 -13.982713 -7.150196 -2.875041 13.77273 -8.401493 -3.218241 0.347736 -34.211555 0.771654 -0.963028 -17.73337 2.621019 -1e-06 -0.0 0.0 -17.346416 -20.095217 -4.201782 21.757557 -1.638374 3.866427 1e-06 -6.338824 2e-06 -1.697591 -22.591743 -6.194005 1e-06 -4e-06 -2e-06 84.763977 -72.562035 116.66407 -19.91371 -63.067898 33.670467 66.4907 1.291128 0.221514 24.450476 20.954872 8.043585 22.182119 -20.375895 49.933323 -16.701813 -16.74353 28.476532 -3e-06 -12.690601 -2e-06 15.891582 -17.772181 2.583439 -0.10592 -1.513857 -4.275881 -5.039043 -5.612871 -2.953557 6e-06 -11.020524 -3e-06 -6.111297 -15.895332 -3.840473 -2e-06 0.0 0.0 -10.28337 -5.68029 -4.341839 11.028296 -11.302404 -2.372633 -1.384269 -14.23858 -6.320121 -0.625437 -26.924191 -3.827604 -4.072889 -49.351841 -3.82208 -13.708524 -7.363479 -3.72094 18.141148 -14.052739 -3.242674 7e-06 -18.78727 -2e-06 -0.429711 -8.456043 2.555505 4e-06 0.0 1e-06 -15.923534 -20.094482 -5.473588 30.419214 -7.190827 1.735927 6e-06 -8.162926 -1e-06 -1.861902 -22.861469 -6.167944 -1e-06 -2e-06 0.0 -159.222336 0.486155 -6.027883 32.084408 -1.380903 1.754029 -41.038521 -4.026303 -26.253632 -9.527431 1.532139 2.265317 -0.999998 1e-06 1e-06 -34.554604 -0.224859 -10.932989 22.702789 1.094145 -0.636513 -71.107033 -12.347836 7.375527 -9.664711 0.638844 1.398215 -1.000003 -0.0 -0.0 
0.0 0.0 0.0 0.0 -0.0 0.0 -295.818054 90.646126 304.162201 89.428123 16.057442 -7.325571 4.630108 -1.260885 -1.040109 -9.434732 -1.15452 -2.899585 17.793911 -0.85555 -4.867449 27.698074 0.020017 1.928538 -2.948949 -0.761242 -6.38132 -39.156792 -1.253138 -9.726622 6e-06 -0.0 0.0 -0.029936 0.041393 0.317281 0.009158 -0.051777 0.322443 0.077529 0.120752 0.296033 -98.182518 -76.26149 115.28791 31.941854 -60.563629 -7.020574 97.575035 -0.328956 -0.134123 9.388383 5.73425 22.566057 17.636641 -26.322741 52.411201 -19.46666 -14.395602 29.410389 -2e-06 -8.774824 -3e-06 15.25608 -17.665974 6.338805 -0.609776 -1.795655 -3.889329 -4.807091 -11.046813 -2.93785 4e-06 -20.976021 1e-06 -5.019973 -25.033562 -4.031881 5e-06 0.0 -0.0 -10.634537 -5.686973 -3.565589 10.573277 -17.922955 -3.113901 2e-06 -13.821213 -1e-06 -0.501776 -31.181519 -4.027019 -12.484913 -59.516533 8.013595 -13.982718 -7.1502 -2.875044 13.772733 -8.401497 -3.218243 0.347736 -34.211563 0.771654 -0.963028 -17.733376 2.62102 -1e-06 -1e-06 0.0 -17.346426 -20.095224 -4.20178 21.757563 -1.638377 3.866428 -1e-06 -6.338823 1e-06 -1.697589 -22.591751 -6.194008 -2e-06 -3e-06 -2e-06 77.813141 -74.555183 122.90184 -12.382586 -65.300255 24.400755 63.519394 1.482221 -0.201903 24.653067 21.720268 8.020759 22.182121 -20.3759 49.933327 -16.701811 -16.74353 28.47653 -3e-06 -12.690603 -2e-06 16.222031 -18.028614 2.272389 -0.105919 -1.513857 -4.275882 -5.039041 -5.612869 -2.953557 3e-06 -11.020523 -2e-06 -6.111297 -15.89533 -3.840471 1e-06 -0.0 0.0 -10.283371 -5.680287 -4.341841 11.028297 -11.302406 -2.372633 -1.38427 -14.238581 -6.320121 -0.625439 -26.924191 -3.827601 -4.12206 -49.630802 -3.901681 -13.708524 -7.363474 -3.720942 18.14115 -14.052739 -3.242673 6e-06 -18.78727 -0.0 -0.429709 -8.456043 2.555504 1e-06 0.0 -0.0 -15.923534 -20.094481 -5.473588 30.41921 -7.190827 1.735928 3e-06 -8.162926 0.0 -1.861905 -22.861471 -6.167941 -1e-06 -3e-06 -0.0 -167.696533 -3.890549 -6.817754 49.157421 -1.304769 1.318299 -47.390484 -6.143648 -25.327368 -10.630178 1.673604 2.445126 -0.999999 -1e-06 0.0 -33.541561 4.627618 -6.92401 34.997833 0.798163 -0.813559 -79.739594 -19.728838 19.611399 -6.826139 0.524237 1.615759 -1.000002 -1e-06 -0.0 
0.0 0.0 0.0 0.0 -0.0 0.0 -305.256805 89.371452 302.663055 87.442894 13.269973 -9.491179 5.906653 0.009351 -0.584353 -8.98561 -0.782668 -1.921354 18.640093 -0.294529 -3.685248 27.609737 0.618104 2.0035 -2.883429 -0.703871 -7.5314 -40.337166 -1.395069 -11.338685 6e-06 -0.0 -1e-06 -0.062708 0.035508 0.234054 0.097994 -0.040869 0.260142 0.142824 0.0995 0.193457 -104.428108 -74.62265 122.682655 36.09642 -61.86079 -10.220402 95.224808 0.141461 -0.185529 10.086873 5.99582 21.498035 17.636629 -26.322714 52.411182 -19.46666 -14.395594 29.410385 -0.0 -8.774819 -3e-06 15.025735 -17.25456 6.544706 -0.609777 -1.795652 -3.889328 -4.80709 -11.046811 -2.93785 3e-06 -20.976013 -0.0 -5.019969 -25.033552 -4.031883 4e-06 -0.0 0.0 -10.634534 -5.686972 -3.565589 10.573275 -17.922947 -3.113901 1e-06 -13.821204 1e-06 -0.501776 -31.181498 -4.027017 -12.216869 -59.425972 8.024185 -13.982712 -7.150198 -2.87504 13.772728 -8.401493 -3.218242 0.347737 -34.211552 0.771651 -0.963027 -17.73337 2.621018 1e-06 0.0 -0.0 -17.346418 -20.095215 -4.201786 21.757555 -1.638373 3.866431 0.0 -6.338822 -0.0 -1.697587 -22.591742 -6.194008 -3e-06 -5e-06 -2e-06 79.834297 -77.274742 120.371277 5.058787 -67.974731 10.285855 61.290424 1.535904 0.010231 24.114794 22.173805 7.204904 22.182112 -20.375887 49.933308 -16.701807 -16.743528 28.476522 -2e-06 -12.6906 -1e-06 16.400114 -17.80724 2.192401 -0.105921 -1.513858 -4.275881 -5.039042 -5.612872 -2.953556 6e-06 -11.020525 -2e-06 -6.111302 -15.895334 -3.84047 -1e-06 -0.0 0.0 -10.283373 -5.680289 -4.341837 11.028292 -11.302404 -2.372634 -1.384269 -14.238581 -6.320122 -0.625435 -26.924187 -3.827607 -4.247766 -49.624687 -3.57595 -13.708526 -7.363478 -3.720939 18.141146 -14.052736 -3.242675 6e-06 -18.787266 -5e-06 -0.429712 -8.456041 2.555503 1e-06 1e-06 -0.0 -15.923536 -20.094484 -5.473584 30.41921 -7.190823 1.735926 3e-06 -8.162925 -1e-06 -1.861902 -22.861467 -6.167943 1e-06 -1e-06 -0.0 -176.831497 -8.120435 -5.038945 62.267838 -1.089082 0.910326 -54.28648 -11.472503 -23.82975 -11.159241 1.720835 2.320511 -0.999999 0.0 0.0 -29.344217 8.486814 -6.182139 44.548798 0.698843 -1.444877 -91.05246 -20.230232 22.691448 -5.706385 0.559669 1.672867 -1.000001 -0.0 -0.0 
0.0 0.0 0.0 0.0 -0.0 0.0 -314.965515 88.803635 300.68808 85.252258 12.160636 -11.639497 6.885186 0.32828 -0.309996 -8.634529 -0.527739 -0.617977 19.204576 -0.813857 -2.543461 28.410774 1.885832 2.189673 -2.649924 -0.817262 -9.120407 -40.404678 -1.255063 -13.002493 6e-06 0.0 1e-06 -0.069298 0.013283 0.115835 0.123506 -0.054625 0.14704 0.177253 0.070269 0.070885 -106.925804 -72.967064 126.243401 36.624031 -63.383724 -10.24673 94.553764 0.009912 -0.405782 10.563845 5.965916 18.553104 17.636627 -26.322737 52.411205 -19.46666 -14.395597 29.410395 -1e-06 -8.774821 -1e-06 14.943022 -17.004551 6.670314 -0.609777 -1.795653 -3.889326 -4.807088 -11.046812 -2.937851 5e-06 -20.976019 2e-06 -5.01997 -25.033558 -4.031882 7e-06 0.0 0.0 -10.634537 -5.686968 -3.565586 10.573277 -17.922955 -3.113901 3e-06 -13.821209 2e-06 -0.501779 -31.181505 -4.027012 -11.801888 -59.090816 7.730452 -13.982716 -7.150196 -2.875041 13.772733 -8.401491 -3.218245 0.347735 -34.211555 0.771656 -0.963031 -17.733372 2.621022 1e-06 -0.0 0.0 -17.346422 -20.095217 -4.201779 21.757559 -1.638375 3.866427 3e-06 -6.338823 -1e-06 -1.697592 -22.591747 -6.194004 1e-06 -3e-06 -2e-06 89.562286 -79.885918 109.760574 24.404009 -68.386421 -4.137105 63.128223 1.352513 -0.0519 22.832254 21.177128 7.603221 22.182116 -20.375904 49.933331 -16.701813 -16.74353 28.476532 -3e-06 -12.690602 -1e-06 16.246286 -17.287292 2.15552 -0.105919 -1.513854 -4.275883 -5.039042 -5.612873 -2.953557 6e-06 -11.020525 -2e-06 -6.111299 -15.895334 -3.84047 -1e-06 1e-06 0.0 -10.28337 -5.680286 -4.341841 11.028291 -11.302406 -2.372632 -1.384266 -14.238581 -6.320122 -0.625437 -26.924189 -3.8276 -4.31844 -49.167114 -3.311986 -13.708523 -7.363473 -3.720942 18.141148 -14.052739 -3.242674 6e-06 -18.78727 -0.0 -0.429712 -8.456045 2.555505 0.0 1e-06 0.0 -15.923531 -20.094481 -5.473588 30.419214 -7.190827 1.735926 3e-06 -8.162927 1e-06 -1.861903 -22.861469 -6.16794 -1e-06 -4e-06 -0.0 173.62085 -8.913087 -2.404367 68.940727 -0.904185 0.634073 -61.45702 -19.682543 -21.422071 -10.865595 1.684095 2.171908 -0.999996 0.0 1e-06 -20.669689 9.247671 -7.104769 47.084526 0.993732 -1.930802 -99.984482 -16.422915 23.842113 -5.675376 0.4681 1.664499 -1.000002 -2e-06 -0.0 
0.0 0.0 0.0 0.0 -0.0 0.0 -324.725342 89.023232 298.464966 83.746216 12.238563 -14.031149 7.278085 0.26329 0.067756 -8.547652 -0.370228 0.984076 19.187454 -1.885981 -1.319338 29.254845 3.029961 2.171468 -2.381468 -0.989647 -10.592412 -39.752434 -1.055384 -14.584834 6e-06 0.0 2e-06 -0.046713 0.000645 0.102746 0.131099 -0.054167 0.13175 0.181969 0.04661 0.063386 -109.06797 -70.604111 129.0634 30.255547 -63.655636 -2.955461 96.804955 -0.416008 -0.478771 10.736916 5.014557 15.154598 17.636631 -26.322729 52.411186 -19.46665 -14.395597 29.410381 -0.0 -8.774824 -1e-06 14.896887 -16.977245 6.618614 -0.609776 -1.795653 -3.889328 -4.807092 -11.046811 -2.937846 2e-06 -20.976013 0.0 -5.019973 -25.033552 -4.031879 6e-06 0.0 -1e-06 -10.634535 -5.686971 -3.565586 10.573275 -17.922949 -3.113901 -0.0 -13.821206 2e-06 -0.501782 -31.181501 -4.027017 -11.455543 -58.806782 7.304427 -13.982715 -7.150198 -2.875041 13.772729 -8.401489 -3.218241 0.347731 -34.211555 0.771656 -0.963031 -17.733368 2.621019 0.0 -0.0 -0.0 -17.346422 -20.095217 -4.20178 21.757563 -1.638373 3.866427 -0.0 -6.338825 2e-06 -1.697592 -22.591742 -6.194006 -0.0 -4e-06 -2e-06 108.791946 -82.063431 89.083702 37.350727 -66.785889 -14.104121 68.937538 0.489143 -0.441925 22.152967 19.408121 10.633314 22.182112 -20.375889 49.933323 -16.701811 -16.743528 28.47653 -2e-06 -12.6906 -2e-06 16.000916 -16.913153 2.035189 -0.105921 -1.513856 -4.275882 -5.039042 -5.612872 -2.953556 3e-06 -11.020523 -3e-06 -6.111298 -15.895334 -3.840471 1e-06 -0.0 0.0 -10.28337 -5.680288 -4.341839 11.028292 -11.302404 -2.372632 -1.38427 -14.238578 -6.320123 -0.625439 -26.924189 -3.827602 -4.073653 -48.791786 -3.331478 -13.708524 -7.363476 -3.72094 18.141144 -14.052735 -3.242673 5e-06 -18.787266 -4e-06 -0.429713 -8.456041 2.555503 1e-06 1e-06 1e-06 -15.923536 -20.094486 -5.473586 30.41921 -7.190823 1.735927 2e-06 -8.162926 -1e-06 -1.861903 -22.861464 -6.167943 -0.0 -4e-06 -0.0 164.438141 -7.856456 -1.397898 67.349014 -0.77214 0.492966 -67.628929 -26.761183 -17.583683 -9.480103 1.591008 2.08573 -0.999998 1e-06 2e-06 -10.19334 8.485316 -7.401365 44.52034 1.085216 -2.081836 -104.601448 -12.62737 22.657667 -6.268969 0.356265 1.650945 -1.000003 -0.0 -0.0 
0.0 0.0 0.0 0.0 -0.0 0.0 -334.446075 90.083801 296.192444 83.011948 13.74012 -16.682114 6.795919 -0.274195 0.604254 -8.60767 -0.370174 2.440856 18.749268 -3.571376 0.253665 30.112932 3.879693 1.824998 -2.404014 -0.887956 -11.752455 -38.684765 -1.056941 -15.893422 6e-06 0.0 -1e-06 -0.055843 -0.014836 0.12241 0.092751 -0.058821 0.157931 0.128295 0.022906 0.081679 -109.687828 -67.875801 130.270355 20.064287 -62.350559 7.927118 99.814545 -1.005587 -0.472384 10.199231 3.717323 15.283232 17.636629 -26.322727 52.411182 -19.466652 -14.395594 29.410378 -1e-06 -8.774821 -3e-06 14.905875 -17.167433 6.517445 -0.609776 -1.795654 -3.889326 -4.807088 -11.046807 -2.937851 3e-06 -20.976015 2e-06 -5.019973 -25.033552 -4.031879 6e-06 0.0 -1e-06 -10.634534 -5.686971 -3.565587 10.573272 -17.922945 -3.1139 1e-06 -13.821205 2e-06 -0.501779 -31.181498 -4.027013 -11.201322 -58.696434 6.835068 -13.982712 -7.150195 -2.875041 13.772727 -8.401489 -3.218241 0.347734 -34.211544 0.771656 -0.963029 -17.733366 2.62102 1e-06 0.0 0.0 -17.346416 -20.095213 -4.20178 21.757557 -1.638373 3.866428 0.0 -6.338822 1e-06 -1.697591 -22.59174 -6.194004 2e-06 -3e-06 -2e-06 135.651901 -82.70134 60.631474 44.51646 -64.465256 -19.782038 75.151619 -0.368683 -0.158026 21.646952 18.407825 14.197037 22.182116 -20.375898 49.933319 -16.701809 -16.743528 28.476522 -4e-06 -12.6906 0.0 15.914291 -17.136063 2.154622 -0.10592 -1.513856 -4.27588 -5.039041 -5.612871 -2.953555 6e-06 -11.020521 -2e-06 -6.111298 -15.895329 -3.84047 -0.0 -1e-06 1e-06 -10.283369 -5.680287 -4.341839 11.028294 -11.302406 -2.372633 -1.384269 -14.238582 -6.32012 -0.625439 -26.924191 -3.8276 -3.985054 -48.927608 -3.569297 -13.708523 -7.363474 -3.720938 18.141146 -14.052739 -3.242674 6e-06 -18.78727 -1e-06 -0.429711 -8.456045 2.555504 -1e-06 -0.0 0.0 -15.923532 -20.094482 -5.473584 30.419205 -7.190827 1.735925 3e-06 -8.162925 -1e-06 -1.861901 -22.861464 -6.167941 -0.0 -4e-06 -1e-06 157.23584 -5.441602 -3.110353 56.818249 -0.64039 0.458816 -70.411942 -31.616529 -13.484362 -8.352978 1.679153 2.080099 -0.999998 -2e-06 0.0 0.283307 6.235846 -6.792388 38.8521 0.909359 -2.062846 -102.855942 -10.671359 20.008965 -9.188717 0.394595 1.585718 -1.000001 -0.0 0.0 
0.0 0.0 0.0 0.0 -0.0 0.0 -344.302429 91.423592 293.744049 83.059082 15.653757 -19.065056 5.498979 -0.831162 0.782187 -8.808066 -0.43507 4.1554 17.986588 -5.06108 1.716132 31.165026 4.460926 1.694771 -2.513253 -0.684716 -12.741984 -37.52618 -1.377614 -17.016979 6e-06 0.0 1e-06 -0.045358 -0.034346 0.124701 0.089005 -0.074127 0.182808 0.083371 0.00308 0.070324 -106.923927 -65.543999 127.77037 8.851368 -60.955093 19.27877 102.480591 -1.196718 -0.23478 9.057266 2.679638 18.526501 17.636631 -26.322739 52.411213 -19.466665 -14.395602 29.410395 -3e-06 -8.774822 -1e-06 15.125454 -17.199057 6.440721 -0.609777 -1.795654 -3.889328 -4.80709 -11.046813 -2.93785 5e-06 -20.976019 1e-06 -5.01997 -25.03356 -4.031882 7e-06 -1e-06 0.0 -10.634537 -5.68697 -3.565587 10.573277 -17.922958 -3.113904 2e-06 -13.821211 2e-06 -0.501774 -31.181507 -4.027017 -11.121812 -58.973938 6.584478 -13.982716 -7.150198 -2.875041 13.772731 -8.401494 -3.218243 0.347734 -34.211559 0.771655 -0.963031 -17.733372 2.621021 -0.0 0.0 -0.0 -17.346422 -20.095221 -4.20178 21.757561 -1.638376 3.866428 2e-06 -6.338824 0.0 -1.697591 -22.591751 -6.194005 3e-06 -4e-06 -3e-06 158.561279 -81.254593 36.440269 48.374756 -62.996651 -22.110012 79.787651 -0.507209 0.222676 21.18961 17.983843 16.685163 22.182117 -20.375898 49.933327 -16.701811 -16.74353 28.476532 -1e-06 -12.6906 -0.0 16.003838 -17.402857 2.377438 -0.10592 -1.513856 -4.275881 -5.039041 -5.612871 -2.953556 5e-06 -11.020524 -3e-06 -6.111298 -15.89533 -3.840471 -1e-06 -1e-06 1e-06 -10.283371 -5.680288 -4.341839 11.028293 -11.302404 -2.372631 -1.384269 -14.238579 -6.320119 -0.625439 -26.924187 -3.827602 -4.02982 -49.84045 -3.510013 -13.708524 -7.363477 -3.720941 18.141148 -14.052739 -3.242673 7e-06 -18.78727 -2e-06 -0.429712 -8.456044 2.555503 -1e-06 2e-06 0.0 -15.923536 -20.094486 -5.473586 30.41921 -7.190826 1.735928 2e-06 -8.162927 -1e-06 -1.861904 -22.861467 -6.167941 -1e-06 -3e-06 -2e-06 153.472412 -2.919325 -6.434041 38.374283 -0.35252 0.4818 -67.108261 -29.808523 -11.828671 -9.052006 1.883725 2.149585 -0.999998 0.0 0.0 9.099114 3.496403 -6.728539 32.897278 0.939953 -2.205612 -95.748779 -9.542711 16.753658 -16.860331 0.655558 1.494537 -1.000002 -0.0 0.0 
0.0 0.0 0.0 0.0 -0.0 0.0 -354.437683 92.548584 290.652527 83.69352 16.074001 -20.881878 4.048415 -0.76607 1.068265 -9.374926 -0.401394 5.521401 17.155151 -5.464862 2.894675 32.394798 4.904401 1.870192 -2.613228 -0.694866 -13.453625 -36.304535 -1.862217 -17.627111 5e-06 0.0 -0.0 -0.022287 -0.03815 0.183967 0.150491 -0.071657 0.267195 0.118068 -0.005441 0.109757 -99.840088 -64.393974 121.562996 -0.783803 -61.011723 28.499563 104.344704 -1.039266 -0.16305 7.915615 2.435377 22.203737 17.636623 -26.322737 52.411194 -19.466661 -14.395598 29.410393 -1e-06 -8.77482 -1e-06 15.250755 -17.415312 6.574456 -0.609776 -1.795654 -3.889327 -4.807086 -11.046811 -2.937849 5e-06 -20.976015 3e-06 -5.01997 -25.033552 -4.031878 5e-06 1e-06 1e-06 -10.634531 -5.68697 -3.565589 10.573276 -17.922951 -3.113901 3e-06 -13.821205 1e-06 -0.50178 -31.181505 -4.027013 -11.378671 -59.28014 6.964639 -13.982711 -7.150195 -2.87504 13.772728 -8.401493 -3.218241 0.347735 -34.211544 0.771656 -0.963029 -17.733366 2.621021 2e-06 0.0 -0.0 -17.346413 -20.095215 -4.201781 21.757557 -1.638375 3.866423 0.0 -6.338823 2e-06 -1.697588 -22.591742 -6.194004 -0.0 -3e-06 -2e-06 170.492859 -79.296097 24.129007 50.634007 -62.656605 -23.660423 82.827782 -0.765157 0.311638 20.760603 17.374151 18.755352 22.182114 -20.375896 49.933319 -16.701813 -16.743526 28.47653 -2e-06 -12.690599 0.0 16.066015 -17.596912 2.589711 -0.10592 -1.513856 -4.275878 -5.03904 -5.61287 -2.953556 4e-06 -11.02052 -3e-06 -6.111296 -15.89533 -3.840472 1e-06 1e-06 -1e-06 -10.283367 -5.680288 -4.341839 11.028292 -11.302404 -2.372632 -1.384267 -14.238579 -6.320121 -0.625436 -26.924194 -3.827602 -4.308629 -50.406059 -3.131178 -13.708523 -7.363475 -3.720938 18.141146 -14.052739 -3.242674 6e-06 -18.787266 -2e-06 -0.429711 -8.45605 2.555503 1e-06 1e-06 -1e-06 -15.923536 -20.094482 -5.473582 30.419205 -7.190825 1.735926 3e-06 -8.162927 0.0 -1.861902 -22.861464 -6.167938 1e-06 -3e-06 -2e-06 152.754852 -1.789431 -8.053147 16.873394 -0.002383 0.631867 -56.011242 -18.851593 -17.723654 -9.805645 1.931355 2.255046 -0.999999 0.0 -0.0 15.946677 1.976543 -7.19489 29.118576 1.066357 -2.350831 -83.516121 -8.48982 12.510432 -28.132875 1.005898 1.424696 -1.000003 -0.0 -0.0 
0.0 0.0 0.0 0.0 -0.0 0.0 -364.724304 92.870506 286.984772 84.182495 14.931636 -22.522106 3.075475 -0.247702 1.295297 -9.784267 -0.268049 6.508703 16.489927 -4.904143 3.527022 33.091274 5.209519 2.084313 -2.593032 -0.769522 -13.612735 -34.970306 -2.291398 -17.983196 6e-06 0.0 -2e-06 0.007459 -0.034777 0.228173 0.088431 -0.076377 0.265319 0.041962 0.006458 0.200291 -93.890701 -64.011642 116.013412 -8.932754 -61.360878 35.592449 105.943275 -0.395556 0.116755 7.097253 2.608943 24.625128 17.636644 -26.322741 52.411201 -19.466661 -14.395596 29.410385 1e-06 -8.774824 -3e-06 15.409499 -17.656881 6.700389 -0.609777 -1.795654 -3.889325 -4.807087 -11.046813 -2.937852 3e-06 -20.976017 1e-06 -5.019974 -25.03356 -4.03188 7e-06 1e-06 -1e-06 -10.634536 -5.686971 -3.56559 10.573276 -17.922951 -3.113898 1e-06 -13.821213 2e-06 -0.501781 -31.181511 -4.027014 -11.677582 -59.621243 7.689158 -13.982716 -7.150198 -2.875042 13.772729 -8.401494 -3.218241 0.347733 -34.211559 0.771657 -0.963028 -17.733372 2.621021 -0.0 0.0 -0.0 -17.346422 -20.095221 -4.201783 21.757561 -1.638375 3.866433 2e-06 -6.338823 -0.0 -1.697589 -22.591747 -6.19401 -0.0 -4e-06 -1e-06 173.991699 -79.088692 20.24929 50.351158 -63.177277 -23.365042 85.289116 -0.98584 0.166434 20.168615 16.035376 20.301332 22.182116 -20.375895 49.933319 -16.701811 -16.743526 28.47653 -2e-06 -12.690598 -3e-06 16.11282 -17.696798 2.701827 -0.105919 -1.513856 -4.275883 -5.039041 -5.612872 -2.953556 4e-06 -11.020524 -4e-06 -6.111299 -15.89533 -3.84047 1e-06 -1e-06 -1e-06 -10.283369 -5.680288 -4.34184 11.028294 -11.302406 -2.372633 -1.384269 -14.238581 -6.320121 -0.625439 -26.924187 -3.827601 -4.356444 -50.28458 -3.010719 -13.708522 -7.363475 -3.720941 18.141146 -14.052738 -3.242672 5e-06 -18.78727 -1e-06 -0.429713 -8.456045 2.555503 1e-06 2e-06 -0.0 -15.923532 -20.094482 -5.473587 30.41921 -7.190827 1.735926 4e-06 -8.162927 -0.0 -1.861902 -22.861469 -6.167941 0.0 -3e-06 -2e-06 152.475159 -2.52611 -5.456843 2.710994 0.043326 0.864119 -45.255688 -4.722173 -25.320122 -9.348476 1.777928 2.173878 -0.999999 0.0 0.0 19.889063 1.772888 -6.726134 30.805857 1.188554 -2.270106 -71.03875 -8.561238 7.148221 -31.998081 1.097311 1.456632 -0.999998 -0.0 0.0 
0.0 0.0 0.0 0.0 -0.0 0.0 -374.612915 92.346451 283.038269 83.135437 13.367351 -24.234978 3.201992 -0.082728 1.138153 -9.624692 -0.160102 6.820881 16.606308 -4.385845 3.531201 32.896931 5.723263 2.033376 -2.492603 -0.84117 -13.253731 -33.853886 -2.109609 -18.02973 6e-06 0.0 -0.0 0.039926 -0.036852 0.160812 0.023562 -0.09036 0.150104 -0.007818 0.014185 0.17932 -94.094673 -64.062714 116.420128 -11.158969 -60.914989 35.653557 106.746353 0.461361 0.282834 7.042043 3.01299 25.379202 17.636627 -26.322725 52.411194 -19.466656 -14.395602 29.410393 1e-06 -8.774821 -1e-06 15.553478 -17.65612 6.670258 -0.609776 -1.795651 -3.889327 -4.807088 -11.046811 -2.937853 2e-06 -20.976015 -0.0 -5.019972 -25.03356 -4.031883 5e-06 0.0 1e-06 -10.634533 -5.686968 -3.565587 10.573272 -17.922947 -3.113902 -0.0 -13.821206 3e-06 -0.501778 -31.181498 -4.027016 -12.099118 -59.999973 8.408346 -13.982713 -7.150198 -2.875041 13.772727 -8.40149 -3.218241 0.347735 -34.211552 0.771655 -0.963028 -17.733368 2.62102 1e-06 -0.0 -0.0 -17.346416 -20.095213 -4.201781 21.757557 -1.638377 3.866428 2e-06 -6.338821 1e-06 -1.69759 -22.591742 -6.194005 -1e-06 -4e-06 -1e-06 171.319717 -80.904457 22.563807 48.479401 -63.962475 -21.825815 87.165955 -1.256249 -0.174842 20.508976 14.707503 20.909414 22.18211 -20.375891 49.933319 -16.701809 -16.743528 28.476528 -1e-06 -12.690601 -1e-06 16.077896 -17.824306 2.722522 -0.10592 -1.513856 -4.275882 -5.039041 -5.612871 -2.953556 3e-06 -11.020519 -3e-06 -6.111299 -15.89533 -3.84047 1e-06 0.0 -1e-06 -10.283372 -5.680288 -4.341835 11.028294 -11.302402 -2.372634 -1.38427 -14.238579 -6.320121 -0.625439 -26.924183 -3.827603 -4.343902 -49.826622 -3.241771 -13.708525 -7.363476 -3.720938 18.141146 -14.052736 -3.242674 4e-06 -18.787266 -2e-06 -0.429712 -8.456041 2.555504 1e-06 -0.0 1e-06 -15.923538 -20.094482 -5.473582 30.41921 -7.190823 1.735925 2e-06 -8.162928 1e-06 -1.861905 -22.861467 -6.167942 1e-06 -4e-06 -2e-06 151.928955 -3.290493 -1.712851 1.810151 -0.100557 1.338692 -41.751293 6.571818 -31.140188 -8.519009 1.657435 2.02395 -0.999999 1e-06 0.0 20.807882 1.650397 -6.06538 40.198856 1.219502 -1.954372 -64.904243 -11.859884 1.219881 -20.704046 0.862882 1.51978 -1.000002 0.0 -0.0 
0.0 0.0 0.0 0.0 -0.0 0.0 -384.087311 90.812332 279.730713 80.672798 11.338017 -26.329306 4.196678 -0.240384 0.889487 -9.098337 -0.181809 6.226412 17.539354 -3.936643 3.106166 32.564461 6.527755 2.070411 -2.336162 -1.125349 -12.60841 -33.353535 -1.332846 -17.919632 6e-06 -0.0 1e-06 0.091503 -0.030894 0.077643 0.043121 -0.07828 0.051837 0.047948 0.010791 0.110544 -97.657753 -64.503204 120.112839 -4.740651 -60.845135 27.778744 104.866776 1.024284 0.437186 7.994578 4.368618 26.714064 17.636629 -26.322735 52.411205 -19.46666 -14.395598 29.410395 1e-06 -8.774822 -3e-06 15.690543 -17.576254 6.657413 -0.609775 -1.795654 -3.889328 -4.807092 -11.046813 -2.937849 2e-06 -20.976017 -1e-06 -5.019974 -25.03356 -4.03188 5e-06 1e-06 -0.0 -10.634535 -5.686971 -3.565587 10.573275 -17.922951 -3.113901 1e-06 -13.821211 3e-06 -0.501779 -31.181505 -4.027016 -12.377171 -60.213676 8.736581 -13.982718 -7.150201 -2.87504 13.772731 -8.401491 -3.218242 0.347735 -34.211555 0.771653 -0.963031 -17.733368 2.621019 0.0 -0.0 -0.0 -17.346422 -20.095221 -4.201779 21.757561 -1.638371 3.866426 1e-06 -6.338823 2e-06 -1.697591 -22.591745 -6.194007 -3e-06 -2e-06 -2e-06 163.536484 -82.850098 30.897713 47.480274 -65.402283 -20.716883 86.55069 -0.990169 -0.512561 22.069574 13.918056 18.657196 22.182119 -20.375895 49.933319 -16.701813 -16.743528 28.476532 -2e-06 -12.690601 -1e-06 16.017311 -17.773983 2.609487 -0.105919 -1.513856 -4.275881 -5.039042 -5.612872 -2.953557 3e-06 -11.020523 -2e-06 -6.111298 -15.895332 -3.840471 1e-06 1e-06 -1e-06 -10.283371 -5.680288 -4.341839 11.028293 -11.302404 -2.372632 -1.384268 -14.238582 -6.320121 -0.625438 -26.924187 -3.827603 -4.23934 -49.436348 -3.554931 -13.708525 -7.363477 -3.720939 18.141148 -14.052739 -3.242674 6e-06 -18.78727 -2e-06 -0.429712 -8.456043 2.555504 1e-06 -0.0 0.0 -15.923536 -20.094482 -5.473585 30.41921 -7.190826 1.735926 5e-06 -8.16293 -1e-06 -1.861901 -22.861473 -6.167941 1e-06 -2e-06 -2e-06 153.127533 -3.738242 0.489202 11.283046 -0.260002 1.539437 -43.910492 14.523223 -32.806217 -8.921185 1.631499 1.913924 -0.999998 0.0 -0.0 19.27342 1.226245 -6.889205 55.333179 1.512416 -1.727765 -66.687027 -18.209616 -1.332364 -13.500414 0.782618 1.680211 -1.000002 -1e-06 -1e-06 
0.0 0.0 0.0 0.0 -0.0 0.0 -393.167877 88.438972 277.165619 77.928474 10.207412 -29.421217 5.7074 -1.176399 0.592514 -8.835191 -0.496483 5.419927 18.458548 -3.457585 2.249966 32.352093 6.807302 2.190822 -2.358027 -0.848117 -11.843864 -34.075569 -0.674662 -16.406145 6e-06 -0.0 2e-06 0.053673 -0.013118 0.05312 0.031393 -0.063575 0.015247 0.045831 0.029454 0.098941 -103.193146 -65.352325 125.034538 8.119778 -60.204784 16.610764 99.43261 2.075224 0.449488 10.209343 6.603679 28.528622 17.636614 -26.322737 52.411201 -19.466656 -14.3956 29.410393 -2e-06 -8.774821 0.0 16.343977 -17.820774 6.731564 -0.609776 -1.795655 -3.889329 -4.807086 -11.046807 -2.937853 4e-06 -20.976011 2e-06 -5.01997 -25.033546 -4.031876 7e-06 0.0 -0.0 -10.634531 -5.686968 -3.565587 10.573275 -17.922947 -3.113901 2e-06 -13.821205 2e-06 -0.501776 -31.181498 -4.027013 -12.799583 -61.033821 8.96021 -13.982711 -7.150196 -2.875042 13.772727 -8.401489 -3.218245 0.347734 -34.211544 0.771658 -0.96303 -17.73337 2.621021 0.0 -0.0 0.0 -17.346413 -20.095211 -4.201782 21.757557 -1.638373 3.866426 1e-06 -6.338823 1e-06 -1.697591 -22.591742 -6.194005 -1e-06 -4e-06 -1e-06 147.00563 -83.714088 48.326981 47.106216 -66.95285 -19.586376 81.287186 -0.195566 -0.490948 23.071728 13.492458 13.351135 22.182106 -20.375895 49.933319 -16.701807 -16.743528 28.476528 -4e-06 -12.690598 0.0 16.267179 -17.72526 2.38611 -0.10592 -1.513856 -4.275881 -5.039039 -5.612869 -2.953556 4e-06 -11.020519 -2e-06 -6.111297 -15.895328 -3.840469 -0.0 1e-06 1e-06 -10.283367 -5.680286 -4.341838 11.028291 -11.302402 -2.372633 -1.384268 -14.238575 -6.32012 -0.625439 -26.924179 -3.8276 -4.327587 -49.601803 -3.40592 -13.708518 -7.363474 -3.72094 18.141146 -14.052736 -3.242674 5e-06 -18.787266 -1e-06 -0.429712 -8.456041 2.555504 -0.0 1e-06 -1e-06 -15.923528 -20.094479 -5.473586 30.419205 -7.190822 1.735926 2e-06 -8.162925 -0.0 -1.861902 -22.861465 -6.16794 -0.0 -1e-06 -1e-06 154.287949 -3.205838 1.217638 29.39316 -0.309952 1.330984 -64.885292 9.487366 -28.294754 -5.530955 1.625164 2.208531 -0.999998 -0.0 -0.0 14.405711 -2.154932 -9.262341 72.608559 1.33702 -1.127771 -71.314957 -21.153357 -1.160603 -11.630239 0.791608 1.714526 -1.000003 -1e-06 1e-06 
0.0 0.0 0.0 0.0 -0.0 0.0 -401.199768 86.4664 274.173615 74.783615 11.730972 -33.232655 7.191803 -3.167168 0.352096 -8.23845 -1.266875 4.567371 19.589634 -5.214369 1.148621 30.669373 7.990392 2.344268 -2.479002 -0.569299 -11.047263 -37.848549 -0.385741 -15.112618 6e-06 -0.0 1e-06 0.078863 -0.010157 0.066762 0.1974 -0.005597 0.047959 0.211271 -0.019992 0.087221 -108.854454 -67.279358 129.381973 24.397903 -56.428452 3.606265 92.304184 2.521636 0.099299 12.650938 9.18249 28.356117 17.636635 -26.322729 52.411201 -19.466663 -14.395597 29.410395 0.0 -8.774822 -2e-06 16.154797 -18.177311 6.637841 -0.609776 -1.795654 -3.889328 -4.807092 -11.046813 -2.937849 3e-06 -20.976021 -2e-06 -5.019976 -25.033566 -4.031882 6e-06 1e-06 -0.0 -10.634536 -5.686975 -3.565587 10.573272 -17.922951 -3.113899 3e-06 -13.82121 -1e-06 -0.501779 -31.181511 -4.027018 -12.48691 -60.75518 8.451001 -13.982717 -7.150202 -2.875041 13.77273 -8.401491 -3.218243 0.347738 -34.211555 0.77165 -0.963029 -17.733372 2.621019 0.0 -0.0 1e-06 -17.346424 -20.095224 -4.20178 21.757561 -1.638374 3.866429 0.0 -6.338825 0.0 -1.697587 -22.591749 -6.194009 -3e-06 -2e-06 -2e-06 107.111893 -83.71347 89.548721 45.305325 -66.798233 -19.153807 72.220512 -0.034191 -0.238714 23.673996 14.192062 8.637028 22.182121 -20.3759 49.933331 -16.701817 -16.743536 28.476542 -3e-06 -12.690605 -0.0 15.882432 -17.549974 2.179615 -0.105919 -1.513856 -4.275882 -5.039043 -5.612873 -2.953557 3e-06 -11.020524 -2e-06 -6.111299 -15.895332 -3.840471 -1e-06 1e-06 -0.0 -10.283373 -5.680289 -4.341839 11.028297 -11.302406 -2.372634 -1.38427 -14.238581 -6.320122 -0.625439 -26.924189 -3.827603 -4.018988 -49.195911 -3.618159 -13.708527 -7.363477 -3.720939 18.141155 -14.05274 -3.242676 5e-06 -18.787273 -1e-06 -0.429712 -8.456045 2.555504 -0.0 0.0 0.0 -15.923539 -20.094486 -5.473587 30.419218 -7.190826 1.735927 2e-06 -8.162925 -1e-06 -1.861905 -22.861469 -6.167943 0.0 -1e-06 -1e-06 154.402405 -0.989385 -2.027351 45.551785 -0.741193 1.22137 -77.9244 6.735852 -25.465096 -3.953671 1.48374 2.135883 -0.999998 -0.0 -0.0 4.440764 -9.156078 -9.545246 89.017929 0.74785 -0.578502 -75.266541 -17.744131 -0.478931 -10.983105 0.786511 1.678044 -1.000002 -0.0 2e-06 
0.0 0.0 0.0 0.0 -0.0 0.0 -408.890961 86.080956 269.750641 74.443153 10.117652 -35.965649 8.193709 -3.096121 0.218996 -8.028059 -1.485495 3.324617 20.457968 -4.787358 -0.271403 29.489126 7.446577 2.257529 -2.552691 -0.382743 -10.118052 -39.198383 0.623858 -14.457359 6e-06 -0.0 -0.0 0.045278 -0.018679 0.189793 0.122429 -0.011955 0.169701 0.144034 -0.027281 0.204362 -112.245781 -70.098907 132.135864 37.142059 -52.487564 -7.980573 86.559326 1.766604 -0.642069 13.030627 9.25921 31.302935 17.636635 -26.322739 52.41119 -19.46666 -14.395602 29.410389 3e-06 -8.774823 -3e-06 16.001537 -18.403214 6.094739 -0.609775 -1.795654 -3.889327 -4.80709 -11.04681 -2.93785 2e-06 -20.976017 3e-06 -5.019978 -25.03356 -4.031878 5e-06 0.0 -0.0 -10.634535 -5.686972 -3.565587 10.573276 -17.922951 -3.113901 -0.0 -13.821208 2e-06 -0.501779 -31.181505 -4.027016 -11.600902 -60.091255 7.451706 -13.982716 -7.1502 -2.87504 13.772729 -8.401491 -3.218242 0.347731 -34.211552 0.771659 -0.963033 -17.73337 2.621021 -1e-06 -1e-06 0.0 -17.34642 -20.095217 -4.201778 21.757565 -1.638375 3.866427 -1e-06 -6.338822 1e-06 -1.697592 -22.591747 -6.194006 -0.0 -3e-06 -1e-06 80.666237 -81.818199 117.861923 36.278282 -65.680573 -12.368947 64.892067 0.368777 -0.434008 23.348042 16.002003 2.633043 22.182112 -20.375895 49.933308 -16.701807 -16.743523 28.476522 -2e-06 -12.690595 -2e-06 16.045309 -17.372757 2.243801 -0.105919 -1.513855 -4.27588 -5.039037 -5.61287 -2.953556 4e-06 -11.020523 -1e-06 -6.111298 -15.89533 -3.840469 1e-06 0.0 -0.0 -10.283366 -5.680289 -4.341838 11.028287 -11.302402 -2.37263 -1.38427 -14.238579 -6.320119 -0.625442 -26.924183 -3.827598 -4.17068 -49.863583 -3.463128 -13.70852 -7.363475 -3.72094 18.141142 -14.052737 -3.242671 6e-06 -18.787268 -2e-06 -0.429712 -8.456041 2.555503 0.0 1e-06 -0.0 -15.92353 -20.094482 -5.473584 30.419197 -7.190823 1.735929 3e-06 -8.162925 -1e-06 -1.861903 -22.861469 -6.16794 1e-06 -2e-06 -2e-06 159.926483 -3.894974 -5.036359 51.001873 -0.667514 1.138845 -86.934364 8.480071 -24.145552 -4.07666 1.401054 2.091964 -1.0 -0.0 0.0 -7.40767 -10.721699 -8.07746 97.650261 0.854601 -0.314242 -77.019928 -14.637357 1.214901 -11.379748 0.808813 1.723375 -1.000002 1e-06 0.0 
0.0 0.0 0.0 0.0 -0.0 0.0 -415.813171 86.505714 265.365662 75.280632 8.659982 -37.942055 8.887345 -3.088051 -0.072151 -7.932508 -1.507361 1.376344 19.969778 -3.595286 -1.654712 28.847605 6.736258 2.257238 -2.519211 -0.40677 -9.119329 -39.535461 1.123165 -13.618987 6e-06 -1e-06 1e-06 0.028178 -0.011022 0.190704 -0.004703 -0.011382 0.158806 0.039033 -0.011496 0.21786 -109.139748 -74.500931 127.142731 43.159805 -50.955402 -15.665264 87.065453 0.636358 -0.812678 13.096581 7.417163 32.40033 17.636614 -26.322721 52.411186 -19.466652 -14.395594 29.410381 1e-06 -8.774817 -1e-06 16.468386 -18.672564 5.700598 -0.609775 -1.795654 -3.889328 -4.807091 -11.046805 -2.937849 3e-06 -20.976011 -2e-06 -5.019973 -25.033548 -4.031882 3e-06 -1e-06 0.0 -10.634533 -5.686969 -3.565586 10.57327 -17.922945 -3.113901 2e-06 -13.821203 2e-06 -0.501777 -31.181488 -4.027018 -11.586566 -59.965004 7.230111 -13.982712 -7.150196 -2.87504 13.772726 -8.401489 -3.218244 0.347733 -34.211536 0.771653 -0.963031 -17.733362 2.621021 -1e-06 0.0 0.0 -17.346416 -20.095213 -4.20178 21.757555 -1.638374 3.866429 3e-06 -6.338822 -3e-06 -1.697591 -22.59174 -6.194007 -1e-06 -4e-06 -1e-06 70.801208 -78.074516 128.754913 19.122564 -62.617733 4.935362 65.594437 0.461713 -0.592647 22.658844 16.260086 -4.235485 22.182116 -20.375893 49.933319 -16.701807 -16.743525 28.476526 -2e-06 -12.690597 -1e-06 16.525951 -17.545206 2.268053 -0.10592 -1.513853 -4.275882 -5.039043 -5.612871 -2.953557 5e-06 -11.020523 -1e-06 -6.111294 -15.895329 -3.840472 1e-06 -0.0 0.0 -10.283364 -5.680287 -4.341839 11.028287 -11.302401 -2.372633 -1.384267 -14.238578 -6.320121 -0.625436 -26.924183 -3.8276 -4.269399 -50.627254 -3.518658 -13.708522 -7.363473 -3.72094 18.141146 -14.052736 -3.242674 9e-06 -18.787266 -4e-06 -0.429713 -8.456043 2.555504 1e-06 1e-06 1e-06 -15.923532 -20.094481 -5.473587 30.419205 -7.190824 1.735926 2e-06 -8.162922 0.0 -1.861902 -22.861464 -6.16794 0.0 -2e-06 -0.0 166.600555 -6.106735 -6.522965 51.188694 -0.629179 1.139812 -91.725357 8.930698 -23.769674 -5.145371 1.430599 2.069153 -1.0 -0.0 -0.0 -19.910604 -10.988657 -7.819001 99.639282 1.09472 -0.356292 -78.291916 -11.100926 1.706001 -11.709359 0.835858 1.728773 -1.000002 -0.0 -0.0 
0.0 0.0 0.0 0.0 -0.0 0.0 -422.241547 88.009193 260.513031 76.616051 8.071867 -39.682037 8.638033 -3.051698 -0.599188 -8.036314 -1.468136 -0.69496 18.938433 -2.502562 -3.170326 29.053787 6.187148 2.462907 -2.568343 -0.547004 -8.506644 -39.217331 0.903277 -12.432749 6e-06 1e-06 -1e-06 0.012612 -0.007251 0.159493 -0.074702 -0.028242 0.121207 -0.039958 0.015069 0.197928 -103.044525 -78.115074 118.660034 43.27103 -49.210487 -18.584509 90.519257 0.145663 -0.549308 12.910347 5.04825 29.925722 17.636635 -26.322741 52.411198 -19.466661 -14.395598 29.410389 -2e-06 -8.774822 -2e-06 16.584162 -18.800213 5.790106 -0.609776 -1.795653 -3.889326 -4.807088 -11.046811 -2.93785 4e-06 -20.976015 -0.0 -5.019974 -25.03356 -4.031877 6e-06 0.0 1e-06 -10.634536 -5.686969 -3.565587 10.573274 -17.922955 -3.113901 1e-06 -13.821211 2e-06 -0.501776 -31.181505 -4.027016 -11.81179 -59.975002 7.377478 -13.982716 -7.150197 -2.875039 13.772731 -8.401493 -3.218242 0.34773 -34.211555 0.77166 -0.963032 -17.733372 2.621022 -2e-06 2e-06 -0.0 -17.346418 -20.095215 -4.201778 21.757561 -1.638376 3.866425 1e-06 -6.338823 1e-06 -1.697589 -22.591745 -6.194006 -1e-06 -6e-06 -4e-06 67.468163 -73.788696 132.870209 3.780021 -56.131447 22.122929 71.890274 0.678441 -0.739825 22.384441 13.865999 -5.321493 22.182121 -20.375898 49.933327 -16.701813 -16.743525 28.476536 -2e-06 -12.690602 -2e-06 16.531233 -17.755142 2.461688 -0.105922 -1.513857 -4.275881 -5.039043 -5.612873 -2.953556 5e-06 -11.020527 -5e-06 -6.111299 -15.895338 -3.840474 -1e-06 0.0 1e-06 -10.283375 -5.680292 -4.341839 11.028297 -11.302409 -2.372633 -1.384271 -14.238583 -6.320122 -0.625437 -26.924194 -3.827603 -4.258285 -50.753593 -3.509885 -13.708529 -7.363477 -3.720942 18.141153 -14.052742 -3.242676 6e-06 -18.787273 -5e-06 -0.42971 -8.456045 2.555505 1e-06 1e-06 0.0 -15.923541 -20.094492 -5.473588 30.419222 -7.190828 1.735928 3e-06 -8.162929 0.0 -1.861902 -22.861479 -6.167946 1e-06 -3e-06 -2e-06 174.636627 -6.769446 -6.982898 46.026352 -0.592506 1.347412 -91.050186 8.097833 -23.993118 -8.431314 1.518736 2.002621 -0.999999 -1e-06 -0.0 -30.631134 -10.153799 -7.99232 94.397865 1.27406 -0.570269 -79.267952 -9.083941 0.486288 -11.479517 0.83902 1.71854 -1.000004 -0.0 2e-06 
0.0 0.0 0.0 0.0 -0.0 0.0 -428.617157 90.329834 254.686569 78.316963 7.758823 -41.766182 7.492658 -2.685437 -1.28556 -8.295686 -1.365223 -2.413038 17.864208 -1.306922 -4.746617 29.71804 5.079722 2.580586 -2.508162 -0.427856 -8.271623 -38.159267 0.502467 -10.916239 6e-06 -0.0 -0.0 0.000673 -0.000172 0.069287 -0.057756 -0.043813 0.040071 -0.032797 0.047888 0.100909 -97.407852 -80.040611 111.281647 39.813839 -47.197556 -17.596756 93.773125 0.121971 -0.26307 11.641162 3.467093 27.190456 17.636616 -26.322721 52.411175 -19.466648 -14.395594 29.410376 -1e-06 -8.774819 -1e-06 16.51384 -18.598475 6.200893 -0.609777 -1.795653 -3.889326 -4.807087 -11.046809 -2.937849 4e-06 -20.976011 2e-06 -5.019971 -25.033552 -4.031878 7e-06 2e-06 -2e-06 -10.63453 -5.686969 -3.565584 10.573266 -17.922945 -3.113899 2e-06 -13.821205 1e-06 -0.501779 -31.181498 -4.027014 -11.913176 -59.94849 7.578863 -13.982711 -7.150197 -2.875041 13.772727 -8.401489 -3.218241 0.347728 -34.211544 0.771657 -0.963029 -17.733366 2.621019 -1e-06 1e-06 -0.0 -17.346413 -20.095211 -4.20178 21.757553 -1.638373 3.866428 1e-06 -6.338821 1e-06 -1.697589 -22.59174 -6.194007 1e-06 -3e-06 -2e-06 68.188606 -70.710175 133.016769 -5.928333 -49.125576 33.485939 79.397957 1.055568 -0.449824 22.577959 11.006577 -3.204301 22.182117 -20.375887 49.933319 -16.701811 -16.743525 28.47653 -0.0 -12.690598 -3e-06 16.314295 -17.963678 2.567807 -0.105921 -1.513857 -4.275879 -5.039041 -5.612873 -2.953557 6e-06 -11.02052 -5e-06 -6.111297 -15.895332 -3.840472 0.0 1e-06 -0.0 -10.283371 -5.680289 -4.341838 11.028294 -11.302406 -2.372632 -1.384272 -14.238579 -6.320123 -0.625435 -26.924191 -3.827608 -4.170835 -50.429676 -3.717648 -13.708524 -7.363481 -3.720938 18.141148 -14.052735 -3.242673 7e-06 -18.78727 -6e-06 -0.429711 -8.456043 2.555503 0.0 1e-06 1e-06 -15.923536 -20.094486 -5.473588 30.41921 -7.190823 1.735931 4e-06 -8.162925 -1e-06 -1.861901 -22.861467 -6.167944 1e-06 -3e-06 -0.0 -176.105682 -6.912817 -6.857618 36.378834 -0.604137 1.64259 -83.876373 8.199347 -24.310535 -15.960935 1.771683 1.999229 -0.999998 0.0 0.0 -37.703186 -7.656679 -8.26865 82.612297 1.252836 -0.809612 -79.367157 -9.557883 -1.664343 -11.191254 0.851484 1.686418 -1.000002 1e-06 -1e-06 
0.0 0.0 0.0 0.0 -0.0 0.0 -434.849976 92.882942 247.900391 80.072502 7.776801 -44.505074 5.913558 -2.14114 -1.84402 -8.823125 -1.340745 -3.711051 16.895704 -0.167453 -6.201376 30.751736 3.638423 2.716675 -2.473043 -0.275198 -8.254707 -36.726974 0.211206 -9.567286 5e-06 0.0 2e-06 -0.002577 0.013406 -0.022796 -0.039092 -0.054283 -0.048389 -0.049495 0.086121 0.007144 -92.633522 -80.684341 105.729912 35.541088 -45.578094 -14.155643 95.712685 0.086933 -0.096706 9.808255 2.50322 25.788221 17.636616 -26.322725 52.411194 -19.466654 -14.395596 29.410389 1e-06 -8.774819 -3e-06 16.62842 -18.371082 6.537591 -0.609777 -1.795653 -3.889326 -4.807087 -11.046809 -2.937848 3e-06 -20.976015 -3e-06 -5.019969 -25.033556 -4.031883 8e-06 2e-06 2e-06 -10.634531 -5.686969 -3.565586 10.573271 -17.922947 -3.113903 0.0 -13.821209 2e-06 -0.501779 -31.181498 -4.027021 -11.966747 -60.16135 7.717474 -13.982712 -7.150198 -2.875043 13.772727 -8.40149 -3.218242 0.347731 -34.211544 0.771652 -0.96303 -17.733366 2.621017 -0.0 -1e-06 -1e-06 -17.346418 -20.095217 -4.201782 21.757555 -1.638373 3.866427 2e-06 -6.338822 1e-06 -1.697589 -22.591742 -6.194005 -0.0 -5e-06 -2e-06 72.222656 -69.306496 129.480194 -12.669453 -44.583401 39.537827 85.342781 0.537142 -0.105708 22.611757 9.332562 -1.500888 22.182106 -20.375889 49.933319 -16.701811 -16.743525 28.476536 -1e-06 -12.690598 -3e-06 16.225363 -18.025135 2.619425 -0.10592 -1.513857 -4.275882 -5.03904 -5.612872 -2.953554 4e-06 -11.020523 -4e-06 -6.111298 -15.895334 -3.840471 1e-06 -1e-06 -2e-06 -10.283367 -5.680291 -4.341837 11.028292 -11.302405 -2.372634 -1.384271 -14.238583 -6.320121 -0.62544 -26.924191 -3.827605 -4.300875 -50.066669 -3.643253 -13.708522 -7.363479 -3.720938 18.141146 -14.052739 -3.242675 7e-06 -18.78727 -3e-06 -0.429713 -8.456045 2.555502 0.0 -0.0 -1e-06 -15.923536 -20.094484 -5.473586 30.419207 -7.190823 1.735924 2e-06 -8.162925 0.0 -1.8619 -22.861467 -6.167944 1e-06 -4e-06 -2e-06 -167.003784 -6.802142 -6.031827 24.903681 -0.514538 1.796713 -69.44545 8.529652 -23.081886 -25.611622 2.216832 2.091653 -1.000001 -0.0 -0.0 -40.631138 -3.834388 -8.615015 65.299133 0.741033 -0.847642 -78.182114 -12.406235 -3.175696 -10.764541 0.812903 1.588682 -1.000001 -0.0 0.0 
0.0 0.0 0.0 0.0 -0.0 0.0 -441.405151 94.936005 240.511917 80.66468 8.436915 -47.001476 4.308338 -2.030811 -2.215011 -9.363064 -1.545471 -4.647606 16.242807 0.372468 -7.313534 31.810534 2.894682 2.64549 -2.539713 -0.50461 -8.093186 -35.317547 -0.035073 -9.214595 4e-06 -0.0 0.0 -0.015929 0.015687 -0.029759 -0.067319 -0.053513 -0.063188 -0.096434 0.087095 0.010981 -86.698311 -80.755455 99.778854 33.324764 -44.469112 -9.427522 95.812546 0.058531 -0.007542 7.790961 1.339911 26.175213 17.636631 -26.322725 52.411201 -19.46666 -14.395598 29.410393 0.0 -8.774821 -2e-06 16.85358 -18.336235 6.44603 -0.609777 -1.795653 -3.889328 -4.807088 -11.04681 -2.93785 5e-06 -20.976015 -1e-06 -5.019966 -25.033552 -4.031882 7e-06 -1e-06 -0.0 -10.634535 -5.68697 -3.565589 10.573272 -17.922949 -3.1139 3e-06 -13.821206 0.0 -0.501776 -31.181498 -4.027017 -11.831238 -60.335178 7.461145 -13.982716 -7.150198 -2.875042 13.77273 -8.401491 -3.218244 0.347736 -34.211544 0.771653 -0.963028 -17.733368 2.621021 -2e-06 0.0 -0.0 -17.346422 -20.095215 -4.201784 21.757559 -1.638376 3.86643 1e-06 -6.338823 2e-06 -1.697587 -22.59174 -6.194007 1e-06 -7e-06 -2e-06 78.388382 -68.600708 123.913857 -17.981482 -43.135334 42.581825 88.989395 -0.177768 0.35869 21.935226 9.318921 -1.626718 22.182114 -20.375898 49.933315 -16.701807 -16.743528 28.476526 -3e-06 -12.690601 -3e-06 16.092056 -18.047512 2.800176 -0.105918 -1.513855 -4.275881 -5.039043 -5.612871 -2.953555 5e-06 -11.020523 -2e-06 -6.111297 -15.89533 -3.840469 1e-06 -1e-06 -0.0 -10.283369 -5.680288 -4.341838 11.028291 -11.302404 -2.372631 -1.384271 -14.238579 -6.32012 -0.625441 -26.924185 -3.827596 -4.488361 -49.761612 -3.286625 -13.708523 -7.363476 -3.720937 18.141148 -14.052738 -3.242674 5e-06 -18.787266 -1e-06 -0.429711 -8.456043 2.555503 0.0 -0.0 0.0 -15.923532 -20.094482 -5.473582 30.419207 -7.190824 1.735926 5e-06 -8.162924 -1e-06 -1.861902 -22.861467 -6.167938 1e-06 -3e-06 -1e-06 -159.839508 -5.917722 -3.948715 15.351206 -0.459643 1.821779 -51.408611 7.882052 -20.480217 -28.651722 2.336613 2.331556 -0.999998 1e-06 1e-06 -39.146263 -1.337315 -9.678841 44.675323 0.303475 -0.492485 -75.854836 -15.531231 -3.332494 -10.748273 0.756476 1.533253 -1.000001 -1e-06 -1e-06 
0.0 0.0 0.0 0.0 -0.0 0.0 -448.319489 95.824783 232.712265 79.27729 9.283019 -48.75631 3.428037 -2.77529 -2.383855 -9.65947 -1.762762 -4.918325 15.920876 -0.039778 -8.330644 32.802746 3.367753 2.448322 -2.622557 -0.839119 -7.798252 -34.698956 -0.352196 -9.694602 6e-06 0.0 -1e-06 -0.027725 0.003945 0.051079 -0.039573 -0.035776 0.034849 -0.070661 0.041267 0.077627 -78.279411 -80.517723 91.672798 34.136837 -43.934452 -5.238651 94.334618 -0.244689 0.2514 6.103265 -0.17712 27.307934 17.636633 -26.322737 52.411213 -19.466671 -14.395602 29.410398 -1e-06 -8.774822 -3e-06 17.091467 -18.760733 6.151233 -0.609776 -1.795653 -3.889326 -4.80709 -11.046814 -2.937853 5e-06 -20.976021 -0.0 -5.019969 -25.03356 -4.031884 6e-06 -0.0 2e-06 -10.634537 -5.686972 -3.565588 10.573277 -17.922955 -3.113903 4e-06 -13.821213 0.0 -0.501774 -31.181505 -4.027017 -11.717702 -60.65337 7.148416 -13.982718 -7.150197 -2.875042 13.772733 -8.401497 -3.218244 0.347734 -34.211559 0.771655 -0.963028 -17.733372 2.62102 -0.0 -1e-06 -0.0 -17.346422 -20.095221 -4.201782 21.757566 -1.638374 3.866428 2e-06 -6.338825 -0.0 -1.697588 -22.591751 -6.19401 1e-06 -5e-06 -2e-06 84.198807 -68.055443 118.595894 -22.895494 -43.982224 45.324425 90.463585 -0.358256 0.437234 20.983799 9.17285 -1.932564 22.182116 -20.375895 49.933319 -16.701817 -16.74353 28.47653 -3e-06 -12.690603 -2e-06 16.027521 -18.086077 2.832369 -0.105921 -1.513854 -4.275882 -5.039039 -5.612872 -2.953553 6e-06 -11.020523 -2e-06 -6.111296 -15.895328 -3.840472 0.0 -1e-06 -1e-06 -10.283373 -5.680287 -4.341838 11.028296 -11.302407 -2.372632 -1.384267 -14.238582 -6.320124 -0.625439 -26.924191 -3.8276 -4.437078 -49.514236 -3.229249 -13.708524 -7.363475 -3.720937 18.141151 -14.052739 -3.242673 7e-06 -18.78727 -1e-06 -0.429712 -8.456043 2.555504 -0.0 -0.0 -2e-06 -15.923538 -20.094479 -5.473584 30.419214 -7.190825 1.735924 3e-06 -8.162926 0.0 -1.861901 -22.861467 -6.167942 1e-06 -3e-06 -1e-06 -156.385727 -4.403582 -1.187802 13.51987 -0.809468 2.062609 -38.267357 6.776974 -17.834616 -17.406618 1.789833 2.601071 -1.000001 -0.0 -4e-06 -34.968845 -0.87574 -10.785016 28.345894 0.299384 -0.334406 -75.440605 -17.475708 -3.209427 -10.675248 0.758151 1.494231 -1.000001 -1e-06 1e-06 
0.0 0.0 0.0 0.0 -0.0 0.0 -454.200928 95.632851 224.931595 77.267693 9.494746 -50.123219 3.355933 -3.331605 -2.145183 -9.73856 -1.904636 -4.585853 16.073313 -0.824042 -8.874793 33.322197 4.26386 2.255573 -2.670954 -0.827619 -7.954845 -34.795849 -0.478246 -10.465876 4e-06 -1e-06 1e-06 -0.025053 0.010966 0.069867 0.048115 0.000691 0.089381 0.018174 0.014691 0.062601 -74.773773 -80.364197 88.596886 36.401173 -43.701897 -2.653426 92.533928 -0.52051 0.491118 5.363678 -1.095049 27.132889 17.636627 -26.322725 52.411182 -19.466658 -14.395598 29.410385 -1e-06 -8.774821 -3e-06 17.197435 -19.2199 5.992013 -0.609776 -1.795653 -3.889327 -4.80709 -11.046813 -2.937848 3e-06 -20.976019 0.0 -5.019969 -25.03356 -4.031883 5e-06 0.0 0.0 -10.634535 -5.686972 -3.565587 10.573271 -17.922951 -3.113901 2e-06 -13.821208 0.0 -0.501779 -31.181505 -4.027015 -11.88886 -60.831665 7.11281 -13.982714 -7.150198 -2.875041 13.772729 -8.401491 -3.218243 0.347732 -34.211552 0.771653 -0.963029 -17.73337 2.621018 0.0 -0.0 0.0 -17.346416 -20.095217 -4.201781 21.757557 -1.638373 3.866428 2e-06 -6.338825 -1e-06 -1.69759 -22.591743 -6.194005 -1e-06 -6e-06 -3e-06 87.068459 -67.718529 115.776955 -27.016949 -46.147789 47.209927 90.21772 -0.433634 0.327487 19.786839 8.584518 -1.228564 22.182112 -20.375889 49.933319 -16.701811 -16.743525 28.476526 -3e-06 -12.6906 -1e-06 16.03154 -18.108067 2.772942 -0.10592 -1.513855 -4.275883 -5.039042 -5.612872 -2.953556 7e-06 -11.02052 -5e-06 -6.111297 -15.895332 -3.840472 -1e-06 -0.0 -0.0 -10.283366 -5.680287 -4.341837 11.028292 -11.302402 -2.372635 -1.384265 -14.238581 -6.320121 -0.625436 -26.924183 -3.827602 -4.4023 -49.412193 -3.373013 -13.708522 -7.363476 -3.72094 18.141146 -14.052738 -3.242674 6e-06 -18.787268 -0.0 -0.429711 -8.456043 2.555503 -1e-06 1e-06 0.0 -15.923532 -20.094481 -5.473583 30.419205 -7.190823 1.735925 3e-06 -8.162926 -1e-06 -1.861901 -22.861467 -6.167941 0.0 -2e-06 1e-06 -157.769226 -3.626023 0.49338 21.636099 -1.30052 2.206676 -34.383747 7.401317 -16.489403 -10.102816 1.465648 2.651652 -0.999997 1e-06 -0.0 -30.377102 -0.944687 -11.084358 21.202309 0.264968 -0.343187 -76.60672 -19.350489 -3.425855 -10.447398 0.69373 1.4129 -1.000002 -0.0 0.0 
0.0 0.0 0.0 0.0 -0.0 0.0 -458.938538 94.562683 217.792328 76.522522 8.681372 -51.676163 3.635997 -2.782656 -1.814753 -9.612765 -1.909134 -3.906301 16.451666 -1.181626 -8.421527 33.004116 5.073486 2.182462 -2.68447 -0.846698 -8.279512 -35.324409 -0.429481 -11.128373 5e-06 -1e-06 0.0 -0.027519 0.019297 0.089347 0.089475 0.01587 0.128077 0.08717 0.01286 0.063811 -80.23278 -80.230019 94.320129 38.186817 -44.070412 -1.335829 90.808472 -0.432023 0.753013 6.181312 -0.123694 24.910635 17.636635 -26.322731 52.411201 -19.466665 -14.3956 29.410395 -1e-06 -8.774824 -2e-06 17.065559 -19.275368 6.032655 -0.609777 -1.795654 -3.889324 -4.807088 -11.046816 -2.937852 6e-06 -20.976021 -3e-06 -5.019967 -25.03356 -4.031884 6e-06 -0.0 1e-06 -10.634537 -5.686971 -3.56559 10.573278 -17.922958 -3.113901 3e-06 -13.821213 0.0 -0.501775 -31.181511 -4.027018 -12.263711 -60.997341 7.496564 -13.982717 -7.150199 -2.875043 13.772733 -8.401495 -3.218241 0.347738 -34.211559 0.771652 -0.963028 -17.733372 2.621021 -1e-06 0.0 0.0 -17.346422 -20.095217 -4.201784 21.757566 -1.638381 3.866428 3e-06 -6.338825 -2e-06 -1.697586 -22.591745 -6.194006 1e-06 -5e-06 -3e-06 85.418556 -67.812866 116.8517 -28.345732 -49.031086 46.293285 88.331078 -0.516768 -0.16293 19.036724 8.656046 -0.068593 22.18211 -20.375902 49.933319 -16.701805 -16.743532 28.476528 -4e-06 -12.6906 -3e-06 15.959198 -18.183437 2.731494 -0.105919 -1.513856 -4.275881 -5.039041 -5.612869 -2.953555 6e-06 -11.02052 -2e-06 -6.111297 -15.895329 -3.840472 -2e-06 0.0 -0.0 -10.283368 -5.680284 -4.341837 11.028291 -11.302403 -2.372632 -1.384271 -14.238577 -6.320117 -0.625441 -26.924185 -3.827596 -4.355281 -49.370007 -3.690269 -13.708524 -7.363475 -3.720938 18.141148 -14.052734 -3.242673 4e-06 -18.787268 1e-06 -0.429713 -8.456043 2.555504 -0.0 0.0 0.0 -15.923538 -20.094481 -5.473582 30.419205 -7.190823 1.735924 3e-06 -8.162922 1e-06 -1.861904 -22.861469 -6.167936 1e-06 -4e-06 -2e-06 -163.222092 -5.105623 -0.328574 35.352573 -1.342432 1.999303 -38.368206 6.439023 -15.361043 -9.384123 1.434128 2.602932 -0.999997 0.0 -0.0 -26.637405 0.134372 -10.993839 22.439484 0.388453 -0.570115 -76.639854 -21.573538 1.49493 -9.849629 0.543058 1.442517 -1.000001 -0.0 -0.0 
0.0 0.0 0.0 0.0 -0.0 0.0 -463.051331 92.938751 211.488159 77.921234 6.258654 -54.233688 4.672281 -1.23212 -1.222019 -9.2068 -1.606502 -3.616741 16.949213 -0.322743 -7.108459 32.077267 5.567058 2.409479 -2.758569 -0.996371 -8.02115 -37.121269 -0.808375 -11.102134 7e-06 0.0 0.0 -0.024873 0.037962 0.12613 0.131873 0.012093 0.175038 0.129166 0.054939 0.09045 -92.331589 -78.951454 107.011711 39.156406 -44.953346 -2.437502 88.705368 -0.585381 0.869974 7.787858 2.920085 22.2269 17.636627 -26.322733 52.411205 -19.466665 -14.395602 29.410395 -1e-06 -8.774821 0.0 16.593187 -19.047281 6.329277 -0.609776 -1.795654 -3.889329 -4.807088 -11.046811 -2.93785 7e-06 -20.976015 -3e-06 -5.01997 -25.03356 -4.031879 5e-06 0.0 0.0 -10.634535 -5.68697 -3.565587 10.573276 -17.922953 -3.113905 3e-06 -13.821209 0.0 -0.501776 -31.181505 -4.027013 -12.878072 -61.052597 8.157684 -13.982714 -7.150198 -2.875043 13.772731 -8.401492 -3.218245 0.34774 -34.211544 0.771653 -0.963032 -17.733366 2.621021 0.0 -0.0 0.0 -17.346416 -20.095217 -4.201786 21.757559 -1.638379 3.866427 2e-06 -6.338825 -0.0 -1.69759 -22.591747 -6.194006 -2e-06 -7e-06 -0.0 78.213219 -69.006012 123.226242 -22.666859 -52.300228 38.916607 84.65744 -0.725953 -0.619438 19.627243 9.559693 -1.158807 22.182117 -20.375893 49.933323 -16.701817 -16.74353 28.476534 -3e-06 -12.690606 -1e-06 16.028412 -18.38489 2.523739 -0.105917 -1.513856 -4.275879 -5.039042 -5.612872 -2.953558 5e-06 -11.020527 -2e-06 -6.111297 -15.895336 -3.840471 0.0 -2e-06 1e-06 -10.28337 -5.680288 -4.341837 11.028299 -11.302409 -2.372634 -1.384267 -14.238581 -6.320122 -0.625435 -26.924196 -3.827604 -4.47924 -49.683033 -3.780206 -13.708524 -7.363476 -3.720937 18.141153 -14.052741 -3.242678 7e-06 -18.78727 -3e-06 -0.42971 -8.456041 2.555506 0.0 0.0 -0.0 -15.923536 -20.094484 -5.473586 30.419224 -7.190833 1.735926 4e-06 -8.162928 -0.0 -1.861901 -22.861471 -6.167943 1e-06 -4e-06 -1e-06 -170.935272 -10.131511 -3.515269 50.474613 -1.130993 1.63214 -46.758495 -0.178434 -12.988411 -10.473747 1.494892 2.604041 -0.999998 -0.0 -0.0 -25.567829 4.828389 -8.803014 30.903929 0.504226 -0.86298 -81.370499 -25.701372 12.497834 -7.510467 0.497845 1.565202 -1.000002 -0.0 0.0 
0.0 0.0 0.0 0.0 -0.0 0.0 -467.075958 91.367355 205.259995 79.619843 2.942668 -57.460941 6.280642 0.08136 -0.497465 -8.719878 -1.230053 -3.099555 18.017452 1.2997 -5.9139 31.505289 5.5212 2.712238 -2.718869 -0.891723 -7.553877 -39.361668 -1.138548 -10.299299 6e-06 0.0 -0.0 -0.013075 0.035184 0.069361 0.199788 -0.001752 0.132556 0.173578 0.067925 0.01849 -99.038696 -77.45681 114.853714 39.40546 -47.462536 -4.599513 85.108871 -0.49877 0.36864 9.595952 6.636502 19.744974 17.636633 -26.322733 52.411201 -19.466663 -14.395598 29.410395 -0.0 -8.774822 -4e-06 16.446644 -18.659523 6.467644 -0.609777 -1.795654 -3.889331 -4.807086 -11.046809 -2.937851 5e-06 -20.976021 0.0 -5.019969 -25.03356 -4.031882 5e-06 -0.0 -1e-06 -10.634535 -5.68697 -3.565588 10.573277 -17.922951 -3.113903 5e-06 -13.821209 1e-06 -0.501777 -31.181505 -4.027011 -12.945897 -60.925404 8.546523 -13.982714 -7.150197 -2.875044 13.772728 -8.401493 -3.21824 0.347736 -34.211555 0.771654 -0.96303 -17.73337 2.621022 1e-06 -1e-06 1e-06 -17.346416 -20.095217 -4.201783 21.757557 -1.638378 3.866428 2e-06 -6.338824 -1e-06 -1.697588 -22.591745 -6.194005 -0.0 -5e-06 -2e-06 69.481026 -70.690269 131.612061 -6.919605 -55.098461 24.22422 78.538147 -1.003858 -0.397005 20.696238 10.800412 -5.50462 22.182117 -20.375896 49.933319 -16.701817 -16.743534 28.476532 -5e-06 -12.690603 -1e-06 16.255623 -18.218203 2.417497 -0.105917 -1.513857 -4.275882 -5.03904 -5.612871 -2.953557 5e-06 -11.020525 -1e-06 -6.111295 -15.895336 -3.840468 0.0 -1e-06 1e-06 -10.283371 -5.680288 -4.341838 11.028296 -11.302411 -2.372633 -1.384268 -14.238579 -6.320121 -0.625434 -26.924192 -3.827602 -4.647469 -49.899601 -3.428022 -13.708523 -7.363474 -3.720939 18.14115 -14.052745 -3.242678 1e-05 -18.787271 -4e-06 -0.429711 -8.456045 2.555505 0.0 -1e-06 0.0 -15.923536 -20.094484 -5.473585 30.419218 -7.190827 1.735924 3e-06 -8.162925 -1e-06 -1.861899 -22.861469 -6.167942 -0.0 -3e-06 -2e-06 -178.98172 -15.470761 -4.338446 63.416649 -0.852651 1.150718 -56.610149 -8.476003 -9.861553 -10.797856 1.452057 2.420622 -0.999997 1e-06 0.0 -22.788376 9.868186 -7.098805 39.054489 0.564027 -1.140815 -90.612801 -26.672869 17.300127 -6.205979 0.599843 1.662113 -1.000003 0.0 -0.0 
0.0 0.0 0.0 0.0 -0.0 0.0 -471.27771 90.191223 198.641785 80.302643 0.118663 -60.796158 7.574091 0.639257 0.113693 -8.273298 -0.991675 -2.254311 19.36701 2.244321 -4.479954 31.509634 5.763039 2.918399 -2.668994 -0.793023 -7.243438 -39.784752 -1.300051 -9.712949 7e-06 0.0 -0.0 -0.035306 0.02152 0.02546 0.163391 -0.042825 0.092615 0.125865 0.086169 -0.033297 -101.982025 -76.149826 119.171814 38.742039 -49.984604 -5.054224 80.167236 -0.607394 -0.122464 10.760509 9.154799 17.392883 17.636631 -26.322741 52.411209 -19.466665 -14.395602 29.410398 -1e-06 -8.774822 -2e-06 16.628414 -18.600767 6.328016 -0.609775 -1.795653 -3.889329 -4.807086 -11.046811 -2.937853 6e-06 -20.976015 2e-06 -5.019969 -25.033552 -4.031876 6e-06 0.0 -2e-06 -10.634532 -5.68697 -3.565589 10.573277 -17.922951 -3.113902 4e-06 -13.821206 2e-06 -0.501771 -31.181505 -4.027014 -12.721978 -60.602692 8.295114 -13.982714 -7.150197 -2.875043 13.772731 -8.401494 -3.218245 0.347738 -34.211552 0.771656 -0.963026 -17.73337 2.621023 -1e-06 -1e-06 2e-06 -17.346416 -20.095217 -4.201783 21.757561 -1.638377 3.866426 2e-06 -6.338825 1e-06 -1.69759 -22.591749 -6.194004 0.0 -6e-06 -2e-06 58.664726 -71.688416 142.154709 13.85207 -53.387711 7.080617 71.365616 -0.860001 -0.353376 21.403896 11.761539 -10.003376 22.18211 -20.375895 49.933319 -16.701809 -16.743528 28.476528 -0.0 -12.690598 -0.0 16.475191 -17.840286 2.418947 -0.105921 -1.513854 -4.275883 -5.039041 -5.612873 -2.953555 2e-06 -11.020521 -2e-06 -6.111297 -15.895334 -3.840469 -0.0 -1e-06 1e-06 -10.283371 -5.680288 -4.341839 11.028294 -11.302407 -2.37263 -1.384269 -14.238581 -6.320122 -0.625442 -26.924192 -3.827601 -4.673544 -50.073963 -3.242314 -13.708522 -7.363477 -3.720939 18.141146 -14.052738 -3.242673 5e-06 -18.78727 -2e-06 -0.429712 -8.456041 2.555504 1e-06 1e-06 1e-06 -15.923536 -20.094484 -5.473582 30.419207 -7.190823 1.735926 3e-06 -8.162927 -0.0 -1.861903 -22.861469 -6.167942 -0.0 -4e-06 -0.0 172.686539 -17.82431 -2.61472 71.553604 -0.585496 0.919419 -65.513885 -11.820103 -8.092435 -10.346375 1.408612 2.240138 -0.999998 -0.0 1e-06 -16.570953 12.700061 -6.003193 42.794769 0.856288 -1.42813 -98.566284 -24.52363 19.823519 -5.835853 0.579704 1.674933 -1.000002 0.0 0.0 
0.0 0.0 0.0 0.0 -0.0 0.0 -475.418365 89.495621 191.960114 80.592903 -1.571726 -64.352814 8.412351 1.036009 0.630405 -7.960419 -0.654901 -1.072127 19.999939 2.609487 -2.57849 31.560122 5.60884 2.901179 -2.600104 -0.716823 -7.410796 -39.410221 -1.240488 -9.675976 5e-06 -1e-06 -0.0 -0.061742 0.008311 0.052743 0.096986 -0.060737 0.110561 0.048426 0.080879 0.001592 -103.329384 -74.323578 121.397827 35.380432 -52.42038 -1.454295 77.158333 -0.609818 -0.430167 11.340465 9.67923 16.593088 17.636637 -26.322742 52.411209 -19.466665 -14.3956 29.410395 2e-06 -8.774822 -1e-06 16.753212 -18.790863 6.237127 -0.609779 -1.795654 -3.889327 -4.807086 -11.046814 -2.937852 4e-06 -20.976021 1e-06 -5.019974 -25.033564 -4.03188 7e-06 -1e-06 -1e-06 -10.634538 -5.686971 -3.565588 10.573277 -17.922955 -3.113903 3e-06 -13.821213 0.0 -0.501779 -31.181511 -4.027015 -12.518417 -60.453854 7.929888 -13.982718 -7.150199 -2.875041 13.77273 -8.401495 -3.218243 0.347735 -34.211555 0.771655 -0.963029 -17.733372 2.621021 -1e-06 -1e-06 1e-06 -17.346422 -20.095224 -4.201784 21.757561 -1.638375 3.866428 0.0 -6.338825 1e-06 -1.697593 -22.591757 -6.194008 0.0 -4e-06 -2e-06 51.407707 -74.025986 148.467133 29.328648 -49.536079 -5.430062 67.724457 -1.107724 -0.738784 21.067818 12.225454 -11.261655 22.182117 -20.375906 49.933323 -16.701805 -16.743532 28.47653 -2e-06 -12.690603 -0.0 16.280592 -17.421806 2.330347 -0.10592 -1.513858 -4.275882 -5.039041 -5.612872 -2.953556 4e-06 -11.02052 -2e-06 -6.1113 -15.89533 -3.84047 1e-06 -0.0 -1e-06 -10.283373 -5.68029 -4.341839 11.028293 -11.302401 -2.372629 -1.384269 -14.238581 -6.320119 -0.625441 -26.924187 -3.827602 -4.423097 -49.56348 -3.435739 -13.708525 -7.363478 -3.720939 18.141148 -14.05274 -3.242672 3e-06 -18.78727 -0.0 -0.429714 -8.456043 2.555504 0.0 -0.0 2e-06 -15.923536 -20.094484 -5.473583 30.41921 -7.190822 1.735926 1e-06 -8.162927 -0.0 -1.861906 -22.861467 -6.167939 0.0 -3e-06 -1e-06 163.811523 -17.597353 -0.7027 74.824272 -0.328011 0.757147 -73.365227 -12.173594 -7.892742 -9.52189 1.397631 2.168505 -0.999997 1e-06 1e-06 -9.209252 13.754345 -4.13878 43.540028 1.06829 -1.737663 -103.936676 -21.557285 20.11194 -6.047221 0.513168 1.643812 -1.000002 -1e-06 1e-06 
0.0 0.0 0.0 0.0 -0.0 0.0 -479.405457 89.535042 185.277603 80.277161 -1.898182 -68.219612 8.713529 1.231287 1.042103 -7.803221 -0.193592 0.664936 19.940733 2.319742 -0.433414 31.505024 5.276827 2.750976 -2.464418 -0.616869 -7.707377 -38.806282 -1.039262 -10.159767 5e-06 -0.0 0.0 -0.068845 -0.001872 0.123018 0.043522 -0.055575 0.165186 -0.01967 0.057835 0.091174 -104.576965 -71.676224 123.169228 28.65765 -54.078281 5.772998 77.374146 -0.606058 -0.952824 11.998674 9.412115 17.295612 17.636639 -26.322741 52.411201 -19.466665 -14.395602 29.410393 -1e-06 -8.774823 -3e-06 16.713814 -18.795746 6.183425 -0.609776 -1.795654 -3.88933 -4.80709 -11.046811 -2.937851 2e-06 -20.976019 1e-06 -5.019974 -25.033558 -4.031882 5e-06 -1e-06 -1e-06 -10.63454 -5.686972 -3.565591 10.573277 -17.922951 -3.113902 3e-06 -13.821209 3e-06 -0.501783 -31.181505 -4.027013 -12.219034 -60.138432 7.502965 -13.982719 -7.1502 -2.875043 13.772733 -8.401495 -3.218243 0.347733 -34.211555 0.771658 -0.96303 -17.73337 2.621023 0.0 -0.0 0.0 -17.346426 -20.095221 -4.201782 21.757568 -1.638374 3.86643 1e-06 -6.338825 1e-06 -1.69759 -22.591751 -6.194006 -3e-06 -5e-06 -4e-06 47.301544 -78.628975 151.042236 39.002842 -46.126305 -14.138345 67.338203 -1.421795 -0.873696 20.498375 12.868812 -9.017938 22.182123 -20.375898 49.933323 -16.701815 -16.743525 28.47653 -3e-06 -12.690603 -2e-06 15.964283 -17.158319 2.252032 -0.10592 -1.513857 -4.275881 -5.039041 -5.612871 -2.953557 5e-06 -11.020527 -2e-06 -6.1113 -15.895334 -3.84047 1e-06 -2e-06 -1e-06 -10.283371 -5.68029 -4.34184 11.028296 -11.302409 -2.372632 -1.38427 -14.238585 -6.320122 -0.625441 -26.924196 -3.827601 -4.11345 -49.086098 -3.621665 -13.708526 -7.363478 -3.720941 18.141148 -14.052745 -3.242672 5e-06 -18.78727 -2e-06 -0.429712 -8.456045 2.555505 0.0 -0.0 -1e-06 -15.923538 -20.094492 -5.473587 30.41921 -7.190827 1.735929 3e-06 -8.162925 -1e-06 -1.861901 -22.861473 -6.167942 -0.0 -3e-06 -1e-06 155.647293 -15.149452 -0.751265 71.886879 -0.305647 0.609912 -78.92717 -13.971314 -8.438262 -8.848052 1.50709 2.125038 -0.999999 -0.0 2e-06 -1.498932 12.557314 -1.72294 41.574673 1.243495 -1.982687 -105.956047 -18.502327 18.599371 -6.885417 0.454828 1.63208 -1.000002 -0.0 -0.0 
0.0 0.0 0.0 0.0 -0.0 0.0 -483.543762 90.267143 177.761627 79.191345 -0.8321 -71.603752 8.190234 1.207449 1.567902 -7.908467 0.279255 2.392975 19.460421 1.346153 1.94772 31.553913 5.103552 2.377621 -2.435524 -0.461536 -7.990996 -38.001152 -0.527814 -11.139792 6e-06 0.0 0.0 -0.051959 -0.005221 0.194281 0.060844 -0.043735 0.238475 -0.007065 0.040849 0.161027 -105.514488 -68.222328 124.832146 21.383234 -53.739845 14.075005 79.164673 -0.644388 -1.458829 12.941582 9.253768 18.662582 17.636635 -26.322741 52.411205 -19.466661 -14.395596 29.410393 -1e-06 -8.774823 -0.0 16.709818 -18.669504 6.043232 -0.609774 -1.795654 -3.88933 -4.807086 -11.046811 -2.937852 5e-06 -20.976017 -2e-06 -5.01997 -25.033556 -4.031879 8e-06 1e-06 -0.0 -10.634537 -5.686972 -3.565589 10.573276 -17.922951 -3.113899 2e-06 -13.821211 4e-06 -0.501775 -31.181505 -4.027015 -12.076518 -59.849548 7.167831 -13.982716 -7.1502 -2.875045 13.77273 -8.401491 -3.21824 0.347732 -34.211544 0.771658 -0.963031 -17.733368 2.621022 -1e-06 1e-06 1e-06 -17.346416 -20.095215 -4.201786 21.757557 -1.638378 3.866428 1e-06 -6.338824 1e-06 -1.69759 -22.591747 -6.194007 -2e-06 -6e-06 -1e-06 44.523735 -84.06694 152.041245 43.276684 -43.248177 -18.24291 68.153175 -1.284926 -0.308823 20.09207 14.205721 -4.596943 22.182117 -20.375898 49.933319 -16.701811 -16.743526 28.47653 -1e-06 -12.690601 -0.0 15.649111 -17.311708 2.404854 -0.10592 -1.513855 -4.275881 -5.039042 -5.612873 -2.953557 3e-06 -11.020528 -1e-06 -6.111298 -15.895341 -3.84047 1e-06 -1e-06 0.0 -10.28337 -5.680288 -4.341838 11.028295 -11.302406 -2.372633 -1.38427 -14.238585 -6.32012 -0.625441 -26.924194 -3.8276 -4.062809 -49.281296 -3.699059 -13.708524 -7.363479 -3.720939 18.141148 -14.052739 -3.242673 5e-06 -18.787271 -2e-06 -0.429712 -8.456044 2.555504 0.0 -0.0 0.0 -15.923536 -20.094486 -5.473584 30.419214 -7.190825 1.735927 2e-06 -8.162928 -1e-06 -1.861902 -22.861475 -6.167943 -0.0 -3e-06 -1e-06 149.970505 -11.318188 -3.265894 60.909374 -0.352034 0.604737 -80.672852 -15.804889 -9.626477 -8.494199 1.721389 2.052475 -0.999999 -1e-06 -0.0 6.964492 9.276917 0.443077 36.040325 1.221558 -2.06708 -104.103813 -16.014832 15.753422 -9.124259 0.421768 1.584093 -1.000003 -1e-06 0.0 
0.0 0.0 0.0 0.0 -0.0 0.0 -487.873505 91.183136 169.115356 77.957222 1.057136 -73.803047 6.968376 1.244854 2.137261 -8.322045 0.692495 3.936612 18.779671 0.384266 4.189618 31.574821 5.312861 1.936444 -2.507532 -0.583949 -8.243805 -36.951389 0.423432 -12.485144 6e-06 1e-06 -0.0 -0.041785 -0.037246 0.243029 0.136212 -0.041452 0.319432 0.079244 -0.025795 0.177887 -104.191048 -65.046844 123.942146 14.539632 -52.849178 22.524044 81.523033 -0.357618 -1.279306 14.242966 9.118323 20.395334 17.636627 -26.322733 52.411213 -19.466663 -14.395598 29.410395 -1e-06 -8.774823 -2e-06 16.584517 -18.497158 6.054494 -0.609778 -1.795653 -3.889327 -4.807088 -11.046811 -2.937853 6e-06 -20.976021 1e-06 -5.019969 -25.03356 -4.031882 9e-06 0.0 -0.0 -10.634537 -5.686968 -3.565585 10.573278 -17.922955 -3.113904 3e-06 -13.821211 3e-06 -0.50178 -31.181505 -4.027014 -12.179804 -59.664116 7.216509 -13.982718 -7.150198 -2.875042 13.772735 -8.401492 -3.218243 0.347734 -34.211555 0.771659 -0.963031 -17.733372 2.621021 -1e-06 -1e-06 2e-06 -17.34642 -20.095217 -4.201782 21.757561 -1.638377 3.866427 0.0 -6.338824 2e-06 -1.697588 -22.591745 -6.194007 -2e-06 -3e-06 -3e-06 100.079529 -89.317291 94.983757 43.172016 -42.363583 -18.08856 70.399551 -0.712446 0.369797 20.801863 15.302694 0.66073 22.182116 -20.375895 49.933319 -16.701815 -16.743528 28.476532 -3e-06 -12.690602 -0.0 15.667817 -17.485399 2.552798 -0.10592 -1.513856 -4.275881 -5.039041 -5.612872 -2.953557 4e-06 -11.020523 -2e-06 -6.111298 -15.89533 -3.840471 1e-06 -0.0 0.0 -10.283369 -5.680286 -4.341839 11.028294 -11.302406 -2.372633 -1.384269 -14.238577 -6.320121 -0.625437 -26.924183 -3.827601 -3.989612 -50.148453 -3.652849 -13.708527 -7.363472 -3.720941 18.141148 -14.052741 -3.242674 6e-06 -18.78727 -3e-06 -0.429712 -8.456043 2.555503 0.0 -0.0 -0.0 -15.923536 -20.094479 -5.473587 30.41921 -7.190826 1.735927 3e-06 -8.162925 -1e-06 -1.861902 -22.861467 -6.167943 -0.0 -3e-06 -1e-06 147.83107 -7.1074 -6.0437 42.121761 -0.250727 0.358917 -77.043228 -14.113901 -13.365031 -9.018398 1.807324 2.062093 -0.999999 -0.0 0.0 14.653872 5.437003 1.241486 29.202686 1.096358 -2.252038 -96.84716 -14.534866 11.752938 -15.163761 0.670654 1.566552 -1.000002 -1e-06 -0.0 
0.0 0.0 0.0 0.0 -0.0 0.0 -492.022278 91.89386 159.423172 77.790573 2.520851 -74.514847 5.48643 1.829253 2.770399 -9.039083 0.959649 5.348236 18.226513 0.385793 5.602762 31.55616 6.559196 1.615117 -2.57636 -0.992194 -8.34262 -36.093792 0.911121 -13.587593 5e-06 -0.0 -0.0 -0.034972 -0.058792 0.266891 0.141161 -0.016794 0.348756 0.086717 -0.092956 0.194371 -99.68679 -63.027962 120.205414 8.994308 -53.045124 29.175146 83.686638 0.101421 -0.942536 15.678805 8.643464 21.699017 17.636635 -26.322742 52.411205 -19.466654 -14.395596 29.410389 0.0 -8.774822 -2e-06 16.446177 -18.447983 6.195783 -0.609778 -1.795655 -3.889328 -4.807087 -11.046811 -2.937852 2e-06 -20.976015 3e-06 -5.01997 -25.033554 -4.031878 6e-06 -0.0 -0.0 -10.634533 -5.686967 -3.565586 10.573272 -17.922951 -3.113899 0.0 -13.82121 6e-06 -0.501782 -31.181501 -4.02701 -12.573873 -59.604 7.830432 -13.982714 -7.150199 -2.875043 13.772728 -8.401488 -3.21824 0.347728 -34.211555 0.771663 -0.963032 -17.73337 2.621022 -1e-06 0.0 1e-06 -17.34642 -20.095217 -4.201784 21.757557 -1.638374 3.866428 1e-06 -6.338824 1e-06 -1.69759 -22.591747 -6.194006 -2e-06 -5e-06 -1e-06 -154.0065 -86.209663 -11.39094 40.013794 -43.310074 -15.949822 74.629234 -0.341402 0.99576 22.51074 14.701564 6.146598 22.182121 -20.375898 49.933308 -16.701818 -16.743526 28.47653 -4e-06 -12.690601 -1e-06 15.720089 -17.617758 2.598556 -0.10592 -1.513856 -4.275882 -5.039041 -5.612874 -2.953556 5e-06 -11.020526 -1e-06 -6.111297 -15.895339 -3.84047 0.0 -0.0 0.0 -10.283373 -5.680287 -4.341839 11.028296 -11.302411 -2.372631 -1.384269 -14.238586 -6.32012 -0.62544 -26.924196 -3.8276 -4.459488 -50.561825 -3.149823 -13.708526 -7.363475 -3.720939 18.14115 -14.052745 -3.242672 7e-06 -18.787275 -3e-06 -0.429711 -8.456047 2.555504 0.0 0.0 -0.0 -15.923536 -20.09449 -5.473584 30.419218 -7.190832 1.735926 3e-06 -8.16293 -1e-06 -1.861901 -22.861483 -6.167943 0.0 -3e-06 -3e-06 148.210754 -4.03261 -6.178424 21.913877 -0.138979 0.096104 -68.970871 -7.359799 -18.669394 -9.501103 1.67239 2.097561 -0.999999 0.0 0.0 21.585367 3.322549 0.440988 22.628996 0.817391 -2.293949 -84.363823 -13.433299 8.00152 -24.99835 1.01411 1.532599 -1.000002 -0.0 -0.0 
0.0 0.0 0.0 0.0 -0.0 0.0 -495.92981 92.187271 149.396011 78.812477 2.732874 -74.643013 4.26494 2.642903 3.086652 -9.649732 1.283776 6.713899 18.049801 1.347685 5.914581 31.35387 8.365956 1.488233 -2.587602 -1.209456 -8.393509 -34.965908 1.331558 -14.36933 6e-06 -2e-06 -0.0 -0.043577 -0.102221 0.285659 0.031696 -0.025156 0.314227 0.004311 -0.172207 0.263536 -95.532372 -61.899956 116.511612 3.763927 -53.955624 33.962257 85.180618 0.689861 -0.08745 16.672163 8.147264 21.046329 17.636625 -26.322727 52.411182 -19.466656 -14.395596 29.410385 1e-06 -8.774823 -3e-06 16.034496 -18.401258 6.231963 -0.609777 -1.795654 -3.889328 -4.807088 -11.046809 -2.937851 3e-06 -20.976009 -0.0 -5.019967 -25.033545 -4.031878 5e-06 1e-06 1e-06 -10.634531 -5.686971 -3.565587 10.573271 -17.922945 -3.113901 2e-06 -13.821206 3e-06 -0.50178 -31.181498 -4.027014 -12.499744 -59.142334 8.010628 -13.982711 -7.150198 -2.875043 13.772727 -8.401489 -3.218242 0.347732 -34.21154 0.771655 -0.96303 -17.733364 2.621021 -1e-06 1e-06 1e-06 -17.346418 -20.095217 -4.20178 21.757555 -1.638372 3.866428 -1e-06 -6.338823 3e-06 -1.69759 -22.591738 -6.194005 -2e-06 -5e-06 -1e-06 -145.244659 -85.418747 -20.16143 35.333694 -44.397007 -12.799165 79.717926 -0.407253 1.554161 24.886675 13.832976 11.018312 22.182114 -20.375898 49.933334 -16.701811 -16.743528 28.476536 -2e-06 -12.6906 -0.0 15.89379 -17.711582 2.546852 -0.10592 -1.513854 -4.275883 -5.039042 -5.612872 -2.953559 3e-06 -11.020525 -3e-06 -6.111298 -15.895334 -3.840472 0.0 -0.0 -1e-06 -10.283369 -5.680288 -4.341841 11.028294 -11.302402 -2.372632 -1.384269 -14.238577 -6.32012 -0.625439 -26.924183 -3.827601 -4.776692 -50.673527 -2.948364 -13.708524 -7.363472 -3.720943 18.14115 -14.052737 -3.242674 6e-06 -18.78727 -1e-06 -0.429712 -8.456043 2.555504 -0.0 0.0 1e-06 -15.923536 -20.094482 -5.473588 30.41921 -7.190826 1.735927 1e-06 -8.162927 0.0 -1.861903 -22.861467 -6.16794 -0.0 -2e-06 -2e-06 149.244019 -3.214628 -2.899133 10.112109 -0.146219 0.207593 -63.313873 -0.374086 -23.785917 -9.455215 1.568922 2.039833 -0.999999 1e-06 0.0 25.575851 3.258595 -1.35503 21.973545 0.764274 -2.120967 -70.290489 -14.367383 5.573442 -30.816557 1.088889 1.512081 -1.0 -0.0 0.0 
0.0 0.0 0.0 0.0 -0.0 0.0 -499.245605 91.701469 139.814209 79.22554 1.373387 -74.561127 4.114985 2.678224 2.826828 -9.708399 1.477967 6.815452 18.424526 2.232596 5.922834 30.940382 10.216269 1.507953 -2.561672 -1.169632 -8.792884 -33.931252 2.036424 -14.78837 5e-06 0.0 0.0 -0.07494 -0.13952 0.198405 -0.096911 -0.068934 0.195233 -0.075948 -0.206028 0.206102 -93.654785 -61.914059 115.152618 1.410067 -54.955894 34.822372 85.901855 1.40018 0.526087 17.812714 7.765024 20.410238 17.636623 -26.322718 52.411171 -19.466652 -14.395596 29.410378 0.0 -8.774821 -3e-06 16.022202 -18.347912 5.921917 -0.609777 -1.795652 -3.889325 -4.807087 -11.046806 -2.937851 4e-06 -20.976006 -1e-06 -5.019969 -25.033546 -4.031881 6e-06 -0.0 -0.0 -10.634529 -5.686967 -3.565588 10.57327 -17.922945 -3.113899 -1e-06 -13.821205 3e-06 -0.501777 -31.181494 -4.027016 -12.062217 -58.884624 7.541711 -13.982707 -7.150196 -2.875043 13.772727 -8.401489 -3.218241 0.347734 -34.211536 0.771655 -0.963031 -17.733366 2.621019 -2e-06 2e-06 -1e-06 -17.346415 -20.095211 -4.201783 21.757551 -1.638374 3.866428 2e-06 -6.33882 1e-06 -1.697589 -22.591738 -6.194004 -3e-06 -5e-06 -1e-06 -136.339478 -86.737152 -29.245918 31.44179 -46.157528 -10.407056 83.959801 -0.377553 1.630002 27.881983 13.847946 14.586069 22.182104 -20.375891 49.933308 -16.701801 -16.743525 28.476519 -2e-06 -12.690597 -1e-06 16.306135 -17.74202 2.380925 -0.105918 -1.513855 -4.275879 -5.039039 -5.61287 -2.953557 4e-06 -11.020518 -1e-06 -6.111294 -15.895328 -3.84047 1e-06 0.0 1e-06 -10.283364 -5.680286 -4.341837 11.028289 -11.302403 -2.372631 -1.384268 -14.238575 -6.320118 -0.625437 -26.924177 -3.8276 -4.744553 -50.730576 -3.133409 -13.708519 -7.363473 -3.720938 18.141142 -14.052733 -3.242672 6e-06 -18.787262 -3e-06 -0.429712 -8.45604 2.555503 0.0 0.0 -1e-06 -15.92353 -20.094477 -5.473584 30.419205 -7.190823 1.735927 3e-06 -8.162924 -1e-06 -1.861902 -22.861465 -6.167941 -0.0 -3e-06 -0.0 149.888367 -3.116157 -0.430893 12.838909 -0.206657 0.439388 -60.175655 5.538499 -27.534698 -9.173323 1.670139 2.000908 -0.999999 -1e-06 1e-06 24.569813 3.106626 -5.419882 33.655602 0.682572 -1.382324 -64.274658 -18.887354 4.679081 -21.456825 0.823283 1.541505 -1.000002 -0.0 1e-06 
0.0 0.0 0.0 0.0 -0.0 0.0 -502.3479 90.210236 131.46846 77.808311 -0.832175 -74.790077 5.158498 1.86032 2.225374 -9.372049 1.105127 5.836935 19.165104 2.310513 5.5942 31.144327 11.233439 1.925238 -2.45809 -0.794929 -9.605538 -34.087219 2.374576 -15.070973 6e-06 -1e-06 -0.0 -0.056451 -0.11074 0.077256 -0.071474 -0.093017 0.094215 0.00126 -0.129105 0.066561 -94.218155 -63.25016 115.86834 3.654166 -55.564579 30.760218 85.98085 1.782163 0.351401 18.59086 8.257828 20.423115 17.636627 -26.322733 52.41119 -19.466658 -14.395598 29.410393 -0.0 -8.774822 -2e-06 16.678717 -18.221241 5.668482 -0.609776 -1.795652 -3.889325 -4.807087 -11.046811 -2.937852 2e-06 -20.976011 3e-06 -5.019971 -25.033554 -4.031879 6e-06 2e-06 0.0 -10.634531 -5.686971 -3.565587 10.573271 -17.922947 -3.1139 1e-06 -13.821206 3e-06 -0.501782 -31.181498 -4.027011 -12.350834 -59.797665 7.589637 -13.982713 -7.150198 -2.875041 13.772727 -8.401492 -3.218243 0.347731 -34.211544 0.771659 -0.963031 -17.73337 2.621022 1e-06 0.0 2e-06 -17.346416 -20.095215 -4.201779 21.757557 -1.638376 3.866425 0.0 -6.338823 2e-06 -1.697591 -22.591743 -6.194006 -0.0 -6e-06 -2e-06 -139.119141 -88.790825 -26.049875 30.49452 -48.728848 -10.364979 85.47084 -0.115216 1.054173 30.462648 14.833049 15.279104 22.182121 -20.375898 49.933327 -16.701807 -16.74353 28.476532 -2e-06 -12.690601 -1e-06 16.605822 -17.704939 2.457829 -0.105919 -1.513855 -4.275882 -5.039042 -5.612871 -2.953557 3e-06 -11.020524 -1e-06 -6.111298 -15.895334 -3.84047 -0.0 -1e-06 0.0 -10.28337 -5.680286 -4.341839 11.028291 -11.302404 -2.372632 -1.384269 -14.238578 -6.320119 -0.625441 -26.924183 -3.827599 -4.70436 -51.058197 -3.16711 -13.708527 -7.363479 -3.720941 18.14115 -14.052737 -3.242673 4e-06 -18.78727 0.0 -0.429713 -8.456043 2.555507 0.0 0.0 -1e-06 -15.923536 -20.094486 -5.473588 30.41921 -7.190826 1.735928 2e-06 -8.162925 1e-06 -1.861904 -22.861467 -6.167941 -0.0 -2e-06 -3e-06 150.148727 -2.127966 0.116498 26.214104 -0.197339 0.403049 -61.435474 9.154963 -25.345552 -8.218136 1.58749 2.100223 -0.999998 1e-06 0.0 20.451168 -0.036299 -10.357532 54.027855 0.163287 -0.618199 -68.003807 -22.723597 4.313991 -12.098192 0.655002 1.663589 -1.000002 -0.0 -0.0 
0.0 0.0 0.0 0.0 -0.0 0.0 -505.51416 88.434364 123.255798 75.646095 -3.244966 -76.178673 6.684882 1.102257 1.622852 -8.904194 0.480393 4.993168 20.329868 1.442922 4.248242 32.113373 11.268375 2.215661 -2.384865 -0.622684 -10.378516 -35.822105 2.310636 -14.86632 5e-06 -1e-06 0.0 -0.010398 -0.043196 0.028664 0.186908 0.004424 0.094254 0.263124 -0.09434 -0.03284 -98.626389 -65.184738 120.413765 11.478027 -54.236729 20.71793 84.800751 1.548798 0.063752 19.111473 10.087328 20.011032 17.63661 -26.322706 52.411167 -19.466648 -14.395589 29.410378 2e-06 -8.774817 -2e-06 16.790854 -18.395815 5.92705 -0.609777 -1.795653 -3.889326 -4.807084 -11.046804 -2.937851 3e-06 -20.976002 -3e-06 -5.019965 -25.033543 -4.03188 6e-06 1e-06 0.0 -10.634528 -5.686967 -3.565585 10.573269 -17.922941 -3.113903 1e-06 -13.821198 -0.0 -0.501772 -31.18148 -4.027016 -12.42866 -60.613708 7.713351 -13.982705 -7.150194 -2.875041 13.772723 -8.401487 -3.218243 0.347741 -34.211525 0.77165 -0.963024 -17.733358 2.621015 -1e-06 0.0 0.0 -17.346409 -20.095205 -4.201782 21.757551 -1.638374 3.866421 0.0 -6.338819 -1e-06 -1.697584 -22.59173 -6.194005 -3e-06 -5e-06 -1e-06 65.568153 -88.094528 130.371811 32.873894 -50.973824 -11.784504 82.282425 0.226324 0.511805 32.641083 15.466919 13.439086 22.182106 -20.375879 49.933304 -16.701805 -16.743525 28.476521 -2e-06 -12.690598 -0.0 16.567713 -18.062864 2.526452 -0.105919 -1.513856 -4.275882 -5.039042 -5.612868 -2.953556 4e-06 -11.02052 -3e-06 -6.111297 -15.895328 -3.84047 -0.0 -2e-06 -1e-06 -10.283366 -5.680284 -4.341837 11.028289 -11.302397 -2.372633 -1.384269 -14.238575 -6.320121 -0.625438 -26.924179 -3.827603 -4.55604 -50.871307 -3.389281 -13.708522 -7.363472 -3.72094 18.141142 -14.052733 -3.242673 6e-06 -18.787262 -3e-06 -0.429712 -8.45604 2.555502 0.0 -0.0 1e-06 -15.92353 -20.094479 -5.473584 30.419205 -7.190822 1.735924 1e-06 -8.162922 0.0 -1.861903 -22.861462 -6.167938 0.0 -3e-06 -1e-06 151.258301 -1.313982 -1.625372 42.126614 -0.358292 0.261983 -73.116394 8.948378 -21.182112 -5.697114 1.519262 2.134631 -0.999999 0.0 -0.0 14.226675 -5.259185 -10.976503 75.55986 -0.216939 -0.319338 -73.26004 -20.603178 4.607479 -10.314491 0.696944 1.726329 -1.000002 -0.0 -0.0 
0.0 0.0 0.0 0.0 -0.0 0.0 -508.243134 87.150284 114.216904 73.997375 -5.14434 -78.984947 7.912175 0.263421 1.079629 -8.460198 0.062167 4.042616 21.50466 0.197697 2.330657 32.950081 10.456583 2.203908 -2.470316 -0.822658 -10.447833 -37.136124 1.954288 -14.101968 5e-06 -1e-06 1e-06 0.01172 -0.071064 0.144147 0.294648 0.011266 0.223311 0.338584 -0.155228 0.061257 -103.013084 -67.547707 124.715378 21.063446 -51.123646 9.665969 82.634254 1.119583 0.156376 18.629025 11.518854 19.92609 17.636635 -26.322737 52.411194 -19.46666 -14.395596 29.410385 -4e-06 -8.774819 -2e-06 17.002769 -18.753632 6.173105 -0.609776 -1.795655 -3.889329 -4.807087 -11.046807 -2.937852 6e-06 -20.976019 3e-06 -5.019969 -25.033558 -4.03188 4e-06 0.0 -1e-06 -10.634533 -5.686968 -3.565588 10.573277 -17.922951 -3.1139 3e-06 -13.821213 3e-06 -0.501775 -31.181505 -4.027013 -12.44803 -61.383343 7.969756 -13.982711 -7.150197 -2.875043 13.77273 -8.401492 -3.218243 0.347736 -34.211555 0.771659 -0.96303 -17.73337 2.62102 -2e-06 0.0 -0.0 -17.346413 -20.095217 -4.201784 21.757557 -1.638376 3.866428 0.0 -6.338827 -1e-06 -1.697589 -22.591743 -6.194004 -0.0 -5e-06 -1e-06 66.181854 -85.037025 131.193497 36.719532 -52.929928 -12.691254 74.428406 0.485609 0.243503 31.656898 15.874719 9.77302 22.182112 -20.375885 49.933292 -16.701811 -16.743525 28.476522 -4e-06 -12.6906 -2e-06 16.198099 -18.289312 2.546535 -0.10592 -1.513855 -4.27588 -5.039041 -5.612868 -2.953556 4e-06 -11.020525 -2e-06 -6.111296 -15.89533 -3.840469 -0.0 -1e-06 -0.0 -10.283367 -5.680285 -4.341836 11.028292 -11.302403 -2.372633 -1.384267 -14.238583 -6.320119 -0.625438 -26.924191 -3.827599 -4.457017 -50.485092 -3.655715 -13.708523 -7.363473 -3.720939 18.141148 -14.052741 -3.242675 7e-06 -18.78727 -2e-06 -0.429711 -8.456045 2.555503 0.0 -0.0 -0.0 -15.923532 -20.094479 -5.473582 30.419205 -7.190826 1.735926 3e-06 -8.162922 -1e-06 -1.861901 -22.861467 -6.167941 0.0 -2e-06 -1e-06 156.097488 -0.953325 -3.674389 51.516571 -0.447094 0.282359 -85.4132 7.084419 -20.215261 -4.486388 1.506413 2.151429 -1.0 0.0 0.0 4.113263 -9.55083 -6.896233 92.883553 -0.298284 -0.082088 -76.952408 -15.639327 4.528335 -10.405908 0.737156 1.675444 -1.000001 0.0 -1e-06 
0.0 0.0 0.0 0.0 -0.0 0.0 -510.013763 86.763641 106.204514 73.716362 -6.694372 -82.258881 9.049229 -0.338852 0.79281 -8.158416 -0.2979 2.6057 22.146904 -0.298874 0.19947 33.099888 8.700251 2.294066 -2.524547 -1.120585 -9.929416 -37.164024 1.500454 -13.194115 6e-06 -2e-06 -1e-06 0.00477 -0.088297 0.261396 0.199607 -0.032239 0.331167 0.20001 -0.142533 0.186755 -104.952194 -70.802185 125.769249 26.96525 -47.44442 2.481379 81.902458 0.874684 0.120728 17.301201 10.944975 20.149744 17.63661 -26.322714 52.411175 -19.46666 -14.395598 29.410381 -1e-06 -8.774817 0.0 16.945595 -18.759199 6.225156 -0.609778 -1.795654 -3.889327 -4.807086 -11.046809 -2.937849 3e-06 -20.976011 -3e-06 -5.019966 -25.033546 -4.031882 6e-06 1e-06 1e-06 -10.634528 -5.686971 -3.565586 10.573266 -17.922945 -3.113902 3e-06 -13.821203 -1e-06 -0.501775 -31.181488 -4.027017 -12.160226 -61.356873 7.798865 -13.982708 -7.150197 -2.875041 13.772723 -8.401489 -3.218243 0.347737 -34.211536 0.771648 -0.963028 -17.733366 2.621017 1e-06 -1e-06 2e-06 -17.346409 -20.095213 -4.20178 21.757551 -1.638371 3.866426 0.0 -6.338825 -1e-06 -1.697586 -22.591734 -6.194004 -2e-06 -5e-06 -2e-06 63.327267 -82.112976 135.285309 36.277519 -53.752182 -10.428584 65.819656 -0.408712 0.041884 27.061842 15.07713 4.947635 22.182102 -20.375891 49.933315 -16.701807 -16.743528 28.47653 -3e-06 -12.690598 1e-06 15.855781 -18.303776 2.374946 -0.105919 -1.513855 -4.275881 -5.039038 -5.612868 -2.953556 5e-06 -11.02052 -3e-06 -6.111295 -15.895329 -3.840471 0.0 -1e-06 1e-06 -10.283367 -5.680287 -4.341837 11.028288 -11.302397 -2.372633 -1.384267 -14.238577 -6.32012 -0.625436 -26.924177 -3.8276 -4.499533 -49.43322 -3.653772 -13.70852 -7.363476 -3.720938 18.141146 -14.052735 -3.242675 6e-06 -18.787262 -3e-06 -0.429712 -8.456039 2.555503 1e-06 0.0 0.0 -15.923531 -20.094479 -5.473586 30.419205 -7.190823 1.735923 2e-06 -8.162922 -1e-06 -1.861902 -22.861464 -6.16794 -0.0 -3e-06 -1e-06 163.414536 -0.815226 -4.41189 53.423115 -0.502563 0.381341 -93.506721 3.89221 -20.787792 -4.340781 1.487496 2.128692 -1.0 -0.0 -1e-06 -9.259414 -10.508139 -1.819293 103.562737 -0.171239 0.171231 -79.039993 -11.408242 4.279979 -10.517347 0.751764 1.697967 -1.000001 -0.0 1e-06 
0.0 0.0 0.0 0.0 -0.0 0.0 -511.161377 87.348564 99.039375 74.390167 -7.784287 -84.911789 9.853176 -0.720975 0.483561 -7.870088 -0.540375 0.751433 22.236834 0.045229 -1.517699 32.556686 6.415701 2.417456 -2.530227 -1.031011 -9.587608 -36.713486 0.847954 -12.391778 5e-06 -2e-06 -1e-06 -0.003613 -0.050305 0.289211 0.163071 -0.037717 0.363473 0.123425 -0.058282 0.219183 -102.444832 -74.939606 121.934258 28.334814 -44.414627 -1.273418 84.636963 0.297852 -0.18213 15.893956 9.709126 19.154478 17.636644 -26.322744 52.411213 -19.466661 -14.395602 29.410395 0.0 -8.774824 -2e-06 16.694269 -18.815941 6.266314 -0.609778 -1.795655 -3.889329 -4.80709 -11.046813 -2.93785 3e-06 -20.976021 2e-06 -5.019971 -25.03356 -4.03188 5e-06 -0.0 0.0 -10.634539 -5.686972 -3.565589 10.573277 -17.922953 -3.113898 2e-06 -13.821211 2e-06 -0.501779 -31.181505 -4.027012 -12.111428 -60.965069 7.642375 -13.982719 -7.150201 -2.875044 13.772733 -8.401493 -3.218242 0.347734 -34.211555 0.77166 -0.963029 -17.733372 2.621021 -1e-06 -0.0 -0.0 -17.346426 -20.095221 -4.201783 21.757566 -1.638378 3.866431 1e-06 -6.338825 0.0 -1.697591 -22.591742 -6.194004 -1e-06 -5e-06 -2e-06 59.132198 -78.322372 140.786209 28.879143 -52.105354 -1.82185 61.261196 -1.070452 0.092988 24.680168 12.355199 1.38828 22.182119 -20.375904 49.933323 -16.701813 -16.74353 28.476532 -2e-06 -12.6906 -1e-06 15.857504 -18.555004 2.30684 -0.105919 -1.513855 -4.275882 -5.039039 -5.61287 -2.953557 2e-06 -11.020529 1e-06 -6.1113 -15.895339 -3.84047 2e-06 -1e-06 0.0 -10.283369 -5.680289 -4.341839 11.028294 -11.302409 -2.372631 -1.384269 -14.238581 -6.320122 -0.625441 -26.924202 -3.827602 -4.554003 -49.150665 -3.724129 -13.708526 -7.363477 -3.72094 18.141148 -14.052741 -3.242672 5e-06 -18.787275 -2e-06 -0.429713 -8.456045 2.555504 0.0 -1e-06 1e-06 -15.923536 -20.09449 -5.473582 30.419207 -7.190823 1.735926 2e-06 -8.162929 0.0 -1.861906 -22.861483 -6.16794 0.0 -4e-06 -1e-06 171.420654 -0.475077 -3.83497 50.935471 -0.578193 0.575607 -96.854675 0.24376 -21.625839 -4.854276 1.557137 2.16317 -0.999998 -0.0 -0.0 -22.889576 -9.18148 0.357776 104.885994 0.022437 0.233206 -79.485283 -8.051058 3.895221 -10.643535 0.735626 1.641568 -1.000002 -0.0 -0.0 
0.0 0.0 0.0 0.0 -0.0 0.0 -511.483185 88.893303 90.744926 74.982422 -7.808728 -86.082962 9.822426 -1.110572 -0.278588 -7.829986 -0.685095 -1.026042 21.859976 0.740604 -3.264524 31.997841 4.479973 2.573447 -2.576061 -0.847858 -9.450467 -36.270798 -0.00656 -11.761028 7e-06 -1e-06 1e-06 -0.020645 -0.005545 0.253826 0.176375 -0.024383 0.332779 0.106445 0.019733 0.188693 -96.548019 -78.564285 114.78492 26.58119 -42.535549 -2.688647 89.811966 -0.065287 -0.550037 14.656113 9.068438 16.560667 17.636621 -26.322733 52.411194 -19.466652 -14.395597 29.410385 -1e-06 -8.774821 -1e-06 16.305876 -18.864906 6.353081 -0.609776 -1.795654 -3.889329 -4.807086 -11.046805 -2.93785 6e-06 -20.976009 1e-06 -5.019971 -25.033552 -4.031876 6e-06 1e-06 0.0 -10.63453 -5.68697 -3.565589 10.573271 -17.922945 -3.113898 1e-06 -13.821204 2e-06 -0.501779 -31.181498 -4.027012 -12.039885 -60.368027 7.578198 -13.98271 -7.150197 -2.875041 13.772727 -8.40149 -3.218241 0.347732 -34.211544 0.77166 -0.963028 -17.73337 2.62102 -1e-06 -0.0 0.0 -17.346411 -20.095211 -4.201781 21.757555 -1.63838 3.866424 2e-06 -6.338823 1e-06 -1.697586 -22.59174 -6.194005 -2e-06 -2e-06 -2e-06 57.538429 -73.998566 143.45195 17.831324 -48.963387 8.472753 61.457283 -1.43565 0.074004 24.70812 9.829099 1.318572 22.182116 -20.3759 49.933319 -16.701803 -16.74353 28.47653 -4e-06 -12.690603 -1e-06 16.090942 -18.792633 2.414655 -0.10592 -1.513856 -4.275879 -5.039042 -5.612871 -2.953557 4e-06 -11.020525 -1e-06 -6.111295 -15.895329 -3.840468 -1e-06 -0.0 -0.0 -10.283371 -5.680288 -4.341839 11.02829 -11.302404 -2.372633 -1.38427 -14.238575 -6.320117 -0.625441 -26.924187 -3.827598 -4.493771 -49.433067 -3.545229 -13.708527 -7.363476 -3.720938 18.141146 -14.052739 -3.242673 4e-06 -18.787266 -1e-06 -0.429712 -8.456045 2.555505 -1e-06 0.0 -1e-06 -15.923539 -20.094482 -5.473584 30.41921 -7.190826 1.735927 2e-06 -8.162924 0.0 -1.861904 -22.861467 -6.16794 -1e-06 -2e-06 -2e-06 -179.154343 -0.387571 -3.138455 43.9697 -0.685504 0.973974 -94.928604 -0.634838 -22.576868 -7.608312 1.682589 2.172884 -0.999999 0.0 -0.0 -33.307259 -8.650258 -1.647462 96.01339 0.301098 0.090431 -78.992622 -5.356234 2.912748 -10.298867 0.621457 1.516277 -1.000005 0.0 -0.0 
0.0 0.0 0.0 0.0 -0.0 0.0 -511.014709 91.222855 81.037102 75.511803 -6.904929 -86.680573 8.958516 -1.272968 -1.074344 -8.022872 -0.735131 -2.52175 21.154261 1.343073 -4.927178 31.464144 2.888361 2.454616 -2.646041 -0.672268 -9.314171 -35.214203 -0.59474 -11.190394 7e-06 -0.0 2e-06 -0.039697 0.011284 0.188561 0.122649 -0.020823 0.25347 0.044555 0.052854 0.139014 -90.564201 -80.964302 107.97319 23.702908 -42.071014 -3.173739 94.961754 -0.498612 -1.044794 13.49367 9.133807 14.556168 17.636644 -26.322741 52.411201 -19.466665 -14.3956 29.410395 1e-06 -8.774825 -4e-06 16.125669 -18.698687 6.352559 -0.609777 -1.795653 -3.889328 -4.807088 -11.046813 -2.937851 5e-06 -20.976019 2e-06 -5.019974 -25.03356 -4.031878 6e-06 -0.0 -0.0 -10.634537 -5.686972 -3.565589 10.573279 -17.922955 -3.1139 4e-06 -13.82121 3e-06 -0.501778 -31.181507 -4.027011 -12.099164 -59.931107 7.649073 -13.982716 -7.150197 -2.875043 13.772731 -8.401495 -3.218241 0.347738 -34.211555 0.771656 -0.96303 -17.733372 2.621023 -1e-06 -0.0 -0.0 -17.346422 -20.095219 -4.201783 21.757561 -1.638376 3.866428 1e-06 -6.338824 0.0 -1.697589 -22.591749 -6.194004 0.0 -2e-06 -2e-06 59.567226 -70.517311 142.537323 7.342808 -46.355118 15.426411 64.025024 -1.5448 0.029612 25.505743 9.43559 2.253044 22.182117 -20.375898 49.933319 -16.701811 -16.743528 28.47653 -3e-06 -12.6906 -2e-06 16.40797 -18.894226 2.440511 -0.105921 -1.513856 -4.275881 -5.039042 -5.612872 -2.953557 5e-06 -11.020523 -2e-06 -6.111298 -15.895332 -3.84047 -0.0 -2e-06 -2e-06 -10.283369 -5.680288 -4.341838 11.028292 -11.302406 -2.372632 -1.384269 -14.238577 -6.320121 -0.62544 -26.924187 -3.827599 -4.498423 -49.969269 -3.35114 -13.708526 -7.363477 -3.720938 18.141148 -14.052739 -3.242673 6e-06 -18.78727 -3e-06 -0.42971 -8.456043 2.555505 -1e-06 -1e-06 -1e-06 -15.923539 -20.094484 -5.473583 30.41921 -7.190827 1.735925 5e-06 -8.162925 -0.0 -1.8619 -22.861469 -6.167942 1e-06 -4e-06 -0.0 -170.115707 -1.18197 -3.438933 33.935593 -0.73905 1.429955 -86.439507 2.043299 -23.417698 -14.804997 1.881137 2.130384 -0.999999 -0.0 1e-06 -38.20927 -8.281429 -5.319011 79.029442 0.490843 -0.345983 -77.977486 -4.738675 0.391091 -10.488306 0.584494 1.554869 -1.000004 0.0 -0.0 
0.0 0.0 0.0 0.0 -0.0 0.0 -509.770111 93.641563 70.823578 75.9534 -5.635607 -87.414871 7.575647 -1.235292 -1.72553 -8.611213 -0.882219 -3.564699 20.359579 1.697855 -6.286455 31.335016 1.521939 2.303727 -2.698565 -0.557888 -9.1302 -33.878719 -0.688577 -10.422576 6e-06 0.0 -0.0 -0.065293 0.021624 0.103967 0.05836 -0.010929 0.161352 -0.031013 0.06399 0.058401 -86.579712 -81.925789 103.824722 20.888763 -42.50563 -1.887753 98.42382 -0.68486 -1.574997 13.031034 9.946724 13.970125 17.636618 -26.322725 52.411186 -19.466663 -14.395596 29.410389 2e-06 -8.774821 -1e-06 15.975437 -18.725882 6.398499 -0.609777 -1.795654 -3.889324 -4.807084 -11.046811 -2.937852 3e-06 -20.976015 -0.0 -5.01997 -25.033554 -4.031879 5e-06 -0.0 -0.0 -10.634531 -5.686971 -3.565586 10.573271 -17.922949 -3.1139 4e-06 -13.821206 1e-06 -0.501774 -31.181505 -4.027016 -11.919868 -59.624771 7.503465 -13.982711 -7.150198 -2.87504 13.772727 -8.401489 -3.218243 0.347734 -34.211544 0.771652 -0.963031 -17.73337 2.621018 -2e-06 -0.0 -1e-06 -17.346413 -20.095215 -4.201778 21.757555 -1.638372 3.866427 2e-06 -6.338821 -0.0 -1.697587 -22.59174 -6.194005 -2e-06 -4e-06 -3e-06 65.175606 -68.575035 137.492493 -2.382771 -45.451134 20.78648 67.360893 -1.623936 -0.115235 25.948833 10.13799 3.228759 22.182114 -20.375896 49.933319 -16.701813 -16.74353 28.476532 -3e-06 -12.690601 -1e-06 16.548647 -18.88559 2.609562 -0.10592 -1.513856 -4.275881 -5.039045 -5.612873 -2.953556 6e-06 -11.020523 -1e-06 -6.1113 -15.895334 -3.84047 -1e-06 2e-06 -1e-06 -10.283371 -5.680288 -4.341839 11.028292 -11.302405 -2.372632 -1.38427 -14.23858 -6.320118 -0.625437 -26.924187 -3.827599 -4.553386 -50.404041 -3.21944 -13.708526 -7.363476 -3.72094 18.141151 -14.052738 -3.242672 5e-06 -18.78727 -0.0 -0.429711 -8.456047 2.555503 1e-06 -1e-06 -0.0 -15.923538 -20.094482 -5.473584 30.419214 -7.190826 1.735927 2e-06 -8.162927 0.0 -1.861902 -22.861469 -6.16794 1e-06 -2e-06 -1e-06 -162.129028 -2.378239 -4.349272 22.973999 -0.532276 1.641429 -71.356544 6.134059 -23.347885 -23.549767 2.102831 2.090703 -0.999999 0.0 0.0 -38.384422 -6.74392 -8.609418 57.246506 0.297642 -0.43796 -75.710648 -8.066293 -1.096548 -10.243576 0.68441 1.622312 -1.000002 0.0 -1e-06 
0.0 0.0 0.0 0.0 -0.0 0.0 -508.378021 95.292053 60.374947 75.263016 -4.759749 -88.377144 5.974296 -1.776727 -2.122551 -9.262961 -1.190463 -3.983647 19.475805 1.271747 -7.549678 31.923822 0.976985 2.09469 -2.783609 -0.716488 -8.443324 -32.592106 -0.497456 -9.691795 6e-06 -0.0 -1e-06 -0.096861 0.022935 0.077973 0.012024 0.011188 0.135203 -0.066359 0.041921 0.0296 -85.451744 -81.700264 103.090256 18.07769 -42.714134 1.765278 100.082817 -0.93121 -1.553593 13.372708 10.632479 14.773795 17.636625 -26.322731 52.41119 -19.46666 -14.395596 29.410385 3e-06 -8.774821 -4e-06 15.87334 -18.920074 6.480779 -0.609777 -1.795656 -3.889327 -4.807088 -11.046809 -2.937851 4e-06 -20.976015 1e-06 -5.019971 -25.033556 -4.031878 4e-06 -0.0 -0.0 -10.634535 -5.686972 -3.565589 10.573274 -17.922949 -3.113899 3e-06 -13.821208 2e-06 -0.50178 -31.181505 -4.027012 -11.742709 -59.559887 7.304127 -13.982713 -7.150198 -2.875044 13.772729 -8.401493 -3.218239 0.347736 -34.211555 0.771654 -0.963027 -17.73337 2.621019 -1e-06 -1e-06 0.0 -17.346416 -20.095221 -4.20178 21.757557 -1.638376 3.866425 1e-06 -6.338822 0.0 -1.697587 -22.591743 -6.194007 1e-06 -3e-06 -2e-06 72.952904 -67.773491 129.976883 -11.19515 -45.54797 25.666498 70.399895 -1.85276 0.262253 26.066523 10.494742 3.68212 22.182108 -20.375898 49.933315 -16.701809 -16.743528 28.47653 -4e-06 -12.690595 -1e-06 16.419443 -18.748087 2.708025 -0.10592 -1.513856 -4.275881 -5.039042 -5.612872 -2.953556 5e-06 -11.020521 -1e-06 -6.111294 -15.89533 -3.840469 -1e-06 -0.0 -0.0 -10.283369 -5.680288 -4.341839 11.028288 -11.302404 -2.372632 -1.384268 -14.238578 -6.32012 -0.625439 -26.924189 -3.827601 -4.464378 -50.432537 -3.340285 -13.708524 -7.363475 -3.72094 18.141144 -14.052738 -3.242674 8e-06 -18.78727 1e-06 -0.429711 -8.456039 2.555503 2e-06 -2e-06 0.0 -15.923538 -20.094479 -5.473583 30.419207 -7.190824 1.735926 3e-06 -8.162922 0.0 -1.861905 -22.861467 -6.167939 -0.0 -2e-06 -1e-06 -156.572495 -2.474366 -4.01852 15.607226 -0.362714 1.599323 -54.207245 7.147513 -22.698269 -25.115055 2.133601 2.272362 -0.999999 -1e-06 0.0 -35.514473 -5.2238 -10.233047 37.072083 0.209815 -0.316703 -75.216965 -12.110602 0.517899 -10.012143 0.785737 1.608213 -1.000003 -1e-06 1e-06 
0.0 0.0 0.0 0.0 -0.0 0.0 -506.870209 96.010956 50.268436 73.473015 -5.086466 -89.242493 5.016616 -2.779063 -2.074535 -9.690729 -1.585129 -3.891652 18.913742 -0.202699 -8.26431 32.946621 1.689739 1.985269 -2.843416 -0.858347 -8.015212 -31.966656 -0.138973 -9.621199 7e-06 -0.0 1e-06 -0.132974 0.019245 0.082007 0.022428 0.021489 0.15888 -0.037198 0.021077 0.011621 -85.538681 -81.086296 103.867912 16.100994 -42.401295 6.795346 99.299797 -1.03705 -1.015839 14.582218 10.4095 16.267696 17.636629 -26.322733 52.411182 -19.466656 -14.395594 29.410378 5e-06 -8.774821 -5e-06 16.017292 -19.320118 6.537293 -0.609776 -1.795652 -3.889328 -4.807089 -11.04681 -2.937849 2e-06 -20.976011 3e-06 -5.019972 -25.033556 -4.031879 4e-06 0.0 1e-06 -10.634535 -5.686968 -3.565587 10.573271 -17.922945 -3.113899 0.0 -13.821205 3e-06 -0.501782 -31.181498 -4.027012 -11.868814 -59.838661 7.395407 -13.982712 -7.150195 -2.875039 13.772727 -8.401489 -3.21824 0.347734 -34.211544 0.771657 -0.96303 -17.733366 2.62102 -1e-06 -1e-06 1e-06 -17.346422 -20.095211 -4.201776 21.757557 -1.638374 3.866426 0.0 -6.338823 0.0 -1.697591 -22.591743 -6.194002 -2e-06 -5e-06 -3e-06 79.078995 -67.047668 124.275879 -17.351114 -46.016891 27.588701 72.382004 -2.000985 0.339772 25.702368 10.417269 3.238335 22.182114 -20.375895 49.933304 -16.701811 -16.743528 28.476522 -3e-06 -12.690601 -1e-06 16.070272 -18.564257 2.742966 -0.105919 -1.513855 -4.275879 -5.039043 -5.612872 -2.953556 1e-06 -11.020521 -0.0 -6.111293 -15.89533 -3.840469 0.0 0.0 -0.0 -10.283364 -5.680286 -4.341837 11.028289 -11.302404 -2.372632 -1.384269 -14.238579 -6.320118 -0.625441 -26.924187 -3.827597 -4.412591 -50.055634 -3.503555 -13.708522 -7.363476 -3.720938 18.141146 -14.052738 -3.242673 6e-06 -18.78727 -2e-06 -0.429709 -8.456041 2.555502 1e-06 -0.0 1e-06 -15.923532 -20.094482 -5.473582 30.41921 -7.190825 1.735926 3e-06 -8.162926 0.0 -1.861906 -22.861473 -6.16794 -1e-06 -2e-06 0.0 -156.149841 -1.854058 -2.871872 19.465839 -0.56776 1.654062 -43.496811 4.282768 -21.992699 -15.081459 1.669824 2.571686 -1.0 1e-06 0.0 -30.785498 -4.103921 -10.012445 24.238844 0.205026 -0.419007 -76.958862 -16.514101 4.50473 -10.454236 0.83143 1.579046 -1.000001 0.0 1e-06 
0.0 0.0 0.0 0.0 -0.0 0.0 -505.107941 95.645172 40.698605 71.971199 -6.272372 -90.44207 4.617488 -3.51542 -1.703622 -9.764068 -1.848593 -3.131465 18.612654 -1.848224 -8.17485 34.05492 2.755058 1.855645 -2.814075 -0.888315 -7.686353 -31.89463 0.342834 -10.325905 7e-06 -0.0 -1e-06 -0.132781 0.013717 0.11712 0.031846 0.012795 0.215383 -0.003719 0.015378 0.025119 -87.110085 -80.281914 106.158539 14.973722 -42.519855 12.167844 95.297775 -0.61503 -0.344925 15.992226 10.091429 17.309891 17.636625 -26.322735 52.411205 -19.466661 -14.395598 29.410395 2e-06 -8.774822 -2e-06 16.191786 -19.683777 6.557054 -0.609778 -1.795656 -3.889329 -4.807087 -11.046811 -2.937852 3e-06 -20.976019 -0.0 -5.01997 -25.03356 -4.031884 5e-06 0.0 0.0 -10.634537 -5.686972 -3.565587 10.573274 -17.922947 -3.113901 4e-06 -13.821211 -0.0 -0.501775 -31.181505 -4.027019 -12.355368 -60.185093 7.829384 -13.982717 -7.150199 -2.875043 13.77273 -8.401493 -3.218243 0.347735 -34.211552 0.771654 -0.963031 -17.73337 2.621019 -2e-06 -1e-06 1e-06 -17.346422 -20.095221 -4.201783 21.757559 -1.638375 3.866428 1e-06 -6.338825 -2e-06 -1.69759 -22.591743 -6.194006 -1e-06 -3e-06 -2e-06 81.412277 -66.715286 122.131172 -20.393991 -46.468437 26.092113 73.538803 -1.511892 -0.087894 24.365191 10.945165 2.018223 22.182106 -20.375891 49.933319 -16.701811 -16.743528 28.47653 -4e-06 -12.690598 -0.0 15.781564 -18.41172 2.872002 -0.105919 -1.513857 -4.27588 -5.039041 -5.61287 -2.953557 3e-06 -11.020519 -2e-06 -6.11129 -15.895328 -3.840472 -1e-06 -0.0 -0.0 -10.283369 -5.680288 -4.341838 11.028294 -11.302402 -2.372633 -1.384268 -14.238577 -6.320121 -0.625436 -26.924183 -3.827603 -4.720696 -49.848885 -3.127593 -13.70852 -7.363475 -3.72094 18.141146 -14.052738 -3.242674 8e-06 -18.787268 -3e-06 -0.429713 -8.456041 2.555503 2e-06 1e-06 -0.0 -15.923531 -20.094482 -5.473585 30.419205 -7.190825 1.735925 5e-06 -8.162925 -1e-06 -1.861901 -22.861467 -6.167943 1e-06 -4e-06 0.0 -160.077103 -1.972772 -3.385073 32.182236 -0.872848 1.556411 -40.606522 2.314799 -20.700344 -9.715389 1.38143 2.658638 -0.999998 0.0 -0.0 -25.011585 -2.711637 -9.573137 19.419603 0.211492 -0.609391 -79.585579 -20.026276 9.390473 -10.809134 0.761182 1.591009 -1.0 0.0 0.0 
0.0 0.0 0.0 0.0 -0.0 0.0 -503.353729 94.075928 31.944475 72.778061 -7.365354 -92.733017 4.439639 -2.875567 -1.293488 -9.466612 -1.865508 -2.135666 18.240322 -2.724626 -7.177105 34.522556 3.498863 1.825467 -2.814617 -1.076923 -7.174414 -32.266899 0.759719 -10.880856 6e-06 0.0 0.0 -0.096547 -0.001004 0.239464 0.035874 -0.018804 0.330955 0.03167 0.014387 0.157205 -92.731308 -78.844666 112.223244 13.513627 -42.98325 16.464821 88.565742 -0.311943 0.042194 16.809954 10.396934 17.317547 17.636639 -26.322737 52.411194 -19.466656 -14.3956 29.410389 -0.0 -8.774822 -2e-06 16.068306 -19.587173 6.487819 -0.609776 -1.795653 -3.88933 -4.807087 -11.046809 -2.93785 4e-06 -20.976019 0.0 -5.019968 -25.033558 -4.03188 6e-06 0.0 0.0 -10.634533 -5.68697 -3.565587 10.573277 -17.922951 -3.113901 2e-06 -13.821206 3e-06 -0.501779 -31.181505 -4.027009 -12.498927 -60.16465 7.932549 -13.982712 -7.150196 -2.875043 13.772733 -8.401492 -3.218242 0.347732 -34.211552 0.771658 -0.963032 -17.73337 2.621022 -1e-06 -1e-06 1e-06 -17.346415 -20.095217 -4.201783 21.757557 -1.638376 3.866426 3e-06 -6.338824 0.0 -1.697589 -22.591738 -6.194002 -3e-06 -4e-06 -2e-06 78.535484 -67.486214 124.261581 -19.75005 -45.571339 21.030651 73.950661 -1.030283 -0.793132 22.725307 12.937009 -0.168637 22.182123 -20.3759 49.933327 -16.701811 -16.743528 28.47653 -4e-06 -12.690605 -1e-06 15.814188 -18.340569 2.882864 -0.105921 -1.513858 -4.27588 -5.039041 -5.612871 -2.953557 3e-06 -11.020526 -1e-06 -6.111297 -15.895334 -3.84047 -2e-06 0.0 0.0 -10.283373 -5.680288 -4.341837 11.028296 -11.302407 -2.372632 -1.384267 -14.238582 -6.320121 -0.62544 -26.924191 -3.827598 -4.96349 -49.898678 -2.927952 -13.708526 -7.363475 -3.720939 18.141151 -14.052739 -3.242673 4e-06 -18.78727 1e-06 -0.42971 -8.456045 2.555505 1e-06 1e-06 -1e-06 -15.923536 -20.094486 -5.473587 30.419222 -7.190831 1.735928 4e-06 -8.162927 -0.0 -1.8619 -22.861475 -6.167943 0.0 -1e-06 -1e-06 -166.399292 -5.219706 -6.061315 47.117386 -0.733006 1.227134 -43.035057 0.797871 -18.691219 -9.233164 1.379386 2.703831 -0.999999 2e-06 1e-06 -20.512594 0.821646 -8.688368 22.05908 0.425339 -0.93804 -77.525551 -22.860071 17.479713 -9.922698 0.583855 1.619473 -1.000001 0.0 0.0 
0.0 0.0 0.0 0.0 -0.0 0.0 -501.840454 91.741127 23.500658 76.330338 -8.636309 -96.709641 5.559259 -1.173126 -0.530183 -9.036397 -1.572199 -1.48611 18.006176 -1.81713 -5.471772 34.091358 2.717106 2.350526 -2.86432 -1.139177 -7.075255 -35.027378 0.616096 -10.565935 6e-06 -1e-06 -0.0 -0.052913 0.01801 0.209816 0.10084 0.009182 0.311259 0.083996 0.02712 0.121757 -100.201469 -76.140114 120.352798 12.816696 -43.7141 17.794456 79.740166 -0.086323 -0.075377 16.857498 11.322292 17.347101 17.636629 -26.322729 52.41119 -19.466658 -14.3956 29.410389 -2e-06 -8.774821 -2e-06 16.151962 -19.533407 6.527596 -0.609777 -1.795654 -3.889328 -4.807086 -11.046811 -2.937852 4e-06 -20.976015 -1e-06 -5.019972 -25.033556 -4.03188 7e-06 -0.0 0.0 -10.634531 -5.686969 -3.565587 10.573272 -17.922949 -3.113901 3e-06 -13.821205 1e-06 -0.501776 -31.181501 -4.027015 -12.982425 -60.618134 8.596512 -13.982712 -7.1502 -2.875042 13.772728 -8.401495 -3.218243 0.347732 -34.211552 0.771656 -0.963031 -17.73337 2.62102 -1e-06 -0.0 -0.0 -17.346413 -20.095217 -4.201782 21.757555 -1.638376 3.866426 -0.0 -6.338822 3e-06 -1.697588 -22.591742 -6.194007 -2e-06 -5e-06 -3e-06 72.784668 -69.614449 129.355103 -13.945902 -43.856419 11.74369 73.176193 -0.876938 -1.23317 21.316315 16.680195 -4.942791 22.182121 -20.375896 49.933319 -16.701807 -16.743525 28.476522 -1e-06 -12.6906 -3e-06 15.973655 -18.219301 3.008456 -0.105917 -1.513858 -4.275882 -5.03904 -5.612868 -2.953555 4e-06 -11.020521 0.0 -6.111298 -15.89533 -3.840469 0.0 -0.0 0.0 -10.283367 -5.680286 -4.341839 11.028296 -11.302404 -2.372632 -1.384268 -14.238579 -6.32012 -0.625438 -26.924187 -3.827602 -5.351151 -50.718761 -2.311362 -13.708522 -7.363475 -3.720941 18.141146 -14.05274 -3.242671 6e-06 -18.78727 -2e-06 -0.429713 -8.456045 2.555503 1e-06 0.0 0.0 -15.923536 -20.094482 -5.473584 30.41921 -7.190826 1.735929 3e-06 -8.162927 -1e-06 -1.861903 -22.861467 -6.167942 1e-06 -2e-06 -1e-06 -173.367477 -11.581275 -8.871419 60.559246 -0.500789 0.915607 -49.763496 -2.154013 -16.716801 -9.675595 1.452069 2.668128 -0.999999 2e-06 -1e-06 -18.981342 6.814608 -6.954728 33.248417 0.544318 -1.52458 -85.831688 -25.349867 23.402552 -7.604941 0.504997 1.615014 -1.000002 0.0 0.0 
0.0 0.0 0.0 0.0 -0.0 0.0 -499.928131 90.057625 14.767669 80.194778 -9.651392 -101.176796 6.776935 0.319345 0.190573 -8.758393 -1.024669 -0.603852 18.502645 -0.32308 -4.043602 33.401348 1.079108 2.612116 -2.869815 -0.774615 -6.474114 -37.418362 0.313424 -9.380157 5e-06 0.0 -0.0 -0.087269 0.012256 0.188539 0.078582 0.009203 0.293808 0.022502 0.019771 0.098602 -102.997383 -73.153564 124.197166 13.03593 -46.404888 16.818804 69.553139 -0.118544 0.072082 14.791215 13.013058 16.977417 17.636631 -26.322733 52.411198 -19.46666 -14.395597 29.410389 -2e-06 -8.774821 -2e-06 16.634932 -19.255535 6.233249 -0.609777 -1.795655 -3.889326 -4.807089 -11.046811 -2.937851 5e-06 -20.976019 0.0 -5.019969 -25.03356 -4.031881 6e-06 -0.0 1e-06 -10.634533 -5.68697 -3.565587 10.573272 -17.922953 -3.113902 2e-06 -13.821208 1e-06 -0.501775 -31.181505 -4.027015 -12.689556 -60.712822 8.622451 -13.982712 -7.150199 -2.875042 13.772727 -8.401492 -3.218241 0.347735 -34.211544 0.771655 -0.963029 -17.73337 2.621021 0.0 -0.0 0.0 -17.346415 -20.095217 -4.201782 21.757555 -1.638376 3.86643 1e-06 -6.338825 0.0 -1.69759 -22.591747 -6.194005 1e-06 -4e-06 -3e-06 68.165031 -72.476295 133.620026 -4.404845 -42.057083 1.370518 71.071213 -1.014284 -1.114627 20.16436 21.730007 -10.874444 22.182114 -20.375895 49.933327 -16.701817 -16.743523 28.47653 -2e-06 -12.690601 -0.0 15.818832 -17.747173 3.377977 -0.10592 -1.513856 -4.27588 -5.039041 -5.612872 -2.953557 2e-06 -11.020525 -2e-06 -6.111296 -15.895334 -3.84047 -1e-06 -0.0 -0.0 -10.28337 -5.680291 -4.341839 11.028294 -11.302405 -2.372633 -1.384271 -14.238579 -6.32012 -0.625435 -26.924187 -3.827601 -5.718209 -51.275257 -1.648895 -13.708525 -7.363477 -3.720939 18.14115 -14.052739 -3.242675 6e-06 -18.787268 -2e-06 -0.429711 -8.456041 2.555503 -1e-06 0.0 -0.0 -15.923534 -20.094482 -5.473588 30.419207 -7.190827 1.735927 3e-06 -8.162927 -2e-06 -1.861899 -22.861469 -6.167945 -1e-06 -3e-06 -1e-06 178.42067 -16.40626 -8.489512 70.726067 -0.253058 0.51711 -58.490284 -7.383134 -15.440805 -9.715336 1.492103 2.515874 -0.999998 1e-06 -0.0 -14.365232 11.749512 -6.345042 40.011875 0.920908 -1.941998 -95.041267 -23.783295 25.83654 -6.80614 0.526751 1.639471 -1.000002 1e-06 -0.0 
0.0 0.0 0.0 0.0 -0.0 0.0 -497.476807 89.324799 6.636576 81.490234 -10.231944 -105.395966 7.365632 0.558477 0.813785 -8.546507 -0.61051 0.64379 18.915524 -0.077262 -2.388349 33.037521 0.158199 2.719764 -2.843927 -0.448526 -6.204643 -37.712284 0.321572 -8.633348 5e-06 0.0 -0.0 -0.134145 -0.000763 0.219881 0.015766 -0.018619 0.329484 -0.060132 0.023382 0.125598 -103.320229 -70.253372 125.191124 12.294992 -48.751354 17.181898 63.706207 -0.353974 -0.189027 11.812372 13.506134 14.96555 17.636633 -26.322725 52.411182 -19.466658 -14.395597 29.410389 0.0 -8.774822 -2e-06 16.841864 -18.953255 6.022748 -0.609776 -1.795652 -3.889328 -4.80709 -11.04681 -2.93785 2e-06 -20.976015 -0.0 -5.019972 -25.033556 -4.031881 7e-06 -0.0 -0.0 -10.634535 -5.686973 -3.565589 10.573271 -17.922947 -3.113901 2e-06 -13.821209 0.0 -0.501778 -31.181505 -4.027018 -12.370732 -60.47789 8.494819 -13.982714 -7.1502 -2.875044 13.772727 -8.40149 -3.218242 0.347735 -34.211552 0.771653 -0.96303 -17.73337 2.621019 -1e-06 -0.0 2e-06 -17.346418 -20.095221 -4.201785 21.757557 -1.638374 3.86643 1e-06 -6.338825 1e-06 -1.697589 -22.591749 -6.194009 0.0 -4e-06 -2e-06 64.27562 -75.876862 136.75946 4.129388 -41.236828 -6.385185 70.186951 -1.332886 -0.824986 19.336432 24.575397 -13.357615 22.182112 -20.375893 49.933311 -16.701818 -16.74353 28.476532 -3e-06 -12.690601 -1e-06 15.825755 -17.419867 3.327671 -0.10592 -1.513859 -4.27588 -5.039042 -5.612869 -2.953557 5e-06 -11.020523 -3e-06 -6.1113 -15.895336 -3.840471 -1e-06 -1e-06 0.0 -10.283371 -5.680291 -4.341837 11.028297 -11.302405 -2.372636 -1.38427 -14.238579 -6.320122 -0.625436 -26.924191 -3.827604 -5.637601 -51.133568 -1.800368 -13.708524 -7.363479 -3.720938 18.141151 -14.052739 -3.242677 8e-06 -18.78727 -2e-06 -0.429712 -8.456044 2.555504 -1e-06 1e-06 -0.0 -15.923538 -20.094484 -5.473584 30.419218 -7.190828 1.735924 3e-06 -8.162925 -1e-06 -1.861901 -22.861469 -6.167942 -0.0 -2e-06 -1e-06 168.52153 -16.334347 -7.123667 75.211578 0.128999 0.108746 -65.649658 -12.542778 -14.223392 -9.475376 1.586687 2.391145 -0.999997 1e-06 2e-06 -6.816746 13.433061 -4.435953 39.995667 1.342338 -2.33623 -100.92942 -20.345541 26.36319 -6.96358 0.451542 1.623415 -1.000002 -0.0 -0.0 
0.0 0.0 0.0 0.0 -0.0 0.0 -494.669159 89.606163 -0.501831 80.921799 -10.180148 -109.168472 7.291432 0.336058 1.320542 -8.446124 -0.250896 2.29451 18.760536 -0.65035 -0.25265 33.172363 -0.548306 2.517544 -2.805399 -0.36117 -6.375897 -36.582333 0.794817 -8.890517 5e-06 -0.0 1e-06 -0.136607 -0.013384 0.204773 -0.074729 -0.036301 0.294744 -0.131912 0.016352 0.129092 -103.886826 -67.014992 125.765091 9.340619 -48.838963 21.267706 66.537659 -0.324714 -0.572336 10.676356 12.070572 12.306957 17.636625 -26.322729 52.411194 -19.46665 -14.395596 29.410385 -1e-06 -8.774821 -1e-06 16.632206 -18.902222 6.212336 -0.609777 -1.795654 -3.889328 -4.807086 -11.046807 -2.937849 2e-06 -20.976011 -2e-06 -5.01997 -25.033548 -4.031878 6e-06 0.0 1e-06 -10.634531 -5.686969 -3.565589 10.573268 -17.922947 -3.113897 2e-06 -13.821206 1e-06 -0.501781 -31.181498 -4.027016 -12.096786 -60.414986 8.206591 -13.982713 -7.150196 -2.875041 13.772726 -8.401495 -3.218243 0.347733 -34.211544 0.771655 -0.963029 -17.73337 2.62102 -0.0 0.0 2e-06 -17.346418 -20.095217 -4.201779 21.757555 -1.638375 3.866429 -0.0 -6.338824 0.0 -1.697591 -22.591743 -6.194005 -2e-06 -4e-06 -3e-06 62.094959 -80.228592 137.595093 8.884051 -41.964451 -9.549213 72.410667 -1.409313 -0.326108 19.284718 24.866188 -11.728962 22.182108 -20.375895 49.933319 -16.701811 -16.743526 28.476524 -3e-06 -12.690598 -0.0 15.861319 -17.587881 3.068343 -0.10592 -1.513857 -4.275878 -5.039039 -5.612871 -2.953556 5e-06 -11.020519 -2e-06 -6.111297 -15.89533 -3.84047 -2e-06 0.0 0.0 -10.283369 -5.680288 -4.341836 11.02829 -11.302404 -2.372632 -1.384268 -14.238579 -6.32012 -0.625441 -26.924183 -3.8276 -5.147617 -50.645294 -2.555426 -13.708521 -7.363479 -3.720938 18.141146 -14.052738 -3.242674 6e-06 -18.78727 -2e-06 -0.429712 -8.456042 2.555503 -0.0 0.0 0.0 -15.923534 -20.094482 -5.473583 30.419207 -7.190824 1.735926 2e-06 -8.162925 -1e-06 -1.861902 -22.861467 -6.167941 1e-06 -3e-06 -0.0 158.643082 -13.290815 -7.917067 72.185349 0.173861 -0.158365 -69.759148 -15.577719 -13.944712 -9.131042 1.855767 2.321322 -1.0 0.0 0.0 1.424655 12.832005 -1.60413 35.071144 1.503911 -2.640561 -102.42038 -17.543539 25.547256 -7.804465 0.398262 1.621192 -1.000002 -0.0 -0.0 
0.0 0.0 0.0 0.0 -0.0 0.0 -491.217896 90.680229 -8.309258 79.053116 -9.699767 -112.115944 6.744811 -0.045369 1.895806 -8.663579 0.02948 3.772302 18.442572 -1.535911 2.083813 33.45713 -1.641153 2.217863 -2.833271 -0.388136 -6.900949 -35.366653 1.576189 -9.898495 6e-06 -1e-06 0.0 -0.099748 -0.019711 0.214008 -0.084094 -0.041878 0.290271 -0.116722 0.008598 0.151937 -104.326683 -63.605885 126.162758 7.30561 -47.295902 25.515528 74.027534 -0.248886 -0.467265 10.464252 9.466304 10.933525 17.636639 -26.322748 52.411198 -19.46666 -14.395598 29.410389 -1e-06 -8.774822 -2e-06 16.326441 -18.89493 6.464712 -0.609775 -1.795651 -3.889327 -4.807089 -11.046809 -2.93785 5e-06 -20.976015 3e-06 -5.019972 -25.033556 -4.031874 6e-06 -1e-06 2e-06 -10.634531 -5.686969 -3.565588 10.57327 -17.922953 -3.113896 3e-06 -13.821211 2e-06 -0.50178 -31.181511 -4.027009 -12.012852 -60.369358 7.949275 -13.982712 -7.150195 -2.875042 13.772727 -8.401493 -3.218238 0.347733 -34.211555 0.771664 -0.96303 -17.733374 2.621025 -2e-06 1e-06 0.0 -17.346418 -20.095211 -4.201779 21.757557 -1.638379 3.866429 0.0 -6.338826 1e-06 -1.697591 -22.591749 -6.194001 0.0 -5e-06 -0.0 70.579849 -85.301468 127.857033 11.193779 -44.112522 -10.047406 76.267853 -1.198212 0.331924 19.456839 24.48241 -8.599959 22.182114 -20.375895 49.933308 -16.701815 -16.743526 28.47653 -3e-06 -12.690599 -1e-06 16.085783 -17.770067 2.80937 -0.105921 -1.513855 -4.275882 -5.039039 -5.612871 -2.953556 4e-06 -11.020525 -2e-06 -6.111297 -15.895334 -3.840469 1e-06 0.0 0.0 -10.283369 -5.680286 -4.341839 11.028294 -11.302406 -2.372633 -1.384268 -14.238581 -6.32012 -0.625438 -26.924189 -3.8276 -4.897828 -50.162121 -3.131848 -13.708522 -7.363475 -3.720939 18.141148 -14.052739 -3.242674 7e-06 -18.787271 -2e-06 -0.429712 -8.456046 2.555504 -0.0 -1e-06 1e-06 -15.923532 -20.094482 -5.473586 30.41921 -7.190826 1.735926 3e-06 -8.162926 -1e-06 -1.861902 -22.861471 -6.167941 0.0 -4e-06 -1e-06 151.381958 -8.800256 -10.855412 59.927063 -0.179639 -0.117599 -69.709373 -15.847311 -16.450562 -9.099566 2.143461 2.236931 -0.999999 1e-06 0.0 11.738573 10.523385 0.823773 24.385574 1.289078 -3.020792 -98.295326 -15.456947 23.707659 -10.991339 0.467331 1.596267 -1.000002 0.0 0.0 
0.0 0.0 0.0 0.0 -0.0 0.0 -487.243652 92.01963 -16.927946 76.923462 -9.114969 -114.022255 5.924258 -0.267536 2.37098 -9.11833 0.317275 5.087776 18.250917 -2.272583 3.967652 33.912792 -2.988227 1.954558 -2.839656 -0.609512 -7.554062 -34.418217 2.71861 -11.484408 6e-06 -1e-06 2e-06 -0.085959 -0.052736 0.263509 -0.044883 -0.054889 0.3357 -0.066054 -0.045556 0.206871 -103.31115 -61.107113 124.974243 6.268341 -46.732658 27.658232 81.891869 -0.235034 0.196949 10.43876 6.791584 11.764272 17.636627 -26.322725 52.411186 -19.466663 -14.395597 29.410385 -3e-06 -8.77482 -0.0 16.192617 -18.726049 6.54967 -0.609776 -1.795653 -3.88933 -4.80709 -11.046809 -2.937851 6e-06 -20.976015 -2e-06 -5.01997 -25.03356 -4.031878 4e-06 1e-06 -0.0 -10.634535 -5.686971 -3.565588 10.573275 -17.922947 -3.1139 3e-06 -13.821205 -0.0 -0.501779 -31.181501 -4.027014 -11.969787 -60.300552 7.711501 -13.982715 -7.150199 -2.875043 13.77273 -8.401489 -3.21824 0.347735 -34.211544 0.771653 -0.963027 -17.73337 2.621018 1e-06 -0.0 0.0 -17.346418 -20.095217 -4.201779 21.757555 -1.638372 3.866424 1e-06 -6.338823 1e-06 -1.697588 -22.591745 -6.194006 -1e-06 -4e-06 -1e-06 167.280167 -87.404289 30.372206 12.04971 -47.062477 -9.248757 79.902763 -0.906908 0.825028 19.828806 24.26827 -6.784362 22.182116 -20.375887 49.933311 -16.701817 -16.743534 28.47653 -2e-06 -12.690604 -1e-06 16.179607 -17.737835 2.827729 -0.10592 -1.513855 -4.275881 -5.039041 -5.612871 -2.953556 4e-06 -11.020523 -4e-06 -6.111298 -15.89533 -3.840472 -1e-06 -0.0 0.0 -10.283373 -5.680287 -4.341838 11.028296 -11.302404 -2.372634 -1.384269 -14.238579 -6.320121 -0.625437 -26.924189 -3.827602 -4.726719 -49.838196 -3.359672 -13.708528 -7.363474 -3.720938 18.141151 -14.052737 -3.242676 5e-06 -18.787266 -2e-06 -0.429712 -8.456039 2.555504 0.0 -2e-06 0.0 -15.923539 -20.094482 -5.473584 30.419218 -7.190825 1.735925 1e-06 -8.162925 -1e-06 -1.861902 -22.861467 -6.167943 -0.0 -5e-06 -1e-06 148.082581 -4.156847 -14.096726 40.792568 -0.504212 -0.014563 -66.24762 -10.994744 -21.946276 -9.818568 2.319969 2.225721 -1.0 0.0 -0.0 20.077921 7.461028 0.814739 15.535588 0.93312 -3.283194 -89.053619 -13.586803 20.407326 -18.931803 0.871587 1.607361 -1.000002 -2e-06 0.0 
0.0 0.0 0.0 0.0 -0.0 0.0 -483.02475 93.027763 -25.799381 75.873993 -8.509896 -114.967094 4.940261 0.008775 2.592935 -9.508623 0.634567 6.412456 18.368927 -2.34699 4.918678 34.231533 -3.690284 1.78581 -2.757025 -0.862081 -8.266685 -33.087791 3.68018 -13.169494 5e-06 -1e-06 1e-06 -0.056363 -0.059428 0.261231 0.050846 -0.012183 0.330371 0.044666 -0.104569 0.205431 -101.54039 -59.758282 123.367737 6.261184 -47.979759 26.508753 88.093704 0.104621 0.823993 10.467343 5.390319 13.471745 17.636625 -26.322725 52.411179 -19.46665 -14.395594 29.410376 -1e-06 -8.774819 -2e-06 16.016829 -18.587688 6.574388 -0.609776 -1.795654 -3.889325 -4.807086 -11.046807 -2.93785 3e-06 -20.976009 -1e-06 -5.019968 -25.033546 -4.031879 6e-06 0.0 -2e-06 -10.634531 -5.686969 -3.565586 10.573274 -17.922945 -3.113898 1e-06 -13.821203 4e-06 -0.501779 -31.181498 -4.027014 -12.348346 -60.490185 8.031669 -13.982709 -7.150194 -2.875041 13.772727 -8.401492 -3.218241 0.347734 -34.21154 0.771657 -0.963031 -17.733366 2.621021 -1e-06 1e-06 1e-06 -17.346413 -20.095209 -4.201781 21.757553 -1.638376 3.866426 1e-06 -6.338821 1e-06 -1.697592 -22.591742 -6.194003 -1e-06 -4e-06 -1e-06 -157.647842 -84.643539 -4.738317 11.481249 -48.426685 -8.161765 83.631706 -1.035807 0.562822 19.951509 23.679825 -5.618879 22.18211 -20.375891 49.933319 -16.701815 -16.743525 28.47653 -4e-06 -12.690599 -0.0 16.128452 -17.501476 2.937586 -0.10592 -1.513856 -4.275881 -5.03904 -5.612872 -2.953557 5e-06 -11.020525 -4e-06 -6.111296 -15.895334 -3.840471 0.0 0.0 0.0 -10.283368 -5.680288 -4.341838 11.028295 -11.302406 -2.372633 -1.384268 -14.238579 -6.320121 -0.625436 -26.924187 -3.827601 -4.971999 -49.580051 -3.133037 -13.708521 -7.363476 -3.720941 18.141148 -14.05274 -3.242676 8e-06 -18.787271 -2e-06 -0.42971 -8.456042 2.555502 -0.0 0.0 -0.0 -15.923531 -20.094482 -5.473587 30.419205 -7.190827 1.735924 3e-06 -8.162924 -2e-06 -1.861898 -22.861471 -6.167943 -1e-06 -0.0 -1e-06 148.531601 -0.439533 -15.323501 20.24365 -0.339946 0.321969 -61.425365 -0.638258 -29.819017 -9.704945 2.26776 2.162205 -0.999999 -1e-06 0.0 25.511322 5.371563 -1.993513 11.853932 0.787985 -3.114452 -77.807129 -10.937936 16.393875 -27.321968 1.131378 1.592878 -1.000003 -1e-06 0.0 
0.0 0.0 0.0 0.0 -0.0 0.0 -478.888947 93.438354 -34.165932 76.688515 -7.872681 -115.610039 4.13277 0.79252 2.786668 -9.81167 1.06808 7.084095 18.817324 -1.787702 4.89046 34.133144 -3.647664 1.800988 -2.653328 -0.908984 -8.930556 -31.347086 4.45036 -14.445806 6e-06 1e-06 -2e-06 -0.046067 -0.05998 0.213669 0.076587 0.008963 0.253655 0.110423 -0.132376 0.18741 -101.062477 -59.270859 122.716743 6.551684 -50.429256 22.723337 92.306747 -0.013572 0.962516 10.336166 6.367732 15.574431 17.636641 -26.322735 52.411186 -19.466665 -14.395598 29.410389 -0.0 -8.774823 -0.0 15.934134 -18.543545 6.48497 -0.609777 -1.795655 -3.889328 -4.807087 -11.046813 -2.937849 3e-06 -20.976015 2e-06 -5.019971 -25.033556 -4.031878 6e-06 0.0 3e-06 -10.634536 -5.686974 -3.565588 10.573276 -17.922947 -3.113899 2e-06 -13.821209 2e-06 -0.501779 -31.181507 -4.027013 -12.348574 -60.239639 8.219451 -13.982716 -7.1502 -2.87504 13.772731 -8.401492 -3.218238 0.347734 -34.211555 0.771656 -0.963028 -17.73337 2.62102 -1e-06 1e-06 -0.0 -17.346422 -20.095219 -4.201778 21.757561 -1.638376 3.866429 1e-06 -6.338825 0.0 -1.697588 -22.591745 -6.194006 -1e-06 -5e-06 0.0 -147.16243 -84.256523 -14.702389 10.908312 -48.174351 -6.908812 86.598923 -1.156529 0.155364 20.492504 23.588728 -5.098672 22.182121 -20.375895 49.933308 -16.701815 -16.743528 28.47653 -3e-06 -12.690603 -1e-06 15.933761 -17.282978 2.968058 -0.10592 -1.513857 -4.275882 -5.039042 -5.612873 -2.953556 4e-06 -11.020528 -1e-06 -6.1113 -15.895338 -3.840469 -0.0 -1e-06 -0.0 -10.283373 -5.68029 -4.341837 11.028297 -11.302411 -2.372633 -1.38427 -14.238587 -6.32012 -0.62544 -26.9242 -3.8276 -4.856036 -49.279133 -3.214842 -13.708527 -7.363479 -3.720939 18.141151 -14.052747 -3.242674 6e-06 -18.787273 -2e-06 -0.429711 -8.456045 2.555504 -1e-06 3e-06 -0.0 -15.923539 -20.094492 -5.473582 30.419218 -7.19083 1.735929 3e-06 -8.16293 -1e-06 -1.861901 -22.861483 -6.167943 0.0 -3e-06 -1e-06 150.448074 0.915105 -13.682067 8.74656 -0.159591 0.657199 -59.065742 6.688689 -36.31073 -8.989635 2.162747 1.942961 -0.999999 0.0 1e-06 26.999285 4.887117 -5.17118 15.859438 0.755915 -2.603899 -67.116425 -8.887239 12.555322 -29.149323 1.082766 1.597357 -1.000001 -0.0 -1e-06 
0.0 0.0 0.0 0.0 -0.0 0.0 -474.771484 92.887527 -41.955528 78.243462 -8.004667 -116.188484 4.064895 1.107421 2.539278 -9.778915 1.171455 6.585678 19.178356 -1.120283 4.636387 33.627499 -2.779213 1.900667 -2.726499 -0.834447 -9.509627 -30.125322 4.772233 -14.730309 6e-06 -1e-06 1e-06 -0.054794 -0.069701 0.164991 0.028914 -0.034062 0.191153 0.087244 -0.112235 0.15168 -100.755486 -60.370396 122.073647 8.503002 -53.737381 17.416262 94.957687 -0.165519 0.557165 10.580343 8.554022 17.812838 17.63661 -26.322716 52.411182 -19.466663 -14.395596 29.410385 2e-06 -8.774821 1e-06 16.049395 -18.489321 6.278706 -0.609776 -1.795654 -3.889327 -4.807087 -11.046809 -2.937853 3e-06 -20.976015 -3e-06 -5.019969 -25.033556 -4.031881 3e-06 -0.0 -0.0 -10.634532 -5.686972 -3.565587 10.573271 -17.922951 -3.113902 2e-06 -13.821205 -1e-06 -0.501773 -31.181505 -4.02702 -11.910217 -59.787415 7.794542 -13.982711 -7.150201 -2.875042 13.772726 -8.40149 -3.218244 0.347735 -34.211544 0.771648 -0.963029 -17.733366 2.621015 -1e-06 0.0 -0.0 -17.346413 -20.095215 -4.201779 21.757555 -1.638375 3.866421 0.0 -6.338825 -3e-06 -1.697585 -22.591742 -6.194007 0.0 -6e-06 -1e-06 -143.885635 -85.522804 -17.790741 10.931078 -48.841301 -4.601744 88.419563 -0.803176 0.011407 21.489388 24.53438 -4.579935 22.182106 -20.375889 49.933308 -16.701805 -16.743528 28.476524 -3e-06 -12.690599 -1e-06 16.014196 -17.416225 3.021133 -0.10592 -1.513855 -4.275881 -5.039039 -5.612868 -2.953557 4e-06 -11.020519 -2e-06 -6.111296 -15.895328 -3.84047 0.0 -1e-06 -1e-06 -10.283368 -5.680286 -4.341838 11.028291 -11.302401 -2.372632 -1.384269 -14.238575 -6.32012 -0.625439 -26.924179 -3.8276 -4.551603 -49.289631 -3.449701 -13.70852 -7.363472 -3.720939 18.141146 -14.052733 -3.242675 5e-06 -18.787262 -2e-06 -0.429711 -8.456043 2.555503 -0.0 -0.0 0.0 -15.92353 -20.094479 -5.473584 30.419197 -7.190823 1.735926 3e-06 -8.162922 -0.0 -1.861902 -22.861467 -6.167939 -0.0 -3e-06 -1e-06 152.283112 0.558949 -12.386847 11.513883 -0.169258 0.920809 -60.757526 11.327391 -37.763123 -9.112276 2.19355 1.888566 -0.999999 -0.0 0.0 24.160568 4.28645 -8.156053 28.81583 0.815174 -1.914769 -59.233879 -9.527472 8.806908 -20.086166 0.824046 1.563035 -1.000004 0.0 0.0 
0.0 0.0 0.0 0.0 -0.0 0.0 -471.001617 91.397324 -49.137695 78.949013 -9.068894 -117.047516 4.838948 0.241504 1.750257 -9.684097 0.777866 5.728906 19.569799 -0.665886 3.903925 32.598415 -1.508278 2.191549 -2.873542 -0.611793 -10.150331 -30.262775 4.193322 -14.331002 7e-06 1e-06 -0.0 -0.027846 -0.064899 0.157381 -0.006237 -0.092446 0.167432 0.050053 -0.04417 0.152223 -101.273979 -62.990547 121.526894 12.854518 -56.36879 11.050098 96.797401 -0.067118 0.127776 10.959211 10.264684 19.595726 17.636635 -26.322752 52.411213 -19.466669 -14.395602 29.410398 -0.0 -8.774824 -1e-06 16.102051 -18.30345 6.269896 -0.609776 -1.795655 -3.889327 -4.807088 -11.046814 -2.937854 7e-06 -20.976025 -0.0 -5.01997 -25.033564 -4.031878 4e-06 1e-06 0.0 -10.634537 -5.68697 -3.565585 10.573278 -17.922958 -3.113901 3e-06 -13.821214 2e-06 -0.501778 -31.181511 -4.027014 -11.843816 -59.802589 7.769722 -13.982717 -7.150197 -2.875044 13.772734 -8.401498 -3.218244 0.347738 -34.211559 0.771659 -0.96303 -17.733372 2.621024 -1e-06 0.0 0.0 -17.346422 -20.095224 -4.201783 21.757566 -1.638377 3.866428 3e-06 -6.338827 2e-06 -1.697587 -22.591751 -6.194004 -3e-06 -6e-06 0.0 -158.256439 -88.054787 -3.566109 11.890574 -50.295326 -2.021186 88.725327 -0.658978 -0.281891 23.355307 25.381691 -3.302061 22.182117 -20.3759 49.933319 -16.701815 -16.743528 28.476532 -3e-06 -12.690601 -1e-06 16.043741 -17.650452 3.379989 -0.10592 -1.513856 -4.275883 -5.039041 -5.612873 -2.953558 5e-06 -11.020528 -1e-06 -6.111298 -15.895338 -3.840471 -1e-06 1e-06 -0.0 -10.283371 -5.680289 -4.34184 11.028296 -11.302407 -2.372633 -1.384268 -14.238585 -6.320121 -0.625438 -26.924194 -3.827601 -4.295755 -49.24081 -3.363275 -13.708524 -7.363476 -3.720941 18.141148 -14.052742 -3.242675 6e-06 -18.787273 -1e-06 -0.429712 -8.456045 2.555505 -1e-06 2e-06 0.0 -15.923532 -20.094486 -5.473587 30.41921 -7.19083 1.735925 2e-06 -8.162925 -1e-06 -1.8619 -22.861471 -6.167941 0.0 -1e-06 -1e-06 153.55751 0.068666 -11.650318 23.122105 -0.034223 0.459643 -64.503654 10.456706 -26.486286 -9.009556 2.07267 2.155087 -0.999999 1e-06 0.0 18.182707 1.39151 -11.192303 47.307999 0.900205 -1.260369 -59.161282 -11.485338 4.482346 -11.251948 0.71978 1.601248 -1.000001 -0.0 -1e-06 
0.0 0.0 0.0 0.0 -0.0 0.0 -467.33374 89.681511 -56.170147 77.94381 -11.77955 -118.083115 6.40448 -1.364016 0.986453 -9.067538 -0.073793 4.767763 20.880219 -1.940535 2.255152 31.225351 0.355722 2.410423 -2.882833 -0.888193 -10.170867 -34.2005 2.815161 -14.390524 6e-06 -1e-06 2e-06 -0.026046 -0.037193 0.115228 0.109112 -0.012944 0.150384 0.125895 -0.067883 0.083582 -103.186058 -66.90654 122.551781 22.80443 -55.839958 0.439589 97.524231 0.023381 -0.264054 11.55402 12.202557 19.554516 17.636631 -26.322725 52.411186 -19.466656 -14.395598 29.410381 0.0 -8.774822 -3e-06 15.870292 -18.249201 6.38422 -0.609777 -1.795654 -3.889328 -4.807092 -11.046811 -2.937851 4e-06 -20.976021 2e-06 -5.019975 -25.03356 -4.031882 6e-06 -0.0 0.0 -10.634536 -5.686972 -3.565587 10.573275 -17.922947 -3.1139 -1e-06 -13.821209 3e-06 -0.501779 -31.181501 -4.027017 -11.123017 -59.426376 7.027232 -13.982717 -7.150199 -2.875043 13.772728 -8.401489 -3.21824 0.347731 -34.211555 0.771658 -0.963032 -17.733372 2.621021 -0.0 0.0 0.0 -17.346426 -20.095221 -4.201783 21.757566 -1.638373 3.866429 -0.0 -6.338823 1e-06 -1.697596 -22.591745 -6.194004 -1e-06 -3e-06 -2e-06 75.753464 -87.29332 123.146233 16.396566 -52.493202 -2.54501 86.046669 -0.638599 -0.347626 26.575138 25.898926 1.026248 22.182112 -20.375887 49.933311 -16.701811 -16.74353 28.476522 -2e-06 -12.690598 -1e-06 16.15951 -17.768074 3.295243 -0.105919 -1.513856 -4.275881 -5.039041 -5.61287 -2.953556 4e-06 -11.020523 -2e-06 -6.111298 -15.895334 -3.84047 -1e-06 -1e-06 0.0 -10.283369 -5.680288 -4.341839 11.028292 -11.302404 -2.372633 -1.384269 -14.238579 -6.32012 -0.625438 -26.924187 -3.827602 -4.31764 -49.891644 -3.309963 -13.708523 -7.363474 -3.720939 18.141146 -14.052736 -3.242674 5e-06 -18.787266 -3e-06 -0.429712 -8.456039 2.555502 0.0 -3e-06 0.0 -15.923532 -20.094479 -5.473586 30.419207 -7.190824 1.735925 3e-06 -8.162925 -1e-06 -1.861903 -22.861467 -6.167943 0.0 -2e-06 -1e-06 153.636551 0.761566 -12.533487 38.110817 -0.334306 0.210318 -74.04174 6.967056 -19.011589 -6.238866 1.654239 2.1765 -0.999998 -0.0 -1e-06 10.063596 -4.895094 -12.358626 66.986183 0.751237 -0.657823 -64.170013 -11.565139 1.959648 -10.331024 0.745873 1.792622 -1.000002 -0.0 0.0 
0.0 0.0 0.0 0.0 -0.0 0.0 -463.089508 88.524719 -63.68082 77.88623 -14.305467 -120.404053 7.799915 -2.493394 0.624504 -8.29184 -0.770283 3.402703 22.645782 -2.874094 0.439018 30.00495 1.049621 2.517423 -2.828214 -1.312729 -9.427678 -37.276962 1.474673 -13.438751 7e-06 -0.0 0.0 -0.011975 -0.037997 0.208041 0.047851 0.032979 0.231723 0.029774 -0.111574 0.186798 -103.278198 -71.157089 122.105942 34.724411 -52.53788 -11.36452 97.074844 -0.285642 -0.014283 11.926058 12.585785 18.700104 17.636639 -26.322744 52.411213 -19.466669 -14.395606 29.410398 1e-06 -8.774828 -0.0 15.903707 -18.437815 6.290954 -0.609778 -1.795655 -3.889328 -4.80709 -11.046816 -2.937852 5e-06 -20.976025 -1e-06 -5.01997 -25.033567 -4.031882 5e-06 -0.0 -0.0 -10.634538 -5.686973 -3.565588 10.573282 -17.922958 -3.113903 2e-06 -13.821214 -0.0 -0.501775 -31.181522 -4.02702 -11.051907 -59.666107 6.950224 -13.982719 -7.150201 -2.875041 13.772738 -8.401494 -3.218244 0.347735 -34.211571 0.771655 -0.963029 -17.733379 2.62102 -1e-06 -1e-06 1e-06 -17.346428 -20.095226 -4.20178 21.757572 -1.638376 3.866428 -1e-06 -6.338826 0.0 -1.69759 -22.591755 -6.194007 -3e-06 -5e-06 -1e-06 65.11174 -83.650383 134.818604 20.298618 -55.960804 -2.854022 80.98008 -0.652005 -0.1285 29.883568 25.742281 6.887453 22.182127 -20.3759 49.933346 -16.701824 -16.743538 28.476545 -3e-06 -12.69061 -1e-06 16.254095 -17.718899 3.035363 -0.10592 -1.513854 -4.275884 -5.039044 -5.612874 -2.953558 4e-06 -11.02053 -3e-06 -6.111301 -15.895341 -3.840473 -0.0 0.0 0.0 -10.283379 -5.68029 -4.341841 11.028303 -11.302413 -2.372634 -1.384269 -14.238588 -6.320124 -0.625438 -26.924206 -3.827604 -4.444074 -50.206799 -3.205584 -13.708535 -7.363479 -3.720942 18.141163 -14.052748 -3.242676 7e-06 -18.787279 -2e-06 -0.429711 -8.456047 2.555505 0.0 -0.0 -0.0 -15.923548 -20.094494 -5.473588 30.419231 -7.190832 1.735927 3e-06 -8.16293 -1e-06 -1.861903 -22.861479 -6.167946 0.0 -3e-06 -1e-06 158.121536 0.555207 -13.673241 46.625698 -0.269958 0.001783 -84.300362 5.697921 -18.801037 -4.918309 1.546734 2.145866 -1.0 -1e-06 0.0 -0.44005 -9.843587 -10.08131 83.085251 0.714886 -0.222346 -70.788887 -11.54975 1.814401 -10.726725 0.774355 1.716692 -1.000002 -0.0 1e-06 
0.0 0.0 0.0 0.0 -0.0 0.0 -458.083344 87.932396 -70.64077 79.08773 -15.0836 -123.306564 9.043429 -2.918267 0.327823 -7.734145 -1.183896 1.831149 23.479416 -2.537935 -1.123218 29.016174 0.325127 2.517568 -2.685245 -1.418836 -8.373285 -38.618057 0.480372 -11.856886 6e-06 1e-06 -3e-06 -0.00455 -0.025345 0.274475 -0.016569 0.027647 0.29523 -0.051623 -0.077343 0.256825 -99.788223 -75.343651 117.542351 43.641357 -48.08498 -20.526352 96.969841 -0.53026 0.284194 11.816796 10.772734 17.809065 17.636639 -26.322737 52.411194 -19.466665 -14.395602 29.410395 0.0 -8.774821 -1e-06 16.091503 -18.637484 5.95475 -0.609776 -1.795653 -3.889326 -4.807087 -11.046813 -2.937854 5e-06 -20.976019 -1e-06 -5.019972 -25.033556 -4.03188 7e-06 -1e-06 1e-06 -10.634533 -5.686972 -3.565587 10.573277 -17.922953 -3.113901 3e-06 -13.821209 2e-06 -0.501778 -31.181505 -4.027015 -11.058315 -59.923435 7.079462 -13.982716 -7.150195 -2.875041 13.772731 -8.401494 -3.218245 0.347733 -34.211555 0.771656 -0.963032 -17.733372 2.621022 -1e-06 -0.0 0.0 -17.346418 -20.095219 -4.201779 21.757566 -1.638375 3.866427 2e-06 -6.338825 -0.0 -1.697592 -22.591747 -6.194005 1e-06 -4e-06 -2e-06 61.936062 -80.313263 138.808426 18.538988 -58.980644 0.496154 77.845734 -0.781181 0.494867 32.349033 25.041916 11.972807 22.18211 -20.375891 49.933323 -16.701817 -16.743525 28.476538 -5e-06 -12.690598 -1e-06 16.188988 -17.920233 2.783802 -0.105921 -1.513856 -4.275883 -5.039038 -5.612871 -2.953557 6e-06 -11.020523 -3e-06 -6.111293 -15.89533 -3.840473 -2e-06 0.0 0.0 -10.283371 -5.680287 -4.34184 11.028294 -11.302409 -2.372635 -1.384266 -14.238583 -6.320124 -0.625433 -26.924191 -3.827606 -4.409415 -50.119747 -3.197181 -13.708524 -7.363473 -3.720941 18.14115 -14.052741 -3.242676 8e-06 -18.78727 -4e-06 -0.42971 -8.456044 2.555503 0.0 0.0 0.0 -15.923532 -20.094482 -5.47359 30.41921 -7.190829 1.735925 3e-06 -8.162925 -1e-06 -1.861898 -22.861469 -6.167944 0.0 -2e-06 -1e-06 164.88121 -0.723303 -13.537126 48.867764 -0.171223 -0.07059 -92.430336 4.763199 -20.899862 -4.217632 1.470714 2.112015 -0.999999 -2e-06 -0.0 -13.393923 -11.515865 -7.709509 92.185768 0.724579 -0.052229 -76.934944 -12.629157 2.746719 -11.141948 0.762539 1.615839 -1.000001 -0.0 -1e-06 
0.0 0.0 0.0 0.0 -0.0 0.0 -452.301727 88.274872 -76.742104 80.126358 -14.280551 -125.295738 9.823278 -2.975306 -0.295805 -7.549616 -1.34871 0.154355 23.464546 -1.820427 -2.440993 28.274397 -0.853923 2.517791 -2.591527 -1.120198 -7.608881 -38.740875 -0.20438 -10.02846 5e-06 -0.0 1e-06 0.002083 -0.003258 0.235972 0.001085 -0.023119 0.252353 -0.051893 0.019621 0.22598 -90.289726 -79.415092 106.575264 48.022568 -44.097271 -27.405994 97.756531 -1.068285 0.059497 11.892581 8.630282 16.898849 17.636635 -26.322746 52.411213 -19.466669 -14.395604 29.410398 -2e-06 -8.774822 -1e-06 16.356762 -18.791348 5.702775 -0.609778 -1.795654 -3.889327 -4.807087 -11.046813 -2.93785 5e-06 -20.976023 -0.0 -5.019969 -25.03356 -4.031878 6e-06 0.0 -1e-06 -10.634535 -5.686971 -3.565588 10.57328 -17.922958 -3.113901 3e-06 -13.821215 2e-06 -0.501773 -31.181511 -4.027015 -10.936254 -59.963905 6.944782 -13.982719 -7.150197 -2.875042 13.772736 -8.401496 -3.218244 0.347735 -34.211559 0.771658 -0.963031 -17.733376 2.621023 -1e-06 1e-06 -2e-06 -17.346422 -20.095221 -4.201782 21.757566 -1.638379 3.866427 2e-06 -6.338825 2e-06 -1.697588 -22.591751 -6.194008 -1e-06 -4e-06 -1e-06 60.934742 -76.872269 140.650787 10.953373 -60.331097 8.184877 78.60997 -0.799144 1.230311 34.110249 24.185287 15.561871 22.182129 -20.375914 49.933342 -16.701817 -16.743534 28.476538 -2e-06 -12.690604 -1e-06 16.233133 -18.165443 2.778087 -0.105922 -1.513857 -4.275883 -5.039041 -5.612872 -2.953558 5e-06 -11.020527 -1e-06 -6.111297 -15.895338 -3.840471 -0.0 1e-06 -0.0 -10.283374 -5.680289 -4.341841 11.028299 -11.30241 -2.372632 -1.38427 -14.23859 -6.320123 -0.62544 -26.924206 -3.8276 -4.51609 -50.402626 -3.145366 -13.708529 -7.363479 -3.720941 18.141161 -14.052745 -3.242675 6e-06 -18.787279 1e-06 -0.429712 -8.456048 2.555506 0.0 1e-06 -0.0 -15.923536 -20.094492 -5.473589 30.419222 -7.19083 1.735928 3e-06 -8.16293 0.0 -1.861903 -22.861485 -6.167942 0.0 -4e-06 -1e-06 172.570953 -2.004477 -12.404411 45.322041 -0.196964 0.201759 -96.156479 3.574818 -23.322901 -4.393391 1.388918 2.112689 -0.999999 -1e-06 0.0 -26.571577 -11.75373 -8.335837 91.575874 0.636973 -0.159469 -81.453453 -13.766146 3.180468 -11.211436 0.727841 1.587845 -1.000006 -0.0 1e-06 
0.0 0.0 0.0 0.0 -0.0 0.0 -445.376953 89.811241 -83.133545 80.405121 -12.521489 -126.604309 9.746853 -2.701393 -1.170709 -7.780435 -1.343727 -1.447243 22.83881 -1.355737 -3.761432 28.003984 -2.427354 2.453269 -2.657085 -0.891547 -6.602947 -37.84079 -0.644037 -8.196014 7e-06 -1e-06 -0.0 -0.024359 0.010275 0.117533 -0.03032 -0.067404 0.120795 -0.101504 0.092462 0.122695 -76.050987 -82.102829 90.968407 47.911823 -42.136497 -30.342268 99.753197 -1.233303 -0.269114 11.876259 6.563231 15.289027 17.636633 -26.322741 52.411213 -19.466667 -14.3956 29.410398 -1e-06 -8.774822 -1e-06 16.247561 -18.763781 5.722144 -0.609777 -1.795655 -3.88933 -4.807087 -11.046812 -2.937852 3e-06 -20.976021 2e-06 -5.019971 -25.033558 -4.031875 7e-06 -0.0 -3e-06 -10.634537 -5.686969 -3.565588 10.573277 -17.922955 -3.113903 2e-06 -13.821213 2e-06 -0.501777 -31.181507 -4.027018 -11.22649 -59.52187 7.076923 -13.982717 -7.150198 -2.875043 13.772735 -8.401496 -3.218245 0.347736 -34.211555 0.771657 -0.963027 -17.733374 2.621019 -1e-06 -1e-06 -0.0 -17.346416 -20.095219 -4.201783 21.757561 -1.638378 3.866424 1e-06 -6.338825 2e-06 -1.697586 -22.591747 -6.19401 -1e-06 -4e-06 -1e-06 64.026451 -74.001511 138.006699 0.660148 -60.420872 18.294954 81.090195 -1.002264 1.654901 34.65601 22.947742 17.754503 22.182129 -20.375916 49.933346 -16.701822 -16.743536 28.476543 -5e-06 -12.690606 -0.0 16.149179 -18.193459 2.858847 -0.105918 -1.513857 -4.275884 -5.03904 -5.612873 -2.953559 7e-06 -11.02053 -1e-06 -6.111298 -15.895338 -3.84047 -0.0 -1e-06 1e-06 -10.283373 -5.68029 -4.341841 11.028298 -11.302411 -2.372634 -1.384268 -14.238585 -6.320124 -0.625437 -26.924202 -3.827599 -4.574147 -50.626358 -3.023719 -13.708527 -7.363475 -3.720942 18.141161 -14.052751 -3.242676 8e-06 -18.787279 -0.0 -0.429712 -8.456048 2.555506 0.0 -0.0 0.0 -15.923539 -20.094492 -5.473588 30.419224 -7.190834 1.735926 4e-06 -8.162931 0.0 -1.861902 -22.861481 -6.167942 0.0 -3e-06 -1e-06 -177.307327 -2.503617 -10.677183 34.638832 -0.29398 0.719191 -93.321182 2.278971 -25.62097 -6.768177 1.410096 2.093787 -0.999999 -0.0 -0.0 -36.50071 -11.218801 -11.330761 81.103569 0.650177 -0.582234 -84.192444 -16.70368 1.004246 -10.829388 0.804282 1.72079 -1.000002 0.0 2e-06 
0.0 0.0 0.0 0.0 -0.0 0.0 -438.075958 91.943291 -89.455551 80.084213 -10.592148 -128.500824 8.708158 -2.526387 -1.957869 -8.269575 -1.21611 -2.541498 21.890059 -1.07571 -5.178094 28.166891 -4.675627 2.376499 -2.717133 -0.908071 -5.125243 -36.210232 -0.695838 -6.523067 5e-06 -0.0 2e-06 -0.021949 -0.000496 0.081455 -0.085638 -0.0669 0.074248 -0.153768 0.071688 0.099139 -69.975471 -83.02169 84.054901 44.274418 -42.782726 -28.690445 103.210762 -1.25356 -0.556069 11.706882 4.410756 12.557368 17.636639 -26.322733 52.411205 -19.466663 -14.395598 29.410395 -0.0 -8.774822 -1e-06 16.325741 -18.56057 5.830096 -0.609776 -1.795655 -3.889327 -4.807091 -11.046813 -2.937854 2e-06 -20.976021 1e-06 -5.019972 -25.033562 -4.031883 5e-06 0.0 0.0 -10.634538 -5.686973 -3.565587 10.573278 -17.922955 -3.113903 2e-06 -13.821213 0.0 -0.501778 -31.181519 -4.027017 -11.761526 -59.668411 7.761861 -13.982719 -7.1502 -2.875043 13.772733 -8.401494 -3.218245 0.347732 -34.211555 0.771656 -0.963026 -17.73337 2.621018 -3e-06 -1e-06 1e-06 -17.346428 -20.095222 -4.201782 21.757566 -1.638374 3.866431 1e-06 -6.338824 -0.0 -1.697592 -22.591749 -6.194006 -1e-06 -5e-06 -3e-06 69.626251 -72.494232 132.979279 -8.714669 -59.435692 27.517565 83.515686 -0.805697 2.038702 34.260296 21.832428 17.413778 22.182116 -20.375891 49.933331 -16.701817 -16.74353 28.476538 -1e-06 -12.690604 -1e-06 16.072115 -17.87896 2.808115 -0.105918 -1.513853 -4.27588 -5.039044 -5.612872 -2.953556 3e-06 -11.020523 -4e-06 -6.111297 -15.895334 -3.840471 0.0 1e-06 0.0 -10.283371 -5.680286 -4.341839 11.028297 -11.302407 -2.372633 -1.384269 -14.238583 -6.320122 -0.625437 -26.924194 -3.827603 -4.37931 -50.529694 -3.330407 -13.708529 -7.363475 -3.720939 18.141157 -14.052742 -3.242677 6e-06 -18.787271 -2e-06 -0.429712 -8.456043 2.555504 -1e-06 -0.0 0.0 -15.923539 -20.094484 -5.473588 30.419224 -7.190827 1.735925 2e-06 -8.162927 -0.0 -1.861901 -22.861469 -6.167943 1e-06 -3e-06 -2e-06 -166.627136 -2.369923 -8.136051 20.578876 -0.260345 0.903479 -83.371902 0.861163 -27.986406 -12.989326 1.744152 2.118279 -1.0 -0.0 -0.0 -40.997807 -9.338509 -15.321665 62.850861 0.38744 -0.833166 -84.110764 -19.237322 -2.078448 -11.245753 0.897078 1.739216 -1.000002 -1e-06 -0.0 
0.0 0.0 0.0 0.0 -0.0 0.0 -430.379059 93.766838 -95.283356 79.441757 -9.381345 -130.629791 7.020794 -2.500732 -2.485632 -8.872331 -1.167838 -3.099081 21.010492 -1.141894 -6.140108 28.692692 -7.182385 2.195829 -2.667112 -0.859074 -3.853528 -34.164486 -0.314442 -5.065135 7e-06 0.0 -2e-06 0.00166 0.013861 0.048773 -0.027058 -0.000178 0.049866 -0.07526 0.030972 0.059559 -80.702927 -82.961739 94.808693 38.198242 -44.230865 -22.127466 106.297447 -1.185197 -0.517758 11.829029 1.779961 10.065684 17.636627 -26.322721 52.411186 -19.466654 -14.395591 29.410381 -1e-06 -8.774819 -0.0 16.106703 -18.421156 5.887557 -0.609777 -1.795653 -3.88933 -4.807087 -11.046808 -2.93785 3e-06 -20.976013 1e-06 -5.019966 -25.033552 -4.031882 5e-06 -0.0 -0.0 -10.634531 -5.686971 -3.565589 10.573271 -17.922947 -3.1139 3e-06 -13.821205 -0.0 -0.501777 -31.181498 -4.027017 -11.427464 -59.713852 7.369726 -13.982711 -7.150197 -2.875042 13.772725 -8.401489 -3.218241 0.347736 -34.21154 0.771651 -0.963029 -17.733366 2.62102 0.0 -1e-06 0.0 -17.346413 -20.095213 -4.201785 21.757551 -1.638374 3.866428 1e-06 -6.338821 -1e-06 -1.69759 -22.591734 -6.194004 1e-06 -6e-06 -2e-06 75.805084 -71.502922 127.247902 -15.435554 -57.602367 33.277073 85.359467 -0.556277 2.342283 33.605003 21.244759 13.563306 22.182116 -20.3759 49.933315 -16.701813 -16.74353 28.476532 -1e-06 -12.6906 -0.0 16.185251 -17.503977 2.727916 -0.105919 -1.513857 -4.275882 -5.039042 -5.61287 -2.953556 4e-06 -11.020527 0.0 -6.111301 -15.895334 -3.840472 2e-06 0.0 0.0 -10.283372 -5.680288 -4.341837 11.028296 -11.302406 -2.372634 -1.384266 -14.238582 -6.320123 -0.625438 -26.924191 -3.8276 -4.292871 -50.289223 -3.467844 -13.708525 -7.363477 -3.720939 18.141151 -14.052739 -3.242672 6e-06 -18.78727 -2e-06 -0.429711 -8.456045 2.555504 0.0 -0.0 -0.0 -15.923536 -20.094484 -5.473584 30.419218 -7.190826 1.735923 1e-06 -8.162927 -1e-06 -1.861903 -22.861469 -6.167942 -1e-06 -3e-06 -1e-06 -158.03714 -2.115157 -4.443007 9.479033 -0.316719 1.068594 -66.758705 -0.616033 -29.387012 -22.966133 2.135223 2.119002 -0.999999 0.0 0.0 -40.212997 -6.177308 -17.488533 41.938839 0.444479 -0.668644 -81.447769 -19.516096 -5.389652 -11.481144 1.008443 1.675346 -1.000003 -0.0 1e-06 
0.0 0.0 0.0 0.0 -0.0 0.0 -422.310059 95.037964 -101.213715 78.370094 -10.365294 -132.264221 5.830473 -2.980365 -2.593312 -9.300414 -1.321697 -3.054743 20.534046 -2.290412 -6.723571 29.514174 -8.887802 2.252356 -2.707848 -0.655525 -3.516393 -31.926254 0.150028 -4.301661 7e-06 -0.0 -1e-06 -0.03642 0.027722 0.072982 -0.054285 0.025738 0.074804 -0.072207 0.030238 0.081847 -98.729607 -81.565155 113.944595 31.189735 -44.336029 -12.065275 106.873497 -0.363877 0.041948 12.103331 -0.367414 9.227975 17.636639 -26.322733 52.411194 -19.466661 -14.395596 29.410389 0.0 -8.774822 -5e-06 15.976878 -18.80068 6.070408 -0.609776 -1.795654 -3.889328 -4.80709 -11.046813 -2.937852 3e-06 -20.976021 1e-06 -5.01997 -25.033564 -4.031886 5e-06 0.0 1e-06 -10.634537 -5.686972 -3.565587 10.573275 -17.922951 -3.1139 3e-06 -13.82121 -1e-06 -0.501779 -31.181505 -4.027014 -11.327011 -60.065796 7.025107 -13.982718 -7.150199 -2.875042 13.772732 -8.401493 -3.21824 0.347736 -34.211559 0.771651 -0.96303 -17.733372 2.621021 2e-06 -1e-06 -0.0 -17.346426 -20.095221 -4.201783 21.757561 -1.638372 3.866431 0.0 -6.338826 1e-06 -1.697591 -22.591749 -6.194008 -1e-06 -6e-06 -1e-06 78.204086 -70.917175 125.267792 -17.820017 -55.514717 33.232296 85.691681 -0.383188 2.28242 32.906639 20.938976 8.268772 22.182117 -20.375898 49.933315 -16.701817 -16.74353 28.47653 -2e-06 -12.690599 -2e-06 16.120687 -17.163654 2.671793 -0.105919 -1.513857 -4.275882 -5.039039 -5.612874 -2.953556 1e-06 -11.020525 -0.0 -6.111297 -15.895332 -3.840472 2e-06 0.0 -1e-06 -10.283369 -5.68029 -4.341838 11.028294 -11.302402 -2.372633 -1.384267 -14.238581 -6.32012 -0.625437 -26.924187 -3.827603 -4.541692 -50.160831 -3.432868 -13.708526 -7.363475 -3.720938 18.141148 -14.052739 -3.242674 7e-06 -18.78727 -1e-06 -0.429711 -8.456043 2.555503 0.0 -1e-06 -0.0 -15.923536 -20.094482 -5.473582 30.41921 -7.190827 1.735925 2e-06 -8.162922 0.0 -1.861904 -22.861469 -6.16794 -1e-06 -3e-06 -1e-06 -155.607666 -1.119188 -0.50026 11.009216 -0.37246 1.104002 -51.306061 -1.843917 -27.634623 -24.669519 2.105373 2.303132 -0.999998 -0.0 0.0 -35.886444 -4.125693 -15.336083 27.858278 0.486569 -0.789749 -79.78289 -21.934332 -4.716207 -11.571921 1.103578 1.617233 -1.000001 -1e-06 1e-06 
0.0 0.0 0.0 0.0 -0.0 0.0 -413.892548 95.329414 -107.410896 78.039566 -12.099459 -133.86348 5.445054 -3.142315 -2.242335 -9.360638 -1.435028 -2.603151 20.140499 -3.605568 -6.587217 30.522408 -9.490105 2.263004 -2.660096 -0.747535 -3.870331 -30.8641 0.7245 -4.389592 8e-06 -1e-06 1e-06 -0.100574 0.024098 0.11027 -0.137153 0.018352 0.130292 -0.132811 0.02829 0.100139 -105.223633 -79.210991 121.976562 25.654354 -44.873592 -2.465784 102.998451 0.738305 0.354755 11.843105 -0.677514 11.149908 17.636627 -26.322721 52.411186 -19.46666 -14.395596 29.410381 -1e-06 -8.774819 -4e-06 16.003902 -19.30442 6.306077 -0.609776 -1.795653 -3.889326 -4.807091 -11.046809 -2.937851 6e-06 -20.976015 -0.0 -5.019969 -25.033552 -4.031881 7e-06 1e-06 0.0 -10.634534 -5.68697 -3.565588 10.573272 -17.922947 -3.113901 5e-06 -13.821206 -0.0 -0.501774 -31.181498 -4.027016 -11.696111 -60.324162 7.422328 -13.982713 -7.150196 -2.875042 13.772729 -8.401489 -3.218241 0.347737 -34.211544 0.771653 -0.963027 -17.733366 2.621018 0.0 -1e-06 0.0 -17.346413 -20.095213 -4.201787 21.757555 -1.638376 3.866429 3e-06 -6.338824 -2e-06 -1.697589 -22.591742 -6.194005 -2e-06 -5e-06 -3e-06 79.105904 -71.459145 124.50972 -15.234003 -53.642448 28.526945 83.624794 -0.430383 1.066267 32.195137 20.417645 4.913178 22.182108 -20.375893 49.933319 -16.701811 -16.74353 28.476528 -2e-06 -12.690598 -1e-06 16.005102 -17.024988 2.637888 -0.105917 -1.513856 -4.275881 -5.039039 -5.612871 -2.953555 3e-06 -11.02052 -4e-06 -6.111294 -15.895332 -3.840472 2e-06 -1e-06 -1e-06 -10.283365 -5.680285 -4.341838 11.028295 -11.302404 -2.372633 -1.384265 -14.238577 -6.320121 -0.625438 -26.924181 -3.827598 -4.992756 -49.924095 -3.117878 -13.708524 -7.363476 -3.720938 18.14115 -14.052739 -3.242676 9e-06 -18.787271 -4e-06 -0.429712 -8.456045 2.555504 0.0 -1e-06 -0.0 -15.923528 -20.094479 -5.473585 30.419205 -7.190825 1.735925 4e-06 -8.162925 -1e-06 -1.861903 -22.861469 -6.16794 1e-06 -4e-06 -1e-06 -159.432419 -0.258837 0.649172 24.432302 -0.415109 0.780064 -43.786396 -2.331556 -25.091812 -13.666261 1.661318 2.69846 -0.999998 -1e-06 -1e-06 -30.170261 -2.459298 -11.843448 24.822359 0.433478 -0.827611 -81.745857 -25.499725 1.675598 -11.226933 1.182462 1.667548 -1.000002 0.0 -0.0 
0.0 0.0 0.0 0.0 -0.0 0.0 -405.685333 94.673019 -113.189507 79.056274 -12.772129 -136.450821 5.639329 -2.388062 -1.635961 -9.124796 -1.420607 -1.795488 19.716356 -4.143231 -5.58786 30.938982 -9.199636 2.104285 -2.541069 -1.1804 -3.928114 -31.729719 1.092038 -4.951992 6e-06 0.0 -2e-06 -0.115813 0.024945 0.123772 -0.207605 -0.015291 0.149458 -0.177794 0.062112 0.107524 -107.203064 -76.680756 125.478188 20.205996 -45.209824 5.901022 95.605095 1.380207 0.376268 11.545129 1.587662 14.087161 17.636635 -26.322733 52.41119 -19.466661 -14.395598 29.410385 -1e-06 -8.77482 -1e-06 15.768745 -19.241226 6.430724 -0.609776 -1.795654 -3.889327 -4.807087 -11.046809 -2.937851 6e-06 -20.976019 1e-06 -5.019972 -25.03356 -4.031881 6e-06 0.0 0.0 -10.634535 -5.68697 -3.565586 10.573275 -17.922953 -3.113903 3e-06 -13.821211 2e-06 -0.501778 -31.181505 -4.027012 -11.766853 -59.900009 7.593121 -13.982714 -7.150197 -2.875044 13.772731 -8.401495 -3.218241 0.347736 -34.211555 0.771652 -0.963029 -17.73337 2.621022 -1e-06 2e-06 -1e-06 -17.346422 -20.095221 -4.201784 21.757565 -1.638374 3.866427 1e-06 -6.338824 1e-06 -1.697587 -22.591745 -6.194006 -2e-06 -6e-06 -2e-06 76.742561 -73.111893 126.18943 -8.241845 -50.124393 20.641033 79.864662 -0.729093 0.347941 31.149378 20.265377 3.88316 22.182114 -20.375895 49.933319 -16.701809 -16.74353 28.476528 -1e-06 -12.6906 -2e-06 15.947875 -17.088381 2.65957 -0.10592 -1.513856 -4.275881 -5.03904 -5.612871 -2.953556 2e-06 -11.020524 -2e-06 -6.111296 -15.89533 -3.840472 3e-06 -2e-06 -0.0 -10.283371 -5.680288 -4.341838 11.028293 -11.302406 -2.372631 -1.384266 -14.238579 -6.320122 -0.62544 -26.924189 -3.8276 -5.242465 -49.700691 -2.856138 -13.708527 -7.363476 -3.720937 18.141151 -14.052739 -3.242674 6e-06 -18.78727 -2e-06 -0.429711 -8.456043 2.555504 -0.0 -1e-06 -0.0 -15.923538 -20.094482 -5.473583 30.419218 -7.190827 1.735924 2e-06 -8.162927 0.0 -1.861902 -22.861473 -6.167942 -1e-06 -3e-06 -1e-06 -167.449478 -1.511888 -1.47816 43.272793 -0.434723 0.48015 -45.533054 -2.76665 -23.147524 -9.810051 1.551152 2.893732 -0.999997 0.0 -1e-06 -25.108435 1.042274 -7.906852 28.38806 0.437865 -0.993832 -85.427849 -29.342251 11.310671 -10.333548 1.074744 1.733271 -1.000002 -1e-06 -0.0 
0.0 0.0 0.0 0.0 -0.0 0.0 -398.130341 93.329109 -118.205917 81.466034 -11.883079 -140.356857 6.518005 -1.002714 -0.794324 -8.703588 -1.182014 -0.781544 19.72711 -3.407499 -4.269917 30.171095 -8.544943 2.202198 -2.545933 -1.24211 -3.890099 -34.878666 0.560869 -5.146933 6e-06 -0.0 -2e-06 -0.097688 0.021934 0.153901 -0.121422 -0.026431 0.19153 -0.074951 0.06716 0.127988 -109.352272 -74.009781 129.660736 15.166316 -44.739227 11.311191 86.808121 1.006116 0.405935 12.284953 5.977232 17.081619 17.636641 -26.322741 52.411205 -19.466656 -14.395597 29.410381 -2e-06 -8.774822 -2e-06 15.556584 -18.795969 6.397394 -0.609775 -1.795653 -3.889328 -4.80709 -11.04681 -2.93785 6e-06 -20.976017 1e-06 -5.01997 -25.033556 -4.031878 8e-06 1e-06 -2e-06 -10.634532 -5.686968 -3.565587 10.573275 -17.922951 -3.1139 2e-06 -13.821209 3e-06 -0.50178 -31.181501 -4.027009 -11.45926 -59.891804 7.764942 -13.982714 -7.150197 -2.875042 13.772731 -8.401495 -3.218241 0.347734 -34.211555 0.771659 -0.963032 -17.73337 2.621023 1e-06 -0.0 3e-06 -17.346418 -20.095211 -4.201779 21.757557 -1.638378 3.866428 -0.0 -6.338824 2e-06 -1.697588 -22.591742 -6.194003 -3e-06 -4e-06 -4e-06 72.290665 -75.32885 129.765884 3.236927 -44.501556 10.740142 74.794838 -0.986831 -0.252677 30.334848 19.243305 7.271185 22.182123 -20.375904 49.933327 -16.701818 -16.743534 28.476538 -5e-06 -12.690605 -1e-06 15.796592 -17.471786 2.941327 -0.105917 -1.51386 -4.275883 -5.039044 -5.612873 -2.953556 5e-06 -11.020527 -2e-06 -6.111298 -15.895341 -3.840471 0.0 -0.0 0.0 -10.283371 -5.680291 -4.341839 11.028297 -11.302407 -2.372635 -1.384268 -14.238585 -6.320121 -0.625436 -26.924198 -3.827602 -5.035251 -49.800308 -2.715676 -13.708528 -7.363476 -3.720942 18.141155 -14.052748 -3.242674 8e-06 -18.787275 -3e-06 -0.429711 -8.456047 2.555504 1e-06 -0.0 0.0 -15.923539 -20.094494 -5.473586 30.419222 -7.190828 1.735927 2e-06 -8.16293 -0.0 -1.861902 -22.861479 -6.167943 -0.0 -3e-06 -1e-06 -177.293076 -5.73773 -4.35759 60.649158 -0.280162 0.243524 -53.638832 -6.647513 -20.14535 -10.461741 1.585356 2.686012 -0.999999 -1e-06 -0.0 -21.403963 6.545591 -3.799097 34.794136 0.440053 -1.508676 -90.306473 -31.991213 15.991029 -8.946884 0.871629 1.706495 -1.000002 1e-06 0.0 
0.0 0.0 0.0 0.0 -0.0 0.0 -390.525696 92.320732 -123.058907 83.670639 -10.650904 -144.712921 7.305043 0.041715 0.111865 -8.379169 -0.87657 0.34703 20.407217 -2.522784 -3.046206 29.049553 -7.63683 2.301703 -2.704344 -0.843499 -3.955947 -37.419098 -0.153525 -4.893964 6e-06 0.0 0.0 -0.128171 0.015681 0.179378 -0.083564 -0.023208 0.235765 -0.045435 0.053492 0.135398 -110.102852 -70.911285 132.461365 8.991147 -44.639874 16.881147 80.33503 0.591497 0.165695 13.151184 10.015423 17.822664 17.636639 -26.322748 52.411217 -19.466663 -14.395598 29.410395 -1e-06 -8.774822 -1e-06 15.339859 -18.131657 6.233701 -0.609775 -1.795655 -3.889328 -4.807089 -11.046811 -2.93785 3e-06 -20.976019 3e-06 -5.019972 -25.03356 -4.031879 7e-06 -2e-06 1e-06 -10.634535 -5.686973 -3.565589 10.573276 -17.922951 -3.113899 2e-06 -13.821213 2e-06 -0.501779 -31.181505 -4.027012 -10.90746 -59.749046 7.898918 -13.982714 -7.150197 -2.875044 13.772731 -8.401493 -3.21824 0.347733 -34.211555 0.771657 -0.96303 -17.73337 2.621019 -1e-06 1e-06 1e-06 -17.346422 -20.095217 -4.201784 21.757561 -1.638376 3.866428 0.0 -6.338825 1e-06 -1.69759 -22.591747 -6.194005 1e-06 -3e-06 -4e-06 70.13694 -78.726677 130.860901 15.04941 -37.858959 3.095168 69.293205 -0.964341 -0.186087 31.031704 16.983152 12.813834 22.182129 -20.375902 49.933331 -16.701826 -16.743536 28.47654 -3e-06 -12.690605 -2e-06 16.296127 -17.712595 2.938165 -0.105916 -1.513855 -4.275884 -5.039042 -5.612872 -2.953558 5e-06 -11.020525 -1e-06 -6.111297 -15.895336 -3.840471 -3e-06 1e-06 0.0 -10.283376 -5.680289 -4.341841 11.028297 -11.302406 -2.37263 -1.384268 -14.238583 -6.320124 -0.625436 -26.924198 -3.827602 -4.979071 -50.12022 -2.487185 -13.708531 -7.363475 -3.72094 18.141161 -14.052743 -3.242676 7e-06 -18.787275 -0.0 -0.42971 -8.456047 2.555504 1e-06 -0.0 0.0 -15.923543 -20.094486 -5.473586 30.419224 -7.190831 1.735928 4e-06 -8.162927 0.0 -1.861901 -22.861479 -6.167944 0.0 -3e-06 -1e-06 171.644104 -9.841558 -5.260254 72.006752 -0.066661 -0.037435 -62.410088 -12.78557 -16.381464 -11.164821 1.5603 2.493895 -0.999998 1e-06 -1e-06 -15.182438 10.818606 -1.25983 37.153851 0.681378 -1.944751 -96.912987 -30.366957 18.275309 -8.468359 0.751741 1.685636 -1.000003 -0.0 0.0 
0.0 0.0 0.0 0.0 -0.0 0.0 -383.038269 91.918037 -127.284851 84.257095 -10.091025 -148.673065 7.688953 0.210303 0.771494 -8.150268 -0.698068 1.691775 20.654375 -2.369113 -1.145623 28.339529 -6.116759 2.283025 -2.746845 -0.522476 -4.678909 -38.06406 -0.59282 -5.724196 7e-06 0.0 0.0 -0.157784 0.010903 0.139211 -0.111634 -0.04883 0.195829 -0.081656 0.071657 0.095287 -109.352425 -67.710518 133.228882 1.231849 -44.020885 25.486326 80.019409 0.988699 -0.353519 13.930764 11.157279 14.383883 17.636629 -26.322729 52.411194 -19.466661 -14.395596 29.410389 -2e-06 -8.774821 -2e-06 15.327192 -17.877899 6.386118 -0.609775 -1.795654 -3.889328 -4.807087 -11.046807 -2.93785 5e-06 -20.976013 1e-06 -5.019968 -25.033554 -4.03188 4e-06 1e-06 -0.0 -10.634532 -5.686969 -3.565588 10.573275 -17.922949 -3.1139 2e-06 -13.821206 2e-06 -0.501773 -31.181505 -4.027015 -10.769033 -59.668354 7.960833 -13.982711 -7.150197 -2.875044 13.772727 -8.401491 -3.218241 0.347735 -34.211544 0.771655 -0.963027 -17.73337 2.621021 -2e-06 3e-06 -1e-06 -17.346415 -20.095213 -4.201783 21.757555 -1.638375 3.866428 3e-06 -6.338823 2e-06 -1.697588 -22.591738 -6.194004 -0.0 -4e-06 -2e-06 75.472878 -83.014076 124.077927 21.798796 -33.04528 -1.640313 67.630051 -1.275236 -0.192609 32.529411 13.60832 15.540799 22.18211 -20.375898 49.933323 -16.701809 -16.74353 28.476524 -6e-06 -12.690601 2e-06 16.917576 -17.860741 2.53838 -0.10592 -1.513857 -4.275881 -5.039043 -5.612869 -2.953555 7e-06 -11.020523 -1e-06 -6.111301 -15.89533 -3.84047 -0.0 0.0 0.0 -10.283369 -5.680289 -4.341839 11.028293 -11.302402 -2.372631 -1.384267 -14.238577 -6.320119 -0.625444 -26.924187 -3.827598 -5.191828 -50.46402 -2.315363 -13.708524 -7.363475 -3.720939 18.141148 -14.052738 -3.242674 6e-06 -18.78727 -2e-06 -0.429713 -8.456045 2.555505 0.0 0.0 -1e-06 -15.923532 -20.094481 -5.473583 30.419214 -7.190823 1.735925 2e-06 -8.162925 -1e-06 -1.861901 -22.861467 -6.167942 -0.0 -4e-06 -1e-06 159.701843 -11.613831 -5.538563 75.30072 0.015854 -0.202907 -69.068794 -19.773849 -12.229317 -11.284822 1.603155 2.323105 -0.999998 -0.0 2e-06 -7.319698 12.105186 0.334078 34.641758 0.886137 -2.175483 -100.285416 -26.693876 19.289522 -9.189013 0.736348 1.682061 -1.000002 0.0 -0.0 
0.0 0.0 0.0 0.0 -0.0 0.0 -374.580994 92.05378 -131.679459 83.340088 -10.261733 -151.810333 7.688654 -0.244059 1.352915 -8.217121 -0.568752 3.079869 20.213675 -2.827079 1.236154 28.249475 -4.537783 2.130568 -2.784948 -0.209724 -5.935537 -37.921844 -0.562774 -7.775365 7e-06 0.0 1e-06 -0.164671 -0.003051 0.125122 -0.172954 -0.088378 0.180991 -0.138924 0.082707 0.085228 -107.701782 -64.841507 132.686325 -5.976967 -41.818775 35.451656 83.340073 1.217302 -0.241362 15.867342 10.330133 9.994497 17.636633 -26.322737 52.411213 -19.466669 -14.395598 29.410402 -0.0 -8.774824 -2e-06 15.481826 -17.642843 6.43395 -0.609777 -1.795653 -3.889329 -4.807089 -11.046813 -2.937852 3e-06 -20.976021 -1e-06 -5.01997 -25.033564 -4.031883 5e-06 -1e-06 -0.0 -10.634537 -5.686973 -3.565589 10.573277 -17.922958 -3.113903 2e-06 -13.821214 0.0 -0.501776 -31.181511 -4.027019 -10.739643 -59.693089 7.61039 -13.982718 -7.150198 -2.875044 13.772733 -8.401493 -3.218243 0.347733 -34.211559 0.771654 -0.963028 -17.733374 2.621019 0.0 2e-06 -0.0 -17.346422 -20.095224 -4.201784 21.757559 -1.638375 3.866429 -0.0 -6.338825 1e-06 -1.697589 -22.591751 -6.194009 -0.0 -3e-06 -1e-06 105.155174 -86.615112 92.474808 23.066763 -30.184328 -3.924605 70.261864 -1.726446 0.010114 34.100613 12.417439 13.36225 22.182116 -20.3759 49.933327 -16.701817 -16.74353 28.476536 -5e-06 -12.690605 1e-06 17.045153 -17.657911 2.176416 -0.10592 -1.513857 -4.275883 -5.039041 -5.612872 -2.953556 4e-06 -11.020527 -3e-06 -6.111301 -15.895338 -3.840472 -1e-06 -0.0 0.0 -10.283373 -5.680289 -4.341839 11.028296 -11.302406 -2.372635 -1.38427 -14.238585 -6.320124 -0.625437 -26.924196 -3.827603 -5.266998 -50.676174 -2.229766 -13.708527 -7.363479 -3.720938 18.141153 -14.05274 -3.242677 4e-06 -18.787271 -0.0 -0.429715 -8.456045 2.555501 2e-06 1e-06 -0.0 -15.923538 -20.09449 -5.473586 30.419218 -7.190826 1.735926 3e-06 -8.162928 -3e-06 -1.861904 -22.861475 -6.167945 0.0 -3e-06 -2e-06 149.507019 -11.313784 -7.638087 69.225563 -0.339315 0.100041 -72.909241 -23.59902 -9.554433 -11.547182 1.697317 2.065123 -0.999998 1e-06 -0.0 0.694127 10.596196 0.348505 29.799143 1.001055 -2.521508 -99.773483 -22.019548 18.143524 -12.166129 0.7906 1.672908 -1.000002 0.0 -1e-06 
0.0 0.0 0.0 0.0 -0.0 0.0 -365.566315 92.538193 -136.212875 81.867218 -10.926864 -153.246094 7.162629 -0.767354 1.75324 -8.563173 -0.438692 4.409212 19.922266 -3.444922 2.952463 28.456356 -2.711997 2.250602 -2.706273 -0.24328 -7.84949 -37.340763 0.103973 -10.254242 5e-06 -0.0 1e-06 -0.136984 -0.00679 0.053139 -0.226865 -0.093413 0.091237 -0.181362 0.079153 0.031107 -105.15477 -62.723419 130.519562 -10.754565 -39.571491 43.555759 85.986725 1.014738 0.141772 18.801878 8.722545 9.317439 17.636631 -26.322729 52.411186 -19.466656 -14.395598 29.410381 1e-06 -8.774822 -2e-06 15.575926 -17.765537 6.21353 -0.609778 -1.795655 -3.889327 -4.807088 -11.046809 -2.937849 1e-06 -20.976013 1e-06 -5.019973 -25.033554 -4.031879 7e-06 -2e-06 1e-06 -10.634536 -5.686969 -3.565585 10.573275 -17.922947 -3.1139 1e-06 -13.821206 1e-06 -0.501781 -31.181501 -4.027015 -10.671259 -59.605148 7.365139 -13.982714 -7.150197 -2.875041 13.772729 -8.401489 -3.218241 0.347728 -34.211544 0.771658 -0.96303 -17.73337 2.621019 -0.0 1e-06 -0.0 -17.346422 -20.095217 -4.201779 21.757557 -1.638373 3.866428 2e-06 -6.338823 1e-06 -1.697591 -22.591743 -6.194005 -0.0 -3e-06 -2e-06 168.304565 -86.58316 28.028666 22.21344 -29.261778 -6.16528 73.625931 -2.160035 0.011025 34.597214 13.007262 10.705332 22.182125 -20.375898 49.933342 -16.701818 -16.74353 28.476542 -3e-06 -12.690603 -2e-06 17.056032 -17.716248 2.024862 -0.105921 -1.513857 -4.275881 -5.039042 -5.612873 -2.953558 4e-06 -11.020527 -3e-06 -6.111297 -15.895338 -3.840474 -0.0 -0.0 0.0 -10.283375 -5.68029 -4.341844 11.028299 -11.302407 -2.372632 -1.384269 -14.238584 -6.320122 -0.625432 -26.924194 -3.827604 -4.850174 -50.283348 -2.894352 -13.708527 -7.363478 -3.720938 18.141157 -14.052741 -3.242678 8e-06 -18.787271 -4e-06 -0.429711 -8.456048 2.555504 0.0 -1e-06 2e-06 -15.923539 -20.09449 -5.473591 30.419218 -7.190829 1.735931 4e-06 -8.162927 -1e-06 -1.8619 -22.861473 -6.167949 1e-06 -1e-06 -3e-06 143.770798 -9.268151 -10.639252 53.799549 -0.508209 0.435468 -74.445862 -21.365343 -10.626271 -12.008473 1.892905 1.941084 -0.999998 0.0 0.0 7.88322 8.024786 -1.795339 25.444872 1.174718 -2.857074 -93.436798 -18.580118 14.591038 -20.094854 0.933455 1.580823 -1.000002 -0.0 0.0 
0.0 0.0 0.0 0.0 -0.0 0.0 -356.192383 93.015198 -140.677948 80.985695 -11.47244 -153.597992 6.091198 -0.794926 2.151457 -8.940852 -0.292349 5.463951 19.924421 -3.911705 3.980469 29.335239 -0.486171 2.364784 -2.627808 -0.49097 -9.583923 -36.616371 0.974468 -12.647738 4e-06 -0.0 0.0 -0.111297 -0.013865 0.025592 -0.253388 -0.074245 0.044135 -0.20986 0.04466 0.022043 -100.930511 -61.588684 126.336617 -13.189424 -39.126434 48.646152 86.494659 0.888459 0.958698 21.201883 7.970046 10.90002 17.636631 -26.322727 52.411201 -19.466665 -14.3956 29.410395 -0.0 -8.774822 -2e-06 15.62859 -18.024204 5.991896 -0.609775 -1.795655 -3.889329 -4.807087 -11.04681 -2.937851 2e-06 -20.976015 -1e-06 -5.019969 -25.033558 -4.031882 5e-06 -3e-06 -0.0 -10.634533 -5.686973 -3.565589 10.573277 -17.922949 -3.113903 3e-06 -13.821208 -0.0 -0.501775 -31.181501 -4.027019 -10.86829 -59.661144 7.537347 -13.982713 -7.150201 -2.875043 13.772729 -8.401493 -3.218243 0.347736 -34.211555 0.771651 -0.963027 -17.73337 2.621019 -0.0 -1e-06 -1e-06 -17.34642 -20.095217 -4.201783 21.757557 -1.638374 3.866426 3e-06 -6.338823 0.0 -1.697588 -22.591743 -6.194008 -2e-06 -3e-06 -2e-06 -170.194336 -84.653755 5.539472 20.731678 -31.126955 -7.448071 74.967529 -2.212821 -0.155813 33.958931 13.699819 9.605288 22.182108 -20.375885 49.933319 -16.701813 -16.743528 28.47653 -2e-06 -12.6906 -0.0 17.027422 -17.5623 2.076579 -0.105919 -1.513856 -4.27588 -5.03904 -5.612872 -2.953557 4e-06 -11.020525 -2e-06 -6.111297 -15.895334 -3.840472 -0.0 1e-06 -0.0 -10.283369 -5.680286 -4.341836 11.028292 -11.302403 -2.372638 -1.38427 -14.238579 -6.32012 -0.625437 -26.924179 -3.827605 -4.573679 -49.954708 -3.09463 -13.708526 -7.363476 -3.720936 18.141146 -14.052738 -3.242676 4e-06 -18.787268 -6e-06 -0.429711 -8.456041 2.555503 -0.0 -1e-06 -1e-06 -15.923532 -20.094482 -5.473588 30.419207 -7.190826 1.735926 3e-06 -8.162922 -2e-06 -1.861902 -22.861467 -6.167943 1e-06 -2e-06 -2e-06 143.383041 -6.098196 -12.935545 32.472645 -0.278746 0.545923 -72.537323 -13.132717 -16.689379 -11.802509 1.974253 2.080469 -0.999997 1e-06 -0.0 14.522923 6.092093 -4.589928 22.500801 1.476561 -3.067152 -81.417961 -16.481676 9.451233 -31.888266 1.237096 1.478758 -1.000001 0.0 -0.0 
0.0 0.0 0.0 0.0 -0.0 0.0 -346.748016 92.983223 -145.018814 81.474037 -11.176708 -153.675919 5.016116 -0.075001 2.543497 -9.363764 -0.037259 6.117805 19.990534 -3.783651 4.365137 30.598667 2.008712 2.460808 -2.597552 -0.811974 -10.736809 -35.588749 1.777213 -14.634827 5e-06 -0.0 -0.0 -0.085864 -0.002172 -0.017723 -0.270976 -0.040414 -0.024452 -0.227512 0.030955 0.005435 -97.217072 -61.316597 122.487846 -13.966025 -40.505398 50.190392 86.046364 1.34884 1.317599 21.696276 8.382194 12.848053 17.636623 -26.322721 52.41119 -19.466663 -14.395597 29.410389 -1e-06 -8.774822 -2e-06 15.639209 -18.416225 5.917466 -0.609774 -1.795654 -3.889329 -4.807089 -11.046809 -2.937851 3e-06 -20.976015 -2e-06 -5.019969 -25.033558 -4.031882 6e-06 1e-06 0.0 -10.634533 -5.686971 -3.565587 10.573275 -17.922947 -3.113902 3e-06 -13.821206 0.0 -0.501774 -31.181498 -4.027017 -11.117397 -59.506741 7.781957 -13.982712 -7.150198 -2.875042 13.772727 -8.401491 -3.218242 0.347736 -34.211552 0.77165 -0.963027 -17.733368 2.62102 1e-06 -0.0 1e-06 -17.346416 -20.095217 -4.201784 21.757563 -1.638375 3.866427 2e-06 -6.338823 -0.0 -1.697586 -22.591742 -6.194007 -1e-06 -4e-06 -2e-06 -166.672318 -84.109344 1.697562 19.437386 -34.987534 -7.966719 74.314911 -2.039778 -0.236735 32.729839 13.333713 9.203465 22.182108 -20.375883 49.933315 -16.701811 -16.743528 28.476532 -1e-06 -12.690601 -0.0 16.823513 -17.371735 2.336776 -0.105919 -1.513858 -4.275882 -5.039042 -5.61287 -2.953561 3e-06 -11.020523 -2e-06 -6.111299 -15.89533 -3.84047 1e-06 0.0 -1e-06 -10.283369 -5.680288 -4.34184 11.028292 -11.302404 -2.372637 -1.384269 -14.23858 -6.320124 -0.62544 -26.924185 -3.827606 -4.619469 -49.604038 -2.984713 -13.708526 -7.363478 -3.720941 18.141146 -14.052736 -3.242677 5e-06 -18.787266 -5e-06 -0.429714 -8.45604 2.555503 -0.0 -0.0 0.0 -15.923536 -20.094484 -5.473586 30.419205 -7.190819 1.735927 2e-06 -8.162922 -1e-06 -1.861902 -22.861464 -6.167943 -0.0 -1e-06 -1e-06 145.472504 -3.472368 -12.546639 15.578514 0.043461 0.481259 -69.714203 -4.195626 -24.073694 -11.511808 1.81642 2.119022 -0.999997 2e-06 1e-06 19.843269 5.858897 -6.656271 22.34313 1.546168 -2.776786 -67.429123 -15.510214 3.930502 -37.880241 1.385965 1.4774 -1.000003 -0.0 -0.0 
0.0 0.0 0.0 0.0 -0.0 0.0 -337.37085 92.387321 -149.242096 82.794121 -11.001962 -153.839111 4.455725 0.453182 2.696638 -9.714525 0.070627 5.830633 20.293539 -3.220065 4.465878 31.206448 3.855278 2.509637 -2.586359 -1.099476 -11.155778 -34.519253 2.428793 -16.233791 6e-06 -0.0 -0.0 -0.063421 0.024442 -0.089391 -0.294632 -0.02373 -0.127653 -0.233559 0.062207 -0.033191 -97.956779 -61.622711 122.923431 -12.25848 -42.67696 47.119877 85.56221 1.47763 0.977244 20.627792 10.181893 15.036426 17.636625 -26.322727 52.411194 -19.466665 -14.395598 29.410389 -0.0 -8.774824 -2e-06 15.695151 -18.545851 5.908657 -0.609776 -1.795655 -3.889328 -4.807089 -11.046811 -2.937851 4e-06 -20.976019 -2e-06 -5.019971 -25.03356 -4.031882 6e-06 1e-06 -0.0 -10.634536 -5.686973 -3.565587 10.573277 -17.922951 -3.113903 2e-06 -13.821209 -0.0 -0.501776 -31.181505 -4.027019 -11.059021 -58.895191 7.437646 -13.982715 -7.150201 -2.875041 13.772731 -8.401491 -3.218242 0.347738 -34.211555 0.771651 -0.963027 -17.73337 2.621019 -2e-06 -0.0 -1e-06 -17.346422 -20.095219 -4.20178 21.757561 -1.638373 3.866427 2e-06 -6.338822 0.0 -1.69759 -22.591743 -6.194006 -0.0 -3e-06 -2e-06 -169.051239 -85.673424 4.594143 18.599281 -38.951942 -7.980711 72.847786 -1.5585 -0.157209 31.19997 12.254223 8.029826 22.182114 -20.375898 49.933334 -16.701813 -16.743526 28.476536 -4e-06 -12.690602 -0.0 16.583002 -17.453527 2.513692 -0.105919 -1.513857 -4.275881 -5.039041 -5.612872 -2.953557 5e-06 -11.020525 -2e-06 -6.111297 -15.895332 -3.84047 1e-06 -0.0 0.0 -10.283371 -5.680288 -4.341837 11.028292 -11.302405 -2.372633 -1.384269 -14.238581 -6.320122 -0.625438 -26.924187 -3.827602 -4.605146 -49.26466 -3.145278 -13.708524 -7.363476 -3.720939 18.141148 -14.052739 -3.242675 6e-06 -18.78727 -4e-06 -0.429712 -8.456042 2.555504 -0.0 0.0 -0.0 -15.923536 -20.094484 -5.473587 30.41921 -7.190826 1.735926 2e-06 -8.162927 -1e-06 -1.861903 -22.861473 -6.167942 0.0 -3e-06 -2e-06 147.328476 -1.785208 -10.380854 12.567281 0.009572 0.490295 -70.292641 0.304457 -28.102104 -11.418476 1.815704 1.981959 -0.999998 -2e-06 1e-06 21.298204 5.355669 -8.102398 29.639063 1.582724 -2.147217 -55.955673 -14.834749 -2.910448 -31.069117 1.143588 1.573613 -1.000003 1e-06 0.0 
0.0 0.0 0.0 0.0 -0.0 0.0 -328.940918 91.23597 -153.204376 83.731964 -12.622655 -154.423492 4.530788 -0.486239 2.206223 -9.793517 -0.194749 5.286147 20.539455 -2.965901 3.982303 31.08164 5.274641 2.749131 -2.733242 -1.278195 -11.288882 -33.762424 2.817605 -16.980156 7e-06 0.0 -0.0 -0.016984 0.042173 -0.040577 -0.343658 -0.028121 -0.104675 -0.28267 0.099603 0.036988 -102.390038 -62.314117 126.112587 -6.833109 -44.962616 40.58456 84.132095 0.885953 0.328584 18.669252 11.986252 17.050444 17.636633 -26.322729 52.411186 -19.46666 -14.395597 29.410381 -1e-06 -8.774822 -3e-06 15.558999 -18.517735 5.853771 -0.609779 -1.795651 -3.889326 -4.807088 -11.046809 -2.937849 6e-06 -20.976017 -1e-06 -5.019971 -25.033558 -4.031879 7e-06 0.0 1e-06 -10.634533 -5.686967 -3.565587 10.57327 -17.922945 -3.113898 6e-06 -13.821205 0.0 -0.501779 -31.181501 -4.027012 -10.957137 -58.574776 7.13082 -13.98271 -7.150192 -2.875043 13.772726 -8.401493 -3.21824 0.347736 -34.211555 0.771654 -0.96303 -17.73337 2.621018 -2e-06 -0.0 -2e-06 -17.346413 -20.095215 -4.201783 21.757555 -1.638376 3.866428 1e-06 -6.338823 1e-06 -1.697587 -22.591745 -6.194003 1e-06 -5e-06 -2e-06 156.197342 -88.50119 39.815823 17.835608 -43.057594 -6.633027 70.628197 -1.283969 -0.75226 29.127281 10.343263 5.982424 22.182116 -20.3759 49.933323 -16.701815 -16.743528 28.476536 -3e-06 -12.690605 -0.0 16.693752 -17.565136 2.368538 -0.10592 -1.513855 -4.275884 -5.039042 -5.612871 -2.953556 5e-06 -11.020524 -1e-06 -6.111298 -15.895334 -3.840469 1e-06 0.0 -0.0 -10.283373 -5.680287 -4.341842 11.028296 -11.302407 -2.372633 -1.384267 -14.238583 -6.32012 -0.625435 -26.924191 -3.827601 -4.399168 -49.195919 -3.355194 -13.708526 -7.363477 -3.720942 18.141153 -14.052742 -3.242676 4e-06 -18.78727 0.0 -0.429711 -8.456043 2.555503 -1e-06 -0.0 0.0 -15.923536 -20.094479 -5.473588 30.419214 -7.190829 1.735927 3e-06 -8.162927 -0.0 -1.861905 -22.861469 -6.167939 0.0 -4e-06 -1e-06 149.484482 0.773668 -7.489157 19.883808 -0.10654 0.310305 -70.34687 1.646912 -28.285156 -11.622829 2.105735 1.8962 -0.999999 -1e-06 0.0 18.178347 1.362038 -10.636021 45.355629 1.639687 -1.421167 -53.046528 -13.447377 -8.126945 -14.188987 0.777175 1.638422 -1.000002 0.0 -1e-06 
0.0 0.0 0.0 0.0 -0.0 0.0 -321.341339 89.85778 -156.895172 84.452866 -16.36211 -155.128174 5.533232 -2.360503 1.182729 -9.331288 -0.811601 4.7057 21.42737 -3.95253 2.729546 30.122177 7.054128 2.956987 -2.789321 -1.744145 -11.384449 -35.689304 2.670802 -17.254133 5e-06 -0.0 -0.0 -0.012152 0.06174 -0.04058 -0.110985 0.006647 -0.069972 -0.089223 0.105845 -0.001976 -108.771568 -64.16037 131.093567 4.308196 -47.205143 29.695398 80.65712 0.434701 -0.018694 16.632904 14.763618 18.266008 17.636623 -26.322714 52.411179 -19.466656 -14.395591 29.410378 -1e-06 -8.774816 -1e-06 15.556766 -18.70895 6.02982 -0.609776 -1.795654 -3.889327 -4.807089 -11.046808 -2.937848 5e-06 -20.976011 -2e-06 -5.019965 -25.033552 -4.031882 6e-06 1e-06 1e-06 -10.634526 -5.68697 -3.565587 10.573269 -17.922947 -3.113899 3e-06 -13.821205 -0.0 -0.501773 -31.181498 -4.027019 -10.828219 -58.486492 6.880781 -13.982706 -7.150198 -2.875042 13.772723 -8.401487 -3.218239 0.347737 -34.21154 0.771648 -0.963029 -17.733366 2.62102 -1e-06 -0.0 -0.0 -17.346409 -20.095211 -4.20178 21.757547 -1.638374 3.866427 1e-06 -6.338822 -0.0 -1.697587 -22.591736 -6.194005 -3e-06 -5e-06 -1e-06 55.978714 -86.08374 141.128723 18.712288 -46.943596 -6.178676 66.314301 -1.356596 -1.093844 26.69681 9.412618 4.748953 22.182112 -20.375887 49.933319 -16.701811 -16.743528 28.47653 -4e-06 -12.690601 0.0 17.015213 -17.572245 2.171893 -0.105918 -1.513855 -4.275881 -5.039041 -5.612869 -2.953557 5e-06 -11.020519 -3e-06 -6.1113 -15.89533 -3.840471 -1e-06 -0.0 0.0 -10.283368 -5.680289 -4.341839 11.028291 -11.3024 -2.372632 -1.384271 -14.238575 -6.320122 -0.625437 -26.924181 -3.827603 -4.460401 -49.644955 -3.3183 -13.708522 -7.363475 -3.720939 18.14115 -14.052734 -3.242675 5e-06 -18.787266 -2e-06 -0.42971 -8.45604 2.555503 0.0 -0.0 0.0 -15.923532 -20.094482 -5.473587 30.41921 -7.190823 1.735927 2e-06 -8.162925 -1e-06 -1.861904 -22.861464 -6.167942 0.0 -3e-06 -1e-06 150.446548 4.885828 -4.405404 33.15966 -0.37938 0.223883 -73.084824 -3.246797 -23.369078 -9.412722 2.01654 2.093557 -0.999999 1e-06 1e-06 12.045094 -5.934964 -12.689569 63.741825 1.595033 -0.750173 -56.076813 -15.166442 -10.251908 -9.62459 0.665274 1.911513 -1.000001 -1e-06 0.0 
0.0 0.0 0.0 0.0 -0.0 0.0 -313.233459 88.922081 -159.995728 86.197929 -19.160873 -157.125824 6.94063 -3.383266 0.516836 -8.583652 -1.529473 3.676613 22.968103 -5.011835 0.827519 28.391966 7.970215 3.037367 -2.679219 -1.746046 -10.69348 -38.120262 2.073451 -16.614628 6e-06 0.0 -0.0 -0.021911 0.087063 -0.087764 0.096228 0.104173 -0.07027 0.056716 0.063293 -0.095943 -114.347038 -67.866928 135.612625 20.294666 -48.924652 13.489764 76.681801 0.731722 0.148539 14.282713 17.752262 19.090607 17.636623 -26.322723 52.411182 -19.46666 -14.395598 29.410385 2e-06 -8.774822 -1e-06 15.568605 -18.743227 6.157057 -0.609776 -1.795654 -3.889326 -4.807089 -11.046813 -2.93785 0.0 -20.976013 0.0 -5.01997 -25.033556 -4.031881 5e-06 0.0 1e-06 -10.634537 -5.68697 -3.565586 10.573274 -17.922947 -3.113902 -0.0 -13.821208 2e-06 -0.501779 -31.181501 -4.027017 -10.876336 -58.556503 6.84887 -13.982715 -7.150201 -2.875041 13.77273 -8.401489 -3.218243 0.347732 -34.211544 0.771654 -0.963032 -17.733366 2.621017 -0.0 1e-06 0.0 -17.346416 -20.095215 -4.201779 21.757557 -1.638375 3.866426 -0.0 -6.338823 2e-06 -1.69759 -22.591743 -6.194008 -3e-06 -4e-06 -2e-06 55.967274 -82.340347 142.541382 21.732054 -52.857452 -6.351894 59.101757 -1.267451 -0.819791 23.936228 10.512879 3.862088 22.182112 -20.375885 49.933308 -16.701811 -16.743525 28.476519 -3e-06 -12.690599 -3e-06 16.958509 -17.499681 2.080721 -0.105919 -1.513854 -4.275881 -5.039043 -5.612869 -2.953557 5e-06 -11.020521 -3e-06 -6.111294 -15.895329 -3.840472 2e-06 0.0 -1e-06 -10.283366 -5.680285 -4.34184 11.028291 -11.302405 -2.372631 -1.384268 -14.238577 -6.32012 -0.625438 -26.924181 -3.827603 -4.696656 -49.693588 -3.021566 -13.70852 -7.363475 -3.720941 18.141146 -14.052737 -3.24267 5e-06 -18.787264 -4e-06 -0.429712 -8.456042 2.555502 -1e-06 0.0 -0.0 -15.923532 -20.094481 -5.473587 30.419207 -7.190824 1.735925 3e-06 -8.162922 -1e-06 -1.861902 -22.861464 -6.167942 1e-06 -3e-06 -0.0 154.904984 6.463764 -3.785154 41.756645 -0.563927 0.241889 -79.881126 -6.46861 -22.812714 -7.014821 1.781424 2.139987 -0.999999 0.0 -0.0 2.741855 -11.457736 -10.722173 79.783516 1.627226 -0.383048 -63.23724 -16.926659 -9.045578 -9.727945 0.693001 2.157509 -1.000002 0.0 0.0 
0.0 0.0 0.0 0.0 -0.0 0.0 -304.212555 88.413094 -162.288803 88.10318 -19.806763 -160.442368 8.091377 -3.975467 0.06692 -7.961249 -1.959729 2.266846 23.876871 -5.104185 -1.125514 27.016758 7.763996 2.985228 -2.605638 -1.615261 -9.316876 -39.277565 1.847161 -15.054405 5e-06 -0.0 0.0 -0.004551 0.092491 -0.043334 0.198486 0.134844 0.001223 0.139749 0.047406 -0.078388 -116.307922 -73.298889 135.995483 35.035088 -49.07497 -3.980654 75.93898 1.183141 -0.351667 11.961814 18.736389 20.819164 17.636625 -26.322729 52.41119 -19.466661 -14.395597 29.410389 0.0 -8.774821 -1e-06 15.69348 -18.685356 6.217711 -0.609776 -1.795654 -3.889329 -4.807087 -11.046811 -2.937852 4e-06 -20.976015 0.0 -5.019971 -25.033556 -4.031878 8e-06 -1e-06 -1e-06 -10.634533 -5.686968 -3.565585 10.573277 -17.922949 -3.113902 2e-06 -13.821209 1e-06 -0.501774 -31.181505 -4.027015 -11.136468 -58.844158 7.137695 -13.982712 -7.150197 -2.875042 13.772731 -8.401491 -3.218241 0.347734 -34.211555 0.771656 -0.963031 -17.73337 2.621019 -1e-06 -0.0 3e-06 -17.346413 -20.095215 -4.201784 21.757555 -1.638378 3.866428 -0.0 -6.338823 0.0 -1.697587 -22.591743 -6.194005 -4e-06 -3e-06 -4e-06 63.39175 -79.609848 136.26123 22.529934 -58.381874 -2.150741 52.024788 -1.308756 -0.610872 21.794744 10.158656 4.835465 22.182114 -20.375898 49.933319 -16.701811 -16.74353 28.47653 -4e-06 -12.6906 0.0 16.850525 -17.753311 2.215966 -0.105919 -1.513855 -4.275882 -5.039044 -5.612873 -2.953555 5e-06 -11.020525 -2e-06 -6.111294 -15.895334 -3.84047 1e-06 2e-06 -2e-06 -10.283371 -5.680287 -4.34184 11.028291 -11.302404 -2.372631 -1.38427 -14.238582 -6.320117 -0.625439 -26.924187 -3.827597 -5.012783 -49.888153 -3.021665 -13.708526 -7.363477 -3.720938 18.141146 -14.052742 -3.242672 6e-06 -18.787271 -1e-06 -0.429712 -8.456046 2.555502 1e-06 -1e-06 -1e-06 -15.923536 -20.094482 -5.473583 30.41921 -7.190824 1.735924 2e-06 -8.162929 -1e-06 -1.861902 -22.861473 -6.167942 1e-06 -3e-06 1e-06 162.182785 5.429819 -3.753028 44.963116 -0.604117 0.304922 -88.266953 -8.308232 -24.484297 -5.266484 1.763098 2.211667 -0.999998 -1e-06 -0.0 -10.342047 -13.248125 -6.937776 91.24971 1.415517 -0.15281 -71.725159 -17.578598 -5.992466 -10.490293 0.811256 2.071548 -1.000003 -0.0 0.0 
0.0 0.0 0.0 0.0 -0.0 0.0 -294.655609 88.742302 -163.490433 89.072121 -18.603546 -163.84436 8.783102 -4.202182 -0.55728 -7.728813 -2.055935 0.569309 23.648617 -4.714691 -2.938272 26.318068 7.102289 2.976444 -2.670039 -1.589003 -7.749671 -39.102497 2.062213 -12.882444 6e-06 -0.0 0.0 -0.013895 0.075009 -0.004072 0.169608 0.077966 0.029516 0.13736 0.070922 -0.028844 -111.056831 -79.37162 128.355927 43.54269 -48.128178 -17.93498 78.261459 0.993811 -1.038278 9.622606 18.651682 22.132349 17.636627 -26.322725 52.411179 -19.466661 -14.395597 29.410378 1e-06 -8.774824 -2e-06 15.923628 -18.579956 6.169165 -0.609777 -1.795654 -3.889328 -4.80709 -11.046811 -2.937851 2e-06 -20.976015 2e-06 -5.019968 -25.033546 -4.031884 7e-06 1e-06 -0.0 -10.634531 -5.68697 -3.565587 10.573271 -17.922945 -3.1139 4e-06 -13.821205 0.0 -0.50178 -31.181498 -4.027013 -11.451835 -59.001854 7.42089 -13.982711 -7.150197 -2.875042 13.772727 -8.401489 -3.218242 0.347732 -34.211544 0.771653 -0.963031 -17.73337 2.621018 -3e-06 0.0 1e-06 -17.346418 -20.095215 -4.201782 21.757555 -1.638373 3.866424 0.0 -6.338823 1e-06 -1.697589 -22.591747 -6.194007 -2e-06 -4e-06 -1e-06 68.724144 -76.774727 131.254807 15.997604 -61.814838 9.68087 48.343826 -1.1708 -0.514185 20.707363 7.35828 9.388283 22.182121 -20.375898 49.933327 -16.701807 -16.74353 28.476534 -2e-06 -12.690603 -2e-06 17.056787 -17.879181 2.219431 -0.105919 -1.513856 -4.275883 -5.039043 -5.612873 -2.953556 3e-06 -11.020525 -1e-06 -6.111305 -15.89533 -3.84047 1e-06 -0.0 1e-06 -10.283373 -5.68029 -4.34184 11.028292 -11.302404 -2.372632 -1.384275 -14.238581 -6.320119 -0.625443 -26.924194 -3.827602 -4.925941 -50.389797 -3.301847 -13.708527 -7.363479 -3.720941 18.141151 -14.052739 -3.242672 5e-06 -18.78727 -3e-06 -0.429714 -8.456043 2.555506 2e-06 -1e-06 1e-06 -15.923541 -20.094484 -5.473581 30.419214 -7.190823 1.73593 2e-06 -8.162925 -0.0 -1.861907 -22.861473 -6.167942 -0.0 -4e-06 -2e-06 171.390869 2.850975 -3.540969 41.654839 -0.692027 0.638455 -92.331749 -8.888405 -27.239655 -4.578593 1.743808 2.255728 -0.999998 -0.0 -0.0 -25.048191 -11.828645 -5.02485 95.031746 0.923682 -0.016764 -78.266441 -18.112602 -3.20703 -11.801665 0.916403 1.935139 -1.000002 0.0 0.0 
0.0 0.0 0.0 0.0 -0.0 0.0 -284.759827 89.93615 -163.986588 89.008713 -16.397223 -166.523483 8.610916 -4.115716 -1.415109 -7.761343 -1.876239 -1.258742 22.577688 -3.751777 -4.71798 26.414209 5.652338 2.840442 -2.698913 -1.370569 -5.84351 -38.468914 1.800337 -10.517799 7e-06 -0.0 0.0 -0.005758 0.041517 0.089403 -0.022678 0.003292 0.068492 -0.021701 0.082221 0.12076 -91.127029 -83.550011 105.946564 44.858814 -47.645695 -24.522097 82.39122 0.114349 -1.526858 7.815997 17.908415 20.978724 17.636625 -26.322725 52.411182 -19.466658 -14.395594 29.410378 1e-06 -8.774819 -3e-06 15.933162 -18.562807 6.368616 -0.609777 -1.795653 -3.889327 -4.807088 -11.046812 -2.937852 3e-06 -20.976019 1e-06 -5.01997 -25.033558 -4.031879 6e-06 1e-06 -2e-06 -10.634533 -5.686972 -3.565587 10.573271 -17.922947 -3.1139 2e-06 -13.821213 -0.0 -0.501782 -31.181505 -4.027017 -11.585454 -59.139267 7.892288 -13.982713 -7.150199 -2.875043 13.772727 -8.40149 -3.218241 0.347731 -34.211544 0.771654 -0.963031 -17.733368 2.62102 1e-06 1e-06 -2e-06 -17.346418 -20.095219 -4.201783 21.757557 -1.638372 3.866427 1e-06 -6.338822 -0.0 -1.697591 -22.591747 -6.194007 0.0 -5e-06 -1e-06 71.900169 -73.362663 128.381882 3.231871 -61.903542 24.120316 48.955608 -0.772759 0.040695 21.077497 5.452081 12.51479 22.182112 -20.375885 49.933311 -16.701807 -16.743525 28.476522 -2e-06 -12.690598 -1e-06 17.094692 -17.945559 2.257083 -0.105917 -1.513854 -4.275885 -5.039041 -5.61287 -2.953556 3e-06 -11.02052 -2e-06 -6.111295 -15.89533 -3.840469 -1e-06 0.0 -1e-06 -10.283371 -5.680288 -4.341842 11.028291 -11.302402 -2.37263 -1.38427 -14.238577 -6.32012 -0.625435 -26.924187 -3.827603 -4.540508 -50.695141 -3.57352 -13.708524 -7.363477 -3.720942 18.141146 -14.052734 -3.242674 7e-06 -18.787266 -3e-06 -0.429711 -8.456043 2.555504 -0.0 0.0 1e-06 -15.923536 -20.094481 -5.473588 30.419201 -7.190824 1.735929 4e-06 -8.162926 -2e-06 -1.861903 -22.861467 -6.167939 1e-06 -6e-06 0.0 -178.766708 -0.215057 -3.273278 33.948994 -0.748202 0.966655 -90.900658 -8.20401 -30.934723 -6.807509 1.8679 2.249788 -1.0 1e-06 0.0 -37.225304 -9.025414 -6.416911 89.841454 0.611783 -0.019132 -83.367653 -18.720173 -1.750726 -11.721828 0.898148 1.764403 -1.000004 -0.0 0.0 
0.0 0.0 0.0 0.0 -0.0 0.0 -274.6539 91.483788 -164.288193 88.073242 -13.811925 -168.990021 7.311455 -3.756333 -2.05002 -8.162946 -1.666236 -3.318174 21.56562 -2.453758 -6.273185 26.817503 3.53038 2.461102 -2.618808 -1.096082 -4.007556 -37.73024 1.625675 -8.059041 5e-06 -0.0 0.0 0.026988 0.006929 0.177654 -0.124515 -0.009567 0.13213 -0.109461 0.027091 0.23833 -72.978462 -84.575409 86.108719 40.542393 -47.352489 -22.261599 88.368874 -0.380878 -1.56228 7.032552 16.675623 17.29063 17.636621 -26.322733 52.411194 -19.466665 -14.395598 29.410389 -1e-06 -8.774821 -1e-06 15.889258 -18.297834 6.445536 -0.609776 -1.795653 -3.889329 -4.807088 -11.046811 -2.937849 6e-06 -20.976017 -1e-06 -5.01997 -25.033554 -4.031878 5e-06 2e-06 -1e-06 -10.634531 -5.686969 -3.565588 10.573275 -17.922951 -3.113901 2e-06 -13.821206 2e-06 -0.501774 -31.181505 -4.027013 -11.239861 -59.314987 7.856665 -13.982712 -7.150197 -2.875044 13.77273 -8.401493 -3.218242 0.347738 -34.211552 0.771655 -0.963029 -17.73337 2.621021 1e-06 1e-06 -0.0 -17.346413 -20.095215 -4.201782 21.757557 -1.638377 3.866426 1e-06 -6.338822 1e-06 -1.697587 -22.591738 -6.194005 -2e-06 -4e-06 -1e-06 72.728523 -69.756683 128.674332 -7.123356 -58.266991 32.700989 52.366516 -0.104429 1.108489 21.947508 4.426484 10.816094 22.182112 -20.375895 49.933319 -16.701811 -16.743528 28.47653 -3e-06 -12.690598 1e-06 17.020969 -18.001459 2.343983 -0.105917 -1.513856 -4.275879 -5.03904 -5.61287 -2.953559 4e-06 -11.02052 -2e-06 -6.111297 -15.895329 -3.840471 -0.0 1e-06 -1e-06 -10.283368 -5.680288 -4.341838 11.028294 -11.302404 -2.372634 -1.384268 -14.238577 -6.320121 -0.625438 -26.924187 -3.827601 -4.584819 -50.781887 -3.276235 -13.708522 -7.363474 -3.720942 18.141148 -14.052739 -3.242674 5e-06 -18.787266 0.0 -0.42971 -8.456046 2.555502 0.0 -2e-06 2e-06 -15.923532 -20.094479 -5.473586 30.41921 -7.190827 1.735924 4e-06 -8.162925 1e-06 -1.861901 -22.861464 -6.167941 1e-06 -5e-06 0.0 -169.300522 -3.512987 -4.240953 24.50333 -0.677422 1.24404 -82.400124 -5.426208 -34.705666 -13.663603 2.109719 2.232731 -0.999999 -1e-06 -0.0 -43.963261 -5.431539 -9.315187 76.002342 0.773586 -0.246244 -84.686333 -18.452248 -1.989292 -11.374922 0.858432 1.723616 -1.000002 -0.0 -0.0 
0.0 0.0 0.0 0.0 -0.0 0.0 -264.209137 93.042778 -164.279922 87.48938 -12.442719 -171.539719 5.674815 -3.451831 -2.304446 -8.843572 -1.760821 -4.960913 20.99229 -1.629804 -7.612839 27.874842 1.655485 2.113649 -2.513911 -0.788347 -2.700924 -36.995884 1.438245 -5.865576 5e-06 0.0 1e-06 0.020123 -0.006963 0.210254 -0.155604 0.019121 0.166541 -0.137022 -0.0298 0.277487 -70.021095 -84.375305 82.834114 34.823631 -47.512444 -14.691524 94.13739 -0.394846 -1.108185 7.571599 14.467849 13.822227 17.636631 -26.322725 52.411182 -19.466652 -14.395594 29.410381 -1e-06 -8.774819 -4e-06 15.860415 -18.158663 6.311623 -0.609777 -1.795653 -3.889329 -4.807088 -11.046809 -2.937849 5e-06 -20.976015 0.0 -5.019969 -25.03356 -4.031879 6e-06 -0.0 -0.0 -10.634533 -5.686969 -3.565589 10.573272 -17.922949 -3.1139 1e-06 -13.821206 3e-06 -0.501776 -31.181505 -4.027017 -10.927018 -59.449638 7.587402 -13.982713 -7.150197 -2.875046 13.772726 -8.401491 -3.218238 0.347738 -34.211555 0.771655 -0.963023 -17.73337 2.621018 1e-06 0.0 0.0 -17.346416 -20.095213 -4.201787 21.757557 -1.638375 3.866429 0.0 -6.338823 1e-06 -1.697585 -22.591742 -6.19401 -3e-06 -4e-06 -2e-06 74.803627 -66.97477 128.432907 -13.74496 -53.965153 36.041248 56.929325 0.497527 2.347648 21.316298 3.269719 7.475767 22.182117 -20.375893 49.933323 -16.701813 -16.74353 28.47653 -3e-06 -12.690602 -1e-06 16.815439 -18.009094 2.468225 -0.105919 -1.513856 -4.275881 -5.039041 -5.612872 -2.953557 3e-06 -11.020525 -1e-06 -6.1113 -15.895334 -3.840471 0.0 -1e-06 1e-06 -10.283371 -5.680288 -4.341839 11.028296 -11.302405 -2.372633 -1.38427 -14.23858 -6.320121 -0.625438 -26.924191 -3.827604 -4.622173 -50.659908 -2.982152 -13.708525 -7.363476 -3.720938 18.141151 -14.052739 -3.242674 7e-06 -18.78727 -2e-06 -0.429711 -8.456045 2.555504 -0.0 1e-06 2e-06 -15.923536 -20.094484 -5.473584 30.419214 -7.190825 1.735926 2e-06 -8.162926 -1e-06 -1.861901 -22.861467 -6.167942 -1e-06 -5e-06 -2e-06 -161.145187 -5.553416 -5.953983 16.861118 -0.604825 1.457424 -66.652481 -0.299456 -35.976204 -23.28989 2.38341 2.260261 -0.999999 -1e-06 0.0 -44.122231 -2.505434 -12.656304 55.177105 0.924403 -0.489234 -84.844551 -16.006828 -4.405415 -11.169744 0.94321 1.696926 -1.000002 0.0 1e-06 
0.0 0.0 0.0 0.0 -0.0 0.0 -252.784058 93.914062 -164.103821 88.325943 -14.037221 -173.889679 4.617837 -4.222681 -2.463288 -9.42409 -2.134601 -5.550292 20.614914 -2.083014 -8.920499 29.817444 0.400459 2.007308 -2.634728 -0.392862 -2.217496 -36.278805 1.164723 -4.191919 5e-06 0.0 0.0 -0.043335 -0.006913 0.234223 -0.19691 0.038912 0.192259 -0.188303 -0.049508 0.301476 -74.787125 -83.633789 88.584595 29.846735 -48.638439 -4.9789 97.33065 0.125424 -0.282682 8.735182 11.122001 11.266464 17.636641 -26.322725 52.411182 -19.466661 -14.395598 29.410385 -0.0 -8.774824 -3e-06 15.905643 -18.170311 6.0331 -0.609777 -1.795654 -3.889327 -4.807092 -11.046814 -2.937849 4e-06 -20.976019 -2e-06 -5.019969 -25.03356 -4.031883 5e-06 -0.0 -0.0 -10.634537 -5.686972 -3.565588 10.573275 -17.922953 -3.1139 0.0 -13.821206 1e-06 -0.50178 -31.181505 -4.027015 -10.767796 -59.18853 7.088476 -13.982718 -7.150199 -2.875041 13.772733 -8.401493 -3.218241 0.347732 -34.211552 0.771655 -0.963026 -17.73337 2.621017 1e-06 0.0 -0.0 -17.346424 -20.095221 -4.20178 21.757565 -1.638373 3.866431 0.0 -6.338821 0.0 -1.69759 -22.591747 -6.194007 -1e-06 -5e-06 -4e-06 79.241928 -65.103348 125.412331 -18.627235 -51.39954 37.307056 61.201466 0.488178 2.659392 19.949516 1.868016 3.901761 22.182114 -20.375891 49.933319 -16.701813 -16.74353 28.476532 -2e-06 -12.690601 -1e-06 16.740782 -17.886883 2.687444 -0.10592 -1.513856 -4.275882 -5.039041 -5.612871 -2.953556 3e-06 -11.020523 -2e-06 -6.1113 -15.89533 -3.840471 -0.0 -0.0 0.0 -10.283373 -5.680289 -4.341838 11.028294 -11.302402 -2.372633 -1.38427 -14.238581 -6.320122 -0.625439 -26.924189 -3.827604 -4.376487 -50.704994 -2.985013 -13.708526 -7.363477 -3.720938 18.141148 -14.052735 -3.242674 6e-06 -18.78727 -4e-06 -0.429712 -8.456044 2.555503 -1e-06 3e-06 1e-06 -15.923538 -20.094484 -5.473584 30.419218 -7.190824 1.735926 3e-06 -8.162926 -1e-06 -1.861906 -22.861467 -6.167942 2e-06 -4e-06 -1e-06 -156.179306 -4.999617 -5.709913 15.955131 -0.654945 1.523167 -48.907059 1.76564 -32.390823 -21.169802 2.049466 2.465834 -0.999998 -0.0 1e-06 -38.893394 -1.556026 -14.105878 34.611164 0.756796 -0.976309 -84.44339 -14.537968 -5.673102 -11.890108 1.177183 1.448874 -1.000002 -1e-06 1e-06 
0.0 0.0 0.0 0.0 -0.0 0.0 -242.083145 93.665916 -163.942947 90.030449 -17.312136 -176.985489 4.159746 -5.287568 -2.41417 -9.531824 -2.513146 -5.28113 20.080072 -3.678037 -9.081659 31.246252 -0.63486 2.25261 -2.733334 -0.096463 -2.720762 -35.509998 1.110394 -3.596349 6e-06 0.0 2e-06 -0.068784 0.004982 0.206805 -0.142287 0.030738 0.18168 -0.13372 -0.019279 0.25786 -87.079842 -82.317474 102.266479 25.808903 -50.856728 2.976214 96.288673 0.640827 0.151848 9.87717 8.399755 9.094384 17.636637 -26.322737 52.41119 -19.466665 -14.395606 29.410389 -1e-06 -8.774824 -1e-06 15.678443 -18.282101 5.990977 -0.609778 -1.795652 -3.889328 -4.807088 -11.046811 -2.93785 8e-06 -20.976021 0.0 -5.01997 -25.03356 -4.031879 5e-06 0.0 -0.0 -10.634538 -5.686968 -3.565584 10.573278 -17.922951 -3.1139 4e-06 -13.821209 2e-06 -0.501779 -31.181501 -4.027011 -10.676764 -58.607758 6.652627 -13.982714 -7.150195 -2.875041 13.772734 -8.401495 -3.218242 0.347735 -34.211555 0.771659 -0.963032 -17.733372 2.621022 0.0 0.0 0.0 -17.346422 -20.095217 -4.201779 21.757566 -1.638378 3.866427 2e-06 -6.338826 2e-06 -1.697589 -22.591749 -6.194005 0.0 -5e-06 -2e-06 82.035339 -63.993977 123.030136 -19.955273 -50.462658 36.097813 63.880676 0.36497 1.628682 20.236137 1.437738 -0.175442 22.182116 -20.375896 49.933315 -16.701813 -16.74353 28.476528 -3e-06 -12.690601 -1e-06 16.163553 -17.771749 3.083086 -0.10592 -1.513855 -4.275881 -5.039039 -5.612871 -2.953556 5e-06 -11.020524 -1e-06 -6.111298 -15.89533 -3.84047 -1e-06 -1e-06 -0.0 -10.28337 -5.680287 -4.341838 11.028294 -11.302406 -2.372633 -1.384269 -14.238581 -6.32012 -0.625439 -26.924191 -3.8276 -4.082576 -50.730927 -3.267022 -13.708523 -7.363474 -3.720939 18.141148 -14.052737 -3.242673 6e-06 -18.78727 -1e-06 -0.429713 -8.45604 2.555504 -2e-06 -0.0 -0.0 -15.923534 -20.094482 -5.473584 30.419207 -7.190826 1.735926 3e-06 -8.162925 -0.0 -1.861903 -22.861471 -6.167939 1e-06 -4e-06 -2e-06 -156.992142 -2.751369 -4.553176 25.856909 -1.018843 1.361008 -36.798874 2.056498 -27.329638 -9.6248 1.449694 2.928591 -0.999999 -1e-06 2e-06 -32.940048 -1.858124 -14.808804 23.790464 0.536639 -1.292514 -82.143211 -15.875874 -3.946227 -11.179789 1.325873 1.31366 -1.000001 -1e-06 1e-06 
0.0 0.0 0.0 0.0 -0.0 0.0 -232.72464 92.563789 -163.525421 91.332832 -18.425592 178.624329 3.716254 -4.853399 -1.699157 -9.370282 -2.548271 -4.2907 19.403292 -4.709321 -8.303924 31.354622 -1.08658 2.414726 -2.618699 -0.519971 -2.816108 -35.778137 1.479577 -4.047446 6e-06 -0.0 -0.0 -0.037175 0.023265 0.302133 -0.094169 0.0281 0.284812 -0.061363 0.016623 0.348306 -98.866928 -79.999695 115.239197 21.47513 -54.388386 7.791086 91.601082 0.742663 -0.024676 10.951944 7.534007 7.031857 17.636625 -26.322729 52.411194 -19.466663 -14.395594 29.410389 -1e-06 -8.774821 -1e-06 15.525626 -18.425146 6.001948 -0.609777 -1.795656 -3.889329 -4.807086 -11.046807 -2.937852 6e-06 -20.976019 -1e-06 -5.019971 -25.033558 -4.031879 6e-06 -0.0 0.0 -10.634533 -5.686969 -3.565589 10.573274 -17.922955 -3.113902 3e-06 -13.821203 1e-06 -0.501776 -31.181498 -4.027014 -10.649112 -58.293964 6.482337 -13.98271 -7.150198 -2.875045 13.772727 -8.401489 -3.218243 0.347736 -34.211544 0.771651 -0.963029 -17.733366 2.621018 0.0 -1e-06 -0.0 -17.346411 -20.095213 -4.201784 21.757551 -1.638378 3.866426 1e-06 -6.338822 1e-06 -1.697589 -22.591738 -6.194004 2e-06 -5e-06 -2e-06 81.323395 -64.196487 123.133148 -16.596825 -50.097435 32.219456 64.421265 0.713417 0.657172 22.014708 2.053288 -4.520938 22.182114 -20.375895 49.933319 -16.701817 -16.74353 28.476532 -4e-06 -12.6906 -1e-06 15.732555 -17.835991 3.252212 -0.105919 -1.513857 -4.27588 -5.039041 -5.612871 -2.953556 6e-06 -11.020523 -3e-06 -6.111296 -15.89533 -3.840471 1e-06 -2e-06 0.0 -10.283369 -5.680288 -4.341838 11.028293 -11.302404 -2.372633 -1.384268 -14.238579 -6.320119 -0.625437 -26.924183 -3.827598 -3.994125 -50.218357 -3.599286 -13.708524 -7.363476 -3.720939 18.14115 -14.052739 -3.242676 7e-06 -18.78727 -2e-06 -0.42971 -8.456042 2.555503 -0.0 0.0 1e-06 -15.923532 -20.094482 -5.473584 30.41921 -7.190827 1.735924 2e-06 -8.162925 -1e-06 -1.8619 -22.861469 -6.167941 1e-06 -3e-06 -1e-06 -163.669922 -2.854567 -6.651533 44.278728 -1.176504 0.899567 -37.293461 5.432305 -24.941442 -7.049287 1.274128 3.245236 -0.999999 -2e-06 -1e-06 -28.765249 -0.002547 -15.514138 24.799973 1.079772 -1.790674 -80.415268 -17.388403 7.924621 -9.043797 1.069599 1.557833 -1.000001 1e-06 -0.0 
0.0 0.0 0.0 0.0 -0.0 0.0 -224.111801 90.753677 -162.331024 91.990211 -15.087103 173.228485 4.125605 -2.409252 -0.517835 -9.293876 -2.094787 -3.154166 18.956438 -3.656992 -6.86157 30.194973 -1.424464 2.716343 -2.600235 -0.777489 -2.822811 -38.531391 1.742279 -4.766735 6e-06 -1e-06 1e-06 -0.018676 0.067315 0.221658 -0.079603 0.070498 0.203541 -0.057748 0.063167 0.266791 -106.240616 -76.426231 124.041786 17.182724 -57.765888 9.027637 85.222069 0.332981 0.218527 11.785395 9.197084 6.691404 17.636635 -26.322737 52.411194 -19.466648 -14.395596 29.410381 -3e-06 -8.774817 -2e-06 15.707572 -18.588055 6.046255 -0.609776 -1.795654 -3.889326 -4.807087 -11.046811 -2.937848 4e-06 -20.976021 3e-06 -5.019974 -25.03356 -4.031878 8e-06 -1e-06 -0.0 -10.634535 -5.686976 -3.565583 10.573271 -17.922951 -3.1139 1e-06 -13.821208 2e-06 -0.501781 -31.181505 -4.027012 -10.502795 -59.318077 6.564327 -13.982711 -7.150198 -2.875043 13.772725 -8.401492 -3.21824 0.34773 -34.211555 0.771659 -0.963031 -17.733372 2.621021 1e-06 0.0 1e-06 -17.346413 -20.095215 -4.201779 21.757555 -1.638375 3.866429 1e-06 -6.338822 -1e-06 -1.69759 -22.591743 -6.194005 -0.0 -4e-06 -1e-06 77.276146 -65.837723 125.993317 -7.814623 -49.070915 24.838356 62.735966 0.752442 0.181716 23.422129 2.574377 -7.162885 22.182119 -20.375904 49.933319 -16.701811 -16.74353 28.47653 -2e-06 -12.690601 -2e-06 15.705729 -18.11623 3.058084 -0.10592 -1.513855 -4.275882 -5.039041 -5.612872 -2.953555 6e-06 -11.020525 -1e-06 -6.1113 -15.895338 -3.840469 -0.0 1e-06 1e-06 -10.283369 -5.680288 -4.341837 11.028294 -11.302406 -2.372632 -1.38427 -14.238581 -6.320119 -0.625441 -26.924191 -3.827598 -3.979007 -50.331322 -3.802381 -13.708524 -7.363476 -3.720939 18.141151 -14.052739 -3.242675 3e-06 -18.787271 1e-06 -0.429711 -8.456045 2.555505 1e-06 -1e-06 -1e-06 -15.923532 -20.094484 -5.473583 30.41921 -7.190826 1.735927 2e-06 -8.162927 -1e-06 -1.861905 -22.861469 -6.16794 0.0 -1e-06 -0.0 -173.393616 -9.700633 -11.626524 64.332161 -0.739866 0.481825 -43.300262 4.752396 -21.490959 -7.842072 1.297947 3.119504 -0.999999 0.0 -0.0 -25.287573 6.625493 -13.2548 30.727877 1.357913 -2.286697 -87.507164 -20.896484 23.819529 -6.752226 0.691353 1.661157 -1.000002 1e-06 -0.0 
0.0 0.0 0.0 0.0 -0.0 0.0 -215.322113 89.574951 -160.86647 92.094055 -9.775447 167.624512 5.15746 0.285517 0.38152 -9.105417 -1.242199 -1.9987 19.598562 -1.177002 -5.03206 28.070541 -1.941166 2.605625 -2.695038 -0.600835 -2.434237 -42.285397 1.770061 -5.315578 6e-06 -1e-06 1e-06 -0.029897 0.045666 0.165771 -0.058138 0.111101 0.151276 -0.085863 -0.015875 0.208784 -107.102303 -72.355637 127.246948 14.237186 -61.027351 7.164807 79.870163 -0.500022 0.038503 12.672817 12.854159 10.287305 17.636633 -26.322735 52.411198 -19.466661 -14.395597 29.410389 -3e-06 -8.774819 -1e-06 15.698108 -18.516338 6.291226 -0.609776 -1.795654 -3.889329 -4.807086 -11.046809 -2.93785 8e-06 -20.976015 -3e-06 -5.019967 -25.033558 -4.031881 6e-06 0.0 -2e-06 -10.634533 -5.686969 -3.565587 10.573274 -17.922949 -3.1139 4e-06 -13.821205 1e-06 -0.501775 -31.181505 -4.027014 -10.899364 -60.299351 7.407436 -13.982714 -7.150196 -2.875043 13.77273 -8.401495 -3.218243 0.347736 -34.211552 0.771655 -0.963028 -17.73337 2.621021 2e-06 0.0 0.0 -17.346415 -20.095215 -4.201786 21.757557 -1.638378 3.866426 2e-06 -6.338823 0.0 -1.697588 -22.591742 -6.194006 -0.0 -4e-06 -2e-06 76.130768 -69.161934 125.760002 5.476608 -47.978779 15.416012 60.1101 -0.161168 0.118965 24.388767 3.302375 -4.738405 22.182116 -20.375893 49.933319 -16.701813 -16.743526 28.47653 -3e-06 -12.690601 -1e-06 15.77874 -18.44261 2.899713 -0.105915 -1.513856 -4.275881 -5.039043 -5.612871 -2.953557 3e-06 -11.020523 -1e-06 -6.111297 -15.89533 -3.84047 -1e-06 1e-06 0.0 -10.283365 -5.680287 -4.341839 11.028292 -11.302404 -2.372633 -1.384268 -14.238579 -6.320121 -0.625435 -26.924187 -3.827602 -4.646563 -50.318783 -3.749492 -13.708516 -7.363474 -3.720941 18.141144 -14.052738 -3.242674 6e-06 -18.787266 -1e-06 -0.42971 -8.456046 2.555502 0.0 0.0 0.0 -15.923528 -20.094482 -5.473586 30.419205 -7.190825 1.735926 2e-06 -8.162924 0.0 -1.8619 -22.861467 -6.167942 -0.0 -2e-06 0.0 175.188614 -18.502964 -12.576105 78.852913 -0.304976 0.09829 -51.580334 -1.367942 -17.21516 -8.786282 1.388659 2.767257 -0.999999 -1e-06 -0.0 -19.852324 14.351953 -10.311882 34.418465 1.307563 -2.532853 -95.928986 -21.558184 27.446367 -5.741168 0.64062 1.647678 -1.000003 -1e-06 -0.0 
0.0 0.0 0.0 0.0 -0.0 0.0 -206.363541 89.549736 -158.650284 92.482063 -8.936604 163.514099 5.631052 0.250695 0.795935 -8.878062 -1.045495 -0.640203 20.069429 -0.853255 -3.248056 27.42408 -0.604403 2.65156 -2.634789 -0.546556 -2.874326 -42.599064 1.861353 -6.880291 6e-06 1e-06 0.0 -0.014109 0.026247 0.201562 0.022069 0.071102 0.214634 -0.025336 -0.011635 0.219847 -103.352173 -69.948242 125.167519 5.719564 -61.524563 14.555936 80.102386 0.69719 -0.242171 12.343909 16.091696 13.569525 17.636637 -26.322746 52.411213 -19.466663 -14.395598 29.410389 -0.0 -8.774822 -3e-06 15.714052 -18.492723 6.683149 -0.609777 -1.795655 -3.889327 -4.807087 -11.046811 -2.937852 3e-06 -20.976019 1e-06 -5.01997 -25.03356 -4.031878 6e-06 1e-06 0.0 -10.634535 -5.686973 -3.565591 10.573276 -17.922955 -3.113898 3e-06 -13.82121 1e-06 -0.501777 -31.181511 -4.027016 -11.852067 -60.668835 8.621758 -13.982716 -7.150198 -2.875047 13.772728 -8.401494 -3.218239 0.347736 -34.211555 0.771659 -0.963032 -17.73337 2.621023 1e-06 -0.0 -0.0 -17.34642 -20.095221 -4.201783 21.757561 -1.638376 3.86643 1e-06 -6.338825 0.0 -1.697589 -22.591745 -6.194008 -0.0 -4e-06 -1e-06 77.50367 -72.667519 122.800941 15.097433 -47.130474 9.711178 63.367722 -0.746209 0.092819 23.286041 5.080797 2.627856 22.182123 -20.375902 49.933327 -16.701817 -16.74353 28.476536 -3e-06 -12.690603 -2e-06 16.286272 -18.529358 2.433533 -0.105922 -1.513857 -4.275882 -5.039041 -5.612873 -2.953558 7e-06 -11.020525 -2e-06 -6.111297 -15.895334 -3.84047 -1e-06 -1e-06 -1e-06 -10.283371 -5.680288 -4.341841 11.028296 -11.302407 -2.372632 -1.384268 -14.238585 -6.320121 -0.625436 -26.924194 -3.827602 -5.679337 -50.01968 -3.04648 -13.708527 -7.363477 -3.720942 18.141151 -14.052742 -3.242676 5e-06 -18.78727 -3e-06 -0.429712 -8.456044 2.555505 1e-06 -0.0 0.0 -15.923536 -20.094486 -5.473589 30.419218 -7.190829 1.735926 1e-06 -8.162929 0.0 -1.861901 -22.861475 -6.167942 -0.0 -3e-06 -1e-06 162.895172 -19.699114 -9.380776 83.590675 -0.346024 0.053212 -61.129154 -7.273222 -15.039206 -9.582055 1.598804 2.393894 -0.999999 1e-06 0.0 -10.920337 16.273294 -6.462245 32.41415 1.291546 -2.443563 -100.738426 -19.241705 27.714388 -5.859044 0.722245 1.655532 -1.000001 2e-06 0.0 
0.0 0.0 0.0 0.0 -0.0 0.0 -196.232986 90.127037 -155.742783 93.021294 -10.586593 159.647339 5.582878 -0.498584 1.250031 -9.000583 -1.163929 0.922951 19.792542 -2.068829 -1.123034 27.783649 0.746034 2.321858 -2.537322 -0.652545 -3.948176 -41.394749 2.313653 -9.561397 6e-06 -1e-06 1e-06 -0.005613 0.014583 0.245183 0.05419 0.046945 0.272968 -0.009051 -0.008813 0.249803 -101.881302 -67.215378 124.421867 -4.749866 -56.566936 25.561764 86.355003 1.755282 -0.573569 11.341319 17.400148 15.297684 17.636631 -26.322727 52.411179 -19.466661 -14.3956 29.410385 -2e-06 -8.77482 -0.0 15.602594 -18.400213 6.708771 -0.609774 -1.795653 -3.889328 -4.807089 -11.046809 -2.937848 4e-06 -20.976015 -1e-06 -5.019968 -25.033552 -4.031882 7e-06 -1e-06 1e-06 -10.634533 -5.686969 -3.565587 10.573277 -17.922947 -3.113901 3e-06 -13.821205 0.0 -0.501776 -31.181498 -4.027012 -11.558478 -60.1926 8.332091 -13.982714 -7.150196 -2.875041 13.772731 -8.401491 -3.218239 0.347737 -34.211536 0.771653 -0.963025 -17.73337 2.621021 -1e-06 1e-06 2e-06 -17.346415 -20.095211 -4.20178 21.757555 -1.638376 3.866427 3e-06 -6.338822 1e-06 -1.697586 -22.591742 -6.194004 -3e-06 -3e-06 -2e-06 88.15361 -76.351601 110.391556 18.879301 -47.467667 7.273766 72.987892 -1.013697 0.122478 22.391987 5.977901 9.082765 22.182119 -20.375898 49.933323 -16.701813 -16.743525 28.47653 -2e-06 -12.690604 -2e-06 16.527876 -18.29974 2.275882 -0.10592 -1.513857 -4.275883 -5.039037 -5.61287 -2.953557 4e-06 -11.020527 -2e-06 -6.111295 -15.89533 -3.840472 -1e-06 0.0 -2e-06 -10.283373 -5.680289 -4.341839 11.028296 -11.302407 -2.372631 -1.384268 -14.238583 -6.320121 -0.625437 -26.924191 -3.827599 -6.034617 -50.157913 -2.399768 -13.708525 -7.363476 -3.72094 18.141151 -14.052741 -3.242676 5e-06 -18.787271 -1e-06 -0.429711 -8.456043 2.555503 -1e-06 1e-06 -0.0 -15.923534 -20.094486 -5.473588 30.419214 -7.19083 1.735927 1e-06 -8.162929 -0.0 -1.8619 -22.861469 -6.167943 1e-06 -3e-06 -0.0 152.921265 -16.673449 -7.079501 79.056587 -0.532126 0.381498 -67.147041 -11.023265 -16.021202 -9.552714 1.805152 2.235097 -1.000002 -0.0 -1e-06 2.009908 14.856566 0.212554 22.874487 0.866311 -2.776716 -101.860321 -17.380953 26.785326 -7.327878 0.800419 1.691175 -1.000002 2e-06 0.0 
0.0 0.0 0.0 0.0 -0.0 0.0 -185.687943 90.920876 -152.37764 93.365715 -13.217022 156.034607 4.765487 -1.222077 1.758732 -9.268156 -1.262934 2.712111 19.266933 -3.712279 0.729307 28.629608 1.24589 2.076753 -2.657066 -0.747815 -5.591503 -40.222309 3.23597 -12.872612 6e-06 -0.0 1e-06 -0.005941 -0.013365 0.295738 0.092378 0.029171 0.344006 0.00586 -0.045837 0.280002 -102.47094 -64.409943 125.895607 -10.312374 -49.106556 30.66046 93.146645 1.952498 -0.513318 10.720996 17.781233 16.024714 17.636629 -26.322729 52.411182 -19.466654 -14.395596 29.410378 0.0 -8.774821 -2e-06 15.331944 -18.258232 6.583787 -0.609776 -1.795653 -3.889327 -4.807089 -11.04681 -2.93785 2e-06 -20.976013 -0.0 -5.019971 -25.033556 -4.031878 6e-06 0.0 -1e-06 -10.634534 -5.686971 -3.565588 10.573271 -17.922945 -3.113898 4e-06 -13.821205 1e-06 -0.50178 -31.181498 -4.027014 -11.025598 -59.727036 7.730016 -13.982709 -7.150195 -2.875042 13.772726 -8.401491 -3.21824 0.347729 -34.211544 0.771658 -0.963032 -17.73337 2.621022 1e-06 0.0 -0.0 -17.346416 -20.095213 -4.201782 21.757555 -1.638375 3.866429 -0.0 -6.338823 2e-06 -1.69759 -22.591742 -6.194004 -2e-06 -6e-06 -1e-06 109.254784 -78.815338 87.657516 18.649843 -47.663166 6.859811 84.111641 -1.305857 0.825081 22.130148 6.580872 12.318354 22.182117 -20.375895 49.933319 -16.701815 -16.743526 28.47653 -4e-06 -12.6906 -1e-06 16.71265 -17.999964 2.189737 -0.105921 -1.513856 -4.275879 -5.039039 -5.612873 -2.953558 5e-06 -11.020523 -2e-06 -6.111294 -15.895334 -3.840472 -1e-06 0.0 -1e-06 -10.283369 -5.680288 -4.341838 11.028292 -11.302404 -2.372635 -1.384268 -14.238581 -6.32012 -0.625438 -26.924187 -3.8276 -5.75224 -50.544853 -2.486218 -13.708522 -7.363475 -3.720942 18.141146 -14.052741 -3.242673 6e-06 -18.78727 -1e-06 -0.429712 -8.456045 2.555503 1e-06 -0.0 1e-06 -15.923534 -20.094482 -5.473584 30.419205 -7.190826 1.735927 -0.0 -8.162925 0.0 -1.861899 -22.861467 -6.167943 -0.0 -4e-06 -1e-06 147.049744 -12.269279 -6.687119 66.340012 -0.594315 0.72913 -68.252876 -13.492471 -18.513235 -9.343625 2.026877 2.191385 -1.0 -1e-06 0.0 12.45991 11.314046 5.932446 14.684796 0.511485 -3.354635 -97.66523 -17.695126 24.654823 -10.977242 0.961748 1.727673 -1.000002 1e-06 -0.0 
0.0 0.0 0.0 0.0 -0.0 0.0 -175.979919 91.709732 -148.917053 93.683342 -15.053906 153.274643 3.613899 -1.432597 1.917922 -9.448418 -1.217313 4.313007 18.866827 -5.010531 1.852313 29.558542 1.546522 1.898703 -2.585669 -0.7707 -7.251079 -39.081043 4.088 -15.73624 6e-06 -1e-06 2e-06 0.022629 -0.027862 0.262894 0.136105 0.021418 0.306136 0.018763 -0.065249 0.251235 -101.82148 -62.530621 125.88073 -14.159641 -43.523205 32.77668 97.280128 1.733595 -0.137465 11.299775 18.874187 16.343472 17.636631 -26.322721 52.411182 -19.466661 -14.395592 29.410385 -0.0 -8.77482 -3e-06 15.154728 -18.318655 6.685417 -0.609776 -1.795653 -3.889327 -4.80709 -11.046815 -2.93785 2e-06 -20.976019 -4e-06 -5.019969 -25.03356 -4.031879 6e-06 0.0 1e-06 -10.634534 -5.686971 -3.565586 10.57327 -17.922953 -3.113901 2e-06 -13.821211 -1e-06 -0.501776 -31.181507 -4.02702 -10.483588 -59.606201 7.262802 -13.982713 -7.150201 -2.875043 13.772726 -8.401493 -3.218242 0.347734 -34.211555 0.77165 -0.963028 -17.733372 2.621019 -1e-06 1e-06 0.0 -17.346416 -20.095221 -4.20178 21.757557 -1.638373 3.866425 -0.0 -6.338826 1e-06 -1.697589 -22.591751 -6.19401 -2e-06 -4e-06 -1e-06 130.488922 -79.152657 65.493759 17.209698 -46.870667 7.430021 93.252914 -1.305251 1.494218 22.608465 6.64982 13.159529 22.18211 -20.375891 49.933319 -16.701807 -16.743528 28.476528 -2e-06 -12.690601 -3e-06 16.416338 -18.065685 2.457273 -0.10592 -1.513855 -4.27588 -5.03904 -5.612872 -2.953558 2e-06 -11.020521 1e-06 -6.111298 -15.89533 -3.840473 1e-06 -1e-06 1e-06 -10.28337 -5.680289 -4.341836 11.028293 -11.302403 -2.372636 -1.38427 -14.23858 -6.320119 -0.625437 -26.924187 -3.827601 -5.197287 -50.66856 -2.84664 -13.708524 -7.363478 -3.720937 18.141148 -14.052732 -3.242675 6e-06 -18.787266 -1e-06 -0.429712 -8.456042 2.555504 1e-06 -1e-06 0.0 -15.923536 -20.094482 -5.47358 30.41921 -7.190824 1.735924 2e-06 -8.162926 -2e-06 -1.861903 -22.861467 -6.167942 -0.0 -5e-06 -1e-06 145.616119 -8.790203 -6.381055 47.396152 -0.416892 0.985478 -67.999756 -12.237131 -21.601282 -9.440885 2.145203 2.207484 -0.999998 -0.0 0.0 19.587553 7.895263 7.53185 10.865349 0.413948 -3.740801 -88.339592 -18.002293 21.063568 -19.658638 1.150348 1.665797 -1.000003 1e-06 -0.0 
0.0 0.0 0.0 0.0 -0.0 0.0 -166.442947 92.258575 -145.098984 94.035583 -14.669882 151.673416 2.805519 -0.939835 2.044673 -9.687222 -1.029616 5.056986 18.671551 -5.354351 2.286035 30.725517 2.443181 2.02365 -2.488332 -0.635287 -8.623338 -37.965576 4.277348 -17.02072 6e-06 -0.0 0.0 0.01308 -0.019391 0.158428 0.100766 0.017872 0.186246 -0.021287 -0.044637 0.160007 -98.926414 -62.488056 123.303932 -17.166962 -42.094292 33.90736 97.63662 1.407401 -0.105872 12.68618 19.274555 15.842969 17.636633 -26.322729 52.411179 -19.466663 -14.395596 29.410385 1e-06 -8.774822 -4e-06 15.104103 -18.288151 6.737287 -0.609775 -1.795654 -3.889329 -4.807088 -11.046812 -2.937847 2e-06 -20.976019 -2e-06 -5.01997 -25.03356 -4.031878 6e-06 1e-06 2e-06 -10.634533 -5.686969 -3.565585 10.573274 -17.922953 -3.113899 2e-06 -13.821209 0.0 -0.501777 -31.181507 -4.027012 -10.231869 -59.097538 6.878942 -13.982711 -7.150198 -2.875042 13.772728 -8.401495 -3.21824 0.347735 -34.211555 0.771654 -0.963028 -17.733372 2.62102 0.0 -1e-06 0.0 -17.346418 -20.095221 -4.201782 21.757563 -1.638375 3.866429 1e-06 -6.338823 -0.0 -1.697589 -22.591751 -6.194007 -1e-06 -3e-06 -4e-06 139.857834 -79.111961 56.075951 16.209137 -45.961376 7.725693 98.703613 -1.414135 1.046952 24.603119 6.44413 12.723721 22.182121 -20.3759 49.933315 -16.701807 -16.74353 28.476521 -4e-06 -12.690602 -1e-06 16.464918 -18.382767 2.612266 -0.105919 -1.513856 -4.275882 -5.039041 -5.612872 -2.953556 4e-06 -11.020523 1e-06 -6.111298 -15.895332 -3.840468 -0.0 0.0 1e-06 -10.283372 -5.680288 -4.341838 11.028295 -11.302404 -2.37263 -1.384269 -14.238585 -6.320119 -0.625443 -26.924191 -3.827598 -5.07182 -50.838806 -3.114896 -13.708527 -7.363476 -3.720942 18.141151 -14.052739 -3.242672 7e-06 -18.78727 -3e-06 -0.429712 -8.456043 2.555505 1e-06 -1e-06 1e-06 -15.923538 -20.094484 -5.473581 30.419218 -7.190826 1.735929 4e-06 -8.162929 -2e-06 -1.861905 -22.861471 -6.16794 1e-06 -3e-06 -0.0 147.78447 -7.730149 -4.544472 26.960802 0.027378 0.976182 -69.550346 -7.994313 -24.443205 -9.218081 1.872658 2.258978 -1.0 0.0 0.0 23.344635 6.386468 5.13225 13.198017 0.944861 -3.825003 -75.761375 -16.068714 15.778315 -29.81649 1.30249 1.566982 -1.000002 -0.0 0.0 
0.0 0.0 0.0 0.0 -0.0 0.0 -157.067947 91.850273 -141.06868 94.607536 -12.206433 150.72348 2.69781 0.011528 2.122723 -9.955022 -0.819604 4.709031 18.774748 -4.614405 2.26174 31.777128 3.552425 2.58627 -2.515469 -0.64855 -9.757615 -36.732216 4.308667 -17.491236 6e-06 0.0 -3e-06 -0.013022 -0.027067 0.066942 0.040587 0.005419 0.095081 -0.046351 -0.050629 0.065465 -96.677246 -63.544228 121.068916 -18.56868 -44.32851 33.77824 95.36718 0.979928 -0.690057 14.185859 18.767319 15.029321 17.636629 -26.322735 52.411198 -19.466665 -14.395598 29.410393 -1e-06 -8.774822 -2e-06 14.94582 -18.204981 6.690439 -0.609776 -1.795654 -3.889328 -4.807092 -11.046813 -2.937849 3e-06 -20.976017 0.0 -5.019972 -25.03356 -4.031878 6e-06 0.0 -1e-06 -10.634533 -5.686969 -3.565588 10.573271 -17.922953 -3.113899 2e-06 -13.821211 3e-06 -0.501777 -31.181505 -4.027014 -10.358342 -58.379082 6.591168 -13.982713 -7.150198 -2.875044 13.772728 -8.401495 -3.21824 0.347733 -34.211544 0.771652 -0.96303 -17.73337 2.621018 0.0 -1e-06 0.0 -17.346418 -20.095221 -4.201782 21.757563 -1.638373 3.866428 -0.0 -6.338824 3e-06 -1.69759 -22.591751 -6.194007 -1e-06 -3e-06 -2e-06 137.02919 -80.031967 59.091198 15.92866 -45.499363 8.459641 100.092064 -1.008146 0.223082 26.550272 6.115862 10.050315 22.182121 -20.375895 49.933323 -16.701818 -16.743532 28.476536 -3e-06 -12.690605 -0.0 16.390451 -18.602274 2.82964 -0.10592 -1.513856 -4.275883 -5.039044 -5.612873 -2.953555 3e-06 -11.020528 -2e-06 -6.1113 -15.895334 -3.840472 2e-06 -2e-06 -1e-06 -10.283373 -5.68029 -4.341839 11.028296 -11.302406 -2.372637 -1.384271 -14.238579 -6.320122 -0.625435 -26.924194 -3.827605 -5.056273 -50.909996 -3.261902 -13.708527 -7.363479 -3.720942 18.141151 -14.052739 -3.242674 8e-06 -18.787273 -4e-06 -0.429713 -8.456043 2.555504 1e-06 -0.0 1e-06 -15.923539 -20.094486 -5.473588 30.419222 -7.190831 1.735927 4e-06 -8.162929 -0.0 -1.861902 -22.861473 -6.167946 0.0 -3e-06 -1e-06 151.19426 -8.618413 -0.461662 14.519157 0.158591 0.504266 -73.272484 -3.615725 -25.437593 -9.751304 1.79082 2.195853 -1.0 -1e-06 -0.0 23.539049 6.43962 1.831565 22.825172 1.575559 -3.198735 -61.249157 -12.093819 8.11974 -26.347395 1.137086 1.653078 -1.000006 0.0 0.0 
0.0 0.0 0.0 0.0 -0.0 0.0 -148.737152 90.644775 -137.52179 95.628235 -9.069049 149.505753 3.374613 0.633035 2.023668 -9.783876 -0.57975 4.196775 19.161467 -3.062018 1.449938 31.676588 4.677965 2.750377 -2.656405 -0.906217 -10.139019 -35.481342 4.452587 -17.543518 5e-06 -1e-06 -1e-06 0.022807 -0.067102 0.268824 0.002232 -0.028898 0.293688 -0.036269 -0.100848 0.26479 -99.98629 -64.311821 123.6213 -16.1043 -47.790718 31.062864 92.417542 0.816334 -1.106148 15.148062 18.088018 14.148669 17.636625 -26.322733 52.411194 -19.466661 -14.395596 29.410389 -1e-06 -8.774821 -3e-06 14.67286 -18.203932 6.731332 -0.609777 -1.795652 -3.889328 -4.807087 -11.04681 -2.93785 2e-06 -20.976011 1e-06 -5.01997 -25.033552 -4.031878 6e-06 1e-06 1e-06 -10.634531 -5.686969 -3.565589 10.573272 -17.922947 -3.113899 1e-06 -13.821209 2e-06 -0.501779 -31.181505 -4.027014 -10.735559 -58.585602 6.817554 -13.982711 -7.150197 -2.875045 13.772726 -8.401491 -3.21824 0.347733 -34.211544 0.771656 -0.963028 -17.73337 2.62102 1e-06 -1e-06 1e-06 -17.346413 -20.095215 -4.201782 21.757555 -1.638374 3.866426 2e-06 -6.338824 0.0 -1.697591 -22.591742 -6.194002 -0.0 -5e-06 -3e-06 122.085587 -81.318008 74.015831 16.235809 -45.828056 9.314714 97.282806 -0.669256 -0.962498 27.723179 6.725811 6.889431 22.182121 -20.375891 49.933315 -16.701815 -16.743528 28.47653 -4e-06 -12.690603 -1e-06 16.5446 -18.504175 2.827678 -0.105919 -1.513858 -4.275884 -5.039041 -5.612871 -2.953556 5e-06 -11.020523 -4e-06 -6.111297 -15.89533 -3.840472 -0.0 1e-06 -2e-06 -10.283369 -5.680288 -4.341838 11.028296 -11.302406 -2.372633 -1.384268 -14.238579 -6.320121 -0.625435 -26.924191 -3.827601 -4.832441 -51.187874 -3.461543 -13.708524 -7.363476 -3.72094 18.141148 -14.052739 -3.242674 9e-06 -18.787266 -4e-06 -0.429712 -8.456041 2.555503 -0.0 2e-06 -0.0 -15.923532 -20.094482 -5.473587 30.41921 -7.190827 1.735926 3e-06 -8.162925 -1e-06 -1.861898 -22.861467 -6.167942 1e-06 -3e-06 -1e-06 153.65596 -9.72602 1.863294 18.066809 -0.036797 0.339289 -77.00676 -0.967058 -25.354641 -10.538439 1.919141 2.13937 -0.999998 -1e-06 -0.0 20.288944 6.328856 -0.086873 39.719154 1.464806 -1.956487 -53.131187 -9.944409 0.739722 -11.39408 0.780695 1.571744 -1.000001 -0.0 1e-06 
0.0 0.0 0.0 0.0 -0.0 0.0 -141.312332 88.816139 -134.568878 97.328995 -8.27216 147.570892 4.421721 -0.507575 1.032451 -9.219952 -0.65347 3.610173 19.512877 -2.173792 0.275773 30.186472 6.167411 2.590683 -2.802268 -1.06463 -9.863952 -35.017433 4.430748 -17.308714 6e-06 0.0 -0.0 0.039189 -0.046813 0.250376 -0.029438 -0.034141 0.242213 -0.021251 -0.062369 0.271488 -109.425644 -64.944817 130.86412 -8.11733 -50.629715 23.471653 88.341576 0.558118 -0.465791 15.770679 17.609842 13.866709 17.636621 -26.322725 52.411194 -19.46666 -14.395594 29.410389 0.0 -8.774822 1e-06 14.843247 -18.028625 6.376529 -0.609776 -1.795653 -3.88933 -4.807087 -11.046812 -2.937849 5e-06 -20.976015 -2e-06 -5.019968 -25.033558 -4.031878 5e-06 1e-06 0.0 -10.634533 -5.686972 -3.565587 10.573275 -17.922951 -3.113903 2e-06 -13.821206 1e-06 -0.501775 -31.181505 -4.027017 -10.611978 -58.541027 7.03308 -13.982711 -7.150199 -2.875047 13.772726 -8.401489 -3.218241 0.347735 -34.211544 0.771652 -0.963029 -17.733366 2.621019 0.0 -0.0 -0.0 -17.346413 -20.095215 -4.201784 21.757555 -1.638376 3.866428 0.0 -6.338824 -0.0 -1.697589 -22.591743 -6.194005 -1e-06 -4e-06 -4e-06 95.903625 -81.618263 100.100136 17.250216 -47.184559 9.83756 90.276825 -0.909182 -1.264289 26.941847 8.389192 5.145613 22.182117 -20.375895 49.933323 -16.701817 -16.74353 28.476532 -2e-06 -12.690603 -3e-06 16.887169 -18.275267 2.71922 -0.10592 -1.513856 -4.275881 -5.039041 -5.612871 -2.953556 3e-06 -11.020524 -3e-06 -6.1113 -15.895334 -3.84047 -0.0 -1e-06 0.0 -10.283371 -5.680288 -4.341838 11.028296 -11.302404 -2.372632 -1.384269 -14.238584 -6.320121 -0.625439 -26.924187 -3.827601 -4.129102 -50.827164 -3.802865 -13.708527 -7.363477 -3.720939 18.14115 -14.052739 -3.242674 5e-06 -18.78727 -2e-06 -0.429713 -8.456044 2.555504 -0.0 0.0 1e-06 -15.923538 -20.094484 -5.473584 30.419218 -7.190825 1.735927 3e-06 -8.162929 -1e-06 -1.861903 -22.861473 -6.167943 -0.0 -4e-06 -0.0 153.611526 -8.959001 1.677088 30.641745 -0.299482 0.840909 -70.67572 2.111195 -25.276951 -7.158015 1.663747 2.175622 -0.999999 1e-06 0.0 12.862118 2.565064 -1.375724 62.203476 1.194051 -1.1987 -59.591679 -14.366077 -1.229063 -9.520524 0.768031 1.554515 -1.000002 -0.0 0.0 
0.0 0.0 0.0 0.0 -0.0 0.0 -134.704727 86.936424 -131.801422 101.139565 -9.001763 145.1203 6.533086 -2.410393 0.301372 -8.464286 -1.306199 2.575226 20.851549 -3.477457 -1.142203 27.99193 8.745744 2.437904 -2.904091 -1.015529 -9.700228 -38.93047 3.637711 -17.175329 6e-06 -0.0 1e-06 0.032406 -0.012599 0.12057 -0.006832 0.108006 0.111584 -0.022012 -0.136459 0.134644 -111.457466 -68.87233 131.806229 8.498571 -54.78009 7.769273 83.048523 0.78966 -0.101925 16.555574 18.471201 16.599091 17.636627 -26.322729 52.411186 -19.46666 -14.3956 29.410389 -2e-06 -8.774822 -2e-06 14.841078 -17.979774 6.367564 -0.609775 -1.795653 -3.889326 -4.80709 -11.046809 -2.937848 2e-06 -20.976015 1e-06 -5.019973 -25.033556 -4.031882 6e-06 -1e-06 0.0 -10.634533 -5.686972 -3.565589 10.573273 -17.922945 -3.113899 1e-06 -13.82121 2e-06 -0.501778 -31.181501 -4.027016 -10.484651 -58.472343 6.905172 -13.982714 -7.150196 -2.875041 13.77273 -8.401492 -3.21824 0.347734 -34.211544 0.771655 -0.963034 -17.733368 2.621021 0.0 -0.0 -0.0 -17.346416 -20.095217 -4.201782 21.757557 -1.638375 3.866426 -1e-06 -6.338821 4e-06 -1.697592 -22.591743 -6.194007 -2e-06 -3e-06 -2e-06 89.744736 -79.117561 107.303879 21.096588 -53.169125 8.075849 79.897575 -1.184899 -0.981818 25.522139 9.486173 9.90304 22.182114 -20.375891 49.933323 -16.701813 -16.743526 28.476534 -2e-06 -12.690598 -1e-06 16.253639 -18.024939 2.875259 -0.105921 -1.513856 -4.27588 -5.03904 -5.612871 -2.953557 3e-06 -11.020524 -2e-06 -6.111297 -15.895336 -3.840472 -1e-06 -0.0 1e-06 -10.283371 -5.680289 -4.341838 11.028292 -11.302406 -2.372633 -1.384269 -14.238581 -6.320121 -0.625437 -26.924194 -3.827605 -4.433156 -50.209984 -3.611141 -13.708527 -7.363479 -3.720941 18.141153 -14.052739 -3.242675 6e-06 -18.787271 -3e-06 -0.429713 -8.456043 2.555504 1e-06 -1e-06 -0.0 -15.923536 -20.094484 -5.473585 30.419214 -7.190825 1.735927 2e-06 -8.162927 -1e-06 -1.861903 -22.861467 -6.167944 0.0 -3e-06 -1e-06 155.30864 -6.960523 -1.290503 44.070721 -0.699997 1.081828 -80.838371 0.876495 -25.776876 -4.260031 1.591409 2.200806 -0.999999 -1e-06 -0.0 3.709237 -3.58291 0.829654 83.030273 0.295149 -0.601228 -68.881599 -16.281292 -1.875718 -9.743365 0.706248 1.878898 -1.000002 0.0 -0.0 
0.0 0.0 0.0 0.0 -0.0 0.0 -127.900024 86.500343 -127.9776 103.713921 -9.069482 141.756348 7.760067 -3.568759 -0.308589 -8.025719 -1.663193 1.517559 22.51058 -4.375818 -2.673376 26.154291 9.607826 2.643061 -2.920472 -0.98583 -9.62116 -40.725513 3.804791 -17.319916 6e-06 -0.0 -1e-06 -0.001954 -0.002452 0.038639 -0.037424 0.11012 0.03252 -0.045485 -0.118674 0.047607 -112.337982 -72.984558 132.147278 27.2131 -54.243668 -12.228047 78.874962 1.384462 -0.529934 16.183298 19.599384 22.030001 17.636625 -26.32272 52.411182 -19.466656 -14.395597 29.410385 1e-06 -8.774822 -2e-06 14.69897 -18.012821 6.626551 -0.609775 -1.795653 -3.889328 -4.807087 -11.046809 -2.93785 3e-06 -20.976015 0.0 -5.019969 -25.033552 -4.031879 5e-06 -0.0 -0.0 -10.634531 -5.686971 -3.565588 10.573272 -17.922951 -3.1139 2e-06 -13.821205 2e-06 -0.501777 -31.181501 -4.027016 -10.422994 -58.592937 6.893311 -13.982711 -7.150196 -2.875045 13.772726 -8.401492 -3.218242 0.347736 -34.211544 0.771653 -0.963031 -17.733366 2.62102 -2e-06 -1e-06 0.0 -17.346413 -20.095217 -4.201785 21.757555 -1.638374 3.866428 0.0 -6.338821 1e-06 -1.697589 -22.591742 -6.194006 -3e-06 -4e-06 -1e-06 86.605415 -77.115013 112.191208 18.645247 -58.981609 10.299364 72.600876 -0.704548 -0.660148 23.930103 10.470865 14.79912 22.182112 -20.375887 49.933315 -16.701817 -16.74353 28.476534 -3e-06 -12.690601 0.0 15.703454 -17.800901 2.93551 -0.105919 -1.513855 -4.275882 -5.039038 -5.612871 -2.953557 1e-06 -11.020524 -2e-06 -6.111298 -15.895332 -3.84047 -0.0 -1e-06 0.0 -10.283371 -5.680286 -4.341838 11.028294 -11.302404 -2.372634 -1.384269 -14.238579 -6.320122 -0.625436 -26.924183 -3.827603 -4.471217 -49.646 -3.521184 -13.708524 -7.363475 -3.72094 18.141146 -14.052739 -3.242676 6e-06 -18.78727 -3e-06 -0.429713 -8.456041 2.555503 -1e-06 -1e-06 0.0 -15.923532 -20.094482 -5.473588 30.419214 -7.190826 1.735924 3e-06 -8.162927 -1e-06 -1.861902 -22.861469 -6.167942 -1e-06 -4e-06 -1e-06 162.899277 -6.123638 -4.803557 46.160652 -0.764342 1.193418 -88.636948 -0.227826 -27.666729 -3.24447 1.543367 2.190054 -0.999999 1e-06 0.0 -8.234921 -7.826282 4.541996 95.893768 -0.578235 -0.19369 -76.218712 -15.608788 -1.374408 -9.676127 0.753913 2.040197 -1.000002 1e-06 1e-06 
0.0 0.0 0.0 0.0 -0.0 0.0 -121.059509 87.649384 -122.770676 103.735077 -8.595466 138.881851 8.027139 -3.832784 -0.8562 -7.894994 -1.752293 0.014526 22.867294 -4.130468 -4.147681 25.021282 9.099548 2.612477 -2.819133 -0.977651 -9.165613 -40.638474 3.83095 -17.03406 6e-06 -0.0 1e-06 -0.041738 0.015325 0.066022 -0.137642 0.056423 0.053436 -0.12681 -0.029212 0.079759 -111.497093 -77.125816 129.362106 36.660667 -51.99477 -24.97142 76.958008 0.985205 -0.602724 13.381896 20.510084 26.61389 17.636625 -26.322733 52.411198 -19.466658 -14.395596 29.410393 2e-06 -8.774821 -0.0 14.626934 -18.186142 6.81112 -0.609776 -1.795653 -3.889328 -4.80709 -11.04681 -2.937854 1e-06 -20.976015 0.0 -5.019975 -25.03356 -4.031881 6e-06 -0.0 0.0 -10.634532 -5.686972 -3.565588 10.573271 -17.922947 -3.113899 0.0 -13.821211 -1e-06 -0.501782 -31.181505 -4.027016 -10.532662 -58.571789 6.848417 -13.982712 -7.150197 -2.875042 13.77273 -8.401493 -3.218243 0.34773 -34.211555 0.771655 -0.963031 -17.733368 2.621021 -2e-06 -1e-06 -1e-06 -17.346416 -20.095217 -4.201781 21.757555 -1.638374 3.866428 1e-06 -6.338821 -1e-06 -1.697591 -22.59174 -6.194005 -1e-06 -2e-06 -2e-06 79.808449 -74.789581 120.162758 5.966535 -60.440659 21.207933 71.500519 0.091295 -0.233645 22.809206 11.782008 15.384788 22.182114 -20.375891 49.933319 -16.701815 -16.743528 28.476534 -2e-06 -12.690601 -1e-06 15.63835 -17.772533 2.881289 -0.105918 -1.513857 -4.275882 -5.039042 -5.612871 -2.953556 5e-06 -11.020526 -3e-06 -6.111298 -15.895334 -3.840471 -2e-06 -0.0 -0.0 -10.283371 -5.680289 -4.341838 11.028294 -11.302404 -2.372633 -1.384269 -14.238583 -6.320122 -0.625439 -26.924191 -3.827603 -4.25533 -49.533134 -3.587013 -13.708524 -7.363478 -3.720939 18.14115 -14.052739 -3.242676 3e-06 -18.78727 -3e-06 -0.429712 -8.456041 2.555503 1e-06 1e-06 -0.0 -15.923534 -20.094484 -5.473585 30.41921 -7.190824 1.735925 2e-06 -8.162925 -2e-06 -1.861903 -22.861469 -6.167945 2e-06 -2e-06 -1e-06 172.797485 -6.432982 -7.445449 40.640633 -0.740375 1.177088 -91.632965 -0.266686 -29.930323 -3.463374 1.49968 2.190216 -1.0 0.0 0.0 -21.176813 -9.052571 5.091072 97.897141 -0.715813 0.045583 -80.169487 -15.182602 -0.490995 -9.555748 0.87585 2.107483 -1.000001 -1e-06 -1e-06 
0.0 0.0 0.0 0.0 -0.0 0.0 -114.314903 89.882927 -116.348579 102.135078 -8.255696 136.9879 7.560918 -3.589863 -1.432909 -7.94999 -1.717292 -1.885107 22.140949 -3.06624 -5.365644 24.479519 7.835943 2.37451 -2.708831 -0.945561 -8.247312 -39.839611 3.241271 -15.650685 6e-06 -0.0 1e-06 -0.065668 0.012994 0.080893 -0.258719 -0.009922 0.044827 -0.245798 0.034378 0.120836 -103.843422 -80.830673 119.618797 40.455482 -50.838425 -30.694925 77.380203 0.253371 -0.903706 11.062598 20.213722 28.713799 17.636633 -26.322737 52.411201 -19.466665 -14.395602 29.410393 -1e-06 -8.774822 -0.0 14.90799 -18.568834 6.838344 -0.609777 -1.795653 -3.889328 -4.807087 -11.046811 -2.93785 2e-06 -20.976019 2e-06 -5.019975 -25.033558 -4.031878 5e-06 1e-06 -1e-06 -10.634538 -5.68697 -3.565588 10.573277 -17.922951 -3.113901 3e-06 -13.821212 3e-06 -0.501776 -31.181505 -4.027014 -10.934632 -59.050354 7.153266 -13.982716 -7.150198 -2.875042 13.772735 -8.401496 -3.218246 0.347732 -34.211555 0.771658 -0.963033 -17.733372 2.621022 -2e-06 -0.0 0.0 -17.346422 -20.095221 -4.201783 21.757557 -1.638376 3.866427 1e-06 -6.338821 2e-06 -1.697592 -22.591743 -6.194006 -1e-06 -4e-06 -0.0 77.12516 -72.296989 123.549202 -8.522421 -57.997669 33.865116 72.850693 0.286485 -0.725321 22.02886 13.647741 13.336761 22.182112 -20.375898 49.933327 -16.701817 -16.74353 28.476536 -3e-06 -12.690604 2e-06 15.702655 -17.798294 2.904827 -0.105922 -1.513856 -4.27588 -5.039039 -5.612873 -2.953556 4e-06 -11.020523 -1e-06 -6.111298 -15.89533 -3.840473 -1e-06 0.0 0.0 -10.283373 -5.680291 -4.341836 11.028296 -11.302407 -2.372633 -1.384266 -14.238583 -6.320123 -0.625434 -26.924196 -3.827605 -4.24551 -49.870789 -3.257773 -13.708527 -7.363477 -3.72094 18.141153 -14.052739 -3.242676 6e-06 -18.78727 -3e-06 -0.429711 -8.456045 2.555502 1e-06 1e-06 1e-06 -15.923539 -20.094486 -5.473586 30.419222 -7.190829 1.735922 2e-06 -8.162927 -1e-06 -1.861904 -22.861471 -6.167943 -1e-06 -3e-06 -1e-06 -175.411804 -7.028595 -9.796575 28.411968 -0.670882 1.398137 -86.730873 1.898647 -31.92869 -6.537298 1.513094 2.130041 -0.999999 -0.0 0.0 -32.271355 -8.558125 1.469166 90.410843 -0.211753 -0.021818 -81.080849 -14.773167 -0.435086 -9.824912 0.987047 2.017029 -1.000002 1e-06 -1e-06 
0.0 0.0 0.0 0.0 -0.0 0.0 -107.638565 92.384178 -109.239044 99.794876 -8.217703 135.507889 6.451553 -2.961323 -1.921816 -8.339615 -1.674172 -3.507137 21.312897 -1.586853 -6.38472 24.347773 6.170444 2.255264 -2.605779 -0.887826 -7.461931 -38.828815 2.552644 -13.907174 6e-06 0.0 0.0 -0.091156 0.003192 0.116581 -0.309217 -0.052989 0.075783 -0.320452 0.063516 0.162897 -93.216446 -82.610023 107.34185 41.252941 -50.096252 -30.82556 80.484169 -0.452158 -1.260629 10.738739 18.60145 28.524258 17.636635 -26.322721 52.411179 -19.466665 -14.395596 29.410385 -2e-06 -8.774819 -3e-06 15.260741 -19.161142 6.975482 -0.609773 -1.795655 -3.889325 -4.807087 -11.046813 -2.93785 6e-06 -20.976019 -3e-06 -5.019969 -25.033558 -4.031878 5e-06 1e-06 0.0 -10.634536 -5.686971 -3.565588 10.573277 -17.922951 -3.113902 4e-06 -13.821209 -1e-06 -0.501771 -31.181505 -4.027017 -11.170462 -59.7565 7.421501 -13.982712 -7.150198 -2.87504 13.77273 -8.401496 -3.218243 0.347736 -34.211544 0.771653 -0.963028 -17.73337 2.621021 -1e-06 0.0 -2e-06 -17.346413 -20.095217 -4.20178 21.757555 -1.638378 3.866428 1e-06 -6.338822 1e-06 -1.697585 -22.59174 -6.194008 1e-06 -5e-06 -3e-06 77.195381 -70.279373 124.564293 -18.786175 -53.460247 42.332417 75.291969 0.274657 -0.913177 21.992922 14.986544 8.919714 22.182114 -20.375895 49.933315 -16.701811 -16.74353 28.47653 -2e-06 -12.690601 -2e-06 15.879002 -17.68095 2.957835 -0.10592 -1.513856 -4.275878 -5.039041 -5.612873 -2.953557 5e-06 -11.020523 -2e-06 -6.111298 -15.89533 -3.840471 1e-06 -1e-06 -1e-06 -10.283367 -5.680287 -4.341838 11.028291 -11.302403 -2.372629 -1.384269 -14.238577 -6.320124 -0.62544 -26.924187 -3.8276 -4.474152 -49.986526 -2.999336 -13.708527 -7.363476 -3.720938 18.141153 -14.052736 -3.242676 3e-06 -18.787266 -0.0 -0.429713 -8.456041 2.555503 1e-06 -1e-06 0.0 -15.923538 -20.094482 -5.47358 30.41921 -7.190822 1.735926 1e-06 -8.162925 -1e-06 -1.861904 -22.861467 -6.167942 -0.0 -4e-06 -1e-06 -165.251297 -7.881005 -11.704564 15.828185 -0.482768 1.438671 -74.289124 6.563701 -32.138851 -15.81122 1.767528 2.063686 -0.999999 -1e-06 0.0 -38.921879 -7.019349 -4.884765 75.213982 0.252217 -0.281117 -80.105583 -13.467555 -0.833305 -10.060152 0.97948 1.840458 -1.000003 0.0 -1e-06 
0.0 0.0 0.0 0.0 -0.0 0.0 -101.036476 94.454422 -101.751778 97.798492 -8.651158 134.133972 4.972641 -2.187053 -2.132026 -9.099025 -1.595579 -4.658779 20.663652 -0.570585 -7.439339 24.589718 4.678601 2.215556 -2.568548 -1.093801 -7.028057 -37.776199 2.091205 -12.867064 5e-06 -0.0 0.0 -0.084565 -0.011195 0.185687 -0.249937 -0.074464 0.154571 -0.288679 0.059521 0.220298 -86.406647 -83.001091 99.811806 40.414284 -49.680305 -27.675629 85.373428 -1.073386 -1.144864 11.41464 16.206778 27.298698 17.636621 -26.322733 52.411194 -19.46666 -14.395592 29.410389 1e-06 -8.774819 -1e-06 15.724608 -19.317137 6.706509 -0.609777 -1.795652 -3.889326 -4.807086 -11.046811 -2.937852 1e-06 -20.976013 2e-06 -5.019975 -25.033556 -4.031878 7e-06 1e-06 2e-06 -10.634531 -5.686972 -3.565587 10.573271 -17.922951 -3.113902 1e-06 -13.821209 2e-06 -0.501776 -31.181501 -4.027018 -11.254818 -60.153244 7.583941 -13.982712 -7.150198 -2.87504 13.772726 -8.401491 -3.218243 0.347731 -34.211552 0.771658 -0.96303 -17.73337 2.621018 -2e-06 -0.0 0.0 -17.346416 -20.095217 -4.201784 21.757557 -1.638374 3.86643 1e-06 -6.338823 -0.0 -1.697587 -22.591742 -6.194007 -1e-06 -3e-06 -2e-06 80.228897 -69.138412 122.444588 -25.921345 -49.814308 48.037231 77.032333 0.54796 -0.218345 22.216316 15.039192 3.280677 22.182119 -20.375904 49.933331 -16.701817 -16.743534 28.476538 -4e-06 -12.690603 -0.0 16.141489 -17.713522 2.82279 -0.105917 -1.513855 -4.27588 -5.039043 -5.612872 -2.953557 6e-06 -11.020525 -2e-06 -6.111301 -15.89533 -3.840472 -0.0 0.0 0.0 -10.28337 -5.680287 -4.34184 11.028292 -11.302409 -2.372632 -1.384269 -14.238581 -6.32012 -0.625439 -26.924198 -3.8276 -4.663226 -49.732841 -3.04827 -13.708524 -7.363475 -3.72094 18.141153 -14.05274 -3.242676 6e-06 -18.787271 -2e-06 -0.42971 -8.456046 2.555506 2e-06 -2e-06 -0.0 -15.923534 -20.094482 -5.473588 30.419218 -7.190825 1.735926 2e-06 -8.162927 -1e-06 -1.861901 -22.861473 -6.167939 -1e-06 -3e-06 -0.0 -158.508545 -8.298667 -12.637723 7.178349 -0.133105 1.553082 -57.769032 8.83074 -27.301739 -22.539299 2.021805 2.062772 -0.999998 -1e-06 0.0 -40.298939 -4.814394 -11.85722 54.404034 0.417122 -0.44301 -77.868958 -9.390287 -2.577655 -10.556313 0.861414 1.689753 -1.000003 -1e-06 -0.0 
0.0 0.0 0.0 0.0 -0.0 0.0 -94.602158 95.515984 -93.833687 98.44223 -9.704242 132.838715 4.031996 -2.516446 -2.27699 -9.688768 -1.706117 -5.142628 20.599216 -0.748705 -8.322274 24.656178 4.037602 2.347614 -2.564707 -1.178629 -7.123529 -37.143009 1.551232 -12.497353 6e-06 0.0 0.0 -0.089277 -0.012939 0.18419 -0.145204 -0.046765 0.16672 -0.212578 0.03002 0.203753 -84.549965 -83.158432 98.223022 38.612141 -49.354782 -23.059641 90.428391 -0.889739 -0.940389 12.345929 13.220871 24.624935 17.636637 -26.322737 52.411201 -19.46666 -14.3956 29.410385 -1e-06 -8.774822 -0.0 15.913976 -18.957937 6.376308 -0.609776 -1.795654 -3.889325 -4.807091 -11.046813 -2.937852 2e-06 -20.976019 2e-06 -5.019974 -25.033562 -4.03188 7e-06 0.0 -0.0 -10.634538 -5.686972 -3.565588 10.573274 -17.922955 -3.113898 3e-06 -13.821211 -0.0 -0.501781 -31.181511 -4.027016 -11.17029 -59.938332 7.383938 -13.982718 -7.150198 -2.87504 13.772733 -8.401492 -3.218244 0.34773 -34.211555 0.771658 -0.963029 -17.733372 2.621018 -0.0 -0.0 -1e-06 -17.346424 -20.095221 -4.201784 21.757565 -1.638375 3.866431 2e-06 -6.338823 -1e-06 -1.697589 -22.591745 -6.194008 0.0 -2e-06 -0.0 84.031181 -68.182175 119.010254 -29.743269 -48.666519 50.458878 77.040855 0.547406 0.230166 22.718151 14.866494 -0.158541 22.182114 -20.375898 49.933319 -16.701811 -16.74353 28.476528 -1e-06 -12.690601 -1e-06 16.394197 -17.73225 2.677912 -0.105918 -1.513854 -4.275881 -5.039041 -5.612872 -2.953558 2e-06 -11.020523 1e-06 -6.111298 -15.89533 -3.840472 0.0 -2e-06 1e-06 -10.283369 -5.680287 -4.341841 11.02829 -11.302405 -2.37263 -1.38427 -14.238579 -6.320121 -0.625441 -26.924189 -3.8276 -4.880661 -49.947701 -2.96183 -13.708523 -7.363476 -3.72094 18.141151 -14.052737 -3.242674 6e-06 -18.78727 -1e-06 -0.429712 -8.456045 2.555505 0.0 -2e-06 -2e-06 -15.923536 -20.094482 -5.473584 30.41921 -7.190823 1.735927 0.0 -8.162926 -1e-06 -1.861903 -22.861467 -6.167939 -1e-06 -4e-06 -1e-06 -156.423645 -7.072852 -11.661 8.362183 0.073186 1.528307 -44.872105 5.437119 -21.208681 -18.830362 1.860085 2.216891 -0.999995 1e-06 2e-06 -37.551659 -3.278342 -15.083902 33.894966 0.481264 -0.740889 -74.077492 -6.399684 -4.80012 -10.972017 0.85098 1.575972 -1.000002 -0.0 0.0 
0.0 0.0 0.0 0.0 -0.0 0.0 -88.467812 95.470596 -85.834213 100.458817 -10.430906 131.175674 3.773544 -3.241181 -2.215249 -9.768816 -1.903172 -5.164931 20.725954 -1.462939 -8.40439 24.57535 4.195286 2.462773 -2.564793 -1.057251 -7.638981 -37.016327 1.066951 -12.415771 6e-06 0.0 1e-06 -0.09592 -0.015008 0.182752 -0.084127 -0.029325 0.178006 -0.146009 0.006877 0.189192 -85.582321 -83.048363 100.097977 37.085735 -49.945961 -19.284922 92.958061 -0.645267 -0.723506 13.001775 11.015353 20.453859 17.636635 -26.322729 52.411201 -19.466665 -14.395596 29.410395 -1e-06 -8.774821 -1e-06 15.677675 -18.596428 6.156294 -0.609777 -1.795654 -3.889329 -4.807088 -11.046813 -2.937852 5e-06 -20.976019 1e-06 -5.019969 -25.033562 -4.031883 5e-06 -0.0 -2e-06 -10.634536 -5.686972 -3.565589 10.573277 -17.922955 -3.113901 4e-06 -13.821209 -0.0 -0.501771 -31.181505 -4.02702 -11.037032 -59.218853 6.85425 -13.982715 -7.150199 -2.875044 13.772731 -8.401494 -3.218241 0.347736 -34.211555 0.771656 -0.963028 -17.73337 2.621021 -0.0 2e-06 2e-06 -17.346422 -20.095221 -4.201783 21.757561 -1.638375 3.866427 2e-06 -6.338824 -1e-06 -1.697587 -22.591747 -6.194007 1e-06 -5e-06 1e-06 85.172966 -67.519173 118.018677 -28.455828 -49.65226 47.901291 75.892143 0.010491 -0.028274 23.614927 14.882204 -0.121937 22.182117 -20.375898 49.933327 -16.701817 -16.74353 28.476534 -3e-06 -12.690603 -2e-06 16.30518 -17.271898 2.596439 -0.10592 -1.513856 -4.27588 -5.039042 -5.612872 -2.953555 5e-06 -11.020524 -1e-06 -6.111298 -15.895332 -3.840471 -0.0 -0.0 -1e-06 -10.283371 -5.680288 -4.341839 11.028295 -11.302402 -2.372633 -1.384269 -14.238581 -6.32012 -0.625441 -26.924183 -3.827598 -5.014387 -50.045536 -2.586617 -13.708526 -7.363476 -3.720939 18.141151 -14.052737 -3.242674 6e-06 -18.787266 -2e-06 -0.429713 -8.456039 2.555503 1e-06 -2e-06 -1e-06 -15.923536 -20.094482 -5.473585 30.41921 -7.190825 1.735925 2e-06 -8.162925 1e-06 -1.861903 -22.861467 -6.167941 -1e-06 -3e-06 0.0 -159.125 -5.747599 -10.781591 20.366774 -0.183255 1.437536 -40.042191 3.293316 -17.657301 -11.362514 1.52659 2.386137 -1.0 -1e-06 0.0 -33.656219 -2.211945 -14.819942 20.788786 0.28077 -0.978007 -70.284027 -8.511991 -5.668673 -10.135649 0.984123 1.508791 -1.000001 -0.0 -0.0 
0.0 0.0 0.0 0.0 -0.0 0.0 -82.532867 94.250717 -78.242409 101.85511 -9.912654 128.329773 3.858461 -3.080222 -1.826137 -9.558015 -2.01396 -4.789683 20.813269 -1.916315 -7.522786 24.511683 4.705415 2.352427 -2.419411 -0.892115 -8.173491 -37.260227 0.919359 -12.075634 6e-06 0.0 0.0 -0.030427 -0.007103 0.125365 0.069775 -0.010288 0.141103 0.055181 -0.001156 0.111377 -88.056282 -82.133858 103.669044 36.483391 -51.982113 -16.771498 90.132347 -0.635769 -0.777631 13.115152 9.929326 16.279688 17.636631 -26.322729 52.411213 -19.466665 -14.3956 29.410395 -2e-06 -8.77482 -2e-06 15.725911 -18.29229 5.807298 -0.609777 -1.795654 -3.88933 -4.80709 -11.046813 -2.937855 5e-06 -20.976019 -1e-06 -5.01997 -25.03356 -4.031881 7e-06 1e-06 -1e-06 -10.634537 -5.686972 -3.56559 10.573275 -17.922951 -3.113903 3e-06 -13.821211 -1e-06 -0.501774 -31.181505 -4.02702 -11.018678 -58.647686 6.417117 -13.982718 -7.150199 -2.875046 13.772733 -8.401494 -3.218244 0.347739 -34.211555 0.77165 -0.963028 -17.733372 2.62102 -1e-06 1e-06 0.0 -17.34642 -20.095217 -4.201787 21.757559 -1.638375 3.866428 1e-06 -6.338825 0.0 -1.697588 -22.591743 -6.194009 1e-06 -4e-06 -1e-06 83.290154 -67.943352 119.957726 -20.802084 -51.249512 39.665466 73.770073 -0.687983 0.017255 24.901907 15.45296 1.994705 22.182116 -20.3759 49.933327 -16.701818 -16.74353 28.47654 -4e-06 -12.690603 -1e-06 15.903074 -16.75746 2.714239 -0.105918 -1.513856 -4.275883 -5.039039 -5.612872 -2.953556 7e-06 -11.020526 -1e-06 -6.111298 -15.895334 -3.840469 1e-06 -0.0 0.0 -10.283368 -5.680288 -4.34184 11.028295 -11.302409 -2.372635 -1.38427 -14.238585 -6.320124 -0.625436 -26.924198 -3.827602 -4.955288 -49.782421 -2.389693 -13.708524 -7.363476 -3.720942 18.141153 -14.052744 -3.242676 6e-06 -18.787271 -1e-06 -0.42971 -8.456047 2.555503 2e-06 -0.0 1e-06 -15.923532 -20.094484 -5.473587 30.419214 -7.190827 1.735923 2e-06 -8.162929 -0.0 -1.861902 -22.861475 -6.167943 -1e-06 -2e-06 1e-06 -164.741364 -5.930167 -11.59689 38.625751 -0.662904 1.140791 -41.28231 4.047678 -16.338606 -8.609227 1.363945 2.480121 -0.999998 1e-06 -2e-06 -31.072813 -0.619806 -14.728688 19.665276 0.36682 -1.124803 -68.97525 -12.482964 -1.398142 -8.419882 0.93521 1.524785 -1.000001 -1e-06 0.0 
0.0 0.0 0.0 0.0 -0.0 0.0 -77.566658 92.179855 -71.005219 102.084282 -7.909848 124.500618 4.640965 -2.051635 -1.093604 -9.306973 -1.944271 -3.80111 20.874847 -1.696183 -6.435079 24.457411 5.644773 2.323536 -2.294416 -0.983231 -8.448476 -38.179615 1.012309 -11.737761 6e-06 -0.0 -0.0 0.026766 0.021403 -0.021387 0.138771 0.031999 0.008803 0.174809 0.00853 -0.047057 -91.937271 -80.642601 108.13559 34.460957 -54.538837 -13.216657 82.439323 -0.494903 -0.895251 12.045355 9.208723 14.081569 17.636629 -26.322737 52.411198 -19.466658 -14.395598 29.410389 -0.0 -8.774822 -1e-06 15.855787 -18.135254 5.681255 -0.609776 -1.795653 -3.889327 -4.807089 -11.046811 -2.937851 5e-06 -20.976015 4e-06 -5.019972 -25.033556 -4.031878 7e-06 -1e-06 1e-06 -10.634532 -5.68697 -3.565586 10.573272 -17.922949 -3.113899 1e-06 -13.821209 3e-06 -0.501777 -31.181507 -4.027014 -10.934257 -58.38512 5.975008 -13.982718 -7.150197 -2.875042 13.772731 -8.401492 -3.218241 0.347731 -34.211552 0.771659 -0.963029 -17.733372 2.621022 -2e-06 1e-06 -1e-06 -17.346416 -20.095215 -4.20178 21.757557 -1.638374 3.866426 1e-06 -6.338823 -0.0 -1.697592 -22.591743 -6.194004 -1e-06 -5e-06 -1e-06 77.77552 -69.329643 124.959351 -8.304319 -50.869068 28.789227 70.736664 -0.268867 0.513373 26.111626 16.552151 3.684845 22.182119 -20.375895 49.933323 -16.701809 -16.74353 28.47653 -3e-06 -12.690605 -4e-06 15.48033 -16.557871 2.945638 -0.105917 -1.513853 -4.275881 -5.039045 -5.612873 -2.953555 3e-06 -11.020523 0.0 -6.111297 -15.89533 -3.840473 0.0 -1e-06 1e-06 -10.283373 -5.680289 -4.341838 11.028296 -11.302404 -2.372633 -1.384273 -14.238581 -6.32012 -0.625436 -26.924185 -3.827601 -4.690521 -49.683514 -2.518078 -13.708528 -7.363479 -3.720938 18.14115 -14.052737 -3.242674 7e-06 -18.78727 -2e-06 -0.429709 -8.456041 2.555502 1e-06 -1e-06 -2e-06 -15.923536 -20.094482 -5.473586 30.419218 -7.190827 1.735928 3e-06 -8.162925 -2e-06 -1.861901 -22.861467 -6.167945 2e-06 -4e-06 0.0 -171.212265 -8.626367 -13.496602 57.065178 -0.917659 0.815162 -47.627628 4.171985 -16.373289 -8.636447 1.384228 2.605792 -1.0 -0.0 -1e-06 -29.395321 2.594586 -14.044142 29.303473 0.692749 -1.404514 -79.256485 -17.169317 14.618819 -6.866918 0.727553 1.702686 -1.000002 -0.0 0.0 
0.0 0.0 0.0 0.0 -0.0 0.0 -72.662888 90.148224 -64.130577 100.006088 -4.538563 119.888138 5.876332 -0.281628 -0.120349 -9.079535 -1.416275 -2.663143 21.777954 0.020065 -5.038788 23.732458 5.783584 2.551472 -2.409637 -0.805469 -8.772769 -40.40126 1.0353 -11.054176 6e-06 -0.0 -0.0 -0.002636 0.013967 -0.122703 0.078405 0.019595 -0.088925 0.089677 0.006966 -0.152757 -98.511002 -78.001488 116.196381 32.339336 -55.768715 -11.057572 72.394669 -0.838402 -0.701588 11.307365 9.590497 14.844614 17.636635 -26.322729 52.411182 -19.466656 -14.395597 29.410381 1e-06 -8.774824 -3e-06 15.873874 -17.961367 5.751431 -0.609774 -1.795652 -3.889329 -4.807087 -11.046809 -2.93785 5e-06 -20.976015 0.0 -5.019969 -25.033556 -4.031879 7e-06 -0.0 1e-06 -10.634529 -5.686968 -3.565586 10.573271 -17.922951 -3.113902 0.0 -13.821209 3e-06 -0.50178 -31.181501 -4.027014 -10.650589 -58.728741 5.9356 -13.98271 -7.150197 -2.875043 13.77273 -8.401493 -3.218241 0.347733 -34.211555 0.771659 -0.963031 -17.73337 2.621019 0.0 1e-06 2e-06 -17.346416 -20.095211 -4.201778 21.757555 -1.638376 3.866428 2e-06 -6.338822 2e-06 -1.697587 -22.591742 -6.194004 -2e-06 -4e-06 -2e-06 71.076775 -71.867996 131.257996 7.063883 -48.459393 15.34322 67.57415 -0.127637 0.531807 26.129694 17.557192 5.186343 22.182119 -20.375891 49.933311 -16.701815 -16.74353 28.476526 -4e-06 -12.690607 -4e-06 15.009491 -16.609987 3.147529 -0.105919 -1.513857 -4.27588 -5.039039 -5.612872 -2.953555 3e-06 -11.020521 -3e-06 -6.111299 -15.89533 -3.84047 -1e-06 0.0 -1e-06 -10.28337 -5.680287 -4.341835 11.028293 -11.302404 -2.372632 -1.384265 -14.238581 -6.32012 -0.62544 -26.924185 -3.827601 -4.745912 -49.926815 -2.569518 -13.708521 -7.363475 -3.72094 18.141148 -14.052739 -3.242674 4e-06 -18.787268 -4e-06 -0.429711 -8.456043 2.555504 2e-06 -1e-06 -0.0 -15.923534 -20.094482 -5.473581 30.41921 -7.190825 1.735924 5e-06 -8.162925 -2e-06 -1.861905 -22.861471 -6.167942 1e-06 -3e-06 -2e-06 -179.204956 -13.982715 -13.407184 71.656151 -0.712716 0.654411 -56.612522 1.191318 -16.185673 -9.06183 1.413859 2.566388 -0.999998 0.0 0.0 -27.470491 8.243543 -12.440323 39.950207 0.590945 -1.694357 -90.498756 -19.500113 22.007893 -5.453929 0.703952 1.680089 -1.000001 -0.0 0.0 
0.0 0.0 0.0 0.0 -0.0 0.0 -67.860085 89.163696 -57.028454 98.512482 -2.16991 115.413109 6.669684 0.534261 0.516949 -8.835144 -1.10283 -1.506454 23.082651 0.956041 -3.471976 23.388502 6.468195 2.511662 -2.45821 -0.726972 -8.264081 -41.37476 1.375993 -10.949486 6e-06 0.0 0.0 -0.03929 0.010757 -0.140396 0.023981 -0.013537 -0.097344 0.027992 0.034833 -0.183191 -97.109177 -75.516937 117.317474 28.909176 -57.007881 -7.497697 64.184715 -0.995199 -1.058216 11.500322 11.106908 16.128757 17.636633 -26.322731 52.411205 -19.46666 -14.395596 29.410395 -2e-06 -8.774819 -2e-06 16.000698 -17.844193 5.767738 -0.609776 -1.795653 -3.889328 -4.80709 -11.046811 -2.93785 3e-06 -20.976015 -2e-06 -5.019969 -25.03356 -4.031883 7e-06 -1e-06 -1e-06 -10.634536 -5.68697 -3.565589 10.573276 -17.922953 -3.113901 2e-06 -13.821211 1e-06 -0.501776 -31.181505 -4.027016 -10.765195 -59.191383 6.393826 -13.982716 -7.150197 -2.875044 13.772731 -8.40149 -3.21824 0.347735 -34.211552 0.771653 -0.963027 -17.73337 2.621019 -2e-06 0.0 1e-06 -17.346422 -20.095217 -4.201784 21.757557 -1.638374 3.866429 2e-06 -6.338822 1e-06 -1.697589 -22.591743 -6.194006 -1e-06 -6e-06 -4e-06 69.345375 -75.276421 132.35202 21.279465 -46.462448 3.44907 66.786148 -0.038246 0.382275 24.917694 16.768818 9.241765 22.182112 -20.375898 49.933327 -16.701807 -16.743526 28.476532 -2e-06 -12.6906 0.0 15.170518 -16.830156 3.037972 -0.10592 -1.513855 -4.275882 -5.039041 -5.612872 -2.953558 4e-06 -11.020525 -2e-06 -6.1113 -15.895334 -3.840472 2e-06 -2e-06 0.0 -10.28337 -5.680289 -4.34184 11.028291 -11.302405 -2.372633 -1.384269 -14.238585 -6.320121 -0.625437 -26.924194 -3.827601 -4.782884 -49.935562 -2.66846 -13.708527 -7.363477 -3.720941 18.14115 -14.052739 -3.242675 6e-06 -18.78727 -2e-06 -0.429712 -8.456045 2.555504 -1e-06 -0.0 -1e-06 -15.923534 -20.094486 -5.47359 30.419214 -7.190824 1.735927 2e-06 -8.162925 -0.0 -1.861905 -22.861467 -6.167942 1e-06 -4e-06 -1e-06 170.432571 -16.650331 -10.09935 80.047607 -0.43001 0.449157 -64.421455 -4.068449 -16.164093 -8.750685 1.527912 2.562505 -0.999998 1e-06 -2e-06 -22.066944 11.387048 -10.968732 44.976437 0.760873 -1.740662 -98.976303 -17.466152 23.521955 -4.374775 0.720856 1.699084 -1.000002 -0.0 0.0 
0.0 0.0 0.0 0.0 -0.0 0.0 -63.125534 89.07476 -49.203762 98.44883 -1.459477 111.248894 7.038745 0.266668 1.136024 -8.782852 -1.079484 -0.303809 23.374594 0.545611 -1.582464 23.909901 7.394524 2.484865 -2.412884 -0.603233 -8.339351 -40.741169 1.56598 -11.459972 6e-06 -0.0 0.0 -0.072685 0.027894 -0.137591 -0.025492 -0.027831 -0.085713 -0.048363 0.085949 -0.195563 -95.01767 -73.128258 116.898842 19.380932 -56.767143 4.814409 62.652691 -0.599954 -1.636897 12.66666 11.576679 12.326333 17.636627 -26.322727 52.411179 -19.466654 -14.395591 29.410378 -1e-06 -8.774819 -2e-06 16.16284 -17.614733 5.629764 -0.609778 -1.795652 -3.889325 -4.807087 -11.046809 -2.937849 1e-06 -20.976019 -0.0 -5.01997 -25.03356 -4.03188 6e-06 -0.0 0.0 -10.634532 -5.686969 -3.565585 10.573269 -17.922949 -3.113899 1e-06 -13.821209 2e-06 -0.501779 -31.181501 -4.027014 -10.522796 -59.164234 6.442563 -13.98271 -7.150199 -2.87504 13.772725 -8.40149 -3.218239 0.347733 -34.211555 0.771654 -0.963028 -17.733372 2.621018 -0.0 0.0 -1e-06 -17.346418 -20.095217 -4.201778 21.757555 -1.638373 3.866428 1e-06 -6.338824 0.0 -1.69759 -22.591747 -6.194006 0.0 -4e-06 -1e-06 75.859322 -78.919762 124.207184 30.902166 -46.512306 -5.993404 71.580795 -0.393841 0.456735 22.71838 15.24892 13.071334 22.182117 -20.3759 49.933315 -16.701813 -16.74353 28.476532 -5e-06 -12.690602 -1e-06 15.378758 -17.171576 2.898455 -0.105919 -1.513857 -4.275882 -5.039042 -5.61287 -2.953559 7e-06 -11.020525 -2e-06 -6.111299 -15.89533 -3.84047 1e-06 0.0 -1e-06 -10.283371 -5.68029 -4.341839 11.028297 -11.302406 -2.372635 -1.384268 -14.238583 -6.320121 -0.625437 -26.924191 -3.8276 -5.075663 -49.928623 -2.611777 -13.708522 -7.363477 -3.720941 18.141148 -14.052741 -3.242674 9e-06 -18.78727 -2e-06 -0.429713 -8.456045 2.555504 -1e-06 0.0 0.0 -15.923536 -20.094482 -5.473585 30.419214 -7.190826 1.735926 4e-06 -8.162925 -1e-06 -1.861902 -22.861469 -6.167941 -0.0 -3e-06 -1e-06 159.467941 -16.076708 -6.874502 80.505295 -0.355354 0.360952 -70.215813 -8.836652 -16.057131 -8.139752 1.664939 2.444694 -1.0 -1e-06 2e-06 -14.310207 11.765204 -8.205652 45.278198 0.782185 -1.535361 -104.561028 -13.813967 22.59124 -4.283332 0.693625 1.730255 -1.000001 0.0 0.0 
0.0 0.0 0.0 0.0 -0.0 0.0 -58.603279 89.773392 -40.62785 99.3284 -1.79654 107.648689 6.741074 -0.317395 1.517595 -8.879105 -1.070168 1.318146 23.017996 -0.66796 0.254155 24.917645 7.65281 2.270658 -2.477294 -0.533762 -9.057982 -39.206364 1.743791 -12.465296 7e-06 -1e-06 0.0 -0.114953 0.037427 -0.088647 -0.110031 -0.018011 -0.040226 -0.158417 0.096087 -0.150646 -96.671326 -70.716019 119.586548 8.321168 -52.921112 19.643158 66.610092 -0.360382 -1.836632 14.58186 10.473693 7.13522 17.636631 -26.322739 52.411201 -19.466663 -14.395596 29.410393 -1e-06 -8.774822 -3e-06 15.904951 -17.566427 5.645046 -0.609776 -1.795654 -3.889328 -4.807088 -11.046812 -2.937851 4e-06 -20.976021 0.0 -5.019969 -25.03356 -4.03188 5e-06 0.0 -0.0 -10.634533 -5.686972 -3.565589 10.573275 -17.922953 -3.113899 1e-06 -13.821213 1e-06 -0.501775 -31.181511 -4.027016 -10.078687 -59.220787 6.264576 -13.982712 -7.150198 -2.875044 13.772729 -8.401494 -3.218241 0.347734 -34.211555 0.771657 -0.963028 -17.73337 2.621021 -0.0 1e-06 -0.0 -17.346418 -20.095219 -4.201784 21.757561 -1.638376 3.86643 3e-06 -6.338824 0.0 -1.697589 -22.591745 -6.194008 -1e-06 -3e-06 -2e-06 89.190964 -81.600945 109.226898 36.905872 -47.709038 -14.223872 79.425247 -0.736641 0.711441 20.911238 15.202557 13.553838 22.182117 -20.375896 49.9333 -16.701813 -16.74353 28.47653 -5e-06 -12.6906 -0.0 15.240309 -17.245848 2.989662 -0.105919 -1.513857 -4.275882 -5.039041 -5.612867 -2.953555 9e-06 -11.02052 -3e-06 -6.111296 -15.89533 -3.840468 -0.0 -0.0 0.0 -10.283367 -5.680289 -4.341835 11.028296 -11.302405 -2.372637 -1.384267 -14.238581 -6.32012 -0.625437 -26.924191 -3.8276 -4.919293 -49.986755 -2.63022 -13.708522 -7.363475 -3.720939 18.14115 -14.052741 -3.242674 8e-06 -18.78727 -2e-06 -0.429712 -8.456045 2.555504 0.0 -0.0 -1e-06 -15.92353 -20.094482 -5.473581 30.41921 -7.19083 1.735922 4e-06 -8.162925 -0.0 -1.861901 -22.861467 -6.167938 1e-06 -3e-06 -2e-06 150.711044 -13.584956 -5.847638 72.571709 -0.515664 0.411633 -73.056137 -12.212392 -17.289845 -8.085005 1.74091 2.267299 -0.999999 0.0 0.0 -4.737223 10.580496 -3.834107 40.757481 0.507789 -1.379456 -106.205635 -11.382157 20.315063 -5.411316 0.693841 1.737436 -1.000001 0.0 0.0 
0.0 0.0 0.0 0.0 -0.0 0.0 -54.101475 90.862045 -32.091434 100.854752 -2.494041 105.452408 5.69676 -0.770488 1.523921 -9.145056 -1.073329 3.073711 22.694141 -2.297662 1.763434 26.382273 7.319001 2.063996 -2.500034 -0.617013 -10.115087 -36.947529 1.990188 -14.021941 6e-06 0.0 0.0 -0.122372 0.032929 -0.007849 -0.230814 -0.003782 0.015397 -0.288253 0.073292 -0.047241 -99.39846 -68.514511 123.250969 1.27371 -47.354885 29.935688 71.115593 0.00343 -1.593573 15.83118 9.395694 4.489527 17.636623 -26.322716 52.411182 -19.466658 -14.395596 29.410381 0.0 -8.774821 -2e-06 15.606494 -17.713287 5.710837 -0.609774 -1.795654 -3.889327 -4.807093 -11.046809 -2.93785 1e-06 -20.976011 -1e-06 -5.019971 -25.033552 -4.031882 5e-06 2e-06 1e-06 -10.634537 -5.686972 -3.565586 10.573275 -17.922947 -3.113901 1e-06 -13.821205 0.0 -0.501778 -31.181505 -4.027019 -9.782105 -59.329197 5.981166 -13.982717 -7.150198 -2.875041 13.772729 -8.401488 -3.218241 0.347732 -34.211536 0.771653 -0.963029 -17.733366 2.621017 0.0 -0.0 -0.0 -17.346422 -20.095213 -4.201779 21.757563 -1.638372 3.866428 1e-06 -6.338821 1e-06 -1.697591 -22.591736 -6.194007 -2e-06 -2e-06 -2e-06 99.923271 -82.664253 97.735649 40.02578 -48.617569 -20.049858 87.502808 -0.946711 0.961272 20.292831 16.071487 13.003354 22.182123 -20.375893 49.933323 -16.701815 -16.743528 28.476532 -2e-06 -12.690603 -1e-06 14.887957 -17.322641 3.076859 -0.105919 -1.513857 -4.275882 -5.039044 -5.612872 -2.953558 6e-06 -11.020523 -4e-06 -6.1113 -15.895334 -3.840473 -1e-06 -2e-06 0.0 -10.283371 -5.680292 -4.341839 11.028296 -11.302406 -2.372633 -1.38427 -14.238581 -6.320121 -0.625437 -26.924191 -3.827604 -4.702103 -49.998627 -2.839294 -13.708526 -7.363482 -3.720939 18.141153 -14.052737 -3.242675 7e-06 -18.78727 -3e-06 -0.429712 -8.456045 2.555504 1e-06 0.0 1e-06 -15.923539 -20.094492 -5.473588 30.419218 -7.190827 1.735927 3e-06 -8.162929 1e-06 -1.861903 -22.861475 -6.167946 1e-06 -3e-06 -2e-06 146.491592 -9.779357 -6.694911 56.027115 -0.458015 0.374916 -72.344368 -13.736762 -20.120533 -8.816649 1.787673 2.230337 -0.999997 -1e-06 1e-06 5.54278 8.009907 0.577744 33.221848 0.252999 -1.476581 -102.597816 -10.855546 17.612215 -9.402111 0.788562 1.714311 -1.000001 0.0 0.0 
0.0 0.0 0.0 0.0 -0.0 0.0 -49.920784 91.761795 -23.450472 101.902069 -2.721047 104.210274 4.384394 -0.639954 1.278333 -9.55751 -0.875382 4.371917 22.456482 -3.746853 3.236629 28.789579 6.441833 1.808048 -2.491066 -0.683648 -10.944475 -35.073803 1.767864 -15.153256 4e-06 -0.0 0.0 -0.085158 0.013615 0.05556 -0.286509 0.013161 0.051367 -0.331239 0.016941 0.03839 -99.370102 -66.612595 124.172585 -2.679853 -43.085751 35.815655 74.557938 -0.073181 -1.533138 16.097996 9.552326 3.519994 17.636629 -26.322729 52.41119 -19.466656 -14.395597 29.410381 -0.0 -8.774821 -3e-06 15.391657 -17.723566 5.963052 -0.609776 -1.795654 -3.889328 -4.80709 -11.046809 -2.937849 2e-06 -20.976013 -0.0 -5.019972 -25.033554 -4.03188 6e-06 -1e-06 -0.0 -10.634535 -5.686971 -3.565588 10.573272 -17.922951 -3.113899 1e-06 -13.821209 1e-06 -0.501778 -31.181505 -4.027015 -9.846981 -59.453232 5.984883 -13.982714 -7.150198 -2.875043 13.772727 -8.401491 -3.21824 0.347735 -34.211552 0.771654 -0.963028 -17.73337 2.621019 -1e-06 0.0 -1e-06 -17.346416 -20.095215 -4.201783 21.757557 -1.638374 3.866428 1e-06 -6.338823 1e-06 -1.697592 -22.591745 -6.194006 -1e-06 -3e-06 -2e-06 108.406815 -82.865845 89.233528 41.24379 -49.825829 -22.764006 94.409462 -0.916453 1.017989 20.898811 17.104225 14.179835 22.182114 -20.375895 49.933319 -16.701807 -16.743526 28.476528 1e-06 -12.690599 -2e-06 14.935322 -17.418036 2.887226 -0.105917 -1.51386 -4.275882 -5.039041 -5.61287 -2.953556 4e-06 -11.020528 -2e-06 -6.1113 -15.89533 -3.840471 -0.0 0.0 -2e-06 -10.283368 -5.680289 -4.341838 11.028293 -11.302405 -2.372633 -1.38427 -14.238579 -6.32012 -0.62544 -26.924189 -3.827601 -4.235518 -50.036514 -3.304009 -13.708522 -7.363477 -3.720941 18.141148 -14.052739 -3.242674 5e-06 -18.78727 -2e-06 -0.429712 -8.456044 2.555503 -0.0 0.0 3e-06 -15.923534 -20.094482 -5.473584 30.419207 -7.190823 1.735928 3e-06 -8.162925 -1e-06 -1.861903 -22.861467 -6.167943 0.0 -3e-06 -2e-06 146.937302 -6.098207 -7.42063 33.891335 -0.174857 0.884732 -66.574165 -10.613256 -24.032394 -9.327934 1.731619 2.357249 -0.999998 1e-06 -0.0 13.347091 5.52125 3.439822 29.86771 0.50806 -1.981994 -93.917801 -10.719864 14.485703 -18.184055 0.936717 1.607953 -1.000001 -1e-06 0.0 
0.0 0.0 0.0 0.0 -0.0 0.0 -46.133743 92.194565 -14.27747 101.365288 -1.909805 102.713142 3.31787 0.094325 1.136607 -9.904082 -0.423769 4.972806 22.255283 -3.8372 4.273845 31.537952 4.900348 1.72692 -2.537207 -0.560198 -11.415274 -33.603004 1.098807 -14.69048 6e-06 -0.0 0.0 -0.066752 0.008615 -0.019353 -0.247435 0.013695 -0.040199 -0.298957 0.004412 -0.023687 -98.609276 -64.935532 124.104813 -5.821916 -40.612591 40.120239 77.092178 -0.140683 -1.63965 15.960621 10.795629 3.981649 17.636625 -26.322737 52.411194 -19.46666 -14.395594 29.410389 -0.0 -8.774822 -3e-06 15.39921 -17.694185 6.212622 -0.609775 -1.795652 -3.889327 -4.807089 -11.046812 -2.93785 2e-06 -20.976017 -1e-06 -5.019969 -25.03356 -4.031878 5e-06 1e-06 0.0 -10.634533 -5.686971 -3.565588 10.573271 -17.922951 -3.113899 1e-06 -13.821209 1e-06 -0.50178 -31.181505 -4.027016 -10.320171 -59.63784 6.469208 -13.982711 -7.150196 -2.875041 13.772727 -8.401492 -3.218241 0.347732 -34.211555 0.771657 -0.96303 -17.733372 2.621021 -0.0 1e-06 -0.0 -17.346416 -20.095217 -4.20178 21.757555 -1.638373 3.866428 0.0 -6.338824 1e-06 -1.69759 -22.591747 -6.194007 -1e-06 -3e-06 -2e-06 114.152359 -83.197731 83.825859 41.39465 -51.10651 -23.455381 98.836433 -1.161655 1.070718 22.598209 17.851593 15.531676 22.182108 -20.375895 49.933319 -16.701818 -16.74353 28.476534 -1e-06 -12.690601 -0.0 15.077487 -17.775927 2.918787 -0.105917 -1.513856 -4.275881 -5.03904 -5.612869 -2.953556 5e-06 -11.020528 -4e-06 -6.111296 -15.89533 -3.840471 -1e-06 1e-06 -0.0 -10.283368 -5.680288 -4.341838 11.028296 -11.302405 -2.372635 -1.384266 -14.238583 -6.32012 -0.625435 -26.924192 -3.8276 -4.36908 -50.122765 -3.182971 -13.70852 -7.363474 -3.720938 18.14115 -14.052741 -3.242679 6e-06 -18.78727 -0.0 -0.429712 -8.456043 2.555506 0.0 -0.0 -1e-06 -15.923534 -20.094481 -5.473585 30.41921 -7.190829 1.735922 3e-06 -8.162925 1e-06 -1.861901 -22.861469 -6.167945 0.0 -3e-06 0.0 149.147995 -4.6738 -6.583982 15.366029 0.177455 1.151428 -59.054123 -2.700442 -28.260277 -9.020094 1.67187 2.333807 -0.999999 -0.0 0.0 16.21846 4.293947 3.610744 35.219391 1.032992 -2.243151 -82.731033 -9.146436 9.325886 -26.417645 1.072325 1.485024 -1.000002 -0.0 0.0 
0.0 0.0 0.0 0.0 -0.0 0.0 -43.048172 91.980003 -5.532393 100.750023 -0.179084 100.640022 3.043922 0.484883 1.269648 -9.968493 -0.046473 4.924941 22.603195 -3.109053 4.381959 33.758945 2.655947 1.999367 -2.67003 -0.534508 -11.388889 -31.675354 0.790019 -13.722757 6e-06 -0.0 -0.0 -0.101017 0.007732 -0.065785 -0.196337 -0.01581 -0.068052 -0.21743 0.027231 -0.092752 -101.182152 -63.605289 126.6847 -7.609386 -38.431339 42.971539 78.799301 -0.013279 -1.601406 16.500557 13.002248 5.101297 17.636631 -26.32272 52.41119 -19.466665 -14.395598 29.410385 -1e-06 -8.774822 -3e-06 15.540849 -17.405645 6.134368 -0.609776 -1.795653 -3.889328 -4.807088 -11.046809 -2.93785 5e-06 -20.976015 -3e-06 -5.019969 -25.033556 -4.031882 6e-06 -0.0 0.0 -10.634535 -5.686971 -3.565587 10.573276 -17.922955 -3.113903 3e-06 -13.821209 -1e-06 -0.501775 -31.181505 -4.027016 -10.704065 -59.64212 6.762336 -13.982715 -7.150197 -2.875042 13.77273 -8.40149 -3.218243 0.347736 -34.211544 0.771652 -0.963027 -17.733366 2.621018 -0.0 1e-06 0.0 -17.346422 -20.095217 -4.201783 21.757559 -1.638375 3.866428 2e-06 -6.338823 1e-06 -1.697587 -22.591745 -6.194009 0.0 -2e-06 -2e-06 104.34166 -84.485519 93.939651 40.683903 -51.5298 -23.004847 99.874001 -1.810978 1.036748 25.117065 19.244589 17.347256 22.182116 -20.375895 49.933327 -16.701811 -16.74353 28.476532 -2e-06 -12.690603 0.0 15.052248 -18.084976 2.985032 -0.105921 -1.513856 -4.275882 -5.039041 -5.612872 -2.953557 2e-06 -11.020523 -1e-06 -6.111298 -15.895334 -3.840471 1e-06 -1e-06 0.0 -10.283371 -5.680289 -4.341838 11.028294 -11.302403 -2.372635 -1.384273 -14.238576 -6.320122 -0.62544 -26.924191 -3.827606 -4.509851 -50.015995 -3.296491 -13.708526 -7.36348 -3.720939 18.141148 -14.052739 -3.242676 2e-06 -18.787268 -0.0 -0.429714 -8.456044 2.555505 -0.0 -1e-06 0.0 -15.923539 -20.094486 -5.473584 30.419218 -7.190819 1.735926 0.0 -8.162926 -1e-06 -1.861904 -22.861469 -6.167945 -0.0 -3e-06 1e-06 149.948944 -4.147505 -5.930421 10.598729 0.10773 1.06479 -52.212292 3.126864 -27.861382 -9.02526 1.718892 2.167878 -0.999999 0.0 -1e-06 13.226992 2.873335 2.233131 50.733219 1.277286 -1.625642 -70.166504 -6.767427 1.326056 -21.180496 0.921978 1.421279 -1.000005 0.0 1e-06 
0.0 0.0 0.0 0.0 -0.0 0.0 -40.081112 90.665443 2.362131 100.722946 2.588286 98.252914 3.828822 0.203085 0.952533 -9.82187 0.005417 4.647857 23.417862 -1.915034 3.579983 35.62674 -0.004209 2.05137 -2.581653 -0.483432 -10.455542 -29.868258 0.533623 -12.426765 5e-06 -0.0 -0.0 -0.061768 0.000222 -0.000407 -0.157742 -0.02034 -0.002378 -0.133245 0.010586 -0.029111 -103.875687 -63.313046 128.799301 -6.702887 -37.475475 44.261879 78.459496 -0.076266 -1.243617 16.954735 15.745592 7.727212 17.636623 -26.322725 52.411201 -19.466665 -14.3956 29.410395 -1e-06 -8.774824 -2e-06 15.488788 -17.235304 6.168747 -0.609777 -1.795655 -3.889328 -4.80709 -11.046811 -2.937851 4e-06 -20.976019 -2e-06 -5.019969 -25.033562 -4.031882 5e-06 -0.0 -0.0 -10.634537 -5.686972 -3.565587 10.573277 -17.922955 -3.113905 3e-06 -13.82121 -1e-06 -0.501773 -31.181505 -4.027019 -10.818057 -59.635231 7.117233 -13.982716 -7.150198 -2.87504 13.772733 -8.401492 -3.218245 0.347736 -34.211552 0.771652 -0.963026 -17.733366 2.621018 -0.0 3e-06 -1e-06 -17.346422 -20.095217 -4.201783 21.757561 -1.638375 3.866426 2e-06 -6.338823 -0.0 -1.697589 -22.591742 -6.19401 -0.0 -5e-06 -0.0 90.962257 -85.231743 107.666313 42.35569 -52.808456 -22.531469 95.324547 -1.480942 0.847375 27.34638 21.047827 18.724789 22.182121 -20.375898 49.933334 -16.701815 -16.743528 28.476536 -2e-06 -12.690601 -1e-06 15.432508 -18.098047 2.878458 -0.10592 -1.513855 -4.275882 -5.039043 -5.612873 -2.953557 4e-06 -11.020524 -3e-06 -6.111298 -15.895334 -3.840472 0.0 -2e-06 -0.0 -10.28337 -5.680288 -4.341841 11.028291 -11.302406 -2.372632 -1.384269 -14.238581 -6.320121 -0.62544 -26.924191 -3.827603 -4.761723 -49.981995 -3.225516 -13.708526 -7.363477 -3.720943 18.141148 -14.052739 -3.242673 4e-06 -18.78727 -1e-06 -0.429713 -8.456045 2.555504 0.0 -1e-06 -1e-06 -15.923538 -20.094486 -5.473587 30.419218 -7.190823 1.735932 0.0 -8.162927 -0.0 -1.861904 -22.861473 -6.167943 0.0 -4e-06 -1e-06 150.396683 -4.277905 -7.458181 19.479862 0.144655 0.747086 -48.761276 5.436712 -19.828564 -9.329308 1.678686 2.199879 -1.0 -0.0 1e-06 7.118492 0.791153 0.547356 71.032494 0.924487 -0.91413 -66.296555 -5.924202 -4.557992 -11.398097 0.826988 1.390027 -1.000001 0.0 -0.0 
0.0 0.0 0.0 0.0 -0.0 0.0 -37.031704 88.248566 10.59002 101.099777 6.344664 94.356407 5.521459 -0.439819 1.119738 -9.267954 -0.310704 3.748986 23.917316 -1.101971 3.055461 37.989506 -2.378185 1.689863 -2.644895 -0.384229 -9.320066 -30.842451 -0.010914 -10.638638 5e-06 0.0 -0.0 -0.00871 0.006025 0.026762 -0.126714 0.011204 0.011121 -0.114639 -0.014781 0.016323 -104.526672 -64.475731 128.946396 -2.525252 -37.645657 44.459805 75.98291 -0.088412 -0.474119 15.810827 19.24346 12.074926 17.636625 -26.322729 52.411194 -19.46666 -14.395597 29.410389 -1e-06 -8.77482 -2e-06 14.896646 -17.816654 6.517918 -0.609776 -1.795653 -3.889328 -4.807089 -11.046811 -2.93785 2e-06 -20.976015 -0.0 -5.01997 -25.033558 -4.03188 5e-06 1e-06 1e-06 -10.634535 -5.686971 -3.565588 10.573272 -17.922949 -3.113901 2e-06 -13.821209 0.0 -0.501775 -31.181505 -4.02702 -10.385543 -59.383701 6.504605 -13.982714 -7.150199 -2.875043 13.772729 -8.401489 -3.218241 0.347732 -34.211555 0.771653 -0.96303 -17.733372 2.621019 0.0 -1e-06 1e-06 -17.346416 -20.095217 -4.201784 21.757557 -1.638374 3.866427 1e-06 -6.338824 1e-06 -1.697589 -22.591742 -6.194006 0.0 -6e-06 -2e-06 92.788109 -84.914421 105.817932 47.364037 -55.78476 -23.546165 84.30526 -1.034181 0.088931 29.076536 22.937088 20.145084 22.182114 -20.375881 49.9333 -16.701815 -16.743525 28.476526 -3e-06 -12.690598 -0.0 15.571503 -17.878986 2.664373 -0.10592 -1.513856 -4.275881 -5.039041 -5.612873 -2.953556 4e-06 -11.020523 -2e-06 -6.111295 -15.89533 -3.840472 0.0 -1e-06 1e-06 -10.283369 -5.680289 -4.341839 11.028291 -11.302402 -2.372632 -1.384269 -14.238578 -6.32012 -0.625437 -26.924187 -3.827603 -4.745723 -49.323727 -3.085857 -13.708525 -7.363475 -3.720937 18.14115 -14.052735 -3.242675 7e-06 -18.78727 -4e-06 -0.429711 -8.456041 2.555503 -0.0 1e-06 0.0 -15.923536 -20.094482 -5.473583 30.41921 -7.190824 1.735925 4e-06 -8.162927 -0.0 -1.861902 -22.861471 -6.167943 -0.0 -3e-06 -1e-06 151.269821 -6.077425 -10.141486 39.375519 -0.084899 0.622081 -70.155037 1.958518 -17.51577 -5.387109 1.506663 2.284437 -0.999999 -0.0 0.0 0.144209 -2.367878 1.210133 89.296112 0.972793 -0.48661 -73.53257 -7.795716 -3.88249 -9.643671 0.820596 1.450581 -1.000001 -0.0 -0.0 
0.0 0.0 0.0 0.0 -0.0 0.0 -34.006676 86.747971 18.934837 102.641953 9.952961 89.812798 6.858202 -1.729189 1.08709 -8.724072 -0.804178 2.943327 25.503258 -1.776942 2.044848 38.855396 -4.295766 1.844608 -2.867449 -0.06235 -8.446589 -32.008858 -0.558218 -8.62117 6e-06 0.0 0.0 -0.035227 0.033652 -0.035272 -0.08193 0.053816 -0.028658 -0.082219 -0.003362 -0.055436 -105.983467 -66.07515 130.25325 6.257379 -36.64674 40.900326 71.383766 -0.094177 0.825545 13.541881 22.650785 22.644049 17.636627 -26.322733 52.411201 -19.466665 -14.395597 29.410395 -1e-06 -8.774822 -0.0 14.501238 -17.984257 7.00447 -0.609777 -1.795654 -3.889328 -4.807087 -11.046813 -2.937849 7e-06 -20.976021 -2e-06 -5.01997 -25.033562 -4.031882 7e-06 -0.0 -2e-06 -10.634535 -5.686971 -3.565586 10.573275 -17.922953 -3.113901 3e-06 -13.821211 1e-06 -0.501773 -31.181511 -4.02702 -10.662076 -59.090336 6.701645 -13.982714 -7.150198 -2.87504 13.77273 -8.401496 -3.218242 0.347736 -34.211555 0.771652 -0.963028 -17.733372 2.621017 -0.0 3e-06 1e-06 -17.34642 -20.095221 -4.20178 21.757561 -1.638377 3.866426 1e-06 -6.338823 0.0 -1.697585 -22.591749 -6.194009 -0.0 -4e-06 -4e-06 86.916794 -83.80619 112.3769 54.360798 -57.474396 -25.058361 68.093697 0.218674 -0.732329 28.779881 25.227646 21.955252 22.182117 -20.375895 49.933319 -16.701815 -16.743528 28.476532 -5e-06 -12.690601 1e-06 15.895766 -17.50667 2.603972 -0.10592 -1.513855 -4.27588 -5.039042 -5.612872 -2.953556 4e-06 -11.020525 -2e-06 -6.111297 -15.895334 -3.840472 0.0 -1e-06 -0.0 -10.283371 -5.680288 -4.341835 11.028296 -11.302406 -2.372634 -1.384269 -14.238577 -6.320122 -0.625436 -26.924194 -3.827602 -4.680474 -49.056904 -2.84574 -13.708525 -7.363475 -3.72094 18.14115 -14.052739 -3.242675 8e-06 -18.787271 -3e-06 -0.429711 -8.456047 2.555503 -0.0 1e-06 -0.0 -15.923536 -20.094482 -5.473583 30.419214 -7.190828 1.735924 2e-06 -8.162928 0.0 -1.861901 -22.861471 -6.167944 0.0 -3e-06 -1e-06 156.050797 -6.088314 -13.774415 51.818619 -0.221625 0.267531 -83.152443 -0.242792 -18.15675 -3.114797 1.516243 2.234162 -1.0 -0.0 0.0 -9.895709 -6.292365 4.745012 100.89621 0.588881 -0.174448 -80.095535 -7.328491 -1.77335 -9.729809 0.780137 1.447896 -1.000002 0.0 0.0 
0.0 0.0 0.0 0.0 -0.0 0.0 -31.917921 86.354698 26.403908 102.305847 12.767509 86.93998 7.596242 -2.145085 0.856872 -8.293186 -1.010403 1.699883 26.614773 -1.872359 0.246058 38.977444 -6.01159 2.053355 -2.8437 0.085763 -7.324598 -31.979797 -0.903099 -7.311549 4e-06 0.0 -0.0 -0.084765 0.049865 -0.099644 -0.141181 0.042725 -0.08493 -0.158092 0.043842 -0.121014 -103.341843 -68.979607 126.889847 13.408586 -36.793438 35.378685 67.921486 -0.899282 0.463092 11.352583 22.004738 34.009487 17.636627 -26.322725 52.411182 -19.466663 -14.395596 29.410385 -2e-06 -8.774821 -1e-06 15.21906 -18.170683 6.833663 -0.609777 -1.795655 -3.889327 -4.807087 -11.046808 -2.937852 6e-06 -20.976015 -0.0 -5.019968 -25.033554 -4.031882 6e-06 0.0 2e-06 -10.634533 -5.686972 -3.565587 10.573275 -17.922951 -3.113903 4e-06 -13.821209 -0.0 -0.501775 -31.181505 -4.027016 -11.457703 -59.873875 7.63144 -13.982712 -7.150198 -2.875043 13.77273 -8.401491 -3.218241 0.347737 -34.211544 0.771652 -0.963027 -17.73337 2.621018 0.0 0.0 -1e-06 -17.346418 -20.095217 -4.201782 21.757555 -1.638376 3.866427 2e-06 -6.338824 1e-06 -1.697587 -22.591742 -6.194006 -0.0 -4e-06 -1e-06 88.972542 -82.064323 111.348442 54.418427 -60.641747 -21.422815 55.568012 1.570642 -0.909501 26.730398 26.43293 21.37711 22.182117 -20.375898 49.933319 -16.701817 -16.74353 28.47653 -4e-06 -12.690603 -1e-06 15.838649 -17.829182 2.779259 -0.10592 -1.513855 -4.275879 -5.039041 -5.612872 -2.953556 2e-06 -11.020525 -1e-06 -6.111299 -15.895332 -3.84047 -0.0 0.0 -0.0 -10.283371 -5.680287 -4.341835 11.028296 -11.302407 -2.372633 -1.384269 -14.238586 -6.320118 -0.625439 -26.924191 -3.827599 -4.540519 -49.29063 -2.957748 -13.708526 -7.363476 -3.720939 18.14115 -14.052741 -3.242674 6e-06 -18.78727 0.0 -0.42971 -8.456045 2.555503 -0.0 3e-06 -1e-06 -15.923538 -20.094482 -5.473581 30.419214 -7.19083 1.735924 2e-06 -8.162925 -1e-06 -1.861901 -22.861473 -6.167942 -1e-06 -4e-06 -1e-06 163.184769 -5.79999 -15.388818 56.005871 -0.190257 0.287296 -91.526138 -1.770537 -19.408987 -2.373965 1.516827 2.212823 -0.999999 -1e-06 0.0 -20.94606 -6.812134 6.949343 103.604134 0.174464 0.057352 -82.666489 -6.27083 -0.593982 -9.876561 0.721651 1.414897 -1.000003 -0.0 0.0 
0.0 0.0 0.0 0.0 -0.0 0.0 -30.612213 86.530846 33.128948 101.27858 13.84748 86.206345 7.835573 -2.387322 0.231858 -8.145689 -1.121588 0.265221 26.311365 -1.431828 -1.809956 38.907391 -6.475487 2.198463 -2.787752 0.140882 -6.312948 -31.793921 -1.539584 -5.837624 5e-06 0.0 1e-06 -0.101116 0.056809 -0.161529 -0.10762 0.053472 -0.135014 -0.135839 0.052353 -0.193963 -97.054787 -72.444366 119.018112 15.501856 -38.229618 28.262926 68.986374 -1.432249 -0.258773 10.321459 19.511524 35.945297 17.636631 -26.322729 52.411186 -19.466658 -14.395596 29.410385 -0.0 -8.774821 -2e-06 15.490492 -18.108797 6.596594 -0.609776 -1.795654 -3.889328 -4.807088 -11.046811 -2.93785 3e-06 -20.976019 0.0 -5.019972 -25.03356 -4.03188 6e-06 -0.0 -1e-06 -10.634533 -5.686971 -3.565587 10.573272 -17.922951 -3.113899 2e-06 -13.821211 1e-06 -0.501779 -31.181507 -4.027016 -11.478033 -59.772434 7.693884 -13.982713 -7.150201 -2.875041 13.772729 -8.401495 -3.218241 0.347732 -34.211555 0.771656 -0.963029 -17.73337 2.621019 -0.0 0.0 0.0 -17.346418 -20.095219 -4.201782 21.757555 -1.638376 3.866429 1e-06 -6.338823 1e-06 -1.697589 -22.591747 -6.194006 0.0 -4e-06 -3e-06 85.303947 -78.80101 115.475891 36.718674 -63.278568 -2.593957 54.349495 2.046602 -0.472371 26.806049 24.856796 20.904984 22.182114 -20.375895 49.933315 -16.701807 -16.743526 28.476522 -2e-06 -12.6906 -2e-06 15.807152 -18.052168 3.060186 -0.10592 -1.513856 -4.275879 -5.039038 -5.612869 -2.953556 4e-06 -11.020519 -1e-06 -6.111297 -15.89533 -3.840469 -3e-06 1e-06 0.0 -10.283371 -5.680286 -4.341836 11.028293 -11.302402 -2.372631 -1.384273 -14.23858 -6.32012 -0.62544 -26.924187 -3.827596 -4.345402 -49.757484 -3.131421 -13.708526 -7.363474 -3.720937 18.141146 -14.052735 -3.242673 4e-06 -18.787262 -1e-06 -0.429712 -8.456039 2.555503 -1e-06 0.0 0.0 -15.923532 -20.094481 -5.473583 30.41921 -7.190824 1.735926 3e-06 -8.162922 1e-06 -1.8619 -22.861465 -6.16794 -0.0 -1e-06 -2e-06 169.255341 -5.100326 -14.784816 56.428497 -0.247687 0.535519 -96.971458 -3.682569 -20.225132 -3.093055 1.545297 2.182358 -0.999999 -0.0 1e-06 -31.18284 -6.918045 5.915112 99.176865 0.086089 0.276171 -83.903488 -5.465388 -0.137969 -9.113198 0.642509 1.450187 -1.000007 0.0 -0.0 
0.0 0.0 0.0 0.0 -0.0 0.0 -29.666168 87.372276 40.171021 99.367012 13.297368 86.395142 7.461651 -2.240513 -0.486882 -8.369643 -1.088123 -1.188836 24.90115 -0.314505 -3.61437 38.911133 -6.549309 2.352301 -2.754232 0.034298 -5.558416 -31.493378 -2.155183 -4.487411 4e-06 0.0 0.0 -0.102954 0.056414 -0.190947 -0.014736 0.059 -0.145348 -0.03284 0.04815 -0.242014 -88.585739 -75.154243 108.760567 13.680329 -41.795631 20.641256 73.668137 -1.178078 -0.178775 10.10835 17.294224 30.531704 17.636629 -26.322739 52.411205 -19.466663 -14.395598 29.410389 -3e-06 -8.774822 -1e-06 15.596529 -18.320375 6.546408 -0.609776 -1.795652 -3.889328 -4.807088 -11.046812 -2.93785 5e-06 -20.976015 1e-06 -5.01997 -25.03356 -4.03188 6e-06 0.0 0.0 -10.634534 -5.686973 -3.565589 10.573275 -17.922951 -3.113901 3e-06 -13.821212 2e-06 -0.501779 -31.181507 -4.027014 -11.197235 -59.204601 7.280962 -13.982715 -7.150201 -2.875042 13.772731 -8.401495 -3.21824 0.347733 -34.211559 0.771657 -0.963029 -17.733374 2.621021 -0.0 -1e-06 -0.0 -17.346418 -20.095221 -4.201784 21.757557 -1.638375 3.866429 2e-06 -6.338823 1e-06 -1.69759 -22.591749 -6.194006 -1e-06 -4e-06 -2e-06 81.176361 -74.524574 120.609627 13.785197 -59.266701 20.311668 58.265633 1.729277 -0.078107 27.788761 20.972061 22.548557 22.182116 -20.375887 49.933319 -16.701815 -16.743526 28.476534 -2e-06 -12.690601 -2e-06 15.729935 -18.121517 3.23522 -0.105918 -1.513855 -4.275884 -5.039041 -5.612872 -2.953557 3e-06 -11.020523 -2e-06 -6.111296 -15.89533 -3.840471 -0.0 -1e-06 -1e-06 -10.283372 -5.680289 -4.341839 11.028296 -11.302406 -2.372633 -1.384268 -14.238579 -6.320124 -0.625434 -26.924191 -3.827605 -4.713541 -50.065422 -2.910771 -13.708526 -7.363479 -3.72094 18.141148 -14.052739 -3.242674 8e-06 -18.78727 -4e-06 -0.429712 -8.456045 2.555504 1e-06 0.0 0.0 -15.923536 -20.094484 -5.473585 30.419214 -7.190827 1.735926 3e-06 -8.162922 -2e-06 -1.861899 -22.861469 -6.167945 1e-06 -1e-06 -2e-06 174.650955 -5.234235 -13.299674 54.7048 -0.396059 0.691286 -99.864128 -5.181759 -20.649254 -4.533984 1.599313 2.222633 -0.999999 -1e-06 -0.0 -37.979839 -6.63081 2.157655 87.955849 0.289154 0.093184 -85.002998 -6.138783 0.002011 -8.524459 0.61115 1.50196 -1.000002 0.0 -0.0 
0.0 0.0 0.0 0.0 -0.0 0.0 -28.825819 88.859032 47.550346 97.417274 12.065427 86.631493 6.577186 -1.978302 -1.022375 -8.842752 -0.955062 -2.44894 23.100502 0.956643 -4.93765 39.090622 -6.719681 2.226059 -2.758893 -0.069253 -4.913202 -31.057442 -2.605249 -3.303144 5e-06 -0.0 1e-06 -0.090838 0.031777 -0.145333 0.019216 0.028123 -0.095512 0.00359 0.030172 -0.197982 -79.818077 -76.42318 99.245903 11.333847 -47.044884 13.815248 79.908348 -1.090589 -0.345045 10.592381 15.901821 24.62747 17.636639 -26.322739 52.411205 -19.466656 -14.395596 29.410385 0.0 -8.774821 -3e-06 15.914274 -18.639494 6.412365 -0.609777 -1.795655 -3.889327 -4.80709 -11.04681 -2.937849 2e-06 -20.976021 1e-06 -5.019972 -25.03356 -4.031882 5e-06 -0.0 1e-06 -10.634536 -5.686974 -3.565589 10.573272 -17.922951 -3.113899 1e-06 -13.821206 1e-06 -0.501779 -31.181505 -4.027017 -10.760076 -59.369678 6.871326 -13.982716 -7.150201 -2.875041 13.77273 -8.401489 -3.21824 0.347731 -34.211555 0.771655 -0.963029 -17.73337 2.621019 -0.0 0.0 0.0 -17.346422 -20.095217 -4.201783 21.757557 -1.638376 3.866429 -0.0 -6.338822 2e-06 -1.697591 -22.591745 -6.194009 -1e-06 -4e-06 -2e-06 80.282448 -70.374146 123.133789 -1.037359 -51.766476 33.221188 63.186703 1.870887 0.742448 28.267569 16.656441 24.343611 22.18211 -20.375891 49.933319 -16.701809 -16.743528 28.47653 -3e-06 -12.690597 -1e-06 15.650422 -17.922607 3.230562 -0.105919 -1.513855 -4.275883 -5.039041 -5.612873 -2.953558 2e-06 -11.02052 -1e-06 -6.111297 -15.89533 -3.840473 1e-06 0.0 0.0 -10.283369 -5.680287 -4.34184 11.028291 -11.302401 -2.372631 -1.38427 -14.238579 -6.320122 -0.625438 -26.924187 -3.827601 -4.98573 -50.506763 -2.527102 -13.708524 -7.363475 -3.720938 18.141146 -14.052738 -3.242675 5e-06 -18.787266 -3e-06 -0.429711 -8.456043 2.555502 -0.0 0.0 1e-06 -15.923536 -20.094482 -5.473586 30.419207 -7.190825 1.735928 3e-06 -8.162925 -0.0 -1.861903 -22.861467 -6.167945 -0.0 -4e-06 -1e-06 -179.32724 -5.269901 -11.83421 50.359894 -0.560501 0.794658 -99.487946 -6.376419 -20.993536 -7.161044 1.722011 2.220295 -0.999999 -0.0 -0.0 -39.678467 -5.998831 -2.50126 71.279861 0.297497 0.011751 -85.109818 -6.828699 -0.242353 -8.552753 0.599343 1.556998 -1.000003 0.0 -0.0 
0.0 0.0 0.0 0.0 -0.0 0.0 -28.112427 90.332085 54.955978 96.571548 10.957838 86.744888 5.299021 -1.934575 -1.205127 -9.421193 -0.80973 -3.192262 21.575844 1.739287 -5.864384 39.286858 -7.14589 1.848258 -2.65448 0.007883 -4.478324 -30.785292 -3.098799 -2.378341 6e-06 0.0 1e-06 -0.06859 -0.013178 -0.062866 -0.011405 0.026804 -0.02844 -0.052209 -0.054656 -0.097019 -76.609245 -76.24752 96.285271 10.08453 -51.83213 9.886783 85.930435 -0.997305 -0.411578 11.818074 14.623478 21.700333 17.636635 -26.322737 52.411201 -19.466661 -14.395602 29.410395 -4e-06 -8.774822 -2e-06 16.260666 -18.703539 6.231365 -0.609776 -1.795655 -3.889325 -4.80709 -11.046811 -2.937848 4e-06 -20.976021 1e-06 -5.01997 -25.03356 -4.031879 6e-06 -1e-06 1e-06 -10.634535 -5.686972 -3.565587 10.573278 -17.922951 -3.113901 3e-06 -13.821211 0.0 -0.501778 -31.181511 -4.027013 -10.512195 -59.740379 6.44417 -13.982718 -7.150198 -2.875043 13.772735 -8.401493 -3.218243 0.347734 -34.211555 0.771656 -0.963028 -17.733372 2.621021 -1e-06 -0.0 0.0 -17.346422 -20.095219 -4.20178 21.757561 -1.638376 3.866431 3e-06 -6.338825 -0.0 -1.69759 -22.591742 -6.194003 -1e-06 -5e-06 -3e-06 81.441826 -67.089485 123.755028 -10.837582 -45.109879 37.29879 68.437363 1.19785 1.494415 28.000349 13.733076 24.421591 22.182117 -20.375896 49.933319 -16.701811 -16.74353 28.47653 -4e-06 -12.6906 -2e-06 15.720046 -17.492458 2.981205 -0.10592 -1.513857 -4.275883 -5.039042 -5.612872 -2.953557 5e-06 -11.02052 -1e-06 -6.111296 -15.89533 -3.840472 2e-06 1e-06 -1e-06 -10.283369 -5.680289 -4.341839 11.02829 -11.302403 -2.372629 -1.384268 -14.238578 -6.32012 -0.625436 -26.924187 -3.827601 -4.988408 -50.625202 -2.383513 -13.708522 -7.363476 -3.72094 18.141144 -14.052739 -3.24267 8e-06 -18.787266 -2e-06 -0.429713 -8.456039 2.555503 -1e-06 -0.0 -1e-06 -15.923532 -20.094484 -5.473587 30.419207 -7.190827 1.735927 3e-06 -8.162925 -0.0 -1.8619 -22.861467 -6.167942 -0.0 -3e-06 0.0 -172.72467 -4.278638 -9.678077 44.674988 -0.619752 0.679393 -94.504051 -7.147573 -21.924948 -12.861891 2.019451 2.253886 -0.999998 -1e-06 -0.0 -36.989189 -5.572456 -6.160854 50.566166 0.373006 0.084254 -83.454254 -5.659943 -1.496221 -9.34333 0.619952 1.638814 -1.000002 1e-06 0.0 
0.0 0.0 0.0 0.0 -0.0 0.0 -27.780649 91.364342 62.37154 97.144829 10.27526 86.954002 3.818918 -2.102742 -1.191941 -9.860231 -0.746375 -3.381685 20.662165 1.716705 -6.350123 39.22007 -7.661745 1.754352 -2.604091 -0.078648 -4.204116 -30.391163 -3.530441 -2.228534 5e-06 0.0 1e-06 -0.037675 -0.046661 0.086078 -0.032791 0.017541 0.091101 -0.100856 -0.110748 0.088771 -81.415962 -75.520554 101.452728 9.537554 -55.101719 8.005616 90.500122 -0.749965 -0.182119 12.41323 12.600819 20.339478 17.636631 -26.322721 52.411182 -19.466665 -14.395597 29.410393 3e-06 -8.774822 -1e-06 16.295847 -18.70812 6.259036 -0.609776 -1.795655 -3.889326 -4.80709 -11.046809 -2.937851 5e-06 -20.976015 -2e-06 -5.019972 -25.033556 -4.03188 7e-06 0.0 0.0 -10.634535 -5.686973 -3.565588 10.573275 -17.922949 -3.113904 3e-06 -13.821205 1e-06 -0.501777 -31.181498 -4.027015 -10.896779 -59.699951 6.432824 -13.982715 -7.150198 -2.875042 13.772731 -8.401491 -3.218243 0.347736 -34.211544 0.77165 -0.963027 -17.73337 2.621018 -1e-06 -0.0 0.0 -17.346416 -20.095217 -4.201784 21.757559 -1.638375 3.866426 0.0 -6.338822 1e-06 -1.697587 -22.591745 -6.194007 -0.0 -4e-06 -2e-06 82.056961 -65.171722 124.496849 -18.159777 -41.441025 36.876888 72.407692 0.283046 0.912814 28.234482 12.375444 22.45319 22.182112 -20.375891 49.933319 -16.701815 -16.743528 28.47653 -4e-06 -12.6906 -1e-06 15.928645 -17.49 2.816551 -0.105921 -1.513857 -4.275881 -5.039042 -5.61287 -2.953555 5e-06 -11.020523 -2e-06 -6.111296 -15.89533 -3.840471 -0.0 0.0 -1e-06 -10.283369 -5.68029 -4.34184 11.028294 -11.302407 -2.372632 -1.384268 -14.238581 -6.32012 -0.625435 -26.924191 -3.827604 -5.04909 -50.450893 -2.397077 -13.708522 -7.363475 -3.72094 18.141146 -14.05274 -3.242672 7e-06 -18.78727 -4e-06 -0.429707 -8.456045 2.555503 0.0 -1e-06 -0.0 -15.923536 -20.094482 -5.473582 30.419214 -7.190827 1.735925 1e-06 -8.162922 -1e-06 -1.861897 -22.861467 -6.167942 1e-06 -3e-06 0.0 -167.642868 -2.609092 -6.519824 41.739231 -0.513621 0.522244 -85.788849 -7.851882 -23.512596 -20.336906 2.229056 2.198742 -0.999999 1e-06 -0.0 -33.629841 -5.908629 -6.796007 32.964577 0.587445 0.20919 -80.621956 -3.735014 -3.940929 -9.538227 0.527235 1.671357 -1.000002 0.0 -0.0 
0.0 0.0 0.0 0.0 -0.0 0.0 -28.300848 91.626274 69.587494 98.041367 9.963877 87.692245 2.910752 -1.950945 -0.911386 -10.043256 -0.762917 -3.368724 20.521055 1.389589 -6.468587 38.375877 -7.826089 1.90152 -2.682457 -0.270634 -4.302335 -30.397661 -3.964464 -2.495381 4e-06 1e-06 -0.0 -0.030986 -0.043341 0.164614 -0.029187 0.007788 0.15031 -0.100651 -0.094755 0.191539 -90.728218 -74.721054 111.064415 10.696099 -57.46542 4.715268 91.9021 -0.577658 -0.009076 12.659019 11.827834 18.255322 17.636639 -26.322737 52.41119 -19.466665 -14.395597 29.410389 -1e-06 -8.774821 -4e-06 16.1973 -18.57967 6.209218 -0.609776 -1.795653 -3.889328 -4.807089 -11.046812 -2.93785 5e-06 -20.976015 0.0 -5.019969 -25.033558 -4.031879 6e-06 0.0 -2e-06 -10.634535 -5.686972 -3.565589 10.573277 -17.922953 -3.1139 4e-06 -13.821211 2e-06 -0.501776 -31.181507 -4.027013 -11.03833 -59.625908 6.566062 -13.982714 -7.150197 -2.875043 13.772731 -8.401495 -3.218243 0.347737 -34.211555 0.771656 -0.963025 -17.733372 2.621021 0.0 0.0 0.0 -17.346418 -20.095219 -4.201784 21.757561 -1.638379 3.866429 1e-06 -6.338824 1e-06 -1.697589 -22.591747 -6.194008 -3e-06 -4e-06 1e-06 79.416252 -64.349693 128.097748 -21.745274 -40.720497 33.68185 74.257729 -0.114006 0.202809 28.975296 12.603249 18.166445 22.182116 -20.3759 49.933315 -16.701807 -16.743528 28.476528 -4e-06 -12.6906 -2e-06 15.978207 -17.715919 2.834226 -0.10592 -1.513856 -4.275881 -5.039043 -5.61287 -2.953557 5e-06 -11.020523 -0.0 -6.111292 -15.895329 -3.840469 0.0 0.0 -0.0 -10.283368 -5.680288 -4.341841 11.028291 -11.302406 -2.37263 -1.384266 -14.238579 -6.32012 -0.625441 -26.924187 -3.827597 -5.286821 -50.405373 -2.311963 -13.708522 -7.363474 -3.72094 18.141144 -14.052739 -3.242671 8e-06 -18.78727 1e-06 -0.429713 -8.456043 2.555504 1e-06 -1e-06 1e-06 -15.923528 -20.094479 -5.473588 30.419205 -7.190827 1.735927 1e-06 -8.162926 1e-06 -1.861903 -22.861467 -6.167935 -0.0 -3e-06 0.0 -166.73761 -1.73768 -3.198265 45.795761 -0.384417 0.443775 -75.492958 -8.147322 -25.580076 -23.662586 2.162044 2.22268 -0.999998 -0.0 -0.0 -32.1469 -6.958137 -6.656416 25.671425 0.503855 0.271143 -79.05835 -3.264716 -5.885386 -9.056912 0.497338 1.675821 -1.000001 1e-06 1e-06 
0.0 0.0 0.0 0.0 -0.0 0.0 -29.087044 90.818687 76.637131 97.782967 10.347623 89.374756 3.26786 -0.99197 -0.907895 -9.823491 -0.609965 -3.439011 21.253817 1.412786 -6.003441 36.623886 -7.235477 1.768213 -2.691239 -0.440804 -4.450152 -31.257296 -4.213524 -3.083104 6e-06 0.0 0.0 -0.020761 -0.02506 0.220393 -0.0043 -0.005301 0.211396 -0.058136 -0.046115 0.238363 -98.82901 -74.522377 119.622421 15.22983 -60.43169 -2.386373 89.65123 -0.388522 -0.533159 13.254732 13.266291 13.712193 17.636627 -26.322725 52.411182 -19.466658 -14.395596 29.410381 -2e-06 -8.77482 -3e-06 16.599979 -18.220985 5.784016 -0.609776 -1.795654 -3.889327 -4.807087 -11.046809 -2.937849 6e-06 -20.976011 -2e-06 -5.019968 -25.033552 -4.03188 6e-06 -0.0 0.0 -10.634531 -5.686968 -3.565586 10.573271 -17.922947 -3.113898 3e-06 -13.821203 0.0 -0.501775 -31.181498 -4.027013 -11.16899 -59.786148 6.739151 -13.982711 -7.150196 -2.87504 13.772727 -8.401491 -3.218239 0.347737 -34.211544 0.771652 -0.963027 -17.73337 2.62102 -0.0 -1e-06 -0.0 -17.346413 -20.095213 -4.20178 21.757555 -1.638376 3.866425 1e-06 -6.338821 0.0 -1.69759 -22.591738 -6.194004 -4e-06 -4e-06 -1e-06 74.145683 -64.643745 133.350464 -19.43479 -42.341137 28.602739 72.175537 -0.29269 0.230168 29.837666 13.295339 14.289632 22.182114 -20.375895 49.933319 -16.701813 -16.743523 28.47653 -3e-06 -12.690598 -2e-06 15.973945 -17.605408 2.735257 -0.105918 -1.513856 -4.275883 -5.039042 -5.61287 -2.953557 4e-06 -11.020523 -1e-06 -6.111296 -15.895332 -3.840471 0.0 -1e-06 1e-06 -10.283368 -5.680288 -4.34184 11.028288 -11.302406 -2.372632 -1.384268 -14.23858 -6.32012 -0.625439 -26.924185 -3.8276 -5.41838 -50.631092 -2.180811 -13.708519 -7.363474 -3.720942 18.141146 -14.052739 -3.242673 8e-06 -18.787268 -1e-06 -0.429711 -8.456043 2.555505 1e-06 -1e-06 -1e-06 -15.923532 -20.094482 -5.473585 30.41921 -7.190827 1.735926 3e-06 -8.162926 0.0 -1.861905 -22.861469 -6.167941 -1e-06 -4e-06 -0.0 -170.110519 -2.947384 -0.663129 57.297188 -0.46718 0.478256 -67.65892 -8.047559 -26.77956 -18.547829 1.917172 2.395944 -0.999999 -0.0 -2e-06 -31.343599 -8.029578 -8.391493 28.624159 0.412387 -0.045655 -75.089348 -3.921913 -5.567671 -8.579754 0.624739 1.629289 -1.000002 -0.0 -0.0 
0.0 0.0 0.0 0.0 -0.0 0.0 -29.893869 88.942596 82.828484 95.745956 11.423219 90.841423 4.583172 1.305564 -1.087385 -9.388861 -0.213303 -3.101066 22.469177 1.575328 -5.36966 34.611332 -5.894828 1.627368 -2.606894 -0.663609 -4.785854 -33.222736 -3.941458 -4.037388 6e-06 -0.0 -1e-06 -0.04183 0.015608 0.200977 0.027842 0.011894 0.216703 0.009185 0.018304 0.191513 -107.614754 -74.651489 128.09082 20.271721 -62.613914 -10.285537 84.946083 -0.40867 -1.211628 13.527362 15.256077 8.415241 17.636625 -26.322733 52.411194 -19.466658 -14.395592 29.410389 -2e-06 -8.774816 -2e-06 16.776718 -18.35519 5.811012 -0.609776 -1.795653 -3.889329 -4.807086 -11.046807 -2.93785 3e-06 -20.976015 2e-06 -5.019969 -25.033545 -4.031878 6e-06 1e-06 -0.0 -10.634529 -5.686969 -3.565591 10.57327 -17.922947 -3.113898 2e-06 -13.821205 2e-06 -0.501775 -31.181494 -4.027012 -11.710546 -60.047157 6.972425 -13.982707 -7.150195 -2.875045 13.772724 -8.401491 -3.218241 0.347732 -34.211544 0.771657 -0.963029 -17.733368 2.621021 1e-06 0.0 0.0 -17.346409 -20.095209 -4.201785 21.757551 -1.638377 3.866429 2e-06 -6.338822 2e-06 -1.697589 -22.591732 -6.194003 1e-06 -6e-06 -2e-06 66.387009 -66.307732 139.695038 -11.622657 -43.42942 23.085485 65.717316 -0.707976 1.149993 31.91618 13.021996 13.923683 22.182108 -20.375893 49.933319 -16.701811 -16.743528 28.47653 -4e-06 -12.690598 -1e-06 15.70013 -17.659859 2.725929 -0.10592 -1.513856 -4.27588 -5.039039 -5.61287 -2.953556 6e-06 -11.020521 -3e-06 -6.111294 -15.89533 -3.84047 -0.0 -0.0 -1e-06 -10.283368 -5.680287 -4.341838 11.028296 -11.302402 -2.372633 -1.384268 -14.238579 -6.32012 -0.625436 -26.924185 -3.827599 -5.435452 -50.469013 -2.469827 -13.708522 -7.363475 -3.720939 18.141146 -14.052738 -3.242673 8e-06 -18.787266 -1e-06 -0.429711 -8.456045 2.555505 1e-06 1e-06 -1e-06 -15.923531 -20.094482 -5.473587 30.41921 -7.190827 1.735926 2e-06 -8.162926 -1e-06 -1.8619 -22.861467 -6.167942 -1e-06 -2e-06 -1e-06 -176.068558 -6.745211 -0.005919 72.422295 -0.740487 0.527955 -64.316612 -7.62909 -25.995253 -11.23287 1.69846 2.666625 -1.000001 -0.0 -0.0 -32.168106 -7.519604 -10.456976 38.128513 0.669725 -0.523727 -64.727913 -7.308417 3.005693 -6.539228 0.452536 1.617508 -1.000002 -1e-06 0.0 
0.0 0.0 0.0 0.0 -0.0 0.0 -30.508821 86.576721 88.118881 92.913498 14.037563 90.681801 7.244089 3.14367 -0.808828 -8.490473 0.473514 -2.636755 24.538929 3.257262 -4.575096 32.2243 -6.126965 1.491827 -2.661784 -0.386554 -5.353741 -37.694454 -3.735629 -4.67622 6e-06 0.0 -1e-06 -0.078578 0.033655 0.040073 -0.038321 0.01859 0.060848 -0.037568 0.045867 0.027246 -113.802505 -72.978104 133.979843 28.406343 -65.160973 -21.192684 79.37426 -0.866532 -1.051639 14.231431 15.926478 6.113396 17.636629 -26.322739 52.411194 -19.466652 -14.395597 29.410385 -1e-06 -8.774819 -1e-06 16.669809 -18.279182 5.896735 -0.609775 -1.795654 -3.889328 -4.807089 -11.04681 -2.93785 3e-06 -20.976017 2e-06 -5.019974 -25.03356 -4.031877 6e-06 -1e-06 1e-06 -10.634533 -5.686968 -3.565587 10.573272 -17.922949 -3.113899 3e-06 -13.821206 1e-06 -0.501777 -31.181498 -4.027015 -11.737715 -59.476761 6.880605 -13.982714 -7.150196 -2.875041 13.772727 -8.40149 -3.21824 0.347732 -34.211544 0.771657 -0.963029 -17.733366 2.621018 -0.0 -1e-06 1e-06 -17.346416 -20.095215 -4.201783 21.757555 -1.638375 3.866429 0.0 -6.338824 3e-06 -1.69759 -22.591738 -6.194003 -1e-06 -2e-06 -2e-06 61.442032 -70.082619 143.109711 1.550192 -43.561188 16.952597 58.575298 -0.047495 1.767506 32.260643 13.691267 13.322088 22.182117 -20.375902 49.933319 -16.701815 -16.743525 28.47653 -3e-06 -12.690603 -3e-06 15.580808 -17.477839 3.049469 -0.105919 -1.513856 -4.275882 -5.039041 -5.612872 -2.953556 1e-06 -11.020527 -1e-06 -6.111298 -15.895334 -3.84047 0.0 1e-06 0.0 -10.28337 -5.680288 -4.341838 11.028296 -11.302406 -2.372632 -1.384269 -14.238583 -6.320119 -0.625442 -26.924194 -3.827598 -5.400136 -50.619324 -2.116932 -13.708527 -7.363477 -3.720938 18.141151 -14.052739 -3.242674 7e-06 -18.78727 -3e-06 -0.42971 -8.456048 2.555505 1e-06 1e-06 -1e-06 -15.923536 -20.094484 -5.473582 30.419218 -7.190828 1.735928 4e-06 -8.162927 -1e-06 -1.8619 -22.861475 -6.167943 0.0 -0.0 -1e-06 178.891586 -11.276591 -0.503631 86.1996 -0.752124 0.546609 -68.638512 -6.854713 -22.456846 -8.853024 1.624637 2.654713 -0.999998 1e-06 1e-06 -33.730335 -5.740445 -11.635341 53.304646 0.212546 -0.350892 -72.578918 -9.573592 5.061871 -4.544943 0.484395 1.591766 -1.000003 1e-06 0.0 
0.0 0.0 0.0 0.0 -0.0 0.0 -30.701628 85.213455 92.785553 92.186333 16.015839 89.709534 9.305366 3.572572 -0.314376 -7.714179 0.727539 -1.853086 26.715593 3.86604 -3.442576 30.455284 -5.49934 1.436615 -2.649312 -0.190496 -5.87249 -40.577942 -3.002215 -5.717614 6e-06 -0.0 -0.0 -0.104426 0.013071 -0.056374 0.060207 -0.039214 0.00427 0.07978 0.06235 -0.110397 -114.480629 -71.582108 135.354492 37.270157 -67.672501 -30.047041 74.757217 0.033355 -0.846661 14.68959 17.296791 6.035042 17.636629 -26.322729 52.411182 -19.466656 -14.395597 29.410385 0.0 -8.774822 -3e-06 16.544271 -18.358736 6.074406 -0.609776 -1.795655 -3.889326 -4.807088 -11.046805 -2.93785 3e-06 -20.976009 2e-06 -5.019971 -25.033548 -4.03188 6e-06 -1e-06 0.0 -10.634533 -5.68697 -3.565585 10.573272 -17.922945 -3.1139 3e-06 -13.821205 2e-06 -0.501781 -31.181488 -4.027013 -12.096451 -59.352009 7.22102 -13.982712 -7.150198 -2.875041 13.772728 -8.401489 -3.218241 0.347734 -34.211544 0.771656 -0.963031 -17.733364 2.621019 0.0 -1e-06 0.0 -17.346416 -20.095213 -4.201779 21.757555 -1.638375 3.866427 0.0 -6.338823 1e-06 -1.697587 -22.591736 -6.194005 -1e-06 -5e-06 -2e-06 58.107731 -74.137367 145.229385 14.947591 -43.142048 7.873735 54.002663 0.318588 1.100915 31.304789 16.192888 13.301636 22.182116 -20.375887 49.933308 -16.701811 -16.743528 28.476526 -1e-06 -12.690601 -1e-06 15.696755 -17.293779 3.151975 -0.105919 -1.513856 -4.275882 -5.039042 -5.612872 -2.953557 5e-06 -11.020521 -3e-06 -6.111298 -15.895334 -3.84047 -3e-06 0.0 1e-06 -10.283371 -5.680288 -4.34184 11.028293 -11.302404 -2.372632 -1.384269 -14.238577 -6.320121 -0.625439 -26.924185 -3.8276 -5.061738 -50.466015 -2.227941 -13.708524 -7.363477 -3.720941 18.141148 -14.052739 -3.242674 7e-06 -18.78727 -3e-06 -0.429711 -8.456043 2.555505 0.0 0.0 -1e-06 -15.923539 -20.094484 -5.473583 30.419218 -7.190826 1.735929 2e-06 -8.162924 -2e-06 -1.861901 -22.861471 -6.167945 -1e-06 -1e-06 -1e-06 174.078415 -12.287474 -0.94577 94.106812 -0.526577 0.505841 -73.368607 -8.126675 -20.58814 -8.864753 1.69911 2.66749 -0.999998 1e-06 0.0 -32.195042 -5.839464 -12.330339 60.886467 0.252344 -0.450943 -79.647598 -8.659456 6.411342 -3.180808 0.435032 1.558641 -1.000002 0.0 -0.0 
0.0 0.0 0.0 0.0 -0.0 0.0 -30.432533 84.722816 96.401489 92.928062 16.33399 89.348999 10.726336 3.226975 0.101218 -7.171828 0.755824 -0.911349 27.409058 3.446845 -2.440426 29.495998 -3.858351 1.69342 -2.638548 -0.259874 -6.655214 -41.471306 -2.355577 -7.085608 6e-06 -0.0 -0.0 -0.137443 0.004398 -0.14018 0.082749 -0.059446 -0.054893 0.096167 0.067252 -0.223594 -112.497269 -70.756813 133.485336 37.272717 -69.287888 -27.227013 74.191879 0.995658 -0.622324 14.797731 17.031897 6.210391 17.636629 -26.322735 52.411198 -19.466661 -14.395604 29.410393 -0.0 -8.774825 -3e-06 16.443386 -18.276367 6.064765 -0.609778 -1.795653 -3.889328 -4.807088 -11.046809 -2.93785 3e-06 -20.976015 2e-06 -5.019975 -25.033554 -4.031878 8e-06 -1e-06 2e-06 -10.634535 -5.686968 -3.565586 10.573271 -17.922951 -3.1139 2e-06 -13.821206 2e-06 -0.501777 -31.181498 -4.027014 -12.193816 -59.197906 7.266587 -13.982718 -7.150198 -2.875041 13.772735 -8.401489 -3.218241 0.347732 -34.211544 0.771659 -0.96303 -17.733362 2.621021 -0.0 -2e-06 0.0 -17.346426 -20.095217 -4.201779 21.757568 -1.638376 3.866427 -0.0 -6.338823 1e-06 -1.69759 -22.591743 -6.194005 0.0 -4e-06 -3e-06 57.357006 -78.046532 144.40892 24.104658 -44.261906 -2.832645 54.721905 0.275604 0.414019 28.956228 19.473186 12.403807 22.182116 -20.375891 49.933323 -16.701813 -16.743528 28.476532 -2e-06 -12.690603 1e-06 15.652866 -17.026339 3.012312 -0.105921 -1.513858 -4.275882 -5.03904 -5.612871 -2.953557 4e-06 -11.020523 -2e-06 -6.111298 -15.895334 -3.840471 -2e-06 2e-06 -2e-06 -10.28337 -5.680288 -4.341838 11.028295 -11.302406 -2.372632 -1.384268 -14.238585 -6.32012 -0.625435 -26.924191 -3.827606 -4.668354 -49.896904 -2.648524 -13.708528 -7.363478 -3.720937 18.141153 -14.052739 -3.242676 6e-06 -18.78727 -4e-06 -0.429713 -8.456047 2.555505 1e-06 1e-06 -0.0 -15.923536 -20.094486 -5.473584 30.419218 -7.190826 1.735925 3e-06 -8.162929 0.0 -1.861904 -22.861471 -6.167943 2e-06 -2e-06 0.0 168.528244 -12.178387 -1.935364 95.696846 -0.336045 0.531543 -77.415352 -10.12007 -19.988825 -9.453005 1.771988 2.512792 -0.999999 1e-06 1e-06 -31.150362 -7.237143 -11.901621 64.698967 0.262066 -0.429725 -85.010666 -7.630949 6.104296 -2.41244 0.393518 1.555942 -1.000001 -0.0 0.0 
0.0 0.0 0.0 0.0 -0.0 0.0 -29.670599 85.313988 99.443039 93.70359 15.48972 89.582253 11.630808 2.814768 0.390362 -6.864298 0.692382 -0.187421 27.104742 2.907316 -1.615948 28.878109 -1.990103 1.915105 -2.666608 -0.42223 -7.318451 -41.298634 -1.864799 -8.189192 6e-06 -0.0 0.0 -0.15095 0.005149 -0.163408 0.08325 -0.045138 -0.061898 0.088316 0.055032 -0.266378 -110.340485 -70.296272 131.449692 32.018864 -69.223892 -18.655005 75.42099 1.323559 -0.308285 15.101721 15.714121 6.004494 17.636627 -26.322733 52.411198 -19.466661 -14.395597 29.410393 -2e-06 -8.774819 -2e-06 16.225735 -18.245552 6.135765 -0.609775 -1.795654 -3.889328 -4.807087 -11.04681 -2.937851 6e-06 -20.976019 -1e-06 -5.019969 -25.03356 -4.031881 6e-06 -1e-06 -0.0 -10.634535 -5.686971 -3.565588 10.573278 -17.922953 -3.113901 4e-06 -13.821212 2e-06 -0.501775 -31.181507 -4.027014 -12.075932 -59.082539 7.171332 -13.982715 -7.150198 -2.875043 13.772731 -8.401491 -3.218241 0.347737 -34.211555 0.771654 -0.963029 -17.73337 2.621021 1e-06 0.0 -0.0 -17.346418 -20.095219 -4.201782 21.757559 -1.638377 3.866428 -0.0 -6.338823 2e-06 -1.697586 -22.591745 -6.194007 -1e-06 -2e-06 -2e-06 59.10619 -81.159515 140.831345 30.512836 -45.767151 -12.073699 58.591679 -0.012978 0.049061 26.902037 21.376936 11.080107 22.182117 -20.3759 49.933327 -16.701817 -16.74353 28.476534 -3e-06 -12.690603 2e-06 15.656295 -16.917723 2.800362 -0.105919 -1.513856 -4.275882 -5.039041 -5.612873 -2.953557 6e-06 -11.020527 -2e-06 -6.111297 -15.895338 -3.840472 0.0 -0.0 -1e-06 -10.283373 -5.680288 -4.341837 11.028297 -11.302406 -2.372633 -1.38427 -14.238585 -6.320118 -0.625439 -26.924192 -3.827601 -4.469509 -49.501377 -2.994203 -13.708527 -7.363475 -3.720938 18.141153 -14.052739 -3.242677 6e-06 -18.787271 -1e-06 -0.429712 -8.456047 2.555505 -1e-06 1e-06 0.0 -15.923536 -20.094484 -5.473585 30.419218 -7.190832 1.735924 1e-06 -8.162925 1e-06 -1.861902 -22.861469 -6.167942 -2e-06 -2e-06 -1e-06 163.606735 -12.975924 -3.360976 91.704063 -0.323074 0.58591 -81.967621 -10.948021 -19.488926 -9.746606 1.793089 2.305965 -0.999995 -1e-06 2e-06 -30.164192 -8.472089 -10.934775 65.52137 0.212025 -0.396692 -87.86937 -7.438845 4.125812 -2.405715 0.378474 1.572501 -1.000002 1e-06 0.0 
0.0 0.0 0.0 0.0 -0.0 0.0 -28.491289 86.977455 102.371132 94.246483 13.953001 90.183128 11.972281 2.391542 0.548534 -6.745189 0.571992 0.263606 26.280882 2.41797 -0.963501 28.560314 -0.053774 2.061152 -2.750041 -0.546933 -7.741116 -40.417084 -1.449004 -8.826248 6e-06 -0.0 0.0 -0.154378 0.008517 -0.147859 0.049323 -0.025005 -0.042461 0.051156 0.041256 -0.256432 -107.865799 -70.54023 129.086273 26.826025 -68.103325 -10.366788 75.889122 1.377302 -0.049558 15.359121 14.511971 5.494496 17.636625 -26.322721 52.41119 -19.466661 -14.395596 29.410389 -1e-06 -8.77482 -1e-06 16.004551 -18.271271 6.290167 -0.609779 -1.795653 -3.889326 -4.807085 -11.046808 -2.937852 2e-06 -20.976011 -2e-06 -5.019964 -25.033552 -4.031883 6e-06 -2e-06 0.0 -10.634533 -5.686969 -3.565586 10.573271 -17.922947 -3.113902 3e-06 -13.821203 -0.0 -0.501774 -31.181498 -4.027017 -11.940915 -59.218197 7.19119 -13.982711 -7.150199 -2.875042 13.772727 -8.401489 -3.218241 0.347731 -34.211544 0.771655 -0.963029 -17.733364 2.621018 1e-06 1e-06 1e-06 -17.346416 -20.095215 -4.201783 21.757555 -1.638374 3.866428 0.0 -6.338823 1e-06 -1.69759 -22.591743 -6.194005 1e-06 -3e-06 -1e-06 61.831352 -82.973251 136.483414 35.291172 -46.876022 -18.519987 62.972843 -0.4298 -0.23214 25.755442 21.95919 9.158973 22.182108 -20.375887 49.933308 -16.701811 -16.743526 28.476526 -4e-06 -12.690598 -1e-06 15.797485 -16.889433 2.563073 -0.105919 -1.513856 -4.275878 -5.039038 -5.612869 -2.953556 4e-06 -11.02052 -4e-06 -6.1113 -15.89533 -3.840472 -1e-06 0.0 0.0 -10.283369 -5.680288 -4.341835 11.028293 -11.302402 -2.372634 -1.384271 -14.238579 -6.320119 -0.625436 -26.924187 -3.827604 -4.462645 -49.413887 -3.140774 -13.708523 -7.363475 -3.720936 18.141146 -14.052739 -3.242672 7e-06 -18.787266 -4e-06 -0.42971 -8.456043 2.555502 1e-06 2e-06 -0.0 -15.923536 -20.094482 -5.47358 30.41921 -7.190823 1.735924 2e-06 -8.162925 -2e-06 -1.861901 -22.861467 -6.167943 -0.0 -6e-06 0.0 160.275635 -14.239319 -5.042285 83.073547 -0.349405 0.588909 -86.20134 -10.659379 -18.879162 -9.592699 1.74813 2.17605 -0.999997 -1e-06 1e-06 -28.439442 -9.429332 -9.942389 63.508678 0.158774 -0.296591 -88.83654 -7.867961 1.427534 -2.849044 0.40462 1.610088 -1.000002 1e-06 -0.0 
0.0 0.0 0.0 0.0 -0.0 0.0 -27.47168 89.439339 104.810905 94.360657 12.252008 90.946609 11.781942 2.122184 0.539373 -6.813727 0.434031 0.459314 25.325518 2.061054 -0.551524 28.810757 1.738719 2.20674 -2.815732 -0.636645 -7.880275 -39.024097 -1.083098 -9.134252 6e-06 -0.0 2e-06 -0.143299 0.010477 -0.094515 -0.00685 -0.021937 -0.002325 -0.006276 0.042045 -0.190062 -105.013641 -71.320587 126.245682 23.998095 -66.876305 -4.884848 74.562256 1.269336 0.097205 15.124761 13.653763 5.047487 17.636627 -26.322729 52.411194 -19.46666 -14.395594 29.410389 -1e-06 -8.774817 -2e-06 15.853301 -18.242775 6.348286 -0.609774 -1.795654 -3.889327 -4.807086 -11.046809 -2.937851 4e-06 -20.976015 -2e-06 -5.019968 -25.033558 -4.031881 5e-06 -0.0 -2e-06 -10.634531 -5.686969 -3.565587 10.573272 -17.922951 -3.113899 2e-06 -13.821209 2e-06 -0.501778 -31.181505 -4.027014 -11.897157 -59.526131 7.335818 -13.982712 -7.150196 -2.875043 13.772726 -8.401491 -3.218241 0.347735 -34.211555 0.771654 -0.96303 -17.73337 2.62102 2e-06 -0.0 -1e-06 -17.346416 -20.095215 -4.201783 21.757555 -1.638376 3.866429 1e-06 -6.338823 2e-06 -1.697589 -22.59174 -6.194005 -2e-06 -4e-06 -2e-06 62.492661 -83.486931 134.702377 38.314056 -47.764641 -22.201799 66.760597 -0.793809 -0.451214 25.156139 21.887901 7.382291 22.182117 -20.375898 49.933327 -16.701809 -16.74353 28.47653 -1e-06 -12.690605 -1e-06 15.984164 -16.950638 2.394728 -0.105919 -1.513856 -4.275881 -5.039042 -5.612871 -2.953555 5e-06 -11.020525 -1e-06 -6.1113 -15.89533 -3.840472 0.0 1e-06 0.0 -10.283372 -5.680288 -4.34184 11.028296 -11.302406 -2.372632 -1.38427 -14.238583 -6.32012 -0.625438 -26.924187 -3.827602 -4.374983 -49.547462 -3.340946 -13.708526 -7.363476 -3.720939 18.141153 -14.052739 -3.242675 5e-06 -18.787271 -1e-06 -0.429712 -8.456044 2.555504 -0.0 -1e-06 1e-06 -15.923539 -20.094484 -5.473585 30.419222 -7.190827 1.735929 2e-06 -8.162928 -0.0 -1.861904 -22.861469 -6.167942 1e-06 -5e-06 -1e-06 159.750565 -15.191157 -6.904447 70.099426 -0.313502 0.537471 -88.638748 -8.891698 -18.720808 -9.755147 1.73712 2.137968 -1.0 1e-06 -0.0 -25.697262 -9.594589 -9.436208 58.622025 0.11211 -0.130021 -87.919464 -8.973734 -0.972407 -3.435864 0.456795 1.653508 -1.000002 -0.0 0.0 
0.0 0.0 0.0 0.0 -0.0 0.0 -26.293093 92.219482 107.042328 93.896233 10.946879 91.570206 11.173924 2.138812 0.378657 -7.071818 0.330693 0.374226 24.445724 1.898723 -0.359921 30.015581 3.199372 2.277955 -2.778621 -0.736226 -7.580122 -37.247337 -0.71445 -9.105088 6e-06 -0.0 1e-06 -0.09643 0.001423 -0.007961 -0.043586 -0.038214 0.053977 -0.043374 0.041364 -0.072933 -101.346756 -72.211487 122.503983 23.613113 -66.26339 -2.28012 71.473289 0.955718 0.150996 14.385659 12.854299 4.883438 17.636629 -26.322731 52.41119 -19.466661 -14.395596 29.410389 -0.0 -8.774821 -2e-06 15.741513 -18.211817 6.327769 -0.609774 -1.795654 -3.889329 -4.807085 -11.046809 -2.93785 4e-06 -20.976019 -0.0 -5.019971 -25.033556 -4.031882 4e-06 -1e-06 0.0 -10.634534 -5.686972 -3.565588 10.573275 -17.922951 -3.113901 1e-06 -13.821209 1e-06 -0.501774 -31.181501 -4.027017 -11.949524 -59.800568 7.598913 -13.982712 -7.150197 -2.875042 13.77273 -8.401491 -3.218241 0.347731 -34.211544 0.771657 -0.963033 -17.73337 2.62102 0.0 -1e-06 -0.0 -17.346416 -20.095217 -4.201783 21.757559 -1.638375 3.866429 1e-06 -6.338823 2e-06 -1.69759 -22.591743 -6.194005 1e-06 -5e-06 -2e-06 61.78751 -83.012054 134.96434 39.406895 -48.894043 -23.134926 69.78595 -0.867887 -0.515716 24.359398 21.67626 6.408338 22.182108 -20.375885 49.933319 -16.701807 -16.743525 28.476526 -2e-06 -12.690598 -2e-06 16.05072 -17.133965 2.359964 -0.10592 -1.513856 -4.275881 -5.03904 -5.612871 -2.953557 4e-06 -11.020519 -3e-06 -6.111296 -15.895329 -3.840473 -0.0 -1e-06 1e-06 -10.283367 -5.680288 -4.341838 11.02829 -11.302402 -2.372634 -1.384268 -14.238578 -6.320122 -0.625437 -26.924177 -3.827603 -4.189638 -49.849899 -3.602173 -13.70852 -7.363475 -3.720941 18.141146 -14.052738 -3.242675 6e-06 -18.787266 -2e-06 -0.429712 -8.456045 2.555504 -0.0 -0.0 0.0 -15.923528 -20.094479 -5.473586 30.419193 -7.190823 1.735925 2e-06 -8.162926 -1e-06 -1.8619 -22.861467 -6.167942 -0.0 -5e-06 0.0 163.06337 -15.32711 -8.769802 53.012386 -0.181493 0.560747 -87.425034 -5.505367 -19.685612 -10.086196 1.796629 2.148951 -0.999999 0.0 -0.0 -21.669662 -9.101924 -9.284244 51.650078 0.104836 0.014677 -85.671661 -10.126483 -2.874475 -3.924139 0.505537 1.687129 -1.000001 -0.0 0.0 
0.0 0.0 0.0 0.0 -0.0 0.0 -24.626904 94.68821 109.396721 92.848274 10.211761 91.785278 10.19953 2.417506 0.202755 -7.495066 0.253777 0.173476 23.703039 2.054326 -0.500942 32.07769 4.438034 2.255087 -2.676708 -0.850439 -6.894649 -35.101406 -0.460543 -8.535456 6e-06 -0.0 0.0 -0.049368 -0.018318 0.063826 -0.052694 -0.061682 0.088202 -0.059957 0.028213 0.036002 -96.733734 -73.132629 117.645805 24.222507 -66.476013 -1.130006 67.400795 0.459652 0.069238 13.390215 12.093851 4.81265 17.636635 -26.322748 52.411213 -19.466663 -14.395598 29.410395 -1e-06 -8.774824 -2e-06 15.437841 -18.205025 6.390544 -0.609777 -1.795654 -3.889327 -4.807088 -11.046813 -2.937851 4e-06 -20.976021 2e-06 -5.019972 -25.033558 -4.031882 7e-06 -0.0 1e-06 -10.634535 -5.686972 -3.565588 10.573277 -17.922955 -3.1139 3e-06 -13.821211 3e-06 -0.501778 -31.181511 -4.027017 -11.853613 -59.715096 7.800978 -13.982714 -7.150198 -2.875045 13.772733 -8.401491 -3.218241 0.34773 -34.211555 0.771662 -0.963031 -17.73337 2.621023 -1e-06 -1e-06 0.0 -17.346418 -20.095221 -4.201784 21.757561 -1.638376 3.866429 -3e-06 -6.338826 2e-06 -1.697586 -22.591745 -6.194008 0.0 -6e-06 -1e-06 62.70182 -81.86779 134.317413 38.735939 -50.242943 -21.433941 72.482407 -0.593588 -0.393464 22.734549 21.118364 6.101009 22.182121 -20.375891 49.9333 -16.701811 -16.74353 28.476526 -2e-06 -12.690603 -2e-06 15.831342 -17.274776 2.486291 -0.105919 -1.513856 -4.275881 -5.039041 -5.612871 -2.953556 4e-06 -11.020523 -1e-06 -6.111298 -15.895334 -3.840469 -1e-06 -0.0 1e-06 -10.283371 -5.680288 -4.341838 11.028295 -11.302404 -2.372632 -1.38427 -14.238581 -6.32012 -0.625439 -26.924189 -3.827601 -4.088329 -50.007168 -3.592015 -13.708527 -7.363475 -3.720938 18.14115 -14.052738 -3.242674 6e-06 -18.787268 -3e-06 -0.429712 -8.456047 2.555504 1e-06 -1e-06 -0.0 -15.923536 -20.094484 -5.473582 30.41921 -7.190826 1.735927 2e-06 -8.162925 -1e-06 -1.861904 -22.861467 -6.167942 0.0 -4e-06 -1e-06 168.968048 -14.938706 -10.077145 35.008846 -0.030141 0.584405 -80.745529 -1.164802 -20.174719 -10.143044 1.829346 2.151212 -0.999999 1e-06 0.0 -16.644428 -8.151481 -9.068604 43.709606 0.107985 0.07083 -83.195663 -10.804763 -4.473104 -4.229459 0.557559 1.707892 -1.000002 0.0 0.0 
0.0 0.0 0.0 0.0 -0.0 0.0 -22.645998 96.497154 111.866318 91.770164 9.883917 91.583054 9.132545 2.489382 -0.083579 -7.949499 0.14795 -0.118003 22.957264 2.329461 -0.93526 34.133381 5.471272 2.237421 -2.543609 -0.754846 -6.002876 -32.470432 -0.496108 -7.554971 6e-06 -0.0 1e-06 -0.027358 -0.023901 0.074426 -0.045576 -0.047602 0.075342 -0.044608 0.001666 0.070234 -92.607018 -73.954269 112.983765 24.682245 -66.846077 -0.381712 63.219986 -0.252132 -0.083475 12.395634 10.976847 5.011122 17.636641 -26.322735 52.411186 -19.466661 -14.395597 29.410385 0.0 -8.774824 -3e-06 15.260111 -18.162813 6.359798 -0.609777 -1.795654 -3.889327 -4.807091 -11.046812 -2.93785 1e-06 -20.976019 3e-06 -5.019975 -25.03356 -4.031882 6e-06 -1e-06 0.0 -10.634537 -5.686971 -3.565588 10.573271 -17.922953 -3.1139 -0.0 -13.821212 4e-06 -0.501777 -31.181511 -4.027017 -11.828292 -59.507206 7.777158 -13.982719 -7.150201 -2.875042 13.772734 -8.401492 -3.21824 0.347732 -34.211555 0.771658 -0.963031 -17.733372 2.621022 -0.0 0.0 2e-06 -17.346424 -20.095221 -4.201779 21.757561 -1.638374 3.866428 -3e-06 -6.338824 2e-06 -1.697592 -22.591751 -6.194005 1e-06 -3e-06 -2e-06 64.278542 -80.406586 133.325546 36.580318 -51.475178 -17.462658 74.97187 -0.056896 -0.20856 20.432745 19.95966 6.083494 22.182117 -20.375891 49.933315 -16.701817 -16.743528 28.476532 -3e-06 -12.690601 -2e-06 15.531067 -17.299866 2.581986 -0.105919 -1.513856 -4.27588 -5.039042 -5.612873 -2.953557 4e-06 -11.020527 -3e-06 -6.1113 -15.895338 -3.840472 -0.0 1e-06 0.0 -10.283372 -5.680289 -4.341839 11.028296 -11.302406 -2.372633 -1.384271 -14.238583 -6.320121 -0.62544 -26.924191 -3.827603 -4.268084 -49.882298 -3.352947 -13.708526 -7.363477 -3.720938 18.141151 -14.052741 -3.242675 6e-06 -18.787271 -4e-06 -0.429713 -8.456043 2.555503 0.0 -1e-06 1e-06 -15.923539 -20.09449 -5.473584 30.419222 -7.190827 1.735928 3e-06 -8.16293 -1e-06 -1.861902 -22.861473 -6.167945 1e-06 -5e-06 -1e-06 174.20314 -14.05217 -10.29124 23.317545 0.017957 0.296488 -71.380409 0.92211 -16.678049 -8.500771 1.639684 2.159637 -0.999998 1e-06 0.0 -11.681 -7.396002 -8.592307 36.499462 0.039642 -0.031359 -80.893814 -10.757445 -6.161712 -4.612354 0.6005 1.722621 -1.000003 1e-06 0.0 
0.0 0.0 0.0 0.0 -0.0 0.0 -20.799173 97.504166 114.048347 91.098076 9.733014 91.111343 8.187793 2.12474 -0.234233 -8.33243 -0.00378 -0.433954 22.176079 2.541871 -1.533502 36.195312 6.420387 2.085716 -2.588577 -0.6035 -5.197483 -30.582989 -0.551453 -6.545129 5e-06 0.0 1e-06 -0.040885 -0.027263 0.084895 -0.112215 -0.008117 0.062529 -0.118423 -0.043555 0.104735 -89.687744 -74.801003 109.76902 26.873247 -66.208878 -0.646061 59.215569 -0.668942 -0.331011 11.395226 9.283582 5.322435 17.636631 -26.322741 52.411213 -19.466665 -14.395598 29.410395 0.0 -8.774824 -3e-06 15.053701 -18.29727 6.410315 -0.609778 -1.795654 -3.88933 -4.807089 -11.046813 -2.93785 2e-06 -20.976021 -1e-06 -5.019972 -25.033558 -4.031882 5e-06 -0.0 1e-06 -10.634537 -5.686973 -3.565589 10.573279 -17.922951 -3.1139 2e-06 -13.821211 2e-06 -0.501779 -31.181505 -4.027017 -11.437449 -59.256489 7.382316 -13.982718 -7.150198 -2.875043 13.772733 -8.401491 -3.218241 0.347731 -34.211555 0.771656 -0.963031 -17.73337 2.621022 -1e-06 -1e-06 -2e-06 -17.34642 -20.095219 -4.201783 21.757559 -1.638375 3.866429 0.0 -6.338825 1e-06 -1.69759 -22.591743 -6.194007 0.0 -4e-06 -3e-06 65.280685 -78.559349 133.171463 33.506966 -52.593109 -13.31229 77.177086 0.418963 0.156804 18.495123 19.191332 5.980893 22.182116 -20.3759 49.933323 -16.701811 -16.743528 28.47653 -6e-06 -12.690598 -1e-06 15.487617 -17.525072 2.808051 -0.10592 -1.513856 -4.275882 -5.039041 -5.612871 -2.953557 5e-06 -11.020525 -2e-06 -6.111298 -15.895334 -3.840469 0.0 -0.0 1e-06 -10.283369 -5.680288 -4.34184 11.028294 -11.302406 -2.37263 -1.384268 -14.238583 -6.320121 -0.625438 -26.924191 -3.8276 -4.363152 -50.203011 -3.133352 -13.708524 -7.363475 -3.72094 18.141146 -14.052739 -3.242673 7e-06 -18.78727 -2e-06 -0.429712 -8.456045 2.555503 0.0 1e-06 1e-06 -15.923532 -20.094482 -5.473586 30.419207 -7.190827 1.735927 3e-06 -8.162929 -0.0 -1.861902 -22.861469 -6.167941 0.0 -4e-06 -1e-06 177.996597 -13.030953 -11.005895 18.894045 0.051073 0.187875 -72.208122 0.775402 -14.676109 -7.195634 1.587612 2.149748 -1.0 -1e-06 0.0 -7.896606 -7.287788 -7.988652 31.386209 0.008529 -0.068381 -79.507225 -10.291382 -7.460987 -5.073543 0.56132 1.696055 -1.000002 1e-06 0.0 
0.0 0.0 0.0 0.0 -0.0 0.0 -19.280407 98.163399 115.819038 91.183784 9.52354 90.805382 7.462537 1.347586 -0.297984 -8.627888 -0.170885 -0.726282 21.756891 2.348429 -2.195017 37.428635 7.182272 2.080589 -2.593874 -0.584052 -4.696979 -29.351635 -0.363756 -6.087809 4e-06 -0.0 1e-06 -0.059353 -0.027273 0.07988 -0.142562 0.017492 0.049523 -0.149484 -0.069419 0.108874 -89.450363 -75.722801 109.051804 30.481775 -64.364265 -1.752836 55.373882 -0.673712 -0.370683 10.710667 7.727571 5.537197 17.636629 -26.322729 52.411182 -19.466656 -14.395597 29.410385 -1e-06 -8.77482 -2e-06 15.020492 -18.387236 6.3528 -0.609777 -1.795653 -3.889327 -4.807086 -11.046809 -2.937849 4e-06 -20.976015 -1e-06 -5.019967 -25.033552 -4.03188 7e-06 0.0 0.0 -10.634529 -5.686967 -3.565587 10.573271 -17.922945 -3.113899 3e-06 -13.821206 1e-06 -0.501779 -31.181498 -4.027013 -11.369261 -59.259861 7.204745 -13.982711 -7.150196 -2.875042 13.772728 -8.401488 -3.21824 0.347735 -34.211552 0.771657 -0.96303 -17.733368 2.621021 -1e-06 -1e-06 -1e-06 -17.346413 -20.095211 -4.20178 21.757555 -1.638375 3.866428 2e-06 -6.338822 -1e-06 -1.69759 -22.591738 -6.194004 -2e-06 -2e-06 -2e-06 63.975082 -76.79406 135.14119 30.542717 -54.028465 -11.035783 78.018837 0.668356 0.282547 17.797592 19.822361 5.552406 22.182116 -20.375891 49.933315 -16.701817 -16.74353 28.47653 -3e-06 -12.690602 1e-06 15.526175 -17.545441 2.905409 -0.105919 -1.513856 -4.275881 -5.03904 -5.612871 -2.953556 5e-06 -11.020524 -2e-06 -6.111297 -15.895334 -3.840471 1e-06 -0.0 0.0 -10.283371 -5.680288 -4.341839 11.028296 -11.302406 -2.372633 -1.384269 -14.238583 -6.320121 -0.625438 -26.924194 -3.827602 -4.432251 -50.38126 -3.022374 -13.708524 -7.363476 -3.720938 18.14115 -14.052739 -3.242675 6e-06 -18.78727 -3e-06 -0.429711 -8.456042 2.555503 0.0 1e-06 -0.0 -15.923536 -20.094482 -5.473585 30.41921 -7.190825 1.735925 3e-06 -8.162927 -0.0 -1.861902 -22.861471 -6.167941 -0.0 -3e-06 -1e-06 -179.550186 -11.653856 -11.823888 16.304863 0.073092 0.088699 -72.358368 0.668567 -13.709385 -6.471656 1.572579 2.144697 -0.999999 0.0 0.0 -5.424666 -8.000657 -7.296217 28.20545 -0.022525 -0.100437 -78.395279 -9.886578 -8.694738 -5.419298 0.553801 1.67665 -1.000002 0.0 0.0 
0.0 0.0 0.0 0.0 -0.0 0.0 -18.104246 98.522392 117.307686 91.62426 9.291909 90.636047 7.005017 0.5398 -0.329709 -8.790451 -0.358649 -0.902645 21.583572 1.8869 -2.683698 38.093925 7.610471 2.197105 -2.591158 -0.574875 -4.47232 -28.633373 -0.037062 -5.884021 5e-06 0.0 1e-06 -0.069301 -0.035522 0.091798 -0.131525 0.026714 0.062524 -0.145518 -0.095023 0.121164 -90.832542 -76.575974 109.905357 35.319332 -61.869392 -3.775422 51.546051 -0.273146 -0.237843 10.03659 6.523548 5.866411 17.636627 -26.322733 52.411209 -19.466665 -14.395598 29.410395 -1e-06 -8.774821 -1e-06 15.09019 -18.46933 6.385467 -0.609775 -1.795652 -3.88933 -4.807093 -11.046813 -2.93785 3e-06 -20.976021 1e-06 -5.019971 -25.033562 -4.031882 8e-06 0.0 1e-06 -10.634535 -5.686972 -3.565589 10.573277 -17.922955 -3.113902 2e-06 -13.821213 -1e-06 -0.501779 -31.181505 -4.027017 -11.514187 -59.443943 7.297034 -13.982716 -7.150198 -2.875043 13.772733 -8.401495 -3.218239 0.347738 -34.211559 0.771652 -0.963031 -17.73337 2.621023 1e-06 -1e-06 -1e-06 -17.346418 -20.095219 -4.201786 21.757559 -1.638376 3.866429 3e-06 -6.338825 -1e-06 -1.697587 -22.591749 -6.194008 -1e-06 -2e-06 -2e-06 63.0326 -75.65374 136.64267 28.681894 -56.272068 -10.909561 76.758972 0.57768 0.127488 17.59572 21.947744 4.618648 22.182123 -20.375902 49.933327 -16.701818 -16.743532 28.47654 -4e-06 -12.690603 -0.0 15.539985 -17.382158 2.921844 -0.10592 -1.513856 -4.275884 -5.039042 -5.612873 -2.953558 4e-06 -11.020527 -2e-06 -6.111298 -15.895338 -3.840472 -1e-06 -1e-06 -1e-06 -10.283373 -5.680289 -4.34184 11.028297 -11.302409 -2.372633 -1.384267 -14.238584 -6.320123 -0.625437 -26.9242 -3.827601 -4.286051 -50.262283 -3.048361 -13.708527 -7.363477 -3.720941 18.141155 -14.052744 -3.242676 8e-06 -18.787275 -1e-06 -0.429713 -8.45605 2.555506 1e-06 1e-06 -1e-06 -15.923536 -20.094492 -5.473589 30.419218 -7.190831 1.735926 3e-06 -8.162929 -1e-06 -1.861902 -22.861479 -6.167942 0.0 -1e-06 -1e-06 -178.077942 -10.31646 -12.73918 15.112729 0.094643 0.073881 -72.686409 0.926706 -13.031302 -6.155025 1.574486 2.143435 -0.999999 -1e-06 0.0 -3.759624 -9.01751 -6.711646 26.249413 -0.052434 -0.028234 -78.026421 -9.772229 -9.744199 -5.564637 0.564278 1.667052 -1.000003 0.0 0.0 
0.0 0.0 0.0 0.0 -0.0 0.0 -17.149105 98.756775 118.514587 91.859779 8.986273 90.322853 6.692495 -0.039755 -0.357956 -8.874517 -0.505403 -0.95869 21.513664 1.394383 -2.893141 38.524151 7.728356 2.307944 -2.587003 -0.50015 -4.329283 -28.083212 0.281713 -5.725549 6e-06 -0.0 1e-06 -0.075854 -0.043406 0.096327 -0.102573 0.027065 0.072288 -0.125271 -0.110929 0.121257 -91.762047 -77.236237 110.375008 40.381485 -59.793499 -6.806965 48.438782 0.068049 -0.063709 9.325071 5.921766 6.391541 17.636631 -26.322741 52.411205 -19.466663 -14.395598 29.410389 -1e-06 -8.774821 -3e-06 15.20188 -18.46652 6.406368 -0.609777 -1.795652 -3.88933 -4.807089 -11.046813 -2.937849 4e-06 -20.976019 1e-06 -5.019972 -25.033562 -4.031881 6e-06 2e-06 -0.0 -10.634535 -5.68697 -3.565587 10.573271 -17.922949 -3.113898 3e-06 -13.821205 0.0 -0.501781 -31.181505 -4.027012 -11.623359 -59.510353 7.358265 -13.982716 -7.150198 -2.875043 13.77273 -8.401492 -3.218239 0.347736 -34.211555 0.771654 -0.963029 -17.73337 2.621019 0.0 1e-06 -1e-06 -17.346415 -20.095217 -4.201784 21.757557 -1.638375 3.866426 3e-06 -6.338823 1e-06 -1.697588 -22.591745 -6.194005 -1e-06 -2e-06 -2e-06 63.393536 -75.349449 136.501572 28.143185 -58.823215 -11.026047 72.562363 0.496645 -0.06122 16.390467 24.046175 3.341273 22.18211 -20.375887 49.9333 -16.701809 -16.743528 28.476519 -5e-06 -12.690598 0.0 15.521868 -17.260324 2.845141 -0.105918 -1.513855 -4.275879 -5.03904 -5.61287 -2.953555 6e-06 -11.020523 -3e-06 -6.111296 -15.89533 -3.840469 0.0 -1e-06 -0.0 -10.283369 -5.680286 -4.341838 11.028294 -11.302404 -2.372633 -1.384269 -14.238579 -6.320119 -0.625435 -26.924185 -3.827601 -4.029438 -49.992149 -3.182302 -13.708523 -7.363472 -3.720938 18.141146 -14.052738 -3.242674 8e-06 -18.787266 -3e-06 -0.429711 -8.456043 2.555504 -0.0 -1e-06 -1e-06 -15.923531 -20.094481 -5.473582 30.419207 -7.190826 1.735923 3e-06 -8.162925 -1e-06 -1.861901 -22.861467 -6.167942 0.0 -4e-06 -0.0 -177.149521 -9.381372 -13.595051 14.45906 0.105293 0.129745 -73.154297 1.198829 -12.402281 -6.030426 1.581758 2.141316 -1.0 1e-06 -0.0 -2.508891 -9.742866 -6.289247 24.5065 -0.073146 0.076379 -77.758331 -9.62429 -10.478372 -5.62132 0.58838 1.666793 -1.000001 0.0 -0.0 
0.0 0.0 0.0 0.0 -0.0 0.0 -16.321131 98.940292 119.472488 91.73745 8.563484 89.743134 6.409761 -0.405788 -0.356129 -8.952687 -0.590557 -0.923221 21.388256 1.067209 -2.817603 39.043476 7.612619 2.417879 -2.575514 -0.398131 -4.153879 -27.471401 0.574093 -5.591585 6e-06 0.0 1e-06 -0.07511 -0.037661 0.069083 -0.085876 0.032187 0.044892 -0.121262 -0.103903 0.0949 -91.315872 -77.63179 109.434494 44.212322 -58.801769 -9.68355 47.182011 0.140896 0.076925 9.113473 5.683221 6.655238 17.636625 -26.322721 52.411186 -19.466665 -14.395598 29.410389 -1e-06 -8.774821 -3e-06 15.245514 -18.448103 6.411099 -0.609778 -1.795655 -3.88933 -4.807088 -11.046809 -2.937851 7e-06 -20.976019 -4e-06 -5.019969 -25.03356 -4.031883 7e-06 2e-06 2e-06 -10.634535 -5.686971 -3.56559 10.573272 -17.922949 -3.113902 4e-06 -13.821209 -2e-06 -0.501774 -31.181505 -4.02702 -11.670645 -59.399479 7.369257 -13.982714 -7.150197 -2.875041 13.772731 -8.401491 -3.218243 0.347738 -34.211552 0.771651 -0.96303 -17.73337 2.621017 2e-06 0.0 1e-06 -17.346416 -20.095217 -4.20178 21.757559 -1.638374 3.866425 3e-06 -6.338823 -0.0 -1.697588 -22.591749 -6.194006 1e-06 -3e-06 -4e-06 63.91431 -75.573418 135.93222 28.421633 -60.419083 -9.59203 66.045227 0.69668 -0.013073 13.667919 24.889526 1.781468 22.182108 -20.375889 49.933311 -16.701817 -16.74353 28.47653 -3e-06 -12.690601 -0.0 15.45822 -17.251654 2.74222 -0.105917 -1.513856 -4.275882 -5.03904 -5.612871 -2.953556 2e-06 -11.020521 -3e-06 -6.111296 -15.89533 -3.840471 1e-06 -1e-06 -0.0 -10.283369 -5.680289 -4.341837 11.028296 -11.302402 -2.372633 -1.384267 -14.238578 -6.320122 -0.625432 -26.924187 -3.827603 -3.893949 -49.869431 -3.248903 -13.708524 -7.363475 -3.720938 18.141146 -14.052734 -3.242674 8e-06 -18.787264 -4e-06 -0.42971 -8.456039 2.555501 -1e-06 0.0 0.0 -15.923532 -20.094481 -5.473583 30.41921 -7.190823 1.735923 1e-06 -8.162922 -2e-06 -1.861902 -22.861467 -6.167942 0.0 -2e-06 -1e-06 -176.421555 -8.786933 -14.045074 13.595647 0.099348 0.217341 -73.707176 0.88276 -11.966607 -5.959925 1.57513 2.13459 -0.999999 1e-06 0.0 -1.529004 -10.079364 -6.132279 22.579735 -0.068134 0.148281 -77.32769 -9.161101 -10.776059 -5.636908 0.613949 1.676509 -1.000002 -0.0 0.0 
0.0 0.0 0.0 0.0 -0.0 0.0 -15.434265 99.135117 120.206085 91.468887 8.101802 89.033051 6.097585 -0.714165 -0.316988 -9.075822 -0.635857 -0.829618 21.232254 0.867473 -2.587789 39.639984 7.456658 2.571193 -2.569876 -0.359599 -3.936164 -26.740883 0.82041 -5.458442 5e-06 1e-06 0.0 -0.073119 -0.014478 0.014896 -0.088925 0.051919 -0.017535 -0.137226 -0.07625 0.049308 -90.567245 -77.743652 108.12957 46.172157 -58.552158 -10.934927 47.736839 0.145878 0.159155 9.663152 5.296554 6.390526 17.636639 -26.322741 52.41119 -19.466661 -14.395598 29.410389 1e-06 -8.774824 -3e-06 15.218884 -18.455345 6.39623 -0.609775 -1.795653 -3.889326 -4.807093 -11.046813 -2.93785 5e-06 -20.976021 3e-06 -5.019972 -25.033562 -4.031878 6e-06 1e-06 -1e-06 -10.634537 -5.686973 -3.565587 10.573276 -17.922953 -3.113897 2e-06 -13.821211 1e-06 -0.501782 -31.181511 -4.027014 -11.604981 -59.226238 7.281945 -13.982717 -7.1502 -2.875042 13.772732 -8.401492 -3.218237 0.347734 -34.211559 0.771658 -0.963032 -17.73337 2.621022 0.0 -1e-06 0.0 -17.346422 -20.095219 -4.201778 21.757559 -1.638374 3.866428 2e-06 -6.338825 1e-06 -1.697593 -22.591749 -6.194002 -0.0 -4e-06 -0.0 62.409523 -75.636795 137.358521 28.573957 -60.416847 -6.324088 59.454391 0.783288 0.082186 10.853951 24.242323 0.017125 22.182114 -20.375895 49.933331 -16.701813 -16.743528 28.476534 -2e-06 -12.6906 -2e-06 15.479179 -17.376049 2.635138 -0.105917 -1.513854 -4.275881 -5.039045 -5.612873 -2.953556 1e-06 -11.020525 -2e-06 -6.111297 -15.895334 -3.840471 -1e-06 0.0 0.0 -10.283371 -5.68029 -4.34184 11.028296 -11.302404 -2.372633 -1.384269 -14.238583 -6.320123 -0.625439 -26.924191 -3.827602 -3.95083 -49.792328 -3.359117 -13.708526 -7.363478 -3.720938 18.14115 -14.052739 -3.242675 5e-06 -18.78727 -3e-06 -0.429714 -8.456043 2.555502 -0.0 1e-06 0.0 -15.923536 -20.094484 -5.473585 30.419214 -7.190824 1.735925 2e-06 -8.162927 -1e-06 -1.861903 -22.861471 -6.167945 0.0 -3e-06 0.0 -175.903717 -8.203713 -14.023284 12.618809 0.079217 0.276813 -74.025383 -0.032405 -11.675503 -5.968252 1.556275 2.123698 -0.999999 1e-06 0.0 -0.615972 -10.325494 -6.144039 20.314663 -0.04875 0.171696 -76.449623 -8.48237 -10.968724 -5.634872 0.655524 1.694375 -1.000002 1e-06 0.0 
0.0 0.0 0.0 0.0 -0.0 0.0 -14.480704 99.349686 120.858322 91.222466 7.785163 88.283676 5.736155 -1.011741 -0.265391 -9.223854 -0.666434 -0.68882 21.11595 0.721666 -2.408881 40.280136 7.270561 2.653155 -2.554019 -0.385475 -3.54066 -26.020401 1.016806 -5.242087 6e-06 -0.0 1e-06 -0.072175 0.003981 -0.014434 -0.104323 0.067188 -0.055532 -0.153747 -0.054073 0.028224 -90.699852 -77.626526 107.860138 46.778702 -58.346844 -10.425955 48.587261 0.197555 0.213794 10.349118 4.334946 6.01254 17.636621 -26.322721 52.411182 -19.466661 -14.395594 29.410389 1e-06 -8.774821 -1e-06 15.199161 -18.463295 6.404836 -0.609779 -1.795655 -3.889327 -4.807087 -11.046807 -2.937851 4e-06 -20.976015 -1e-06 -5.019968 -25.033556 -4.031882 6e-06 1e-06 1e-06 -10.634533 -5.68697 -3.565588 10.573271 -17.922949 -3.1139 3e-06 -13.821206 -0.0 -0.501778 -31.181505 -4.027017 -11.659772 -59.216724 7.325657 -13.982712 -7.150198 -2.87504 13.772727 -8.40149 -3.218244 0.347737 -34.211544 0.771648 -0.96303 -17.733366 2.621016 0.0 -1e-06 -0.0 -17.346418 -20.095217 -4.20178 21.757555 -1.638376 3.866424 -0.0 -6.33882 -2e-06 -1.697589 -22.591745 -6.19401 1e-06 -3e-06 -1e-06 59.209068 -75.302399 140.684296 28.594797 -59.452454 -2.90432 54.638599 0.629746 0.02156 9.293484 22.816071 -1.963387 22.182114 -20.375898 49.933323 -16.701811 -16.74353 28.476528 -3e-06 -12.690601 -1e-06 15.674038 -17.498579 2.506254 -0.105917 -1.513854 -4.275882 -5.039042 -5.612871 -2.953557 1e-06 -11.02052 -2e-06 -6.111294 -15.895329 -3.840471 -2e-06 0.0 0.0 -10.28337 -5.680287 -4.341839 11.028293 -11.302405 -2.372632 -1.384269 -14.238581 -6.320122 -0.625437 -26.924191 -3.8276 -4.119895 -49.730011 -3.458164 -13.708527 -7.363474 -3.720939 18.14115 -14.052739 -3.242674 7e-06 -18.78727 -1e-06 -0.429713 -8.456041 2.555504 1e-06 -1e-06 -0.0 -15.923538 -20.094481 -5.473584 30.41921 -7.190826 1.735926 3e-06 -8.162925 -0.0 -1.861903 -22.861467 -6.167941 -1e-06 -4e-06 -0.0 -175.377029 -7.518751 -13.871186 11.550535 0.063049 0.289981 -74.054436 -1.071638 -11.511866 -6.060098 1.53911 2.113263 -1.0 1e-06 0.0 0.563254 -10.608437 -6.099995 17.671265 -0.033586 0.181956 -75.23983 -7.812411 -11.280189 -5.717169 0.692849 1.707796 -1.000002 1e-06 0.0 
0.0 0.0 0.0 0.0 -0.0 0.0 -13.604672 99.514816 121.453438 91.048775 7.728702 87.650444 5.348894 -1.285638 -0.221046 -9.375565 -0.698913 -0.571735 20.997637 0.613602 -2.356647 40.934456 7.034129 2.650615 -2.533768 -0.466032 -3.051222 -25.337959 1.18189 -4.960516 6e-06 0.0 0.0 -0.069891 0.005002 -0.002575 -0.124078 0.063846 -0.052403 -0.168942 -0.048413 0.048108 -92.221138 -77.422302 109.203552 46.753067 -57.808289 -8.841919 48.220024 0.178813 0.219512 10.588949 2.880166 6.171395 17.636627 -26.322742 52.411213 -19.466665 -14.395597 29.410398 1e-06 -8.774823 -1e-06 15.272107 -18.494341 6.429518 -0.609775 -1.795653 -3.88933 -4.807092 -11.046814 -2.937852 3e-06 -20.976021 1e-06 -5.019971 -25.033564 -4.031879 6e-06 2e-06 2e-06 -10.634535 -5.686973 -3.56559 10.573275 -17.922953 -3.113901 1e-06 -13.821212 2e-06 -0.501781 -31.181511 -4.027018 -11.840075 -59.42942 7.510672 -13.982717 -7.150201 -2.875045 13.772731 -8.401493 -3.218243 0.347734 -34.211559 0.771655 -0.963029 -17.733372 2.62102 -1e-06 0.0 -0.0 -17.346422 -20.095221 -4.201783 21.757561 -1.638376 3.866429 -1e-06 -6.338822 1e-06 -1.697592 -22.591751 -6.194005 -0.0 -4e-06 -1e-06 56.213207 -74.751823 143.97287 28.905945 -58.343475 -0.426114 51.316261 0.575301 -0.047906 8.409403 21.267782 -4.304396 22.18211 -20.3759 49.933331 -16.701815 -16.743528 28.476536 -3e-06 -12.6906 -0.0 15.859805 -17.564873 2.456678 -0.105918 -1.513857 -4.275882 -5.03904 -5.61287 -2.953557 0.0 -11.020525 1e-06 -6.111298 -15.895334 -3.840469 0.0 -0.0 -0.0 -10.283369 -5.680289 -4.341838 11.028294 -11.302406 -2.372633 -1.384268 -14.238583 -6.320121 -0.62544 -26.924194 -3.827601 -4.264688 -49.747265 -3.452307 -13.708524 -7.363476 -3.72094 18.14115 -14.052739 -3.242675 5e-06 -18.787271 -1e-06 -0.429713 -8.456042 2.555504 1e-06 -1e-06 1e-06 -15.923534 -20.094482 -5.473585 30.419214 -7.190826 1.735925 5e-06 -8.162929 -0.0 -1.861904 -22.861473 -6.167942 0.0 -5e-06 -1e-06 -174.777145 -6.855176 -13.774174 10.436377 0.060586 0.291048 -73.890503 -1.831122 -11.38341 -6.115016 1.529224 2.106427 -0.999999 -0.0 0.0 2.065754 -10.905569 -6.05336 14.914744 -0.026445 0.185991 -73.872734 -7.171064 -11.705335 -5.831283 0.70966 1.712146 -1.000002 -0.0 0.0 
0.0 0.0 0.0 0.0 -0.0 0.0 -12.926404 99.602036 122.007263 90.963539 7.896811 87.158691 4.915787 -1.524481 -0.157481 -9.519154 -0.751092 -0.518496 20.85885 0.520835 -2.386102 41.536217 6.741921 2.613601 -2.520097 -0.511302 -2.685955 -24.672966 1.306341 -4.652777 5e-06 0.0 1e-06 -0.065658 -0.003974 0.021964 -0.130812 0.051837 -0.032118 -0.177863 -0.053915 0.077061 -94.949333 -77.209877 111.922707 46.727455 -57.011044 -7.10766 46.295704 0.044575 0.138652 10.469779 1.26348 6.878572 17.636627 -26.322725 52.411179 -19.466663 -14.395596 29.410381 -1e-06 -8.774822 1e-06 15.398744 -18.555128 6.436588 -0.609776 -1.795655 -3.889327 -4.807087 -11.046809 -2.93785 4e-06 -20.976019 3e-06 -5.019974 -25.033556 -4.031876 6e-06 1e-06 -0.0 -10.634533 -5.686969 -3.565585 10.573275 -17.922947 -3.113899 0.0 -13.821209 0.0 -0.50178 -31.181498 -4.027014 -12.009849 -59.571995 7.673267 -13.982711 -7.150197 -2.87504 13.772727 -8.401489 -3.218241 0.347737 -34.211552 0.771656 -0.963032 -17.73337 2.621022 -0.0 -0.0 -1e-06 -17.346413 -20.095215 -4.201779 21.757555 -1.638374 3.866426 2e-06 -6.338824 3e-06 -1.697585 -22.591745 -6.194007 -1e-06 -5e-06 -2e-06 53.872871 -74.088295 146.509201 29.3524 -57.268822 1.540485 48.630009 0.669072 -0.056661 7.45725 19.527761 -6.895252 22.182114 -20.375895 49.933319 -16.701815 -16.74353 28.476534 -3e-06 -12.690603 -1e-06 15.933464 -17.591103 2.500226 -0.105922 -1.513857 -4.275882 -5.039042 -5.612873 -2.953557 7e-06 -11.020524 -3e-06 -6.111297 -15.895332 -3.840471 0.0 -0.0 0.0 -10.283369 -5.680288 -4.341839 11.028291 -11.302406 -2.372633 -1.384268 -14.238581 -6.320121 -0.625437 -26.924191 -3.827603 -4.346514 -49.789139 -3.381825 -13.708522 -7.363476 -3.720941 18.141151 -14.052739 -3.242675 8e-06 -18.78727 -1e-06 -0.429711 -8.456042 2.555504 2e-06 -0.0 0.0 -15.923532 -20.094482 -5.473586 30.41921 -7.190826 1.735926 4e-06 -8.162924 -1e-06 -1.861902 -22.861469 -6.167941 -1e-06 -2e-06 0.0 -174.084625 -6.30254 -13.816318 9.342132 0.050321 0.277303 -73.638367 -2.219551 -11.243483 -6.121425 1.537483 2.105168 -1.0 1e-06 -0.0 3.610544 -11.168914 -6.049014 12.318251 -0.024106 0.176487 -72.733635 -6.791685 -12.115588 -5.913739 0.708305 1.708015 -1.000002 0.0 0.0 
0.0 0.0 0.0 0.0 -0.0 0.0 -12.46318 99.638313 122.526131 90.925087 8.210107 86.827591 4.413458 -1.698431 -0.080872 -9.664709 -0.813427 -0.51684 20.733419 0.399045 -2.442533 42.057659 6.443172 2.563405 -2.517431 -0.516857 -2.482487 -24.02392 1.386047 -4.349625 6e-06 -0.0 1e-06 -0.06087 -0.012474 0.033522 -0.125107 0.040612 -0.019666 -0.177685 -0.059205 0.088399 -98.633011 -77.012573 115.694229 46.713898 -56.229599 -5.829507 43.42408 -0.192294 0.01998 10.295735 -0.288197 7.62221 17.636635 -26.322737 52.411201 -19.466661 -14.3956 29.410389 -0.0 -8.774825 -0.0 15.523438 -18.594286 6.428608 -0.609773 -1.79565 -3.889327 -4.80709 -11.046811 -2.937853 5e-06 -20.976019 3e-06 -5.019969 -25.03356 -4.03188 5e-06 1e-06 -2e-06 -10.634535 -5.686973 -3.56559 10.573278 -17.922951 -3.113904 1e-06 -13.82121 3e-06 -0.501777 -31.181505 -4.027012 -12.067031 -59.546913 7.729824 -13.982714 -7.150196 -2.875045 13.772732 -8.401493 -3.21824 0.347737 -34.211555 0.771657 -0.963029 -17.733372 2.621022 -1e-06 1e-06 0.0 -17.346416 -20.095217 -4.201785 21.757561 -1.638378 3.866428 2e-06 -6.338826 2e-06 -1.69759 -22.591745 -6.194006 -2e-06 -6e-06 -3e-06 51.865135 -73.340179 148.509644 29.787695 -56.128487 3.522294 46.104237 0.744332 -0.035213 6.345859 17.358789 -9.409338 22.182114 -20.37591 49.933323 -16.701807 -16.743528 28.476524 -3e-06 -12.690597 -0.0 15.979559 -17.623297 2.571928 -0.105917 -1.513854 -4.27588 -5.039041 -5.612869 -2.953555 6e-06 -11.02052 1e-06 -6.111294 -15.89533 -3.840468 0.0 1e-06 -0.0 -10.28337 -5.680288 -4.341838 11.028292 -11.302402 -2.372632 -1.384269 -14.238577 -6.320117 -0.625439 -26.924183 -3.827598 -4.387676 -49.84671 -3.326489 -13.708519 -7.363472 -3.720939 18.141144 -14.052739 -3.24267 5e-06 -18.787266 4e-06 -0.429714 -8.456039 2.555504 2e-06 -1e-06 -0.0 -15.92353 -20.094479 -5.473582 30.419205 -7.190826 1.735925 4e-06 -8.162924 -0.0 -1.861904 -22.861467 -6.167939 -2e-06 -2e-06 -1e-06 -173.22702 -5.910184 -14.027483 8.362905 0.039454 0.260774 -73.415733 -2.284258 -11.133997 -6.10933 1.559885 2.106515 -0.999998 0.0 -0.0 4.773853 -11.299781 -6.057787 10.274651 -0.020945 0.161893 -71.738731 -6.68424 -12.38877 -5.939928 0.69961 1.699734 -1.000001 -0.0 0.0 
0.0 0.0 0.0 0.0 -0.0 0.0 -12.207205 99.648979 122.965988 90.881401 8.593881 86.651527 3.893853 -1.779888 -0.017374 -9.807112 -0.868793 -0.539639 20.651785 0.239205 -2.499187 42.372684 6.184964 2.535927 -2.517055 -0.517202 -2.403593 -23.421261 1.419079 -4.101944 5e-06 1e-06 0.0 -0.058731 -0.016362 0.031649 -0.115505 0.032647 -0.017584 -0.171529 -0.058773 0.083166 -102.658043 -76.78624 119.869354 46.468483 -55.719055 -5.239866 40.457764 -0.472854 -0.074744 10.322394 -1.442571 8.013113 17.636625 -26.322718 52.411182 -19.46666 -14.395597 29.410381 1e-06 -8.774822 -3e-06 15.63502 -18.6082 6.401702 -0.609775 -1.795653 -3.889325 -4.807088 -11.046809 -2.937852 4e-06 -20.976015 1e-06 -5.019972 -25.033558 -4.031878 5e-06 1e-06 -0.0 -10.634533 -5.686969 -3.565586 10.573274 -17.922947 -3.1139 0.0 -13.821206 2e-06 -0.501779 -31.181498 -4.027017 -12.025592 -59.470001 7.7109 -13.982712 -7.150195 -2.87504 13.772729 -8.40149 -3.218241 0.34773 -34.21154 0.771655 -0.963026 -17.733366 2.62102 -2e-06 1e-06 -0.0 -17.346418 -20.095215 -4.201779 21.757555 -1.638373 3.866427 1e-06 -6.338822 2e-06 -1.69759 -22.59174 -6.194006 -1e-06 -4e-06 -2e-06 50.011154 -72.583061 150.280792 30.231134 -54.964329 5.291511 43.87495 0.71899 -0.026125 5.357429 15.109104 -11.527005 22.182119 -20.375895 49.933323 -16.701815 -16.743528 28.476532 -3e-06 -12.690602 -1e-06 16.052832 -17.675797 2.61615 -0.105918 -1.513855 -4.275881 -5.039042 -5.612873 -2.953557 6e-06 -11.020523 -3e-06 -6.111296 -15.895334 -3.840472 -0.0 0.0 0.0 -10.283369 -5.680287 -4.341837 11.028292 -11.302406 -2.372635 -1.38427 -14.238581 -6.320122 -0.625432 -26.924191 -3.827606 -4.384454 -49.923092 -3.325719 -13.708526 -7.363477 -3.720938 18.14115 -14.052739 -3.242675 8e-06 -18.787271 -3e-06 -0.429712 -8.456045 2.555502 2e-06 -2e-06 1e-06 -15.923538 -20.094486 -5.473585 30.419218 -7.190827 1.735926 3e-06 -8.162927 -2e-06 -1.861902 -22.861473 -6.167945 -0.0 0.0 -2e-06 -172.310196 -5.706398 -14.275094 7.734742 0.035674 0.242414 -73.355843 -2.190432 -11.126911 -6.109858 1.595145 2.110944 -0.999999 0.0 0.0 5.67454 -11.294868 -6.165081 8.995181 -0.010549 0.151696 -71.123451 -6.657117 -12.529342 -5.906844 0.682376 1.690074 -1.000002 1e-06 0.0 
0.0 0.0 0.0 0.0 -0.0 0.0 -12.1406 99.634644 123.322281 90.779907 8.991761 86.591644 3.390061 -1.771132 0.022653 -9.929946 -0.900883 -0.541572 20.600155 0.085672 -2.549136 42.423862 5.952939 2.535516 -2.511978 -0.528529 -2.410683 -22.917835 1.434768 -3.953416 6e-06 -0.0 0.0 -0.05897 -0.013221 0.01733 -0.101586 0.033008 -0.02653 -0.160481 -0.05263 0.06385 -106.568893 -76.446609 123.908417 45.808315 -55.524376 -5.008889 37.952084 -0.691973 -0.132544 10.563279 -2.168618 7.9711 17.636623 -26.322725 52.411194 -19.466663 -14.395596 29.410389 -1e-06 -8.774821 -3e-06 15.698808 -18.586067 6.372107 -0.609778 -1.795656 -3.889327 -4.80709 -11.046813 -2.937851 6e-06 -20.976019 -1e-06 -5.019968 -25.033562 -4.031885 6e-06 1e-06 -1e-06 -10.634533 -5.686972 -3.565585 10.573276 -17.922951 -3.113905 2e-06 -13.821209 1e-06 -0.501776 -31.181505 -4.027018 -11.924164 -59.41745 7.662774 -13.982712 -7.1502 -2.875039 13.772728 -8.401492 -3.218246 0.347734 -34.211552 0.771653 -0.963027 -17.73337 2.621017 -2e-06 2e-06 -1e-06 -17.346415 -20.095221 -4.201782 21.757557 -1.638373 3.866427 1e-06 -6.338822 2e-06 -1.697588 -22.591747 -6.194011 -2e-06 -4e-06 -1e-06 48.332832 -71.863503 151.905014 30.627487 -53.892323 6.699478 42.165482 0.648477 -0.030038 4.697262 13.312509 -13.346431 22.182114 -20.375898 49.933319 -16.701807 -16.743525 28.476522 -4e-06 -12.6906 -0.0 16.125818 -17.721251 2.640303 -0.10592 -1.513855 -4.275881 -5.039039 -5.612869 -2.953556 7e-06 -11.02052 -1e-06 -6.111294 -15.895328 -3.840469 0.0 1e-06 0.0 -10.283366 -5.680285 -4.341839 11.028287 -11.302402 -2.372632 -1.384266 -14.238575 -6.32012 -0.625437 -26.924183 -3.8276 -4.350759 -50.016918 -3.334074 -13.708523 -7.363472 -3.720939 18.141146 -14.052737 -3.242671 9e-06 -18.787264 0.0 -0.429712 -8.456043 2.555504 0.0 -0.0 -0.0 -15.92353 -20.094475 -5.473586 30.419205 -7.190826 1.735926 2e-06 -8.162922 -0.0 -1.861903 -22.86146 -6.167939 1e-06 -4e-06 0.0 -171.421921 -5.707404 -14.478827 7.413596 0.033716 0.231489 -73.495789 -2.069721 -11.236443 -6.117455 1.626049 2.113468 -0.999999 -0.0 0.0 6.647991 -11.16856 -6.383801 8.110304 0.001574 0.149251 -70.904221 -6.630558 -12.616165 -5.85182 0.679587 1.685753 -1.000001 1e-06 0.0 
0.0 0.0 0.0 0.0 -0.0 0.0 -12.192047 99.593872 123.588898 90.619431 9.385723 86.644196 2.917572 -1.691075 0.038056 -10.027901 -0.914401 -0.506634 20.528418 -0.058498 -2.581894 42.231861 5.71132 2.571283 -2.498441 -0.532784 -2.492754 -22.486145 1.437783 -3.888775 5e-06 -0.0 1e-06 -0.058553 -0.005266 -0.003859 -0.07761 0.037819 -0.041688 -0.138424 -0.041328 0.037081 -110.020058 -75.987648 127.436073 44.862194 -55.650951 -5.129307 35.875977 -0.815344 -0.169052 10.883089 -2.661045 7.7272 17.636625 -26.322725 52.411194 -19.466665 -14.395598 29.410389 -0.0 -8.774822 -3e-06 15.73261 -18.533037 6.34373 -0.609777 -1.795654 -3.88933 -4.807087 -11.046806 -2.93785 5e-06 -20.976015 -0.0 -5.019965 -25.033554 -4.031882 5e-06 -1e-06 -2e-06 -10.634532 -5.68697 -3.565588 10.573275 -17.922947 -3.113904 3e-06 -13.821209 1e-06 -0.501775 -31.181498 -4.027014 -11.81934 -59.39204 7.616939 -13.982712 -7.150195 -2.875043 13.772731 -8.401492 -3.218242 0.347737 -34.21154 0.771652 -0.963028 -17.733366 2.621018 0.0 -1e-06 -1e-06 -17.346416 -20.095217 -4.201782 21.757559 -1.638375 3.866423 3e-06 -6.338822 2e-06 -1.697585 -22.591742 -6.194008 -2e-06 -4e-06 -2e-06 46.838295 -71.221344 153.348862 31.005682 -53.038788 7.729196 40.825016 0.569416 -0.03057 4.352112 12.04018 -14.950859 22.182117 -20.375898 49.933327 -16.701813 -16.74353 28.476532 -2e-06 -12.690601 -1e-06 16.158077 -17.727428 2.668074 -0.105918 -1.513856 -4.275882 -5.03904 -5.612871 -2.953557 6e-06 -11.020523 -2e-06 -6.111297 -15.895332 -3.840472 0.0 -1e-06 0.0 -10.283371 -5.680289 -4.341839 11.028291 -11.302405 -2.372632 -1.384269 -14.238581 -6.320122 -0.625437 -26.924191 -3.827603 -4.313561 -50.083576 -3.326836 -13.708522 -7.363476 -3.72094 18.141146 -14.052739 -3.242674 8e-06 -18.78727 -1e-06 -0.429712 -8.456044 2.555504 -1e-06 -1e-06 -1e-06 -15.923532 -20.094482 -5.473586 30.41921 -7.190827 1.735926 1e-06 -8.162925 -1e-06 -1.861902 -22.861471 -6.167941 -1e-06 -4e-06 -2e-06 -170.559006 -5.881218 -14.61897 7.246535 0.031855 0.225794 -73.79287 -1.932184 -11.398434 -6.144959 1.638156 2.112802 -0.999999 0.0 0.0 7.559531 -10.938823 -6.666671 7.683142 0.015647 0.142656 -71.041756 -6.585255 -12.671611 -5.800476 0.685044 1.683589 -1.000001 -1e-06 0.0 
0.0 0.0 0.0 0.0 -0.0 0.0 -12.348776 99.528381 123.807907 90.412361 9.769086 86.785393 2.51292 -1.552503 0.036981 -10.100721 -0.911674 -0.446792 20.420937 -0.195762 -2.564651 41.873219 5.452493 2.603108 -2.47542 -0.53776 -2.602587 -22.160192 1.427903 -3.886437 4e-06 1e-06 0.0 -0.0582 -0.000924 -0.013729 -0.0457 0.038916 -0.043941 -0.108561 -0.033355 0.019967 -112.771469 -75.453903 130.215057 43.791519 -56.111935 -5.659017 34.270866 -0.780751 -0.173337 11.162879 -3.009346 7.296988 17.636629 -26.322733 52.411198 -19.466669 -14.3956 29.410395 -2e-06 -8.774822 -1e-06 15.765588 -18.479258 6.317744 -0.609776 -1.795652 -3.88933 -4.807088 -11.046812 -2.937849 8e-06 -20.976021 1e-06 -5.019966 -25.033558 -4.031879 4e-06 -2e-06 -3e-06 -10.634535 -5.686971 -3.565591 10.573277 -17.922955 -3.113902 3e-06 -13.821211 0.0 -0.501773 -31.181505 -4.027017 -11.766913 -59.443417 7.60525 -13.982713 -7.150198 -2.875041 13.772731 -8.401494 -3.218244 0.347738 -34.211555 0.77165 -0.963026 -17.733372 2.621021 -0.0 -1e-06 -1e-06 -17.346416 -20.095221 -4.201784 21.757557 -1.638377 3.866425 1e-06 -6.338825 1e-06 -1.697587 -22.591749 -6.194008 -1e-06 -4e-06 -3e-06 45.527504 -70.699356 154.577194 31.30575 -52.478287 8.427881 39.878307 0.501811 -0.025768 4.229892 11.320998 -16.340872 22.182114 -20.375889 49.933308 -16.701813 -16.743528 28.476526 -2e-06 -12.690601 -1e-06 16.14529 -17.706219 2.702209 -0.105921 -1.513857 -4.275881 -5.039039 -5.61287 -2.953556 7e-06 -11.020523 -2e-06 -6.111297 -15.895332 -3.84047 0.0 0.0 1e-06 -10.283369 -5.680287 -4.341838 11.02829 -11.302403 -2.372633 -1.384268 -14.238579 -6.32012 -0.625436 -26.924187 -3.8276 -4.302066 -50.105026 -3.308975 -13.708524 -7.363475 -3.720939 18.141146 -14.052739 -3.242674 8e-06 -18.787268 -3e-06 -0.429712 -8.456047 2.555504 1e-06 -1e-06 1e-06 -15.923534 -20.094482 -5.473585 30.419205 -7.190827 1.735926 -0.0 -8.162924 -1e-06 -1.861903 -22.861467 -6.167939 1e-06 -5e-06 -1e-06 -169.800507 -6.219502 -14.703452 7.27812 0.03044 0.22412 -74.22168 -1.736208 -11.614759 -6.211841 1.630812 2.108351 -1.0 2e-06 1e-06 8.520973 -10.58181 -7.011135 7.281658 0.029111 0.134949 -71.355431 -6.581942 -12.686848 -5.778381 0.688653 1.67922 -1.000003 1e-06 0.0 
0.0 0.0 0.0 0.0 -0.0 0.0 -12.57153 99.458176 123.942719 90.184914 10.130887 86.991722 2.202736 -1.369135 0.02899 -10.155149 -0.88986 -0.378484 20.260233 -0.327658 -2.468073 41.382473 5.195401 2.58258 -2.45571 -0.582682 -2.702286 -22.000502 1.399785 -3.939606 5e-06 0.0 1e-06 -0.060461 1.1e-05 -0.015825 -0.012623 0.0399 -0.037662 -0.078015 -0.031789 0.009535 -114.535614 -74.934135 131.948029 42.628746 -57.021599 -6.750774 33.315491 -0.628393 -0.145323 11.505788 -3.108416 6.716431 17.636633 -26.322742 52.411213 -19.466665 -14.3956 29.410395 -0.0 -8.774823 -2e-06 15.777044 -18.444925 6.29192 -0.609776 -1.795653 -3.88933 -4.807093 -11.046813 -2.93785 5e-06 -20.976021 1e-06 -5.019974 -25.033562 -4.03188 7e-06 -1e-06 -1e-06 -10.634536 -5.686972 -3.56559 10.573277 -17.922955 -3.113902 2e-06 -13.821211 2e-06 -0.501782 -31.181505 -4.027013 -11.735399 -59.546444 7.566436 -13.982717 -7.150199 -2.875046 13.772731 -8.401494 -3.218242 0.347733 -34.211559 0.771655 -0.963032 -17.733372 2.621022 -1e-06 -0.0 -2e-06 -17.34642 -20.095221 -4.201784 21.757561 -1.638377 3.86643 2e-06 -6.338822 1e-06 -1.697587 -22.591749 -6.194007 -0.0 -5e-06 -3e-06 44.601101 -70.402489 155.323425 31.471907 -52.337078 8.863362 39.367115 0.459337 -0.007422 4.252274 11.099286 -17.451277 22.182114 -20.3759 49.933327 -16.701817 -16.74353 28.476538 -3e-06 -12.690603 -0.0 16.106743 -17.681761 2.741599 -0.105919 -1.513856 -4.275882 -5.039043 -5.612872 -2.953557 5e-06 -11.020525 -2e-06 -6.111296 -15.895336 -3.840471 -0.0 0.0 0.0 -10.283373 -5.680289 -4.341839 11.028294 -11.302406 -2.372633 -1.384269 -14.238584 -6.320121 -0.625439 -26.924192 -3.827601 -4.295933 -50.103996 -3.293075 -13.708525 -7.363477 -3.72094 18.141151 -14.05274 -3.242675 5e-06 -18.78727 -3e-06 -0.429714 -8.456043 2.555503 2e-06 -2e-06 1e-06 -15.923536 -20.094492 -5.473586 30.419214 -7.190827 1.735925 -2e-06 -8.162925 -2e-06 -1.8619 -22.861473 -6.167944 -1e-06 -1e-06 -1e-06 -169.123062 -6.660752 -14.766514 7.418113 0.03179 0.230915 -74.666054 -1.499208 -11.876713 -6.294893 1.606184 2.096705 -0.999998 -0.0 0.0 9.397858 -10.137922 -7.351712 7.003139 0.02881 0.1419 -71.731926 -6.667872 -12.660184 -5.793574 0.695599 1.675415 -1.000002 0.0 0.0 
0.0 0.0 0.0 0.0 -0.0 0.0 -12.84795 99.379555 123.983803 89.987389 10.465756 87.238968 2.007999 -1.157706 0.022216 -10.193947 -0.850836 -0.289934 20.051474 -0.47283 -2.291504 40.805386 4.946598 2.528688 -2.449888 -0.623886 -2.862661 -22.068008 1.305389 -4.052069 5e-06 -0.0 1e-06 -0.062612 0.000281 -0.011709 0.018876 0.045971 -0.024891 -0.049521 -0.036652 0.004465 -115.245293 -74.537766 132.604828 41.391113 -58.450607 -8.575588 33.2332 -0.432485 -0.109311 12.059014 -2.838961 5.867206 17.636616 -26.322729 52.411194 -19.466665 -14.395594 29.410393 -2e-06 -8.774821 0.0 15.758932 -18.398684 6.23957 -0.609774 -1.795652 -3.889326 -4.80709 -11.046809 -2.937849 6e-06 -20.976015 -2e-06 -5.019968 -25.03356 -4.031882 6e-06 -1e-06 1e-06 -10.634528 -5.686967 -3.565588 10.573271 -17.922955 -3.1139 4e-06 -13.821209 -0.0 -0.501777 -31.181501 -4.027013 -11.68736 -59.622646 7.44908 -13.982706 -7.150196 -2.875039 13.772731 -8.401492 -3.218244 0.347741 -34.211544 0.771648 -0.963025 -17.733368 2.621021 -1e-06 -0.0 -1e-06 -17.346411 -20.095211 -4.201781 21.757555 -1.638375 3.866425 3e-06 -6.338823 -0.0 -1.697587 -22.591742 -6.194005 -1e-06 -2e-06 -2e-06 44.233112 -70.421097 155.446014 31.667971 -52.635822 9.013906 39.271404 0.465985 0.008614 4.413546 11.226 -18.223072 22.182114 -20.375887 49.933323 -16.701818 -16.743528 28.476534 -3e-06 -12.690605 -2e-06 16.060827 -17.653395 2.773111 -0.105919 -1.513856 -4.275882 -5.03904 -5.612872 -2.953557 8e-06 -11.020526 -3e-06 -6.111297 -15.895334 -3.840473 0.0 0.0 1e-06 -10.283369 -5.680288 -4.341839 11.028296 -11.302406 -2.372634 -1.384268 -14.238583 -6.320122 -0.625436 -26.924191 -3.827602 -4.298612 -50.072269 -3.284959 -13.708526 -7.363477 -3.720939 18.141153 -14.052739 -3.242676 1e-05 -18.78727 -3e-06 -0.429711 -8.456042 2.555503 2e-06 -0.0 -1e-06 -15.923538 -20.094486 -5.473587 30.419222 -7.190829 1.735925 2e-06 -8.162925 -2e-06 -1.861899 -22.861469 -6.167945 1e-06 -2e-06 -1e-06 -168.794128 -7.173428 -14.719391 8.136491 0.038753 0.244363 -75.248924 -1.336623 -12.171497 -6.357258 1.576549 2.082383 -0.999998 0.0 0.0 10.082888 -9.693439 -7.617709 6.970267 0.024513 0.147832 -72.225311 -6.842015 -12.612498 -5.799425 0.710192 1.677401 -1.000002 0.0 0.0 
0.0 0.0 0.0 0.0 -0.0 0.0 -13.167134 99.273346 123.938034 89.838921 10.809131 87.571014 1.918329 -0.920219 -0.000894 -10.207264 -0.80626 -0.170288 19.851612 -0.64117 -2.083497 40.215054 4.719788 2.462942 -2.455586 -0.650257 -3.113251 -22.378469 1.140339 -4.241498 4e-06 -0.0 1e-06 -0.059602 0.001957 -0.004192 0.044046 0.060149 -0.010274 -0.023618 -0.047614 0.004002 -115.015282 -74.255692 132.333023 40.18964 -60.174877 -10.583303 34.04393 -0.231257 -0.107347 12.763771 -2.260804 4.790752 17.636627 -26.322733 52.41119 -19.466656 -14.395597 29.410381 -1e-06 -8.774819 -1e-06 15.739083 -18.333786 6.193768 -0.609775 -1.795653 -3.889328 -4.807089 -11.046813 -2.937847 5e-06 -20.976015 -3e-06 -5.019969 -25.033556 -4.031879 7e-06 -2e-06 -1e-06 -10.634531 -5.68697 -3.565588 10.573272 -17.922951 -3.113899 3e-06 -13.821206 -0.0 -0.501778 -31.181501 -4.027015 -11.624443 -59.667633 7.292912 -13.982711 -7.150197 -2.875044 13.772729 -8.401492 -3.21824 0.347731 -34.211544 0.771658 -0.963029 -17.733368 2.62102 -1e-06 1e-06 -1e-06 -17.346416 -20.095217 -4.201785 21.757555 -1.638377 3.866431 1e-06 -6.338825 2e-06 -1.69759 -22.591745 -6.194006 -0.0 -4e-06 -3e-06 44.327538 -70.736275 155.057556 31.909517 -53.215061 9.155366 39.490295 0.534084 0.008822 4.723624 11.473795 -18.798563 22.182108 -20.375891 49.933308 -16.701807 -16.743528 28.476524 -2e-06 -12.690601 -1e-06 16.025747 -17.618565 2.797593 -0.105918 -1.513856 -4.275881 -5.03904 -5.61287 -2.953557 5e-06 -11.02052 -2e-06 -6.111297 -15.89533 -3.840469 -0.0 -1e-06 0.0 -10.283364 -5.680286 -4.341838 11.028292 -11.302402 -2.372632 -1.384271 -14.238579 -6.32012 -0.625439 -26.924187 -3.8276 -4.318964 -50.002743 -3.274863 -13.708522 -7.363475 -3.720939 18.141148 -14.052738 -3.242674 4e-06 -18.787266 -1e-06 -0.429712 -8.456043 2.555504 2e-06 0.0 0.0 -15.923534 -20.094479 -5.473583 30.41921 -7.190823 1.735924 2e-06 -8.162925 0.0 -1.861902 -22.861464 -6.167941 0.0 -2e-06 -1e-06 -168.703506 -7.704488 -14.546123 9.200118 0.048259 0.255328 -75.949524 -1.200207 -12.515055 -6.382865 1.565095 2.076657 -0.999999 0.0 1e-06 10.600077 -9.28965 -7.858076 7.201744 0.025839 0.141788 -72.899895 -7.076544 -12.560464 -5.731518 0.72401 1.68434 -1.000002 1e-06 0.0 
0.0 0.0 0.0 0.0 -0.0 0.0 -13.504098 99.150574 123.788033 89.709946 11.146548 87.984077 1.895896 -0.6495 -0.028242 -10.213115 -0.75898 -0.016637 19.711845 -0.796649 -1.893007 39.682144 4.507234 2.431602 -2.458953 -0.667423 -3.461653 -22.862925 0.960049 -4.564934 5e-06 0.0 0.0 -0.050417 0.006158 -0.00538 0.062444 0.082629 -0.004808 0.000142 -0.062645 -0.00469 -114.569504 -73.935013 131.845139 39.163925 -61.629978 -11.858505 35.288113 -0.090004 -0.134361 13.398973 -1.645717 4.000768 17.636625 -26.322737 52.411201 -19.46666 -14.395596 29.410389 1e-06 -8.774821 -2e-06 15.764253 -18.260834 6.162509 -0.609773 -1.795652 -3.889328 -4.80709 -11.046813 -2.937849 2e-06 -20.976015 1e-06 -5.01997 -25.033558 -4.031881 6e-06 -0.0 0.0 -10.634535 -5.68697 -3.565588 10.573276 -17.922955 -3.113901 2e-06 -13.821213 0.0 -0.501775 -31.181511 -4.027017 -11.587982 -59.67548 7.188517 -13.982711 -7.150198 -2.87504 13.772731 -8.401495 -3.218243 0.347732 -34.211555 0.771657 -0.96303 -17.73337 2.621021 -1e-06 -0.0 -1e-06 -17.346422 -20.095221 -4.20178 21.757557 -1.638376 3.866427 -0.0 -6.338824 0.0 -1.697589 -22.591747 -6.194008 -1e-06 -5e-06 -1e-06 44.507492 -71.191193 154.648209 32.248966 -53.661976 9.421199 39.824974 0.59166 -0.025921 5.147544 11.625382 -19.157644 22.182121 -20.375898 49.933327 -16.701815 -16.743528 28.476532 -3e-06 -12.690607 -2e-06 16.012556 -17.564959 2.810528 -0.105918 -1.513856 -4.275883 -5.039043 -5.612873 -2.953557 7e-06 -11.020525 -1e-06 -6.111296 -15.895334 -3.84047 -0.0 -1e-06 -0.0 -10.283371 -5.680289 -4.34184 11.028296 -11.302407 -2.372633 -1.384266 -14.238585 -6.320122 -0.625438 -26.924196 -3.827603 -4.328406 -49.907993 -3.273408 -13.708524 -7.363476 -3.720941 18.141151 -14.052739 -3.242674 6e-06 -18.787271 -1e-06 -0.429711 -8.456045 2.555504 0.0 -1e-06 0.0 -15.923536 -20.094486 -5.473586 30.419218 -7.190829 1.735928 2e-06 -8.162927 -0.0 -1.861899 -22.861473 -6.167943 0.0 -1e-06 -1e-06 -168.958389 -8.292312 -14.304645 10.660647 0.053256 0.253143 -76.711548 -0.973998 -12.858811 -6.37715 1.574846 2.079492 -0.999999 -1e-06 -0.0 10.999699 -8.90101 -8.142048 7.532823 0.025395 0.119286 -73.597458 -7.299038 -12.488402 -5.611342 0.728865 1.692948 -1.000003 1e-06 -0.0 
0.0 0.0 0.0 0.0 -0.0 0.0 -13.808131 99.030182 123.537918 89.557426 11.456789 88.522713 1.878416 -0.350139 -0.038735 -10.233256 -0.717277 0.128117 19.657387 -0.902163 -1.757426 39.352009 4.323386 2.438147 -2.468583 -0.662119 -3.881659 -23.341129 0.792328 -4.989502 5e-06 -0.0 1e-06 -0.034213 0.012091 -0.022129 0.079764 0.104478 -0.01614 0.021945 -0.073806 -0.027256 -114.232094 -73.577499 131.522766 38.734138 -62.449287 -12.118538 36.224655 -0.001393 -0.136147 13.656838 -1.314421 4.076342 17.636631 -26.322729 52.411186 -19.466656 -14.395598 29.410389 1e-06 -8.774823 -3e-06 15.812654 -18.234682 6.136441 -0.609774 -1.795651 -3.889328 -4.807091 -11.046813 -2.93785 1e-06 -20.976015 0.0 -5.019969 -25.033554 -4.031878 5e-06 1e-06 0.0 -10.634531 -5.68697 -3.565589 10.573272 -17.922951 -3.113899 2e-06 -13.821205 -1e-06 -0.501776 -31.181501 -4.027019 -11.613867 -59.652046 7.180614 -13.982716 -7.150198 -2.875042 13.772732 -8.401492 -3.21824 0.34773 -34.211555 0.771658 -0.963032 -17.73337 2.621019 -1e-06 -1e-06 -2e-06 -17.346415 -20.095217 -4.201783 21.757557 -1.638374 3.86643 -3e-06 -6.338823 -0.0 -1.697592 -22.591743 -6.194005 1e-06 -4e-06 -4e-06 44.654922 -71.643234 154.380569 32.85828 -53.7519 9.953698 39.893139 0.638017 -0.093161 5.587159 11.592561 -19.097559 22.182121 -20.375891 49.933315 -16.701815 -16.743526 28.47653 -3e-06 -12.690599 -1e-06 15.986869 -17.488529 2.828934 -0.105919 -1.513856 -4.275881 -5.039043 -5.612873 -2.953556 7e-06 -11.020525 -3e-06 -6.111299 -15.89533 -3.84047 -0.0 -1e-06 0.0 -10.283368 -5.680288 -4.341837 11.028295 -11.302406 -2.372633 -1.384268 -14.238583 -6.320121 -0.625437 -26.924194 -3.827604 -4.320896 -49.814251 -3.258579 -13.708524 -7.363476 -3.720939 18.14115 -14.052739 -3.242673 6e-06 -18.78727 -2e-06 -0.42971 -8.456044 2.555502 2e-06 -2e-06 1e-06 -15.923536 -20.094482 -5.473585 30.41921 -7.190827 1.735927 4e-06 -8.162927 -0.0 -1.8619 -22.861467 -6.167942 -0.0 -2e-06 -1e-06 -169.645035 -8.976004 -14.033283 12.481945 0.050281 0.240984 -77.430573 -0.5995 -13.17076 -6.369067 1.604761 2.088945 -0.999999 -0.0 0.0 11.010509 -8.583999 -8.440292 8.497312 0.014495 0.088354 -74.366318 -7.438832 -12.472363 -5.482671 0.723304 1.69872 -1.000002 -0.0 0.0 
0.0 0.0 0.0 0.0 -0.0 0.0 -14.103776 98.935387 123.258186 89.352806 11.716857 89.127853 1.794433 -0.068057 -0.023058 -10.274937 -0.685042 0.237494 19.647625 -0.926999 -1.678165 39.355564 4.254891 2.443205 -2.473442 -0.629957 -4.28397 -23.616062 0.614034 -5.419305 5e-06 -0.0 1e-06 -0.011536 0.019426 -0.050948 0.102838 0.114969 -0.041285 0.047317 -0.070526 -0.059494 -113.843033 -73.268898 131.158127 38.895512 -62.780518 -11.533152 36.542515 0.056826 -0.09958 13.548205 -1.412789 5.075135 17.636627 -26.322721 52.411179 -19.46666 -14.395597 29.410385 0.0 -8.774822 -2e-06 15.814699 -18.26314 6.127922 -0.609778 -1.795654 -3.889327 -4.807088 -11.046811 -2.93785 2e-06 -20.976011 -2e-06 -5.019967 -25.033548 -4.031885 5e-06 1e-06 2e-06 -10.634537 -5.68697 -3.565586 10.573277 -17.922945 -3.1139 3e-06 -13.821201 -1e-06 -0.501776 -31.181494 -4.027018 -11.716989 -59.648659 7.264321 -13.982717 -7.150198 -2.875042 13.772731 -8.401492 -3.218241 0.347734 -34.211544 0.771652 -0.963029 -17.733368 2.621015 -1e-06 1e-06 -2e-06 -17.346424 -20.095215 -4.201783 21.757557 -1.638376 3.866429 0.0 -6.338821 -1e-06 -1.69759 -22.591743 -6.194006 0.0 -4e-06 -1e-06 44.837376 -72.003845 154.080597 33.703354 -53.532597 10.90013 39.439796 0.712068 -0.176797 5.830537 11.337782 -18.428396 22.182116 -20.375889 49.933315 -16.701813 -16.74353 28.47653 -3e-06 -12.6906 -1e-06 15.935658 -17.408308 2.865686 -0.10592 -1.513856 -4.275881 -5.03904 -5.61287 -2.953557 4e-06 -11.020521 -2e-06 -6.111296 -15.89533 -3.84047 -0.0 -0.0 2e-06 -10.28337 -5.680288 -4.341838 11.028293 -11.302404 -2.372632 -1.384267 -14.238579 -6.320122 -0.625439 -26.924185 -3.827601 -4.311679 -49.742126 -3.237585 -13.708525 -7.363476 -3.72094 18.141146 -14.052739 -3.242673 8e-06 -18.787266 -3e-06 -0.429712 -8.456043 2.555505 2e-06 -2e-06 1e-06 -15.923536 -20.094482 -5.473584 30.419218 -7.190829 1.735927 1e-06 -8.162925 -1e-06 -1.861898 -22.861467 -6.167944 1e-06 -4e-06 -1e-06 -170.49231 -9.742188 -13.820609 14.196174 0.040119 0.234529 -77.924164 -0.032335 -13.485085 -6.424674 1.638965 2.091748 -0.999999 0.0 0.0 10.930218 -8.181234 -8.844939 9.366738 -0.000264 0.063512 -74.806038 -7.465353 -12.415579 -5.355231 0.71831 1.70292 -1.000003 1e-06 0.0 
0.0 0.0 0.0 0.0 -0.0 0.0 -14.435378 98.878166 123.045052 89.175003 11.979218 89.709702 1.625604 0.112765 -0.003031 -10.350391 -0.66993 0.307128 19.623644 -0.911867 -1.6329 39.778362 4.393762 2.443478 -2.477988 -0.609672 -4.613166 -23.510387 0.43462 -5.797394 6e-06 0.0 1e-06 0.006796 0.02607 -0.074203 0.117191 0.109954 -0.062532 0.063225 -0.052471 -0.084542 -113.204079 -73.054924 130.491425 39.293957 -62.874065 -10.282019 36.361786 0.070437 -0.033497 13.242351 -2.054596 6.724081 17.636623 -26.32271 52.411182 -19.466658 -14.395591 29.410385 -0.0 -8.774822 -3e-06 15.800953 -18.338369 6.127852 -0.609774 -1.795652 -3.889327 -4.807088 -11.046808 -2.93785 2e-06 -20.976009 -2e-06 -5.019969 -25.033545 -4.031882 5e-06 3e-06 0.0 -10.634533 -5.686971 -3.565588 10.57327 -17.922945 -3.1139 2e-06 -13.821205 -1e-06 -0.501776 -31.181498 -4.027019 -11.88196 -59.6875 7.430771 -13.982712 -7.150197 -2.875042 13.772725 -8.401489 -3.21824 0.347736 -34.211536 0.771654 -0.963029 -17.73336 2.621017 -1e-06 -0.0 -1e-06 -17.346416 -20.095213 -4.201782 21.757557 -1.638374 3.866426 -0.0 -6.338821 -1e-06 -1.697587 -22.591738 -6.194006 0.0 -4e-06 -0.0 45.183041 -72.284798 153.627914 34.659008 -53.225624 11.879739 38.491306 0.743505 -0.232588 5.606823 11.035789 -17.338373 22.182114 -20.375898 49.933319 -16.701809 -16.743528 28.476526 -3e-06 -12.690598 -0.0 15.898604 -17.363626 2.903758 -0.105917 -1.513856 -4.275883 -5.039044 -5.612872 -2.953555 6e-06 -11.020525 -2e-06 -6.111298 -15.895334 -3.840468 -0.0 0.0 2e-06 -10.283367 -5.680287 -4.341839 11.028292 -11.302402 -2.372632 -1.38427 -14.238579 -6.320121 -0.625439 -26.924191 -3.827599 -4.322006 -49.732964 -3.188094 -13.708519 -7.363474 -3.72094 18.141146 -14.052739 -3.242675 4e-06 -18.787266 -0.0 -0.429711 -8.456044 2.555506 0.0 1e-06 -0.0 -15.923536 -20.094482 -5.473585 30.41921 -7.190825 1.735925 1e-06 -8.162924 0.0 -1.861901 -22.861465 -6.167942 0.0 -3e-06 -1e-06 -171.003799 -10.432255 -13.723617 15.235328 0.024563 0.245371 -78.072334 0.63363 -13.802096 -6.603885 1.658201 2.081015 -0.999999 -1e-06 -0.0 11.038765 -7.750564 -9.344033 9.837346 -0.006967 0.056451 -75.081207 -7.444089 -12.324452 -5.33172 0.713668 1.701267 -1.000002 0.0 -0.0 
0.0 0.0 0.0 0.0 -0.0 0.0 -14.780025 98.854927 122.958717 89.133881 12.317634 90.295418 1.381255 0.152077 0.009622 -10.459253 -0.680608 0.335086 19.56805 -0.925877 -1.619154 40.537605 4.739681 2.450994 -2.48272 -0.621982 -4.885212 -23.071983 0.275083 -6.146178 6e-06 -0.0 1e-06 0.013708 0.028751 -0.071743 0.106746 0.089608 -0.063572 0.05599 -0.026661 -0.078477 -112.209854 -72.978287 129.457031 39.691231 -62.98291 -8.868785 36.059933 0.028964 0.016366 12.95364 -2.964728 7.929594 17.636625 -26.322723 52.411182 -19.46666 -14.395596 29.410393 -1e-06 -8.774822 -3e-06 15.800002 -18.408083 6.122256 -0.609775 -1.795654 -3.889327 -4.807087 -11.04681 -2.937848 4e-06 -20.976011 -3e-06 -5.019968 -25.033552 -4.03188 6e-06 0.0 -0.0 -10.634531 -5.68697 -3.565585 10.573275 -17.922951 -3.1139 4e-06 -13.821209 -1e-06 -0.501774 -31.181505 -4.027017 -12.033417 -59.738995 7.587619 -13.982712 -7.150199 -2.875042 13.772729 -8.401491 -3.21824 0.347732 -34.211544 0.771653 -0.963028 -17.73337 2.621018 -2e-06 -0.0 -1e-06 -17.346413 -20.095215 -4.201781 21.757555 -1.638374 3.866427 0.0 -6.338823 0.0 -1.697589 -22.591738 -6.194006 1e-06 -4e-06 -4e-06 45.914806 -72.509941 152.831482 35.329945 -53.153706 12.24072 37.575657 0.644213 -0.221918 5.104095 11.14484 -16.420805 22.182112 -20.375887 49.9333 -16.701817 -16.743528 28.47653 -4e-06 -12.690601 -0.0 15.895911 -17.363825 2.920168 -0.105919 -1.513856 -4.275881 -5.039039 -5.612871 -2.953558 7e-06 -11.020523 -2e-06 -6.111294 -15.89533 -3.840472 -1e-06 1e-06 0.0 -10.283369 -5.680289 -4.341838 11.028295 -11.302407 -2.372634 -1.384268 -14.238581 -6.32012 -0.625437 -26.924191 -3.827602 -4.349185 -49.74548 -3.126306 -13.70852 -7.363475 -3.72094 18.141148 -14.052739 -3.242674 7e-06 -18.78727 -3e-06 -0.42971 -8.456045 2.555506 -1e-06 0.0 -1e-06 -15.923534 -20.094484 -5.473586 30.41921 -7.190828 1.735924 3e-06 -8.162926 -1e-06 -1.8619 -22.861467 -6.167943 -1e-06 -4e-06 -2e-06 -170.992172 -10.896803 -13.675828 15.518605 0.023859 0.268894 -77.920258 1.31993 -14.092807 -6.819389 1.656266 2.06552 -1.0 0.0 0.0 11.483658 -7.414873 -9.893531 9.927504 -0.007166 0.057896 -75.237175 -7.447748 -12.273972 -5.393389 0.701054 1.692202 -1.000002 1e-06 0.0 
0.0 0.0 0.0 0.0 -0.0 0.0 -15.107552 98.831062 122.996521 89.241211 12.758175 90.891731 1.099192 0.086187 0.019325 -10.568528 -0.711716 0.319106 19.463364 -0.988188 -1.581787 41.378311 5.201479 2.446464 -2.486292 -0.654555 -5.181716 -22.423042 0.119683 -6.469995 6e-06 0.0 1e-06 0.013744 0.027236 -0.055455 0.067778 0.066257 -0.056102 0.022819 -0.006496 -0.053341 -111.320473 -72.970322 128.523544 39.801319 -63.131519 -7.575285 35.991192 -0.04145 0.034956 12.837189 -3.723939 8.11308 17.636623 -26.322725 52.411198 -19.466658 -14.395597 29.410393 -1e-06 -8.774822 -2e-06 15.834906 -18.42239 6.097399 -0.609776 -1.795654 -3.889329 -4.807085 -11.04681 -2.93785 3e-06 -20.976011 -1e-06 -5.01997 -25.033558 -4.031881 8e-06 0.0 -0.0 -10.634535 -5.68697 -3.565589 10.573277 -17.922953 -3.1139 2e-06 -13.821208 0.0 -0.501775 -31.181505 -4.027018 -12.081808 -59.795528 7.619992 -13.982714 -7.150199 -2.875042 13.772731 -8.401491 -3.218242 0.347733 -34.211552 0.771654 -0.96303 -17.73337 2.621018 -1e-06 -0.0 -1e-06 -17.346416 -20.095217 -4.201784 21.757557 -1.638375 3.866428 -0.0 -6.338824 0.0 -1.697587 -22.591742 -6.194007 -1e-06 -3e-06 -3e-06 46.934299 -72.630989 151.716385 35.311825 -53.303741 12.263248 37.215599 0.534568 -0.145833 4.777549 11.759225 -15.953229 22.182108 -20.375887 49.933308 -16.701811 -16.74353 28.476528 -2e-06 -12.690599 -1e-06 15.895136 -17.37594 2.916182 -0.105918 -1.513856 -4.275881 -5.039041 -5.61287 -2.953556 6e-06 -11.020523 -2e-06 -6.111296 -15.89533 -3.84047 0.0 -2e-06 1e-06 -10.283368 -5.680288 -4.341839 11.028292 -11.302404 -2.372633 -1.384268 -14.238579 -6.320123 -0.625434 -26.924191 -3.827605 -4.368061 -49.781002 -3.088897 -13.708522 -7.363476 -3.720938 18.141148 -14.052738 -3.242676 7e-06 -18.787266 -4e-06 -0.429712 -8.456043 2.555506 1e-06 -1e-06 -1e-06 -15.923532 -20.094482 -5.473583 30.41921 -7.190826 1.735925 4e-06 -8.162922 -1e-06 -1.861903 -22.861467 -6.167942 0.0 -5e-06 -2e-06 -170.531952 -11.132874 -13.642344 15.270838 0.039249 0.30046 -77.662895 1.948998 -14.358936 -6.950322 1.642337 2.054057 -0.999999 -0.0 -0.0 12.117398 -7.258489 -10.421626 10.002789 0.001263 0.035324 -75.447594 -7.452019 -12.291039 -5.475814 0.6748 1.68057 -1.000003 1e-06 -0.0 
0.0 0.0 0.0 0.0 -0.0 0.0 -15.364814 98.787071 123.119545 89.40863 13.25281 91.439217 0.807224 -0.020507 0.022041 -10.652227 -0.734492 0.305926 19.309635 -1.057483 -1.534283 42.031445 5.630722 2.419622 -2.492028 -0.669986 -5.502127 -21.669069 -0.021458 -6.757804 6e-06 0.0 2e-06 0.012642 0.023309 -0.034365 0.021114 0.051577 -0.043808 -0.016145 -0.000266 -0.023686 -111.082703 -72.89537 128.217072 39.602428 -63.110519 -6.456749 36.1381 -0.155317 0.037472 12.73912 -4.207426 7.688967 17.636627 -26.322725 52.411186 -19.466665 -14.395598 29.410395 -2e-06 -8.774823 -2e-06 15.903603 -18.392487 6.049733 -0.609777 -1.795655 -3.889328 -4.807088 -11.046811 -2.937852 4e-06 -20.976019 -2e-06 -5.019969 -25.03356 -4.031884 7e-06 -1e-06 1e-06 -10.634537 -5.686972 -3.565588 10.573276 -17.922955 -3.113905 4e-06 -13.821211 -1e-06 -0.501775 -31.181511 -4.027015 -12.064367 -59.858776 7.561405 -13.982716 -7.1502 -2.875041 13.772733 -8.401492 -3.218243 0.347736 -34.211555 0.771651 -0.963025 -17.73337 2.621017 -2e-06 1e-06 -0.0 -17.346422 -20.095221 -4.201783 21.757557 -1.638376 3.866427 3e-06 -6.338823 1e-06 -1.697584 -22.591743 -6.194009 -0.0 -3e-06 -5e-06 47.85498 -72.63723 150.695023 34.695633 -53.407692 12.339091 37.483391 0.480524 -0.072084 4.714814 12.519923 -15.866427 22.182116 -20.375891 49.933323 -16.701817 -16.74353 28.476536 -3e-06 -12.690603 -1e-06 15.899883 -17.372576 2.893123 -0.10592 -1.513857 -4.275883 -5.039042 -5.612873 -2.953556 3e-06 -11.020527 -3e-06 -6.111293 -15.895338 -3.840472 -2e-06 0.0 -1e-06 -10.283369 -5.680288 -4.34184 11.028296 -11.302407 -2.372634 -1.384268 -14.238583 -6.320123 -0.625437 -26.924194 -3.827602 -4.371588 -49.880516 -3.06742 -13.708527 -7.363479 -3.72094 18.141153 -14.052739 -3.242676 7e-06 -18.787268 -5e-06 -0.429712 -8.456043 2.555503 -0.0 -2e-06 0.0 -15.923536 -20.094486 -5.473588 30.41921 -7.190826 1.735926 3e-06 -8.162926 -1e-06 -1.861903 -22.861469 -6.167946 -1e-06 -4e-06 0.0 -169.857697 -11.240449 -13.677437 14.857985 0.058522 0.324951 -77.498505 2.544905 -14.570031 -6.954717 1.635734 2.051251 -0.999998 0.0 -0.0 12.681353 -7.262106 -10.939992 10.382934 0.02112 -0.005524 -75.782906 -7.347759 -12.310105 -5.576839 0.65096 1.671584 -1.000002 2e-06 0.0 
0.0 0.0 0.0 0.0 -0.0 0.0 -15.534103 98.713188 123.31147 89.58786 13.719269 91.868729 0.487074 -0.137858 0.047643 -10.713446 -0.756553 0.317112 19.09329 -1.097111 -1.524138 42.335854 5.948347 2.381666 -2.479495 -0.645378 -5.819805 -20.876749 -0.15707 -6.997054 5e-06 0.0 1e-06 0.019844 0.021929 -0.028148 -0.007782 0.04564 -0.046405 -0.038957 0.002127 -0.008747 -111.704895 -72.685204 128.756271 39.170132 -62.793098 -5.469074 36.411255 -0.309515 0.027838 12.49544 -4.492346 6.947784 17.636633 -26.32272 52.41119 -19.466656 -14.395596 29.410381 2e-06 -8.774825 -4e-06 15.945796 -18.373667 6.034456 -0.609779 -1.795655 -3.889325 -4.807088 -11.046808 -2.937851 1e-06 -20.976011 -4e-06 -5.019968 -25.033552 -4.031885 6e-06 1e-06 -1e-06 -10.634537 -5.686972 -3.565586 10.573272 -17.922949 -3.113903 1e-06 -13.821205 -2e-06 -0.501777 -31.181498 -4.027021 -12.078727 -59.871307 7.509573 -13.982716 -7.150199 -2.875041 13.772732 -8.401489 -3.21824 0.347733 -34.211536 0.77165 -0.963028 -17.733366 2.621018 -2e-06 -0.0 -2e-06 -17.346422 -20.095217 -4.201785 21.757563 -1.638374 3.86643 2e-06 -6.338822 1e-06 -1.697588 -22.591738 -6.194005 -0.0 -5e-06 -3e-06 48.300152 -72.543137 150.178787 33.746956 -53.248302 12.754028 38.18541 0.528993 -0.031811 4.759777 13.098792 -15.917425 22.182114 -20.375887 49.933308 -16.701809 -16.743528 28.476519 -3e-06 -12.6906 -2e-06 15.907792 -17.355383 2.86318 -0.105918 -1.513855 -4.275879 -5.039042 -5.612873 -2.953557 5e-06 -11.020521 -2e-06 -6.111299 -15.89533 -3.84047 -1e-06 -0.0 2e-06 -10.283371 -5.680288 -4.341835 11.028293 -11.302402 -2.372632 -1.384269 -14.238577 -6.32012 -0.625442 -26.924181 -3.8276 -4.39461 -49.985275 -3.05613 -13.708521 -7.363475 -3.720937 18.141148 -14.052736 -3.242674 6e-06 -18.78727 -3e-06 -0.429712 -8.456043 2.555503 0.0 -1e-06 -1e-06 -15.923538 -20.094479 -5.473581 30.41921 -7.190822 1.735927 0.0 -8.162925 -1e-06 -1.861905 -22.861464 -6.167941 -1e-06 -2e-06 -1e-06 -169.161362 -11.271802 -13.833164 14.512976 0.069425 0.306115 -77.537956 3.146904 -14.715163 -6.940607 1.643564 2.050483 -0.999999 -0.0 -1e-06 13.069251 -7.385101 -11.479766 11.068215 0.04938 -0.031122 -76.291496 -7.113657 -12.278614 -5.701762 0.64347 1.665983 -1.000002 1e-06 0.0 
0.0 0.0 0.0 0.0 -0.0 0.0 -15.595399 98.62574 123.521423 89.789116 14.117991 92.128471 0.164684 -0.278161 0.104894 -10.768413 -0.784276 0.335119 18.836302 -1.127312 -1.537027 42.167984 6.168072 2.32193 -2.441638 -0.658619 -6.059941 -20.111156 -0.294731 -7.188098 5e-06 -0.0 2e-06 0.029052 0.024088 -0.046213 -0.016847 0.038895 -0.069983 -0.042306 0.012467 -0.021434 -113.133812 -72.315933 130.070648 38.481461 -62.200329 -4.592824 36.899426 -0.4496 0.017134 12.134802 -4.613974 5.834838 17.63662 -26.322718 52.411179 -19.466652 -14.395594 29.410378 -1e-06 -8.774819 -3e-06 15.931024 -18.381886 6.081424 -0.609777 -1.795654 -3.889327 -4.807087 -11.046809 -2.937848 2e-06 -20.976011 -1e-06 -5.01997 -25.033546 -4.03188 6e-06 -1e-06 -0.0 -10.634531 -5.686969 -3.565587 10.573272 -17.922945 -3.113901 4e-06 -13.821201 2e-06 -0.501777 -31.181494 -4.027015 -12.117076 -59.858646 7.532447 -13.982712 -7.150197 -2.87504 13.772728 -8.401488 -3.218238 0.347733 -34.211536 0.771657 -0.963028 -17.733366 2.62102 0.0 -1e-06 -0.0 -17.346413 -20.095213 -4.201783 21.757555 -1.638375 3.866426 3e-06 -6.338821 0.0 -1.697588 -22.591738 -6.194005 0.0 -5e-06 -2e-06 48.026871 -72.361069 150.37941 32.622055 -52.832226 13.377913 39.095039 0.641273 -0.022539 4.879112 13.534795 -15.952127 22.182112 -20.375887 49.933319 -16.701815 -16.74353 28.476534 -4e-06 -12.690603 -1e-06 15.896762 -17.361679 2.851853 -0.105919 -1.513855 -4.27588 -5.039043 -5.612874 -2.953556 4e-06 -11.020523 -3e-06 -6.111296 -15.89533 -3.84047 0.0 -1e-06 -1e-06 -10.283367 -5.680287 -4.341838 11.028292 -11.302403 -2.372633 -1.384266 -14.238579 -6.320123 -0.625438 -26.924183 -3.827603 -4.423132 -50.054665 -3.066061 -13.708524 -7.363476 -3.72094 18.14115 -14.052739 -3.242675 7e-06 -18.787266 -5e-06 -0.429714 -8.456044 2.555504 0.0 -0.0 1e-06 -15.923536 -20.094482 -5.473582 30.41921 -7.190825 1.735924 4e-06 -8.162925 -1e-06 -1.861899 -22.861465 -6.167945 0.0 -2e-06 -0.0 -168.521606 -11.178966 -14.058029 14.26834 0.071423 0.259725 -77.707191 3.622288 -14.78813 -6.970285 1.661609 2.048799 -0.999998 0.0 -0.0 13.341902 -7.626622 -11.962941 11.797645 0.07105 -0.017845 -76.852562 -6.847105 -12.192873 -5.824418 0.640214 1.659565 -1.000003 0.0 0.0 
0.0 0.0 0.0 0.0 -0.0 0.0 -15.591825 98.559502 123.728302 90.016281 14.413341 92.223442 -0.114312 -0.459761 0.152125 -10.838194 -0.794654 0.359354 18.545675 -1.181205 -1.526594 41.423088 6.280756 2.246106 -2.409076 -0.732511 -6.2271 -19.404091 -0.429956 -7.334318 4e-06 1e-06 -0.0 0.027314 0.027629 -0.072364 -0.008457 0.028212 -0.094467 -0.028308 0.02991 -0.050018 -114.938248 -71.853027 131.739334 37.463158 -61.461655 -3.880337 37.884239 -0.616001 0.016253 11.944896 -4.396249 4.252814 17.636633 -26.322733 52.411205 -19.466661 -14.395598 29.410395 1e-06 -8.774822 -3e-06 15.872502 -18.377037 6.12283 -0.609773 -1.795652 -3.889328 -4.807089 -11.046811 -2.93785 4e-06 -20.976019 1e-06 -5.019971 -25.033558 -4.031883 5e-06 0.0 -0.0 -10.634532 -5.68697 -3.565588 10.573275 -17.922955 -3.113901 2e-06 -13.82121 2e-06 -0.501776 -31.181505 -4.027019 -12.03802 -59.765083 7.488573 -13.982717 -7.150199 -2.875042 13.772736 -8.40149 -3.218243 0.347735 -34.211555 0.771655 -0.963028 -17.73337 2.621021 1e-06 -1e-06 -1e-06 -17.346418 -20.095219 -4.201782 21.757561 -1.638373 3.866428 2e-06 -6.338823 -1e-06 -1.697591 -22.591747 -6.194004 -2e-06 -4e-06 -2e-06 47.232155 -72.11763 151.081848 31.414339 -52.31115 13.824172 40.172333 0.738992 -0.004218 5.158147 13.974966 -15.924632 22.182114 -20.375895 49.933319 -16.701817 -16.743534 28.476532 -5e-06 -12.690601 -2e-06 15.875297 -17.396015 2.837746 -0.105919 -1.513856 -4.27588 -5.039043 -5.612872 -2.953556 5e-06 -11.020521 -2e-06 -6.111297 -15.89533 -3.840471 -1e-06 0.0 -0.0 -10.283377 -5.68029 -4.341838 11.028299 -11.302404 -2.372633 -1.384267 -14.238581 -6.320124 -0.625436 -26.924187 -3.827603 -4.409489 -50.090588 -3.134058 -13.708529 -7.363479 -3.720938 18.141151 -14.052739 -3.242675 8e-06 -18.78727 -3e-06 -0.429713 -8.456043 2.555504 1e-06 -2e-06 1e-06 -15.923541 -20.094482 -5.473582 30.419214 -7.190826 1.735924 4e-06 -8.162927 1e-06 -1.861901 -22.861467 -6.167944 1e-06 -1e-06 -1e-06 -167.935684 -10.954205 -14.278434 13.99731 0.063223 0.233834 -77.815865 3.900125 -14.773187 -7.037008 1.664793 2.045152 -1.0 -0.0 -0.0 13.493063 -7.952416 -12.298039 12.479653 0.07277 0.028196 -77.328209 -6.63819 -12.045022 -5.952678 0.646873 1.654815 -1.000002 0.0 -0.0 
0.0 0.0 0.0 0.0 -0.0 0.0 -15.539588 98.539864 123.943314 90.248932 14.554921 92.240654 -0.332098 -0.656235 0.178101 -10.912372 -0.785927 0.394415 18.153391 -1.282949 -1.511553 40.098186 6.30862 2.166552 -2.400306 -0.845537 -6.317362 -18.870842 -0.579572 -7.421953 5e-06 0.0 -0.0 0.025944 0.027868 -0.086944 0.025359 0.020677 -0.099826 0.00944 0.038055 -0.075409 -116.422897 -71.49633 132.995499 36.150841 -60.797913 -3.15103 39.396584 -0.75647 -0.000134 12.260714 -3.611498 2.4088 17.636627 -26.322737 52.411205 -19.466665 -14.395598 29.410389 -1e-06 -8.774825 -2e-06 15.800499 -18.342402 6.146965 -0.609774 -1.795652 -3.889329 -4.807089 -11.046811 -2.93785 4e-06 -20.976019 1e-06 -5.019971 -25.03356 -4.03188 8e-06 -1e-06 -0.0 -10.634533 -5.68697 -3.565589 10.573277 -17.922951 -3.113901 6e-06 -13.821206 1e-06 -0.501777 -31.181498 -4.027016 -11.871649 -59.607452 7.354522 -13.982714 -7.150197 -2.875043 13.772729 -8.401494 -3.218242 0.347736 -34.211555 0.771653 -0.963028 -17.73337 2.621023 1e-06 -1e-06 -1e-06 -17.346422 -20.095219 -4.201782 21.757561 -1.638374 3.866427 1e-06 -6.338824 1e-06 -1.697589 -22.591745 -6.194005 -2e-06 -6e-06 -3e-06 46.416355 -71.886879 151.725128 30.050797 -51.920883 13.948392 41.530182 0.786509 0.030088 5.621868 14.502402 -15.830667 22.182114 -20.375895 49.933327 -16.701817 -16.74353 28.476538 -5e-06 -12.6906 -2e-06 15.85472 -17.454546 2.810013 -0.10592 -1.513857 -4.27588 -5.039036 -5.612871 -2.953557 4e-06 -11.020525 -2e-06 -6.111299 -15.895334 -3.840471 -0.0 -1e-06 1e-06 -10.283372 -5.680289 -4.341837 11.028296 -11.302407 -2.372635 -1.384265 -14.238581 -6.320124 -0.625435 -26.924196 -3.827603 -4.365692 -50.086155 -3.237126 -13.708519 -7.363477 -3.720939 18.14115 -14.052741 -3.242676 7e-06 -18.787271 -3e-06 -0.429711 -8.456047 2.555504 1e-06 -2e-06 -0.0 -15.923532 -20.094484 -5.473585 30.419205 -7.190827 1.735926 1e-06 -8.162929 -1e-06 -1.861897 -22.861469 -6.167944 0.0 -2e-06 -1e-06 -167.511429 -10.654698 -14.410846 13.766138 0.051766 0.238536 -77.798424 4.036539 -14.746252 -7.105808 1.641332 2.036566 -0.999998 -1e-06 -0.0 13.535328 -8.301487 -12.44795 13.026205 0.061511 0.080111 -77.596077 -6.571495 -11.874355 -6.091096 0.658815 1.655626 -1.000001 -0.0 0.0 
0.0 0.0 0.0 0.0 -0.0 0.0 -15.465361 98.545914 124.221512 90.431297 14.579271 92.239136 -0.495491 -0.815074 0.169983 -10.961919 -0.764995 0.443345 17.639635 -1.406975 -1.5186 38.183743 6.193863 2.070482 -2.40636 -0.961633 -6.319947 -18.609457 -0.709015 -7.513813 6e-06 0.0 -0.0 0.026858 0.021768 -0.069526 0.05506 0.022106 -0.070496 0.041272 0.024414 -0.071734 -117.511726 -71.370918 133.755188 35.052052 -60.171986 -2.715142 40.864693 -0.840246 -0.056412 12.835588 -2.031489 1.101092 17.636627 -26.322733 52.41119 -19.466663 -14.395597 29.410389 -1e-06 -8.774821 -1e-06 15.735113 -18.316753 6.201909 -0.609776 -1.795655 -3.889327 -4.807089 -11.046811 -2.93785 5e-06 -20.976019 -0.0 -5.019968 -25.03356 -4.031881 4e-06 0.0 -0.0 -10.634536 -5.686971 -3.565587 10.573275 -17.922951 -3.1139 4e-06 -13.82121 -0.0 -0.501776 -31.181501 -4.027014 -11.79248 -59.49221 7.278144 -13.982712 -7.150198 -2.875041 13.772731 -8.401492 -3.218243 0.347737 -34.211555 0.771651 -0.963026 -17.73337 2.621019 0.0 0.0 2e-06 -17.346416 -20.095217 -4.201783 21.757557 -1.638374 3.866426 2e-06 -6.338823 1e-06 -1.697589 -22.591745 -6.194005 0.0 -7e-06 -1e-06 45.659775 -71.767838 152.243546 28.403063 -51.578995 13.8569 43.346996 0.7403 0.078287 6.161193 15.170781 -15.563348 22.182108 -20.375887 49.933315 -16.701822 -16.743532 28.476536 -4e-06 -12.6906 -2e-06 15.848961 -17.533865 2.777517 -0.105921 -1.513858 -4.275883 -5.03904 -5.612871 -2.953557 4e-06 -11.020523 -4e-06 -6.111295 -15.89533 -3.840471 -1e-06 -2e-06 0.0 -10.283369 -5.680289 -4.341837 11.028296 -11.302406 -2.372636 -1.384267 -14.238583 -6.320123 -0.625439 -26.924189 -3.827604 -4.334416 -50.02499 -3.310794 -13.70852 -7.363477 -3.72094 18.14115 -14.05274 -3.242679 7e-06 -18.787266 -5e-06 -0.429712 -8.456041 2.555502 1e-06 -2e-06 1e-06 -15.923538 -20.094486 -5.473586 30.419214 -7.190826 1.735924 2e-06 -8.162925 -2e-06 -1.861897 -22.861465 -6.167945 -1e-06 -3e-06 -3e-06 -167.222809 -10.400397 -14.518305 13.644345 0.042179 0.255078 -77.784721 4.203984 -14.826157 -7.180191 1.604524 2.021178 -0.999999 -1e-06 0.0 13.552157 -8.596898 -12.538948 13.445744 0.048276 0.122226 -77.731369 -6.554766 -11.647848 -6.235126 0.660201 1.658603 -1.000001 1e-06 -0.0 
0.0 0.0 0.0 0.0 -0.0 0.0 -15.335473 98.57531 124.49884 90.5522 14.479914 92.273346 -0.634172 -0.89597 0.119653 -10.984965 -0.7398 0.517598 17.094852 -1.543295 -1.555339 35.752728 5.918659 2.006487 -2.404889 -1.048258 -6.303617 -18.539625 -0.746913 -7.69037 6e-06 -0.0 1e-06 0.021968 0.016106 -0.033702 0.049358 0.036991 -0.025671 0.038607 -0.002532 -0.045496 -118.379364 -71.479355 134.265793 35.278816 -59.459091 -3.30406 40.953823 -0.78689 -0.119706 12.954896 -0.076131 1.890603 17.636631 -26.322725 52.411201 -19.466661 -14.395596 29.410393 -1e-06 -8.774822 -1e-06 15.686604 -18.32929 6.265737 -0.609775 -1.795653 -3.889328 -4.80709 -11.046812 -2.93785 4e-06 -20.976015 -2e-06 -5.01997 -25.033558 -4.031883 5e-06 2e-06 -1e-06 -10.634533 -5.68697 -3.565587 10.573275 -17.922949 -3.113901 4e-06 -13.821209 -1e-06 -0.501778 -31.181505 -4.027016 -11.871629 -59.514095 7.326191 -13.982712 -7.150197 -2.875042 13.772729 -8.401491 -3.218242 0.347736 -34.211544 0.771653 -0.963027 -17.733366 2.621018 -1e-06 0.0 1e-06 -17.34642 -20.095217 -4.201783 21.757566 -1.638376 3.866429 -0.0 -6.338823 2e-06 -1.697589 -22.591742 -6.19401 -1e-06 -5e-06 0.0 44.926792 -71.892456 152.671097 26.656549 -51.174126 13.745405 45.345924 0.626271 0.115274 6.537021 15.910127 -14.867868 22.182114 -20.375904 49.933323 -16.701815 -16.743528 28.476534 -4e-06 -12.690601 -1e-06 15.852344 -17.63747 2.775231 -0.105919 -1.513855 -4.275882 -5.039042 -5.612872 -2.953557 4e-06 -11.020527 -2e-06 -6.111298 -15.895334 -3.84047 -1e-06 -1e-06 0.0 -10.28337 -5.680287 -4.34184 11.028296 -11.302407 -2.372632 -1.384269 -14.238585 -6.320121 -0.625442 -26.924194 -3.827598 -4.319784 -49.98423 -3.314677 -13.708526 -7.363475 -3.72094 18.141148 -14.052741 -3.242673 4e-06 -18.787271 1e-06 -0.429712 -8.456046 2.555504 -0.0 -2e-06 -1e-06 -15.923536 -20.094484 -5.473584 30.419214 -7.190826 1.735926 4e-06 -8.162929 1e-06 -1.8619 -22.861479 -6.167942 -0.0 -1e-06 -1e-06 -167.206055 -10.226167 -14.630071 13.784347 0.040615 0.265966 -77.827797 4.530464 -14.959975 -7.199872 1.590539 2.013508 -1.0 0.0 -0.0 13.533244 -8.843187 -12.669478 13.686815 0.040803 0.150518 -77.699493 -6.461849 -11.389753 -6.341759 0.637709 1.658627 -1.000002 1e-06 0.0 
0.0 0.0 0.0 0.0 -0.0 0.0 -15.129261 98.610954 124.807144 90.611603 14.289498 92.258316 -0.746812 -0.878105 0.081025 -10.979393 -0.714571 0.590644 16.532726 -1.684085 -1.573903 32.744144 5.503348 1.953645 -2.390661 -1.12331 -6.320793 -18.436195 -0.681184 -8.022735 6e-06 -0.0 -0.0 0.012996 0.013782 -0.013219 0.015156 0.058567 -0.002192 0.005316 -0.029629 -0.028289 -119.463547 -71.687714 135.021881 37.220741 -58.466152 -4.959332 39.097424 -0.518225 -0.104658 12.392177 1.858877 4.915417 17.636625 -26.322731 52.41119 -19.466663 -14.395597 29.410389 1e-06 -8.774822 -2e-06 15.636861 -18.355558 6.29002 -0.609776 -1.795655 -3.889328 -4.807089 -11.046809 -2.937851 5e-06 -20.976015 -1e-06 -5.019969 -25.033558 -4.031882 4e-06 -1e-06 -1e-06 -10.634533 -5.686971 -3.565588 10.573274 -17.922953 -3.113902 3e-06 -13.82121 0.0 -0.501777 -31.181505 -4.027015 -12.045039 -59.70496 7.448181 -13.982716 -7.150199 -2.875039 13.77273 -8.401493 -3.218243 0.347735 -34.211544 0.771654 -0.96303 -17.733366 2.621019 1e-06 1e-06 1e-06 -17.346413 -20.095215 -4.20178 21.757557 -1.638375 3.86643 3e-06 -6.338824 2e-06 -1.697589 -22.591743 -6.194007 0.0 -2e-06 -2e-06 44.125637 -72.403168 153.060043 24.961466 -50.658558 13.749281 47.225513 0.570806 0.139851 6.671244 16.626068 -13.651934 22.182112 -20.3759 49.933323 -16.701813 -16.74353 28.476534 -2e-06 -12.690603 -1e-06 15.862926 -17.769423 2.783625 -0.105922 -1.513856 -4.275881 -5.03904 -5.612868 -2.953556 5e-06 -11.02052 -3e-06 -6.111298 -15.89533 -3.840469 -1e-06 -0.0 -1e-06 -10.28337 -5.680287 -4.341839 11.028292 -11.302404 -2.372632 -1.384268 -14.238579 -6.320122 -0.625436 -26.924179 -3.827601 -4.314362 -49.987442 -3.301061 -13.708525 -7.363474 -3.720939 18.141151 -14.052738 -3.242675 6e-06 -18.787268 -1e-06 -0.429712 -8.456037 2.555503 -0.0 0.0 -1e-06 -15.923531 -20.094479 -5.473584 30.419205 -7.190828 1.735925 3e-06 -8.162929 1e-06 -1.861901 -22.861464 -6.16794 -0.0 -1e-06 -1e-06 -167.335068 -10.092034 -14.893332 14.100529 0.035344 0.265572 -77.982376 5.010704 -15.044942 -7.128232 1.596912 2.013451 -0.999998 -1e-06 0.0 13.532045 -9.069522 -12.799702 13.708962 0.039147 0.168685 -77.559685 -6.306932 -11.174603 -6.403328 0.60619 1.654812 -1.000001 -0.0 0.0 
0.0 0.0 0.0 0.0 -0.0 0.0 -14.865252 98.644356 125.155518 90.633995 14.089456 92.198502 -0.810271 -0.779856 0.078264 -10.944644 -0.691628 0.639007 16.029291 -1.819713 -1.558845 29.494656 4.956838 1.919139 -2.378423 -1.164222 -6.410944 -18.312586 -0.568679 -8.49677 6e-06 -0.0 -1e-06 0.006376 0.009003 -0.0273 -0.016042 0.076911 -0.015356 -0.027948 -0.058249 -0.043826 -120.961685 -71.854057 136.33989 40.647949 -57.099495 -7.579038 35.76685 -0.14496 0.05883 11.254741 3.775855 9.549615 17.636631 -26.322725 52.41119 -19.46666 -14.395597 29.410393 1e-06 -8.774822 -3e-06 15.490012 -18.447819 6.312414 -0.609774 -1.795652 -3.889325 -4.807091 -11.046811 -2.937851 4e-06 -20.976019 3e-06 -5.019973 -25.03356 -4.031882 6e-06 -0.0 0.0 -10.634535 -5.686971 -3.565588 10.573274 -17.922949 -3.113899 3e-06 -13.821208 1e-06 -0.501782 -31.181505 -4.027016 -12.090921 -59.779564 7.515333 -13.982716 -7.150198 -2.875041 13.772727 -8.40149 -3.21824 0.347732 -34.211544 0.771656 -0.96303 -17.733368 2.621019 2e-06 -0.0 1e-06 -17.346422 -20.095217 -4.20178 21.757563 -1.638375 3.86643 2e-06 -6.338825 3e-06 -1.697592 -22.591742 -6.194009 -1e-06 -3e-06 -3e-06 43.40115 -73.279617 153.299271 23.641281 -49.990849 13.710411 48.685738 0.576164 0.151685 6.599592 17.215488 -12.322485 22.182121 -20.375891 49.933315 -16.701807 -16.743526 28.47653 -1e-06 -12.690605 -2e-06 15.839409 -17.867064 2.798595 -0.105919 -1.513856 -4.275883 -5.039043 -5.612872 -2.953555 3e-06 -11.020525 -1e-06 -6.111302 -15.895336 -3.84047 -0.0 0.0 -0.0 -10.283377 -5.680291 -4.341839 11.028296 -11.302402 -2.372632 -1.384273 -14.238581 -6.320121 -0.625441 -26.924194 -3.8276 -4.26873 -49.936657 -3.344331 -13.708527 -7.363478 -3.720939 18.141153 -14.052739 -3.242676 5e-06 -18.787271 -2e-06 -0.429712 -8.456041 2.555504 -1e-06 2e-06 -0.0 -15.923541 -20.094486 -5.473585 30.419218 -7.190824 1.735929 1e-06 -8.162929 -0.0 -1.861904 -22.861467 -6.167942 1e-06 -2e-06 -2e-06 -167.474701 -9.962479 -15.223454 14.503145 0.020717 0.247026 -78.210762 5.481889 -15.022417 -6.970643 1.617638 2.016459 -0.999999 0.0 0.0 13.649024 -9.282057 -12.922531 13.498815 0.045697 0.182901 -77.348534 -6.111746 -11.023482 -6.325047 0.587911 1.651726 -1.000001 -0.0 0.0 
0.0 0.0 0.0 0.0 -0.0 0.0 -14.601053 98.64817 125.520065 90.605972 13.898142 92.056046 -0.806528 -0.621101 0.08518 -10.883773 -0.665309 0.670236 15.602575 -1.930492 -1.513618 26.289618 4.343194 1.920755 -2.377892 -1.198883 -6.521213 -18.290974 -0.498021 -9.035297 6e-06 -0.0 -1e-06 -0.000282 -0.002148 -0.061691 -0.03019 0.080694 -0.048778 -0.04302 -0.08513 -0.079383 -122.881248 -72.025223 138.125931 44.362335 -55.578384 -10.689424 32.262924 0.242713 0.30166 9.99731 5.571666 13.568452 17.636629 -26.322735 52.411194 -19.466648 -14.395596 29.410378 1e-06 -8.774822 -2e-06 15.328532 -18.608904 6.381918 -0.609775 -1.795652 -3.889326 -4.807088 -11.046804 -2.93785 1e-06 -20.976011 5e-06 -5.019974 -25.033548 -4.031878 6e-06 0.0 -1e-06 -10.634535 -5.686968 -3.565585 10.573271 -17.922947 -3.113899 2e-06 -13.821208 1e-06 -0.501783 -31.181501 -4.027013 -12.077236 -59.714317 7.579197 -13.982714 -7.150195 -2.875041 13.772727 -8.401488 -3.21824 0.347734 -34.211536 0.771657 -0.963028 -17.733366 2.621021 2e-06 -1e-06 -0.0 -17.346418 -20.095211 -4.201779 21.757557 -1.638375 3.866428 -0.0 -6.338823 1e-06 -1.697592 -22.59174 -6.194004 -0.0 -5e-06 -0.0 42.606804 -74.444099 153.590317 22.832191 -49.065369 13.336726 49.657856 0.565713 0.179881 6.381479 17.781427 -11.09849 22.182112 -20.3759 49.933315 -16.701803 -16.743521 28.476526 -1e-06 -12.690598 -3e-06 15.80127 -17.917597 2.805253 -0.105919 -1.513855 -4.27588 -5.039042 -5.612871 -2.953555 7e-06 -11.02052 -1e-06 -6.111299 -15.895329 -3.840469 -1e-06 -0.0 -1e-06 -10.283367 -5.680287 -4.341838 11.02829 -11.302402 -2.372631 -1.38427 -14.238576 -6.32012 -0.625438 -26.924179 -3.827598 -4.166997 -49.822624 -3.46173 -13.70852 -7.363472 -3.720939 18.141146 -14.052734 -3.242673 2e-06 -18.787266 1e-06 -0.429711 -8.456039 2.555504 1e-06 1e-06 1e-06 -15.923528 -20.094477 -5.473584 30.419197 -7.190823 1.735925 2e-06 -8.162928 1e-06 -1.861905 -22.861464 -6.167938 -1e-06 -4e-06 -1e-06 -167.610611 -9.871801 -15.517857 14.981457 0.007345 0.195931 -78.569702 5.764852 -14.920415 -6.797718 1.663356 2.023146 -0.999998 0.0 -0.0 13.802132 -9.444368 -13.008379 13.139435 0.056779 0.200808 -77.226372 -5.849661 -10.865303 -6.150736 0.575232 1.649324 -1.000001 -0.0 0.0 
0.0 0.0 0.0 0.0 -0.0 0.0 -14.438478 98.610077 125.852242 90.490517 13.74881 91.786469 -0.651133 -0.398852 0.076216 -10.782023 -0.639822 0.670081 15.231325 -1.968467 -1.440063 23.239349 3.694857 1.936017 -2.367258 -1.247993 -6.560782 -18.507797 -0.525621 -9.423123 6e-06 -0.0 -1e-06 -0.00515 -0.014863 -0.079211 -0.013179 0.073937 -0.065644 -0.025496 -0.104695 -0.097512 -124.488548 -72.454132 139.406082 47.410957 -54.407162 -13.971896 29.960768 0.573063 0.537711 9.28575 7.135452 15.369228 17.636633 -26.322733 52.41119 -19.466661 -14.395598 29.410385 -1e-06 -8.774824 -0.0 15.249301 -18.68047 6.440834 -0.609777 -1.795655 -3.88933 -4.807087 -11.046807 -2.93785 4e-06 -20.976019 3e-06 -5.019973 -25.03356 -4.031878 6e-06 1e-06 0.0 -10.634531 -5.686972 -3.565587 10.573276 -17.922951 -3.113904 4e-06 -13.821211 -2e-06 -0.501777 -31.181505 -4.027018 -12.042419 -59.580261 7.60222 -13.982712 -7.150197 -2.87504 13.77273 -8.401495 -3.218242 0.347737 -34.211555 0.77165 -0.96303 -17.73337 2.621022 0.0 -0.0 -0.0 -17.346418 -20.095221 -4.20178 21.757559 -1.638374 3.866429 0.0 -6.338827 0.0 -1.697587 -22.591749 -6.194008 1e-06 -5e-06 -1e-06 41.69043 -75.87455 154.005615 22.538313 -47.880917 12.456082 50.187008 0.626627 0.233179 6.179105 18.491848 -9.971379 22.182108 -20.375895 49.933319 -16.701811 -16.743525 28.476528 -1e-06 -12.6906 -3e-06 15.749722 -17.951868 2.813437 -0.10592 -1.513856 -4.275879 -5.03904 -5.612871 -2.953556 4e-06 -11.02052 -3e-06 -6.1113 -15.89533 -3.84047 -2e-06 -0.0 0.0 -10.283367 -5.680287 -4.341836 11.028294 -11.302402 -2.372633 -1.38427 -14.23858 -6.320118 -0.625438 -26.924185 -3.827603 -4.078145 -49.762371 -3.589231 -13.708521 -7.363476 -3.720938 18.141146 -14.052739 -3.242674 5e-06 -18.78727 -1e-06 -0.429711 -8.456038 2.555502 1e-06 -2e-06 1e-06 -15.923531 -20.094482 -5.473584 30.419201 -7.190824 1.735927 2e-06 -8.162929 0.0 -1.861902 -22.861469 -6.167942 1e-06 -1e-06 -2e-06 -167.758789 -9.932739 -15.804831 15.593349 0.001231 0.145721 -79.045067 5.907791 -14.819345 -6.67157 1.723243 2.036467 -0.999999 1e-06 0.0 13.933242 -9.472441 -12.924569 12.905365 0.064255 0.21255 -77.34037 -5.667397 -10.729953 -5.961175 0.580613 1.648767 -1.000002 -0.0 -0.0 
0.0 0.0 0.0 0.0 -0.0 0.0 -14.385559 98.537674 126.015388 90.26281 13.612823 91.409958 -0.30395 -0.120688 0.038643 -10.637043 -0.597843 0.641685 14.920982 -1.899538 -1.391799 20.266924 3.00326 1.952855 -2.344201 -1.300428 -6.410834 -19.035488 -0.628538 -9.524999 6e-06 -0.0 0.0 -0.008252 -0.025283 -0.077919 0.020724 0.064366 -0.066103 0.011219 -0.11698 -0.095101 -124.846321 -73.286461 139.19487 49.847412 -53.740074 -17.073465 29.372826 0.813414 0.70335 9.286885 8.542383 15.647447 17.636637 -26.322739 52.411198 -19.466661 -14.395597 29.410389 -1e-06 -8.774822 -2e-06 15.236752 -18.653559 6.46859 -0.609775 -1.795652 -3.889328 -4.807088 -11.046811 -2.93785 2e-06 -20.976021 3e-06 -5.019974 -25.03356 -4.031878 7e-06 -1e-06 -3e-06 -10.634534 -5.686971 -3.56559 10.573277 -17.922951 -3.113901 5e-06 -13.821211 1e-06 -0.501777 -31.181507 -4.027014 -11.942018 -59.466606 7.55493 -13.982715 -7.150198 -2.875041 13.772731 -8.401493 -3.218243 0.347739 -34.211555 0.771653 -0.963032 -17.73337 2.621023 -0.0 0.0 1e-06 -17.34642 -20.095217 -4.201783 21.757561 -1.638375 3.866428 0.0 -6.338827 1e-06 -1.697587 -22.591747 -6.194008 1e-06 -4e-06 -2e-06 40.861031 -77.629097 154.301208 22.553064 -46.619518 10.905511 50.493671 0.747976 0.275665 6.176764 19.309422 -8.965271 22.182116 -20.375898 49.933319 -16.701817 -16.74353 28.476532 -2e-06 -12.690602 -3e-06 15.662411 -17.942371 2.84955 -0.105921 -1.513856 -4.275881 -5.039042 -5.612873 -2.953556 7e-06 -11.020524 -0.0 -6.1113 -15.895338 -3.840468 -1e-06 1e-06 -1e-06 -10.283371 -5.680289 -4.341838 11.028295 -11.302406 -2.372632 -1.384269 -14.238583 -6.32012 -0.625443 -26.924194 -3.827597 -4.010764 -49.784042 -3.683893 -13.708527 -7.363475 -3.720939 18.141151 -14.052739 -3.242674 4e-06 -18.787271 1e-06 -0.429708 -8.456039 2.5555 0.0 -1e-06 2e-06 -15.923538 -20.094484 -5.473582 30.419214 -7.190826 1.735926 1e-06 -8.162927 -0.0 -1.861903 -22.861473 -6.167942 0.0 -2e-06 -1e-06 -168.14621 -10.215968 -16.089745 16.547392 0.002441 0.118379 -79.604042 5.941331 -14.686242 -6.572018 1.772539 2.051708 -0.999998 -0.0 0.0 13.724136 -9.364022 -12.617296 13.036516 0.06738 0.225337 -77.63707 -5.612907 -10.574828 -5.743773 0.60891 1.650895 -1.000002 1e-06 -0.0 
0.0 0.0 0.0 0.0 -0.0 0.0 -14.421636 98.472717 125.985565 89.982239 13.393825 90.980286 0.206611 0.145364 -0.015297 -10.452456 -0.543591 0.610331 14.686541 -1.741053 -1.424875 17.419184 2.369827 1.976657 -2.322012 -1.328223 -6.055981 -19.87405 -0.749116 -9.32054 6e-06 -0.0 0.0 -0.009071 -0.029436 -0.065086 0.051615 0.051255 -0.058683 0.045813 -0.11313 -0.077838 -123.113205 -74.571701 136.733383 51.611198 -53.579201 -19.421728 30.576099 0.866751 0.783698 10.129178 9.487234 14.647047 17.63662 -26.322714 52.411179 -19.466658 -14.395596 29.410385 -0.0 -8.774817 -2e-06 15.271142 -18.549675 6.462952 -0.609776 -1.795652 -3.889328 -4.807084 -11.046807 -2.937852 5e-06 -20.976011 -1e-06 -5.019972 -25.033546 -4.031882 8e-06 -1e-06 0.0 -10.634529 -5.686969 -3.565586 10.573271 -17.922945 -3.113901 4e-06 -13.821206 -1e-06 -0.501774 -31.181498 -4.027017 -11.846546 -59.465572 7.520646 -13.982709 -7.150195 -2.875041 13.772724 -8.401491 -3.218243 0.347738 -34.211536 0.771651 -0.96303 -17.733362 2.62102 -1e-06 -2e-06 1e-06 -17.346409 -20.095207 -4.201781 21.757551 -1.638374 3.866426 1e-06 -6.338824 0.0 -1.697588 -22.59174 -6.194005 2e-06 -6e-06 -2e-06 40.665028 -79.498428 153.952637 22.630243 -45.450825 8.67986 50.980824 0.831532 0.290969 6.471028 20.09758 -8.112079 22.182114 -20.375891 49.933315 -16.701809 -16.74353 28.476524 -1e-06 -12.6906 -2e-06 15.578625 -17.900301 2.877095 -0.10592 -1.513856 -4.275883 -5.039042 -5.612871 -2.953555 5e-06 -11.02052 -1e-06 -6.111298 -15.89533 -3.840469 -4e-06 -1e-06 -2e-06 -10.28337 -5.680288 -4.341837 11.028289 -11.302403 -2.372629 -1.384267 -14.238579 -6.320121 -0.625442 -26.924183 -3.827602 -3.950172 -49.842373 -3.747719 -13.708525 -7.363477 -3.72094 18.141146 -14.052736 -3.242672 6e-06 -18.787268 -0.0 -0.429713 -8.456041 2.555501 1e-06 3e-06 -0.0 -15.923538 -20.094482 -5.473584 30.41921 -7.190821 1.735926 2e-06 -8.162925 -1e-06 -1.861903 -22.861471 -6.167941 -1e-06 -3e-06 -1e-06 -168.801437 -10.612704 -16.267351 17.621332 0.012998 0.102998 -80.050148 5.800864 -14.587235 -6.520429 1.795603 2.06156 -0.999999 0.0 0.0 13.089769 -9.188643 -12.163692 13.566809 0.066324 0.245027 -77.999176 -5.570395 -10.395994 -5.532146 0.642955 1.653134 -1.000003 0.0 -0.0 
0.0 0.0 0.0 0.0 -0.0 0.0 -14.560488 98.451324 125.718323 89.698112 13.003199 90.520905 0.880123 0.361682 -0.060739 -10.235483 -0.486243 0.601207 14.538977 -1.503761 -1.586686 14.600682 1.820812 1.995589 -2.311831 -1.308522 -5.493509 -21.243063 -0.794763 -8.797694 6e-06 0.0 -0.0 -0.000956 -0.02965 -0.05032 0.072483 0.037989 -0.049215 0.074748 -0.101408 -0.059138 -118.407707 -76.350578 131.197617 52.758732 -53.803577 -20.735493 33.07304 0.738102 0.778374 11.840246 10.021703 12.193831 17.636629 -26.322729 52.411198 -19.466661 -14.395597 29.410389 -1e-06 -8.774821 -2e-06 15.390818 -18.339087 6.412881 -0.609776 -1.795654 -3.889325 -4.807088 -11.046811 -2.937853 4e-06 -20.976017 -1e-06 -5.01997 -25.03356 -4.031881 5e-06 2e-06 -3e-06 -10.634534 -5.686972 -3.565589 10.573272 -17.922951 -3.113899 4e-06 -13.821212 -2e-06 -0.501775 -31.181507 -4.027021 -11.793035 -59.55341 7.538934 -13.982714 -7.150199 -2.875042 13.772728 -8.401495 -3.218241 0.347738 -34.211555 0.771651 -0.963028 -17.733372 2.621021 0.0 -0.0 -1e-06 -17.346422 -20.095221 -4.20178 21.757561 -1.638373 3.866428 2e-06 -6.338827 -1e-06 -1.697589 -22.591747 -6.194009 -2e-06 -5e-06 -1e-06 41.996689 -81.53756 152.026764 22.622517 -44.628468 5.877084 51.860249 0.859841 0.315314 7.072898 20.842632 -7.413794 22.182116 -20.375893 49.933319 -16.701811 -16.74353 28.476532 -2e-06 -12.6906 -2e-06 15.51877 -17.834995 2.888999 -0.10592 -1.513855 -4.27588 -5.039042 -5.612872 -2.953554 3e-06 -11.020525 -3e-06 -6.1113 -15.895334 -3.840468 -2e-06 -1e-06 0.0 -10.283373 -5.680288 -4.341839 11.028293 -11.302406 -2.372633 -1.384269 -14.238579 -6.320121 -0.625441 -26.924189 -3.827602 -3.968793 -49.877968 -3.697807 -13.708526 -7.363477 -3.720941 18.141148 -14.052737 -3.242673 5e-06 -18.787268 -2e-06 -0.429712 -8.456041 2.555503 1e-06 2e-06 0.0 -15.923539 -20.094482 -5.473584 30.41921 -7.190824 1.735928 3e-06 -8.162925 -2e-06 -1.861902 -22.861469 -6.167944 1e-06 -3e-06 -1e-06 -169.77948 -11.058762 -16.331564 18.650528 0.028509 0.088238 -80.196129 5.511285 -14.583292 -6.49584 1.782285 2.057218 -0.999999 1e-06 0.0 11.84341 -8.982976 -11.560959 14.623949 0.059294 0.270986 -78.318108 -5.525908 -10.175616 -5.396491 0.680396 1.65631 -1.000001 0.0 -0.0 
0.0 0.0 0.0 0.0 -0.0 0.0 -14.732629 98.502167 125.305405 89.4533 12.381421 90.025009 1.703218 0.48921 -0.091494 -9.980653 -0.429732 0.610849 14.481974 -1.216604 -1.82748 11.782136 1.380385 2.012135 -2.313694 -1.268627 -4.772239 -23.124184 -0.706482 -8.137161 5e-06 0.0 0.0 0.007217 -0.02352 -0.026581 0.072591 0.032656 -0.030408 0.083208 -0.084799 -0.031218 -110.328979 -78.374611 122.335571 53.492828 -53.971813 -21.357199 35.87125 0.527987 0.689804 14.032887 10.654105 9.066936 17.636627 -26.322733 52.411201 -19.466663 -14.395598 29.410395 -0.0 -8.774821 -3e-06 15.531992 -18.109245 6.363956 -0.609776 -1.795653 -3.889327 -4.807089 -11.046813 -2.93785 3e-06 -20.976025 -0.0 -5.01997 -25.033562 -4.031886 6e-06 1e-06 -1e-06 -10.634537 -5.686973 -3.565589 10.573276 -17.922955 -3.113902 5e-06 -13.821211 -3e-06 -0.501776 -31.181505 -4.027019 -11.807812 -59.664375 7.616974 -13.982716 -7.150199 -2.875039 13.772731 -8.401492 -3.218242 0.347739 -34.211555 0.771649 -0.963032 -17.73337 2.62102 3e-06 -1e-06 0.0 -17.346422 -20.095222 -4.201779 21.757561 -1.638376 3.866428 0.0 -6.338827 0.0 -1.69759 -22.591747 -6.194006 -1e-06 -5e-06 -3e-06 46.366783 -83.707016 147.024033 22.603498 -44.236607 2.498594 53.052872 0.74993 0.353977 7.891648 21.615332 -6.701461 22.182119 -20.3759 49.933334 -16.701818 -16.74353 28.476538 -3e-06 -12.690603 -2e-06 15.533054 -17.740967 2.849144 -0.105918 -1.513856 -4.275882 -5.039043 -5.612873 -2.953557 4e-06 -11.020527 -5e-06 -6.111297 -15.895336 -3.840472 -3e-06 -1e-06 0.0 -10.283373 -5.680288 -4.341841 11.028297 -11.302408 -2.372633 -1.384269 -14.238582 -6.32012 -0.625436 -26.924192 -3.827604 -4.025532 -49.877682 -3.589669 -13.708527 -7.363478 -3.720943 18.141153 -14.05274 -3.242676 7e-06 -18.787273 -1e-06 -0.429711 -8.456045 2.555504 0.0 0.0 -0.0 -15.923536 -20.094482 -5.473587 30.419222 -7.190828 1.735922 3e-06 -8.162927 -1e-06 -1.861901 -22.861473 -6.167942 -1e-06 -4e-06 -1e-06 -171.036453 -11.438335 -16.249289 19.537815 0.041983 0.065345 -79.984047 5.079133 -14.632129 -6.562139 1.752866 2.042654 -1.0 0.0 -0.0 10.147897 -8.783543 -10.787207 15.857671 0.055448 0.28937 -78.384216 -5.523215 -9.996565 -5.35251 0.710152 1.658632 -1.000002 1e-06 0.0 
0.0 0.0 0.0 0.0 -0.0 0.0 -14.902677 98.605576 124.835716 89.253914 11.560645 89.498016 2.699313 0.528499 -0.112614 -9.672739 -0.391194 0.624564 14.523349 -0.918946 -2.041477 8.974641 1.122194 1.979621 -2.320349 -1.249954 -3.963877 -25.390203 -0.487937 -7.515595 5e-06 -0.0 0.0 0.005497 -0.016422 -0.009989 0.046805 0.030897 -0.020848 0.06089 -0.069206 -0.007281 -97.892372 -80.289452 109.368347 54.010426 -53.755516 -21.861504 38.429424 0.351265 0.594486 16.054384 11.679632 6.528723 17.636627 -26.322737 52.411194 -19.466658 -14.395597 29.410389 -1e-06 -8.774819 -2e-06 15.621425 -17.997908 6.346364 -0.609777 -1.795655 -3.889329 -4.807089 -11.046811 -2.937851 5e-06 -20.976021 1e-06 -5.019972 -25.033554 -4.031879 5e-06 2e-06 -1e-06 -10.634533 -5.68697 -3.565585 10.573275 -17.922951 -3.113901 5e-06 -13.821206 -2e-06 -0.501782 -31.181505 -4.027014 -11.842022 -59.775284 7.66259 -13.982714 -7.150198 -2.875041 13.772727 -8.401491 -3.218238 0.347735 -34.211555 0.771655 -0.963033 -17.73337 2.621022 2e-06 0.0 -0.0 -17.346418 -20.095219 -4.201779 21.757557 -1.638376 3.866426 2e-06 -6.338825 -0.0 -1.697587 -22.591745 -6.194005 -0.0 -5e-06 -3e-06 58.554802 -85.862793 134.096054 22.558897 -44.380116 -1.137301 54.458012 0.563342 0.396019 8.605871 22.412954 -5.871191 22.182114 -20.375891 49.933319 -16.701817 -16.74353 28.47653 -4e-06 -12.6906 -1e-06 15.608415 -17.630268 2.768615 -0.105922 -1.513853 -4.275882 -5.039039 -5.612871 -2.953557 5e-06 -11.020521 -4e-06 -6.111297 -15.89533 -3.840472 -1e-06 0.0 1e-06 -10.283371 -5.680288 -4.341839 11.028297 -11.302405 -2.372634 -1.384267 -14.238579 -6.320121 -0.625435 -26.924187 -3.827601 -4.035653 -49.886189 -3.502788 -13.708528 -7.363475 -3.720939 18.141151 -14.052739 -3.242675 6e-06 -18.787268 -0.0 -0.429711 -8.456041 2.555502 -0.0 1e-06 -0.0 -15.923536 -20.094482 -5.473587 30.41921 -7.190825 1.735927 3e-06 -8.162927 -3e-06 -1.861901 -22.861467 -6.167941 1e-06 -2e-06 -3e-06 -172.515106 -11.74542 -16.059256 20.364223 0.049575 0.049111 -79.530586 4.54683 -14.677131 -6.685561 1.742015 2.03741 -0.999998 1e-06 1e-06 8.232232 -8.594439 -9.822928 17.101976 0.051165 0.301492 -78.217606 -5.626024 -9.888384 -5.34798 0.731559 1.662659 -1.000003 1e-06 -0.0 
0.0 0.0 0.0 0.0 -0.0 0.0 -15.086864 98.684929 124.249329 89.027115 10.610935 88.982986 3.92317 0.528584 -0.138882 -9.30208 -0.376784 0.613522 14.739656 -0.620903 -2.200216 6.282785 1.12413 1.899445 -2.347845 -1.278099 -3.129996 -28.069693 -0.117209 -6.993775 7e-06 0.0 0.0 -0.007872 -0.018023 -0.014663 -0.010594 0.027108 -0.034488 0.002381 -0.068613 -0.002153 -78.343033 -81.666733 89.578659 54.33234 -53.296021 -22.521721 40.803413 0.313204 0.538798 17.643139 13.029271 4.676669 17.636633 -26.322733 52.411194 -19.46666 -14.395597 29.410385 -1e-06 -8.774822 -1e-06 15.6776 -17.97283 6.337767 -0.609777 -1.795653 -3.889328 -4.80709 -11.046811 -2.937847 4e-06 -20.976015 1e-06 -5.019971 -25.033556 -4.031881 5e-06 -1e-06 0.0 -10.634533 -5.68697 -3.565589 10.573271 -17.922955 -3.113898 5e-06 -13.821209 -2e-06 -0.50178 -31.181505 -4.027012 -11.832868 -59.834816 7.607651 -13.982712 -7.150198 -2.875045 13.772727 -8.401489 -3.218239 0.347733 -34.211555 0.771655 -0.96303 -17.733368 2.62102 2e-06 -1e-06 -1e-06 -17.346416 -20.095215 -4.201783 21.757555 -1.638376 3.866429 1e-06 -6.338824 1e-06 -1.697586 -22.591736 -6.194006 -2e-06 -6e-06 -1e-06 98.242035 -87.406181 93.529152 22.606905 -45.239101 -5.020094 56.016747 0.254431 0.441188 8.97005 23.095745 -5.066783 22.182114 -20.375896 49.933319 -16.701811 -16.74353 28.476524 -3e-06 -12.690601 -0.0 15.673813 -17.554794 2.686885 -0.10592 -1.513857 -4.275881 -5.039041 -5.612871 -2.953556 3e-06 -11.020528 -3e-06 -6.1113 -15.895334 -3.840471 -1e-06 -1e-06 1e-06 -10.283371 -5.680286 -4.341835 11.028294 -11.302406 -2.372638 -1.384268 -14.238583 -6.320117 -0.625436 -26.924189 -3.827604 -4.012931 -49.903881 -3.45458 -13.708525 -7.363477 -3.720938 18.141146 -14.05274 -3.242676 6e-06 -18.787271 -3e-06 -0.429712 -8.456045 2.555506 -0.0 1e-06 -1e-06 -15.923538 -20.094482 -5.473581 30.41921 -7.190825 1.735926 3e-06 -8.162925 -2e-06 -1.861902 -22.861475 -6.167947 1e-06 -3e-06 -2e-06 -174.350266 -12.132153 -15.688891 21.45569 0.056454 0.041766 -79.129051 3.843772 -14.662945 -6.762816 1.751504 2.047634 -0.999999 -0.0 0.0 5.92453 -8.274964 -8.686666 18.559355 0.046055 0.295519 -78.047791 -5.91829 -9.73753 -5.305882 0.737678 1.66983 -1.000003 0.0 0.0 
0.0 0.0 0.0 0.0 -0.0 0.0 -15.406672 98.656311 123.303162 88.654045 9.626519 88.546364 5.515737 0.552975 -0.162407 -8.850335 -0.400382 0.510925 15.253874 -0.260661 -2.339157 3.87629 1.436337 1.837964 -2.411156 -1.312677 -2.311572 -31.285343 0.394381 -6.452492 5e-06 -0.0 0.0 -0.021506 -0.040294 -0.050952 -0.089715 0.012126 -0.078565 -0.080039 -0.09825 -0.029327 -52.993347 -81.644051 64.231674 54.425747 -52.762577 -23.30549 43.410957 0.410926 0.530071 18.688919 14.466657 3.794994 17.636635 -26.322729 52.411186 -19.46666 -14.395594 29.410385 0.0 -8.774822 -2e-06 15.682836 -17.987299 6.327992 -0.609777 -1.795654 -3.889327 -4.807091 -11.046813 -2.93785 5e-06 -20.976019 -2e-06 -5.019974 -25.03356 -4.031883 7e-06 0.0 -0.0 -10.634536 -5.686974 -3.565589 10.573272 -17.922955 -3.113901 2e-06 -13.821209 -1e-06 -0.501779 -31.181505 -4.027017 -11.808861 -59.886948 7.50433 -13.982718 -7.1502 -2.875041 13.772731 -8.401493 -3.218241 0.347734 -34.211555 0.771652 -0.963029 -17.733372 2.621021 2e-06 0.0 -0.0 -17.346426 -20.095221 -4.20178 21.757561 -1.638375 3.86643 1e-06 -6.338823 -1e-06 -1.697591 -22.591751 -6.194006 -1e-06 -5e-06 -1e-06 152.59639 -86.336014 38.324436 23.08498 -46.865475 -9.488094 57.888557 -0.116312 0.390581 8.988944 23.413176 -4.427069 22.182121 -20.3759 49.933323 -16.701817 -16.743536 28.476534 -2e-06 -12.690605 -1e-06 15.691751 -17.536179 2.632028 -0.105921 -1.513855 -4.275882 -5.039042 -5.612872 -2.953554 3e-06 -11.020527 -1e-06 -6.111301 -15.895338 -3.840472 -1e-06 0.0 -0.0 -10.283373 -5.680289 -4.341837 11.028296 -11.302406 -2.372632 -1.38427 -14.238585 -6.320117 -0.625443 -26.924196 -3.8276 -3.98818 -49.956802 -3.464173 -13.70853 -7.363477 -3.720939 18.141151 -14.05274 -3.242673 4e-06 -18.787273 -2e-06 -0.429711 -8.456044 2.555504 -0.0 1e-06 1e-06 -15.923541 -20.094484 -5.473584 30.419218 -7.190825 1.73593 2e-06 -8.162927 -0.0 -1.861905 -22.861473 -6.167943 1e-06 -4e-06 -1e-06 -176.789322 -12.874471 -15.055799 23.143276 0.066238 0.044551 -78.934364 3.052181 -14.567236 -6.74398 1.764792 2.068729 -0.999999 1e-06 0.0 3.131617 -7.710241 -7.569934 20.56521 0.035815 0.261859 -78.021385 -6.291859 -9.639563 -5.190577 0.715385 1.677125 -1.000001 1e-06 0.0 
0.0 0.0 0.0 0.0 -0.0 0.0 -15.952139 98.497887 121.914246 88.102654 8.76699 88.308487 7.428066 0.637527 -0.174693 -8.316217 -0.466764 0.292368 16.150448 0.214212 -2.47592 2.305617 2.037093 1.816472 -2.499992 -1.377701 -1.640006 -34.742008 0.973057 -5.795727 6e-06 0.0 0.0 -0.023936 -0.066556 -0.085046 -0.161833 -0.009472 -0.117524 -0.158365 -0.129169 -0.056603 -34.308544 -80.197586 45.794613 54.15287 -51.97023 -23.868715 46.566792 0.553039 0.487545 19.179857 15.540004 4.190678 17.636627 -26.322729 52.411201 -19.466665 -14.395597 29.410389 1e-06 -8.774822 -4e-06 15.633964 -18.114895 6.373242 -0.609777 -1.795653 -3.889324 -4.807088 -11.046812 -2.937851 5e-06 -20.976021 -0.0 -5.019973 -25.03356 -4.031879 5e-06 0.0 0.0 -10.634534 -5.686969 -3.565586 10.573277 -17.922955 -3.113902 4e-06 -13.821211 0.0 -0.501775 -31.181505 -4.027016 -11.798773 -59.972359 7.414668 -13.982715 -7.150197 -2.875041 13.772731 -8.401496 -3.218242 0.347739 -34.211555 0.771652 -0.963028 -17.73337 2.621018 1e-06 -0.0 -0.0 -17.346416 -20.095217 -4.201784 21.757561 -1.638379 3.866425 2e-06 -6.338825 0.0 -1.697585 -22.591747 -6.194008 -2e-06 -6e-06 -1e-06 169.487259 -84.003799 20.883852 24.387623 -48.755642 -14.483068 60.305065 -0.266676 0.249595 8.836555 23.397982 -3.898279 22.182116 -20.375891 49.933319 -16.701815 -16.743528 28.47653 -3e-06 -12.690601 -2e-06 15.650493 -17.526352 2.63763 -0.10592 -1.513857 -4.27588 -5.039042 -5.612871 -2.953557 3e-06 -11.020525 -1e-06 -6.111294 -15.895334 -3.840474 -2e-06 -1e-06 -1e-06 -10.283369 -5.68029 -4.34184 11.028295 -11.302406 -2.372634 -1.384268 -14.238583 -6.320119 -0.625436 -26.924192 -3.827604 -3.970222 -50.06562 -3.48863 -13.708523 -7.363479 -3.720941 18.141148 -14.052739 -3.242674 7e-06 -18.78727 -3e-06 -0.429711 -8.456047 2.555505 0.0 1e-06 0.0 -15.923536 -20.094482 -5.473579 30.419207 -7.190826 1.735927 3e-06 -8.162927 -1e-06 -1.861902 -22.861473 -6.167943 1e-06 -4e-06 -3e-06 -179.673325 -14.099551 -14.381898 25.259981 0.068869 0.099076 -78.80587 2.642291 -14.346237 -6.615102 1.766963 2.09025 -0.999998 0.0 0.0 0.027968 -6.772588 -6.944456 22.902063 0.023463 0.204106 -78.101913 -6.550162 -9.386858 -5.046973 0.683332 1.681686 -1.000001 -0.0 -0.0 
0.0 0.0 0.0 0.0 -0.0 0.0 -16.605333 98.340393 120.268402 87.586266 7.892499 88.23642 9.321836 0.749973 -0.145926 -7.7453 -0.55084 0.014003 17.443014 0.686839 -2.557685 2.144006 2.719821 1.862095 -2.597524 -1.470266 -1.152 -37.976639 1.416521 -5.135898 4e-06 0.0 0.0 -0.014994 -0.066492 -0.081707 -0.210003 -0.006731 -0.116762 -0.218302 -0.130504 -0.047138 -26.682684 -78.929359 38.682819 53.382954 -50.430653 -24.101604 50.04874 0.494349 0.298214 19.399506 16.277184 5.669801 17.636625 -26.322723 52.411194 -19.466652 -14.395597 29.410385 -0.0 -8.77482 -2e-06 15.587998 -18.298693 6.435314 -0.609777 -1.795655 -3.88933 -4.807087 -11.046804 -2.93785 5e-06 -20.976011 1e-06 -5.019967 -25.033543 -4.031882 5e-06 0.0 2e-06 -10.634534 -5.68697 -3.565589 10.573273 -17.922945 -3.113899 1e-06 -13.821203 1e-06 -0.501775 -31.181498 -4.027017 -11.722913 -59.97646 7.269647 -13.982712 -7.150197 -2.875045 13.772729 -8.401491 -3.218241 0.347735 -34.211544 0.771652 -0.963027 -17.733366 2.621018 -1e-06 -0.0 -0.0 -17.346416 -20.095213 -4.201786 21.757557 -1.638376 3.866428 1e-06 -6.338822 -0.0 -1.69759 -22.591743 -6.194005 -3e-06 -2e-06 -2e-06 171.64209 -82.439636 18.544712 26.906437 -50.339336 -19.805176 63.430603 -0.045068 0.148023 9.084224 23.43701 -2.886534 22.182117 -20.375898 49.933319 -16.701813 -16.74353 28.476524 -3e-06 -12.690601 -2e-06 15.584456 -17.546703 2.710247 -0.10592 -1.513856 -4.275878 -5.03904 -5.612871 -2.953557 2e-06 -11.020524 -1e-06 -6.111296 -15.895334 -3.840471 -1e-06 0.0 0.0 -10.283371 -5.680288 -4.341836 11.028296 -11.302406 -2.372633 -1.384271 -14.238582 -6.320119 -0.625437 -26.924191 -3.827601 -4.020328 -50.190834 -3.498088 -13.708525 -7.363473 -3.720937 18.141148 -14.052739 -3.242672 6e-06 -18.78727 -2e-06 -0.429713 -8.456043 2.555504 -0.0 -0.0 -0.0 -15.923538 -20.094482 -5.473581 30.41921 -7.190826 1.735928 2e-06 -8.162926 -1e-06 -1.861901 -22.861469 -6.167944 1e-06 -3e-06 -2e-06 177.373138 -15.445262 -14.176857 27.008171 0.050727 0.191292 -78.270737 2.981703 -13.920238 -6.51933 1.754862 2.104877 -0.999999 1e-06 0.0 -3.003026 -5.835106 -6.907403 24.897301 0.010039 0.159487 -77.916931 -6.494084 -8.928343 -4.991951 0.673084 1.683542 -1.000001 -0.0 0.0 
0.0 0.0 0.0 0.0 -0.0 0.0 -17.202579 98.338058 118.591331 87.482925 6.639202 88.21006 10.813602 0.79027 -0.135827 -7.283023 -0.597074 -0.205367 18.952618 0.883961 -2.635594 3.70102 3.165831 2.103111 -2.671801 -1.500978 -0.93102 -40.517418 1.579234 -4.674165 6e-06 0.0 0.0 -0.001801 -0.045387 -0.054638 -0.220957 0.015404 -0.089107 -0.253279 -0.108195 -0.015491 -26.156206 -78.558197 38.746284 52.547424 -48.57745 -24.277798 53.109501 0.297635 0.087119 19.468977 16.996321 7.580099 17.63662 -26.322725 52.411186 -19.466665 -14.395598 29.410393 1e-06 -8.774823 -2e-06 15.553651 -18.378956 6.419385 -0.609775 -1.795652 -3.889326 -4.807091 -11.046813 -2.93785 3e-06 -20.976019 -3e-06 -5.019972 -25.03356 -4.031882 5e-06 1e-06 1e-06 -10.634533 -5.686972 -3.565587 10.573271 -17.922951 -3.113904 2e-06 -13.821208 -0.0 -0.501776 -31.181505 -4.02702 -11.582734 -59.841576 7.123078 -13.982711 -7.150198 -2.875043 13.772728 -8.401492 -3.218244 0.347734 -34.211555 0.771649 -0.96303 -17.733368 2.621017 -1e-06 -0.0 0.0 -17.346418 -20.095221 -4.201783 21.757557 -1.638374 3.866424 1e-06 -6.338824 1e-06 -1.69759 -22.591747 -6.194006 -2e-06 -5e-06 -1e-06 168.680084 -81.883133 21.727785 31.000303 -51.695015 -25.79598 66.959694 0.09519 0.117112 10.160357 23.808731 -0.851163 22.182116 -20.375889 49.933308 -16.701809 -16.74353 28.476528 -2e-06 -12.690603 -2e-06 15.49843 -17.596193 2.766557 -0.105919 -1.513856 -4.275882 -5.03904 -5.612873 -2.95356 2e-06 -11.020524 -1e-06 -6.111299 -15.895332 -3.840469 1e-06 1e-06 -0.0 -10.283369 -5.680288 -4.341839 11.028296 -11.302404 -2.372635 -1.38427 -14.238581 -6.32012 -0.625443 -26.924191 -3.827603 -4.08105 -50.156677 -3.568939 -13.708526 -7.363477 -3.720939 18.141148 -14.052737 -3.242674 5e-06 -18.787268 -3e-06 -0.429711 -8.456041 2.555506 1e-06 1e-06 0.0 -15.923536 -20.094482 -5.473586 30.41921 -7.190824 1.735929 2e-06 -8.162924 -0.0 -1.861903 -22.861467 -6.167944 1e-06 -0.0 -2e-06 174.555923 -16.212847 -14.393662 27.563057 0.037652 0.260101 -76.99118 3.652237 -13.433393 -6.603496 1.754748 2.116926 -1.0 0.0 0.0 -6.018544 -5.346541 -7.106814 25.950075 0.003436 0.177817 -77.285706 -6.219558 -8.412916 -5.077585 0.685712 1.681335 -1.000001 1e-06 0.0 
0.0 0.0 0.0 0.0 -0.0 0.0 -17.608471 98.469254 117.149719 87.706131 5.022185 88.150986 11.875831 0.794263 -0.141099 -6.971872 -0.586092 -0.364575 20.41993 0.869129 -2.758634 7.247051 3.155638 2.441887 -2.707258 -1.386081 -0.968732 -42.130077 1.458947 -4.301954 6e-06 -0.0 0.0 0.023691 -0.015891 -0.015691 -0.178322 0.035023 -0.041158 -0.240935 -0.067405 0.018569 -28.991926 -78.684624 42.078651 52.014683 -47.107052 -24.289484 55.316875 0.314647 0.028296 19.332819 17.618698 9.364172 17.636637 -26.322741 52.411198 -19.466663 -14.395598 29.410389 -0.0 -8.774822 -1e-06 15.473555 -18.429083 6.380877 -0.609776 -1.795653 -3.889328 -4.807088 -11.046807 -2.937849 5e-06 -20.976017 0.0 -5.019973 -25.03356 -4.031879 6e-06 -1e-06 -0.0 -10.634534 -5.686972 -3.565589 10.573277 -17.922951 -3.1139 1e-06 -13.82121 3e-06 -0.50178 -31.181505 -4.027014 -11.518501 -59.612232 7.09224 -13.982716 -7.150197 -2.875042 13.772731 -8.401497 -3.218241 0.347736 -34.211555 0.771659 -0.963031 -17.733372 2.621023 0.0 -0.0 -0.0 -17.346422 -20.095217 -4.20178 21.757561 -1.638378 3.866427 0.0 -6.338824 4e-06 -1.697588 -22.591747 -6.194007 -2e-06 -3e-06 -3e-06 164.282944 -81.693573 26.637903 36.670036 -53.100357 -32.087418 70.159233 0.077713 0.036766 11.866178 24.38781 1.943834 22.18211 -20.375891 49.933327 -16.701807 -16.743528 28.476532 -1e-06 -12.6906 -1e-06 15.39899 -17.59936 2.73721 -0.105922 -1.513852 -4.275879 -5.039041 -5.612872 -2.953559 3e-06 -11.02052 -1e-06 -6.111297 -15.89533 -3.840469 2e-06 1e-06 1e-06 -10.283369 -5.680288 -4.341839 11.028292 -11.302402 -2.372633 -1.38427 -14.238577 -6.320121 -0.625439 -26.924187 -3.827604 -4.104924 -49.895435 -3.670681 -13.708526 -7.363475 -3.72094 18.141146 -14.052736 -3.242674 4e-06 -18.787266 -3e-06 -0.429712 -8.456041 2.555506 0.0 -0.0 0.0 -15.923536 -20.094482 -5.473583 30.419207 -7.190822 1.735929 3e-06 -8.162922 -2e-06 -1.861903 -22.861469 -6.167943 0.0 -3e-06 -2e-06 172.021179 -16.34705 -14.766088 27.112795 0.040917 0.272255 -75.409264 4.205125 -12.944199 -6.674912 1.750839 2.127056 -1.000001 0.0 0.0 -8.805097 -5.262496 -7.261832 25.990465 0.009783 0.244763 -76.394112 -5.984767 -8.166919 -5.172547 0.7003 1.680166 -1.000001 1e-06 0.0 
0.0 0.0 0.0 0.0 -0.0 0.0 -17.811703 98.611298 116.001892 87.999832 3.258368 88.024979 12.691016 0.852242 -0.121356 -6.753496 -0.532502 -0.500396 21.702997 0.855067 -2.836104 12.188507 2.619474 2.719313 -2.752112 -1.212663 -1.176527 -42.17215 1.011252 -3.950479 6e-06 -0.0 -0.0 0.046832 0.002673 0.010048 -0.158584 0.02154 0.000941 -0.235717 -0.017352 0.027639 -33.978405 -79.017464 47.565308 51.939934 -46.201366 -24.156485 56.549824 0.595987 0.155463 18.565224 17.866972 10.752362 17.636644 -26.322733 52.411186 -19.466663 -14.395597 29.410389 2e-06 -8.774824 -3e-06 15.437835 -18.557014 6.346779 -0.609777 -1.795653 -3.889326 -4.807091 -11.046816 -2.937852 1e-06 -20.976025 1e-06 -5.019974 -25.033571 -4.031877 4e-06 2e-06 0.0 -10.634537 -5.686972 -3.565587 10.573275 -17.922955 -3.113899 1e-06 -13.821214 1e-06 -0.501778 -31.181519 -4.02702 -11.643468 -59.526642 7.226489 -13.982719 -7.150198 -2.875039 13.772732 -8.401497 -3.21824 0.347732 -34.211563 0.771656 -0.963031 -17.733374 2.621021 0.0 -0.0 0.0 -17.346424 -20.095222 -4.201779 21.757561 -1.638375 3.866429 1e-06 -6.338826 0.0 -1.69759 -22.591755 -6.194007 -1e-06 -4e-06 -1e-06 158.131149 -81.656517 33.39082 43.47229 -54.27713 -37.634655 72.251938 0.063674 -0.132891 13.824492 24.743109 4.926846 22.18211 -20.375891 49.933311 -16.701813 -16.743528 28.476532 -3e-06 -12.690601 -2e-06 15.310639 -17.604338 2.675735 -0.105919 -1.513856 -4.275881 -5.039041 -5.612873 -2.953557 5e-06 -11.020526 -3e-06 -6.111298 -15.895334 -3.840469 -0.0 0.0 -0.0 -10.283372 -5.680288 -4.341836 11.028294 -11.302406 -2.372635 -1.38427 -14.238582 -6.320121 -0.625439 -26.924191 -3.827601 -4.198574 -49.586552 -3.714708 -13.708527 -7.363477 -3.720938 18.14115 -14.052739 -3.242675 7e-06 -18.78727 -4e-06 -0.429711 -8.456041 2.555504 1e-06 1e-06 -0.0 -15.923536 -20.094482 -5.473585 30.419214 -7.190825 1.735926 3e-06 -8.162925 -3e-06 -1.861904 -22.861467 -6.167941 -1e-06 -6e-06 -3e-06 169.759857 -16.202929 -15.207788 26.264425 0.054493 0.236967 -74.115829 4.649298 -12.491761 -6.600463 1.728903 2.137329 -0.999999 -1e-06 0.0 -11.294398 -5.312929 -7.252568 25.453854 0.019669 0.281835 -75.559395 -5.832243 -8.220741 -5.20545 0.704079 1.681726 -1.000001 -0.0 0.0 
0.0 0.0 0.0 0.0 -0.0 0.0 -17.832354 98.709442 115.093887 88.284637 1.425433 87.7724 13.291918 0.946831 -0.101793 -6.562875 -0.474455 -0.575339 22.691895 0.848466 -2.812768 16.854372 1.715318 2.914474 -2.777906 -1.109202 -1.452781 -41.10836 0.580547 -3.738424 6e-06 -0.0 -1e-06 0.049038 0.005946 0.042563 -0.184403 -0.009593 0.044993 -0.257758 0.019302 0.045572 -41.179916 -79.429398 55.205902 52.086296 -45.932766 -24.135338 56.827297 0.662778 0.302456 16.740057 17.689323 11.939653 17.636629 -26.322731 52.411201 -19.466665 -14.395602 29.410395 1e-06 -8.774824 -2e-06 15.407546 -18.679218 6.33188 -0.609776 -1.795655 -3.889329 -4.80709 -11.046811 -2.93785 4e-06 -20.976017 -1e-06 -5.019971 -25.03356 -4.031884 7e-06 -0.0 2e-06 -10.634537 -5.686975 -3.565589 10.573277 -17.922953 -3.113904 2e-06 -13.82121 2e-06 -0.501776 -31.181507 -4.027018 -11.898888 -59.556175 7.543626 -13.982716 -7.150199 -2.875041 13.772734 -8.401489 -3.218244 0.347733 -34.211555 0.771655 -0.96303 -17.73337 2.621019 -1e-06 0.0 0.0 -17.346422 -20.095221 -4.201783 21.757561 -1.638372 3.866426 -0.0 -6.338827 1e-06 -1.697593 -22.591747 -6.194006 -2e-06 -4e-06 -1e-06 150.921631 -81.997078 41.275158 49.85881 -54.840946 -41.042908 72.561523 0.244583 -0.262436 15.211004 24.580973 7.337037 22.18211 -20.375891 49.933323 -16.701817 -16.74353 28.476536 -2e-06 -12.6906 -1e-06 15.190237 -17.668751 2.713 -0.10592 -1.513855 -4.275881 -5.03904 -5.612873 -2.953559 6e-06 -11.020523 -3e-06 -6.111297 -15.895334 -3.840471 0.0 -1e-06 -0.0 -10.283372 -5.680288 -4.341839 11.028296 -11.302405 -2.372634 -1.384269 -14.238581 -6.320124 -0.625437 -26.924194 -3.827605 -4.330412 -49.405117 -3.670946 -13.708524 -7.363476 -3.72094 18.141151 -14.052739 -3.242677 6e-06 -18.78727 -4e-06 -0.429712 -8.456045 2.555501 1e-06 3e-06 1e-06 -15.923534 -20.094482 -5.473588 30.41921 -7.190825 1.735925 2e-06 -8.162927 -1e-06 -1.861902 -22.861471 -6.167945 -0.0 -3e-06 -2e-06 167.629761 -15.958539 -15.696699 25.431978 0.068104 0.198003 -73.271187 4.964009 -12.061684 -6.511926 1.705357 2.142526 -0.999998 -0.0 -0.0 -13.650946 -5.411144 -7.047966 24.756405 0.028571 0.263597 -74.866112 -5.682749 -8.371327 -5.177036 0.68873 1.67722 -1.000002 -1e-06 -0.0 
0.0 0.0 0.0 0.0 -0.0 0.0 -17.728113 98.759338 114.505424 88.603088 -0.268906 87.415733 13.588694 1.01786 -0.082629 -6.413189 -0.431533 -0.629028 23.461702 0.732712 -2.744155 20.927885 0.682237 3.004719 -2.758371 -1.012016 -1.782494 -40.126286 0.297307 -3.784089 5e-06 -0.0 0.0 0.034596 -0.00767 0.075603 -0.201579 -0.034513 0.082507 -0.266592 0.016387 0.072035 -51.290581 -79.813255 65.729401 52.105743 -46.300671 -24.119537 56.378273 0.525355 0.500136 14.022737 17.235565 12.851536 17.636635 -26.322733 52.411205 -19.466663 -14.395597 29.410389 -1e-06 -8.774822 -2e-06 15.331596 -18.755445 6.39539 -0.609778 -1.795655 -3.889328 -4.807087 -11.046809 -2.937852 6e-06 -20.976015 -3e-06 -5.019968 -25.033558 -4.031885 7e-06 0.0 -0.0 -10.634535 -5.686968 -3.565589 10.573277 -17.922951 -3.113903 4e-06 -13.821206 0.0 -0.501776 -31.181498 -4.027017 -12.260189 -59.573048 8.043508 -13.982716 -7.150198 -2.875043 13.772731 -8.401493 -3.218241 0.34774 -34.211552 0.771653 -0.963028 -17.73337 2.621021 -0.0 0.0 1e-06 -17.346416 -20.095217 -4.201784 21.757557 -1.638375 3.866428 1e-06 -6.338825 1e-06 -1.69759 -22.591743 -6.194005 -1e-06 -4e-06 -0.0 142.956024 -82.82827 50.121357 54.665379 -54.908478 -41.92136 70.987762 0.681 -0.258628 15.466395 23.932272 8.68609 22.18211 -20.375891 49.933315 -16.701817 -16.743534 28.47653 -4e-06 -12.690601 -2e-06 14.981653 -17.691687 2.829685 -0.105921 -1.513856 -4.275879 -5.039039 -5.612868 -2.953555 5e-06 -11.02052 -1e-06 -6.111294 -15.89533 -3.84047 1e-06 1e-06 -2e-06 -10.28337 -5.680287 -4.341838 11.028294 -11.302402 -2.372634 -1.38427 -14.238576 -6.32012 -0.625434 -26.924183 -3.827604 -4.372866 -49.196846 -3.640116 -13.708527 -7.363473 -3.720938 18.14115 -14.052736 -3.242677 6e-06 -18.787264 -3e-06 -0.429709 -8.456041 2.555503 0.0 -0.0 1e-06 -15.923536 -20.094481 -5.473585 30.41921 -7.190825 1.735924 2e-06 -8.162924 -0.0 -1.861902 -22.861467 -6.16794 -1e-06 -2e-06 -2e-06 165.877823 -15.608417 -16.20092 24.66238 0.076637 0.177042 -72.874969 4.972044 -11.74058 -6.405736 1.704471 2.14527 -0.999999 1e-06 0.0 -15.707987 -5.591678 -6.645468 24.137165 0.051211 0.24753 -74.433319 -5.658875 -8.528936 -5.029287 0.659887 1.664553 -1.0 -1e-06 0.0 
0.0 0.0 0.0 0.0 -0.0 0.0 -17.574348 98.797905 114.346138 88.931625 -1.450336 87.074028 13.575668 1.04714 -0.082722 -6.340658 -0.387212 -0.69651 24.150661 0.4457 -2.664281 23.817535 -0.009489 2.980976 -2.701019 -0.869149 -2.229839 -39.609158 0.136988 -4.168828 5e-06 0.0 -0.0 0.015322 -0.025132 0.077127 -0.177482 -0.052612 0.087008 -0.235108 -0.001103 0.071192 -63.353085 -80.014969 78.289352 51.770382 -47.364765 -24.184395 55.613068 0.240354 0.580882 11.507653 16.780655 13.534505 17.636623 -26.322729 52.411201 -19.46666 -14.3956 29.410389 -2e-06 -8.774821 -1e-06 15.273787 -18.832315 6.510506 -0.609778 -1.795654 -3.889326 -4.807087 -11.046811 -2.937851 6e-06 -20.976015 -2e-06 -5.019969 -25.033556 -4.031878 7e-06 -1e-06 1e-06 -10.634533 -5.68697 -3.565586 10.573272 -17.922947 -3.113899 2e-06 -13.821204 -1e-06 -0.501776 -31.181505 -4.027018 -12.606198 -59.586182 8.487036 -13.982712 -7.150198 -2.87504 13.772726 -8.401492 -3.21824 0.347736 -34.211544 0.771651 -0.96303 -17.733368 2.621018 -1e-06 0.0 1e-06 -17.346415 -20.095217 -4.201784 21.757555 -1.638374 3.866425 -1e-06 -6.338824 2e-06 -1.697589 -22.591742 -6.194005 -0.0 -4e-06 -2e-06 131.718369 -84.015617 62.59856 57.444687 -54.689991 -40.69228 67.816643 1.182768 -0.189532 14.834237 22.744347 8.601406 22.182114 -20.375891 49.933323 -16.701817 -16.74353 28.476534 -2e-06 -12.690603 -1e-06 14.829239 -17.639502 2.907467 -0.105922 -1.513857 -4.275883 -5.039041 -5.612872 -2.953557 6e-06 -11.020527 -4e-06 -6.1113 -15.895338 -3.840472 -1e-06 -0.0 -2e-06 -10.283372 -5.680288 -4.341839 11.028295 -11.302406 -2.372633 -1.384269 -14.238583 -6.320123 -0.625439 -26.924196 -3.827605 -4.30973 -49.017979 -3.695925 -13.708526 -7.363478 -3.720939 18.141153 -14.052739 -3.242676 4e-06 -18.787271 -2e-06 -0.42971 -8.45604 2.555501 -0.0 -0.0 1e-06 -15.923538 -20.094484 -5.473585 30.419222 -7.190827 1.735925 2e-06 -8.162926 -2e-06 -1.861903 -22.861469 -6.167945 -1e-06 -2e-06 -1e-06 164.939224 -15.155993 -16.507277 23.950365 0.076091 0.165264 -72.813202 4.616464 -11.58735 -6.371238 1.715476 2.140692 -0.999999 0.0 0.0 -16.979433 -5.786591 -5.958519 23.640768 0.065443 0.25103 -74.268974 -6.08522 -8.733356 -4.794213 0.649597 1.658393 -1.000003 0.0 0.0 
0.0 0.0 0.0 0.0 -0.0 0.0 -17.455185 98.891731 114.686966 89.094368 -1.853133 86.741959 13.294696 1.088748 -0.088317 -6.392593 -0.350996 -0.731998 24.815727 0.159028 -2.611928 25.29064 -0.089039 3.002388 -2.638606 -0.669125 -2.888438 -39.161747 0.006204 -4.839307 4e-06 0.0 1e-06 0.000998 -0.035292 0.066692 -0.124834 -0.06458 0.080433 -0.1773 -0.009853 0.058705 -75.410049 -79.87307 91.001518 50.75872 -48.894516 -23.396957 54.920536 -0.051676 0.408841 10.408245 16.482494 13.781431 17.636631 -26.322739 52.411209 -19.466663 -14.395598 29.410395 -1e-06 -8.774824 -0.0 15.310637 -18.888046 6.57763 -0.609777 -1.795655 -3.889328 -4.807091 -11.04681 -2.937851 3e-06 -20.976019 -1e-06 -5.019968 -25.03356 -4.031882 6e-06 1e-06 1e-06 -10.634537 -5.686969 -3.565585 10.573277 -17.922949 -3.113901 4e-06 -13.821208 2e-06 -0.501779 -31.181505 -4.027012 -12.730725 -59.655987 8.650538 -13.982719 -7.150198 -2.875041 13.772731 -8.401494 -3.218242 0.347737 -34.211555 0.771653 -0.963027 -17.733372 2.62102 -2e-06 1e-06 0.0 -17.346422 -20.095215 -4.201783 21.757561 -1.638376 3.86643 1e-06 -6.338823 0.0 -1.697593 -22.591747 -6.194004 -1e-06 -4e-06 -2e-06 114.156029 -85.110321 81.680481 58.316437 -54.690395 -38.375832 64.035149 1.354839 -0.068745 14.319356 21.327011 7.4913 22.182119 -20.375895 49.933315 -16.701815 -16.743525 28.47653 -1e-06 -12.690601 -2e-06 14.920704 -17.550056 2.900419 -0.105919 -1.513855 -4.27588 -5.039041 -5.612872 -2.953558 6e-06 -11.020525 -2e-06 -6.111297 -15.895334 -3.840469 -0.0 -1e-06 -1e-06 -10.283372 -5.680288 -4.341837 11.028293 -11.302406 -2.37263 -1.384268 -14.238581 -6.32012 -0.625439 -26.924187 -3.827601 -4.282782 -49.08773 -3.696398 -13.708528 -7.363479 -3.72094 18.141151 -14.052739 -3.242675 5e-06 -18.78727 -1e-06 -0.429711 -8.456043 2.555502 -0.0 3e-06 -1e-06 -15.923536 -20.094482 -5.473585 30.41921 -7.190826 1.735925 4e-06 -8.162927 -0.0 -1.861904 -22.861467 -6.167941 1e-06 -3e-06 -1e-06 165.2285 -14.790266 -16.550179 23.149645 0.072093 0.152417 -72.922348 3.950862 -11.633693 -6.423054 1.72165 2.136037 -1.0 1e-06 -0.0 -17.00634 -5.773797 -5.083345 23.070507 0.051267 0.262031 -74.184586 -6.846965 -9.00987 -4.543796 0.665796 1.665214 -1.000001 1e-06 0.0 
0.0 0.0 0.0 0.0 -0.0 0.0 -17.467878 99.068665 115.457466 88.994385 -1.641056 86.472183 12.85349 1.179033 -0.073393 -6.566108 -0.34482 -0.776087 25.168877 0.025692 -2.579205 26.075636 0.585515 3.06347 -2.610573 -0.476871 -3.741719 -38.515369 -0.203062 -5.716039 3e-06 0.0 1e-06 -0.006585 -0.034248 0.052097 -0.067064 -0.068929 0.069538 -0.114552 -0.003359 0.04072 -84.274925 -79.288124 100.562225 48.939091 -50.795925 -20.584476 54.356937 -0.225692 0.163234 10.777531 15.69757 13.87082 17.636627 -26.322725 52.411182 -19.466661 -14.395592 29.410381 -2e-06 -8.774819 0.0 15.389468 -18.922531 6.558473 -0.609778 -1.795657 -3.889328 -4.807088 -11.046813 -2.937852 4e-06 -20.976019 -1e-06 -5.019969 -25.033562 -4.031882 4e-06 1e-06 2e-06 -10.634535 -5.686973 -3.565589 10.573271 -17.922949 -3.113902 2e-06 -13.821209 -0.0 -0.501779 -31.181501 -4.027017 -12.634849 -59.727936 8.61688 -13.982714 -7.150198 -2.875042 13.772727 -8.401491 -3.21824 0.347733 -34.211544 0.771654 -0.963029 -17.733368 2.621019 1e-06 0.0 1e-06 -17.346416 -20.095219 -4.201784 21.757555 -1.638375 3.866428 2e-06 -6.338823 -1e-06 -1.697589 -22.591743 -6.194007 -0.0 -5e-06 -2e-06 93.108719 -85.449982 104.110802 58.081791 -55.737473 -35.856739 60.314411 1.227214 0.05567 14.230226 20.036713 5.989447 22.182117 -20.375898 49.933327 -16.701809 -16.743526 28.47653 -2e-06 -12.690603 -1e-06 15.237226 -17.520216 2.845832 -0.105922 -1.513856 -4.275881 -5.039042 -5.61287 -2.953555 4e-06 -11.020523 -1e-06 -6.111298 -15.89533 -3.840472 -1e-06 0.0 0.0 -10.283371 -5.680288 -4.341837 11.028296 -11.302404 -2.372632 -1.384269 -14.238581 -6.32012 -0.625438 -26.924187 -3.827603 -4.361795 -49.365383 -3.54732 -13.708528 -7.363476 -3.720937 18.14115 -14.052738 -3.242672 6e-06 -18.78727 -1e-06 -0.429711 -8.456043 2.555505 1e-06 -0.0 -0.0 -15.923536 -20.094482 -5.473585 30.41921 -7.190826 1.735927 2e-06 -8.162926 -1e-06 -1.861904 -22.861469 -6.167942 -0.0 -3e-06 -1e-06 166.542587 -14.692787 -16.41691 22.199686 0.075289 0.146734 -72.983337 3.31002 -11.965862 -6.465192 1.705392 2.134492 -0.999999 0.0 0.0 -15.818938 -5.450385 -4.312546 22.099522 0.040761 0.270572 -74.085114 -7.562136 -9.328292 -4.364194 0.679803 1.677306 -1.000003 0.0 -0.0 
0.0 0.0 0.0 0.0 -0.0 0.0 -17.477367 99.233154 116.556427 88.708794 -1.160679 86.40464 12.248113 1.341818 -0.046022 -6.854484 -0.385481 -0.847031 25.042561 0.035225 -2.555826 26.439329 2.021788 3.044913 -2.596362 -0.351938 -4.819035 -37.966209 -0.468185 -6.863411 6e-06 -0.0 0.0 -0.014347 -0.0295 0.044794 -0.005439 -0.060337 0.064864 -0.052151 -0.001772 0.028956 -88.461609 -78.772682 105.443817 46.999374 -52.510582 -15.96716 53.368973 -0.176361 0.060707 11.80154 14.185759 14.453473 17.636637 -26.322733 52.411186 -19.466663 -14.395596 29.410389 1e-06 -8.774822 -2e-06 15.452297 -18.953793 6.536821 -0.609776 -1.795655 -3.889329 -4.807088 -11.046811 -2.937849 4e-06 -20.976019 2e-06 -5.019969 -25.033562 -4.03188 5e-06 1e-06 -1e-06 -10.634537 -5.686974 -3.565589 10.573275 -17.922951 -3.113901 2e-06 -13.82121 2e-06 -0.501781 -31.181507 -4.027014 -12.430923 -59.821537 8.522312 -13.982714 -7.150198 -2.875045 13.772727 -8.401494 -3.218239 0.347738 -34.211555 0.771654 -0.963027 -17.733372 2.621019 -0.0 2e-06 -0.0 -17.346422 -20.095217 -4.201784 21.757557 -1.638377 3.866431 1e-06 -6.338823 1e-06 -1.697589 -22.591745 -6.194005 -2e-06 -4e-06 -2e-06 78.2164 -85.012062 119.952591 57.320621 -57.867104 -33.542583 56.921989 1.183519 0.059095 14.216137 19.328274 4.292642 22.182117 -20.375896 49.933319 -16.701811 -16.743526 28.476528 -3e-06 -12.6906 -2e-06 15.531888 -17.547949 2.847784 -0.10592 -1.513856 -4.275882 -5.039039 -5.612871 -2.953557 2e-06 -11.020524 -0.0 -6.111295 -15.89533 -3.840472 -2e-06 -1e-06 0.0 -10.283369 -5.680286 -4.341838 11.028295 -11.302404 -2.372632 -1.384271 -14.238579 -6.32012 -0.625443 -26.924183 -3.8276 -4.511467 -49.667858 -3.292866 -13.708526 -7.363475 -3.72094 18.141148 -14.052739 -3.242672 6e-06 -18.787266 -2e-06 -0.429715 -8.45604 2.555504 1e-06 1e-06 -1e-06 -15.923536 -20.094482 -5.473585 30.41921 -7.190824 1.735929 2e-06 -8.162929 -1e-06 -1.861903 -22.861475 -6.167943 -1e-06 -3e-06 1e-06 168.121536 -14.799487 -16.1642 21.648499 0.077451 0.151639 -73.305275 2.946129 -12.36335 -6.509949 1.678579 2.134155 -0.999999 2e-06 0.0 -13.882205 -5.029725 -3.818101 20.784452 0.025783 0.27714 -74.204605 -8.127587 -9.672873 -4.339652 0.673053 1.685076 -1.000002 1e-06 0.0 
0.0 0.0 0.0 0.0 -0.0 0.0 -17.44339 99.388298 117.86467 88.30246 -0.662902 86.531128 11.407556 1.529663 -0.041928 -7.227535 -0.449184 -0.906073 24.55101 0.166741 -2.586569 26.382746 4.054378 3.020646 -2.581489 -0.301841 -6.179693 -37.568668 -0.817333 -8.260455 7e-06 -0.0 0.0 -0.025101 -0.018065 0.02596 0.048216 -0.033732 0.048855 0.001758 -0.004386 0.004083 -89.628471 -78.573402 107.104698 45.463383 -54.031345 -10.908895 51.943951 -0.045438 0.060572 12.916192 12.401392 15.372014 17.636627 -26.322733 52.411194 -19.466663 -14.395594 29.410389 1e-06 -8.774822 -1e-06 15.506227 -19.017687 6.531491 -0.609776 -1.795652 -3.889329 -4.807091 -11.046811 -2.93785 4e-06 -20.976017 -1e-06 -5.019972 -25.03356 -4.03188 8e-06 -1e-06 -1e-06 -10.634535 -5.686968 -3.565591 10.573274 -17.922955 -3.1139 2e-06 -13.821213 3e-06 -0.501777 -31.181505 -4.027016 -12.220761 -59.880112 8.351078 -13.982716 -7.150198 -2.875044 13.772731 -8.40149 -3.218242 0.347734 -34.211555 0.771657 -0.963026 -17.733372 2.621019 -1e-06 -0.0 1e-06 -17.34642 -20.095217 -4.201786 21.757557 -1.638376 3.866426 0.0 -6.338824 2e-06 -1.697587 -22.591747 -6.194004 -2e-06 -3e-06 -3e-06 69.412163 -84.203766 129.286606 55.836849 -60.308609 -31.178946 54.024075 1.198833 -0.068592 14.008769 19.149487 2.565881 22.182116 -20.375896 49.933319 -16.701815 -16.743528 28.476534 -4e-06 -12.6906 -0.0 15.767648 -17.598465 2.909629 -0.105919 -1.513854 -4.275879 -5.03904 -5.612873 -2.953558 6e-06 -11.020523 -1e-06 -6.111296 -15.895334 -3.84047 0.0 -1e-06 0.0 -10.283371 -5.680288 -4.341838 11.028296 -11.302406 -2.372633 -1.384269 -14.238581 -6.320119 -0.62544 -26.924189 -3.827598 -4.657677 -49.947063 -3.024997 -13.708526 -7.363475 -3.720938 18.141148 -14.05274 -3.242673 7e-06 -18.78727 -2e-06 -0.429712 -8.456043 2.555504 1e-06 0.0 -0.0 -15.923536 -20.094482 -5.473584 30.41921 -7.190827 1.735927 5e-06 -8.162929 -0.0 -1.861903 -22.861475 -6.167941 0.0 -2e-06 -2e-06 169.701004 -15.024601 -15.897751 21.309219 0.07216 0.175667 -73.783455 2.720403 -12.70269 -6.597746 1.639878 2.129229 -0.999998 -0.0 -0.0 -11.557389 -4.569103 -3.586318 19.099276 0.001552 0.27601 -74.31958 -8.658393 -10.027721 -4.433398 0.663456 1.68992 -1.000002 1e-06 0.0 
0.0 0.0 0.0 0.0 -0.0 0.0 -17.320366 99.537361 119.270477 87.875023 -0.235594 86.825012 10.372202 1.678073 -0.074899 -7.640885 -0.516816 -0.967915 23.861446 0.356946 -2.683455 26.009974 6.466064 3.051889 -2.569196 -0.352081 -7.855097 -37.302143 -1.318723 -9.895451 7e-06 0.0 -2e-06 -0.035057 -0.001557 -0.009762 0.078869 0.002961 0.016927 0.039896 -0.007163 -0.040144 -89.197426 -78.628731 106.952026 44.446045 -55.524414 -6.383339 50.514641 0.127418 0.07449 13.982109 10.906366 15.980268 17.636627 -26.322727 52.411201 -19.466661 -14.395596 29.410395 -1e-06 -8.774821 -0.0 15.573591 -19.070681 6.505841 -0.609776 -1.795653 -3.889327 -4.80709 -11.046811 -2.937852 4e-06 -20.976015 -1e-06 -5.019969 -25.03356 -4.031884 7e-06 -1e-06 0.0 -10.634534 -5.68697 -3.565588 10.573272 -17.922951 -3.113902 3e-06 -13.82121 1e-06 -0.501777 -31.181501 -4.027017 -12.0639 -59.906601 8.115212 -13.982714 -7.150196 -2.875044 13.77273 -8.401495 -3.218243 0.347737 -34.211555 0.771653 -0.96303 -17.73337 2.621022 -1e-06 1e-06 1e-06 -17.346415 -20.095217 -4.201784 21.757557 -1.638373 3.866427 2e-06 -6.338825 2e-06 -1.69759 -22.591747 -6.194008 -2e-06 -2e-06 -4e-06 64.386169 -83.258232 134.487503 53.566082 -62.610016 -28.604074 51.788921 1.132717 -0.194609 13.622908 19.094582 1.146564 22.182114 -20.375895 49.933319 -16.701817 -16.74353 28.476538 -3e-06 -12.690601 -0.0 15.947004 -17.639952 2.965199 -0.10592 -1.513856 -4.275882 -5.039044 -5.612873 -2.953556 4e-06 -11.020524 -3e-06 -6.111299 -15.895332 -3.840472 1e-06 -0.0 -1e-06 -10.283368 -5.680289 -4.341838 11.028292 -11.302406 -2.372633 -1.384268 -14.238581 -6.320122 -0.625442 -26.924191 -3.827603 -4.772172 -50.106674 -2.841935 -13.70852 -7.363478 -3.72094 18.141151 -14.052739 -3.242676 5e-06 -18.787271 -1e-06 -0.429712 -8.456043 2.555504 2e-06 -1e-06 0.0 -15.923534 -20.094484 -5.473586 30.41921 -7.190824 1.735925 5e-06 -8.162927 -1e-06 -1.861901 -22.861469 -6.167943 -2e-06 -3e-06 -2e-06 171.245331 -15.23434 -15.777809 20.919291 0.066238 0.206605 -74.318642 2.601682 -12.890363 -6.695781 1.601244 2.12096 -0.999998 1e-06 -0.0 -9.003869 -4.163424 -3.497755 16.97131 -0.016254 0.235233 -74.276192 -9.203682 -10.458689 -4.53039 0.65489 1.692842 -1.000002 -1e-06 -0.0 
0.0 0.0 0.0 0.0 -0.0 0.0 -17.071272 99.666199 120.662399 87.498665 0.152281 87.225433 9.214104 1.755952 -0.126876 -8.058662 -0.583262 -1.058529 23.122337 0.527989 -2.795285 25.492916 9.046729 3.089617 -2.555228 -0.516603 -9.774717 -37.173393 -1.983693 -11.755438 5e-06 0.0 -1e-06 -0.039455 0.01214 -0.029401 0.072485 0.038367 -0.000385 0.046455 -0.014934 -0.068454 -88.232994 -78.844452 106.056999 43.763535 -57.04248 -2.645448 49.398655 0.253835 0.063165 15.01689 9.850605 15.585399 17.636633 -26.322737 52.411209 -19.46666 -14.395597 29.410393 1e-06 -8.774822 -3e-06 15.622768 -19.073017 6.448688 -0.609777 -1.795654 -3.889327 -4.807091 -11.046813 -2.937849 1e-06 -20.976019 0.0 -5.019973 -25.03356 -4.031882 8e-06 0.0 1e-06 -10.634535 -5.686972 -3.565588 10.573272 -17.922951 -3.113899 0.0 -13.821211 2e-06 -0.501778 -31.181505 -4.027017 -11.941738 -59.881504 7.828814 -13.982714 -7.150197 -2.875043 13.772727 -8.401492 -3.218238 0.347729 -34.211555 0.771658 -0.963031 -17.733372 2.621021 -1e-06 -0.0 -1e-06 -17.346422 -20.095219 -4.20178 21.757561 -1.638374 3.866428 -0.0 -6.338824 1e-06 -1.697587 -22.591753 -6.19401 -3e-06 -2e-06 -3e-06 61.758194 -82.286858 137.035217 50.703312 -64.589897 -25.819479 50.343422 1.006335 -0.230583 13.077422 18.772568 0.066584 22.182114 -20.375895 49.933327 -16.701817 -16.743528 28.476536 -3e-06 -12.6906 0.0 16.066317 -17.677246 2.983145 -0.10592 -1.513857 -4.275882 -5.039041 -5.612872 -2.953557 7e-06 -11.020525 -2e-06 -6.111297 -15.895334 -3.840471 0.0 1e-06 -1e-06 -10.283371 -5.68029 -4.34184 11.028294 -11.302406 -2.372634 -1.384267 -14.238583 -6.320123 -0.625437 -26.924194 -3.827603 -4.833627 -50.104446 -2.809135 -13.708527 -7.363479 -3.720939 18.141155 -14.052742 -3.242676 7e-06 -18.787271 -1e-06 -0.42971 -8.456043 2.555502 -1e-06 -0.0 -0.0 -15.923534 -20.094486 -5.473586 30.419214 -7.190827 1.735925 2e-06 -8.162927 -1e-06 -1.861903 -22.861475 -6.167943 2e-06 -4e-06 -1e-06 172.784088 -15.338187 -15.934832 20.374138 0.060772 0.240464 -74.902267 2.629708 -12.97274 -6.734417 1.577131 2.113846 -0.999998 1e-06 -0.0 -6.296019 -3.89622 -3.550616 14.431698 -0.034195 0.152409 -73.981346 -9.644853 -10.897287 -4.607539 0.643052 1.693272 -1.000002 1e-06 -0.0 
0.0 0.0 0.0 0.0 -0.0 0.0 -16.732922 99.753189 121.921646 87.258064 0.633136 87.628937 8.112596 1.725114 -0.179745 -8.441715 -0.648684 -1.143383 22.47588 0.619316 -2.903246 25.010223 11.538427 3.089532 -2.53715 -0.774173 -11.727618 -37.128323 -2.733961 -13.721375 6e-06 0.0 2e-06 -0.036447 0.021463 -0.023644 0.036735 0.069699 0.001481 0.019409 -0.027757 -0.065018 -87.330757 -79.180107 105.093147 43.368404 -58.353703 0.321598 48.685638 0.217926 0.063553 15.78649 8.912348 14.003995 17.636629 -26.322721 52.411179 -19.466656 -14.395592 29.410378 1e-06 -8.774821 -3e-06 15.654649 -18.984137 6.374589 -0.609778 -1.795655 -3.889327 -4.807088 -11.046808 -2.937852 3e-06 -20.976015 0.0 -5.019968 -25.033558 -4.031883 6e-06 1e-06 0.0 -10.634533 -5.686971 -3.565589 10.573272 -17.922947 -3.113899 2e-06 -13.821209 1e-06 -0.501777 -31.181498 -4.027017 -11.867352 -59.870338 7.616573 -13.982715 -7.150197 -2.87504 13.77273 -8.401492 -3.21824 0.347734 -34.211544 0.771653 -0.963027 -17.73337 2.621017 -1e-06 2e-06 0.0 -17.346416 -20.095217 -4.201784 21.757555 -1.638374 3.866429 2e-06 -6.338823 1e-06 -1.697589 -22.591743 -6.194008 -2e-06 -2e-06 -4e-06 60.729507 -81.460403 137.818634 47.824158 -66.101067 -23.143373 49.679863 0.897942 -0.175275 12.502982 18.114826 -1.045203 22.182116 -20.375881 49.933296 -16.701813 -16.74353 28.476522 -3e-06 -12.690601 -1e-06 16.143635 -17.709618 2.973223 -0.10592 -1.513858 -4.275881 -5.039042 -5.612871 -2.953556 6e-06 -11.02052 -3e-06 -6.111295 -15.895328 -3.840472 0.0 -1e-06 1e-06 -10.283371 -5.680288 -4.341837 11.028296 -11.302402 -2.372633 -1.384272 -14.238577 -6.320119 -0.625437 -26.924185 -3.8276 -4.816047 -50.027466 -2.893072 -13.708527 -7.363476 -3.720937 18.141148 -14.052735 -3.242673 7e-06 -18.787262 -2e-06 -0.429709 -8.456038 2.555503 1e-06 0.0 -0.0 -15.923538 -20.094479 -5.473582 30.419214 -7.190825 1.735926 4e-06 -8.162922 -1e-06 -1.861901 -22.861464 -6.16794 -1e-06 -4e-06 -1e-06 174.4245 -15.257398 -16.369186 19.650362 0.052717 0.26174 -75.474716 2.737499 -13.055305 -6.688124 1.572257 2.109396 -0.999999 -2e-06 -0.0 -3.49738 -3.8638 -3.800563 11.786014 -0.056261 0.074969 -73.530632 -9.788919 -11.256064 -4.717978 0.630822 1.690852 -1.000002 -1e-06 0.0 
0.0 0.0 0.0 0.0 -0.0 0.0 -16.437519 99.798233 122.985634 87.16098 1.270343 87.965744 7.196189 1.564791 -0.206693 -8.763319 -0.713446 -1.196687 21.944773 0.640643 -3.013569 24.616806 13.959476 3.02466 -2.515829 -0.994982 -13.650158 -37.11129 -3.576437 -15.700421 6e-06 0.0 1e-06 -0.020086 0.027885 -0.005713 -0.017683 0.087366 0.006775 -0.0275 -0.033188 -0.039242 -86.947632 -79.562286 104.6082 43.541035 -59.202477 2.683801 48.105755 0.074834 0.089847 16.249756 7.588017 11.244718 17.636625 -26.322729 52.411194 -19.466661 -14.395597 29.410393 -1e-06 -8.774822 -3e-06 15.733264 -18.827097 6.282841 -0.609774 -1.795653 -3.889329 -4.807088 -11.046807 -2.937849 3e-06 -20.976013 -0.0 -5.01997 -25.033552 -4.031881 8e-06 -0.0 1e-06 -10.634532 -5.686969 -3.565588 10.573275 -17.922947 -3.113902 0.0 -13.821209 1e-06 -0.501777 -31.181505 -4.027019 -11.810221 -59.910519 7.502638 -13.982714 -7.150197 -2.875044 13.772731 -8.401493 -3.218242 0.347735 -34.211552 0.771654 -0.96303 -17.73337 2.621022 -1e-06 1e-06 -1e-06 -17.346413 -20.095215 -4.201785 21.757555 -1.638375 3.86643 0.0 -6.338822 1e-06 -1.697586 -22.591742 -6.194008 -2e-06 -3e-06 -3e-06 59.953564 -80.909554 138.263794 45.465004 -67.049492 -20.986372 49.452225 0.792519 -0.106911 11.961888 17.320967 -2.475692 22.182108 -20.375891 49.933315 -16.701807 -16.743525 28.476522 -2e-06 -12.690598 -1e-06 16.192934 -17.71419 2.938392 -0.10592 -1.513856 -4.27588 -5.03904 -5.61287 -2.953557 3e-06 -11.020523 -1e-06 -6.111297 -15.89533 -3.840469 0.0 -0.0 0.0 -10.283365 -5.680288 -4.341838 11.028289 -11.302404 -2.372632 -1.384271 -14.238577 -6.320121 -0.625435 -26.924187 -3.827603 -4.734835 -49.980194 -2.991961 -13.708522 -7.363475 -3.720938 18.141146 -14.052738 -3.242673 7e-06 -18.78727 -1e-06 -0.429711 -8.456038 2.555502 1e-06 -2e-06 -0.0 -15.92353 -20.094482 -5.473584 30.41921 -7.190825 1.735926 0.0 -8.162925 -1e-06 -1.861904 -22.861469 -6.167941 0.0 -2e-06 -2e-06 176.228958 -15.040582 -16.948103 18.71232 0.046149 0.270993 -75.905609 2.891408 -13.275561 -6.626433 1.582508 2.106393 -1.0 0.0 -0.0 -0.846715 -3.954035 -4.150326 9.535401 -0.073471 0.032909 -73.095085 -9.770356 -11.431335 -4.8639 0.614813 1.684658 -1.000002 0.0 0.0 
0.0 0.0 0.0 0.0 -0.0 0.0 -16.233694 99.796661 123.769058 87.162109 1.993052 88.154076 6.515892 1.34358 -0.195546 -8.986459 -0.790293 -1.214705 21.571236 0.629855 -3.097569 24.24754 16.076508 2.859524 -2.485388 -1.056016 -15.315357 -37.086113 -4.459799 -17.391068 6e-06 -0.0 -2e-06 0.003699 0.03088 0.010781 -0.059573 0.081196 0.008553 -0.063436 -0.021754 -0.010254 -87.830406 -79.951004 105.478027 44.607708 -59.485497 3.966684 47.222988 -0.053645 0.118038 16.542992 6.150495 7.70687 17.636633 -26.322735 52.411201 -19.466656 -14.3956 29.410389 1e-06 -8.774822 -2e-06 15.879169 -18.68343 6.221012 -0.609778 -1.795652 -3.889328 -4.807087 -11.046811 -2.93785 1e-06 -20.976015 3e-06 -5.019974 -25.03356 -4.031881 7e-06 -2e-06 -1e-06 -10.634535 -5.686972 -3.565588 10.573271 -17.922947 -3.113898 -2e-06 -13.821209 3e-06 -0.501783 -31.181505 -4.027012 -11.805898 -59.953701 7.459135 -13.982716 -7.150198 -2.875042 13.772727 -8.40149 -3.218243 0.347729 -34.211552 0.771659 -0.963031 -17.73337 2.62102 -2e-06 2e-06 -0.0 -17.346422 -20.095217 -4.201779 21.757559 -1.638376 3.86643 1e-06 -6.338825 2e-06 -1.697593 -22.591747 -6.194008 1e-06 -4e-06 -0.0 58.456032 -80.667923 139.337067 44.229134 -67.302284 -19.737385 49.033154 0.689085 -0.031314 11.410782 16.466238 -3.93069 22.182116 -20.3759 49.933323 -16.701813 -16.743528 28.47653 -3e-06 -12.690601 -1e-06 16.174187 -17.666367 2.91246 -0.105918 -1.513857 -4.275881 -5.039042 -5.612871 -2.953557 3e-06 -11.020525 -2e-06 -6.111297 -15.895334 -3.840471 0.0 -0.0 0.0 -10.283371 -5.680288 -4.341838 11.028292 -11.302406 -2.372632 -1.384269 -14.238581 -6.320119 -0.62544 -26.924192 -3.8276 -4.621599 -49.956028 -3.058842 -13.708522 -7.363475 -3.720939 18.141146 -14.052739 -3.242674 6e-06 -18.787271 -1e-06 -0.429712 -8.456043 2.555503 1e-06 -1e-06 1e-06 -15.923536 -20.094484 -5.473584 30.41921 -7.190826 1.735925 2e-06 -8.162925 -1e-06 -1.861904 -22.861469 -6.167941 -0.0 -3e-06 -2e-06 178.003494 -14.769992 -17.544964 17.722378 0.036299 0.2612 -76.21711 3.099208 -13.578834 -6.640221 1.608346 2.101137 -0.999999 -0.0 -0.0 1.220143 -4.06039 -4.471841 8.163526 -0.0749 0.03983 -72.948906 -9.721832 -11.332685 -5.013636 0.587994 1.673477 -1.000002 0.0 0.0 
0.0 0.0 0.0 0.0 -0.0 0.0 -16.128904 99.794205 124.335114 87.20623 2.691073 88.141609 6.019017 1.152923 -0.161977 -9.11336 -0.846368 -1.203116 21.330664 0.602132 -3.137084 23.744406 17.600744 2.675005 -2.454183 -1.056893 -16.641886 -37.128632 -5.283242 -18.629124 6e-06 0.0 2e-06 0.02153 0.032342 0.015872 -0.070852 0.058115 0.001583 -0.071876 0.003719 0.005612 -89.859467 -80.326385 107.555199 46.20446 -59.656013 3.456731 45.772476 -0.181273 0.076516 16.750587 5.556668 3.830456 17.636625 -26.322725 52.411186 -19.466665 -14.395597 29.410393 -1e-06 -8.774821 -2e-06 16.013956 -18.578318 6.186988 -0.609776 -1.795653 -3.889328 -4.807087 -11.046808 -2.937853 3e-06 -20.976017 2e-06 -5.01997 -25.033556 -4.03188 5e-06 -0.0 -1e-06 -10.634535 -5.686971 -3.565587 10.573272 -17.922947 -3.113901 3e-06 -13.821206 1e-06 -0.501777 -31.181505 -4.027017 -11.792004 -59.997017 7.418358 -13.982713 -7.150198 -2.875041 13.77273 -8.401491 -3.218242 0.347734 -34.211552 0.771654 -0.963029 -17.733366 2.621022 1e-06 1e-06 1e-06 -17.346418 -20.095213 -4.201782 21.757557 -1.638377 3.866427 2e-06 -6.338822 1e-06 -1.697587 -22.591742 -6.194008 -1e-06 -4e-06 -1e-06 56.255222 -80.651154 141.016006 44.120338 -66.893723 -19.372532 48.152897 0.514482 0.024572 10.992366 15.45752 -4.919771 22.182112 -20.375887 49.933319 -16.701815 -16.743525 28.476534 -3e-06 -12.6906 -1e-06 16.096489 -17.600168 2.894806 -0.105918 -1.513857 -4.275882 -5.039042 -5.612873 -2.953557 7e-06 -11.020525 -3e-06 -6.111296 -15.895332 -3.840473 0.0 -1e-06 0.0 -10.283365 -5.680289 -4.341839 11.02829 -11.302406 -2.372633 -1.384268 -14.238581 -6.320122 -0.625435 -26.924189 -3.827606 -4.483643 -49.911381 -3.112701 -13.708518 -7.363478 -3.720941 18.141146 -14.052739 -3.242676 1e-05 -18.78727 -5e-06 -0.429712 -8.456041 2.5555 1e-06 -1e-06 0.0 -15.92353 -20.094482 -5.473588 30.419207 -7.190826 1.735925 3e-06 -8.162921 -2e-06 -1.861898 -22.861467 -6.167944 -2e-06 -3e-06 -2e-06 179.720551 -14.480313 -18.102898 16.608437 0.030194 0.233455 -76.288162 3.193185 -13.85416 -6.675702 1.651197 2.096996 -0.999999 0.0 0.0 2.747426 -4.158174 -4.6574 7.413142 -0.056848 0.068033 -72.839661 -9.606248 -11.140821 -5.155435 0.563806 1.659728 -1.000002 0.0 0.0 
0.0 0.0 0.0 0.0 -0.0 0.0 -16.128613 99.799469 124.720718 87.206757 3.269513 88.072861 5.657003 1.080196 -0.142085 -9.182011 -0.852423 -1.167374 21.207664 0.572623 -3.147513 23.068462 18.44346 2.539211 -2.43325 -1.089584 -17.668762 -37.498699 -6.041091 -19.481743 6e-06 0.0 0.0 0.028762 0.03364 0.016578 -0.057532 0.031109 -0.006745 -0.055456 0.032667 0.013998 -91.691757 -80.739632 109.486191 47.872311 -59.881901 1.468463 44.047531 -0.225996 -0.014692 16.720915 6.061491 0.445916 17.636631 -26.32272 52.411182 -19.466665 -14.395596 29.410385 -1e-06 -8.774822 -2e-06 16.03577 -18.511883 6.177748 -0.609777 -1.795654 -3.889326 -4.807087 -11.046809 -2.937852 6e-06 -20.976015 -2e-06 -5.01997 -25.033556 -4.031883 8e-06 -1e-06 1e-06 -10.634535 -5.68697 -3.565589 10.573277 -17.922951 -3.113903 4e-06 -13.821205 0.0 -0.501775 -31.181498 -4.02702 -11.73328 -60.001492 7.353053 -13.982716 -7.150199 -2.87504 13.772732 -8.401492 -3.218246 0.34774 -34.211552 0.771646 -0.963028 -17.733366 2.621019 1e-06 1e-06 2e-06 -17.346416 -20.095217 -4.201783 21.757559 -1.638376 3.866429 2e-06 -6.338821 -0.0 -1.697585 -22.591742 -6.194011 0.0 -4e-06 -3e-06 54.451946 -80.780426 142.280029 44.599281 -66.157082 -19.396227 47.350002 0.303174 0.030797 10.923362 14.535337 -5.146462 22.182108 -20.375889 49.933315 -16.701815 -16.74353 28.476528 -3e-06 -12.690601 -1e-06 15.996445 -17.51996 2.829387 -0.105918 -1.513855 -4.275881 -5.039042 -5.612872 -2.953556 3e-06 -11.020523 -2e-06 -6.111295 -15.895334 -3.840471 -1e-06 -1e-06 -1e-06 -10.283369 -5.680288 -4.341837 11.028292 -11.302404 -2.372633 -1.384268 -14.238579 -6.32012 -0.625436 -26.924187 -3.827601 -4.38107 -49.823315 -3.160584 -13.708525 -7.363475 -3.720938 18.14115 -14.052738 -3.242677 9e-06 -18.787266 -2e-06 -0.429711 -8.456038 2.555503 1e-06 -2e-06 0.0 -15.923536 -20.094482 -5.473583 30.419218 -7.190826 1.735924 3e-06 -8.162925 -1e-06 -1.861901 -22.861473 -6.167942 0.0 -4e-06 -0.0 -178.820923 -14.279847 -18.418486 15.512586 0.02709 0.202922 -76.177208 3.10855 -14.009308 -6.6979 1.663167 2.086171 -1.0 -0.0 0.0 3.885885 -4.150681 -4.723823 6.904526 -0.029917 0.094829 -72.765274 -9.476891 -10.95381 -5.310164 0.572168 1.649551 -1.000003 1e-06 -0.0 
0.0 0.0 0.0 0.0 -0.0 0.0 -16.255049 99.816505 125.007507 87.216049 3.649472 88.188622 5.410093 1.089964 -0.162557 -9.232445 -0.825672 -1.132085 21.163136 0.539551 -3.209408 22.38092 18.71944 2.497549 -2.408893 -1.165497 -18.299433 -38.220684 -6.678132 -19.989538 6e-06 0.0 1e-06 0.020772 0.034904 0.024911 -0.055585 0.013273 -0.008701 -0.047609 0.052209 0.031022 -92.341415 -81.138756 110.152573 48.998589 -60.010746 -0.528825 42.766735 -0.173433 -0.077233 16.388916 6.80722 -1.791779 17.636627 -26.322727 52.411201 -19.466658 -14.395596 29.410393 0.0 -8.774821 -2e-06 15.947136 -18.477819 6.175179 -0.609779 -1.795655 -3.889328 -4.80709 -11.046812 -2.937853 5e-06 -20.976021 -1e-06 -5.019969 -25.03356 -4.031883 6e-06 -1e-06 0.0 -10.634535 -5.686971 -3.565586 10.573276 -17.922949 -3.113904 3e-06 -13.821206 -0.0 -0.501778 -31.181501 -4.02702 -11.663 -59.967224 7.249302 -13.982714 -7.150198 -2.875041 13.772731 -8.401493 -3.218243 0.347734 -34.211552 0.771651 -0.96303 -17.733366 2.621023 0.0 1e-06 1e-06 -17.34642 -20.095217 -4.201784 21.757557 -1.638374 3.866426 1e-06 -6.338821 -0.0 -1.697589 -22.59174 -6.194008 1e-06 -4e-06 -1e-06 53.845154 -80.942192 142.417191 44.684967 -65.474831 -19.040848 47.520893 0.05538 0.031588 11.19059 13.976048 -4.955307 22.182112 -20.375889 49.933315 -16.701813 -16.743528 28.47653 -3e-06 -12.690599 -2e-06 15.912608 -17.450802 2.739532 -0.105918 -1.513856 -4.275881 -5.039044 -5.612872 -2.953556 4e-06 -11.020523 -2e-06 -6.111294 -15.895334 -3.840472 -1e-06 0.0 -0.0 -10.283367 -5.680288 -4.341839 11.028295 -11.302403 -2.372633 -1.384269 -14.238577 -6.320121 -0.625435 -26.924191 -3.827603 -4.334286 -49.711239 -3.207396 -13.708522 -7.363475 -3.72094 18.141146 -14.052738 -3.242674 6e-06 -18.787268 -1e-06 -0.429712 -8.456044 2.555504 1e-06 1e-06 -1e-06 -15.923532 -20.094482 -5.473586 30.419218 -7.190824 1.735925 1e-06 -8.162925 -0.0 -1.861903 -22.861467 -6.167943 -0.0 -3e-06 1e-06 -177.76355 -14.158792 -18.343678 14.499655 0.029826 0.177555 -75.905876 3.025256 -14.092984 -6.680939 1.629693 2.067091 -0.999999 1e-06 -0.0 4.704371 -4.059735 -4.783922 6.497004 -0.012896 0.135589 -72.707298 -9.517477 -10.762864 -5.454952 0.591628 1.641384 -1.000002 1e-06 -0.0 
0.0 0.0 0.0 0.0 -0.0 0.0 -16.527575 99.826393 125.119148 87.292389 3.93112 88.595856 5.339908 1.135223 -0.204796 -9.249665 -0.789684 -1.11506 21.213634 0.46667 -3.309632 21.87969 18.667902 2.533039 -2.388875 -1.234055 -18.609842 -39.172482 -7.135215 -20.273275 6e-06 0.0 1e-06 0.011071 0.036455 0.040743 -0.078036 0.005794 -0.004833 -0.063183 0.061978 0.057054 -91.845985 -81.531067 109.655823 49.505295 -59.829445 -1.936894 42.19857 -0.012679 -0.098055 15.858753 7.295736 -3.127465 17.636629 -26.322741 52.411213 -19.46666 -14.3956 29.410395 -2e-06 -8.774825 -3e-06 15.840446 -18.455324 6.157393 -0.609774 -1.795657 -3.889329 -4.807091 -11.046811 -2.937852 6e-06 -20.976021 2e-06 -5.019974 -25.033562 -4.031881 7e-06 -0.0 -1e-06 -10.634535 -5.686971 -3.565588 10.573277 -17.922955 -3.1139 3e-06 -13.821213 1e-06 -0.501776 -31.181511 -4.027019 -11.650188 -59.937286 7.140252 -13.982718 -7.150201 -2.87504 13.772734 -8.401492 -3.218244 0.347732 -34.211555 0.771653 -0.963031 -17.733372 2.621023 1e-06 1e-06 2e-06 -17.346424 -20.095221 -4.201779 21.757568 -1.638378 3.866428 1e-06 -6.338825 1e-06 -1.697587 -22.591749 -6.194008 -1e-06 -3e-06 -2e-06 54.589684 -81.149933 141.35994 44.584156 -64.890739 -18.46987 48.515011 -0.130382 0.058039 11.577433 13.737273 -4.700111 22.182114 -20.375898 49.933327 -16.701811 -16.743528 28.476528 -4e-06 -12.690601 -1e-06 15.869331 -17.40406 2.684568 -0.105919 -1.513855 -4.275881 -5.039045 -5.612873 -2.953556 6e-06 -11.020524 -2e-06 -6.111294 -15.89533 -3.840471 0.0 -0.0 -0.0 -10.283369 -5.680288 -4.341837 11.028292 -11.302406 -2.372633 -1.384267 -14.238581 -6.32012 -0.625435 -26.924191 -3.827601 -4.331362 -49.63953 -3.228954 -13.708526 -7.363475 -3.720939 18.14115 -14.052739 -3.242673 5e-06 -18.78727 2e-06 -0.429713 -8.456044 2.555502 2e-06 2e-06 0.0 -15.923536 -20.094482 -5.473585 30.419222 -7.190828 1.735925 3e-06 -8.162928 -1e-06 -1.861902 -22.861471 -6.167943 -1e-06 -2e-06 -1e-06 -177.112671 -14.110447 -17.929237 13.637937 0.039388 0.16053 -75.485565 3.060341 -14.182326 -6.69251 1.583359 2.04774 -0.999999 0.0 0.0 5.26736 -3.939924 -4.867884 6.276537 -0.001202 0.175515 -72.787888 -9.834652 -10.575979 -5.563777 0.600087 1.633428 -1.000003 1e-06 0.0 
0.0 0.0 0.0 0.0 -0.0 0.0 -16.972448 99.811005 125.05381 87.383675 4.20684 89.224091 5.444234 1.246147 -0.240819 -9.21298 -0.753561 -1.08265 21.444241 0.348992 -3.398975 21.664942 18.427723 2.590735 -2.381982 -1.28109 -18.699171 -40.153976 -7.424729 -20.380337 6e-06 1e-06 1e-06 0.007651 0.040323 0.067684 -0.109732 0.006981 0.013965 -0.093611 0.068248 0.090765 -91.158279 -81.865417 109.010681 49.536083 -59.200325 -2.984202 42.427147 0.202184 -0.120523 15.332798 7.699853 -3.886982 17.636631 -26.322718 52.411182 -19.466661 -14.395594 29.410389 -2e-06 -8.774824 -3e-06 15.777983 -18.470869 6.133848 -0.609777 -1.795655 -3.889326 -4.807092 -11.046811 -2.937851 7e-06 -20.976021 -2e-06 -5.019969 -25.03356 -4.031886 6e-06 -1e-06 1e-06 -10.634535 -5.686971 -3.565585 10.573278 -17.922951 -3.113905 4e-06 -13.821211 -0.0 -0.501774 -31.181505 -4.027023 -11.731684 -59.958523 7.072081 -13.982718 -7.1502 -2.875045 13.772734 -8.401493 -3.21824 0.347737 -34.211555 0.771648 -0.963027 -17.73337 2.621018 0.0 -1e-06 1e-06 -17.34642 -20.095219 -4.201784 21.757559 -1.638376 3.866428 1e-06 -6.338823 1e-06 -1.697589 -22.591743 -6.194007 1e-06 -4e-06 -3e-06 56.62431 -81.422241 139.177826 44.594929 -64.27198 -17.775503 49.96302 -0.196365 0.101855 11.960984 13.626663 -4.425258 22.18211 -20.375891 49.933315 -16.701817 -16.74353 28.476534 -3e-06 -12.6906 -0.0 15.85869 -17.345472 2.679638 -0.105922 -1.513857 -4.275882 -5.039042 -5.612871 -2.953556 7e-06 -11.020525 -3e-06 -6.111297 -15.895334 -3.840472 0.0 -2e-06 1e-06 -10.283372 -5.68029 -4.34184 11.028296 -11.302404 -2.372635 -1.384271 -14.238584 -6.320123 -0.625436 -26.924187 -3.827607 -4.356805 -49.625858 -3.220483 -13.70853 -7.363479 -3.720939 18.141153 -14.052739 -3.242676 9e-06 -18.787266 -6e-06 -0.429708 -8.456043 2.555503 1e-06 -0.0 0.0 -15.923538 -20.094486 -5.473585 30.419218 -7.190824 1.735924 3e-06 -8.162927 -2e-06 -1.861901 -22.861473 -6.167943 0.0 -3e-06 -0.0 -176.753067 -14.234189 -17.456079 12.96546 0.048034 0.162002 -74.985176 3.362182 -14.340426 -6.760965 1.551723 2.039026 -0.999998 -0.0 -0.0 5.648455 -3.721348 -4.910452 6.270778 -0.000153 0.189648 -73.069511 -10.374712 -10.372236 -5.628888 0.606033 1.629957 -1.000002 2e-06 0.0 
0.0 0.0 0.0 0.0 -0.0 0.0 -17.6014 99.783691 124.877235 87.435204 4.436753 89.941368 5.670344 1.446726 -0.250967 -9.141567 -0.718058 -1.039236 21.876244 0.18039 -3.390555 21.720432 18.103827 2.639329 -2.394076 -1.347486 -18.582747 -40.913078 -7.520046 -20.323561 6e-06 0.0 0.0 0.010675 0.045793 0.094391 -0.125871 0.008664 0.040004 -0.114977 0.077668 0.117385 -90.806671 -82.11335 108.65464 49.093315 -58.26894 -4.01483 43.467304 0.284206 -0.183867 15.0349 8.388604 -4.580416 17.636633 -26.322725 52.41119 -19.46666 -14.395592 29.410389 -1e-06 -8.774824 -1e-06 15.764417 -18.490808 6.123843 -0.609776 -1.795654 -3.889326 -4.80709 -11.046813 -2.937852 3e-06 -20.976017 -2e-06 -5.019972 -25.03356 -4.031883 7e-06 -1e-06 -1e-06 -10.634535 -5.686972 -3.565587 10.573272 -17.922951 -3.1139 3e-06 -13.821208 -0.0 -0.501778 -31.181505 -4.027017 -11.820763 -60.00972 7.005091 -13.982715 -7.150199 -2.875041 13.772731 -8.401493 -3.218243 0.347736 -34.211555 0.771651 -0.963029 -17.73337 2.621019 -1e-06 0.0 1e-06 -17.346424 -20.095222 -4.201779 21.757557 -1.638374 3.866428 -0.0 -6.338822 2e-06 -1.697587 -22.591742 -6.194006 0.0 -4e-06 -4e-06 59.67955 -81.737274 136.070648 44.834072 -63.53487 -17.204411 51.500107 -0.220006 0.165873 12.218374 13.456491 -4.236014 22.182117 -20.375898 49.933323 -16.701815 -16.743526 28.476536 -4e-06 -12.690601 -1e-06 15.841524 -17.292662 2.713151 -0.105921 -1.513856 -4.275881 -5.039045 -5.612873 -2.953556 7e-06 -11.020525 -2e-06 -6.111297 -15.895332 -3.840471 -2e-06 -1e-06 1e-06 -10.283371 -5.680289 -4.341839 11.028296 -11.302406 -2.372633 -1.38427 -14.238583 -6.320123 -0.625439 -26.924191 -3.827601 -4.387303 -49.6716 -3.211658 -13.708527 -7.363477 -3.720939 18.141151 -14.05274 -3.242674 7e-06 -18.78727 -3e-06 -0.429713 -8.456045 2.555505 1e-06 -2e-06 -1e-06 -15.923539 -20.094486 -5.473586 30.419218 -7.190827 1.735928 2e-06 -8.16293 -1e-06 -1.861902 -22.861469 -6.167945 0.0 -2e-06 -1e-06 -176.645462 -14.589308 -17.093369 12.490294 0.056494 0.167052 -74.380577 3.942538 -14.550834 -6.859664 1.534365 2.037666 -0.999999 1e-06 -0.0 5.742502 -3.36094 -4.876405 6.576173 -0.012352 0.168498 -73.495598 -11.044563 -10.124274 -5.626884 0.618039 1.636104 -1.000002 1e-06 -0.0 
0.0 0.0 0.0 0.0 -0.0 0.0 -18.301355 99.736588 124.60157 87.430313 4.589413 90.703552 6.035051 1.735412 -0.247287 -9.046841 -0.680926 -1.000601 22.443829 -0.015291 -3.288547 21.94335 17.722048 2.674548 -2.414862 -1.389114 -18.3055 -41.520695 -7.522648 -20.127542 6e-06 0.0 1e-06 0.017034 0.048571 0.096398 -0.119018 0.004855 0.048028 -0.117963 0.087212 0.113531 -89.773087 -82.292961 107.628212 48.639767 -57.18293 -5.147325 45.030766 0.306722 -0.250683 15.025004 9.431702 -5.414135 17.636625 -26.322741 52.411194 -19.466661 -14.395596 29.410389 -1e-06 -8.774822 -2e-06 15.776196 -18.532204 6.141856 -0.609777 -1.795653 -3.889326 -4.807087 -11.046813 -2.937849 0.0 -20.976017 4e-06 -5.019973 -25.03356 -4.031879 7e-06 0.0 0.0 -10.63453 -5.686972 -3.565587 10.573271 -17.922951 -3.113898 1e-06 -13.821209 3e-06 -0.50178 -31.181507 -4.027015 -11.927814 -60.037575 6.979795 -13.982711 -7.150198 -2.875042 13.772727 -8.401493 -3.218243 0.347733 -34.211555 0.771657 -0.96303 -17.73337 2.621017 -0.0 -1e-06 -2e-06 -17.346413 -20.095215 -4.20178 21.757555 -1.638377 3.866426 2e-06 -6.338825 1e-06 -1.697591 -22.591749 -6.194003 -1e-06 -2e-06 -3e-06 63.722652 -82.110435 131.999313 45.330715 -62.761536 -17.010406 52.994125 -0.257939 0.184193 12.355614 13.375146 -4.160179 22.182117 -20.375898 49.933334 -16.701817 -16.743528 28.476536 -4e-06 -12.690601 -1e-06 15.817793 -17.252573 2.747508 -0.105921 -1.513857 -4.275882 -5.039042 -5.612873 -2.953558 9e-06 -11.020525 -3e-06 -6.111297 -15.895334 -3.840472 -2e-06 1e-06 1e-06 -10.283373 -5.680289 -4.34184 11.028298 -11.302408 -2.372633 -1.384269 -14.238583 -6.320124 -0.625433 -26.924194 -3.827604 -4.400904 -49.740101 -3.252958 -13.708525 -7.363477 -3.720941 18.141153 -14.052744 -3.242676 6e-06 -18.787271 -3e-06 -0.429711 -8.456045 2.555504 1e-06 -2e-06 0.0 -15.923539 -20.094486 -5.473587 30.419218 -7.190827 1.735924 3e-06 -8.16293 0.0 -1.8619 -22.861469 -6.167944 0.0 -4e-06 -1e-06 -176.92218 -15.124827 -16.717743 12.424887 0.064521 0.161798 -73.84063 4.596256 -14.718471 -6.949628 1.522498 2.042308 -1.0 0.0 0.0 5.45359 -2.867324 -4.746524 7.306818 -0.034031 0.124628 -74.106949 -11.82744 -9.883339 -5.475085 0.636925 1.651854 -1.0 -0.0 0.0 
0.0 0.0 0.0 0.0 -0.0 0.0 -18.982185 99.653877 124.242996 87.39679 4.680816 91.378052 6.549891 2.078392 -0.198227 -8.912036 -0.652047 -0.966047 23.072367 -0.208455 -3.148807 22.247484 17.223452 2.699946 -2.430778 -1.363496 -17.94429 -42.096001 -7.494238 -19.738457 6e-06 -0.0 -1e-06 0.026046 0.049229 0.077383 -0.105898 -0.000827 0.036064 -0.114059 0.093918 0.088434 -87.407257 -82.314026 105.333397 48.397411 -56.071678 -6.283353 46.881355 0.336817 -0.262198 15.209221 10.577737 -6.131962 17.636627 -26.322733 52.411201 -19.466663 -14.395597 29.410395 -1e-06 -8.774824 -2e-06 15.811678 -18.573997 6.144361 -0.609778 -1.795654 -3.889328 -4.807087 -11.046811 -2.937853 4e-06 -20.976017 -0.0 -5.019972 -25.03356 -4.03188 5e-06 -0.0 -1e-06 -10.634535 -5.686971 -3.56559 10.573275 -17.922951 -3.113901 3e-06 -13.821209 2e-06 -0.501779 -31.181498 -4.027014 -12.004512 -60.000015 6.994767 -13.982714 -7.150198 -2.875043 13.772734 -8.401491 -3.21824 0.347732 -34.211555 0.771658 -0.963029 -17.73337 2.621018 -1e-06 0.0 -1e-06 -17.346422 -20.095217 -4.201783 21.757557 -1.638375 3.866426 3e-06 -6.338822 2e-06 -1.697591 -22.591742 -6.194005 0.0 -4e-06 -3e-06 68.815308 -82.578468 126.959053 46.105824 -61.981281 -17.328608 54.443287 -0.292663 0.168278 12.340871 13.481668 -4.13789 22.182114 -20.375895 49.933334 -16.701817 -16.74353 28.476538 -2e-06 -12.690601 0.0 15.79288 -17.202293 2.778026 -0.105921 -1.513857 -4.275882 -5.039041 -5.612872 -2.953557 6e-06 -11.020523 -2e-06 -6.111298 -15.89533 -3.84047 -0.0 -1e-06 -0.0 -10.283374 -5.680289 -4.34184 11.028296 -11.302404 -2.372633 -1.384268 -14.238581 -6.320121 -0.625439 -26.924187 -3.827604 -4.433903 -49.848557 -3.259336 -13.708526 -7.363477 -3.72094 18.141153 -14.052739 -3.242676 6e-06 -18.78727 -4e-06 -0.429709 -8.456045 2.555506 1e-06 -1e-06 1e-06 -15.923539 -20.094484 -5.473586 30.419218 -7.190823 1.735927 2e-06 -8.162927 -1e-06 -1.861903 -22.861467 -6.167942 -0.0 -4e-06 -1e-06 -177.551132 -15.739601 -16.258341 12.844976 0.078221 0.145622 -73.500725 5.166975 -14.844192 -6.969139 1.524157 2.056117 -0.999999 -1e-06 0.0 4.669567 -2.336746 -4.631893 8.71676 -0.051952 0.077248 -75.010521 -12.554164 -9.653153 -5.151796 0.655703 1.672022 -1.0 1e-06 0.0 
0.0 0.0 0.0 0.0 -0.0 0.0 -19.548008 99.511055 123.832382 87.381912 4.744139 91.929962 7.170679 2.457911 -0.109736 -8.726165 -0.639815 -0.915125 23.72649 -0.388402 -2.996189 22.613726 16.553049 2.660828 -2.422925 -1.209381 -17.524313 -42.778118 -7.481836 -19.12052 6e-06 -0.0 -3e-06 0.03972 0.046909 0.043613 -0.078424 -0.006748 0.006239 -0.086694 0.093892 0.052154 -84.098274 -82.117752 102.142006 48.212059 -55.043003 -7.087623 48.836349 0.405218 -0.174395 15.418573 11.600128 -6.481382 17.636631 -26.322725 52.411186 -19.466661 -14.395596 29.410389 -0.0 -8.774822 -2e-06 15.840396 -18.588413 6.168081 -0.609777 -1.795654 -3.889326 -4.807086 -11.046812 -2.93785 3e-06 -20.976019 -2e-06 -5.019972 -25.033562 -4.031882 5e-06 1e-06 -0.0 -10.634533 -5.68697 -3.565586 10.573275 -17.922951 -3.113901 3e-06 -13.821206 2e-06 -0.501776 -31.181505 -4.02702 -12.022649 -59.939808 7.076022 -13.982712 -7.150199 -2.875042 13.77273 -8.401491 -3.218242 0.347733 -34.211555 0.771654 -0.96303 -17.73337 2.621017 -0.0 -0.0 0.0 -17.346415 -20.095217 -4.201783 21.757555 -1.638377 3.866428 2e-06 -6.338822 0.0 -1.697588 -22.591742 -6.194007 -0.0 -5e-06 -3e-06 75.693848 -83.059853 120.222572 47.026241 -61.290936 -17.997576 55.801102 -0.234954 0.172105 12.19563 13.952302 -4.122326 22.182116 -20.375895 49.933319 -16.701807 -16.74353 28.476522 -3e-06 -12.690601 -1e-06 15.714787 -17.125492 2.832374 -0.105919 -1.513855 -4.27588 -5.039044 -5.612872 -2.953555 6e-06 -11.020521 -1e-06 -6.111299 -15.89533 -3.840469 -1e-06 -2e-06 -0.0 -10.283371 -5.680287 -4.341837 11.028294 -11.302403 -2.372633 -1.384269 -14.238581 -6.320121 -0.62544 -26.924185 -3.8276 -4.535055 -49.920898 -3.160741 -13.708525 -7.363474 -3.720937 18.141146 -14.052738 -3.242674 2e-06 -18.787266 0.0 -0.429714 -8.456041 2.555504 1e-06 -1e-06 1e-06 -15.923536 -20.094482 -5.473581 30.41921 -7.190825 1.735927 2e-06 -8.162925 -0.0 -1.861903 -22.861465 -6.167941 1e-06 -4e-06 0.0 -178.481155 -16.311636 -15.673141 13.805153 0.093639 0.121866 -73.520309 5.511608 -14.962361 -6.867174 1.546081 2.076713 -0.999999 1e-06 -0.0 3.531027 -1.912007 -4.734487 10.675621 -0.056791 0.031383 -76.236008 -13.007684 -9.431024 -4.718192 0.667232 1.687193 -1.000001 1e-06 0.0 
0.0 0.0 0.0 0.0 -0.0 0.0 -19.954308 99.385612 123.473289 87.388466 4.658027 92.352402 7.713849 2.807165 -0.038671 -8.540483 -0.603866 -0.825399 24.249132 -0.527852 -2.880892 23.019876 15.753346 2.515507 -2.395799 -0.982836 -16.95175 -43.464752 -7.440031 -18.27401 6e-06 -0.0 -2e-06 0.051771 0.038216 0.012201 -0.034411 -0.012531 -0.022195 -0.036653 0.081 0.019374 -81.794785 -81.697968 99.88649 47.808029 -54.323448 -7.357366 50.230358 0.441458 -0.09757 15.492322 12.109685 -6.229459 17.636629 -26.322725 52.411186 -19.466661 -14.395596 29.410389 0.0 -8.774824 -2e-06 15.845371 -18.557541 6.223364 -0.609777 -1.795654 -3.889326 -4.807091 -11.046811 -2.93785 2e-06 -20.976019 -1e-06 -5.019973 -25.03356 -4.031882 4e-06 -1e-06 -1e-06 -10.634538 -5.686973 -3.565587 10.573272 -17.922949 -3.113902 3e-06 -13.821206 0.0 -0.501777 -31.181501 -4.027019 -12.066339 -60.017216 7.283803 -13.982717 -7.150198 -2.875041 13.772731 -8.40149 -3.21824 0.34773 -34.211544 0.771657 -0.963028 -17.73337 2.621018 -1e-06 -0.0 -1e-06 -17.346426 -20.095219 -4.201779 21.757565 -1.638374 3.86643 1e-06 -6.338822 1e-06 -1.697593 -22.591747 -6.194005 0.0 -3e-06 -3e-06 83.210243 -83.377769 112.829239 47.639862 -60.817814 -18.541245 56.712658 -0.089063 0.140765 12.00508 14.848193 -4.167173 22.182125 -20.375898 49.933331 -16.701818 -16.743534 28.476538 -2e-06 -12.690607 -3e-06 15.623634 -17.057302 2.871008 -0.105921 -1.513857 -4.275883 -5.039042 -5.612872 -2.953557 6e-06 -11.020527 -3e-06 -6.1113 -15.895334 -3.840475 -0.0 -1e-06 1e-06 -10.283377 -5.680291 -4.341839 11.028299 -11.302404 -2.372634 -1.384269 -14.238583 -6.320123 -0.625437 -26.924189 -3.827603 -4.598724 -49.876217 -3.076822 -13.708529 -7.363479 -3.720941 18.141151 -14.052742 -3.242675 5e-06 -18.78727 -3e-06 -0.42971 -8.456043 2.555504 1e-06 0.0 -0.0 -15.923543 -20.094486 -5.473588 30.419218 -7.190827 1.735931 2e-06 -8.162927 -1e-06 -1.861903 -22.861473 -6.167943 1e-06 -4e-06 -1e-06 -179.436081 -16.696747 -15.124633 14.650831 0.097715 0.112321 -73.584152 5.576026 -15.024413 -6.744243 1.561607 2.082722 -1.0 1e-06 0.0 2.340742 -1.671756 -4.978808 12.489655 -0.055747 0.009449 -77.235199 -13.141177 -9.260063 -4.383169 0.667521 1.690084 -1.000003 1e-06 -0.0 
0.0 0.0 0.0 0.0 -0.0 0.0 -20.161598 99.381935 123.211029 87.37989 4.291584 92.652962 8.017082 3.065114 0.002868 -8.424133 -0.540739 -0.706331 24.634893 -0.582345 -2.82055 23.429958 15.007722 2.423784 -2.411252 -0.816856 -16.332716 -43.882343 -7.311674 -17.423588 6e-06 0.0 -0.0 0.047232 0.031717 -0.004653 -0.004683 -0.015851 -0.030026 -0.007545 0.071263 -0.00525 -80.950447 -81.268547 99.0783 47.373928 -54.031929 -7.766371 50.556095 0.339376 -0.135765 15.368355 12.183434 -5.537193 17.636631 -26.322737 52.411198 -19.466663 -14.395596 29.410393 0.0 -8.774826 -1e-06 15.784665 -18.531134 6.290328 -0.609777 -1.795652 -3.889328 -4.80709 -11.046814 -2.93785 1e-06 -20.976021 1e-06 -5.019975 -25.033562 -4.031878 6e-06 -1e-06 -0.0 -10.634533 -5.686973 -3.565587 10.573271 -17.922951 -3.113901 2e-06 -13.82121 2e-06 -0.501778 -31.181507 -4.027012 -12.102327 -60.064816 7.494622 -13.982712 -7.150198 -2.875041 13.77273 -8.401493 -3.21824 0.347729 -34.211555 0.771658 -0.963029 -17.73337 2.621018 -1e-06 -0.0 -1e-06 -17.346418 -20.095219 -4.201778 21.757557 -1.638373 3.866428 1e-06 -6.338825 1e-06 -1.69759 -22.591747 -6.194007 -1e-06 -2e-06 -1e-06 89.211693 -83.511391 106.981606 47.941757 -60.34156 -18.932919 56.909016 0.063193 0.086866 11.780049 15.703506 -4.147258 22.182112 -20.375898 49.933327 -16.701811 -16.743525 28.47653 -3e-06 -12.690601 -2e-06 15.592726 -17.049696 2.856928 -0.105921 -1.513857 -4.275881 -5.039042 -5.612872 -2.953558 7e-06 -11.020523 -3e-06 -6.111296 -15.895332 -3.840472 -1e-06 -0.0 0.0 -10.283369 -5.680288 -4.341839 11.028293 -11.302404 -2.372633 -1.384265 -14.238577 -6.320121 -0.625438 -26.924187 -3.827601 -4.565096 -49.797955 -3.070885 -13.708526 -7.363478 -3.720941 18.141146 -14.052739 -3.242675 6e-06 -18.78727 -2e-06 -0.429712 -8.456043 2.555503 1e-06 -1e-06 1e-06 -15.923536 -20.094486 -5.473586 30.41921 -7.190827 1.735925 4e-06 -8.162927 -1e-06 -1.861901 -22.861469 -6.167944 0.0 -4e-06 0.0 179.668198 -16.839045 -14.591772 14.984042 0.088043 0.110122 -73.342056 5.359503 -14.898252 -6.71815 1.557897 2.074615 -0.999998 0.0 -0.0 1.477049 -1.548256 -5.056673 13.141853 -0.043639 0.006615 -77.438255 -13.235128 -9.155899 -4.23863 0.67106 1.685645 -1.000002 -1e-06 -0.0 
0.0 0.0 0.0 0.0 -0.0 0.0 -20.230749 99.49688 123.063423 87.379822 3.672368 92.813087 8.116671 3.196841 0.021699 -8.380836 -0.484008 -0.592923 24.833038 -0.574146 -2.774475 23.864157 14.457958 2.480342 -2.465384 -0.759208 -15.75482 -43.916466 -7.128132 -16.726362 5e-06 -0.0 0.0 0.032451 0.033488 -0.000282 0.010854 -0.013567 -0.011589 0.005962 0.073189 -0.014302 -80.358994 -80.940277 98.457901 46.826553 -54.270596 -8.256006 49.963356 0.099116 -0.217598 15.057629 12.117226 -4.941618 17.636625 -26.322737 52.411194 -19.466652 -14.395592 29.410381 1e-06 -8.77482 -1e-06 15.689092 -18.484949 6.338604 -0.609777 -1.795653 -3.889327 -4.807088 -11.046812 -2.937849 0.0 -20.976017 5e-06 -5.019974 -25.033558 -4.031875 6e-06 -0.0 1e-06 -10.634535 -5.68697 -3.565588 10.57327 -17.922951 -3.113898 1e-06 -13.82121 1e-06 -0.501779 -31.181501 -4.027015 -12.072694 -60.010487 7.576003 -13.982712 -7.150196 -2.875042 13.772727 -8.401489 -3.21824 0.347733 -34.211552 0.771658 -0.96303 -17.733368 2.621021 -1e-06 1e-06 -1e-06 -17.346413 -20.095215 -4.201779 21.757555 -1.638374 3.866428 2e-06 -6.338822 1e-06 -1.69759 -22.591742 -6.194004 1e-06 -4e-06 -2e-06 94.019241 -83.505051 102.317604 48.081734 -59.967831 -19.327337 56.55925 0.170561 0.127759 11.509372 16.099262 -4.190732 22.18211 -20.375893 49.933319 -16.701813 -16.74353 28.47653 -4e-06 -12.690598 -1e-06 15.575436 -17.080242 2.823967 -0.10592 -1.513856 -4.275882 -5.039041 -5.612871 -2.953556 4e-06 -11.020523 -1e-06 -6.111299 -15.895329 -3.840471 0.0 1e-06 0.0 -10.283373 -5.680289 -4.341838 11.028296 -11.302406 -2.372633 -1.384265 -14.23858 -6.320121 -0.625436 -26.924187 -3.827601 -4.543015 -49.73645 -3.064512 -13.708524 -7.363476 -3.720939 18.14115 -14.052738 -3.242677 8e-06 -18.787266 -4e-06 -0.429711 -8.456041 2.555505 1e-06 -2e-06 -0.0 -15.923534 -20.094486 -5.473585 30.41921 -7.190825 1.735926 4e-06 -8.162925 -1e-06 -1.861901 -22.861467 -6.167943 0.0 -5e-06 0.0 178.916275 -16.761864 -14.107769 14.749198 0.073883 0.115994 -72.769516 5.004014 -14.684566 -6.765055 1.538388 2.058853 -0.999999 -2e-06 -0.0 0.982011 -1.493514 -4.898603 12.601013 -0.016016 0.000984 -76.976242 -13.380152 -9.136424 -4.232482 0.674605 1.679954 -1.000001 1e-06 0.0 
0.0 0.0 0.0 0.0 -0.0 0.0 -20.266327 99.677452 122.988724 87.442993 2.893256 92.885887 8.161044 3.201038 0.008702 -8.387984 -0.441299 -0.547915 24.773876 -0.572962 -2.697516 24.359682 14.137002 2.632743 -2.507185 -0.799376 -15.21747 -43.632423 -6.916513 -16.144009 6e-06 0.0 0.0 0.020226 0.036705 0.012622 0.021532 -0.008915 0.016486 0.016142 0.075974 -0.016305 -78.412544 -80.721443 96.506592 46.066875 -54.9324 -8.419458 49.000401 -0.156527 -0.278719 14.537004 12.000199 -4.495533 17.636627 -26.322721 52.411194 -19.46666 -14.395598 29.410385 1e-06 -8.774821 -4e-06 15.61732 -18.388474 6.344691 -0.609775 -1.795652 -3.889328 -4.80709 -11.046811 -2.93785 2e-06 -20.976015 0.0 -5.019971 -25.033554 -4.03188 7e-06 -1e-06 1e-06 -10.634533 -5.686969 -3.565588 10.573271 -17.922945 -3.1139 2e-06 -13.821201 -2e-06 -0.50178 -31.181488 -4.027019 -12.020038 -59.953945 7.565511 -13.982714 -7.150198 -2.875041 13.772731 -8.401491 -3.218241 0.347733 -34.211544 0.771648 -0.963032 -17.733368 2.621017 0.0 -2e-06 -1e-06 -17.346422 -20.095217 -4.201782 21.757557 -1.638374 3.866428 1e-06 -6.338821 1e-06 -1.697592 -22.591736 -6.194009 1e-06 -4e-06 -1e-06 98.683891 -83.343658 97.665825 48.07119 -59.961739 -19.855566 56.122044 0.1977 0.227366 11.35881 15.907178 -4.156051 22.182114 -20.375891 49.933319 -16.701811 -16.743528 28.476528 -3e-06 -12.690603 -1e-06 15.575021 -17.128244 2.788577 -0.105922 -1.513858 -4.275882 -5.039038 -5.612869 -2.953556 5e-06 -11.02052 -3e-06 -6.111293 -15.895328 -3.840474 0.0 1e-06 0.0 -10.283374 -5.680289 -4.341839 11.028292 -11.302405 -2.372633 -1.384266 -14.238581 -6.320121 -0.625437 -26.924183 -3.827603 -4.591804 -49.706501 -3.05271 -13.708524 -7.363478 -3.720942 18.141146 -14.052737 -3.242674 8e-06 -18.787266 -3e-06 -0.429715 -8.45604 2.555506 1e-06 -2e-06 0.0 -15.923532 -20.094482 -5.473586 30.419207 -7.190826 1.735927 3e-06 -8.162925 -0.0 -1.861902 -22.861464 -6.167944 1e-06 -3e-06 0.0 178.340836 -16.494545 -13.596631 13.988049 0.059584 0.119484 -71.947105 4.66337 -14.591251 -6.874757 1.514382 2.041381 -0.999998 0.0 0.0 0.436137 -1.535259 -4.599046 11.88507 0.010405 -0.014886 -76.268852 -13.506754 -9.267041 -4.311425 0.674252 1.675663 -1.000002 0.0 0.0 
0.0 0.0 0.0 0.0 -0.0 0.0 -20.266661 99.858047 122.903267 87.578735 2.113087 92.842148 8.196796 3.082899 -0.009029 -8.427578 -0.410525 -0.569092 24.602434 -0.580841 -2.609374 24.870075 14.018696 2.801434 -2.515943 -0.881166 -14.754711 -43.070431 -6.677338 -15.61794 6e-06 0.0 -1e-06 0.012678 0.036685 0.028084 0.024022 -0.00706 0.04527 0.0199 0.075123 -0.014465 -75.116821 -80.614815 93.332535 45.030544 -55.708244 -7.93608 48.394444 -0.288441 -0.261287 13.942634 11.749722 -4.231134 17.636637 -26.322729 52.411179 -19.46666 -14.395598 29.410381 1e-06 -8.774821 -4e-06 15.598728 -18.303316 6.335372 -0.609778 -1.795655 -3.889325 -4.807087 -11.046809 -2.93785 4e-06 -20.976015 3e-06 -5.019972 -25.033554 -4.031879 7e-06 -1e-06 0.0 -10.634533 -5.686969 -3.565584 10.573271 -17.922949 -3.113897 1e-06 -13.821209 1e-06 -0.501783 -31.181505 -4.027012 -11.975677 -59.987995 7.545375 -13.982713 -7.150198 -2.875039 13.772729 -8.401491 -3.21824 0.347729 -34.211552 0.771657 -0.963031 -17.73337 2.621021 -1e-06 -0.0 -1e-06 -17.346418 -20.095215 -4.201778 21.757557 -1.638376 3.866429 3e-06 -6.338823 -0.0 -1.697592 -22.591742 -6.194006 -1e-06 -2e-06 -1e-06 102.168983 -83.094254 94.177788 47.883747 -60.137474 -20.532421 56.033073 0.216319 0.301439 11.388094 15.279943 -4.179823 22.182112 -20.375887 49.933308 -16.701811 -16.743528 28.476522 -2e-06 -12.690598 -2e-06 15.609989 -17.194025 2.774952 -0.105922 -1.513857 -4.275881 -5.039037 -5.61287 -2.953557 5e-06 -11.020523 -3e-06 -6.111297 -15.895332 -3.840469 -2e-06 0.0 -0.0 -10.283365 -5.680288 -4.341839 11.02829 -11.302406 -2.372631 -1.384269 -14.23858 -6.32012 -0.625439 -26.924187 -3.827603 -4.718665 -49.736065 -3.013375 -13.708521 -7.363476 -3.720939 18.141146 -14.052735 -3.242674 1e-05 -18.787264 -5e-06 -0.429714 -8.456039 2.5555 0.0 -2e-06 1e-06 -15.923532 -20.094482 -5.473583 30.419207 -7.190823 1.735927 5e-06 -8.162925 -1e-06 -1.861901 -22.861467 -6.167944 0.0 -1e-06 -0.0 177.887878 -16.093327 -13.015902 13.072964 0.056579 0.106962 -71.121918 4.315527 -14.696083 -6.986621 1.492439 2.032236 -0.999998 -1e-06 0.0 -0.204718 -1.705206 -4.29592 11.331121 0.021241 -0.038156 -75.598335 -13.491892 -9.477571 -4.41682 0.676245 1.677199 -1.000002 -1e-06 0.0 
0.0 0.0 0.0 0.0 -0.0 0.0 -20.1478 99.982948 122.782181 87.72506 1.509284 92.695961 8.227366 2.903011 -0.029972 -8.457496 -0.408983 -0.609413 24.519455 -0.554709 -2.548762 25.34729 14.072042 2.950074 -2.519641 -0.958311 -14.345808 -42.248524 -6.414052 -15.061269 6e-06 -0.0 -3e-06 0.01203 0.034653 0.03259 0.006196 -0.008552 0.059283 0.007504 0.073126 -0.01931 -71.771912 -80.486732 90.205803 43.704102 -56.193138 -6.724841 48.796215 -0.259606 -0.163668 13.449733 11.325179 -4.040682 17.636637 -26.322733 52.411186 -19.466665 -14.395602 29.410393 -1e-06 -8.774824 -1e-06 15.649804 -18.326326 6.312381 -0.609776 -1.795653 -3.889326 -4.807088 -11.046811 -2.937851 7e-06 -20.976015 1e-06 -5.019969 -25.033558 -4.031878 6e-06 0.0 -0.0 -10.634535 -5.686971 -3.565589 10.573279 -17.922951 -3.113899 2e-06 -13.821211 -0.0 -0.50178 -31.181505 -4.027013 -12.027807 -60.134975 7.557429 -13.982718 -7.150197 -2.875042 13.772735 -8.401495 -3.21824 0.347737 -34.211555 0.771654 -0.963028 -17.733372 2.621024 -1e-06 -1e-06 -2e-06 -17.34642 -20.095217 -4.20178 21.757566 -1.638378 3.866429 3e-06 -6.338825 1e-06 -1.697587 -22.591745 -6.194005 1e-06 -5e-06 0.0 102.977554 -82.930367 93.45282 47.239155 -60.083172 -20.857603 56.422421 0.265656 0.378288 11.439957 14.693378 -4.69619 22.182108 -20.375896 49.933327 -16.701815 -16.743526 28.476534 -4e-06 -12.690599 -2e-06 15.672858 -17.245977 2.777649 -0.10592 -1.513856 -4.275882 -5.039041 -5.612873 -2.953559 7e-06 -11.020523 -2e-06 -6.111295 -15.89533 -3.840471 -2e-06 0.0 -0.0 -10.283367 -5.680287 -4.341839 11.028291 -11.302406 -2.372631 -1.384266 -14.238577 -6.320124 -0.625435 -26.924187 -3.827602 -4.820488 -49.779945 -2.975349 -13.708523 -7.363477 -3.72094 18.141146 -14.052738 -3.242676 1e-05 -18.787268 -4e-06 -0.429713 -8.456043 2.555502 1e-06 -1e-06 0.0 -15.923532 -20.094482 -5.473588 30.419207 -7.190827 1.735923 4e-06 -8.162929 0.0 -1.861899 -22.861465 -6.167945 -0.0 -2e-06 1e-06 177.379059 -15.703381 -12.504089 12.716634 0.066929 0.091615 -70.682098 4.001786 -14.861042 -7.009864 1.47495 2.038109 -0.999999 0.0 0.0 -0.896522 -1.979359 -4.063405 11.222225 0.024896 -0.069609 -75.155266 -13.312196 -9.690852 -4.429613 0.678642 1.687409 -1.000002 -0.0 -0.0 
0.0 0.0 0.0 0.0 -0.0 0.0 -19.863897 99.978439 122.676262 87.791252 1.262039 92.37722 8.344045 2.761215 -0.028237 -8.444546 -0.429113 -0.662036 24.596422 -0.539571 -2.495258 25.747313 14.254414 3.041099 -2.537229 -1.018642 -13.916422 -41.390289 -6.201375 -14.444679 5e-06 0.0 -0.0 0.018219 0.031384 0.013117 -0.021012 -0.006163 0.041471 -0.016128 0.064138 -0.039492 -69.767197 -80.29319 88.461159 42.278889 -56.103729 -5.19875 50.228092 -0.19813 -0.062229 13.272354 10.972976 -3.663382 17.636631 -26.322729 52.411198 -19.466665 -14.3956 29.410395 0.0 -8.774822 -1e-06 15.737679 -18.405005 6.236713 -0.609776 -1.795655 -3.88933 -4.807087 -11.046812 -2.937852 6e-06 -20.976017 -3e-06 -5.019969 -25.03356 -4.031881 7e-06 -1e-06 0.0 -10.634535 -5.686971 -3.565589 10.573278 -17.922951 -3.113902 4e-06 -13.821211 -3e-06 -0.501776 -31.181505 -4.027016 -12.135448 -60.219963 7.619476 -13.982714 -7.150198 -2.875044 13.772731 -8.401495 -3.218241 0.34774 -34.211555 0.771647 -0.963027 -17.73337 2.621018 -1e-06 -0.0 -0.0 -17.34642 -20.095217 -4.201786 21.757561 -1.638378 3.866427 3e-06 -6.338823 1e-06 -1.697587 -22.591745 -6.19401 -0.0 -2e-06 -2e-06 101.651596 -82.912079 94.910904 46.313675 -59.67205 -20.465248 56.876217 0.414219 0.441646 11.31243 14.586627 -5.33887 22.182117 -20.375898 49.933327 -16.701817 -16.74353 28.476532 -3e-06 -12.690603 -3e-06 15.752744 -17.297228 2.784515 -0.10592 -1.513857 -4.275883 -5.039043 -5.612873 -2.953556 9e-06 -11.020525 -2e-06 -6.111295 -15.895332 -3.84047 -1e-06 -1e-06 1e-06 -10.283373 -5.68029 -4.341839 11.028296 -11.302407 -2.372632 -1.384267 -14.238583 -6.320123 -0.625438 -26.924192 -3.827603 -4.880808 -49.816658 -2.926307 -13.708527 -7.363479 -3.720939 18.141151 -14.052739 -3.242677 9e-06 -18.78727 -4e-06 -0.429712 -8.456044 2.555504 -0.0 -1e-06 1e-06 -15.923538 -20.094484 -5.473584 30.419214 -7.190827 1.735927 2e-06 -8.16293 -0.0 -1.861901 -22.861469 -6.167945 0.0 -2e-06 -0.0 176.8685 -15.465058 -12.222683 13.309901 0.072087 0.070002 -71.061539 3.60149 -15.013506 -6.87712 1.486614 2.059052 -1.0 -0.0 0.0 -1.47547 -2.258051 -3.870702 11.644073 0.020862 -0.095614 -75.185715 -13.006801 -9.905998 -4.368392 0.676238 1.700794 -1.000001 -0.0 -0.0 
0.0 0.0 0.0 0.0 -0.0 0.0 -19.390099 99.851585 122.571373 87.731461 1.382013 91.769585 8.552628 2.674313 0.036241 -8.383094 -0.476627 -0.715403 24.776129 -0.513068 -2.463178 26.135382 14.364182 3.073936 -2.556202 -0.977474 -13.327682 -40.831745 -6.018054 -13.713175 6e-06 -1e-06 -1e-06 0.033361 0.026863 -0.014828 -0.035939 -0.002147 0.008418 -0.028649 0.050409 -0.060384 -69.871605 -80.102821 88.708855 40.962177 -55.548622 -3.818308 51.898373 -0.182467 -0.063179 13.258239 10.653229 -3.024393 17.636641 -26.322741 52.411213 -19.466665 -14.395604 29.410395 -0.0 -8.774822 -1e-06 15.749211 -18.518541 6.19868 -0.609775 -1.795653 -3.889329 -4.807089 -11.046812 -2.937849 5e-06 -20.976019 -0.0 -5.01997 -25.033562 -4.031882 5e-06 -0.0 0.0 -10.634535 -5.686973 -3.565588 10.573276 -17.922955 -3.113898 2e-06 -13.821211 -0.0 -0.50178 -31.181511 -4.027017 -12.202835 -60.139542 7.690218 -13.982714 -7.150198 -2.875044 13.772732 -8.401493 -3.218241 0.34773 -34.211555 0.77166 -0.963029 -17.733372 2.621021 0.0 -1e-06 -2e-06 -17.346422 -20.095221 -4.201782 21.757561 -1.638376 3.866429 2e-06 -6.338824 3e-06 -1.697589 -22.591745 -6.194005 -0.0 -4e-06 -1e-06 99.262314 -83.018372 97.409828 45.37941 -59.074177 -19.648436 57.010628 0.598993 0.445274 11.038118 15.07195 -5.610139 22.182121 -20.3759 49.933327 -16.701817 -16.74353 28.476536 -3e-06 -12.690601 -1e-06 15.780717 -17.295412 2.820117 -0.105918 -1.513856 -4.275883 -5.039042 -5.612873 -2.953557 6e-06 -11.020525 -2e-06 -6.111298 -15.895334 -3.840471 -1e-06 -1e-06 -0.0 -10.283371 -5.680289 -4.341837 11.028296 -11.302407 -2.372632 -1.384266 -14.238583 -6.320123 -0.62544 -26.924187 -3.827599 -4.914821 -49.842236 -2.84458 -13.708526 -7.363477 -3.720941 18.14115 -14.052743 -3.242673 9e-06 -18.787275 -0.0 -0.429713 -8.456045 2.555505 2e-06 -0.0 1e-06 -15.923536 -20.094486 -5.473587 30.419218 -7.190827 1.735926 2e-06 -8.16293 -0.0 -1.861901 -22.861473 -6.167942 -0.0 -1e-06 1e-06 176.339981 -15.4158 -12.257016 14.970993 0.070562 0.053827 -72.227882 2.9829 -15.105838 -6.637683 1.523312 2.086108 -0.999999 0.0 0.0 -1.939221 -2.516619 -3.657564 12.537498 0.009048 -0.106674 -75.574661 -12.458256 -10.067719 -4.214403 0.675488 1.711659 -1.000002 0.0 0.0 
0.0 0.0 0.0 0.0 -0.0 0.0 -18.781975 99.654816 122.502647 87.601059 1.71019 90.96405 8.746905 2.58795 0.114494 -8.298404 -0.543358 -0.78436 24.956633 -0.474285 -2.438661 26.510242 14.315876 2.971525 -2.552803 -0.876584 -12.405811 -40.689533 -5.829759 -12.799951 5e-06 0.0 -2e-06 0.048523 0.020133 -0.029504 -0.026816 -0.00341 -0.011943 -0.016095 0.037269 -0.066795 -71.53688 -79.967186 90.378731 40.257095 -54.816765 -3.268337 52.802753 -0.201237 -0.217177 13.277304 10.453835 -2.243956 17.636631 -26.322737 52.411201 -19.466665 -14.3956 29.410389 0.0 -8.774821 -2e-06 15.679401 -18.637129 6.255239 -0.609774 -1.795655 -3.889326 -4.807091 -11.046811 -2.93785 4e-06 -20.976017 -3e-06 -5.019972 -25.033558 -4.031881 6e-06 -1e-06 1e-06 -10.634535 -5.686972 -3.565584 10.573275 -17.922951 -3.113901 3e-06 -13.821209 -1e-06 -0.501782 -31.181498 -4.027016 -12.244996 -60.063099 7.764662 -13.982712 -7.150198 -2.875041 13.772731 -8.401492 -3.218242 0.347731 -34.211544 0.771655 -0.96303 -17.733368 2.621021 0.0 -1e-06 -2e-06 -17.34642 -20.095217 -4.201782 21.757565 -1.638376 3.866429 1e-06 -6.338823 2e-06 -1.697591 -22.591743 -6.194007 2e-06 -5e-06 -2e-06 96.531647 -83.100647 100.171516 44.832432 -58.52486 -18.946377 56.512192 0.752391 0.344468 10.974391 16.05658 -5.275946 22.182112 -20.375887 49.933315 -16.701811 -16.743528 28.476528 -2e-06 -12.690596 0.0 15.716404 -17.26951 2.854718 -0.105919 -1.513855 -4.275881 -5.03904 -5.612872 -2.953557 3e-06 -11.020523 -1e-06 -6.111296 -15.89533 -3.84047 -1e-06 -1e-06 1e-06 -10.283369 -5.680288 -4.341838 11.028294 -11.302404 -2.372633 -1.384267 -14.238581 -6.320122 -0.625438 -26.924185 -3.827604 -4.871686 -49.723927 -2.839229 -13.708522 -7.363476 -3.720941 18.141146 -14.052739 -3.242672 8e-06 -18.78727 -1e-06 -0.429711 -8.456043 2.555502 2e-06 -1e-06 -1e-06 -15.923532 -20.094484 -5.473585 30.41921 -7.190823 1.735924 1e-06 -8.162929 -1e-06 -1.861898 -22.861469 -6.167943 -1e-06 -2e-06 0.0 175.810333 -15.477142 -12.568773 17.317102 0.065991 0.038075 -73.756081 2.305423 -15.066044 -6.405043 1.560058 2.105378 -1.0 1e-06 0.0 -2.281939 -2.789765 -3.284045 13.609595 -0.005308 -0.079416 -76.10067 -11.866039 -10.186728 -4.000728 0.680143 1.71768 -1.000003 -0.0 -0.0 
0.0 0.0 0.0 0.0 -0.0 0.0 -18.077217 99.473099 122.553871 87.475945 2.057781 90.07637 8.80851 2.470894 0.176404 -8.261832 -0.603934 -0.862957 25.011078 -0.438837 -2.452385 26.719439 14.071773 2.816496 -2.543352 -0.797277 -11.436553 -40.694298 -5.625397 -11.817965 7e-06 -0.0 -3e-06 0.05022 0.014871 -0.044199 -0.006723 -0.003947 -0.027648 0.003474 0.02694 -0.078383 -73.405518 -79.964775 92.29911 40.623611 -54.256069 -4.179295 52.29068 -0.277898 -0.463023 13.267282 10.680117 -1.44029 17.636633 -26.322737 52.41119 -19.466665 -14.395602 29.410389 -0.0 -8.774821 -1e-06 15.58293 -18.725044 6.340053 -0.609775 -1.795652 -3.889329 -4.807088 -11.046813 -2.937851 5e-06 -20.976019 0.0 -5.019971 -25.033558 -4.03188 5e-06 1e-06 -0.0 -10.634531 -5.686967 -3.565588 10.573277 -17.922951 -3.113899 3e-06 -13.821209 1e-06 -0.501785 -31.181501 -4.027009 -12.221389 -60.000275 7.77822 -13.982714 -7.150197 -2.875041 13.772732 -8.401494 -3.218242 0.347735 -34.211555 0.771655 -0.963032 -17.73337 2.621022 1e-06 -1e-06 -1e-06 -17.34642 -20.095217 -4.201782 21.757557 -1.638378 3.866426 4e-06 -6.338824 -0.0 -1.697588 -22.591745 -6.194002 -1e-06 -3e-06 -3e-06 93.767601 -83.098595 102.918396 44.626751 -58.262928 -18.578543 55.3978 0.838641 0.198564 11.382764 16.967827 -4.318039 22.182108 -20.375891 49.933308 -16.701811 -16.743528 28.47653 -3e-06 -12.690598 1e-06 15.626959 -17.283781 2.83279 -0.105917 -1.513856 -4.275881 -5.039043 -5.612871 -2.953556 3e-06 -11.020521 -1e-06 -6.111293 -15.89533 -3.84047 0.0 -1e-06 1e-06 -10.283367 -5.680287 -4.341836 11.028291 -11.302404 -2.372633 -1.384268 -14.238579 -6.32012 -0.625438 -26.924189 -3.827598 -4.698205 -49.51997 -2.979086 -13.70852 -7.363475 -3.72094 18.141146 -14.052738 -3.242674 5e-06 -18.787266 -2e-06 -0.429711 -8.456041 2.555505 1e-06 -1e-06 0.0 -15.923528 -20.094479 -5.473585 30.419205 -7.190824 1.735924 2e-06 -8.162925 -1e-06 -1.8619 -22.861464 -6.167941 2e-06 -5e-06 -0.0 175.446854 -15.471932 -12.982431 19.609831 0.053502 0.042517 -75.173546 1.576555 -14.823421 -6.195457 1.580209 2.111395 -0.999998 1e-06 0.0 -2.339983 -3.126195 -2.765813 14.270589 -0.01166 -0.018748 -76.45739 -11.356844 -10.252985 -3.819988 0.695977 1.720148 -1.000001 0.0 0.0 
0.0 0.0 0.0 0.0 -0.0 0.0 -17.380751 99.397545 122.805717 87.427734 2.322774 89.19046 8.644554 2.280915 0.213895 -8.292168 -0.665112 -0.923713 24.878218 -0.382027 -2.522995 26.756876 13.70128 2.78604 -2.551747 -0.730516 -10.815819 -40.618389 -5.496874 -11.000966 6e-06 0.0 1e-06 0.04058 0.01437 -0.065433 0.006905 -0.003542 -0.046264 0.016028 0.025701 -0.101336 -75.000092 -80.071976 93.961273 41.695038 -54.020542 -5.801386 50.561092 -0.371899 -0.624043 13.289826 11.2319 -0.990053 17.636635 -26.322737 52.411182 -19.466656 -14.395598 29.410385 -0.0 -8.77482 -0.0 15.529307 -18.779659 6.390377 -0.609778 -1.795654 -3.889326 -4.807087 -11.046809 -2.93785 3e-06 -20.976015 2e-06 -5.019974 -25.033552 -4.031878 5e-06 0.0 -2e-06 -10.634531 -5.686967 -3.565586 10.57327 -17.922947 -3.113898 1e-06 -13.821205 1e-06 -0.501782 -31.181498 -4.027014 -12.12759 -59.84375 7.707817 -13.982714 -7.150198 -2.875039 13.772729 -8.401489 -3.218238 0.347729 -34.211544 0.771661 -0.963032 -17.73337 2.62102 -0.0 0.0 1e-06 -17.346418 -20.095211 -4.201776 21.757557 -1.638375 3.866427 2e-06 -6.338821 0.0 -1.697592 -22.591747 -6.194005 -1e-06 -3e-06 -2e-06 89.992767 -83.053215 106.774277 44.368744 -58.330997 -18.47035 54.01796 0.859242 0.142379 12.11012 17.323574 -3.652137 22.182114 -20.375896 49.933315 -16.701811 -16.74353 28.476528 -3e-06 -12.690598 -0.0 15.561823 -17.316389 2.788191 -0.105919 -1.513855 -4.275882 -5.039041 -5.612871 -2.953557 4e-06 -11.020523 -0.0 -6.111296 -15.89533 -3.840469 1e-06 1e-06 -1e-06 -10.283369 -5.680288 -4.341839 11.028294 -11.302406 -2.372633 -1.384268 -14.238578 -6.320121 -0.625438 -26.924187 -3.827601 -4.515766 -49.335724 -3.153333 -13.708523 -7.363477 -3.720939 18.141148 -14.052739 -3.242674 5e-06 -18.78727 -2e-06 -0.429711 -8.456047 2.555506 1e-06 2e-06 -1e-06 -15.923536 -20.094482 -5.473583 30.41921 -7.190824 1.735926 1e-06 -8.162928 -0.0 -1.861901 -22.861469 -6.167943 -0.0 -2e-06 2e-06 175.471298 -15.260739 -13.311447 21.197206 0.033585 0.0623 -76.074478 0.731035 -14.559889 -6.069763 1.599223 2.120994 -0.999999 1e-06 0.0 -1.936852 -3.5234 -2.196362 14.066947 -0.013061 0.057466 -76.39212 -10.948883 -10.279255 -3.742727 0.705137 1.720273 -1.000003 0.0 -0.0 
0.0 0.0 0.0 0.0 -0.0 0.0 -16.657431 99.472496 123.281952 87.461143 2.456903 88.356529 8.276577 2.011356 0.185567 -8.382444 -0.723435 -0.955386 24.488619 -0.28872 -2.608063 26.666042 13.40374 2.869509 -2.560557 -0.753392 -10.568216 -40.343468 -5.50508 -10.519394 6e-06 0.0 1e-06 0.031406 0.015155 -0.065566 0.024635 0.000521 -0.040145 0.032991 0.023768 -0.107933 -76.289757 -80.153313 95.230156 42.744202 -54.084358 -6.8929 48.470634 -0.375642 -0.592701 13.397559 11.806643 -0.786041 17.636627 -26.322731 52.411198 -19.466663 -14.395598 29.410395 1e-06 -8.774821 0.0 15.498778 -18.783453 6.390671 -0.609774 -1.795654 -3.889328 -4.807088 -11.046811 -2.937851 5e-06 -20.976019 -2e-06 -5.01997 -25.03356 -4.031881 8e-06 3e-06 -0.0 -10.634534 -5.686971 -3.565588 10.573275 -17.922951 -3.113901 3e-06 -13.821209 -3e-06 -0.50178 -31.181505 -4.027017 -12.014983 -59.576511 7.608029 -13.982712 -7.150199 -2.875043 13.772729 -8.401493 -3.218239 0.347732 -34.211555 0.771655 -0.96303 -17.73337 2.621019 0.0 -1e-06 -1e-06 -17.346422 -20.095221 -4.201783 21.757557 -1.638375 3.866426 3e-06 -6.338823 -2e-06 -1.697587 -22.591749 -6.194008 -1e-06 -4e-06 -3e-06 84.94413 -82.919167 111.997116 43.885723 -58.702381 -18.591631 52.537704 0.745876 0.161382 12.806484 17.064751 -3.701178 22.182117 -20.375895 49.933319 -16.701811 -16.743528 28.476528 -4e-06 -12.690598 -1e-06 15.501169 -17.313042 2.763467 -0.105918 -1.513857 -4.27588 -5.039041 -5.612871 -2.953558 4e-06 -11.020521 -1e-06 -6.111294 -15.89533 -3.840469 1e-06 0.0 1e-06 -10.283365 -5.680288 -4.341839 11.02829 -11.302405 -2.372634 -1.384269 -14.238577 -6.32012 -0.625437 -26.924185 -3.827601 -4.420723 -49.203102 -3.237117 -13.708522 -7.363477 -3.720941 18.14115 -14.052738 -3.242675 8e-06 -18.787266 -3e-06 -0.42971 -8.456043 2.555505 3e-06 -1e-06 -1e-06 -15.923531 -20.094482 -5.473586 30.419205 -7.190826 1.735925 3e-06 -8.162926 -1e-06 -1.861903 -22.861467 -6.167943 1e-06 -3e-06 1e-06 175.909607 -14.811481 -13.702797 21.912031 0.021886 0.089744 -76.423531 -0.034222 -14.325643 -6.054132 1.604511 2.131488 -0.999999 1e-06 0.0 -0.921141 -4.019806 -1.690898 12.648642 -0.013325 0.110789 -75.654488 -10.535796 -10.477959 -3.825649 0.68434 1.710745 -1.000001 0.0 0.0 
0.0 0.0 0.0 0.0 -0.0 0.0 -15.981555 99.631058 123.900185 87.54158 2.427669 87.542648 7.824631 1.693177 0.104766 -8.538695 -0.762814 -0.968217 23.79652 -0.205472 -2.687641 26.427828 13.308373 2.973402 -2.563241 -0.896784 -10.576589 -39.947502 -5.663544 -10.31251 7e-06 -0.0 -3e-06 0.025805 0.016243 -0.06307 0.037811 0.014707 -0.033793 0.042246 0.012477 -0.110431 -76.298203 -80.138313 95.292564 43.589241 -54.355747 -7.252333 46.726532 -0.250761 -0.44123 13.678187 12.364759 -0.282591 17.636627 -26.322735 52.411213 -19.46666 -14.395598 29.410395 0.0 -8.774822 -1e-06 15.49284 -18.790333 6.366513 -0.609777 -1.795655 -3.889328 -4.807088 -11.046813 -2.937851 5e-06 -20.976019 -2e-06 -5.01997 -25.033562 -4.031884 7e-06 2e-06 -1e-06 -10.634537 -5.686972 -3.565589 10.573275 -17.922951 -3.1139 4e-06 -13.821206 -0.0 -0.501784 -31.181505 -4.027012 -11.918426 -59.398338 7.550613 -13.982714 -7.150199 -2.875043 13.772729 -8.40149 -3.218244 0.347732 -34.211555 0.771655 -0.963031 -17.733372 2.621022 1e-06 -1e-06 -1e-06 -17.346416 -20.095217 -4.201784 21.757561 -1.638375 3.866428 2e-06 -6.338822 -0.0 -1.697589 -22.591747 -6.194005 -1e-06 -3e-06 -2e-06 79.954231 -82.654793 117.075798 43.2146 -59.455044 -18.654314 51.142849 0.639443 0.188078 13.267681 16.23624 -3.984953 22.182121 -20.3759 49.933327 -16.701817 -16.74353 28.476536 -4e-06 -12.690601 -0.0 15.468046 -17.330154 2.78752 -0.105919 -1.513857 -4.275883 -5.03904 -5.612872 -2.953558 2e-06 -11.020524 -1e-06 -6.111297 -15.895334 -3.840471 -0.0 0.0 0.0 -10.283373 -5.680289 -4.34184 11.028296 -11.302406 -2.372633 -1.38427 -14.238583 -6.32012 -0.625441 -26.924191 -3.827601 -4.45492 -49.147087 -3.221794 -13.708522 -7.363477 -3.720942 18.141151 -14.05274 -3.242674 5e-06 -18.787271 1e-06 -0.429714 -8.456043 2.555504 1e-06 -0.0 -0.0 -15.923536 -20.094484 -5.473588 30.419214 -7.190827 1.735927 2e-06 -8.162928 -1e-06 -1.861903 -22.861471 -6.167942 1e-06 -5e-06 1e-06 176.617172 -14.224007 -14.153314 21.859957 0.011548 0.119114 -76.486595 -0.632986 -14.212481 -6.098691 1.60233 2.14061 -0.999999 1e-06 0.0 0.445571 -4.559489 -1.451863 10.376579 -0.011407 0.13003 -74.475647 -9.883619 -10.78493 -4.044599 0.643249 1.695899 -1.000002 -0.0 -0.0 
0.0 0.0 0.0 0.0 -0.0 0.0 -15.483193 99.825829 124.50956 87.641319 2.261877 86.736282 7.338149 1.361139 0.004767 -8.746594 -0.770958 -0.969047 22.981493 -0.142372 -2.808221 25.974432 13.311502 3.030827 -2.570672 -1.048897 -10.757645 -39.457043 -5.898301 -10.189518 6e-06 -1e-06 3e-06 0.024252 0.017537 -0.075784 0.031119 0.036383 -0.047678 0.033116 -0.006164 -0.12351 -75.262901 -80.021652 94.272934 43.838585 -54.767189 -6.573652 45.6343 0.070888 -0.201837 13.914811 12.739697 0.325845 17.636627 -26.322733 52.411213 -19.466671 -14.395602 29.410402 -1e-06 -8.774822 -4e-06 15.526359 -18.831882 6.338777 -0.609777 -1.795653 -3.889329 -4.80709 -11.046814 -2.937852 6e-06 -20.976021 -3e-06 -5.019969 -25.033571 -4.031884 8e-06 1e-06 -1e-06 -10.634537 -5.686972 -3.565589 10.573278 -17.922956 -3.113905 5e-06 -13.821212 -2e-06 -0.501774 -31.181519 -4.02702 -11.908975 -59.459072 7.582865 -13.982716 -7.150199 -2.875044 13.772734 -8.401494 -3.218244 0.347741 -34.211559 0.771651 -0.963027 -17.733372 2.621019 1e-06 -1e-06 -1e-06 -17.34642 -20.095221 -4.20178 21.757561 -1.638377 3.866427 3e-06 -6.338824 0.0 -1.697585 -22.591753 -6.194007 -2e-06 -4e-06 -4e-06 75.675262 -82.316711 121.38578 42.376926 -60.432312 -18.653814 50.354385 0.559809 0.182043 13.473439 15.022428 -4.036462 22.182114 -20.375891 49.933323 -16.701818 -16.743528 28.476536 -5e-06 -12.690603 -1e-06 15.477776 -17.40048 2.83353 -0.105916 -1.513855 -4.275881 -5.039043 -5.612873 -2.953557 3e-06 -11.020525 -2e-06 -6.111295 -15.895334 -3.840471 -2e-06 0.0 1e-06 -10.283372 -5.680288 -4.341838 11.028296 -11.302407 -2.372635 -1.384266 -14.238582 -6.320121 -0.625436 -26.924192 -3.827603 -4.5151 -49.150673 -3.192262 -13.708522 -7.363476 -3.72094 18.141153 -14.052741 -3.242676 9e-06 -18.787271 -4e-06 -0.429711 -8.456041 2.555504 1e-06 -1e-06 1e-06 -15.923534 -20.094482 -5.473586 30.41921 -7.190829 1.735924 4e-06 -8.162925 -1e-06 -1.861902 -22.861473 -6.167946 2e-06 -3e-06 -1e-06 177.465195 -13.622141 -14.539886 21.143988 0.009712 0.148219 -76.29454 -1.190234 -14.310621 -6.192014 1.594049 2.148165 -1.0 -2e-06 -0.0 1.641011 -5.038276 -1.542034 8.032074 -0.004817 0.133927 -73.07016 -8.954361 -11.159947 -4.341562 0.610807 1.685374 -1.000001 1e-06 -0.0 
0.0 0.0 0.0 0.0 -0.0 0.0 -15.202525 99.997177 125.013908 87.712959 1.977656 85.945847 6.827466 1.051534 -0.116048 -8.95433 -0.758675 -1.007743 22.160597 -0.08005 -2.91549 25.342079 13.266348 2.989083 -2.578251 -1.155433 -10.9353 -38.900074 -6.151856 -10.07803 6e-06 0.0 -3e-06 0.016576 0.020168 -0.091029 -0.00399 0.055535 -0.067821 -0.001579 -0.020189 -0.135752 -73.994995 -79.87999 92.800186 43.191898 -55.284233 -5.046959 45.128754 0.398747 0.018167 13.911301 12.715352 0.684798 17.636631 -26.322729 52.411198 -19.466665 -14.395598 29.410389 -0.0 -8.774822 -2e-06 15.558874 -18.895203 6.307034 -0.609778 -1.795656 -3.88933 -4.807092 -11.046813 -2.93785 5e-06 -20.976021 1e-06 -5.019973 -25.033562 -4.031883 6e-06 -0.0 -1e-06 -10.634535 -5.686972 -3.565589 10.573276 -17.922953 -3.113902 2e-06 -13.821209 -1e-06 -0.501774 -31.181511 -4.02702 -12.05972 -59.696087 7.671857 -13.982716 -7.1502 -2.875039 13.772733 -8.401492 -3.218244 0.347732 -34.211555 0.771655 -0.963026 -17.73337 2.621017 0.0 0.0 0.0 -17.346422 -20.095221 -4.201783 21.757566 -1.638373 3.866427 3e-06 -6.338824 -1e-06 -1.697591 -22.591751 -6.194007 -2e-06 -3e-06 -2e-06 71.347595 -81.952652 125.734344 41.140682 -61.43327 -18.269173 50.530636 0.57336 0.194003 13.386391 13.671731 -3.955809 22.182116 -20.375891 49.933315 -16.701817 -16.74353 28.476532 -3e-06 -12.6906 -1e-06 15.548446 -17.497799 2.85169 -0.105918 -1.513857 -4.275883 -5.039042 -5.612872 -2.953556 2e-06 -11.020523 -3e-06 -6.111297 -15.895332 -3.840472 0.0 -0.0 0.0 -10.283373 -5.680288 -4.341838 11.028294 -11.302404 -2.372633 -1.384267 -14.238579 -6.320121 -0.625438 -26.924187 -3.827601 -4.5099 -49.19474 -3.233963 -13.708525 -7.363479 -3.720941 18.14115 -14.052739 -3.242676 1e-05 -18.78727 -3e-06 -0.429713 -8.456047 2.555503 1e-06 -1e-06 1e-06 -15.923536 -20.094484 -5.473584 30.419218 -7.190825 1.735926 2e-06 -8.162927 -0.0 -1.861906 -22.861475 -6.167942 1e-06 -5e-06 -2e-06 178.320328 -13.124168 -14.841042 19.951803 0.017755 0.172501 -76.042915 -1.713955 -14.596072 -6.247799 1.586877 2.154375 -0.999999 0.0 0.0 2.179651 -5.417149 -1.860497 6.495287 0.007995 0.138369 -71.869209 -7.834331 -11.518799 -4.615285 0.586842 1.678174 -1.000002 0.0 -0.0 
0.0 0.0 0.0 0.0 -0.0 0.0 -15.083795 100.108704 125.387489 87.747971 1.698353 85.22744 6.330908 0.796364 -0.211752 -9.105484 -0.749681 -1.102473 21.47411 -0.012035 -2.959339 24.596302 13.14292 2.869249 -2.574821 -1.214107 -11.000649 -38.415974 -6.403131 -9.98009 6e-06 -0.0 1e-06 0.001101 0.022632 -0.097881 -0.052683 0.071527 -0.085465 -0.055615 -0.031564 -0.133878 -73.822433 -79.85807 92.261574 41.881214 -55.704464 -3.548501 44.808514 0.451037 0.126675 13.82466 12.295197 1.082596 17.636627 -26.322729 52.411201 -19.466665 -14.3956 29.410395 0.0 -8.774822 -3e-06 15.514653 -18.967251 6.292371 -0.609776 -1.795654 -3.889328 -4.80709 -11.046813 -2.937853 2e-06 -20.976021 1e-06 -5.019973 -25.033562 -4.031883 3e-06 2e-06 -2e-06 -10.634533 -5.686973 -3.565587 10.573272 -17.922951 -3.113901 2e-06 -13.82121 0.0 -0.501775 -31.181505 -4.027021 -12.245353 -59.805183 7.696561 -13.982715 -7.150199 -2.875041 13.772727 -8.401492 -3.218241 0.34773 -34.211555 0.771657 -0.963029 -17.73337 2.621016 -0.0 1e-06 0.0 -17.346422 -20.095221 -4.201783 21.757561 -1.638371 3.866426 3e-06 -6.338823 0.0 -1.697594 -22.591749 -6.194006 -1e-06 -3e-06 -3e-06 66.324951 -81.449463 130.752457 39.554295 -62.181305 -17.205263 51.339783 0.719035 0.213606 13.05452 12.490952 -3.906593 22.182119 -20.375895 49.933323 -16.701813 -16.74353 28.476532 -2e-06 -12.690601 -1e-06 15.647593 -17.563057 2.843324 -0.105918 -1.513857 -4.275882 -5.039045 -5.612873 -2.953556 4e-06 -11.020525 -3e-06 -6.111297 -15.895334 -3.840473 -1e-06 2e-06 -0.0 -10.283372 -5.680288 -4.341838 11.028295 -11.302404 -2.372633 -1.384268 -14.238582 -6.320122 -0.625441 -26.924191 -3.827601 -4.414166 -49.282951 -3.316982 -13.708526 -7.363477 -3.72094 18.141148 -14.052739 -3.242674 7e-06 -18.78727 -2e-06 -0.429711 -8.456039 2.555505 1e-06 -2e-06 -0.0 -15.923539 -20.094486 -5.473585 30.419218 -7.190826 1.735927 1e-06 -8.162926 -1e-06 -1.861904 -22.861469 -6.167944 -0.0 -3e-06 1e-06 179.150513 -12.744549 -15.036834 18.573526 0.026613 0.164052 -75.847069 -2.299235 -14.888631 -6.221401 1.581002 2.153958 -0.999999 -0.0 0.0 2.126154 -5.681444 -2.262425 6.07861 0.016476 0.174879 -71.247513 -6.805029 -11.75546 -4.828096 0.583667 1.678289 -1.000002 1e-06 -0.0 
0.0 0.0 0.0 0.0 -0.0 0.0 -14.888366 100.168549 125.667427 87.782082 1.515162 84.620033 5.851758 0.597256 -0.245932 -9.195599 -0.760834 -1.189782 21.043158 0.07369 -3.010477 23.955191 12.974086 2.683322 -2.571827 -1.197947 -10.907588 -38.081715 -6.543476 -9.792442 6e-06 -0.0 -1e-06 0.00031 0.019436 -0.121214 -0.069225 0.076009 -0.120775 -0.073828 -0.04324 -0.146419 -75.525146 -80.003181 93.705231 40.450375 -55.725197 -2.530509 44.301422 0.229457 0.16959 13.940279 11.980668 1.301748 17.636631 -26.322729 52.411186 -19.466663 -14.395598 29.410389 -0.0 -8.774824 -3e-06 15.443121 -19.006819 6.282752 -0.609777 -1.795653 -3.889327 -4.80709 -11.046813 -2.937849 3e-06 -20.976021 2e-06 -5.019974 -25.033562 -4.031879 7e-06 0.0 -1e-06 -10.634535 -5.686972 -3.565587 10.573274 -17.922951 -3.113898 3e-06 -13.821209 -0.0 -0.501778 -31.181505 -4.027017 -12.271985 -59.673634 7.636523 -13.982716 -7.150199 -2.875041 13.772733 -8.401489 -3.218242 0.347734 -34.211555 0.771654 -0.963029 -17.73337 2.621017 -0.0 1e-06 2e-06 -17.346422 -20.095221 -4.201779 21.757561 -1.638375 3.866426 4e-06 -6.338825 1e-06 -1.69759 -22.591749 -6.194004 -2e-06 -3e-06 -1e-06 62.17358 -80.799271 134.670502 38.139187 -62.589272 -15.675803 51.782909 0.798685 0.300808 12.678486 11.728229 -3.323458 22.182112 -20.375889 49.933323 -16.701815 -16.743526 28.476534 -3e-06 -12.6906 -0.0 15.629019 -17.623322 2.885299 -0.10592 -1.513858 -4.27588 -5.039043 -5.612873 -2.953558 5e-06 -11.020523 -3e-06 -6.111297 -15.895334 -3.840473 -2e-06 0.0 0.0 -10.283371 -5.680288 -4.341838 11.028292 -11.302406 -2.372633 -1.384267 -14.23858 -6.320122 -0.625436 -26.924191 -3.827604 -4.423172 -49.372349 -3.243134 -13.708527 -7.363478 -3.720938 18.141151 -14.052739 -3.242677 7e-06 -18.78727 -4e-06 -0.429711 -8.456044 2.555505 2e-06 -1e-06 -0.0 -15.923536 -20.094482 -5.473586 30.419214 -7.190827 1.735924 2e-06 -8.162925 -2e-06 -1.861902 -22.861469 -6.167945 0.0 -2e-06 -0.0 179.88269 -12.349022 -15.286822 17.391479 0.013753 0.140324 -75.776497 -3.052012 -14.990017 -6.15603 1.585162 2.14971 -0.999999 -0.0 -0.0 2.058671 -5.898158 -2.562159 5.886979 0.032858 0.205463 -70.939461 -5.927119 -11.877814 -5.036477 0.5846 1.673953 -1.000001 1e-06 -0.0 
