HIERARCHY
ROOT Root
{
  OFFSET 0.0 0.0 0.0
  CHANNELS 6 Xposition Yposition Zposition Zrotation Yrotation Xrotation
  JOINT Hips
  {
    OFFSET 0.0 100.0 0.0
    CHANNELS 6 Xposition Yposition Zposition Zrotation Yrotation Xrotation
    JOINT Spine1
    {
      OFFSET 5.003913 -0.037094 -0.013727
      CHANNELS 3 Zrotation Yrotation Xrotation
      JOINT Spine2
      {
        OFFSET 7.125363 -1e-06 0.0
        CHANNELS 3 Zrotation Yrotation Xrotation
        JOINT Chest
        {
          OFFSET 7.594027 1e-06 0.0
          CHANNELS 3 Zrotation Yrotation Xrotation
          JOINT Neck1
          {
            OFFSET 26.313086 -0.460272 -0.181672
            CHANNELS 3 Zrotation Yrotation Xrotation
            JOINT Neck2
            {
              OFFSET 8.045911 0.0 0.0
              CHANNELS 3 Zrotation Yrotation Xrotation
              JOINT Head
              {
                OFFSET 6.432774 0.0 0.0
                CHANNELS 3 Zrotation Yrotation Xrotation
                JOINT HeadEnd
                {
                  OFFSET 16.169773 0.06451 0.00362
                  CHANNELS 3 Zrotation Yrotation Xrotation
                }
                JOINT Jaw
                {
                  OFFSET 0.108741 3.12938 0.002639
                  CHANNELS 3 Zrotation Yrotation Xrotation
                }
                JOINT LeftEye
                {
                  OFFSET 4.45173 8.166359 3.206392
                  CHANNELS 3 Zrotation Yrotation Xrotation
                }
                JOINT RightEye
                {
                  OFFSET 4.436895 8.135758 -3.222429
                  CHANNELS 3 Zrotation Yrotation Xrotation
                }
              }
            }
          }
          JOINT LeftShoulder
          {
            OFFSET 23.218927 5.195579 1.621656
            CHANNELS 3 Zrotation Yrotation Xrotation
            JOINT LeftArm
            {
              OFFSET 15.902118 2e-06 -2e-06
              CHANNELS 3 Zrotation Yrotation Xrotation
              JOINT LeftForeArm
              {
                OFFSET 28.739307 0.0 -1e-06
                CHANNELS 3 Zrotation Yrotation Xrotation
                JOINT LeftHand
                {
                  OFFSET 27.093981 -4e-06 0.0
                  CHANNELS 3 Zrotation Yrotation Xrotation
                  JOINT LeftHandThumb1
                  {
                    OFFSET 2.276781 3.380274 0.83384
                    CHANNELS 3 Zrotation Yrotation Xrotation
                    JOINT LeftHandThumb2
                    {
                      OFFSET 4.705309 -1e-06 -1e-06
                      CHANNELS 3 Zrotation Yrotation Xrotation
                      JOINT LeftHandThumb3
                      {
                        OFFSET 2.798515 0.0 3e-06
                        CHANNELS 3 Zrotation Yrotation Xrotation
                        JOINT LeftHandThumbEnd
                        {
                          OFFSET 3.180793 4e-06 -4e-06
                          CHANNELS 3 Zrotation Yrotation Xrotation
                        }
                      }
                    }
                  }
                  JOINT LeftHandIndex1
                  {
                    OFFSET 3.247786 2.352677 0.137192
                    CHANNELS 3 Zrotation Yrotation Xrotation
                    JOINT LeftHandIndex2
                    {
                      OFFSET 6.367095 1e-06 0.0
                      CHANNELS 3 Zrotation Yrotation Xrotation
                      JOINT LeftHandIndex3
                      {
                        OFFSET 3.662364 0.0 0.0
                        CHANNELS 3 Zrotation Yrotation Xrotation
                        JOINT LeftHandIndex4
                        {
                          OFFSET 2.329242 4e-06 -4e-06
                          CHANNELS 3 Zrotation Yrotation Xrotation
                          JOINT LeftHandIndexEnd
                          {
                            OFFSET 2.767823 1e-06 0.0
                            CHANNELS 3 Zrotation Yrotation Xrotation
                          }
                        }
                      }
                    }
                  }
                  JOINT LeftHandMiddle1
                  {
                    OFFSET 3.163612 0.945023 -0.406112
                    CHANNELS 3 Zrotation Yrotation Xrotation
                    JOINT LeftHandMiddle2
                    {
                      OFFSET 6.276789 3e-06 0.0
                      CHANNELS 3 Zrotation Yrotation Xrotation
                      JOINT LeftHandMiddle3
                      {
                        OFFSET 4.35652 -1e-06 4e-06
                        CHANNELS 3 Zrotation Yrotation Xrotation
                        JOINT LeftHandMiddle4
                        {
                          OFFSET 2.996877 0.0 8e-06
                          CHANNELS 3 Zrotation Yrotation Xrotation
                          JOINT LeftHandMiddleEnd
                          {
                            OFFSET 2.323256 3e-06 -4e-06
                            CHANNELS 3 Zrotation Yrotation Xrotation
                          }
                        }
                      }
                    }
                  }
                  JOINT LeftHandRing1
                  {
                    OFFSET 2.882606 -0.309162 0.107445
                    CHANNELS 3 Zrotation Yrotation Xrotation
                    JOINT LeftHandRing2
                    {
                      OFFSET 6.033198 0.0 4e-06
                      CHANNELS 3 Zrotation Yrotation Xrotation
                      JOINT LeftHandRing3
                      {
                        OFFSET 4.350578 3e-06 0.0
                        CHANNELS 3 Zrotation Yrotation Xrotation
                        JOINT LeftHandRing4
                        {
                          OFFSET 2.651321 2e-06 -7e-06
                          CHANNELS 3 Zrotation Yrotation Xrotation
                          JOINT LeftHandRingEnd
                          {
                            OFFSET 1.937663 1e-06 -4e-06
                            CHANNELS 3 Zrotation Yrotation Xrotation
                          }
                        }
                      }
                    }
                  }
                  JOINT LeftHandPinky1
                  {
                    OFFSET 2.865315 -1.525436 0.575687
                    CHANNELS 3 Zrotation Yrotation Xrotation
                    JOINT LeftHandPinky2
                    {
                      OFFSET 5.54936 1e-06 -8e-06
                      CHANNELS 3 Zrotation Yrotation Xrotation
                      JOINT LeftHandPinky3
                      {
                        OFFSET 3.070974 0.0 -4e-06
                        CHANNELS 3 Zrotation Yrotation Xrotation
                        JOINT LeftHandPinky4
                        {
                          OFFSET 1.549672 1e-06 0.0
                          CHANNELS 3 Zrotation Yrotation Xrotation
                          JOINT LeftHandPinkyEnd
                          {
                            OFFSET 1.952123 0.0 0.0
                            CHANNELS 3 Zrotation Yrotation Xrotation
                          }
                        }
                      }
                    }
                  }
                }
              }
            }
          }
          JOINT RightShoulder
          {
            OFFSET 23.161716 5.296122 -1.380114
            CHANNELS 3 Zrotation Yrotation Xrotation
            JOINT RightArm
            {
              OFFSET -16.027195 -2e-06 1.1e-05
              CHANNELS 3 Zrotation Yrotation Xrotation
              JOINT RightForeArm
              {
                OFFSET -28.736639 4e-06 2e-06
                CHANNELS 3 Zrotation Yrotation Xrotation
                JOINT RightHand
                {
                  OFFSET -27.133619 6e-06 0.0
                  CHANNELS 3 Zrotation Yrotation Xrotation
                  JOINT RightHandThumb1
                  {
                    OFFSET -2.274328 -3.351035 -0.83067
                    CHANNELS 3 Zrotation Yrotation Xrotation
                    JOINT RightHandThumb2
                    {
                      OFFSET -4.703594 -3e-06 2e-06
                      CHANNELS 3 Zrotation Yrotation Xrotation
                      JOINT RightHandThumb3
                      {
                        OFFSET -2.794935 -4e-06 -3e-06
                        CHANNELS 3 Zrotation Yrotation Xrotation
                        JOINT RightHandThumbEnd
                        {
                          OFFSET -3.183852 4e-06 1e-06
                          CHANNELS 3 Zrotation Yrotation Xrotation
                        }
                      }
                    }
                  }
                  JOINT RightHandIndex1
                  {
                    OFFSET -3.253496 -2.33755 -0.127667
                    CHANNELS 3 Zrotation Yrotation Xrotation
                    JOINT RightHandIndex2
                    {
                      OFFSET -6.344434 0.0 0.0
                      CHANNELS 3 Zrotation Yrotation Xrotation
                      JOINT RightHandIndex3
                      {
                        OFFSET -3.654871 0.0 -8e-06
                        CHANNELS 3 Zrotation Yrotation Xrotation
                        JOINT RightHandIndex4
                        {
                          OFFSET -2.327586 -1e-06 0.0
                          CHANNELS 3 Zrotation Yrotation Xrotation
                          JOINT RightHandIndexEnd
                          {
                            OFFSET -2.770001 3e-06 8e-06
                            CHANNELS 3 Zrotation Yrotation Xrotation
                          }
                        }
                      }
                    }
                  }
                  JOINT RightHandMiddle1
                  {
                    OFFSET -3.168223 -0.944764 0.411762
                    CHANNELS 3 Zrotation Yrotation Xrotation
                    JOINT RightHandMiddle2
                    {
                      OFFSET -6.266691 -1e-06 -4e-06
                      CHANNELS 3 Zrotation Yrotation Xrotation
                      JOINT RightHandMiddle3
                      {
                        OFFSET -4.348901 0.0 0.0
                        CHANNELS 3 Zrotation Yrotation Xrotation
                        JOINT RightHandMiddle4
                        {
                          OFFSET -3.00024 2e-06 -4e-06
                          CHANNELS 3 Zrotation Yrotation Xrotation
                          JOINT RightHandMiddleEnd
                          {
                            OFFSET -2.321477 -4e-06 -4e-06
                            CHANNELS 3 Zrotation Yrotation Xrotation
                          }
                        }
                      }
                    }
                  }
                  JOINT RightHandRing1
                  {
                    OFFSET -2.885654 0.293261 -0.119232
                    CHANNELS 3 Zrotation Yrotation Xrotation
                    JOINT RightHandRing2
                    {
                      OFFSET -6.032835 -1e-06 -4e-06
                      CHANNELS 3 Zrotation Yrotation Xrotation
                      JOINT RightHandRing3
                      {
                        OFFSET -4.33881 0.0 -4e-06
                        CHANNELS 3 Zrotation Yrotation Xrotation
                        JOINT RightHandRing4
                        {
                          OFFSET -2.654903 -4e-06 -4e-06
                          CHANNELS 3 Zrotation Yrotation Xrotation
                          JOINT RightHandRingEnd
                          {
                            OFFSET -1.935122 0.0 4e-06
                            CHANNELS 3 Zrotation Yrotation Xrotation
                          }
                        }
                      }
                    }
                  }
                  JOINT RightHandPinky1
                  {
                    OFFSET -2.866241 1.503904 -0.60527
                    CHANNELS 3 Zrotation Yrotation Xrotation
                    JOINT RightHandPinky2
                    {
                      OFFSET -5.553177 -2e-06 0.0
                      CHANNELS 3 Zrotation Yrotation Xrotation
                      JOINT RightHandPinky3
                      {
                        OFFSET -3.062664 -1e-06 -4e-06
                        CHANNELS 3 Zrotation Yrotation Xrotation
                        JOINT RightHandPinky4
                        {
                          OFFSET -1.546529 2e-06 4e-06
                          CHANNELS 3 Zrotation Yrotation Xrotation
                          JOINT RightHandPinkyEnd
                          {
                            OFFSET -1.952341 0.0 -4e-06
                            CHANNELS 3 Zrotation Yrotation Xrotation
                          }
                        }
                      }
                    }
                  }
                }
              }
            }
          }
        }
      }
    }
    JOINT LeftLeg
    {
      OFFSET -8.443107 2.567604 10.043214
      CHANNELS 3 Zrotation Yrotation Xrotation
      JOINT LeftShin
      {
        OFFSET 43.229198 1e-06 -1e-06
        CHANNELS 3 Zrotation Yrotation Xrotation
        JOINT LeftFoot
        {
          OFFSET 42.298611 1e-06 1e-06
          CHANNELS 3 Zrotation Yrotation Xrotation
          JOINT LeftToeBase
          {
            OFFSET 14.165858 1e-06 0.0
            CHANNELS 3 Zrotation Yrotation Xrotation
            JOINT LeftToeEnd
            {
              OFFSET 6.7141 -0.234461 0.0
              CHANNELS 3 Zrotation Yrotation Xrotation
            }
          }
        }
      }
    }
    JOINT RightLeg
    {
      OFFSET -8.303923 2.592729 -10.047278
      CHANNELS 3 Zrotation Yrotation Xrotation
      JOINT RightShin
      {
        OFFSET -43.369682 0.0 1e-06
        CHANNELS 3 Zrotation Yrotation Xrotation
        JOINT RightFoot
        {
          OFFSET -42.260784 4e-06 2e-06
          CHANNELS 3 Zrotation Yrotation Xrotation
          JOINT RightToeBase
          {
            OFFSET -14.222245 -2e-06 -1e-06
            CHANNELS 3 Zrotation Yrotation Xrotation
            JOINT RightToeEnd
            {
              OFFSET -6.660062 0.232574 -2e-06
              CHANNELS 3 Zrotation Yrotation Xrotation
            }
          }
        }
      }
    }
  }
}
MOTION
Frames: 270
Frame Time: 0.03333333333333333
0.0 0.0 0.0 0.0 -0.0 0.0 -5.03927 100.476944 -1.797185 91.65377 6.215292 89.513756 -2.190678 -0.943723 -0.019003 -11.345258 -0.724038 0.744328 17.762562 -1.63109 -1.34433 24.53907 -0.090619 2.410068 -2.490934 -0.631753 -1.115404 -24.545681 0.618218 -1.806597 6e-06 0.0 0.0 0.003319 0.007507 -0.045248 -0.054683 0.100068 -0.02328 -0.022897 -0.087975 -0.059191 -115.131554 -72.618202 126.368797 33.665104 -66.165329 -1.080561 22.574842 0.259646 0.044412 -0.435925 1.140319 15.096191 17.636627 -26.322733 52.411205 -19.466656 -14.395598 29.410389 -0.0 -8.774822 -2e-06 16.351362 -17.999735 5.779954 -0.609776 -1.795653 -3.889328 -4.807089 -11.046809 -2.937851 3e-06 -20.976015 1e-06 -5.019973 -25.033552 -4.03188 6e-06 1e-06 1e-06 -10.634533 -5.686971 -3.565588 10.573272 -17.922947 -3.113901 2e-06 -13.821208 3e-06 -0.50178 -31.181505 -4.027014 -11.401249 -59.52729 7.178569 -13.982714 -7.150198 -2.875044 13.772729 -8.401489 -3.218243 0.34773 -34.211544 0.771656 -0.963033 -17.73337 2.621021 0.0 -0.0 0.0 -17.346422 -20.095217 -4.201783 21.757559 -1.638373 3.866429 0.0 -6.338822 -0.0 -1.697593 -22.59174 -6.194005 -0.0 -4e-06 -2e-06 30.608547 -69.526291 164.442352 36.764332 -55.191338 5.120042 18.452129 -0.251833 -0.09282 -5.634278 0.672501 19.122866 22.182112 -20.375887 49.933311 -16.701811 -16.743528 28.476522 -3e-06 -12.6906 1e-06 16.283081 -17.321024 2.389987 -0.10592 -1.513857 -4.275883 -5.039041 -5.612871 -2.95355 3e-06 -11.020523 -1e-06 -6.111298 -15.89533 -3.840471 0.0 -0.0 1e-06 -10.283369 -5.680288 -4.34184 11.028292 -11.302405 -2.372633 -1.38427 -14.238581 -6.320117 -0.625438 -26.924187 -3.8276 -4.117578 -49.873497 -3.947966 -13.708522 -7.363475 -3.720941 18.141148 -14.052738 -3.242675 6e-06 -18.787268 -1e-06 -0.429711 -8.456044 2.555505 0.0 0.0 -1e-06 -15.923532 -20.094481 -5.473586 30.419205 -7.190823 1.735927 2e-06 -8.162922 -1e-06 -1.8619 -22.861467 -6.167942 -0.0 -0.0 -0.0 -176.530518 -0.131306 -4.587839 9.660692 -0.022804 0.020067 -73.9049 -0.371074 -1.917039 -7.168407 1.595372 2.115789 -0.999999 0.0 -0.0 0.445123 -3.879945 0.586547 14.545129 -0.006606 -0.004962 -76.733093 -0.304583 -5.100494 -7.594484 0.744452 1.633007 -1.000003 0.0 0.0 
0.0 0.0 0.0 0.0 -0.0 0.0 -4.85512 100.518585 -1.770576 91.586212 6.085913 89.463165 -2.135129 -0.945153 -0.037271 -11.327806 -0.691444 0.800632 17.670563 -1.602278 -1.346339 24.650335 -0.112113 2.403212 -2.455218 -0.623697 -1.114122 -24.547195 0.588272 -1.914763 6e-06 0.0 0.0 0.001321 0.008632 -0.004748 -0.041579 0.101084 0.018218 -0.015066 -0.086342 -0.020173 -114.687073 -72.617867 125.957703 34.018116 -66.19175 -1.567406 22.605492 0.154418 -0.007466 -0.474918 1.095443 15.265806 17.636627 -26.322733 52.411182 -19.46666 -14.395597 29.410385 -0.0 -8.774821 -4e-06 16.377264 -17.996477 5.772154 -0.609776 -1.795652 -3.889328 -4.807089 -11.046811 -2.937848 5e-06 -20.976019 2e-06 -5.019969 -25.03356 -4.031879 5e-06 1e-06 1e-06 -10.634533 -5.686969 -3.565585 10.573272 -17.922947 -3.113901 3e-06 -13.821206 3e-06 -0.501778 -31.181498 -4.027011 -11.475515 -59.580254 7.345028 -13.982712 -7.150197 -2.875041 13.772727 -8.40149 -3.218242 0.347735 -34.211552 0.771655 -0.963028 -17.733372 2.621019 -1e-06 3e-06 0.0 -17.346416 -20.095215 -4.201783 21.757557 -1.638376 3.866427 1e-06 -6.338822 -1e-06 -1.697589 -22.591742 -6.194006 -1e-06 -5e-06 -1e-06 30.588995 -69.714264 164.475555 36.61898 -55.333595 5.145955 18.465246 -0.226327 -0.093248 -5.593882 0.690045 18.813955 22.182114 -20.375895 49.933308 -16.701813 -16.74353 28.47653 -4e-06 -12.690601 -1e-06 16.321995 -17.324272 2.358744 -0.10592 -1.513856 -4.275879 -5.03904 -5.612871 -2.953557 4e-06 -11.020523 1e-06 -6.111299 -15.895332 -3.840469 -1e-06 0.0 2e-06 -10.283368 -5.680288 -4.341839 11.028294 -11.302406 -2.372637 -1.38427 -14.238581 -6.320117 -0.62544 -26.924187 -3.827599 -4.130643 -49.973724 -3.929729 -13.708524 -7.363475 -3.72094 18.141146 -14.052739 -3.242674 4e-06 -18.787271 -1e-06 -0.429713 -8.456045 2.555505 -1e-06 1e-06 0.0 -15.923536 -20.094484 -5.473581 30.41921 -7.190825 1.735928 3e-06 -8.162927 -2e-06 -1.861902 -22.861473 -6.167941 -0.0 -3e-06 -0.0 -176.854767 -0.121986 -4.611719 10.029736 -0.011729 0.066512 -73.90242 -0.444506 -1.897952 -7.17489 1.616568 2.121655 -0.999999 0.0 -0.0 0.310629 -3.924592 0.665311 14.546637 -0.006983 -0.00451 -76.506989 -0.305617 -5.114072 -7.632998 0.720207 1.633464 -1.000002 0.0 -0.0 
0.0 0.0 0.0 0.0 -0.0 0.0 -4.623796 100.531731 -1.742613 91.554573 5.938902 89.391281 -2.088889 -0.965669 -0.043766 -11.320736 -0.677915 0.846005 17.645296 -1.58546 -1.319608 24.744579 -0.097996 2.417411 -2.461948 -0.608445 -1.147103 -24.496193 0.586263 -2.002423 6e-06 -0.0 0.0 -0.001795 0.00871 0.006815 -0.055685 0.098651 0.030722 -0.029051 -0.083818 -0.010187 -114.222206 -72.60643 125.476875 34.213188 -66.240311 -1.844348 22.739073 0.086532 -0.055627 -0.559967 0.988849 15.379733 17.636633 -26.322723 52.411182 -19.46666 -14.395596 29.410381 -0.0 -8.774821 -4e-06 16.4123 -18.036106 5.775001 -0.609776 -1.795653 -3.889326 -4.80709 -11.046811 -2.937851 3e-06 -20.976019 1e-06 -5.01997 -25.033558 -4.031883 5e-06 1e-06 -1e-06 -10.634537 -5.686971 -3.565587 10.573271 -17.922951 -3.113897 2e-06 -13.821209 1e-06 -0.501781 -31.181505 -4.027013 -11.579349 -59.636536 7.431543 -13.982716 -7.150199 -2.875038 13.772729 -8.401491 -3.218242 0.347735 -34.211555 0.771651 -0.963031 -17.733372 2.621019 -0.0 1e-06 0.0 -17.346424 -20.095217 -4.201776 21.757563 -1.638374 3.866426 1e-06 -6.338823 0.0 -1.697591 -22.591745 -6.194007 -1e-06 -4e-06 -2e-06 30.498318 -69.906075 164.577133 36.543755 -55.474052 4.999856 18.483622 -0.219755 -0.102555 -5.560411 0.785433 18.690567 22.182114 -20.375895 49.933319 -16.701811 -16.743526 28.476522 -1e-06 -12.6906 -0.0 16.348934 -17.303219 2.336546 -0.105919 -1.513856 -4.275879 -5.039041 -5.612873 -2.953553 2e-06 -11.020527 -2e-06 -6.1113 -15.895338 -3.840471 -0.0 -0.0 0.0 -10.283369 -5.680291 -4.341838 11.028291 -11.302405 -2.372634 -1.384271 -14.238583 -6.320119 -0.625443 -26.924194 -3.827601 -4.117464 -49.975563 -3.954353 -13.708525 -7.363478 -3.720936 18.141146 -14.052738 -3.242672 4e-06 -18.787271 -2e-06 -0.429713 -8.456045 2.555503 -1e-06 -0.0 -1e-06 -15.923536 -20.094486 -5.473583 30.41921 -7.190823 1.735929 2e-06 -8.162929 -1e-06 -1.861905 -22.861471 -6.16794 -0.0 -5e-06 -3e-06 -177.209885 -0.042841 -4.647025 10.424558 -0.007666 0.087559 -74.007126 -0.530033 -1.811678 -7.152569 1.626024 2.127985 -0.999999 -0.0 -0.0 0.176689 -4.09018 0.715794 14.606498 -0.002493 -0.00844 -76.45993 -0.257217 -5.253528 -7.605138 0.707142 1.633688 -1.000003 -0.0 -0.0 
0.0 0.0 0.0 0.0 -0.0 0.0 -4.404182 100.539719 -1.717737 91.524857 5.762588 89.321205 -2.035156 -0.992241 -0.039548 -11.317068 -0.664745 0.890161 17.657848 -1.569141 -1.264958 24.810966 -0.08118 2.423306 -2.48027 -0.604626 -1.158208 -24.515551 0.638143 -2.097015 6e-06 -0.0 -0.0 -0.003196 0.008155 0.00755 -0.075575 0.096088 0.03193 -0.049107 -0.082408 -0.010608 -113.815155 -72.58667 125.058594 34.314713 -66.269257 -1.851094 23.006847 0.074347 -0.076423 -0.609086 0.916525 15.462125 17.636627 -26.322725 52.411179 -19.466661 -14.395596 29.410389 -0.0 -8.77482 -4e-06 16.413549 -18.033979 5.785699 -0.609777 -1.795653 -3.889328 -4.807087 -11.046809 -2.93785 4e-06 -20.976015 3e-06 -5.01997 -25.033552 -4.031878 7e-06 2e-06 -0.0 -10.634532 -5.68697 -3.565587 10.573272 -17.922947 -3.113899 4e-06 -13.821206 1e-06 -0.50178 -31.181498 -4.027012 -11.634795 -59.678825 7.465454 -13.982712 -7.150198 -2.875041 13.772727 -8.401489 -3.218239 0.347732 -34.211544 0.771656 -0.963031 -17.733368 2.621023 -0.0 -1e-06 0.0 -17.346418 -20.095215 -4.201781 21.757557 -1.638376 3.866425 1e-06 -6.338823 1e-06 -1.697589 -22.591742 -6.194003 -1e-06 -4e-06 -0.0 30.430399 -70.093277 164.648956 36.511768 -55.622463 4.900515 18.5462 -0.179037 -0.106935 -5.534742 0.878129 18.646183 22.182112 -20.375891 49.933319 -16.701811 -16.74353 28.476528 -4e-06 -12.6906 -1e-06 16.352669 -17.274832 2.33676 -0.105919 -1.513854 -4.275881 -5.03904 -5.612872 -2.953557 3e-06 -11.020523 -0.0 -6.111299 -15.89533 -3.840469 0.0 -1e-06 -1e-06 -10.283368 -5.680286 -4.341841 11.028294 -11.302404 -2.372633 -1.384268 -14.238581 -6.320121 -0.62544 -26.924187 -3.827599 -4.122455 -49.909107 -3.946534 -13.708525 -7.363476 -3.720938 18.14115 -14.052737 -3.242675 6e-06 -18.78727 -0.0 -0.429711 -8.456041 2.555503 -2e-06 0.0 0.0 -15.923532 -20.094482 -5.473588 30.41921 -7.190824 1.735927 2e-06 -8.162926 -1e-06 -1.861902 -22.861469 -6.167944 -1e-06 -2e-06 -1e-06 -177.584702 0.038392 -4.704111 10.795509 -0.006032 0.09431 -74.127701 -0.62453 -1.721127 -7.130311 1.625052 2.129672 -0.999999 -0.0 0.0 -0.0362 -4.193898 0.708854 14.634812 0.001712 -0.022618 -76.401962 -0.191276 -5.372023 -7.561821 0.69651 1.632311 -1.000002 -0.0 -0.0 
0.0 0.0 0.0 0.0 -0.0 0.0 -4.198942 100.545624 -1.701964 91.493103 5.53803 89.301163 -1.984618 -1.014616 -0.021764 -11.309002 -0.649836 0.931151 17.697508 -1.566424 -1.203405 24.824661 -0.030744 2.417116 -2.490658 -0.603319 -1.13685 -24.62417 0.728907 -2.204558 6e-06 -0.0 -0.0 -0.000461 0.007702 0.005816 -0.07967 0.095833 0.030963 -0.055615 -0.08286 -0.01362 -113.407089 -72.552132 124.638481 34.377918 -66.27668 -1.72113 23.367083 0.069372 -0.076056 -0.601372 0.889698 15.56864 17.636631 -26.322725 52.411186 -19.46666 -14.395597 29.410389 -0.0 -8.774822 -3e-06 16.369265 -17.999363 5.81767 -0.609776 -1.795653 -3.889328 -4.807089 -11.04681 -2.937851 5e-06 -20.976015 -0.0 -5.01997 -25.033556 -4.031881 6e-06 1e-06 0.0 -10.634535 -5.686972 -3.565589 10.573275 -17.922951 -3.113903 4e-06 -13.821212 -1e-06 -0.501778 -31.181511 -4.027017 -11.637925 -59.685513 7.483093 -13.982715 -7.150198 -2.875041 13.772729 -8.401491 -3.218241 0.347737 -34.211552 0.771651 -0.963029 -17.733372 2.62102 2e-06 -0.0 0.0 -17.346422 -20.095217 -4.201783 21.757563 -1.638377 3.866428 1e-06 -6.338823 -1e-06 -1.69759 -22.591747 -6.194006 -1e-06 -4e-06 -1e-06 30.411922 -70.279327 164.670685 36.526592 -55.767391 4.869947 18.658493 -0.133685 -0.104004 -5.500789 0.952672 18.612167 22.182114 -20.375893 49.933319 -16.701811 -16.743525 28.476528 -4e-06 -12.690598 -1e-06 16.33662 -17.247154 2.354878 -0.10592 -1.513858 -4.275877 -5.039039 -5.61287 -2.953556 4e-06 -11.020521 -4e-06 -6.111296 -15.89533 -3.84047 -0.0 -0.0 -0.0 -10.283369 -5.680289 -4.341837 11.028293 -11.302404 -2.372636 -1.384268 -14.238578 -6.320119 -0.625436 -26.924183 -3.827604 -4.134708 -49.828621 -3.923224 -13.708522 -7.363476 -3.720938 18.141146 -14.052739 -3.242674 6e-06 -18.78727 -1e-06 -0.42971 -8.456045 2.555502 -1e-06 2e-06 -1e-06 -15.923532 -20.094482 -5.473585 30.419205 -7.190826 1.735927 4e-06 -8.162925 -1e-06 -1.861902 -22.861464 -6.16794 0.0 -2e-06 -1e-06 -178.009903 0.113627 -4.730204 11.145481 -0.007961 0.092129 -74.256111 -0.698713 -1.629269 -7.100135 1.617014 2.127617 -0.999999 -0.0 -0.0 -0.284055 -4.308321 0.63373 14.6368 0.002799 -0.030042 -76.347473 -0.115163 -5.548079 -7.501699 0.693603 1.632174 -1.000003 -0.0 0.0 
0.0 0.0 0.0 0.0 -0.0 0.0 -3.962896 100.553238 -1.701586 91.455254 5.253713 89.308975 -1.934737 -1.027151 0.002506 -11.30184 -0.627078 0.973465 17.752344 -1.579948 -1.160149 24.819666 0.035685 2.410245 -2.497864 -0.603207 -1.091357 -24.749964 0.850071 -2.297741 6e-06 0.0 0.0 0.000606 0.007779 0.003172 -0.079966 0.097716 0.028703 -0.060517 -0.084137 -0.017114 -112.994362 -72.486679 124.209625 34.391964 -66.264503 -1.441994 23.745792 0.082618 -0.069729 -0.54718 0.839563 15.74066 17.636627 -26.322733 52.41119 -19.466665 -14.395598 29.410389 -0.0 -8.774822 -4e-06 16.294252 -17.965885 5.872409 -0.609775 -1.795654 -3.889328 -4.80709 -11.046813 -2.937852 5e-06 -20.976021 2e-06 -5.019972 -25.03356 -4.03188 6e-06 2e-06 0.0 -10.634534 -5.686972 -3.565587 10.573272 -17.922955 -3.113903 3e-06 -13.821213 1e-06 -0.50178 -31.181507 -4.027013 -11.645144 -59.686428 7.535273 -13.982715 -7.150198 -2.875041 13.772731 -8.401492 -3.218244 0.347735 -34.211555 0.771653 -0.963029 -17.73337 2.621021 1e-06 -1e-06 0.0 -17.346422 -20.095221 -4.201779 21.757561 -1.638375 3.866426 1e-06 -6.338823 -0.0 -1.697592 -22.591747 -6.194006 -1e-06 -3e-06 -4e-06 30.385504 -70.468704 164.708389 36.582928 -55.870846 4.849338 18.832325 -0.114199 -0.097262 -5.447445 1.074871 18.576466 22.182121 -20.3759 49.933327 -16.701818 -16.743528 28.476532 -4e-06 -12.690602 -1e-06 16.322912 -17.228212 2.364502 -0.105919 -1.513857 -4.275877 -5.03904 -5.61287 -2.953556 5e-06 -11.020525 -1e-06 -6.111296 -15.895334 -3.840472 -1e-06 -1e-06 1e-06 -10.283371 -5.680287 -4.341838 11.028296 -11.302407 -2.372633 -1.384267 -14.238581 -6.320125 -0.625436 -26.924192 -3.827602 -4.113651 -49.757996 -3.932247 -13.708525 -7.363476 -3.720942 18.14115 -14.052742 -3.242674 7e-06 -18.787271 -1e-06 -0.429711 -8.456047 2.555506 -1e-06 2e-06 -1e-06 -15.923534 -20.094482 -5.473587 30.41921 -7.190829 1.735927 3e-06 -8.162926 -1e-06 -1.861898 -22.861471 -6.167944 -1e-06 -1e-06 -1e-06 -178.529816 0.202847 -4.708781 11.529624 -0.009428 0.082816 -74.390099 -0.785353 -1.502975 -7.06535 1.607253 2.12572 -1.0 -0.0 0.0 -0.598903 -4.436219 0.51966 14.641966 0.00568 -0.026741 -76.278656 -0.023597 -5.767983 -7.451849 0.695057 1.632652 -1.000001 -0.0 0.0 
0.0 0.0 0.0 0.0 -0.0 0.0 -3.684034 100.560089 -1.714562 91.41613 4.935343 89.351692 -1.863119 -1.0245 0.020657 -11.283542 -0.598999 1.017791 17.793221 -1.602371 -1.109717 24.844238 0.111844 2.399369 -2.509924 -0.607394 -1.025543 -24.923014 0.988465 -2.364679 6e-06 0.0 -0.0 -0.001438 0.007545 -0.000324 -0.084201 0.097195 0.025119 -0.068922 -0.083602 -0.021009 -112.56604 -72.410065 123.760506 34.375416 -66.262527 -1.06414 24.127954 0.114335 -0.05762 -0.461988 0.72781 15.935421 17.636631 -26.322729 52.411198 -19.466663 -14.395598 29.410389 -1e-06 -8.774822 -4e-06 16.220818 -17.931814 5.919716 -0.609778 -1.795654 -3.889328 -4.80709 -11.046811 -2.93785 4e-06 -20.976017 -0.0 -5.019971 -25.033556 -4.031881 7e-06 -0.0 -3e-06 -10.634534 -5.68697 -3.565585 10.573271 -17.922951 -3.113901 3e-06 -13.82121 2e-06 -0.501779 -31.181505 -4.027016 -11.637753 -59.689365 7.584819 -13.982716 -7.150199 -2.87504 13.772731 -8.40149 -3.218244 0.347734 -34.211544 0.77165 -0.963029 -17.73337 2.621019 1e-06 -1e-06 0.0 -17.346422 -20.095219 -4.20178 21.757563 -1.638374 3.866427 1e-06 -6.338823 -0.0 -1.697591 -22.591745 -6.194008 -0.0 -4e-06 -0.0 30.406309 -70.70845 164.685104 36.698093 -56.0107 4.791916 19.025982 -0.099421 -0.092577 -5.346866 1.255175 18.611158 22.182112 -20.375883 49.933296 -16.701813 -16.743528 28.476526 -3e-06 -12.690601 1e-06 16.312914 -17.213346 2.363958 -0.105919 -1.513857 -4.275883 -5.039041 -5.61287 -2.953552 4e-06 -11.020523 -2e-06 -6.111299 -15.89533 -3.840469 -0.0 -0.0 1e-06 -10.283369 -5.680287 -4.341836 11.028292 -11.302402 -2.372635 -1.384269 -14.238575 -6.320118 -0.625436 -26.924183 -3.827604 -4.080914 -49.697395 -3.953204 -13.708523 -7.363475 -3.720937 18.141146 -14.052735 -3.242674 6e-06 -18.787268 -3e-06 -0.429711 -8.456039 2.555502 1e-06 1e-06 0.0 -15.923536 -20.094481 -5.473582 30.419207 -7.190822 1.735927 1e-06 -8.162922 -3e-06 -1.861903 -22.861469 -6.167946 -0.0 0.0 -1e-06 -179.149155 0.309542 -4.66796 12.0123 -0.005094 0.079011 -74.538994 -0.892098 -1.384911 -7.031409 1.594253 2.124187 -0.999999 -0.0 -0.0 -0.980021 -4.587018 0.41277 14.704212 0.010213 -0.019963 -76.204903 0.059523 -6.007267 -7.432238 0.693756 1.631595 -1.000002 0.0 -0.0 
0.0 0.0 0.0 0.0 -0.0 0.0 -3.357162 100.56263 -1.721781 91.381226 4.602629 89.453255 -1.763422 -1.009032 0.031577 -11.251402 -0.57203 1.079959 17.829632 -1.615274 -1.056565 24.903349 0.202898 2.379438 -2.51628 -0.609114 -0.965212 -25.157942 1.12909 -2.407381 6e-06 -0.0 -0.0 -0.001016 0.006842 -0.002425 -0.088769 0.094208 0.022404 -0.075204 -0.081722 -0.022819 -112.12175 -72.354141 123.318604 34.43248 -66.248024 -0.671701 24.525164 0.165809 -0.039771 -0.379951 0.595693 16.098005 17.636629 -26.322731 52.41119 -19.466658 -14.395597 29.410389 -0.0 -8.774821 -2e-06 16.153667 -17.908327 5.955485 -0.609776 -1.795654 -3.889329 -4.807088 -11.046809 -2.937854 5e-06 -20.976015 -1e-06 -5.019969 -25.033558 -4.031881 6e-06 1e-06 -1e-06 -10.634533 -5.68697 -3.565588 10.573272 -17.922949 -3.1139 5e-06 -13.821209 -1e-06 -0.50178 -31.181501 -4.027011 -11.647854 -59.684196 7.62709 -13.982714 -7.150198 -2.875042 13.772727 -8.401491 -3.21824 0.347734 -34.211552 0.771655 -0.963029 -17.733372 2.621019 2e-06 1e-06 0.0 -17.346415 -20.095217 -4.20178 21.757557 -1.638375 3.866428 1e-06 -6.338823 0.0 -1.697588 -22.591745 -6.194006 -2e-06 -2e-06 -2e-06 30.547884 -71.026375 164.549698 36.904671 -56.196785 4.58178 19.258291 -0.079958 -0.095283 -5.195719 1.487507 18.652025 22.182112 -20.375891 49.933327 -16.701813 -16.74353 28.476534 -3e-06 -12.690601 -0.0 16.310492 -17.198566 2.364041 -0.10592 -1.513855 -4.275884 -5.039041 -5.612871 -2.953556 3e-06 -11.02052 -1e-06 -6.111299 -15.89533 -3.840474 -0.0 -0.0 2e-06 -10.28337 -5.680288 -4.341839 11.028293 -11.302402 -2.372634 -1.38427 -14.238577 -6.32012 -0.625439 -26.924181 -3.827601 -4.046437 -49.654003 -3.973822 -13.708524 -7.363477 -3.720941 18.14115 -14.052734 -3.242674 4e-06 -18.787266 -2e-06 -0.429714 -8.456041 2.555504 1e-06 0.0 -1e-06 -15.923536 -20.094482 -5.473586 30.41921 -7.190823 1.735926 2e-06 -8.162925 -2e-06 -1.861903 -22.861464 -6.167943 1e-06 -3e-06 -1e-06 -179.853928 0.448258 -4.5728 12.630392 0.001316 0.083924 -74.719246 -1.058232 -1.279609 -6.963353 1.582268 2.124102 -0.999997 0.0 -0.0 -1.437002 -4.775358 0.285339 14.889425 0.013705 -0.015124 -76.140778 0.141819 -6.22975 -7.415876 0.683193 1.629054 -1.000002 -0.0 -0.0 
0.0 0.0 0.0 0.0 -0.0 0.0 -2.973205 100.543938 -1.722106 91.360291 4.276723 89.620483 -1.633249 -0.995693 0.038083 -11.204228 -0.552099 1.148694 17.868206 -1.612636 -1.013471 24.993286 0.315155 2.37039 -2.510159 -0.616142 -0.915442 -25.446924 1.271546 -2.476639 6e-06 0.0 0.0 0.004066 0.006044 -0.000244 -0.087835 0.09036 0.023584 -0.075279 -0.079244 -0.01963 -111.63842 -72.303352 122.86422 34.574036 -66.220932 -0.358094 24.934328 0.191064 -0.024959 -0.289254 0.514682 16.302769 17.636631 -26.322741 52.411205 -19.46666 -14.395598 29.410393 -0.0 -8.774822 -2e-06 16.089827 -17.911535 5.997505 -0.609778 -1.795653 -3.889327 -4.807088 -11.04681 -2.937852 5e-06 -20.976015 1e-06 -5.01997 -25.033556 -4.031879 5e-06 1e-06 -0.0 -10.634535 -5.686971 -3.565588 10.573272 -17.922949 -3.113899 5e-06 -13.821209 1e-06 -0.501777 -31.181501 -4.027016 -11.722246 -59.673534 7.70328 -13.982714 -7.150198 -2.875041 13.77273 -8.40149 -3.218246 0.347736 -34.211544 0.771655 -0.96303 -17.73337 2.621022 1e-06 1e-06 0.0 -17.346416 -20.095217 -4.201784 21.757559 -1.638375 3.866426 2e-06 -6.338823 1e-06 -1.697589 -22.591745 -6.194005 0.0 -2e-06 -1e-06 30.804714 -71.387604 164.304718 37.189804 -56.385601 4.275592 19.548527 -0.053447 -0.101016 -5.006156 1.744325 18.624699 22.182119 -20.375902 49.933327 -16.701822 -16.74353 28.476538 -5e-06 -12.690603 0.0 16.319304 -17.181581 2.363925 -0.105918 -1.513856 -4.275882 -5.039041 -5.612872 -2.953557 6e-06 -11.020528 -3e-06 -6.111295 -15.895338 -3.840474 -0.0 -0.0 -0.0 -10.283372 -5.680288 -4.34184 11.028297 -11.302409 -2.372637 -1.384267 -14.238585 -6.320121 -0.625437 -26.924198 -3.8276 -4.021668 -49.632374 -3.993441 -13.708527 -7.363477 -3.720939 18.141157 -14.052746 -3.242676 9e-06 -18.787275 -1e-06 -0.429711 -8.456043 2.555504 -0.0 1e-06 -1e-06 -15.923536 -20.094486 -5.473591 30.419222 -7.190834 1.735927 3e-06 -8.162927 -2e-06 -1.8619 -22.861473 -6.167939 -1e-06 -4e-06 -1e-06 179.391708 0.642038 -4.441016 13.367949 0.005949 0.085689 -74.987541 -1.22811 -1.147581 -6.887889 1.571384 2.126763 -1.0 -0.0 -0.0 -1.961783 -5.005114 0.185856 15.231381 0.014038 -0.012548 -76.161812 0.155459 -6.467907 -7.37556 0.667206 1.627396 -1.000003 0.0 -0.0 
0.0 0.0 0.0 0.0 -0.0 0.0 -2.514803 100.504562 -1.730913 91.349693 3.975474 89.840981 -1.479641 -0.979143 0.038659 -11.148025 -0.534563 1.211931 17.925619 -1.599946 -0.987563 25.096266 0.429778 2.356155 -2.497215 -0.630572 -0.844858 -25.777536 1.42508 -2.583157 6e-06 -0.0 -0.0 0.007782 0.006176 0.0076 -0.082787 0.084946 0.030616 -0.071166 -0.073361 -0.010655 -111.066719 -72.233543 122.346176 34.818039 -66.21209 -0.229628 25.363361 0.186109 -0.023004 -0.207 0.505054 16.616951 17.636633 -26.322735 52.411201 -19.466665 -14.395598 29.410398 -1e-06 -8.774822 -2e-06 16.042217 -17.93808 6.039608 -0.609777 -1.795654 -3.889329 -4.807087 -11.046813 -2.937853 7e-06 -20.976021 -0.0 -5.019968 -25.03356 -4.031882 6e-06 0.0 -1e-06 -10.634535 -5.686971 -3.565589 10.573277 -17.922953 -3.113901 6e-06 -13.821212 1e-06 -0.501776 -31.181505 -4.027012 -11.805328 -59.669621 7.785244 -13.982715 -7.150198 -2.875044 13.772731 -8.401495 -3.218243 0.347738 -34.211555 0.771653 -0.963029 -17.733372 2.621021 1e-06 1e-06 0.0 -17.346418 -20.095221 -4.201787 21.757561 -1.638378 3.866428 1e-06 -6.338824 -1e-06 -1.697587 -22.591745 -6.194005 -1e-06 -4e-06 -0.0 31.194096 -71.762009 163.914688 37.53397 -56.552803 3.904534 19.902611 -0.026671 -0.103154 -4.79434 2.03832 18.516781 22.182114 -20.375895 49.933319 -16.701815 -16.743526 28.476532 -4e-06 -12.690599 -1e-06 16.33317 -17.172716 2.367026 -0.10592 -1.513856 -4.27588 -5.03904 -5.612869 -2.953558 4e-06 -11.020521 -3e-06 -6.111295 -15.89533 -3.840471 -0.0 0.0 1e-06 -10.283369 -5.680288 -4.341838 11.028294 -11.302403 -2.372637 -1.384268 -14.238579 -6.320118 -0.625436 -26.924187 -3.827602 -4.01862 -49.634682 -3.98698 -13.708524 -7.363476 -3.720939 18.141151 -14.052739 -3.242676 7e-06 -18.787268 -2e-06 -0.42971 -8.456041 2.555506 -1e-06 0.0 -1e-06 -15.923536 -20.094482 -5.473587 30.41921 -7.190829 1.735927 3e-06 -8.162927 -2e-06 -1.861898 -22.861473 -6.167946 1e-06 -3e-06 -0.0 178.606613 0.899779 -4.316687 14.215381 0.007931 0.078543 -75.324814 -1.353742 -0.938501 -6.814652 1.558051 2.130116 -1.0 0.0 -0.0 -2.512367 -5.263231 0.149785 15.684288 0.006189 -0.009554 -76.251915 0.055764 -6.74705 -7.306344 0.660171 1.629717 -1.000002 -0.0 -0.0 
0.0 0.0 0.0 0.0 -0.0 0.0 -1.948058 100.443329 -1.75477 91.383209 3.687107 90.13501 -1.29795 -0.970709 0.047788 -11.079422 -0.519932 1.262636 18.012012 -1.599882 -0.978202 25.200172 0.565844 2.345293 -2.48511 -0.653485 -0.806868 -26.187679 1.579703 -2.724581 6e-06 0.0 0.0 0.011415 0.006858 0.014144 -0.080482 0.077982 0.034834 -0.070287 -0.064913 -0.001368 -110.335442 -72.156509 121.708946 35.275303 -66.228424 -0.367597 25.842031 0.178821 -0.02599 -0.136099 0.519692 16.963346 17.636625 -26.322731 52.41119 -19.46666 -14.395596 29.410389 -0.0 -8.774821 -2e-06 16.016203 -17.961239 6.056087 -0.609777 -1.795654 -3.889326 -4.80709 -11.046811 -2.937849 4e-06 -20.976019 1e-06 -5.019969 -25.03356 -4.031881 6e-06 2e-06 -1e-06 -10.634533 -5.686969 -3.565586 10.573271 -17.922947 -3.113903 4e-06 -13.821206 -2e-06 -0.501776 -31.181498 -4.027014 -11.862941 -59.666592 7.841713 -13.982712 -7.150198 -2.875043 13.772726 -8.401492 -3.218243 0.347734 -34.211555 0.771655 -0.963029 -17.733372 2.62102 1e-06 1e-06 1e-06 -17.346415 -20.095215 -4.201782 21.757555 -1.638374 3.866428 0.0 -6.338822 1e-06 -1.697591 -22.591742 -6.194005 2e-06 -8e-06 -0.0 31.84433 -72.162964 163.248703 37.978371 -56.723679 3.32831 20.340616 -0.021046 -0.101359 -4.56574 2.405386 18.414703 22.182114 -20.375895 49.933327 -16.701813 -16.743528 28.47653 -2e-06 -12.690601 -0.0 16.339756 -17.1877 2.371678 -0.10592 -1.513857 -4.27588 -5.039041 -5.612872 -2.953558 3e-06 -11.020525 -3e-06 -6.1113 -15.895334 -3.840475 -1e-06 -1e-06 1e-06 -10.28337 -5.680289 -4.341838 11.028292 -11.302404 -2.372633 -1.384269 -14.238581 -6.320123 -0.62544 -26.924189 -3.827601 -4.008578 -49.630337 -3.990105 -13.708524 -7.363476 -3.720939 18.141146 -14.052738 -3.242672 5e-06 -18.78727 -1e-06 -0.429713 -8.456044 2.555505 1e-06 2e-06 1e-06 -15.923538 -20.094486 -5.473584 30.419214 -7.190825 1.735928 2e-06 -8.162927 -2e-06 -1.861902 -22.861473 -6.167943 -1e-06 0.0 0.0 177.768494 1.284866 -4.186137 15.179545 0.005936 0.068654 -75.69397 -1.467148 -0.626669 -6.750776 1.551029 2.133631 -0.999999 0.0 0.0 -3.067518 -5.706688 0.11872 16.319229 -0.008382 -0.002385 -76.439178 -0.077005 -7.121939 -7.219513 0.658987 1.634107 -1.000003 -0.0 -0.0 
0.0 0.0 0.0 0.0 -0.0 0.0 -1.289741 100.347885 -1.781474 91.485611 3.42472 90.462273 -1.090336 -0.985555 0.068509 -10.988587 -0.506751 1.302795 18.117689 -1.619306 -0.966156 25.300381 0.703708 2.350187 -2.479688 -0.658091 -0.838905 -26.676971 1.724292 -2.855157 5e-06 -0.0 -0.0 0.018083 0.007642 0.017411 -0.076438 0.070588 0.034168 -0.066478 -0.056082 0.006114 -109.509705 -72.09906 120.996681 35.835033 -66.301781 -0.765552 26.379559 0.168288 -0.034431 -0.048109 0.586942 17.204636 17.636629 -26.322741 52.411205 -19.466663 -14.395598 29.410395 -0.0 -8.774822 -4e-06 15.99528 -17.966322 6.045653 -0.609776 -1.795653 -3.889328 -4.80709 -11.046811 -2.937852 3e-06 -20.976017 2e-06 -5.019972 -25.03356 -4.031878 6e-06 1e-06 -1e-06 -10.634533 -5.68697 -3.565588 10.573272 -17.922949 -3.1139 4e-06 -13.821209 -0.0 -0.50178 -31.181498 -4.027014 -11.86939 -59.643986 7.840996 -13.982712 -7.150198 -2.875044 13.772727 -8.401493 -3.21824 0.347734 -34.211555 0.771656 -0.963031 -17.733372 2.621021 1e-06 -1e-06 -1e-06 -17.346418 -20.095221 -4.201785 21.757557 -1.638375 3.866428 1e-06 -6.338824 -0.0 -1.697588 -22.591749 -6.194007 -1e-06 -2e-06 -1e-06 32.787148 -72.599968 162.280212 38.557426 -56.915466 2.52538 20.860386 -0.02575 -0.096056 -4.329408 2.839133 18.364189 22.182112 -20.3759 49.933338 -16.701813 -16.743528 28.476536 -4e-06 -12.6906 -1e-06 16.334286 -17.228279 2.375857 -0.105918 -1.513856 -4.275881 -5.03904 -5.612871 -2.953556 5e-06 -11.020523 -1e-06 -6.111295 -15.895332 -3.840474 -1e-06 0.0 1e-06 -10.283369 -5.680287 -4.341841 11.028295 -11.302404 -2.372636 -1.384268 -14.238578 -6.320122 -0.625436 -26.924191 -3.827602 -3.988386 -49.607861 -4.000277 -13.708522 -7.363473 -3.720942 18.141148 -14.052739 -3.242674 8e-06 -18.787266 -1e-06 -0.429711 -8.456043 2.555505 0.0 -1e-06 1e-06 -15.923532 -20.094482 -5.473588 30.41921 -7.190827 1.735925 2e-06 -8.162925 -0.0 -1.861901 -22.861469 -6.167939 -0.0 0.0 0.0 176.940536 1.813041 -4.049592 16.185085 0.010141 0.05541 -76.10994 -1.582028 -0.245534 -6.700292 1.550739 2.137264 -1.0 0.0 -0.0 -3.760485 -6.254385 0.160647 17.241615 -0.020718 -0.003911 -76.74765 -0.258295 -7.52028 -7.150378 0.661995 1.639382 -1.000001 0.0 0.0 
0.0 0.0 0.0 0.0 -0.0 0.0 -0.588255 100.219872 -1.789791 91.670036 3.22157 90.793594 -0.860277 -1.038813 0.103154 -10.866706 -0.496511 1.336486 18.226326 -1.643373 -0.953284 25.405838 0.826688 2.368385 -2.485554 -0.647939 -0.945035 -27.219292 1.882972 -3.001567 6e-06 -0.0 0.0 0.025154 0.007776 0.015516 -0.074104 0.065202 0.028694 -0.062203 -0.050842 0.008096 -108.68145 -72.07431 120.324631 36.472759 -66.402809 -1.27507 26.93548 0.184843 -0.036074 0.043412 0.744277 17.331724 17.636631 -26.322725 52.411186 -19.466661 -14.395597 29.410385 -0.0 -8.774822 -3e-06 15.977908 -17.971912 6.036118 -0.609776 -1.795653 -3.889327 -4.807089 -11.046811 -2.937852 4e-06 -20.976019 -0.0 -5.01997 -25.03356 -4.031882 8e-06 1e-06 -2e-06 -10.634536 -5.686971 -3.565585 10.573275 -17.922951 -3.1139 5e-06 -13.82121 -0.0 -0.501777 -31.181505 -4.027017 -11.868413 -59.626076 7.819336 -13.982715 -7.150199 -2.875042 13.772729 -8.401491 -3.218241 0.347733 -34.211555 0.771654 -0.96303 -17.73337 2.621021 1e-06 -0.0 0.0 -17.346422 -20.095219 -4.20178 21.757565 -1.638375 3.866428 1e-06 -6.338823 -1e-06 -1.697589 -22.591749 -6.194007 -1e-06 -2e-06 -1e-06 33.931381 -73.067162 161.12326 39.222469 -57.107979 1.580869 21.43041 -0.017732 -0.090016 -4.078631 3.283023 18.267124 22.182117 -20.375898 49.933327 -16.701817 -16.74353 28.476534 -3e-06 -12.690603 -2e-06 16.321262 -17.282845 2.38907 -0.105919 -1.513857 -4.275883 -5.039041 -5.612871 -2.953555 4e-06 -11.020524 -2e-06 -6.111299 -15.895334 -3.84047 -0.0 -0.0 -1e-06 -10.283371 -5.680288 -4.34184 11.028296 -11.302405 -2.372633 -1.384269 -14.23858 -6.320123 -0.625436 -26.924187 -3.827604 -3.979001 -49.57552 -3.99884 -13.708527 -7.363476 -3.720938 18.141153 -14.052739 -3.242676 6e-06 -18.78727 -1e-06 -0.429712 -8.456045 2.555504 1e-06 0.0 -1e-06 -15.923536 -20.094482 -5.473588 30.419218 -7.190827 1.735929 3e-06 -8.162925 -1e-06 -1.861902 -22.861469 -6.167941 -1e-06 -2e-06 0.0 176.234619 2.470787 -3.910181 17.112062 0.016432 0.031204 -76.547661 -1.718854 0.170918 -6.682966 1.558807 2.14149 -0.999999 0.0 0.0 -4.526414 -6.909344 0.35064 18.47957 -0.031914 -0.010062 -77.181847 -0.537456 -7.874965 -7.109254 0.662167 1.643023 -1.000001 0.0 0.0 
0.0 0.0 0.0 0.0 -0.0 0.0 0.157411 100.064293 -1.778762 91.950981 3.083059 91.107697 -0.614543 -1.157848 0.143002 -10.721873 -0.489502 1.365782 18.351034 -1.678993 -0.924025 25.490154 0.938488 2.362432 -2.495996 -0.62301 -1.06453 -27.751625 2.019071 -3.186436 6e-06 -0.0 0.0 0.030937 0.007098 0.007202 -0.075672 0.060086 0.01642 -0.062114 -0.047572 0.004202 -107.908096 -72.070343 119.701935 36.992973 -66.529938 -1.676573 27.508986 0.221106 -0.037096 0.112939 0.97376 17.353704 17.636637 -26.322737 52.411205 -19.466665 -14.395602 29.410395 -1e-06 -8.774824 -3e-06 15.95006 -17.996864 6.027318 -0.609775 -1.795654 -3.889329 -4.807091 -11.046814 -2.937852 4e-06 -20.976025 2e-06 -5.019973 -25.033566 -4.031883 7e-06 1e-06 -2e-06 -10.634538 -5.686974 -3.565586 10.573277 -17.922955 -3.113903 4e-06 -13.821213 0.0 -0.501777 -31.181511 -4.027019 -11.855558 -59.600704 7.758959 -13.982719 -7.1502 -2.875039 13.772735 -8.401494 -3.218243 0.347735 -34.211563 0.771652 -0.963031 -17.733376 2.621022 2e-06 -0.0 0.0 -17.346424 -20.095224 -4.20178 21.757565 -1.638376 3.866426 1e-06 -6.338824 -1e-06 -1.697591 -22.591755 -6.194008 -0.0 -3e-06 1e-06 35.211937 -73.503159 159.814392 39.943844 -57.289722 0.475352 21.980186 -0.045824 -0.097587 -3.738341 3.734769 18.235243 22.182116 -20.375887 49.933315 -16.70182 -16.74353 28.476532 -4e-06 -12.690605 -1e-06 16.300667 -17.328012 2.411804 -0.105919 -1.513856 -4.275882 -5.039041 -5.612872 -2.953557 4e-06 -11.020524 -2e-06 -6.1113 -15.895334 -3.840472 -0.0 -0.0 -1e-06 -10.283371 -5.680287 -4.341835 11.028297 -11.302406 -2.372636 -1.384268 -14.238582 -6.320124 -0.625436 -26.924192 -3.8276 -3.979981 -49.531242 -3.984654 -13.708527 -7.363476 -3.720939 18.141155 -14.052742 -3.242677 8e-06 -18.78727 -1e-06 -0.42971 -8.456043 2.555502 0.0 -0.0 -2e-06 -15.923539 -20.094482 -5.473583 30.419218 -7.190827 1.735925 3e-06 -8.162927 -2e-06 -1.861897 -22.861469 -6.167946 -1e-06 -2e-06 -1e-06 175.698303 3.277372 -3.760217 17.88261 0.025007 0.00114 -76.974991 -1.885617 0.626746 -6.674666 1.576054 2.146641 -0.999998 0.0 0.0 -5.400145 -7.673069 0.749852 20.108009 -0.047818 -0.006624 -77.675499 -0.977172 -8.195807 -7.119853 0.666882 1.645552 -1.000002 -0.0 -0.0 
0.0 0.0 0.0 0.0 -0.0 0.0 0.906019 99.898186 -1.751943 92.293419 3.010096 91.405067 -0.343538 -1.328763 0.168798 -10.545358 -0.490023 1.379375 18.44433 -1.72904 -0.870692 25.568985 1.033009 2.299383 -2.507049 -0.597456 -1.184767 -28.196896 2.127284 -3.365732 6e-06 0.0 0.0 0.036675 0.007339 0.001395 -0.07494 0.058433 0.005518 -0.061637 -0.045649 0.004191 -107.154808 -72.117867 119.068207 37.382339 -66.719635 -1.940484 27.964293 0.262549 -0.033926 0.202214 1.219642 17.329433 17.636637 -26.322742 52.411209 -19.466665 -14.395602 29.410395 -1e-06 -8.774822 -5e-06 15.910604 -18.03406 6.020244 -0.609776 -1.795654 -3.889327 -4.80709 -11.046813 -2.937853 5e-06 -20.976021 2e-06 -5.019973 -25.03356 -4.031879 5e-06 -2e-06 -1e-06 -10.634537 -5.686971 -3.565586 10.573277 -17.922955 -3.113901 4e-06 -13.821212 0.0 -0.501779 -31.181511 -4.027015 -11.831119 -59.551117 7.688738 -13.982714 -7.150198 -2.875043 13.772731 -8.401493 -3.218242 0.347733 -34.211555 0.771658 -0.963032 -17.733376 2.621023 1e-06 -0.0 0.0 -17.346422 -20.095217 -4.201782 21.757561 -1.638376 3.866428 2e-06 -6.338824 -0.0 -1.697588 -22.591749 -6.194006 -0.0 -3e-06 -2e-06 36.564861 -73.883553 158.395569 40.793854 -57.48423 -0.781755 22.370735 -0.108365 -0.118237 -3.32102 4.048774 18.432079 22.182116 -20.3759 49.933334 -16.701813 -16.74353 28.476532 -4e-06 -12.6906 -1e-06 16.261976 -17.32374 2.436615 -0.105919 -1.513857 -4.275882 -5.039041 -5.612872 -2.953558 4e-06 -11.020523 -4e-06 -6.111296 -15.89533 -3.840472 -0.0 -0.0 1e-06 -10.283368 -5.680288 -4.341841 11.028294 -11.302404 -2.372632 -1.384268 -14.238579 -6.320124 -0.625436 -26.924191 -3.827599 -3.962349 -49.444908 -4.002044 -13.708525 -7.363475 -3.720939 18.14115 -14.052739 -3.242674 6e-06 -18.78727 0.0 -0.429712 -8.456046 2.555505 -1e-06 -0.0 -2e-06 -15.923532 -20.094482 -5.473591 30.41921 -7.190826 1.735926 2e-06 -8.162927 -0.0 -1.861902 -22.861467 -6.167941 2e-06 -0.0 -2e-06 175.348541 4.159568 -3.638621 18.45945 0.032567 -0.022248 -77.351883 -2.013093 1.085052 -6.64394 1.591482 2.150961 -1.0 0.0 0.0 -6.473437 -8.47388 1.361323 22.30932 -0.063652 0.014823 -78.053551 -1.574833 -8.455271 -7.18458 0.691398 1.651507 -1.000003 0.0 0.0 
0.0 0.0 0.0 0.0 -0.0 0.0 1.629506 99.815773 -1.710276 92.594566 3.035381 91.672485 0.021247 -1.473049 0.154936 -10.364989 -0.472511 1.414859 18.544254 -1.800351 -0.853288 25.666744 1.128695 2.260947 -2.416211 -0.616212 -1.354627 -28.668015 2.146352 -3.523741 6e-06 0.0 -0.0 0.057917 0.009266 0.076289 -0.072085 0.070272 0.072055 -0.071964 -0.052133 0.087163 -106.286781 -72.22628 118.307686 37.820652 -66.933823 -2.102804 28.269621 0.335598 -0.025043 0.335046 1.337157 17.497993 17.636629 -26.322741 52.411205 -19.46666 -14.395598 29.410389 -1e-06 -8.774821 -3e-06 15.968616 -18.045721 5.966303 -0.609778 -1.795655 -3.88933 -4.80709 -11.04681 -2.93785 5e-06 -20.976015 2e-06 -5.019971 -25.033556 -4.031878 6e-06 1e-06 -0.0 -10.634535 -5.686972 -3.56559 10.573272 -17.922951 -3.113899 4e-06 -13.821211 1e-06 -0.501778 -31.181501 -4.027012 -11.76372 -59.630894 7.655556 -13.982714 -7.150198 -2.875042 13.772729 -8.401493 -3.218243 0.347735 -34.211555 0.771657 -0.963028 -17.733372 2.62102 1e-06 1e-06 1e-06 -17.346416 -20.095215 -4.20178 21.757557 -1.638375 3.866424 2e-06 -6.338823 -1e-06 -1.697588 -22.591745 -6.194005 -1e-06 -7e-06 -0.0 37.956913 -74.219101 156.936249 41.989868 -57.674301 -2.318816 22.499245 -0.186017 -0.108316 -2.754656 4.239536 18.290401 22.182114 -20.375895 49.933319 -16.701811 -16.74353 28.47653 -3e-06 -12.690601 -3e-06 16.133408 -17.303022 2.484997 -0.10592 -1.513856 -4.275882 -5.039039 -5.61287 -2.953555 4e-06 -11.02052 -2e-06 -6.111296 -15.895328 -3.840468 -0.0 0.0 -1e-06 -10.28337 -5.680288 -4.341836 11.028294 -11.302402 -2.372633 -1.384269 -14.238576 -6.320121 -0.625439 -26.924181 -3.827598 -4.063509 -49.405853 -3.94687 -13.708524 -7.363474 -3.720939 18.141148 -14.052739 -3.242672 6e-06 -18.787266 1e-06 -0.42971 -8.456043 2.555502 0.0 -1e-06 -3e-06 -15.923536 -20.094479 -5.473584 30.41921 -7.190826 1.735926 2e-06 -8.162926 0.0 -1.861899 -22.861467 -6.16794 -0.0 -1e-06 -0.0 175.13765 4.98779 -3.516661 19.005981 0.02742 -0.008264 -77.350418 -2.194444 1.495711 -6.486857 1.600304 2.15232 -0.999998 0.0 0.0 -7.954075 -9.181608 2.16938 25.563681 -0.062779 0.039739 -77.56562 -2.3824 -8.618477 -7.474168 0.724444 1.677645 -1.000003 0.0 -0.0 
0.0 0.0 0.0 0.0 -0.0 0.0 2.309666 99.69519 -1.7891 92.598221 3.103966 91.818977 0.392205 -1.430924 0.096604 -10.0646 -0.450418 1.440144 18.702065 -1.75765 -0.911191 25.56123 1.020988 2.401794 -2.453434 -0.590814 -1.728979 -29.028095 2.157545 -3.705894 6e-06 -0.0 0.0 0.052815 0.006366 0.044532 -0.053265 0.058697 0.04964 -0.047894 -0.047188 0.046717 -105.65226 -72.289398 117.694473 38.243591 -67.134964 -2.577913 28.412102 0.261509 -0.006087 0.518267 1.426157 18.136013 17.636631 -26.322721 52.411182 -19.46666 -14.395594 29.410385 -1e-06 -8.77482 -2e-06 16.079271 -18.038223 5.906563 -0.609776 -1.795653 -3.889326 -4.807088 -11.046809 -2.93785 4e-06 -20.976015 2e-06 -5.01997 -25.033556 -4.031881 6e-06 0.0 0.0 -10.634533 -5.686969 -3.565585 10.573274 -17.922949 -3.113899 5e-06 -13.821206 1e-06 -0.501776 -31.181498 -4.027015 -11.665168 -59.74387 7.580399 -13.982712 -7.150197 -2.875045 13.77273 -8.401493 -3.218242 0.347739 -34.211555 0.771653 -0.96303 -17.73337 2.621022 1e-06 -2e-06 0.0 -17.346415 -20.095213 -4.201785 21.757557 -1.638378 3.866428 2e-06 -6.338822 -1e-06 -1.697588 -22.591742 -6.194002 0.0 -4e-06 -3e-06 38.919147 -74.582306 155.985947 43.620392 -57.678791 -4.554909 22.466883 -0.258607 -0.095894 -2.228539 4.505963 18.024828 22.182112 -20.375895 49.933323 -16.701809 -16.743528 28.476528 -4e-06 -12.6906 -0.0 16.205153 -17.353655 2.416307 -0.105919 -1.513856 -4.275882 -5.03904 -5.61287 -2.953556 4e-06 -11.020523 -2e-06 -6.111298 -15.89533 -3.84047 -0.0 -0.0 -0.0 -10.283369 -5.680287 -4.341838 11.028294 -11.302402 -2.372633 -1.384269 -14.238579 -6.320121 -0.62544 -26.924183 -3.8276 -3.981466 -49.350723 -4.050054 -13.708524 -7.363476 -3.720939 18.141148 -14.052736 -3.242674 4e-06 -18.787268 -0.0 -0.429713 -8.456043 2.555504 -1e-06 -1e-06 -1e-06 -15.923534 -20.094482 -5.473585 30.41921 -7.190824 1.735925 2e-06 -8.162925 -0.0 -1.8619 -22.861465 -6.167942 1e-06 -1e-06 -1e-06 174.85675 5.441593 -3.451222 19.628 0.050149 -0.032998 -77.66198 -2.252186 1.867752 -6.332819 1.54556 2.147963 -0.999998 0.0 0.0 -10.510926 -9.320176 3.04175 30.421093 -0.124296 0.222322 -76.067963 -3.74911 -8.253544 -7.782451 0.736745 1.6832 -1.000002 0.0 0.0 
0.0 0.0 0.0 0.0 -0.0 0.0 2.946217 99.605179 -1.897993 92.385437 3.195148 91.826393 0.873131 -1.265389 0.017665 -9.837278 -0.425365 1.388886 18.872301 -1.645886 -0.864144 25.432104 0.836754 2.44663 -2.462702 -0.56279 -2.082298 -29.321264 2.096627 -3.764631 6e-06 -0.0 -0.0 0.047973 0.009334 0.030569 -0.026766 0.06268 0.04388 -0.024533 -0.045297 0.024226 -105.023247 -72.401443 117.118828 38.753872 -67.213654 -2.910161 28.477577 0.160971 -0.005668 0.6513 1.30667 18.735638 17.636627 -26.322737 52.411213 -19.466663 -14.395598 29.410395 -0.0 -8.774822 -3e-06 16.125546 -18.080986 5.92024 -0.609776 -1.795653 -3.889324 -4.807087 -11.046811 -2.937855 5e-06 -20.976015 0.0 -5.019969 -25.03356 -4.031882 7e-06 2e-06 -1e-06 -10.634534 -5.68697 -3.565588 10.573275 -17.922951 -3.113901 5e-06 -13.821209 -0.0 -0.50178 -31.181505 -4.027012 -11.525709 -59.833576 7.496565 -13.982714 -7.150198 -2.875041 13.772731 -8.401492 -3.218244 0.347737 -34.211555 0.771654 -0.963031 -17.73337 2.621022 1e-06 2e-06 -1e-06 -17.346416 -20.095217 -4.201784 21.757563 -1.638376 3.866428 1e-06 -6.338823 -0.0 -1.697589 -22.591742 -6.194006 -0.0 -1e-06 -0.0 39.837265 -75.020264 155.070999 45.36433 -57.595146 -7.081229 22.469751 -0.378988 -0.09314 -2.00458 4.790473 17.586329 22.182121 -20.375898 49.933327 -16.701818 -16.743534 28.476542 -3e-06 -12.690606 -1e-06 16.210039 -17.40764 2.470669 -0.105919 -1.513857 -4.275884 -5.039042 -5.612873 -2.953557 4e-06 -11.020527 -2e-06 -6.111298 -15.895334 -3.840472 0.0 -0.0 -1e-06 -10.283373 -5.68029 -4.34184 11.028298 -11.302407 -2.372634 -1.384271 -14.238583 -6.32012 -0.625437 -26.924191 -3.827604 -4.090153 -49.491745 -3.89322 -13.708527 -7.363478 -3.720939 18.141155 -14.052742 -3.242679 7e-06 -18.787271 -1e-06 -0.429712 -8.456047 2.555506 -0.0 -1e-06 -1e-06 -15.923539 -20.094486 -5.473586 30.419222 -7.19083 1.735929 5e-06 -8.162927 -2e-06 -1.861902 -22.861469 -6.167944 -1e-06 -2e-06 0.0 174.487427 5.598187 -3.64849 20.437857 0.047356 -0.078713 -77.974991 -2.205701 2.167931 -6.024829 1.525369 2.153993 -0.999999 -0.0 0.0 -13.858215 -9.001493 3.564935 36.087666 -0.163728 0.281608 -74.209618 -4.673884 -7.276955 -8.046824 0.745021 1.685562 -1.000002 0.0 -0.0 
0.0 0.0 0.0 0.0 -0.0 0.0 3.518981 99.483719 -2.033918 92.185577 3.286787 91.771095 1.386293 -1.135537 -0.04703 -9.596336 -0.412623 1.307527 19.051126 -1.572411 -0.871072 25.2346 0.696813 2.498701 -2.465278 -0.539577 -2.305337 -29.626936 2.009525 -3.818868 6e-06 -0.0 -0.0 0.047742 0.011666 0.006337 -0.017562 0.065668 0.02327 -0.013055 -0.044106 -0.004228 -104.431778 -72.554306 116.567055 39.232643 -67.137711 -3.113572 28.507179 0.062024 -0.009104 0.759932 1.19282 19.30674 17.636627 -26.322737 52.411205 -19.466658 -14.395598 29.410389 -1e-06 -8.774821 -0.0 16.183851 -18.130098 5.953424 -0.609776 -1.795653 -3.889329 -4.807088 -11.046809 -2.937853 6e-06 -20.976015 2e-06 -5.019969 -25.033556 -4.03188 5e-06 -1e-06 1e-06 -10.634533 -5.68697 -3.56559 10.573275 -17.922947 -3.113899 4e-06 -13.821209 -0.0 -0.501779 -31.181505 -4.027013 -11.475813 -59.940861 7.53018 -13.982712 -7.150196 -2.875046 13.772727 -8.401491 -3.218243 0.347736 -34.211552 0.771654 -0.96303 -17.73337 2.621022 -0.0 0.0 0.0 -17.346413 -20.095215 -4.201787 21.757557 -1.638377 3.866426 0.0 -6.338823 0.0 -1.697588 -22.591742 -6.194006 -1e-06 -2e-06 -1e-06 40.333149 -75.444534 154.555954 47.00745 -57.427704 -9.537019 22.499783 -0.450952 -0.10113 -1.819819 4.989743 17.111092 22.182117 -20.375902 49.933331 -16.701817 -16.74353 28.476538 -5e-06 -12.690603 -1e-06 16.209398 -17.432819 2.529551 -0.105919 -1.513857 -4.275882 -5.039041 -5.612873 -2.953557 4e-06 -11.020527 -1e-06 -6.111296 -15.895334 -3.840477 -1e-06 1e-06 2e-06 -10.283371 -5.680287 -4.341836 11.028297 -11.302406 -2.372635 -1.384268 -14.238582 -6.32012 -0.625433 -26.924194 -3.8276 -4.152012 -49.547081 -3.796651 -13.708527 -7.363474 -3.720938 18.141153 -14.05274 -3.242675 7e-06 -18.78727 -1e-06 -0.42971 -8.456045 2.555504 1e-06 -0.0 0.0 -15.923536 -20.094482 -5.473586 30.419218 -7.190827 1.735925 5e-06 -8.162929 -1e-06 -1.861899 -22.861471 -6.167945 0.0 -1e-06 0.0 174.062164 5.715688 -3.871165 21.325649 0.056802 -0.118105 -78.381035 -2.299189 2.472194 -5.700174 1.509153 2.156302 -1.0 0.0 0.0 -17.386068 -8.490687 3.95143 41.277283 -0.182077 0.295196 -72.707283 -4.789047 -6.789192 -8.035155 0.741459 1.68968 -1.000002 -0.0 -0.0 
0.0 0.0 0.0 0.0 -0.0 0.0 4.026741 99.340698 -2.131086 92.058258 3.303891 91.727821 1.857408 -1.071438 -0.097725 -9.386742 -0.403762 1.243715 19.271868 -1.554568 -0.914921 24.958391 0.642129 2.524931 -2.459735 -0.545814 -2.41043 -29.956926 1.91191 -3.915844 6e-06 -0.0 -0.0 0.045053 0.014542 -0.013472 -0.02142 0.069828 0.005296 -0.012617 -0.043136 -0.026307 -104.034744 -72.728493 116.23777 39.757584 -66.844864 -3.177999 28.504599 0.012056 -0.009771 0.842687 1.210526 19.801601 17.636633 -26.322741 52.411213 -19.466665 -14.395598 29.410395 1e-06 -8.774823 -2e-06 16.227638 -18.173468 5.985053 -0.609777 -1.795655 -3.889327 -4.807091 -11.046813 -2.937854 3e-06 -20.976021 0.0 -5.019974 -25.033564 -4.031879 5e-06 1e-06 -1e-06 -10.634537 -5.686974 -3.565589 10.573275 -17.922951 -3.1139 4e-06 -13.821213 0.0 -0.501776 -31.181511 -4.027017 -11.466569 -59.981724 7.615985 -13.982718 -7.1502 -2.875041 13.772732 -8.401493 -3.218243 0.347731 -34.211559 0.771658 -0.96303 -17.733376 2.621024 0.0 -1e-06 -1e-06 -17.346424 -20.095222 -4.201784 21.757566 -1.638374 3.866427 1e-06 -6.338825 -2e-06 -1.69759 -22.591751 -6.194007 1e-06 -3e-06 -0.0 40.535645 -75.808067 154.303635 48.341228 -57.264591 -11.699079 22.66618 -0.454513 -0.117111 -1.657817 5.198928 16.541857 22.18211 -20.375895 49.933319 -16.701817 -16.74353 28.476534 -3e-06 -12.690601 0.0 16.181499 -17.442631 2.59196 -0.105919 -1.513854 -4.275883 -5.039041 -5.612872 -2.953553 3e-06 -11.020523 -2e-06 -6.111296 -15.89533 -3.840472 -0.0 -1e-06 1e-06 -10.283371 -5.680287 -4.341838 11.028294 -11.302404 -2.372634 -1.38427 -14.238581 -6.32012 -0.625439 -26.924191 -3.8276 -4.195073 -49.578358 -3.702971 -13.708524 -7.363475 -3.720939 18.141146 -14.052737 -3.242673 4e-06 -18.787266 -1e-06 -0.429709 -8.456044 2.555502 2e-06 -1e-06 -2e-06 -15.923538 -20.094482 -5.473581 30.41921 -7.190823 1.735926 5e-06 -8.162927 -3e-06 -1.861904 -22.861467 -6.167941 -1e-06 -2e-06 0.0 173.605789 5.876894 -4.08016 22.163021 0.057116 -0.161823 -78.844696 -2.456713 2.743669 -5.454242 1.493599 2.153998 -0.999997 0.0 0.0 -20.681181 -7.791982 4.39764 44.958546 -0.197716 0.301919 -72.023994 -4.459145 -6.743496 -7.94163 0.759903 1.70346 -1.000001 0.0 0.0 
0.0 0.0 0.0 0.0 -0.0 0.0 4.452757 99.194908 -2.177398 91.973335 3.2306 91.733017 2.26791 -1.032707 -0.132474 -9.203707 -0.392604 1.193564 19.524858 -1.591392 -0.987104 24.6126 0.657023 2.551955 -2.460002 -0.564871 -2.497156 -30.302452 1.809072 -4.00146 6e-06 -0.0 -0.0 0.037263 0.01721 -0.021339 -0.024453 0.075405 0.000746 -0.014131 -0.043656 -0.037878 -103.75206 -72.915047 116.047279 40.470718 -66.402328 -3.385592 28.441631 0.023785 0.001695 0.882416 1.274924 20.196476 17.636625 -26.322729 52.41119 -19.466663 -14.395598 29.410393 -1e-06 -8.774821 -2e-06 16.221624 -18.209902 6.011632 -0.609774 -1.795652 -3.889326 -4.807087 -11.046809 -2.937853 6e-06 -20.976013 1e-06 -5.01997 -25.033558 -4.031878 6e-06 2e-06 0.0 -10.634533 -5.686968 -3.565588 10.573275 -17.922947 -3.113899 5e-06 -13.821209 1e-06 -0.501775 -31.181505 -4.027014 -11.46485 -59.965626 7.68102 -13.982712 -7.150196 -2.875041 13.772729 -8.40149 -3.218245 0.347735 -34.211544 0.771656 -0.96303 -17.73337 2.621019 0.0 -2e-06 -0.0 -17.346416 -20.095215 -4.201784 21.757557 -1.638376 3.866428 1e-06 -6.338822 1e-06 -1.697591 -22.591742 -6.194003 1e-06 -3e-06 -1e-06 40.6185 -76.097626 154.137787 49.370724 -57.126369 -13.530063 22.950388 -0.441682 -0.13214 -1.497707 5.396305 15.824014 22.182116 -20.375895 49.933315 -16.701811 -16.743528 28.47653 -3e-06 -12.690599 -2e-06 16.153721 -17.438143 2.631091 -0.105919 -1.513856 -4.275879 -5.03904 -5.612871 -2.953554 4e-06 -11.02052 -3e-06 -6.111296 -15.895329 -3.840472 1e-06 0.0 0.0 -10.283367 -5.680287 -4.34184 11.028292 -11.302402 -2.37263 -1.384269 -14.238577 -6.32012 -0.62544 -26.924183 -3.827597 -4.197838 -49.593975 -3.642985 -13.708524 -7.363477 -3.72094 18.141146 -14.052737 -3.242672 4e-06 -18.787266 1e-06 -0.429712 -8.456043 2.555503 1e-06 -1e-06 1e-06 -15.923534 -20.094481 -5.473582 30.419207 -7.190823 1.735928 4e-06 -8.162922 -2e-06 -1.861901 -22.861464 -6.167941 -3e-06 -1e-06 0.0 173.138412 6.038632 -4.229978 22.889423 0.061664 -0.206218 -79.330757 -2.569987 2.957144 -5.282411 1.489311 2.154248 -0.999998 0.0 -0.0 -23.659912 -6.882631 4.846466 47.127968 -0.216389 0.303989 -71.44072 -4.344455 -6.681801 -7.926832 0.781323 1.71147 -1.000002 -0.0 0.0 
0.0 0.0 0.0 0.0 -0.0 0.0 4.79824 99.05809 -2.190179 91.916031 3.089111 91.780724 2.665202 -0.992068 -0.151866 -9.022738 -0.388471 1.141707 19.778271 -1.670713 -1.071192 24.201176 0.68985 2.562676 -2.453592 -0.577987 -2.577896 -30.625702 1.731266 -4.0606 6e-06 -0.0 0.0 0.026191 0.018627 -0.016688 -0.024094 0.080974 0.00962 -0.012595 -0.04642 -0.038169 -103.529404 -73.136604 115.895073 41.346481 -65.873497 -3.77934 28.342962 0.083802 0.009246 0.869125 1.387456 20.523579 17.636629 -26.322737 52.411205 -19.466658 -14.395597 29.410393 -0.0 -8.774821 -3e-06 16.183228 -18.249432 6.026364 -0.609776 -1.795654 -3.889328 -4.807088 -11.046811 -2.937852 4e-06 -20.976015 -1e-06 -5.019969 -25.033558 -4.031882 6e-06 -1e-06 0.0 -10.634533 -5.686969 -3.56559 10.573272 -17.922947 -3.1139 3e-06 -13.821204 2e-06 -0.501777 -31.181498 -4.027015 -11.444007 -59.92181 7.683335 -13.982712 -7.150198 -2.875042 13.772727 -8.401489 -3.218243 0.347734 -34.211544 0.771655 -0.963029 -17.733372 2.621021 -1e-06 -1e-06 1e-06 -17.346415 -20.095215 -4.201784 21.757555 -1.638375 3.866428 1e-06 -6.338823 2e-06 -1.697587 -22.591743 -6.194005 -1e-06 -3e-06 0.0 40.79557 -76.343536 153.838303 50.162323 -57.035191 -15.046442 23.337555 -0.418026 -0.140975 -1.330945 5.502545 15.085637 22.182117 -20.375898 49.933327 -16.701813 -16.74353 28.476534 -3e-06 -12.6906 -2e-06 16.127783 -17.429327 2.644108 -0.10592 -1.513857 -4.275885 -5.039041 -5.612872 -2.953557 4e-06 -11.020525 -2e-06 -6.111298 -15.895334 -3.840472 0.0 0.0 0.0 -10.283369 -5.680288 -4.341839 11.028294 -11.302405 -2.372635 -1.384268 -14.238578 -6.320123 -0.625437 -26.924187 -3.827601 -4.159981 -49.59388 -3.644073 -13.708524 -7.363478 -3.720939 18.141148 -14.052739 -3.242674 6e-06 -18.78727 1e-06 -0.429711 -8.456046 2.555506 1e-06 -0.0 -1e-06 -15.923536 -20.094482 -5.473583 30.419207 -7.190823 1.735928 4e-06 -8.162925 -3e-06 -1.8619 -22.861467 -6.167943 -0.0 -4e-06 -1e-06 172.642456 6.180636 -4.348488 23.567141 0.068199 -0.243525 -79.785744 -2.605678 3.083327 -5.157804 1.494615 2.158809 -1.0 -0.0 0.0 -26.408749 -5.824071 5.210775 48.193195 -0.2422 0.31213 -70.458832 -4.403854 -6.475504 -7.939099 0.801356 1.713057 -1.000001 -0.0 0.0 
0.0 0.0 0.0 0.0 -0.0 0.0 5.092015 98.912277 -2.180885 91.904625 2.871471 91.88842 3.064373 -0.956875 -0.156988 -8.84626 -0.401092 1.069776 20.011681 -1.785653 -1.151738 23.741867 0.717786 2.578259 -2.445886 -0.595123 -2.656453 -30.903742 1.682042 -4.136773 6e-06 -0.0 0.0 0.016136 0.019193 -0.010851 -0.023169 0.083902 0.019094 -0.008964 -0.048255 -0.036678 -103.379776 -73.401527 115.760681 42.251553 -65.294243 -4.440536 28.293295 0.127792 0.002692 0.849644 1.5257 20.924763 17.636627 -26.322733 52.411205 -19.466658 -14.395598 29.410389 -1e-06 -8.774822 -0.0 16.155783 -18.288048 6.0336 -0.609776 -1.795653 -3.889328 -4.807089 -11.046809 -2.937851 4e-06 -20.976015 1e-06 -5.019969 -25.033554 -4.031878 5e-06 -2e-06 -1e-06 -10.634533 -5.686971 -3.565589 10.573275 -17.922951 -3.113902 3e-06 -13.821208 1e-06 -0.501778 -31.181505 -4.027015 -11.417542 -59.898438 7.665756 -13.982714 -7.150198 -2.875042 13.772731 -8.401491 -3.218241 0.347734 -34.211555 0.771658 -0.963028 -17.733372 2.621021 -1e-06 1e-06 -0.0 -17.346416 -20.095215 -4.201779 21.757557 -1.638374 3.866426 1e-06 -6.338823 1e-06 -1.697588 -22.591747 -6.194005 1e-06 -3e-06 -2e-06 41.139572 -76.57093 153.388672 50.803062 -56.950264 -16.316452 23.764748 -0.398226 -0.145806 -1.103322 5.546079 14.511377 22.182117 -20.375898 49.933327 -16.701813 -16.743528 28.476532 -3e-06 -12.6906 0.0 16.099176 -17.4245 2.646476 -0.105919 -1.513857 -4.275881 -5.039041 -5.61287 -2.95356 4e-06 -11.020524 -3e-06 -6.111297 -15.895332 -3.840469 0.0 0.0 -1e-06 -10.283369 -5.680287 -4.341839 11.028293 -11.302405 -2.372635 -1.384267 -14.238579 -6.320122 -0.625438 -26.924185 -3.827598 -4.131431 -49.615002 -3.653712 -13.708524 -7.363475 -3.720939 18.141148 -14.052739 -3.242678 8e-06 -18.78727 -1e-06 -0.429711 -8.456047 2.555505 0.0 0.0 -0.0 -15.923534 -20.094482 -5.473588 30.41921 -7.190827 1.735926 4e-06 -8.162924 -0.0 -1.861902 -22.861467 -6.167941 -2e-06 -4e-06 -1e-06 172.072952 6.337071 -4.459212 24.256014 0.078971 -0.266331 -80.253098 -2.5711 3.172426 -5.03724 1.497547 2.163393 -0.999998 -0.0 0.0 -28.97344 -4.742476 5.435332 48.613293 -0.273601 0.31743 -69.155716 -4.434769 -6.28659 -7.897097 0.82305 1.71448 -1.000002 0.0 -0.0 
0.0 0.0 0.0 0.0 -0.0 0.0 5.347503 98.745689 -2.156314 91.945183 2.564016 92.102219 3.429039 -0.930307 -0.154225 -8.679697 -0.419916 0.990506 20.221014 -1.919855 -1.223255 23.269268 0.70626 2.597096 -2.449489 -0.616277 -2.775353 -31.133345 1.660473 -4.24284 6e-06 -0.0 0.0 0.008783 0.018492 -0.004478 -0.022768 0.08444 0.028261 -0.003662 -0.050372 -0.03372 -103.424934 -73.706528 115.810707 43.177269 -64.623688 -5.399265 28.348749 0.14172 -0.009377 0.800724 1.644231 21.384209 17.636639 -26.322735 52.411201 -19.466665 -14.395598 29.410393 -1e-06 -8.774822 0.0 16.166725 -18.306398 6.029354 -0.609776 -1.795653 -3.889329 -4.807088 -11.04681 -2.93785 5e-06 -20.976017 2e-06 -5.019969 -25.033558 -4.03188 4e-06 -1e-06 0.0 -10.634536 -5.68697 -3.565591 10.573277 -17.922955 -3.113899 4e-06 -13.821209 2e-06 -0.501777 -31.181505 -4.02701 -11.454391 -59.933395 7.690447 -13.982716 -7.150198 -2.875044 13.772732 -8.401493 -3.218242 0.347738 -34.211555 0.771656 -0.963028 -17.733372 2.621021 1e-06 -1e-06 1e-06 -17.34642 -20.095217 -4.201786 21.757561 -1.638378 3.866428 3e-06 -6.338825 1e-06 -1.697588 -22.591749 -6.194004 0.0 -3e-06 -1e-06 41.60545 -76.789001 152.856415 51.264099 -56.855442 -17.28907 24.141832 -0.391228 -0.142895 -0.840336 5.659383 14.230137 22.182114 -20.375895 49.933327 -16.701811 -16.74353 28.476528 -3e-06 -12.690601 2e-06 16.070545 -17.41968 2.637717 -0.105918 -1.513854 -4.275881 -5.039042 -5.612872 -2.953558 4e-06 -11.020525 -3e-06 -6.111298 -15.895332 -3.84047 0.0 0.0 0.0 -10.283369 -5.680287 -4.341837 11.028295 -11.302404 -2.372633 -1.384268 -14.238579 -6.320123 -0.625441 -26.924185 -3.827599 -4.097817 -49.615898 -3.679391 -13.708525 -7.363474 -3.720939 18.14115 -14.052739 -3.242675 8e-06 -18.787271 -2e-06 -0.429712 -8.456045 2.555506 -0.0 -0.0 -0.0 -15.923536 -20.094482 -5.473584 30.41921 -7.190826 1.735926 4e-06 -8.162925 -2e-06 -1.861903 -22.861469 -6.167942 1e-06 -3e-06 -0.0 171.393661 6.525301 -4.564674 24.991693 0.090293 -0.279807 -80.764595 -2.468372 3.288688 -4.949562 1.497376 2.166701 -0.999998 0.0 0.0 -31.308928 -3.763669 5.456032 48.611996 -0.300736 0.318188 -67.596344 -4.265429 -6.221292 -7.830607 0.839075 1.714927 -1.000002 0.0 0.0 
0.0 0.0 0.0 0.0 -0.0 0.0 5.56967 98.544022 -2.126009 92.024818 2.162039 92.440079 3.76917 -0.905106 -0.149817 -8.518821 -0.437721 0.91281 20.408552 -2.059005 -1.280543 22.764675 0.631929 2.583637 -2.462062 -0.628956 -2.920602 -31.339085 1.659987 -4.368306 6e-06 -0.0 -0.0 0.001371 0.017192 -0.001949 -0.024403 0.085777 0.032802 0.000387 -0.054647 -0.03355 -103.760902 -74.059456 116.123573 44.031223 -63.816303 -6.535476 28.591253 0.117585 -0.021267 0.733908 1.744873 21.747511 17.636627 -26.322733 52.411201 -19.466665 -14.395598 29.410393 -0.0 -8.774821 -2e-06 16.195271 -18.286213 6.006301 -0.609777 -1.795653 -3.889332 -4.807088 -11.046811 -2.93785 5e-06 -20.976017 0.0 -5.019969 -25.03356 -4.031883 4e-06 -0.0 1e-06 -10.634533 -5.686971 -3.565589 10.573275 -17.922951 -3.113903 2e-06 -13.821208 0.0 -0.501776 -31.181498 -4.027018 -11.519339 -59.977257 7.721406 -13.982714 -7.150198 -2.875045 13.772731 -8.401492 -3.218243 0.347735 -34.211555 0.771655 -0.963027 -17.73337 2.62102 -1e-06 1e-06 1e-06 -17.346418 -20.095219 -4.201786 21.757557 -1.638375 3.866426 2e-06 -6.338824 1e-06 -1.697589 -22.591745 -6.194007 2e-06 -7e-06 -0.0 42.13512 -76.9981 152.297211 51.559437 -56.715054 -17.992998 24.41279 -0.415582 -0.149694 -0.584149 5.868036 14.355003 22.182114 -20.375895 49.933327 -16.701817 -16.74353 28.476534 -3e-06 -12.690603 1e-06 16.046087 -17.400822 2.612467 -0.105921 -1.513857 -4.275887 -5.03904 -5.612871 -2.953555 3e-06 -11.020525 -0.0 -6.1113 -15.895334 -3.84047 -1e-06 1e-06 -0.0 -10.283371 -5.68029 -4.341842 11.028296 -11.302406 -2.372635 -1.384269 -14.238581 -6.320124 -0.625435 -26.924192 -3.827601 -4.062911 -49.604202 -3.711131 -13.708526 -7.363479 -3.720942 18.141151 -14.052739 -3.242678 8e-06 -18.78727 -3e-06 -0.429713 -8.456045 2.555502 1e-06 -1e-06 -1e-06 -15.923536 -20.094484 -5.473582 30.41921 -7.190823 1.735923 3e-06 -8.162925 -2e-06 -1.861903 -22.861469 -6.167944 -0.0 -3e-06 -0.0 170.546555 6.732423 -4.693689 25.870792 0.096311 -0.295629 -81.36129 -2.28514 3.465135 -4.892302 1.496795 2.167664 -0.999999 -0.0 0.0 -33.498516 -2.941973 5.190431 48.463787 -0.313211 0.31189 -65.757294 -3.994397 -6.164808 -7.766129 0.849399 1.714146 -1.000003 -0.0 -0.0 
0.0 0.0 0.0 0.0 -0.0 0.0 5.757479 98.306641 -2.107347 92.114067 1.688536 92.896912 4.090679 -0.857753 -0.143573 -8.36107 -0.453238 0.844589 20.60335 -2.188029 -1.34536 22.228443 0.516093 2.580799 -2.468043 -0.617837 -3.089346 -31.49918 1.635979 -4.507484 7e-06 0.0 -0.0 -0.006553 0.016688 -0.001137 -0.028113 0.087686 0.035161 0.001332 -0.057874 -0.034633 -104.232162 -74.435875 116.512909 44.884579 -62.866871 -7.727541 29.032112 0.059178 -0.042988 0.682898 1.904123 21.916777 17.636629 -26.322729 52.411194 -19.46665 -14.395596 29.410385 1e-06 -8.77482 -3e-06 16.221163 -18.265415 5.969752 -0.609776 -1.795653 -3.889325 -4.807091 -11.046807 -2.93785 1e-06 -20.976011 2e-06 -5.019973 -25.033554 -4.031878 3e-06 1e-06 0.0 -10.634533 -5.686971 -3.565587 10.573269 -17.922945 -3.113897 0.0 -13.821205 2e-06 -0.501782 -31.181501 -4.027015 -11.591969 -59.989178 7.743859 -13.982713 -7.150197 -2.875041 13.772725 -8.401488 -3.218239 0.347729 -34.211544 0.771657 -0.963031 -17.73337 2.621019 -0.0 -1e-06 1e-06 -17.346416 -20.095211 -4.20178 21.757555 -1.638373 3.866426 1e-06 -6.338822 2e-06 -1.697593 -22.591738 -6.194005 -0.0 -3e-06 0.0 42.546528 -77.227448 151.860168 51.74181 -56.510113 -18.477673 24.548016 -0.486963 -0.177699 -0.374165 6.102132 14.841409 22.182116 -20.375887 49.933308 -16.701807 -16.743528 28.476524 -1e-06 -12.6906 -1e-06 16.012196 -17.368917 2.57153 -0.105919 -1.513857 -4.275883 -5.039041 -5.61287 -2.953557 4e-06 -11.020523 -1e-06 -6.111297 -15.89533 -3.840472 0.0 0.0 -0.0 -10.283368 -5.680288 -4.341837 11.02829 -11.302402 -2.372633 -1.38427 -14.238578 -6.32012 -0.62544 -26.924183 -3.8276 -4.003323 -49.575588 -3.773529 -13.708523 -7.363475 -3.720937 18.141146 -14.052738 -3.242674 5e-06 -18.787268 0.0 -0.429713 -8.456043 2.555505 1e-06 -0.0 -0.0 -15.923534 -20.094482 -5.473584 30.41921 -7.190823 1.735928 3e-06 -8.162925 -2e-06 -1.861905 -22.861471 -6.167942 -1e-06 -1e-06 0.0 169.476288 6.923794 -4.852895 27.034065 0.0984 -0.30874 -82.006912 -2.024046 3.717318 -4.870791 1.505445 2.170079 -0.999998 0.0 0.0 -35.591854 -2.321079 4.614701 48.592346 -0.312695 0.30205 -64.052261 -3.496737 -6.243895 -7.689715 0.856932 1.7102 -1.000003 -0.0 -0.0 
0.0 0.0 0.0 0.0 -0.0 0.0 5.89837 98.021042 -2.10727 92.171638 1.159958 93.436485 4.397583 -0.772687 -0.134768 -8.204453 -0.464949 0.789433 20.806427 -2.287348 -1.403783 21.682352 0.367806 2.569935 -2.471077 -0.592744 -3.253156 -31.595594 1.595923 -4.676696 6e-06 -0.0 -0.0 -0.016681 0.017181 -0.010234 -0.031439 0.089116 0.028742 0.00065 -0.058421 -0.046751 -104.788918 -74.841125 116.934631 45.765182 -61.779022 -8.859576 29.659939 -0.024943 -0.080998 0.62562 2.144896 21.992535 17.63662 -26.322729 52.411194 -19.46666 -14.395596 29.410393 -0.0 -8.774819 -2e-06 16.248241 -18.245689 5.934882 -0.609777 -1.795654 -3.889331 -4.807087 -11.046809 -2.93785 6e-06 -20.976013 0.0 -5.019969 -25.033552 -4.031878 5e-06 3e-06 1e-06 -10.634533 -5.686971 -3.56559 10.573271 -17.922951 -3.113899 2e-06 -13.821206 0.0 -0.501776 -31.181501 -4.027014 -11.651285 -60.016277 7.756067 -13.982712 -7.150198 -2.875042 13.772727 -8.401491 -3.21824 0.347734 -34.211555 0.771653 -0.963031 -17.73337 2.621018 0.0 -1e-06 -0.0 -17.346418 -20.095217 -4.201783 21.757555 -1.638374 3.866427 2e-06 -6.338822 -0.0 -1.697588 -22.591738 -6.194005 -0.0 -2e-06 0.0 42.797516 -77.455833 151.564484 51.9016 -56.239845 -18.7763 24.483086 -0.603092 -0.218655 -0.21768 6.347713 15.544573 22.182117 -20.375896 49.933319 -16.701807 -16.743528 28.476522 -3e-06 -12.690601 -0.0 15.966041 -17.343433 2.524272 -0.105919 -1.513856 -4.275881 -5.039042 -5.612872 -2.953556 4e-06 -11.020524 -0.0 -6.1113 -15.895332 -3.840471 0.0 -0.0 -1e-06 -10.28337 -5.680287 -4.34184 11.028293 -11.302404 -2.372633 -1.384271 -14.238581 -6.320121 -0.625442 -26.924192 -3.827598 -3.917815 -49.556297 -3.8672 -13.708524 -7.363475 -3.72094 18.141146 -14.052739 -3.242673 5e-06 -18.78727 1e-06 -0.429711 -8.456047 2.555504 0.0 1e-06 -1e-06 -15.923536 -20.094482 -5.473584 30.41921 -7.190824 1.735931 5e-06 -8.162927 0.0 -1.861903 -22.861469 -6.167944 -2e-06 -1e-06 1e-06 168.163315 7.044597 -5.043897 28.545605 0.100576 -0.323163 -82.741501 -1.693668 4.008642 -4.879288 1.518635 2.172978 -0.999998 -0.0 0.0 -37.62125 -1.815704 3.777557 49.264671 -0.299573 0.277789 -62.63681 -2.980091 -6.46583 -7.597242 0.858193 1.70155 -1.000002 0.0 -0.0 
0.0 0.0 0.0 0.0 -0.0 0.0 6.004224 97.67878 -2.136802 92.183128 0.586732 93.97686 4.699265 -0.654673 -0.120545 -8.040655 -0.471754 0.756099 21.002771 -2.358013 -1.461144 21.151396 0.18564 2.542962 -2.478022 -0.574112 -3.373166 -31.623312 1.588075 -4.850255 6e-06 0.0 0.0 -0.026029 0.018366 -0.028021 -0.032088 0.089455 0.014578 0.003304 -0.056403 -0.068652 -105.377892 -75.26799 117.336426 46.609344 -60.600117 -9.794272 30.516476 -0.082142 -0.116974 0.517161 2.351875 21.929617 17.636633 -26.322737 52.411201 -19.466663 -14.395597 29.410395 -0.0 -8.774822 -3e-06 16.304571 -18.248205 5.903735 -0.609777 -1.795655 -3.889329 -4.80709 -11.046812 -2.93785 2e-06 -20.976019 1e-06 -5.01997 -25.03356 -4.031881 5e-06 -2e-06 2e-06 -10.634537 -5.686973 -3.565589 10.573274 -17.922951 -3.1139 1e-06 -13.821209 -0.0 -0.501781 -31.181505 -4.027013 -11.705276 -60.092266 7.787184 -13.982714 -7.150199 -2.875043 13.77273 -8.401491 -3.218243 0.34773 -34.211555 0.771657 -0.963028 -17.733372 2.62102 -1e-06 1e-06 -0.0 -17.346422 -20.095221 -4.201782 21.757557 -1.638374 3.86643 1e-06 -6.338824 1e-06 -1.697591 -22.591751 -6.194005 -1e-06 -4e-06 0.0 42.892025 -77.709953 151.417053 52.252274 -55.898289 -18.973558 24.181601 -0.717363 -0.2502 -0.13544 6.572422 16.496967 22.182123 -20.375895 49.933323 -16.701817 -16.74353 28.476534 -3e-06 -12.690605 -3e-06 15.933041 -17.358498 2.490288 -0.105919 -1.513856 -4.275883 -5.039042 -5.612873 -2.953556 4e-06 -11.020527 -1e-06 -6.1113 -15.895338 -3.840475 -0.0 0.0 -1e-06 -10.283373 -5.680289 -4.34184 11.028298 -11.302407 -2.372633 -1.384269 -14.238583 -6.320124 -0.625439 -26.924192 -3.827599 -3.848285 -49.575764 -3.947632 -13.708527 -7.363476 -3.720939 18.141153 -14.05274 -3.242675 5e-06 -18.787271 -0.0 -0.429711 -8.456048 2.555506 1e-06 -0.0 -0.0 -15.923539 -20.094486 -5.473586 30.419218 -7.19083 1.73593 3e-06 -8.162927 -2e-06 -1.861899 -22.861469 -6.167946 -1e-06 -2e-06 -1e-06 166.614548 7.099291 -5.223242 30.391626 0.1075 -0.337945 -83.565536 -1.385431 4.309959 -4.885312 1.529734 2.175112 -1.0 0.0 -0.0 -39.592327 -1.350689 2.724135 50.756615 -0.268748 0.214429 -61.685146 -2.884437 -6.610013 -7.48601 0.847808 1.692834 -1.000001 -0.0 0.0 
0.0 0.0 0.0 0.0 -0.0 0.0 6.083236 97.263451 -2.212345 92.167938 -0.044581 94.454201 4.98876 -0.533629 -0.102047 -7.869599 -0.480237 0.738122 21.173952 -2.421587 -1.507427 20.656818 0.000735 2.518098 -2.479107 -0.573438 -3.422436 -31.624016 1.60788 -5.024751 6e-06 0.0 -0.0 -0.031863 0.020886 -0.049342 -0.024779 0.089313 -0.003437 0.012843 -0.051055 -0.093594 -105.898842 -75.710442 117.616066 47.41185 -59.365574 -10.534302 31.593611 -0.149809 -0.1458 0.335823 2.495441 21.810019 17.636629 -26.322731 52.41119 -19.466661 -14.395598 29.410385 -1e-06 -8.774821 -0.0 16.327127 -18.277258 5.897567 -0.609776 -1.795654 -3.889327 -4.807087 -11.046812 -2.937853 7e-06 -20.976021 -0.0 -5.019968 -25.03356 -4.03188 4e-06 -0.0 1e-06 -10.634533 -5.686968 -3.565589 10.573276 -17.922955 -3.113898 5e-06 -13.821209 1e-06 -0.501773 -31.181505 -4.027013 -11.708122 -60.119148 7.774642 -13.982712 -7.150195 -2.87504 13.772731 -8.401494 -3.218243 0.347737 -34.211555 0.771656 -0.963027 -17.73337 2.621022 -1e-06 -1e-06 1e-06 -17.346415 -20.095217 -4.201783 21.757561 -1.638378 3.866429 3e-06 -6.338824 -1e-06 -1.697586 -22.591747 -6.194005 1e-06 -5e-06 -0.0 42.780151 -77.951729 151.454971 52.930664 -55.467045 -19.195772 23.706453 -0.780649 -0.262184 -0.167792 6.707956 17.687889 22.182117 -20.375898 49.933327 -16.701818 -16.74353 28.476534 -5e-06 -12.690601 -3e-06 15.908284 -17.406477 2.477298 -0.105919 -1.513856 -4.275884 -5.03904 -5.612872 -2.953555 6e-06 -11.020525 -2e-06 -6.111295 -15.895332 -3.840471 -0.0 -1e-06 -1e-06 -10.283369 -5.680286 -4.341841 11.028297 -11.302407 -2.372634 -1.384267 -14.238581 -6.32012 -0.625434 -26.924189 -3.827602 -3.841363 -49.625149 -3.992847 -13.708524 -7.363473 -3.720939 18.141151 -14.052743 -3.242675 9e-06 -18.787271 -1e-06 -0.42971 -8.456045 2.555506 0.0 -0.0 0.0 -15.923532 -20.094482 -5.473587 30.41921 -7.190829 1.735923 3e-06 -8.162926 -2e-06 -1.861899 -22.861471 -6.167942 1e-06 -2e-06 -2e-06 164.814865 7.130776 -5.35276 32.542145 0.119945 -0.358392 -84.479866 -1.124617 4.613517 -4.8833 1.538761 2.177187 -0.999999 -0.0 0.0 -41.525299 -0.90737 1.466244 53.224861 -0.219119 0.102582 -61.513714 -3.282267 -6.683234 -7.314973 0.832031 1.69207 -1.000003 0.0 -0.0 
0.0 0.0 0.0 0.0 -0.0 0.0 6.147344 96.76857 -2.344751 92.135071 -0.745104 94.788261 5.280726 -0.416894 -0.072094 -7.691801 -0.495081 0.720836 21.307932 -2.499964 -1.548737 20.161579 -0.20569 2.505991 -2.466621 -0.572091 -3.422467 -31.532139 1.653657 -5.143887 6e-06 0.0 0.0 -0.038467 0.022407 -0.058458 -0.014283 0.086634 -0.008673 0.024117 -0.044898 -0.10759 -106.280701 -76.152748 117.787598 48.333904 -58.036663 -11.248838 32.808754 -0.241669 -0.156993 0.033666 2.523443 21.837111 17.636631 -26.322737 52.411198 -19.46666 -14.395596 29.410389 -1e-06 -8.77482 -2e-06 16.258413 -18.287876 5.949745 -0.609776 -1.795653 -3.889327 -4.807087 -11.046809 -2.937848 6e-06 -20.976013 0.0 -5.019969 -25.033554 -4.031878 4e-06 1e-06 1e-06 -10.634533 -5.686968 -3.565588 10.573276 -17.922951 -3.113901 4e-06 -13.821206 1e-06 -0.501775 -31.181501 -4.027013 -11.690757 -60.117859 7.7779 -13.982712 -7.150194 -2.87504 13.77273 -8.401491 -3.218243 0.347734 -34.211544 0.771656 -0.963026 -17.73337 2.621019 -1e-06 -1e-06 1e-06 -17.346416 -20.095211 -4.20178 21.757557 -1.638376 3.866428 2e-06 -6.338824 -1e-06 -1.697586 -22.591745 -6.194009 -1e-06 -2e-06 -0.0 42.376381 -78.198975 151.759583 54.00766 -54.948673 -19.835392 23.201897 -0.828296 -0.251239 -0.253856 6.899695 18.947779 22.182116 -20.375898 49.933319 -16.701815 -16.743526 28.47653 -3e-06 -12.690601 -1e-06 15.918858 -17.464397 2.455611 -0.10592 -1.513857 -4.275883 -5.039041 -5.612871 -2.953554 4e-06 -11.020525 -1e-06 -6.111298 -15.895334 -3.840473 -1e-06 -0.0 -0.0 -10.283369 -5.680288 -4.341838 11.028293 -11.302404 -2.372636 -1.384268 -14.23858 -6.32012 -0.625436 -26.924189 -3.827603 -3.85832 -49.694286 -4.024882 -13.708525 -7.363475 -3.720939 18.141148 -14.052739 -3.242674 7e-06 -18.787268 -3e-06 -0.429711 -8.456043 2.555506 1e-06 1e-06 -0.0 -15.923534 -20.094482 -5.473586 30.41921 -7.190827 1.735926 3e-06 -8.162926 -1e-06 -1.861899 -22.861469 -6.167941 -1e-06 -1e-06 0.0 162.748291 7.144837 -5.505449 34.985466 0.126915 -0.368238 -85.455452 -0.960102 4.923398 -4.929825 1.553932 2.181199 -1.0 -0.0 -0.0 -43.41581 -0.471575 -0.02442 56.473747 -0.150257 -0.025711 -61.614002 -3.819786 -6.749128 -7.179398 0.813416 1.694602 -1.000005 0.0 -0.0 
0.0 0.0 0.0 0.0 -0.0 0.0 6.192317 96.190201 -2.545415 92.086678 -1.544416 95.022163 5.587234 -0.299505 -0.038094 -7.49808 -0.522638 0.696373 21.407534 -2.600556 -1.60616 19.611929 -0.481332 2.488625 -2.439531 -0.553087 -3.359279 -31.259806 1.738724 -5.185674 5e-06 0.0 0.0 -0.045644 0.022412 -0.058373 -0.000524 0.080376 -0.004296 0.03652 -0.037884 -0.113762 -106.629799 -76.605446 117.981537 49.480843 -56.499176 -11.967866 34.143379 -0.336877 -0.165832 -0.457555 2.465368 22.175783 17.636627 -26.322729 52.411198 -19.466652 -14.395597 29.410385 -0.0 -8.774821 -2e-06 16.127686 -18.2969 6.053008 -0.609777 -1.795653 -3.889328 -4.80709 -11.046809 -2.937848 3e-06 -20.976013 -0.0 -5.019975 -25.033552 -4.031878 6e-06 0.0 -1e-06 -10.634534 -5.686969 -3.565587 10.573271 -17.922945 -3.1139 2e-06 -13.821205 1e-06 -0.50178 -31.181498 -4.027012 -11.706809 -60.141216 7.863889 -13.982714 -7.150196 -2.875044 13.772727 -8.401489 -3.218241 0.347729 -34.21154 0.771659 -0.963028 -17.733366 2.621022 0.0 -1e-06 1e-06 -17.346416 -20.095213 -4.201784 21.757555 -1.638374 3.866428 1e-06 -6.338822 -0.0 -1.69759 -22.591738 -6.194003 -0.0 -4e-06 -1e-06 41.616093 -78.462624 152.407059 55.507263 -54.270473 -21.087936 22.782772 -0.849767 -0.240257 -0.284234 7.173099 20.134979 22.182116 -20.375891 49.933311 -16.701809 -16.743528 28.476522 -3e-06 -12.6906 -2e-06 15.952003 -17.518425 2.440544 -0.105919 -1.513855 -4.275876 -5.039041 -5.612871 -2.95356 4e-06 -11.02052 -3e-06 -6.111297 -15.89533 -3.840472 0.0 1e-06 2e-06 -10.283372 -5.680285 -4.341834 11.028295 -11.302404 -2.372634 -1.384268 -14.238578 -6.32012 -0.625441 -26.924187 -3.827598 -3.864251 -49.782944 -4.045049 -13.708525 -7.363476 -3.720937 18.141148 -14.052735 -3.242673 4e-06 -18.787266 -1e-06 -0.429711 -8.456041 2.555504 0.0 -1e-06 0.0 -15.923534 -20.094482 -5.473586 30.41921 -7.190825 1.735931 2e-06 -8.162924 -2e-06 -1.861902 -22.861469 -6.16794 -0.0 -2e-06 -1e-06 160.362717 7.115715 -5.757238 37.747585 0.129522 -0.361144 -86.427383 -0.84932 5.261984 -5.021446 1.560772 2.181775 -0.999998 -0.0 0.0 -45.281204 -0.099987 -1.913647 60.272663 -0.054601 -0.177606 -61.491585 -4.409345 -6.745746 -7.041296 0.779717 1.693687 -1.000004 0.0 0.0 
0.0 0.0 0.0 0.0 -0.0 0.0 6.215778 95.4646 -2.822922 92.091965 -2.430772 95.177818 5.912321 -0.225727 -0.005523 -7.285033 -0.569943 0.688725 21.511019 -2.733726 -1.670946 18.97855 -0.820196 2.466573 -2.402622 -0.514213 -3.301031 -30.793344 1.84819 -5.186357 6e-06 -0.0 0.0 -0.053243 0.022114 -0.052596 0.013353 0.07445 0.00438 0.046404 -0.031829 -0.113051 -107.255417 -77.067825 118.456993 50.846447 -54.659592 -12.591676 35.600304 -0.40319 -0.168975 -1.062235 2.40229 22.602043 17.636631 -26.322729 52.411179 -19.46666 -14.395597 29.410381 -0.0 -8.774821 -3e-06 16.003155 -18.323292 6.154802 -0.609776 -1.795653 -3.889325 -4.807087 -11.046809 -2.93785 5e-06 -20.976015 -3e-06 -5.019972 -25.033556 -4.031876 6e-06 3e-06 -1e-06 -10.634533 -5.686968 -3.565586 10.573272 -17.922949 -3.113898 4e-06 -13.821209 -1e-06 -0.501781 -31.181505 -4.02701 -11.789054 -60.151299 7.973435 -13.982712 -7.150196 -2.875042 13.77273 -8.401492 -3.218241 0.347734 -34.211544 0.771652 -0.963028 -17.73337 2.621022 0.0 -1e-06 0.0 -17.346416 -20.095215 -4.201783 21.757557 -1.638375 3.866431 2e-06 -6.338823 0.0 -1.69759 -22.591742 -6.194003 1e-06 -6e-06 -1e-06 40.164005 -78.754036 153.720978 57.268169 -53.313713 -22.855534 22.504482 -0.829427 -0.231699 -0.245039 7.581896 21.153309 22.182116 -20.3759 49.933331 -16.701817 -16.74353 28.476534 -3e-06 -12.690601 -1e-06 15.994079 -17.568773 2.445247 -0.105919 -1.513857 -4.275881 -5.039041 -5.612873 -2.95356 4e-06 -11.020526 -1e-06 -6.111298 -15.895334 -3.840472 0.0 0.0 1e-06 -10.283371 -5.680289 -4.34184 11.028296 -11.302406 -2.372634 -1.384268 -14.238581 -6.320121 -0.625435 -26.924187 -3.8276 -3.870697 -49.876434 -4.038559 -13.708526 -7.363479 -3.72094 18.141153 -14.052741 -3.242678 4e-06 -18.78727 0.0 -0.429711 -8.456045 2.555506 -0.0 -1e-06 0.0 -15.923536 -20.09449 -5.473588 30.419214 -7.190827 1.735927 3e-06 -8.162928 -1e-06 -1.861901 -22.861471 -6.167945 -0.0 -3e-06 -1e-06 157.632751 7.119966 -6.086872 40.894459 0.128909 -0.352611 -87.484528 -0.783424 5.603092 -5.120178 1.563217 2.178942 -0.999999 0.0 0.0 -47.163094 0.103425 -4.232962 64.558884 0.092945 -0.374515 -61.091644 -5.075813 -6.625818 -6.880958 0.721733 1.681771 -1.000002 0.0 -0.0 
0.0 0.0 0.0 0.0 -0.0 0.0 6.21455 94.525345 -3.187685 92.1642 -3.412298 95.355789 6.257228 -0.19423 0.023237 -7.059249 -0.637217 0.719709 21.651896 -2.898711 -1.751945 18.291559 -1.178845 2.45999 -2.375117 -0.491685 -3.246158 -30.165796 1.995341 -5.240667 5e-06 -0.0 -0.0 -0.057735 0.023549 -0.053596 0.025226 0.07345 0.005455 0.056931 -0.027753 -0.117689 -108.328873 -77.597336 119.299408 52.472736 -52.494881 -13.245757 37.042122 -0.472877 -0.18735 -1.62729 2.464089 22.971254 17.636631 -26.322733 52.411198 -19.46666 -14.395597 29.410395 -0.0 -8.774821 -2e-06 15.907973 -18.363077 6.234471 -0.609776 -1.795654 -3.889328 -4.80709 -11.046811 -2.93785 3e-06 -20.976017 -2e-06 -5.019973 -25.03356 -4.031879 5e-06 0.0 -0.0 -10.634534 -5.686971 -3.565587 10.573272 -17.922951 -3.113899 3e-06 -13.821208 -1e-06 -0.501779 -31.181505 -4.027014 -11.916187 -60.129051 8.07502 -13.982714 -7.150198 -2.875043 13.772729 -8.401491 -3.218242 0.347733 -34.211544 0.771655 -0.963029 -17.733368 2.62102 -1e-06 -0.0 0.0 -17.34642 -20.095217 -4.20178 21.757557 -1.638374 3.86643 1e-06 -6.338824 -0.0 -1.697592 -22.591743 -6.194005 -1e-06 -3e-06 1e-06 37.595562 -79.043625 156.055542 58.985413 -51.95084 -24.795326 22.332811 -0.843141 -0.236176 -0.216007 8.128117 22.070225 22.182112 -20.375887 49.933308 -16.701815 -16.743532 28.476534 -2e-06 -12.690601 -0.0 16.032457 -17.615089 2.471503 -0.105919 -1.513855 -4.27588 -5.039041 -5.612872 -2.953558 3e-06 -11.020521 2e-06 -6.111299 -15.89533 -3.840468 -1e-06 0.0 2e-06 -10.283369 -5.680286 -4.341835 11.028294 -11.302405 -2.372636 -1.384269 -14.238579 -6.320118 -0.62544 -26.924187 -3.827599 -3.900483 -49.979584 -3.967024 -13.708523 -7.363477 -3.720939 18.14115 -14.052739 -3.242677 3e-06 -18.787268 1e-06 -0.429711 -8.456045 2.555504 -0.0 -1e-06 1e-06 -15.923534 -20.094482 -5.473581 30.419207 -7.190823 1.735926 2e-06 -8.162925 -1e-06 -1.861904 -22.861467 -6.167942 2e-06 -4e-06 -1e-06 154.485428 7.238139 -6.514938 44.529232 0.134358 -0.346361 -88.640991 -0.632797 6.013544 -5.239841 1.573439 2.175996 -0.999998 0.0 0.0 -49.132942 0.098289 -6.893487 69.189224 0.31755 -0.604494 -60.237896 -5.713088 -6.328711 -6.733081 0.644658 1.652519 -1.000004 0.0 0.0 
0.0 0.0 0.0 0.0 -0.0 0.0 6.185626 93.363701 -3.63673 92.355377 -4.463018 95.619614 6.612961 -0.23871 0.027258 -6.84598 -0.714528 0.787002 21.843966 -3.120678 -1.832259 17.602604 -1.503647 2.460515 -2.354561 -0.482348 -3.244334 -29.515841 2.187358 -5.34244 5e-06 -0.0 0.0 -0.059866 0.026734 -0.065545 0.03623 0.075142 -0.007012 0.06886 -0.023378 -0.129449 -109.546288 -78.240982 120.179924 54.413059 -50.095894 -13.983352 38.220078 -0.562612 -0.195227 -2.078305 2.656099 23.097675 17.636629 -26.322729 52.41119 -19.46666 -14.395598 29.410389 -0.0 -8.774821 -0.0 15.873846 -18.411982 6.275439 -0.609776 -1.795653 -3.889327 -4.80709 -11.046811 -2.93785 5e-06 -20.976015 -4e-06 -5.01997 -25.033556 -4.03188 6e-06 -1e-06 -1e-06 -10.634534 -5.68697 -3.565585 10.573271 -17.922947 -3.113897 3e-06 -13.821206 -3e-06 -0.501779 -31.181498 -4.027016 -11.980687 -60.065041 8.103483 -13.982714 -7.150197 -2.875043 13.772729 -8.401492 -3.21824 0.347734 -34.211552 0.77165 -0.963029 -17.73337 2.62102 -1e-06 1e-06 1e-06 -17.346418 -20.095215 -4.201784 21.757557 -1.638375 3.866427 0.0 -6.338823 0.0 -1.69759 -22.591745 -6.194005 0.0 -5e-06 -1e-06 34.079571 -79.347008 159.180466 60.472038 -50.249935 -26.567574 22.199385 -0.894986 -0.249507 -0.296351 8.645118 22.891357 22.182117 -20.375891 49.933319 -16.701811 -16.743528 28.476532 -4e-06 -12.6906 -2e-06 16.074934 -17.657595 2.50461 -0.105919 -1.513855 -4.27588 -5.03904 -5.612869 -2.953555 5e-06 -11.020519 -2e-06 -6.111295 -15.895328 -3.840473 -0.0 1e-06 3e-06 -10.283369 -5.680286 -4.341839 11.028294 -11.302402 -2.372634 -1.384268 -14.238577 -6.32012 -0.625437 -26.924183 -3.827599 -4.009504 -50.061081 -3.817668 -13.708524 -7.363475 -3.72094 18.141151 -14.052739 -3.242676 7e-06 -18.787268 -1e-06 -0.429712 -8.456043 2.555506 -0.0 -0.0 -0.0 -15.923532 -20.094479 -5.473586 30.41921 -7.190826 1.735927 3e-06 -8.162924 1e-06 -1.861901 -22.861464 -6.16794 -0.0 -4e-06 -2e-06 151.045181 7.404378 -6.902401 48.481266 0.143556 -0.360755 -89.984665 -0.315116 6.396736 -5.331207 1.591707 2.178336 -0.999999 0.0 0.0 -51.152569 -0.198894 -9.658448 73.844276 0.593889 -0.804989 -59.056499 -6.221214 -6.071283 -6.46976 0.560564 1.60632 -1.000002 0.0 0.0 
0.0 0.0 0.0 0.0 -0.0 0.0 6.125139 92.008156 -4.132187 92.615273 -5.533 96.050186 6.98437 -0.323972 0.023543 -6.615172 -0.797968 0.855327 22.151541 -3.405849 -1.942902 16.830482 -1.745016 2.4565 -2.33958 -0.497916 -3.29308 -28.791964 2.438291 -5.511098 6e-06 -0.0 0.0 -0.064778 0.027687 -0.070341 0.039476 0.071228 -0.013597 0.073663 -0.017839 -0.132565 -110.698151 -79.021423 120.958496 56.701279 -47.442814 -14.889117 39.057945 -0.666718 -0.189031 -2.512694 2.834131 23.145655 17.636627 -26.322725 52.411179 -19.466663 -14.395596 29.410389 -1e-06 -8.774821 -3e-06 15.874306 -18.45833 6.302689 -0.609776 -1.795654 -3.889326 -4.807086 -11.046809 -2.937848 6e-06 -20.976015 -2e-06 -5.019969 -25.03356 -4.03188 7e-06 1e-06 -1e-06 -10.634533 -5.686968 -3.565587 10.573275 -17.922949 -3.113902 4e-06 -13.821206 -1e-06 -0.501777 -31.181501 -4.027013 -11.9918 -60.038929 8.115606 -13.982711 -7.150194 -2.87504 13.772728 -8.401491 -3.218241 0.347736 -34.211552 0.771651 -0.963028 -17.733366 2.62102 0.0 -0.0 -1e-06 -17.346413 -20.095211 -4.20178 21.757557 -1.638375 3.866425 2e-06 -6.338822 0.0 -1.697589 -22.591742 -6.194005 -1e-06 -5e-06 0.0 29.612518 -79.623352 163.155579 61.710323 -48.155697 -28.154442 22.063143 -1.025904 -0.266804 -0.463566 9.158381 23.589144 22.182112 -20.375891 49.933319 -16.701811 -16.743528 28.476528 -2e-06 -12.6906 1e-06 16.127853 -17.70331 2.518471 -0.105918 -1.513854 -4.27588 -5.039041 -5.612873 -2.953557 4e-06 -11.020525 -2e-06 -6.111298 -15.895334 -3.840469 0.0 0.0 0.0 -10.283369 -5.680286 -4.34184 11.028293 -11.302406 -2.372631 -1.384269 -14.23858 -6.320122 -0.62544 -26.924191 -3.827601 -4.094029 -50.095123 -3.704532 -13.708524 -7.363475 -3.720938 18.14115 -14.052739 -3.242678 7e-06 -18.78727 -1e-06 -0.429711 -8.456043 2.555501 1e-06 -0.0 -0.0 -15.923534 -20.094482 -5.473584 30.419207 -7.190823 1.735925 2e-06 -8.162928 -1e-06 -1.861904 -22.861469 -6.16794 1e-06 -2e-06 -3e-06 147.392365 7.688478 -7.279563 52.69368 0.157303 -0.389241 -91.309059 0.040086 6.849659 -5.497468 1.63098 2.185131 -1.0 0.0 0.0 -53.149071 -0.747647 -12.379088 78.027885 0.880501 -0.916601 -56.94392 -6.385683 -5.904099 -6.240879 0.489763 1.523693 -1.000003 0.0 -0.0 
0.0 0.0 0.0 0.0 -0.0 0.0 6.044394 90.436859 -4.637739 92.913795 -6.570356 96.623795 7.405046 -0.446031 0.030474 -6.336572 -0.889672 0.903089 22.571936 -3.717505 -2.094996 15.943523 -1.929023 2.44559 -2.332255 -0.539807 -3.368453 -27.91814 2.763351 -5.732383 6e-06 0.0 0.0 -0.07585 0.025546 -0.06619 0.0275 0.062361 -0.012888 0.062307 -0.013216 -0.125478 -111.924133 -79.923622 121.746513 59.159008 -44.572601 -15.665776 39.609699 -0.762938 -0.149172 -3.002898 2.807094 23.275551 17.636631 -26.322733 52.411201 -19.466665 -14.395598 29.410395 -1e-06 -8.774822 -3e-06 15.902251 -18.484495 6.309543 -0.609776 -1.795653 -3.889328 -4.807091 -11.046813 -2.93785 4e-06 -20.976021 -1e-06 -5.019973 -25.033564 -4.031881 7e-06 1e-06 1e-06 -10.634535 -5.68697 -3.565588 10.573276 -17.922953 -3.1139 3e-06 -13.821213 0.0 -0.501777 -31.181511 -4.02702 -12.017168 -60.058727 8.177778 -13.982714 -7.150198 -2.875042 13.772729 -8.401493 -3.218242 0.347732 -34.211555 0.771653 -0.963028 -17.733372 2.621018 -1e-06 0.0 1e-06 -17.346422 -20.095221 -4.201779 21.757561 -1.638373 3.866426 1e-06 -6.338825 -0.0 -1.69759 -22.591751 -6.194009 -2e-06 -5e-06 -1e-06 24.298401 -79.876801 167.904755 62.713028 -45.686516 -29.458305 21.951614 -1.194813 -0.277643 -0.686292 9.601857 24.249426 22.182116 -20.375889 49.933308 -16.701817 -16.74353 28.47653 -3e-06 -12.690602 -2e-06 16.164263 -17.723122 2.50746 -0.105919 -1.513856 -4.275878 -5.039041 -5.612873 -2.953557 3e-06 -11.020525 -4e-06 -6.1113 -15.895334 -3.84047 -0.0 -1e-06 1e-06 -10.283372 -5.680288 -4.341836 11.028296 -11.302405 -2.372635 -1.384269 -14.238581 -6.320122 -0.62544 -26.924187 -3.8276 -4.106167 -50.01683 -3.680526 -13.708526 -7.363477 -3.720938 18.141151 -14.05274 -3.242672 7e-06 -18.78727 -3e-06 -0.429709 -8.456043 2.555502 -2e-06 -1e-06 0.0 -15.923538 -20.094482 -5.473581 30.419214 -7.190825 1.735928 4e-06 -8.162926 -5e-06 -1.861903 -22.861469 -6.167943 -1e-06 -3e-06 0.0 143.593353 8.115989 -7.633693 57.140724 0.169844 -0.421129 -92.670334 0.276911 7.351941 -5.719067 1.675558 2.191594 -0.999999 0.0 0.0 -55.169731 -1.525949 -14.864831 81.551399 1.151431 -0.94701 -53.996494 -6.323392 -5.706513 -6.082932 0.434919 1.401055 -1.000005 0.0 0.0 
0.0 0.0 0.0 0.0 -0.0 0.0 5.950645 88.605888 -5.140774 93.228668 -7.557394 97.282021 7.869316 -0.613589 0.049395 -6.009043 -0.99468 0.945098 23.077852 -3.997009 -2.281134 14.932988 -2.035336 2.462307 -2.32657 -0.614424 -3.465824 -26.951042 3.13129 -5.989762 7e-06 0.0 0.0 -0.085298 0.021299 -0.056607 0.001893 0.055338 -0.012194 0.03413 -0.014506 -0.107304 -113.277061 -80.923119 122.602974 61.622246 -41.503155 -15.913634 39.996292 -0.86991 -0.082719 -3.560114 2.44155 23.553984 17.636627 -26.322733 52.411198 -19.466665 -14.3956 29.410393 -1e-06 -8.774822 -1e-06 15.959449 -18.494179 6.312841 -0.609776 -1.795654 -3.889324 -4.807087 -11.046807 -2.93785 7e-06 -20.976013 1e-06 -5.019968 -25.033552 -4.031882 6e-06 1e-06 -0.0 -10.634535 -5.686971 -3.565588 10.573277 -17.922949 -3.113899 4e-06 -13.821205 1e-06 -0.501778 -31.181498 -4.027013 -12.063076 -60.062962 8.27583 -13.982714 -7.150197 -2.875041 13.772731 -8.401491 -3.218243 0.347735 -34.211552 0.771656 -0.963029 -17.73337 2.621023 0.0 3e-06 1e-06 -17.346415 -20.095213 -4.201781 21.757559 -1.638377 3.866427 2e-06 -6.338823 1e-06 -1.697588 -22.591743 -6.194007 -1e-06 -4e-06 -3e-06 18.387606 -80.089554 173.224487 63.509216 -42.843266 -30.441132 21.851948 -1.371036 -0.278716 -0.91918 9.89334 24.875555 22.182119 -20.375895 49.933323 -16.701815 -16.74353 28.476536 -3e-06 -12.690602 -3e-06 16.175194 -17.703878 2.470363 -0.10592 -1.513856 -4.27588 -5.039042 -5.612869 -2.953557 4e-06 -11.020523 -3e-06 -6.111299 -15.89533 -3.84047 -0.0 -0.0 0.0 -10.283371 -5.680287 -4.341836 11.028296 -11.302406 -2.372635 -1.384268 -14.238577 -6.320124 -0.625439 -26.924185 -3.8276 -4.121597 -49.865292 -3.686635 -13.708527 -7.363476 -3.720941 18.141151 -14.052739 -3.242674 7e-06 -18.787268 -3e-06 -0.429711 -8.456043 2.555503 0.0 2e-06 1e-06 -15.923536 -20.094482 -5.473587 30.419222 -7.190827 1.735927 3e-06 -8.162927 -1e-06 -1.861903 -22.861467 -6.167941 -0.0 -5e-06 -2e-06 139.738754 8.672511 -7.932895 61.87114 0.190093 -0.456015 -94.293533 0.32706 7.858016 -5.952555 1.711248 2.196785 -0.999999 0.0 0.0 -57.329247 -2.518402 -16.930407 84.771126 1.370688 -0.917652 -51.149395 -6.032871 -5.468786 -5.928985 0.400399 1.273341 -1.0 -0.0 -1e-06 
0.0 0.0 0.0 0.0 -0.0 0.0 5.858441 86.539825 -5.648514 93.498901 -8.525894 97.949615 8.314975 -0.816844 0.091905 -5.641955 -1.108817 0.982467 23.681976 -4.22983 -2.474406 13.750645 -2.041921 2.505047 -2.308919 -0.717569 -3.54198 -25.921339 3.550491 -6.291044 6e-06 0.0 -0.0 -0.087083 0.01758 -0.052123 -0.02382 0.052573 -0.019548 0.00358 -0.01869 -0.090667 -115.100754 -82.030724 123.862915 63.885532 -38.241188 -15.391306 40.418251 -0.971536 -0.016887 -4.084523 1.6194 23.784082 17.636631 -26.322725 52.411182 -19.466658 -14.395594 29.410381 0.0 -8.774821 -3e-06 16.02323 -18.471231 6.303466 -0.609777 -1.795655 -3.889325 -4.807089 -11.046811 -2.937852 3e-06 -20.976019 -1e-06 -5.019971 -25.03356 -4.031882 7e-06 -1e-06 1e-06 -10.634534 -5.686972 -3.565587 10.57327 -17.922949 -3.113899 1e-06 -13.821211 -0.0 -0.501781 -31.181505 -4.027017 -12.041698 -60.007801 8.301521 -13.982714 -7.150201 -2.875041 13.772728 -8.401489 -3.21824 0.347729 -34.211555 0.771652 -0.963029 -17.733366 2.621017 -1e-06 2e-06 0.0 -17.346422 -20.095221 -4.201779 21.757557 -1.638371 3.866428 1e-06 -6.338823 -1e-06 -1.697593 -22.591747 -6.194007 2e-06 -4e-06 -4e-06 11.864073 -80.145973 179.130402 64.053986 -39.602112 -30.93211 21.779188 -1.536715 -0.269578 -1.218622 10.062869 25.459068 22.182108 -20.375896 49.933319 -16.701805 -16.743528 28.476526 -1e-06 -12.690599 0.0 16.190645 -17.679798 2.403707 -0.105919 -1.513854 -4.275881 -5.039042 -5.612872 -2.953555 2e-06 -11.020523 0.0 -6.1113 -15.895332 -3.84047 -0.0 -0.0 0.0 -10.283368 -5.680287 -4.341838 11.028289 -11.302403 -2.37263 -1.38427 -14.23858 -6.320121 -0.625442 -26.924187 -3.827599 -4.112219 -49.662823 -3.740531 -13.708522 -7.363477 -3.720938 18.141146 -14.052738 -3.242672 3e-06 -18.78727 -1e-06 -0.429713 -8.456044 2.555503 -0.0 0.0 3e-06 -15.923534 -20.094482 -5.473583 30.419201 -7.190822 1.735928 2e-06 -8.162926 -1e-06 -1.861907 -22.861467 -6.167941 2e-06 -2e-06 -2e-06 135.7061 9.305923 -8.156205 66.800858 0.222596 -0.495837 -96.022514 0.15644 8.312816 -6.221427 1.748783 2.200042 -1.0 -0.0 0.0 -59.762066 -3.687471 -18.582062 87.94062 1.547866 -0.870151 -48.783424 -6.058039 -4.9988 -5.894368 0.376893 1.1566 -1.000003 0.0 -1e-06 
0.0 0.0 0.0 0.0 -0.0 0.0 5.771847 84.275276 -6.132291 93.67482 -9.436463 98.568169 8.768064 -1.055983 0.121742 -5.245595 -1.21487 1.024457 24.349604 -4.409235 -2.660585 12.387965 -1.912521 2.583889 -2.286 -0.848809 -3.585266 -24.87722 4.01647 -6.598406 5e-06 0.0 -0.0 -0.082876 0.014001 -0.051726 -0.048787 0.053068 -0.033623 -0.027496 -0.025891 -0.074837 -116.793655 -83.249214 124.923203 65.884125 -34.904442 -14.100708 41.079285 -1.005299 0.072196 -4.397172 0.395721 23.838718 17.636627 -26.322727 52.411182 -19.466663 -14.395598 29.410389 -1e-06 -8.774821 -1e-06 16.090515 -18.430519 6.289061 -0.609775 -1.795652 -3.889325 -4.80709 -11.046813 -2.937847 4e-06 -20.976019 1e-06 -5.019972 -25.03356 -4.03188 5e-06 2e-06 0.0 -10.634533 -5.68697 -3.565587 10.573275 -17.922951 -3.113901 0.0 -13.821209 1e-06 -0.501778 -31.181505 -4.027015 -11.890342 -59.927315 8.251004 -13.982714 -7.150198 -2.87504 13.77273 -8.401491 -3.218243 0.347734 -34.211552 0.771652 -0.963031 -17.733372 2.621022 -0.0 4e-06 1e-06 -17.346416 -20.095217 -4.201782 21.757557 -1.638375 3.866427 0.0 -6.338824 -0.0 -1.69759 -22.591749 -6.194007 0.0 -4e-06 -2e-06 5.008511 -80.084641 -174.648758 64.464478 -36.079292 -30.986855 21.739836 -1.674092 -0.235125 -1.518529 10.110353 25.902481 22.182108 -20.375893 49.933319 -16.701809 -16.743525 28.476526 -3e-06 -12.690598 -0.0 16.253696 -17.707697 2.323169 -0.10592 -1.513856 -4.27588 -5.039041 -5.612871 -2.953557 5e-06 -11.020521 -2e-06 -6.111296 -15.89533 -3.84047 0.0 0.0 -2e-06 -10.283369 -5.680287 -4.341838 11.028292 -11.302405 -2.372632 -1.384268 -14.238578 -6.320121 -0.625438 -26.924183 -3.827601 -4.121793 -49.484962 -3.807442 -13.708524 -7.363474 -3.720939 18.141146 -14.052739 -3.242677 6e-06 -18.78727 -2e-06 -0.429712 -8.456045 2.555503 1e-06 1e-06 -0.0 -15.923532 -20.094479 -5.473586 30.419207 -7.190825 1.735924 3e-06 -8.162925 -1e-06 -1.8619 -22.861467 -6.167941 -2e-06 -0.0 -1e-06 131.628143 9.994595 -8.258353 71.828186 0.261083 -0.532171 -97.908539 -0.251636 8.617695 -6.379785 1.795086 2.209993 -0.999999 -0.0 0.0 -62.427849 -5.00797 -19.949026 91.350891 1.711415 -0.825725 -47.41848 -6.500711 -4.407274 -5.85464 0.342514 1.078381 -1.000003 -1e-06 -1e-06 
0.0 0.0 0.0 0.0 -0.0 0.0 5.694666 81.917534 -6.574834 93.631248 -10.278694 99.041046 9.210245 -1.295133 0.131316 -4.830322 -1.307611 1.075195 25.062872 -4.50151 -2.815687 10.853004 -1.636916 2.673663 -2.262181 -0.963835 -3.567269 -23.852774 4.504964 -6.852724 8e-06 0.0 0.0 -0.078171 0.008296 -0.045902 -0.079052 0.053524 -0.043744 -0.064516 -0.037378 -0.051882 -117.588417 -84.539658 125.078278 67.528709 -31.508581 -12.335451 42.016151 -0.996556 0.175668 -4.384968 -1.104518 23.740528 17.636633 -26.322733 52.41119 -19.46666 -14.3956 29.410389 -0.0 -8.774822 -1e-06 16.153818 -18.403742 6.284758 -0.609776 -1.795651 -3.889326 -4.807088 -11.046809 -2.93785 3e-06 -20.976015 2e-06 -5.019973 -25.033552 -4.03188 4e-06 1e-06 -0.0 -10.634535 -5.686969 -3.565588 10.573275 -17.922947 -3.113899 1e-06 -13.821209 5e-06 -0.50178 -31.181501 -4.027012 -11.663038 -59.83728 8.128373 -13.982715 -7.150197 -2.875041 13.772728 -8.401491 -3.21824 0.347733 -34.211555 0.771658 -0.963032 -17.733372 2.621021 1e-06 3e-06 1e-06 -17.346418 -20.095215 -4.20178 21.757557 -1.638376 3.866431 -0.0 -6.338823 1e-06 -1.697593 -22.591747 -6.194005 0.0 -4e-06 -4e-06 -2.07305 -79.90313 -168.185028 64.787773 -32.428925 -30.647369 21.836315 -1.749956 -0.1785 -1.671288 10.032506 25.895977 22.182106 -20.375887 49.933308 -16.701809 -16.743528 28.476528 -3e-06 -12.690601 2e-06 16.32514 -17.765942 2.271813 -0.105919 -1.513859 -4.275878 -5.039041 -5.612871 -2.953557 3e-06 -11.02052 -3e-06 -6.111299 -15.89533 -3.84047 0.0 -0.0 1e-06 -10.283369 -5.680288 -4.341835 11.028293 -11.302402 -2.372632 -1.384269 -14.238577 -6.320121 -0.625437 -26.924187 -3.827601 -4.131378 -49.359341 -3.867846 -13.708522 -7.363479 -3.720936 18.14115 -14.052736 -3.242675 5e-06 -18.787266 -3e-06 -0.429712 -8.456041 2.555501 1e-06 1e-06 -0.0 -15.923536 -20.094482 -5.473582 30.41921 -7.190823 1.735927 3e-06 -8.162925 0.0 -1.861903 -22.861467 -6.167943 -1e-06 -2e-06 -1e-06 127.569962 10.583233 -8.203336 76.854584 0.298546 -0.558964 -99.79393 -0.910977 8.798762 -6.431454 1.836375 2.222281 -1.0 0.0 -0.0 -65.185349 -6.304144 -21.140591 94.756386 1.83031 -0.769539 -46.946468 -6.653661 -3.85759 -5.739499 0.321327 1.03457 -1.000002 0.0 1e-06 
0.0 0.0 0.0 0.0 -0.0 0.0 5.615974 79.511276 -6.985029 93.324905 -11.121281 99.437431 9.65947 -1.520486 0.136281 -4.401291 -1.401799 1.10387 25.785896 -4.509378 -2.940365 9.164963 -1.212373 2.731971 -2.253768 -1.028677 -3.465427 -22.676826 5.029004 -7.056037 5e-06 0.0 -0.0 -0.078316 0.005052 -0.042406 -0.122917 0.056251 -0.057677 -0.112245 -0.046028 -0.029989 -116.982498 -85.993904 123.847084 68.795815 -27.915134 -10.180283 43.051258 -0.932436 0.238824 -4.172756 -2.865455 23.525423 17.636637 -26.322737 52.411198 -19.466663 -14.395597 29.410389 -1e-06 -8.774822 -2e-06 16.214499 -18.356686 6.288844 -0.609777 -1.795656 -3.889325 -4.807089 -11.046811 -2.93785 5e-06 -20.976021 -0.0 -5.01997 -25.03356 -4.031881 5e-06 1e-06 1e-06 -10.634536 -5.686971 -3.565587 10.573275 -17.922955 -3.1139 4e-06 -13.821211 1e-06 -0.501776 -31.181507 -4.027017 -11.449805 -59.764095 7.988104 -13.982717 -7.150201 -2.87504 13.772731 -8.401493 -3.218242 0.347732 -34.211555 0.771657 -0.963027 -17.733376 2.621021 -1e-06 0.0 0.0 -17.346422 -20.095221 -4.20178 21.757561 -1.638376 3.866429 2e-06 -6.338825 0.0 -1.697591 -22.591751 -6.194007 1e-06 -4e-06 -2e-06 -8.861661 -79.542366 -161.997437 65.004593 -28.741327 -29.986822 22.20644 -1.791297 -0.120754 -1.480632 9.823992 25.387594 22.182108 -20.375893 49.933319 -16.701811 -16.743528 28.476532 -2e-06 -12.6906 -1e-06 16.403286 -17.820011 2.243461 -0.10592 -1.513855 -4.275879 -5.039041 -5.612873 -2.953557 4e-06 -11.020523 -2e-06 -6.111297 -15.895332 -3.840471 0.0 0.0 2e-06 -10.283369 -5.680287 -4.341838 11.028293 -11.302404 -2.372632 -1.384269 -14.238579 -6.320122 -0.625438 -26.924187 -3.827599 -4.141343 -49.28146 -3.913011 -13.708523 -7.363474 -3.720938 18.141146 -14.052739 -3.242674 7e-06 -18.787268 -2e-06 -0.429713 -8.456042 2.555503 -0.0 -0.0 -0.0 -15.923532 -20.094482 -5.473583 30.419207 -7.190825 1.735925 4e-06 -8.162925 -1e-06 -1.861902 -22.861469 -6.16794 -2e-06 -3e-06 -0.0 123.47728 11.070431 -7.956136 81.820366 0.330379 -0.568031 -101.599922 -1.76692 8.846858 -6.404944 1.857348 2.233079 -0.999998 0.0 0.0 -67.923271 -7.555123 -22.330065 97.704765 1.912282 -0.709682 -46.812199 -6.160929 -3.256863 -5.679803 0.325613 0.996554 -1.000002 -0.0 1e-06 
0.0 0.0 0.0 0.0 -0.0 0.0 5.570812 77.079353 -7.374148 92.835663 -11.979687 99.787941 10.153843 -1.745475 0.153277 -3.962723 -1.509232 1.0874 26.443951 -4.477675 -3.03848 7.440053 -0.696683 2.729018 -2.263275 -1.018001 -3.285662 -21.277498 5.560018 -7.214083 5e-06 0.0 -0.0 -0.07839 0.002198 -0.03701 -0.184057 0.061186 -0.07516 -0.172593 -0.055932 -0.001327 -112.881706 -87.618874 119.100197 69.707275 -24.122093 -7.575183 44.011063 -0.773634 0.286769 -3.931301 -4.79204 23.415787 17.636625 -26.322729 52.411201 -19.466656 -14.3956 29.410389 -0.0 -8.774822 -2e-06 16.253544 -18.245598 6.318396 -0.609775 -1.795653 -3.889328 -4.807088 -11.046809 -2.93785 4e-06 -20.976013 -0.0 -5.019971 -25.033546 -4.03188 5e-06 1e-06 0.0 -10.634533 -5.686969 -3.565587 10.573274 -17.922947 -3.1139 2e-06 -13.821206 1e-06 -0.501776 -31.181501 -4.027017 -11.31819 -59.699482 7.914294 -13.982713 -7.150198 -2.875041 13.77273 -8.401491 -3.218242 0.347732 -34.211544 0.771656 -0.963029 -17.733366 2.62102 -1e-06 0.0 -0.0 -17.346418 -20.095215 -4.201781 21.757559 -1.638374 3.866427 1e-06 -6.338822 1e-06 -1.69759 -22.59174 -6.194006 -1e-06 -5e-06 -3e-06 -14.756549 -79.091873 -156.720261 65.161316 -25.16209 -29.166462 22.827221 -1.896954 -0.094975 -0.949178 9.622933 24.348412 22.182121 -20.375898 49.933319 -16.701807 -16.743525 28.476519 -2e-06 -12.6906 -2e-06 16.5284 -17.850168 2.21406 -0.10592 -1.513854 -4.275882 -5.039041 -5.612871 -2.953557 3e-06 -11.020523 0.0 -6.111298 -15.89533 -3.840469 -0.0 0.0 -0.0 -10.28337 -5.680288 -4.341838 11.028293 -11.302402 -2.37263 -1.38427 -14.238579 -6.320119 -0.62544 -26.924185 -3.827601 -4.129066 -49.281303 -3.969585 -13.708523 -7.363475 -3.72094 18.141146 -14.052737 -3.242672 5e-06 -18.787266 -1e-06 -0.429712 -8.456043 2.555503 0.0 1e-06 0.0 -15.923534 -20.094482 -5.473585 30.41921 -7.190825 1.735928 2e-06 -8.162925 -0.0 -1.861901 -22.861469 -6.167942 -1e-06 -2e-06 -2e-06 119.355469 11.532399 -7.635415 86.681267 0.356847 -0.547991 -103.213577 -2.723211 8.708278 -6.411598 1.858495 2.23859 -1.000001 -0.0 -0.0 -70.562531 -8.789795 -23.616299 100.191132 1.967944 -0.657085 -46.808556 -4.964616 -2.561161 -5.76331 0.349708 0.955356 -1.000001 -0.0 2e-06 
0.0 0.0 0.0 0.0 -0.0 0.0 5.610575 74.545761 -7.741425 92.251534 -12.820093 100.095314 10.723617 -1.943879 0.239657 -3.588612 -1.59569 0.874693 27.069113 -4.500922 -3.043272 5.756974 -0.159705 2.60362 -2.255732 -0.952536 -3.074885 -19.712002 6.141281 -7.354049 4e-06 0.0 -0.0 -0.082412 -0.013298 -0.012483 -0.249297 0.058804 -0.070752 -0.240207 -0.083012 0.045154 -80.89856 -89.276115 86.584885 70.343018 -20.177799 -4.908559 44.738319 -0.543046 0.229933 -3.748237 -6.771904 24.023762 17.636629 -26.322737 52.411201 -19.466661 -14.395604 29.410393 -0.0 -8.774824 -2e-06 16.331324 -18.17243 6.33295 -0.609776 -1.795653 -3.889329 -4.80709 -11.046811 -2.937849 2e-06 -20.976019 2e-06 -5.019974 -25.033554 -4.031878 6e-06 0.0 -1e-06 -10.634537 -5.686972 -3.565587 10.573277 -17.922949 -3.1139 1e-06 -13.821208 2e-06 -0.501781 -31.181505 -4.027013 -11.050579 -59.666485 7.781139 -13.982718 -7.150198 -2.875041 13.772734 -8.401493 -3.218242 0.347731 -34.211555 0.771658 -0.96303 -17.73337 2.621021 -1e-06 1e-06 -1e-06 -17.346422 -20.095217 -4.201779 21.757561 -1.638375 3.866427 1e-06 -6.338824 1e-06 -1.697592 -22.591747 -6.194005 -1e-06 -3e-06 -2e-06 -19.638784 -78.622047 -152.235367 65.266876 -21.510691 -27.973974 23.516384 -1.925532 -0.087772 -0.476382 9.550242 22.65398 22.182116 -20.375891 49.933308 -16.701817 -16.74353 28.47653 -5e-06 -12.690601 1e-06 16.690369 -18.023687 2.220172 -0.105918 -1.513852 -4.275881 -5.039041 -5.61287 -2.953556 5e-06 -11.020523 -2e-06 -6.111296 -15.89533 -3.840471 -0.0 -0.0 -0.0 -10.283371 -5.680287 -4.341838 11.028296 -11.302402 -2.372633 -1.384267 -14.238579 -6.320121 -0.625436 -26.924185 -3.827599 -4.170608 -49.506409 -3.911989 -13.708526 -7.363473 -3.720939 18.141153 -14.052739 -3.242676 8e-06 -18.78727 -2e-06 -0.429712 -8.456045 2.555504 1e-06 0.0 -0.0 -15.923538 -20.094481 -5.473583 30.41921 -7.190829 1.735925 4e-06 -8.162925 -1e-06 -1.861902 -22.861467 -6.167941 -2e-06 -3e-06 -1e-06 115.236809 12.032034 -7.366574 91.45919 0.399422 -0.535793 -104.866852 -3.617664 8.451915 -6.454008 1.867403 2.259116 -0.999998 -0.0 -0.0 -72.808098 -10.059686 -25.014791 102.046707 2.002883 -0.579443 -46.754654 -2.426351 -1.802626 -6.480069 0.384055 0.967617 -1.000001 -1e-06 2e-06 
0.0 0.0 0.0 0.0 -0.0 0.0 5.70962 72.095413 -8.099006 91.869919 -13.518106 100.194328 11.287172 -2.201831 0.271025 -3.137742 -1.719769 0.841755 27.669184 -4.566777 -3.175876 4.198401 0.296956 2.542406 -2.208941 -0.918876 -2.986295 -18.25458 6.68845 -7.462479 7e-06 0.0 -0.0 -0.075819 -0.015315 -0.009321 -0.327846 0.07698 -0.098657 -0.311807 -0.104765 0.079897 27.905552 -88.724205 -22.903873 71.028351 -16.36659 -2.315022 44.90844 -0.318903 0.185327 -3.634968 -8.513344 24.731396 17.636625 -26.322733 52.411194 -19.466654 -14.395598 29.410385 -0.0 -8.774821 -1e-06 16.395651 -18.042601 6.358432 -0.609777 -1.795655 -3.889329 -4.807088 -11.046809 -2.93785 2e-06 -20.976015 1e-06 -5.019974 -25.033556 -4.031878 6e-06 0.0 -0.0 -10.634533 -5.686968 -3.565587 10.573271 -17.922947 -3.113899 2e-06 -13.821205 2e-06 -0.501778 -31.181501 -4.027012 -10.945621 -59.754757 7.699533 -13.982712 -7.150198 -2.875042 13.772727 -8.401489 -3.218241 0.34773 -34.211544 0.771661 -0.963029 -17.733366 2.62102 -1e-06 2e-06 -0.0 -17.346413 -20.095215 -4.201782 21.757555 -1.638374 3.866427 1e-06 -6.338822 1e-06 -1.697591 -22.591742 -6.194003 -2e-06 -3e-06 -2e-06 -24.733013 -78.413231 -147.791824 65.334396 -18.375103 -26.536722 24.093321 -1.96388 -0.084413 -0.118154 9.494942 20.979568 22.182114 -20.375898 49.933327 -16.701817 -16.74353 28.476536 -4e-06 -12.690602 2e-06 16.84646 -18.047928 2.181413 -0.105919 -1.513855 -4.275881 -5.039041 -5.612874 -2.953558 4e-06 -11.020525 -2e-06 -6.111298 -15.895336 -3.840472 -0.0 -0.0 0.0 -10.283371 -5.680288 -4.341837 11.028294 -11.302406 -2.372635 -1.384268 -14.238583 -6.320121 -0.625437 -26.924194 -3.827602 -4.229469 -49.588051 -3.913524 -13.708524 -7.363476 -3.720939 18.14115 -14.052739 -3.242676 7e-06 -18.78727 -2e-06 -0.429712 -8.456044 2.555504 0.0 -0.0 -0.0 -15.923536 -20.094482 -5.473585 30.419218 -7.190828 1.735923 4e-06 -8.162927 -1e-06 -1.861901 -22.861471 -6.167943 -0.0 -3e-06 -2e-06 111.379211 12.416999 -7.598027 95.994926 0.428362 -0.471916 -105.962898 -4.399557 8.483835 -6.741583 1.855764 2.249466 -0.999999 0.0 0.0 -75.206688 -11.269316 -26.185057 104.819046 2.127574 -0.537529 -47.852318 0.579339 -1.156716 -6.818085 0.402121 0.964821 -1.000002 -1e-06 1e-06 
0.0 0.0 0.0 0.0 -0.0 0.0 5.857884 69.587852 -8.442314 91.61557 -14.089014 100.174988 11.867215 -2.449062 0.272881 -2.705053 -1.822531 0.836952 28.233253 -4.708031 -3.299305 2.774513 0.613344 2.487669 -2.172195 -0.90193 -3.01274 -16.869978 7.202814 -7.605755 6e-06 0.0 0.0 -0.072871 -0.02973 0.008787 -0.40129 0.086263 -0.109353 -0.390456 -0.142225 0.128349 38.425091 -87.212662 -34.046749 71.967049 -12.753281 0.113909 44.566437 -0.0884 0.100303 -3.650201 -9.990202 25.750067 17.636633 -26.322733 52.411198 -19.466656 -14.395598 29.410381 -0.0 -8.774822 -3e-06 16.465761 -17.949163 6.40815 -0.609777 -1.795655 -3.889329 -4.807091 -11.046808 -2.93785 3e-06 -20.976015 -1e-06 -5.019973 -25.033554 -4.03188 6e-06 1e-06 0.0 -10.634537 -5.686972 -3.565588 10.573272 -17.922951 -3.113899 1e-06 -13.821206 2e-06 -0.501781 -31.181498 -4.027014 -10.804496 -59.915649 7.642507 -13.982716 -7.150199 -2.875042 13.772731 -8.40149 -3.218241 0.347731 -34.211544 0.771659 -0.96303 -17.733366 2.62102 -0.0 0.0 -2e-06 -17.346424 -20.095217 -4.20178 21.757565 -1.638374 3.866429 1e-06 -6.338823 1e-06 -1.697592 -22.591745 -6.194005 -1e-06 -3e-06 -2e-06 -29.709599 -78.431282 -143.495148 65.228729 -15.529728 -24.629316 24.814447 -2.028133 -0.09022 0.005509 9.583163 19.299192 22.182108 -20.375895 49.933327 -16.701813 -16.74353 28.476538 -3e-06 -12.6906 0.0 17.014582 -18.065821 2.165479 -0.105919 -1.513856 -4.275881 -5.039041 -5.612873 -2.953557 5e-06 -11.020521 -2e-06 -6.111297 -15.89533 -3.840471 0.0 -0.0 0.0 -10.283368 -5.680288 -4.341838 11.028294 -11.302404 -2.372633 -1.384267 -14.238581 -6.32012 -0.625437 -26.924187 -3.8276 -4.348685 -49.739685 -3.823416 -13.708524 -7.363472 -3.72094 18.14115 -14.052737 -3.242674 6e-06 -18.787266 -1e-06 -0.429712 -8.456042 2.555504 1e-06 0.0 0.0 -15.923532 -20.094479 -5.473585 30.41921 -7.190827 1.735922 2e-06 -8.162925 0.0 -1.8619 -22.861467 -6.167942 -2e-06 -2e-06 -1e-06 107.666985 12.699081 -8.166722 100.443001 0.477 -0.432028 -106.914207 -5.015825 8.644624 -7.136949 1.849016 2.239906 -1.000001 0.0 -0.0 -77.714012 -12.399206 -27.109772 107.861855 2.246516 -0.490016 -48.874287 2.543597 -0.767062 -7.116572 0.416769 0.936361 -1.000004 -1e-06 -1e-06 
0.0 0.0 0.0 0.0 -0.0 0.0 6.043491 67.065811 -8.778198 91.418633 -14.536864 100.024956 12.389462 -2.666924 0.28136 -2.275483 -1.891124 0.8526 28.826052 -4.898787 -3.400042 1.321504 0.757549 2.433465 -2.13745 -0.895241 -3.099394 -15.481998 7.698375 -7.849169 4e-06 -1e-06 -0.0 -0.078301 -0.048309 0.029526 -0.465257 0.087896 -0.111285 -0.463398 -0.180171 0.173438 40.823662 -85.82444 -36.942863 73.045227 -9.421992 2.294807 43.937988 0.152454 -0.02536 -3.71841 -11.406993 26.715105 17.636616 -26.322729 52.411194 -19.466656 -14.395594 29.410381 -1e-06 -8.774819 -2e-06 16.556448 -17.919474 6.448985 -0.609777 -1.795652 -3.889327 -4.807087 -11.046809 -2.937849 4e-06 -20.976011 1e-06 -5.019968 -25.033554 -4.03188 5e-06 2e-06 0.0 -10.634531 -5.686969 -3.565585 10.573271 -17.922945 -3.113899 2e-06 -13.821205 2e-06 -0.501779 -31.181498 -4.027013 -10.710756 -60.054779 7.588314 -13.982712 -7.150197 -2.875041 13.772726 -8.401489 -3.218242 0.347733 -34.211544 0.771658 -0.963029 -17.733366 2.62102 0.0 0.0 -1e-06 -17.346413 -20.095209 -4.201782 21.757551 -1.638375 3.866427 1e-06 -6.338822 1e-06 -1.697589 -22.591734 -6.194004 -1e-06 -3e-06 -2e-06 -34.665203 -78.478668 -139.177994 64.7855 -12.886057 -22.465618 25.867537 -2.18472 -0.113933 0.095635 9.753206 17.582125 22.182114 -20.375891 49.933308 -16.701807 -16.743525 28.476522 -2e-06 -12.690598 -2e-06 17.15378 -18.03948 2.154836 -0.105919 -1.513854 -4.275881 -5.03904 -5.612869 -2.953556 4e-06 -11.020519 -2e-06 -6.111296 -15.895328 -3.840469 0.0 0.0 -0.0 -10.283369 -5.680285 -4.341838 11.028294 -11.302401 -2.372632 -1.384269 -14.238576 -6.32012 -0.625437 -26.924179 -3.827599 -4.440348 -49.871479 -3.734041 -13.708523 -7.363469 -3.72094 18.141148 -14.052736 -3.242672 6e-06 -18.787266 0.0 -0.429711 -8.456042 2.555504 -0.0 0.0 -0.0 -15.923532 -20.094475 -5.473586 30.419205 -7.190826 1.735927 3e-06 -8.162922 0.0 -1.861904 -22.861464 -6.167938 -1e-06 -2e-06 -1e-06 104.083145 12.79859 -8.978963 104.809845 0.545406 -0.397939 -107.609955 -5.516976 8.92368 -7.665167 1.85927 2.232506 -0.999999 -0.0 -0.0 -80.339088 -13.277155 -27.892069 111.04805 2.343562 -0.427764 -49.653564 3.217164 -0.508114 -7.406528 0.439406 0.905165 -1.000002 -1e-06 -1e-06 
0.0 0.0 0.0 0.0 -0.0 0.0 6.259746 64.425995 -9.070873 91.332336 -14.846745 99.761909 12.918133 -2.888265 0.27982 -1.812144 -1.925102 0.914128 29.376507 -5.097111 -3.532857 -0.098482 0.683 2.417603 -2.143821 -0.880859 -3.296174 -14.11639 8.156094 -8.129904 8e-06 0.0 0.0 -0.086091 -0.062317 0.036004 -0.510317 0.098143 -0.122222 -0.518521 -0.218044 0.199325 40.863705 -84.591797 -37.470383 74.226532 -6.641669 3.97296 43.285965 0.300924 -0.250095 -3.630034 -12.729815 27.272863 17.636629 -26.322729 52.411198 -19.466667 -14.395597 29.410393 -1e-06 -8.774823 -2e-06 16.557024 -17.80374 6.498458 -0.609777 -1.795654 -3.889327 -4.80709 -11.046811 -2.937852 5e-06 -20.976019 -1e-06 -5.019969 -25.03356 -4.031881 6e-06 1e-06 -1e-06 -10.634537 -5.686972 -3.565587 10.573278 -17.922955 -3.113903 4e-06 -13.821211 1e-06 -0.501773 -31.181505 -4.027017 -10.519784 -60.013165 7.52704 -13.982714 -7.150199 -2.875042 13.772732 -8.401493 -3.218242 0.347736 -34.211555 0.77165 -0.963027 -17.733374 2.621018 -2e-06 1e-06 -0.0 -17.346418 -20.095221 -4.201784 21.757559 -1.638376 3.866428 2e-06 -6.338823 1e-06 -1.697588 -22.591745 -6.194008 -1e-06 -3e-06 -3e-06 -39.870655 -78.563164 -134.511642 64.093178 -10.432408 -20.150295 27.227591 -2.386894 -0.161878 0.219368 9.985852 16.246983 22.182116 -20.375891 49.933319 -16.701813 -16.74353 28.47653 -3e-06 -12.690602 -1e-06 17.374763 -17.994202 2.115952 -0.105919 -1.513856 -4.275881 -5.039042 -5.61287 -2.953557 4e-06 -11.02052 -2e-06 -6.111298 -15.895332 -3.840471 -0.0 -0.0 0.0 -10.283371 -5.680287 -4.341838 11.028296 -11.302405 -2.372633 -1.384268 -14.238583 -6.320121 -0.625437 -26.924194 -3.827601 -4.514448 -50.069733 -3.600452 -13.708527 -7.363473 -3.720939 18.14115 -14.052739 -3.242674 6e-06 -18.78727 -2e-06 -0.429711 -8.456041 2.555504 0.0 1e-06 0.0 -15.923538 -20.094479 -5.473586 30.419218 -7.190827 1.735926 3e-06 -8.162925 -0.0 -1.861901 -22.861467 -6.167942 -1e-06 -2e-06 -1e-06 100.652626 12.731504 -10.076374 109.147049 0.626115 -0.349971 -108.440697 -5.902545 9.310689 -8.101515 1.87316 2.242681 -0.999999 -0.0 0.0 -82.921097 -14.043505 -28.369646 114.228226 2.436325 -0.375468 -50.210548 4.831567 -0.1823 -7.8449 0.430953 0.869049 -1.000004 1e-06 -1e-06 
0.0 0.0 0.0 0.0 -0.0 0.0 6.434099 61.982704 -9.387675 91.301109 -15.014815 99.479317 13.396469 -2.989995 0.313993 -1.415039 -1.935273 0.897102 30.026058 -5.358496 -3.582723 -1.498554 0.518593 2.339537 -2.120714 -0.916088 -3.52403 -12.752472 8.529376 -8.365325 6e-06 -0.0 -0.0 -0.106962 -0.072867 0.049475 -0.566451 0.115957 -0.120848 -0.586771 -0.255531 0.225631 39.999916 -83.444382 -36.891869 75.366508 -4.165462 5.345594 43.086895 0.435036 -0.334343 -3.388233 -14.116947 26.896111 17.636625 -26.322741 52.411205 -19.466658 -14.3956 29.410395 0.0 -8.774822 -3e-06 16.583035 -17.758961 6.440157 -0.609776 -1.795652 -3.889328 -4.807092 -11.046813 -2.93785 2e-06 -20.976019 2e-06 -5.019972 -25.033562 -4.031879 5e-06 2e-06 -2e-06 -10.634537 -5.686971 -3.565587 10.573272 -17.922951 -3.113901 1e-06 -13.821209 4e-06 -0.501781 -31.181505 -4.027014 -10.41554 -59.874779 7.284828 -13.982718 -7.1502 -2.875041 13.772732 -8.401491 -3.218243 0.347727 -34.211555 0.771662 -0.963032 -17.733372 2.621023 -1e-06 -1e-06 -1e-06 -17.346426 -20.095221 -4.20178 21.757561 -1.638374 3.866428 0.0 -6.338824 0.0 -1.69759 -22.591749 -6.194005 -2e-06 -1e-06 -2e-06 -43.924484 -78.749992 -130.936981 63.14352 -8.205374 -17.629925 29.065836 -2.642711 -0.19764 0.360963 10.277317 14.886698 22.182117 -20.375898 49.933327 -16.701813 -16.74353 28.476538 -3e-06 -12.690601 -1e-06 17.287291 -17.850315 2.143362 -0.105919 -1.513855 -4.275882 -5.039042 -5.612872 -2.953557 4e-06 -11.020523 -2e-06 -6.111297 -15.895334 -3.840471 -0.0 -0.0 0.0 -10.283371 -5.680288 -4.341839 11.028296 -11.302406 -2.372634 -1.384269 -14.238581 -6.320122 -0.625436 -26.924191 -3.827601 -4.522759 -49.999199 -3.526204 -13.708524 -7.363476 -3.72094 18.14115 -14.052737 -3.242674 6e-06 -18.78727 -1e-06 -0.429712 -8.456043 2.555504 -0.0 0.0 -0.0 -15.923538 -20.094482 -5.473587 30.419218 -7.190828 1.735925 3e-06 -8.162926 -1e-06 -1.861904 -22.861469 -6.167941 -1e-06 -3e-06 -1e-06 97.4468 12.569039 -11.276341 113.190819 0.658691 -0.288634 -108.572815 -6.285016 9.71262 -8.893652 1.900517 2.231268 -0.999999 0.0 0.0 -85.612129 -14.460176 -28.734501 117.347679 2.502069 -0.325018 -50.646793 4.382845 -0.34258 -7.910544 0.487209 0.859747 -1.000002 -1e-06 -2e-06 
0.0 0.0 0.0 0.0 -0.0 0.0 6.611131 59.400517 -9.695292 91.345055 -15.0101 99.123695 13.882031 -3.090716 0.336014 -0.992368 -1.944032 0.940159 30.688932 -5.527572 -3.635556 -2.776446 0.181018 2.354283 -2.138404 -0.932794 -3.829454 -11.535471 8.902571 -8.719532 6e-06 -0.0 0.0 -0.124364 -0.073473 0.051207 -0.593872 0.144539 -0.122808 -0.621898 -0.284769 0.231976 38.391575 -82.53949 -35.597965 76.342812 -1.996568 6.612481 43.565166 0.577547 -0.489688 -3.127993 -15.563769 26.307543 17.636631 -26.322727 52.411182 -19.466661 -14.395598 29.410385 -1e-06 -8.774822 -0.0 16.549198 -17.638157 6.40182 -0.609775 -1.795652 -3.889326 -4.807088 -11.046813 -2.937849 3e-06 -20.976019 1e-06 -5.019973 -25.033558 -4.031878 7e-06 1e-06 -1e-06 -10.634533 -5.68697 -3.565586 10.573276 -17.922951 -3.113902 2e-06 -13.821209 3e-06 -0.501779 -31.181511 -4.027016 -10.238171 -59.683872 7.122105 -13.982714 -7.150198 -2.875039 13.772731 -8.401493 -3.218242 0.347729 -34.211555 0.771655 -0.963029 -17.73337 2.62102 -0.0 1e-06 -2e-06 -17.34642 -20.095221 -4.201779 21.757563 -1.638375 3.866427 1e-06 -6.338823 0.0 -1.697589 -22.591742 -6.194005 0.0 -5e-06 -3e-06 -48.330555 -78.969322 -126.879662 61.923191 -6.158967 -15.127717 31.324038 -2.861777 -0.264118 0.488724 10.781609 14.267605 22.182106 -20.375887 49.9333 -16.701809 -16.74353 28.476524 -2e-06 -12.690598 0.0 17.293562 -17.70775 2.141144 -0.105919 -1.513856 -4.27588 -5.03904 -5.612872 -2.953556 4e-06 -11.02052 -2e-06 -6.111298 -15.89533 -3.840469 -0.0 -0.0 0.0 -10.283369 -5.680287 -4.341836 11.028295 -11.302402 -2.372633 -1.384269 -14.238579 -6.320119 -0.625439 -26.924187 -3.8276 -4.517347 -49.993153 -3.440719 -13.708523 -7.363475 -3.720937 18.14115 -14.052734 -3.242675 6e-06 -18.787264 -2e-06 -0.429712 -8.45604 2.555503 0.0 0.0 -0.0 -15.923538 -20.094482 -5.473581 30.41921 -7.190824 1.735922 2e-06 -8.162924 -1e-06 -1.861903 -22.861467 -6.16794 -1e-06 -2e-06 -1e-06 94.368637 12.248416 -12.670953 117.227715 0.698272 -0.204949 -108.933456 -6.650127 10.203817 -9.511798 1.905777 2.226312 -0.999998 -0.0 -0.0 -88.256363 -14.677279 -29.046364 120.383522 2.529909 -0.294068 -51.101177 4.780982 -0.644418 -8.065335 0.513494 0.851927 -1.000002 -1e-06 -0.0 
0.0 0.0 0.0 0.0 -0.0 0.0 6.755028 56.726337 -10.064361 91.422691 -14.775306 98.74369 14.363097 -3.152971 0.366768 -0.576434 -1.94647 0.984039 31.412521 -5.619739 -3.636448 -3.843428 -0.253962 2.429383 -2.156874 -0.893123 -4.180669 -10.450834 9.247019 -9.054988 6e-06 -1e-06 -0.0 -0.137399 -0.070034 0.055247 -0.597616 0.174441 -0.116802 -0.631853 -0.307891 0.23556 36.257359 -81.876701 -33.7355 76.987282 0.115292 7.767507 45.004532 0.698054 -0.651568 -2.852252 -16.987078 25.491367 17.636627 -26.322733 52.411201 -19.466665 -14.395598 29.410393 -0.0 -8.774822 -4e-06 16.519722 -17.537498 6.335162 -0.609778 -1.795654 -3.889329 -4.807089 -11.046813 -2.93785 4e-06 -20.976021 -2e-06 -5.019972 -25.03356 -4.031879 6e-06 1e-06 -2e-06 -10.634531 -5.68697 -3.565587 10.573272 -17.922951 -3.113904 3e-06 -13.821211 1e-06 -0.501777 -31.181507 -4.027015 -10.168094 -59.467754 7.016626 -13.982716 -7.150199 -2.875041 13.77273 -8.401494 -3.218246 0.347734 -34.211555 0.771651 -0.963028 -17.733372 2.62102 0.0 -0.0 1e-06 -17.346424 -20.095224 -4.201783 21.757561 -1.638375 3.866428 3e-06 -6.338824 -0.0 -1.697588 -22.591745 -6.194009 -0.0 -4e-06 -1e-06 -52.492847 -79.22744 -122.973801 60.488995 -4.374025 -12.744658 33.988522 -3.016206 -0.341166 0.447108 11.514686 14.001834 22.182114 -20.375895 49.933327 -16.701815 -16.743528 28.476536 -3e-06 -12.6906 -0.0 17.239565 -17.540253 2.179039 -0.105919 -1.513855 -4.275882 -5.039041 -5.61287 -2.953557 4e-06 -11.020523 -2e-06 -6.111297 -15.895332 -3.840471 -0.0 -0.0 0.0 -10.283369 -5.680286 -4.34184 11.028294 -11.302405 -2.372633 -1.384268 -14.238583 -6.320122 -0.625438 -26.924191 -3.827601 -4.530679 -49.965977 -3.342791 -13.708522 -7.363478 -3.72094 18.141146 -14.052737 -3.242673 7e-06 -18.787271 -3e-06 -0.429712 -8.456045 2.555505 -0.0 0.0 -1e-06 -15.923532 -20.094484 -5.473586 30.41921 -7.190825 1.735925 2e-06 -8.162926 -0.0 -1.861901 -22.861469 -6.167941 -1e-06 -4e-06 -1e-06 91.403511 11.745383 -14.154855 121.221596 0.768752 -0.138298 -109.263298 -7.021693 10.771145 -9.98868 1.919976 2.227935 -0.999998 -0.0 -0.0 -90.897713 -14.670136 -29.425817 123.305092 2.492543 -0.259331 -51.412258 5.39144 -1.370034 -8.151198 0.532395 0.843254 -1.000001 2e-06 1e-06 
0.0 0.0 0.0 0.0 -0.0 0.0 6.842094 54.022537 -10.515221 91.541374 -14.212852 98.364967 14.832129 -3.193226 0.411515 -0.155867 -1.94259 1.010821 32.208694 -5.642505 -3.622232 -4.524946 -0.687997 2.59193 -2.174536 -0.798145 -4.553351 -9.501179 9.575384 -9.339979 7e-06 -0.0 -0.0 -0.14998 -0.061838 0.056629 -0.580177 0.206024 -0.106883 -0.616147 -0.323544 0.230251 33.486217 -81.430832 -31.15593 77.17289 2.215565 8.646852 47.281311 0.872316 -0.831322 -2.646933 -18.325743 24.952757 17.636625 -26.322737 52.411194 -19.46666 -14.3956 29.410389 -0.0 -8.774822 -4e-06 16.589113 -17.47304 6.206042 -0.609776 -1.795653 -3.889328 -4.807091 -11.046811 -2.937851 4e-06 -20.976015 2e-06 -5.019972 -25.033552 -4.031878 6e-06 1e-06 1e-06 -10.634534 -5.686971 -3.565588 10.573274 -17.922951 -3.113899 3e-06 -13.821209 -4e-06 -0.50178 -31.181505 -4.027016 -10.149632 -59.355022 6.908993 -13.982712 -7.150198 -2.87504 13.772727 -8.401493 -3.218243 0.347735 -34.211555 0.771654 -0.963031 -17.733372 2.621025 0.0 -1e-06 2e-06 -17.34642 -20.095219 -4.20178 21.757557 -1.638375 3.866427 2e-06 -6.338825 1e-06 -1.697589 -22.591745 -6.194006 -0.0 -4e-06 -3e-06 -56.056145 -79.465103 -119.544838 58.970715 -2.889148 -10.623272 36.864601 -3.051173 -0.400996 0.224182 12.35723 14.127867 22.182121 -20.375895 49.933315 -16.701815 -16.743528 28.476532 -3e-06 -12.690602 -1e-06 17.142849 -17.415257 2.246878 -0.105919 -1.513856 -4.275883 -5.039042 -5.612869 -2.953556 3e-06 -11.020519 -1e-06 -6.111297 -15.89533 -3.840471 -0.0 0.0 -0.0 -10.283373 -5.680287 -4.341839 11.028296 -11.302406 -2.372633 -1.384269 -14.238582 -6.320121 -0.625439 -26.924191 -3.827601 -4.556546 -49.953365 -3.244227 -13.708526 -7.363476 -3.720939 18.14115 -14.052737 -3.242674 7e-06 -18.78727 -1e-06 -0.429712 -8.456045 2.555504 0.0 -0.0 -0.0 -15.923536 -20.094482 -5.473586 30.419214 -7.190825 1.735926 2e-06 -8.162926 0.0 -1.861903 -22.861467 -6.16794 -1e-06 -4e-06 -2e-06 88.673653 11.079484 -15.667251 125.083961 0.861425 -0.08132 -109.418732 -7.40452 11.401751 -10.304154 1.938576 2.235388 -1.0 -0.0 0.0 -93.347298 -14.445749 -29.849255 125.961678 2.435694 -0.245184 -51.655827 6.50413 -2.482203 -8.180528 0.541425 0.831081 -1.000001 1e-06 0.0 
0.0 0.0 0.0 0.0 -0.0 0.0 6.853723 51.288223 -11.019197 91.818398 -13.220144 97.923637 15.288108 -3.32753 0.37825 0.314002 -2.008438 1.129323 33.123859 -5.5862 -3.612675 -4.821722 -1.078526 2.831871 -2.153989 -0.658258 -4.92446 -8.568041 9.88909 -9.474564 5e-06 0.0 -0.0 -0.144444 -0.027821 0.027618 -0.574942 0.275855 -0.137506 -0.595807 -0.327462 0.202573 29.652775 -81.140175 -27.482281 76.963402 4.415754 9.496484 50.186424 1.273897 -0.938206 -2.363019 -19.583206 24.415855 17.636625 -26.322729 52.411186 -19.466663 -14.395598 29.410389 -0.0 -8.774822 -1e-06 16.607878 -17.282862 6.113896 -0.609775 -1.795654 -3.889328 -4.80709 -11.046811 -2.937851 6e-06 -20.976015 0.0 -5.019969 -25.033558 -4.031878 4e-06 0.0 1e-06 -10.634532 -5.686972 -3.565586 10.573271 -17.922951 -3.113901 3e-06 -13.821209 -2e-06 -0.501778 -31.181505 -4.027016 -10.20286 -59.392567 6.877307 -13.982712 -7.150197 -2.875038 13.77273 -8.401492 -3.218242 0.347736 -34.211552 0.771651 -0.963028 -17.733372 2.621021 -0.0 1e-06 -0.0 -17.34642 -20.095219 -4.201778 21.757559 -1.638374 3.866424 3e-06 -6.338823 -1e-06 -1.697587 -22.591745 -6.194006 -0.0 -5e-06 -2e-06 -59.013504 -79.816689 -116.75061 57.545879 -1.758118 -8.776646 40.012585 -3.092849 -0.494961 -0.24112 13.383005 14.301948 22.182117 -20.375896 49.933319 -16.701815 -16.743528 28.47653 -4e-06 -12.690601 -1e-06 17.019123 -17.152792 2.257861 -0.105919 -1.513855 -4.275881 -5.039041 -5.612873 -2.953557 4e-06 -11.020524 -2e-06 -6.111299 -15.895334 -3.840471 -0.0 0.0 -1e-06 -10.28337 -5.680287 -4.341838 11.028296 -11.302407 -2.372633 -1.384269 -14.238584 -6.320121 -0.625439 -26.924196 -3.827601 -4.523727 -49.802124 -3.259258 -13.708522 -7.363479 -3.720938 18.14115 -14.052739 -3.242675 7e-06 -18.78727 -4e-06 -0.429712 -8.456043 2.555504 0.0 -1e-06 -0.0 -15.923536 -20.094484 -5.473582 30.419214 -7.190827 1.735925 2e-06 -8.162928 -1e-06 -1.861902 -22.861473 -6.167942 -0.0 -4e-06 -1e-06 86.267761 10.273607 -17.299116 128.876022 0.953778 -0.036582 -109.370453 -7.863478 12.101903 -11.037449 1.931928 2.20444 -0.999998 -0.0 0.0 -96.065323 -14.694705 -29.518316 129.072205 2.376109 -0.257729 -52.137909 9.810024 -3.587131 -7.855248 0.537145 0.786314 -1.000001 -0.0 -1e-06 
0.0 0.0 0.0 0.0 -0.0 0.0 6.7959 48.395912 -11.566673 92.054306 -11.784528 97.672501 15.844101 -3.415774 0.426573 0.674012 -2.049558 1.103373 34.009892 -5.478059 -3.542495 -4.504516 -1.162023 3.053627 -2.163127 -0.613929 -5.226537 -7.959805 10.157638 -9.656223 6e-06 0.0 0.0 -0.148675 -0.012207 0.011933 -0.532635 0.31102 -0.138038 -0.544752 -0.332346 0.172572 25.780066 -80.892708 -23.638233 76.41777 6.523382 9.834506 53.229168 1.637518 -1.133349 -2.144675 -20.477663 24.110094 17.636633 -26.322735 52.411201 -19.466665 -14.3956 29.410385 -1e-06 -8.774824 0.0 16.675819 -17.165203 5.950878 -0.609776 -1.795653 -3.889326 -4.807089 -11.046812 -2.937851 4e-06 -20.976019 2e-06 -5.019974 -25.03356 -4.031879 6e-06 1e-06 -0.0 -10.634534 -5.686971 -3.565587 10.573274 -17.922955 -3.113899 3e-06 -13.821211 -1e-06 -0.501777 -31.181511 -4.027016 -10.087404 -59.356651 6.711858 -13.982716 -7.150198 -2.875043 13.772731 -8.401495 -3.218241 0.347735 -34.211559 0.771655 -0.963029 -17.733372 2.62102 -0.0 -0.0 1e-06 -17.346418 -20.095221 -4.20178 21.757559 -1.638375 3.866426 2e-06 -6.338823 1e-06 -1.697589 -22.591745 -6.194005 -2e-06 -4e-06 0.0 -60.160553 -80.168762 -115.447342 56.180801 -0.908657 -8.007559 43.21241 -3.232048 -0.541211 -0.715831 14.527474 15.046277 22.182116 -20.375893 49.933319 -16.701807 -16.743528 28.476528 -3e-06 -12.6906 -0.0 16.909571 -17.120499 2.316087 -0.105919 -1.513855 -4.275881 -5.039041 -5.612869 -2.953555 4e-06 -11.020525 -1e-06 -6.111298 -15.895332 -3.840471 -0.0 0.0 -0.0 -10.283369 -5.680285 -4.341839 11.028295 -11.302402 -2.372632 -1.384269 -14.238579 -6.32012 -0.625438 -26.924183 -3.8276 -4.545054 -49.832687 -3.198117 -13.708524 -7.363474 -3.72094 18.141151 -14.052739 -3.242673 7e-06 -18.78727 -3e-06 -0.429712 -8.456044 2.555504 -0.0 -1e-06 2e-06 -15.923536 -20.094482 -5.473585 30.41921 -7.190827 1.735926 3e-06 -8.162928 -0.0 -1.861904 -22.861469 -6.167942 0.0 -3e-06 -1e-06 84.127861 9.503979 -18.88615 132.584076 1.029754 0.024314 -109.673141 -8.259655 12.817803 -11.421148 1.938474 2.201037 -0.999998 0.0 0.0 -98.030525 -15.086971 -29.043695 131.457047 2.291053 -0.216867 -52.526119 14.348911 -4.759945 -7.982141 0.573736 0.791803 -1.000003 2e-06 -1e-06 
0.0 0.0 0.0 0.0 -0.0 0.0 6.671605 45.286419 -12.136259 92.278389 -9.768691 97.577919 16.444653 -3.539429 0.394128 1.094082 -2.103147 1.101969 34.888672 -5.273237 -3.390783 -3.771357 -1.097523 3.299174 -2.14148 -0.5298 -5.552131 -7.581215 10.448074 -9.665609 4e-06 0.0 0.0 -0.139267 0.002509 -0.011635 -0.512705 0.337271 -0.163705 -0.50209 -0.330345 0.149958 21.965731 -80.599388 -19.931547 75.684265 8.342885 9.872265 56.123138 1.974249 -1.341351 -2.037073 -21.071491 24.30979 17.636637 -26.322733 52.41119 -19.466665 -14.395598 29.410389 -2e-06 -8.774822 -0.0 16.757938 -16.919415 5.843768 -0.609777 -1.795654 -3.889329 -4.807087 -11.046811 -2.937852 7e-06 -20.976015 -1e-06 -5.019965 -25.033554 -4.031882 5e-06 0.0 -1e-06 -10.634533 -5.68697 -3.565591 10.573274 -17.922953 -3.1139 5e-06 -13.821206 -0.0 -0.501773 -31.181505 -4.027015 -9.845224 -59.260349 6.696401 -13.982714 -7.150199 -2.875044 13.772731 -8.401491 -3.21824 0.347739 -34.211555 0.771652 -0.96303 -17.733372 2.621021 2e-06 2e-06 1e-06 -17.346416 -20.095217 -4.201785 21.757557 -1.638377 3.866428 2e-06 -6.338823 0.0 -1.697587 -22.591745 -6.194002 0.0 -5e-06 -2e-06 -61.182655 -80.496925 -114.17234 54.826633 -0.474866 -7.554923 46.603687 -3.350932 -0.562818 -1.352704 15.889893 16.177412 22.182116 -20.375891 49.933308 -16.701811 -16.743526 28.476524 -2e-06 -12.690599 -2e-06 16.881063 -17.047247 2.273622 -0.10592 -1.513857 -4.275882 -5.039041 -5.612872 -2.953557 3e-06 -11.02052 -2e-06 -6.111297 -15.895329 -3.84047 0.0 -0.0 -0.0 -10.283369 -5.680285 -4.341839 11.028296 -11.302407 -2.372633 -1.384268 -14.238581 -6.32012 -0.625439 -26.924187 -3.827598 -4.616329 -49.826225 -3.119832 -13.708524 -7.363477 -3.720939 18.141146 -14.052738 -3.242673 6e-06 -18.78727 -3e-06 -0.429712 -8.456043 2.555501 -0.0 -0.0 1e-06 -15.923532 -20.094479 -5.473586 30.419205 -7.190826 1.735927 3e-06 -8.162925 -0.0 -1.861901 -22.861467 -6.167938 0.0 -3e-06 -2e-06 82.271492 8.849464 -20.442003 136.315323 1.108637 0.14219 -110.242401 -8.69575 13.497353 -11.464683 1.923104 2.220105 -0.999999 -0.0 -0.0 -99.418312 -15.273907 -29.210728 133.579407 2.140111 -0.218957 -52.369499 18.241838 -5.689196 -8.268738 0.567057 0.759719 -1.000002 -0.0 -0.0 
0.0 0.0 0.0 0.0 -0.0 0.0 6.356585 42.079758 -12.820125 92.422882 -7.207741 97.721451 17.19136 -3.559837 0.585615 1.428534 -2.096041 0.926609 35.906349 -5.088984 -3.236844 -2.766505 -0.789926 3.343268 -2.196211 -0.50753 -5.620017 -7.179185 10.661483 -9.546475 8e-06 -0.0 0.0 -0.152968 -0.032483 0.016317 -0.51082 0.29291 -0.116043 -0.503688 -0.354625 0.159292 18.829893 -80.259666 -16.63765 75.017761 10.507042 9.278822 58.652592 1.762564 -1.747398 -2.065309 -21.519156 24.97011 17.636625 -26.322737 52.411194 -19.466661 -14.395597 29.410389 -0.0 -8.774822 -0.0 16.91037 -16.862638 5.651016 -0.609779 -1.795655 -3.889327 -4.80709 -11.046813 -2.937848 4e-06 -20.976019 1e-06 -5.019972 -25.03356 -4.031883 4e-06 2e-06 -1e-06 -10.634535 -5.686972 -3.565587 10.573275 -17.922947 -3.1139 3e-06 -13.821206 0.0 -0.501776 -31.181505 -4.027016 -9.663507 -59.187714 6.519669 -13.982714 -7.150196 -2.875042 13.772727 -8.401491 -3.218242 0.347736 -34.211544 0.771654 -0.96303 -17.733366 2.621021 1e-06 1e-06 -0.0 -17.346416 -20.095217 -4.201782 21.757555 -1.638375 3.866426 2e-06 -6.338822 0.0 -1.697586 -22.591742 -6.194004 0.0 -5e-06 -2e-06 -60.894073 -80.86937 -113.942337 53.396832 -0.100517 -7.212355 50.277866 -3.282143 -0.488933 -1.945023 17.141575 17.383078 22.182116 -20.3759 49.933323 -16.701811 -16.74353 28.47653 -4e-06 -12.690601 1e-06 16.808651 -17.091431 2.347863 -0.105921 -1.513854 -4.275882 -5.03904 -5.612872 -2.953557 4e-06 -11.020521 -0.0 -6.111296 -15.89533 -3.840471 -0.0 0.0 0.0 -10.283371 -5.680288 -4.341839 11.028293 -11.302404 -2.372635 -1.384267 -14.23858 -6.32012 -0.625439 -26.924189 -3.8276 -4.822595 -50.068405 -2.762546 -13.708526 -7.363477 -3.720941 18.141148 -14.052739 -3.242674 6e-06 -18.78727 -2e-06 -0.429712 -8.456043 2.555505 0.0 0.0 -0.0 -15.923532 -20.094482 -5.473586 30.41921 -7.190826 1.735923 3e-06 -8.162925 -1e-06 -1.861904 -22.861469 -6.167938 0.0 -3e-06 -3e-06 80.520287 8.168072 -21.846359 139.952682 1.107139 0.33009 -110.491249 -8.862275 14.200426 -11.018284 1.994256 2.278946 -1.0 -0.0 0.0 -99.816475 -14.849289 -30.233183 135.218018 2.125057 -0.140911 -52.118382 20.909092 -6.94663 -8.364242 0.607027 0.875403 -1.000003 1e-06 -1e-06 
0.0 0.0 0.0 0.0 -0.0 0.0 5.779695 39.118046 -13.651861 92.719009 -4.173339 98.009521 17.990911 -3.862395 0.60226 1.833359 -2.089384 0.881723 37.019829 -4.798953 -3.022289 -1.686368 -0.45555 3.451023 -2.062184 -0.636473 -5.587852 -7.281975 10.904836 -9.334309 3e-06 1e-06 -0.0 -0.126613 -0.026545 0.021108 -0.466094 0.326158 -0.108504 -0.436932 -0.375712 0.155954 14.041622 -79.949577 -11.676847 74.734917 13.016639 9.210864 60.955032 1.778318 -1.610837 -1.421416 -22.045927 24.892544 17.636621 -26.322733 52.411194 -19.466656 -14.395597 29.410385 -1e-06 -8.774821 -3e-06 16.908939 -16.826838 5.662422 -0.609776 -1.795653 -3.889326 -4.807089 -11.046811 -2.937849 4e-06 -20.976015 -0.0 -5.019971 -25.033556 -4.031878 6e-06 2e-06 -2e-06 -10.634531 -5.686969 -3.565584 10.573271 -17.922949 -3.1139 3e-06 -13.821206 1e-06 -0.50178 -31.181501 -4.027015 -9.918169 -59.458794 6.548525 -13.982712 -7.150195 -2.87504 13.772727 -8.401491 -3.218241 0.347735 -34.211544 0.771654 -0.963028 -17.73337 2.621019 2e-06 -0.0 1e-06 -17.346416 -20.095215 -4.20178 21.757555 -1.638374 3.866425 2e-06 -6.338822 1e-06 -1.697589 -22.591742 -6.194005 0.0 -4e-06 -2e-06 -61.018677 -81.326645 -113.674599 51.766449 -0.112581 -6.451047 54.773907 -3.343054 -0.34797 -2.92766 18.458225 18.420555 22.182117 -20.375898 49.933319 -16.701815 -16.74353 28.476536 -3e-06 -12.690599 -1e-06 16.527872 -16.923462 2.311483 -0.105918 -1.513857 -4.275882 -5.039041 -5.61287 -2.953557 4e-06 -11.020526 -2e-06 -6.111297 -15.895334 -3.840471 -0.0 0.0 -0.0 -10.283371 -5.680288 -4.341839 11.028292 -11.302404 -2.372633 -1.384267 -14.238579 -6.320121 -0.625439 -26.924187 -3.827601 -4.765944 -49.825855 -2.846369 -13.708524 -7.363475 -3.72094 18.141148 -14.05274 -3.242672 6e-06 -18.78727 -2e-06 -0.429712 -8.456045 2.555502 0.0 0.0 1e-06 -15.923532 -20.094484 -5.473585 30.41921 -7.190825 1.735925 4e-06 -8.162927 -1e-06 -1.861901 -22.861471 -6.167942 1e-06 -3e-06 -3e-06 78.769295 7.284918 -23.235596 143.360672 0.969487 0.510565 -108.869446 -8.99386 14.51469 -11.448545 2.017382 2.247024 -0.999999 0.0 -0.0 -100.491608 -14.465388 -31.775635 137.445435 2.113026 -0.108449 -52.327972 22.179024 -8.312059 -7.540827 0.690404 0.879659 -1.000004 -0.0 -0.0 
0.0 0.0 0.0 0.0 -0.0 0.0 5.146105 35.934795 -14.520107 92.914948 -0.617808 98.468445 18.919004 -4.116323 0.74046 2.257831 -2.132584 0.789138 38.163185 -4.457716 -2.701851 -0.391575 -0.036133 3.59731 -2.066913 -0.601521 -5.53148 -7.80631 11.277806 -9.261887 5e-06 0.0 -0.0 -0.109737 -0.015276 0.017027 -0.416285 0.321917 -0.105847 -0.372588 -0.349131 0.142552 9.776207 -79.368141 -7.190765 74.55027 15.482657 9.064631 62.830414 1.594095 -1.670962 -0.611214 -22.525824 25.519594 17.636639 -26.322739 52.411205 -19.466663 -14.395598 29.410395 0.0 -8.774825 -4e-06 16.917772 -16.71088 5.623425 -0.609779 -1.795654 -3.889332 -4.807091 -11.046814 -2.93785 4e-06 -20.976019 0.0 -5.01997 -25.033562 -4.031884 5e-06 1e-06 -0.0 -10.634538 -5.686975 -3.565587 10.573277 -17.922955 -3.1139 4e-06 -13.821213 1e-06 -0.501778 -31.181507 -4.027017 -9.80934 -59.608627 6.441965 -13.982716 -7.1502 -2.875041 13.772731 -8.401493 -3.218242 0.347732 -34.211555 0.771656 -0.96303 -17.73337 2.62102 -1e-06 1e-06 1e-06 -17.346422 -20.095222 -4.201783 21.757561 -1.638373 3.866428 2e-06 -6.338824 -1e-06 -1.69759 -22.591749 -6.194005 -1e-06 -3e-06 -2e-06 -61.960232 -81.577736 -112.18399 49.76149 -0.202738 -6.268423 59.644264 -3.44057 -0.260695 -3.768333 19.331297 19.809639 22.182114 -20.375898 49.933327 -16.701811 -16.743526 28.47653 -1e-06 -12.690601 -1e-06 16.410711 -16.870537 2.299439 -0.10592 -1.513855 -4.275882 -5.039042 -5.61287 -2.953555 3e-06 -11.020525 -1e-06 -6.111298 -15.895334 -3.84047 -0.0 0.0 -0.0 -10.283372 -5.680288 -4.341839 11.028295 -11.302406 -2.372633 -1.384268 -14.238579 -6.32012 -0.62544 -26.924187 -3.8276 -4.685159 -49.763634 -2.93206 -13.708527 -7.363476 -3.720942 18.141148 -14.052739 -3.242673 6e-06 -18.787271 -1e-06 -0.429711 -8.456045 2.555503 0.0 -0.0 -1e-06 -15.923536 -20.094484 -5.473585 30.419214 -7.190827 1.735927 2e-06 -8.162926 -3e-06 -1.861903 -22.861469 -6.16794 1e-06 -3e-06 -2e-06 76.829353 6.259939 -24.604836 146.757355 0.818367 0.745945 -106.794357 -9.248038 14.555594 -11.046389 2.002076 2.253413 -0.999999 0.0 0.0 -100.603981 -14.420768 -33.650249 138.541107 2.011688 0.104921 -52.022903 22.747149 -9.837523 -7.37465 0.792957 0.819414 -1.000001 -0.0 0.0 
0.0 0.0 0.0 0.0 -0.0 0.0 4.407998 32.815216 -15.436278 93.242851 3.07391 99.082321 19.856394 -4.415596 0.929361 2.621003 -2.194268 0.692349 39.259594 -4.165136 -2.365519 0.841201 0.41049 3.671802 -2.031417 -0.444931 -5.363943 -8.746036 11.69326 -9.121014 9e-06 -0.0 -0.0 -0.080606 0.00535 -0.000632 -0.363595 0.325219 -0.124937 -0.311353 -0.311655 0.124005 5.952371 -78.496513 -3.028458 74.559517 18.056932 8.827437 64.456612 1.189368 -1.813329 0.324732 -23.085405 25.983177 17.636627 -26.322729 52.411198 -19.466656 -14.395592 29.410393 -0.0 -8.774821 -1e-06 16.937923 -16.574591 5.571953 -0.609774 -1.79565 -3.889327 -4.807091 -11.046813 -2.93785 6e-06 -20.976015 -2e-06 -5.019969 -25.03356 -4.031879 6e-06 1e-06 -2e-06 -10.634535 -5.686969 -3.56559 10.573274 -17.922951 -3.113903 3e-06 -13.821209 0.0 -0.501776 -31.181501 -4.02702 -9.753677 -59.734341 6.375386 -13.982715 -7.150198 -2.875046 13.772729 -8.401489 -3.218242 0.347734 -34.211544 0.771655 -0.963028 -17.733368 2.62102 -0.0 1e-06 1e-06 -17.346416 -20.095217 -4.201784 21.757557 -1.638376 3.866431 1e-06 -6.338822 1e-06 -1.697591 -22.591747 -6.194007 -0.0 -4e-06 -1e-06 -62.731991 -81.906769 -110.749001 47.701244 -0.581649 -6.603129 64.804916 -3.513181 -0.213879 -4.679306 19.80533 20.955124 22.182117 -20.375895 49.933323 -16.701815 -16.743528 28.476532 -2e-06 -12.690603 -0.0 16.340473 -16.910051 2.339338 -0.10592 -1.513859 -4.275883 -5.039042 -5.612871 -2.953557 4e-06 -11.020525 -2e-06 -6.111301 -15.895336 -3.840472 0.0 0.0 -0.0 -10.283373 -5.680289 -4.341839 11.028296 -11.302407 -2.372634 -1.384269 -14.238583 -6.320122 -0.625438 -26.924191 -3.827603 -4.652782 -49.829628 -2.926203 -13.708529 -7.363479 -3.720941 18.141153 -14.052739 -3.242675 6e-06 -18.78727 -4e-06 -0.429711 -8.456043 2.555503 -0.0 -0.0 -0.0 -15.923539 -20.094492 -5.473586 30.419218 -7.190826 1.735926 2e-06 -8.162927 -2e-06 -1.861902 -22.861473 -6.167946 0.0 -2e-06 -2e-06 74.548828 4.954842 -25.824438 149.731873 0.702235 0.946959 -103.860435 -9.350814 14.254357 -10.716486 2.003759 2.262204 -0.999998 0.0 -0.0 -100.176331 -14.852516 -35.957832 139.097275 1.973433 0.410375 -51.558952 22.247549 -11.393757 -7.324808 0.886661 0.715158 -1.000001 -0.0 0.0 
0.0 0.0 0.0 0.0 -0.0 0.0 3.688686 29.774916 -16.286407 93.764008 6.930149 99.828003 20.720346 -4.726699 0.988703 3.052969 -2.283059 0.684096 40.322273 -3.929058 -2.031171 2.145988 0.768443 3.739796 -2.000491 -0.166175 -5.201392 -10.324178 12.219021 -8.923407 8e-06 -0.0 0.0 -0.038958 -0.001983 -0.008366 -0.344427 0.286492 -0.153917 -0.285557 -0.287568 0.134911 2.167539 -77.40554 0.932787 74.837997 20.331059 8.557989 65.595871 0.661371 -2.044599 1.470742 -23.487761 26.618801 17.636641 -26.322742 52.411213 -19.466663 -14.395597 29.410395 1e-06 -8.774822 -1e-06 16.812269 -16.257341 5.564771 -0.609777 -1.795654 -3.889325 -4.807091 -11.046813 -2.937851 2e-06 -20.976021 0.0 -5.019971 -25.033564 -4.031882 6e-06 0.0 -1e-06 -10.634537 -5.686971 -3.565588 10.573274 -17.922955 -3.113901 3e-06 -13.821211 -1e-06 -0.50178 -31.181511 -4.027014 -9.627662 -59.64727 6.513086 -13.982718 -7.150202 -2.875043 13.772729 -8.401491 -3.21824 0.347731 -34.211555 0.771656 -0.963029 -17.733372 2.621021 -1e-06 3e-06 1e-06 -17.346426 -20.095228 -4.201782 21.757561 -1.638376 3.866431 -0.0 -6.338824 2e-06 -1.697589 -22.591751 -6.19401 0.0 -4e-06 -1e-06 -64.726799 -82.428635 -108.277344 45.780746 -1.610788 -7.476861 70.279869 -3.403858 -0.03343 -5.667825 20.039209 21.978054 22.18211 -20.375891 49.933315 -16.701809 -16.743525 28.476526 -1e-06 -12.690598 -2e-06 16.402733 -16.94898 2.263946 -0.105919 -1.513855 -4.275882 -5.039041 -5.612869 -2.953556 3e-06 -11.020519 -2e-06 -6.111297 -15.895328 -3.840472 0.0 -0.0 -1e-06 -10.28337 -5.680285 -4.341839 11.028292 -11.302402 -2.372634 -1.384269 -14.238577 -6.320121 -0.625438 -26.924183 -3.827602 -4.653997 -49.848755 -2.940771 -13.708522 -7.363475 -3.720939 18.141146 -14.052736 -3.242675 6e-06 -18.787266 -1e-06 -0.429712 -8.456041 2.555504 0.0 -0.0 0.0 -15.923536 -20.094477 -5.473584 30.419205 -7.190825 1.735925 3e-06 -8.162922 0.0 -1.8619 -22.861462 -6.167942 1e-06 -3e-06 -1e-06 72.143898 3.345442 -27.116879 152.325241 0.647374 1.122091 -100.053802 -9.496515 13.68405 -10.368871 1.9806 2.285194 -0.999999 -0.0 0.0 -99.3535 -15.822059 -38.802483 139.533752 1.969218 0.61671 -50.84042 19.667831 -12.812932 -7.222368 0.899893 0.561247 -1.000003 0.0 0.0 
0.0 0.0 0.0 0.0 -0.0 0.0 2.871311 26.794661 -17.203325 94.599625 11.044426 100.704514 21.708965 -5.048547 1.299008 3.369959 -2.281203 0.489604 41.520176 -3.754606 -1.761166 3.510672 0.974572 3.503463 -1.945265 -0.092047 -4.582786 -12.216481 12.732331 -8.928045 6e-06 0.0 0.0 -0.018014 -0.024739 0.029281 -0.269077 0.265169 -0.10446 -0.226779 -0.31208 0.158918 -2.981885 -76.289185 6.666757 75.842361 23.209719 7.888631 66.268852 -0.171074 -2.232982 2.80037 -23.986061 26.691788 17.636625 -26.322737 52.411201 -19.466665 -14.395604 29.410395 -1e-06 -8.774822 -1e-06 16.869762 -16.365223 5.646561 -0.609775 -1.795655 -3.889329 -4.807091 -11.046812 -2.93785 4e-06 -20.976021 -1e-06 -5.019972 -25.033564 -4.03188 7e-06 0.0 -1e-06 -10.634537 -5.686972 -3.56559 10.573278 -17.922951 -3.113901 2e-06 -13.821209 0.0 -0.501777 -31.181505 -4.027013 -9.930142 -60.038605 6.629138 -13.982716 -7.150199 -2.875041 13.772731 -8.401493 -3.218243 0.347735 -34.211555 0.771653 -0.963029 -17.733372 2.621021 0.0 1e-06 -0.0 -17.34642 -20.095217 -4.201781 21.757561 -1.638376 3.866424 0.0 -6.338823 1e-06 -1.697589 -22.591749 -6.194007 1e-06 -5e-06 -2e-06 -66.201698 -83.32859 -106.163528 43.878845 -2.641262 -9.027298 76.123207 -3.093352 0.183851 -6.289657 20.353714 22.305517 22.182117 -20.3759 49.933327 -16.701817 -16.743528 28.476536 0.0 -12.690603 -2e-06 16.531361 -17.077471 2.309146 -0.105917 -1.513858 -4.275882 -5.039041 -5.612872 -2.953557 4e-06 -11.020528 -3e-06 -6.111298 -15.895338 -3.840471 0.0 -1e-06 -1e-06 -10.28337 -5.680289 -4.34184 11.028295 -11.302406 -2.372633 -1.384268 -14.238585 -6.32012 -0.625438 -26.924194 -3.827602 -4.671822 -50.141212 -2.845753 -13.708524 -7.363478 -3.72094 18.141153 -14.052746 -3.242677 7e-06 -18.787271 -2e-06 -0.429711 -8.456046 2.555506 -0.0 -1e-06 -1e-06 -15.923534 -20.094486 -5.473587 30.419218 -7.190829 1.735926 0.0 -8.162929 1e-06 -1.8619 -22.861473 -6.167943 0.0 -3e-06 0.0 69.938683 1.178111 -28.013781 154.322937 0.651237 1.172159 -95.867966 -8.84624 13.173856 -10.652937 2.020123 2.268511 -0.999999 -0.0 0.0 -98.120247 -17.052296 -41.817806 140.2258 2.175517 0.939663 -49.747757 16.222626 -14.410816 -6.93722 0.986482 0.554084 -1.000005 0.0 -1e-06 
0.0 0.0 0.0 0.0 -0.0 0.0 2.186836 23.89838 -18.048481 95.579056 15.559743 101.607941 22.673981 -5.293338 1.61223 3.798005 -2.293119 0.358647 42.835796 -3.458863 -1.506835 5.401456 0.915668 3.431584 -1.951128 0.188527 -4.156447 -14.548985 13.343498 -8.996353 5e-06 0.0 0.0 0.012131 -0.024314 0.042836 -0.169106 0.255977 -0.067909 -0.11933 -0.303879 0.147454 -7.760899 -74.877205 11.587986 77.110909 24.957382 7.114836 66.179253 -0.812296 -2.413488 4.12665 -24.501728 26.692135 17.636635 -26.322729 52.41119 -19.46666 -14.395598 29.410385 -0.0 -8.774822 -2e-06 16.736628 -16.296343 5.753951 -0.609776 -1.795654 -3.889326 -4.80709 -11.04681 -2.93785 4e-06 -20.976015 0.0 -5.01997 -25.033556 -4.03188 6e-06 1e-06 -2e-06 -10.634537 -5.68697 -3.565588 10.573277 -17.922951 -3.113901 3e-06 -13.821206 3e-06 -0.501777 -31.181505 -4.027014 -9.896746 -60.174328 6.840539 -13.982715 -7.150199 -2.875041 13.772728 -8.401489 -3.218239 0.347731 -34.211555 0.771657 -0.963031 -17.733372 2.62102 -1e-06 1e-06 2e-06 -17.346422 -20.095217 -4.201783 21.757561 -1.638375 3.86643 1e-06 -6.338824 2e-06 -1.69759 -22.591742 -6.194006 -0.0 -4e-06 -1e-06 -72.276627 -84.282387 -99.588501 42.373562 -4.152074 -10.936747 81.436256 -2.52168 0.566283 -7.001801 20.185572 22.136425 22.182116 -20.375887 49.933311 -16.701815 -16.743526 28.476534 -0.0 -12.690603 -4e-06 16.764151 -17.261908 2.218218 -0.105918 -1.513857 -4.275881 -5.039044 -5.612872 -2.953557 6e-06 -11.020527 -4e-06 -6.111296 -15.895336 -3.840472 -0.0 -0.0 -0.0 -10.283369 -5.68029 -4.341838 11.028294 -11.302405 -2.372635 -1.38427 -14.238583 -6.320121 -0.625437 -26.924194 -3.827602 -4.718086 -50.334846 -2.923933 -13.708526 -7.363478 -3.72094 18.141153 -14.052741 -3.242676 8e-06 -18.787271 -3e-06 -0.429711 -8.456044 2.555502 1e-06 0.0 1e-06 -15.923536 -20.094484 -5.473584 30.41921 -7.190826 1.735927 2e-06 -8.162928 -2e-06 -1.8619 -22.861473 -6.167945 0.0 -2e-06 -1e-06 68.363251 -1.364554 -28.927074 155.909088 0.688811 1.179583 -91.478668 -8.37786 12.637223 -10.885803 1.993584 2.256437 -0.999999 -0.0 0.0 -96.25029 -18.57836 -45.031494 140.741257 2.277075 1.210563 -47.812725 11.686385 -15.367068 -6.799397 1.063388 0.540859 -1.000003 0.0 -0.0 
0.0 0.0 0.0 0.0 -0.0 0.0 1.639586 21.066099 -18.848572 96.712761 20.782175 102.560036 23.519974 -5.237518 1.998854 4.212632 -2.377699 0.318697 44.57188 -3.044695 -1.28615 8.343687 0.961259 3.279757 -2.106597 0.464863 -3.749233 -17.059675 13.922599 -8.617896 7e-06 0.0 0.0 0.02298 -0.002806 0.017042 -0.0794 0.231812 -0.060356 -0.034426 -0.238269 0.091855 -10.750601 -73.272064 14.734209 78.489578 25.492283 5.93668 64.921478 -1.250017 -3.071662 5.452788 -25.486423 26.875628 17.636616 -26.322725 52.411179 -19.466665 -14.395597 29.410385 0.0 -8.774821 -0.0 16.337648 -16.030195 5.717034 -0.609775 -1.795654 -3.889327 -4.807086 -11.046809 -2.937847 5e-06 -20.976015 -1e-06 -5.01997 -25.033552 -4.031881 6e-06 -1e-06 0.0 -10.634531 -5.686969 -3.565585 10.573272 -17.922947 -3.113901 2e-06 -13.821209 4e-06 -0.501776 -31.181505 -4.027017 -9.53229 -59.805698 6.737677 -13.982712 -7.150195 -2.87504 13.772729 -8.401489 -3.218243 0.347733 -34.211544 0.771652 -0.963029 -17.73337 2.621019 -0.0 -0.0 1e-06 -17.346413 -20.095215 -4.201779 21.757557 -1.638375 3.866426 1e-06 -6.338823 1e-06 -1.697589 -22.591742 -6.194006 -0.0 -4e-06 -2e-06 -83.504852 -85.233047 -88.048119 41.978752 -5.937848 -13.317488 84.759377 -2.104906 0.975224 -7.495018 19.35261 21.655521 22.1821 -20.375883 49.9333 -16.701811 -16.743523 28.476522 -2e-06 -12.690597 1e-06 16.9683 -17.480719 2.048749 -0.105919 -1.513856 -4.275881 -5.039037 -5.612873 -2.953557 4e-06 -11.020519 -2e-06 -6.111294 -15.895328 -3.84047 -0.0 1e-06 1e-06 -10.283363 -5.680287 -4.341839 11.028289 -11.302404 -2.372635 -1.384269 -14.238579 -6.320119 -0.625437 -26.924187 -3.827604 -4.885541 -50.553703 -2.887835 -13.708521 -7.363473 -3.720939 18.141144 -14.052739 -3.242677 5e-06 -18.78727 -3e-06 -0.429712 -8.456044 2.555503 1e-06 -0.0 -1e-06 -15.923531 -20.094482 -5.473583 30.419207 -7.190822 1.735924 2e-06 -8.162927 -1e-06 -1.861901 -22.861464 -6.167941 0.0 -3e-06 -1e-06 67.815689 -3.966272 -29.461575 157.130569 0.861931 1.052272 -87.19854 -7.851957 12.208488 -11.441892 2.057658 2.243282 -0.999999 -0.0 -0.0 -93.610321 -20.344221 -48.246712 141.22049 2.378997 1.505177 -45.840611 6.944487 -16.729898 -7.29284 1.121729 0.652028 -1.000004 -0.0 -0.0 
0.0 0.0 0.0 0.0 -0.0 0.0 1.141067 18.577677 -19.670483 98.237259 26.105276 103.653786 24.055254 -5.223133 2.332133 4.375158 -2.384734 0.081184 46.240692 -2.71784 -1.257572 12.630383 1.291762 3.309253 -2.108997 0.432217 -3.219871 -18.498455 14.166307 -7.999004 7e-06 -0.0 0.0 0.046782 -0.016946 0.034365 0.001982 0.210786 -0.022187 0.047395 -0.246438 0.087946 -12.897353 -71.477386 17.333712 80.245178 24.197803 4.038981 62.185013 -1.69723 -2.954373 6.764305 -26.773447 26.424503 17.636627 -26.322744 52.411194 -19.466663 -14.3956 29.410393 -0.0 -8.774822 -0.0 16.275133 -16.013212 5.680737 -0.609776 -1.795655 -3.889327 -4.807088 -11.046811 -2.937848 4e-06 -20.976021 3e-06 -5.019974 -25.033562 -4.031876 6e-06 1e-06 0.0 -10.634533 -5.686969 -3.565587 10.573276 -17.922951 -3.113898 2e-06 -13.821213 5e-06 -0.501782 -31.181511 -4.027008 -9.48642 -59.850422 6.75066 -13.982712 -7.150195 -2.87504 13.772731 -8.401495 -3.218242 0.347732 -34.211559 0.771661 -0.963031 -17.733374 2.621024 -0.0 2e-06 -1e-06 -17.346418 -20.095215 -4.201778 21.757557 -1.638377 3.866424 1e-06 -6.338826 0.0 -1.69759 -22.591749 -6.194003 -0.0 -4e-06 -2e-06 -99.413918 -86.373238 -71.730186 43.979908 -7.456038 -15.687818 84.470428 -1.566864 1.398024 -7.722743 18.606518 21.621237 22.182117 -20.3759 49.933327 -16.701815 -16.743526 28.476534 -2e-06 -12.6906 -1e-06 17.34234 -17.770552 1.870679 -0.10592 -1.513857 -4.275883 -5.039042 -5.612872 -2.953557 4e-06 -11.020523 -1e-06 -6.111296 -15.895334 -3.840472 0.0 -0.0 0.0 -10.283373 -5.680288 -4.34184 11.028296 -11.302407 -2.372632 -1.384269 -14.238585 -6.32012 -0.625438 -26.924194 -3.827599 -5.151888 -51.07629 -2.792415 -13.708523 -7.363476 -3.720941 18.141148 -14.052742 -3.242673 7e-06 -18.787275 -1e-06 -0.429713 -8.456045 2.555504 -0.0 -1e-06 -2e-06 -15.923536 -20.094492 -5.473588 30.419214 -7.190827 1.735928 3e-06 -8.16293 -2e-06 -1.861899 -22.861473 -6.167942 1e-06 -3e-06 -1e-06 68.666039 -6.329541 -29.810255 157.714951 0.962993 0.93017 -83.894302 -7.092099 12.209944 -12.123867 2.13908 2.229879 -0.999998 -0.0 1e-06 -90.303757 -21.701223 -50.540112 141.327011 2.415425 1.634752 -43.96526 3.791048 -18.16003 -7.342042 1.13884 0.728329 -1.000003 0.0 0.0 
0.0 0.0 0.0 0.0 -0.0 0.0 0.870399 16.60124 -20.530548 99.476929 31.113899 104.491425 24.04159 -5.054569 2.63282 4.313491 -2.422867 -0.186439 47.635456 -2.254055 -1.227679 17.76457 1.816381 3.4581 -2.144578 0.350511 -2.72089 -19.10392 14.076028 -7.116457 6e-06 -0.0 0.0 0.061299 -0.028128 0.043558 0.027292 0.180681 -0.005457 0.069878 -0.238467 0.088537 -13.206644 -70.031746 18.275213 82.031517 21.386412 2.440598 58.04081 -1.751826 -2.514957 7.063874 -28.24766 27.270821 17.636637 -26.322725 52.411182 -19.46666 -14.395594 29.410389 1e-06 -8.774821 -3e-06 16.357004 -16.039534 5.614684 -0.609777 -1.795655 -3.889327 -4.80709 -11.046809 -2.937848 4e-06 -20.976015 -1e-06 -5.019971 -25.033552 -4.03188 7e-06 -1e-06 -3e-06 -10.634535 -5.686974 -3.565587 10.573271 -17.922947 -3.113898 2e-06 -13.821208 2e-06 -0.501777 -31.181505 -4.027018 -9.413351 -60.0238 6.9053 -13.982716 -7.150199 -2.875041 13.772729 -8.401489 -3.218239 0.347733 -34.211552 0.771653 -0.96303 -17.73337 2.621018 -1e-06 3e-06 -0.0 -17.34642 -20.095217 -4.20178 21.757557 -1.638374 3.866428 2e-06 -6.338823 0.0 -1.69759 -22.59174 -6.194005 -0.0 -5e-06 -4e-06 -119.918137 -87.0802 -50.896301 47.935131 -8.468429 -18.041882 80.215172 -1.077478 1.680847 -8.214953 18.017668 22.308979 22.182108 -20.375887 49.933296 -16.701811 -16.743528 28.476522 -3e-06 -12.690598 0.0 17.785442 -17.955902 1.705194 -0.10592 -1.513855 -4.27588 -5.039039 -5.612872 -2.953557 7e-06 -11.02052 -1e-06 -6.111296 -15.895332 -3.84047 -1e-06 -2e-06 -0.0 -10.283367 -5.680288 -4.341837 11.028292 -11.302402 -2.372633 -1.38427 -14.238577 -6.320118 -0.625436 -26.924187 -3.827603 -5.478505 -51.701172 -2.687876 -13.708522 -7.363473 -3.720938 18.141146 -14.052739 -3.242676 9e-06 -18.787268 -4e-06 -0.429711 -8.456041 2.555502 -0.0 -1e-06 -2e-06 -15.92353 -20.094482 -5.473583 30.419205 -7.190823 1.735925 3e-06 -8.162921 0.0 -1.861902 -22.861467 -6.167939 -0.0 -3e-06 -1e-06 69.388107 -8.483653 -30.100183 157.919815 1.023848 0.852574 -79.133759 -7.475247 12.098797 -12.678332 2.167684 2.216792 -0.999999 0.0 0.0 -86.952713 -22.66715 -52.086342 141.126328 2.429249 1.792878 -41.480694 2.085928 -19.120987 -7.418761 1.116213 0.768922 -1.000001 -0.0 -0.0 
0.0 0.0 0.0 0.0 -0.0 0.0 0.831693 15.067953 -21.405523 100.254829 35.937607 104.871361 23.699635 -4.7405 2.774107 4.081297 -2.461008 -0.383303 48.758862 -1.697524 -1.121507 22.993677 2.418791 3.516414 -2.191059 0.286343 -2.229074 -19.216133 13.676926 -6.103342 7e-06 -0.0 0.0 0.071329 -0.049389 0.06198 0.025742 0.136402 0.009885 0.06526 -0.236 0.108073 -12.195333 -69.051292 18.032095 83.750839 17.759354 1.48669 52.800388 -1.387084 -1.799098 6.548804 -29.419746 29.771217 17.636627 -26.322725 52.411198 -19.466656 -14.395589 29.410389 0.0 -8.774819 -3e-06 16.507215 -16.139843 5.578509 -0.609778 -1.795653 -3.889327 -4.807089 -11.046811 -2.937852 4e-06 -20.976013 -2e-06 -5.019967 -25.033556 -4.031886 6e-06 -0.0 -0.0 -10.634534 -5.68697 -3.565587 10.57327 -17.922949 -3.113899 3e-06 -13.821206 -1e-06 -0.501774 -31.181501 -4.02702 -9.502459 -60.199703 7.132465 -13.982712 -7.1502 -2.875045 13.772727 -8.401489 -3.218238 0.347734 -34.211544 0.77165 -0.963029 -17.73337 2.621017 -0.0 2e-06 1e-06 -17.346418 -20.095219 -4.201784 21.757555 -1.638372 3.866431 2e-06 -6.338823 0.0 -1.697588 -22.591749 -6.194011 -0.0 -4e-06 -1e-06 -138.09227 -87.368866 -32.50996 53.351513 -9.005637 -20.02508 72.612259 -0.446805 1.785646 -9.033411 17.499956 24.046196 22.182116 -20.375891 49.933315 -16.701815 -16.743534 28.476532 -3e-06 -12.690603 -0.0 18.112837 -18.18395 1.593724 -0.105919 -1.513858 -4.275881 -5.039042 -5.612872 -2.953557 5e-06 -11.020523 -2e-06 -6.111298 -15.89533 -3.840472 -0.0 -0.0 1e-06 -10.283371 -5.680288 -4.341838 11.028296 -11.302406 -2.372635 -1.384269 -14.238579 -6.320122 -0.625435 -26.924183 -3.827605 -5.712747 -52.246834 -2.666871 -13.708524 -7.363478 -3.720938 18.14115 -14.052734 -3.242674 6e-06 -18.787266 -4e-06 -0.429711 -8.456044 2.555503 0.0 0.0 -0.0 -15.923539 -20.094486 -5.473585 30.419218 -7.190822 1.735927 -0.0 -8.162921 -1e-06 -1.861903 -22.861469 -6.167943 0.0 -4e-06 -2e-06 70.788712 -9.787437 -29.983902 157.80928 1.040989 0.781922 -75.210861 -7.985065 11.626221 -13.170593 2.176761 2.198386 -0.999999 -0.0 -0.0 -83.434692 -23.193918 -53.258072 140.735611 2.342573 1.947618 -38.288826 1.740632 -19.502289 -7.844174 1.072742 0.784641 -1.000003 1e-06 -0.0 
0.0 0.0 0.0 0.0 -0.0 0.0 0.952192 13.962173 -22.289711 100.487175 40.659706 104.772781 23.266779 -4.227196 2.705046 3.760885 -2.470245 -0.547876 49.580585 -1.019587 -1.007401 27.897457 2.943714 3.377619 -2.264974 0.328174 -1.751227 -19.020891 12.95455 -5.004409 7e-06 -0.0 0.0 0.068735 -0.067576 0.072816 0.001796 0.084399 0.003543 0.023649 -0.218681 0.136304 -10.43758 -68.549294 17.106152 85.25528 13.670469 0.805366 47.140762 -0.966926 -0.914806 5.374206 -29.796522 33.865505 17.636627 -26.322733 52.411205 -19.466665 -14.3956 29.410395 -0.0 -8.774822 -1e-06 16.613483 -16.234055 5.600821 -0.609776 -1.795654 -3.889326 -4.807086 -11.046809 -2.937851 6e-06 -20.976015 -0.0 -5.019967 -25.033556 -4.031884 5e-06 -2e-06 2e-06 -10.634535 -5.686967 -3.565584 10.573279 -17.922951 -3.113903 5e-06 -13.821206 2e-06 -0.501772 -31.181505 -4.027018 -9.763174 -60.176899 7.380287 -13.982714 -7.150196 -2.87504 13.772731 -8.401494 -3.218241 0.347738 -34.211555 0.771652 -0.963027 -17.73337 2.621019 1e-06 0.0 1e-06 -17.346416 -20.095213 -4.201783 21.757559 -1.638376 3.866429 2e-06 -6.338824 1e-06 -1.697586 -22.591743 -6.194009 1e-06 -4e-06 -3e-06 -145.03746 -87.519188 -25.354765 59.568642 -9.089938 -21.379408 62.620399 0.392745 1.758742 -9.759324 16.711269 26.799791 22.182116 -20.375889 49.933315 -16.701815 -16.743528 28.47653 -3e-06 -12.6906 -1e-06 18.184549 -18.406755 1.562146 -0.105919 -1.513856 -4.27588 -5.039039 -5.61287 -2.953557 5e-06 -11.020525 -2e-06 -6.111296 -15.89533 -3.840472 0.0 -2e-06 1e-06 -10.283369 -5.680288 -4.341838 11.028294 -11.302406 -2.372633 -1.384268 -14.238583 -6.320123 -0.625437 -26.924194 -3.827602 -5.733804 -52.431099 -2.871007 -13.708522 -7.363475 -3.720941 18.141148 -14.052739 -3.242673 7e-06 -18.78727 -4e-06 -0.42971 -8.456042 2.555501 -0.0 -1e-06 1e-06 -15.923532 -20.094482 -5.473585 30.41921 -7.190828 1.735922 4e-06 -8.162927 -1e-06 -1.8619 -22.861471 -6.167942 -1e-06 -2e-06 -2e-06 72.978615 -10.095863 -29.347452 157.51265 0.985204 0.695892 -72.437744 -8.104424 10.803807 -13.420063 2.172065 2.181715 -0.999999 -0.0 0.0 -79.804161 -23.130922 -54.0658 140.170242 2.133694 2.079097 -34.60284 2.733351 -19.390173 -8.461131 1.00001 0.801686 -1.000003 1e-06 -0.0 
0.0 0.0 0.0 0.0 -0.0 0.0 1.264325 13.555962 -23.263573 100.317772 44.938774 104.36245 22.854494 -3.682391 2.402225 3.522964 -2.365449 -0.654693 50.066223 -0.212409 -0.996155 31.577662 3.295107 3.28368 -2.264971 0.48759 -1.550863 -18.222614 12.011739 -4.139711 7e-06 -0.0 -0.0 0.056676 -0.097182 0.106861 -0.003642 0.06884 0.019652 -0.019875 -0.259795 0.189692 -9.542866 -68.59539 16.760685 86.424294 9.630769 0.280308 42.626034 -0.70832 0.165482 4.255678 -29.15237 37.669262 17.636623 -26.322731 52.411182 -19.466658 -14.395596 29.410381 -1e-06 -8.774818 -1e-06 16.645897 -16.213661 5.593246 -0.609776 -1.795654 -3.889326 -4.807086 -11.046809 -2.93785 3e-06 -20.976015 1e-06 -5.019969 -25.033556 -4.031881 5e-06 -1e-06 1e-06 -10.634531 -5.686969 -3.565587 10.573272 -17.922947 -3.113901 4e-06 -13.821205 2e-06 -0.501776 -31.181498 -4.027014 -9.854607 -59.733173 7.331697 -13.982709 -7.150198 -2.875039 13.772727 -8.401491 -3.218243 0.347734 -34.211555 0.771656 -0.963029 -17.73337 2.621019 2e-06 1e-06 -1e-06 -17.346413 -20.095213 -4.20178 21.757555 -1.638375 3.866428 1e-06 -6.338823 1e-06 -1.69759 -22.591745 -6.194003 0.0 -3e-06 -2e-06 -133.562683 -87.727982 -36.734383 65.063606 -8.994591 -21.983318 52.781788 1.203714 1.54061 -9.857097 15.764901 29.800598 22.182119 -20.375898 49.933319 -16.701813 -16.743528 28.476528 -4e-06 -12.690601 0.0 17.963455 -18.397444 1.690367 -0.105919 -1.513857 -4.275881 -5.039042 -5.612869 -2.953557 4e-06 -11.020523 -2e-06 -6.111297 -15.895334 -3.840469 -0.0 -2e-06 -0.0 -10.283367 -5.680288 -4.341839 11.028292 -11.302404 -2.372632 -1.38427 -14.238577 -6.32012 -0.625438 -26.924192 -3.8276 -5.339161 -52.045647 -3.260371 -13.708522 -7.363475 -3.72094 18.141146 -14.052739 -3.242674 6e-06 -18.78727 -0.0 -0.429712 -8.456041 2.555504 -0.0 -1e-06 -0.0 -15.923532 -20.094482 -5.473584 30.41921 -7.190827 1.735926 4e-06 -8.162927 -1e-06 -1.8619 -22.861473 -6.167942 -0.0 -2e-06 -2e-06 76.531128 -9.096213 -28.412912 156.829117 0.881728 0.672224 -71.439697 -7.604547 10.199407 -13.014886 2.134587 2.192561 -0.999999 1e-06 0.0 -75.83683 -22.259277 -54.259563 139.576385 1.783494 2.265752 -31.538593 5.021805 -18.436235 -8.685395 0.866537 0.684149 -1.000003 -0.0 0.0 
0.0 0.0 0.0 0.0 -0.0 0.0 1.867165 13.496881 -24.169392 99.359184 48.636345 103.436737 22.785427 -2.868163 2.005217 3.166267 -2.229621 -0.7035 50.013794 0.938088 -0.914525 34.248657 3.417205 2.997778 -2.276381 0.642195 -1.407507 -17.934536 11.454785 -3.719941 6e-06 -0.0 -0.0 0.024318 -0.085781 0.096119 0.05318 0.074123 0.024422 0.036343 -0.239666 0.165137 -8.518077 -69.000343 16.296118 86.349243 5.911905 -0.837689 40.848789 -0.35093 0.530174 3.03066 -28.211683 39.765549 17.636629 -26.322729 52.411201 -19.466661 -14.395597 29.410393 -1e-06 -8.774819 0.0 16.71727 -16.246998 5.507542 -0.609775 -1.795655 -3.889328 -4.807087 -11.046809 -2.937852 4e-06 -20.976015 -2e-06 -5.019967 -25.033556 -4.031882 7e-06 1e-06 -1e-06 -10.634533 -5.686972 -3.565586 10.573275 -17.922951 -3.113903 3e-06 -13.82121 -0.0 -0.501775 -31.181507 -4.027017 -9.851457 -59.540104 7.1197 -13.982714 -7.150198 -2.875043 13.772731 -8.401491 -3.218242 0.347734 -34.211552 0.771653 -0.963027 -17.733366 2.621018 1e-06 2e-06 -0.0 -17.346416 -20.095217 -4.201784 21.757555 -1.638375 3.866429 1e-06 -6.338823 -0.0 -1.697588 -22.59174 -6.194006 -0.0 -5e-06 -3e-06 -114.758873 -87.295273 -55.410465 68.567307 -9.168828 -22.588329 45.858021 1.567406 1.21098 -9.093165 13.903565 31.677731 22.182112 -20.375893 49.933327 -16.701815 -16.743532 28.476534 -4e-06 -12.690601 1e-06 17.692924 -18.27527 1.875834 -0.10592 -1.513856 -4.275881 -5.039041 -5.612871 -2.953557 3e-06 -11.020523 -3e-06 -6.111298 -15.89533 -3.840471 -0.0 -2e-06 0.0 -10.283372 -5.680288 -4.341838 11.028296 -11.302402 -2.372634 -1.384268 -14.23858 -6.320122 -0.625437 -26.924183 -3.827602 -5.002602 -51.410877 -3.541788 -13.708526 -7.363476 -3.720939 18.141153 -14.052735 -3.242675 4e-06 -18.787266 -2e-06 -0.429712 -8.456041 2.555504 -0.0 1e-06 -1e-06 -15.923536 -20.094482 -5.473586 30.419214 -7.190824 1.735926 1e-06 -8.162927 -1e-06 -1.8619 -22.861467 -6.167943 1e-06 -1e-06 -1e-06 80.304077 -7.540291 -27.646664 156.045181 0.806251 0.544351 -70.357498 -7.03124 9.661514 -12.942107 2.05922 2.212852 -0.999998 -1e-06 -0.0 -72.367302 -21.69985 -54.274544 139.178528 1.508487 2.375942 -30.099043 6.969333 -17.538973 -9.633207 0.744936 0.631655 -1.000002 0.0 0.0 
0.0 0.0 0.0 0.0 -0.0 0.0 2.620351 13.4107 -25.011868 97.767647 51.625786 101.952309 22.87723 -2.109738 1.611198 2.791401 -1.86368 -0.76806 49.410625 2.015593 -0.999568 35.897526 3.557639 2.473298 -2.332573 0.535681 -0.873493 -17.95937 10.932251 -3.229666 1e-05 -0.0 0.0 -0.001177 -0.119997 0.130761 0.076743 -0.015764 0.08347 0.083674 -0.217766 0.176267 -8.194754 -69.45507 16.523178 85.448402 2.736174 -2.146313 41.372574 -0.283526 -0.022883 1.652701 -27.614523 40.115654 17.636633 -26.322733 52.41119 -19.466654 -14.395592 29.410381 0.0 -8.77482 -1e-06 16.714128 -16.47156 5.45075 -0.609776 -1.795654 -3.889327 -4.807089 -11.046811 -2.937848 3e-06 -20.976017 -0.0 -5.019971 -25.033558 -4.031879 6e-06 -0.0 -0.0 -10.634533 -5.686972 -3.565587 10.573271 -17.922951 -3.1139 1e-06 -13.821209 1e-06 -0.50178 -31.181505 -4.027016 -10.513561 -59.213322 7.395922 -13.982714 -7.150201 -2.875042 13.772729 -8.401489 -3.218241 0.34773 -34.211555 0.771655 -0.96303 -17.733374 2.621019 1e-06 2e-06 -0.0 -17.346418 -20.095221 -4.201779 21.757557 -1.638372 3.866431 -0.0 -6.338824 0.0 -1.697591 -22.591749 -6.194008 1e-06 -3e-06 -1e-06 -99.346931 -86.381012 -70.743134 70.064964 -9.678885 -23.426178 42.887932 1.269813 1.13533 -8.217438 11.138406 32.626156 22.182116 -20.375891 49.933319 -16.701817 -16.74353 28.47653 -3e-06 -12.690601 0.0 17.271585 -18.147476 2.283717 -0.10592 -1.513856 -4.275882 -5.03904 -5.612872 -2.953556 4e-06 -11.020523 -2e-06 -6.111298 -15.895326 -3.840471 -0.0 -1e-06 0.0 -10.283371 -5.68029 -4.341838 11.028296 -11.302402 -2.372633 -1.384269 -14.238576 -6.320121 -0.625438 -26.924187 -3.827602 -5.242036 -51.191452 -3.15931 -13.708526 -7.363476 -3.720939 18.14115 -14.052737 -3.242675 5e-06 -18.787268 -1e-06 -0.429712 -8.456045 2.555504 -0.0 1e-06 -1e-06 -15.923536 -20.094482 -5.473584 30.41921 -7.190825 1.735925 3e-06 -8.162926 -0.0 -1.861901 -22.861469 -6.167942 -0.0 -1e-06 -0.0 82.654282 -5.91074 -26.315424 155.276108 0.667449 0.602131 -67.855667 -6.096892 7.252787 -13.361879 1.958164 2.246716 -0.999998 -0.0 -0.0 -69.7444 -21.462984 -53.934872 138.834412 1.486426 2.034538 -29.057878 8.613152 -17.748142 -11.308731 0.804158 0.775896 -1.000003 -0.0 -0.0 
0.0 0.0 0.0 0.0 -0.0 0.0 3.257299 13.201273 -25.752831 96.960403 53.671253 101.06337 22.810472 -1.724625 1.130671 2.502863 -1.603452 -0.938051 48.794613 2.687579 -0.944162 36.348732 3.781817 2.084088 -2.237826 0.665704 -0.532091 -18.17787 10.313447 -2.603332 6e-06 -1e-06 0.0 0.008894 -0.112514 0.160726 0.201398 0.021898 0.140936 0.230404 -0.240697 0.175154 -7.468637 -69.5653 15.619731 83.936935 -0.224646 -3.287193 43.460663 0.002393 -0.219454 0.938695 -27.426544 38.361088 17.636625 -26.322725 52.411186 -19.46666 -14.395592 29.410385 -1e-06 -8.77482 1e-06 16.977272 -16.533709 5.251431 -0.609776 -1.795654 -3.889326 -4.807087 -11.046809 -2.937852 5e-06 -20.976011 -1e-06 -5.019967 -25.033552 -4.031883 6e-06 -0.0 1e-06 -10.634532 -5.686968 -3.565587 10.573272 -17.922947 -3.1139 3e-06 -13.821205 -0.0 -0.501772 -31.181501 -4.02702 -10.83903 -59.210461 7.388706 -13.982713 -7.150196 -2.875041 13.772729 -8.401491 -3.21824 0.347736 -34.211544 0.771648 -0.963027 -17.733364 2.62102 0.0 1e-06 -0.0 -17.346415 -20.095213 -4.201783 21.757555 -1.638375 3.86643 1e-06 -6.338822 -1e-06 -1.697587 -22.591742 -6.194007 -1e-06 -5e-06 0.0 -87.506302 -86.174797 -82.87175 70.941689 -10.159243 -23.857506 42.251419 1.12587 0.773169 -7.204652 8.965101 32.846218 22.182112 -20.375889 49.933315 -16.701818 -16.74353 28.476532 -3e-06 -12.690601 -0.0 17.042866 -18.196924 2.537051 -0.105919 -1.513857 -4.275881 -5.039039 -5.612873 -2.953557 4e-06 -11.020525 -3e-06 -6.111297 -15.895334 -3.84047 -0.0 -2e-06 0.0 -10.283369 -5.680288 -4.341837 11.028295 -11.302405 -2.372634 -1.384268 -14.238579 -6.32012 -0.625436 -26.924192 -3.827603 -5.394758 -51.07489 -2.910593 -13.708525 -7.363477 -3.720938 18.141148 -14.052737 -3.242674 7e-06 -18.78727 -5e-06 -0.429712 -8.456042 2.555502 -0.0 -0.0 -0.0 -15.923538 -20.094482 -5.473583 30.419214 -7.190828 1.735922 3e-06 -8.162927 -1e-06 -1.861902 -22.861469 -6.167943 -1e-06 -3e-06 -1e-06 84.352226 -4.891387 -25.538273 154.187805 0.539753 0.818466 -65.199348 -3.421492 5.001731 -13.292066 1.906747 2.291522 -0.999999 0.0 -0.0 -68.064423 -21.885155 -53.471413 138.457642 1.414354 2.022817 -28.255537 9.352243 -18.61867 -11.822998 0.818255 0.722758 -1.000003 0.0 -0.0 
0.0 0.0 0.0 0.0 -0.0 0.0 3.857782 13.067526 -26.413641 96.257133 55.197903 100.28244 22.617258 -1.454472 0.716875 2.224261 -1.358334 -1.101205 48.309952 3.202919 -0.975146 36.369308 4.11202 1.801845 -2.190025 0.568401 -0.21446 -18.593283 9.907275 -2.140654 7e-06 -0.0 -1e-06 0.02065 -0.104968 0.185434 0.28339 0.055243 0.184425 0.325468 -0.25945 0.180104 -6.730835 -69.705284 14.401171 82.329895 -2.868461 -4.232096 45.81797 0.219694 -0.439252 -0.219298 -27.823771 36.780849 17.636627 -26.322737 52.411201 -19.466665 -14.395602 29.410385 -0.0 -8.774821 0.0 17.19845 -16.549356 5.067917 -0.609777 -1.795653 -3.889329 -4.807089 -11.046811 -2.937849 3e-06 -20.976019 -0.0 -5.019972 -25.033562 -4.031882 7e-06 1e-06 0.0 -10.634531 -5.68697 -3.565587 10.573272 -17.922951 -3.1139 2e-06 -13.821211 -3e-06 -0.501778 -31.181511 -4.027017 -10.827518 -59.260742 7.201826 -13.982716 -7.150198 -2.875042 13.772734 -8.401492 -3.218242 0.347732 -34.211555 0.771655 -0.96303 -17.73337 2.621022 1e-06 3e-06 1e-06 -17.346422 -20.095221 -4.201782 21.757559 -1.638373 3.866427 2e-06 -6.338824 0.0 -1.69759 -22.591745 -6.194004 -1e-06 -6e-06 -5e-06 -76.354683 -86.089386 -94.28968 71.635712 -10.465771 -24.742485 42.531979 1.0315 0.681 -6.748464 7.159703 32.746944 22.182106 -20.375895 49.933319 -16.701807 -16.74353 28.47653 -3e-06 -12.6906 1e-06 16.900429 -18.22908 2.627763 -0.105917 -1.513856 -4.275881 -5.03904 -5.612868 -2.953556 3e-06 -11.020521 -1e-06 -6.111297 -15.895329 -3.840469 0.0 -2e-06 -0.0 -10.283369 -5.680285 -4.341838 11.028291 -11.302404 -2.372633 -1.384268 -14.238577 -6.32012 -0.62544 -26.924189 -3.8276 -5.431464 -51.031342 -2.797768 -13.708523 -7.363473 -3.720938 18.14115 -14.052732 -3.242675 4e-06 -18.787266 -1e-06 -0.429712 -8.456041 2.555504 0.0 0.0 -1e-06 -15.923534 -20.094479 -5.473584 30.419207 -7.19082 1.735925 3e-06 -8.162925 -1e-06 -1.861904 -22.861465 -6.16794 -1e-06 -3e-06 -2e-06 85.718262 -4.082589 -25.019699 152.706131 0.428021 1.098147 -62.776836 0.302949 1.912764 -13.144745 1.887981 2.328666 -0.999999 -1e-06 0.0 -67.018646 -22.249819 -52.744473 138.123795 1.378435 2.000303 -27.690393 10.095681 -19.291222 -11.869378 0.810586 0.679885 -1.000004 1e-06 0.0 
0.0 0.0 0.0 0.0 -0.0 0.0 4.447468 13.059288 -26.99649 95.552475 56.389198 99.445427 22.420834 -1.272045 0.397512 1.969294 -1.182193 -1.241223 47.887104 3.558319 -1.007517 36.176754 4.37323 1.627358 -2.146388 0.444222 0.096134 -19.02561 9.645522 -1.783916 4e-06 -0.0 1e-06 0.036003 -0.100699 0.213532 0.347727 0.072819 0.232279 0.399205 -0.269689 0.189328 -6.152335 -69.974998 13.483014 81.119507 -5.06544 -5.18699 47.48254 0.377634 -0.655131 -1.839522 -28.358168 36.000145 17.636625 -26.322733 52.411194 -19.466656 -14.3956 29.410389 0.0 -8.774822 -1e-06 17.335678 -16.597965 4.924883 -0.609777 -1.795654 -3.889327 -4.807087 -11.046807 -2.93785 5e-06 -20.976015 -0.0 -5.019968 -25.033554 -4.03188 6e-06 0.0 2e-06 -10.634534 -5.686971 -3.565587 10.573273 -17.922945 -3.113898 2e-06 -13.821206 -2e-06 -0.501778 -31.181498 -4.027012 -10.727226 -59.214973 6.955547 -13.982714 -7.150198 -2.87504 13.77273 -8.401491 -3.218243 0.347733 -34.211544 0.771655 -0.963029 -17.733366 2.621023 -1e-06 -0.0 2e-06 -17.346416 -20.095217 -4.201783 21.757555 -1.638372 3.866426 1e-06 -6.338823 1e-06 -1.697591 -22.591743 -6.194004 0.0 -5e-06 -1e-06 -67.181023 -85.977905 -103.699837 72.278282 -10.908664 -25.944536 42.943542 1.116309 0.610562 -6.792123 5.936233 32.987484 22.182119 -20.375898 49.933319 -16.701811 -16.74353 28.476528 -2e-06 -12.6906 -1e-06 16.783831 -18.260254 2.682118 -0.105919 -1.513856 -4.275881 -5.039041 -5.61287 -2.953557 4e-06 -11.020525 -2e-06 -6.111299 -15.89533 -3.84047 0.0 1e-06 0.0 -10.28337 -5.680287 -4.341839 11.028294 -11.302405 -2.372632 -1.384268 -14.238581 -6.320121 -0.62544 -26.924191 -3.827599 -5.362853 -50.961861 -2.804705 -13.708524 -7.363477 -3.720939 18.141146 -14.052737 -3.242672 4e-06 -18.78727 -1e-06 -0.429713 -8.456045 2.555504 -1e-06 0.0 -1e-06 -15.923536 -20.094482 -5.473583 30.41921 -7.190823 1.735927 4e-06 -8.162922 1e-06 -1.861906 -22.861471 -6.16794 1e-06 -3e-06 -2e-06 87.087585 -3.590456 -24.870258 150.975769 0.363245 1.345582 -60.747326 4.116894 -1.522005 -13.10371 1.898875 2.340307 -0.999999 -1e-06 1e-06 -66.253242 -22.465229 -51.891357 137.817154 1.332729 1.975884 -27.183203 10.930595 -19.779837 -11.72842 0.789089 0.65234 -1.000001 -0.0 -0.0 
0.0 0.0 0.0 0.0 -0.0 0.0 5.044426 13.177103 -27.503889 94.751877 57.313354 98.474503 22.253845 -1.139344 0.175088 1.751421 -1.067231 -1.364539 47.453014 3.77894 -1.027138 35.924465 4.509442 1.517889 -2.109723 0.341524 0.451336 -19.605711 9.41895 -1.445692 6e-06 -0.0 -0.0 0.053287 -0.091949 0.238771 0.393539 0.089733 0.274168 0.44933 -0.270134 0.19954 -5.887045 -70.386658 13.053502 80.387764 -6.975731 -6.162236 48.409798 0.547775 -0.841412 -3.855025 -28.672316 35.964943 17.636625 -26.322733 52.411205 -19.46666 -14.395598 29.410395 -0.0 -8.774822 -1e-06 17.400259 -16.675589 4.856602 -0.609776 -1.795653 -3.88933 -4.807088 -11.04681 -2.937851 5e-06 -20.976017 0.0 -5.019969 -25.03356 -4.031885 7e-06 0.0 2e-06 -10.634535 -5.68697 -3.565591 10.573274 -17.922951 -3.113897 3e-06 -13.821208 -3e-06 -0.501777 -31.181505 -4.027016 -10.713672 -59.134071 6.812432 -13.982712 -7.150197 -2.875043 13.772731 -8.401493 -3.218241 0.347733 -34.211555 0.771652 -0.963028 -17.73337 2.621017 -0.0 0.0 -0.0 -17.346418 -20.095221 -4.201784 21.757557 -1.638373 3.86643 1e-06 -6.338823 2e-06 -1.69759 -22.591743 -6.194009 0.0 -3e-06 -1e-06 -59.826275 -85.837547 -111.251205 72.824547 -11.517165 -27.183697 43.347672 1.290111 0.554587 -7.147557 4.998843 33.400982 22.182112 -20.375891 49.933323 -16.701813 -16.743528 28.476532 -2e-06 -12.690601 -1e-06 16.67609 -18.286497 2.720706 -0.105919 -1.513856 -4.275882 -5.039042 -5.612869 -2.953556 4e-06 -11.020524 -2e-06 -6.111298 -15.89533 -3.840472 -1e-06 -0.0 0.0 -10.283371 -5.680289 -4.341838 11.028296 -11.302402 -2.372633 -1.384268 -14.238577 -6.320121 -0.625435 -26.924183 -3.827602 -5.2543 -50.844177 -2.857845 -13.708526 -7.363475 -3.72094 18.141151 -14.052737 -3.242674 7e-06 -18.787266 -1e-06 -0.429711 -8.456045 2.555502 -1e-06 -1e-06 1e-06 -15.923536 -20.094484 -5.473587 30.419214 -7.190827 1.735925 3e-06 -8.162921 1e-06 -1.861901 -22.861467 -6.167942 -1e-06 -3e-06 -3e-06 88.51725 -3.330785 -24.95406 149.262558 0.336028 1.547555 -59.352673 7.645753 -4.939704 -13.049648 1.910914 2.33334 -0.999998 -1e-06 -0.0 -65.718971 -22.481539 -50.905251 137.537781 1.285327 1.971829 -26.709797 11.93181 -20.183191 -11.522178 0.766284 0.639002 -1.000004 0.0 -0.0 
0.0 0.0 0.0 0.0 -0.0 0.0 5.651605 13.349777 -27.911621 93.864113 58.075714 97.402687 22.075033 -1.036297 0.017285 1.566534 -1.008747 -1.471005 47.077179 3.877207 -1.041805 35.637138 4.485799 1.455187 -2.065625 0.264097 0.817888 -20.323914 9.236306 -1.144194 7e-06 0.0 0.0 0.069837 -0.081196 0.262575 0.42356 0.105088 0.310015 0.47769 -0.264644 0.213359 -5.97521 -70.917068 13.137846 80.100021 -8.683906 -7.240495 48.724636 0.75169 -0.968326 -6.182754 -28.696043 36.456848 17.636629 -26.322741 52.411205 -19.46666 -14.395597 29.410395 -1e-06 -8.774822 -3e-06 17.404667 -16.75279 4.865044 -0.609776 -1.795657 -3.889324 -4.807088 -11.046809 -2.937851 5e-06 -20.976019 -2e-06 -5.019971 -25.03356 -4.03188 7e-06 1e-06 0.0 -10.634535 -5.686972 -3.565587 10.573272 -17.922951 -3.113901 1e-06 -13.821209 -1e-06 -0.50178 -31.181505 -4.027012 -10.762513 -58.98848 6.784276 -13.982716 -7.1502 -2.87504 13.77273 -8.401489 -3.21824 0.347734 -34.211555 0.771653 -0.963029 -17.733372 2.621019 -0.0 1e-06 2e-06 -17.346422 -20.095217 -4.201779 21.757559 -1.638376 3.866426 1e-06 -6.338824 0.0 -1.697588 -22.591743 -6.194006 0.0 -3e-06 -3e-06 -53.36272 -85.712807 -117.813004 73.314034 -12.20852 -28.388203 43.756836 1.454725 0.530901 -7.643635 4.259646 33.884277 22.182116 -20.375898 49.933327 -16.701817 -16.743532 28.47654 -3e-06 -12.690603 -0.0 16.556543 -18.270487 2.754668 -0.105919 -1.513856 -4.275882 -5.039041 -5.612869 -2.953557 4e-06 -11.020523 -1e-06 -6.111297 -15.89533 -3.840472 -1e-06 -1e-06 0.0 -10.283371 -5.680288 -4.341839 11.028294 -11.302404 -2.372633 -1.384269 -14.238579 -6.320122 -0.625435 -26.924189 -3.827603 -5.171854 -50.693584 -2.88333 -13.708527 -7.363476 -3.720939 18.141153 -14.052739 -3.242676 6e-06 -18.787266 -2e-06 -0.429711 -8.456043 2.555503 -1e-06 -1e-06 -1e-06 -15.923539 -20.094486 -5.473586 30.419218 -7.190827 1.735926 1e-06 -8.162925 1e-06 -1.861901 -22.861473 -6.167943 -2e-06 -2e-06 -1e-06 89.982597 -3.250778 -25.220167 147.722183 0.323421 1.708068 -58.292072 10.721063 -8.052143 -12.980449 1.92626 2.317589 -0.999998 0.0 1e-06 -65.358192 -22.344828 -49.884029 137.334854 1.226232 1.977988 -26.263437 13.043759 -20.525385 -11.322203 0.742133 0.633579 -1.000002 -1e-06 0.0 
0.0 0.0 0.0 0.0 -0.0 0.0 6.287728 13.483113 -28.217703 92.806435 58.772762 96.138229 21.874828 -0.954182 -0.107525 1.405905 -0.979623 -1.53587 46.787468 3.873081 -1.052562 35.314106 4.250354 1.42326 -2.015016 0.219911 1.196545 -21.148233 9.074941 -0.886161 7e-06 1e-06 -0.0 0.083113 -0.071677 0.290688 0.439333 0.112965 0.348829 0.490278 -0.254166 0.233132 -6.685502 -71.636673 13.998763 80.179344 -10.315701 -8.587761 48.698719 1.039347 -1.029418 -8.989613 -28.369255 37.567791 17.636627 -26.322727 52.411201 -19.466665 -14.395598 29.410395 -1e-06 -8.774822 -2e-06 17.372053 -16.843145 4.911862 -0.609779 -1.795655 -3.889327 -4.807088 -11.046813 -2.937852 6e-06 -20.976015 -5e-06 -5.019968 -25.033558 -4.031887 7e-06 1e-06 2e-06 -10.634537 -5.686969 -3.565586 10.573276 -17.922951 -3.113905 2e-06 -13.821206 -1e-06 -0.501775 -31.181498 -4.02702 -10.871433 -58.819767 6.828566 -13.982716 -7.150201 -2.875041 13.77273 -8.401491 -3.218246 0.347736 -34.211555 0.771652 -0.963028 -17.733372 2.62102 -1e-06 0.0 1e-06 -17.346422 -20.095221 -4.201784 21.757561 -1.638374 3.866428 1e-06 -6.338824 -0.0 -1.697587 -22.591745 -6.19401 -1e-06 -4e-06 -2e-06 -47.378643 -85.590912 -123.763382 73.7761 -12.962496 -29.572073 44.296867 1.59783 0.528333 -8.172824 3.690808 34.459587 22.182117 -20.375898 49.933327 -16.701815 -16.74353 28.476536 -3e-06 -12.690601 -0.0 16.369108 -18.245436 2.813049 -0.10592 -1.513856 -4.275883 -5.039041 -5.612869 -2.953557 5e-06 -11.020523 -1e-06 -6.111297 -15.895334 -3.840471 -0.0 1e-06 0.0 -10.283371 -5.680288 -4.341839 11.028294 -11.302405 -2.372633 -1.384268 -14.238579 -6.320122 -0.625436 -26.924187 -3.827602 -5.097939 -50.52013 -2.903913 -13.708524 -7.363477 -3.720941 18.141148 -14.052739 -3.242674 5e-06 -18.787266 -1e-06 -0.429711 -8.456047 2.555504 -1e-06 0.0 -0.0 -15.923536 -20.094482 -5.473585 30.419218 -7.190828 1.735924 0.0 -8.162922 1e-06 -1.861901 -22.861471 -6.167942 -1e-06 -4e-06 -0.0 91.485512 -3.412048 -25.633579 146.396347 0.308704 1.812054 -57.166344 13.195435 -10.684094 -12.89831 1.947615 2.295015 -0.999998 -0.0 1e-06 -65.122742 -22.117697 -48.952183 137.232346 1.159746 1.987423 -25.834915 14.133759 -20.913933 -11.1283 0.717616 0.627852 -1.000004 1e-06 0.0 
0.0 0.0 0.0 0.0 -0.0 0.0 6.906725 13.539857 -28.408701 91.600212 59.439598 94.723953 21.662207 -0.893109 -0.201464 1.264073 -0.971715 -1.596213 46.5858 3.779933 -1.030678 34.960518 3.825326 1.414931 -1.978843 0.164543 1.55759 -22.006727 8.913467 -0.717352 6e-06 -0.0 -0.0 0.090042 -0.066495 0.328204 0.442484 0.112331 0.396647 0.489419 -0.243916 0.262991 -8.160789 -72.512543 15.730145 80.507164 -11.962807 -10.20418 48.650566 1.496931 -0.967047 -12.125642 -27.619295 39.203812 17.636633 -26.322733 52.411194 -19.466663 -14.395597 29.410389 0.0 -8.774822 1e-06 17.312784 -16.937351 4.959258 -0.609778 -1.795655 -3.889327 -4.807093 -11.046813 -2.93785 2e-06 -20.976023 -0.0 -5.019978 -25.033566 -4.031878 7e-06 1e-06 -1e-06 -10.634538 -5.68697 -3.565585 10.573275 -17.922955 -3.113904 2e-06 -13.821213 -0.0 -0.501781 -31.181511 -4.027013 -10.952908 -58.606167 6.890757 -13.982719 -7.150199 -2.875042 13.772732 -8.401492 -3.218244 0.34773 -34.211555 0.771658 -0.96303 -17.73337 2.621019 -0.0 2e-06 -1e-06 -17.346426 -20.095221 -4.201779 21.757566 -1.638376 3.866427 1e-06 -6.338826 -0.0 -1.697591 -22.591753 -6.194006 -0.0 -3e-06 -1e-06 -41.623238 -85.528931 -129.40062 74.274132 -13.815103 -30.679365 45.083004 1.739145 0.60977 -8.709581 3.254042 35.171684 22.182106 -20.375895 49.933319 -16.701813 -16.74353 28.476534 -4e-06 -12.690598 2e-06 16.146105 -18.234438 2.902648 -0.105919 -1.513856 -4.275882 -5.03904 -5.61287 -2.953557 4e-06 -11.020523 -1e-06 -6.111297 -15.895334 -3.840469 0.0 1e-06 -1e-06 -10.283369 -5.680288 -4.341837 11.028292 -11.302404 -2.372634 -1.384268 -14.23858 -6.32012 -0.625437 -26.924191 -3.827603 -5.106283 -50.442814 -2.856198 -13.708523 -7.363475 -3.720938 18.141146 -14.052739 -3.242676 6e-06 -18.787266 -2e-06 -0.429713 -8.456047 2.555504 -0.0 -0.0 1e-06 -15.923534 -20.094482 -5.473584 30.41921 -7.190823 1.735923 1e-06 -8.162922 1e-06 -1.861903 -22.861469 -6.167942 -1e-06 -3e-06 -1e-06 92.957481 -3.863743 -26.11904 145.40477 0.286255 1.885449 -55.873539 15.126175 -12.876443 -12.80005 1.971681 2.278329 -0.999998 0.0 1e-06 -64.951828 -21.814041 -48.200512 137.230927 1.098181 1.991123 -25.443552 15.121581 -21.347584 -10.914948 0.706549 0.618113 -1.000001 1e-06 0.0 
0.0 0.0 0.0 0.0 -0.0 0.0 7.443316 13.418603 -28.468227 90.50058 60.093193 93.4039 21.558384 -0.893464 -0.320865 1.157317 -1.096725 -1.665926 46.365173 3.718347 -0.850931 34.636303 3.1884 1.434043 -1.974967 0.140489 1.979333 -23.024925 8.636621 -0.75001 5e-06 0.0 0.0 0.098201 -0.056505 0.338739 0.441098 0.121385 0.408896 0.471718 -0.232173 0.273053 -9.827374 -73.490631 17.872528 80.904518 -13.451564 -12.248073 48.746075 2.104139 -0.780335 -15.153665 -26.652145 41.392616 17.636637 -26.322733 52.41119 -19.466665 -14.395598 29.410389 -0.0 -8.774822 -2e-06 17.333813 -16.908884 4.856943 -0.609775 -1.795653 -3.88933 -4.807088 -11.04681 -2.937852 7e-06 -20.976019 -1e-06 -5.019972 -25.03356 -4.031876 5e-06 -0.0 -2e-06 -10.634535 -5.686967 -3.565588 10.573276 -17.922955 -3.113904 4e-06 -13.821211 1e-06 -0.501776 -31.181505 -4.027014 -10.957648 -58.662357 7.081779 -13.982714 -7.150194 -2.875042 13.772733 -8.401495 -3.218242 0.347735 -34.211559 0.771656 -0.963029 -17.733372 2.621023 0.0 -0.0 -0.0 -17.346418 -20.095213 -4.201777 21.757559 -1.638378 3.866426 2e-06 -6.338824 -0.0 -1.697586 -22.591745 -6.194004 -1e-06 -4e-06 -1e-06 -36.195892 -85.681801 -134.59407 74.828606 -14.738235 -31.789238 46.206165 1.874004 0.529215 -9.043493 3.194275 36.209381 22.182114 -20.375898 49.933334 -16.701815 -16.74353 28.47654 -2e-06 -12.690601 0.0 16.043915 -18.411386 2.960226 -0.10592 -1.513857 -4.275882 -5.039042 -5.612871 -2.953558 3e-06 -11.020521 -2e-06 -6.111297 -15.895334 -3.840473 1e-06 -0.0 0.0 -10.283371 -5.680289 -4.34184 11.028294 -11.302404 -2.372633 -1.38427 -14.238579 -6.320123 -0.625438 -26.924191 -3.827605 -5.109478 -50.391495 -2.998082 -13.708526 -7.363477 -3.720941 18.14115 -14.052739 -3.242676 6e-06 -18.787268 -2e-06 -0.429711 -8.456045 2.555504 -1e-06 1e-06 1e-06 -15.923539 -20.094484 -5.473587 30.419222 -7.190828 1.735924 1e-06 -8.162922 2e-06 -1.861903 -22.861469 -6.167943 0.0 -4e-06 -1e-06 94.489944 -4.638255 -26.754847 144.76207 0.246239 1.897413 -54.168179 15.524769 -14.382309 -12.415552 2.015043 2.269181 -0.999999 0.0 -0.0 -64.878143 -21.595865 -47.747437 137.374939 1.043607 2.223792 -25.296755 15.602668 -22.121794 -10.802809 0.688875 0.471971 -1.000003 0.0 0.0 
0.0 0.0 0.0 0.0 -0.0 0.0 7.99671 13.350534 -28.426357 88.763741 60.496483 91.622688 21.180782 -0.774153 -0.373723 1.048416 -0.935198 -1.576543 46.205078 3.605796 -1.049083 34.157505 2.390824 1.445355 -2.01258 -0.060605 2.120899 -23.789581 8.386169 -0.515937 6e-06 -0.0 -0.0 0.10058 -0.061058 0.393076 0.415481 0.112042 0.470474 0.430708 -0.232033 0.323074 -14.369776 -74.781082 22.627832 81.356232 -15.219057 -14.484842 49.515377 2.467687 -0.791543 -18.825441 -24.96467 43.600517 17.636629 -26.322729 52.41119 -19.46665 -14.395596 29.410385 2e-06 -8.774821 -5e-06 17.181726 -17.031855 5.006085 -0.609778 -1.795654 -3.889326 -4.807087 -11.04681 -2.937852 0.0 -20.976013 1e-06 -5.019974 -25.033554 -4.031875 6e-06 -1e-06 -1e-06 -10.634537 -5.686972 -3.565588 10.573272 -17.922947 -3.113902 2e-06 -13.821206 -0.0 -0.50178 -31.181501 -4.027014 -11.206182 -58.1684 7.125921 -13.982713 -7.150199 -2.875041 13.772727 -8.401489 -3.218243 0.34773 -34.211544 0.771659 -0.963027 -17.733366 2.62102 -1e-06 -1e-06 0.0 -17.346418 -20.095219 -4.201777 21.757557 -1.638374 3.866426 0.0 -6.338823 1e-06 -1.697591 -22.591743 -6.194005 1e-06 -4e-06 -1e-06 -28.873461 -85.441818 -141.729874 75.419708 -15.541466 -32.585724 47.385273 1.789273 0.767402 -9.3678 2.533475 36.682903 22.182106 -20.375898 49.933319 -16.701817 -16.74353 28.476534 -4e-06 -12.690601 1e-06 15.829295 -18.051683 2.968968 -0.105918 -1.513856 -4.275881 -5.039042 -5.612871 -2.953557 4e-06 -11.020523 -1e-06 -6.111297 -15.89533 -3.84047 -0.0 -1e-06 0.0 -10.283369 -5.680287 -4.341838 11.028293 -11.302406 -2.372632 -1.384266 -14.238581 -6.320122 -0.625438 -26.924194 -3.827599 -5.136886 -50.217136 -2.795021 -13.708525 -7.363474 -3.72094 18.141151 -14.052739 -3.242676 7e-06 -18.787268 0.0 -0.429711 -8.45604 2.555504 -1e-06 2e-06 1e-06 -15.923534 -20.094482 -5.473583 30.41921 -7.190828 1.735921 2e-06 -8.162924 1e-06 -1.861906 -22.861469 -6.167939 -1e-06 -3e-06 -0.0 95.299904 -6.054759 -27.023027 144.311829 0.186719 1.910597 -51.518688 17.015821 -15.595071 -12.229815 2.02685 2.215664 -0.999999 0.0 1e-06 -64.827652 -21.268728 -47.568684 137.554459 1.028079 1.966471 -25.151525 16.324326 -22.703594 -10.554378 0.683258 0.584254 -1.000002 1e-06 -1e-06 
0.0 0.0 0.0 0.0 -0.0 0.0 8.497053 13.229447 -28.30267 87.440483 60.849072 90.216637 20.928825 -0.730744 -0.492941 0.971523 -1.012413 -1.578516 46.071964 3.480971 -0.709849 33.464634 1.483 1.310563 -2.016135 -0.023571 2.275068 -24.821714 7.848349 -0.394287 5e-06 -1e-06 -0.0 0.122237 -0.045362 0.384732 0.446571 0.158183 0.464559 0.436437 -0.245834 0.312241 -19.045229 -76.043434 27.647816 81.707214 -16.826632 -16.980429 50.959003 3.002436 -0.385977 -21.907555 -22.903208 45.287121 17.636627 -26.322725 52.411194 -19.466656 -14.395594 29.410381 -2e-06 -8.774822 -2e-06 17.165321 -17.082541 5.009694 -0.609777 -1.795652 -3.889326 -4.80709 -11.046809 -2.937851 5e-06 -20.976011 -2e-06 -5.019969 -25.033548 -4.031879 6e-06 -0.0 -0.0 -10.634533 -5.686971 -3.565586 10.573269 -17.922945 -3.113901 2e-06 -13.821205 0.0 -0.501777 -31.181494 -4.027017 -11.346272 -58.141323 7.210188 -13.982712 -7.150195 -2.875041 13.772726 -8.401491 -3.218242 0.347733 -34.211544 0.771658 -0.963028 -17.73337 2.621021 -0.0 -1e-06 -0.0 -17.346418 -20.095215 -4.201782 21.757557 -1.638379 3.866429 2e-06 -6.338822 0.0 -1.697588 -22.59174 -6.194007 0.0 -3e-06 -3e-06 -19.063692 -85.479004 -151.52449 75.837906 -16.614956 -33.191799 49.080284 1.678472 0.592586 -9.881854 2.278788 37.331188 22.182117 -20.375895 49.933323 -16.701817 -16.74353 28.476534 -3e-06 -12.6906 0.0 15.62628 -18.108444 2.998035 -0.105918 -1.513857 -4.275881 -5.039042 -5.612872 -2.953558 4e-06 -11.020523 -2e-06 -6.111299 -15.895336 -3.840472 1e-06 -0.0 0.0 -10.283372 -5.680288 -4.341838 11.028296 -11.302407 -2.372633 -1.384269 -14.238581 -6.320122 -0.625437 -26.924191 -3.827603 -5.169505 -49.988747 -2.851131 -13.708526 -7.363477 -3.72094 18.14115 -14.052739 -3.242675 7e-06 -18.78727 -2e-06 -0.429713 -8.456047 2.555503 -1e-06 2e-06 1e-06 -15.923536 -20.094484 -5.473584 30.419222 -7.190827 1.735926 3e-06 -8.162927 -0.0 -1.861904 -22.861469 -6.167942 -1e-06 -4e-06 -1e-06 96.419151 -7.824118 -27.865381 143.804779 0.149142 1.884917 -48.350681 17.693419 -15.94279 -11.564149 1.926732 2.286461 -0.999999 -0.0 1e-06 -64.860847 -21.116171 -47.357777 137.870102 1.034199 1.99235 -25.390947 16.635632 -24.143101 -10.320959 0.672157 0.551207 -1.000004 -1e-06 -0.0 
0.0 0.0 0.0 0.0 -0.0 0.0 8.959405 13.021696 -28.101528 85.961349 61.027664 88.837662 20.725021 -0.631132 -0.60068 0.945248 -1.007517 -1.546801 45.803944 3.472537 -0.676947 32.748566 0.455833 1.300784 -2.081388 -0.127825 2.29389 -26.051035 7.371208 -0.325838 4e-06 -1e-06 -0.0 0.133512 -0.038547 0.362378 0.428455 0.153058 0.443721 0.408731 -0.227154 0.289414 -25.331491 -77.199516 34.204769 81.791237 -18.525103 -19.821951 52.79554 3.111939 -0.198036 -24.834145 -20.681145 47.756493 17.636625 -26.322729 52.411194 -19.46666 -14.395596 29.410393 1e-06 -8.774821 -2e-06 17.264874 -17.092487 4.884192 -0.609778 -1.795655 -3.889329 -4.807087 -11.046813 -2.937851 4e-06 -20.976015 -1e-06 -5.01997 -25.033556 -4.031881 6e-06 -0.0 -0.0 -10.634536 -5.686973 -3.565588 10.573272 -17.922947 -3.113901 1e-06 -13.821206 1e-06 -0.501778 -31.181498 -4.027019 -11.360438 -58.106995 7.200174 -13.982714 -7.150198 -2.875041 13.772725 -8.40149 -3.218242 0.347732 -34.211544 0.771656 -0.963028 -17.733366 2.621018 -0.0 -1e-06 0.0 -17.346416 -20.095215 -4.201779 21.757557 -1.638374 3.866426 1e-06 -6.338824 -0.0 -1.697589 -22.59174 -6.194007 0.0 -4e-06 -1e-06 -12.76423 -85.379417 -157.630753 76.244858 -17.643829 -33.818432 50.820873 1.530592 0.68677 -10.418883 1.832224 38.083935 22.18211 -20.375898 49.933315 -16.701809 -16.74353 28.47653 -3e-06 -12.690598 0.0 15.543168 -18.044434 2.960162 -0.10592 -1.513855 -4.27588 -5.039039 -5.612871 -2.953557 4e-06 -11.020521 -1e-06 -6.111295 -15.89533 -3.84047 -0.0 -2e-06 -1e-06 -10.283369 -5.680286 -4.341839 11.028294 -11.302402 -2.372633 -1.384268 -14.238576 -6.320119 -0.625438 -26.924187 -3.827598 -5.221881 -49.918659 -2.787959 -13.708522 -7.363473 -3.72094 18.141146 -14.052738 -3.242674 7e-06 -18.787266 -0.0 -0.42971 -8.456045 2.555504 1e-06 4e-06 1e-06 -15.92353 -20.094477 -5.473584 30.419205 -7.190825 1.735924 4e-06 -8.162926 -1e-06 -1.861903 -22.861464 -6.167937 -1e-06 -2e-06 -1e-06 97.384521 -9.720117 -28.765697 143.154205 0.099448 1.882722 -45.28611 17.589642 -16.785906 -11.201921 1.904055 2.243233 -1.000001 -0.0 1e-06 -65.024368 -21.117176 -47.478157 138.263855 1.036244 1.975674 -25.551834 16.831354 -25.411814 -10.237085 0.658727 0.585384 -1.000004 0.0 -0.0 
0.0 0.0 0.0 0.0 -0.0 0.0 9.472853 12.948293 -27.934715 84.396729 60.906334 87.440483 20.390242 -0.563996 -0.619238 0.95804 -1.006526 -1.581214 45.626343 3.493971 -0.715484 31.636398 -0.452922 1.345769 -2.127192 -0.256585 2.357841 -27.08285 6.74211 -0.310558 6e-06 -0.0 -0.0 0.138012 -0.02464 0.334402 0.380616 0.175653 0.418867 0.348609 -0.222599 0.260024 -33.144272 -78.067131 42.280304 81.694038 -20.080837 -22.633915 54.955597 2.943468 0.115611 -27.424091 -18.458181 50.219383 17.636625 -26.322733 52.411205 -19.46666 -14.395597 29.410389 2e-06 -8.774821 -1e-06 17.336998 -17.053205 4.785611 -0.609776 -1.795654 -3.889328 -4.80709 -11.046811 -2.93785 5e-06 -20.976019 -2e-06 -5.019972 -25.03356 -4.031881 6e-06 0.0 1e-06 -10.634537 -5.68697 -3.565588 10.573275 -17.922951 -3.113901 1e-06 -13.821208 1e-06 -0.501777 -31.181505 -4.027016 -11.243223 -58.175804 7.200827 -13.982716 -7.150199 -2.875044 13.772729 -8.401494 -3.21824 0.347732 -34.211555 0.771655 -0.963028 -17.73337 2.621021 -1e-06 -0.0 -0.0 -17.346422 -20.095215 -4.201784 21.757559 -1.638377 3.866427 1e-06 -6.338825 1e-06 -1.697589 -22.591745 -6.194008 0.0 -4e-06 -2e-06 -6.838243 -84.993591 -163.505463 76.521133 -18.612961 -34.169235 52.749748 1.342837 0.524658 -11.008018 1.378647 39.271275 22.182117 -20.375898 49.933323 -16.701817 -16.743532 28.476532 -2e-06 -12.690603 -1e-06 15.584318 -17.838894 2.863669 -0.10592 -1.513856 -4.275882 -5.039042 -5.612873 -2.953557 3e-06 -11.020525 -1e-06 -6.111298 -15.895334 -3.840472 -0.0 0.0 0.0 -10.283372 -5.680289 -4.341839 11.028296 -11.302406 -2.372632 -1.38427 -14.238581 -6.320122 -0.625438 -26.924194 -3.827602 -5.323707 -49.779606 -2.614203 -13.708526 -7.363477 -3.720939 18.14115 -14.05274 -3.242676 7e-06 -18.787268 0.0 -0.429713 -8.456047 2.555504 -1e-06 2e-06 1e-06 -15.923538 -20.094484 -5.473584 30.419218 -7.190826 1.735925 3e-06 -8.162928 -1e-06 -1.861904 -22.861469 -6.167941 -1e-06 -2e-06 -2e-06 98.673637 -11.775427 -30.361336 142.148041 0.0475 1.827348 -42.357422 16.704962 -18.100641 -11.157238 1.93609 2.163555 -0.999998 1e-06 -1e-06 -65.318115 -21.645205 -47.218582 137.920227 1.001933 2.095179 -23.651312 17.103817 -26.094437 -10.168577 0.682599 0.536453 -1.000004 1e-06 -1e-06 
0.0 0.0 0.0 0.0 -0.0 0.0 9.915795 12.824368 -27.749994 83.003586 60.668461 86.399841 20.156576 -0.488182 -0.665209 0.943787 -0.954876 -1.514263 45.394951 3.655739 -0.696886 30.448656 -1.229247 1.383695 -2.17208 -0.351817 2.347519 -28.247021 6.338686 -0.25293 6e-06 -0.0 0.0 0.139349 -0.015503 0.30981 0.367898 0.168204 0.399507 0.33316 -0.198041 0.231666 -39.527809 -78.692856 49.005615 81.425041 -21.410788 -25.274939 57.127682 2.712676 0.2187 -29.54451 -16.672848 52.615364 17.63662 -26.322725 52.411194 -19.466665 -14.395597 29.410385 -1e-06 -8.774821 -2e-06 17.32445 -17.119938 4.79109 -0.609779 -1.795649 -3.889326 -4.807087 -11.046807 -2.937851 5e-06 -20.976006 -1e-06 -5.019969 -25.033548 -4.03188 6e-06 0.0 1e-06 -10.634535 -5.686969 -3.565587 10.573272 -17.922949 -3.113904 3e-06 -13.821206 1e-06 -0.501776 -31.181498 -4.027014 -11.346185 -58.279854 7.344593 -13.982713 -7.150194 -2.875042 13.77273 -8.401493 -3.218244 0.347735 -34.211544 0.771653 -0.963027 -17.733366 2.621019 -0.0 -1e-06 -1e-06 -17.346413 -20.095217 -4.201783 21.757553 -1.638373 3.866428 2e-06 -6.338821 0.0 -1.697589 -22.591734 -6.194005 -0.0 -4e-06 -2e-06 -0.299702 -84.553703 -169.72551 76.486572 -19.477329 -34.59877 54.885098 1.061414 0.483823 -11.630134 1.297424 40.283543 22.182121 -20.375887 49.9333 -16.701811 -16.743528 28.476519 -3e-06 -12.6906 -2e-06 15.48243 -17.74371 2.866824 -0.10592 -1.513855 -4.275881 -5.039042 -5.612872 -2.953556 4e-06 -11.020523 -0.0 -6.111297 -15.895332 -3.84047 -0.0 0.0 -0.0 -10.283371 -5.680288 -4.341837 11.028293 -11.302402 -2.37263 -1.384269 -14.238577 -6.32012 -0.625438 -26.924187 -3.8276 -5.36056 -49.639095 -2.567432 -13.708525 -7.363474 -3.720939 18.141148 -14.052737 -3.242671 6e-06 -18.787268 -0.0 -0.429713 -8.456045 2.555504 0.0 2e-06 2e-06 -15.923536 -20.094482 -5.473582 30.41921 -7.190827 1.73593 3e-06 -8.162927 -2e-06 -1.861905 -22.861467 -6.167941 -0.0 -2e-06 -1e-06 100.17247 -13.401151 -32.300953 140.926895 0.041435 1.80501 -40.195629 15.628994 -19.804111 -11.228321 1.938453 2.068218 -0.999998 -0.0 0.0 -65.613503 -22.476208 -46.90662 136.841858 1.038757 2.124386 -21.928434 17.622297 -27.05505 -10.248774 0.679358 0.507441 -1.000001 -0.0 1e-06 
0.0 0.0 0.0 0.0 -0.0 0.0 10.261507 12.675953 -27.647356 81.873199 60.382881 85.726463 19.932108 -0.537267 -0.725681 0.94433 -0.759911 -1.446664 45.378975 3.782501 -0.669567 29.088188 -1.821378 1.458538 -2.146918 -0.421368 2.507332 -29.593531 6.097279 -0.114204 6e-06 -1e-06 -0.0 0.167772 -0.009888 0.313283 0.3774 0.142679 0.392573 0.352927 -0.164155 0.245468 -43.805042 -78.952919 53.707306 81.292442 -22.461756 -28.013315 59.073708 2.437963 0.019649 -31.512362 -15.293326 54.736496 17.636629 -26.322744 52.411224 -19.466665 -14.395602 29.410398 -1e-06 -8.774823 -1e-06 17.194948 -17.540497 4.903988 -0.609777 -1.795654 -3.889329 -4.807088 -11.046813 -2.937851 5e-06 -20.976021 0.0 -5.019972 -25.03356 -4.03188 6e-06 0.0 -0.0 -10.634535 -5.686971 -3.565589 10.573277 -17.922955 -3.113902 3e-06 -13.821211 2e-06 -0.501778 -31.181507 -4.027016 -11.880651 -58.499889 7.570858 -13.982718 -7.150198 -2.875043 13.772731 -8.401494 -3.218243 0.347734 -34.211555 0.771656 -0.963031 -17.733372 2.621024 -0.0 -0.0 -1e-06 -17.34642 -20.095221 -4.201785 21.757561 -1.638379 3.866427 1e-06 -6.338823 2e-06 -1.69759 -22.591745 -6.194005 -0.0 -4e-06 -1e-06 3.307805 -83.971107 -173.010788 75.985695 -20.420177 -34.908524 57.17165 0.856172 0.642264 -12.317061 1.644957 41.301239 22.182121 -20.37591 49.933342 -16.701817 -16.743532 28.47654 -2e-06 -12.690603 -1e-06 15.357717 -17.861933 3.05377 -0.10592 -1.513856 -4.275882 -5.039042 -5.612873 -2.953558 4e-06 -11.020528 -0.0 -6.111298 -15.895334 -3.840472 0.0 -2e-06 0.0 -10.283373 -5.680289 -4.34184 11.028295 -11.302407 -2.372632 -1.384269 -14.238583 -6.320123 -0.62544 -26.924198 -3.827602 -5.311867 -49.845634 -2.619328 -13.708527 -7.363478 -3.720942 18.141151 -14.052741 -3.242674 7e-06 -18.787271 0.0 -0.429713 -8.456047 2.555504 -1e-06 0.0 0.0 -15.923536 -20.094486 -5.473588 30.419218 -7.190827 1.735926 0.0 -8.16293 1e-06 -1.861902 -22.861479 -6.167942 -1e-06 -3e-06 -1e-06 101.779259 -14.21537 -34.516666 139.610687 0.121156 1.690652 -38.664715 13.821538 -22.788246 -11.725326 1.91459 1.981808 -0.999998 1e-06 1e-06 -65.87291 -23.400799 -46.625824 135.587936 1.192925 1.969639 -20.416567 18.420963 -28.108715 -10.678876 0.715457 0.480721 -1.000002 1e-06 0.0 
0.0 0.0 0.0 0.0 -0.0 0.0 10.645647 12.759077 -27.528831 80.646126 59.696789 84.985512 19.741337 -0.512883 -0.726557 0.807943 -0.710505 -1.477187 45.14463 4.028537 -0.581298 27.762953 -2.243655 1.640056 -2.137906 -0.377138 2.370097 -30.579296 5.909191 0.309829 6e-06 -0.0 0.0 0.139307 0.003537 0.285994 0.343945 0.148695 0.380368 0.322251 -0.142344 0.20685 -48.20108 -79.173248 58.28883 80.951569 -23.782604 -30.294861 61.033615 2.24431 -0.170665 -33.277626 -13.792989 56.539398 17.636625 -26.322725 52.411194 -19.46666 -14.395597 29.410393 0.0 -8.77482 -2e-06 17.321875 -17.498993 4.801197 -0.609779 -1.795653 -3.889328 -4.80709 -11.046806 -2.937849 2e-06 -20.976009 -2e-06 -5.01997 -25.033552 -4.031883 6e-06 0.0 -1e-06 -10.634535 -5.686973 -3.565588 10.573272 -17.922943 -3.113899 2e-06 -13.821204 1e-06 -0.501779 -31.181494 -4.027018 -11.763285 -58.73912 7.509128 -13.982714 -7.150198 -2.875042 13.772725 -8.401488 -3.21824 0.347731 -34.211536 0.771655 -0.963031 -17.733362 2.621019 -0.0 -0.0 -0.0 -17.34642 -20.095213 -4.201783 21.757555 -1.638371 3.86643 1e-06 -6.33882 1e-06 -1.697592 -22.591736 -6.194005 -0.0 -3e-06 -3e-06 5.866503 -83.457436 -175.145126 75.630234 -20.97718 -35.273865 58.995331 0.651291 0.350166 -12.773885 1.511479 42.128342 22.182119 -20.3759 49.933315 -16.701811 -16.74353 28.476524 -4e-06 -12.6906 -0.0 15.252874 -17.708977 2.991465 -0.105919 -1.513855 -4.275881 -5.03904 -5.61287 -2.953556 5e-06 -11.02052 -0.0 -6.111297 -15.89533 -3.840469 0.0 -0.0 0.0 -10.283369 -5.680286 -4.341839 11.028291 -11.302402 -2.372631 -1.384268 -14.238579 -6.320119 -0.625439 -26.924181 -3.827596 -5.132337 -49.569614 -2.721911 -13.708522 -7.363474 -3.72094 18.141146 -14.052735 -3.242671 7e-06 -18.787262 1e-06 -0.429714 -8.456043 2.555505 -2e-06 2e-06 1e-06 -15.923532 -20.094479 -5.473584 30.41921 -7.190827 1.735925 4e-06 -8.162927 -0.0 -1.861903 -22.861467 -6.167936 -0.0 -2e-06 -1e-06 103.687485 -14.414646 -37.790489 137.880661 0.117328 1.827226 -39.123936 11.96496 -25.058331 -12.091447 1.946987 1.912518 -0.999999 1e-06 1e-06 -65.921928 -24.003942 -47.248676 135.780334 1.19222 1.964453 -20.22999 18.398212 -28.777449 -10.685563 0.654984 0.546803 -1.000003 -0.0 0.0 
0.0 0.0 0.0 0.0 -0.0 0.0 10.909596 12.699765 -27.457397 80.189247 58.95771 84.861168 19.521961 -0.678074 -0.652768 0.847237 -0.776276 -1.51768 44.928051 4.320476 -0.391151 26.319483 -2.28698 1.724324 -2.160696 -0.452611 2.546877 -31.416708 5.542718 0.454202 6e-06 -0.0 0.0 0.172836 0.009516 0.260272 0.32269 0.150572 0.340812 0.302752 -0.131686 0.195332 -50.561108 -79.432838 60.810181 80.579872 -24.843813 -32.635662 62.680454 1.830437 -0.174953 -34.590416 -12.904498 59.009579 17.636629 -26.322725 52.411186 -19.466665 -14.395598 29.410385 0.0 -8.774821 -1e-06 17.455959 -17.400444 4.735055 -0.609775 -1.795656 -3.889328 -4.807088 -11.046804 -2.937849 6e-06 -20.976015 -2e-06 -5.019969 -25.033556 -4.031881 5e-06 0.0 1e-06 -10.634533 -5.686968 -3.565588 10.573275 -17.922951 -3.113901 2e-06 -13.821205 1e-06 -0.501776 -31.181501 -4.027014 -11.735951 -59.202408 7.807385 -13.982712 -7.150197 -2.875041 13.77273 -8.401494 -3.218242 0.347736 -34.211544 0.771653 -0.963027 -17.733366 2.621021 0.0 -0.0 0.0 -17.346416 -20.095217 -4.201782 21.757557 -1.638375 3.866427 2e-06 -6.338822 -0.0 -1.697586 -22.591742 -6.194006 -1e-06 -4e-06 -3e-06 7.700686 -83.037361 -177.001678 74.882256 -22.007933 -35.102245 60.814476 0.774614 -0.022614 -12.995877 1.917634 43.272797 22.182114 -20.375895 49.933327 -16.701811 -16.743528 28.476532 -4e-06 -12.690601 -0.0 15.428203 -17.967882 2.955168 -0.105921 -1.513855 -4.275881 -5.039041 -5.612872 -2.953559 4e-06 -11.02052 -2e-06 -6.111299 -15.895334 -3.840471 1e-06 -2e-06 -0.0 -10.283371 -5.680288 -4.341838 11.028293 -11.302402 -2.372632 -1.384268 -14.238579 -6.320123 -0.625436 -26.924183 -3.827601 -4.976628 -49.60984 -3.117007 -13.708524 -7.363475 -3.720941 18.141146 -14.052735 -3.242674 5e-06 -18.78727 -2e-06 -0.429712 -8.456043 2.555504 -0.0 2e-06 0.0 -15.923534 -20.094482 -5.473585 30.41921 -7.190825 1.735924 2e-06 -8.162929 -0.0 -1.861903 -22.861469 -6.167942 1e-06 -3e-06 -1e-06 105.314201 -14.504633 -40.821815 136.723648 0.144942 1.74384 -38.489841 8.308646 -27.554083 -12.879416 1.866749 1.879467 -1.0 -0.0 0.0 -66.284149 -24.849939 -47.805973 135.96991 1.214645 2.237469 -19.824921 17.990601 -29.177212 -11.010345 0.635185 0.396953 -1.000003 -0.0 1e-06 
0.0 0.0 0.0 0.0 -0.0 0.0 11.045943 12.744922 -27.418756 79.719727 57.98365 84.772972 19.052614 -0.766986 -0.498795 0.94917 -0.621197 -1.531221 44.884136 4.399064 -0.395972 24.609612 -2.124741 1.635123 -2.198733 -0.560944 2.926305 -32.074142 5.118367 0.668141 6e-06 -0.0 -0.0 0.184929 0.021565 0.272126 0.255121 0.171068 0.331224 0.226722 -0.129146 0.23016 -52.908653 -79.617119 63.083313 80.208374 -25.973413 -34.443676 64.267548 1.585892 -0.258277 -36.089142 -12.107043 60.887394 17.636635 -26.322729 52.411201 -19.466661 -14.395597 29.410389 -1e-06 -8.774823 -1e-06 17.413258 -17.403826 4.710761 -0.609775 -1.795653 -3.889328 -4.807089 -11.046811 -2.93785 4e-06 -20.976015 -1e-06 -5.019971 -25.033556 -4.031882 5e-06 0.0 0.0 -10.634538 -5.686971 -3.565588 10.573276 -17.922951 -3.113899 2e-06 -13.821209 1e-06 -0.501779 -31.181505 -4.027017 -11.911429 -59.215137 7.770098 -13.982718 -7.150199 -2.875043 13.772732 -8.401491 -3.21824 0.347731 -34.211555 0.771655 -0.963029 -17.73337 2.62102 0.0 -0.0 0.0 -17.346424 -20.095217 -4.201783 21.757563 -1.638375 3.866428 -0.0 -6.338822 0.0 -1.69759 -22.591745 -6.194007 -0.0 -4e-06 -2e-06 8.750206 -82.312424 -178.005539 74.060928 -22.633894 -34.723606 62.358837 0.843208 0.162853 -13.302742 2.273613 43.700001 22.182119 -20.375885 49.933296 -16.701813 -16.743525 28.476521 -3e-06 -12.690598 -3e-06 15.400533 -17.991497 3.050774 -0.10592 -1.513855 -4.275882 -5.039039 -5.612869 -2.953557 5e-06 -11.020518 -2e-06 -6.111294 -15.895324 -3.840471 0.0 -1e-06 -0.0 -10.283367 -5.680287 -4.341837 11.028291 -11.302402 -2.372632 -1.384266 -14.238575 -6.32012 -0.625435 -26.924183 -3.827599 -4.895013 -49.745796 -3.133572 -13.708523 -7.363472 -3.720939 18.141146 -14.052737 -3.242673 9e-06 -18.787262 -1e-06 -0.429711 -8.456043 2.555502 -0.0 2e-06 1e-06 -15.923528 -20.094475 -5.473588 30.419205 -7.190827 1.735928 3e-06 -8.162925 1e-06 -1.861897 -22.861464 -6.16794 -1e-06 -2e-06 -0.0 105.40712 -15.723081 -41.799965 136.706818 0.161804 1.541833 -37.565632 6.469253 -30.016516 -14.109138 1.893597 1.772729 -1.000001 0.0 -1e-06 -66.78714 -25.394608 -48.284573 136.008759 1.330978 2.220319 -19.356007 17.859047 -29.600996 -11.487808 0.778035 0.340441 -1.000002 -1e-06 0.0 
0.0 0.0 0.0 0.0 -0.0 0.0 11.159455 12.77101 -27.279341 79.335968 56.97097 84.705605 18.906054 -0.823673 -0.386327 0.962474 -0.513001 -1.48473 44.435661 4.602973 -0.570951 23.104467 -2.23331 1.852776 -2.215542 -0.554899 2.915608 -32.821407 4.811247 0.88414 6e-06 0.0 -0.0 0.168977 0.020812 0.210574 0.216105 0.148604 0.272394 0.206454 -0.109402 0.16797 -55.647064 -79.882614 65.864143 79.638527 -27.252705 -35.998814 65.693214 1.438835 -0.468373 -37.398823 -10.931709 63.078415 17.636631 -26.322723 52.411179 -19.466661 -14.3956 29.410381 -0.0 -8.774824 -1e-06 17.393919 -17.357777 4.672402 -0.609775 -1.795655 -3.889327 -4.807091 -11.046809 -2.93785 3e-06 -20.976019 -2e-06 -5.019972 -25.03356 -4.031882 5e-06 0.0 1e-06 -10.634535 -5.686975 -3.565588 10.573274 -17.922951 -3.113899 1e-06 -13.821209 -1e-06 -0.501779 -31.181505 -4.027017 -11.970605 -59.21957 7.798553 -13.982718 -7.150201 -2.875041 13.772733 -8.401491 -3.218242 0.347735 -34.211559 0.771649 -0.963028 -17.733376 2.621019 1e-06 1e-06 0.0 -17.346422 -20.095221 -4.201779 21.757565 -1.638375 3.866427 -0.0 -6.338822 -1e-06 -1.697591 -22.591747 -6.194006 -0.0 -3e-06 -3e-06 7.229914 -81.941101 -176.284683 73.363739 -23.392946 -34.885403 63.524715 0.867176 0.135348 -13.440298 2.370772 44.272305 22.182114 -20.375895 49.933308 -16.701817 -16.74353 28.476526 -4e-06 -12.690601 1e-06 15.403826 -17.923824 3.018821 -0.10592 -1.513855 -4.275881 -5.039039 -5.61287 -2.953557 5e-06 -11.020523 -1e-06 -6.111295 -15.89533 -3.840469 1e-06 -1e-06 -0.0 -10.28337 -5.680285 -4.341838 11.028297 -11.302406 -2.372633 -1.384266 -14.238575 -6.32012 -0.625436 -26.924189 -3.827599 -4.830268 -49.865929 -3.103367 -13.708525 -7.363472 -3.720937 18.141151 -14.052739 -3.242676 9e-06 -18.787266 -0.0 -0.429711 -8.456043 2.555503 0.0 2e-06 1e-06 -15.923532 -20.094477 -5.473583 30.419214 -7.190827 1.735925 4e-06 -8.162927 -2e-06 -1.861899 -22.861467 -6.16794 -1e-06 -3e-06 -1e-06 105.290588 -16.773182 -42.804802 136.821503 0.134731 1.464353 -37.376774 5.194068 -31.697128 -15.106876 1.935437 1.60458 -1.0 -0.0 2e-06 -67.242813 -25.986523 -49.051674 136.167145 1.356545 2.273558 -19.178623 17.409588 -29.34832 -12.013247 0.716933 0.400254 -1.000004 0.0 -1e-06 
0.0 0.0 0.0 0.0 -0.0 0.0 11.172643 12.853927 -27.148788 79.283897 55.906494 84.816978 18.752903 -0.899912 -0.274054 0.92107 -0.467977 -1.436772 44.170124 4.664245 -0.547226 21.362345 -2.14684 1.911052 -2.208044 -0.567745 2.817655 -33.54987 4.454089 1.190041 6e-06 -0.0 -0.0 0.166105 0.02826 0.19831 0.1845 0.169169 0.2573 0.169561 -0.114517 0.159797 -57.86528 -80.133591 68.231232 79.132256 -28.189508 -37.331139 67.08313 1.39654 -0.560767 -38.39603 -9.97051 64.901962 17.636635 -26.322731 52.41119 -19.466656 -14.395597 29.410381 -0.0 -8.774821 -2e-06 17.36974 -17.219782 4.647339 -0.609775 -1.795654 -3.889325 -4.807091 -11.046808 -2.937849 3e-06 -20.976019 1e-06 -5.019973 -25.033558 -4.031881 6e-06 0.0 0.0 -10.634535 -5.686974 -3.565588 10.573272 -17.922951 -3.113899 1e-06 -13.821206 1e-06 -0.501779 -31.181505 -4.027014 -11.902587 -59.173256 7.600221 -13.982715 -7.150198 -2.87504 13.772728 -8.401489 -3.21824 0.347733 -34.211555 0.771654 -0.963028 -17.73337 2.621018 1e-06 -0.0 0.0 -17.34642 -20.095217 -4.201781 21.757557 -1.638376 3.86643 1e-06 -6.338823 0.0 -1.69759 -22.591743 -6.194007 -0.0 -4e-06 -2e-06 7.490831 -81.498161 -176.462219 72.602333 -23.994114 -34.608322 64.528313 0.944531 -0.012188 -13.639814 2.822863 44.946709 22.182119 -20.375895 49.933315 -16.701813 -16.74353 28.476528 -2e-06 -12.690601 -1e-06 15.400275 -17.962286 3.043156 -0.10592 -1.513855 -4.275883 -5.039042 -5.612872 -2.953556 2e-06 -11.020526 -1e-06 -6.1113 -15.895338 -3.84047 0.0 -0.0 -0.0 -10.283371 -5.680289 -4.341837 11.028296 -11.302406 -2.372633 -1.384269 -14.238583 -6.320121 -0.62544 -26.924191 -3.827602 -4.734242 -49.884281 -3.116472 -13.708527 -7.363478 -3.720938 18.141148 -14.052739 -3.242673 4e-06 -18.78727 -1e-06 -0.429712 -8.456044 2.555504 -0.0 3e-06 1e-06 -15.923538 -20.094484 -5.473584 30.41921 -7.190826 1.735928 1e-06 -8.162925 -1e-06 -1.861906 -22.861469 -6.167943 -0.0 -3e-06 -1e-06 105.015038 -17.700438 -43.629871 136.950821 0.133114 1.340932 -37.530632 4.102457 -32.713268 -15.757476 1.937864 1.584957 -0.999996 0.0 1e-06 -67.758759 -26.437832 -49.731079 136.27681 1.385408 2.294181 -19.211195 16.852385 -29.372194 -12.289831 0.715844 0.412686 -1.000004 -0.0 -0.0 
0.0 0.0 0.0 0.0 -0.0 0.0 11.103253 12.925797 -26.981201 79.491676 54.740952 85.12088 18.55081 -0.98137 -0.166733 0.931111 -0.482869 -1.415702 43.818256 4.693717 -0.507742 19.62402 -2.056124 1.982882 -2.220047 -0.610925 2.652358 -34.328087 4.055196 1.327857 6e-06 0.0 -0.0 0.168871 0.032452 0.17612 0.162928 0.181958 0.231204 0.141938 -0.118239 0.142102 -60.243286 -80.415321 70.681885 78.597443 -29.130854 -38.57003 68.432724 1.271088 -0.59651 -39.339497 -9.049613 66.836357 17.636633 -26.322733 52.41119 -19.46666 -14.395596 29.410385 1e-06 -8.774821 -3e-06 17.348753 -17.062113 4.621701 -0.609776 -1.795654 -3.889327 -4.807089 -11.046811 -2.937849 5e-06 -20.976017 1e-06 -5.019969 -25.033558 -4.031879 5e-06 0.0 -0.0 -10.634533 -5.686972 -3.565587 10.573276 -17.922953 -3.1139 3e-06 -13.821206 0.0 -0.501776 -31.181505 -4.027013 -11.772156 -59.101479 7.384152 -13.982714 -7.150195 -2.875043 13.77273 -8.401493 -3.218241 0.347734 -34.211552 0.771655 -0.963028 -17.73337 2.621021 0.0 0.0 1e-06 -17.346415 -20.095219 -4.20178 21.757557 -1.638375 3.866427 1e-06 -6.338822 2e-06 -1.697589 -22.591742 -6.194004 -0.0 -4e-06 -3e-06 7.708333 -81.180466 -176.60022 72.002914 -24.573889 -34.417969 65.223038 1.07362 -0.082057 -13.893867 3.194285 46.021626 22.182119 -20.375891 49.933315 -16.701817 -16.743526 28.47653 -4e-06 -12.6906 -1e-06 15.450315 -17.997942 3.0485 -0.105919 -1.513856 -4.27588 -5.039041 -5.61287 -2.953557 4e-06 -11.020524 -2e-06 -6.111297 -15.895334 -3.840472 0.0 0.0 -0.0 -10.283371 -5.680287 -4.341839 11.028295 -11.302406 -2.372632 -1.384269 -14.23858 -6.320122 -0.625437 -26.924196 -3.827603 -4.657252 -49.938915 -3.138369 -13.708522 -7.363475 -3.720939 18.141148 -14.052739 -3.242675 9e-06 -18.787264 -2e-06 -0.429711 -8.456043 2.555504 -0.0 2e-06 1e-06 -15.923534 -20.094482 -5.473585 30.41921 -7.190825 1.735928 5e-06 -8.162922 -0.0 -1.8619 -22.861467 -6.167942 -1e-06 -6e-06 -2e-06 104.464836 -18.523212 -44.424881 137.141983 0.128067 1.267235 -37.730797 3.124266 -33.591141 -16.124016 1.937805 1.548502 -1.0 0.0 0.0 -68.463814 -26.851667 -50.374847 136.419479 1.431861 2.30369 -19.524271 16.135719 -29.584709 -12.484643 0.726765 0.417714 -1.000002 -0.0 0.0 
0.0 0.0 0.0 0.0 -0.0 0.0 10.972987 12.99302 -26.770529 79.845879 53.554771 85.509254 18.363232 -1.072225 -0.080667 0.964126 -0.507014 -1.378615 43.420174 4.691936 -0.485348 17.892891 -1.9887 2.052907 -2.229719 -0.653777 2.470751 -35.167618 3.636225 1.391611 6e-06 0.0 0.0 0.175325 0.032463 0.151487 0.152745 0.186314 0.204716 0.124749 -0.12164 0.119796 -62.621689 -80.69902 73.073555 78.030556 -30.025549 -39.648903 69.747902 1.105363 -0.617508 -40.18718 -8.208526 68.594925 17.636627 -26.322737 52.411205 -19.466663 -14.395598 29.410395 1e-06 -8.774822 -2e-06 17.302917 -16.914047 4.610531 -0.609775 -1.795656 -3.889327 -4.807088 -11.04681 -2.93785 6e-06 -20.976019 -0.0 -5.019969 -25.033556 -4.03188 5e-06 0.0 1e-06 -10.634532 -5.686973 -3.565587 10.573274 -17.922951 -3.113899 3e-06 -13.821206 0.0 -0.501776 -31.181505 -4.027015 -11.700635 -59.033627 7.251417 -13.982715 -7.150199 -2.875043 13.772731 -8.401491 -3.218241 0.347734 -34.211555 0.771656 -0.963029 -17.733372 2.62102 -0.0 0.0 -1e-06 -17.346418 -20.095221 -4.201783 21.757561 -1.638376 3.866428 1e-06 -6.338821 1e-06 -1.697589 -22.591745 -6.194007 0.0 -4e-06 -0.0 7.799712 -80.941933 -176.645554 71.513252 -25.129234 -34.326508 65.723991 1.169516 -0.105122 -14.23478 3.550816 47.080532 22.182121 -20.375898 49.933327 -16.701815 -16.743532 28.476534 -3e-06 -12.690603 -1e-06 15.498573 -18.004356 3.045697 -0.10592 -1.513856 -4.275883 -5.039042 -5.612872 -2.953557 3e-06 -11.02052 -1e-06 -6.1113 -15.89533 -3.840471 1e-06 0.0 -1e-06 -10.283372 -5.680288 -4.341841 11.028294 -11.302404 -2.372632 -1.384269 -14.238577 -6.320122 -0.62544 -26.924187 -3.8276 -4.599679 -49.94931 -3.16736 -13.708527 -7.363475 -3.720942 18.14115 -14.052739 -3.242675 7e-06 -18.787262 1e-06 -0.429711 -8.456045 2.555504 -1e-06 3e-06 1e-06 -15.923538 -20.094482 -5.473587 30.41921 -7.190827 1.735928 4e-06 -8.162924 1e-06 -1.861903 -22.861467 -6.16794 -1e-06 -3e-06 -1e-06 103.75354 -19.247862 -45.151539 137.402405 0.126337 1.229905 -38.001808 2.269304 -34.434353 -16.358448 1.933344 1.514787 -0.999999 0.0 -0.0 -69.211906 -27.216755 -51.019432 136.599426 1.488976 2.305577 -20.053329 15.290874 -29.918827 -12.635959 0.733646 0.412812 -1.000002 -0.0 -0.0 
0.0 0.0 0.0 0.0 -0.0 0.0 10.803433 13.044572 -26.523134 80.295639 52.396847 85.947296 18.218117 -1.175534 -0.016151 1.000102 -0.520034 -1.327491 42.989578 4.669288 -0.492444 16.200712 -1.957677 2.108761 -2.242225 -0.689222 2.302744 -36.017406 3.204994 1.436212 6e-06 0.0 0.0 0.178988 0.02977 0.130151 0.141048 0.185108 0.181735 0.107687 -0.124853 0.100292 -64.650093 -80.964279 75.05632 77.45237 -30.903009 -40.524601 71.059471 0.985313 -0.660351 -40.948959 -7.456962 70.094719 17.636625 -26.322739 52.411213 -19.466663 -14.395597 29.410395 1e-06 -8.774822 -3e-06 17.249788 -16.789888 4.614734 -0.609777 -1.795653 -3.889328 -4.807091 -11.046807 -2.93785 3e-06 -20.976015 0.0 -5.019972 -25.033558 -4.031884 5e-06 0.0 0.0 -10.634535 -5.686968 -3.565588 10.573272 -17.922951 -3.113902 1e-06 -13.821206 1e-06 -0.50178 -31.181498 -4.027015 -11.655293 -58.975971 7.162531 -13.982716 -7.150198 -2.875043 13.772728 -8.40149 -3.218241 0.34773 -34.211552 0.771657 -0.96303 -17.73337 2.621019 0.0 0.0 -1e-06 -17.34642 -20.095217 -4.201782 21.757559 -1.638374 3.866429 1e-06 -6.338822 1e-06 -1.69759 -22.591743 -6.194008 -0.0 -4e-06 -1e-06 7.77917 -80.783173 -176.61908 71.113274 -25.664099 -34.285248 66.162956 1.262929 -0.087428 -14.720244 3.912073 48.028038 22.182116 -20.375898 49.933327 -16.701811 -16.743528 28.476532 -2e-06 -12.690598 -1e-06 15.539589 -18.000879 3.041028 -0.10592 -1.513857 -4.275883 -5.03904 -5.612872 -2.953557 3e-06 -11.02052 -2e-06 -6.111297 -15.895334 -3.840471 0.0 0.0 -0.0 -10.283369 -5.680288 -4.341841 11.028292 -11.302403 -2.372633 -1.384268 -14.238577 -6.320121 -0.62544 -26.924191 -3.827603 -4.577022 -49.946068 -3.168596 -13.708522 -7.363476 -3.72094 18.141146 -14.052739 -3.242674 7e-06 -18.787266 -1e-06 -0.429712 -8.456042 2.555504 -1e-06 1e-06 0.0 -15.923532 -20.094482 -5.473588 30.419207 -7.190827 1.735926 3e-06 -8.162924 1e-06 -1.861903 -22.861469 -6.167941 -1e-06 -4e-06 -1e-06 102.935059 -19.86231 -45.816151 137.715683 0.127146 1.202624 -38.278599 1.561486 -35.202438 -16.574619 1.916564 1.496189 -0.999999 0.0 1e-06 -69.98954 -27.53356 -51.634815 136.818588 1.550034 2.29887 -20.704823 14.393205 -30.348173 -12.776327 0.732091 0.410984 -1.000003 -1e-06 0.0 
0.0 0.0 0.0 0.0 -0.0 0.0 10.606931 13.093752 -26.246193 80.824394 51.242817 86.430618 18.0937 -1.284496 0.034234 1.034497 -0.520178 -1.27767 42.513325 4.63006 -0.537087 14.543755 -1.952101 2.143326 -2.260404 -0.727461 2.148697 -36.852554 2.77953 1.469213 5e-06 -0.0 0.0 0.178789 0.026474 0.113314 0.129776 0.180561 0.163865 0.091904 -0.12597 0.084412 -66.417236 -81.221138 76.748367 76.836205 -31.732059 -41.125942 72.392845 0.971182 -0.73054 -41.607433 -6.868915 71.324928 17.636629 -26.322729 52.411198 -19.466663 -14.395596 29.410389 2e-06 -8.774822 -3e-06 17.189711 -16.707863 4.637184 -0.609776 -1.795653 -3.889328 -4.80709 -11.046813 -2.937851 3e-06 -20.976021 0.0 -5.019973 -25.033562 -4.031881 6e-06 0.0 0.0 -10.634535 -5.68697 -3.565588 10.573272 -17.922951 -3.113901 2e-06 -13.821206 0.0 -0.501778 -31.181505 -4.027015 -11.588648 -58.940277 7.079746 -13.982714 -7.150197 -2.875043 13.77273 -8.401493 -3.218241 0.347733 -34.211555 0.771653 -0.963029 -17.733372 2.621019 0.0 -0.0 -1e-06 -17.346422 -20.095221 -4.201779 21.757559 -1.638375 3.866428 0.0 -6.338822 -0.0 -1.69759 -22.591747 -6.194009 0.0 -2e-06 -3e-06 7.692903 -80.689728 -176.571915 70.759262 -26.177673 -34.238594 66.658943 1.372868 -0.051457 -15.394154 4.230691 48.933613 22.182117 -20.375898 49.933323 -16.701817 -16.74353 28.476532 -3e-06 -12.690601 0.0 15.55876 -17.988461 3.049494 -0.105919 -1.513856 -4.275883 -5.039042 -5.612873 -2.953557 3e-06 -11.020527 -2e-06 -6.1113 -15.895338 -3.840471 0.0 1e-06 -0.0 -10.283371 -5.680289 -4.341839 11.028297 -11.302407 -2.372634 -1.384269 -14.238581 -6.320121 -0.62544 -26.924198 -3.827602 -4.571628 -49.914993 -3.159878 -13.708526 -7.363478 -3.720939 18.141151 -14.05274 -3.242676 7e-06 -18.78727 -2e-06 -0.429712 -8.456046 2.555504 -1e-06 -0.0 -1e-06 -15.923536 -20.094484 -5.473584 30.419218 -7.190828 1.735922 4e-06 -8.162926 0.0 -1.861903 -22.861475 -6.167943 -1e-06 -3e-06 -1e-06 102.050011 -20.394636 -46.458347 138.062653 0.12561 1.183216 -38.515713 0.987662 -35.852413 -16.757727 1.888339 1.487125 -1.0 -1e-06 -1e-06 -70.806808 -27.813955 -52.206322 137.068893 1.614584 2.28491 -21.475588 13.460504 -30.837839 -12.902005 0.724542 0.405917 -1.000003 -1e-06 -0.0 
0.0 0.0 0.0 0.0 -0.0 0.0 10.408238 13.144773 -25.966469 81.388298 50.107361 86.910393 17.975626 -1.389089 0.077127 1.052998 -0.518887 -1.242274 42.002293 4.577212 -0.602469 12.985244 -1.958725 2.137267 -2.288236 -0.75851 2.061758 -37.64323 2.383221 1.523946 6e-06 -0.0 -0.0 0.176158 0.024294 0.102468 0.115631 0.174307 0.152257 0.074794 -0.123261 0.073893 -67.855217 -81.458496 78.11808 76.206253 -32.490532 -41.537998 73.711235 1.024114 -0.809318 -42.180378 -6.477359 72.25267 17.636631 -26.322731 52.411186 -19.466663 -14.395597 29.410389 2e-06 -8.774821 -2e-06 17.128763 -16.652981 4.661685 -0.609776 -1.795653 -3.889327 -4.807088 -11.046815 -2.93785 4e-06 -20.976019 0.0 -5.019971 -25.03356 -4.03188 5e-06 0.0 -0.0 -10.634535 -5.686973 -3.565587 10.573276 -17.922955 -3.113901 3e-06 -13.821211 0.0 -0.501776 -31.181511 -4.027017 -11.467019 -58.906578 6.974045 -13.982716 -7.150198 -2.875041 13.772732 -8.401493 -3.218243 0.347733 -34.211555 0.771656 -0.963028 -17.733372 2.621018 0.0 -0.0 -0.0 -17.346418 -20.095224 -4.20178 21.757557 -1.638376 3.866429 1e-06 -6.338821 -1e-06 -1.697589 -22.591749 -6.19401 0.0 -4e-06 -2e-06 7.666034 -80.66037 -176.620468 70.467308 -26.685453 -34.201736 67.272865 1.495584 -0.005203 -16.216614 4.484278 49.869862 22.182121 -20.375898 49.933327 -16.701818 -16.743534 28.476538 -3e-06 -12.690606 -1e-06 15.569025 -17.975451 3.07687 -0.105918 -1.513857 -4.275882 -5.039042 -5.612873 -2.953557 4e-06 -11.020527 -2e-06 -6.1113 -15.895339 -3.840472 -0.0 -0.0 -1e-06 -10.283373 -5.680289 -4.34184 11.028299 -11.302407 -2.372634 -1.38427 -14.238584 -6.320122 -0.625438 -26.924202 -3.827604 -4.578141 -49.906971 -3.135447 -13.708528 -7.363479 -3.720939 18.141157 -14.052741 -3.242676 8e-06 -18.787271 -2e-06 -0.429712 -8.456047 2.555504 -0.0 -1e-06 -1e-06 -15.923539 -20.094492 -5.473586 30.419224 -7.190831 1.735926 4e-06 -8.162924 1e-06 -1.861901 -22.861473 -6.167943 0.0 -3e-06 -1e-06 101.139519 -20.850744 -47.074738 138.401901 0.118456 1.167436 -38.731136 0.519927 -36.390129 -16.922689 1.860196 1.484307 -1.000002 -1e-06 -1e-06 -71.658096 -28.05582 -52.69014 137.321411 1.686422 2.25835 -22.273113 12.55337 -31.321175 -12.969865 0.71755 0.39623 -1.000005 -1e-06 -1e-06 
0.0 0.0 0.0 0.0 -0.0 0.0 10.220402 13.204473 -25.704979 81.963905 48.976875 87.373573 17.869396 -1.48144 0.114605 1.065705 -0.515091 -1.222647 41.436703 4.51481 -0.683286 11.508373 -1.978243 2.110562 -2.315326 -0.775001 2.01552 -38.410946 2.031543 1.622604 5e-06 -0.0 -0.0 0.173943 0.023583 0.094839 0.099724 0.16596 0.143016 0.055283 -0.115515 0.066971 -69.071312 -81.67131 79.259109 75.570793 -33.204716 -41.815228 75.018639 1.118572 -0.900389 -42.757256 -6.261322 72.97805 17.636637 -26.322737 52.411201 -19.466663 -14.395594 29.410393 2e-06 -8.774822 -2e-06 17.092655 -16.630363 4.685386 -0.609777 -1.795656 -3.88933 -4.807091 -11.046812 -2.93785 2e-06 -20.976021 1e-06 -5.019974 -25.03356 -4.03188 7e-06 0.0 1e-06 -10.634536 -5.686969 -3.565588 10.573274 -17.922955 -3.1139 1e-06 -13.821213 -0.0 -0.501781 -31.181511 -4.027017 -11.327354 -58.893879 6.875662 -13.982716 -7.150197 -2.875043 13.772729 -8.401491 -3.21824 0.347731 -34.211555 0.771657 -0.963029 -17.73337 2.621018 -1e-06 -0.0 0.0 -17.346422 -20.095222 -4.201783 21.757559 -1.638373 3.86643 -0.0 -6.338825 1e-06 -1.697591 -22.591753 -6.194007 0.0 -3e-06 -1e-06 7.704569 -80.647415 -176.772614 70.214188 -27.171083 -34.214798 68.037895 1.542802 -0.001487 -17.136749 4.690126 50.851028 22.182114 -20.375889 49.933311 -16.701811 -16.743525 28.476522 -2e-06 -12.690598 -1e-06 15.601109 -17.952778 3.085408 -0.105918 -1.513857 -4.27588 -5.03904 -5.612869 -2.953557 4e-06 -11.020523 -2e-06 -6.111297 -15.895332 -3.84047 -0.0 1e-06 -0.0 -10.283368 -5.680288 -4.341836 11.028291 -11.302402 -2.372632 -1.384268 -14.238575 -6.32012 -0.625438 -26.924189 -3.827601 -4.575109 -49.927811 -3.124611 -13.708521 -7.363476 -3.720939 18.141146 -14.052738 -3.242673 9e-06 -18.787266 -3e-06 -0.429712 -8.456043 2.555504 -1e-06 1e-06 -0.0 -15.923532 -20.094482 -5.473583 30.419207 -7.190827 1.735926 3e-06 -8.162922 1e-06 -1.8619 -22.861469 -6.167942 -1e-06 -2e-06 0.0 100.215385 -21.240026 -47.668602 138.701141 0.102507 1.161486 -38.922653 0.127876 -36.837948 -17.069977 1.833988 1.480892 -0.999999 -1e-06 -0.0 -72.537781 -28.281244 -53.070229 137.552521 1.7752 2.213869 -23.054499 11.69177 -31.734619 -12.981149 0.712405 0.378409 -1.000004 -1e-06 -1e-06 
0.0 0.0 0.0 0.0 -0.0 0.0 10.050428 13.278204 -25.49136 82.514626 47.879444 87.793678 17.785984 -1.555461 0.150838 1.074429 -0.507448 -1.225149 40.838291 4.446716 -0.751084 10.138947 -2.031654 2.075541 -2.331214 -0.778111 2.022736 -39.149212 1.748674 1.73745 6e-06 -0.0 0.0 0.170746 0.022871 0.088111 0.0826 0.153621 0.132697 0.034928 -0.103886 0.062596 -70.227264 -81.872398 80.313293 74.941414 -33.88763 -41.995678 76.308357 1.219602 -0.985765 -43.297344 -6.156526 73.532364 17.636637 -26.322733 52.41119 -19.466663 -14.395596 29.410385 2e-06 -8.774821 -4e-06 17.064062 -16.623199 4.707279 -0.609776 -1.795653 -3.889326 -4.807089 -11.046812 -2.93785 5e-06 -20.976017 0.0 -5.019969 -25.03356 -4.031881 5e-06 0.0 0.0 -10.634535 -5.686973 -3.565589 10.573274 -17.922953 -3.113899 3e-06 -13.821206 0.0 -0.501778 -31.181505 -4.027015 -11.212692 -58.902309 6.814416 -13.982716 -7.150198 -2.875043 13.772731 -8.401495 -3.218241 0.347735 -34.211555 0.771656 -0.963027 -17.733372 2.621018 0.0 -1e-06 -1e-06 -17.346422 -20.095217 -4.201784 21.757563 -1.638377 3.866432 0.0 -6.338821 0.0 -1.697589 -22.591747 -6.194007 -0.0 -4e-06 -1e-06 7.832393 -80.68705 -177.013199 70.019417 -27.640011 -34.317944 68.944504 1.529037 -0.069877 -18.08267 4.899776 51.837883 22.182117 -20.375898 49.933327 -16.701817 -16.74353 28.476532 -3e-06 -12.690604 -1e-06 15.661646 -17.933989 3.074985 -0.105918 -1.513857 -4.275881 -5.039042 -5.612869 -2.953558 4e-06 -11.02052 -1e-06 -6.111297 -15.895334 -3.840471 -0.0 -0.0 1e-06 -10.283371 -5.680288 -4.341838 11.028296 -11.302404 -2.372633 -1.384268 -14.238579 -6.320123 -0.625437 -26.924194 -3.827601 -4.593979 -49.998676 -3.105762 -13.708527 -7.363475 -3.720939 18.141151 -14.052739 -3.242675 8e-06 -18.78727 -2e-06 -0.429713 -8.456045 2.555504 -0.0 -0.0 0.0 -15.923536 -20.094482 -5.473586 30.419218 -7.190827 1.735926 4e-06 -8.162922 2e-06 -1.861902 -22.861467 -6.167941 -1e-06 -3e-06 -1e-06 99.292145 -21.555634 -48.16161 138.927734 0.09326 1.178127 -39.004265 -0.120739 -37.176514 -17.197157 1.808445 1.483525 -0.999999 -1e-06 1e-06 -73.420258 -28.475534 -53.346725 137.723984 1.864441 2.161898 -23.789295 10.911889 -32.139416 -12.90519 0.703304 0.355711 -1.000002 -1e-06 0.0 
0.0 0.0 0.0 0.0 -0.0 0.0 9.895935 13.352585 -25.32481 83.002075 46.849682 88.141151 17.718044 -1.605748 0.188724 1.074313 -0.491462 -1.232317 40.250698 4.384067 -0.811815 8.93873 -2.103507 2.044065 -2.334022 -0.772228 2.047006 -39.825844 1.552927 1.848875 6e-06 -0.0 0.0 0.167513 0.02152 0.081318 0.072637 0.141063 0.121696 0.023042 -0.093642 0.058799 -71.335487 -82.072586 81.269463 74.290352 -34.558464 -42.076481 77.556511 1.299264 -1.056005 -43.758381 -6.084652 73.858818 17.636633 -26.322737 52.411205 -19.466652 -14.395597 29.410389 2e-06 -8.774822 -2e-06 17.041252 -16.621334 4.730301 -0.609777 -1.795654 -3.889329 -4.807091 -11.046811 -2.93785 1e-06 -20.976019 3e-06 -5.019974 -25.033562 -4.031883 6e-06 0.0 0.0 -10.634537 -5.686971 -3.565589 10.573273 -17.922949 -3.1139 1e-06 -13.821211 2e-06 -0.501781 -31.181505 -4.027017 -11.173348 -58.953037 6.820098 -13.982716 -7.150199 -2.875044 13.772731 -8.401489 -3.218241 0.34773 -34.211555 0.771657 -0.96303 -17.73337 2.621018 -1e-06 -1e-06 -1e-06 -17.346424 -20.095221 -4.201783 21.757561 -1.638374 3.86643 -0.0 -6.338821 2e-06 -1.697593 -22.591747 -6.194006 -0.0 -4e-06 -1e-06 8.050105 -80.787613 -177.305054 69.902077 -28.066761 -34.463593 69.923698 1.527709 -0.173539 -18.977177 5.129134 52.691097 22.182117 -20.375895 49.933319 -16.701817 -16.74353 28.47653 -4e-06 -12.690602 -1e-06 15.708634 -17.92285 3.05982 -0.105919 -1.513857 -4.275882 -5.039041 -5.61287 -2.953557 5e-06 -11.020523 -2e-06 -6.111297 -15.895334 -3.84047 0.0 1e-06 -0.0 -10.283371 -5.680289 -4.341838 11.028296 -11.302402 -2.372633 -1.384268 -14.238579 -6.320121 -0.625437 -26.924185 -3.827601 -4.648334 -50.091316 -3.064873 -13.708526 -7.363475 -3.720939 18.141151 -14.052736 -3.242674 7e-06 -18.787266 -1e-06 -0.429711 -8.456045 2.555503 0.0 -0.0 0.0 -15.923538 -20.094479 -5.473584 30.419218 -7.190829 1.735925 4e-06 -8.162922 0.0 -1.861902 -22.861469 -6.167941 -1e-06 -2e-06 -1e-06 98.383675 -21.827282 -48.525784 139.096573 0.099268 1.21698 -38.97142 -0.242718 -37.419933 -17.305773 1.781674 1.491682 -0.999999 -0.0 1e-06 -74.270164 -28.622868 -53.565754 137.833221 1.944246 2.108759 -24.413584 10.228939 -32.486065 -12.78635 0.691601 0.338409 -1.000001 0.0 -1e-06 
0.0 0.0 0.0 0.0 -0.0 0.0 9.751365 13.404978 -25.18409 83.429787 45.936878 88.419189 17.661173 -1.64627 0.222027 1.072987 -0.470108 -1.230274 39.71682 4.334925 -0.866369 7.951117 -2.159569 2.042351 -2.332322 -0.763968 2.03718 -40.395393 1.439508 1.929698 6e-06 -0.0 -0.0 0.165467 0.018734 0.071099 0.070394 0.131107 0.108918 0.020927 -0.089031 0.050524 -72.471985 -82.245239 82.207382 73.660324 -35.193794 -42.087387 78.682076 1.340846 -1.12673 -44.111736 -6.021107 74.027008 17.636631 -26.322741 52.411213 -19.466665 -14.3956 29.410395 1e-06 -8.774822 -2e-06 17.00629 -16.631708 4.764126 -0.609777 -1.795651 -3.889328 -4.80709 -11.04681 -2.93785 4e-06 -20.976021 0.0 -5.019972 -25.033562 -4.031881 6e-06 0.0 -0.0 -10.634537 -5.686968 -3.565589 10.573277 -17.922958 -3.113901 3e-06 -13.821213 3e-06 -0.501778 -31.181511 -4.027015 -11.205649 -59.038208 6.868081 -13.982718 -7.150196 -2.875042 13.772731 -8.401491 -3.218242 0.347734 -34.211555 0.771657 -0.96303 -17.733372 2.62102 0.0 -0.0 1e-06 -17.346422 -20.095217 -4.201784 21.757565 -1.638376 3.86643 -0.0 -6.338823 -0.0 -1.69759 -22.591747 -6.194008 0.0 -3e-06 -2e-06 8.260041 -80.898018 -177.596329 69.814674 -28.459843 -34.56789 70.881096 1.548907 -0.28047 -19.783978 5.36256 53.341587 22.182121 -20.375898 49.933327 -16.701817 -16.743528 28.476532 -2e-06 -12.690603 -1e-06 15.723619 -17.917963 3.043887 -0.105919 -1.513857 -4.275882 -5.039042 -5.612873 -2.953557 4e-06 -11.020527 -2e-06 -6.111299 -15.895336 -3.84047 -0.0 1e-06 -0.0 -10.283372 -5.680289 -4.341839 11.028296 -11.302406 -2.372633 -1.384269 -14.238581 -6.320121 -0.625436 -26.924194 -3.827603 -4.715205 -50.168709 -3.016805 -13.708527 -7.363477 -3.72094 18.141155 -14.052744 -3.242676 7e-06 -18.78727 -2e-06 -0.429711 -8.456043 2.555504 -0.0 -2e-06 0.0 -15.923538 -20.094486 -5.473585 30.419222 -7.190829 1.735927 3e-06 -8.162922 1e-06 -1.861901 -22.861469 -6.167942 -1e-06 -3e-06 -1e-06 97.537163 -22.083445 -48.827095 139.243332 0.104833 1.254821 -38.853909 -0.29177 -37.603916 -17.377415 1.76526 1.497148 -1.000001 -1e-06 -0.0 -75.053505 -28.723614 -53.766121 137.911713 2.00805 2.061587 -24.90757 9.625424 -32.766644 -12.710789 0.688504 0.327212 -1.000003 -1e-06 -1e-06 
0.0 0.0 0.0 0.0 -0.0 0.0 9.608594 13.440633 -25.062531 83.797783 45.172321 88.638916 17.60133 -1.683059 0.246266 1.069941 -0.446934 -1.219139 39.284729 4.295284 -0.910819 7.222072 -2.171414 2.057864 -2.325379 -0.756229 1.983545 -40.848366 1.380766 1.98235 5e-06 0.0 -0.0 0.165694 0.017179 0.063792 0.073099 0.124784 0.100525 0.025332 -0.085694 0.044312 -73.56266 -82.372879 83.095314 73.140884 -35.739029 -42.127678 79.604218 1.32254 -1.194107 -44.368744 -5.959778 74.084389 17.636635 -26.322731 52.411201 -19.466665 -14.3956 29.410393 1e-06 -8.774824 -2e-06 16.941715 -16.654587 4.814095 -0.609776 -1.795656 -3.889328 -4.807091 -11.046809 -2.93785 2e-06 -20.976019 0.0 -5.019974 -25.03356 -4.031883 6e-06 0.0 -0.0 -10.634537 -5.686973 -3.565587 10.573275 -17.922955 -3.113902 2e-06 -13.821211 1e-06 -0.501779 -31.181505 -4.027019 -11.263819 -59.1255 6.92706 -13.982718 -7.150201 -2.875042 13.772733 -8.401491 -3.218242 0.34773 -34.211555 0.771655 -0.963029 -17.733372 2.62102 -0.0 -1e-06 -0.0 -17.346424 -20.095224 -4.20178 21.757566 -1.638377 3.86643 0.0 -6.338822 -1e-06 -1.697591 -22.591747 -6.194008 0.0 -4e-06 -1e-06 8.412278 -81.003784 -177.812195 69.75354 -28.81077 -34.68121 71.719017 1.571385 -0.353095 -20.430471 5.605067 53.865253 22.182114 -20.375895 49.933319 -16.701811 -16.74353 28.476532 -3e-06 -12.690601 0.0 15.721292 -17.912405 3.033587 -0.105919 -1.513856 -4.275881 -5.039041 -5.612871 -2.953557 4e-06 -11.020527 -2e-06 -6.111297 -15.895334 -3.84047 -0.0 -0.0 1e-06 -10.283371 -5.680288 -4.341838 11.028296 -11.302406 -2.372633 -1.384269 -14.238583 -6.320121 -0.625438 -26.924191 -3.827601 -4.776958 -50.220882 -2.969899 -13.708526 -7.363476 -3.720939 18.14115 -14.052739 -3.242675 5e-06 -18.787268 -2e-06 -0.429712 -8.456048 2.555503 0.0 -0.0 0.0 -15.923536 -20.094484 -5.473583 30.419214 -7.190823 1.735926 2e-06 -8.162925 1e-06 -1.861903 -22.861471 -6.167942 -1e-06 -3e-06 -1e-06 96.783615 -22.320063 -49.043537 139.384689 0.112375 1.2828 -38.706707 -0.273983 -37.777107 -17.412987 1.757192 1.492741 -1.000002 -0.0 -1e-06 -75.726097 -28.761513 -53.955753 137.965836 2.053283 2.027031 -25.321852 9.099325 -32.996029 -12.693636 0.693252 0.314483 -1.000003 -1e-06 -0.0 
0.0 0.0 0.0 0.0 -0.0 0.0 9.470331 13.466865 -24.945454 84.133408 44.541939 88.839272 17.536097 -1.716242 0.259843 1.067497 -0.426597 -1.194643 38.957859 4.264047 -0.959191 6.70376 -2.105849 2.077178 -2.313585 -0.76379 1.901333 -41.192696 1.34001 2.023866 5e-06 -0.0 -0.0 0.169415 0.018149 0.061135 0.08363 0.123296 0.098745 0.036888 -0.082085 0.041065 -74.524445 -82.455978 83.882133 72.751289 -36.186478 -42.232105 80.35231 1.25849 -1.247598 -44.585373 -5.909879 74.179138 17.636623 -26.322737 52.411198 -19.466665 -14.395604 29.410395 1e-06 -8.774822 -1e-06 16.831482 -16.702843 4.886825 -0.609776 -1.795654 -3.889328 -4.807086 -11.046814 -2.93785 6e-06 -20.976021 0.0 -5.019969 -25.033562 -4.03188 6e-06 0.0 1e-06 -10.634535 -5.686969 -3.565586 10.573278 -17.922955 -3.113903 4e-06 -13.821211 1e-06 -0.501775 -31.181505 -4.027014 -11.328471 -59.180332 6.980158 -13.982714 -7.150199 -2.875041 13.772733 -8.401492 -3.218244 0.347738 -34.211555 0.771655 -0.963028 -17.73337 2.621021 -0.0 0.0 -0.0 -17.346418 -20.095219 -4.201779 21.757559 -1.638376 3.866426 1e-06 -6.338823 0.0 -1.697588 -22.591742 -6.194005 0.0 -4e-06 -1e-06 8.579519 -81.075218 -178.03241 69.69912 -29.125532 -34.82338 72.420609 1.574224 -0.377755 -20.922243 5.804938 54.333092 22.182114 -20.375891 49.933315 -16.701811 -16.743526 28.476528 1e-06 -12.6906 -1e-06 15.714993 -17.901102 3.020786 -0.10592 -1.513857 -4.275882 -5.039042 -5.612871 -2.953557 3e-06 -11.020527 -2e-06 -6.111301 -15.895338 -3.84047 0.0 1e-06 1e-06 -10.283371 -5.680289 -4.341838 11.028294 -11.302406 -2.372632 -1.384271 -14.238583 -6.32012 -0.625442 -26.924194 -3.827602 -4.793056 -50.239479 -2.960932 -13.708526 -7.363478 -3.720939 18.141148 -14.052739 -3.242674 4e-06 -18.78727 -3e-06 -0.429712 -8.456045 2.555504 -0.0 -0.0 0.0 -15.923538 -20.09449 -5.473583 30.419218 -7.190823 1.735928 1e-06 -8.162928 -0.0 -1.861903 -22.861479 -6.167946 -1e-06 -3e-06 -1e-06 96.142738 -22.518164 -49.211483 139.528427 0.123671 1.300407 -38.59063 -0.228118 -37.999939 -17.413004 1.758616 1.481437 -0.999998 1e-06 0.0 -76.297928 -28.764078 -54.118244 138.022461 2.083756 2.004748 -25.738964 8.629348 -33.216644 -12.689115 0.706372 0.294548 -1.000004 -1e-06 -1e-06 
0.0 0.0 0.0 0.0 -0.0 0.0 9.339532 13.494837 -24.85368 84.422112 44.026299 89.002426 17.467062 -1.742515 0.263817 1.066859 -0.407904 -1.15935 38.702175 4.238719 -1.007393 6.401531 -1.979978 2.086488 -2.305365 -0.776382 1.809701 -41.396023 1.293615 2.054235 5e-06 -0.0 0.0 0.175654 0.021988 0.063293 0.101271 0.126144 0.103631 0.055139 -0.077041 0.040924 -75.411491 -82.502884 84.627495 72.456528 -36.590286 -42.344692 80.968857 1.201842 -1.289172 -44.754131 -5.829397 74.328087 17.636625 -26.322725 52.411182 -19.46666 -14.395591 29.410381 1e-06 -8.774819 -1e-06 16.72912 -16.746752 4.958811 -0.609777 -1.795655 -3.889327 -4.807087 -11.046807 -2.93785 3e-06 -20.976011 1e-06 -5.01997 -25.033552 -4.03188 6e-06 -0.0 -0.0 -10.634532 -5.686974 -3.565587 10.573271 -17.922945 -3.113899 2e-06 -13.821203 0.0 -0.501779 -31.181494 -4.027016 -11.389341 -59.209652 7.02642 -13.982711 -7.150198 -2.875041 13.772724 -8.401486 -3.218242 0.347733 -34.211544 0.771654 -0.963029 -17.73337 2.621019 1e-06 -1e-06 -0.0 -17.346413 -20.095213 -4.201782 21.757555 -1.638372 3.866429 0.0 -6.338821 -0.0 -1.69759 -22.59174 -6.194006 -0.0 -3e-06 -1e-06 8.739534 -81.094414 -178.234863 69.630234 -29.431883 -34.964336 72.993492 1.566696 -0.363724 -21.24301 5.973741 54.697788 22.18211 -20.375891 49.933315 -16.701813 -16.74353 28.47653 -1e-06 -12.690601 -0.0 15.705612 -17.886326 3.000827 -0.105919 -1.513855 -4.275881 -5.039041 -5.612868 -2.953556 3e-06 -11.020523 -2e-06 -6.1113 -15.89533 -3.840471 0.0 2e-06 1e-06 -10.28337 -5.680287 -4.341839 11.028294 -11.302401 -2.372632 -1.38427 -14.238577 -6.32012 -0.625439 -26.924183 -3.827601 -4.762493 -50.231945 -2.993598 -13.708527 -7.363475 -3.720938 18.141151 -14.052736 -3.242674 5e-06 -18.787266 -1e-06 -0.429712 -8.456045 2.555503 0.0 1e-06 0.0 -15.923532 -20.094481 -5.473585 30.41921 -7.190823 1.735926 1e-06 -8.162924 0.0 -1.861903 -22.861467 -6.167942 -2e-06 -2e-06 -1e-06 95.61013 -22.698351 -49.307411 139.650879 0.140566 1.315665 -38.447227 -0.122847 -38.174568 -17.463114 1.770254 1.467092 -1.000002 1e-06 0.0 -76.765068 -28.727329 -54.24802 138.050598 2.105923 1.992034 -26.123507 8.229205 -33.392536 -12.667723 0.725753 0.277341 -1.000003 -0.0 -0.0 
0.0 0.0 0.0 0.0 -0.0 0.0 9.218472 13.523465 -24.796598 84.66729 43.604088 89.133591 17.390306 -1.754282 0.259231 1.059887 -0.39456 -1.127492 38.507099 4.214068 -1.054819 6.30122 -1.830243 2.098191 -2.299132 -0.787096 1.729037 -41.455887 1.231496 2.043873 7e-06 0.0 0.0 0.179426 0.028278 0.0717 0.121103 0.13192 0.114821 0.076003 -0.07015 0.046778 -76.249657 -82.530289 85.332115 72.207489 -36.971939 -42.409107 81.464493 1.16783 -1.294635 -44.828842 -5.758707 74.501419 17.636629 -26.322731 52.411201 -19.466661 -14.395596 29.410389 -0.0 -8.774822 -2e-06 16.654327 -16.762804 5.002705 -0.609776 -1.795655 -3.889328 -4.807091 -11.046811 -2.937851 3e-06 -20.976019 0.0 -5.01997 -25.03356 -4.031884 5e-06 0.0 -0.0 -10.634535 -5.686972 -3.565586 10.573274 -17.922951 -3.113901 3e-06 -13.821209 -1e-06 -0.501778 -31.181505 -4.027016 -11.428438 -59.203491 7.047617 -13.982714 -7.150198 -2.875042 13.772727 -8.401491 -3.218242 0.347732 -34.211555 0.771656 -0.963029 -17.73337 2.62102 1e-06 0.0 -0.0 -17.34642 -20.095213 -4.201784 21.757557 -1.638374 3.86643 0.0 -6.338823 0.0 -1.697589 -22.591747 -6.194007 0.0 -4e-06 -2e-06 8.933142 -81.070007 -178.471359 69.5578 -29.728012 -35.067978 73.448776 1.557975 -0.337759 -21.412237 6.137012 54.998436 22.182117 -20.375887 49.933308 -16.701811 -16.743525 28.476522 -2e-06 -12.690599 -1e-06 15.703551 -17.871391 2.96736 -0.10592 -1.513856 -4.27588 -5.03904 -5.612871 -2.953557 3e-06 -11.020523 -2e-06 -6.111297 -15.895334 -3.84047 -0.0 1e-06 0.0 -10.283369 -5.680288 -4.341837 11.028292 -11.302405 -2.372633 -1.384269 -14.23858 -6.32012 -0.625437 -26.924183 -3.827601 -4.714161 -50.228031 -3.044684 -13.708522 -7.363476 -3.720938 18.141146 -14.052739 -3.242674 6e-06 -18.787266 -3e-06 -0.429712 -8.456047 2.555502 0.0 1e-06 1e-06 -15.923532 -20.094481 -5.473583 30.419205 -7.190827 1.735927 2e-06 -8.162922 0.0 -1.861899 -22.861467 -6.167944 -2e-06 -3e-06 -1e-06 95.160736 -22.862118 -49.337559 139.737427 0.160544 1.330711 -38.273052 0.025185 -38.303452 -17.566824 1.78883 1.455861 -0.999997 1e-06 1e-06 -77.136627 -28.674589 -54.360477 138.039902 2.119605 1.980971 -26.464081 7.881276 -33.5131 -12.647165 0.745689 0.270699 -1.000004 -1e-06 -1e-06 
0.0 0.0 0.0 0.0 -0.0 0.0 9.106566 13.54183 -24.782827 84.871117 43.262939 89.242729 17.307928 -1.754409 0.24446 1.044833 -0.390776 -1.112051 38.370911 4.191701 -1.098832 6.363183 -1.669127 2.098827 -2.29345 -0.798242 1.688402 -41.370464 1.164294 1.998048 7e-06 -0.0 -0.0 0.180856 0.036024 0.086064 0.139362 0.137664 0.131267 0.095659 -0.060442 0.059137 -76.936348 -82.532791 85.911041 72.009407 -37.296417 -42.421432 81.851212 1.171026 -1.260751 -44.865753 -5.711481 74.631889 17.636625 -26.322729 52.411201 -19.46666 -14.395598 29.410389 2e-06 -8.774821 -1e-06 16.601887 -16.757557 5.028089 -0.609776 -1.795651 -3.889329 -4.80709 -11.046813 -2.937849 3e-06 -20.976019 -1e-06 -5.019973 -25.03356 -4.031882 6e-06 0.0 1e-06 -10.634534 -5.68697 -3.565587 10.573274 -17.922951 -3.113902 2e-06 -13.821209 2e-06 -0.501778 -31.181501 -4.027017 -11.445943 -59.182171 7.03938 -13.982715 -7.150198 -2.875041 13.772729 -8.401489 -3.218243 0.347733 -34.211555 0.771655 -0.963029 -17.73337 2.621018 0.0 -1e-06 1e-06 -17.346422 -20.095217 -4.20178 21.757563 -1.638373 3.866427 0.0 -6.338822 -1e-06 -1.697591 -22.591745 -6.194007 0.0 -4e-06 -0.0 8.997013 -81.037376 -178.564987 69.502632 -29.9956 -35.163548 73.776566 1.556206 -0.305202 -21.454775 6.292603 55.293816 22.18211 -20.375895 49.933315 -16.701811 -16.743528 28.476528 -3e-06 -12.690598 -0.0 15.701418 -17.866562 2.946168 -0.105919 -1.513856 -4.275881 -5.039039 -5.612869 -2.953556 4e-06 -11.020523 -1e-06 -6.111296 -15.89533 -3.840468 -0.0 1e-06 -0.0 -10.283368 -5.680287 -4.341839 11.028294 -11.302404 -2.372633 -1.384268 -14.238579 -6.32012 -0.625438 -26.924187 -3.8276 -4.670021 -50.22942 -3.090985 -13.708523 -7.363474 -3.720939 18.141146 -14.052739 -3.242673 6e-06 -18.787266 -2e-06 -0.429711 -8.456045 2.555503 -0.0 1e-06 1e-06 -15.923534 -20.094479 -5.473584 30.419205 -7.190827 1.735925 2e-06 -8.162922 1e-06 -1.8619 -22.861467 -6.167942 -1e-06 -2e-06 -1e-06 94.7761 -23.023331 -49.313919 139.776611 0.187533 1.350015 -38.042137 0.19009 -38.404232 -17.671545 1.807668 1.449611 -0.999996 1e-06 1e-06 -77.425842 -28.631775 -54.470173 137.982193 2.1294 1.966615 -26.708799 7.57839 -33.621788 -12.66051 0.759224 0.266344 -1.000004 -1e-06 -0.0 
0.0 0.0 0.0 0.0 -0.0 0.0 9.009175 13.544363 -24.797367 85.042618 43.002419 89.329025 17.248428 -1.744633 0.229098 1.027413 -0.392188 -1.108609 38.272511 4.176425 -1.153552 6.551475 -1.541837 2.112197 -2.290173 -0.797676 1.6574 -41.160713 1.117525 1.934969 5e-06 -0.0 0.0 0.178113 0.039564 0.094655 0.143855 0.137552 0.140096 0.103095 -0.053532 0.067679 -77.446625 -82.524857 86.350433 71.823814 -37.549549 -42.405754 82.166351 1.191562 -1.193041 -44.837242 -5.690399 74.708176 17.636641 -26.322733 52.411186 -19.466665 -14.395598 29.410385 1e-06 -8.774822 -2e-06 16.575375 -16.744982 5.047832 -0.609776 -1.795654 -3.889329 -4.807089 -11.046811 -2.937849 4e-06 -20.976019 -1e-06 -5.019971 -25.033562 -4.031882 5e-06 -0.0 -0.0 -10.634537 -5.68697 -3.565587 10.573277 -17.922955 -3.113901 3e-06 -13.821211 1e-06 -0.501779 -31.181511 -4.027017 -11.455637 -59.179977 7.031219 -13.982716 -7.150198 -2.875043 13.772733 -8.401493 -3.218243 0.347735 -34.211559 0.771654 -0.963027 -17.733376 2.621017 -0.0 -0.0 0.0 -17.346424 -20.095222 -4.20178 21.757566 -1.638376 3.86643 1e-06 -6.338825 -1e-06 -1.69759 -22.591755 -6.194007 0.0 -4e-06 -2e-06 8.812086 -81.02066 -178.382874 69.453407 -30.215408 -35.275116 74.025963 1.558855 -0.280419 -21.43174 6.43102 55.540237 22.182121 -20.375898 49.933319 -16.701817 -16.743532 28.476532 -3e-06 -12.690603 -0.0 15.693533 -17.871223 2.928949 -0.10592 -1.513856 -4.275882 -5.039041 -5.61287 -2.953557 5e-06 -11.020523 -2e-06 -6.111298 -15.895334 -3.840469 -0.0 2e-06 -1e-06 -10.283372 -5.680287 -4.341838 11.028297 -11.302406 -2.372633 -1.384268 -14.238579 -6.32012 -0.625438 -26.924187 -3.827599 -4.642734 -50.211769 -3.134583 -13.708527 -7.363475 -3.720939 18.141151 -14.052739 -3.242674 6e-06 -18.78727 -1e-06 -0.429711 -8.456045 2.555504 -1e-06 -1e-06 0.0 -15.923536 -20.094482 -5.473586 30.419218 -7.19083 1.735926 2e-06 -8.162925 1e-06 -1.861901 -22.861469 -6.167942 -1e-06 -2e-06 -1e-06 94.469353 -23.184582 -49.275658 139.783005 0.219859 1.369676 -37.785828 0.342057 -38.44207 -17.797873 1.82152 1.456763 -0.999998 0.0 1e-06 -77.641464 -28.607153 -54.568802 137.901642 2.14255 1.95207 -26.84572 7.317708 -33.699383 -12.710548 0.761782 0.268363 -1.000004 -1e-06 -2e-06 
0.0 0.0 0.0 0.0 -0.0 0.0 8.919584 13.554221 -24.80937 85.198753 42.811527 89.411018 17.203974 -1.729535 0.221782 1.005072 -0.397367 -1.1171 38.195595 4.168856 -1.216235 6.868406 -1.447844 2.129572 -2.290642 -0.791358 1.627529 -40.833134 1.075322 1.837907 5e-06 -0.0 -0.0 0.171728 0.041726 0.102903 0.140317 0.134177 0.148211 0.10334 -0.046385 0.076323 -77.899063 -82.519897 86.750694 71.638771 -37.75351 -42.345829 82.405746 1.220187 -1.092029 -44.7384 -5.697735 74.686234 17.636631 -26.322729 52.411186 -19.466658 -14.395598 29.410389 1e-06 -8.774821 -1e-06 16.577768 -16.74906 5.071469 -0.609776 -1.795656 -3.889329 -4.807089 -11.046809 -2.93785 3e-06 -20.976019 -1e-06 -5.01997 -25.033558 -4.031881 6e-06 -0.0 -0.0 -10.634537 -5.686973 -3.565586 10.573277 -17.922949 -3.113902 3e-06 -13.821208 1e-06 -0.50178 -31.181505 -4.027016 -11.474507 -59.224453 7.062241 -13.982715 -7.150198 -2.875043 13.772729 -8.401491 -3.218242 0.347733 -34.211552 0.771657 -0.963029 -17.73337 2.621019 0.0 0.0 1e-06 -17.346422 -20.095219 -4.201783 21.757561 -1.638373 3.866428 0.0 -6.338823 0.0 -1.697591 -22.591747 -6.194006 0.0 -4e-06 -2e-06 8.49757 -81.018761 -178.039566 69.41143 -30.389729 -35.394878 74.203079 1.558998 -0.247853 -21.388231 6.560705 55.714901 22.182117 -20.3759 49.933327 -16.701811 -16.74353 28.476528 -2e-06 -12.690603 -1e-06 15.687174 -17.883198 2.913929 -0.105919 -1.513856 -4.275882 -5.039042 -5.612871 -2.953557 3e-06 -11.020527 -1e-06 -6.1113 -15.895334 -3.840471 -0.0 -1e-06 0.0 -10.283371 -5.680288 -4.341839 11.028295 -11.302406 -2.372632 -1.384269 -14.238581 -6.320121 -0.62544 -26.924194 -3.827599 -4.630005 -50.171539 -3.18415 -13.708526 -7.363476 -3.720939 18.141151 -14.052739 -3.242674 5e-06 -18.787271 -0.0 -0.429713 -8.456047 2.555504 -0.0 -1e-06 -0.0 -15.923536 -20.094484 -5.473583 30.419218 -7.190826 1.735927 1e-06 -8.162929 1e-06 -1.861905 -22.861471 -6.167941 -1e-06 -2e-06 -1e-06 94.266716 -23.32826 -49.235119 139.792755 0.2532 1.392017 -37.552807 0.499722 -38.385433 -17.905611 1.832528 1.475781 -0.999999 -0.0 0.0 -77.78257 -28.572731 -54.644695 137.832458 2.151385 1.942191 -26.954313 7.112892 -33.770203 -12.758533 0.760874 0.265016 -1.000004 -0.0 -1e-06 
0.0 0.0 0.0 0.0 -0.0 0.0 8.839769 13.58943 -24.799093 85.34185 42.67382 89.485039 17.165838 -1.709421 0.223613 0.980297 -0.401346 -1.120541 38.124897 4.169419 -1.286148 7.287033 -1.38674 2.147927 -2.288126 -0.774026 1.589978 -40.447426 1.010267 1.699512 4e-06 0.0 -0.0 0.1666 0.043637 0.112609 0.141522 0.13171 0.158678 0.106795 -0.040757 0.085202 -78.411125 -82.518951 87.21653 71.474586 -37.938362 -42.251324 82.579613 1.253737 -1.021869 -44.616318 -5.660207 74.578606 17.636627 -26.322737 52.411201 -19.466663 -14.395596 29.410393 3e-06 -8.774819 -1e-06 16.596991 -16.7831 5.098331 -0.609777 -1.795656 -3.889328 -4.807088 -11.046808 -2.93785 4e-06 -20.976019 0.0 -5.01997 -25.03356 -4.03188 6e-06 -0.0 -0.0 -10.634534 -5.686973 -3.565588 10.573272 -17.922951 -3.113901 2e-06 -13.821209 1e-06 -0.501779 -31.181505 -4.027016 -11.537818 -59.303226 7.145931 -13.982714 -7.150199 -2.875042 13.77273 -8.401493 -3.218242 0.347734 -34.211555 0.771656 -0.963029 -17.733372 2.621019 0.0 -0.0 1e-06 -17.346418 -20.095224 -4.201779 21.757559 -1.638373 3.866428 1e-06 -6.338824 -1e-06 -1.69759 -22.591743 -6.194005 0.0 -4e-06 -2e-06 8.226254 -81.005928 -177.735657 69.364052 -30.532055 -35.477528 74.310822 1.556841 -0.203718 -21.331375 6.664297 55.819248 22.182112 -20.375898 49.933319 -16.701811 -16.743528 28.47653 -2e-06 -12.690599 0.0 15.677914 -17.873325 2.890761 -0.10592 -1.513855 -4.275881 -5.039041 -5.612873 -2.953557 3e-06 -11.020523 -1e-06 -6.111298 -15.895332 -3.840469 -0.0 1e-06 -0.0 -10.283369 -5.680289 -4.341838 11.028294 -11.302403 -2.372633 -1.384268 -14.238583 -6.320121 -0.62544 -26.924187 -3.8276 -4.624608 -50.096687 -3.234141 -13.708522 -7.363476 -3.720939 18.141148 -14.052739 -3.242674 5e-06 -18.78727 -1e-06 -0.429711 -8.456042 2.555504 -0.0 1e-06 1e-06 -15.923532 -20.094484 -5.473584 30.41921 -7.190824 1.735925 1e-06 -8.162927 1e-06 -1.861902 -22.861469 -6.167941 -1e-06 -3e-06 -1e-06 94.177368 -23.442032 -49.197327 139.826981 0.283967 1.414078 -37.394932 0.670258 -38.264626 -18.02397 1.834167 1.494741 -1.0 0.0 0.0 -77.844955 -28.513775 -54.689987 137.796387 2.156001 1.941983 -27.14292 6.946077 -33.847839 -12.751843 0.756322 0.256365 -1.000004 -0.0 -1e-06 
0.0 0.0 0.0 0.0 -0.0 0.0 8.762418 13.639283 -24.775087 85.479256 42.564953 89.545074 17.125587 -1.690593 0.234995 0.947589 -0.412717 -1.117203 38.054047 4.177141 -1.345422 7.777626 -1.343958 2.15663 -2.279093 -0.745548 1.523636 -40.022861 0.937993 1.554473 7e-06 0.0 -0.0 0.164963 0.045881 0.124971 0.145048 0.131088 0.172074 0.111335 -0.036281 0.096382 -78.805969 -82.52932 87.549095 71.330917 -38.144321 -42.15097 82.687332 1.276636 -1.004275 -44.484795 -5.574677 74.406281 17.636633 -26.322731 52.411179 -19.466663 -14.395596 29.410385 1e-06 -8.774822 -1e-06 16.616882 -16.826859 5.125431 -0.609774 -1.795657 -3.889326 -4.80709 -11.046809 -2.93785 3e-06 -20.976021 1e-06 -5.019973 -25.03356 -4.03188 6e-06 0.0 0.0 -10.634533 -5.686969 -3.565587 10.573271 -17.922951 -3.113897 2e-06 -13.821213 1e-06 -0.501779 -31.181511 -4.027014 -11.599786 -59.365005 7.222438 -13.982713 -7.150198 -2.875041 13.772727 -8.401489 -3.218241 0.347733 -34.211555 0.771655 -0.963028 -17.733372 2.621019 0.0 -0.0 1e-06 -17.34642 -20.095219 -4.201778 21.757557 -1.638373 3.866428 0.0 -6.338823 -0.0 -1.697591 -22.591751 -6.194005 0.0 -3e-06 -2e-06 8.075835 -80.990303 -177.55545 69.321541 -30.660959 -35.512829 74.355049 1.565943 -0.164039 -21.2502 6.760967 55.90432 22.18211 -20.375887 49.933308 -16.701809 -16.743528 28.476521 -2e-06 -12.690598 -1e-06 15.656672 -17.851639 2.874263 -0.10592 -1.513856 -4.275881 -5.039039 -5.612869 -2.953556 5e-06 -11.020523 -2e-06 -6.111295 -15.89533 -3.840469 -0.0 1e-06 -0.0 -10.283368 -5.680287 -4.341837 11.028293 -11.302404 -2.372633 -1.384268 -14.238577 -6.32012 -0.625437 -26.924187 -3.8276 -4.62222 -50.026138 -3.26869 -13.708522 -7.363474 -3.720938 18.141148 -14.052738 -3.242675 6e-06 -18.787262 -1e-06 -0.429711 -8.456043 2.555502 -0.0 1e-06 0.0 -15.923534 -20.094479 -5.473584 30.419207 -7.190824 1.735925 3e-06 -8.162921 0.0 -1.8619 -22.861469 -6.167941 -2e-06 -2e-06 -1e-06 94.152145 -23.553207 -49.166172 139.88002 0.308834 1.431122 -37.325676 0.824464 -38.144543 -18.135611 1.829693 1.511128 -0.999998 1e-06 0.0 -77.867645 -28.42528 -54.715439 137.776566 2.15942 1.942901 -27.358303 6.808516 -33.913303 -12.692602 0.751417 0.244317 -1.000003 0.0 -1e-06 
0.0 0.0 0.0 0.0 -0.0 0.0 8.697221 13.695746 -24.743267 85.618874 42.470798 89.613289 17.083477 -1.678896 0.244268 0.912957 -0.426403 -1.120081 37.974007 4.18214 -1.377175 8.290009 -1.305142 2.165797 -2.270943 -0.715065 1.421158 -39.57238 0.872688 1.422421 6e-06 0.0 -0.0 0.166248 0.04745 0.137155 0.144869 0.130002 0.183754 0.110986 -0.032547 0.108905 -79.165199 -82.551598 87.830162 71.215584 -38.360668 -42.070465 82.732117 1.282359 -1.021817 -44.372658 -5.481326 74.26976 17.636635 -26.322733 52.411194 -19.46666 -14.395597 29.410385 2e-06 -8.774821 -3e-06 16.612879 -16.856758 5.148759 -0.609775 -1.795657 -3.88933 -4.807089 -11.046811 -2.93785 3e-06 -20.976019 -0.0 -5.019971 -25.03356 -4.031881 6e-06 0.0 0.0 -10.634535 -5.686975 -3.565588 10.573274 -17.922955 -3.113901 2e-06 -13.821209 1e-06 -0.501779 -31.181505 -4.027017 -11.630239 -59.378788 7.255458 -13.982714 -7.150203 -2.875041 13.772728 -8.401495 -3.218242 0.347731 -34.211555 0.771657 -0.96303 -17.73337 2.621021 1e-06 -0.0 1e-06 -17.346424 -20.095224 -4.20178 21.757561 -1.638374 3.866429 1e-06 -6.338825 -1e-06 -1.697591 -22.591749 -6.194005 0.0 -3e-06 -2e-06 8.050694 -80.975616 -177.509781 69.281967 -30.792177 -35.545422 74.364288 1.559333 -0.151311 -21.178551 6.850122 55.967865 22.182112 -20.375885 49.933319 -16.701811 -16.743526 28.476528 -2e-06 -12.6906 -1e-06 15.646666 -17.822727 2.853983 -0.105919 -1.513856 -4.275881 -5.039041 -5.612871 -2.953557 4e-06 -11.020523 -2e-06 -6.111297 -15.895334 -3.840472 -0.0 0.0 0.0 -10.283371 -5.680289 -4.341839 11.028294 -11.302404 -2.372633 -1.384268 -14.238579 -6.320122 -0.625437 -26.924185 -3.827603 -4.613368 -49.986126 -3.291007 -13.708526 -7.363479 -3.720939 18.141148 -14.052739 -3.242674 6e-06 -18.787268 -3e-06 -0.429712 -8.456045 2.555502 -0.0 -1e-06 0.0 -15.923536 -20.094482 -5.473587 30.41921 -7.190827 1.735926 2e-06 -8.162921 0.0 -1.861901 -22.861467 -6.167944 -1e-06 -3e-06 -2e-06 94.160118 -23.627592 -49.14756 139.932495 0.332675 1.446101 -37.319973 0.959137 -38.072784 -18.208946 1.820235 1.520612 -0.999998 2e-06 1e-06 -77.878319 -28.35165 -54.713139 137.776871 2.163187 1.94022 -27.558514 6.705371 -33.935719 -12.6004 0.747317 0.237573 -1.000005 -1e-06 -1e-06 
0.0 0.0 0.0 0.0 -0.0 0.0 8.644195 13.747274 -24.716776 85.739731 42.390099 89.671875 17.036894 -1.668272 0.245105 0.883501 -0.441403 -1.120809 37.899197 4.188681 -1.391 8.785318 -1.265302 2.176684 -2.26812 -0.686181 1.313598 -39.114185 0.83323 1.308976 7e-06 -0.0 0.0 0.168354 0.047292 0.145418 0.144485 0.128933 0.190981 0.109567 -0.032127 0.118252 -79.445045 -82.576591 88.031845 71.131454 -38.570267 -42.030815 82.731827 1.277714 -1.042518 -44.284184 -5.398894 74.151154 17.636625 -26.322729 52.411182 -19.46666 -14.395594 29.410381 0.0 -8.774819 -2e-06 16.59428 -16.857546 5.162953 -0.609775 -1.795653 -3.889328 -4.807086 -11.046811 -2.937851 5e-06 -20.976019 -0.0 -5.019968 -25.033558 -4.031879 7e-06 0.0 0.0 -10.634531 -5.686968 -3.565587 10.573272 -17.922951 -3.113901 4e-06 -13.821204 2e-06 -0.501775 -31.181501 -4.027014 -11.628747 -59.349297 7.252213 -13.982708 -7.150196 -2.875041 13.772726 -8.401493 -3.218242 0.347736 -34.211544 0.771654 -0.963027 -17.73337 2.621019 -0.0 -0.0 1e-06 -17.346409 -20.095215 -4.20178 21.757555 -1.638377 3.866426 2e-06 -6.338825 0.0 -1.697587 -22.591743 -6.194004 0.0 -4e-06 -2e-06 8.115596 -80.97953 -177.52478 69.255951 -30.893475 -35.572998 74.376884 1.578983 -0.152765 -21.120737 6.938364 56.068298 22.182117 -20.375898 49.933327 -16.701813 -16.743528 28.476532 -1e-06 -12.690603 -1e-06 15.649343 -17.798174 2.838658 -0.105919 -1.513856 -4.275881 -5.039042 -5.612872 -2.953557 3e-06 -11.020529 -2e-06 -6.111301 -15.895334 -3.84047 -0.0 1e-06 0.0 -10.283373 -5.680288 -4.341838 11.028296 -11.302407 -2.372632 -1.38427 -14.238584 -6.320122 -0.625441 -26.924196 -3.827601 -4.610509 -49.976406 -3.293542 -13.708527 -7.363478 -3.720938 18.141151 -14.052742 -3.242674 4e-06 -18.787271 -1e-06 -0.429712 -8.456047 2.555504 -0.0 -1e-06 1e-06 -15.923539 -20.09449 -5.473584 30.419218 -7.190826 1.735928 1e-06 -8.162928 1e-06 -1.861903 -22.861479 -6.167945 -1e-06 -2e-06 -1e-06 94.182022 -23.691275 -49.124214 139.973938 0.362913 1.463803 -37.335052 1.06646 -38.013496 -18.254292 1.811642 1.531361 -0.999999 1e-06 0.0 -77.88797 -28.290232 -54.704487 137.777649 2.164461 1.940442 -27.709955 6.629622 -33.947105 -12.502545 0.741882 0.234705 -1.000005 -1e-06 -1e-06 
0.0 0.0 0.0 0.0 -0.0 0.0 8.602347 13.776511 -24.696308 85.829819 42.340363 89.712135 16.997028 -1.659634 0.230547 0.86289 -0.451515 -1.10974 37.838745 4.198404 -1.406141 9.260873 -1.215079 2.189443 -2.271785 -0.663299 1.208082 -38.654408 0.815315 1.204485 5e-06 0.0 -0.0 0.167807 0.046407 0.150908 0.138893 0.129298 0.195962 0.102375 -0.034331 0.124809 -79.697632 -82.583839 88.211372 71.066795 -38.762497 -42.004559 82.698837 1.2706 -1.082072 -44.20171 -5.294799 74.064499 17.636627 -26.322733 52.411201 -19.46666 -14.395596 29.410395 -0.0 -8.774821 -0.0 16.561449 -16.83811 5.183409 -0.609776 -1.795656 -3.889328 -4.807088 -11.046812 -2.937851 5e-06 -20.976021 -0.0 -5.019969 -25.033562 -4.031881 6e-06 0.0 0.0 -10.634533 -5.686973 -3.565589 10.573275 -17.922956 -3.113901 4e-06 -13.821211 1e-06 -0.501774 -31.181507 -4.027016 -11.618006 -59.312401 7.254163 -13.982712 -7.1502 -2.875044 13.772727 -8.401491 -3.218241 0.347736 -34.211555 0.771654 -0.963029 -17.73337 2.621021 -0.0 -1e-06 1e-06 -17.346416 -20.095221 -4.201782 21.757557 -1.638375 3.866428 1e-06 -6.338822 0.0 -1.697588 -22.591743 -6.194005 -0.0 -4e-06 -2e-06 8.077355 -80.986832 -177.430023 69.238174 -30.955982 -35.585117 74.372246 1.614471 -0.147776 -21.094044 7.022147 56.236843 22.182117 -20.375895 49.933319 -16.701811 -16.743525 28.47653 -1e-06 -12.690599 -1e-06 15.679168 -17.792099 2.819305 -0.10592 -1.513856 -4.275881 -5.039042 -5.612873 -2.953558 3e-06 -11.020526 -3e-06 -6.1113 -15.895336 -3.84047 -0.0 1e-06 -1e-06 -10.28337 -5.680289 -4.341839 11.028293 -11.302404 -2.372632 -1.384269 -14.238581 -6.320121 -0.625441 -26.924192 -3.827601 -4.613217 -49.978004 -3.291847 -13.708525 -7.363477 -3.720941 18.141148 -14.052738 -3.242672 4e-06 -18.78727 -2e-06 -0.429712 -8.456045 2.555503 -1e-06 -1e-06 -0.0 -15.923536 -20.09449 -5.473585 30.41921 -7.190824 1.735928 1e-06 -8.162927 0.0 -1.861903 -22.861475 -6.167945 -0.0 -1e-06 -1e-06 94.208954 -23.757715 -49.098568 140.00946 0.400405 1.475283 -37.356812 1.130822 -37.959888 -18.302227 1.812742 1.537756 -1.0 1e-06 0.0 -77.891823 -28.24325 -54.705788 137.779022 2.167286 1.943483 -27.783384 6.574235 -33.92255 -12.464585 0.738189 0.235797 -1.000005 -0.0 -1e-06 
0.0 0.0 0.0 0.0 -0.0 0.0 8.565888 13.781023 -24.667221 85.913414 42.316471 89.753395 16.965548 -1.651522 0.213926 0.846287 -0.458407 -1.090933 37.791672 4.198762 -1.433757 9.721802 -1.13077 2.200081 -2.281415 -0.651249 1.102569 -38.203255 0.810305 1.088967 4e-06 0.0 -0.0 0.165352 0.045791 0.154953 0.132363 0.131677 0.200482 0.094052 -0.037848 0.129391 -79.834564 -82.574661 88.300835 71.043343 -38.918976 -42.023243 82.636063 1.255349 -1.112629 -44.135418 -5.204366 73.999496 17.636621 -26.322721 52.411186 -19.466652 -14.395594 29.410381 1e-06 -8.774819 -1e-06 16.515524 -16.823717 5.215101 -0.609776 -1.795653 -3.889328 -4.807087 -11.046806 -2.93785 4e-06 -20.976011 -1e-06 -5.019968 -25.033548 -4.031883 6e-06 0.0 0.0 -10.634529 -5.686971 -3.565587 10.573271 -17.922947 -3.1139 3e-06 -13.821205 1e-06 -0.501777 -31.181498 -4.027016 -11.612902 -59.296986 7.271606 -13.982711 -7.150196 -2.875043 13.772727 -8.401491 -3.218241 0.347735 -34.211544 0.771651 -0.963028 -17.733366 2.621019 0.0 -1e-06 1e-06 -17.346413 -20.095213 -4.201783 21.757553 -1.638372 3.866426 1e-06 -6.338821 -0.0 -1.697588 -22.591738 -6.194005 0.0 -4e-06 -3e-06 8.003484 -80.989685 -177.294022 69.22509 -30.984833 -35.580997 74.341156 1.651521 -0.122794 -21.062517 7.09947 56.435318 22.182119 -20.375896 49.933327 -16.701809 -16.74353 28.47653 -2e-06 -12.6906 -1e-06 15.707552 -17.793753 2.796756 -0.105919 -1.513857 -4.275882 -5.039041 -5.612871 -2.953557 3e-06 -11.020523 -2e-06 -6.111298 -15.895334 -3.84047 0.0 2e-06 -1e-06 -10.28337 -5.680289 -4.341838 11.028294 -11.302405 -2.372632 -1.384269 -14.238581 -6.320122 -0.625438 -26.924192 -3.827602 -4.603847 -49.955551 -3.300519 -13.708524 -7.363478 -3.720941 18.141148 -14.052736 -3.242673 5e-06 -18.787268 -1e-06 -0.429712 -8.456045 2.555503 -0.0 -1e-06 0.0 -15.923536 -20.094482 -5.473586 30.419214 -7.190827 1.735926 2e-06 -8.162925 1e-06 -1.861901 -22.861467 -6.167942 -1e-06 -3e-06 -1e-06 94.219986 -23.808687 -49.093636 140.055756 0.433697 1.479054 -37.407845 1.14995 -37.974754 -18.371702 1.821828 1.5414 -0.999997 -0.0 1e-06 -77.903694 -28.212435 -54.72345 137.800079 2.166337 1.95024 -27.841125 6.506009 -33.898468 -12.48596 0.738698 0.238881 -1.000003 -0.0 -1e-06 
0.0 0.0 0.0 0.0 -0.0 0.0 8.530799 13.785601 -24.623648 85.992767 42.304859 89.796204 16.941311 -1.645103 0.200961 0.821946 -0.461551 -1.073561 37.758286 4.188427 -1.465718 10.178335 -1.024565 2.199868 -2.287503 -0.638235 1.003709 -37.783638 0.808159 0.961929 6e-06 0.0 -0.0 0.162916 0.045417 0.161135 0.127386 0.13348 0.207281 0.087886 -0.040274 0.136183 -79.834496 -82.565262 88.297684 71.047249 -39.033978 -42.108028 82.555191 1.204358 -1.100318 -44.056911 -5.144635 73.88311 17.636627 -26.322733 52.411205 -19.466652 -14.395598 29.410389 2e-06 -8.774821 -1e-06 16.472792 -16.833624 5.253213 -0.609777 -1.795651 -3.889328 -4.807089 -11.04681 -2.937851 3e-06 -20.976015 2e-06 -5.019972 -25.033556 -4.03188 7e-06 0.0 -0.0 -10.634535 -5.68697 -3.565589 10.573271 -17.922947 -3.113899 2e-06 -13.821206 2e-06 -0.50178 -31.181498 -4.027015 -11.622589 -59.304703 7.300435 -13.982716 -7.150196 -2.875042 13.772729 -8.401491 -3.218241 0.347731 -34.211544 0.771658 -0.96303 -17.73337 2.621021 -0.0 -1e-06 1e-06 -17.34642 -20.095213 -4.201784 21.757561 -1.638376 3.866429 1e-06 -6.338822 1e-06 -1.697591 -22.59174 -6.194005 0.0 -4e-06 -2e-06 7.953927 -80.992004 -177.181335 69.228172 -31.002331 -35.603161 74.25724 1.659439 -0.088202 -20.977894 7.183953 56.60445 22.182117 -20.375898 49.933327 -16.701815 -16.74353 28.476536 -2e-06 -12.690602 -1e-06 15.730018 -17.792311 2.771372 -0.105919 -1.513856 -4.275882 -5.039041 -5.612871 -2.953557 4e-06 -11.020523 -2e-06 -6.111297 -15.89533 -3.840471 1e-06 2e-06 -0.0 -10.283371 -5.680288 -4.34184 11.028296 -11.302402 -2.372633 -1.384268 -14.23858 -6.320122 -0.625435 -26.924187 -3.827603 -4.578008 -49.921497 -3.321123 -13.708526 -7.363477 -3.720941 18.141151 -14.052735 -3.242673 7e-06 -18.787266 -1e-06 -0.429712 -8.456047 2.555504 -1e-06 2e-06 0.0 -15.923536 -20.094482 -5.473588 30.419218 -7.190827 1.735927 3e-06 -8.162922 1e-06 -1.861901 -22.861469 -6.167942 -1e-06 -3e-06 -1e-06 94.224564 -23.832392 -49.080406 140.119888 0.463767 1.472891 -37.522285 1.158889 -38.048885 -18.43745 1.833195 1.542837 -1.0 0.0 -0.0 -77.914978 -28.17111 -54.746971 137.840607 2.154685 1.964365 -27.904211 6.4512 -33.905815 -12.533771 0.745338 0.236917 -1.000004 -0.0 -0.0 
0.0 0.0 0.0 0.0 -0.0 0.0 8.508227 13.804078 -24.563179 86.068169 42.299294 89.846169 16.922152 -1.637394 0.203539 0.797113 -0.459842 -1.046113 37.730495 4.175116 -1.52077 10.606306 -0.875816 2.190471 -2.291099 -0.634396 0.927283 -37.389328 0.804401 0.829122 5e-06 -0.0 -0.0 0.159186 0.044945 0.16588 0.125047 0.136158 0.213478 0.08478 -0.043841 0.14081 -79.75531 -82.551498 88.239441 71.060684 -39.119335 -42.173763 82.461784 1.152998 -1.067445 -43.962517 -5.075213 73.712799 17.636621 -26.322725 52.411179 -19.466648 -14.395597 29.410378 1e-06 -8.774819 0.0 16.433329 -16.861795 5.295601 -0.609777 -1.795653 -3.889327 -4.807086 -11.046809 -2.937849 4e-06 -20.976015 1e-06 -5.019969 -25.033554 -4.031878 7e-06 0.0 0.0 -10.634531 -5.686967 -3.565586 10.573271 -17.922945 -3.113899 3e-06 -13.821201 2e-06 -0.501779 -31.181494 -4.027011 -11.641995 -59.3269 7.332924 -13.982711 -7.150196 -2.87504 13.772726 -8.401488 -3.218241 0.347732 -34.211536 0.771658 -0.963029 -17.733364 2.621021 -0.0 -0.0 1e-06 -17.346415 -20.095211 -4.201778 21.757555 -1.638375 3.866426 1e-06 -6.338823 1e-06 -1.69759 -22.591738 -6.194003 0.0 -4e-06 -2e-06 7.917744 -80.979378 -177.075928 69.22451 -31.002785 -35.64473 74.146011 1.636948 -0.045707 -20.859314 7.266316 56.712486 22.182108 -20.375896 49.933327 -16.701815 -16.74353 28.476536 -2e-06 -12.6906 0.0 15.752698 -17.798262 2.752512 -0.105919 -1.513856 -4.275882 -5.03904 -5.612871 -2.953557 4e-06 -11.020523 -2e-06 -6.111296 -15.895332 -3.840471 0.0 1e-06 -0.0 -10.283369 -5.680289 -4.341839 11.028294 -11.302403 -2.372635 -1.384267 -14.238579 -6.320122 -0.625436 -26.924189 -3.827603 -4.542536 -49.890965 -3.35269 -13.708522 -7.363476 -3.720939 18.14115 -14.052739 -3.242676 7e-06 -18.78727 -2e-06 -0.429712 -8.456045 2.555503 0.0 1e-06 0.0 -15.923534 -20.094482 -5.473586 30.419214 -7.190827 1.735924 2e-06 -8.162925 0.0 -1.8619 -22.861467 -6.167943 -1e-06 -2e-06 -1e-06 94.25547 -23.808867 -49.078526 140.194046 0.487883 1.462527 -37.696526 1.165791 -38.169556 -18.532597 1.848531 1.538638 -0.999998 1e-06 -0.0 -77.927376 -28.129696 -54.744843 137.910141 2.134201 1.980853 -27.982637 6.438461 -33.907524 -12.622994 0.756763 0.230146 -1.000004 -0.0 -1e-06 
0.0 0.0 0.0 0.0 -0.0 0.0 8.498728 13.831366 -24.498363 86.121414 42.302757 89.882866 16.897423 -1.626389 0.213668 0.776268 -0.458645 -1.013145 37.717033 4.161553 -1.577239 11.008493 -0.700607 2.174439 -2.286962 -0.632144 0.881948 -37.034069 0.804758 0.684254 6e-06 0.0 -0.0 0.155912 0.045309 0.173365 0.125212 0.138064 0.221924 0.086937 -0.045188 0.148384 -79.671982 -82.529503 88.174339 71.082443 -39.196156 -42.200352 82.350853 1.090441 -1.03991 -43.817982 -4.950561 73.522865 17.636631 -26.322741 52.411213 -19.46666 -14.395598 29.410395 1e-06 -8.774822 -2e-06 16.416489 -16.89123 5.33052 -0.609776 -1.795654 -3.889329 -4.807089 -11.046812 -2.937851 3e-06 -20.976015 0.0 -5.019971 -25.033556 -4.031882 6e-06 0.0 -0.0 -10.634533 -5.686973 -3.565587 10.573275 -17.922955 -3.113901 2e-06 -13.821206 2e-06 -0.501778 -31.181505 -4.027017 -11.668694 -59.345798 7.366251 -13.982717 -7.150199 -2.875042 13.772732 -8.401492 -3.218242 0.347733 -34.211559 0.771655 -0.96303 -17.733372 2.621021 0.0 -1e-06 1e-06 -17.34642 -20.095222 -4.201782 21.757561 -1.638375 3.866429 1e-06 -6.338824 -0.0 -1.69759 -22.591751 -6.194007 -0.0 -3e-06 -1e-06 7.840681 -80.953407 -176.930267 69.222389 -30.99489 -35.686646 73.996819 1.630829 0.012238 -20.717354 7.307705 56.780445 22.182121 -20.375898 49.933327 -16.701813 -16.743525 28.47653 -2e-06 -12.690601 -2e-06 15.808087 -17.805096 2.725035 -0.10592 -1.513855 -4.275882 -5.039041 -5.612871 -2.953557 4e-06 -11.020525 -1e-06 -6.111297 -15.895338 -3.84047 -0.0 1e-06 0.0 -10.283369 -5.680288 -4.341839 11.028294 -11.302404 -2.372633 -1.384268 -14.238577 -6.320121 -0.625439 -26.924191 -3.8276 -4.504567 -49.889244 -3.397858 -13.708524 -7.363475 -3.720941 18.141148 -14.052742 -3.242673 8e-06 -18.78727 -1e-06 -0.429712 -8.456045 2.555504 0.0 0.0 1e-06 -15.923532 -20.094482 -5.473587 30.419207 -7.190827 1.735928 2e-06 -8.162924 1e-06 -1.8619 -22.861469 -6.167942 -0.0 -3e-06 -1e-06 94.316277 -23.768085 -49.086102 140.268036 0.5055 1.450486 -37.881718 1.171433 -38.259769 -18.634197 1.870838 1.52416 -0.999999 1e-06 0.0 -77.916473 -28.092564 -54.739368 137.989685 2.111 1.993945 -28.077755 6.445647 -33.895443 -12.710541 0.768427 0.217255 -1.000004 -0.0 -1e-06 
0.0 0.0 0.0 0.0 -0.0 0.0 8.487587 13.85355 -24.453489 86.147888 42.313343 89.90583 16.859371 -1.614945 0.219707 0.763176 -0.459943 -0.983439 37.723091 4.148268 -1.623822 11.371509 -0.513728 2.155907 -2.277103 -0.632304 0.854988 -36.725842 0.828318 0.548749 6e-06 -0.0 0.0 0.152867 0.044286 0.174976 0.126892 0.136705 0.224367 0.091602 -0.046158 0.149815 -79.548485 -82.492905 88.060425 71.111732 -39.259007 -42.184589 82.24482 1.035148 -0.996845 -43.666035 -4.824401 73.272285 17.636627 -26.322733 52.41119 -19.466658 -14.395596 29.410389 1e-06 -8.774821 -2e-06 16.416912 -16.917274 5.350637 -0.609776 -1.795652 -3.889328 -4.807089 -11.046809 -2.93785 3e-06 -20.976017 -1e-06 -5.019971 -25.033558 -4.031879 7e-06 0.0 -0.0 -10.634533 -5.686974 -3.565588 10.573271 -17.922951 -3.113899 2e-06 -13.821206 1e-06 -0.501778 -31.181505 -4.027015 -11.709548 -59.362827 7.393118 -13.982714 -7.150199 -2.875042 13.772727 -8.401489 -3.218241 0.347733 -34.211555 0.771654 -0.963029 -17.733372 2.621018 -0.0 -0.0 1e-06 -17.346418 -20.095221 -4.201781 21.757557 -1.638373 3.866428 0.0 -6.338823 2e-06 -1.69759 -22.591747 -6.194006 0.0 -4e-06 -2e-06 7.735129 -80.922951 -176.767288 69.229576 -30.97681 -35.687164 73.801544 1.672353 0.05972 -20.549568 7.300429 56.804497 22.182121 -20.375898 49.933327 -16.701811 -16.743528 28.476528 -3e-06 -12.6906 -2e-06 15.879258 -17.804886 2.69802 -0.10592 -1.513856 -4.275882 -5.03904 -5.61287 -2.953557 4e-06 -11.020525 -1e-06 -6.111295 -15.89533 -3.840472 -0.0 -0.0 1e-06 -10.283369 -5.680287 -4.341839 11.028294 -11.302404 -2.372632 -1.384268 -14.238577 -6.320121 -0.625437 -26.924183 -3.827599 -4.479121 -49.894707 -3.439055 -13.708524 -7.363475 -3.720941 18.141148 -14.052736 -3.242672 7e-06 -18.787264 -0.0 -0.429712 -8.456041 2.555505 -0.0 1e-06 1e-06 -15.923534 -20.094482 -5.473587 30.41921 -7.190826 1.735929 3e-06 -8.162925 1e-06 -1.861901 -22.861467 -6.16794 -1e-06 -2e-06 -1e-06 94.369179 -23.747236 -49.07148 140.324219 0.522358 1.453581 -38.009247 1.175713 -38.325863 -18.709877 1.892589 1.508322 -0.999999 -0.0 0.0 -77.875664 -28.062904 -54.765064 138.040131 2.088803 1.998657 -28.176464 6.435843 -33.891132 -12.759515 0.773721 0.200427 -1.000005 -0.0 -0.0 
0.0 0.0 0.0 0.0 -0.0 0.0 8.472122 13.867008 -24.439014 86.162506 42.349297 89.92749 16.837458 -1.608277 0.220152 0.752257 -0.465478 -0.967435 37.742085 4.133116 -1.649782 11.715055 -0.344641 2.142474 -2.269874 -0.63388 0.845473 -36.480118 0.86441 0.408605 6e-06 -0.0 0.0 0.149997 0.040601 0.166574 0.12796 0.132323 0.217422 0.096955 -0.049516 0.140189 -79.398888 -82.448204 87.920227 71.144371 -39.298576 -42.156948 82.15181 0.979696 -0.943684 -43.533466 -4.731973 72.978073 17.636633 -26.322733 52.411194 -19.466663 -14.395597 29.410393 1e-06 -8.774821 -1e-06 16.422815 -16.919281 5.3461 -0.609775 -1.795658 -3.889329 -4.807089 -11.046813 -2.937849 3e-06 -20.976021 1e-06 -5.019973 -25.033562 -4.031878 5e-06 0.0 -0.0 -10.634535 -5.686968 -3.565587 10.573272 -17.922955 -3.113901 2e-06 -13.821209 1e-06 -0.501779 -31.181507 -4.027015 -11.737867 -59.362293 7.397872 -13.982714 -7.150196 -2.875041 13.772727 -8.40149 -3.218242 0.347732 -34.211555 0.771655 -0.963029 -17.733374 2.621018 0.0 -0.0 1e-06 -17.346422 -20.095221 -4.20178 21.757563 -1.638372 3.866428 1e-06 -6.338823 1e-06 -1.69759 -22.591747 -6.194006 -0.0 -3e-06 -3e-06 7.624334 -80.893684 -176.612946 69.23175 -30.97011 -35.676659 73.59935 1.731502 0.077607 -20.383684 7.28722 56.783455 22.182112 -20.375887 49.933304 -16.701811 -16.743528 28.476522 -1e-06 -12.690601 -1e-06 15.931809 -17.798756 2.682759 -0.10592 -1.513856 -4.275879 -5.03904 -5.612871 -2.953556 4e-06 -11.020525 -2e-06 -6.111297 -15.895336 -3.840469 -0.0 -1e-06 0.0 -10.283369 -5.680287 -4.341837 11.028293 -11.302406 -2.372633 -1.384268 -14.238578 -6.32012 -0.625438 -26.924187 -3.8276 -4.467566 -49.886887 -3.464649 -13.708522 -7.363477 -3.720938 18.141146 -14.052738 -3.242674 6e-06 -18.787268 -3e-06 -0.429712 -8.456041 2.555503 -0.0 -1e-06 0.0 -15.923532 -20.094482 -5.473583 30.41921 -7.190829 1.735924 2e-06 -8.162922 0.0 -1.861902 -22.861469 -6.167942 -1e-06 -3e-06 -1e-06 94.408997 -23.727823 -49.025925 140.350067 0.532896 1.466971 -38.057072 1.204743 -38.364483 -18.808361 1.907609 1.507023 -0.999997 2e-06 1e-06 -77.810852 -28.039551 -54.785076 138.052505 2.075466 2.008576 -28.242409 6.426789 -33.884289 -12.756018 0.77009 0.193729 -1.000005 0.0 -1e-06 
0.0 0.0 0.0 0.0 -0.0 0.0 8.437926 13.869869 -24.454727 86.17131 42.403744 89.946472 16.825254 -1.606704 0.212686 0.740016 -0.475705 -0.965701 37.774544 4.115811 -1.662843 12.035402 -0.201846 2.135832 -2.2681 -0.633269 0.830458 -36.265663 0.908867 0.286527 6e-06 -0.0 0.0 0.146026 0.036025 0.153674 0.125172 0.12692 0.206153 0.097731 -0.053527 0.125632 -79.284431 -82.400124 87.802025 71.168488 -39.340755 -42.107471 82.07618 0.95253 -0.894266 -43.427235 -4.680333 72.669785 17.636621 -26.322721 52.411182 -19.466648 -14.395596 29.410378 0.0 -8.77482 -3e-06 16.431934 -16.910757 5.332982 -0.609776 -1.795655 -3.889327 -4.807086 -11.046805 -2.93785 4e-06 -20.976011 0.0 -5.019969 -25.033546 -4.03188 7e-06 0.0 -0.0 -10.634529 -5.686968 -3.565587 10.573268 -17.922941 -3.113898 2e-06 -13.821203 1e-06 -0.501779 -31.181488 -4.027013 -11.735419 -59.3452 7.364646 -13.98271 -7.150197 -2.875041 13.772725 -8.401488 -3.21824 0.347733 -34.211536 0.771656 -0.963029 -17.733366 2.62102 0.0 0.0 0.0 -17.346413 -20.095209 -4.201781 21.757551 -1.638376 3.866426 1e-06 -6.338821 0.0 -1.697589 -22.591734 -6.194004 -0.0 -4e-06 -1e-06 7.49379 -80.855545 -176.460281 69.230988 -30.958277 -35.634892 73.410248 1.792248 0.078594 -20.254637 7.286411 56.718525 22.182112 -20.375891 49.933315 -16.701813 -16.743528 28.47653 -3e-06 -12.690599 -1e-06 15.946598 -17.791288 2.683275 -0.105919 -1.513856 -4.27588 -5.03904 -5.61287 -2.953557 4e-06 -11.020524 -2e-06 -6.111296 -15.89533 -3.840471 0.0 1e-06 1e-06 -10.283368 -5.680287 -4.341838 11.028294 -11.302404 -2.372634 -1.384268 -14.238577 -6.320122 -0.625436 -26.924187 -3.827603 -4.45787 -49.847824 -3.472032 -13.708523 -7.363475 -3.720939 18.14115 -14.052739 -3.242675 8e-06 -18.787266 -2e-06 -0.429712 -8.456043 2.555504 -1e-06 1e-06 -1e-06 -15.923531 -20.094479 -5.473586 30.41921 -7.190827 1.735922 2e-06 -8.162926 0.0 -1.8619 -22.861471 -6.167942 -1e-06 -2e-06 -1e-06 94.41864 -23.738403 -48.942963 140.355652 0.534551 1.484618 -38.007683 1.27095 -38.383144 -18.916695 1.919594 1.514806 -0.999998 -0.0 1e-06 -77.728104 -27.999031 -54.810478 138.016617 2.073302 2.021624 -28.298109 6.40023 -33.929623 -12.749156 0.761303 0.194465 -1.000003 -1e-06 -0.0 
0.0 0.0 0.0 0.0 -0.0 0.0 8.39209 13.862001 -24.481224 86.177467 42.465179 89.968246 16.817404 -1.603604 0.205566 0.729214 -0.489671 -0.966387 37.813354 4.10422 -1.677014 12.322769 -0.085555 2.128421 -2.265419 -0.627925 0.838563 -36.078434 0.946815 0.177336 6e-06 -0.0 -0.0 0.142938 0.032344 0.141853 0.123567 0.121554 0.195597 0.097295 -0.055703 0.112524 -79.227356 -82.339943 87.74221 71.217598 -39.364677 -42.054996 82.012939 0.953323 -0.855864 -43.353039 -4.671058 72.377594 17.636631 -26.322729 52.411179 -19.466661 -14.395596 29.410389 2e-06 -8.774822 -2e-06 16.44235 -16.927681 5.336093 -0.609776 -1.795653 -3.889327 -4.807089 -11.046809 -2.93785 4e-06 -20.976019 -2e-06 -5.01997 -25.03356 -4.031881 7e-06 -0.0 -0.0 -10.634533 -5.686971 -3.565587 10.573271 -17.922949 -3.113901 2e-06 -13.821209 0.0 -0.501777 -31.181507 -4.027018 -11.720669 -59.337612 7.339323 -13.982714 -7.150195 -2.875041 13.772729 -8.401493 -3.218241 0.347734 -34.211555 0.771653 -0.963028 -17.73337 2.621018 -0.0 -0.0 1e-06 -17.346418 -20.095221 -4.201781 21.757557 -1.638374 3.866427 0.0 -6.338825 -1e-06 -1.69759 -22.591747 -6.194007 -0.0 -3e-06 -2e-06 7.405137 -80.815346 -176.372223 69.241791 -30.945978 -35.593563 73.2453 1.835021 0.067631 -20.158789 7.30767 56.665138 22.182117 -20.375898 49.933319 -16.701813 -16.743528 28.476528 -1e-06 -12.6906 -1e-06 15.941978 -17.784256 2.68612 -0.105919 -1.513857 -4.275882 -5.039041 -5.612871 -2.953557 3e-06 -11.020526 -2e-06 -6.111297 -15.895338 -3.840469 0.0 1e-06 -0.0 -10.28337 -5.68029 -4.341839 11.028294 -11.302406 -2.372633 -1.384269 -14.238585 -6.320121 -0.625438 -26.924196 -3.827601 -4.437972 -49.771294 -3.487839 -13.708524 -7.363479 -3.720938 18.141148 -14.052739 -3.242674 6e-06 -18.78727 -2e-06 -0.429712 -8.456047 2.555503 -0.0 -0.0 0.0 -15.923536 -20.094486 -5.473582 30.419214 -7.190824 1.735926 2e-06 -8.162927 0.0 -1.861903 -22.861475 -6.167943 -1e-06 -4e-06 -2e-06 94.418259 -23.778637 -48.85511 140.357468 0.535438 1.489663 -37.937908 1.328179 -38.41214 -18.977238 1.919639 1.522802 -0.999998 0.0 1e-06 -77.637665 -27.955498 -54.851521 137.961655 2.077626 2.037094 -28.367188 6.346302 -34.023479 -12.722664 0.751627 0.19504 -1.000006 -1e-06 -2e-06 
0.0 0.0 0.0 0.0 -0.0 0.0 8.352147 13.837708 -24.506041 86.17865 42.531178 89.980545 16.821127 -1.602751 0.204405 0.723436 -0.502639 -0.960109 37.83987 4.099662 -1.687133 12.584203 0.014347 2.122956 -2.260393 -0.622742 0.872348 -35.918564 0.972557 0.071289 7e-06 -0.0 0.0 0.140983 0.03022 0.132319 0.120641 0.117814 0.186374 0.09364 -0.056259 0.102703 -79.243324 -82.277649 87.762802 71.284607 -39.372566 -42.011475 81.950508 0.959383 -0.845087 -43.281765 -4.671124 72.130005 17.636621 -26.322721 52.411182 -19.466661 -14.395597 29.410389 1e-06 -8.774821 -1e-06 16.468596 -16.967855 5.348484 -0.609776 -1.795654 -3.889328 -4.80709 -11.046811 -2.93785 4e-06 -20.976019 -0.0 -5.019971 -25.033558 -4.03188 6e-06 0.0 -0.0 -10.634531 -5.686969 -3.565587 10.573272 -17.922949 -3.113901 3e-06 -13.821205 0.0 -0.501777 -31.181501 -4.027014 -11.708225 -59.359337 7.335148 -13.982711 -7.150198 -2.875041 13.772727 -8.401489 -3.218242 0.347733 -34.211544 0.771654 -0.963029 -17.73337 2.62102 0.0 -0.0 1e-06 -17.346416 -20.095217 -4.201781 21.757555 -1.638372 3.866427 1e-06 -6.338822 -1e-06 -1.697589 -22.591742 -6.194006 -0.0 -3e-06 -2e-06 7.401613 -80.772606 -176.383301 69.269249 -30.93849 -35.56279 73.097481 1.859635 0.069687 -20.057739 7.359331 56.616711 22.182108 -20.375891 49.933308 -16.701811 -16.743528 28.476522 -2e-06 -12.690598 0.0 15.917421 -17.783358 2.692819 -0.105919 -1.513855 -4.27588 -5.039039 -5.612869 -2.953556 4e-06 -11.020521 -1e-06 -6.111296 -15.895332 -3.840468 -0.0 1e-06 -0.0 -10.283367 -5.680286 -4.341837 11.028292 -11.302402 -2.372633 -1.384268 -14.238578 -6.32012 -0.62544 -26.924189 -3.8276 -4.413569 -49.686741 -3.51544 -13.708522 -7.363474 -3.720938 18.141146 -14.052739 -3.242675 6e-06 -18.787266 -2e-06 -0.429712 -8.456041 2.555504 -1e-06 -0.0 -0.0 -15.923532 -20.094479 -5.473582 30.419207 -7.190824 1.735923 2e-06 -8.162922 1e-06 -1.861903 -22.861469 -6.167941 -1e-06 -3e-06 -1e-06 94.417908 -23.835136 -48.804993 140.360718 0.531966 1.479188 -37.881687 1.343124 -38.453651 -19.04088 1.911713 1.527519 -1.0 1e-06 0.0 -77.563881 -27.92301 -54.898624 137.913727 2.084671 2.043387 -28.43141 6.278028 -34.126614 -12.707185 0.746811 0.196679 -1.000004 -1e-06 -1e-06 
0.0 0.0 0.0 0.0 -0.0 0.0 8.329448 13.820326 -24.518671 86.168449 42.599625 89.974617 16.837446 -1.606409 0.206052 0.722969 -0.512707 -0.954134 37.844315 4.094774 -1.683515 12.833015 0.106903 2.116922 -2.257635 -0.617619 0.915766 -35.759319 0.995666 -0.033698 6e-06 0.0 0.0 0.138911 0.031499 0.133543 0.117374 0.117095 0.186329 0.089539 -0.052966 0.105412 -79.279602 -82.223076 87.813255 71.360329 -39.379211 -42.001507 81.893211 0.952924 -0.816525 -43.224686 -4.700016 71.98378 17.636627 -26.322731 52.411205 -19.466654 -14.395596 29.410389 1e-06 -8.774821 -1e-06 16.50498 -17.016066 5.356814 -0.609776 -1.795654 -3.889328 -4.80709 -11.046809 -2.937851 4e-06 -20.976015 -1e-06 -5.019971 -25.033554 -4.031882 6e-06 0.0 0.0 -10.634536 -5.686971 -3.565589 10.573272 -17.922945 -3.113899 1e-06 -13.821205 1e-06 -0.501779 -31.181501 -4.027017 -11.686271 -59.39782 7.324273 -13.982714 -7.150198 -2.875043 13.772727 -8.401486 -3.218239 0.347732 -34.211544 0.771655 -0.963029 -17.733368 2.621018 -0.0 0.0 1e-06 -17.34642 -20.095213 -4.201782 21.757557 -1.638374 3.866428 2e-06 -6.338823 -0.0 -1.697592 -22.591743 -6.194005 0.0 -4e-06 -1e-06 7.418671 -80.737701 -176.400513 69.314285 -30.928562 -35.522141 72.962479 1.898842 0.079329 -19.940128 7.435797 56.561268 22.182108 -20.375895 49.933319 -16.701811 -16.74353 28.476532 -3e-06 -12.6906 1e-06 15.891709 -17.774364 2.695529 -0.105919 -1.513856 -4.275881 -5.03904 -5.612868 -2.953556 4e-06 -11.02052 -2e-06 -6.111296 -15.895328 -3.84047 -0.0 1e-06 -0.0 -10.283369 -5.680286 -4.341838 11.028295 -11.302402 -2.372633 -1.384268 -14.238574 -6.32012 -0.625437 -26.924179 -3.8276 -4.37869 -49.611897 -3.55042 -13.708523 -7.363473 -3.720939 18.14115 -14.052734 -3.242675 6e-06 -18.787258 -0.0 -0.429712 -8.456043 2.555504 -0.0 -1e-06 -0.0 -15.923532 -20.094479 -5.473586 30.41921 -7.190826 1.735924 1e-06 -8.162921 1e-06 -1.861902 -22.861464 -6.167939 0.0 -2e-06 -2e-06 94.44886 -23.876146 -48.774677 140.370117 0.528633 1.472552 -37.849434 1.351691 -38.467403 -19.102579 1.892724 1.530109 -0.999999 1e-06 -0.0 -77.486809 -27.893696 -54.93372 137.888168 2.08818 2.041384 -28.478127 6.239998 -34.177425 -12.690935 0.741179 0.204666 -1.000003 0.0 -1e-06 
0.0 0.0 0.0 0.0 -0.0 0.0 8.326699 13.826627 -24.531067 86.135017 42.671062 89.945145 16.861662 -1.61491 0.202796 0.723049 -0.515806 -0.957557 37.83688 4.086283 -1.656244 13.074242 0.18924 2.105381 -2.259981 -0.610147 0.955516 -35.598797 1.019212 -0.137502 6e-06 -0.0 -0.0 0.136201 0.033836 0.140898 0.112761 0.116954 0.191194 0.08494 -0.048132 0.115682 -79.324577 -82.184151 87.879677 71.431808 -39.387726 -42.052559 81.831947 0.899583 -0.759429 -43.148975 -4.735177 71.914124 17.636625 -26.322729 52.411194 -19.46666 -14.395589 29.410381 2e-06 -8.774819 -3e-06 16.544636 -17.043224 5.343048 -0.609776 -1.795654 -3.889326 -4.807088 -11.046807 -2.93785 4e-06 -20.976009 -2e-06 -5.019969 -25.033552 -4.031882 6e-06 0.0 -0.0 -10.634531 -5.68697 -3.565587 10.573271 -17.922947 -3.113899 2e-06 -13.821205 -0.0 -0.501777 -31.181501 -4.027017 -11.640698 -59.417454 7.281991 -13.982709 -7.150199 -2.875041 13.772726 -8.401489 -3.218241 0.347734 -34.211544 0.771653 -0.963028 -17.733368 2.621019 -0.0 -0.0 1e-06 -17.346415 -20.095221 -4.201779 21.757553 -1.638371 3.866427 1e-06 -6.338821 -1e-06 -1.69759 -22.59174 -6.194005 0.0 -4e-06 -2e-06 7.459271 -80.731133 -176.410355 69.38488 -30.924816 -35.501446 72.829369 1.966844 0.088069 -19.815948 7.512475 56.539219 22.182106 -20.375898 49.933327 -16.701817 -16.743532 28.47654 -1e-06 -12.690601 1e-06 15.860671 -17.755363 2.712552 -0.105919 -1.513855 -4.275883 -5.039041 -5.612869 -2.953557 4e-06 -11.020523 -2e-06 -6.111298 -15.895334 -3.84047 0.0 1e-06 -0.0 -10.283369 -5.680288 -4.341838 11.028294 -11.302402 -2.372633 -1.384269 -14.238581 -6.32012 -0.625437 -26.924194 -3.827603 -4.351317 -49.571136 -3.56505 -13.708522 -7.363476 -3.720939 18.14115 -14.052735 -3.242675 6e-06 -18.787268 -2e-06 -0.429713 -8.456047 2.555504 -0.0 1e-06 -0.0 -15.923532 -20.094482 -5.473584 30.419214 -7.190823 1.735923 2e-06 -8.162925 0.0 -1.861902 -22.861471 -6.167943 -1e-06 -4e-06 -1e-06 94.517929 -23.884007 -48.71167 140.369827 0.535134 1.47603 -37.824318 1.400138 -38.412212 -19.148441 1.871638 1.532377 -0.999997 1e-06 1e-06 -77.380112 -27.863853 -54.951927 137.867889 2.084084 2.036728 -28.463001 6.26826 -34.129044 -12.701694 0.736045 0.218652 -1.000004 -1e-06 -0.0 
0.0 0.0 0.0 0.0 -0.0 0.0 8.344219 13.842583 -24.535984 86.097527 42.740074 89.916298 16.879705 -1.626078 0.199123 0.723086 -0.516362 -0.968926 37.836151 4.074149 -1.620139 13.294188 0.268216 2.098035 -2.26948 -0.597911 0.958106 -35.456841 1.038469 -0.234132 5e-06 0.0 -0.0 0.135791 0.036215 0.151425 0.112343 0.11748 0.200077 0.084503 -0.043787 0.128314 -79.305649 -82.152367 87.866508 71.492584 -39.410938 -42.135303 81.771469 0.811624 -0.721291 -43.0723 -4.713845 71.904068 17.636621 -26.322739 52.411213 -19.466663 -14.395602 29.410395 1e-06 -8.774824 -1e-06 16.597557 -17.050888 5.313437 -0.609776 -1.795655 -3.889329 -4.80709 -11.046809 -2.937849 3e-06 -20.976019 1e-06 -5.019973 -25.03356 -4.031881 6e-06 0.0 -0.0 -10.634535 -5.686971 -3.565588 10.573275 -17.922951 -3.1139 1e-06 -13.821206 1e-06 -0.501779 -31.181511 -4.027016 -11.613405 -59.441204 7.247072 -13.982716 -7.150199 -2.87504 13.772731 -8.401491 -3.218243 0.34773 -34.211555 0.771658 -0.963031 -17.73337 2.62102 0.0 -1e-06 0.0 -17.346422 -20.095219 -4.20178 21.757561 -1.63837 3.866427 -0.0 -6.338822 1e-06 -1.697592 -22.591743 -6.194004 0.0 -4e-06 -1e-06 7.606965 -80.73925 -176.539658 69.465477 -30.929611 -35.470619 72.681137 2.04117 0.085753 -19.721891 7.581656 56.486691 22.182112 -20.3759 49.933323 -16.701807 -16.743528 28.47653 -2e-06 -12.690599 0.0 15.843136 -17.733784 2.729695 -0.10592 -1.513856 -4.275882 -5.039041 -5.612869 -2.953556 4e-06 -11.020523 -1e-06 -6.111298 -15.895334 -3.840469 -0.0 -0.0 -0.0 -10.28337 -5.680288 -4.341839 11.028294 -11.302405 -2.372633 -1.384269 -14.238577 -6.320119 -0.625439 -26.924192 -3.8276 -4.338583 -49.561474 -3.558987 -13.708522 -7.363476 -3.72094 18.141146 -14.052736 -3.242673 5e-06 -18.787264 -0.0 -0.429713 -8.456041 2.555504 -0.0 -1e-06 -1e-06 -15.923532 -20.094482 -5.473586 30.41921 -7.190826 1.735926 1e-06 -8.162922 2e-06 -1.861903 -22.861469 -6.16794 1e-06 -2e-06 -2e-06 94.612434 -23.851591 -48.665787 140.363358 0.543044 1.474582 -37.85524 1.432519 -38.366768 -19.177528 1.859582 1.53017 -0.999997 1e-06 0.0 -77.277718 -27.856596 -54.937901 137.869751 2.080982 2.039893 -28.418043 6.333747 -34.0266 -12.725802 0.735883 0.229175 -1.000003 -1e-06 -1e-06 
0.0 0.0 0.0 0.0 -0.0 0.0 8.371255 13.861823 -24.535189 86.070694 42.809601 89.907524 16.898642 -1.634505 0.198518 0.722934 -0.514133 -0.97467 37.843979 4.060126 -1.591174 13.497383 0.345465 2.096676 -2.279372 -0.586439 0.920589 -35.372677 1.060663 -0.318525 5e-06 0.0 0.0 0.137011 0.037008 0.157029 0.11228 0.117172 0.204872 0.083559 -0.041652 0.135182 -79.1856 -82.132591 87.73056 71.531998 -39.444012 -42.24258 81.713417 0.697872 -0.690306 -42.98671 -4.681561 71.900208 17.636631 -26.322739 52.411198 -19.466658 -14.395596 29.410393 3e-06 -8.774821 -2e-06 16.639914 -17.043415 5.286963 -0.609776 -1.795654 -3.889327 -4.80709 -11.046813 -2.93785 3e-06 -20.976017 0.0 -5.019971 -25.033556 -4.03188 6e-06 0.0 -0.0 -10.634533 -5.686974 -3.565588 10.573272 -17.922951 -3.1139 2e-06 -13.821206 1e-06 -0.501779 -31.181505 -4.027016 -11.612191 -59.458477 7.2287 -13.982714 -7.150202 -2.875041 13.772728 -8.401489 -3.21824 0.347731 -34.211555 0.771655 -0.963029 -17.73337 2.621018 -0.0 0.0 1e-06 -17.346418 -20.095224 -4.201779 21.757559 -1.638375 3.866427 0.0 -6.338822 -0.0 -1.69759 -22.591751 -6.194006 0.0 -4e-06 -1e-06 7.818796 -80.752632 -176.733673 69.535751 -30.933336 -35.491516 72.545959 2.07523 0.073982 -19.679214 7.647954 56.330376 22.182123 -20.375895 49.933315 -16.701813 -16.74353 28.47653 -3e-06 -12.690604 -1e-06 15.828062 -17.718678 2.746455 -0.105919 -1.513856 -4.275881 -5.039041 -5.612872 -2.953557 4e-06 -11.02052 -1e-06 -6.111297 -15.895334 -3.84047 0.0 -0.0 -0.0 -10.283371 -5.680288 -4.341839 11.028296 -11.302404 -2.372633 -1.384269 -14.238575 -6.320121 -0.625438 -26.924191 -3.827599 -4.340445 -49.563023 -3.541237 -13.708526 -7.363476 -3.720939 18.141151 -14.052739 -3.242674 7e-06 -18.787266 -1e-06 -0.429712 -8.456043 2.555504 -0.0 -1e-06 -0.0 -15.923536 -20.094482 -5.473585 30.419222 -7.19083 1.735927 2e-06 -8.162925 0.0 -1.861902 -22.861473 -6.167943 0.0 -2e-06 -1e-06 94.725426 -23.787474 -48.644547 140.352417 0.549918 1.465368 -37.937519 1.44034 -38.325294 -19.189571 1.857354 1.528463 -0.999998 1e-06 1e-06 -77.192719 -27.868431 -54.89399 137.889343 2.076311 2.047308 -28.353582 6.427751 -33.903774 -12.769904 0.739916 0.235101 -1.000004 -0.0 -1e-06 
0.0 0.0 0.0 0.0 -0.0 0.0 8.400488 13.874537 -24.5326 86.049316 42.896111 89.919044 16.932213 -1.637491 0.196638 0.723389 -0.503278 -0.969681 37.857815 4.044818 -1.579855 13.688488 0.406109 2.108238 -2.286599 -0.577759 0.855706 -35.350784 1.08969 -0.375487 6e-06 -0.0 0.0 0.137434 0.036069 0.157425 0.115946 0.115226 0.205757 0.08572 -0.041283 0.135574 -79.081169 -82.124313 87.598122 71.543877 -39.47213 -42.318638 81.677696 0.603944 -0.658441 -42.928272 -4.668806 71.893982 17.636633 -26.322737 52.411213 -19.466663 -14.395597 29.410395 0.0 -8.774822 -1e-06 16.654089 -17.040066 5.271577 -0.609776 -1.795657 -3.88933 -4.807088 -11.046811 -2.937852 5e-06 -20.976019 -2e-06 -5.01997 -25.03356 -4.031882 6e-06 -0.0 0.0 -10.634535 -5.686972 -3.565588 10.573275 -17.922951 -3.113902 3e-06 -13.821206 1e-06 -0.501776 -31.181505 -4.027017 -11.631042 -59.462383 7.22563 -13.982714 -7.150199 -2.875044 13.772729 -8.40149 -3.218241 0.347735 -34.211555 0.771654 -0.963028 -17.73337 2.621019 0.0 -1e-06 1e-06 -17.34642 -20.095221 -4.201787 21.757559 -1.638375 3.866429 1e-06 -6.338824 -1e-06 -1.697588 -22.591745 -6.194008 0.0 -4e-06 -3e-06 8.025686 -80.766777 -176.921585 69.602921 -30.935608 -35.596069 72.421616 2.039853 0.040898 -19.674437 7.713294 56.126812 22.182117 -20.3759 49.933323 -16.701811 -16.743528 28.47653 -1e-06 -12.690601 -1e-06 15.822929 -17.70257 2.744094 -0.10592 -1.513855 -4.275881 -5.039041 -5.612871 -2.953557 4e-06 -11.020523 -1e-06 -6.1113 -15.895334 -3.84047 0.0 1e-06 -0.0 -10.283371 -5.680286 -4.341839 11.028294 -11.302406 -2.372632 -1.384269 -14.238579 -6.320121 -0.62544 -26.924191 -3.8276 -4.330485 -49.540421 -3.540381 -13.708526 -7.363475 -3.72094 18.141151 -14.052739 -3.242674 5e-06 -18.78727 1e-06 -0.429714 -8.456044 2.555505 -0.0 2e-06 -0.0 -15.923536 -20.094482 -5.473586 30.419214 -7.190827 1.735926 1e-06 -8.162921 1e-06 -1.861903 -22.861469 -6.16794 -1e-06 -4e-06 -2e-06 94.846054 -23.699562 -48.642105 140.339828 0.550023 1.451543 -38.045761 1.422692 -38.33844 -19.191217 1.857762 1.526929 -1.0 0.0 0.0 -77.109085 -27.89604 -54.844833 137.918839 2.066917 2.06034 -28.290596 6.525681 -33.828781 -12.817815 0.742888 0.23481 -1.000005 -1e-06 -2e-06 
0.0 0.0 0.0 0.0 -0.0 0.0 8.419151 13.862795 -24.521038 86.036591 42.978889 89.942947 16.95859 -1.638226 0.193747 0.714313 -0.492132 -0.957001 37.883709 4.03014 -1.586122 13.862924 0.465299 2.113078 -2.292556 -0.578768 0.799479 -35.385895 1.108309 -0.397932 6e-06 0.0 -0.0 0.137499 0.033647 0.149211 0.119919 0.113524 0.198954 0.088808 -0.044197 0.126297 -78.978821 -82.126877 87.478088 71.543365 -39.483723 -42.345444 81.651825 0.561134 -0.649324 -42.882462 -4.662085 71.94355 17.636633 -26.322737 52.411194 -19.466658 -14.395589 29.410385 1e-06 -8.774819 -3e-06 16.62141 -17.037529 5.277171 -0.609777 -1.795653 -3.889326 -4.807087 -11.046811 -2.937849 3e-06 -20.976019 0.0 -5.01997 -25.03356 -4.031878 6e-06 0.0 -0.0 -10.634533 -5.686967 -3.565588 10.573268 -17.922953 -3.113898 2e-06 -13.821206 2e-06 -0.501779 -31.181505 -4.027014 -11.646277 -59.448383 7.214242 -13.982711 -7.150198 -2.87504 13.772725 -8.401491 -3.218239 0.347731 -34.211555 0.771657 -0.96303 -17.73337 2.621019 -0.0 -0.0 1e-06 -17.346413 -20.095215 -4.201781 21.757553 -1.638375 3.866429 1e-06 -6.338823 0.0 -1.69759 -22.591745 -6.194003 0.0 -4e-06 -2e-06 8.190947 -80.763794 -177.069519 69.657486 -30.94031 -35.727745 72.292778 1.967535 -0.01345 -19.638807 7.772171 55.957809 22.182117 -20.375896 49.933327 -16.701811 -16.743526 28.47653 -1e-06 -12.690599 -1e-06 15.803396 -17.695713 2.741695 -0.105919 -1.513856 -4.275882 -5.039042 -5.612872 -2.953558 3e-06 -11.020525 -2e-06 -6.111298 -15.895334 -3.840471 -0.0 -1e-06 1e-06 -10.283371 -5.68029 -4.34184 11.028294 -11.302406 -2.372633 -1.384269 -14.238579 -6.320123 -0.62544 -26.924192 -3.827602 -4.309808 -49.507435 -3.548102 -13.708524 -7.363478 -3.720941 18.141146 -14.052739 -3.242674 4e-06 -18.78727 -1e-06 -0.429713 -8.456045 2.555503 -0.0 -0.0 -0.0 -15.923538 -20.09449 -5.473586 30.419214 -7.190825 1.73593 1e-06 -8.162926 1e-06 -1.861902 -22.861473 -6.167945 -2e-06 -2e-06 -1e-06 94.924309 -23.630119 -48.685352 140.344574 0.533815 1.439912 -38.158081 1.346933 -38.463303 -19.168249 1.860925 1.527173 -0.999999 -0.0 0.0 -77.05616 -27.928904 -54.831306 137.957794 2.053964 2.074289 -28.244482 6.578714 -33.82259 -12.851834 0.747256 0.228329 -1.000004 0.0 -0.0 
0.0 0.0 0.0 0.0 -0.0 0.0 8.420197 13.840872 -24.493891 86.028648 43.041565 89.96302 16.961567 -1.637395 0.198596 0.703442 -0.489306 -0.943775 37.919647 4.017627 -1.608639 14.001004 0.528387 2.108661 -2.294058 -0.58635 0.764932 -35.429077 1.112498 -0.402155 6e-06 -0.0 0.0 0.139097 0.031445 0.138745 0.12755 0.11208 0.190996 0.097315 -0.047081 0.113665 -78.830002 -82.12114 87.332275 71.562363 -39.474533 -42.343967 81.633438 0.558419 -0.661152 -42.837193 -4.623409 72.080627 17.636633 -26.322737 52.41119 -19.466661 -14.395602 29.410385 1e-06 -8.774823 -1e-06 16.584438 -17.023386 5.279695 -0.609776 -1.795651 -3.889327 -4.80709 -11.046809 -2.93785 4e-06 -20.976019 1e-06 -5.019974 -25.03356 -4.031879 7e-06 0.0 -0.0 -10.634535 -5.686969 -3.565588 10.573274 -17.922951 -3.113898 2e-06 -13.821209 2e-06 -0.501781 -31.181507 -4.027012 -11.649749 -59.428658 7.199772 -13.982716 -7.150197 -2.875041 13.772731 -8.401492 -3.21824 0.347732 -34.211555 0.771658 -0.96303 -17.733372 2.62102 0.0 0.0 1e-06 -17.346422 -20.095213 -4.201779 21.757563 -1.638375 3.866428 1e-06 -6.338821 0.0 -1.697591 -22.591747 -6.194005 0.0 -4e-06 -1e-06 8.283815 -80.738312 -177.167389 69.683823 -30.957645 -35.823071 72.178581 1.902006 -0.053158 -19.563816 7.800658 55.862652 22.182104 -20.375883 49.933311 -16.701811 -16.74353 28.476532 -2e-06 -12.690599 0.0 15.782342 -17.707916 2.741368 -0.105919 -1.513856 -4.275882 -5.039041 -5.612871 -2.953557 3e-06 -11.020523 -3e-06 -6.111297 -15.895332 -3.840471 -0.0 -0.0 0.0 -10.283369 -5.680289 -4.341838 11.028292 -11.302402 -2.372634 -1.384269 -14.238578 -6.320122 -0.625439 -26.924187 -3.827604 -4.280727 -49.476906 -3.569539 -13.708522 -7.363477 -3.720939 18.141146 -14.052736 -3.242675 5e-06 -18.787266 -3e-06 -0.429713 -8.456043 2.555502 -0.0 -2e-06 0.0 -15.923536 -20.094482 -5.473585 30.41921 -7.190823 1.735925 2e-06 -8.162921 0.0 -1.861903 -22.861467 -6.167945 -1e-06 -2e-06 -1e-06 94.960297 -23.599594 -48.741402 140.3806 0.511751 1.423538 -38.262722 1.260232 -38.6422 -19.113049 1.866011 1.520426 -0.999999 1e-06 -0.0 -77.019554 -27.938961 -54.857414 138.002975 2.043579 2.08409 -28.271311 6.57439 -33.862335 -12.880003 0.753461 0.217306 -1.000004 0.0 -1e-06 
0.0 0.0 0.0 0.0 -0.0 0.0 8.403925 13.816148 -24.452915 86.015625 43.080635 89.97007 16.948706 -1.635587 0.20669 0.696397 -0.496122 -0.933838 37.954544 4.008003 -1.630488 14.094931 0.589605 2.094107 -2.293676 -0.598478 0.758119 -35.442665 1.106538 -0.400681 5e-06 0.0 -0.0 0.140696 0.029612 0.128445 0.133257 0.110057 0.183332 0.106766 -0.048902 0.100943 -78.76815 -82.098625 87.28289 71.601662 -39.443371 -42.32803 81.611115 0.570699 -0.674023 -42.773075 -4.582775 72.222031 17.636627 -26.322733 52.411213 -19.466663 -14.395598 29.410395 3e-06 -8.774822 -1e-06 16.557287 -16.997051 5.268968 -0.609776 -1.795655 -3.889329 -4.80709 -11.046811 -2.93785 4e-06 -20.976019 -2e-06 -5.01997 -25.033562 -4.031882 6e-06 0.0 -0.0 -10.634535 -5.686973 -3.565588 10.573275 -17.922955 -3.113902 2e-06 -13.821209 0.0 -0.501778 -31.181505 -4.027017 -11.636983 -59.405659 7.1861 -13.982718 -7.1502 -2.875043 13.772731 -8.401491 -3.218242 0.347732 -34.211555 0.771653 -0.963029 -17.73337 2.62102 0.0 0.0 1e-06 -17.346422 -20.095221 -4.20178 21.757559 -1.638375 3.866426 1e-06 -6.338823 -1e-06 -1.69759 -22.591747 -6.194007 -0.0 -3e-06 -2e-06 8.329211 -80.7043 -177.229904 69.692238 -30.971889 -35.873871 72.077103 1.869444 -0.082906 -19.450312 7.79944 55.81057 22.182112 -20.375887 49.933315 -16.701809 -16.743528 28.476528 -2e-06 -12.690599 -1e-06 15.771105 -17.719427 2.740043 -0.10592 -1.513855 -4.275881 -5.03904 -5.612873 -2.953557 4e-06 -11.020523 -2e-06 -6.111297 -15.89533 -3.840471 -0.0 -1e-06 0.0 -10.283369 -5.680288 -4.341837 11.028294 -11.302403 -2.372634 -1.384268 -14.238579 -6.320122 -0.625436 -26.924191 -3.827604 -4.253617 -49.447701 -3.59694 -13.708522 -7.363476 -3.720939 18.14115 -14.052736 -3.242675 7e-06 -18.787266 -3e-06 -0.429712 -8.456045 2.555503 -1e-06 0.0 0.0 -15.923532 -20.094482 -5.473585 30.41921 -7.190826 1.735925 3e-06 -8.162924 0.0 -1.861901 -22.861467 -6.167942 -1e-06 -2e-06 -1e-06 94.949203 -23.604467 -48.76173 140.447281 0.501851 1.41125 -38.32069 1.210418 -38.802784 -19.093805 1.871628 1.509893 -0.999999 1e-06 -0.0 -76.981972 -27.921591 -54.928497 138.048691 2.037668 2.091529 -28.381197 6.512012 -33.943344 -12.877102 0.756919 0.205266 -1.000004 -1e-06 -0.0 
0.0 0.0 0.0 0.0 -0.0 0.0 8.384439 13.806814 -24.398895 86.007973 43.111828 89.980988 16.937227 -1.635738 0.214568 0.695062 -0.509928 -0.931547 37.986572 3.999628 -1.644771 14.155766 0.63798 2.07878 -2.292348 -0.617494 0.765572 -35.428963 1.10159 -0.416402 6e-06 -0.0 -0.0 0.141265 0.028406 0.122189 0.134917 0.107777 0.178684 0.113509 -0.049289 0.093301 -78.762169 -82.059151 87.314857 71.680206 -39.378956 -42.339054 81.580391 0.574377 -0.653357 -42.716232 -4.554711 72.368195 17.636637 -26.322739 52.411213 -19.466665 -14.395596 29.410395 2e-06 -8.774822 -2e-06 16.546915 -16.974813 5.245421 -0.609777 -1.795656 -3.889328 -4.80709 -11.046813 -2.937851 3e-06 -20.976019 -1e-06 -5.019972 -25.03356 -4.031883 5e-06 0.0 0.0 -10.634537 -5.686973 -3.565588 10.573275 -17.922951 -3.1139 2e-06 -13.821208 1e-06 -0.501777 -31.181511 -4.027019 -11.645315 -59.387096 7.193259 -13.982718 -7.1502 -2.875041 13.772732 -8.401494 -3.218242 0.347733 -34.211555 0.771655 -0.963029 -17.73337 2.621019 0.0 0.0 1e-06 -17.346422 -20.095221 -4.201782 21.757565 -1.638376 3.866428 1e-06 -6.338824 1e-06 -1.69759 -22.591749 -6.194006 -0.0 -3e-06 -2e-06 8.361118 -80.677635 -177.268143 69.704483 -30.978962 -35.930531 71.992058 1.852455 -0.102029 -19.365948 7.781818 55.740059 22.182112 -20.375898 49.933331 -16.701818 -16.743532 28.476536 -2e-06 -12.690603 0.0 15.78235 -17.728806 2.73859 -0.10592 -1.513857 -4.275883 -5.039042 -5.612872 -2.953557 4e-06 -11.020528 -3e-06 -6.111298 -15.895339 -3.840472 -0.0 -1e-06 0.0 -10.283373 -5.680289 -4.341839 11.028297 -11.302407 -2.372635 -1.384268 -14.238583 -6.320124 -0.625438 -26.9242 -3.827604 -4.240507 -49.43644 -3.621739 -13.708527 -7.363479 -3.720938 18.141153 -14.052744 -3.242679 7e-06 -18.787271 -4e-06 -0.429713 -8.456043 2.555504 -0.0 -0.0 -0.0 -15.923538 -20.09449 -5.473586 30.419218 -7.190826 1.735925 1e-06 -8.162927 0.0 -1.861901 -22.861479 -6.167946 -2e-06 -2e-06 -1e-06 94.952919 -23.602327 -48.751686 140.52948 0.508249 1.410643 -38.351238 1.215368 -38.886436 -19.127222 1.876462 1.498226 -0.999998 0.0 0.0 -76.921036 -27.895325 -54.996338 138.106552 2.036814 2.103561 -28.54652 6.441398 -34.001671 -12.848149 0.758699 0.196454 -1.000005 -1e-06 -1e-06 
0.0 0.0 0.0 0.0 -0.0 0.0 8.369851 13.822341 -24.349882 85.989685 43.136921 89.972382 16.919416 -1.640083 0.221053 0.700847 -0.526884 -0.937327 38.016521 3.992698 -1.654029 14.216301 0.677554 2.070273 -2.295988 -0.632419 0.766147 -35.401039 1.097612 -0.422418 6e-06 -0.0 -0.0 0.140878 0.027159 0.117317 0.132819 0.106049 0.174401 0.116071 -0.050291 0.087846 -78.784744 -82.002861 87.39254 71.759018 -39.299644 -42.357506 81.548935 0.579451 -0.621746 -42.688335 -4.539264 72.511703 17.636621 -26.322725 52.411186 -19.46666 -14.395598 29.410385 1e-06 -8.774821 -1e-06 16.573221 -16.974518 5.216377 -0.609776 -1.795655 -3.889327 -4.807088 -11.046807 -2.937849 4e-06 -20.976011 -0.0 -5.019972 -25.033552 -4.03188 6e-06 0.0 -0.0 -10.634533 -5.686971 -3.565585 10.573272 -17.922945 -3.1139 2e-06 -13.821205 1e-06 -0.501779 -31.181498 -4.027016 -11.684268 -59.394726 7.227865 -13.982713 -7.150196 -2.875041 13.772728 -8.401489 -3.218241 0.347733 -34.211544 0.771655 -0.963028 -17.733366 2.621018 0.0 1e-06 0.0 -17.346418 -20.095215 -4.201781 21.757555 -1.638373 3.866428 1e-06 -6.338821 1e-06 -1.69759 -22.59174 -6.194005 -0.0 -4e-06 -2e-06 8.374701 -80.650223 -177.298462 69.72831 -30.987671 -35.949734 71.905479 1.864907 -0.101481 -19.341181 7.749499 55.587166 22.182117 -20.375895 49.933319 -16.701807 -16.743525 28.476522 -2e-06 -12.690598 -2e-06 15.806125 -17.740215 2.730246 -0.10592 -1.513856 -4.275881 -5.03904 -5.612868 -2.953557 4e-06 -11.02052 -2e-06 -6.111295 -15.895329 -3.840471 0.0 -1e-06 -0.0 -10.283369 -5.680286 -4.341838 11.028291 -11.302402 -2.372632 -1.384268 -14.238574 -6.32012 -0.625437 -26.924187 -3.8276 -4.246444 -49.44043 -3.638106 -13.708522 -7.363473 -3.720941 18.141146 -14.052739 -3.242672 7e-06 -18.787262 -1e-06 -0.429711 -8.456041 2.555504 -1e-06 -2e-06 -0.0 -15.923532 -20.094479 -5.473586 30.419205 -7.190823 1.735928 3e-06 -8.162919 2e-06 -1.861903 -22.86146 -6.167938 -1e-06 -2e-06 -1e-06 94.993462 -23.603287 -48.722725 140.603638 0.514781 1.413642 -38.39011 1.252002 -38.871517 -19.213079 1.877949 1.491997 -0.999999 0.0 0.0 -76.822906 -27.855522 -55.044384 138.153519 2.043674 2.121747 -28.723217 6.38942 -34.01836 -12.824773 0.757672 0.190254 -1.000001 -0.0 -0.0 
0.0 0.0 0.0 0.0 -0.0 0.0 8.363324 13.836157 -24.315502 85.957108 43.164158 89.948296 16.901396 -1.645112 0.22287 0.705702 -0.544685 -0.948045 38.054726 3.993514 -1.65519 14.286581 0.700578 2.072325 -2.303195 -0.649074 0.776561 -35.385296 1.081241 -0.436134 6e-06 0.0 0.0 0.141518 0.026148 0.115713 0.129049 0.103441 0.17242 0.115427 -0.049814 0.086416 -78.875298 -81.94828 87.534088 71.803932 -39.223995 -42.33704 81.540077 0.602803 -0.579215 -42.701351 -4.539202 72.596161 17.636627 -26.322733 52.411201 -19.466665 -14.3956 29.410395 1e-06 -8.774824 -1e-06 16.622375 -16.995638 5.18916 -0.609777 -1.795653 -3.889328 -4.80709 -11.046814 -2.93785 4e-06 -20.976021 -1e-06 -5.019974 -25.033562 -4.031881 6e-06 0.0 -0.0 -10.634535 -5.686972 -3.565587 10.573277 -17.922953 -3.113901 2e-06 -13.821209 1e-06 -0.501777 -31.181505 -4.027018 -11.730978 -59.417683 7.25926 -13.982715 -7.150201 -2.875041 13.772731 -8.401491 -3.218243 0.347733 -34.211555 0.771653 -0.963028 -17.733372 2.62102 0.0 1e-06 0.0 -17.346424 -20.095224 -4.201779 21.757565 -1.638372 3.866426 1e-06 -6.338823 1e-06 -1.697589 -22.591751 -6.194007 -0.0 -3e-06 -2e-06 8.372066 -80.615875 -177.317612 69.750984 -30.984495 -35.937954 71.814583 1.888122 -0.102939 -19.364264 7.707706 55.403404 22.182117 -20.375898 49.933327 -16.701813 -16.743528 28.476532 -2e-06 -12.6906 -1e-06 15.84795 -17.745636 2.717448 -0.10592 -1.513856 -4.275883 -5.03904 -5.612872 -2.953556 4e-06 -11.020523 -2e-06 -6.111296 -15.895334 -3.840469 -1e-06 -0.0 0.0 -10.28337 -5.680288 -4.341838 11.028296 -11.302407 -2.372633 -1.384267 -14.238583 -6.320121 -0.625438 -26.924194 -3.827601 -4.263864 -49.443214 -3.638711 -13.708524 -7.363477 -3.720939 18.14115 -14.052739 -3.242675 7e-06 -18.78727 -1e-06 -0.429712 -8.456045 2.555504 -0.0 -2e-06 -0.0 -15.923532 -20.094484 -5.473585 30.41921 -7.190826 1.735925 2e-06 -8.162925 1e-06 -1.861904 -22.861469 -6.167942 -1e-06 -3e-06 -1e-06 95.042526 -23.613691 -48.692612 140.658157 0.522584 1.414253 -38.399548 1.290223 -38.79718 -19.295052 1.871161 1.489762 -0.999999 0.0 0.0 -76.719643 -27.825891 -55.08987 138.184952 2.052807 2.1386 -28.883951 6.337716 -34.033878 -12.801615 0.756192 0.189451 -1.000003 0.0 1e-06 
0.0 0.0 0.0 0.0 -0.0 0.0 8.361899 13.845867 -24.307268 85.90258 43.187683 89.897484 16.890738 -1.649502 0.230404 0.706378 -0.556565 -0.961891 38.079685 3.996882 -1.650504 14.368456 0.697776 2.070333 -2.312937 -0.661157 0.801385 -35.391308 1.050837 -0.442757 6e-06 -0.0 0.0 0.141904 0.024435 0.110021 0.124823 0.102546 0.166155 0.112037 -0.052323 0.080942 -79.032913 -81.907936 87.720284 71.821251 -39.171608 -42.280273 81.535736 0.654342 -0.545545 -42.761993 -4.547931 72.683685 17.636633 -26.322737 52.411205 -19.46666 -14.395594 29.410393 -0.0 -8.774822 -2e-06 16.672974 -17.025955 5.167833 -0.609776 -1.795654 -3.889327 -4.807089 -11.046809 -2.937851 4e-06 -20.976019 -0.0 -5.01997 -25.03356 -4.031881 6e-06 0.0 -0.0 -10.634533 -5.686972 -3.565588 10.573272 -17.922951 -3.1139 3e-06 -13.821211 1e-06 -0.501777 -31.181511 -4.027017 -11.767935 -59.44809 7.277689 -13.982712 -7.150198 -2.875042 13.772727 -8.40149 -3.218241 0.347734 -34.211555 0.771654 -0.963029 -17.73337 2.62102 0.0 -0.0 0.0 -17.346413 -20.095217 -4.201784 21.757555 -1.638375 3.866427 1e-06 -6.338822 1e-06 -1.697588 -22.591745 -6.194006 0.0 -4e-06 -1e-06 8.416486 -80.571228 -177.387833 69.77906 -30.97069 -35.88855 71.732094 1.913714 -0.125442 -19.436619 7.686463 55.260189 22.182121 -20.375891 49.933315 -16.701811 -16.743528 28.476522 -2e-06 -12.6906 -2e-06 15.861302 -17.740589 2.709502 -0.10592 -1.513854 -4.27588 -5.039042 -5.61287 -2.953556 4e-06 -11.020525 -2e-06 -6.111298 -15.895334 -3.84047 0.0 2e-06 1e-06 -10.283371 -5.680287 -4.341837 11.028296 -11.302406 -2.372633 -1.38427 -14.238577 -6.320121 -0.625438 -26.924191 -3.827602 -4.273808 -49.426689 -3.638098 -13.708524 -7.363476 -3.72094 18.141148 -14.052739 -3.242673 7e-06 -18.787266 -2e-06 -0.429712 -8.456045 2.555503 -0.0 -1e-06 -0.0 -15.923536 -20.094482 -5.473586 30.41921 -7.190823 1.735928 3e-06 -8.162924 1e-06 -1.861903 -22.861467 -6.167942 0.0 -2e-06 -1e-06 95.082565 -23.651136 -48.672276 140.683212 0.515635 1.417521 -38.371082 1.310822 -38.715683 -19.394955 1.860795 1.494881 -1.0 1e-06 -0.0 -76.62603 -27.794683 -55.13002 138.181992 2.065955 2.138453 -28.971884 6.312654 -34.009651 -12.7595 0.750059 0.195908 -1.000003 0.0 -0.0 
0.0 0.0 0.0 0.0 -0.0 0.0 8.349645 13.863498 -24.311695 85.854004 43.206913 89.842934 16.884657 -1.655609 0.243171 0.710976 -0.563875 -0.974403 38.077797 3.995688 -1.639733 14.451856 0.669779 2.083721 -2.313725 -0.666214 0.793587 -35.40731 1.022023 -0.449344 6e-06 -0.0 0.0 0.143518 0.022251 0.101458 0.124253 0.102227 0.156643 0.112255 -0.056399 0.073009 -79.189941 -81.896706 87.872498 71.817703 -39.157986 -42.205997 81.538307 0.709698 -0.526322 -42.832455 -4.567174 72.787437 17.636627 -26.322725 52.411167 -19.466656 -14.395597 29.410381 1e-06 -8.774821 -1e-06 16.718521 -17.041941 5.1495 -0.609774 -1.795654 -3.889325 -4.807088 -11.046807 -2.93785 4e-06 -20.976015 0.0 -5.019971 -25.033556 -4.031878 6e-06 0.0 0.0 -10.634531 -5.686972 -3.565586 10.573271 -17.922949 -3.113898 2e-06 -13.821205 2e-06 -0.501778 -31.181505 -4.027014 -11.796909 -59.467472 7.29843 -13.982712 -7.150195 -2.87504 13.772727 -8.401489 -3.218241 0.347733 -34.211544 0.771653 -0.963029 -17.73337 2.62102 0.0 0.0 1e-06 -17.346416 -20.095217 -4.201776 21.757557 -1.638375 3.866426 1e-06 -6.338822 -1e-06 -1.697589 -22.591742 -6.194004 -0.0 -2e-06 -2e-06 8.563766 -80.535187 -177.576675 69.822266 -30.981579 -35.879532 71.657066 1.900413 -0.163813 -19.510864 7.659872 55.215679 22.182117 -20.375898 49.933323 -16.701817 -16.74353 28.476532 -2e-06 -12.690603 -1e-06 15.851482 -17.726292 2.701202 -0.105919 -1.513856 -4.275882 -5.039041 -5.612872 -2.953557 4e-06 -11.020526 -3e-06 -6.111298 -15.895338 -3.840471 -1e-06 -0.0 1e-06 -10.283371 -5.680288 -4.341839 11.028296 -11.302405 -2.372633 -1.384269 -14.238583 -6.320121 -0.625438 -26.924192 -3.827601 -4.285008 -49.402096 -3.634105 -13.708527 -7.363479 -3.720938 18.141153 -14.052739 -3.242676 6e-06 -18.78727 -2e-06 -0.429712 -8.456045 2.555504 0.0 -2e-06 -0.0 -15.923536 -20.094484 -5.473584 30.419218 -7.190824 1.735925 3e-06 -8.162925 0.0 -1.861904 -22.861473 -6.167941 -1e-06 -2e-06 -2e-06 95.121925 -23.710911 -48.647976 140.699631 0.496096 1.426979 -38.3466 1.33184 -38.657158 -19.441593 1.843683 1.499858 -0.999999 -0.0 1e-06 -76.537239 -27.735857 -55.159805 138.153793 2.078011 2.127922 -29.010735 6.318111 -33.968513 -12.704787 0.743921 0.208668 -1.000004 -0.0 -1e-06 
0.0 0.0 0.0 0.0 -0.0 0.0 8.32927 13.886279 -24.330681 85.82048 43.228516 89.806839 16.880077 -1.664308 0.248046 0.714362 -0.571383 -0.99067 38.080948 3.991989 -1.614096 14.526651 0.618072 2.10735 -2.309665 -0.661716 0.76573 -35.423214 0.987304 -0.450407 6e-06 0.0 0.0 0.145643 0.021114 0.098859 0.121604 0.102294 0.151935 0.110775 -0.058784 0.072268 -79.360443 -81.900299 88.033966 71.82399 -39.144489 -42.196991 81.546394 0.726489 -0.529381 -42.894432 -4.587876 72.852074 17.636625 -26.322729 52.411171 -19.46666 -14.395596 29.410381 1e-06 -8.774821 -2e-06 16.738997 -17.0432 5.135963 -0.609777 -1.795651 -3.889327 -4.807087 -11.046813 -2.937849 4e-06 -20.976019 0.0 -5.019973 -25.03356 -4.031876 7e-06 0.0 0.0 -10.634532 -5.686968 -3.565587 10.573272 -17.922955 -3.113901 2e-06 -13.821209 1e-06 -0.501779 -31.181511 -4.027015 -11.786702 -59.46233 7.301467 -13.982712 -7.150196 -2.875041 13.772727 -8.401491 -3.218242 0.347733 -34.211555 0.771655 -0.963029 -17.73337 2.621019 -0.0 0.0 2e-06 -17.346415 -20.095217 -4.201778 21.757555 -1.638375 3.866426 1e-06 -6.338823 -1e-06 -1.697589 -22.591751 -6.194007 -0.0 -4e-06 -1e-06 8.744005 -80.513756 -177.764496 69.873489 -30.978464 -35.96104 71.612373 1.843241 -0.223936 -19.555496 7.630919 55.300926 22.182106 -20.375898 49.933315 -16.701811 -16.74353 28.47653 -2e-06 -12.690601 1e-06 15.827205 -17.708021 2.69693 -0.105919 -1.513856 -4.275883 -5.039041 -5.612871 -2.953555 4e-06 -11.020527 -2e-06 -6.111298 -15.895336 -3.84047 -1e-06 0.0 1e-06 -10.283369 -5.680289 -4.341838 11.028294 -11.302404 -2.372634 -1.384269 -14.238582 -6.320121 -0.62544 -26.924194 -3.827603 -4.29968 -49.379353 -3.624475 -13.708524 -7.363477 -3.720938 18.14115 -14.052739 -3.242677 5e-06 -18.787271 -2e-06 -0.429713 -8.456047 2.555503 -0.0 1e-06 0.0 -15.923536 -20.094484 -5.473582 30.41921 -7.190824 1.735923 3e-06 -8.162924 0.0 -1.861904 -22.861473 -6.167943 -0.0 -1e-06 -1e-06 95.166039 -23.771172 -48.599968 140.699463 0.482846 1.438092 -38.312122 1.370395 -38.61565 -19.452141 1.832051 1.500534 -0.999998 1e-06 -0.0 -76.460419 -27.668749 -55.167553 138.105423 2.086607 2.103293 -29.009573 6.358817 -33.918106 -12.667368 0.736638 0.221444 -1.000003 -1e-06 -0.0 
0.0 0.0 0.0 0.0 -0.0 0.0 8.308669 13.909048 -24.357206 85.805069 43.247353 89.795723 16.875731 -1.673294 0.247471 0.719105 -0.575412 -0.997645 38.080807 3.989717 -1.598045 14.6038 0.554696 2.138131 -2.308636 -0.650462 0.703261 -35.451256 0.95521 -0.439655 6e-06 -0.0 0.0 0.14733 0.021521 0.104107 0.117099 0.104737 0.155601 0.106978 -0.060429 0.078941 -79.51133 -81.908813 88.180847 71.811584 -39.129242 -42.208271 81.566399 0.707816 -0.554102 -42.931168 -4.588034 72.875565 17.636631 -26.322729 52.411182 -19.466661 -14.395597 29.410385 1e-06 -8.774822 -1e-06 16.731081 -17.032246 5.136786 -0.609775 -1.795657 -3.889328 -4.807089 -11.046809 -2.937849 4e-06 -20.976019 -0.0 -5.01997 -25.033558 -4.03188 6e-06 0.0 -0.0 -10.634533 -5.686973 -3.565586 10.573275 -17.922951 -3.113901 2e-06 -13.821208 1e-06 -0.501779 -31.181505 -4.027014 -11.779881 -59.445568 7.313587 -13.982716 -7.150198 -2.875041 13.772731 -8.401489 -3.218242 0.347734 -34.211555 0.771654 -0.963028 -17.73337 2.621018 0.0 0.0 -0.0 -17.34642 -20.095217 -4.20178 21.757559 -1.63837 3.866429 1e-06 -6.338825 -1e-06 -1.697589 -22.591747 -6.194006 -0.0 -3e-06 -1e-06 8.963046 -80.502884 -177.963165 69.937622 -30.962934 -36.047932 71.572853 1.816222 -0.250925 -19.601725 7.581188 55.388813 22.182116 -20.375898 49.933331 -16.70182 -16.743536 28.476542 -1e-06 -12.690607 0.0 15.801407 -17.708733 2.700336 -0.105919 -1.513857 -4.275882 -5.039042 -5.612873 -2.953557 4e-06 -11.020528 -3e-06 -6.1113 -15.895339 -3.840472 -0.0 1e-06 0.0 -10.283374 -5.680289 -4.341838 11.028299 -11.302409 -2.372636 -1.384269 -14.238584 -6.320124 -0.62544 -26.924204 -3.827604 -4.325253 -49.388523 -3.601191 -13.708529 -7.363479 -3.720938 18.141159 -14.052744 -3.242677 6e-06 -18.787275 -2e-06 -0.429713 -8.45605 2.555504 -0.0 -0.0 0.0 -15.923541 -20.094492 -5.473584 30.419224 -7.190826 1.735924 1e-06 -8.162927 1e-06 -1.861903 -22.861479 -6.167946 -1e-06 -3e-06 -1e-06 95.213066 -23.818323 -48.552147 140.684387 0.476437 1.444201 -38.263058 1.419103 -38.580135 -19.420208 1.825049 1.495657 -0.999999 1e-06 1e-06 -76.41243 -27.612589 -55.152504 138.052887 2.089599 2.080832 -28.971176 6.422634 -33.872814 -12.676743 0.732382 0.228587 -1.000004 -1e-06 -1e-06 
0.0 0.0 0.0 0.0 -0.0 0.0 8.298796 13.918763 -24.400333 85.791756 43.269672 89.790977 16.88562 -1.68216 0.238544 0.716308 -0.5725 -0.996074 38.080185 3.987799 -1.597926 14.689893 0.48804 2.172406 -2.318458 -0.639421 0.619131 -35.473846 0.925959 -0.413163 6e-06 0.0 -0.0 0.145534 0.022145 0.109758 0.10814 0.108525 0.160757 0.098856 -0.06291 0.085137 -79.643425 -81.909927 88.314247 71.787659 -39.121613 -42.205078 81.59481 0.708624 -0.59298 -42.960251 -4.563113 72.890289 17.636633 -26.322737 52.411205 -19.466661 -14.395594 29.410393 2e-06 -8.774822 -1e-06 16.704399 -17.015505 5.144711 -0.609778 -1.795653 -3.889328 -4.807089 -11.04681 -2.937851 2e-06 -20.976015 -0.0 -5.019971 -25.03356 -4.031882 6e-06 0.0 -0.0 -10.634537 -5.686973 -3.565589 10.573271 -17.922947 -3.113899 1e-06 -13.821205 2e-06 -0.50178 -31.181505 -4.027018 -11.769848 -59.4291 7.318487 -13.982715 -7.150201 -2.875042 13.772728 -8.401489 -3.21824 0.347731 -34.211555 0.771655 -0.96303 -17.73337 2.621019 0.0 0.0 -0.0 -17.346422 -20.095221 -4.201782 21.757557 -1.63837 3.866431 -0.0 -6.33882 1e-06 -1.697591 -22.591747 -6.194008 -0.0 -3e-06 -1e-06 9.094728 -80.492165 -178.07901 69.988731 -30.946337 -36.085648 71.540504 1.817817 -0.264431 -19.693869 7.554131 55.388393 22.182121 -20.375896 49.933323 -16.701813 -16.743528 28.47653 -3e-06 -12.690601 -2e-06 15.770873 -17.708733 2.698228 -0.105919 -1.513855 -4.275882 -5.039041 -5.612872 -2.953557 4e-06 -11.020525 -3e-06 -6.111297 -15.895329 -3.840472 -0.0 1e-06 1e-06 -10.283372 -5.680286 -4.341839 11.028296 -11.302404 -2.372632 -1.384268 -14.23858 -6.320122 -0.625438 -26.924189 -3.8276 -4.345891 -49.399651 -3.573762 -13.708526 -7.363474 -3.72094 18.14115 -14.052739 -3.242674 7e-06 -18.78727 -2e-06 -0.429711 -8.456041 2.555504 0.0 0.0 0.0 -15.923536 -20.094482 -5.473587 30.41921 -7.190827 1.735928 3e-06 -8.162924 1e-06 -1.861901 -22.861465 -6.16794 0.0 -1e-06 -1e-06 95.25666 -23.858431 -48.526463 140.641266 0.469866 1.43652 -38.170494 1.462105 -38.532619 -19.425909 1.821974 1.488691 -0.999999 -0.0 0.0 -76.39312 -27.587139 -55.123287 137.991165 2.090572 2.065703 -28.890526 6.486327 -33.842545 -12.733065 0.727859 0.232289 -1.000005 -0.0 -0.0 
0.0 0.0 0.0 0.0 -0.0 0.0 8.288113 13.927382 -24.439068 85.77681 43.294498 89.781395 16.899534 -1.687784 0.235169 0.709342 -0.564974 -0.982635 38.087864 3.989611 -1.618754 14.767816 0.435341 2.204734 -2.331917 -0.638811 0.537614 -35.488018 0.89784 -0.391829 6e-06 0.0 -0.0 0.1428 0.022765 0.113226 0.104424 0.113896 0.166138 0.096286 -0.067003 0.08696 -79.728622 -81.908951 88.40535 71.773232 -39.110954 -42.216003 81.612999 0.716328 -0.609671 -42.982563 -4.548913 72.889488 17.636625 -26.322725 52.411182 -19.466658 -14.395597 29.410381 -0.0 -8.774821 -2e-06 16.672606 -16.999443 5.154969 -0.609777 -1.795653 -3.889328 -4.807088 -11.046807 -2.93785 5e-06 -20.976015 -1e-06 -5.019969 -25.033552 -4.03188 6e-06 0.0 0.0 -10.634533 -5.686969 -3.565585 10.573272 -17.922945 -3.1139 3e-06 -13.821203 1e-06 -0.501777 -31.181498 -4.027014 -11.768475 -59.427628 7.322134 -13.982712 -7.150194 -2.875042 13.772727 -8.401488 -3.218242 0.347735 -34.21154 0.771655 -0.963029 -17.733366 2.62102 0.0 1e-06 -0.0 -17.346413 -20.095215 -4.201779 21.757555 -1.638374 3.866426 1e-06 -6.338821 -0.0 -1.697589 -22.59174 -6.194003 0.0 -3e-06 -2e-06 9.173245 -80.480827 -178.149384 70.016335 -30.925556 -36.10939 71.51297 1.809858 -0.27607 -19.811344 7.567502 55.348698 22.182123 -20.375895 49.933315 -16.701813 -16.74353 28.47653 -2e-06 -12.690602 -2e-06 15.739362 -17.709558 2.699044 -0.105919 -1.513856 -4.275882 -5.039041 -5.612869 -2.953556 5e-06 -11.020523 -3e-06 -6.111297 -15.89533 -3.840472 -0.0 1e-06 -0.0 -10.283372 -5.680289 -4.341839 11.028296 -11.302406 -2.372633 -1.384268 -14.238579 -6.320123 -0.625438 -26.924185 -3.8276 -4.345703 -49.400375 -3.561207 -13.708526 -7.363475 -3.720941 18.141151 -14.052739 -3.242673 7e-06 -18.787266 -1e-06 -0.429711 -8.45604 2.555504 -0.0 -2e-06 0.0 -15.923538 -20.094482 -5.473587 30.419218 -7.190829 1.735929 3e-06 -8.162925 1e-06 -1.861902 -22.861469 -6.167942 -1e-06 -2e-06 -1e-06 95.298111 -23.899817 -48.504929 140.60527 0.459342 1.421503 -38.103313 1.496057 -38.498398 -19.435347 1.813869 1.481766 -0.999997 -0.0 0.0 -76.36615 -27.558123 -55.10643 137.933533 2.089093 2.065378 -28.872131 6.513533 -33.857399 -12.789458 0.722904 0.230319 -1.000005 -1e-06 -1e-06 
0.0 0.0 0.0 0.0 -0.0 0.0 8.276793 13.943041 -24.458378 85.763268 43.310585 89.769936 16.904814 -1.690107 0.243742 0.694774 -0.559196 -0.964944 38.105682 3.992118 -1.64421 14.838552 0.3964 2.223007 -2.339068 -0.654869 0.46658 -35.485222 0.873722 -0.382066 5e-06 0.0 0.0 0.142457 0.023385 0.114832 0.110132 0.117353 0.170428 0.103509 -0.069277 0.086174 -79.706497 -81.925591 88.408066 71.770782 -39.094833 -42.290043 81.636223 0.703878 -0.629697 -43.034966 -4.524658 72.898163 17.636635 -26.322737 52.411213 -19.466665 -14.3956 29.410395 2e-06 -8.774824 -1e-06 16.647022 -16.996498 5.167253 -0.609777 -1.795654 -3.889328 -4.807092 -11.046811 -2.93785 2e-06 -20.976019 -0.0 -5.019974 -25.03356 -4.031884 5e-06 0.0 -0.0 -10.634539 -5.686972 -3.565587 10.573277 -17.922955 -3.113902 1e-06 -13.821211 2e-06 -0.50178 -31.181511 -4.027019 -11.774437 -59.459312 7.321648 -13.982719 -7.150201 -2.875041 13.772736 -8.401493 -3.218243 0.347731 -34.211559 0.771655 -0.96303 -17.733376 2.621019 0.0 1e-06 0.0 -17.346426 -20.095222 -4.201782 21.757566 -1.638373 3.866429 -1e-06 -6.338823 -0.0 -1.697592 -22.591747 -6.194007 0.0 -2e-06 -1e-06 9.308693 -80.468857 -178.26709 70.04248 -30.893797 -36.178322 71.479378 1.762089 -0.288514 -19.932207 7.587784 55.322575 22.182121 -20.375904 49.933331 -16.701818 -16.743536 28.476542 -2e-06 -12.690605 -0.0 15.734402 -17.715612 2.704618 -0.10592 -1.513856 -4.275883 -5.039042 -5.61287 -2.953557 5e-06 -11.020525 -2e-06 -6.111299 -15.89533 -3.840471 -0.0 -0.0 -0.0 -10.283373 -5.680288 -4.341839 11.028299 -11.302406 -2.372633 -1.384269 -14.238581 -6.320124 -0.625437 -26.924194 -3.827601 -4.334267 -49.410141 -3.559268 -13.708527 -7.363476 -3.720941 18.141155 -14.05274 -3.242675 6e-06 -18.78727 -0.0 -0.429712 -8.456045 2.555504 0.0 -2e-06 0.0 -15.923539 -20.094482 -5.473587 30.419228 -7.190827 1.735927 3e-06 -8.162925 1e-06 -1.861903 -22.861469 -6.167941 -1e-06 -3e-06 -1e-06 95.340157 -23.934216 -48.486305 140.592468 0.449172 1.409108 -38.083954 1.522583 -38.473812 -19.438641 1.810491 1.476249 -0.999998 0.0 0.0 -76.345932 -27.512606 -55.089603 137.897217 2.084598 2.072747 -28.933187 6.523745 -33.908363 -12.806215 0.720249 0.224831 -1.000005 -0.0 -1e-06 
0.0 0.0 0.0 0.0 -0.0 0.0 8.263264 13.952237 -24.457056 85.753273 43.31773 89.756599 16.902571 -1.689417 0.260704 0.680736 -0.55341 -0.940104 38.129257 3.992562 -1.67476 14.892497 0.370034 2.228437 -2.338065 -0.682079 0.415277 -35.481777 0.84408 -0.379205 6e-06 0.0 -0.0 0.144753 0.024582 0.118298 0.123413 0.118337 0.17694 0.118966 -0.067978 0.086668 -79.604759 -81.947212 88.33403 71.789444 -39.074512 -42.380783 81.654442 0.702199 -0.668171 -43.105576 -4.495599 72.944084 17.636631 -26.322729 52.411186 -19.46666 -14.395596 29.410389 1e-06 -8.774822 -3e-06 16.631065 -17.000265 5.16833 -0.609776 -1.795653 -3.889328 -4.80709 -11.046813 -2.93785 4e-06 -20.976019 -1e-06 -5.019971 -25.03356 -4.031882 6e-06 0.0 -0.0 -10.634535 -5.686971 -3.565588 10.573272 -17.922955 -3.113902 3e-06 -13.821209 1e-06 -0.501777 -31.181505 -4.027016 -11.784512 -59.481747 7.316403 -13.982716 -7.150199 -2.875043 13.772731 -8.401493 -3.218241 0.347734 -34.211559 0.771652 -0.963028 -17.733374 2.621018 0.0 1e-06 1e-06 -17.34642 -20.095221 -4.201782 21.757557 -1.638372 3.866427 1e-06 -6.338824 0.0 -1.697589 -22.591747 -6.194008 0.0 -4e-06 -2e-06 9.483795 -80.449944 -178.432236 70.053986 -30.859444 -36.238964 71.456688 1.705176 -0.302028 -20.034872 7.59442 55.300621 22.182114 -20.3759 49.933323 -16.701817 -16.74353 28.476534 -3e-06 -12.690601 0.0 15.764978 -17.728149 2.698367 -0.105919 -1.513856 -4.275882 -5.039041 -5.61287 -2.953556 5e-06 -11.020525 -2e-06 -6.111297 -15.89533 -3.840471 -0.0 1e-06 0.0 -10.283369 -5.680288 -4.341839 11.028296 -11.302406 -2.372633 -1.384267 -14.238581 -6.320122 -0.625437 -26.924189 -3.8276 -4.319121 -49.416351 -3.571004 -13.708524 -7.363476 -3.720939 18.141153 -14.052739 -3.242676 7e-06 -18.78727 -1e-06 -0.429712 -8.456042 2.555504 -0.0 -0.0 0.0 -15.923536 -20.094481 -5.473586 30.419218 -7.190829 1.735925 3e-06 -8.162926 2e-06 -1.861903 -22.861469 -6.167942 -1e-06 -2e-06 -1e-06 95.357079 -23.966085 -48.468708 140.606537 0.444525 1.392257 -38.073986 1.55331 -38.451221 -19.412043 1.815459 1.469506 -1.0 -0.0 1e-06 -76.330925 -27.466002 -55.098255 137.884842 2.079309 2.079578 -29.032255 6.502113 -33.967754 -12.8097 0.723553 0.216693 -1.000004 -1e-06 -1e-06 
0.0 0.0 0.0 0.0 -0.0 0.0 8.239922 13.948488 -24.437561 85.747559 43.319748 89.738625 16.891142 -1.689653 0.273707 0.671142 -0.554374 -0.921396 38.166904 3.988743 -1.69595 14.940216 0.352073 2.208408 -2.336286 -0.703417 0.409734 -35.475163 0.791375 -0.363865 6e-06 0.0 0.0 0.14835 0.025085 0.121452 0.134673 0.115621 0.182087 0.131573 -0.064367 0.087705 -79.434822 -81.959358 88.181931 71.818924 -39.057667 -42.439384 81.675774 0.743306 -0.712191 -43.159649 -4.477135 72.970757 17.636629 -26.322733 52.411182 -19.466658 -14.395594 29.410381 3e-06 -8.774819 -3e-06 16.612772 -17.011753 5.163343 -0.609776 -1.795654 -3.889327 -4.807089 -11.046807 -2.93785 4e-06 -20.976013 -0.0 -5.019972 -25.033554 -4.03188 6e-06 0.0 -0.0 -10.634531 -5.686972 -3.565588 10.57327 -17.922945 -3.113899 3e-06 -13.821204 2e-06 -0.501778 -31.181498 -4.027014 -11.806945 -59.473751 7.310247 -13.982711 -7.150198 -2.875042 13.772725 -8.401488 -3.21824 0.347733 -34.211552 0.771655 -0.96303 -17.73337 2.621021 0.0 0.0 0.0 -17.346415 -20.095213 -4.201781 21.757555 -1.638375 3.866427 1e-06 -6.338822 1e-06 -1.69759 -22.591742 -6.194004 -0.0 -3e-06 -2e-06 9.641415 -80.435974 -178.595047 70.064308 -30.835392 -36.300831 71.441544 1.650277 -0.327824 -20.087996 7.571639 55.234169 22.182114 -20.375895 49.933323 -16.701809 -16.743528 28.47653 -2e-06 -12.690599 -1e-06 15.82333 -17.739805 2.681974 -0.10592 -1.513857 -4.27588 -5.039041 -5.612871 -2.953557 4e-06 -11.020523 -2e-06 -6.111297 -15.89533 -3.840471 -0.0 -1e-06 1e-06 -10.283369 -5.680289 -4.341839 11.028291 -11.302404 -2.372632 -1.384269 -14.238579 -6.320122 -0.625439 -26.924187 -3.827601 -4.300044 -49.417141 -3.593172 -13.708523 -7.363475 -3.720939 18.141146 -14.052739 -3.242674 6e-06 -18.787266 -2e-06 -0.429712 -8.456045 2.555503 -1e-06 -1e-06 -0.0 -15.923534 -20.094484 -5.473586 30.41921 -7.190823 1.735928 2e-06 -8.162922 1e-06 -1.8619 -22.861469 -6.167944 -0.0 -2e-06 -1e-06 95.337173 -24.012493 -48.443348 140.651199 0.446687 1.372479 -38.060333 1.587707 -38.437973 -19.33032 1.827571 1.462981 -0.999998 1e-06 0.0 -76.319679 -27.40925 -55.132259 137.88916 2.082774 2.073441 -29.168604 6.444245 -34.052296 -12.784982 0.732646 0.209933 -1.000006 -1e-06 -2e-06 
0.0 0.0 0.0 0.0 -0.0 0.0 8.214642 13.947373 -24.409679 85.737587 43.320381 89.710197 16.886854 -1.694219 0.27773 0.670344 -0.557917 -0.915663 38.200493 3.97218 -1.69872 15.003246 0.330261 2.184993 -2.344543 -0.706641 0.435354 -35.472496 0.744901 -0.322127 6e-06 -0.0 0.0 0.149784 0.023418 0.117728 0.135007 0.11102 0.178915 0.134399 -0.063271 0.083211 -79.30764 -81.951988 88.056908 71.828224 -39.054806 -42.443325 81.716896 0.809191 -0.725652 -43.202663 -4.490695 72.937477 17.636629 -26.322737 52.411194 -19.466661 -14.395596 29.410389 1e-06 -8.774821 -2e-06 16.595242 -17.031296 5.15712 -0.609776 -1.795654 -3.889327 -4.80709 -11.046813 -2.937849 4e-06 -20.976019 0.0 -5.019973 -25.03356 -4.031878 6e-06 0.0 0.0 -10.634535 -5.686971 -3.565587 10.573275 -17.922951 -3.1139 2e-06 -13.821211 2e-06 -0.501778 -31.181511 -4.027017 -11.834321 -59.456551 7.306898 -13.982714 -7.150199 -2.875041 13.772731 -8.401495 -3.218241 0.347734 -34.211559 0.771655 -0.963028 -17.733374 2.621019 0.0 0.0 2e-06 -17.346418 -20.095222 -4.201779 21.757559 -1.638372 3.866427 1e-06 -6.338823 0.0 -1.697589 -22.591753 -6.194004 -0.0 -2e-06 -2e-06 9.803898 -80.438789 -178.75824 70.090164 -30.822014 -36.330231 71.438866 1.626539 -0.348592 -20.088924 7.533212 55.0947 22.182112 -20.375893 49.933327 -16.701818 -16.743532 28.476536 -3e-06 -12.690603 -0.0 15.868948 -17.742943 2.668447 -0.105919 -1.513857 -4.275881 -5.03904 -5.612868 -2.953557 5e-06 -11.020526 -2e-06 -6.111296 -15.895334 -3.84047 -0.0 1e-06 0.0 -10.283371 -5.680287 -4.341839 11.028297 -11.302405 -2.372634 -1.384268 -14.238578 -6.320122 -0.625436 -26.924189 -3.827602 -4.287577 -49.429539 -3.603963 -13.708524 -7.363475 -3.720939 18.141153 -14.052739 -3.242677 7e-06 -18.787266 -2e-06 -0.429712 -8.456044 2.555504 -0.0 -0.0 -0.0 -15.923531 -20.094481 -5.473587 30.419218 -7.190827 1.735924 3e-06 -8.162925 1e-06 -1.8619 -22.861471 -6.167943 -1e-06 -3e-06 -1e-06 95.314812 -24.063736 -48.400688 140.709442 0.455595 1.363185 -38.060745 1.626029 -38.438782 -19.267727 1.833891 1.462764 -1.0 0.0 0.0 -76.301918 -27.337959 -55.163563 137.899902 2.09326 2.062521 -29.297766 6.397087 -34.137615 -12.778957 0.737819 0.209389 -1.000005 0.0 -1e-06 
0.0 0.0 0.0 0.0 -0.0 0.0 8.192873 13.955808 -24.399508 85.723083 43.316818 89.680145 16.878944 -1.70114 0.271946 0.676211 -0.561861 -0.927772 38.22723 3.946308 -1.686777 15.095331 0.299015 2.169935 -2.357587 -0.694392 0.459553 -35.468109 0.715532 -0.281435 6e-06 -0.0 -0.0 0.148569 0.021355 0.11267 0.131925 0.107844 0.174713 0.134498 -0.064464 0.077113 -79.286545 -81.928391 88.023232 71.806091 -39.077335 -42.411503 81.77874 0.874918 -0.720654 -43.247936 -4.506362 72.864998 17.636627 -26.322733 52.411201 -19.466663 -14.395597 29.410393 1e-06 -8.774821 -2e-06 16.590662 -17.054892 5.153415 -0.609777 -1.795654 -3.889328 -4.807088 -11.046807 -2.937851 4e-06 -20.976021 -1e-06 -5.01997 -25.03356 -4.031882 6e-06 0.0 -0.0 -10.634535 -5.686971 -3.565588 10.573274 -17.922955 -3.113901 2e-06 -13.821209 0.0 -0.501777 -31.181507 -4.027018 -11.865568 -59.434742 7.305934 -13.982716 -7.150198 -2.875042 13.772731 -8.401494 -3.218242 0.347734 -34.211555 0.771654 -0.963028 -17.733372 2.621019 0.0 0.0 0.0 -17.346422 -20.095222 -4.201779 21.757557 -1.638374 3.866427 1e-06 -6.338823 0.0 -1.697589 -22.591749 -6.194008 -0.0 -3e-06 -1e-06 9.897289 -80.452538 -178.876343 70.118698 -30.84074 -36.32827 71.436722 1.614622 -0.350692 -20.091637 7.489165 54.923431 22.182121 -20.375898 49.933323 -16.701817 -16.74353 28.476536 -2e-06 -12.690603 -1e-06 15.879372 -17.742842 2.665745 -0.105919 -1.513856 -4.275882 -5.039042 -5.612871 -2.953558 4e-06 -11.020528 -2e-06 -6.111298 -15.895334 -3.840471 -0.0 1e-06 -0.0 -10.283372 -5.68029 -4.34184 11.028296 -11.302407 -2.372633 -1.384268 -14.238585 -6.320123 -0.625439 -26.924196 -3.827601 -4.29758 -49.443535 -3.592582 -13.708527 -7.363477 -3.72094 18.141151 -14.052744 -3.242675 7e-06 -18.787271 -2e-06 -0.429712 -8.456045 2.555504 -0.0 -2e-06 0.0 -15.923536 -20.094484 -5.473585 30.419218 -7.190825 1.735927 3e-06 -8.162927 1e-06 -1.861902 -22.861475 -6.167945 -1e-06 -4e-06 -1e-06 95.323143 -24.129797 -48.358826 140.742874 0.466877 1.367262 -38.052685 1.652061 -38.419449 -19.255096 1.833236 1.465684 -0.999998 0.0 1e-06 -76.272583 -27.275248 -55.177963 137.889191 2.109011 2.0513 -29.428341 6.35669 -34.235092 -12.77465 0.73651 0.211847 -1.000006 -1e-06 -1e-06 
0.0 0.0 0.0 0.0 -0.0 0.0 8.182745 13.959789 -24.40966 85.699699 43.306702 89.649078 16.87001 -1.705115 0.264519 0.681916 -0.567168 -0.945526 38.241379 3.926815 -1.673267 15.207451 0.266532 2.165268 -2.37132 -0.677337 0.483534 -35.453503 0.688808 -0.250773 6e-06 0.0 -0.0 0.145696 0.019929 0.110194 0.125593 0.107627 0.173555 0.129836 -0.067236 0.073063 -79.331139 -81.888672 88.062149 71.783928 -39.114185 -42.435379 81.843117 0.885282 -0.711069 -43.277103 -4.5174 72.754387 17.636629 -26.322735 52.411194 -19.466663 -14.395602 29.410389 0.0 -8.774824 -1e-06 16.600672 -17.084032 5.158659 -0.609775 -1.795654 -3.889328 -4.807089 -11.046811 -2.93785 5e-06 -20.976019 -1e-06 -5.019971 -25.033562 -4.03188 6e-06 0.0 -0.0 -10.634535 -5.686971 -3.565587 10.573277 -17.922953 -3.113901 3e-06 -13.821208 1e-06 -0.501776 -31.181511 -4.027016 -11.902994 -59.435871 7.32176 -13.982714 -7.150198 -2.87504 13.772731 -8.401489 -3.218244 0.347735 -34.211555 0.771654 -0.963029 -17.73337 2.62102 0.0 0.0 1e-06 -17.346416 -20.095217 -4.20178 21.757557 -1.638374 3.866426 0.0 -6.338822 -0.0 -1.697589 -22.591745 -6.194005 -0.0 -3e-06 -2e-06 9.929535 -80.462547 -178.932083 70.139267 -30.8505 -36.298214 71.415726 1.602072 -0.337249 -20.079767 7.453066 54.78862 22.182108 -20.375895 49.933319 -16.701813 -16.74353 28.476534 -2e-06 -12.690601 -0.0 15.85068 -17.744812 2.682081 -0.10592 -1.513856 -4.27588 -5.03904 -5.61287 -2.953557 4e-06 -11.020521 -2e-06 -6.111296 -15.895328 -3.84047 -0.0 1e-06 0.0 -10.283369 -5.680288 -4.341839 11.028292 -11.302404 -2.372633 -1.384268 -14.238577 -6.32012 -0.62544 -26.924179 -3.8276 -4.324427 -49.452419 -3.569327 -13.708523 -7.363475 -3.720939 18.141146 -14.052737 -3.242673 6e-06 -18.787266 -2e-06 -0.429713 -8.456043 2.555503 -0.0 -2e-06 -0.0 -15.923532 -20.094482 -5.473584 30.419207 -7.190821 1.735927 2e-06 -8.162922 2e-06 -1.861905 -22.861467 -6.16794 0.0 -3e-06 -1e-06 95.332413 -24.195654 -48.341095 140.743744 0.471584 1.379656 -38.013802 1.650369 -38.373028 -19.326172 1.830255 1.471069 -0.999998 -0.0 -0.0 -76.258568 -27.242687 -55.183437 137.861359 2.124969 2.040168 -29.516188 6.324136 -34.30793 -12.809109 0.734562 0.214435 -1.000004 -0.0 -0.0 
0.0 0.0 0.0 0.0 -0.0 0.0 8.177384 13.965124 -24.431614 85.693787 43.284531 89.639984 16.864382 -1.711452 0.264342 0.685867 -0.573166 -0.96297 38.231583 3.918784 -1.658321 15.318362 0.237468 2.181889 -2.377131 -0.675782 0.48459 -35.420097 0.669567 -0.248045 6e-06 0.0 0.0 0.144924 0.020275 0.112525 0.124329 0.109807 0.177328 0.128699 -0.06875 0.07365 -79.340309 -81.859413 88.083435 71.772049 -39.153954 -42.516556 81.907585 0.858461 -0.706774 -43.287746 -4.534854 72.669609 17.636629 -26.322731 52.411201 -19.466661 -14.395604 29.410395 2e-06 -8.774823 -1e-06 16.63076 -17.102478 5.160717 -0.609776 -1.795655 -3.889328 -4.80709 -11.046807 -2.93785 4e-06 -20.976015 -2e-06 -5.019972 -25.033556 -4.031882 6e-06 0.0 -0.0 -10.634536 -5.686974 -3.565586 10.573276 -17.922945 -3.113902 2e-06 -13.821206 1e-06 -0.501779 -31.181498 -4.027017 -11.912634 -59.452957 7.329474 -13.982718 -7.150195 -2.875042 13.772733 -8.401491 -3.218242 0.347733 -34.211544 0.771655 -0.963029 -17.733368 2.62102 0.0 1e-06 0.0 -17.346422 -20.095217 -4.201782 21.757565 -1.638373 3.866428 1e-06 -6.338821 -0.0 -1.697591 -22.591742 -6.194006 0.0 -4e-06 -1e-06 9.988526 -80.477402 -179.024094 70.135201 -30.871414 -36.25671 71.39782 1.585468 -0.318768 -20.068987 7.421955 54.697189 22.18211 -20.375891 49.933315 -16.701817 -16.74353 28.47653 -1e-06 -12.690601 -1e-06 15.819283 -17.741343 2.709231 -0.10592 -1.513855 -4.275881 -5.03904 -5.61287 -2.953557 4e-06 -11.020523 -2e-06 -6.111297 -15.895332 -3.84047 -0.0 1e-06 -0.0 -10.28337 -5.680287 -4.341837 11.028296 -11.302406 -2.372633 -1.384268 -14.238581 -6.320121 -0.625438 -26.924185 -3.827601 -4.353842 -49.455879 -3.547343 -13.708525 -7.363473 -3.720938 18.141153 -14.052737 -3.242676 6e-06 -18.787266 -2e-06 -0.429712 -8.456042 2.555503 -0.0 -1e-06 0.0 -15.923538 -20.094482 -5.473583 30.419218 -7.190825 1.735925 4e-06 -8.162922 0.0 -1.861902 -22.861469 -6.167941 -2e-06 -3e-06 -1e-06 95.339493 -24.245163 -48.340076 140.720566 0.475009 1.398074 -37.948723 1.649563 -38.305386 -19.416555 1.826005 1.476601 -0.999997 -0.0 1e-06 -76.263893 -27.239447 -55.167091 137.826553 2.142965 2.040413 -29.602594 6.282997 -34.372112 -12.85543 0.734706 0.219876 -1.000003 -0.0 -0.0 
0.0 0.0 0.0 0.0 -0.0 0.0 8.172799 13.97708 -24.451233 85.698654 43.251759 89.640976 16.863764 -1.718807 0.266785 0.688133 -0.57717 -0.973159 38.205994 3.91409 -1.643496 15.424053 0.206964 2.192474 -2.380216 -0.68373 0.501226 -35.36594 0.653692 -0.244597 5e-06 -0.0 0.0 0.143569 0.021346 0.11968 0.12056 0.110241 0.183901 0.124616 -0.067099 0.080846 -79.333534 -81.839951 88.105057 71.776245 -39.190128 -42.608757 81.984215 0.843508 -0.681426 -43.273022 -4.593312 72.605103 17.636633 -26.322733 52.411201 -19.466656 -14.3956 29.410389 2e-06 -8.774823 -2e-06 16.641972 -17.114445 5.171906 -0.609777 -1.795653 -3.889328 -4.807092 -11.046809 -2.93785 3e-06 -20.976019 -0.0 -5.019973 -25.03356 -4.031883 6e-06 0.0 -0.0 -10.634537 -5.686972 -3.565589 10.573276 -17.922955 -3.1139 2e-06 -13.82121 1e-06 -0.50178 -31.181511 -4.027017 -11.872105 -59.459557 7.307962 -13.982718 -7.150199 -2.875043 13.772732 -8.40149 -3.218241 0.347731 -34.211555 0.771656 -0.96303 -17.733372 2.621019 -0.0 0.0 1e-06 -17.346426 -20.095222 -4.201783 21.757566 -1.638373 3.86643 -0.0 -6.338825 -0.0 -1.697592 -22.591749 -6.194007 0.0 -5e-06 -1e-06 10.013573 -80.50901 -179.058105 70.125549 -30.899181 -36.266644 71.412399 1.562859 -0.310437 -20.086212 7.398343 54.606464 22.182121 -20.375898 49.933323 -16.701817 -16.74353 28.476532 -4e-06 -12.690605 -1e-06 15.810559 -17.73608 2.733352 -0.105919 -1.513856 -4.275881 -5.039042 -5.612871 -2.953558 5e-06 -11.020525 -1e-06 -6.111298 -15.895338 -3.840471 -0.0 2e-06 0.0 -10.283373 -5.680288 -4.34184 11.028298 -11.302407 -2.372634 -1.384268 -14.23858 -6.320122 -0.625437 -26.924191 -3.8276 -4.369267 -49.46949 -3.537195 -13.708527 -7.363474 -3.72094 18.141155 -14.05274 -3.242675 7e-06 -18.78727 -1e-06 -0.429712 -8.456047 2.555504 -0.0 -0.0 0.0 -15.923539 -20.094482 -5.473586 30.419222 -7.190834 1.735927 5e-06 -8.162925 1e-06 -1.861901 -22.861471 -6.167942 -2e-06 -3e-06 -1e-06 95.340813 -24.278526 -48.313187 140.695908 0.493955 1.415313 -37.904442 1.665636 -38.243565 -19.502525 1.820164 1.484836 -0.999999 0.0 0.0 -76.270042 -27.244638 -55.14777 137.795853 2.159689 2.049828 -29.666803 6.247319 -34.396473 -12.88291 0.736227 0.223874 -1.000004 -0.0 -2e-06 
0.0 0.0 0.0 0.0 -0.0 0.0 8.164111 13.992632 -24.458149 85.706009 43.222363 89.641739 16.867203 -1.725767 0.271358 0.686256 -0.581647 -0.980857 38.182709 3.909788 -1.633005 15.518197 0.180013 2.194947 -2.384791 -0.688823 0.520824 -35.282249 0.631774 -0.241636 6e-06 -0.0 -0.0 0.142191 0.021953 0.124473 0.117405 0.107148 0.187549 0.120315 -0.062838 0.086187 -79.29158 -81.840027 88.083031 71.780197 -39.230732 -42.663143 82.047592 0.869469 -0.678918 -43.26408 -4.634608 72.535217 17.636633 -26.322733 52.411209 -19.466663 -14.395597 29.410395 2e-06 -8.774822 -2e-06 16.620037 -17.118456 5.193537 -0.609777 -1.795653 -3.889328 -4.80709 -11.046809 -2.93785 4e-06 -20.976015 -0.0 -5.019971 -25.033554 -4.031882 6e-06 0.0 -0.0 -10.634536 -5.686969 -3.56559 10.573274 -17.922947 -3.113899 2e-06 -13.821206 1e-06 -0.501779 -31.181501 -4.027016 -11.791372 -59.431931 7.253535 -13.982717 -7.150198 -2.875043 13.772731 -8.401491 -3.218241 0.347732 -34.211555 0.771656 -0.96303 -17.73337 2.62102 0.0 1e-06 1e-06 -17.346422 -20.095217 -4.201784 21.757561 -1.638373 3.866429 -0.0 -6.338822 0.0 -1.697591 -22.591745 -6.194005 0.0 -4e-06 -2e-06 10.025698 -80.530891 -179.053131 70.104385 -30.914146 -36.288059 71.462273 1.548687 -0.307275 -20.130476 7.373007 54.518139 22.182117 -20.375904 49.933319 -16.701813 -16.743528 28.476532 -2e-06 -12.690601 -0.0 15.815192 -17.730949 2.747813 -0.10592 -1.513855 -4.275881 -5.039041 -5.612871 -2.953556 3e-06 -11.020527 -0.0 -6.1113 -15.895334 -3.840468 -0.0 1e-06 0.0 -10.283371 -5.680289 -4.341838 11.028295 -11.302406 -2.372632 -1.384268 -14.238581 -6.320121 -0.625441 -26.924187 -3.827598 -4.373341 -49.471111 -3.532647 -13.708526 -7.363475 -3.720939 18.141148 -14.052741 -3.242674 5e-06 -18.787271 -0.0 -0.429712 -8.456047 2.555504 0.0 -2e-06 -0.0 -15.923536 -20.094484 -5.473581 30.419214 -7.190827 1.735926 3e-06 -8.162929 1e-06 -1.861904 -22.861473 -6.167941 -1e-06 -2e-06 -1e-06 95.350166 -24.312412 -48.288319 140.689484 0.511051 1.419886 -37.896564 1.68316 -38.221939 -19.541973 1.817378 1.48485 -0.999997 0.0 1e-06 -76.258377 -27.240025 -55.148632 137.777344 2.170053 2.053888 -29.741465 6.208847 -34.39642 -12.841873 0.735737 0.232681 -1.000005 -0.0 -2e-06 
0.0 0.0 0.0 0.0 -0.0 0.0 8.145043 14.007563 -24.450813 85.713783 43.197971 89.636589 16.872561 -1.733658 0.278399 0.682545 -0.5823 -0.97881 38.160492 3.905486 -1.632047 15.616214 0.157476 2.189884 -2.390238 -0.680788 0.528158 -35.191082 0.608563 -0.239287 6e-06 -0.0 0.0 0.141556 0.021281 0.124392 0.116396 0.102336 0.186688 0.11856 -0.059436 0.086477 -79.224731 -81.852089 88.014481 71.773331 -39.286369 -42.722759 82.090218 0.86799 -0.706493 -43.254051 -4.637308 72.434586 17.636631 -26.322741 52.411201 -19.46666 -14.3956 29.410389 3e-06 -8.774822 -1e-06 16.565634 -17.114429 5.227741 -0.609775 -1.795654 -3.889328 -4.80709 -11.046809 -2.93785 3e-06 -20.976021 1e-06 -5.019973 -25.033562 -4.031879 6e-06 0.0 -0.0 -10.634535 -5.686971 -3.565588 10.573275 -17.922951 -3.113899 1e-06 -13.821205 2e-06 -0.501781 -31.181505 -4.027012 -11.708527 -59.386253 7.184287 -13.982716 -7.150197 -2.875042 13.772731 -8.401497 -3.218242 0.347731 -34.211555 0.771658 -0.963031 -17.733372 2.621022 -0.0 0.0 0.0 -17.346422 -20.095221 -4.201779 21.757561 -1.638372 3.866428 1e-06 -6.338823 0.0 -1.697592 -22.591749 -6.194006 0.0 -4e-06 -2e-06 10.085051 -80.535416 -179.089813 70.084282 -30.936932 -36.282681 71.532997 1.561892 -0.31129 -20.184917 7.369852 54.418541 22.182114 -20.375902 49.933323 -16.701811 -16.74353 28.476532 -1e-06 -12.690601 0.0 15.821657 -17.728487 2.751972 -0.105919 -1.513856 -4.275882 -5.039042 -5.61287 -2.953557 3e-06 -11.020525 -1e-06 -6.1113 -15.895334 -3.840469 -0.0 2e-06 0.0 -10.283371 -5.680289 -4.341837 11.028295 -11.302405 -2.372632 -1.384269 -14.238585 -6.320121 -0.625441 -26.924191 -3.8276 -4.370251 -49.479839 -3.523118 -13.708526 -7.363477 -3.720939 18.14115 -14.052739 -3.242674 4e-06 -18.787271 -0.0 -0.429711 -8.456046 2.555503 -1e-06 0.0 -0.0 -15.923536 -20.094482 -5.473583 30.419214 -7.190825 1.735924 3e-06 -8.162926 1e-06 -1.861905 -22.861473 -6.167942 -2e-06 -2e-06 -1e-06 95.359505 -24.363655 -48.272514 140.709244 0.518947 1.415602 -37.922276 1.691478 -38.235542 -19.551292 1.816353 1.482241 -1.0 0.0 -0.0 -76.245064 -27.203882 -55.162453 137.768173 2.177147 2.047623 -29.832989 6.17359 -34.414307 -12.797811 0.731132 0.242125 -1.000003 0.0 -0.0 
0.0 0.0 0.0 0.0 -0.0 0.0 8.125902 14.026463 -24.43063 85.730797 43.170971 89.64563 16.890034 -1.743632 0.280546 0.679809 -0.57261 -0.97014 38.126919 3.894531 -1.630838 15.709129 0.121691 2.207258 -2.394253 -0.657816 0.485939 -35.117546 0.59581 -0.220804 5e-06 -0.0 0.0 0.140889 0.020421 0.125766 0.116055 0.09685 0.187503 0.117704 -0.055758 0.088414 -79.203011 -81.879265 87.950546 71.743591 -39.363125 -42.798965 82.131897 0.813298 -0.734824 -43.268436 -4.618204 72.305725 17.636625 -26.322735 52.411194 -19.466661 -14.395604 29.410393 0.0 -8.774823 -1e-06 16.507195 -17.119106 5.262451 -0.609776 -1.795653 -3.889327 -4.807087 -11.046809 -2.93785 4e-06 -20.976011 -0.0 -5.019969 -25.033552 -4.031879 5e-06 0.0 0.0 -10.634533 -5.686967 -3.565588 10.573275 -17.922953 -3.113901 3e-06 -13.821205 1e-06 -0.501777 -31.181505 -4.027014 -11.661557 -59.350349 7.133696 -13.982712 -7.150195 -2.875042 13.772729 -8.401489 -3.218242 0.347733 -34.211544 0.771656 -0.963029 -17.733366 2.62102 0.0 -0.0 0.0 -17.346416 -20.095217 -4.201781 21.757559 -1.638376 3.866427 0.0 -6.338821 0.0 -1.697589 -22.591745 -6.194005 -0.0 -4e-06 -2e-06 10.219349 -80.533318 -179.18486 70.066093 -30.950798 -36.273418 71.62159 1.581158 -0.311793 -20.247887 7.37615 54.294174 22.182117 -20.375898 49.933323 -16.701817 -16.74353 28.476538 -2e-06 -12.690603 -0.0 15.802959 -17.711704 2.751154 -0.105919 -1.513856 -4.275883 -5.039041 -5.612871 -2.953557 4e-06 -11.020527 -2e-06 -6.111298 -15.895338 -3.840471 -0.0 -0.0 1e-06 -10.28337 -5.680288 -4.341839 11.028296 -11.302407 -2.372634 -1.384267 -14.238583 -6.320123 -0.625439 -26.924196 -3.827601 -4.368166 -49.473515 -3.50803 -13.708525 -7.363478 -3.72094 18.141151 -14.052742 -3.242675 6e-06 -18.787275 -2e-06 -0.429713 -8.456047 2.555504 -0.0 1e-06 -0.0 -15.923532 -20.09449 -5.473586 30.419214 -7.190825 1.735925 3e-06 -8.162925 -1e-06 -1.861902 -22.861473 -6.167944 -1e-06 -2e-06 -1e-06 95.377846 -24.400667 -48.270763 140.74115 0.525716 1.410296 -37.968136 1.697723 -38.23996 -19.554424 1.810433 1.479442 -0.999999 1e-06 0.0 -76.240227 -27.167131 -55.171146 137.776825 2.17934 2.032774 -29.939558 6.151336 -34.42231 -12.780463 0.726268 0.251853 -1.000006 -0.0 -1e-06 
0.0 0.0 0.0 0.0 -0.0 0.0 8.102894 14.040667 -24.4116 85.75856 43.145184 89.670258 16.918196 -1.753239 0.277232 0.671875 -0.560749 -0.956483 38.095043 3.878733 -1.634024 15.79219 0.094294 2.225676 -2.393525 -0.636886 0.438279 -35.078098 0.595117 -0.211323 6e-06 0.0 0.0 0.141499 0.01986 0.130983 0.116527 0.093592 0.192583 0.118885 -0.053731 0.094118 -79.264549 -81.900154 87.939537 71.705017 -39.44796 -42.896481 82.162849 0.696762 -0.76891 -43.284344 -4.584719 72.151039 17.636629 -26.322737 52.411205 -19.46666 -14.3956 29.410389 1e-06 -8.774822 -1e-06 16.455692 -17.124729 5.293062 -0.609777 -1.795652 -3.889328 -4.807088 -11.046809 -2.93785 4e-06 -20.976015 -1e-06 -5.019969 -25.033556 -4.03188 7e-06 0.0 -0.0 -10.634535 -5.68697 -3.565588 10.573274 -17.922951 -3.1139 2e-06 -13.821206 1e-06 -0.501777 -31.181505 -4.027015 -11.661672 -59.321804 7.103203 -13.982714 -7.150198 -2.875042 13.772729 -8.401491 -3.218242 0.347733 -34.211555 0.771656 -0.963029 -17.73337 2.62102 0.0 -0.0 -1e-06 -17.346416 -20.095215 -4.201782 21.757557 -1.638375 3.866426 0.0 -6.338823 1e-06 -1.69759 -22.591747 -6.194006 -0.0 -3e-06 -2e-06 10.340573 -80.533485 -179.252258 70.050552 -30.961357 -36.284447 71.708412 1.591881 -0.31009 -20.308979 7.39252 54.214828 22.182117 -20.375898 49.933327 -16.701807 -16.743528 28.476528 -1e-06 -12.690602 -2e-06 15.769724 -17.70257 2.759331 -0.10592 -1.513856 -4.275881 -5.039041 -5.612869 -2.953557 4e-06 -11.020524 -1e-06 -6.111298 -15.895332 -3.84047 -0.0 1e-06 -0.0 -10.283371 -5.680288 -4.341839 11.028293 -11.302403 -2.372632 -1.38427 -14.238582 -6.32012 -0.62544 -26.924191 -3.8276 -4.363066 -49.480286 -3.492047 -13.708527 -7.363475 -3.720939 18.141148 -14.05274 -3.242673 4e-06 -18.787271 -1e-06 -0.429711 -8.456047 2.555504 -1e-06 -0.0 -0.0 -15.923536 -20.094482 -5.473586 30.419214 -7.190828 1.735928 4e-06 -8.162925 1e-06 -1.861904 -22.861469 -6.167942 -1e-06 -4e-06 -1e-06 95.375389 -24.422775 -48.264946 140.771301 0.530385 1.413491 -38.012421 1.701216 -38.288937 -19.539392 1.802757 1.481227 -0.999998 1e-06 0.0 -76.262291 -27.127577 -55.168907 137.7854 2.17658 2.020307 -30.033493 6.139338 -34.459522 -12.775249 0.719747 0.258668 -1.000004 -1e-06 -0.0 
0.0 0.0 0.0 0.0 -0.0 0.0 8.077131 14.050764 -24.395248 85.790131 43.114105 89.697174 16.9335 -1.761742 0.277166 0.665536 -0.553395 -0.948032 38.06604 3.860833 -1.640938 15.868823 0.085893 2.253375 -2.387041 -0.637207 0.38397 -35.057396 0.599977 -0.231831 7e-06 -0.0 0.0 0.143886 0.020722 0.140586 0.120148 0.09489 0.202885 0.12385 -0.053368 0.103578 -79.390961 -81.926735 87.993744 71.636757 -39.538609 -42.961159 82.184967 0.584255 -0.791178 -43.265461 -4.544492 72.025032 17.636627 -26.322725 52.411182 -19.466654 -14.395597 29.410381 1e-06 -8.774821 -1e-06 16.432028 -17.128296 5.315335 -0.609776 -1.795654 -3.889328 -4.807088 -11.046809 -2.937849 3e-06 -20.976015 -0.0 -5.019972 -25.033554 -4.031879 7e-06 0.0 0.0 -10.634533 -5.686969 -3.565587 10.573271 -17.922947 -3.113901 1e-06 -13.821205 1e-06 -0.50178 -31.181501 -4.027016 -11.696125 -59.309055 7.116955 -13.982712 -7.150196 -2.87504 13.772727 -8.401487 -3.218242 0.347732 -34.211544 0.771654 -0.963029 -17.733366 2.621019 -0.0 0.0 -1e-06 -17.346416 -20.095217 -4.20178 21.757555 -1.638371 3.866428 0.0 -6.338824 0.0 -1.697591 -22.591743 -6.194005 0.0 -4e-06 -2e-06 10.402143 -80.527573 -179.278992 70.010162 -30.984514 -36.280586 71.79229 1.571767 -0.300473 -20.374905 7.429211 54.168705 22.182108 -20.375895 49.933319 -16.701818 -16.743532 28.476534 -3e-06 -12.690601 0.0 15.756871 -17.713032 2.763144 -0.105918 -1.513856 -4.275882 -5.039041 -5.61287 -2.953557 4e-06 -11.020524 -3e-06 -6.111295 -15.89533 -3.840471 -0.0 -0.0 0.0 -10.283369 -5.680288 -4.341837 11.028295 -11.302402 -2.372634 -1.384267 -14.238579 -6.320121 -0.625437 -26.924187 -3.827601 -4.359164 -49.509304 -3.494208 -13.708525 -7.363475 -3.720939 18.141151 -14.052739 -3.242676 6e-06 -18.78727 -2e-06 -0.429711 -8.456043 2.555503 -0.0 -1e-06 0.0 -15.923536 -20.094482 -5.473585 30.419218 -7.190827 1.735924 4e-06 -8.162925 0.0 -1.861904 -22.861467 -6.167942 1e-06 -2e-06 -1e-06 95.345818 -24.440578 -48.254742 140.799377 0.531048 1.415633 -38.06068 1.701932 -38.362381 -19.544861 1.796065 1.490982 -0.999999 1e-06 0.0 -76.323181 -27.074154 -55.151581 137.789429 2.16996 2.017755 -30.096495 6.143901 -34.488148 -12.797798 0.716008 0.262341 -1.000004 -1e-06 -0.0 
0.0 0.0 0.0 0.0 -0.0 0.0 8.050941 14.053756 -24.371029 85.82428 43.082836 89.725792 16.925547 -1.768548 0.279623 0.662949 -0.548831 -0.940038 38.047226 3.842868 -1.66105 15.94123 0.084869 2.276973 -2.376417 -0.659599 0.34961 -35.045223 0.60851 -0.276706 6e-06 0.0 0.0 0.145216 0.022932 0.153214 0.125505 0.098824 0.216812 0.130177 -0.052872 0.115374 -79.475082 -81.946182 88.055717 71.581863 -39.595528 -43.043228 82.199173 0.476635 -0.781441 -43.198521 -4.526343 71.954308 17.636625 -26.322735 52.411198 -19.466665 -14.395606 29.410395 1e-06 -8.774823 -1e-06 16.420986 -17.125305 5.331643 -0.609776 -1.795655 -3.889329 -4.807088 -11.046811 -2.937849 5e-06 -20.976015 -1e-06 -5.01997 -25.033558 -4.031882 6e-06 -0.0 -0.0 -10.634535 -5.686971 -3.565587 10.573277 -17.922953 -3.113902 3e-06 -13.821205 1e-06 -0.501777 -31.181505 -4.027015 -11.739853 -59.292198 7.164304 -13.982714 -7.1502 -2.87504 13.772731 -8.401487 -3.218243 0.347735 -34.211552 0.771653 -0.963028 -17.733368 2.621018 0.0 0.0 0.0 -17.346422 -20.095217 -4.201779 21.757566 -1.638375 3.866427 1e-06 -6.338823 -0.0 -1.697589 -22.591745 -6.194008 0.0 -4e-06 -2e-06 10.386175 -80.514023 -179.270187 69.943047 -31.023926 -36.245678 71.850121 1.527447 -0.272489 -20.42568 7.448513 54.157597 22.182114 -20.375891 49.933323 -16.701815 -16.743528 28.476532 -0.0 -12.690601 -0.0 15.774546 -17.755644 2.759499 -0.105919 -1.513856 -4.275882 -5.039041 -5.612871 -2.953557 3e-06 -11.020528 -3e-06 -6.111297 -15.895332 -3.840472 -0.0 -1e-06 0.0 -10.28337 -5.680287 -4.341839 11.028293 -11.302406 -2.372633 -1.384268 -14.238581 -6.320123 -0.625436 -26.924189 -3.827604 -4.369398 -49.571438 -3.509815 -13.708525 -7.363477 -3.720939 18.14115 -14.052739 -3.242676 6e-06 -18.787266 -3e-06 -0.429711 -8.456039 2.555503 -0.0 1e-06 0.0 -15.923536 -20.094484 -5.473587 30.41921 -7.190825 1.735927 2e-06 -8.162922 0.0 -1.861901 -22.861469 -6.167946 -1e-06 -2e-06 -1e-06 95.315292 -24.465271 -48.261551 140.83754 0.532532 1.418815 -38.09774 1.693669 -38.389214 -19.5662 1.800348 1.502812 -0.999996 1e-06 2e-06 -76.398132 -27.019972 -55.140919 137.804199 2.160772 2.021999 -30.173416 6.133982 -34.52129 -12.82706 0.717613 0.255695 -1.000003 0.0 -1e-06 
0.0 0.0 0.0 0.0 -0.0 0.0 8.028772 14.044327 -24.337097 85.860619 43.05323 89.74881 16.90062 -1.776597 0.282811 0.66526 -0.541678 -0.927686 38.032196 3.822537 -1.684455 16.012529 0.077989 2.276318 -2.366224 -0.684286 0.348828 -35.021107 0.62267 -0.326434 6e-06 -0.0 0.0 0.146033 0.024694 0.162738 0.129687 0.101866 0.227563 0.134227 -0.052304 0.12369 -79.409737 -81.955528 88.018112 71.575203 -39.6161 -43.168736 82.199615 0.371425 -0.774182 -43.097301 -4.503785 71.922203 17.636627 -26.322725 52.411186 -19.466658 -14.395602 29.410389 1e-06 -8.774823 -2e-06 16.408049 -17.113358 5.343563 -0.609777 -1.795655 -3.889328 -4.807088 -11.046809 -2.93785 4e-06 -20.976019 -1e-06 -5.019972 -25.033556 -4.031882 7e-06 0.0 0.0 -10.634537 -5.686969 -3.565586 10.573276 -17.922951 -3.113901 2e-06 -13.821205 0.0 -0.501776 -31.181505 -4.027017 -11.771612 -59.269623 7.217437 -13.982716 -7.150197 -2.875041 13.772732 -8.401491 -3.218243 0.347734 -34.211555 0.771653 -0.963028 -17.73337 2.621019 0.0 -0.0 1e-06 -17.346422 -20.095217 -4.20178 21.757561 -1.638378 3.866427 0.0 -6.338824 -0.0 -1.697591 -22.591749 -6.194008 0.0 -5e-06 -2e-06 10.340146 -80.494423 -179.288284 69.859909 -31.098408 -36.186516 71.859131 1.474033 -0.24025 -20.424595 7.454364 54.1063 22.18211 -20.375891 49.933323 -16.701815 -16.743528 28.476534 -3e-06 -12.6906 -0.0 15.83006 -17.814112 2.743633 -0.105919 -1.513856 -4.275882 -5.039041 -5.612869 -2.953557 4e-06 -11.020523 -3e-06 -6.111296 -15.895329 -3.840472 -0.0 1e-06 0.0 -10.283369 -5.680288 -4.34184 11.028295 -11.302404 -2.372634 -1.384266 -14.238577 -6.320123 -0.625434 -26.924183 -3.827604 -4.387444 -49.635101 -3.537793 -13.708524 -7.363475 -3.72094 18.14115 -14.052736 -3.242675 8e-06 -18.787266 -3e-06 -0.429712 -8.456043 2.555503 -0.0 -1e-06 -0.0 -15.923534 -20.094482 -5.473588 30.41921 -7.190824 1.735928 5e-06 -8.162921 0.0 -1.8619 -22.861469 -6.167943 -2e-06 -3e-06 -1e-06 95.274109 -24.491108 -48.275101 140.886978 0.543164 1.429922 -38.158924 1.657304 -38.42276 -19.58395 1.814693 1.510118 -0.999998 1e-06 1e-06 -76.483078 -26.974524 -55.12899 137.835449 2.161074 2.031047 -30.298416 6.086415 -34.586487 -12.841981 0.721422 0.246344 -1.000004 -1e-06 -2e-06 
0.0 0.0 0.0 0.0 -0.0 0.0 8.014231 14.036846 -24.302444 85.896027 43.027462 89.762581 16.877783 -1.775657 0.286729 0.67847 -0.54206 -0.914967 38.00687 3.798402 -1.704094 16.075684 0.05943 2.255126 -2.364833 -0.691331 0.375671 -34.938591 0.631271 -0.32292 7e-06 0.0 0.0 0.143406 0.023767 0.161929 0.128171 0.101647 0.228442 0.130416 -0.053769 0.120904 -79.193192 -81.955627 87.85508 71.612457 -39.631504 -43.298569 82.20002 0.314147 -0.772606 -42.987648 -4.468504 71.951942 17.636641 -26.322739 52.411205 -19.466658 -14.395594 29.410385 3e-06 -8.774821 -3e-06 16.37056 -17.072317 5.357773 -0.609777 -1.795653 -3.889327 -4.807089 -11.046812 -2.937851 3e-06 -20.976021 -0.0 -5.01997 -25.03356 -4.031881 6e-06 -0.0 -0.0 -10.634535 -5.686972 -3.565589 10.57327 -17.922951 -3.113898 2e-06 -13.821208 1e-06 -0.501778 -31.181505 -4.027017 -11.765532 -59.216839 7.247638 -13.982713 -7.150197 -2.875044 13.772726 -8.401491 -3.21824 0.347732 -34.211555 0.771656 -0.963029 -17.73337 2.62102 -0.0 0.0 -0.0 -17.346418 -20.095224 -4.201783 21.757557 -1.638372 3.866431 1e-06 -6.338824 1e-06 -1.69759 -22.591751 -6.194006 -0.0 -3e-06 -2e-06 10.307354 -80.490768 -179.318481 69.795181 -31.181126 -36.136242 71.840752 1.438064 -0.219729 -20.383207 7.459006 53.977333 22.182114 -20.3759 49.933334 -16.701811 -16.74353 28.476532 -1e-06 -12.690602 -1e-06 15.908235 -17.88888 2.714105 -0.10592 -1.513856 -4.275882 -5.039042 -5.612871 -2.953557 4e-06 -11.020526 -1e-06 -6.111298 -15.895334 -3.84047 -0.0 1e-06 0.0 -10.283371 -5.680288 -4.341839 11.028295 -11.302406 -2.372632 -1.384268 -14.238585 -6.320122 -0.62544 -26.924191 -3.827601 -4.406372 -49.693962 -3.576999 -13.708527 -7.363476 -3.72094 18.141151 -14.052741 -3.242673 5e-06 -18.787271 -1e-06 -0.429711 -8.456044 2.555504 0.0 -0.0 0.0 -15.923536 -20.094482 -5.473586 30.419214 -7.190829 1.735925 3e-06 -8.162924 1e-06 -1.861905 -22.861471 -6.167942 -0.0 -3e-06 -1e-06 95.235046 -24.501612 -48.263851 140.933792 0.567221 1.443741 -38.260643 1.621149 -38.494144 -19.670183 1.834693 1.512879 -1.000001 0.0 1e-06 -76.547577 -26.941334 -55.099091 137.872101 2.177554 2.042789 -30.435638 6.030805 -34.648499 -12.878717 0.730447 0.238651 -1.000005 -0.0 -0.0 
0.0 0.0 0.0 0.0 -0.0 0.0 8.003047 14.039469 -24.283348 85.934937 42.997948 89.771858 16.860109 -1.77101 0.29031 0.692578 -0.55465 -0.916068 37.969845 3.772974 -1.709433 16.133938 0.033584 2.222795 -2.372628 -0.67882 0.420126 -34.799068 0.63506 -0.291823 7e-06 -0.0 0.0 0.138563 0.02129 0.155963 0.120554 0.099394 0.223323 0.118857 -0.056259 0.11364 -79.022774 -81.942314 87.720169 71.652878 -39.672066 -43.37384 82.212914 0.314146 -0.797043 -42.927345 -4.424678 72.015594 17.636625 -26.322731 52.41119 -19.466652 -14.395597 29.410385 2e-06 -8.77482 -2e-06 16.31308 -17.015648 5.373457 -0.609775 -1.795655 -3.889326 -4.807088 -11.046809 -2.93785 3e-06 -20.976011 0.0 -5.019972 -25.033552 -4.03188 7e-06 0.0 -0.0 -10.634533 -5.686971 -3.565587 10.573271 -17.922945 -3.113898 2e-06 -13.821203 1e-06 -0.50178 -31.181498 -4.027014 -11.714984 -59.145493 7.243984 -13.982712 -7.150196 -2.875042 13.772727 -8.401488 -3.218241 0.347731 -34.21154 0.771657 -0.96303 -17.733366 2.621018 -0.0 0.0 1e-06 -17.346415 -20.095213 -4.20178 21.757555 -1.63837 3.866428 1e-06 -6.338823 0.0 -1.69759 -22.591743 -6.194004 -0.0 -4e-06 -2e-06 10.226951 -80.503838 -179.30069 69.739944 -31.275932 -36.064331 71.805519 1.446295 -0.199543 -20.32284 7.443609 53.755711 22.182121 -20.375896 49.933323 -16.701807 -16.743525 28.476522 -0.0 -12.6906 -3e-06 15.977208 -17.958656 2.681171 -0.10592 -1.513856 -4.275881 -5.039042 -5.612872 -2.953557 4e-06 -11.020526 -2e-06 -6.1113 -15.895334 -3.840471 -0.0 1e-06 1e-06 -10.283372 -5.680288 -4.341839 11.028293 -11.302402 -2.37263 -1.38427 -14.238581 -6.320121 -0.62544 -26.924189 -3.8276 -4.421176 -49.73716 -3.618872 -13.708524 -7.363476 -3.720942 18.141146 -14.052737 -3.242671 5e-06 -18.787268 -0.0 -0.429713 -8.456044 2.555504 -0.0 -2e-06 -0.0 -15.923536 -20.094482 -5.473587 30.41921 -7.190823 1.735932 5e-06 -8.162922 1e-06 -1.861905 -22.861469 -6.16794 1e-06 -2e-06 -1e-06 95.206093 -24.509699 -48.230324 140.958435 0.597275 1.452608 -38.383953 1.595965 -38.60154 -19.805565 1.850738 1.510861 -0.999999 0.0 0.0 -76.580162 -26.924408 -55.058556 137.890213 2.205348 2.059737 -30.555429 5.96988 -34.697266 -12.916345 0.741836 0.237984 -1.000004 -0.0 -1e-06 
0.0 0.0 0.0 0.0 -0.0 0.0 7.998302 14.051235 -24.264898 85.969734 42.982735 89.782906 16.858467 -1.768145 0.291993 0.699124 -0.571698 -0.927056 37.942684 3.755684 -1.716053 16.186684 0.016314 2.177946 -2.384566 -0.65231 0.478338 -34.669506 0.632851 -0.261425 7e-06 0.0 -0.0 0.135717 0.019517 0.15228 0.109767 0.098558 0.218796 0.1054 -0.058912 0.110325 -78.985748 -81.911629 87.714867 71.690147 -39.694904 -43.34956 82.216164 0.390393 -0.823091 -42.921452 -4.398377 72.115479 17.636631 -26.322729 52.411186 -19.466658 -14.395597 29.410389 1e-06 -8.774822 -3e-06 16.264215 -16.984158 5.39749 -0.609779 -1.795652 -3.889328 -4.807088 -11.046811 -2.93785 4e-06 -20.976021 -0.0 -5.01997 -25.03356 -4.031881 7e-06 0.0 0.0 -10.634533 -5.686975 -3.565587 10.573275 -17.922947 -3.1139 2e-06 -13.821206 1e-06 -0.501778 -31.181505 -4.027015 -11.636621 -59.096832 7.21402 -13.982715 -7.150197 -2.875042 13.772731 -8.401491 -3.218242 0.347733 -34.211555 0.771654 -0.963029 -17.73337 2.62102 -0.0 1e-06 -0.0 -17.34642 -20.095217 -4.201781 21.757557 -1.638375 3.866427 1e-06 -6.338823 -0.0 -1.697589 -22.591745 -6.194006 -0.0 -4e-06 -2e-06 10.076384 -80.50634 -179.180389 69.693497 -31.334766 -35.990631 71.763115 1.48605 -0.188496 -20.228767 7.397511 53.635277 22.182116 -20.3759 49.933331 -16.701817 -16.74353 28.476538 -1e-06 -12.690604 -0.0 15.993319 -17.98576 2.675565 -0.10592 -1.513856 -4.275883 -5.039042 -5.612872 -2.953557 4e-06 -11.020528 -2e-06 -6.1113 -15.895334 -3.840472 -0.0 -1e-06 0.0 -10.283372 -5.680288 -4.341839 11.028296 -11.302406 -2.372634 -1.384267 -14.238582 -6.320122 -0.625436 -26.924191 -3.827603 -4.416757 -49.738106 -3.646358 -13.708527 -7.363478 -3.72094 18.141153 -14.05274 -3.242676 6e-06 -18.787271 -2e-06 -0.429712 -8.456046 2.555504 -0.0 -2e-06 -0.0 -15.923539 -20.094484 -5.473585 30.419222 -7.190827 1.735926 5e-06 -8.162925 0.0 -1.861905 -22.861473 -6.167942 -1e-06 -2e-06 -1e-06 95.23877 -24.52142 -48.229416 140.977875 0.620428 1.460967 -38.515133 1.557408 -38.700909 -19.919207 1.852375 1.507054 -1.0 0.0 1e-06 -76.55909 -26.928083 -55.038525 137.911743 2.226366 2.073084 -30.639566 5.92195 -34.711269 -12.92603 0.746815 0.240189 -1.000004 -1e-06 -1e-06 
0.0 0.0 0.0 0.0 -0.0 0.0 7.99754 14.071727 -24.230598 85.9935 42.986839 89.795761 16.858517 -1.766854 0.30076 0.695396 -0.585497 -0.939048 37.941944 3.750743 -1.733744 16.237656 0.029694 2.13831 -2.389807 -0.633008 0.514568 -34.61599 0.623482 -0.268653 7e-06 -0.0 0.0 0.137998 0.02069 0.158502 0.105617 0.102612 0.224014 0.099669 -0.060594 0.117345 -78.958656 -81.87677 87.717567 71.714828 -39.691288 -43.275085 82.193451 0.475822 -0.830108 -42.927738 -4.408381 72.233559 17.636627 -26.322733 52.411182 -19.466652 -14.395594 29.410381 2e-06 -8.774819 -1e-06 16.243422 -16.983067 5.425826 -0.609776 -1.795653 -3.889325 -4.807087 -11.046811 -2.937849 3e-06 -20.976011 -0.0 -5.019969 -25.033546 -4.031878 7e-06 0.0 -0.0 -10.634531 -5.686971 -3.565588 10.57327 -17.922947 -3.113899 2e-06 -13.821203 1e-06 -0.501778 -31.181498 -4.027014 -11.574191 -59.087749 7.174574 -13.982709 -7.150198 -2.875041 13.772725 -8.401489 -3.21824 0.347732 -34.21154 0.771656 -0.963029 -17.733364 2.62102 -0.0 1e-06 -0.0 -17.346413 -20.095219 -4.201779 21.757551 -1.63837 3.866428 1e-06 -6.338822 0.0 -1.69759 -22.59174 -6.194004 0.0 -4e-06 -2e-06 9.908092 -80.48568 -179.017441 69.648697 -31.352613 -35.882156 71.710693 1.551601 -0.162904 -20.124443 7.328232 53.633469 22.182112 -20.375895 49.933319 -16.701813 -16.743523 28.476534 -0.0 -12.690598 -0.0 15.948609 -17.964838 2.705791 -0.105919 -1.513856 -4.275882 -5.039041 -5.612871 -2.953558 3e-06 -11.020525 -2e-06 -6.111296 -15.89533 -3.840471 -0.0 -0.0 0.0 -10.283367 -5.680288 -4.34184 11.02829 -11.302402 -2.372632 -1.384269 -14.238579 -6.32012 -0.62544 -26.924191 -3.827601 -4.394663 -49.695576 -3.651929 -13.708522 -7.363477 -3.72094 18.141146 -14.052736 -3.242673 5e-06 -18.78727 -2e-06 -0.429711 -8.456041 2.555503 -0.0 -1e-06 -0.0 -15.923532 -20.094482 -5.473585 30.419205 -7.190823 1.735927 3e-06 -8.162921 0.0 -1.861902 -22.861464 -6.167942 -1e-06 -4e-06 -1e-06 95.338646 -24.535639 -48.287724 141.014862 0.62218 1.470076 -38.672718 1.486424 -38.785542 -19.915354 1.844127 1.508672 -0.999997 1e-06 1e-06 -76.489449 -26.934229 -55.059746 137.9543 2.225504 2.078825 -30.697989 5.898701 -34.699318 -12.928818 0.743081 0.241939 -1.000001 -0.0 -1e-06 
0.0 0.0 0.0 0.0 -0.0 0.0 7.986979 14.101255 -24.181974 86.007553 42.994358 89.810242 16.850355 -1.762005 0.311304 0.687875 -0.595544 -0.944316 37.951698 3.752624 -1.747417 16.28441 0.062155 2.121152 -2.388849 -0.630661 0.519593 -34.610153 0.617871 -0.315968 6e-06 -0.0 0.0 0.141743 0.022632 0.164494 0.107886 0.107331 0.229461 0.10207 -0.061489 0.123972 -78.885788 -81.861275 87.65786 71.739372 -39.703583 -43.200768 82.159966 0.559956 -0.82006 -42.939342 -4.43294 72.339905 17.636631 -26.322725 52.411167 -19.466652 -14.395594 29.410378 1e-06 -8.77482 -2e-06 16.243361 -16.986004 5.450031 -0.609778 -1.795654 -3.889327 -4.807088 -11.046811 -2.937849 3e-06 -20.976019 -0.0 -5.019973 -25.03356 -4.031878 7e-06 0.0 -0.0 -10.634534 -5.686968 -3.565587 10.573271 -17.922951 -3.113899 1e-06 -13.821206 1e-06 -0.501779 -31.181505 -4.027015 -11.52486 -59.097912 7.142281 -13.982713 -7.150198 -2.87504 13.772727 -8.401491 -3.218241 0.347732 -34.211555 0.771655 -0.963029 -17.73337 2.621018 0.0 0.0 -1e-06 -17.346416 -20.095211 -4.20178 21.757557 -1.638374 3.866427 1e-06 -6.338825 -0.0 -1.69759 -22.591747 -6.194006 0.0 -4e-06 -1e-06 9.786685 -80.475151 -178.871872 69.618065 -31.344814 -35.775112 71.660744 1.622584 -0.133941 -20.016193 7.282367 53.677605 22.182121 -20.375898 49.933327 -16.701815 -16.74353 28.476536 1e-06 -12.690604 -2e-06 15.89064 -17.918955 2.743465 -0.105919 -1.513855 -4.275883 -5.039042 -5.612874 -2.953557 3e-06 -11.020527 -1e-06 -6.111301 -15.895338 -3.84047 -0.0 1e-06 -0.0 -10.283373 -5.680289 -4.341839 11.028296 -11.302407 -2.372633 -1.384269 -14.238585 -6.320121 -0.625439 -26.924191 -3.827601 -4.375627 -49.633324 -3.642579 -13.708527 -7.363477 -3.72094 18.141151 -14.05274 -3.242674 5e-06 -18.78727 -1e-06 -0.429712 -8.456047 2.555504 -0.0 -0.0 -0.0 -15.923539 -20.09449 -5.473584 30.419218 -7.190827 1.735928 4e-06 -8.162927 1e-06 -1.861905 -22.861475 -6.167943 -1e-06 -2e-06 -1e-06 95.450348 -24.556202 -48.349209 141.07605 0.612254 1.484363 -38.817692 1.429947 -38.826057 -19.883625 1.83046 1.512332 -1.000001 1e-06 0.0 -76.384415 -26.921474 -55.125793 138.004852 2.210096 2.089373 -30.780708 5.869777 -34.693672 -12.913397 0.736273 0.245696 -1.000004 -1e-06 -1e-06 
0.0 0.0 0.0 0.0 -0.0 0.0 7.976523 14.128923 -24.129644 86.001068 43.007835 89.81076 16.83217 -1.756908 0.315887 0.68346 -0.594561 -0.945167 37.970581 3.753029 -1.75008 16.320143 0.115403 2.126525 -2.388854 -0.661609 0.504593 -34.646503 0.60151 -0.4086 6e-06 -0.0 0.0 0.144041 0.026082 0.178624 0.108504 0.112988 0.241849 0.103556 -0.060295 0.140084 -78.845497 -81.861366 87.603951 71.772217 -39.714069 -43.146961 82.107452 0.613402 -0.78148 -42.962627 -4.475034 72.368744 17.636625 -26.322733 52.411182 -19.466661 -14.395596 29.410389 -0.0 -8.774822 -1e-06 16.26405 -17.008942 5.467203 -0.609776 -1.795654 -3.889329 -4.807087 -11.046808 -2.93785 5e-06 -20.976019 -0.0 -5.019969 -25.033556 -4.031878 6e-06 0.0 -0.0 -10.634533 -5.686971 -3.565588 10.573275 -17.922951 -3.113901 2e-06 -13.821208 1e-06 -0.501777 -31.181505 -4.027014 -11.514947 -59.114441 7.112332 -13.982713 -7.1502 -2.875043 13.772729 -8.401489 -3.218241 0.347733 -34.211555 0.771656 -0.963029 -17.73337 2.621019 -0.0 -0.0 0.0 -17.346413 -20.095217 -4.201782 21.757555 -1.638373 3.866427 1e-06 -6.338823 -0.0 -1.697588 -22.591742 -6.194006 -0.0 -4e-06 -2e-06 9.698652 -80.475044 -178.744263 69.589386 -31.31959 -35.712315 71.643257 1.659428 -0.105332 -19.900734 7.253967 53.789291 22.182112 -20.375898 49.933327 -16.701811 -16.74353 28.476532 -2e-06 -12.690601 -0.0 15.788398 -17.839993 2.792968 -0.105919 -1.513855 -4.275882 -5.039041 -5.612872 -2.953557 3e-06 -11.020525 -1e-06 -6.111299 -15.895332 -3.840469 -0.0 1e-06 0.0 -10.28337 -5.680286 -4.341838 11.028294 -11.302404 -2.372633 -1.384269 -14.23858 -6.320122 -0.62544 -26.924191 -3.8276 -4.347601 -49.526993 -3.615427 -13.708525 -7.363475 -3.720939 18.141148 -14.052739 -3.242674 5e-06 -18.78727 -0.0 -0.429714 -8.456046 2.555504 0.0 -0.0 0.0 -15.923532 -20.094482 -5.473586 30.41921 -7.190823 1.735923 4e-06 -8.162927 1e-06 -1.861904 -22.861473 -6.167942 -2e-06 -2e-06 -1e-06 95.556786 -24.581106 -48.42384 141.146072 0.585604 1.501573 -38.967552 1.353893 -38.874462 -19.794928 1.820059 1.508626 -0.999998 1e-06 0.0 -76.276199 -26.893482 -55.231625 138.055664 2.172738 2.093176 -30.841576 5.852673 -34.695103 -12.901414 0.734628 0.249408 -1.000004 -1e-06 -1e-06 
0.0 0.0 0.0 0.0 -0.0 0.0 7.96226 14.149946 -24.088345 85.994034 43.011875 89.805328 16.806051 -1.755017 0.309172 0.686439 -0.59012 -0.941107 37.974777 3.752068 -1.738015 16.339794 0.165278 2.13125 -2.38912 -0.704847 0.490521 -34.66996 0.580446 -0.51107 6e-06 -0.0 0.0 0.143312 0.028739 0.192193 0.105166 0.117475 0.253229 0.098305 -0.059264 0.156079 -78.816437 -81.875298 87.538116 71.782433 -39.753868 -43.088833 82.066559 0.646397 -0.764574 -42.994423 -4.483536 72.314072 17.636633 -26.322721 52.411179 -19.46666 -14.395598 29.410381 1e-06 -8.774822 -2e-06 16.274445 -17.023703 5.488193 -0.609776 -1.795653 -3.889328 -4.807089 -11.046809 -2.93785 4e-06 -20.976019 -1e-06 -5.019973 -25.03356 -4.031881 7e-06 0.0 0.0 -10.634537 -5.686969 -3.565587 10.573275 -17.922951 -3.113901 2e-06 -13.821206 0.0 -0.501778 -31.181505 -4.027017 -11.554186 -59.131729 7.111772 -13.982718 -7.150199 -2.875041 13.772731 -8.401489 -3.218241 0.347734 -34.211555 0.771653 -0.963028 -17.73337 2.621018 -0.0 0.0 1e-06 -17.346422 -20.095221 -4.20178 21.757563 -1.638373 3.866429 1e-06 -6.338823 0.0 -1.69759 -22.591749 -6.194007 -0.0 -4e-06 -2e-06 9.643501 -80.48616 -178.662415 69.571419 -31.305937 -35.68618 71.635406 1.670469 -0.085247 -19.813095 7.247626 53.88456 22.182112 -20.375885 49.933308 -16.701809 -16.743528 28.476522 -1e-06 -12.690601 -1e-06 15.722485 -17.780632 2.825479 -0.105919 -1.513855 -4.27588 -5.03904 -5.612868 -2.953555 4e-06 -11.020521 -2e-06 -6.111298 -15.895334 -3.840471 -0.0 -0.0 0.0 -10.283369 -5.680287 -4.341837 11.028294 -11.302402 -2.372633 -1.384269 -14.238579 -6.32012 -0.625438 -26.924179 -3.827601 -4.34206 -49.453663 -3.578814 -13.708523 -7.363474 -3.720939 18.141146 -14.052735 -3.242674 5e-06 -18.787266 -2e-06 -0.429711 -8.456043 2.555502 0.0 -1e-06 -0.0 -15.923534 -20.094479 -5.473584 30.41921 -7.190821 1.735926 4e-06 -8.162921 1e-06 -1.861903 -22.861467 -6.167941 -0.0 -1e-06 -1e-06 95.617126 -24.608585 -48.480495 141.206192 0.55537 1.513754 -39.113907 1.278583 -38.959812 -19.711966 1.819888 1.49719 -0.999999 1e-06 0.0 -76.196106 -26.857958 -55.327732 138.0896 2.14114 2.093504 -30.902031 5.828206 -34.692337 -12.866233 0.737891 0.258088 -1.000003 -1e-06 -1e-06 
0.0 0.0 0.0 0.0 -0.0 0.0 7.958148 14.163047 -24.072361 85.993172 43.013412 89.802521 16.79398 -1.755543 0.294397 0.695744 -0.577036 -0.930877 37.952209 3.746551 -1.724513 16.346527 0.190461 2.135175 -2.389618 -0.738077 0.470294 -34.674397 0.575567 -0.577419 6e-06 -0.0 0.0 0.138992 0.02941 0.199449 0.098256 0.119847 0.258346 0.087791 -0.059954 0.16572 -78.81945 -81.894341 87.486008 71.759827 -39.824554 -43.065998 82.049294 0.625838 -0.772508 -43.020519 -4.463798 72.20002 17.636641 -26.322735 52.41119 -19.46666 -14.395594 29.410385 0.0 -8.774822 -3e-06 16.275291 -17.024366 5.497002 -0.609778 -1.795654 -3.889328 -4.807088 -11.046812 -2.937851 5e-06 -20.976019 -0.0 -5.019969 -25.033556 -4.03188 7e-06 0.0 -0.0 -10.634535 -5.686971 -3.56559 10.573274 -17.922951 -3.113899 3e-06 -13.821206 1e-06 -0.501777 -31.181505 -4.027015 -11.593536 -59.137684 7.118175 -13.982716 -7.150198 -2.875044 13.772728 -8.40149 -3.218238 0.347735 -34.211555 0.771655 -0.963028 -17.73337 2.621021 -0.0 -1e-06 0.0 -17.34642 -20.095217 -4.201784 21.757559 -1.638375 3.866432 1e-06 -6.338824 -0.0 -1.697589 -22.591747 -6.194007 0.0 -4e-06 -2e-06 9.563276 -80.500977 -178.557449 69.564316 -31.305004 -35.673805 71.635185 1.698467 -0.065452 -19.755163 7.26073 53.971378 22.182121 -20.375891 49.933319 -16.701813 -16.74353 28.476532 -2e-06 -12.690605 -2e-06 15.693466 -17.753826 2.833476 -0.105919 -1.513855 -4.275882 -5.039042 -5.612871 -2.953556 4e-06 -11.020524 -2e-06 -6.111298 -15.895332 -3.840471 -0.0 1e-06 0.0 -10.283373 -5.680288 -4.341838 11.028296 -11.302404 -2.372633 -1.384269 -14.238581 -6.320121 -0.625438 -26.924189 -3.827601 -4.350971 -49.431564 -3.551093 -13.708529 -7.363476 -3.720938 18.141151 -14.052739 -3.242674 6e-06 -18.78727 -2e-06 -0.429712 -8.456042 2.555503 0.0 -2e-06 -0.0 -15.923538 -20.094482 -5.473584 30.419218 -7.190827 1.735926 4e-06 -8.162926 -0.0 -1.861903 -22.861473 -6.167943 0.0 -2e-06 -1e-06 95.665268 -24.627607 -48.52478 141.227844 0.537446 1.520333 -39.228252 1.209507 -39.045536 -19.694828 1.823306 1.488048 -0.999999 -0.0 -0.0 -76.148048 -26.849304 -55.374283 138.102814 2.125387 2.091672 -30.905985 5.822815 -34.640827 -12.861683 0.737112 0.268702 -1.000005 -0.0 -2e-06 
0.0 0.0 0.0 0.0 -0.0 0.0 7.967321 14.163899 -24.078693 85.998978 43.025772 89.810059 16.797003 -1.757713 0.272741 0.698012 -0.562272 -0.917935 37.933636 3.745473 -1.713764 16.343756 0.195204 2.134628 -2.389827 -0.753911 0.449803 -34.677746 0.578254 -0.609247 6e-06 -0.0 -0.0 0.132916 0.029716 0.206114 0.085961 0.121369 0.262995 0.073655 -0.060624 0.1748 -78.892296 -81.894966 87.501053 71.737221 -39.88266 -43.053436 82.039017 0.572401 -0.790664 -43.051598 -4.423542 72.086143 17.636616 -26.322725 52.411182 -19.46666 -14.395597 29.410385 1e-06 -8.774819 -0.0 16.281965 -17.019907 5.485722 -0.609777 -1.795653 -3.889327 -4.807086 -11.04681 -2.93785 3e-06 -20.976015 -1e-06 -5.01997 -25.033556 -4.031881 6e-06 0.0 0.0 -10.634531 -5.686965 -3.565587 10.573271 -17.922951 -3.113901 1e-06 -13.821202 0.0 -0.501778 -31.181498 -4.027015 -11.645001 -59.147068 7.13157 -13.982709 -7.150198 -2.875042 13.772724 -8.401488 -3.218241 0.347733 -34.211544 0.771653 -0.963028 -17.73337 2.621018 -0.0 0.0 -1e-06 -17.346413 -20.095211 -4.201779 21.757551 -1.638372 3.866425 1e-06 -6.338821 0.0 -1.69759 -22.591738 -6.194003 0.0 -4e-06 -2e-06 9.424714 -80.506279 -178.399597 69.553017 -31.29603 -35.672714 71.621559 1.730817 -0.053932 -19.717493 7.285549 54.021103 22.182108 -20.375895 49.933319 -16.701811 -16.743528 28.47653 -3e-06 -12.690598 0.0 15.675084 -17.735683 2.826813 -0.105919 -1.513855 -4.275881 -5.039039 -5.612868 -2.953557 4e-06 -11.02052 -2e-06 -6.111296 -15.89533 -3.840469 -0.0 -0.0 0.0 -10.283367 -5.680285 -4.341838 11.028294 -11.302402 -2.372633 -1.384266 -14.238577 -6.32012 -0.625437 -26.924183 -3.8276 -4.357439 -49.426422 -3.536689 -13.708521 -7.363473 -3.720939 18.14115 -14.052734 -3.242674 7e-06 -18.787266 -0.0 -0.429711 -8.456039 2.555504 0.0 -2e-06 0.0 -15.923531 -20.094477 -5.473585 30.419205 -7.190827 1.735924 5e-06 -8.162924 -0.0 -1.861901 -22.861467 -6.167941 -2e-06 -2e-06 -1e-06 95.712502 -24.625713 -48.563938 141.21257 0.532699 1.516153 -39.297028 1.152231 -39.128056 -19.724911 1.826481 1.481836 -0.999998 -0.0 -0.0 -76.123276 -26.879251 -55.380333 138.104233 2.118912 2.089245 -30.848478 5.835926 -34.562218 -12.919003 0.735562 0.275597 -1.000002 -1e-06 -0.0 
0.0 0.0 0.0 0.0 -0.0 0.0 7.987536 14.157593 -24.098179 86.005562 43.029705 89.820953 16.799667 -1.757665 0.258713 0.691881 -0.550007 -0.902863 37.917736 3.748726 -1.726339 16.33036 0.206434 2.137637 -2.387232 -0.755798 0.400596 -34.686039 0.58761 -0.611059 6e-06 0.0 0.0 0.128001 0.030316 0.209087 0.078911 0.125212 0.265731 0.067215 -0.063206 0.178582 -78.972801 -81.87484 87.532684 71.726021 -39.924221 -43.032845 82.016617 0.518148 -0.821265 -43.090042 -4.362123 72.002518 17.636633 -26.322737 52.411205 -19.466665 -14.395598 29.410395 1e-06 -8.774823 -3e-06 16.300367 -17.013744 5.455591 -0.609778 -1.795655 -3.889328 -4.807088 -11.046814 -2.937851 4e-06 -20.976021 -1e-06 -5.019971 -25.033566 -4.031881 6e-06 0.0 0.0 -10.634535 -5.686971 -3.565589 10.573276 -17.922955 -3.113901 2e-06 -13.821211 1e-06 -0.501777 -31.181511 -4.027016 -11.66863 -59.169746 7.125359 -13.982716 -7.1502 -2.875043 13.772731 -8.401491 -3.218242 0.347736 -34.211559 0.771654 -0.963028 -17.733372 2.621021 -0.0 0.0 0.0 -17.346422 -20.095224 -4.201783 21.757561 -1.638373 3.866428 1e-06 -6.338824 1e-06 -1.69759 -22.591753 -6.194006 0.0 -4e-06 -2e-06 9.237264 -80.500549 -178.192093 69.535599 -31.272001 -35.654064 71.588844 1.764536 -0.025609 -19.717575 7.3039 54.019909 22.182116 -20.375898 49.933327 -16.701809 -16.743526 28.47653 -1e-06 -12.690601 -2e-06 15.655634 -17.720509 2.811604 -0.10592 -1.513856 -4.275881 -5.039041 -5.612873 -2.953557 3e-06 -11.020526 -1e-06 -6.1113 -15.895338 -3.84047 -0.0 1e-06 1e-06 -10.283369 -5.680289 -4.34184 11.028292 -11.302404 -2.372632 -1.384269 -14.238585 -6.320122 -0.62544 -26.924191 -3.827601 -4.346871 -49.415684 -3.54026 -13.708524 -7.363477 -3.720941 18.141146 -14.052739 -3.242673 5e-06 -18.78727 -1e-06 -0.429712 -8.456046 2.555504 -1e-06 -0.0 -0.0 -15.923534 -20.094482 -5.473585 30.419207 -7.190823 1.735927 3e-06 -8.162925 -0.0 -1.861904 -22.861473 -6.167942 -1e-06 -2e-06 -1e-06 95.726349 -24.59684 -48.608887 141.172729 0.522973 1.496472 -39.339878 1.103332 -39.249828 -19.772186 1.826859 1.482433 -0.999999 0.0 0.0 -76.141441 -26.930193 -55.357227 138.098999 2.11433 2.087178 -30.724709 5.876666 -34.472622 -12.995543 0.733401 0.277422 -1.000004 -0.0 -0.0 
0.0 0.0 0.0 0.0 -0.0 0.0 8.01522 14.145607 -24.109314 86.01123 43.033367 89.833427 16.791508 -1.755024 0.253737 0.680628 -0.543526 -0.88601 37.920372 3.75606 -1.760698 16.314968 0.235115 2.147832 -2.380854 -0.761065 0.344478 -34.693249 0.589691 -0.603141 6e-06 -0.0 -0.0 0.125538 0.03088 0.204643 0.078542 0.130203 0.261802 0.069697 -0.067188 0.17413 -79.124863 -81.848114 87.66526 71.716652 -39.93338 -42.977097 81.970917 0.490537 -0.849266 -43.088367 -4.28903 71.948952 17.636625 -26.322733 52.411198 -19.466665 -14.395602 29.410393 3e-06 -8.774824 -1e-06 16.34244 -17.000446 5.409684 -0.609778 -1.795651 -3.889328 -4.807089 -11.046813 -2.937849 2e-06 -20.976019 -0.0 -5.019974 -25.03356 -4.031879 7e-06 0.0 0.0 -10.634535 -5.686973 -3.565587 10.573275 -17.922951 -3.1139 1e-06 -13.821211 2e-06 -0.501781 -31.181511 -4.027015 -11.661109 -59.189301 7.098628 -13.982714 -7.150198 -2.87504 13.772729 -8.40149 -3.218241 0.347732 -34.211555 0.771655 -0.963029 -17.73337 2.621017 0.0 -0.0 2e-06 -17.346422 -20.095217 -4.201779 21.757561 -1.638376 3.866426 0.0 -6.338823 1e-06 -1.697591 -22.591751 -6.194006 -0.0 -4e-06 -2e-06 9.006059 -80.472717 -177.944702 69.506699 -31.228834 -35.622391 71.543259 1.775927 -0.004278 -19.7365 7.320184 54.00333 22.182117 -20.375898 49.933323 -16.701817 -16.743534 28.476534 -2e-06 -12.690604 0.0 15.654562 -17.711426 2.786587 -0.105919 -1.513856 -4.275882 -5.039042 -5.612872 -2.953557 3e-06 -11.020527 -2e-06 -6.1113 -15.895338 -3.84047 -0.0 -0.0 -0.0 -10.283373 -5.680289 -4.341838 11.028297 -11.302406 -2.372634 -1.38427 -14.238583 -6.320121 -0.62544 -26.924198 -3.827603 -4.323288 -49.395065 -3.556987 -13.708527 -7.363477 -3.720938 18.141153 -14.052739 -3.242675 5e-06 -18.787273 -2e-06 -0.429712 -8.456047 2.555503 0.0 -2e-06 -0.0 -15.923539 -20.094492 -5.473583 30.419218 -7.190824 1.735926 3e-06 -8.162927 -0.0 -1.861905 -22.861473 -6.167943 -1e-06 -2e-06 -1e-06 95.740524 -24.556225 -48.676979 141.138077 0.511683 1.467052 -39.357796 1.061179 -39.341671 -19.819504 1.829237 1.485579 -0.999998 -0.0 -0.0 -76.166542 -26.99654 -55.349739 138.110214 2.100857 2.089589 -30.616039 5.900426 -34.426666 -13.044476 0.731098 0.274453 -1.000004 -1e-06 -1e-06 
0.0 0.0 0.0 0.0 -0.0 0.0 8.03273 14.138955 -24.099373 86.007332 43.040241 89.825371 16.769436 -1.749446 0.259788 0.67107 -0.543009 -0.873843 37.94577 3.758842 -1.788773 16.289669 0.272719 2.148866 -2.370512 -0.772828 0.320498 -34.711517 0.588104 -0.610535 6e-06 -0.0 0.0 0.124209 0.031526 0.1962 0.08073 0.133873 0.253541 0.07612 -0.069839 0.165724 -79.275368 -81.824638 87.828156 71.732986 -39.909737 -42.947151 81.9095 0.463794 -0.86293 -43.070045 -4.247055 72.005142 17.636633 -26.322733 52.411194 -19.466663 -14.395596 29.410393 1e-06 -8.774821 -3e-06 16.384443 -16.981291 5.36713 -0.609775 -1.795652 -3.889327 -4.807088 -11.046813 -2.93785 5e-06 -20.976019 -1e-06 -5.01997 -25.033556 -4.03188 7e-06 0.0 0.0 -10.634533 -5.686973 -3.565587 10.573275 -17.922951 -3.1139 3e-06 -13.821209 1e-06 -0.501776 -31.181507 -4.027015 -11.658854 -59.203091 7.093098 -13.982713 -7.150199 -2.875043 13.772729 -8.401489 -3.218241 0.347735 -34.211555 0.771654 -0.963028 -17.733372 2.62102 0.0 0.0 0.0 -17.346418 -20.095219 -4.201782 21.757557 -1.638376 3.86643 1e-06 -6.338823 1e-06 -1.697589 -22.591747 -6.194006 -0.0 -4e-06 -2e-06 8.820374 -80.443237 -177.73587 69.49839 -31.173544 -35.621887 71.474571 1.768878 0.001216 -19.721037 7.34169 54.001438 22.182108 -20.375895 49.933327 -16.701809 -16.74353 28.47653 -2e-06 -12.690601 -1e-06 15.677985 -17.721975 2.762334 -0.10592 -1.513855 -4.275881 -5.03904 -5.612871 -2.953557 4e-06 -11.020523 -2e-06 -6.111297 -15.89533 -3.84047 -0.0 1e-06 0.0 -10.283367 -5.680288 -4.341839 11.028292 -11.302402 -2.372633 -1.384267 -14.238579 -6.320121 -0.625437 -26.924187 -3.8276 -4.299626 -49.376396 -3.588925 -13.708523 -7.363474 -3.72094 18.14115 -14.05274 -3.242676 8e-06 -18.787268 -1e-06 -0.429714 -8.456045 2.555504 0.0 -2e-06 -0.0 -15.923531 -20.094479 -5.473587 30.419207 -7.190823 1.735925 3e-06 -8.162924 1e-06 -1.861904 -22.861467 -6.16794 -1e-06 -3e-06 -1e-06 95.756294 -24.535656 -48.71764 141.140564 0.506755 1.443181 -39.386211 1.043647 -39.366695 -19.819687 1.83502 1.490534 -0.999999 0.0 -1e-06 -76.14711 -27.03257 -55.385899 138.134583 2.086464 2.100658 -30.592169 5.876779 -34.438881 -13.035896 0.727682 0.263056 -1.000004 -0.0 -1e-06 
0.0 0.0 0.0 0.0 -0.0 0.0 8.04865 14.129949 -24.071608 86.010727 43.060791 89.816505 16.752365 -1.745364 0.266706 0.667186 -0.545123 -0.878661 37.980751 3.748395 -1.792236 16.262251 0.306527 2.142834 -2.360087 -0.7876 0.334706 -34.72245 0.58665 -0.635966 6e-06 -0.0 -0.0 0.123705 0.031511 0.187173 0.080705 0.13513 0.243227 0.079827 -0.071361 0.157941 -79.302872 -81.811081 87.890991 71.795334 -39.866932 -42.962597 81.852486 0.465736 -0.851723 -43.064518 -4.253724 72.125763 17.636635 -26.322733 52.411194 -19.466663 -14.395596 29.410393 3e-06 -8.774822 -1e-06 16.416203 -16.972597 5.339128 -0.609777 -1.795654 -3.889328 -4.80709 -11.046814 -2.937851 3e-06 -20.976021 -2e-06 -5.019972 -25.033562 -4.031882 6e-06 0.0 -0.0 -10.634536 -5.686975 -3.565588 10.573272 -17.922958 -3.113901 1e-06 -13.821213 -0.0 -0.501778 -31.181511 -4.02702 -11.674396 -59.217236 7.113191 -13.982715 -7.150201 -2.875042 13.772728 -8.401489 -3.218241 0.347732 -34.211555 0.771653 -0.963028 -17.733372 2.621017 -0.0 0.0 1e-06 -17.346424 -20.095224 -4.201782 21.757557 -1.638372 3.86643 0.0 -6.338823 -0.0 -1.69759 -22.591751 -6.194009 -0.0 -4e-06 -2e-06 8.772338 -80.422707 -177.661011 69.515099 -31.109129 -35.666801 71.405785 1.738713 -0.027931 -19.668221 7.361462 54.017841 22.182119 -20.375889 49.933308 -16.701811 -16.743528 28.476526 -2e-06 -12.690601 -2e-06 15.715656 -17.739008 2.739482 -0.10592 -1.513855 -4.27588 -5.03904 -5.612871 -2.953557 4e-06 -11.020523 -2e-06 -6.111299 -15.89533 -3.84047 -1e-06 -0.0 0.0 -10.283371 -5.680287 -4.341838 11.028293 -11.302403 -2.372632 -1.384269 -14.238581 -6.320121 -0.625439 -26.924187 -3.827601 -4.283739 -49.35083 -3.628173 -13.708527 -7.363475 -3.720938 18.14115 -14.052739 -3.242673 7e-06 -18.787266 -1e-06 -0.429712 -8.456043 2.555504 -0.0 0.0 -0.0 -15.923538 -20.094482 -5.473583 30.41921 -7.190827 1.735928 4e-06 -8.162927 0.0 -1.861903 -22.861473 -6.167942 -0.0 -3e-06 -2e-06 95.779732 -24.505569 -48.754707 141.166809 0.506744 1.434641 -39.433216 1.028335 -39.374626 -19.823395 1.845385 1.495281 -0.999995 0.0 1e-06 -76.103828 -27.064466 -55.428337 138.181625 2.077277 2.116953 -30.610266 5.829907 -34.452053 -13.002096 0.724568 0.253024 -1.000003 -0.0 -1e-06 
0.0 0.0 0.0 0.0 -0.0 0.0 8.063162 14.127809 -24.040779 86.019753 43.077995 89.807144 16.739965 -1.741675 0.271971 0.670959 -0.550712 -0.899588 37.993973 3.733308 -1.783411 16.239414 0.326024 2.136058 -2.35648 -0.797063 0.361812 -34.713432 0.593501 -0.649017 6e-06 -0.0 0.0 0.122067 0.029629 0.173604 0.075593 0.132306 0.22739 0.077216 -0.072374 0.146517 -79.339577 -81.791229 87.949928 71.854805 -39.835522 -42.953503 81.803284 0.497338 -0.835165 -43.070004 -4.290376 72.27169 17.636625 -26.322729 52.41119 -19.46666 -14.395598 29.410389 2e-06 -8.774822 -2e-06 16.44433 -16.981447 5.326556 -0.609775 -1.795655 -3.889327 -4.807087 -11.046812 -2.93785 5e-06 -20.976019 -1e-06 -5.019969 -25.033558 -4.031878 7e-06 0.0 -0.0 -10.634532 -5.686971 -3.565587 10.573272 -17.922951 -3.113902 3e-06 -13.821205 0.0 -0.501777 -31.181505 -4.027014 -11.713774 -59.239063 7.15753 -13.982714 -7.150198 -2.875041 13.772731 -8.401493 -3.218241 0.347736 -34.211555 0.771653 -0.963027 -17.733372 2.621019 -0.0 -1e-06 0.0 -17.346413 -20.095215 -4.201781 21.757557 -1.638375 3.866426 1e-06 -6.338824 -0.0 -1.697588 -22.591745 -6.194006 -0.0 -4e-06 -2e-06 8.77458 -80.417984 -177.654343 69.539246 -31.067369 -35.683636 71.332909 1.726017 -0.067082 -19.59465 7.377496 54.017082 22.182106 -20.375895 49.933319 -16.701817 -16.74353 28.476534 -3e-06 -12.6906 1e-06 15.761829 -17.751842 2.714796 -0.105919 -1.513856 -4.27588 -5.03904 -5.612871 -2.953556 4e-06 -11.020523 -2e-06 -6.111295 -15.895329 -3.840469 -0.0 1e-06 0.0 -10.283367 -5.680288 -4.341838 11.028293 -11.302404 -2.372633 -1.384267 -14.238578 -6.32012 -0.625437 -26.924187 -3.827601 -4.282524 -49.323193 -3.660206 -13.708523 -7.363475 -3.720938 18.14115 -14.052739 -3.242676 7e-06 -18.787266 -2e-06 -0.42971 -8.456043 2.555502 -1e-06 -0.0 -0.0 -15.923532 -20.094482 -5.473582 30.41921 -7.190824 1.735923 3e-06 -8.162925 1e-06 -1.861902 -22.861467 -6.167941 -1e-06 -3e-06 -1e-06 95.815651 -24.478888 -48.795147 141.196472 0.505727 1.439979 -39.487072 1.013035 -39.374477 -19.868492 1.854281 1.492851 -0.999997 -0.0 -0.0 -76.054916 -27.089136 -55.447128 138.230835 2.081014 2.134105 -30.649645 5.786567 -34.460823 -12.964814 0.724325 0.246775 -1.000003 -1e-06 -1e-06 
0.0 0.0 0.0 0.0 -0.0 0.0 8.0734 14.130378 -24.033333 86.029442 43.092339 89.803497 16.733086 -1.736837 0.267499 0.675062 -0.557432 -0.922196 37.991425 3.720189 -1.776345 16.213882 0.332238 2.118983 -2.363627 -0.799337 0.405172 -34.695267 0.594062 -0.646777 6e-06 -0.0 -0.0 0.11768 0.026961 0.160825 0.065745 0.127741 0.212707 0.067694 -0.073067 0.13545 -79.442986 -81.75943 88.05957 71.894318 -39.807259 -42.878899 81.746597 0.558208 -0.816493 -43.066288 -4.342948 72.393257 17.636621 -26.322727 52.411182 -19.466648 -14.395596 29.410385 2e-06 -8.774818 -2e-06 16.466991 -17.000029 5.32543 -0.609775 -1.795657 -3.889328 -4.807087 -11.046807 -2.937848 3e-06 -20.976011 -1e-06 -5.01997 -25.033552 -4.031878 6e-06 0.0 -0.0 -10.634529 -5.68697 -3.565587 10.57327 -17.922945 -3.113899 2e-06 -13.821203 1e-06 -0.501778 -31.181498 -4.027014 -11.757096 -59.263577 7.19415 -13.982706 -7.150198 -2.875042 13.772724 -8.40149 -3.218241 0.347732 -34.211536 0.771656 -0.963029 -17.733364 2.621017 0.0 -0.0 1e-06 -17.346409 -20.095215 -4.201783 21.757551 -1.638374 3.866428 2e-06 -6.33882 0.0 -1.697589 -22.591738 -6.194005 -0.0 -4e-06 -2e-06 8.734397 -80.424393 -177.623077 69.566246 -31.050072 -35.655762 71.229691 1.749359 -0.087998 -19.514704 7.387424 54.022839 22.182112 -20.375887 49.933308 -16.701811 -16.743528 28.476526 -3e-06 -12.6906 -1e-06 15.780248 -17.747744 2.699154 -0.105919 -1.513857 -4.275882 -5.039039 -5.612869 -2.953557 5e-06 -11.020523 -2e-06 -6.111295 -15.895328 -3.840471 -0.0 1e-06 0.0 -10.283369 -5.680287 -4.341837 11.028294 -11.302405 -2.372632 -1.384267 -14.238583 -6.320121 -0.625438 -26.924191 -3.8276 -4.292173 -49.290005 -3.668189 -13.708522 -7.363476 -3.720939 18.141148 -14.052738 -3.242672 8e-06 -18.787264 -1e-06 -0.429711 -8.456045 2.555503 -0.0 1e-06 0.0 -15.923532 -20.094482 -5.473584 30.419207 -7.190825 1.735925 4e-06 -8.162922 0.0 -1.861899 -22.861469 -6.167943 -2e-06 -3e-06 -1e-06 95.851791 -24.46315 -48.82708 141.198822 0.498997 1.444585 -39.512085 1.004773 -39.42691 -19.947779 1.864775 1.482292 -0.999996 -0.0 0.0 -76.009697 -27.114267 -55.448677 138.24855 2.087631 2.139527 -30.661613 5.764099 -34.473373 -12.935624 0.728665 0.24134 -1.000004 -1e-06 -1e-06 
0.0 0.0 0.0 0.0 -0.0 0.0 8.073412 14.154047 -24.05814 86.028297 43.107033 89.800423 16.736406 -1.72797 0.260606 0.678745 -0.563228 -0.933331 37.972317 3.718015 -1.776346 16.1752 0.343152 2.086208 -2.369747 -0.796392 0.459776 -34.690823 0.592394 -0.646402 5e-06 0.0 -0.0 0.113868 0.024628 0.151241 0.054521 0.124471 0.201713 0.056076 -0.074317 0.126978 -79.516975 -81.724899 88.139725 71.918716 -39.782234 -42.767216 81.692093 0.627526 -0.805888 -43.065041 -4.378592 72.541824 17.636637 -26.322735 52.411194 -19.466658 -14.395597 29.410389 1e-06 -8.774822 -2e-06 16.496765 -17.029844 5.324595 -0.609778 -1.795652 -3.889328 -4.80709 -11.046813 -2.93785 2e-06 -20.976019 0.0 -5.019974 -25.03356 -4.03188 7e-06 0.0 -0.0 -10.634537 -5.686969 -3.565588 10.573274 -17.922953 -3.113899 2e-06 -13.821209 1e-06 -0.501779 -31.181505 -4.027016 -11.809744 -59.319946 7.222316 -13.982714 -7.150195 -2.875043 13.772729 -8.401493 -3.21824 0.347732 -34.211559 0.771657 -0.963029 -17.733374 2.621021 0.0 -0.0 1e-06 -17.34642 -20.095221 -4.20178 21.757557 -1.638372 3.866429 1e-06 -6.338823 -0.0 -1.697591 -22.591751 -6.194005 0.0 -3e-06 -2e-06 8.658887 -80.426971 -177.569626 69.582428 -31.045839 -35.579716 71.098633 1.805298 -0.098607 -19.43729 7.386049 54.015163 22.182125 -20.375896 49.933323 -16.701815 -16.743528 28.476532 -2e-06 -12.690603 -2e-06 15.771366 -17.733004 2.702082 -0.105919 -1.513856 -4.275881 -5.039042 -5.612871 -2.953558 5e-06 -11.020525 -2e-06 -6.111298 -15.895332 -3.840472 -1e-06 -1e-06 0.0 -10.283373 -5.680286 -4.341839 11.028297 -11.302406 -2.372633 -1.384268 -14.238578 -6.320123 -0.625436 -26.924187 -3.827601 -4.304611 -49.269962 -3.654936 -13.708529 -7.363475 -3.720941 18.141155 -14.05274 -3.242673 8e-06 -18.787268 -1e-06 -0.42971 -8.456043 2.555504 -0.0 -2e-06 -0.0 -15.923539 -20.094482 -5.473588 30.419218 -7.19083 1.735929 4e-06 -8.162925 1e-06 -1.861901 -22.861467 -6.167941 -1e-06 -1e-06 -1e-06 95.899879 -24.460686 -48.802967 141.167694 0.491625 1.443216 -39.496761 1.048427 -39.472324 -20.030977 1.868109 1.473717 -0.999999 -0.0 -0.0 -75.945168 -27.116127 -55.425262 138.215286 2.095885 2.133857 -30.650043 5.789219 -34.471176 -12.895666 0.729632 0.237488 -1.000005 -1e-06 -1e-06 
0.0 0.0 0.0 0.0 -0.0 0.0 8.05376 14.195478 -24.105383 86.023323 43.123928 89.800369 16.746212 -1.718382 0.256716 0.68295 -0.569005 -0.937466 37.942642 3.719299 -1.771768 16.13159 0.360079 2.05906 -2.37428 -0.785046 0.489742 -34.691891 0.587798 -0.648113 6e-06 0.0 -0.0 0.110452 0.023634 0.14741 0.045528 0.12412 0.197209 0.047065 -0.075904 0.123552 -79.524544 -81.706581 88.1548 71.926018 -39.766178 -42.658108 81.646118 0.684524 -0.789714 -43.067177 -4.402705 72.708832 17.636616 -26.322725 52.411179 -19.466652 -14.395594 29.410378 0.0 -8.774818 -1e-06 16.536724 -17.044344 5.307425 -0.609775 -1.795653 -3.889327 -4.807086 -11.046809 -2.937847 4e-06 -20.976015 1e-06 -5.01997 -25.033552 -4.031876 6e-06 0.0 -0.0 -10.634531 -5.686968 -3.565587 10.573271 -17.922951 -3.1139 2e-06 -13.821205 1e-06 -0.501778 -31.181505 -4.027013 -11.827229 -59.380184 7.227902 -13.982706 -7.150195 -2.875041 13.772724 -8.401491 -3.218242 0.347733 -34.211552 0.771656 -0.963029 -17.73337 2.621018 0.0 0.0 0.0 -17.346409 -20.095215 -4.201779 21.757547 -1.638373 3.866425 0.0 -6.338821 0.0 -1.697589 -22.591738 -6.194002 0.0 -4e-06 -2e-06 8.560911 -80.433205 -177.493027 69.587479 -31.038511 -35.48484 70.969406 1.872803 -0.101188 -19.414913 7.388117 53.979836 22.182116 -20.3759 49.933323 -16.701815 -16.743532 28.47653 -2e-06 -12.690603 -0.0 15.747484 -17.712383 2.710643 -0.105919 -1.513857 -4.275882 -5.039041 -5.612869 -2.953557 3e-06 -11.020525 -1e-06 -6.1113 -15.895332 -3.840469 -0.0 1e-06 1e-06 -10.283372 -5.68029 -4.341838 11.028296 -11.302406 -2.372633 -1.384269 -14.238581 -6.320121 -0.62544 -26.924189 -3.8276 -4.327529 -49.265671 -3.624139 -13.708526 -7.363476 -3.720939 18.141151 -14.052741 -3.242675 6e-06 -18.78727 -1e-06 -0.429713 -8.456048 2.555504 0.0 -0.0 0.0 -15.923536 -20.094484 -5.473582 30.419222 -7.190828 1.735925 3e-06 -8.162925 0.0 -1.861904 -22.861479 -6.167943 1e-06 -2e-06 -1e-06 95.951813 -24.482054 -48.701202 141.121414 0.496192 1.439192 -39.442085 1.156254 -39.467262 -20.0979 1.862683 1.474283 -0.999999 0.0 -1e-06 -75.853882 -27.082474 -55.39397 138.137726 2.106468 2.12781 -30.619411 5.843538 -34.433094 -12.859574 0.728036 0.238181 -1.000003 -0.0 -1e-06 
0.0 0.0 0.0 0.0 -0.0 0.0 8.007013 14.236051 -24.138355 86.00618 43.150337 89.788475 16.759769 -1.708039 0.265336 0.694965 -0.573124 -0.941124 37.914047 3.724144 -1.756155 16.091789 0.375572 2.050463 -2.375228 -0.772738 0.48746 -34.685928 0.578785 -0.662705 7e-06 0.0 0.0 0.109834 0.024613 0.152108 0.042146 0.12643 0.20137 0.044522 -0.07627 0.12877 -79.566856 -81.715775 88.195587 71.914368 -39.759949 -42.592335 81.612328 0.70588 -0.759993 -43.078674 -4.421044 72.840065 17.636627 -26.322733 52.411205 -19.46666 -14.3956 29.410389 1e-06 -8.774822 -1e-06 16.580368 -17.03956 5.275133 -0.609776 -1.795651 -3.889328 -4.807087 -11.046809 -2.93785 5e-06 -20.976013 -1e-06 -5.019969 -25.033552 -4.031881 6e-06 0.0 -0.0 -10.634535 -5.68697 -3.565588 10.573274 -17.922945 -3.1139 3e-06 -13.821203 1e-06 -0.501778 -31.181498 -4.027014 -11.814793 -59.421745 7.222707 -13.982716 -7.150196 -2.875041 13.772731 -8.401491 -3.218242 0.347735 -34.211544 0.771654 -0.963028 -17.73337 2.621018 0.0 -0.0 1e-06 -17.34642 -20.095213 -4.201781 21.757561 -1.638377 3.866426 1e-06 -6.338823 0.0 -1.69759 -22.591742 -6.194005 0.0 -4e-06 -2e-06 8.518606 -80.453255 -177.450531 69.593765 -31.018106 -35.423347 70.863403 1.925566 -0.103006 -19.418596 7.386784 53.932762 22.182117 -20.3759 49.933315 -16.701817 -16.743528 28.476532 -3e-06 -12.690603 -1e-06 15.721787 -17.692095 2.721026 -0.105919 -1.513857 -4.275882 -5.039041 -5.612871 -2.953556 4e-06 -11.020527 -1e-06 -6.111297 -15.895334 -3.840469 0.0 1e-06 -0.0 -10.283371 -5.680289 -4.341838 11.028296 -11.302407 -2.372632 -1.384269 -14.238583 -6.32012 -0.62544 -26.924198 -3.827599 -4.346575 -49.261246 -3.596992 -13.708524 -7.363477 -3.720939 18.141151 -14.052742 -3.242675 6e-06 -18.787271 -0.0 -0.429713 -8.456048 2.555504 -1e-06 -1e-06 0.0 -15.923538 -20.094484 -5.473583 30.419218 -7.190831 1.735926 3e-06 -8.162929 1e-06 -1.861904 -22.861481 -6.167942 -2e-06 -4e-06 -1e-06 95.9739 -24.536144 -48.539055 141.115662 0.506702 1.433889 -39.387302 1.296025 -39.393814 -20.134602 1.847979 1.478648 -0.999997 1e-06 0.0 -75.726662 -26.994989 -55.413963 138.055252 2.115899 2.124304 -30.643606 5.867044 -34.404667 -12.810929 0.722941 0.241044 -1.000003 -1e-06 -1e-06 
0.0 0.0 0.0 0.0 -0.0 0.0 7.94547 14.251924 -24.13818 85.9879 43.169678 89.770882 16.757027 -1.701628 0.277505 0.709577 -0.579075 -0.939574 37.900196 3.731854 -1.732583 16.057323 0.39186 2.048673 -2.376041 -0.759637 0.45464 -34.677422 0.571351 -0.67505 6e-06 0.0 0.0 0.112803 0.027143 0.159307 0.047393 0.131097 0.208623 0.050133 -0.07589 0.136089 -79.609001 -81.740578 88.213585 71.896812 -39.770679 -42.574532 81.585678 0.706578 -0.72799 -43.114891 -4.427458 72.878075 17.636614 -26.322716 52.411171 -19.466652 -14.395594 29.410378 3e-06 -8.774819 -2e-06 16.605215 -17.025494 5.252367 -0.609776 -1.795653 -3.889327 -4.807088 -11.046805 -2.93785 4e-06 -20.976011 -2e-06 -5.019969 -25.033552 -4.031881 6e-06 0.0 -0.0 -10.634531 -5.686969 -3.565585 10.573271 -17.922945 -3.1139 1e-06 -13.8212 -0.0 -0.501779 -31.181488 -4.027015 -11.781021 -59.441151 7.202176 -13.982711 -7.150196 -2.87504 13.772727 -8.401486 -3.218242 0.347732 -34.211536 0.771652 -0.963029 -17.733362 2.621018 0.0 -1e-06 1e-06 -17.346413 -20.095211 -4.201778 21.757553 -1.638372 3.866426 0.0 -6.338822 -0.0 -1.69759 -22.591742 -6.194005 0.0 -3e-06 -2e-06 8.500149 -80.488388 -177.416031 69.609756 -30.989681 -35.42437 70.775497 1.946159 -0.102582 -19.4247 7.389299 53.885311 22.182119 -20.375895 49.933308 -16.701811 -16.743528 28.476519 -4e-06 -12.6906 -2e-06 15.705696 -17.681973 2.734536 -0.105919 -1.513855 -4.27588 -5.039041 -5.612869 -2.953556 5e-06 -11.020525 -0.0 -6.111297 -15.89533 -3.840469 -0.0 1e-06 0.0 -10.283369 -5.680286 -4.341838 11.028293 -11.302404 -2.372631 -1.384267 -14.23858 -6.320119 -0.62544 -26.924187 -3.827596 -4.357519 -49.2621 -3.575563 -13.708523 -7.363473 -3.720938 18.141148 -14.052736 -3.242671 7e-06 -18.787266 -0.0 -0.429711 -8.456044 2.555503 -1e-06 -0.0 -0.0 -15.923536 -20.094479 -5.473583 30.41921 -7.190827 1.73593 5e-06 -8.162924 1e-06 -1.861902 -22.861469 -6.167939 -2e-06 -2e-06 -1e-06 95.947525 -24.622404 -48.404045 141.163986 0.513336 1.428396 -39.384209 1.372777 -39.344116 -20.102354 1.83291 1.48049 -1.000001 0.0 -1e-06 -75.620445 -26.886843 -55.504124 138.004257 2.116188 2.119769 -30.726536 5.824423 -34.424232 -12.748604 0.716611 0.24539 -1.000007 -1e-06 -2e-06 
0.0 0.0 0.0 0.0 -0.0 0.0 7.900034 14.244801 -24.109144 85.980507 43.179138 89.762466 16.752234 -1.702447 0.280324 0.720029 -0.580096 -0.928356 37.890377 3.740394 -1.709472 16.029287 0.389825 2.049314 -2.375138 -0.742306 0.39918 -34.667057 0.570642 -0.679018 6e-06 0.0 -0.0 0.116896 0.029841 0.167135 0.052482 0.135189 0.216024 0.05503 -0.074478 0.144596 -79.678307 -81.768654 88.245476 71.882477 -39.77692 -42.597157 81.556236 0.689148 -0.720102 -43.148392 -4.426033 72.84201 17.636625 -26.322731 52.411201 -19.46666 -14.3956 29.410395 1e-06 -8.774822 -0.0 16.591059 -17.009409 5.248827 -0.609776 -1.795653 -3.889328 -4.80709 -11.046811 -2.93785 3e-06 -20.976019 -0.0 -5.019971 -25.033558 -4.031881 6e-06 0.0 -0.0 -10.634533 -5.686972 -3.565587 10.573274 -17.922951 -3.113901 2e-06 -13.821205 1e-06 -0.501778 -31.181505 -4.027017 -11.749564 -59.432182 7.176507 -13.982714 -7.150199 -2.875043 13.772729 -8.401489 -3.21824 0.347733 -34.211555 0.771655 -0.963029 -17.73337 2.621019 0.0 0.0 0.0 -17.346422 -20.095221 -4.201779 21.757561 -1.638374 3.866427 1e-06 -6.338822 0.0 -1.697591 -22.591745 -6.194005 -0.0 -4e-06 -2e-06 8.458148 -80.532448 -177.371704 69.625603 -30.98027 -35.430023 70.706818 1.973211 -0.108421 -19.42905 7.384894 53.794266 22.182121 -20.375898 49.933323 -16.70182 -16.743534 28.47654 -3e-06 -12.690606 -1e-06 15.705422 -17.67454 2.737851 -0.105919 -1.513856 -4.275882 -5.039041 -5.61287 -2.953556 4e-06 -11.020527 -2e-06 -6.111298 -15.895334 -3.840472 -0.0 1e-06 1e-06 -10.283372 -5.680287 -4.341839 11.028296 -11.302406 -2.372634 -1.384268 -14.238581 -6.320122 -0.625436 -26.924194 -3.827604 -4.358964 -49.257675 -3.559585 -13.708527 -7.363475 -3.720939 18.141157 -14.05274 -3.242676 7e-06 -18.787271 -2e-06 -0.429711 -8.456047 2.555503 0.0 -0.0 0.0 -15.923539 -20.094484 -5.473585 30.419218 -7.190827 1.735927 4e-06 -8.162927 0.0 -1.861902 -22.861473 -6.167943 -1e-06 -2e-06 -1e-06 95.910629 -24.69084 -48.371613 141.235229 0.503675 1.415417 -39.448524 1.355537 -39.364998 -20.024387 1.823068 1.475916 -0.999999 -0.0 -1e-06 -75.57489 -26.808901 -55.591354 138.005753 2.114599 2.110904 -30.817398 5.766873 -34.45084 -12.711833 0.710367 0.247719 -1.000003 0.0 0.0 
0.0 0.0 0.0 0.0 -0.0 0.0 7.889031 14.234215 -24.074768 85.988281 43.174961 89.770813 16.75584 -1.707673 0.271849 0.714777 -0.575681 -0.915485 37.882732 3.743344 -1.691976 16.003628 0.375632 2.051613 -2.375731 -0.726797 0.339735 -34.659889 0.572919 -0.673609 6e-06 -0.0 -0.0 0.119189 0.030984 0.168958 0.054709 0.137248 0.217614 0.057492 -0.074165 0.146766 -79.739502 -81.800064 88.276749 71.872223 -39.767086 -42.645504 81.532646 0.663989 -0.733589 -43.155407 -4.41767 72.755806 17.636623 -26.322725 52.411186 -19.46666 -14.3956 29.410393 2e-06 -8.774822 -1e-06 16.550463 -16.998949 5.256875 -0.609777 -1.795653 -3.889327 -4.807087 -11.046811 -2.93785 3e-06 -20.976015 -2e-06 -5.019972 -25.03356 -4.031881 6e-06 0.0 -0.0 -10.634536 -5.686967 -3.565587 10.573272 -17.922955 -3.113902 2e-06 -13.82121 -0.0 -0.501779 -31.181505 -4.027018 -11.731894 -59.407791 7.147793 -13.982714 -7.150196 -2.875041 13.772727 -8.40149 -3.218242 0.347732 -34.211555 0.771652 -0.963028 -17.73337 2.621017 0.0 -0.0 1e-06 -17.346422 -20.095217 -4.20178 21.757557 -1.638373 3.866427 0.0 -6.338821 0.0 -1.697592 -22.591747 -6.194008 0.0 -3e-06 -1e-06 8.386532 -80.569168 -177.312332 69.635056 -30.988579 -35.464314 70.659195 1.968884 -0.138549 -19.424686 7.399982 53.678101 22.182112 -20.375883 49.933296 -16.701809 -16.743525 28.476519 -2e-06 -12.6906 -1e-06 15.703135 -17.65629 2.727449 -0.105919 -1.513855 -4.27588 -5.039041 -5.612871 -2.953557 4e-06 -11.02052 -2e-06 -6.111298 -15.895328 -3.84047 -0.0 1e-06 0.0 -10.283369 -5.680287 -4.341838 11.028292 -11.302403 -2.372632 -1.384268 -14.238577 -6.32012 -0.625437 -26.924179 -3.827601 -4.358494 -49.233402 -3.541142 -13.708524 -7.363476 -3.720938 18.141148 -14.052732 -3.242673 6e-06 -18.787262 -2e-06 -0.429711 -8.456039 2.555503 -0.0 1e-06 -0.0 -15.923536 -20.094479 -5.473583 30.41921 -7.190825 1.735927 3e-06 -8.16292 0.0 -1.861902 -22.861467 -6.167942 -1e-06 -2e-06 -1e-06 95.890076 -24.697741 -48.420563 141.283783 0.48514 1.398319 -39.5284 1.303203 -39.437443 -19.905262 1.818607 1.469571 -1.000001 -1e-06 -1e-06 -75.58931 -26.789865 -55.618771 138.042831 2.113579 2.103822 -30.884405 5.737297 -34.475075 -12.701842 0.70793 0.249796 -1.000003 -1e-06 -1e-06 
0.0 0.0 0.0 0.0 -0.0 0.0 7.910747 14.233435 -24.059231 86.00367 43.161762 89.789436 16.76244 -1.71435 0.260483 0.70148 -0.569203 -0.904352 37.881538 3.74079 -1.685882 15.975459 0.374585 2.045318 -2.377377 -0.717377 0.294777 -34.663445 0.570262 -0.658436 6e-06 -0.0 0.0 0.118927 0.029997 0.162936 0.053932 0.137843 0.211679 0.058359 -0.076706 0.140693 -79.705482 -81.826294 88.226654 71.872658 -39.745544 -42.714809 81.512497 0.626216 -0.788098 -43.135845 -4.385391 72.708496 17.636633 -26.322737 52.411201 -19.46666 -14.395597 29.410393 1e-06 -8.774822 -2e-06 16.50346 -16.99262 5.27518 -0.609775 -1.795657 -3.889328 -4.807089 -11.04681 -2.93785 4e-06 -20.976021 0.0 -5.019973 -25.03356 -4.031879 6e-06 0.0 -0.0 -10.634533 -5.68697 -3.565588 10.573275 -17.922955 -3.1139 2e-06 -13.821208 1e-06 -0.501778 -31.181511 -4.027016 -11.752243 -59.402893 7.140075 -13.982714 -7.150198 -2.875041 13.772729 -8.401491 -3.218242 0.347734 -34.211559 0.771655 -0.963029 -17.733372 2.62102 -0.0 0.0 1e-06 -17.346418 -20.095219 -4.201782 21.757557 -1.638372 3.866427 1e-06 -6.338823 -0.0 -1.697589 -22.591745 -6.194006 0.0 -4e-06 -2e-06 8.320781 -80.589668 -177.260071 69.653671 -30.99737 -35.514664 70.623032 1.962771 -0.178076 -19.439146 7.412776 53.556629 22.182117 -20.375898 49.933331 -16.701815 -16.74353 28.476538 1e-06 -12.690603 -1e-06 15.694728 -17.639795 2.717496 -0.10592 -1.513856 -4.275883 -5.039042 -5.612873 -2.953557 2e-06 -11.020529 -2e-06 -6.111301 -15.895341 -3.840472 -1e-06 -0.0 0.0 -10.283373 -5.680291 -4.341839 11.028296 -11.302407 -2.372633 -1.384271 -14.238586 -6.320122 -0.625442 -26.9242 -3.827603 -4.355118 -49.209583 -3.520005 -13.708527 -7.363479 -3.720939 18.141151 -14.05274 -3.242675 4e-06 -18.787271 -2e-06 -0.429712 -8.456045 2.555503 -0.0 -2e-06 -0.0 -15.923539 -20.094494 -5.473584 30.419218 -7.190823 1.735928 3e-06 -8.16293 -1e-06 -1.861906 -22.861481 -6.167946 -1e-06 -3e-06 -1e-06 95.897636 -24.646595 -48.512291 141.28186 0.458828 1.380442 -39.590767 1.253117 -39.547981 -19.794947 1.81851 1.46134 -0.999998 0.0 0.0 -75.645714 -26.820324 -55.571423 138.081406 2.111569 2.096467 -30.882406 5.769394 -34.484936 -12.744769 0.707453 0.246968 -1.000004 -1e-06 -1e-06 
0.0 0.0 0.0 0.0 -0.0 0.0 7.933652 14.240331 -24.063387 86.016823 43.144726 89.809471 16.764889 -1.717483 0.255924 0.685435 -0.561998 -0.891112 37.884853 3.733814 -1.690523 15.951434 0.399736 2.045048 -2.379758 -0.725456 0.258311 -34.682308 0.575983 -0.647787 5e-06 -0.0 0.0 0.116685 0.028824 0.154103 0.055815 0.140608 0.205214 0.065069 -0.082024 0.129461 -79.574928 -81.845512 88.092743 71.874603 -39.719891 -42.757954 81.493416 0.592308 -0.835827 -43.105778 -4.36577 72.711906 17.636621 -26.322729 52.411182 -19.466656 -14.3956 29.410385 -1e-06 -8.774821 -1e-06 16.4673 -16.995882 5.297873 -0.609775 -1.795654 -3.889328 -4.807087 -11.046809 -2.937849 4e-06 -20.976015 -0.0 -5.019971 -25.033558 -4.031878 5e-06 0.0 0.0 -10.634532 -5.686969 -3.565586 10.573272 -17.922947 -3.1139 2e-06 -13.821206 1e-06 -0.501779 -31.181505 -4.027014 -11.790668 -59.428986 7.161932 -13.982711 -7.150197 -2.875039 13.772729 -8.401493 -3.218243 0.347732 -34.211555 0.771657 -0.963029 -17.73337 2.621018 0.0 -0.0 0.0 -17.346416 -20.095215 -4.201779 21.757557 -1.638373 3.866426 0.0 -6.338822 0.0 -1.697591 -22.591743 -6.194003 -0.0 -4e-06 -2e-06 8.275118 -80.57769 -177.239944 69.658211 -31.010511 -35.543545 70.591835 1.957149 -0.218365 -19.478655 7.424882 53.433594 22.182114 -20.375898 49.933315 -16.701811 -16.74353 28.476528 -2e-06 -12.690601 -0.0 15.687975 -17.635815 2.710352 -0.10592 -1.513856 -4.275882 -5.039041 -5.612871 -2.953556 3e-06 -11.020525 -1e-06 -6.111299 -15.895334 -3.840469 -0.0 1e-06 1e-06 -10.283371 -5.680288 -4.341838 11.028295 -11.302407 -2.372633 -1.384269 -14.238584 -6.32012 -0.625443 -26.924198 -3.8276 -4.366026 -49.203739 -3.498983 -13.708526 -7.363477 -3.720938 18.141148 -14.052742 -3.242674 5e-06 -18.787271 -1e-06 -0.429711 -8.456045 2.555504 -0.0 -1e-06 -0.0 -15.923536 -20.094484 -5.473582 30.419214 -7.190823 1.735927 3e-06 -8.162929 -0.0 -1.861905 -22.861479 -6.167942 -1e-06 -2e-06 -1e-06 95.904884 -24.592276 -48.582489 141.253769 0.433593 1.359595 -39.586681 1.249003 -39.600124 -19.734917 1.822441 1.453737 -0.999997 -1e-06 1e-06 -75.707199 -26.85253 -55.508034 138.095261 2.106642 2.089057 -30.853365 5.822405 -34.489666 -12.829485 0.708457 0.241978 -1.000004 0.0 -1e-06 
0.0 0.0 0.0 0.0 -0.0 0.0 7.941833 14.251918 -24.068409 86.026512 43.136848 89.829445 16.768339 -1.718132 0.261207 0.673036 -0.553682 -0.875406 37.892441 3.725188 -1.706455 15.932291 0.433417 2.044489 -2.380358 -0.741024 0.256467 -34.722778 0.580974 -0.643622 6e-06 0.0 0.0 0.114777 0.026916 0.143043 0.059615 0.142806 0.197591 0.075464 -0.088397 0.115019 -79.33152 -81.842094 87.859703 71.903885 -39.701012 -42.81041 81.49379 0.562566 -0.866502 -43.099251 -4.350963 72.742653 17.636625 -26.322727 52.411182 -19.466663 -14.395598 29.410389 1e-06 -8.774821 -1e-06 16.458084 -17.002041 5.309462 -0.609775 -1.795653 -3.889327 -4.807088 -11.046811 -2.93785 5e-06 -20.976017 -1e-06 -5.019969 -25.033558 -4.03188 5e-06 0.0 -0.0 -10.634531 -5.686968 -3.565587 10.573275 -17.922951 -3.113901 3e-06 -13.821205 0.0 -0.501777 -31.181505 -4.027014 -11.825706 -59.469387 7.215531 -13.982711 -7.150196 -2.875042 13.772727 -8.40149 -3.218241 0.347735 -34.211544 0.771654 -0.963028 -17.73337 2.621019 0.0 0.0 0.0 -17.346413 -20.095211 -4.201782 21.757555 -1.638378 3.866426 2e-06 -6.338822 0.0 -1.697589 -22.591742 -6.194003 -0.0 -4e-06 -2e-06 8.264515 -80.541603 -177.263702 69.658249 -31.026371 -35.572922 70.556152 1.946376 -0.253917 -19.536264 7.424329 53.359177 22.182106 -20.375898 49.933327 -16.701813 -16.743526 28.476536 -1e-06 -12.690601 -1e-06 15.708818 -17.651302 2.69857 -0.10592 -1.513855 -4.275882 -5.039041 -5.61287 -2.953556 4e-06 -11.020525 -2e-06 -6.111298 -15.895332 -3.84047 -0.0 -0.0 1e-06 -10.28337 -5.680288 -4.341839 11.028292 -11.302406 -2.372633 -1.384269 -14.238579 -6.320123 -0.62544 -26.924194 -3.827603 -4.39046 -49.233067 -3.489348 -13.708524 -7.363478 -3.72094 18.141146 -14.052738 -3.242674 5e-06 -18.78727 -1e-06 -0.429713 -8.456043 2.555504 -0.0 -1e-06 -0.0 -15.923532 -20.094482 -5.473586 30.419207 -7.190825 1.735924 4e-06 -8.162925 1e-06 -1.861906 -22.861479 -6.167942 -0.0 -2e-06 -1e-06 95.901428 -24.54604 -48.580475 141.235779 0.428372 1.33737 -39.553619 1.303329 -39.567902 -19.722916 1.827833 1.450338 -1.0 1e-06 -1e-06 -75.734024 -26.863163 -55.464977 138.096817 2.102957 2.090561 -30.86013 5.855695 -34.491936 -12.8944 0.709321 0.229696 -1.000003 -1e-06 -1e-06 
0.0 0.0 0.0 0.0 -0.0 0.0 7.929234 14.260733 -24.055653 86.033218 43.143185 89.850212 16.779678 -1.712288 0.269664 0.667596 -0.550433 -0.867478 37.901569 3.71565 -1.716015 15.928367 0.463559 2.036986 -2.384868 -0.757528 0.289714 -34.768627 0.573311 -0.64017 6e-06 0.0 -0.0 0.113568 0.024238 0.129527 0.059714 0.142416 0.186835 0.080797 -0.093655 0.098761 -79.016411 -81.821732 87.579742 71.969872 -39.678581 -42.853226 81.50708 0.580644 -0.857786 -43.121929 -4.350622 72.713409 17.636629 -26.322733 52.411198 -19.466665 -14.395598 29.410393 1e-06 -8.774822 -2e-06 16.456562 -17.005587 5.3057 -0.609776 -1.795654 -3.889327 -4.807089 -11.046811 -2.93785 4e-06 -20.976019 -1e-06 -5.019971 -25.03356 -4.03188 6e-06 0.0 0.0 -10.634535 -5.686971 -3.565587 10.573274 -17.922951 -3.113902 2e-06 -13.821205 0.0 -0.501778 -31.181505 -4.027017 -11.822129 -59.495079 7.262534 -13.982714 -7.150199 -2.875042 13.772731 -8.401491 -3.218241 0.347733 -34.211555 0.771654 -0.963028 -17.73337 2.621018 0.0 -0.0 0.0 -17.346422 -20.095217 -4.20178 21.757563 -1.638374 3.866428 1e-06 -6.338821 -1e-06 -1.69759 -22.591745 -6.194007 0.0 -5e-06 -2e-06 8.298534 -80.502823 -177.331543 69.65316 -31.043713 -35.599613 70.516953 1.932304 -0.269505 -19.567202 7.413663 53.263966 22.182117 -20.375895 49.933319 -16.701811 -16.743528 28.476522 -1e-06 -12.6906 -2e-06 15.741522 -17.667105 2.681236 -0.10592 -1.513855 -4.27588 -5.039041 -5.61287 -2.953556 4e-06 -11.020523 -1e-06 -6.111297 -15.895328 -3.84047 -0.0 1e-06 0.0 -10.283369 -5.680287 -4.341839 11.028292 -11.302402 -2.37263 -1.384268 -14.238577 -6.32012 -0.625438 -26.924183 -3.827598 -4.407967 -49.258068 -3.504132 -13.708522 -7.363473 -3.72094 18.141146 -14.052739 -3.242672 7e-06 -18.78727 -1e-06 -0.429711 -8.456039 2.555504 -0.0 -0.0 0.0 -15.923534 -20.094481 -5.473585 30.419207 -7.190824 1.735929 4e-06 -8.162925 0.0 -1.861902 -22.861469 -6.16794 -1e-06 -1e-06 -1e-06 95.885506 -24.517447 -48.515598 141.256012 0.445314 1.324943 -39.515072 1.390924 -39.479267 -19.758018 1.834816 1.452535 -0.999999 0.0 -1e-06 -75.710411 -26.848166 -55.465256 138.106293 2.106307 2.097283 -30.945429 5.841163 -34.469982 -12.92615 0.708951 0.217197 -1.000003 -1e-06 -1e-06 
0.0 0.0 0.0 0.0 -0.0 0.0 7.897093 14.261496 -24.029129 86.03582 43.155094 89.862419 16.795067 -1.704492 0.27966 0.670092 -0.55395 -0.870499 37.905182 3.709931 -1.713306 15.941154 0.477807 2.033702 -2.395551 -0.759711 0.313601 -34.797791 0.561324 -0.621382 6e-06 -0.0 0.0 0.113617 0.021467 0.117886 0.053241 0.138969 0.176066 0.077253 -0.095916 0.086178 -78.764137 -81.791756 87.361969 72.051811 -39.65789 -42.852451 81.513062 0.64903 -0.814233 -43.138447 -4.353005 72.627556 17.636627 -26.322737 52.411205 -19.466656 -14.395597 29.410393 0.0 -8.774821 -1e-06 16.464993 -17.011328 5.300539 -0.609777 -1.795655 -3.889329 -4.80709 -11.046807 -2.93785 4e-06 -20.976019 -1e-06 -5.01997 -25.033558 -4.03188 6e-06 0.0 -0.0 -10.634532 -5.686972 -3.565589 10.573272 -17.922951 -3.113899 3e-06 -13.821208 1e-06 -0.501777 -31.181505 -4.027015 -11.795927 -59.507305 7.294323 -13.982712 -7.150198 -2.875044 13.772727 -8.401493 -3.218242 0.347733 -34.211552 0.771656 -0.963029 -17.73337 2.62102 0.0 -0.0 -1e-06 -17.346416 -20.095217 -4.201783 21.757555 -1.638377 3.866428 1e-06 -6.338823 0.0 -1.697589 -22.591745 -6.194005 0.0 -4e-06 -2e-06 8.402776 -80.47821 -177.47377 69.663719 -31.066278 -35.621269 70.474167 1.920216 -0.258239 -19.556267 7.390646 53.08437 22.182121 -20.375898 49.933334 -16.701815 -16.74353 28.476536 -2e-06 -12.690602 -2e-06 15.778324 -17.679037 2.662053 -0.10592 -1.513856 -4.275882 -5.039042 -5.612871 -2.953558 4e-06 -11.020525 -2e-06 -6.111298 -15.895332 -3.840473 -1e-06 -3e-06 -0.0 -10.283373 -5.68029 -4.341841 11.028295 -11.302403 -2.372633 -1.384268 -14.238579 -6.320123 -0.625438 -26.924191 -3.827603 -4.409843 -49.279949 -3.532787 -13.708526 -7.363477 -3.720942 18.14115 -14.052742 -3.242675 6e-06 -18.78727 -2e-06 -0.429712 -8.456045 2.555504 -0.0 -2e-06 -0.0 -15.923536 -20.094484 -5.473588 30.419214 -7.190827 1.735927 3e-06 -8.162925 1e-06 -1.861904 -22.861473 -6.167943 1e-06 -2e-06 -1e-06 95.839935 -24.517393 -48.419003 141.310089 0.466932 1.3211 -39.504272 1.468147 -39.407185 -19.783623 1.840626 1.456547 -0.999998 -1e-06 1e-06 -75.660103 -26.804144 -55.508255 138.118164 2.11571 2.108078 -31.071733 5.784189 -34.454159 -12.939731 0.713817 0.208282 -1.000003 -1e-06 -0.0 
0.0 0.0 0.0 0.0 -0.0 0.0 7.869188 14.250612 -24.001778 86.035423 43.165905 89.875061 16.808886 -1.696928 0.286363 0.674139 -0.561505 -0.880348 37.906696 3.712692 -1.705922 15.963814 0.488712 2.025043 -2.404777 -0.753744 0.329918 -34.799919 0.562712 -0.594945 6e-06 -0.0 0.0 0.115886 0.019242 0.108717 0.047596 0.133801 0.166314 0.072143 -0.095242 0.077023 -78.629684 -81.767845 87.244873 72.116409 -39.647232 -42.811749 81.502335 0.753806 -0.766311 -43.11198 -4.344822 72.477058 17.636625 -26.322729 52.411179 -19.466665 -14.3956 29.410385 1e-06 -8.774822 -2e-06 16.481016 -17.029327 5.295325 -0.609777 -1.795653 -3.889328 -4.807087 -11.046808 -2.937849 6e-06 -20.976019 -2e-06 -5.019969 -25.033556 -4.03188 6e-06 0.0 0.0 -10.634531 -5.686972 -3.565586 10.573275 -17.922949 -3.113902 3e-06 -13.821206 1e-06 -0.501776 -31.181505 -4.027013 -11.763356 -59.526703 7.292055 -13.982711 -7.150198 -2.875041 13.77273 -8.401493 -3.218242 0.347735 -34.211552 0.771656 -0.963028 -17.73337 2.621019 0.0 -1e-06 -1e-06 -17.346413 -20.095215 -4.201779 21.757555 -1.638375 3.866425 1e-06 -6.338823 -0.0 -1.697589 -22.59174 -6.194003 0.0 -4e-06 -2e-06 8.525341 -80.482544 -177.641571 69.694496 -31.104412 -35.660961 70.428452 1.907739 -0.226953 -19.512066 7.370557 52.859371 22.182108 -20.375896 49.933319 -16.701817 -16.743534 28.476534 -2e-06 -12.690601 0.0 15.810881 -17.685623 2.654404 -0.105919 -1.513857 -4.275882 -5.039041 -5.612869 -2.953557 3e-06 -11.020524 -2e-06 -6.111299 -15.895329 -3.84047 -0.0 -2e-06 -1e-06 -10.28337 -5.680289 -4.341839 11.028294 -11.302406 -2.372635 -1.384269 -14.238581 -6.320121 -0.625439 -26.924187 -3.827603 -4.396265 -49.298607 -3.561313 -13.708525 -7.363477 -3.720939 18.141153 -14.052739 -3.242677 6e-06 -18.787271 -3e-06 -0.429712 -8.456046 2.555504 -0.0 -1e-06 -0.0 -15.923536 -20.094484 -5.473584 30.419218 -7.190824 1.735924 3e-06 -8.162926 -0.0 -1.861905 -22.861473 -6.167942 -1e-06 -2e-06 -1e-06 95.806931 -24.537743 -48.367889 141.363464 0.484901 1.334057 -39.514206 1.474141 -39.373817 -19.761797 1.83879 1.458905 -0.999999 -0.0 -0.0 -75.620842 -26.777451 -55.562584 138.135849 2.125737 2.115073 -31.224569 5.700407 -34.470249 -12.916049 0.718589 0.20681 -1.000003 -0.0 -0.0 
0.0 0.0 0.0 0.0 -0.0 0.0 7.867514 14.233393 -23.986361 86.026085 43.177368 89.879532 16.823029 -1.698781 0.288631 0.681085 -0.566128 -0.890414 37.897976 3.728046 -1.698207 15.99879 0.499741 2.02197 -2.408514 -0.741161 0.334409 -34.792969 0.571119 -0.566574 5e-06 -0.0 -0.0 0.120057 0.019033 0.110553 0.045642 0.130571 0.167189 0.069167 -0.092361 0.079162 -78.616951 -81.749352 87.224968 72.143204 -39.652447 -42.735542 81.481705 0.871273 -0.743229 -43.07428 -4.333333 72.368385 17.636625 -26.322741 52.411201 -19.46666 -14.395597 29.410393 1e-06 -8.774821 -3e-06 16.493137 -17.052938 5.304771 -0.609776 -1.795653 -3.889328 -4.807089 -11.046811 -2.93785 4e-06 -20.976019 0.0 -5.019971 -25.03356 -4.03188 6e-06 0.0 0.0 -10.634533 -5.686973 -3.565587 10.573274 -17.922951 -3.1139 2e-06 -13.821206 1e-06 -0.501778 -31.181507 -4.027014 -11.742297 -59.558487 7.261281 -13.982714 -7.1502 -2.875042 13.772731 -8.401495 -3.218242 0.347734 -34.211563 0.771657 -0.96303 -17.733372 2.621022 0.0 0.0 -1e-06 -17.346418 -20.095221 -4.20178 21.757557 -1.638373 3.866428 1e-06 -6.338825 0.0 -1.697589 -22.591747 -6.194005 0.0 -4e-06 -2e-06 8.619423 -80.49836 -177.785736 69.727425 -31.153685 -35.683529 70.377983 1.908894 -0.20879 -19.46731 7.351205 52.643467 22.182117 -20.375898 49.933319 -16.701799 -16.743528 28.476521 -1e-06 -12.690598 -1e-06 15.842989 -17.684763 2.654466 -0.10592 -1.513855 -4.275881 -5.03904 -5.612868 -2.953556 3e-06 -11.020523 -1e-06 -6.111298 -15.89533 -3.840469 -1e-06 -2e-06 0.0 -10.283369 -5.680285 -4.341838 11.028289 -11.302404 -2.372631 -1.384269 -14.238576 -6.320118 -0.625441 -26.924183 -3.827599 -4.374835 -49.322643 -3.5754 -13.708524 -7.363473 -3.72094 18.141146 -14.052737 -3.24267 4e-06 -18.787268 1e-06 -0.429713 -8.456041 2.555504 -0.0 1e-06 0.0 -15.923534 -20.094479 -5.473584 30.419205 -7.190823 1.735927 3e-06 -8.162921 2e-06 -1.861905 -22.861464 -6.167937 -1e-06 -2e-06 -1e-06 95.811424 -24.551945 -48.387802 141.386276 0.492211 1.3563 -39.513538 1.423737 -39.3713 -19.728289 1.826026 1.457477 -0.999999 0.0 0.0 -75.615318 -26.786995 -55.585556 138.157425 2.1323 2.117311 -31.306122 5.653463 -34.497276 -12.87143 0.723614 0.213423 -1.000003 0.0 -1e-06 
0.0 0.0 0.0 0.0 -0.0 0.0 7.898915 14.227242 -23.989941 85.996002 43.18478 89.854988 16.831961 -1.706825 0.292055 0.68802 -0.568096 -0.894326 37.882446 3.747501 -1.689988 16.041695 0.526296 2.020418 -2.407492 -0.735278 0.340568 -34.768723 0.578986 -0.55012 6e-06 -0.0 0.0 0.124444 0.019737 0.116991 0.050094 0.129551 0.173497 0.072764 -0.089899 0.085221 -78.573761 -81.735397 87.149185 72.129524 -39.684612 -42.677551 81.466049 0.954778 -0.759445 -43.039772 -4.334009 72.354858 17.636627 -26.322737 52.411198 -19.466665 -14.395598 29.410395 1e-06 -8.774822 -2e-06 16.493147 -17.072783 5.324087 -0.609778 -1.795651 -3.889327 -4.807087 -11.046813 -2.937851 4e-06 -20.976017 -1e-06 -5.019969 -25.03356 -4.031881 7e-06 0.0 0.0 -10.634535 -5.686972 -3.565587 10.573276 -17.922955 -3.113901 2e-06 -13.821206 1e-06 -0.501777 -31.181505 -4.027016 -11.732394 -59.57304 7.214785 -13.982716 -7.150197 -2.875042 13.77273 -8.401491 -3.218242 0.347734 -34.211559 0.771654 -0.963028 -17.733374 2.621019 -0.0 1e-06 -1e-06 -17.346422 -20.095217 -4.201782 21.757559 -1.638377 3.866428 1e-06 -6.338824 0.0 -1.697588 -22.591749 -6.194007 -0.0 -4e-06 -2e-06 8.668082 -80.516098 -177.879166 69.77166 -31.204054 -35.680279 70.311577 1.935514 -0.213928 -19.450987 7.334216 52.444538 22.182116 -20.375895 49.933327 -16.701815 -16.743528 28.476536 -1e-06 -12.690601 0.0 15.868441 -17.684895 2.65922 -0.105919 -1.513855 -4.27588 -5.039041 -5.612871 -2.953557 3e-06 -11.020527 -2e-06 -6.111297 -15.89533 -3.84047 -0.0 -1e-06 -0.0 -10.283369 -5.680288 -4.341839 11.028292 -11.302404 -2.372633 -1.384268 -14.238577 -6.320121 -0.625437 -26.924191 -3.827604 -4.366349 -49.354187 -3.566025 -13.708524 -7.363475 -3.720938 18.14115 -14.052739 -3.242676 6e-06 -18.78727 -2e-06 -0.429711 -8.456043 2.555503 -0.0 -0.0 0.0 -15.923536 -20.094484 -5.473584 30.419214 -7.190823 1.735927 3e-06 -8.162925 0.0 -1.861904 -22.861469 -6.167941 -1e-06 -3e-06 -1e-06 95.863289 -24.550165 -48.449345 141.367294 0.489471 1.381357 -39.501972 1.358983 -39.33902 -19.677092 1.809568 1.458213 -0.999997 -1e-06 1e-06 -75.629349 -26.819563 -55.558575 138.171646 2.13586 2.112914 -31.307232 5.671441 -34.534382 -12.833257 0.728067 0.220304 -1.000004 -2e-06 -1e-06 
0.0 0.0 0.0 0.0 -0.0 0.0 7.939152 14.24169 -24.003094 85.952492 43.189472 89.804512 16.833387 -1.719497 0.30128 0.697213 -0.567249 -0.899395 37.872322 3.758079 -1.663766 16.075352 0.560549 2.016506 -2.4021 -0.73579 0.359336 -34.739441 0.581679 -0.556891 6e-06 -0.0 -0.0 0.127432 0.020155 0.123644 0.05797 0.129198 0.18018 0.081005 -0.088807 0.091554 -78.447502 -81.738419 86.99305 72.09906 -39.7202 -42.679886 81.466461 0.985062 -0.782623 -42.999775 -4.35143 72.373955 17.636633 -26.322739 52.411194 -19.466661 -14.395596 29.410389 1e-06 -8.774821 -3e-06 16.486143 -17.082233 5.338561 -0.609777 -1.795649 -3.889326 -4.807087 -11.046813 -2.937848 4e-06 -20.976019 1e-06 -5.019971 -25.033556 -4.031878 6e-06 0.0 0.0 -10.634533 -5.68697 -3.565586 10.573277 -17.922955 -3.1139 2e-06 -13.821212 1e-06 -0.501779 -31.181511 -4.027011 -11.723364 -59.567024 7.160914 -13.982712 -7.150196 -2.875042 13.772729 -8.401494 -3.218241 0.347734 -34.211559 0.771658 -0.963029 -17.733372 2.621021 -0.0 0.0 1e-06 -17.346415 -20.095215 -4.20178 21.757557 -1.638377 3.866427 1e-06 -6.338826 1e-06 -1.697588 -22.591749 -6.194004 -0.0 -4e-06 -2e-06 8.698951 -80.54335 -177.907913 69.81942 -31.231146 -35.715302 70.272346 1.959581 -0.250305 -19.440901 7.327872 52.329391 22.182121 -20.375898 49.933327 -16.701813 -16.743526 28.476534 -1e-06 -12.690601 -1e-06 15.870498 -17.68504 2.680321 -0.105919 -1.513856 -4.275883 -5.039042 -5.612871 -2.953557 3e-06 -11.020528 -2e-06 -6.1113 -15.895334 -3.84047 -0.0 -1e-06 -1e-06 -10.283372 -5.680288 -4.341839 11.028294 -11.302406 -2.372633 -1.384269 -14.238583 -6.320121 -0.62544 -26.924196 -3.827602 -4.388077 -49.39481 -3.526136 -13.708526 -7.363479 -3.720941 18.141148 -14.052739 -3.242674 5e-06 -18.78727 -1e-06 -0.429712 -8.456043 2.555504 0.0 -0.0 0.0 -15.923538 -20.094492 -5.473586 30.419214 -7.190823 1.735931 3e-06 -8.162926 -0.0 -1.861905 -22.861479 -6.167943 -1e-06 -2e-06 -1e-06 95.937515 -24.542067 -48.476654 141.333466 0.490794 1.403449 -39.463448 1.3552 -39.235371 -19.643501 1.792966 1.461445 -0.999998 -0.0 -0.0 -75.631905 -26.832474 -55.509464 138.17128 2.134163 2.107207 -31.266939 5.736829 -34.550529 -12.80699 0.726007 0.228827 -1.000003 -1e-06 -1e-06 
0.0 0.0 0.0 0.0 -0.0 0.0 7.963094 14.255142 -24.000038 85.906494 43.195721 89.747185 16.822571 -1.73027 0.313756 0.712741 -0.565885 -0.904197 37.876919 3.75633 -1.626929 16.098944 0.593937 2.011004 -2.390411 -0.730981 0.391655 -34.71217 0.575992 -0.576028 5e-06 -0.0 -0.0 0.129848 0.020107 0.128134 0.068633 0.130536 0.185457 0.091162 -0.090305 0.095047 -78.227081 -81.748482 86.761406 72.08535 -39.730915 -42.750137 81.467453 0.961077 -0.796462 -42.951878 -4.387576 72.323921 17.636625 -26.322729 52.411194 -19.466663 -14.395598 29.410389 1e-06 -8.774822 -3e-06 16.473824 -17.086245 5.354136 -0.609776 -1.795652 -3.889328 -4.807087 -11.046809 -2.93785 5e-06 -20.976015 -2e-06 -5.019969 -25.033552 -4.031882 6e-06 0.0 0.0 -10.634533 -5.686969 -3.565587 10.573274 -17.922945 -3.113901 3e-06 -13.821203 1e-06 -0.501777 -31.181498 -4.027016 -11.732811 -59.553261 7.135527 -13.982712 -7.150197 -2.875041 13.772729 -8.401491 -3.218242 0.347735 -34.211544 0.771654 -0.963028 -17.733366 2.621019 0.0 1e-06 -1e-06 -17.346416 -20.095213 -4.201784 21.757557 -1.638373 3.866429 1e-06 -6.338821 0.0 -1.697588 -22.591743 -6.194008 0.0 -3e-06 -2e-06 8.743894 -80.580132 -177.920731 69.863098 -31.241531 -35.803551 70.265778 1.956696 -0.294999 -19.421915 7.335606 52.314655 22.182114 -20.375895 49.933319 -16.701815 -16.743534 28.476532 -2e-06 -12.690602 -0.0 15.836149 -17.691177 2.72365 -0.105919 -1.513856 -4.275881 -5.039041 -5.612869 -2.953557 4e-06 -11.020525 -2e-06 -6.111297 -15.895328 -3.840471 -0.0 -1e-06 0.0 -10.283371 -5.680287 -4.341838 11.028296 -11.302404 -2.372633 -1.384267 -14.238577 -6.32012 -0.625436 -26.924187 -3.827601 -4.430356 -49.434212 -3.471129 -13.708527 -7.363473 -3.720938 18.141151 -14.052737 -3.242674 6e-06 -18.78727 0.0 -0.429712 -8.456046 2.555504 0.0 -0.0 -0.0 -15.923536 -20.094479 -5.473584 30.419214 -7.190827 1.735926 3e-06 -8.162922 0.0 -1.861902 -22.861464 -6.167939 -1e-06 -3e-06 -1e-06 95.994202 -24.554834 -48.466484 141.332718 0.502752 1.4095 -39.458103 1.368212 -39.14222 -19.619223 1.783922 1.465633 -0.999999 -0.0 0.0 -75.620651 -26.809767 -55.489883 138.177368 2.132036 2.094093 -31.245178 5.793532 -34.547894 -12.819839 0.720538 0.235029 -1.000003 0.0 -1e-06 
0.0 0.0 0.0 0.0 -0.0 0.0 7.960147 14.244824 -23.977985 85.86853 43.211159 89.695992 16.809654 -1.736401 0.326226 0.729302 -0.564845 -0.899249 37.893341 3.749816 -1.595918 16.125681 0.616706 2.009831 -2.38245 -0.713819 0.392353 -34.712765 0.580439 -0.602534 5e-06 -0.0 -0.0 0.13067 0.020689 0.13202 0.080131 0.133611 0.191658 0.101669 -0.092224 0.096473 -77.95768 -81.763336 86.471504 72.082397 -39.729359 -42.861725 81.448051 0.887361 -0.822234 -42.898186 -4.427862 72.228653 17.636639 -26.322733 52.411205 -19.46666 -14.395596 29.410393 1e-06 -8.774822 -3e-06 16.449751 -17.075884 5.372009 -0.609777 -1.795654 -3.889328 -4.80709 -11.046809 -2.937852 4e-06 -20.976017 -2e-06 -5.01997 -25.03356 -4.031884 7e-06 0.0 0.0 -10.634535 -5.686975 -3.565589 10.573272 -17.922947 -3.113899 2e-06 -13.821205 0.0 -0.501776 -31.181505 -4.027018 -11.762695 -59.520626 7.14611 -13.982715 -7.150199 -2.875045 13.772729 -8.401491 -3.218241 0.347734 -34.211555 0.771654 -0.963028 -17.73337 2.62102 0.0 0.0 -0.0 -17.346422 -20.095221 -4.201784 21.757559 -1.638375 3.866429 1e-06 -6.338825 0.0 -1.69759 -22.591743 -6.194007 0.0 -3e-06 -1e-06 8.855025 -80.611877 -178.011475 69.900864 -31.254467 -35.89056 70.257675 1.930937 -0.320773 -19.398317 7.35787 52.306271 22.182119 -20.375898 49.933327 -16.701813 -16.743528 28.476534 -1e-06 -12.690603 -1e-06 15.782248 -17.688419 2.763813 -0.105919 -1.513856 -4.275882 -5.039042 -5.612871 -2.953557 3e-06 -11.020526 -2e-06 -6.111299 -15.89533 -3.840471 -0.0 -1e-06 -0.0 -10.283373 -5.680288 -4.34184 11.028296 -11.302407 -2.372633 -1.38427 -14.238583 -6.320121 -0.625442 -26.924196 -3.8276 -4.471126 -49.451275 -3.423845 -13.708527 -7.363478 -3.720939 18.141151 -14.052737 -3.242673 5e-06 -18.787271 0.0 -0.429711 -8.456043 2.555505 -0.0 -2e-06 -1e-06 -15.923539 -20.094486 -5.473584 30.419218 -7.190823 1.735929 3e-06 -8.162927 -0.0 -1.861904 -22.861469 -6.167942 -2e-06 -3e-06 -1e-06 96.001419 -24.60305 -48.449898 141.375916 0.51317 1.406089 -39.47942 1.353568 -39.100647 -19.601591 1.787602 1.461536 -0.999999 -1e-06 -0.0 -75.598381 -26.764015 -55.520416 138.193375 2.140862 2.080109 -31.300713 5.775572 -34.595669 -12.871007 0.714788 0.239981 -1.000004 -0.0 -0.0 
0.0 0.0 0.0 0.0 -0.0 0.0 7.925767 14.208388 -23.945627 85.849251 43.233139 89.666595 16.806759 -1.734429 0.333462 0.744975 -0.563678 -0.884268 37.910789 3.739667 -1.582713 16.158558 0.620726 2.022747 -2.379482 -0.689603 0.360022 -34.732956 0.591887 -0.621187 6e-06 0.0 -0.0 0.129314 0.021699 0.138711 0.085326 0.136253 0.200102 0.104364 -0.092693 0.101513 -77.766258 -81.778679 86.256874 72.082718 -39.715343 -42.985107 81.44487 0.797229 -0.835516 -42.869671 -4.474917 72.056381 17.636637 -26.322741 52.411201 -19.466663 -14.395597 29.410389 1e-06 -8.774822 -3e-06 16.427488 -17.066721 5.393481 -0.609777 -1.795657 -3.889328 -4.807091 -11.046815 -2.93785 3e-06 -20.976025 -1e-06 -5.019973 -25.033566 -4.031882 7e-06 0.0 0.0 -10.634537 -5.686975 -3.565587 10.573276 -17.922958 -3.1139 2e-06 -13.821213 0.0 -0.501778 -31.181519 -4.027017 -11.802793 -59.496078 7.192564 -13.982716 -7.150204 -2.875041 13.772731 -8.401493 -3.218241 0.347733 -34.211559 0.771655 -0.963029 -17.733376 2.621019 -0.0 0.0 -1e-06 -17.346424 -20.095224 -4.20178 21.757561 -1.638371 3.86643 0.0 -6.338824 -0.0 -1.69759 -22.591755 -6.194007 -0.0 -4e-06 -2e-06 8.960825 -80.635925 -178.105972 69.922142 -31.253866 -35.964355 70.251205 1.888061 -0.312784 -19.38797 7.386818 52.259434 22.182121 -20.375896 49.933323 -16.701811 -16.74353 28.476528 -2e-06 -12.690604 -2e-06 15.730946 -17.672285 2.781325 -0.105919 -1.513856 -4.27588 -5.039042 -5.612871 -2.953556 4e-06 -11.020527 -2e-06 -6.111298 -15.895334 -3.840471 -0.0 -2e-06 -1e-06 -10.283373 -5.680288 -4.341839 11.028296 -11.302407 -2.372633 -1.384269 -14.238583 -6.32012 -0.625439 -26.924194 -3.827601 -4.486388 -49.429577 -3.416284 -13.708527 -7.363476 -3.72094 18.141151 -14.052739 -3.242675 6e-06 -18.78727 -0.0 -0.42971 -8.456043 2.555504 0.0 -0.0 -0.0 -15.923539 -20.094482 -5.473585 30.419222 -7.190828 1.735927 2e-06 -8.162926 1e-06 -1.861902 -22.861479 -6.167943 -2e-06 -2e-06 -1e-06 95.958458 -24.693121 -48.431675 141.452133 0.523171 1.396013 -39.514755 1.303038 -39.103897 -19.627438 1.795043 1.456531 -1.000001 0.0 -0.0 -75.568825 -26.707174 -55.617516 138.208664 2.15058 2.06716 -31.41749 5.671559 -34.667885 -12.923707 0.708977 0.241518 -1.000004 -0.0 -1e-06 
0.0 0.0 0.0 0.0 -0.0 0.0 7.882257 14.165968 -23.918415 85.857971 43.25045 89.686279 16.820955 -1.729347 0.330185 0.749625 -0.5575 -0.86889 37.918915 3.732007 -1.589744 16.200392 0.611456 2.054949 -2.387033 -0.675263 0.30563 -34.75893 0.597004 -0.647587 6e-06 0.0 0.0 0.126906 0.022893 0.146737 0.086559 0.137349 0.209841 0.102229 -0.091197 0.107913 -77.73082 -81.799919 86.206604 72.06572 -39.700977 -43.08308 81.480156 0.709497 -0.83453 -42.875687 -4.505476 71.841942 17.636641 -26.322739 52.411194 -19.466661 -14.395596 29.410389 3e-06 -8.774822 -4e-06 16.405159 -17.067978 5.414199 -0.609776 -1.795653 -3.889327 -4.807091 -11.046813 -2.93785 3e-06 -20.976021 1e-06 -5.019972 -25.033562 -4.031881 6e-06 0.0 0.0 -10.634535 -5.686973 -3.565587 10.573272 -17.922956 -3.113898 2e-06 -13.821209 1e-06 -0.501779 -31.181511 -4.027015 -11.813922 -59.488026 7.228999 -13.982716 -7.150198 -2.875042 13.772731 -8.401493 -3.21824 0.347733 -34.211559 0.771657 -0.963029 -17.733372 2.621021 0.0 0.0 -1e-06 -17.346422 -20.095221 -4.20178 21.757561 -1.638378 3.866428 1e-06 -6.338823 0.0 -1.69759 -22.591751 -6.194005 0.0 -5e-06 -2e-06 9.01643 -80.648254 -178.161377 69.916306 -31.253321 -36.022064 70.256203 1.835266 -0.288262 -19.385653 7.401891 52.203117 22.182116 -20.375891 49.933315 -16.701813 -16.743528 28.476534 -2e-06 -12.690601 -1e-06 15.699443 -17.644321 2.775069 -0.105919 -1.513856 -4.275882 -5.039042 -5.612872 -2.953557 4e-06 -11.020527 -3e-06 -6.111297 -15.895334 -3.840471 -0.0 -0.0 -0.0 -10.283371 -5.680288 -4.341838 11.028296 -11.302406 -2.372633 -1.38427 -14.238581 -6.320121 -0.625439 -26.924198 -3.827602 -4.471425 -49.387894 -3.437275 -13.708526 -7.363477 -3.720941 18.141151 -14.052739 -3.242675 6e-06 -18.787271 -1e-06 -0.429711 -8.456043 2.555503 0.0 -0.0 -0.0 -15.923536 -20.094484 -5.473585 30.419214 -7.190828 1.735928 4e-06 -8.162922 1e-06 -1.861902 -22.861469 -6.167942 -0.0 -2e-06 -1e-06 95.902405 -24.76825 -48.435989 141.518127 0.527974 1.389461 -39.533741 1.235325 -39.153439 -19.665749 1.797444 1.452167 -1.000001 -1e-06 -0.0 -75.552261 -26.681332 -55.726692 138.221741 2.152011 2.062014 -31.54624 5.541557 -34.73111 -12.962605 0.702223 0.245818 -1.000002 -0.0 1e-06 
0.0 0.0 0.0 0.0 -0.0 0.0 7.853991 14.122093 -23.909098 85.880692 43.261864 89.741341 16.84581 -1.72122 0.318241 0.747146 -0.547372 -0.850079 37.918091 3.734024 -1.6226 16.250313 0.608015 2.090223 -2.399563 -0.678303 0.253168 -34.791027 0.607456 -0.66959 6e-06 -0.0 0.0 0.123737 0.024104 0.157143 0.081124 0.137446 0.220887 0.094755 -0.088728 0.117777 -77.803139 -81.812302 86.267387 72.040649 -39.703796 -43.171787 81.532486 0.610817 -0.837173 -42.873611 -4.497531 71.694855 17.636633 -26.322737 52.411205 -19.46666 -14.395596 29.410393 1e-06 -8.774822 -2e-06 16.376539 -17.065763 5.433359 -0.609776 -1.795653 -3.889329 -4.807089 -11.04681 -2.93785 4e-06 -20.976015 -0.0 -5.019971 -25.033556 -4.031882 7e-06 0.0 0.0 -10.634535 -5.686969 -3.565589 10.573272 -17.922947 -3.113899 2e-06 -13.821208 1e-06 -0.501778 -31.181505 -4.027016 -11.798744 -59.484104 7.240518 -13.982716 -7.150195 -2.875043 13.772731 -8.401497 -3.218241 0.347733 -34.211552 0.771657 -0.963029 -17.73337 2.621021 0.0 0.0 -0.0 -17.346418 -20.095221 -4.201784 21.757557 -1.638373 3.866429 1e-06 -6.338821 1e-06 -1.69759 -22.591743 -6.194006 -0.0 -4e-06 -2e-06 9.019832 -80.644264 -178.182526 69.897263 -31.266417 -36.038357 70.270599 1.797234 -0.273139 -19.382296 7.401649 52.160854 22.182123 -20.375896 49.933327 -16.701815 -16.743528 28.476534 -2e-06 -12.690601 -2e-06 15.705714 -17.622278 2.749355 -0.105919 -1.513856 -4.275882 -5.039042 -5.612869 -2.953556 5e-06 -11.020527 -3e-06 -6.111297 -15.895334 -3.840472 -0.0 -0.0 1e-06 -10.283373 -5.680287 -4.341839 11.028298 -11.302407 -2.372634 -1.384268 -14.238579 -6.320121 -0.625437 -26.924194 -3.827601 -4.440812 -49.366837 -3.470662 -13.708529 -7.363476 -3.72094 18.141155 -14.05274 -3.242675 7e-06 -18.78727 -0.0 -0.42971 -8.456045 2.555504 0.0 -1e-06 -0.0 -15.923538 -20.094482 -5.473588 30.419218 -7.190828 1.735928 4e-06 -8.162922 1e-06 -1.8619 -22.861467 -6.167942 -1e-06 -2e-06 -1e-06 95.854561 -24.80298 -48.475716 141.543762 0.528698 1.390946 -39.540237 1.137752 -39.223782 -19.712986 1.796637 1.449796 -0.999999 1e-06 0.0 -75.571396 -26.708256 -55.795452 138.231308 2.151467 2.061988 -31.588194 5.455412 -34.754124 -12.98931 0.695563 0.247862 -1.000007 -1e-06 -1e-06 
0.0 0.0 0.0 0.0 -0.0 0.0 7.849576 14.090633 -23.915462 85.904892 43.266502 89.800972 16.871168 -1.715909 0.303941 0.742523 -0.537352 -0.832449 37.911629 3.739843 -1.660317 16.293844 0.61843 2.122629 -2.408986 -0.688618 0.211766 -34.823837 0.627313 -0.669807 6e-06 -0.0 -0.0 0.121065 0.024463 0.162588 0.073708 0.136863 0.226053 0.088666 -0.087511 0.123512 -77.962799 -81.80542 86.418808 72.016251 -39.720951 -43.217636 81.585747 0.540178 -0.843506 -42.831875 -4.475631 71.64901 17.636633 -26.322737 52.411201 -19.466665 -14.3956 29.410395 2e-06 -8.774822 -2e-06 16.336258 -17.053728 5.443598 -0.609776 -1.795656 -3.889329 -4.807091 -11.04681 -2.937851 3e-06 -20.976021 -2e-06 -5.019973 -25.033562 -4.031883 6e-06 0.0 -0.0 -10.634537 -5.686977 -3.565588 10.573275 -17.922951 -3.113901 2e-06 -13.821209 -0.0 -0.501777 -31.181511 -4.02702 -11.73565 -59.459408 7.207469 -13.982718 -7.150199 -2.875043 13.772731 -8.401493 -3.218243 0.347733 -34.211559 0.771653 -0.963029 -17.733372 2.621019 -0.0 0.0 -0.0 -17.346422 -20.095221 -4.201783 21.757565 -1.638376 3.866427 1e-06 -6.338826 -0.0 -1.697591 -22.591751 -6.194007 -0.0 -4e-06 -2e-06 8.9717 -80.637451 -178.164291 69.865021 -31.306145 -36.025597 70.311897 1.787972 -0.283439 -19.367092 7.376674 52.144611 22.18211 -20.375891 49.933308 -16.701815 -16.743526 28.47653 -2e-06 -12.6906 -0.0 15.746151 -17.620329 2.718729 -0.105919 -1.513855 -4.275881 -5.039039 -5.612868 -2.953557 4e-06 -11.020524 -2e-06 -6.111296 -15.89533 -3.840469 0.0 -1e-06 -1e-06 -10.283367 -5.680287 -4.341839 11.028293 -11.302402 -2.372634 -1.384268 -14.238577 -6.32012 -0.625439 -26.924185 -3.8276 -4.406358 -49.379398 -3.506856 -13.708522 -7.363476 -3.720938 18.141148 -14.052734 -3.242676 6e-06 -18.787262 -1e-06 -0.429713 -8.456043 2.555503 0.0 1e-06 0.0 -15.923532 -20.094481 -5.473584 30.41921 -7.190825 1.735925 4e-06 -8.162921 0.0 -1.8619 -22.861464 -6.16794 -0.0 -2e-06 -1e-06 95.824356 -24.788363 -48.516613 141.530533 0.532437 1.396054 -39.510269 1.074376 -39.271301 -19.756363 1.79196 1.452207 -0.999998 0.0 0.0 -75.609276 -26.769405 -55.809227 138.238037 2.151216 2.072481 -31.55195 5.425694 -34.744198 -13.008976 0.691782 0.246355 -1.000005 0.0 -2e-06 
0.0 0.0 0.0 0.0 -0.0 0.0 7.854348 14.071536 -23.923872 85.925339 43.268089 89.846397 16.878124 -1.718483 0.292136 0.739391 -0.529372 -0.814793 37.915199 3.748377 -1.682403 16.322826 0.632632 2.142948 -2.410143 -0.700929 0.181228 -34.856441 0.656951 -0.666692 6e-06 0.0 0.0 0.120002 0.02417 0.164107 0.066111 0.13725 0.226277 0.084603 -0.08871 0.126176 -78.100525 -81.793739 86.546074 71.997543 -39.729214 -43.240631 81.615395 0.467495 -0.846962 -42.763325 -4.453138 71.717255 17.636633 -26.322735 52.411201 -19.466665 -14.395602 29.410395 2e-06 -8.774823 -2e-06 16.299534 -17.041327 5.440628 -0.609775 -1.795652 -3.889328 -4.807089 -11.046809 -2.937851 5e-06 -20.976021 -2e-06 -5.01997 -25.03356 -4.031882 6e-06 0.0 -0.0 -10.634537 -5.686972 -3.565587 10.573277 -17.922958 -3.113902 3e-06 -13.821211 1e-06 -0.501778 -31.181511 -4.027016 -11.701716 -59.430775 7.173848 -13.982716 -7.1502 -2.875043 13.772733 -8.401494 -3.218244 0.347735 -34.211563 0.771655 -0.963028 -17.733376 2.621019 -0.0 0.0 -0.0 -17.346422 -20.095217 -4.201782 21.757565 -1.638377 3.866426 1e-06 -6.338823 0.0 -1.69759 -22.591749 -6.194008 0.0 -4e-06 -1e-06 8.971916 -80.629288 -178.196198 69.820625 -31.3533 -35.970039 70.353683 1.808808 -0.299675 -19.317686 7.329878 52.159275 22.182117 -20.375891 49.933319 -16.701815 -16.743528 28.476532 -2e-06 -12.690603 -1e-06 15.796032 -17.647591 2.707089 -0.105919 -1.513856 -4.275882 -5.039041 -5.612871 -2.953557 4e-06 -11.020525 -3e-06 -6.111296 -15.89533 -3.840471 -0.0 -2e-06 -0.0 -10.283371 -5.680286 -4.341839 11.028296 -11.302408 -2.372633 -1.384268 -14.23858 -6.320121 -0.625437 -26.924191 -3.827603 -4.405406 -49.425751 -3.516605 -13.708526 -7.363476 -3.720939 18.141153 -14.052741 -3.242676 7e-06 -18.78727 -2e-06 -0.429709 -8.456044 2.555503 -0.0 1e-06 -0.0 -15.923536 -20.094482 -5.473586 30.419218 -7.190827 1.735926 5e-06 -8.162925 -0.0 -1.861901 -22.861469 -6.167943 -0.0 -3e-06 -2e-06 95.810623 -24.761599 -48.529629 141.509674 0.548992 1.407867 -39.469898 1.049399 -39.238209 -19.777979 1.792941 1.456565 -0.999998 -1e-06 1e-06 -75.653954 -26.819622 -55.784985 138.244308 2.155136 2.084193 -31.505941 5.429296 -34.735561 -13.002893 0.693676 0.239742 -1.000005 -1e-06 -1e-06 
0.0 0.0 0.0 0.0 -0.0 0.0 7.857816 14.071787 -23.926983 85.935745 43.279274 89.86322 16.868418 -1.724562 0.294947 0.743379 -0.517962 -0.790075 37.933739 3.753464 -1.698876 16.33197 0.642302 2.145896 -2.407644 -0.698381 0.160448 -34.885044 0.682997 -0.650543 6e-06 -0.0 -0.0 0.120719 0.023806 0.16293 0.061046 0.138688 0.223035 0.083482 -0.091146 0.12694 -78.061508 -81.781784 86.488228 71.994385 -39.739162 -43.249531 81.623466 0.406918 -0.803141 -42.689777 -4.459293 71.802917 17.63662 -26.322733 52.411194 -19.466656 -14.395604 29.410393 -0.0 -8.774822 -1e-06 16.27977 -17.026642 5.43053 -0.609777 -1.795654 -3.889328 -4.807089 -11.046809 -2.93785 3e-06 -20.976019 1e-06 -5.019971 -25.033558 -4.031879 6e-06 0.0 0.0 -10.634533 -5.68697 -3.565587 10.573272 -17.922947 -3.1139 2e-06 -13.821205 2e-06 -0.501779 -31.181498 -4.027013 -11.703955 -59.399719 7.15963 -13.982712 -7.150199 -2.87504 13.772728 -8.401488 -3.218242 0.347731 -34.211544 0.771658 -0.96303 -17.73337 2.621019 -1e-06 0.0 1e-06 -17.346415 -20.095215 -4.201781 21.757555 -1.638375 3.866426 1e-06 -6.338821 1e-06 -1.697591 -22.591743 -6.194004 -0.0 -4e-06 -2e-06 9.03432 -80.614601 -178.300751 69.773972 -31.412745 -35.887184 70.380257 1.83821 -0.288046 -19.252882 7.271194 52.166431 22.182108 -20.375895 49.933327 -16.701813 -16.743525 28.476536 -2e-06 -12.690601 -0.0 15.822919 -17.682667 2.709921 -0.105919 -1.513856 -4.275883 -5.039041 -5.612872 -2.953558 4e-06 -11.020526 -3e-06 -6.111297 -15.895332 -3.840471 -0.0 -2e-06 -1e-06 -10.283369 -5.680288 -4.34184 11.028295 -11.302407 -2.372633 -1.384268 -14.238579 -6.320123 -0.625439 -26.924194 -3.827602 -4.426136 -49.46582 -3.510377 -13.708524 -7.363474 -3.72094 18.14115 -14.052743 -3.242676 6e-06 -18.787273 -2e-06 -0.42971 -8.456043 2.555503 0.0 -0.0 -1e-06 -15.923532 -20.094482 -5.473588 30.41921 -7.190827 1.735925 4e-06 -8.162927 -0.0 -1.861901 -22.861473 -6.167942 -0.0 -3e-06 -1e-06 95.82132 -24.736639 -48.490082 141.500824 0.575136 1.424577 -39.482422 1.058423 -39.172195 -19.801527 1.800829 1.462894 -0.999999 -0.0 1e-06 -75.671791 -26.824026 -55.738083 138.248016 2.162214 2.099772 -31.467915 5.464842 -34.706196 -13.011437 0.700068 0.230974 -1.000001 -0.0 -0.0 
0.0 0.0 0.0 0.0 -0.0 0.0 7.848843 14.089388 -23.918924 85.93998 43.300766 89.863045 16.854021 -1.726242 0.303194 0.752185 -0.508693 -0.771776 37.956028 3.748728 -1.705497 16.33005 0.641953 2.133266 -2.404763 -0.68614 0.153026 -34.90131 0.693506 -0.650393 6e-06 0.0 0.0 0.12145 0.023852 0.165562 0.060233 0.139067 0.223793 0.083757 -0.091506 0.131212 -77.838173 -81.780922 86.260071 72.005692 -39.75042 -43.288486 81.631325 0.352301 -0.708743 -42.66003 -4.497093 71.877228 17.636637 -26.322735 52.411213 -19.466654 -14.395597 29.410393 1e-06 -8.774821 -3e-06 16.272549 -17.015163 5.418278 -0.609777 -1.795653 -3.889328 -4.807091 -11.046811 -2.93785 2e-06 -20.976019 -1e-06 -5.01997 -25.03356 -4.031884 6e-06 0.0 0.0 -10.634536 -5.686972 -3.565588 10.573275 -17.922951 -3.113901 2e-06 -13.821208 0.0 -0.501779 -31.181511 -4.027019 -11.727503 -59.35466 7.154682 -13.982716 -7.1502 -2.875042 13.772728 -8.401489 -3.21824 0.347731 -34.211555 0.771655 -0.963029 -17.73337 2.621018 -0.0 0.0 1e-06 -17.346422 -20.095221 -4.201782 21.757559 -1.638372 3.86643 1e-06 -6.338821 0.0 -1.69759 -22.591751 -6.194007 -0.0 -3e-06 -2e-06 9.147238 -80.598305 -178.451065 69.737274 -31.489191 -35.783329 70.398438 1.886027 -0.228494 -19.175585 7.217477 52.12228 22.182117 -20.375898 49.933327 -16.701813 -16.74353 28.476532 -2e-06 -12.690601 -1e-06 15.843552 -17.714802 2.716232 -0.105919 -1.513855 -4.275882 -5.039041 -5.61287 -2.953557 4e-06 -11.020527 -2e-06 -6.111297 -15.89533 -3.840471 -0.0 -0.0 -0.0 -10.283371 -5.680287 -4.341839 11.028296 -11.302404 -2.372635 -1.384267 -14.238577 -6.320123 -0.625436 -26.924183 -3.827602 -4.438792 -49.502495 -3.510661 -13.708526 -7.363474 -3.72094 18.141153 -14.052739 -3.242676 6e-06 -18.787268 0.0 -0.429714 -8.456045 2.555505 -1e-06 -1e-06 -1e-06 -15.923532 -20.094481 -5.473588 30.419214 -7.190826 1.735925 4e-06 -8.162922 0.0 -1.861904 -22.861467 -6.167939 -1e-06 -1e-06 -1e-06 95.853477 -24.726381 -48.418209 141.516937 0.597806 1.440427 -39.543015 1.091905 -39.121704 -19.83773 1.819376 1.467047 -0.999998 -0.0 -0.0 -75.651077 -26.777016 -55.702854 138.250229 2.163579 2.114694 -31.478422 5.505708 -34.699154 -13.036865 0.705696 0.220976 -1.000005 -0.0 0.0 
0.0 0.0 0.0 0.0 -0.0 0.0 7.835801 14.111031 -23.899263 85.940765 43.327068 89.855064 16.847023 -1.726741 0.307232 0.752638 -0.504011 -0.762374 37.978455 3.742645 -1.707039 16.329166 0.63847 2.09531 -2.40675 -0.67747 0.184338 -34.89608 0.684691 -0.666259 6e-06 -0.0 -0.0 0.121291 0.023837 0.166838 0.060373 0.137194 0.224298 0.081153 -0.089467 0.132966 -77.507736 -81.783981 85.9431 72.029785 -39.763977 -43.327919 81.642799 0.341957 -0.631148 -42.65321 -4.51615 71.843666 17.636629 -26.322729 52.41119 -19.466663 -14.395596 29.410389 2e-06 -8.774821 -3e-06 16.288603 -17.015345 5.409089 -0.609776 -1.795653 -3.889327 -4.807088 -11.046808 -2.93785 4e-06 -20.976019 -0.0 -5.01997 -25.033556 -4.031881 6e-06 0.0 0.0 -10.634533 -5.686967 -3.565588 10.573275 -17.922953 -3.113901 3e-06 -13.821203 -0.0 -0.501776 -31.181498 -4.027015 -11.764358 -59.332291 7.15711 -13.982713 -7.150199 -2.875042 13.772729 -8.401491 -3.218241 0.347734 -34.211552 0.771654 -0.963029 -17.73337 2.621019 0.0 1e-06 -1e-06 -17.346416 -20.095215 -4.201782 21.757557 -1.638373 3.866428 1e-06 -6.338822 0.0 -1.69759 -22.591743 -6.194005 0.0 -4e-06 -2e-06 9.252563 -80.586075 -178.586288 69.703194 -31.554514 -35.675346 70.393341 1.931174 -0.134965 -19.094481 7.169377 52.009892 22.182114 -20.375895 49.933319 -16.701813 -16.743526 28.47653 -0.0 -12.6906 -1e-06 15.834933 -17.725611 2.726402 -0.105919 -1.513855 -4.275882 -5.039041 -5.61287 -2.953556 3e-06 -11.020528 -2e-06 -6.1113 -15.895338 -3.840469 0.0 -0.0 -1e-06 -10.283369 -5.680289 -4.341839 11.028292 -11.302403 -2.372632 -1.384268 -14.238579 -6.320122 -0.625442 -26.924191 -3.827601 -4.438982 -49.506001 -3.515321 -13.708524 -7.363477 -3.72094 18.141148 -14.052738 -3.242675 4e-06 -18.78727 -1e-06 -0.429711 -8.456043 2.555503 0.0 -1e-06 -1e-06 -15.923536 -20.094482 -5.473585 30.419214 -7.190823 1.735926 4e-06 -8.162928 -1e-06 -1.861903 -22.861473 -6.167943 -1e-06 -2e-06 -1e-06 95.910164 -24.73391 -48.369789 141.551498 0.610344 1.451082 -39.6376 1.107811 -39.094826 -19.879545 1.841141 1.473736 -0.999997 -0.0 -0.0 -75.604286 -26.715996 -55.704144 138.260986 2.151938 2.122069 -31.541945 5.522153 -34.71196 -13.053956 0.711062 0.216071 -1.000005 1e-06 -2e-06 
0.0 0.0 0.0 0.0 -0.0 0.0 7.827829 14.120388 -23.872822 85.949188 43.347378 89.847672 16.846268 -1.727073 0.315062 0.750323 -0.509442 -0.758833 37.984852 3.739315 -1.710913 16.337839 0.643786 2.050779 -2.410854 -0.674469 0.223413 -34.876709 0.657601 -0.67317 6e-06 -0.0 0.0 0.120016 0.023594 0.165849 0.057297 0.135703 0.223298 0.071832 -0.088001 0.131738 -77.18605 -81.805931 85.645126 72.025597 -39.767963 -43.324234 81.650467 0.373806 -0.597203 -42.634663 -4.511032 71.759933 17.636629 -26.322744 52.411213 -19.466665 -14.395607 29.410395 2e-06 -8.774824 -1e-06 16.322432 -17.034267 5.413855 -0.609776 -1.795652 -3.889328 -4.80709 -11.046813 -2.93785 3e-06 -20.976021 -0.0 -5.019972 -25.033562 -4.031882 6e-06 0.0 0.0 -10.634538 -5.686974 -3.565588 10.573277 -17.922955 -3.113901 2e-06 -13.821209 2e-06 -0.501779 -31.181505 -4.027015 -11.809715 -59.346851 7.178582 -13.982719 -7.1502 -2.875041 13.772735 -8.401492 -3.218244 0.347733 -34.211559 0.771656 -0.96303 -17.733372 2.621021 0.0 0.0 -0.0 -17.346424 -20.095224 -4.20178 21.757568 -1.638373 3.866428 0.0 -6.338822 0.0 -1.697591 -22.591751 -6.194007 -0.0 -3e-06 -2e-06 9.325189 -80.567413 -178.685776 69.672394 -31.595455 -35.562019 70.356758 1.960651 -0.048911 -19.033739 7.128109 51.869347 22.182117 -20.375895 49.933323 -16.701817 -16.74353 28.476534 -2e-06 -12.690603 -1e-06 15.80415 -17.71384 2.731797 -0.105919 -1.513856 -4.275883 -5.039042 -5.612873 -2.953557 4e-06 -11.02053 -3e-06 -6.111298 -15.895336 -3.840471 -0.0 -1e-06 -1e-06 -10.283373 -5.680288 -4.341838 11.028297 -11.302409 -2.372635 -1.384268 -14.238587 -6.320124 -0.625437 -26.924194 -3.827603 -4.423495 -49.476772 -3.530781 -13.708527 -7.363477 -3.720939 18.141155 -14.052744 -3.242678 6e-06 -18.787275 -2e-06 -0.429713 -8.456044 2.555504 0.0 -2e-06 -0.0 -15.923539 -20.094492 -5.473584 30.419218 -7.190827 1.735927 3e-06 -8.162929 -0.0 -1.861898 -22.861479 -6.167946 -0.0 -2e-06 -1e-06 95.978058 -24.760405 -48.399227 141.590622 0.606134 1.452538 -39.753647 1.063317 -39.116695 -19.906677 1.855761 1.48412 -0.999997 -0.0 0.0 -75.569542 -26.676311 -55.723801 138.285873 2.138857 2.123237 -31.575867 5.522383 -34.713055 -13.043386 0.717859 0.212904 -1.000003 -1e-06 -1e-06 
0.0 0.0 0.0 0.0 -0.0 0.0 7.81983 14.117032 -23.847282 85.955139 43.36367 89.840706 16.852638 -1.722727 0.321971 0.748039 -0.521251 -0.764847 37.979939 3.736178 -1.711385 16.346447 0.652633 2.02122 -2.411365 -0.681457 0.267094 -34.848183 0.619325 -0.674035 6e-06 0.0 -0.0 0.118653 0.022928 0.165908 0.047648 0.133034 0.221996 0.056119 -0.08623 0.132996 -76.979301 -81.831818 85.460312 71.991714 -39.772453 -43.283741 81.666496 0.417464 -0.583442 -42.594673 -4.502828 71.665009 17.636633 -26.322733 52.411205 -19.466663 -14.395598 29.410389 1e-06 -8.774822 -2e-06 16.36573 -17.056303 5.423748 -0.609776 -1.795656 -3.889327 -4.80709 -11.046809 -2.93785 4e-06 -20.976019 -1e-06 -5.019971 -25.033556 -4.031881 7e-06 0.0 -0.0 -10.634536 -5.68697 -3.565588 10.573275 -17.922951 -3.1139 2e-06 -13.821206 1e-06 -0.501778 -31.181501 -4.027015 -11.833264 -59.367897 7.206357 -13.982716 -7.150204 -2.875041 13.772729 -8.401488 -3.21824 0.347734 -34.211555 0.771656 -0.963029 -17.73337 2.621019 0.0 0.0 -1e-06 -17.346422 -20.095221 -4.201779 21.757561 -1.638374 3.866428 1e-06 -6.338824 1e-06 -1.69759 -22.591749 -6.194007 0.0 -4e-06 -2e-06 9.2785 -80.552689 -178.650711 69.654793 -31.618803 -35.465 70.318291 1.996578 0.005054 -18.9897 7.094115 51.731625 22.182125 -20.375898 49.933319 -16.701817 -16.743534 28.476532 -2e-06 -12.690605 -2e-06 15.769288 -17.697447 2.730392 -0.105919 -1.513856 -4.275881 -5.039043 -5.612872 -2.953556 4e-06 -11.02053 -2e-06 -6.1113 -15.895334 -3.840471 -0.0 -1e-06 -0.0 -10.283374 -5.680288 -4.341839 11.028297 -11.30241 -2.372632 -1.384269 -14.238581 -6.320122 -0.62544 -26.924196 -3.827602 -4.395741 -49.429874 -3.562168 -13.708529 -7.363476 -3.720941 18.141155 -14.05274 -3.242675 6e-06 -18.787271 0.0 -0.42971 -8.456044 2.555504 0.0 -0.0 -0.0 -15.923543 -20.094486 -5.473584 30.419224 -7.190827 1.735928 3e-06 -8.162928 -0.0 -1.8619 -22.861479 -6.167943 -1e-06 -3e-06 -1e-06 96.023376 -24.794607 -48.439354 141.629791 0.602303 1.447423 -39.851551 1.004505 -39.175018 -19.941759 1.856846 1.502237 -0.999999 -1e-06 0.0 -75.545975 -26.650362 -55.764351 138.311279 2.125157 2.120664 -31.559542 5.518595 -34.69112 -13.043868 0.7211 0.209172 -1.000005 -1e-06 -1e-06 
0.0 0.0 0.0 0.0 -0.0 0.0 7.833492 14.123905 -23.834888 85.951653 43.36161 89.834343 16.857508 -1.714742 0.324138 0.744419 -0.533471 -0.779646 37.962372 3.734673 -1.711075 16.353607 0.66678 2.004119 -2.408789 -0.693014 0.310233 -34.804844 0.570158 -0.658963 6e-06 -0.0 -0.0 0.11651 0.021471 0.163192 0.038765 0.130464 0.217744 0.043277 -0.086335 0.131526 -76.902771 -81.859169 85.364929 71.935715 -39.805279 -43.192966 81.668167 0.46853 -0.576547 -42.539932 -4.495157 71.569641 17.636633 -26.322742 52.411213 -19.466665 -14.395604 29.410398 2e-06 -8.774824 -1e-06 16.417011 -17.065239 5.414481 -0.609777 -1.795649 -3.889329 -4.807089 -11.046811 -2.93785 4e-06 -20.976019 1e-06 -5.019972 -25.03356 -4.03188 7e-06 0.0 0.0 -10.634537 -5.68697 -3.565589 10.573278 -17.922955 -3.113901 2e-06 -13.821212 1e-06 -0.501779 -31.181511 -4.027015 -11.813416 -59.386776 7.204119 -13.982717 -7.150197 -2.875043 13.772733 -8.401491 -3.218242 0.347733 -34.211559 0.771658 -0.963029 -17.733372 2.621019 -0.0 0.0 1e-06 -17.34642 -20.095217 -4.201784 21.757563 -1.638375 3.866427 1e-06 -6.338824 0.0 -1.69759 -22.591749 -6.194007 0.0 -3e-06 -2e-06 9.197286 -80.542877 -178.550583 69.660461 -31.611561 -35.397747 70.296249 2.036113 0.030057 -18.966593 7.066508 51.667675 22.182112 -20.375898 49.933334 -16.701817 -16.74353 28.476542 -1e-06 -12.690601 1e-06 15.725477 -17.683989 2.736371 -0.105919 -1.513855 -4.275882 -5.039041 -5.612871 -2.953557 3e-06 -11.020526 -2e-06 -6.111296 -15.89533 -3.840472 -0.0 -1e-06 -1e-06 -10.283371 -5.680288 -4.341838 11.028296 -11.302406 -2.372635 -1.384268 -14.238577 -6.320122 -0.625438 -26.924189 -3.827601 -4.372428 -49.376545 -3.580795 -13.708524 -7.363477 -3.720941 18.14115 -14.05274 -3.242676 5e-06 -18.787271 -1e-06 -0.429712 -8.456045 2.555504 0.0 -0.0 -0.0 -15.923536 -20.094484 -5.473587 30.419214 -7.190825 1.735926 3e-06 -8.162925 0.0 -1.861903 -22.861473 -6.167942 -0.0 -3e-06 -1e-06 96.055153 -24.779345 -48.467827 141.635712 0.601266 1.439101 -39.933884 0.968544 -39.243034 -19.965231 1.845984 1.522877 -0.999999 -0.0 0.0 -75.543816 -26.658861 -55.765244 138.333481 2.115163 2.120962 -31.448589 5.575412 -34.577721 -13.050626 0.721196 0.211502 -1.000001 -0.0 -0.0 
0.0 0.0 0.0 0.0 -0.0 0.0 7.859017 14.132643 -23.824884 85.937561 43.349834 89.814827 16.856934 -1.714481 0.319208 0.744995 -0.549321 -0.797343 37.946785 3.742754 -1.698132 16.342974 0.673015 2.002038 -2.405638 -0.701358 0.341028 -34.757229 0.535482 -0.647512 6e-06 -0.0 -0.0 0.116305 0.020617 0.16266 0.031779 0.128457 0.21575 0.03532 -0.08601 0.132338 -76.96257 -81.868248 85.381516 71.888451 -39.843548 -43.096451 81.652092 0.490071 -0.590875 -42.509094 -4.474726 71.577858 17.636627 -26.322725 52.411194 -19.46665 -14.395596 29.410381 3e-06 -8.774822 -3e-06 16.457699 -17.062334 5.397564 -0.609776 -1.79565 -3.889326 -4.807087 -11.046809 -2.93785 3e-06 -20.976009 -0.0 -5.01997 -25.033552 -4.031881 6e-06 0.0 0.0 -10.634532 -5.686967 -3.565588 10.573271 -17.922947 -3.113899 2e-06 -13.821201 1e-06 -0.501779 -31.181498 -4.027014 -11.799927 -59.398815 7.206986 -13.982712 -7.150195 -2.875042 13.772727 -8.401491 -3.21824 0.347732 -34.211544 0.771655 -0.963029 -17.733368 2.621019 0.0 0.0 -1e-06 -17.346415 -20.095211 -4.201783 21.757555 -1.638374 3.86643 1e-06 -6.33882 1e-06 -1.697591 -22.591736 -6.194004 0.0 -4e-06 -2e-06 9.053762 -80.534164 -178.393585 69.673782 -31.596237 -35.320946 70.28553 2.099071 0.039724 -18.973721 7.045559 51.698837 22.18211 -20.375889 49.933308 -16.701811 -16.743528 28.476521 -0.0 -12.6906 -1e-06 15.698484 -17.685575 2.747811 -0.10592 -1.513855 -4.275881 -5.039041 -5.612869 -2.953556 3e-06 -11.020524 -2e-06 -6.111298 -15.89533 -3.840472 -0.0 -1e-06 -0.0 -10.283369 -5.680287 -4.341837 11.028293 -11.302402 -2.372634 -1.384268 -14.238575 -6.320121 -0.625438 -26.924183 -3.827601 -4.367184 -49.346935 -3.588444 -13.708524 -7.363475 -3.72094 18.141148 -14.052735 -3.242674 4e-06 -18.787266 -1e-06 -0.429714 -8.456043 2.555503 0.0 -2e-06 -1e-06 -15.923538 -20.094479 -5.473582 30.41921 -7.190823 1.735926 2e-06 -8.162922 0.0 -1.861903 -22.861467 -6.167942 0.0 -2e-06 -1e-06 96.082047 -24.753847 -48.498314 141.632462 0.601672 1.420687 -40.015072 0.938133 -39.262112 -19.940693 1.835216 1.530593 -0.999999 -0.0 1e-06 -75.550575 -26.678909 -55.75108 138.357788 2.111386 2.124 -31.341333 5.634476 -34.446922 -13.052454 0.719472 0.219886 -1.000005 -0.0 -1e-06 
0.0 0.0 0.0 0.0 -0.0 0.0 7.889391 14.127552 -23.812355 85.924805 43.331955 89.787407 16.860134 -1.720969 0.311081 0.746559 -0.560963 -0.810889 37.923409 3.740809 -1.679235 16.317039 0.671491 2.006887 -2.404189 -0.701015 0.352379 -34.724651 0.53613 -0.628989 6e-06 -0.0 -0.0 0.115901 0.019504 0.158436 0.025874 0.128002 0.210602 0.029914 -0.087909 0.129367 -77.03598 -81.854088 85.416283 71.881569 -39.883472 -43.089046 81.633499 0.447111 -0.582784 -42.500114 -4.454698 71.637672 17.636625 -26.322733 52.411201 -19.466665 -14.395602 29.410395 1e-06 -8.774822 -1e-06 16.475855 -17.055946 5.376848 -0.609776 -1.795653 -3.88933 -4.807089 -11.046812 -2.937851 4e-06 -20.976021 -1e-06 -5.01997 -25.03356 -4.03188 7e-06 0.0 0.0 -10.634535 -5.68697 -3.565588 10.573275 -17.922951 -3.113901 2e-06 -13.821208 0.0 -0.501777 -31.181505 -4.027017 -11.789778 -59.401413 7.204436 -13.982715 -7.150198 -2.875042 13.772731 -8.401489 -3.218242 0.347734 -34.211555 0.771654 -0.963029 -17.73337 2.621019 -0.0 0.0 1e-06 -17.346422 -20.095217 -4.201783 21.757559 -1.638373 3.866428 1e-06 -6.338822 0.0 -1.69759 -22.591745 -6.194005 0.0 -3e-06 -2e-06 8.914245 -80.547882 -178.227127 69.718033 -31.589994 -35.287926 70.279236 2.168981 0.045661 -18.979021 7.057625 51.798958 22.182114 -20.375898 49.933327 -16.701811 -16.74353 28.476534 0.0 -12.690602 -1e-06 15.674439 -17.696163 2.770508 -0.10592 -1.513856 -4.275882 -5.039041 -5.612871 -2.953558 3e-06 -11.020525 -2e-06 -6.111297 -15.895332 -3.840471 -0.0 -0.0 -0.0 -10.28337 -5.680289 -4.341838 11.028293 -11.302406 -2.372635 -1.384268 -14.238578 -6.320123 -0.625438 -26.924187 -3.827602 -4.377837 -49.352348 -3.576403 -13.708526 -7.363476 -3.72094 18.14115 -14.052739 -3.242675 4e-06 -18.78727 -0.0 -0.429714 -8.456047 2.555504 0.0 -1e-06 -0.0 -15.923536 -20.094486 -5.473586 30.419214 -7.19082 1.735928 2e-06 -8.162922 1e-06 -1.861904 -22.861467 -6.167942 -0.0 -3e-06 -1e-06 96.081055 -24.729454 -48.535557 141.631042 0.607457 1.404552 -40.081848 0.897578 -39.268211 -19.899376 1.825618 1.532775 -0.999998 -0.0 -0.0 -75.57505 -26.713545 -55.750549 138.389374 2.108976 2.12758 -31.247313 5.657931 -34.333675 -13.050776 0.717693 0.228681 -1.000005 0.0 -1e-06 
0.0 0.0 0.0 0.0 -0.0 0.0 7.910752 14.092213 -23.795664 85.91449 43.320526 89.762009 16.870153 -1.729572 0.29181 0.744066 -0.562878 -0.81363 37.900002 3.731452 -1.657428 16.280365 0.651313 2.012329 -2.402854 -0.687908 0.350724 -34.729717 0.549336 -0.624524 6e-06 -0.0 0.0 0.117317 0.020329 0.162669 0.028396 0.130182 0.215193 0.032756 -0.08853 0.133734 -77.093811 -81.819527 85.457481 71.930634 -39.917236 -43.136864 81.611458 0.38889 -0.549509 -42.498085 -4.425274 71.68103 17.636631 -26.322741 52.411209 -19.466661 -14.395598 29.410395 2e-06 -8.774823 -2e-06 16.473095 -17.055868 5.36096 -0.609776 -1.795655 -3.889329 -4.807089 -11.046807 -2.937852 5e-06 -20.976019 -1e-06 -5.019969 -25.033558 -4.031882 7e-06 0.0 -0.0 -10.634537 -5.686973 -3.56559 10.573277 -17.922951 -3.113901 3e-06 -13.821209 1e-06 -0.501777 -31.181505 -4.027017 -11.806855 -59.404587 7.215611 -13.982716 -7.150201 -2.875043 13.772731 -8.401489 -3.218241 0.347734 -34.211555 0.771657 -0.963029 -17.73337 2.62102 -0.0 1e-06 -0.0 -17.346422 -20.095215 -4.201785 21.757561 -1.638376 3.866428 1e-06 -6.338822 1e-06 -1.69759 -22.591747 -6.194007 -0.0 -3e-06 -2e-06 8.711868 -80.579964 -178.004318 69.760666 -31.613258 -35.302814 70.268089 2.215728 0.030307 -18.956034 7.117794 51.936329 22.182121 -20.375898 49.933327 -16.701811 -16.743528 28.47653 -2e-06 -12.690601 -2e-06 15.684007 -17.703257 2.781326 -0.10592 -1.513856 -4.275882 -5.039041 -5.612872 -2.953558 4e-06 -11.020523 -2e-06 -6.111296 -15.89533 -3.840472 -0.0 -0.0 -0.0 -10.283373 -5.680288 -4.341839 11.028296 -11.302407 -2.372633 -1.384268 -14.23858 -6.320122 -0.625438 -26.924187 -3.827601 -4.394435 -49.393383 -3.557131 -13.708526 -7.363478 -3.72094 18.141153 -14.052739 -3.242676 6e-06 -18.78727 0.0 -0.429711 -8.456047 2.555503 0.0 1e-06 -0.0 -15.923536 -20.094482 -5.473588 30.41921 -7.190827 1.735927 3e-06 -8.162922 1e-06 -1.861902 -22.861467 -6.167942 1e-06 -3e-06 -1e-06 96.023788 -24.720158 -48.58836 141.644012 0.607227 1.392785 -40.10186 0.833443 -39.321312 -19.890457 1.820355 1.531539 -0.999997 -1e-06 1e-06 -75.619583 -26.754826 -55.793022 138.425064 2.105019 2.136461 -31.181648 5.616093 -34.287418 -13.037107 0.714704 0.230282 -1.000005 -1e-06 -1e-06 
0.0 0.0 0.0 0.0 -0.0 0.0 7.929067 14.052904 -23.787693 85.908035 43.309387 89.747169 16.870579 -1.735358 0.269969 0.736889 -0.557773 -0.811349 37.88625 3.722549 -1.643165 16.239616 0.627388 2.019285 -2.398026 -0.670755 0.335394 -34.749413 0.563805 -0.63777 5e-06 -0.0 -0.0 0.120545 0.022309 0.173081 0.038614 0.131969 0.226276 0.042829 -0.086348 0.144082 -77.112709 -81.783981 85.489799 71.998718 -39.931046 -43.189747 81.58596 0.3406 -0.525072 -42.487309 -4.354525 71.698776 17.636641 -26.322744 52.411213 -19.466669 -14.395597 29.410398 1e-06 -8.774822 -2e-06 16.481926 -17.054903 5.340916 -0.609778 -1.795653 -3.889328 -4.80709 -11.046818 -2.937851 4e-06 -20.976028 -1e-06 -5.019972 -25.033573 -4.031882 6e-06 0.0 0.0 -10.634538 -5.686974 -3.565589 10.573277 -17.922962 -3.113901 3e-06 -13.821214 0.0 -0.501777 -31.181522 -4.027018 -11.837829 -59.403938 7.221184 -13.982718 -7.1502 -2.875042 13.772733 -8.401497 -3.218243 0.347735 -34.211571 0.771655 -0.963029 -17.733381 2.621021 -0.0 1e-06 1e-06 -17.346426 -20.095228 -4.201782 21.757566 -1.638377 3.86643 2e-06 -6.338827 0.0 -1.697589 -22.591763 -6.194008 -0.0 -3e-06 -2e-06 8.540223 -80.607857 -177.830231 69.7929 -31.647804 -35.307755 70.242126 2.248579 0.006449 -18.91868 7.171483 52.078548 22.182121 -20.375898 49.933323 -16.701817 -16.74353 28.476538 -1e-06 -12.690603 -2e-06 15.704327 -17.693026 2.781415 -0.10592 -1.513856 -4.275881 -5.039042 -5.612873 -2.953557 3e-06 -11.02053 -2e-06 -6.111301 -15.895339 -3.84047 -1e-06 -1e-06 -0.0 -10.283373 -5.680291 -4.341839 11.028296 -11.30241 -2.372633 -1.384269 -14.238585 -6.320121 -0.625441 -26.924198 -3.827602 -4.403975 -49.441761 -3.536153 -13.708527 -7.36348 -3.72094 18.141151 -14.052746 -3.242676 5e-06 -18.787275 -1e-06 -0.429711 -8.456047 2.555503 -0.0 1e-06 -0.0 -15.923539 -20.094494 -5.473584 30.419222 -7.190827 1.735927 3e-06 -8.16293 -0.0 -1.861903 -22.861483 -6.167945 1e-06 -2e-06 -1e-06 95.94072 -24.699196 -48.639141 141.646576 0.597758 1.383896 -40.125607 0.756923 -39.483509 -19.911646 1.819602 1.523925 -0.999997 -1e-06 1e-06 -75.677055 -26.801111 -55.830173 138.450684 2.100794 2.146161 -31.11381 5.572556 -34.262791 -13.039693 0.714152 0.228732 -1.000005 0.0 -1e-06 
0.0 0.0 0.0 0.0 -0.0 0.0 7.947008 14.030701 -23.791189 85.912498 43.299248 89.750862 16.854565 -1.736955 0.252151 0.730042 -0.546998 -0.798474 37.892952 3.72052 -1.653132 16.18144 0.602007 2.029418 -2.393322 -0.653774 0.301278 -34.761879 0.570068 -0.658557 6e-06 -0.0 -0.0 0.121635 0.024704 0.184965 0.04882 0.13296 0.239309 0.052526 -0.082509 0.155207 -77.209137 -81.755379 85.595963 72.032272 -39.914616 -43.160213 81.572906 0.335064 -0.52935 -42.489258 -4.297824 71.673111 17.636623 -26.322733 52.411201 -19.46666 -14.3956 29.410395 1e-06 -8.774823 -2e-06 16.496298 -17.046791 5.324872 -0.609776 -1.795655 -3.889329 -4.807088 -11.046809 -2.93785 4e-06 -20.976015 -1e-06 -5.019971 -25.033556 -4.031881 7e-06 -0.0 -0.0 -10.634533 -5.68697 -3.565587 10.573272 -17.922945 -3.113901 2e-06 -13.821203 1e-06 -0.501778 -31.181498 -4.027017 -11.857587 -59.394035 7.227384 -13.982713 -7.150196 -2.87504 13.77273 -8.401493 -3.218243 0.347733 -34.211552 0.771654 -0.963029 -17.73337 2.621018 -0.0 1e-06 -0.0 -17.346418 -20.095221 -4.20178 21.757563 -1.638373 3.866427 1e-06 -6.338822 -0.0 -1.697591 -22.591745 -6.194005 0.0 -4e-06 -2e-06 8.395803 -80.618011 -177.711243 69.80407 -31.666515 -35.281921 70.204094 2.261676 -0.02855 -18.887564 7.202074 52.162567 22.182114 -20.375898 49.933319 -16.701817 -16.74353 28.476532 -1e-06 -12.690603 -0.0 15.716413 -17.67498 2.772675 -0.105919 -1.513856 -4.275882 -5.039042 -5.612871 -2.953557 4e-06 -11.020527 -1e-06 -6.1113 -15.895338 -3.840471 -1e-06 -0.0 -1e-06 -10.283372 -5.680288 -4.341837 11.028296 -11.302404 -2.372634 -1.384269 -14.23858 -6.32012 -0.625441 -26.924194 -3.827599 -4.407632 -49.464996 -3.524184 -13.708528 -7.363476 -3.720938 18.141155 -14.052739 -3.242676 6e-06 -18.78727 0.0 -0.429712 -8.456044 2.555504 -1e-06 1e-06 0.0 -15.923538 -20.094482 -5.473584 30.419222 -7.190827 1.735924 2e-06 -8.162922 1e-06 -1.861903 -22.861471 -6.167942 -0.0 -2e-06 -1e-06 95.879486 -24.656521 -48.679531 141.629715 0.583491 1.37238 -40.159698 0.702521 -39.668076 -19.908716 1.825652 1.514765 -0.999998 0.0 1e-06 -75.710442 -26.857765 -55.857559 138.46312 2.089602 2.164125 -31.055149 5.536783 -34.271229 -13.051908 0.71729 0.220771 -1.000002 -0.0 -1e-06 
0.0 0.0 0.0 0.0 -0.0 0.0 7.977413 14.026493 -23.79479 85.917732 43.295681 89.760742 16.83082 -1.731273 0.241828 0.729593 -0.534168 -0.778754 37.910099 3.717787 -1.681618 16.111696 0.594134 2.032408 -2.387237 -0.657534 0.286965 -34.75312 0.574124 -0.672764 5e-06 -0.0 -0.0 0.119902 0.026296 0.193912 0.051982 0.132318 0.248479 0.05629 -0.078637 0.164173 -77.321892 -81.742599 85.705948 72.019745 -39.866741 -43.078331 81.547234 0.346175 -0.565976 -42.47834 -4.282768 71.647209 17.636637 -26.322744 52.411213 -19.466663 -14.3956 29.410395 -0.0 -8.774825 -2e-06 16.508034 -17.033493 5.31589 -0.609776 -1.795654 -3.889328 -4.80709 -11.046814 -2.937851 4e-06 -20.976021 -1e-06 -5.019972 -25.033566 -4.031881 7e-06 0.0 -0.0 -10.634537 -5.686969 -3.565588 10.573277 -17.922953 -3.113901 2e-06 -13.821209 1e-06 -0.501777 -31.181511 -4.027017 -11.86944 -59.386459 7.236967 -13.982716 -7.150201 -2.875041 13.772732 -8.40149 -3.218242 0.347734 -34.211559 0.771654 -0.963029 -17.733372 2.62102 -0.0 0.0 -0.0 -17.346424 -20.095222 -4.201782 21.757566 -1.638376 3.86643 1e-06 -6.338824 0.0 -1.69759 -22.591751 -6.194008 -0.0 -3e-06 -2e-06 8.250692 -80.602211 -177.617844 69.793564 -31.673115 -35.237568 70.15834 2.252917 -0.065636 -18.877199 7.197157 52.185947 22.182117 -20.375895 49.933323 -16.701818 -16.743532 28.476534 -0.0 -12.690605 -2e-06 15.733418 -17.666685 2.760206 -0.105919 -1.513856 -4.275882 -5.039042 -5.612871 -2.953556 4e-06 -11.020528 -2e-06 -6.111298 -15.895334 -3.840471 -0.0 -2e-06 -0.0 -10.283373 -5.68029 -4.341838 11.028297 -11.302407 -2.372634 -1.384269 -14.238584 -6.320121 -0.625438 -26.924194 -3.827602 -4.402085 -49.454533 -3.529991 -13.708526 -7.363478 -3.720939 18.141153 -14.052742 -3.242676 6e-06 -18.787271 -2e-06 -0.429713 -8.456047 2.555503 1e-06 -2e-06 -0.0 -15.923536 -20.094484 -5.473584 30.419218 -7.19083 1.735924 4e-06 -8.162927 -0.0 -1.861902 -22.861469 -6.167942 1e-06 -3e-06 -1e-06 95.867683 -24.583355 -48.714783 141.60144 0.576087 1.363146 -40.214462 0.66742 -39.827984 -19.853838 1.834427 1.506902 -0.999998 -1e-06 1e-06 -75.717201 -26.929354 -55.862949 138.483444 2.07413 2.186493 -31.00906 5.524503 -34.302479 -13.072401 0.721595 0.207813 -1.000005 -0.0 -1e-06 
0.0 0.0 0.0 0.0 -0.0 0.0 8.024695 14.0279 -23.796684 85.913643 43.301441 89.757156 16.8123 -1.721657 0.2423 0.733101 -0.52769 -0.768297 37.929226 3.709727 -1.700044 16.050285 0.586483 2.03018 -2.384478 -0.671236 0.292817 -34.733444 0.57889 -0.668113 6e-06 -0.0 -0.0 0.116676 0.027625 0.203351 0.044175 0.131988 0.256275 0.051319 -0.075737 0.17533 -77.374802 -81.753899 85.751892 71.975418 -39.81366 -42.965714 81.531044 0.387785 -0.5914 -42.466934 -4.306054 71.643654 17.636627 -26.322727 52.411194 -19.466652 -14.395594 29.410381 2e-06 -8.774821 -4e-06 16.506502 -17.015882 5.319242 -0.609777 -1.795653 -3.889326 -4.807089 -11.046808 -2.93785 3e-06 -20.976011 -0.0 -5.01997 -25.033552 -4.031881 6e-06 0.0 0.0 -10.634533 -5.68697 -3.565588 10.573271 -17.922945 -3.113899 2e-06 -13.821203 1e-06 -0.501778 -31.181498 -4.027016 -11.87452 -59.390236 7.26554 -13.982712 -7.150194 -2.875043 13.772727 -8.40149 -3.218239 0.347732 -34.21154 0.771656 -0.963029 -17.733364 2.621019 -0.0 0.0 1e-06 -17.346416 -20.095215 -4.201784 21.757555 -1.638373 3.866429 1e-06 -6.338821 0.0 -1.697591 -22.591743 -6.194005 -0.0 -4e-06 -2e-06 8.057325 -80.583054 -177.47403 69.779076 -31.683701 -35.207935 70.129204 2.254971 -0.084119 -18.878101 7.182775 52.169712 22.182121 -20.375898 49.933319 -16.701807 -16.743528 28.476528 -2e-06 -12.690601 -2e-06 15.755407 -17.678997 2.748316 -0.10592 -1.513856 -4.275881 -5.039042 -5.61287 -2.953556 4e-06 -11.020524 -1e-06 -6.111298 -15.895328 -3.84047 -0.0 -1e-06 -0.0 -10.283371 -5.680286 -4.341839 11.028293 -11.302404 -2.372631 -1.384268 -14.238577 -6.320119 -0.625439 -26.924187 -3.827599 -4.393399 -49.436703 -3.556774 -13.708527 -7.363473 -3.72094 18.141148 -14.052736 -3.242672 5e-06 -18.787266 1e-06 -0.429712 -8.456043 2.555504 0.0 -1e-06 -1e-06 -15.923536 -20.094481 -5.473586 30.41921 -7.190825 1.735931 3e-06 -8.162922 2e-06 -1.861904 -22.861464 -6.167938 0.0 -3e-06 -1e-06 95.894241 -24.494293 -48.755165 141.566299 0.576366 1.363734 -40.243225 0.652126 -39.903835 -19.830872 1.846035 1.504346 -0.999998 -0.0 0.0 -75.712097 -27.01277 -55.842464 138.515228 2.063237 2.210696 -30.962101 5.530916 -34.358219 -13.098806 0.723853 0.189688 -1.000003 0.0 -1e-06 
0.0 0.0 0.0 0.0 -0.0 0.0 8.077542 14.030016 -23.785137 85.905914 43.307423 89.744827 16.785608 -1.71704 0.249471 0.744851 -0.529233 -0.767949 37.949875 3.70362 -1.708121 16.002291 0.587994 2.010729 -2.384369 -0.69638 0.324264 -34.712021 0.59793 -0.659742 6e-06 -0.0 0.0 0.115365 0.027566 0.204259 0.034403 0.132745 0.255141 0.045707 -0.076776 0.17842 -77.324448 -81.769615 85.699921 71.931999 -39.783588 -42.91021 81.539764 0.416291 -0.607583 -42.483269 -4.33392 71.7425 17.636629 -26.322731 52.411186 -19.466663 -14.395597 29.410385 0.0 -8.774822 -2e-06 16.506706 -17.003426 5.327581 -0.609775 -1.795656 -3.889327 -4.807088 -11.046811 -2.93785 5e-06 -20.976019 -1e-06 -5.019969 -25.033562 -4.03188 7e-06 0.0 -0.0 -10.634535 -5.686971 -3.565587 10.573277 -17.922951 -3.113901 4e-06 -13.821206 1e-06 -0.501775 -31.181507 -4.027016 -11.867248 -59.39344 7.284346 -13.982714 -7.150198 -2.875041 13.772731 -8.401496 -3.218243 0.347737 -34.211559 0.771654 -0.963027 -17.733372 2.62102 -0.0 0.0 -0.0 -17.346416 -20.095215 -4.201782 21.757559 -1.638379 3.866426 1e-06 -6.338823 -0.0 -1.697587 -22.591745 -6.194006 0.0 -3e-06 -2e-06 7.852281 -80.574623 -177.321243 69.778168 -31.719601 -35.196064 70.122696 2.29123 -0.077234 -18.886915 7.163607 52.180656 22.182108 -20.375891 49.933319 -16.701813 -16.74353 28.476532 -2e-06 -12.6906 -0.0 15.763531 -17.698021 2.749427 -0.105919 -1.513856 -4.275881 -5.03904 -5.612869 -2.953556 4e-06 -11.020525 -2e-06 -6.111295 -15.89533 -3.840471 0.0 -1e-06 1e-06 -10.283369 -5.680288 -4.341838 11.028292 -11.302404 -2.372633 -1.384268 -14.238579 -6.320121 -0.625436 -26.924189 -3.827604 -4.380426 -49.410152 -3.58549 -13.708522 -7.363476 -3.720938 18.141148 -14.052739 -3.242677 6e-06 -18.787268 -2e-06 -0.429712 -8.456043 2.555503 -1e-06 1e-06 0.0 -15.923532 -20.094484 -5.473585 30.419205 -7.190827 1.735926 3e-06 -8.162922 0.0 -1.861901 -22.861469 -6.167943 0.0 -1e-06 -1e-06 95.950317 -24.415415 -48.824406 141.545197 0.577685 1.363046 -40.268227 0.632068 -39.887405 -19.792152 1.852161 1.505849 -0.999999 -0.0 0.0 -75.705521 -27.093271 -55.818661 138.565659 2.055088 2.226187 -30.962416 5.52998 -34.424606 -13.068528 0.722662 0.176313 -1.000003 -0.0 -0.0 
0.0 0.0 0.0 0.0 -0.0 0.0 8.127085 14.016872 -23.763626 85.895134 43.324615 89.730156 16.766882 -1.715728 0.248994 0.758016 -0.533024 -0.7648 37.980507 3.706641 -1.705585 15.962561 0.584998 1.973457 -2.388846 -0.720381 0.383039 -34.692219 0.610142 -0.675572 6e-06 0.0 -0.0 0.113776 0.02797 0.206109 0.02121 0.13386 0.255016 0.034534 -0.077085 0.182269 -77.2379 -81.77433 85.638733 71.942535 -39.76749 -42.968956 81.573105 0.419455 -0.622325 -42.52639 -4.359529 71.892067 17.636639 -26.322731 52.411201 -19.466658 -14.395596 29.410389 2e-06 -8.774822 -2e-06 16.504807 -16.990629 5.328168 -0.609776 -1.795654 -3.889328 -4.807091 -11.046807 -2.937851 4e-06 -20.976015 -1e-06 -5.01997 -25.033556 -4.031882 6e-06 0.0 0.0 -10.634537 -5.68697 -3.565588 10.573275 -17.922947 -3.113899 2e-06 -13.821203 1e-06 -0.501776 -31.181501 -4.027017 -11.823275 -59.379044 7.273574 -13.982715 -7.150198 -2.875042 13.772728 -8.40149 -3.21824 0.347734 -34.211555 0.771655 -0.963029 -17.73337 2.621021 -0.0 0.0 -1e-06 -17.346422 -20.095217 -4.201784 21.757559 -1.638373 3.866431 1e-06 -6.338822 0.0 -1.69759 -22.591745 -6.194008 -0.0 -3e-06 -2e-06 7.617811 -80.580276 -177.113266 69.795876 -31.735876 -35.224785 70.118813 2.343764 -0.066274 -18.893791 7.14736 52.303047 22.182119 -20.375898 49.933334 -16.701817 -16.743528 28.476536 -2e-06 -12.690603 -2e-06 15.771522 -17.707666 2.745437 -0.10592 -1.513855 -4.275881 -5.039041 -5.612871 -2.953558 4e-06 -11.020528 -2e-06 -6.111297 -15.895334 -3.840472 0.0 -0.0 -0.0 -10.283373 -5.680286 -4.341838 11.028296 -11.302407 -2.372634 -1.384268 -14.238579 -6.320121 -0.625438 -26.924189 -3.827602 -4.360691 -49.37088 -3.615213 -13.708527 -7.363475 -3.72094 18.141151 -14.052739 -3.242674 7e-06 -18.78727 -2e-06 -0.429711 -8.456043 2.555504 -1e-06 -1e-06 -0.0 -15.923539 -20.094484 -5.473587 30.419218 -7.190826 1.735928 4e-06 -8.162925 -0.0 -1.861902 -22.861469 -6.167943 -1e-06 -3e-06 -1e-06 96.018974 -24.364124 -48.921242 141.541443 0.581862 1.353681 -40.327358 0.562065 -39.848804 -19.754517 1.858219 1.510615 -0.999997 -0.0 -0.0 -75.703819 -27.170176 -55.798347 138.628738 2.057033 2.22302 -31.006136 5.510799 -34.462566 -13.013221 0.716264 0.17002 -1.000003 0.0 -0.0 
0.0 0.0 0.0 0.0 -0.0 0.0 8.18452 13.994694 -23.742371 85.888756 43.35331 89.72345 16.772345 -1.71455 0.239225 0.764974 -0.537285 -0.761174 38.002529 3.711364 -1.698314 15.936932 0.575221 1.947863 -2.396921 -0.737244 0.434391 -34.692425 0.596258 -0.707366 6e-06 0.0 -0.0 0.113592 0.027442 0.201801 0.011274 0.133887 0.249931 0.024182 -0.078009 0.178506 -77.226234 -81.766701 85.677094 71.999077 -39.751862 -43.063507 81.602173 0.439001 -0.62111 -42.593376 -4.414617 72.13633 17.636627 -26.322729 52.411198 -19.466661 -14.395598 29.410389 3e-06 -8.774822 -2e-06 16.509903 -16.961111 5.311197 -0.609776 -1.795653 -3.889327 -4.807089 -11.046809 -2.93785 4e-06 -20.976017 -1e-06 -5.019973 -25.033558 -4.03188 6e-06 0.0 -0.0 -10.634535 -5.686971 -3.565586 10.573275 -17.922949 -3.113901 2e-06 -13.821205 0.0 -0.501777 -31.181501 -4.027018 -11.724709 -59.338226 7.205188 -13.982715 -7.150199 -2.875041 13.77273 -8.401489 -3.218242 0.347733 -34.211555 0.771654 -0.963028 -17.73337 2.621018 -0.0 0.0 -0.0 -17.34642 -20.095217 -4.20178 21.757559 -1.638371 3.866428 1e-06 -6.338821 -1e-06 -1.697592 -22.591743 -6.194006 -0.0 -3e-06 -2e-06 7.450307 -80.582199 -176.938263 69.808212 -31.718197 -35.22514 70.117889 2.407634 -0.055309 -18.878561 7.13382 52.50914 22.182114 -20.375898 49.933327 -16.701817 -16.743534 28.476538 -3e-06 -12.690603 0.0 15.7668 -17.695721 2.740099 -0.105919 -1.513855 -4.275882 -5.039041 -5.612869 -2.953556 5e-06 -11.020524 -2e-06 -6.111298 -15.89533 -3.84047 -0.0 -1e-06 -0.0 -10.283372 -5.680286 -4.341837 11.028296 -11.302406 -2.372633 -1.384267 -14.238579 -6.320121 -0.625435 -26.924187 -3.8276 -4.335343 -49.320381 -3.631136 -13.708527 -7.363473 -3.720939 18.141153 -14.052739 -3.242675 8e-06 -18.78727 -2e-06 -0.42971 -8.456041 2.555504 0.0 -0.0 1e-06 -15.923538 -20.094479 -5.473584 30.419218 -7.190827 1.735923 5e-06 -8.162925 1e-06 -1.861904 -22.861469 -6.16794 -1e-06 -3e-06 -1e-06 96.105453 -24.304728 -49.057941 141.531372 0.579427 1.332957 -40.431248 0.443492 -39.861225 -19.760834 1.863193 1.517999 -1.0 -1e-06 0.0 -75.719185 -27.263336 -55.744858 138.701752 2.069037 2.208507 -31.026289 5.515012 -34.438217 -12.961917 0.704884 0.174095 -1.000005 0.0 -1e-06 
0.0 0.0 0.0 0.0 -0.0 0.0 8.230552 13.996696 -23.722136 85.879417 43.37833 89.711044 16.790199 -1.713056 0.227108 0.763752 -0.537914 -0.764768 38.004398 3.707437 -1.686731 15.925423 0.565753 1.93362 -2.399169 -0.747518 0.465168 -34.699184 0.573459 -0.745438 5e-06 -0.0 -0.0 0.112033 0.026203 0.189717 0.008192 0.13178 0.238302 0.019178 -0.078205 0.165799 -77.339073 -81.758049 85.851944 72.04393 -39.731461 -43.106567 81.617798 0.482637 -0.603534 -42.634235 -4.468274 72.372437 17.636637 -26.322729 52.411182 -19.466663 -14.395594 29.410385 1e-06 -8.774821 -3e-06 16.5469 -16.933403 5.276625 -0.609775 -1.795656 -3.889327 -4.807087 -11.046811 -2.93785 5e-06 -20.976019 -1e-06 -5.019969 -25.033558 -4.031879 6e-06 0.0 -0.0 -10.634534 -5.686969 -3.565588 10.573275 -17.922955 -3.113901 3e-06 -13.821206 0.0 -0.501776 -31.181507 -4.027016 -11.625992 -59.315659 7.113876 -13.982712 -7.150198 -2.875043 13.772728 -8.401493 -3.21824 0.347736 -34.211555 0.771654 -0.963028 -17.733372 2.621019 -0.0 1e-06 0.0 -17.346413 -20.095217 -4.201784 21.757555 -1.638376 3.866428 1e-06 -6.338823 -0.0 -1.697589 -22.591745 -6.194006 -0.0 -4e-06 -1e-06 7.387035 -80.576645 -176.836868 69.821388 -31.672953 -35.191612 70.115097 2.471552 -0.070102 -18.880091 7.123893 52.673878 22.182106 -20.375891 49.933319 -16.701811 -16.743526 28.476528 -2e-06 -12.690598 -0.0 15.756248 -17.670725 2.734324 -0.105919 -1.513856 -4.27588 -5.03904 -5.612868 -2.953557 4e-06 -11.020525 -3e-06 -6.111296 -15.895329 -3.840472 -1e-06 -2e-06 -0.0 -10.283368 -5.680288 -4.341838 11.028292 -11.302402 -2.372633 -1.384268 -14.238578 -6.320121 -0.625437 -26.924187 -3.827602 -4.321333 -49.272118 -3.624675 -13.708523 -7.363474 -3.720939 18.141146 -14.052739 -3.242674 6e-06 -18.787266 -3e-06 -0.429711 -8.456042 2.555502 -1e-06 -0.0 0.0 -15.923532 -20.094482 -5.473584 30.419205 -7.190823 1.735925 4e-06 -8.162925 -0.0 -1.861902 -22.861467 -6.167942 0.0 -3e-06 -1e-06 96.204094 -24.24996 -49.159328 141.526733 0.569864 1.309384 -40.564884 0.360405 -39.864662 -19.787703 1.858656 1.525899 -1.0 -1e-06 0.0 -75.698235 -27.321562 -55.686676 138.759766 2.082576 2.190827 -31.035683 5.55351 -34.36581 -12.907567 0.695978 0.183505 -1.000003 -1e-06 -0.0 
0.0 0.0 0.0 0.0 -0.0 0.0 8.261106 14.024657 -23.711226 85.86451 43.394909 89.691696 16.8057 -1.704071 0.222724 0.761116 -0.542414 -0.775708 37.996689 3.695212 -1.672829 15.922742 0.562824 1.932812 -2.399684 -0.749898 0.469793 -34.695473 0.548581 -0.766511 6e-06 -0.0 0.0 0.110587 0.02461 0.174596 0.009405 0.128905 0.223754 0.018571 -0.078468 0.150047 -77.461708 -81.756851 86.01461 72.063255 -39.706535 -43.093517 81.598671 0.532037 -0.569922 -42.62529 -4.527767 72.494003 17.636646 -26.322744 52.411213 -19.466663 -14.3956 29.410393 2e-06 -8.774824 -2e-06 16.602692 -16.918161 5.236848 -0.609777 -1.795654 -3.889327 -4.80709 -11.046815 -2.93785 3e-06 -20.976021 0.0 -5.019974 -25.033562 -4.03188 6e-06 0.0 -0.0 -10.634538 -5.686972 -3.565587 10.573277 -17.922958 -3.113901 1e-06 -13.821211 1e-06 -0.50178 -31.181519 -4.027017 -11.566598 -59.33466 7.051529 -13.982719 -7.150201 -2.875041 13.772734 -8.401493 -3.218241 0.347733 -34.211559 0.771656 -0.963029 -17.733376 2.621021 0.0 0.0 -0.0 -17.346428 -20.095224 -4.20178 21.757568 -1.63838 3.86643 1e-06 -6.338825 -0.0 -1.697592 -22.591755 -6.194008 0.0 -3e-06 -0.0 7.43128 -80.574501 -176.810089 69.853622 -31.604019 -35.148476 70.107414 2.541433 -0.104965 -18.901831 7.124898 52.787712 22.182114 -20.375896 49.933327 -16.701818 -16.743532 28.47654 -2e-06 -12.690603 -1e-06 15.734311 -17.654442 2.746022 -0.105919 -1.513856 -4.275882 -5.039041 -5.612869 -2.953557 5e-06 -11.020525 -3e-06 -6.111296 -15.895328 -3.840472 -0.0 -1e-06 -0.0 -10.283371 -5.680285 -4.341839 11.028296 -11.302406 -2.372634 -1.384266 -14.238578 -6.320122 -0.625435 -26.924185 -3.827601 -4.324381 -49.231953 -3.604713 -13.708525 -7.363472 -3.72094 18.141148 -14.052739 -3.242674 9e-06 -18.78727 -2e-06 -0.429712 -8.456042 2.555504 0.0 -0.0 -0.0 -15.923534 -20.094482 -5.473586 30.419214 -7.190828 1.735925 4e-06 -8.162925 1e-06 -1.861899 -22.861467 -6.167942 -1e-06 -4e-06 -2e-06 96.288193 -24.196224 -49.183064 141.520523 0.561847 1.292655 -40.686726 0.348998 -39.861393 -19.784157 1.845695 1.531719 -0.999996 0.0 1e-06 -75.637634 -27.342192 -55.635735 138.788391 2.094088 2.180246 -31.012505 5.622414 -34.253765 -12.875427 0.687434 0.193234 -1.000003 -0.0 0.0 
0.0 0.0 0.0 0.0 -0.0 0.0 8.277869 14.060694 -23.70702 85.853645 43.402298 89.679077 16.818529 -1.689396 0.229285 0.764358 -0.55584 -0.792138 37.974751 3.684456 -1.660281 15.922862 0.569484 1.934828 -2.399984 -0.744547 0.450445 -34.659496 0.527686 -0.755329 6e-06 0.0 0.0 0.110119 0.023037 0.161401 0.014135 0.126146 0.211142 0.021294 -0.07875 0.136418 -77.563416 -81.762505 86.127243 72.064423 -39.673309 -43.050678 81.558693 0.570245 -0.549224 -42.598099 -4.571448 72.474884 17.636631 -26.32272 52.411171 -19.466656 -14.395596 29.410378 -0.0 -8.774822 -2e-06 16.658995 -16.920702 5.2078 -0.609776 -1.795654 -3.889325 -4.807086 -11.046805 -2.937849 5e-06 -20.976011 -1e-06 -5.01997 -25.033546 -4.031877 6e-06 0.0 0.0 -10.634531 -5.686969 -3.565585 10.573271 -17.922947 -3.113899 2e-06 -13.821204 1e-06 -0.501777 -31.181498 -4.027013 -11.563661 -59.377876 7.036448 -13.982711 -7.150196 -2.87504 13.772727 -8.401492 -3.218241 0.347735 -34.211544 0.771655 -0.963028 -17.733368 2.621021 -0.0 0.0 0.0 -17.346415 -20.095209 -4.201777 21.757555 -1.638376 3.866426 1e-06 -6.338821 -1e-06 -1.697589 -22.591742 -6.194004 0.0 -2e-06 -1e-06 7.570284 -80.571098 -176.879837 69.903053 -31.528467 -35.100681 70.096085 2.608665 -0.129515 -18.964243 7.135055 52.820133 22.182117 -20.375895 49.933323 -16.701818 -16.74353 28.476532 -2e-06 -12.690603 -1e-06 15.712229 -17.651121 2.76172 -0.105919 -1.513857 -4.275882 -5.039042 -5.612873 -2.953558 4e-06 -11.020528 -2e-06 -6.111299 -15.895334 -3.840472 -0.0 -2e-06 0.0 -10.283373 -5.680289 -4.341837 11.028296 -11.302408 -2.372635 -1.384269 -14.238582 -6.320122 -0.625439 -26.924198 -3.827603 -4.341897 -49.215397 -3.576415 -13.708527 -7.363479 -3.720938 18.141153 -14.05274 -3.242675 7e-06 -18.787271 -3e-06 -0.429712 -8.456047 2.555503 0.0 -2e-06 0.0 -15.923538 -20.09449 -5.473583 30.419218 -7.190826 1.735925 4e-06 -8.162925 0.0 -1.861905 -22.861473 -6.167943 1e-06 -2e-06 -1e-06 96.348145 -24.148567 -49.169106 141.513306 0.554027 1.28535 -40.75845 0.383807 -39.844097 -19.783239 1.830277 1.531618 -0.999999 0.0 -0.0 -75.581726 -27.33894 -55.58514 138.798004 2.103173 2.179787 -30.951412 5.710271 -34.161106 -12.86187 0.684926 0.197804 -1.000004 -0.0 -2e-06 
0.0 0.0 0.0 0.0 -0.0 0.0 8.275263 14.082998 -23.702724 85.854034 43.411396 89.681709 16.842615 -1.674062 0.243272 0.77229 -0.572022 -0.811767 37.941845 3.676013 -1.648271 15.923388 0.574923 1.94412 -2.40073 -0.732339 0.405339 -34.595352 0.513215 -0.717788 5e-06 0.0 -0.0 0.109766 0.021019 0.149868 0.018479 0.123098 0.199725 0.024271 -0.079689 0.125193 -77.555214 -81.767632 86.121468 72.094315 -39.627476 -43.089046 81.513924 0.549407 -0.547372 -42.580986 -4.593 72.447777 17.636625 -26.322737 52.411201 -19.466665 -14.395598 29.410395 1e-06 -8.774822 -1e-06 16.684 -16.933743 5.203767 -0.609775 -1.795656 -3.889327 -4.807089 -11.046811 -2.93785 4e-06 -20.976021 -1e-06 -5.01997 -25.03356 -4.031882 6e-06 0.0 -0.0 -10.634534 -5.686975 -3.565587 10.573275 -17.922955 -3.113901 2e-06 -13.821206 0.0 -0.501778 -31.181507 -4.027016 -11.613781 -59.423328 7.078193 -13.982715 -7.150198 -2.875041 13.772731 -8.401494 -3.218243 0.347734 -34.211559 0.771655 -0.963029 -17.733372 2.621019 -0.0 0.0 -0.0 -17.346418 -20.095221 -4.201782 21.757561 -1.638377 3.866426 1e-06 -6.338824 0.0 -1.697589 -22.591753 -6.194008 -0.0 -3e-06 -1e-06 7.721968 -80.575455 -176.980545 69.975845 -31.475733 -35.110195 70.079514 2.648139 -0.135241 -19.069445 7.156942 52.827614 22.182121 -20.375893 49.933315 -16.701817 -16.74353 28.47653 -4e-06 -12.690601 -1e-06 15.676546 -17.655996 2.776412 -0.105919 -1.513856 -4.275881 -5.03904 -5.612871 -2.953557 5e-06 -11.020523 -2e-06 -6.111295 -15.895328 -3.84047 -0.0 -1e-06 -1e-06 -10.28337 -5.680287 -4.341838 11.028296 -11.302406 -2.372633 -1.384266 -14.238577 -6.32012 -0.625435 -26.924187 -3.8276 -4.378686 -49.204681 -3.539905 -13.708525 -7.363473 -3.720939 18.141151 -14.052739 -3.242674 9e-06 -18.78727 -2e-06 -0.429709 -8.45604 2.555503 0.0 -2e-06 -0.0 -15.923532 -20.094481 -5.473586 30.41921 -7.190829 1.735926 4e-06 -8.162922 1e-06 -1.861902 -22.861469 -6.167941 0.0 -2e-06 -1e-06 96.378334 -24.127855 -49.1311 141.518448 0.55813 1.289621 -40.760498 0.439947 -39.787151 -19.775373 1.811781 1.525586 -0.999999 0.0 1e-06 -75.539886 -27.321253 -55.560604 138.799149 2.109735 2.187281 -30.898243 5.766893 -34.129765 -12.866608 0.68312 0.196381 -1.000004 -0.0 -1e-06 
0.0 0.0 0.0 0.0 -0.0 0.0 8.250107 14.079582 -23.691557 85.872025 43.419342 89.706268 16.87011 -1.664893 0.251741 0.780765 -0.583026 -0.823735 37.914059 3.668464 -1.636497 15.909496 0.58182 1.960872 -2.398984 -0.720296 0.348712 -34.534683 0.500082 -0.675304 6e-06 0.0 -0.0 0.110509 0.020744 0.148062 0.026822 0.122246 0.198777 0.032183 -0.079376 0.12302 -77.477074 -81.77195 86.035873 72.153084 -39.583771 -43.211597 81.481331 0.474021 -0.564604 -42.588478 -4.584878 72.503525 17.636631 -26.322741 52.411201 -19.46666 -14.395598 29.410395 -0.0 -8.774824 -1e-06 16.669388 -16.95335 5.219054 -0.609777 -1.795657 -3.889328 -4.807089 -11.046811 -2.93785 4e-06 -20.976021 1e-06 -5.019972 -25.033562 -4.031879 6e-06 0.0 -0.0 -10.634535 -5.686972 -3.565588 10.573277 -17.922953 -3.113901 2e-06 -13.821211 1e-06 -0.501778 -31.181511 -4.027014 -11.678658 -59.44434 7.13038 -13.982716 -7.1502 -2.875041 13.772731 -8.401498 -3.218243 0.347734 -34.211559 0.771656 -0.963029 -17.733376 2.621021 -0.0 1e-06 0.0 -17.346422 -20.095221 -4.201782 21.757561 -1.638377 3.866428 1e-06 -6.338826 0.0 -1.69759 -22.591751 -6.194005 0.0 -3e-06 -2e-06 7.843142 -80.587875 -177.085114 70.048294 -31.464718 -35.205917 70.069641 2.634352 -0.121981 -19.192015 7.192263 52.876633 22.182114 -20.3759 49.933315 -16.701813 -16.74353 28.476534 -1e-06 -12.6906 -1e-06 15.647284 -17.665443 2.781339 -0.105919 -1.513855 -4.275882 -5.03904 -5.612869 -2.953555 4e-06 -11.020526 -1e-06 -6.111297 -15.895332 -3.84047 -0.0 -2e-06 0.0 -10.283368 -5.680287 -4.341839 11.028294 -11.302404 -2.372633 -1.384267 -14.238577 -6.32012 -0.625438 -26.924185 -3.827599 -4.416162 -49.204815 -3.507312 -13.708524 -7.363475 -3.720939 18.141148 -14.052737 -3.242673 6e-06 -18.78727 -0.0 -0.429711 -8.456046 2.555504 -1e-06 -2e-06 -0.0 -15.923532 -20.094482 -5.473584 30.41921 -7.190825 1.735927 4e-06 -8.162925 0.0 -1.861902 -22.861473 -6.16794 -2e-06 -1e-06 -1e-06 96.352913 -24.13431 -49.08762 141.545822 0.568918 1.294695 -40.702053 0.498585 -39.741249 -19.746073 1.79098 1.511303 -0.999998 -0.0 -0.0 -75.533577 -27.29204 -55.58144 138.800903 2.107373 2.194694 -30.888861 5.763953 -34.165947 -12.886639 0.683846 0.190581 -1.000003 1e-06 0.0 
0.0 0.0 0.0 0.0 -0.0 0.0 8.211454 14.066386 -23.673315 85.898117 43.414223 89.739479 16.893589 -1.662244 0.249665 0.782129 -0.586379 -0.814722 37.891052 3.661746 -1.625192 15.887408 0.590685 1.962856 -2.398878 -0.718514 0.303265 -34.492409 0.50002 -0.651646 6e-06 0.0 0.0 0.11297 0.021667 0.150223 0.036518 0.12472 0.203103 0.043195 -0.080061 0.123359 -77.361954 -81.781494 85.924515 72.221161 -39.541599 -43.369705 81.469307 0.370544 -0.584844 -42.609814 -4.53532 72.609505 17.636627 -26.322739 52.411201 -19.466665 -14.395602 29.410398 2e-06 -8.774824 -0.0 16.637119 -16.946011 5.220952 -0.609776 -1.795653 -3.889329 -4.807091 -11.046813 -2.93785 4e-06 -20.976021 -1e-06 -5.019973 -25.03356 -4.031882 6e-06 0.0 -0.0 -10.634535 -5.686969 -3.565588 10.573275 -17.922958 -3.113902 2e-06 -13.821211 -1e-06 -0.501777 -31.181511 -4.027018 -11.706911 -59.43079 7.141781 -13.982716 -7.150201 -2.875041 13.772733 -8.401491 -3.218243 0.347734 -34.211559 0.771652 -0.963028 -17.733372 2.621018 0.0 1e-06 -0.0 -17.346422 -20.095222 -4.201782 21.757563 -1.638375 3.866427 0.0 -6.338824 -0.0 -1.69759 -22.591755 -6.194008 0.0 -4e-06 -1e-06 7.988613 -80.595566 -177.254364 70.096581 -31.500898 -35.348267 70.069679 2.583304 -0.110938 -19.280556 7.241028 52.935329 22.182117 -20.375898 49.933327 -16.701815 -16.743526 28.476534 -2e-06 -12.690601 -1e-06 15.64125 -17.679909 2.774567 -0.105919 -1.513856 -4.275882 -5.039041 -5.612871 -2.953558 4e-06 -11.020528 -2e-06 -6.111297 -15.895332 -3.840471 -1e-06 -1e-06 -0.0 -10.283371 -5.680288 -4.34184 11.028295 -11.302404 -2.372632 -1.384268 -14.238583 -6.320123 -0.625438 -26.924196 -3.827602 -4.44527 -49.247932 -3.477323 -13.708526 -7.363477 -3.720941 18.141148 -14.052742 -3.242673 8e-06 -18.787271 -2e-06 -0.429711 -8.456045 2.555504 -1e-06 1e-06 0.0 -15.923534 -20.094482 -5.473587 30.419214 -7.190826 1.735926 5e-06 -8.162924 0.0 -1.861902 -22.861473 -6.167943 -1e-06 -2e-06 -1e-06 96.274704 -24.148354 -49.039078 141.589508 0.575254 1.303565 -40.60968 0.566234 -39.704971 -19.753784 1.784109 1.501269 -0.999996 -1e-06 1e-06 -75.568054 -27.242001 -55.605576 138.804001 2.107099 2.19621 -30.908068 5.747199 -34.225441 -12.905375 0.684445 0.183193 -1.000002 0.0 -1e-06 
0.0 0.0 0.0 0.0 -0.0 0.0 8.163378 14.051795 -23.64407 85.921776 43.400345 89.767319 16.903231 -1.667902 0.238622 0.781348 -0.583828 -0.786274 37.879135 3.658823 -1.613803 15.862175 0.598731 1.95017 -2.399347 -0.726271 0.28374 -34.47612 0.515244 -0.663009 5e-06 0.0 0.0 0.11641 0.023588 0.155563 0.044385 0.127124 0.211115 0.055126 -0.078823 0.126146 -77.244156 -81.784729 85.793022 72.28817 -39.537544 -43.494278 81.471916 0.292173 -0.611182 -42.624069 -4.46616 72.704285 17.636633 -26.322721 52.411179 -19.466658 -14.395596 29.410381 1e-06 -8.774821 -3e-06 16.612789 -16.915712 5.201297 -0.609777 -1.795654 -3.889326 -4.807088 -11.046807 -2.93785 5e-06 -20.976011 -2e-06 -5.019969 -25.033548 -4.031881 7e-06 0.0 -0.0 -10.634534 -5.686969 -3.565588 10.573272 -17.922945 -3.113899 3e-06 -13.821203 -0.0 -0.501776 -31.181498 -4.027017 -11.703313 -59.39101 7.123656 -13.982712 -7.150198 -2.875041 13.772725 -8.401486 -3.21824 0.347735 -34.211536 0.771653 -0.963028 -17.733364 2.621017 -0.0 0.0 -0.0 -17.346416 -20.095213 -4.201781 21.757555 -1.638372 3.866428 1e-06 -6.338821 -0.0 -1.697589 -22.591738 -6.194004 0.0 -3e-06 -2e-06 8.092175 -80.593704 -177.425781 70.119164 -31.571091 -35.499638 70.062592 2.509778 -0.115042 -19.314508 7.284977 52.966171 22.182116 -20.375895 49.933319 -16.701811 -16.743528 28.476528 -4e-06 -12.6906 -1e-06 15.686967 -17.69837 2.75332 -0.10592 -1.513856 -4.275881 -5.039039 -5.612868 -2.953557 4e-06 -11.020524 -2e-06 -6.111296 -15.895328 -3.84047 -0.0 -2e-06 -1e-06 -10.283369 -5.680287 -4.341839 11.028294 -11.302404 -2.372633 -1.384267 -14.238577 -6.32012 -0.625437 -26.924187 -3.8276 -4.470046 -49.328548 -3.458697 -13.708524 -7.363473 -3.72094 18.141146 -14.052738 -3.242673 7e-06 -18.78727 -1e-06 -0.429711 -8.456041 2.555504 -0.0 1e-06 0.0 -15.923534 -20.094481 -5.473585 30.41921 -7.190827 1.735927 5e-06 -8.162925 0.0 -1.8619 -22.861469 -6.167941 -1e-06 -3e-06 -1e-06 96.159981 -24.165808 -48.969139 141.653976 0.581308 1.306626 -40.530968 0.645566 -39.665779 -19.771107 1.793423 1.497982 -1.000001 -1e-06 -1e-06 -75.613457 -27.166855 -55.631611 138.812164 2.114458 2.189867 -30.966516 5.722939 -34.279518 -12.898483 0.683898 0.17675 -1.000004 -1e-06 -1e-06 
0.0 0.0 0.0 0.0 -0.0 0.0 8.118734 14.039474 -23.60815 85.946213 43.383621 89.796959 16.892744 -1.680302 0.221555 0.781276 -0.574956 -0.752782 37.884533 3.661582 -1.615624 15.84582 0.610146 1.939402 -2.400479 -0.746252 0.285214 -34.48967 0.523616 -0.698779 6e-06 0.0 -0.0 0.120197 0.025093 0.158751 0.049028 0.127993 0.216721 0.064757 -0.07692 0.126815 -77.191055 -81.769157 85.715889 72.354836 -39.548302 -43.537674 81.468269 0.293455 -0.626078 -42.629303 -4.427193 72.764191 17.636631 -26.322727 52.411179 -19.466665 -14.395598 29.410385 -1e-06 -8.774822 -2e-06 16.61207 -16.876434 5.161208 -0.609775 -1.795653 -3.889328 -4.807088 -11.046807 -2.93785 7e-06 -20.976017 -1e-06 -5.019969 -25.033556 -4.031878 6e-06 0.0 -0.0 -10.634533 -5.686968 -3.565586 10.573277 -17.922949 -3.113901 4e-06 -13.821205 0.0 -0.501776 -31.181505 -4.027015 -11.675271 -59.337051 7.085431 -13.982713 -7.150194 -2.875042 13.772731 -8.401493 -3.218243 0.347737 -34.211552 0.771654 -0.963027 -17.73337 2.621019 -0.0 0.0 0.0 -17.346416 -20.095209 -4.20178 21.757557 -1.638378 3.866426 1e-06 -6.338824 -0.0 -1.697588 -22.591742 -6.194004 0.0 -3e-06 -1e-06 8.104595 -80.585434 -177.529877 70.111908 -31.637409 -35.606991 70.048416 2.429119 -0.148119 -19.319035 7.322701 52.977772 22.182114 -20.375889 49.933319 -16.701817 -16.74353 28.476534 -2e-06 -12.690605 -0.0 15.771078 -17.724363 2.727222 -0.10592 -1.513855 -4.275881 -5.039042 -5.612872 -2.953557 4e-06 -11.020528 -2e-06 -6.1113 -15.895334 -3.840472 -0.0 -2e-06 -0.0 -10.283371 -5.68029 -4.341838 11.028296 -11.302407 -2.372635 -1.384268 -14.238584 -6.320122 -0.625439 -26.924194 -3.827604 -4.494307 -49.409801 -3.447628 -13.708526 -7.363479 -3.720938 18.14115 -14.05274 -3.242674 7e-06 -18.787275 -4e-06 -0.429711 -8.456047 2.555502 -1e-06 1e-06 0.0 -15.923539 -20.094486 -5.473582 30.419222 -7.190827 1.735924 4e-06 -8.162927 -1e-06 -1.861902 -22.861479 -6.167945 -2e-06 -3e-06 -1e-06 96.042389 -24.168215 -48.902908 141.723206 0.585792 1.300635 -40.458099 0.735853 -39.622738 -19.804941 1.810593 1.499132 -0.999996 -0.0 0.0 -75.647362 -27.10194 -55.661331 138.830704 2.124647 2.183007 -31.058073 5.684227 -34.315006 -12.878401 0.68351 0.172694 -1.000003 -1e-06 -1e-06 
0.0 0.0 0.0 0.0 -0.0 0.0 8.083395 14.04379 -23.563728 85.956589 43.376492 89.807228 16.886192 -1.694123 0.211142 0.786283 -0.567466 -0.736919 37.881897 3.664348 -1.620972 15.840966 0.619617 1.938349 -2.405402 -0.76339 0.296271 -34.51276 0.532198 -0.706048 6e-06 0.0 -0.0 0.123099 0.024509 0.153243 0.050153 0.12752 0.212959 0.071302 -0.077918 0.119456 -77.24353 -81.741859 85.733131 72.393501 -39.581882 -43.51128 81.460228 0.355988 -0.616847 -42.630848 -4.438679 72.786232 17.636631 -26.322739 52.411201 -19.466658 -14.3956 29.410395 2e-06 -8.774822 -2e-06 16.628914 -16.844709 5.117062 -0.609776 -1.795654 -3.889328 -4.807089 -11.046813 -2.93785 3e-06 -20.976021 1e-06 -5.019974 -25.03356 -4.031879 6e-06 0.0 -0.0 -10.634535 -5.686971 -3.565588 10.573274 -17.922951 -3.1139 2e-06 -13.821208 2e-06 -0.501781 -31.181507 -4.027012 -11.62909 -59.292961 7.035916 -13.982714 -7.150199 -2.875041 13.772729 -8.401491 -3.218241 0.347731 -34.211555 0.771658 -0.96303 -17.73337 2.621019 -0.0 1e-06 0.0 -17.346422 -20.095219 -4.20178 21.757561 -1.638376 3.866429 0.0 -6.338822 1e-06 -1.697592 -22.591747 -6.194004 -0.0 -3e-06 -2e-06 8.053736 -80.573685 -177.551285 70.101242 -31.6863 -35.665916 70.024124 2.359478 -0.190477 -19.312145 7.350483 52.96431 22.182117 -20.375893 49.933323 -16.701817 -16.74353 28.476534 -2e-06 -12.690602 -1e-06 15.840861 -17.739626 2.706753 -0.105919 -1.513856 -4.275882 -5.039042 -5.612871 -2.953557 4e-06 -11.020523 -2e-06 -6.111298 -15.89533 -3.840472 -0.0 -2e-06 -1e-06 -10.283371 -5.680288 -4.341839 11.028294 -11.302404 -2.372633 -1.384268 -14.238578 -6.320121 -0.62544 -26.924187 -3.827601 -4.505828 -49.458927 -3.444157 -13.708525 -7.363475 -3.72094 18.141148 -14.052737 -3.242673 7e-06 -18.78727 -2e-06 -0.429712 -8.456042 2.555504 -0.0 -0.0 0.0 -15.923536 -20.094482 -5.473587 30.41921 -7.190827 1.735927 5e-06 -8.162922 1e-06 -1.861902 -22.861471 -6.167942 -1e-06 -2e-06 -1e-06 95.958725 -24.151594 -48.827145 141.799377 0.587109 1.292552 -40.411411 0.852049 -39.574089 -19.855068 1.824307 1.505047 -0.999999 -0.0 0.0 -75.637589 -27.028837 -55.692146 138.859833 2.131347 2.189233 -31.166489 5.655093 -34.350338 -12.873211 0.681652 0.168131 -1.000005 -0.0 -2e-06 
0.0 0.0 0.0 0.0 -0.0 0.0 8.04723 14.056194 -23.521317 85.945854 43.380859 89.791054 16.88291 -1.704998 0.210285 0.789285 -0.567518 -0.748007 37.874367 3.661201 -1.611394 15.843444 0.626442 1.936543 -2.413806 -0.774749 0.310078 -34.514877 0.543332 -0.690516 6e-06 0.0 0.0 0.124434 0.022594 0.14489 0.047846 0.125635 0.20509 0.072481 -0.08007 0.110468 -77.381256 -81.717651 85.843689 72.398987 -39.610558 -43.485214 81.459908 0.398363 -0.575133 -42.67474 -4.48764 72.797722 17.636627 -26.322727 52.411186 -19.46666 -14.395598 29.410385 -0.0 -8.774822 -1e-06 16.647053 -16.833292 5.085685 -0.609776 -1.795652 -3.889327 -4.807088 -11.046809 -2.937849 4e-06 -20.976015 -1e-06 -5.019971 -25.033556 -4.031879 6e-06 0.0 -0.0 -10.634533 -5.686969 -3.565586 10.573275 -17.922949 -3.113901 2e-06 -13.821205 1e-06 -0.501778 -31.181498 -4.027015 -11.588699 -59.262371 6.991103 -13.982714 -7.150194 -2.875042 13.772731 -8.401491 -3.218241 0.347735 -34.211555 0.771654 -0.963028 -17.73337 2.62102 0.0 1e-06 -0.0 -17.346415 -20.095215 -4.201779 21.757557 -1.638373 3.866426 1e-06 -6.338821 -0.0 -1.69759 -22.591742 -6.194004 0.0 -3e-06 -1e-06 8.02955 -80.560081 -177.55777 70.10421 -31.704311 -35.703197 69.996765 2.29968 -0.220227 -19.320572 7.365589 52.93837 22.182117 -20.375891 49.933315 -16.701817 -16.74353 28.476532 -1e-06 -12.690602 -2e-06 15.879352 -17.73978 2.701206 -0.10592 -1.513856 -4.275882 -5.039041 -5.61287 -2.953557 4e-06 -11.020525 -2e-06 -6.111299 -15.89533 -3.840471 0.0 -0.0 -0.0 -10.283371 -5.680287 -4.341839 11.028296 -11.302406 -2.372633 -1.384269 -14.238578 -6.32012 -0.625438 -26.924189 -3.827601 -4.511422 -49.475742 -3.434789 -13.708526 -7.363476 -3.72094 18.14115 -14.052735 -3.242673 6e-06 -18.78727 -1e-06 -0.429712 -8.456043 2.555504 0.0 1e-06 0.0 -15.923536 -20.094479 -5.473587 30.41921 -7.190826 1.735927 4e-06 -8.162924 0.0 -1.861903 -22.861469 -6.167942 -2e-06 -2e-06 -1e-06 95.901611 -24.156298 -48.726826 141.879929 0.592137 1.290983 -40.367695 0.979304 -39.509502 -19.901201 1.832215 1.508976 -0.999997 -1e-06 0.0 -75.591988 -26.932066 -55.740582 138.878891 2.133325 2.198606 -31.286327 5.626956 -34.432144 -12.882366 0.677603 0.165524 -1.000004 -1e-06 -1e-06 
0.0 0.0 0.0 0.0 -0.0 0.0 8.008083 14.059335 -23.485218 85.911865 43.393761 89.750542 16.885664 -1.710299 0.217396 0.792498 -0.574758 -0.781974 37.86161 3.657652 -1.585465 15.830356 0.634353 1.934503 -2.42071 -0.778876 0.323429 -34.49247 0.545206 -0.656474 6e-06 0.0 -0.0 0.124538 0.021035 0.141863 0.044234 0.124623 0.202079 0.068859 -0.082162 0.107251 -77.612038 -81.698227 86.047905 72.385788 -39.626526 -43.444672 81.454361 0.431196 -0.528825 -42.742973 -4.525791 72.858002 17.636625 -26.322733 52.411182 -19.466665 -14.395602 29.410389 2e-06 -8.774822 -1e-06 16.663908 -16.853668 5.080297 -0.609776 -1.795654 -3.889328 -4.807089 -11.046809 -2.937849 3e-06 -20.976019 -0.0 -5.019974 -25.03356 -4.031879 6e-06 0.0 -0.0 -10.634535 -5.686973 -3.565587 10.573277 -17.922951 -3.1139 2e-06 -13.821206 1e-06 -0.501779 -31.181507 -4.027015 -11.581954 -59.259521 6.981659 -13.982716 -7.150198 -2.875041 13.772732 -8.401493 -3.218243 0.347733 -34.211559 0.771656 -0.963029 -17.733374 2.621018 0.0 0.0 0.0 -17.346422 -20.095217 -4.20178 21.757565 -1.638376 3.866426 1e-06 -6.338824 -1e-06 -1.697591 -22.591753 -6.194004 0.0 -3e-06 -2e-06 8.027824 -80.546944 -177.563141 70.112869 -31.705879 -35.739407 69.96814 2.240786 -0.221399 -19.323826 7.356042 52.914013 22.182106 -20.375885 49.933308 -16.701815 -16.743526 28.47653 -2e-06 -12.6906 -0.0 15.880894 -17.724272 2.705784 -0.10592 -1.513855 -4.275881 -5.039039 -5.61287 -2.953557 4e-06 -11.020525 -3e-06 -6.111296 -15.895334 -3.840471 -0.0 -1e-06 -1e-06 -10.283367 -5.680288 -4.341837 11.028292 -11.302404 -2.372634 -1.384268 -14.238578 -6.320121 -0.625436 -26.924191 -3.827603 -4.510346 -49.452927 -3.427566 -13.70852 -7.363476 -3.720938 18.141146 -14.052736 -3.242676 6e-06 -18.787266 -3e-06 -0.429711 -8.456039 2.555502 -1e-06 -0.0 0.0 -15.923531 -20.094481 -5.473583 30.419205 -7.190826 1.735923 4e-06 -8.162925 -1e-06 -1.8619 -22.861467 -6.167943 -2e-06 -4e-06 -1e-06 95.836021 -24.192339 -48.614578 141.962494 0.597474 1.290923 -40.302387 1.095447 -39.456226 -19.924965 1.830888 1.509427 -0.999998 -0.0 -0.0 -75.538879 -26.820776 -55.815289 138.883987 2.133684 2.20146 -31.409449 5.585043 -34.536552 -12.916611 0.677933 0.161823 -1.000004 0.0 -1e-06 
0.0 0.0 0.0 0.0 -0.0 0.0 7.980209 14.044923 -23.465773 85.868965 43.404812 89.696388 16.895044 -1.716553 0.226818 0.791014 -0.584922 -0.819121 37.8461 3.660107 -1.54952 15.800808 0.643151 1.923223 -2.424315 -0.779894 0.341255 -34.474747 0.538918 -0.63303 5e-06 -0.0 -0.0 0.124033 0.020509 0.144793 0.037044 0.125119 0.204682 0.058809 -0.083462 0.110166 -77.757095 -81.67157 86.174843 72.398407 -39.634926 -43.427708 81.452843 0.462628 -0.520881 -42.808781 -4.526804 73.054146 17.636629 -26.322725 52.411182 -19.466652 -14.395594 29.410378 2e-06 -8.774819 -2e-06 16.672815 -16.883596 5.09655 -0.609776 -1.795657 -3.889328 -4.807088 -11.046808 -2.93785 5e-06 -20.976013 -1e-06 -5.019969 -25.033552 -4.031882 7e-06 0.0 -0.0 -10.634533 -5.686971 -3.565588 10.573272 -17.922947 -3.113899 2e-06 -13.821203 1e-06 -0.501777 -31.181498 -4.027016 -11.604072 -59.280327 7.008672 -13.982712 -7.150198 -2.875043 13.772728 -8.401493 -3.21824 0.347735 -34.211555 0.771654 -0.963028 -17.73337 2.621019 -0.0 1e-06 0.0 -17.346415 -20.095215 -4.201784 21.757557 -1.638376 3.866429 1e-06 -6.338822 -1e-06 -1.697589 -22.591738 -6.194005 -0.0 -4e-06 -2e-06 7.976845 -80.536476 -177.51413 70.113884 -31.711733 -35.750641 69.954758 2.207918 -0.193713 -19.34938 7.343429 52.933716 22.182114 -20.375887 49.933296 -16.701807 -16.743525 28.476519 -2e-06 -12.690599 -2e-06 15.861282 -17.699327 2.725595 -0.105919 -1.513856 -4.27588 -5.03904 -5.612869 -2.953556 3e-06 -11.020521 -2e-06 -6.111297 -15.895328 -3.840471 -0.0 -1e-06 -0.0 -10.283369 -5.680289 -4.341836 11.028292 -11.3024 -2.372632 -1.384269 -14.238575 -6.320119 -0.625439 -26.924183 -3.8276 -4.513163 -49.426456 -3.414046 -13.708524 -7.363474 -3.720938 18.141146 -14.052737 -3.242672 7e-06 -18.787266 -1e-06 -0.429712 -8.456042 2.555503 -0.0 -0.0 0.0 -15.923534 -20.094479 -5.473584 30.419207 -7.190826 1.735928 5e-06 -8.162922 1e-06 -1.861902 -22.861467 -6.167941 -1e-06 -2e-06 -1e-06 95.759262 -24.245621 -48.533478 142.02121 0.59981 1.297912 -40.239536 1.148572 -39.450581 -19.956135 1.830117 1.509629 -1.0 -1e-06 -1e-06 -75.523994 -26.730349 -55.875591 138.877182 2.139594 2.182329 -31.479172 5.554825 -34.61829 -12.97047 0.680267 0.156658 -1.000004 0.0 -1e-06 
0.0 0.0 0.0 0.0 -0.0 0.0 7.978138 14.027005 -23.464787 85.834694 43.412151 89.651688 16.90913 -1.727945 0.238614 0.791135 -0.585113 -0.845922 37.823975 3.664153 -1.517651 15.764782 0.651279 1.910392 -2.425884 -0.780348 0.341229 -34.463501 0.535469 -0.634501 6e-06 -0.0 -0.0 0.122466 0.021071 0.15187 0.029642 0.126915 0.211492 0.048714 -0.083863 0.117269 -77.74485 -81.643562 86.150276 72.440254 -39.633171 -43.416664 81.453835 0.510321 -0.541639 -42.841942 -4.506549 73.334747 17.636627 -26.322725 52.411186 -19.466663 -14.395596 29.410389 0.0 -8.774821 -2e-06 16.664646 -16.90811 5.123415 -0.609775 -1.795654 -3.889328 -4.807088 -11.04681 -2.93785 5e-06 -20.976021 -2e-06 -5.019969 -25.033562 -4.031882 6e-06 0.0 -0.0 -10.634535 -5.68697 -3.565587 10.573275 -17.922956 -3.113903 3e-06 -13.821211 -0.0 -0.501776 -31.181511 -4.027017 -11.609028 -59.298561 7.038085 -13.982714 -7.150197 -2.875042 13.772729 -8.401493 -3.218241 0.347736 -34.211555 0.771652 -0.963028 -17.733372 2.621019 -0.0 0.0 0.0 -17.346418 -20.095219 -4.201783 21.757557 -1.638374 3.866427 1e-06 -6.338826 -1e-06 -1.697588 -22.591749 -6.194008 -0.0 -2e-06 -2e-06 7.895153 -80.529709 -177.443481 70.111374 -31.731451 -35.763298 69.946121 2.184309 -0.170456 -19.408443 7.34551 52.979309 22.182106 -20.375889 49.933319 -16.701811 -16.743528 28.47653 -2e-06 -12.690598 -0.0 15.833199 -17.676554 2.751642 -0.105919 -1.513856 -4.275883 -5.039039 -5.612869 -2.953556 4e-06 -11.020526 -2e-06 -6.111297 -15.895334 -3.84047 0.0 -2e-06 -1e-06 -10.283367 -5.680286 -4.341839 11.028292 -11.302406 -2.372633 -1.384268 -14.238576 -6.320119 -0.625438 -26.924189 -3.827602 -4.525474 -49.416019 -3.39101 -13.70852 -7.363476 -3.720939 18.141146 -14.052738 -3.242676 7e-06 -18.78727 -3e-06 -0.42971 -8.456042 2.555503 -1e-06 -2e-06 -0.0 -15.92353 -20.094481 -5.473584 30.419205 -7.190823 1.735924 5e-06 -8.162925 -1e-06 -1.8619 -22.861467 -6.167942 -1e-06 -3e-06 -1e-06 95.707832 -24.271051 -48.495872 142.03656 0.603945 1.309698 -40.188969 1.158487 -39.451485 -20.000067 1.825307 1.515339 -0.999997 -0.0 -0.0 -75.533142 -26.700293 -55.885498 138.870499 2.154951 2.148905 -31.487097 5.554985 -34.612999 -13.010366 0.680934 0.154212 -1.000003 -1e-06 -0.0 
0.0 0.0 0.0 0.0 -0.0 0.0 8.009102 14.012265 -23.478464 85.808975 43.412636 89.62352 16.919064 -1.737592 0.250163 0.793755 -0.575625 -0.858079 37.804298 3.666708 -1.501453 15.744835 0.645529 1.905536 -2.422041 -0.773991 0.328753 -34.476883 0.537916 -0.644402 6e-06 -0.0 -0.0 0.120322 0.020989 0.154172 0.019247 0.127779 0.212622 0.037257 -0.084755 0.120376 -77.710396 -81.622177 86.10878 72.477722 -39.610008 -43.377003 81.447922 0.576007 -0.555418 -42.834049 -4.495942 73.540932 17.636635 -26.322741 52.411205 -19.466654 -14.395596 29.410389 1e-06 -8.774819 -1e-06 16.651283 -16.910849 5.137913 -0.609776 -1.795654 -3.889328 -4.807089 -11.046809 -2.93785 3e-06 -20.976015 0.0 -5.01997 -25.033556 -4.031881 6e-06 0.0 0.0 -10.634533 -5.686975 -3.565588 10.57327 -17.922951 -3.113898 2e-06 -13.821206 2e-06 -0.501777 -31.181505 -4.027017 -11.563353 -59.290073 7.045207 -13.982712 -7.150198 -2.875043 13.772727 -8.401492 -3.218241 0.347732 -34.211544 0.771655 -0.96303 -17.73337 2.62102 0.0 0.0 0.0 -17.346416 -20.095217 -4.201785 21.757555 -1.638373 3.86643 0.0 -6.338822 1e-06 -1.697589 -22.591742 -6.194006 0.0 -3e-06 -2e-06 7.807239 -80.534683 -177.370651 70.110863 -31.761415 -35.776699 69.932686 2.184303 -0.172638 -19.460398 7.365398 53.004414 22.182112 -20.375898 49.933323 -16.701807 -16.743528 28.476526 -1e-06 -12.690598 -1e-06 15.819084 -17.666164 2.774471 -0.10592 -1.513855 -4.275882 -5.03904 -5.612868 -2.953555 4e-06 -11.020523 -2e-06 -6.111296 -15.895328 -3.840469 -0.0 -2e-06 -0.0 -10.283369 -5.680287 -4.341837 11.028291 -11.302402 -2.372632 -1.384268 -14.238575 -6.32012 -0.625438 -26.924181 -3.827599 -4.541947 -49.42572 -3.375096 -13.70852 -7.363474 -3.720939 18.141144 -14.052736 -3.242672 6e-06 -18.787262 0.0 -0.429713 -8.456041 2.555504 -0.0 -0.0 -0.0 -15.923531 -20.094477 -5.473585 30.419205 -7.190825 1.735926 4e-06 -8.162922 1e-06 -1.861903 -22.861464 -6.167939 -2e-06 -3e-06 -1e-06 95.707214 -24.257383 -48.518875 142.005859 0.610756 1.31659 -40.181625 1.113072 -39.445923 -20.044216 1.821446 1.525062 -1.0 -1e-06 -0.0 -75.548508 -26.750685 -55.853626 138.873672 2.174806 2.110624 -31.43042 5.584054 -34.515911 -13.01506 0.674245 0.151578 -1.000006 1e-06 -0.0 
0.0 0.0 0.0 0.0 -0.0 0.0 8.059581 14.006704 -23.495811 85.797607 43.396259 89.614075 16.917761 -1.748343 0.255036 0.798089 -0.562788 -0.847991 37.778069 3.670601 -1.511651 15.753435 0.633299 1.897027 -2.419022 -0.761115 0.317481 -34.500175 0.549802 -0.649355 6e-06 -0.0 0.0 0.120332 0.019445 0.148051 0.010326 0.127367 0.204882 0.028633 -0.087424 0.115506 -77.658615 -81.604034 86.062775 72.482056 -39.575935 -43.303059 81.441727 0.651774 -0.556388 -42.796303 -4.508771 73.552437 17.636618 -26.322729 52.411201 -19.466665 -14.395602 29.410395 0.0 -8.774823 0.0 16.644747 -16.899189 5.147604 -0.609776 -1.795652 -3.889328 -4.807091 -11.046811 -2.93785 2e-06 -20.976019 -1e-06 -5.019974 -25.03356 -4.031882 6e-06 0.0 0.0 -10.634533 -5.68697 -3.565586 10.573272 -17.922947 -3.113903 1e-06 -13.821209 0.0 -0.501778 -31.181507 -4.027019 -11.517298 -59.292225 7.062991 -13.982714 -7.1502 -2.875042 13.772731 -8.401489 -3.218243 0.347729 -34.211555 0.771655 -0.963031 -17.73337 2.621017 0.0 0.0 -0.0 -17.346422 -20.095221 -4.20178 21.757561 -1.638375 3.866425 -0.0 -6.338824 -0.0 -1.697591 -22.591751 -6.194008 -0.0 -3e-06 -2e-06 7.800147 -80.547302 -177.386032 70.119141 -31.804697 -35.775848 69.917969 2.203101 -0.179553 -19.487228 7.384777 53.007099 22.182106 -20.375898 49.933327 -16.701817 -16.74353 28.476536 -2e-06 -12.690601 0.0 15.805066 -17.68215 2.805621 -0.10592 -1.513856 -4.275881 -5.039041 -5.612872 -2.953557 5e-06 -11.020527 -3e-06 -6.111294 -15.89533 -3.840471 0.0 -1e-06 0.0 -10.283369 -5.680288 -4.341839 11.028296 -11.302406 -2.372634 -1.384266 -14.238581 -6.320122 -0.625433 -26.924191 -3.827603 -4.567444 -49.468906 -3.362096 -13.708524 -7.363476 -3.720939 18.141153 -14.052737 -3.242677 7e-06 -18.78727 -2e-06 -0.429712 -8.456045 2.555504 -0.0 -0.0 0.0 -15.923532 -20.094482 -5.473587 30.41921 -7.190827 1.735924 4e-06 -8.162925 0.0 -1.861902 -22.861469 -6.167942 -1e-06 -2e-06 -1e-06 95.749039 -24.220972 -48.588818 141.95015 0.621499 1.315683 -40.226936 1.02898 -39.422897 -20.068405 1.82261 1.533267 -0.999998 -0.0 -0.0 -75.569435 -26.853226 -55.800182 138.888504 2.19316 2.084563 -31.343964 5.620935 -34.381256 -12.980666 0.663938 0.147567 -1.000005 -0.0 -1e-06 
0.0 0.0 0.0 0.0 -0.0 0.0 8.111976 14.003539 -23.507557 85.800133 43.37257 89.620415 16.918596 -1.756342 0.253931 0.805762 -0.549526 -0.825442 37.741051 3.671201 -1.534961 15.779743 0.616893 1.906618 -2.41905 -0.747247 0.289793 -34.519279 0.563441 -0.645859 6e-06 0.0 0.0 0.120958 0.017365 0.136699 0.005024 0.126181 0.192219 0.02448 -0.090528 0.105213 -77.627998 -81.59169 86.041985 72.452698 -39.54319 -43.231903 81.445503 0.701562 -0.558426 -42.757641 -4.534577 73.449715 17.636633 -26.322727 52.411186 -19.466663 -14.395592 29.410389 1e-06 -8.77482 -3e-06 16.647356 -16.882385 5.149441 -0.609777 -1.795654 -3.889327 -4.807088 -11.046813 -2.93785 5e-06 -20.976019 -2e-06 -5.019969 -25.03356 -4.031882 6e-06 0.0 -0.0 -10.634533 -5.686971 -3.565587 10.573272 -17.922951 -3.1139 3e-06 -13.821206 0.0 -0.501775 -31.181505 -4.027017 -11.49889 -59.302757 7.084023 -13.982712 -7.150198 -2.875043 13.77273 -8.401494 -3.218241 0.347736 -34.211555 0.771653 -0.963027 -17.73337 2.621018 1e-06 0.0 -0.0 -17.346416 -20.095217 -4.201783 21.757557 -1.638377 3.866428 1e-06 -6.338823 -0.0 -1.697589 -22.591743 -6.194007 -0.0 -3e-06 -1e-06 7.875862 -80.567307 -177.48674 70.128868 -31.849524 -35.744991 69.902679 2.224892 -0.183637 -19.501911 7.404221 52.932205 22.182117 -20.375898 49.933327 -16.701813 -16.743528 28.47653 -0.0 -12.690601 -1e-06 15.787648 -17.709364 2.824421 -0.105919 -1.513857 -4.275882 -5.039041 -5.612871 -2.953557 4e-06 -11.020526 -2e-06 -6.111298 -15.895334 -3.840471 -0.0 -1e-06 -1e-06 -10.283371 -5.680289 -4.341839 11.028294 -11.302407 -2.372633 -1.384268 -14.238583 -6.320121 -0.625442 -26.924194 -3.8276 -4.588061 -49.492603 -3.360629 -13.708525 -7.363478 -3.72094 18.141148 -14.05274 -3.242672 6e-06 -18.787271 -1e-06 -0.429712 -8.456044 2.555504 -0.0 -2e-06 -0.0 -15.923536 -20.09449 -5.473584 30.419214 -7.190827 1.735926 3e-06 -8.162927 -0.0 -1.861904 -22.861473 -6.167942 -1e-06 -2e-06 -1e-06 95.798912 -24.173311 -48.679729 141.895187 0.631308 1.308937 -40.291546 0.936966 -39.400288 -20.037006 1.824393 1.533037 -0.999999 1e-06 0.0 -75.602112 -26.966702 -55.744411 138.914047 2.205391 2.080446 -31.27903 5.640183 -34.302155 -12.9549 0.653961 0.142378 -1.000004 0.0 -1e-06 
0.0 0.0 0.0 0.0 -0.0 0.0 8.142201 13.991314 -23.512299 85.817261 43.351128 89.638474 16.930908 -1.758514 0.251822 0.81262 -0.541985 -0.804215 37.697937 3.667771 -1.563927 15.802782 0.608677 1.928324 -2.42147 -0.740954 0.25869 -34.52552 0.56508 -0.642211 6e-06 0.0 -0.0 0.123125 0.016525 0.131456 0.007231 0.125396 0.186248 0.027709 -0.091555 0.10052 -77.64299 -81.58667 86.052666 72.411415 -39.529015 -43.210548 81.454597 0.696451 -0.544356 -42.742001 -4.595945 73.313278 17.636627 -26.322737 52.411213 -19.46666 -14.395596 29.410395 2e-06 -8.774822 -1e-06 16.632853 -16.874771 5.146128 -0.609777 -1.795656 -3.88933 -4.80709 -11.046814 -2.93785 2e-06 -20.976019 -1e-06 -5.019973 -25.03356 -4.031883 6e-06 0.0 -0.0 -10.634535 -5.686975 -3.565588 10.573271 -17.922951 -3.113901 1e-06 -13.821208 1e-06 -0.50178 -31.181505 -4.027019 -11.48572 -59.283161 7.067504 -13.982712 -7.150203 -2.875043 13.772729 -8.401489 -3.218241 0.34773 -34.211555 0.771654 -0.96303 -17.733372 2.621019 0.0 1e-06 -1e-06 -17.346422 -20.095222 -4.201783 21.757559 -1.63837 3.86643 0.0 -6.338822 -0.0 -1.697591 -22.591747 -6.194009 -0.0 -3e-06 -2e-06 8.041597 -80.591179 -177.679504 70.144722 -31.903837 -35.727787 69.899895 2.215776 -0.174897 -19.524349 7.422447 52.795055 22.182121 -20.375904 49.933342 -16.701818 -16.743534 28.476538 -3e-06 -12.690605 -1e-06 15.757069 -17.722492 2.827602 -0.105919 -1.513856 -4.275883 -5.039042 -5.612871 -2.953558 4e-06 -11.020527 -2e-06 -6.111298 -15.895334 -3.840471 -0.0 -2e-06 -1e-06 -10.283373 -5.68029 -4.341841 11.028297 -11.302407 -2.372633 -1.384268 -14.238583 -6.320122 -0.625438 -26.924194 -3.827601 -4.582501 -49.471981 -3.372248 -13.708529 -7.363477 -3.720942 18.141153 -14.052739 -3.242675 6e-06 -18.787271 -1e-06 -0.429712 -8.456047 2.555505 -0.0 1e-06 -0.0 -15.923539 -20.094486 -5.473587 30.419218 -7.190825 1.735929 4e-06 -8.162927 1e-06 -1.861904 -22.861473 -6.167942 -0.0 -2e-06 -1e-06 95.816345 -24.148012 -48.746864 141.862762 0.645547 1.301592 -40.296757 0.885946 -39.375401 -19.952307 1.81759 1.52401 -1.000001 -1e-06 0.0 -75.652039 -27.046871 -55.719574 138.935654 2.205754 2.09948 -31.247036 5.619037 -34.325958 -12.95034 0.64832 0.139274 -1.000004 -1e-06 -0.0 
0.0 0.0 0.0 0.0 -0.0 0.0 8.145538 13.964683 -23.515699 85.84317 43.34132 89.657631 16.956675 -1.755338 0.252738 0.810224 -0.540424 -0.79051 37.665592 3.659062 -1.593859 15.796889 0.612523 1.951344 -2.42297 -0.7336 0.216588 -34.530029 0.559987 -0.624413 6e-06 -0.0 -0.0 0.126509 0.017371 0.134514 0.012602 0.125192 0.189289 0.03352 -0.089779 0.103405 -77.652885 -81.585342 86.045021 72.37413 -39.530712 -43.250072 81.453506 0.628533 -0.524651 -42.728168 -4.656658 73.221054 17.636631 -26.322729 52.411213 -19.466665 -14.395597 29.410395 2e-06 -8.774822 -2e-06 16.600378 -16.879986 5.147243 -0.609777 -1.795656 -3.88933 -4.80709 -11.046811 -2.93785 3e-06 -20.976019 -2e-06 -5.019974 -25.03356 -4.031885 6e-06 0.0 -0.0 -10.634535 -5.68697 -3.56559 10.573274 -17.922953 -3.113901 2e-06 -13.821206 0.0 -0.501779 -31.181505 -4.02702 -11.48525 -59.24136 7.021945 -13.982716 -7.1502 -2.875042 13.772731 -8.401489 -3.218244 0.347732 -34.211555 0.771653 -0.963029 -17.73337 2.621018 0.0 1e-06 -0.0 -17.346424 -20.095217 -4.201784 21.757561 -1.638373 3.866428 0.0 -6.338823 -1e-06 -1.697592 -22.591749 -6.194009 -0.0 -3e-06 -2e-06 8.259686 -80.603027 -177.925827 70.157021 -31.958736 -35.730091 69.89933 2.172506 -0.157242 -19.533283 7.446563 52.608673 22.18211 -20.375893 49.933319 -16.701815 -16.743528 28.476532 -1e-06 -12.690601 0.0 15.718514 -17.719334 2.822407 -0.105919 -1.513857 -4.275882 -5.03904 -5.61287 -2.953555 4e-06 -11.020527 -3e-06 -6.111297 -15.895338 -3.84047 -1e-06 -1e-06 -1e-06 -10.283369 -5.680288 -4.341839 11.028295 -11.302409 -2.372634 -1.384267 -14.23858 -6.320121 -0.625436 -26.924192 -3.827604 -4.552374 -49.43409 -3.390323 -13.708523 -7.363476 -3.720938 18.14115 -14.052739 -3.242678 6e-06 -18.78727 -2e-06 -0.429711 -8.456041 2.555503 -0.0 -2e-06 -0.0 -15.923532 -20.094482 -5.473585 30.41921 -7.190823 1.735924 3e-06 -8.162925 -0.0 -1.861902 -22.861469 -6.167942 -1e-06 -2e-06 -1e-06 95.798759 -24.164221 -48.797379 141.852798 0.653814 1.301457 -40.276489 0.835422 -39.39249 -19.828003 1.806584 1.511054 -0.999998 1e-06 -0.0 -75.7202 -27.077892 -55.721497 138.942505 2.199177 2.125954 -31.228502 5.571069 -34.431091 -12.957529 0.647871 0.137298 -1.000006 0.0 -1e-06 
0.0 0.0 0.0 0.0 -0.0 0.0 8.12629 13.924986 -23.529623 85.866943 43.332283 89.669838 16.982098 -1.751703 0.259096 0.793237 -0.54358 -0.786367 37.652557 3.652404 -1.610725 15.764157 0.626479 1.975823 -2.424275 -0.720934 0.170726 -34.543789 0.548584 -0.60401 6e-06 0.0 -0.0 0.130749 0.020553 0.149423 0.020813 0.126943 0.204807 0.042827 -0.085248 0.11753 -77.629303 -81.589592 85.98735 72.344116 -39.561108 -43.329121 81.456825 0.518963 -0.485633 -42.718998 -4.690174 73.17347 17.636631 -26.322739 52.411217 -19.466663 -14.395602 29.410395 3e-06 -8.774823 -1e-06 16.559204 -16.888695 5.149823 -0.609776 -1.795656 -3.889329 -4.807091 -11.046809 -2.937851 3e-06 -20.976019 -1e-06 -5.019974 -25.03356 -4.031883 6e-06 0.0 -0.0 -10.634538 -5.686975 -3.565588 10.573277 -17.922953 -3.113901 2e-06 -13.821209 1e-06 -0.501779 -31.181507 -4.027019 -11.489235 -59.183796 6.961691 -13.982718 -7.150202 -2.875041 13.772733 -8.401493 -3.218242 0.347731 -34.211555 0.771656 -0.96303 -17.73337 2.621019 -0.0 0.0 -0.0 -17.346426 -20.095224 -4.201783 21.757566 -1.638372 3.866429 0.0 -6.338823 -0.0 -1.697592 -22.591749 -6.194007 -0.0 -3e-06 -3e-06 8.511934 -80.591179 -178.202225 70.149437 -32.007317 -35.709904 69.9282 2.130145 -0.136409 -19.546705 7.464365 52.421581 22.182121 -20.3759 49.933327 -16.70182 -16.743538 28.476532 -2e-06 -12.690607 -1e-06 15.689548 -17.698862 2.806878 -0.10592 -1.513857 -4.275883 -5.039042 -5.61287 -2.953557 4e-06 -11.020525 -2e-06 -6.111299 -15.895332 -3.840471 -0.0 -1e-06 -1e-06 -10.283374 -5.680288 -4.341839 11.028299 -11.302407 -2.372635 -1.384268 -14.238579 -6.320121 -0.625438 -26.924194 -3.827603 -4.513468 -49.412048 -3.40469 -13.70853 -7.363477 -3.720938 18.141157 -14.052739 -3.242676 6e-06 -18.78727 -1e-06 -0.42971 -8.456043 2.555504 -1e-06 -0.0 0.0 -15.923539 -20.094484 -5.473584 30.419228 -7.190827 1.735926 4e-06 -8.162927 1e-06 -1.861905 -22.861473 -6.167941 1e-06 -1e-06 -1e-06 95.723145 -24.217461 -48.821743 141.848999 0.651468 1.300937 -40.211819 0.794769 -39.419479 -19.712862 1.799141 1.502404 -0.999999 -1e-06 0.0 -75.813454 -27.068054 -55.741299 138.920364 2.192068 2.144006 -31.198242 5.513672 -34.574371 -12.993372 0.652768 0.13713 -1.000003 -1e-06 -1e-06 
0.0 0.0 0.0 0.0 -0.0 0.0 8.101587 13.903534 -23.550602 85.886185 43.310246 89.673294 16.98624 -1.75365 0.270846 0.767182 -0.545987 -0.786218 37.655972 3.645834 -1.622212 15.713037 0.644992 1.981642 -2.42116 -0.698887 0.142429 -34.561104 0.545748 -0.563276 5e-06 0.0 -0.0 0.13508 0.023233 0.164676 0.032995 0.128169 0.221988 0.057013 -0.081316 0.130736 -77.469574 -81.591743 85.789253 72.322418 -39.609383 -43.437489 81.466927 0.389048 -0.448636 -42.680714 -4.707568 73.134705 17.636625 -26.322729 52.411186 -19.46666 -14.395598 29.410389 1e-06 -8.774821 -1e-06 16.526731 -16.893864 5.152208 -0.609775 -1.795655 -3.889327 -4.807088 -11.046809 -2.937849 4e-06 -20.976013 -1e-06 -5.019971 -25.033552 -4.03188 6e-06 0.0 -0.0 -10.634535 -5.686969 -3.565586 10.573272 -17.922951 -3.113901 2e-06 -13.821206 1e-06 -0.501778 -31.181505 -4.027017 -11.500398 -59.133442 6.91667 -13.982713 -7.1502 -2.875041 13.772729 -8.401489 -3.218241 0.347733 -34.211555 0.771653 -0.963029 -17.73337 2.621018 0.0 0.0 -0.0 -17.346418 -20.095221 -4.201779 21.757557 -1.638371 3.866428 -0.0 -6.338821 -0.0 -1.69759 -22.591743 -6.194005 -0.0 -3e-06 -1e-06 8.707353 -80.569016 -178.420029 70.124443 -32.057507 -35.665516 69.97142 2.116274 -0.105352 -19.523474 7.44255 52.28513 22.182114 -20.375898 49.933319 -16.701815 -16.743528 28.476536 -1e-06 -12.690601 -0.0 15.678037 -17.677784 2.797435 -0.105919 -1.513856 -4.275881 -5.039041 -5.612869 -2.953557 4e-06 -11.020527 -2e-06 -6.111298 -15.895332 -3.84047 -0.0 -2e-06 -1e-06 -10.283369 -5.680288 -4.341838 11.028296 -11.302407 -2.372634 -1.384268 -14.238581 -6.320121 -0.625439 -26.924194 -3.827601 -4.482379 -49.421272 -3.413109 -13.708524 -7.363476 -3.720939 18.14115 -14.052741 -3.242676 6e-06 -18.78727 -1e-06 -0.429711 -8.456045 2.555503 -1e-06 -2e-06 -1e-06 -15.923536 -20.094484 -5.473584 30.41921 -7.190826 1.735926 4e-06 -8.162927 1e-06 -1.861901 -22.861469 -6.167942 -0.0 -3e-06 -1e-06 95.640953 -24.27252 -48.811123 141.839706 0.646107 1.305775 -40.152981 0.78475 -39.411381 -19.623543 1.800852 1.502134 -0.999999 -1e-06 -0.0 -75.895714 -27.035143 -55.743782 138.880096 2.191201 2.146682 -31.181084 5.481086 -34.674007 -13.01669 0.659322 0.136025 -1.000003 -1e-06 -0.0 
0.0 0.0 0.0 0.0 -0.0 0.0 8.077923 13.906378 -23.574915 85.894257 43.266747 89.668617 16.970457 -1.761786 0.278873 0.73667 -0.542869 -0.786871 37.664234 3.642924 -1.622904 15.665065 0.653627 1.968611 -2.418734 -0.674947 0.144763 -34.586281 0.53885 -0.529703 5e-06 0.0 -0.0 0.136942 0.024409 0.175771 0.041754 0.128664 0.234879 0.067623 -0.079689 0.139703 -77.404762 -81.5877 85.680031 72.287003 -39.65358 -43.465321 81.485092 0.302942 -0.434485 -42.634682 -4.715344 73.023972 17.636623 -26.322729 52.411182 -19.466661 -14.395598 29.410389 2e-06 -8.774821 -1e-06 16.506617 -16.900259 5.157059 -0.609776 -1.795655 -3.889327 -4.807087 -11.046807 -2.937849 5e-06 -20.976015 -1e-06 -5.01997 -25.033556 -4.031879 6e-06 0.0 -0.0 -10.634532 -5.68697 -3.565586 10.573274 -17.922951 -3.113901 3e-06 -13.821206 1e-06 -0.501777 -31.181505 -4.027016 -11.519244 -59.114883 6.907846 -13.982712 -7.150198 -2.875041 13.772727 -8.401491 -3.218242 0.347734 -34.211552 0.771655 -0.963028 -17.73337 2.621019 0.0 0.0 -0.0 -17.346418 -20.095219 -4.201779 21.757557 -1.638377 3.866426 1e-06 -6.338823 0.0 -1.697589 -22.591742 -6.194005 -0.0 -3e-06 -2e-06 8.849373 -80.53791 -178.57695 70.077492 -32.097214 -35.5798 70.017479 2.128074 -0.090335 -19.467821 7.394081 52.195145 22.182108 -20.375893 49.933319 -16.701807 -16.743528 28.476524 -0.0 -12.6906 -0.0 15.680354 -17.671083 2.795453 -0.105919 -1.513857 -4.27588 -5.039041 -5.612871 -2.953556 3e-06 -11.020523 -1e-06 -6.111297 -15.895329 -3.840469 -0.0 -1e-06 -1e-06 -10.283369 -5.680288 -4.341837 11.028293 -11.302405 -2.372632 -1.384269 -14.238581 -6.320119 -0.625441 -26.924191 -3.827599 -4.467896 -49.447212 -3.419314 -13.708525 -7.363476 -3.720938 18.141148 -14.052737 -3.242673 4e-06 -18.78727 -1e-06 -0.429711 -8.456041 2.555503 0.0 -1e-06 -0.0 -15.923538 -20.094482 -5.47358 30.41921 -7.190826 1.735927 2e-06 -8.162925 -0.0 -1.861903 -22.861471 -6.167942 -1e-06 -2e-06 -1e-06 95.551796 -24.312044 -48.76564 141.824005 0.637739 1.31023 -40.118767 0.805013 -39.394073 -19.587923 1.809527 1.511883 -1.000001 -1e-06 0.0 -75.959267 -26.991934 -55.731365 138.829071 2.196753 2.135902 -31.172623 5.480927 -34.69875 -13.023759 0.664618 0.136369 -1.000004 -0.0 -1e-06 
0.0 0.0 0.0 0.0 -0.0 0.0 8.064547 13.91679 -23.586319 85.902786 43.225433 89.676193 16.95545 -1.766938 0.279269 0.715808 -0.534593 -0.794225 37.661312 3.639321 -1.625924 15.64525 0.642682 1.957917 -2.418381 -0.658563 0.143944 -34.612225 0.516036 -0.509684 7e-06 0.0 0.0 0.135053 0.02221 0.173017 0.042011 0.128047 0.232618 0.069237 -0.083735 0.136014 -77.55442 -81.591576 85.787735 72.197754 -39.687553 -43.352753 81.507004 0.302917 -0.418075 -42.559372 -4.76114 72.837105 17.636627 -26.322737 52.411201 -19.466663 -14.395596 29.410393 1e-06 -8.774821 -1e-06 16.498201 -16.904629 5.162023 -0.609775 -1.795658 -3.889328 -4.807088 -11.046814 -2.937852 4e-06 -20.976021 -1e-06 -5.01997 -25.033562 -4.031882 6e-06 -0.0 -0.0 -10.634534 -5.686976 -3.565588 10.573272 -17.922951 -3.113901 3e-06 -13.821209 1e-06 -0.501777 -31.181511 -4.027018 -11.501895 -59.100666 6.903281 -13.982714 -7.150204 -2.875042 13.772727 -8.401493 -3.21824 0.347733 -34.211555 0.771655 -0.963029 -17.73337 2.621019 -0.0 0.0 0.0 -17.346422 -20.095226 -4.201782 21.757557 -1.638373 3.866428 -0.0 -6.338823 -0.0 -1.69759 -22.591751 -6.194007 -0.0 -3e-06 -2e-06 8.971137 -80.506058 -178.703659 70.020187 -32.126492 -35.49062 70.071823 2.12091 -0.088484 -19.405437 7.348307 52.164337 22.182121 -20.375895 49.933319 -16.701813 -16.743525 28.47653 -1e-06 -12.690601 -2e-06 15.681925 -17.66967 2.791656 -0.10592 -1.513855 -4.27588 -5.039042 -5.61287 -2.953556 5e-06 -11.020527 -3e-06 -6.111298 -15.89533 -3.84047 -0.0 -0.0 -0.0 -10.283372 -5.680287 -4.341839 11.028296 -11.302407 -2.372633 -1.384268 -14.238583 -6.320122 -0.625439 -26.924194 -3.8276 -4.466648 -49.474529 -3.424209 -13.708527 -7.363477 -3.720941 18.141151 -14.052739 -3.242674 7e-06 -18.78727 -1e-06 -0.429709 -8.456045 2.555504 0.0 1e-06 -0.0 -15.923536 -20.094484 -5.473587 30.419214 -7.190828 1.735928 5e-06 -8.162925 0.0 -1.861901 -22.861469 -6.167942 -0.0 -3e-06 -1e-06 95.485893 -24.315844 -48.738255 141.813812 0.627751 1.310929 -40.101982 0.829836 -39.400776 -19.62999 1.822904 1.52559 -0.999998 1e-06 0.0 -76.005394 -26.970091 -55.706581 138.80278 2.205901 2.125334 -31.17322 5.497429 -34.677212 -13.003765 0.669236 0.141258 -1.000005 -1e-06 -0.0 
0.0 0.0 0.0 0.0 -0.0 0.0 8.059505 13.928157 -23.578539 85.900871 43.198212 89.671074 16.945761 -1.763477 0.27417 0.709802 -0.530759 -0.804239 37.644794 3.637272 -1.627369 15.647762 0.626743 1.937397 -2.42436 -0.655519 0.150857 -34.641148 0.479694 -0.510674 7e-06 -0.0 0.0 0.130014 0.018426 0.160086 0.029505 0.126597 0.218651 0.056349 -0.089979 0.123628 -77.843445 -81.597717 86.044037 72.07019 -39.722717 -43.125965 81.547508 0.391938 -0.410017 -42.493275 -4.818561 72.610092 17.636641 -26.322733 52.41119 -19.466661 -14.395592 29.410385 2e-06 -8.774822 -4e-06 16.488783 -16.91374 5.17415 -0.609777 -1.795653 -3.889327 -4.807089 -11.046811 -2.937851 4e-06 -20.976015 -1e-06 -5.019969 -25.03356 -4.031882 6e-06 0.0 -0.0 -10.634534 -5.686975 -3.565588 10.573274 -17.922951 -3.113899 3e-06 -13.821208 0.0 -0.501777 -31.181505 -4.027017 -11.468537 -59.085632 6.903475 -13.982712 -7.150199 -2.875044 13.772727 -8.401489 -3.21824 0.347734 -34.211544 0.771655 -0.963028 -17.733368 2.621018 -0.0 0.0 1e-06 -17.346422 -20.095217 -4.201783 21.757559 -1.638376 3.86643 1e-06 -6.338823 -0.0 -1.69759 -22.591745 -6.194007 0.0 -3e-06 -2e-06 9.071144 -80.478104 -178.824417 69.963791 -32.167164 -35.390438 70.127457 2.102954 -0.098047 -19.364763 7.309438 52.155216 22.182114 -20.375891 49.933319 -16.701817 -16.74353 28.476534 -2e-06 -12.690601 -1e-06 15.685813 -17.676142 2.790098 -0.10592 -1.513855 -4.275882 -5.03904 -5.612869 -2.953557 4e-06 -11.020525 -3e-06 -6.111297 -15.89533 -3.840471 -0.0 -1e-06 -0.0 -10.283371 -5.680286 -4.341838 11.028294 -11.302404 -2.372633 -1.384268 -14.238578 -6.320121 -0.625436 -26.924187 -3.827603 -4.467678 -49.483257 -3.435024 -13.708525 -7.363475 -3.720938 18.14115 -14.052739 -3.242676 6e-06 -18.787268 -1e-06 -0.429712 -8.456045 2.555504 1e-06 2e-06 0.0 -15.923536 -20.094482 -5.473584 30.41921 -7.190824 1.735925 3e-06 -8.162922 0.0 -1.861902 -22.861467 -6.167942 0.0 -4e-06 -1e-06 95.448074 -24.308464 -48.71125 141.824921 0.626932 1.315217 -40.09528 0.86373 -39.390511 -19.68961 1.835698 1.536509 -0.999999 1e-06 0.0 -76.021332 -26.949116 -55.689388 138.804016 2.21779 2.121548 -31.202183 5.507125 -34.645573 -12.955273 0.670964 0.14797 -1.000004 -0.0 -1e-06 
0.0 0.0 0.0 0.0 -0.0 0.0 8.061311 13.928038 -23.557634 85.89756 43.194477 89.66227 16.951143 -1.750617 0.262647 0.714271 -0.536967 -0.801983 37.622887 3.644891 -1.635133 15.645583 0.612862 1.911152 -2.429248 -0.67024 0.17251 -34.692158 0.437184 -0.54287 6e-06 -0.0 0.0 0.125461 0.01648 0.152142 0.014657 0.126279 0.209558 0.038109 -0.093432 0.11623 -78.11541 -81.595657 86.288696 71.967995 -39.763931 -42.876976 81.593567 0.522352 -0.402903 -42.449497 -4.867974 72.488556 17.636629 -26.322731 52.41119 -19.466663 -14.395597 29.410389 2e-06 -8.774822 -2e-06 16.485403 -16.924006 5.192564 -0.609776 -1.795653 -3.889328 -4.807089 -11.046813 -2.93785 5e-06 -20.976021 -1e-06 -5.01997 -25.03356 -4.031881 6e-06 -0.0 -0.0 -10.634533 -5.68697 -3.565587 10.573275 -17.922953 -3.113902 3e-06 -13.821206 1e-06 -0.501776 -31.181507 -4.027018 -11.458896 -59.074486 6.916612 -13.982714 -7.150201 -2.875041 13.772731 -8.401493 -3.218242 0.347735 -34.211555 0.771655 -0.963029 -17.73337 2.621019 0.0 0.0 -0.0 -17.346416 -20.095215 -4.201783 21.757557 -1.638376 3.866427 1e-06 -6.338822 0.0 -1.697589 -22.591745 -6.194005 0.0 -4e-06 -2e-06 9.154316 -80.458427 -178.934265 69.912437 -32.20219 -35.313465 70.171303 2.058053 -0.0831 -19.333757 7.273897 52.17231 22.182114 -20.375895 49.933319 -16.701811 -16.743528 28.476528 -2e-06 -12.6906 -1e-06 15.691319 -17.686859 2.793988 -0.10592 -1.513855 -4.275882 -5.039041 -5.61287 -2.953556 3e-06 -11.020525 -2e-06 -6.111298 -15.895334 -3.840469 0.0 -1e-06 -0.0 -10.283369 -5.680288 -4.341838 11.028293 -11.302406 -2.372633 -1.384269 -14.238577 -6.32012 -0.62544 -26.924191 -3.8276 -4.466352 -49.486225 -3.447244 -13.708525 -7.363475 -3.720939 18.141148 -14.052737 -3.242674 5e-06 -18.78727 -1e-06 -0.429712 -8.456045 2.555503 0.0 -0.0 -1e-06 -15.923538 -20.094479 -5.473584 30.41921 -7.190827 1.735925 3e-06 -8.162922 1e-06 -1.861904 -22.861469 -6.167942 -0.0 -3e-06 -1e-06 95.43351 -24.294495 -48.705807 141.85054 0.629947 1.321481 -40.109249 0.873251 -39.394047 -19.719248 1.844344 1.539249 -1.000001 0.0 0.0 -76.028145 -26.935007 -55.682606 138.829025 2.224983 2.119673 -31.260687 5.497692 -34.646389 -12.904153 0.67646 0.15288 -1.000005 0.0 -1e-06 
0.0 0.0 0.0 0.0 -0.0 0.0 8.042078 13.914233 -23.523149 85.896584 43.201485 89.652161 16.965622 -1.738701 0.248632 0.723711 -0.549517 -0.797614 37.598038 3.660714 -1.635463 15.61831 0.602101 1.886562 -2.435901 -0.683873 0.193883 -34.757816 0.406741 -0.583123 6e-06 -0.0 0.0 0.123443 0.017535 0.152331 0.005205 0.127602 0.208957 0.023455 -0.092403 0.116464 -78.238907 -81.586014 86.407585 71.922363 -39.802177 -42.680794 81.650108 0.656397 -0.412093 -42.426476 -4.871866 72.524055 17.636631 -26.322725 52.411182 -19.46666 -14.395597 29.410381 1e-06 -8.774821 -2e-06 16.480736 -16.936888 5.218388 -0.609776 -1.795652 -3.889326 -4.807088 -11.046814 -2.93785 5e-06 -20.976019 -0.0 -5.019971 -25.033562 -4.031879 6e-06 0.0 -0.0 -10.634533 -5.68697 -3.565587 10.573272 -17.922951 -3.113899 3e-06 -13.821209 0.0 -0.501777 -31.181507 -4.027017 -11.477067 -59.06712 6.935359 -13.982715 -7.150194 -2.875042 13.772729 -8.401491 -3.21824 0.347734 -34.211555 0.771654 -0.963028 -17.733372 2.621019 -0.0 0.0 -1e-06 -17.346416 -20.095217 -4.20178 21.757557 -1.638374 3.866428 1e-06 -6.338821 -1e-06 -1.69759 -22.591745 -6.194005 0.0 -3e-06 -2e-06 9.182395 -80.452332 -178.993912 69.869629 -32.233582 -35.24818 70.203903 2.024147 -0.047586 -19.310728 7.221315 52.111412 22.182114 -20.375898 49.933327 -16.701815 -16.743528 28.476536 -1e-06 -12.690603 0.0 15.686865 -17.688999 2.800393 -0.10592 -1.513856 -4.275882 -5.039042 -5.612872 -2.953557 4e-06 -11.020527 -2e-06 -6.111298 -15.895334 -3.84047 0.0 -1e-06 -1e-06 -10.283373 -5.68029 -4.341839 11.028297 -11.302407 -2.372635 -1.384268 -14.238583 -6.320122 -0.625437 -26.924192 -3.827603 -4.453259 -49.479454 -3.462617 -13.708526 -7.363478 -3.72094 18.141153 -14.052739 -3.242678 6e-06 -18.787271 -1e-06 -0.429711 -8.456046 2.555504 -1e-06 1e-06 -0.0 -15.923536 -20.094482 -5.473585 30.419218 -7.190827 1.735925 3e-06 -8.162929 0.0 -1.861901 -22.861473 -6.167942 -2e-06 -3e-06 -1e-06 95.396553 -24.315525 -48.686325 141.91008 0.636019 1.330592 -40.145996 0.861947 -39.434338 -19.703793 1.842252 1.539851 -0.999999 1e-06 0.0 -76.027855 -26.887867 -55.717617 138.857422 2.230384 2.126536 -31.349243 5.448189 -34.685642 -12.873141 0.683075 0.157722 -1.000006 -1e-06 -1e-06 
0.0 0.0 0.0 0.0 -0.0 0.0 8.001427 13.914031 -23.492012 85.896545 43.207771 89.643463 16.983971 -1.726429 0.233699 0.731467 -0.561345 -0.795023 37.573654 3.672538 -1.624354 15.57393 0.59221 1.868733 -2.439289 -0.679644 0.206648 -34.831684 0.387655 -0.623672 6e-06 -0.0 0.0 0.12474 0.021119 0.163333 0.005177 0.129929 0.219165 0.017814 -0.087228 0.12764 -78.182732 -81.579834 86.362465 71.931587 -39.829189 -42.570045 81.698288 0.748941 -0.411178 -42.407211 -4.858669 72.654236 17.636637 -26.322733 52.411186 -19.466665 -14.395598 29.410393 1e-06 -8.774823 -2e-06 16.477814 -16.945686 5.240146 -0.609775 -1.795661 -3.889328 -4.807091 -11.046811 -2.937849 3e-06 -20.976023 0.0 -5.019974 -25.033566 -4.031881 6e-06 0.0 -0.0 -10.634535 -5.686975 -3.565588 10.573275 -17.922955 -3.1139 2e-06 -13.821212 1e-06 -0.501779 -31.181511 -4.027017 -11.505826 -59.049973 6.954107 -13.982716 -7.150201 -2.87504 13.77273 -8.401489 -3.21824 0.347732 -34.211559 0.771656 -0.963029 -17.733374 2.621019 -0.0 1e-06 -1e-06 -17.346422 -20.095222 -4.201779 21.757561 -1.638374 3.86643 1e-06 -6.338824 -1e-06 -1.69759 -22.591751 -6.194005 -0.0 -3e-06 -2e-06 9.12003 -80.46772 -178.927567 69.837944 -32.241413 -35.221184 70.250824 2.020646 0.009023 -19.29624 7.132857 52.033287 22.182117 -20.375898 49.933327 -16.701815 -16.743528 28.476532 -2e-06 -12.690602 -1e-06 15.684051 -17.679752 2.806136 -0.10592 -1.513856 -4.275882 -5.039041 -5.61287 -2.953557 5e-06 -11.020527 -2e-06 -6.111296 -15.89533 -3.840471 -0.0 -1e-06 -0.0 -10.283371 -5.680288 -4.341839 11.028297 -11.302406 -2.372633 -1.384267 -14.238579 -6.320121 -0.625437 -26.924191 -3.827599 -4.435748 -49.482498 -3.474357 -13.708526 -7.363474 -3.72094 18.141153 -14.052741 -3.242676 7e-06 -18.787271 -0.0 -0.429712 -8.456043 2.555504 1e-06 -1e-06 -0.0 -15.923534 -20.094482 -5.473587 30.419218 -7.190831 1.735926 4e-06 -8.162925 1e-06 -1.861901 -22.861471 -6.16794 -0.0 -3e-06 -1e-06 95.360901 -24.364326 -48.620991 141.979523 0.644315 1.339698 -40.210186 0.868587 -39.474628 -19.693161 1.836453 1.54289 -0.999999 -1e-06 -0.0 -76.005768 -26.797365 -55.759739 138.8638 2.235886 2.131691 -31.442602 5.412745 -34.707027 -12.870574 0.68572 0.162584 -1.000004 -1e-06 -1e-06 
0.0 0.0 0.0 0.0 -0.0 0.0 7.946962 13.927084 -23.468899 85.891525 43.201473 89.62751 16.993452 -1.721945 0.22048 0.731256 -0.561891 -0.790301 37.554138 3.678849 -1.611886 15.529555 0.580194 1.868078 -2.440472 -0.656542 0.204817 -34.882904 0.38508 -0.665092 7e-06 -0.0 0.0 0.129285 0.025474 0.179157 0.011256 0.132036 0.233653 0.020073 -0.080446 0.144323 -78.035362 -81.57827 86.23082 71.946136 -39.844612 -42.516872 81.733894 0.781292 -0.403241 -42.380974 -4.838706 72.760727 17.636637 -26.322737 52.411194 -19.46666 -14.395594 29.410385 2e-06 -8.774821 -2e-06 16.466339 -16.953009 5.260413 -0.609778 -1.795651 -3.889327 -4.807087 -11.04681 -2.93785 6e-06 -20.976019 -0.0 -5.019969 -25.03356 -4.031878 6e-06 0.0 -0.0 -10.634533 -5.68697 -3.565587 10.573274 -17.922949 -3.113899 3e-06 -13.82121 2e-06 -0.501777 -31.181505 -4.027016 -11.521758 -59.034 6.960291 -13.982714 -7.150195 -2.875043 13.772727 -8.401493 -3.21824 0.347734 -34.211555 0.771655 -0.963028 -17.733372 2.62102 0.0 0.0 0.0 -17.346416 -20.095217 -4.201784 21.757555 -1.638377 3.866429 1e-06 -6.338823 0.0 -1.697588 -22.591745 -6.194005 -0.0 -3e-06 -2e-06 8.986941 -80.490227 -178.771194 69.803528 -32.231976 -35.166702 70.297745 2.071219 0.060901 -19.264368 7.011948 51.958488 22.182112 -20.375885 49.933311 -16.701809 -16.743525 28.476522 -0.0 -12.6906 -2e-06 15.680557 -17.667866 2.817255 -0.10592 -1.513856 -4.275881 -5.03904 -5.612871 -2.953557 3e-06 -11.020523 -2e-06 -6.111297 -15.895332 -3.840472 -0.0 -2e-06 0.0 -10.283369 -5.680289 -4.341839 11.02829 -11.302402 -2.372632 -1.384269 -14.238579 -6.320121 -0.625439 -26.924185 -3.827604 -4.414267 -49.489952 -3.484016 -13.708523 -7.363477 -3.72094 18.141146 -14.052739 -3.242674 6e-06 -18.787266 -2e-06 -0.429712 -8.456041 2.555502 -1e-06 -1e-06 -0.0 -15.923534 -20.094484 -5.473585 30.419205 -7.190822 1.735928 3e-06 -8.162922 -1e-06 -1.861901 -22.861467 -6.167944 -1e-06 -3e-06 -1e-06 95.32515 -24.445679 -48.527081 142.048691 0.651811 1.344603 -40.293274 0.883711 -39.503223 -19.694267 1.830621 1.545569 -1.000001 1e-06 0.0 -75.972717 -26.67589 -55.812092 138.845215 2.239433 2.139467 -31.504044 5.395413 -34.711369 -12.892672 0.682939 0.169436 -1.000005 0.0 -1e-06 
0.0 0.0 0.0 0.0 -0.0 0.0 7.889944 13.937491 -23.448635 85.897079 43.190105 89.622452 16.991522 -1.727591 0.203986 0.730199 -0.54919 -0.77708 37.541817 3.675753 -1.613084 15.492022 0.576145 1.881349 -2.440623 -0.635193 0.198518 -34.910744 0.395633 -0.698879 6e-06 -0.0 0.0 0.132838 0.028967 0.192828 0.019228 0.134338 0.24685 0.026542 -0.075714 0.158379 -77.872658 -81.578316 86.088974 71.941628 -39.842995 -42.501434 81.744217 0.760779 -0.400518 -42.324181 -4.805666 72.754181 17.636621 -26.322741 52.411205 -19.466665 -14.395602 29.410395 1e-06 -8.774822 -0.0 16.461727 -16.96759 5.273362 -0.609777 -1.795651 -3.889328 -4.807087 -11.046813 -2.937849 4e-06 -20.976019 0.0 -5.019972 -25.03356 -4.031878 6e-06 0.0 -0.0 -10.634533 -5.686974 -3.565587 10.573275 -17.922947 -3.113901 2e-06 -13.821205 1e-06 -0.501778 -31.181505 -4.027014 -11.546951 -59.05209 6.982321 -13.982714 -7.150198 -2.87504 13.772732 -8.401492 -3.218244 0.347733 -34.211555 0.771655 -0.963029 -17.73337 2.62102 0.0 0.0 -0.0 -17.346418 -20.095221 -4.201779 21.757561 -1.638373 3.866426 1e-06 -6.338824 0.0 -1.69759 -22.591747 -6.194004 -0.0 -3e-06 -1e-06 8.860309 -80.506493 -178.617188 69.78331 -32.214977 -35.08025 70.329765 2.150123 0.107502 -19.247932 6.910393 51.90147 22.182106 -20.375898 49.933323 -16.701813 -16.74353 28.476532 -3e-06 -12.6906 0.0 15.675459 -17.6693 2.832826 -0.105919 -1.513854 -4.275881 -5.039039 -5.61287 -2.953556 4e-06 -11.020525 -1e-06 -6.111295 -15.89533 -3.840468 -0.0 -1e-06 -0.0 -10.283369 -5.680287 -4.341838 11.028294 -11.302406 -2.372633 -1.384267 -14.238578 -6.32012 -0.625438 -26.924187 -3.827599 -4.399938 -49.49144 -3.496667 -13.708523 -7.363474 -3.720938 18.14115 -14.05274 -3.242676 5e-06 -18.787268 1e-06 -0.42971 -8.456044 2.555503 -1e-06 -1e-06 -1e-06 -15.923532 -20.094479 -5.473583 30.41921 -7.190826 1.735924 2e-06 -8.162925 1e-06 -1.861901 -22.861469 -6.167941 -0.0 -2e-06 -1e-06 95.301361 -24.543407 -48.464073 142.113235 0.654625 1.337603 -40.367615 0.886368 -39.516483 -19.703835 1.830272 1.545521 -0.999999 -1e-06 -1e-06 -75.94194 -26.566584 -55.877888 138.823608 2.238318 2.145591 -31.543375 5.369598 -34.692562 -12.93305 0.677983 0.176265 -1.000005 -0.0 -2e-06 
0.0 0.0 0.0 0.0 -0.0 0.0 7.842589 13.929492 -23.4216 85.916466 43.178959 89.62854 16.99017 -1.734784 0.18848 0.729835 -0.532382 -0.758702 37.526905 3.662384 -1.629431 15.45919 0.581687 1.895451 -2.440913 -0.625282 0.193825 -34.917835 0.413151 -0.717451 6e-06 -0.0 0.0 0.132049 0.029621 0.197366 0.014786 0.13472 0.24997 0.022592 -0.074821 0.164608 -77.780739 -81.590782 86.009956 71.905571 -39.846386 -42.531437 81.745819 0.693059 -0.403004 -42.257515 -4.767878 72.576805 17.636633 -26.322741 52.411201 -19.46666 -14.3956 29.410393 1e-06 -8.774822 -2e-06 16.455877 -16.992912 5.283352 -0.609776 -1.795655 -3.889326 -4.80709 -11.046811 -2.93785 4e-06 -20.976021 1e-06 -5.019973 -25.033562 -4.03188 6e-06 0.0 -0.0 -10.634535 -5.68697 -3.565586 10.573276 -17.922953 -3.113901 2e-06 -13.821206 2e-06 -0.501779 -31.181505 -4.027014 -11.569811 -59.097584 7.017777 -13.982716 -7.150198 -2.875041 13.772732 -8.401496 -3.218242 0.347733 -34.211559 0.771656 -0.963029 -17.733372 2.62102 0.0 1e-06 1e-06 -17.34642 -20.095221 -4.201779 21.757561 -1.638375 3.866428 1e-06 -6.338823 1e-06 -1.697591 -22.591747 -6.194006 0.0 -3e-06 -2e-06 8.80322 -80.511627 -178.534378 69.784073 -32.218544 -35.003441 70.360184 2.224924 0.138733 -19.242331 6.879029 51.904419 22.182112 -20.375895 49.933323 -16.701818 -16.74353 28.476536 -1e-06 -12.690602 0.0 15.657818 -17.67919 2.844416 -0.105919 -1.513857 -4.275882 -5.039041 -5.612871 -2.953557 3e-06 -11.020528 -2e-06 -6.111298 -15.895334 -3.840472 -0.0 -0.0 -0.0 -10.283372 -5.680289 -4.341839 11.028296 -11.302408 -2.372634 -1.384268 -14.238585 -6.320123 -0.62544 -26.924198 -3.827604 -4.375763 -49.463932 -3.533995 -13.708526 -7.363479 -3.720939 18.141153 -14.052739 -3.242676 5e-06 -18.787275 -2e-06 -0.429712 -8.456044 2.555504 0.0 -1e-06 -0.0 -15.923538 -20.09449 -5.473586 30.419218 -7.190825 1.735926 3e-06 -8.162927 -1e-06 -1.861901 -22.861475 -6.167945 -0.0 -2e-06 -1e-06 95.274361 -24.633451 -48.45153 142.177689 0.657951 1.328983 -40.401505 0.87253 -39.510742 -19.725285 1.831585 1.546581 -0.999998 -1e-06 -0.0 -75.928879 -26.496704 -55.959614 138.823013 2.233767 2.150928 -31.546755 5.321721 -34.651768 -12.978429 0.672221 0.181682 -1.000005 0.0 -2e-06 
0.0 0.0 0.0 0.0 -0.0 0.0 7.816929 13.919794 -23.38316 85.94899 43.165886 89.646553 16.987627 -1.733983 0.180267 0.726666 -0.521236 -0.742553 37.514183 3.64639 -1.654058 15.428015 0.602128 1.896881 -2.43993 -0.635136 0.208252 -34.914555 0.4285 -0.733753 6e-06 -0.0 0.0 0.127236 0.027638 0.191151 0.000819 0.133031 0.241768 0.009498 -0.077103 0.160941 -77.764389 -81.609154 86.009827 71.862396 -39.844051 -42.603489 81.739548 0.594188 -0.396193 -42.17947 -4.726468 72.315323 17.636625 -26.322737 52.411194 -19.46666 -14.395597 29.410389 1e-06 -8.774821 -0.0 16.450857 -17.006603 5.282023 -0.609777 -1.795653 -3.889327 -4.807087 -11.04681 -2.93785 5e-06 -20.976013 -0.0 -5.019969 -25.033554 -4.031879 6e-06 0.0 0.0 -10.634533 -5.686969 -3.565588 10.573275 -17.922951 -3.113899 3e-06 -13.821205 2e-06 -0.501777 -31.181505 -4.027016 -11.594162 -59.144745 7.05593 -13.982711 -7.150198 -2.875041 13.772728 -8.40149 -3.218241 0.347735 -34.211555 0.771655 -0.963029 -17.73337 2.62102 -0.0 0.0 0.0 -17.346416 -20.095215 -4.20178 21.757555 -1.638375 3.866428 1e-06 -6.338822 -1e-06 -1.697589 -22.591742 -6.194004 0.0 -3e-06 -2e-06 8.872993 -80.510292 -178.600418 69.80909 -32.253956 -34.955563 70.386238 2.26983 0.142902 -19.274504 6.913867 51.982571 22.182117 -20.375887 49.933308 -16.701807 -16.743528 28.476524 -2e-06 -12.6906 -3e-06 15.634353 -17.683258 2.847863 -0.105919 -1.513855 -4.275881 -5.03904 -5.612869 -2.953556 3e-06 -11.020523 -1e-06 -6.111296 -15.89533 -3.840471 -0.0 -1e-06 0.0 -10.283368 -5.680287 -4.341839 11.02829 -11.302405 -2.37263 -1.384269 -14.238577 -6.320119 -0.62544 -26.924187 -3.827601 -4.34681 -49.413799 -3.581945 -13.708521 -7.363475 -3.72094 18.141146 -14.052737 -3.242672 6e-06 -18.787266 -1e-06 -0.429713 -8.456045 2.555503 0.0 -2e-06 -0.0 -15.923532 -20.094481 -5.473584 30.41921 -7.190823 1.735926 2e-06 -8.162921 -0.0 -1.861901 -22.861467 -6.167942 -0.0 -2e-06 -1e-06 95.257629 -24.670706 -48.475761 142.237305 0.662579 1.323183 -40.440529 0.857079 -39.512154 -19.737326 1.829432 1.551177 -0.999999 -1e-06 -0.0 -75.931877 -26.46813 -56.013988 138.855804 2.230506 2.15329 -31.554781 5.279773 -34.588737 -12.980474 0.665648 0.181931 -1.000003 -1e-06 -0.0 
0.0 0.0 0.0 0.0 -0.0 0.0 7.815626 13.92135 -23.339062 85.98201 43.148567 89.668144 16.985344 -1.721022 0.183923 0.72238 -0.520574 -0.731539 37.491016 3.637979 -1.678756 15.398396 0.63319 1.879175 -2.431622 -0.656571 0.238657 -34.922703 0.443149 -0.752373 6e-06 -0.0 0.0 0.123428 0.025238 0.184182 -0.013965 0.130682 0.232812 -0.005454 -0.079482 0.156786 -77.816612 -81.628906 86.088585 71.828667 -39.849701 -42.639866 81.734177 0.529438 -0.377602 -42.084408 -4.648094 72.098961 17.636629 -26.322721 52.411179 -19.466665 -14.395602 29.410389 1e-06 -8.774822 -1e-06 16.442924 -17.002071 5.279353 -0.609778 -1.795653 -3.88933 -4.807089 -11.04681 -2.93785 5e-06 -20.976021 -1e-06 -5.01997 -25.03356 -4.031881 6e-06 0.0 -0.0 -10.634537 -5.68697 -3.565587 10.573277 -17.922955 -3.113902 3e-06 -13.821211 1e-06 -0.501776 -31.181511 -4.027017 -11.632636 -59.170723 7.086304 -13.982714 -7.150196 -2.875041 13.772732 -8.401495 -3.218243 0.347736 -34.211555 0.771652 -0.963027 -17.733372 2.621019 -0.0 0.0 0.0 -17.346416 -20.095217 -4.201782 21.757561 -1.638375 3.866426 1e-06 -6.338822 -1e-06 -1.697588 -22.591747 -6.194006 0.0 -4e-06 -2e-06 8.939489 -80.511269 -178.685638 69.819908 -32.32663 -34.918602 70.424004 2.306809 0.134654 -19.309952 6.967865 52.107662 22.182112 -20.375887 49.933304 -16.701817 -16.74353 28.476532 -1e-06 -12.690602 -0.0 15.606522 -17.685808 2.857615 -0.105919 -1.513857 -4.27588 -5.03904 -5.612871 -2.953557 3e-06 -11.020525 -3e-06 -6.111297 -15.895334 -3.84047 -0.0 -1e-06 -0.0 -10.283371 -5.680288 -4.341836 11.028296 -11.302405 -2.372634 -1.384268 -14.238577 -6.32012 -0.625437 -26.924187 -3.827603 -4.316621 -49.37516 -3.624471 -13.708526 -7.363477 -3.720937 18.141153 -14.052739 -3.242676 6e-06 -18.78727 -2e-06 -0.429711 -8.456042 2.555504 0.0 1e-06 -0.0 -15.923536 -20.094482 -5.473582 30.419214 -7.190827 1.735925 4e-06 -8.162922 0.0 -1.8619 -22.861467 -6.167943 -0.0 -2e-06 -1e-06 95.243156 -24.634941 -48.507507 142.284149 0.663273 1.329512 -40.501617 0.85357 -39.542919 -19.702974 1.824954 1.560386 -0.999999 -2e-06 0.0 -75.947052 -26.467623 -56.025391 138.912476 2.226469 2.157395 -31.551104 5.276736 -34.500717 -12.94187 0.661613 0.177136 -1.000002 -0.0 -1e-06 
0.0 0.0 0.0 0.0 -0.0 0.0 7.824216 13.931084 -23.304955 86.006279 43.1348 89.678017 16.972862 -1.705671 0.191815 0.719041 -0.523745 -0.713932 37.471886 3.635906 -1.704511 15.365355 0.658637 1.85869 -2.416348 -0.668041 0.243966 -34.94701 0.465601 -0.762465 5e-06 -0.0 -0.0 0.120651 0.023882 0.178274 -0.019671 0.129772 0.226707 -0.011678 -0.08128 0.151796 -77.874161 -81.621681 86.15448 71.844406 -39.875439 -42.652863 81.720268 0.49817 -0.363847 -42.011993 -4.570521 71.983139 17.636625 -26.322733 52.411205 -19.466665 -14.3956 29.410395 0.0 -8.774822 -1e-06 16.452393 -16.983425 5.272689 -0.609775 -1.795653 -3.889328 -4.807087 -11.046811 -2.93785 6e-06 -20.976019 -2e-06 -5.019969 -25.03356 -4.031881 6e-06 0.0 -0.0 -10.634534 -5.68697 -3.565587 10.573277 -17.922955 -3.113903 4e-06 -13.821208 0.0 -0.501775 -31.181505 -4.027017 -11.691727 -59.190224 7.1141 -13.982712 -7.150196 -2.875042 13.772731 -8.401494 -3.218244 0.347737 -34.211555 0.771652 -0.963028 -17.73337 2.621019 -0.0 0.0 0.0 -17.346415 -20.095213 -4.201783 21.757557 -1.638374 3.866426 1e-06 -6.338824 0.0 -1.697587 -22.591742 -6.194006 0.0 -4e-06 -2e-06 8.988955 -80.512932 -178.768921 69.846985 -32.400574 -34.885361 70.430115 2.366678 0.105906 -19.315037 7.00517 52.239334 22.182119 -20.375895 49.933315 -16.701809 -16.74353 28.476528 -1e-06 -12.690601 -1e-06 15.608736 -17.67787 2.862988 -0.10592 -1.513856 -4.275881 -5.039042 -5.61287 -2.953556 3e-06 -11.020524 -2e-06 -6.1113 -15.895334 -3.840472 -0.0 -2e-06 0.0 -10.283371 -5.680289 -4.341838 11.028295 -11.302404 -2.372632 -1.384269 -14.238581 -6.320121 -0.62544 -26.924191 -3.827601 -4.305859 -49.378059 -3.628203 -13.708526 -7.363477 -3.720938 18.14115 -14.052735 -3.242672 4e-06 -18.787266 -0.0 -0.429713 -8.456042 2.555504 0.0 -0.0 -0.0 -15.923536 -20.094482 -5.473584 30.41921 -7.190825 1.735928 4e-06 -8.162924 1e-06 -1.861904 -22.861469 -6.16794 -0.0 -3e-06 -1e-06 95.226082 -24.57267 -48.517365 142.313873 0.661475 1.333391 -40.587875 0.861289 -39.576378 -19.588175 1.828402 1.567712 -0.999998 -0.0 0.0 -75.969315 -26.463415 -56.004166 138.960907 2.22225 2.163576 -31.530224 5.305828 -34.466209 -12.879192 0.662118 0.162866 -1.000006 0.0 -2e-06 
0.0 0.0 0.0 0.0 -0.0 0.0 7.83729 13.935596 -23.288712 86.012489 43.128872 89.663864 16.960369 -1.696677 0.196824 0.716064 -0.529839 -0.694112 37.456364 3.632135 -1.723537 15.323488 0.688189 1.840909 -2.397067 -0.667988 0.241079 -34.966015 0.487066 -0.759519 6e-06 0.0 -0.0 0.12056 0.022657 0.171841 -0.011719 0.129576 0.221875 -0.004393 -0.083613 0.144122 -77.949097 -81.567856 86.218361 71.928558 -39.904007 -42.638817 81.686371 0.515446 -0.364543 -41.981308 -4.52066 71.952072 17.636637 -26.322739 52.411213 -19.46666 -14.395597 29.410395 2e-06 -8.774821 -2e-06 16.482651 -16.964539 5.257106 -0.609777 -1.795649 -3.889328 -4.807089 -11.046813 -2.937851 4e-06 -20.976019 -0.0 -5.019969 -25.03356 -4.031882 6e-06 0.0 -0.0 -10.634535 -5.686971 -3.56559 10.573275 -17.922951 -3.1139 3e-06 -13.821205 1e-06 -0.501776 -31.181505 -4.027017 -11.750874 -59.212753 7.139007 -13.982713 -7.150197 -2.875045 13.772728 -8.401492 -3.218241 0.347734 -34.211555 0.771656 -0.963029 -17.73337 2.621022 -0.0 1e-06 -0.0 -17.34642 -20.095217 -4.201787 21.757559 -1.638378 3.866429 1e-06 -6.338823 -0.0 -1.697589 -22.591745 -6.194005 0.0 -3e-06 -2e-06 8.955076 -80.501167 -178.767197 69.868263 -32.448578 -34.841503 70.408958 2.441891 0.047355 -19.261257 7.015504 52.324844 22.182116 -20.3759 49.933331 -16.701815 -16.743526 28.476536 -4e-06 -12.6906 -1e-06 15.64735 -17.672558 2.857781 -0.10592 -1.513856 -4.275881 -5.039041 -5.612872 -2.953559 4e-06 -11.020525 -2e-06 -6.111296 -15.895328 -3.840471 0.0 -1e-06 -1e-06 -10.28337 -5.680289 -4.34184 11.028295 -11.302404 -2.372633 -1.384268 -14.23858 -6.320123 -0.625437 -26.924191 -3.827603 -4.307772 -49.398918 -3.611934 -13.708524 -7.363475 -3.720942 18.141148 -14.052739 -3.242674 6e-06 -18.78727 -0.0 -0.429712 -8.456041 2.555504 0.0 -1e-06 -0.0 -15.923532 -20.094484 -5.473587 30.41921 -7.190827 1.735926 5e-06 -8.162922 1e-06 -1.861903 -22.861467 -6.167942 1e-06 -2e-06 -1e-06 95.19323 -24.518557 -48.497047 142.325226 0.663345 1.333502 -40.693356 0.855145 -39.648087 -19.439331 1.835313 1.573792 -0.999999 0.0 -0.0 -75.990288 -26.457054 -55.977352 138.987259 2.222593 2.17108 -31.515053 5.324873 -34.48473 -12.800541 0.666809 0.142475 -1.000004 1e-06 -1e-06 
0.0 0.0 0.0 0.0 -0.0 0.0 7.839994 13.927656 -23.29557 86.009178 43.146801 89.646873 16.965649 -1.697787 0.193536 0.715019 -0.537013 -0.68706 37.450939 3.627359 -1.718722 15.293584 0.692141 1.838726 -2.387355 -0.664742 0.228189 -34.956806 0.509762 -0.76382 6e-06 -0.0 -0.0 0.122535 0.021005 0.165225 -0.001264 0.12845 0.215806 0.006387 -0.085958 0.137111 -77.970398 -81.49649 86.221748 72.052254 -39.94175 -42.652809 81.647873 0.544858 -0.347774 -41.979824 -4.511016 71.97644 17.636633 -26.322731 52.411198 -19.46666 -14.395592 29.410385 1e-06 -8.774821 -2e-06 16.506384 -16.944916 5.24453 -0.609777 -1.795655 -3.889328 -4.80709 -11.046809 -2.937851 3e-06 -20.976019 -1e-06 -5.019971 -25.03356 -4.031882 6e-06 0.0 -0.0 -10.634534 -5.686972 -3.565589 10.573272 -17.922951 -3.113899 2e-06 -13.82121 0.0 -0.501778 -31.181507 -4.027016 -11.770393 -59.208008 7.15191 -13.982712 -7.150199 -2.875042 13.772729 -8.401492 -3.21824 0.347732 -34.211555 0.771655 -0.963029 -17.73337 2.621019 0.0 -0.0 0.0 -17.34642 -20.095222 -4.201782 21.757559 -1.638374 3.866429 1e-06 -6.338825 -0.0 -1.69759 -22.591747 -6.194006 0.0 -3e-06 -1e-06 8.845427 -80.490952 -178.682205 69.882797 -32.482563 -34.823097 70.382225 2.507663 -0.021407 -19.195654 7.018932 52.394707 22.182112 -20.375887 49.9333 -16.701811 -16.743526 28.476528 -1e-06 -12.690601 -1e-06 15.686612 -17.663687 2.848093 -0.10592 -1.513856 -4.275881 -5.03904 -5.612871 -2.953557 4e-06 -11.020525 -2e-06 -6.111297 -15.89533 -3.84047 -0.0 -1e-06 0.0 -10.28337 -5.680287 -4.341839 11.028292 -11.302406 -2.372632 -1.384269 -14.238579 -6.32012 -0.625437 -26.924189 -3.827602 -4.31159 -49.416241 -3.592325 -13.708525 -7.363475 -3.720939 18.141148 -14.052739 -3.242674 6e-06 -18.787271 -2e-06 -0.429713 -8.456047 2.555502 -1e-06 -2e-06 -0.0 -15.923538 -20.094482 -5.473583 30.41921 -7.190825 1.735926 4e-06 -8.162922 0.0 -1.861904 -22.861467 -6.16794 -0.0 -2e-06 -1e-06 95.157394 -24.49609 -48.450184 142.320251 0.668433 1.320508 -40.749668 0.858412 -39.718567 -19.332382 1.841484 1.581421 -0.999997 -0.0 0.0 -76.000351 -26.443712 -55.953941 138.980682 2.228111 2.182211 -31.502106 5.327532 -34.569416 -12.762778 0.674251 0.127618 -1.000004 -1e-06 -1e-06 
0.0 0.0 0.0 0.0 -0.0 0.0 7.833232 13.923759 -23.31702 86.008789 43.188721 89.6371 16.970451 -1.701198 0.193824 0.725688 -0.548487 -0.691796 37.464928 3.624876 -1.703308 15.272529 0.681151 1.844065 -2.384295 -0.65842 0.227719 -34.921139 0.519687 -0.779812 6e-06 -0.0 0.0 0.125601 0.018494 0.157215 0.011717 0.125204 0.207971 0.019522 -0.087908 0.128919 -77.989014 -81.435669 86.210152 72.163445 -39.980026 -42.70155 81.604851 0.545751 -0.343286 -41.995239 -4.529629 72.06427 17.636625 -26.322735 52.411194 -19.466656 -14.395596 29.410385 0.0 -8.77482 -1e-06 16.539587 -16.940445 5.225517 -0.609777 -1.795655 -3.889327 -4.807086 -11.046809 -2.93785 5e-06 -20.976015 -1e-06 -5.019968 -25.033554 -4.031879 7e-06 0.0 -0.0 -10.634531 -5.686972 -3.565588 10.573271 -17.922951 -3.1139 3e-06 -13.821204 1e-06 -0.501776 -31.181505 -4.027015 -11.760774 -59.187218 7.158588 -13.982708 -7.150198 -2.875042 13.772726 -8.401493 -3.218241 0.347735 -34.211555 0.771654 -0.963028 -17.733372 2.62102 0.0 1e-06 -0.0 -17.346415 -20.095221 -4.201782 21.757555 -1.638373 3.866427 1e-06 -6.338823 -1e-06 -1.697587 -22.591745 -6.194005 0.0 -3e-06 -2e-06 8.717272 -80.481384 -178.568756 69.898315 -32.496353 -34.868355 70.346786 2.506289 -0.060865 -19.152719 7.03627 52.469002 22.182104 -20.375893 49.933319 -16.701811 -16.74353 28.476534 -2e-06 -12.690598 1e-06 15.728667 -17.660769 2.836935 -0.105919 -1.513856 -4.275883 -5.039039 -5.612869 -2.953556 4e-06 -11.020525 -2e-06 -6.111296 -15.895334 -3.840469 0.0 -0.0 -1e-06 -10.283367 -5.680288 -4.341838 11.028293 -11.302406 -2.372635 -1.384267 -14.238577 -6.320121 -0.625436 -26.924187 -3.827603 -4.313774 -49.427387 -3.582593 -13.708519 -7.363476 -3.72094 18.141146 -14.052739 -3.242676 6e-06 -18.78727 -2e-06 -0.429713 -8.456044 2.555502 1e-06 -2e-06 -0.0 -15.92353 -20.094484 -5.473586 30.419201 -7.190823 1.735923 2e-06 -8.162922 1e-06 -1.861899 -22.861469 -6.167943 -1e-06 -3e-06 -1e-06 95.171692 -24.502687 -48.383953 142.304474 0.683707 1.299008 -40.75235 0.900492 -39.732265 -19.30851 1.844983 1.581609 -0.999996 1e-06 1e-06 -75.963531 -26.427902 -55.932747 138.952209 2.237172 2.200502 -31.518103 5.312841 -34.667027 -12.776058 0.682115 0.121564 -1.000005 0.0 -1e-06 
0.0 0.0 0.0 0.0 -0.0 0.0 7.812814 13.91384 -23.343021 86.016975 43.241116 89.646614 16.968224 -1.701907 0.196377 0.741148 -0.564095 -0.708441 37.501022 3.630769 -1.688485 15.265478 0.673361 1.857613 -2.381299 -0.655759 0.244304 -34.885242 0.509426 -0.810267 6e-06 -0.0 0.0 0.12959 0.016 0.147931 0.023423 0.12214 0.199437 0.030152 -0.089929 0.11879 -77.923576 -81.406235 86.117897 72.253563 -40.014072 -42.815308 81.552467 0.511215 -0.325208 -42.001358 -4.565943 72.137466 17.636621 -26.322725 52.411182 -19.466648 -14.395597 29.410378 1e-06 -8.774819 -1e-06 16.587414 -16.93714 5.192426 -0.609776 -1.795653 -3.889327 -4.807086 -11.046805 -2.937848 4e-06 -20.976006 2e-06 -5.019969 -25.033543 -4.031877 6e-06 0.0 -0.0 -10.634531 -5.686967 -3.565587 10.573271 -17.922945 -3.113899 3e-06 -13.821199 3e-06 -0.501778 -31.181488 -4.027012 -11.724675 -59.162975 7.148852 -13.982711 -7.150195 -2.875041 13.772727 -8.401486 -3.21824 0.347733 -34.211544 0.771659 -0.96303 -17.733366 2.621021 0.0 0.0 0.0 -17.346413 -20.095207 -4.20178 21.757553 -1.638373 3.866427 1e-06 -6.33882 0.0 -1.697589 -22.591736 -6.194002 -0.0 -3e-06 -2e-06 8.578919 -80.472984 -178.455322 69.910629 -32.499935 -34.930492 70.309937 2.466368 -0.060299 -19.129555 7.082088 52.542068 22.182116 -20.375891 49.933311 -16.701809 -16.743528 28.476522 -1e-06 -12.690601 -1e-06 15.739234 -17.655237 2.838029 -0.105919 -1.513856 -4.275881 -5.039041 -5.612868 -2.953555 4e-06 -11.020525 -2e-06 -6.111297 -15.895334 -3.84047 -1e-06 -2e-06 -0.0 -10.283369 -5.680288 -4.341838 11.028294 -11.302406 -2.372633 -1.38427 -14.238577 -6.320119 -0.625439 -26.924191 -3.827601 -4.316105 -49.422165 -3.576751 -13.708523 -7.363476 -3.720939 18.141148 -14.052739 -3.242674 6e-06 -18.787268 -1e-06 -0.429712 -8.456045 2.555503 -1e-06 -0.0 0.0 -15.923532 -20.094482 -5.473585 30.419205 -7.190827 1.735925 3e-06 -8.162921 0.0 -1.861903 -22.861469 -6.167941 1e-06 -2e-06 -1e-06 95.212288 -24.545507 -48.329754 142.290375 0.703193 1.280295 -40.691383 0.948349 -39.699024 -19.320494 1.840611 1.575833 -0.999999 -0.0 0.0 -75.897804 -26.420197 -55.947803 138.913467 2.242239 2.220638 -31.563606 5.258085 -34.780682 -12.839512 0.687434 0.124578 -1.000002 -1e-06 -0.0 
0.0 0.0 0.0 0.0 -0.0 0.0 7.790277 13.899964 -23.363312 86.022057 43.287792 89.656418 16.961494 -1.696719 0.198227 0.755517 -0.582656 -0.730026 37.535027 3.64152 -1.670719 15.2666 0.670965 1.880767 -2.374984 -0.654735 0.264725 -34.841618 0.484869 -0.83479 6e-06 0.0 0.0 0.131961 0.014784 0.139081 0.032684 0.120522 0.191759 0.036314 -0.090673 0.108542 -77.906303 -81.411972 86.089706 72.320992 -40.028358 -42.954601 81.50267 0.46255 -0.29944 -42.014114 -4.583246 72.234161 17.636629 -26.322746 52.411217 -19.466665 -14.395607 29.410395 3e-06 -8.774826 -1e-06 16.636145 -16.928774 5.157336 -0.609777 -1.795653 -3.889327 -4.807092 -11.046813 -2.93785 2e-06 -20.976021 1e-06 -5.019978 -25.033562 -4.031881 6e-06 0.0 -0.0 -10.634539 -5.686971 -3.565587 10.573275 -17.922953 -3.1139 1e-06 -13.821209 2e-06 -0.501782 -31.181505 -4.027016 -11.675501 -59.152962 7.130503 -13.98272 -7.150198 -2.87504 13.772735 -8.40149 -3.218244 0.347728 -34.211559 0.771659 -0.963032 -17.733372 2.621021 0.0 0.0 0.0 -17.34643 -20.095221 -4.201778 21.757568 -1.638372 3.866429 0.0 -6.338825 -0.0 -1.697595 -22.591751 -6.194006 -0.0 -3e-06 -1e-06 8.424147 -80.473129 -178.327332 69.9226 -32.498455 -34.97979 70.274933 2.424253 -0.032004 -19.10087 7.118085 52.630238 22.182108 -20.375895 49.933327 -16.701817 -16.74353 28.476538 -1e-06 -12.690601 0.0 15.720059 -17.643812 2.847999 -0.105919 -1.513855 -4.275881 -5.039041 -5.612872 -2.953557 3e-06 -11.020527 -2e-06 -6.111298 -15.89533 -3.840472 0.0 -0.0 -1e-06 -10.28337 -5.680287 -4.341839 11.028296 -11.302406 -2.372633 -1.384269 -14.238581 -6.320122 -0.625437 -26.924187 -3.827603 -4.316104 -49.396267 -3.575669 -13.708524 -7.363475 -3.72094 18.141153 -14.052739 -3.242677 6e-06 -18.78727 -2e-06 -0.429712 -8.456041 2.555504 -0.0 -0.0 0.0 -15.923536 -20.094482 -5.473586 30.419218 -7.190826 1.735924 3e-06 -8.162922 0.0 -1.861901 -22.861471 -6.167943 -0.0 -2e-06 -1e-06 95.252693 -24.602938 -48.299835 142.284821 0.717076 1.269098 -40.611183 0.979527 -39.667271 -19.380426 1.835568 1.568679 -1.0 0.0 -0.0 -75.821045 -26.4207 -55.994591 138.879822 2.24472 2.235701 -31.572088 5.199969 -34.839001 -12.932321 0.690025 0.132997 -1.000004 -1e-06 -0.0 
0.0 0.0 0.0 0.0 -0.0 0.0 7.775249 13.883793 -23.373817 86.02066 43.3237 89.659027 16.952236 -1.689003 0.197713 0.762513 -0.59578 -0.751645 37.558117 3.647202 -1.641917 15.280851 0.668471 1.912018 -2.368258 -0.655053 0.276324 -34.807461 0.463833 -0.841799 5e-06 -0.0 -0.0 0.132011 0.015743 0.138858 0.03927 0.121547 0.191853 0.038891 -0.089554 0.107978 -77.957657 -81.451645 86.13414 72.355621 -40.038475 -43.077698 81.468117 0.41882 -0.265274 -42.035526 -4.582514 72.333138 17.636627 -26.322729 52.411186 -19.466663 -14.395592 29.410389 1e-06 -8.77482 -1e-06 16.664764 -16.908504 5.130605 -0.609776 -1.795653 -3.889327 -4.807087 -11.046814 -2.937851 4e-06 -20.976023 -1e-06 -5.01997 -25.033571 -4.031881 6e-06 0.0 -0.0 -10.634532 -5.686972 -3.565588 10.573273 -17.922958 -3.113901 2e-06 -13.821213 0.0 -0.501776 -31.181511 -4.027018 -11.635966 -59.154255 7.124652 -13.982712 -7.150201 -2.875042 13.772727 -8.401491 -3.218241 0.347735 -34.211559 0.771653 -0.963028 -17.733374 2.621019 -0.0 0.0 -0.0 -17.346416 -20.095222 -4.201781 21.757557 -1.638373 3.866427 1e-06 -6.338824 -1e-06 -1.697589 -22.591755 -6.194008 0.0 -3e-06 -2e-06 8.314284 -80.493614 -178.23027 69.944252 -32.49844 -35.030209 70.251076 2.397604 -0.005692 -19.082409 7.139097 52.734081 22.182117 -20.375898 49.933331 -16.701815 -16.743532 28.476536 -0.0 -12.690603 -1e-06 15.683199 -17.624823 2.856752 -0.105919 -1.513857 -4.275883 -5.039042 -5.612872 -2.953557 3e-06 -11.020527 -2e-06 -6.1113 -15.895334 -3.840471 -0.0 -2e-06 -0.0 -10.283372 -5.680291 -4.34184 11.028294 -11.302406 -2.372633 -1.384269 -14.238581 -6.320122 -0.62544 -26.924191 -3.8276 -4.31557 -49.343147 -3.58262 -13.708526 -7.363478 -3.72094 18.14115 -14.052739 -3.242676 5e-06 -18.78727 -1e-06 -0.429713 -8.456047 2.555503 -1e-06 1e-06 0.0 -15.923538 -20.09449 -5.473585 30.419218 -7.190825 1.735927 2e-06 -8.162927 1e-06 -1.861904 -22.861475 -6.167943 -1e-06 -2e-06 -1e-06 95.279686 -24.650011 -48.288391 142.286774 0.726781 1.267449 -40.518631 1.003667 -39.603912 -19.476423 1.831106 1.563723 -0.999997 -1e-06 0.0 -75.747185 -26.433519 -56.058216 138.861343 2.245138 2.245229 -31.541941 5.149715 -34.864178 -13.012156 0.68887 0.142759 -1.000004 -1e-06 0.0 
0.0 0.0 0.0 0.0 -0.0 0.0 7.766695 13.874525 -23.368757 86.013519 43.352982 89.651627 16.945105 -1.676605 0.195576 0.764081 -0.60546 -0.761007 37.569199 3.647329 -1.614982 15.290147 0.654338 1.932701 -2.360927 -0.657185 0.276924 -34.799118 0.447662 -0.856456 6e-06 -0.0 -0.0 0.131677 0.019093 0.149431 0.043707 0.125045 0.20227 0.038563 -0.08602 0.11894 -78.063828 -81.493843 86.22287 72.362648 -40.064568 -43.145058 81.456451 0.39228 -0.24123 -42.062309 -4.562453 72.442909 17.636625 -26.322737 52.411201 -19.466665 -14.395602 29.410395 1e-06 -8.774822 -0.0 16.669971 -16.878401 5.118222 -0.609777 -1.79565 -3.889329 -4.807088 -11.046814 -2.937851 4e-06 -20.976021 -1e-06 -5.019972 -25.033564 -4.03188 6e-06 0.0 0.0 -10.634535 -5.686971 -3.565587 10.573275 -17.922956 -3.113902 2e-06 -13.821212 1e-06 -0.501779 -31.181511 -4.027016 -11.610723 -59.168762 7.133625 -13.982717 -7.150197 -2.875041 13.772733 -8.401497 -3.218243 0.347733 -34.211559 0.771655 -0.963029 -17.733372 2.621019 0.0 0.0 0.0 -17.346422 -20.095224 -4.20178 21.757561 -1.638374 3.866427 1e-06 -6.338824 1e-06 -1.697591 -22.591751 -6.194005 0.0 -3e-06 -2e-06 8.225006 -80.528358 -178.113434 69.979721 -32.474716 -35.101246 70.226875 2.387506 0.025877 -19.07103 7.150696 52.85524 22.182114 -20.3759 49.933323 -16.701817 -16.74353 28.476534 -3e-06 -12.690602 -0.0 15.648069 -17.607374 2.864757 -0.105919 -1.513855 -4.275882 -5.03904 -5.612869 -2.953557 6e-06 -11.020525 -2e-06 -6.111294 -15.89533 -3.84047 -0.0 -0.0 1e-06 -10.283369 -5.680285 -4.341839 11.028297 -11.302406 -2.372634 -1.384266 -14.238579 -6.320121 -0.625434 -26.924187 -3.8276 -4.316317 -49.293785 -3.586864 -13.708524 -7.363473 -3.720939 18.141151 -14.052741 -3.242675 1e-05 -18.78727 -1e-06 -0.429711 -8.456044 2.555504 -1e-06 -1e-06 -0.0 -15.923532 -20.094479 -5.473586 30.41921 -7.190829 1.735924 5e-06 -8.162924 1e-06 -1.8619 -22.861469 -6.16794 -1e-06 -2e-06 -1e-06 95.302528 -24.675829 -48.289703 142.303909 0.726457 1.266608 -40.480545 1.014053 -39.55159 -19.557667 1.831635 1.55717 -0.999999 -0.0 -0.0 -75.671707 -26.439375 -56.118942 138.862762 2.245579 2.244985 -31.492441 5.127364 -34.84446 -13.038986 0.683276 0.148476 -1.000003 0.0 0.0 
0.0 0.0 0.0 0.0 -0.0 0.0 7.766722 13.868612 -23.354876 86.01429 43.379066 89.646255 16.948296 -1.670065 0.187713 0.759119 -0.605252 -0.755818 37.570206 3.63953 -1.585609 15.281758 0.616884 1.934721 -2.360414 -0.6586 0.260258 -34.809887 0.447058 -0.893678 6e-06 0.0 0.0 0.132782 0.023227 0.166499 0.04299 0.126956 0.217583 0.034818 -0.079359 0.138059 -78.159615 -81.520523 86.301743 72.367058 -40.088726 -43.150112 81.462318 0.389463 -0.218834 -42.098816 -4.554416 72.575867 17.636629 -26.322729 52.411171 -19.46666 -14.395596 29.410378 2e-06 -8.774821 -2e-06 16.67441 -16.853014 5.11219 -0.609775 -1.795653 -3.889326 -4.807088 -11.046809 -2.937849 4e-06 -20.976015 0.0 -5.019972 -25.033554 -4.031878 6e-06 0.0 0.0 -10.634533 -5.686967 -3.565585 10.573271 -17.922945 -3.113899 2e-06 -13.821204 1e-06 -0.501779 -31.181498 -4.027015 -11.606184 -59.192059 7.153965 -13.982713 -7.150197 -2.875041 13.772727 -8.401489 -3.218239 0.347732 -34.211544 0.771657 -0.963029 -17.733366 2.621019 -0.0 0.0 -1e-06 -17.346416 -20.095213 -4.201779 21.757557 -1.638376 3.866428 0.0 -6.338821 0.0 -1.697591 -22.591743 -6.194004 -0.0 -3e-06 -2e-06 8.168077 -80.551895 -178.018097 70.008026 -32.432693 -35.152542 70.19915 2.401711 0.055078 -19.088589 7.164368 52.945534 22.182114 -20.375883 49.933308 -16.701813 -16.743528 28.476524 -2e-06 -12.690601 -1e-06 15.644583 -17.603977 2.866879 -0.105919 -1.513857 -4.275882 -5.039041 -5.612872 -2.953557 4e-06 -11.020525 -3e-06 -6.111295 -15.895328 -3.840472 -0.0 -1e-06 -0.0 -10.283371 -5.680287 -4.341838 11.028296 -11.302406 -2.372633 -1.384268 -14.23858 -6.320122 -0.625436 -26.924191 -3.827602 -4.32066 -49.28133 -3.590104 -13.708526 -7.363476 -3.720938 18.141148 -14.052738 -3.242674 8e-06 -18.787266 -4e-06 -0.429712 -8.456041 2.555503 -0.0 -0.0 -0.0 -15.923536 -20.094482 -5.473584 30.41921 -7.190826 1.735927 5e-06 -8.162925 -1e-06 -1.8619 -22.861467 -6.167944 -1e-06 -2e-06 -1e-06 95.329155 -24.675869 -48.315453 142.323959 0.717981 1.255122 -40.502064 1.006516 -39.500141 -19.606794 1.833866 1.552059 -1.0 -0.0 -0.0 -75.606445 -26.45204 -56.154369 138.881729 2.25078 2.230844 -31.442913 5.125552 -34.782917 -13.010516 0.671163 0.151079 -1.000003 0.0 -0.0 
0.0 0.0 0.0 0.0 -0.0 0.0 7.767797 13.848352 -23.339153 86.019936 43.40694 89.645576 16.972879 -1.670244 0.178181 0.754927 -0.593673 -0.739836 37.554161 3.630688 -1.566765 15.265107 0.561832 1.934267 -2.366271 -0.667287 0.225255 -34.825081 0.474864 -0.922409 7e-06 0.0 -0.0 0.133402 0.024624 0.172847 0.033069 0.125244 0.221065 0.025114 -0.074725 0.147733 -78.257713 -81.520752 86.398926 72.382401 -40.09021 -43.162838 81.464943 0.37699 -0.193787 -42.104282 -4.560333 72.687546 17.636627 -26.322725 52.411182 -19.46666 -14.395596 29.410385 1e-06 -8.774821 -2e-06 16.680231 -16.82984 5.09587 -0.609776 -1.795652 -3.889325 -4.807088 -11.04681 -2.93785 5e-06 -20.976015 -2e-06 -5.01997 -25.033552 -4.031881 6e-06 0.0 -0.0 -10.634531 -5.686969 -3.565586 10.573272 -17.922951 -3.113901 3e-06 -13.821206 0.0 -0.501777 -31.181505 -4.027017 -11.591291 -59.194721 7.155343 -13.982712 -7.150196 -2.87504 13.77273 -8.401493 -3.218241 0.347735 -34.211544 0.771654 -0.963028 -17.733366 2.621019 0.0 0.0 -0.0 -17.346416 -20.095217 -4.201779 21.757557 -1.638373 3.866429 1e-06 -6.338821 -1e-06 -1.69759 -22.591743 -6.194005 -0.0 -3e-06 -1e-06 8.126278 -80.567787 -177.932938 70.030479 -32.389885 -35.207882 70.184448 2.409962 0.061392 -19.116495 7.200528 52.985165 22.182112 -20.375885 49.933308 -16.701813 -16.743528 28.47653 -3e-06 -12.6906 -1e-06 15.640837 -17.602943 2.863635 -0.10592 -1.513855 -4.275883 -5.03904 -5.612869 -2.953556 4e-06 -11.020523 -2e-06 -6.111295 -15.895332 -3.840472 0.0 -2e-06 -1e-06 -10.283369 -5.680287 -4.341838 11.028294 -11.302402 -2.372633 -1.384266 -14.238577 -6.320122 -0.625436 -26.924183 -3.827602 -4.315345 -49.265347 -3.59994 -13.708523 -7.363473 -3.720939 18.14115 -14.052736 -3.242675 9e-06 -18.787266 -3e-06 -0.429711 -8.456041 2.555503 0.0 1e-06 -0.0 -15.923532 -20.094481 -5.473585 30.41921 -7.190826 1.735925 5e-06 -8.162924 0.0 -1.861902 -22.861469 -6.167942 1e-06 -3e-06 -1e-06 95.340233 -24.678278 -48.36718 142.345657 0.705462 1.234296 -40.50753 0.982923 -39.432735 -19.661308 1.834594 1.553018 -0.999999 1e-06 0.0 -75.566376 -26.4739 -56.180222 138.907593 2.263823 2.206615 -31.399841 5.115068 -34.715878 -12.994986 0.655895 0.152116 -1.000003 -0.0 -0.0 
0.0 0.0 0.0 0.0 -0.0 0.0 7.768919 13.80927 -23.335152 86.031815 43.416611 89.654366 16.998911 -1.675833 0.170017 0.746699 -0.580298 -0.727847 37.528278 3.623925 -1.552786 15.232372 0.515271 1.925397 -2.373825 -0.68172 0.186494 -34.84314 0.51216 -0.928648 6e-06 -0.0 -0.0 0.133887 0.023988 0.169948 0.01769 0.121656 0.214995 0.012697 -0.072498 0.148155 -78.298683 -81.509766 86.448448 72.410187 -40.061611 -43.182789 81.434044 0.356272 -0.187599 -42.06015 -4.563097 72.770103 17.636631 -26.322729 52.411186 -19.466656 -14.395596 29.410381 1e-06 -8.774821 -2e-06 16.691391 -16.831524 5.074636 -0.609775 -1.795656 -3.889327 -4.807088 -11.046811 -2.937849 4e-06 -20.976017 0.0 -5.019972 -25.03356 -4.031878 6e-06 0.0 -0.0 -10.634531 -5.68697 -3.565586 10.573271 -17.922949 -3.113899 3e-06 -13.821208 1e-06 -0.501778 -31.181505 -4.027014 -11.597989 -59.194069 7.142174 -13.982711 -7.150198 -2.875043 13.772725 -8.401489 -3.21824 0.347733 -34.211552 0.771656 -0.963029 -17.73337 2.621019 -0.0 0.0 1e-06 -17.346413 -20.095217 -4.20178 21.757555 -1.638375 3.866427 0.0 -6.338823 0.0 -1.69759 -22.591742 -6.194003 0.0 -3e-06 -2e-06 8.140678 -80.56881 -177.926056 70.048317 -32.374805 -35.252262 70.17231 2.414946 0.036954 -19.163717 7.245763 52.984398 22.182108 -20.375896 49.933327 -16.701813 -16.74353 28.476536 -1e-06 -12.6906 -1e-06 15.645378 -17.611074 2.863077 -0.105919 -1.513856 -4.275881 -5.039041 -5.612871 -2.953557 3e-06 -11.020527 -2e-06 -6.111298 -15.89533 -3.84047 -0.0 -2e-06 -0.0 -10.28337 -5.680288 -4.34184 11.028293 -11.302404 -2.372632 -1.384269 -14.238583 -6.320123 -0.625439 -26.924191 -3.827603 -4.308365 -49.245457 -3.608089 -13.708523 -7.363478 -3.72094 18.141146 -14.052733 -3.242673 5e-06 -18.78727 -2e-06 -0.429712 -8.456045 2.555503 -0.0 -0.0 0.0 -15.923534 -20.094484 -5.473584 30.419214 -7.190825 1.735924 4e-06 -8.162927 -0.0 -1.861905 -22.861473 -6.167942 0.0 -1e-06 -1e-06 95.295563 -24.685701 -48.445724 142.351166 0.683589 1.205151 -40.466209 0.938317 -39.398811 -19.679611 1.830446 1.55354 -1.0 0.0 0.0 -75.594711 -26.510405 -56.206757 138.922653 2.271217 2.178799 -31.336035 5.090364 -34.694244 -12.995345 0.648208 0.14957 -1.000004 -0.0 -0.0 
0.0 0.0 0.0 0.0 -0.0 0.0 7.762925 13.775063 -23.350384 86.054245 43.401703 89.676064 16.999743 -1.683195 0.17352 0.735795 -0.57602 -0.720077 37.51012 3.627424 -1.553025 15.183569 0.495659 1.923769 -2.384717 -0.696758 0.133079 -34.868389 0.537389 -0.916083 6e-06 0.0 0.0 0.135435 0.02126 0.153087 0.003782 0.118272 0.196197 0.003215 -0.074798 0.133077 -78.309196 -81.494118 86.473076 72.421371 -40.015312 -43.170628 81.390228 0.33871 -0.207641 -41.991619 -4.536711 72.849457 17.636631 -26.322725 52.41119 -19.466652 -14.395596 29.410381 2e-06 -8.774821 -2e-06 16.700497 -16.838835 5.061662 -0.609779 -1.795651 -3.889327 -4.807088 -11.046809 -2.937851 4e-06 -20.976015 -1e-06 -5.01997 -25.033556 -4.031882 6e-06 0.0 0.0 -10.634535 -5.686969 -3.565587 10.573272 -17.922951 -3.1139 2e-06 -13.821205 1e-06 -0.501778 -31.181498 -4.027017 -11.61675 -59.188419 7.117254 -13.982714 -7.150198 -2.875041 13.772727 -8.401489 -3.21824 0.347732 -34.211544 0.771655 -0.963029 -17.73337 2.621018 0.0 -0.0 -0.0 -17.346418 -20.095217 -4.201783 21.757557 -1.638372 3.86643 -0.0 -6.33882 -0.0 -1.697591 -22.591747 -6.194005 -0.0 -3e-06 -2e-06 8.20923 -80.5616 -178.011185 70.063751 -32.404202 -35.264603 70.156715 2.426211 -0.012077 -19.230444 7.30088 52.982639 22.182116 -20.3759 49.933331 -16.701815 -16.743534 28.476536 -3e-06 -12.690604 -0.0 15.632406 -17.621151 2.875365 -0.105919 -1.513856 -4.275882 -5.039042 -5.612869 -2.953556 4e-06 -11.020525 -1e-06 -6.111299 -15.89533 -3.84047 0.0 -1e-06 -1e-06 -10.283372 -5.680286 -4.34184 11.028297 -11.302406 -2.372633 -1.384268 -14.238583 -6.320121 -0.625438 -26.924191 -3.827601 -4.304622 -49.212757 -3.602661 -13.708527 -7.363475 -3.72094 18.141155 -14.052739 -3.242675 6e-06 -18.78727 -0.0 -0.429712 -8.456045 2.555504 -0.0 -1e-06 0.0 -15.923536 -20.094482 -5.473585 30.419222 -7.190828 1.735925 5e-06 -8.162925 1e-06 -1.861903 -22.861473 -6.167941 -2e-06 -2e-06 -1e-06 95.218964 -24.700199 -48.51815 142.332993 0.653856 1.176337 -40.380074 0.911467 -39.402523 -19.614281 1.825015 1.546277 -0.999996 -0.0 1e-06 -75.666328 -26.542263 -56.231827 138.908798 2.263852 2.163845 -31.253197 5.064947 -34.719532 -13.014322 0.650741 0.1415 -1.000005 1e-06 -1e-06 
0.0 0.0 0.0 0.0 -0.0 0.0 7.761612 13.75975 -23.375675 86.078835 43.37672 89.704895 16.979351 -1.686245 0.191473 0.725748 -0.574991 -0.706726 37.505405 3.641611 -1.568361 15.120181 0.493826 1.940948 -2.395987 -0.705779 0.065993 -34.909828 0.536084 -0.885162 7e-06 -0.0 0.0 0.135054 0.017885 0.130392 -0.003283 0.116754 0.174504 0.0001 -0.080389 0.108814 -78.364525 -81.483299 86.531265 72.415924 -39.960667 -43.127293 81.34169 0.320489 -0.240676 -41.928436 -4.515639 72.883171 17.636629 -26.322741 52.411205 -19.466663 -14.395597 29.410395 1e-06 -8.77482 -1e-06 16.706846 -16.835045 5.052684 -0.609776 -1.795655 -3.889328 -4.80709 -11.04681 -2.937851 4e-06 -20.976019 -1e-06 -5.01997 -25.03356 -4.031882 6e-06 0.0 -0.0 -10.634535 -5.686974 -3.565588 10.573272 -17.922949 -3.1139 2e-06 -13.821209 1e-06 -0.501778 -31.181505 -4.027017 -11.650723 -59.190487 7.103877 -13.982714 -7.150199 -2.875042 13.77273 -8.40149 -3.218241 0.347733 -34.211555 0.771654 -0.963029 -17.733372 2.62102 0.0 0.0 0.0 -17.34642 -20.095217 -4.201782 21.757559 -1.63838 3.866427 0.0 -6.338825 -0.0 -1.697589 -22.591745 -6.194006 -0.0 -3e-06 -1e-06 8.345057 -80.544647 -178.17894 70.077667 -32.439331 -35.259449 70.124146 2.437869 -0.068665 -19.298149 7.364696 52.88026 22.182112 -20.375898 49.933327 -16.701813 -16.74353 28.476534 -1e-06 -12.6906 -1e-06 15.632132 -17.62215 2.87873 -0.105919 -1.513856 -4.275883 -5.039041 -5.61287 -2.953557 4e-06 -11.020525 -2e-06 -6.111297 -15.895328 -3.840472 -0.0 -1e-06 -0.0 -10.283369 -5.680288 -4.341841 11.028292 -11.302404 -2.372633 -1.384268 -14.238576 -6.320121 -0.625438 -26.924183 -3.827602 -4.311116 -49.182808 -3.586295 -13.708524 -7.363475 -3.72094 18.141148 -14.052739 -3.242674 6e-06 -18.787268 -1e-06 -0.429713 -8.456045 2.555504 0.0 -0.0 -0.0 -15.923536 -20.094482 -5.473588 30.41921 -7.190827 1.735928 5e-06 -8.162925 1e-06 -1.861903 -22.861469 -6.167942 -1e-06 -2e-06 -1e-06 95.145378 -24.684513 -48.547115 142.295547 0.63416 1.155014 -40.27866 0.935285 -39.417103 -19.488796 1.82041 1.533847 -0.999999 1e-06 0.0 -75.741806 -26.574488 -56.236206 138.883804 2.246124 2.17487 -31.182922 5.051055 -34.798107 -13.029141 0.662467 0.126693 -1.000004 -2e-06 -1e-06 
0.0 0.0 0.0 0.0 -0.0 0.0 7.770611 13.741654 -23.394472 86.106674 43.371666 89.749237 16.964439 -1.683653 0.214584 0.722808 -0.575639 -0.694021 37.514553 3.662634 -1.587837 15.050284 0.49585 1.969476 -2.403579 -0.712018 0.015596 -34.971424 0.503175 -0.842655 6e-06 0.0 0.0 0.134529 0.01425 0.110446 -0.001656 0.114501 0.157134 0.004147 -0.085698 0.085758 -78.439545 -81.466362 86.621132 72.452286 -39.884964 -43.121563 81.294632 0.300823 -0.269572 -41.916866 -4.483637 72.87883 17.636625 -26.322729 52.41119 -19.46666 -14.395598 29.410389 -0.0 -8.774822 -2e-06 16.696362 -16.8214 5.052222 -0.609776 -1.795652 -3.889327 -4.80709 -11.046802 -2.93785 4e-06 -20.976009 -1e-06 -5.01997 -25.033548 -4.031881 6e-06 0.0 -0.0 -10.634535 -5.686968 -3.565588 10.573274 -17.922945 -3.113899 2e-06 -13.821205 1e-06 -0.501778 -31.181494 -4.027016 -11.687761 -59.191807 7.107272 -13.982714 -7.150194 -2.875041 13.772728 -8.40149 -3.218242 0.347732 -34.211544 0.771654 -0.963029 -17.733366 2.621019 -0.0 0.0 0.0 -17.346418 -20.095215 -4.201781 21.757557 -1.638374 3.866428 1e-06 -6.338821 -1e-06 -1.69759 -22.591742 -6.194006 0.0 -4e-06 -2e-06 8.48603 -80.517723 -178.350067 70.085663 -32.457439 -35.279293 70.097008 2.43731 -0.135785 -19.358286 7.423364 52.770794 22.182117 -20.375895 49.933323 -16.701815 -16.743528 28.476532 -1e-06 -12.690601 -1e-06 15.671781 -17.61261 2.863425 -0.10592 -1.513855 -4.275882 -5.039042 -5.612868 -2.953556 4e-06 -11.020524 -3e-06 -6.111298 -15.895328 -3.840472 -0.0 -0.0 0.0 -10.283371 -5.680286 -4.34184 11.028296 -11.302404 -2.372633 -1.384268 -14.238577 -6.320121 -0.625437 -26.924185 -3.827602 -4.323452 -49.166592 -3.568443 -13.708524 -7.363473 -3.720942 18.141148 -14.052734 -3.242674 6e-06 -18.787264 -2e-06 -0.429712 -8.456043 2.555504 -0.0 -1e-06 -0.0 -15.923536 -20.094481 -5.473585 30.419214 -7.190824 1.735926 4e-06 -8.162924 1e-06 -1.861901 -22.861467 -6.167942 -2e-06 -4e-06 -2e-06 95.081589 -24.620848 -48.550407 142.257584 0.633406 1.148307 -40.181198 0.972862 -39.470993 -19.383743 1.81544 1.524837 -0.999999 1e-06 1e-06 -75.7985 -26.635052 -56.229343 138.879425 2.230544 2.204891 -31.115969 5.036132 -34.886993 -13.01896 0.674103 0.110396 -1.000004 -1e-06 -1e-06 
0.0 0.0 0.0 0.0 -0.0 0.0 7.776333 13.72664 -23.389805 86.114571 43.393394 89.780151 16.970877 -1.675875 0.228641 0.725272 -0.573971 -0.690755 37.531914 3.685308 -1.601302 14.992023 0.483101 1.998604 -2.408356 -0.717725 -0.000407 -35.043503 0.450321 -0.803755 6e-06 -0.0 0.0 0.13243 0.011317 0.099428 0.001679 0.113392 0.148364 0.009168 -0.090643 0.072133 -78.595825 -81.442741 86.794884 72.509705 -39.815514 -43.155964 81.25856 0.282453 -0.292839 -41.973324 -4.462637 72.875801 17.636625 -26.322731 52.41119 -19.466663 -14.395598 29.410389 1e-06 -8.774821 -2e-06 16.681622 -16.804722 5.056075 -0.609776 -1.795655 -3.889328 -4.807088 -11.046813 -2.937851 5e-06 -20.976017 -2e-06 -5.019969 -25.03356 -4.031882 6e-06 0.0 -0.0 -10.634534 -5.686969 -3.565587 10.573275 -17.922951 -3.113901 3e-06 -13.821205 1e-06 -0.501775 -31.181501 -4.027018 -11.728332 -59.201321 7.143643 -13.982714 -7.1502 -2.87504 13.772731 -8.401491 -3.218243 0.347735 -34.211555 0.771653 -0.963028 -17.73337 2.621018 0.0 0.0 1e-06 -17.346418 -20.095221 -4.201779 21.757559 -1.638373 3.866428 0.0 -6.338821 -0.0 -1.697589 -22.591743 -6.194008 -0.0 -3e-06 -2e-06 8.596882 -80.487953 -178.458542 70.098434 -32.436275 -35.310608 70.105324 2.433213 -0.194395 -19.421234 7.483811 52.699574 22.182114 -20.375895 49.933319 -16.701815 -16.743528 28.476532 -3e-06 -12.690603 -0.0 15.727531 -17.602146 2.837867 -0.10592 -1.513856 -4.27588 -5.039041 -5.612872 -2.953557 4e-06 -11.020528 -3e-06 -6.111298 -15.89533 -3.840471 -0.0 -1e-06 1e-06 -10.283371 -5.680288 -4.341838 11.028296 -11.302406 -2.372634 -1.384269 -14.238581 -6.320121 -0.625437 -26.924187 -3.827602 -4.346318 -49.170906 -3.545914 -13.708527 -7.363475 -3.720938 18.141153 -14.05274 -3.242676 6e-06 -18.787271 -1e-06 -0.429713 -8.456045 2.555504 0.0 -1e-06 -1e-06 -15.923536 -20.094482 -5.473585 30.419218 -7.190827 1.735925 3e-06 -8.162925 -0.0 -1.861902 -22.861469 -6.167942 -0.0 -3e-06 -1e-06 95.040855 -24.551054 -48.515965 142.256302 0.646056 1.154188 -40.109501 1.025449 -39.487652 -19.379398 1.813065 1.525863 -0.999999 0.0 0.0 -75.800835 -26.671537 -56.234852 138.899063 2.224378 2.234811 -31.095112 5.024508 -34.947407 -13.027229 0.679815 0.101949 -1.000004 0.0 -1e-06 
0.0 0.0 0.0 0.0 -0.0 0.0 7.757336 13.712824 -23.354422 86.099709 43.433674 89.785194 16.992189 -1.670836 0.224932 0.737822 -0.569943 -0.700703 37.548203 3.698243 -1.597826 14.955972 0.460489 2.003623 -2.40746 -0.722074 0.034372 -35.123055 0.411833 -0.772074 6e-06 -0.0 -0.0 0.132191 0.009701 0.096881 0.007 0.113263 0.147062 0.01643 -0.093923 0.068208 -78.73484 -81.409935 86.958115 72.573357 -39.75211 -43.204838 81.225151 0.283601 -0.298056 -42.067093 -4.461512 72.890419 17.636629 -26.322729 52.41119 -19.466656 -14.395597 29.410389 3e-06 -8.774819 -2e-06 16.707603 -16.797554 5.048864 -0.609777 -1.795652 -3.889328 -4.80709 -11.046811 -2.93785 3e-06 -20.976015 -1e-06 -5.01997 -25.03356 -4.031884 7e-06 0.0 -0.0 -10.634536 -5.68697 -3.565589 10.573272 -17.922951 -3.113899 1e-06 -13.821206 2e-06 -0.501779 -31.181505 -4.027017 -11.764224 -59.234367 7.198091 -13.982714 -7.150198 -2.875042 13.772727 -8.401491 -3.218241 0.34773 -34.211544 0.771656 -0.96303 -17.733366 2.62102 0.0 1e-06 -0.0 -17.346422 -20.095217 -4.201783 21.757559 -1.638374 3.866429 1e-06 -6.338823 -0.0 -1.697592 -22.591747 -6.194005 -0.0 -3e-06 -2e-06 8.639632 -80.455688 -178.501282 70.10643 -32.398991 -35.368477 70.127136 2.386761 -0.227483 -19.474342 7.520977 52.706875 22.182116 -20.375895 49.933327 -16.701817 -16.74353 28.476534 -2e-06 -12.690602 -1e-06 15.78913 -17.603346 2.807396 -0.105919 -1.513856 -4.275882 -5.039041 -5.612869 -2.953558 5e-06 -11.020523 -3e-06 -6.111297 -15.895332 -3.840472 0.0 -1e-06 0.0 -10.283371 -5.680288 -4.341838 11.028297 -11.302406 -2.372633 -1.384267 -14.238579 -6.320122 -0.625436 -26.924187 -3.827601 -4.377979 -49.201591 -3.526241 -13.708526 -7.363474 -3.72094 18.141153 -14.052739 -3.242676 7e-06 -18.787268 -1e-06 -0.429712 -8.456044 2.555504 -1e-06 1e-06 -0.0 -15.923536 -20.094479 -5.473586 30.419214 -7.190831 1.735923 3e-06 -8.162922 1e-06 -1.861903 -22.861467 -6.16794 -0.0 -2e-06 -1e-06 95.015518 -24.535883 -48.45742 142.317703 0.659485 1.159896 -40.061241 1.084071 -39.424423 -19.455767 1.813575 1.530813 -0.999998 1e-06 1e-06 -75.740265 -26.642544 -56.297321 138.932083 2.224082 2.251165 -31.15502 4.987567 -34.984066 -13.036365 0.680035 0.100373 -1.000005 -0.0 -0.0 
0.0 0.0 0.0 0.0 -0.0 0.0 7.715322 13.695192 -23.300453 86.067879 43.475758 89.766777 17.017004 -1.67134 0.212806 0.752769 -0.56614 -0.723069 37.551155 3.70298 -1.578278 14.936207 0.439168 1.983367 -2.397409 -0.725327 0.105382 -35.180973 0.386433 -0.753972 6e-06 -0.0 -0.0 0.135819 0.009984 0.101425 0.013545 0.115111 0.151776 0.02447 -0.095301 0.072772 -78.800934 -81.38591 87.053635 72.631577 -39.69828 -43.250072 81.18132 0.316246 -0.304374 -42.158539 -4.505133 72.955811 17.636635 -26.322741 52.411205 -19.466661 -14.395596 29.410393 1e-06 -8.774822 -1e-06 16.767456 -16.795353 5.025119 -0.609775 -1.795656 -3.889329 -4.807089 -11.046809 -2.93785 6e-06 -20.976019 0.0 -5.019969 -25.03356 -4.031881 6e-06 0.0 0.0 -10.634535 -5.686969 -3.565589 10.573276 -17.922956 -3.1139 3e-06 -13.821206 1e-06 -0.501775 -31.181505 -4.027016 -11.772053 -59.264023 7.236886 -13.982715 -7.150195 -2.875044 13.772731 -8.401495 -3.21824 0.347736 -34.211555 0.771656 -0.963028 -17.733372 2.621022 0.0 1e-06 0.0 -17.346416 -20.095217 -4.201784 21.757557 -1.638377 3.866428 1e-06 -6.338821 0.0 -1.697589 -22.591743 -6.194005 -0.0 -3e-06 -1e-06 8.642108 -80.428314 -178.522842 70.10154 -32.380165 -35.435001 70.147629 2.311509 -0.255297 -19.519045 7.539529 52.802349 22.182123 -20.375891 49.933323 -16.701815 -16.743528 28.476532 -1e-06 -12.690603 -2e-06 15.842395 -17.610111 2.78387 -0.105919 -1.513855 -4.275882 -5.039042 -5.612871 -2.953557 4e-06 -11.020525 -3e-06 -6.111298 -15.895332 -3.840472 -0.0 -2e-06 -0.0 -10.283373 -5.680288 -4.34184 11.028296 -11.302407 -2.372633 -1.384269 -14.238576 -6.320121 -0.625436 -26.924187 -3.827603 -4.413742 -49.246311 -3.504615 -13.708527 -7.363478 -3.72094 18.141151 -14.052738 -3.242675 6e-06 -18.78727 -1e-06 -0.429711 -8.456043 2.555504 -0.0 -0.0 -0.0 -15.923539 -20.094482 -5.473587 30.419218 -7.190828 1.735926 4e-06 -8.162926 0.0 -1.861901 -22.861473 -6.167942 -0.0 -1e-06 -1e-06 94.986183 -24.585649 -48.403126 142.423889 0.662718 1.160575 -40.028961 1.123094 -39.328979 -19.539595 1.815533 1.534986 -1.0 1e-06 0.0 -75.664528 -26.552608 -56.393845 138.965424 2.231971 2.245312 -31.268381 4.937289 -34.989758 -13.042365 0.678244 0.106471 -1.000004 -0.0 -0.0 
0.0 0.0 0.0 0.0 -0.0 0.0 7.651904 13.669146 -23.244923 86.030243 43.515316 89.734444 17.039391 -1.674191 0.199181 0.768389 -0.569052 -0.754254 37.536968 3.703239 -1.541394 14.927003 0.423131 1.965026 -2.378276 -0.726998 0.14818 -35.213665 0.365766 -0.747267 6e-06 0.0 0.0 0.142506 0.011944 0.113759 0.020277 0.118536 0.162795 0.03088 -0.094777 0.086538 -78.790771 -81.383041 87.078293 72.668625 -39.657097 -43.263203 81.14473 0.382258 -0.289431 -42.221455 -4.601978 73.050926 17.636625 -26.322733 52.411209 -19.466665 -14.395602 29.410395 2e-06 -8.774824 -1e-06 16.85475 -16.799311 4.987865 -0.609777 -1.795655 -3.889329 -4.807091 -11.046809 -2.937851 4e-06 -20.976019 -1e-06 -5.019973 -25.033556 -4.031882 6e-06 0.0 -0.0 -10.634538 -5.686969 -3.565587 10.573277 -17.922953 -3.113903 2e-06 -13.821205 1e-06 -0.501779 -31.181505 -4.027018 -11.753858 -59.294239 7.25175 -13.982718 -7.150199 -2.875042 13.772732 -8.401488 -3.218242 0.347732 -34.211555 0.771655 -0.96303 -17.73337 2.621018 0.0 1e-06 0.0 -17.346424 -20.095217 -4.20178 21.757565 -1.638374 3.866426 0.0 -6.338822 -0.0 -1.697591 -22.591747 -6.194006 0.0 -3e-06 -1e-06 8.648608 -80.410667 -178.567566 70.098694 -32.392117 -35.507633 70.149994 2.222923 -0.276485 -19.555729 7.556395 52.926949 22.182108 -20.375896 49.933319 -16.701811 -16.74353 28.47653 -2e-06 -12.690601 0.0 15.86904 -17.61179 2.771225 -0.105919 -1.513856 -4.27588 -5.03904 -5.61287 -2.953556 4e-06 -11.020521 -2e-06 -6.111297 -15.89533 -3.840468 -1e-06 -2e-06 -1e-06 -10.28337 -5.680287 -4.341836 11.028296 -11.302406 -2.372633 -1.384268 -14.238579 -6.320119 -0.625439 -26.924185 -3.827599 -4.444579 -49.296791 -3.486228 -13.708525 -7.363475 -3.720937 18.141151 -14.052737 -3.242676 5e-06 -18.787268 0.0 -0.429711 -8.456043 2.555502 0.0 -0.0 0.0 -15.923538 -20.094481 -5.473583 30.419218 -7.190828 1.735924 3e-06 -8.162924 1e-06 -1.861902 -22.861469 -6.16794 -1e-06 -3e-06 -1e-06 94.944046 -24.701958 -48.356613 142.550491 0.656863 1.158931 -39.996471 1.132899 -39.235939 -19.591379 1.817521 1.536481 -1.0 1e-06 1e-06 -75.594452 -26.419384 -56.51157 138.982407 2.247357 2.224293 -31.39118 4.874988 -35.000145 -13.040975 0.677881 0.108675 -1.000007 0.0 -2e-06 
0.0 0.0 0.0 0.0 -0.0 0.0 7.586045 13.649363 -23.2005 86.004547 43.548439 89.713684 17.052349 -1.681011 0.187341 0.779486 -0.579739 -0.791015 37.521481 3.707138 -1.49252 14.920629 0.411517 1.955578 -2.36075 -0.725043 0.156268 -35.221958 0.347766 -0.732829 6e-06 0.0 -0.0 0.148859 0.013499 0.122832 0.027362 0.121513 0.17036 0.036019 -0.094534 0.097185 -78.712357 -81.405251 87.040527 72.683533 -39.628922 -43.270401 81.126572 0.460505 -0.259916 -42.275848 -4.721171 73.116066 17.636631 -26.322729 52.411194 -19.466661 -14.395596 29.410389 1e-06 -8.774821 -2e-06 16.91848 -16.802055 4.96093 -0.609778 -1.795653 -3.889328 -4.807087 -11.046809 -2.93785 4e-06 -20.976017 -1e-06 -5.019969 -25.03356 -4.031881 6e-06 0.0 0.0 -10.634535 -5.686974 -3.565588 10.573271 -17.922945 -3.113899 3e-06 -13.821205 1e-06 -0.501775 -31.181505 -4.027017 -11.703703 -59.307163 7.234721 -13.982714 -7.150198 -2.875043 13.77273 -8.401492 -3.21824 0.347735 -34.211555 0.771653 -0.963027 -17.73337 2.621019 0.0 -0.0 -0.0 -17.346416 -20.095217 -4.20178 21.757557 -1.638376 3.866427 0.0 -6.338823 -1e-06 -1.69759 -22.591743 -6.194005 -0.0 -3e-06 -1e-06 8.691819 -80.415565 -178.624237 70.115509 -32.424549 -35.605614 70.147156 2.151109 -0.298586 -19.596281 7.59412 53.025967 22.182117 -20.375887 49.933296 -16.701811 -16.743525 28.476522 -0.0 -12.690598 -2e-06 15.868505 -17.615612 2.779805 -0.10592 -1.513856 -4.27588 -5.03904 -5.612869 -2.953556 3e-06 -11.020523 -2e-06 -6.111296 -15.895329 -3.84047 -1e-06 -1e-06 -0.0 -10.283369 -5.680288 -4.341836 11.028291 -11.302403 -2.372632 -1.384268 -14.238577 -6.32012 -0.625438 -26.924187 -3.827601 -4.473989 -49.339745 -3.46505 -13.708522 -7.363476 -3.720938 18.141146 -14.052737 -3.242672 6e-06 -18.78727 -2e-06 -0.429712 -8.456045 2.555502 -2e-06 -1e-06 0.0 -15.923532 -20.094482 -5.473582 30.419205 -7.190823 1.735928 4e-06 -8.162921 -1e-06 -1.861902 -22.861465 -6.167942 -2e-06 -3e-06 -1e-06 94.911606 -24.822882 -48.309353 142.661362 0.651672 1.161506 -39.96283 1.142682 -39.162319 -19.563923 1.814657 1.53651 -0.999998 -1e-06 0.0 -75.542694 -26.284058 -56.611576 138.985138 2.256986 2.196919 -31.496864 4.832034 -35.031231 -13.019123 0.675549 0.111677 -1.000005 -0.0 -2e-06 
0.0 0.0 0.0 0.0 -0.0 0.0 7.547819 13.644844 -23.173458 85.999756 43.570477 89.716438 17.04929 -1.687522 0.185965 0.788045 -0.600256 -0.822363 37.508953 3.727355 -1.450269 14.908261 0.401729 1.971159 -2.351739 -0.721768 0.110524 -35.213917 0.318794 -0.728423 6e-06 -0.0 0.0 0.154086 0.01589 0.134738 0.036333 0.125921 0.181931 0.040959 -0.093895 0.109389 -78.697639 -81.445793 87.033714 72.648239 -39.62862 -43.224884 81.125999 0.538095 -0.257673 -42.341274 -4.813403 73.092377 17.636635 -26.322733 52.411182 -19.466656 -14.395596 29.410378 3e-06 -8.77482 -2e-06 16.924902 -16.801565 4.967551 -0.609776 -1.795652 -3.889328 -4.80709 -11.04681 -2.937849 3e-06 -20.976021 1e-06 -5.019974 -25.03356 -4.031878 6e-06 0.0 -0.0 -10.634535 -5.686968 -3.565587 10.573271 -17.922953 -3.113898 2e-06 -13.821211 2e-06 -0.50178 -31.181511 -4.027015 -11.654378 -59.305878 7.220876 -13.982715 -7.150195 -2.875042 13.77273 -8.401493 -3.21824 0.34773 -34.211555 0.771657 -0.96303 -17.73337 2.621021 0.0 0.0 -0.0 -17.346422 -20.095221 -4.201778 21.757561 -1.638372 3.866428 -0.0 -6.338823 -1e-06 -1.697592 -22.591751 -6.194005 0.0 -3e-06 -2e-06 8.775995 -80.428558 -178.701294 70.140404 -32.458248 -35.716724 70.141815 2.079787 -0.315592 -19.669338 7.635084 53.015671 22.182108 -20.375893 49.933319 -16.701817 -16.74353 28.476532 -2e-06 -12.6906 -0.0 15.848916 -17.618153 2.799767 -0.105919 -1.513856 -4.275881 -5.039041 -5.612869 -2.953557 4e-06 -11.020524 -3e-06 -6.111298 -15.89533 -3.840469 -0.0 -2e-06 0.0 -10.28337 -5.680289 -4.341839 11.028294 -11.302404 -2.372633 -1.384268 -14.238575 -6.32012 -0.625439 -26.924189 -3.827602 -4.494672 -49.355877 -3.452088 -13.708522 -7.363477 -3.720938 18.141148 -14.052737 -3.242676 4e-06 -18.78727 -1e-06 -0.429712 -8.456041 2.555503 0.0 1e-06 -1e-06 -15.923532 -20.094482 -5.473585 30.41921 -7.190822 1.735926 3e-06 -8.162925 -0.0 -1.861904 -22.861469 -6.167942 -2e-06 -3e-06 -1e-06 94.917709 -24.884336 -48.304253 142.723373 0.640455 1.16811 -39.943127 1.147121 -39.122478 -19.476307 1.808722 1.534629 -0.999997 -0.0 0.0 -75.514893 -26.205587 -56.657013 138.990356 2.256279 2.180845 -31.541643 4.831169 -35.040863 -13.012626 0.673426 0.110078 -1.000003 -1e-06 -1e-06 
0.0 0.0 0.0 0.0 -0.0 0.0 7.539111 13.642746 -23.154694 86.012352 43.584492 89.741356 17.040121 -1.698926 0.187861 0.789053 -0.61582 -0.839683 37.507729 3.758688 -1.425074 14.893653 0.383752 2.001846 -2.354845 -0.720749 0.043843 -35.229237 0.29102 -0.725615 6e-06 -0.0 -0.0 0.154868 0.017846 0.143398 0.040349 0.12879 0.190527 0.041387 -0.09252 0.118208 -78.72068 -81.488258 87.031097 72.600258 -39.656521 -43.217949 81.139107 0.559026 -0.288514 -42.436054 -4.854503 73.032982 17.636625 -26.322733 52.411205 -19.466663 -14.395598 29.410395 2e-06 -8.774822 -2e-06 16.878178 -16.803608 5.011822 -0.609776 -1.795654 -3.889327 -4.807089 -11.046809 -2.937852 4e-06 -20.976015 -1e-06 -5.019969 -25.033556 -4.031882 6e-06 0.0 -0.0 -10.634535 -5.686972 -3.565588 10.573275 -17.922951 -3.1139 3e-06 -13.821205 1e-06 -0.501776 -31.181505 -4.027017 -11.645129 -59.320465 7.239301 -13.982713 -7.150199 -2.875041 13.772729 -8.401488 -3.218242 0.347733 -34.211552 0.771654 -0.963029 -17.73337 2.621019 0.0 0.0 -0.0 -17.34642 -20.095217 -4.201784 21.757557 -1.638376 3.866429 0.0 -6.338821 -0.0 -1.697589 -22.591747 -6.194007 -0.0 -3e-06 -2e-06 8.863129 -80.439865 -178.762909 70.161285 -32.473427 -35.818668 70.147659 2.023185 -0.30833 -19.772758 7.674937 52.893578 22.182114 -20.375896 49.933319 -16.701817 -16.74353 28.476536 -3e-06 -12.690602 0.0 15.834692 -17.620806 2.809851 -0.10592 -1.513855 -4.275881 -5.039041 -5.61287 -2.953555 4e-06 -11.020525 -2e-06 -6.111298 -15.895334 -3.84047 -0.0 -0.0 -1e-06 -10.283371 -5.680287 -4.341838 11.028296 -11.302406 -2.372633 -1.384268 -14.238581 -6.32012 -0.625436 -26.924191 -3.827601 -4.507675 -49.355915 -3.449775 -13.708525 -7.363473 -3.720939 18.141151 -14.052739 -3.242676 5e-06 -18.78727 0.0 -0.429711 -8.456043 2.555504 0.0 -1e-06 -1e-06 -15.923536 -20.094481 -5.473585 30.419214 -7.190827 1.735925 3e-06 -8.162925 0.0 -1.861901 -22.861467 -6.167942 -2e-06 -3e-06 -1e-06 94.951859 -24.889072 -48.362564 142.748215 0.622358 1.17661 -39.952866 1.112875 -39.135662 -19.367943 1.79839 1.531852 -0.999998 -1e-06 0.0 -75.513039 -26.194672 -56.668442 139.012314 2.246485 2.179944 -31.544641 4.843362 -35.039192 -13.04586 0.665746 0.105982 -1.000005 -1e-06 -1e-06 
0.0 0.0 0.0 0.0 -0.0 0.0 7.558112 13.630152 -23.133139 86.014473 43.594563 89.761192 17.036684 -1.709296 0.185616 0.783021 -0.61646 -0.837407 37.521168 3.789077 -1.421667 14.878073 0.363773 2.044372 -2.367322 -0.723539 -0.024642 -35.283424 0.269724 -0.703336 6e-06 -0.0 0.0 0.150305 0.018745 0.146701 0.03491 0.130507 0.193579 0.03464 -0.092188 0.121981 -78.766136 -81.511887 87.027359 72.569275 -39.688721 -43.276554 81.153137 0.5159 -0.344614 -42.522289 -4.856681 72.969002 17.636627 -26.322733 52.411201 -19.466663 -14.395597 29.410395 2e-06 -8.774821 -2e-06 16.798449 -16.810226 5.070457 -0.609776 -1.795653 -3.889328 -4.807088 -11.046811 -2.93785 5e-06 -20.976017 -0.0 -5.01997 -25.033556 -4.031881 6e-06 0.0 -0.0 -10.634533 -5.686969 -3.565589 10.573275 -17.922951 -3.113901 3e-06 -13.821205 0.0 -0.501777 -31.181505 -4.027016 -11.690313 -59.351593 7.300936 -13.982715 -7.150198 -2.875044 13.772731 -8.401493 -3.218241 0.347734 -34.211555 0.771655 -0.963029 -17.73337 2.62102 -0.0 0.0 -0.0 -17.346422 -20.095221 -4.201782 21.757561 -1.638373 3.866428 0.0 -6.338822 -0.0 -1.697589 -22.591747 -6.194007 -0.0 -3e-06 -2e-06 8.959446 -80.442818 -178.802277 70.195992 -32.436298 -35.919739 70.154793 1.97447 -0.288248 -19.876123 7.730302 52.737156 22.182114 -20.375896 49.933327 -16.701809 -16.74353 28.476532 0.0 -12.690601 -1e-06 15.827306 -17.625284 2.806866 -0.105919 -1.513856 -4.275884 -5.039041 -5.61287 -2.953557 3e-06 -11.020525 -1e-06 -6.111299 -15.895334 -3.84047 -0.0 -1e-06 0.0 -10.283371 -5.680288 -4.341839 11.028295 -11.302406 -2.372634 -1.384269 -14.238579 -6.320122 -0.625439 -26.924191 -3.827602 -4.502825 -49.346752 -3.465203 -13.708526 -7.363476 -3.720941 18.141151 -14.052739 -3.242675 5e-06 -18.787271 -0.0 -0.429713 -8.456043 2.555504 0.0 -2e-06 -1e-06 -15.923536 -20.094482 -5.473585 30.419218 -7.190824 1.735926 3e-06 -8.162926 1e-06 -1.861905 -22.861471 -6.167941 1e-06 -2e-06 -1e-06 94.99192 -24.861076 -48.466759 142.75885 0.606111 1.184266 -39.999878 1.021208 -39.19342 -19.271065 1.784101 1.531106 -0.999999 -0.0 1e-06 -75.525887 -26.238194 -56.682053 139.058426 2.233231 2.189122 -31.525856 4.844849 -35.025593 -13.14043 0.655124 0.106159 -1.000002 -1e-06 0.0 
0.0 0.0 0.0 0.0 -0.0 0.0 7.581817 13.607102 -23.102633 86.000237 43.606098 89.766205 17.046402 -1.716148 0.180604 0.773624 -0.605797 -0.819708 37.541985 3.810581 -1.429969 14.855694 0.347663 2.089889 -2.375444 -0.731719 -0.085775 -35.377399 0.25771 -0.691401 6e-06 0.0 -0.0 0.145951 0.019246 0.146387 0.025074 0.131915 0.193296 0.026062 -0.092526 0.122 -78.762314 -81.524368 86.991135 72.556839 -39.69931 -43.388103 81.157951 0.429483 -0.393169 -42.560432 -4.829762 72.981453 17.636625 -26.322735 52.411182 -19.466665 -14.395604 29.410393 1e-06 -8.774822 -1e-06 16.728563 -16.810888 5.115507 -0.609775 -1.795657 -3.889329 -4.807089 -11.046811 -2.937849 4e-06 -20.976021 -0.0 -5.019973 -25.033562 -4.031879 6e-06 0.0 -0.0 -10.634534 -5.68697 -3.565587 10.573275 -17.922956 -3.113902 2e-06 -13.821208 1e-06 -0.501778 -31.181511 -4.027017 -11.761251 -59.38607 7.377661 -13.982714 -7.150198 -2.87504 13.772731 -8.401497 -3.218244 0.347732 -34.211559 0.771654 -0.963029 -17.733372 2.621019 -0.0 1e-06 0.0 -17.34642 -20.095221 -4.201779 21.757559 -1.638377 3.866426 1e-06 -6.338826 -1e-06 -1.697591 -22.591751 -6.194005 0.0 -3e-06 -2e-06 9.104806 -80.441528 -178.881943 70.244736 -32.376575 -36.022671 70.153816 1.93234 -0.279018 -19.951036 7.788778 52.641132 22.182106 -20.375887 49.933304 -16.701807 -16.743525 28.476522 -3e-06 -12.690598 1e-06 15.826865 -17.629269 2.799138 -0.105919 -1.513856 -4.275879 -5.03904 -5.612869 -2.953556 4e-06 -11.020521 -1e-06 -6.111297 -15.895328 -3.840469 0.0 -1e-06 -1e-06 -10.283368 -5.680288 -4.341835 11.028292 -11.302403 -2.372633 -1.384269 -14.238577 -6.320119 -0.62544 -26.924187 -3.8276 -4.478152 -49.351845 -3.491642 -13.708521 -7.363474 -3.720938 18.141146 -14.052736 -3.242676 5e-06 -18.787264 -1e-06 -0.429711 -8.456039 2.555502 -1e-06 -0.0 -0.0 -15.923534 -20.094479 -5.473582 30.419207 -7.190823 1.735924 2e-06 -8.162922 1e-06 -1.861902 -22.861467 -6.16794 -1e-06 -4e-06 -1e-06 95.016418 -24.835613 -48.583794 142.781662 0.587225 1.185916 -40.064671 0.901385 -39.270329 -19.181641 1.770168 1.531249 -1.000001 -0.0 0.0 -75.531639 -26.288969 -56.730698 139.116592 2.216677 2.203475 -31.517904 4.818192 -35.012222 -13.217011 0.64653 0.112695 -1.000005 -0.0 -1e-06 
0.0 0.0 0.0 0.0 -0.0 0.0 7.591794 13.569713 -23.059523 85.967766 43.623837 89.751648 17.066116 -1.719669 0.176077 0.762739 -0.588817 -0.798766 37.565266 3.817548 -1.438121 14.822806 0.340371 2.117289 -2.379979 -0.742787 -0.128681 -35.462421 0.257818 -0.695163 6e-06 0.0 -0.0 0.1458 0.02025 0.147381 0.016255 0.133556 0.195126 0.021065 -0.092269 0.122278 -78.640236 -81.537033 86.872543 72.545448 -39.679901 -43.479313 81.139389 0.365897 -0.404796 -42.510902 -4.788199 73.025581 17.636625 -26.322737 52.411198 -19.466658 -14.395597 29.410389 1e-06 -8.774821 -2e-06 16.700022 -16.817398 5.141099 -0.609777 -1.795651 -3.889328 -4.807087 -11.046813 -2.937851 4e-06 -20.976019 0.0 -5.019971 -25.03356 -4.03188 6e-06 0.0 -0.0 -10.634531 -5.68697 -3.565587 10.573271 -17.922951 -3.1139 3e-06 -13.821206 1e-06 -0.501778 -31.181505 -4.027014 -11.819632 -59.436375 7.444612 -13.982712 -7.150198 -2.875043 13.772729 -8.401489 -3.218241 0.347732 -34.211555 0.771656 -0.963029 -17.73337 2.62102 -0.0 0.0 -0.0 -17.346413 -20.095219 -4.201782 21.757555 -1.638376 3.866427 1e-06 -6.338824 0.0 -1.697591 -22.591747 -6.194005 -0.0 -3e-06 -2e-06 9.283109 -80.428108 -179.029892 70.292992 -32.328022 -36.080952 70.118469 1.900621 -0.286185 -19.972424 7.822405 52.59586 22.18211 -20.375895 49.933327 -16.701813 -16.74353 28.476536 -1e-06 -12.690602 0.0 15.829672 -17.630514 2.795096 -0.10592 -1.513857 -4.275882 -5.039042 -5.612873 -2.953557 4e-06 -11.020528 -2e-06 -6.1113 -15.895336 -3.840472 0.0 -2e-06 0.0 -10.283372 -5.680289 -4.341838 11.028296 -11.302408 -2.372635 -1.384269 -14.238585 -6.320122 -0.625442 -26.924198 -3.827604 -4.432911 -49.357117 -3.531906 -13.708526 -7.363478 -3.720939 18.141153 -14.052739 -3.242678 5e-06 -18.787271 -1e-06 -0.429712 -8.456045 2.555503 0.0 -2e-06 -1e-06 -15.923536 -20.094486 -5.473587 30.419218 -7.190824 1.735924 2e-06 -8.162927 0.0 -1.861902 -22.861471 -6.167942 1e-06 -4e-06 -2e-06 95.009087 -24.845884 -48.690514 142.835861 0.566106 1.179843 -40.108639 0.779332 -39.306034 -19.103258 1.770563 1.528294 -0.999998 1e-06 1e-06 -75.523735 -26.311661 -56.82774 139.176956 2.203245 2.20885 -31.550304 4.753933 -35.009735 -13.248925 0.647709 0.118047 -1.000002 0.0 -0.0 
0.0 0.0 0.0 0.0 -0.0 0.0 7.582234 13.534087 -23.008722 85.933395 43.641212 89.732841 17.083939 -1.715595 0.173794 0.752741 -0.578423 -0.778882 37.58728 3.813434 -1.455665 14.77512 0.357729 2.120901 -2.372946 -0.75029 -0.148149 -35.510651 0.261533 -0.700499 6e-06 -0.0 -0.0 0.151002 0.020437 0.147097 0.011069 0.134024 0.195988 0.019453 -0.092494 0.120759 -78.359398 -81.541344 86.627953 72.530891 -39.63298 -43.514206 81.106583 0.345261 -0.370984 -42.381149 -4.789751 73.061501 17.636625 -26.322733 52.411186 -19.466665 -14.395597 29.410389 1e-06 -8.77482 -1e-06 16.709135 -16.816799 5.143773 -0.609776 -1.795653 -3.889328 -4.807087 -11.046806 -2.93785 5e-06 -20.976019 0.0 -5.019968 -25.033558 -4.031878 5e-06 0.0 -0.0 -10.634531 -5.686967 -3.565587 10.573274 -17.922951 -3.113901 3e-06 -13.821208 2e-06 -0.501778 -31.181505 -4.027012 -11.839275 -59.456936 7.480836 -13.982711 -7.150198 -2.875041 13.772728 -8.401489 -3.218242 0.347734 -34.211555 0.771657 -0.963028 -17.73337 2.621019 0.0 0.0 -1e-06 -17.346413 -20.095213 -4.201781 21.757557 -1.638375 3.866426 1e-06 -6.338823 0.0 -1.697589 -22.591742 -6.194004 -0.0 -4e-06 -2e-06 9.453764 -80.410172 -179.206436 70.330086 -32.312763 -36.080067 70.066208 1.895108 -0.306202 -19.918461 7.821432 52.530468 22.182106 -20.375895 49.933334 -16.701817 -16.74353 28.476536 -0.0 -12.690603 -0.0 15.842597 -17.632053 2.798239 -0.105919 -1.513856 -4.275882 -5.039041 -5.612872 -2.953557 4e-06 -11.020528 -4e-06 -6.111298 -15.89533 -3.840471 -0.0 -1e-06 -1e-06 -10.28337 -5.680289 -4.341839 11.028294 -11.302406 -2.372636 -1.384268 -14.238581 -6.320124 -0.625435 -26.924191 -3.827605 -4.397901 -49.367439 -3.562131 -13.708524 -7.363477 -3.720939 18.14115 -14.05274 -3.242678 4e-06 -18.78727 -2e-06 -0.42971 -8.456044 2.555503 -1e-06 -2e-06 -1e-06 -15.923536 -20.094484 -5.473585 30.419218 -7.190824 1.735922 2e-06 -8.162925 0.0 -1.861901 -22.861471 -6.167946 -1e-06 -2e-06 -1e-06 94.98629 -24.885796 -48.758194 142.914139 0.552135 1.176907 -40.140259 0.683495 -39.301052 -19.001272 1.78284 1.52515 -0.999999 -0.0 1e-06 -75.489166 -26.301918 -56.951565 139.230423 2.196635 2.198166 -31.668026 4.654089 -35.02475 -13.215565 0.655071 0.118306 -1.000005 0.0 -2e-06 
0.0 0.0 0.0 0.0 -0.0 0.0 7.564546 13.512569 -22.957039 85.897896 43.651081 89.716515 17.104471 -1.706442 0.175492 0.74448 -0.568835 -0.771333 37.595932 3.806767 -1.473636 14.729841 0.38232 2.123055 -2.358606 -0.747577 -0.152516 -35.51088 0.263521 -0.695464 6e-06 -0.0 0.0 0.159301 0.019979 0.147709 0.010678 0.133039 0.197069 0.021513 -0.092573 0.120568 -78.068352 -81.532738 86.380661 72.509743 -39.587116 -43.461567 81.093704 0.375545 -0.309724 -42.239262 -4.820654 73.081902 17.636627 -26.322725 52.411167 -19.46666 -14.395594 29.410381 -0.0 -8.77482 -2e-06 16.727404 -16.822578 5.148136 -0.609775 -1.795655 -3.889327 -4.807086 -11.04681 -2.93785 5e-06 -20.976019 0.0 -5.019969 -25.033558 -4.031878 6e-06 0.0 0.0 -10.634531 -5.686971 -3.565586 10.573272 -17.922951 -3.1139 4e-06 -13.821208 1e-06 -0.501776 -31.181507 -4.027014 -11.82051 -59.453232 7.489568 -13.982711 -7.150196 -2.875039 13.772728 -8.401496 -3.218242 0.347736 -34.211559 0.771654 -0.963028 -17.733372 2.621019 0.0 1e-06 -0.0 -17.346413 -20.095215 -4.201778 21.757557 -1.638378 3.866426 -0.0 -6.338823 -0.0 -1.697589 -22.591749 -6.194005 -0.0 -4e-06 -1e-06 9.583111 -80.400848 -179.35791 70.345291 -32.331253 -36.040752 70.022926 1.90795 -0.316788 -19.826698 7.80718 52.357296 22.182106 -20.375891 49.933319 -16.701815 -16.743526 28.476534 -3e-06 -12.690599 0.0 15.866748 -17.637796 2.808933 -0.10592 -1.513857 -4.275881 -5.039041 -5.612871 -2.953557 3e-06 -11.020525 -3e-06 -6.111297 -15.895334 -3.840471 -0.0 -1e-06 -0.0 -10.283369 -5.680289 -4.341837 11.028294 -11.302406 -2.372633 -1.384269 -14.238582 -6.320122 -0.625436 -26.924191 -3.827603 -4.378263 -49.39756 -3.577332 -13.708524 -7.363478 -3.720938 18.14115 -14.052737 -3.242676 4e-06 -18.78727 -2e-06 -0.42971 -8.456044 2.555501 0.0 1e-06 -0.0 -15.923534 -20.094484 -5.473585 30.41921 -7.190823 1.735924 2e-06 -8.162929 -1e-06 -1.861901 -22.861479 -6.167946 -1e-06 -2e-06 -1e-06 94.960678 -24.924051 -48.765381 142.997559 0.556703 1.178761 -40.166668 0.636107 -39.276119 -18.924131 1.792566 1.51968 -1.000001 0.0 -0.0 -75.439995 -26.272747 -57.064354 139.276596 2.196877 2.17744 -31.824125 4.565918 -35.039772 -13.147019 0.66719 0.115563 -1.000004 0.0 -1e-06 
0.0 0.0 0.0 0.0 -0.0 0.0 7.56026 13.51654 -22.919348 85.860764 43.63562 89.695213 17.106825 -1.69391 0.178692 0.735357 -0.562897 -0.775304 37.590508 3.796728 -1.495546 14.69868 0.417054 2.124401 -2.34211 -0.735735 -0.128197 -35.482094 0.273326 -0.679317 6e-06 -0.0 -0.0 0.167727 0.019235 0.1474 0.019067 0.130548 0.19675 0.031099 -0.091764 0.11972 -77.835724 -81.506729 86.175873 72.471039 -39.579437 -43.34473 81.110939 0.441797 -0.248846 -42.144226 -4.878492 73.083221 17.636625 -26.322721 52.411171 -19.466661 -14.395597 29.410378 2e-06 -8.774819 -1e-06 16.73716 -16.845387 5.16198 -0.609776 -1.795653 -3.889326 -4.807086 -11.046809 -2.937849 5e-06 -20.976011 -0.0 -5.019969 -25.033554 -4.031878 6e-06 0.0 0.0 -10.634529 -5.68697 -3.565587 10.573272 -17.922947 -3.1139 4e-06 -13.821205 1e-06 -0.501774 -31.181505 -4.027016 -11.803549 -59.451675 7.48292 -13.982711 -7.150195 -2.87504 13.772727 -8.40149 -3.218242 0.347737 -34.211544 0.771654 -0.963027 -17.733366 2.621018 0.0 0.0 -0.0 -17.346413 -20.095211 -4.201779 21.757557 -1.638377 3.866426 1e-06 -6.338821 1e-06 -1.697587 -22.591742 -6.194004 0.0 -4e-06 -2e-06 9.599424 -80.402451 -179.388428 70.339653 -32.365101 -35.955936 70.001884 1.947126 -0.27856 -19.750641 7.769025 52.039921 22.18211 -20.375891 49.933319 -16.701811 -16.743528 28.47653 -1e-06 -12.6906 -0.0 15.897187 -17.65843 2.828335 -0.10592 -1.513857 -4.275882 -5.039041 -5.612869 -2.953556 3e-06 -11.020525 -3e-06 -6.111299 -15.895332 -3.84047 -0.0 -0.0 -0.0 -10.283371 -5.680288 -4.341839 11.028294 -11.302407 -2.372634 -1.38427 -14.23858 -6.320122 -0.62544 -26.924191 -3.827603 -4.382725 -49.448765 -3.574602 -13.708524 -7.363477 -3.720941 18.141146 -14.052737 -3.242673 3e-06 -18.78727 -1e-06 -0.42971 -8.456044 2.555502 0.0 1e-06 -0.0 -15.923536 -20.094484 -5.473583 30.41921 -7.190821 1.735926 3e-06 -8.162928 0.0 -1.861903 -22.861469 -6.167942 0.0 -4e-06 -1e-06 94.956467 -24.943037 -48.742786 143.051651 0.574185 1.190084 -40.196907 0.623004 -39.221947 -18.898054 1.79674 1.51334 -0.999998 0.0 0.0 -75.401558 -26.251143 -57.133381 139.309967 2.196653 2.154479 -31.988188 4.511541 -35.062698 -13.099423 0.677371 0.109174 -1.000002 -1e-06 -1e-06 
0.0 0.0 0.0 0.0 -0.0 0.0 7.574028 13.523942 -22.894014 85.820633 43.601994 89.666443 17.094572 -1.679569 0.189397 0.731743 -0.564024 -0.790161 37.563911 3.798171 -1.517042 14.687752 0.454956 2.118132 -2.321233 -0.719534 -0.066316 -35.456963 0.272487 -0.671747 5e-06 -0.0 0.0 0.17368 0.018265 0.144656 0.03261 0.125739 0.193407 0.04414 -0.089111 0.116726 -77.707458 -81.481407 86.079109 72.426086 -39.593575 -43.239422 81.133369 0.504187 -0.21976 -42.106331 -4.933829 73.012825 17.63662 -26.322721 52.411179 -19.46666 -14.395596 29.410385 0.0 -8.774821 -1e-06 16.735609 -16.882292 5.181058 -0.609777 -1.795651 -3.889325 -4.807087 -11.046809 -2.937849 5e-06 -20.976015 -0.0 -5.01997 -25.033556 -4.031878 6e-06 0.0 0.0 -10.634529 -5.686973 -3.565585 10.573271 -17.922949 -3.1139 4e-06 -13.821204 1e-06 -0.501775 -31.181505 -4.027013 -11.805856 -59.449802 7.459634 -13.982709 -7.1502 -2.875039 13.77273 -8.401491 -3.218242 0.347736 -34.211555 0.771652 -0.963028 -17.73337 2.621019 -0.0 0.0 1e-06 -17.346413 -20.095213 -4.201778 21.757555 -1.638376 3.866425 1e-06 -6.338821 0.0 -1.697587 -22.591743 -6.194005 -0.0 -2e-06 -2e-06 9.576716 -80.399048 -179.358521 70.307785 -32.392834 -35.853657 70.009483 1.974718 -0.205921 -19.709873 7.710238 51.675537 22.182112 -20.375889 49.933319 -16.701811 -16.743525 28.476526 -2e-06 -12.6906 -1e-06 15.924088 -17.68536 2.852973 -0.105919 -1.513856 -4.275882 -5.039041 -5.61287 -2.953556 4e-06 -11.020524 -3e-06 -6.111298 -15.89533 -3.84047 -1e-06 -1e-06 -0.0 -10.28337 -5.680288 -4.341836 11.028294 -11.302404 -2.372633 -1.384269 -14.238579 -6.320121 -0.625439 -26.924187 -3.827603 -4.396023 -49.511524 -3.563833 -13.708525 -7.363474 -3.72094 18.141148 -14.052738 -3.242675 5e-06 -18.78727 -2e-06 -0.429711 -8.456042 2.555503 0.0 -0.0 -0.0 -15.923532 -20.094479 -5.473586 30.41921 -7.190823 1.735926 3e-06 -8.162925 -0.0 -1.861901 -22.861464 -6.167941 1e-06 -2e-06 -1e-06 94.96933 -24.959457 -48.747559 143.077637 0.594237 1.202962 -40.227974 0.587695 -39.169071 -18.898682 1.792728 1.511144 -0.999999 1e-06 -0.0 -75.390579 -26.257832 -57.17952 139.339142 2.194716 2.137738 -32.134525 4.46255 -35.080303 -13.064601 0.680213 0.109232 -1.000004 -0.0 -0.0 
0.0 0.0 0.0 0.0 -0.0 0.0 7.604699 13.52244 -22.870905 85.775406 43.562492 89.627594 17.075623 -1.667435 0.206948 0.732346 -0.567455 -0.811346 37.531544 3.811229 -1.532646 14.69525 0.49609 2.105263 -2.304471 -0.707498 0.0075 -35.443432 0.255689 -0.672145 6e-06 -0.0 0.0 0.177307 0.016687 0.139601 0.048802 0.1214 0.188158 0.058051 -0.087989 0.111184 -77.592003 -81.47493 86.001106 72.375549 -39.616241 -43.202217 81.153236 0.523861 -0.224157 -42.097412 -4.955461 72.910828 17.636621 -26.322737 52.411205 -19.466663 -14.395597 29.410395 0.0 -8.774821 -1e-06 16.72072 -16.913408 5.196069 -0.609776 -1.795654 -3.889328 -4.807089 -11.046809 -2.937851 4e-06 -20.976021 -0.0 -5.019969 -25.03356 -4.031879 6e-06 -0.0 0.0 -10.634533 -5.68697 -3.565588 10.573272 -17.922951 -3.113901 2e-06 -13.821206 1e-06 -0.501777 -31.181507 -4.027016 -11.836951 -59.456429 7.431988 -13.982711 -7.150199 -2.875041 13.772727 -8.401491 -3.218242 0.347734 -34.211555 0.771654 -0.963029 -17.73337 2.62102 -0.0 0.0 -0.0 -17.346416 -20.095221 -4.201782 21.757555 -1.638375 3.866427 0.0 -6.338826 1e-06 -1.69759 -22.591745 -6.194006 0.0 -4e-06 -2e-06 9.683967 -80.387527 -179.427399 70.290527 -32.39418 -35.752529 70.037933 1.988661 -0.149777 -19.69886 7.660999 51.419056 22.18211 -20.375891 49.933319 -16.701809 -16.743528 28.476534 1e-06 -12.690599 -0.0 15.935052 -17.705908 2.879735 -0.105919 -1.513857 -4.275881 -5.039041 -5.612873 -2.953558 3e-06 -11.020525 -2e-06 -6.111297 -15.89533 -3.84047 0.0 -0.0 -0.0 -10.283369 -5.680289 -4.341838 11.028292 -11.302406 -2.372633 -1.384269 -14.23858 -6.320122 -0.625441 -26.924189 -3.827601 -4.412207 -49.569031 -3.54581 -13.708522 -7.363479 -3.72094 18.141146 -14.052738 -3.242673 3e-06 -18.78727 -1e-06 -0.429711 -8.456042 2.555502 0.0 -0.0 -0.0 -15.923536 -20.094482 -5.473584 30.419214 -7.190824 1.735925 2e-06 -8.162926 -1e-06 -1.861905 -22.861473 -6.167943 -1e-06 -1e-06 -0.0 94.990868 -24.974459 -48.805092 143.090958 0.60712 1.220773 -40.280163 0.494652 -39.161747 -18.959055 1.786107 1.513598 -0.999997 1e-06 1e-06 -75.41037 -26.288677 -57.198696 139.377869 2.201752 2.130096 -32.224838 4.430012 -35.083431 -13.075524 0.676702 0.120622 -1.000004 -1e-06 -1e-06 
0.0 0.0 0.0 0.0 -0.0 0.0 7.627744 13.51015 -22.835526 85.737236 43.534782 89.589226 17.060425 -1.662045 0.220963 0.737145 -0.567883 -0.833181 37.508133 3.825434 -1.531749 14.711487 0.531768 2.106778 -2.294197 -0.702354 0.053649 -35.457642 0.229453 -0.68258 6e-06 -0.0 0.0 0.1802 0.015006 0.134413 0.06341 0.117398 0.182708 0.070411 -0.087407 0.105656 -77.457909 -81.495827 85.903572 72.327187 -39.642284 -43.246178 81.174583 0.483692 -0.21777 -42.093994 -4.971222 72.802567 17.636635 -26.322729 52.411201 -19.466665 -14.395602 29.410393 -0.0 -8.774824 -3e-06 16.697779 -16.91795 5.203315 -0.609777 -1.795655 -3.889329 -4.80709 -11.046809 -2.937852 5e-06 -20.976019 -3e-06 -5.01997 -25.033562 -4.031884 6e-06 0.0 -0.0 -10.634537 -5.686975 -3.565588 10.573277 -17.922951 -3.113901 3e-06 -13.821205 0.0 -0.501776 -31.181505 -4.02702 -11.880271 -59.446667 7.398587 -13.982719 -7.150199 -2.875044 13.772735 -8.401495 -3.218242 0.347736 -34.211555 0.771652 -0.963028 -17.733372 2.62102 -0.0 0.0 -0.0 -17.346426 -20.095221 -4.201783 21.757568 -1.638375 3.86643 1e-06 -6.338821 -0.0 -1.69759 -22.591747 -6.194008 -0.0 -3e-06 -2e-06 9.896963 -80.390045 -179.598328 70.295532 -32.398846 -35.713909 70.073471 1.977759 -0.145154 -19.682985 7.630476 51.351055 22.182112 -20.375898 49.933327 -16.701817 -16.74353 28.476536 -2e-06 -12.6906 0.0 15.925529 -17.708801 2.905683 -0.105919 -1.513857 -4.275881 -5.039041 -5.612871 -2.953558 4e-06 -11.020525 -3e-06 -6.111297 -15.895332 -3.840471 -1e-06 -2e-06 0.0 -10.28337 -5.680289 -4.341838 11.028296 -11.302406 -2.372634 -1.384267 -14.238579 -6.320122 -0.625437 -26.924187 -3.827601 -4.429836 -49.60804 -3.518583 -13.708526 -7.363476 -3.72094 18.141153 -14.052739 -3.242676 6e-06 -18.78727 -1e-06 -0.429711 -8.456043 2.555504 0.0 -2e-06 -1e-06 -15.923536 -20.094482 -5.473586 30.419218 -7.190827 1.735925 4e-06 -8.162927 0.0 -1.861901 -22.861469 -6.167942 1e-06 -2e-06 -1e-06 95.004036 -24.998219 -48.878345 143.125595 0.613963 1.242009 -40.347881 0.381685 -39.206501 -19.019802 1.777112 1.520045 -1.000001 0.0 0.0 -75.428665 -26.306259 -57.231213 139.428391 2.210865 2.137795 -32.290958 4.385972 -35.063595 -13.107972 0.671346 0.143485 -1.000005 -1e-06 -2e-06 
0.0 0.0 0.0 0.0 -0.0 0.0 7.61673 13.501226 -22.789944 85.710854 43.521801 89.564224 17.049191 -1.663828 0.220857 0.741498 -0.560084 -0.846416 37.502125 3.833729 -1.523782 14.729786 0.555051 2.117293 -2.290872 -0.699391 0.076318 -35.479397 0.187893 -0.697352 6e-06 -0.0 0.0 0.18308 0.015486 0.137797 0.072866 0.114305 0.185611 0.077434 -0.083322 0.109154 -77.334343 -81.533043 85.803589 72.290794 -39.677307 -43.342026 81.197075 0.409771 -0.172032 -42.099834 -4.997586 72.690918 17.636633 -26.322741 52.411205 -19.466665 -14.395602 29.410395 3e-06 -8.774823 -1e-06 16.664341 -16.897013 5.212619 -0.609777 -1.795654 -3.889328 -4.80709 -11.046816 -2.93785 3e-06 -20.976025 0.0 -5.019973 -25.033567 -4.031881 6e-06 0.0 0.0 -10.634537 -5.686973 -3.565588 10.573276 -17.922956 -3.113901 2e-06 -13.821213 1e-06 -0.50178 -31.181519 -4.027018 -11.915441 -59.426239 7.368051 -13.982718 -7.1502 -2.875042 13.772732 -8.401497 -3.218243 0.347732 -34.211571 0.771656 -0.96303 -17.733379 2.621019 -0.0 0.0 -0.0 -17.346422 -20.095226 -4.20178 21.757566 -1.638373 3.866428 -1e-06 -6.338823 -1e-06 -1.697592 -22.591755 -6.194007 0.0 -3e-06 -3e-06 10.14185 -80.415527 -179.801575 70.325218 -32.416531 -35.731003 70.109604 1.970998 -0.193724 -19.64418 7.615436 51.476032 22.182106 -20.375895 49.933327 -16.701817 -16.74353 28.476536 -1e-06 -12.690602 1e-06 15.90359 -17.697685 2.932408 -0.10592 -1.513856 -4.275882 -5.039041 -5.612873 -2.953557 3e-06 -11.020527 -2e-06 -6.111299 -15.895338 -3.840471 0.0 0.0 -0.0 -10.28337 -5.680289 -4.341838 11.028294 -11.302405 -2.372634 -1.384268 -14.238578 -6.320122 -0.625439 -26.924191 -3.827602 -4.450358 -49.614086 -3.483416 -13.708525 -7.363478 -3.720938 18.14115 -14.052739 -3.242677 4e-06 -18.78727 -1e-06 -0.429711 -8.456043 2.555502 0.0 1e-06 -0.0 -15.923536 -20.094484 -5.473582 30.419218 -7.190823 1.735923 4e-06 -8.162927 -0.0 -1.861901 -22.861473 -6.167944 -0.0 -2e-06 -1e-06 95.00032 -25.048817 -48.918026 143.194702 0.610284 1.265416 -40.41975 0.29415 -39.306183 -19.040638 1.77279 1.520422 -1.000001 -0.0 -0.0 -75.410095 -26.270084 -57.311249 139.467911 2.209895 2.154809 -32.365185 4.326542 -35.065731 -13.150513 0.666701 0.171024 -1.000005 0.0 -1e-06 
0.0 0.0 0.0 0.0 -0.0 0.0 7.568075 13.514167 -22.746254 85.704597 43.519131 89.561615 17.043648 -1.670873 0.21447 0.742168 -0.548551 -0.844655 37.503666 3.836456 -1.527251 14.742031 0.589412 2.138672 -2.293129 -0.700034 0.076476 -35.494587 0.143346 -0.718324 5e-06 -0.0 0.0 0.185451 0.018684 0.148519 0.082391 0.11461 0.197444 0.084172 -0.07708 0.118771 -77.170189 -81.563522 85.641762 72.27594 -39.719345 -43.416748 81.201416 0.357488 -0.112222 -42.133282 -5.037233 72.63916 17.636625 -26.322729 52.411182 -19.46666 -14.395597 29.410385 2e-06 -8.774821 -1e-06 16.624573 -16.876364 5.238667 -0.609776 -1.795654 -3.889328 -4.807088 -11.046811 -2.93785 4e-06 -20.976015 -0.0 -5.019969 -25.033554 -4.03188 6e-06 0.0 0.0 -10.634531 -5.686971 -3.565587 10.573271 -17.922945 -3.113899 3e-06 -13.821205 1e-06 -0.501778 -31.181501 -4.027014 -11.953547 -59.425446 7.370803 -13.982712 -7.150198 -2.875042 13.772727 -8.401493 -3.21824 0.347733 -34.211555 0.771655 -0.963029 -17.73337 2.621019 -0.0 0.0 1e-06 -17.346415 -20.095215 -4.20178 21.757557 -1.638376 3.866426 -0.0 -6.338822 -1e-06 -1.697589 -22.591745 -6.194005 -0.0 -3e-06 -2e-06 10.398412 -80.443542 179.969864 70.375771 -32.447113 -35.762478 70.147484 1.966523 -0.242235 -19.621862 7.61656 51.71244 22.182106 -20.375891 49.933319 -16.701811 -16.743525 28.476526 -1e-06 -12.690598 -0.0 15.857705 -17.686258 2.962427 -0.10592 -1.513855 -4.275881 -5.03904 -5.612872 -2.953557 4e-06 -11.020525 -3e-06 -6.111297 -15.895336 -3.840471 -0.0 -0.0 -0.0 -10.283367 -5.680288 -4.341838 11.028292 -11.302404 -2.372633 -1.384268 -14.238581 -6.320121 -0.625439 -26.924191 -3.827604 -4.479534 -49.598 -3.439067 -13.708522 -7.363474 -3.720938 18.141146 -14.052738 -3.242676 4e-06 -18.78727 -2e-06 -0.42971 -8.456043 2.555502 0.0 -1e-06 -0.0 -15.923532 -20.094482 -5.473587 30.41921 -7.190824 1.735925 3e-06 -8.162925 -1e-06 -1.8619 -22.861471 -6.167944 -0.0 -1e-06 -1e-06 94.986427 -25.111521 -48.896179 143.282379 0.59209 1.282725 -40.480297 0.285326 -39.432018 -19.008831 1.783304 1.511514 -0.999998 -1e-06 0.0 -75.350906 -26.16872 -57.410645 139.478317 2.196066 2.178612 -32.474495 4.270579 -35.110603 -13.191008 0.673634 0.191663 -1.000004 -0.0 -1e-06 
0.0 0.0 0.0 0.0 -0.0 0.0 7.504845 13.544649 -22.69783 85.715675 43.52549 89.577187 17.038706 -1.67112 0.212733 0.743297 -0.538812 -0.833797 37.505856 3.827794 -1.544362 14.7602 0.632082 2.187659 -2.300565 -0.690405 0.032522 -35.478725 0.110066 -0.744191 6e-06 0.0 0.0 0.186025 0.024283 0.1674 0.087442 0.116978 0.217916 0.086176 -0.068004 0.13653 -76.989899 -81.572212 85.439095 72.282646 -39.765335 -43.424252 81.188011 0.355826 -0.093885 -42.222301 -5.074855 72.665855 17.636625 -26.322729 52.411186 -19.466665 -14.395594 29.410389 2e-06 -8.774821 -1e-06 16.559111 -16.869337 5.299717 -0.609777 -1.795653 -3.889328 -4.807087 -11.046809 -2.93785 5e-06 -20.976021 -1e-06 -5.019969 -25.03356 -4.031879 6e-06 0.0 -0.0 -10.634533 -5.686968 -3.565588 10.573275 -17.922958 -3.113902 3e-06 -13.821211 1e-06 -0.501776 -31.181511 -4.027016 -12.018003 -59.451851 7.452256 -13.982712 -7.150196 -2.875042 13.77273 -8.401495 -3.218242 0.347734 -34.211555 0.771654 -0.963028 -17.733372 2.621019 -0.0 0.0 -0.0 -17.346415 -20.095222 -4.201782 21.757557 -1.638375 3.866426 0.0 -6.338825 -1e-06 -1.697588 -22.591749 -6.194006 -0.0 -3e-06 -2e-06 10.614074 -80.448402 179.765686 70.424568 -32.49448 -35.775448 70.195847 1.964412 -0.284121 -19.634262 7.649209 51.977417 22.18211 -20.3759 49.933327 -16.701818 -16.743532 28.47654 -1e-06 -12.690603 0.0 15.822718 -17.674814 2.977563 -0.105919 -1.513856 -4.275882 -5.039041 -5.612873 -2.953557 3e-06 -11.020529 -2e-06 -6.1113 -15.895341 -3.840469 -0.0 -0.0 -0.0 -10.283371 -5.68029 -4.341839 11.028295 -11.302408 -2.372634 -1.384269 -14.238584 -6.320123 -0.625441 -26.9242 -3.827603 -4.524886 -49.561665 -3.403041 -13.708526 -7.363477 -3.720939 18.141151 -14.052744 -3.242678 3e-06 -18.787279 -2e-06 -0.429711 -8.456048 2.555502 -1e-06 1e-06 1e-06 -15.923538 -20.09449 -5.473582 30.419218 -7.190824 1.735923 2e-06 -8.162929 -0.0 -1.861904 -22.861479 -6.167943 -1e-06 -2e-06 -1e-06 94.973328 -25.150574 -48.850426 143.380997 0.55906 1.290682 -40.560398 0.326596 -39.557503 -18.956766 1.80377 1.49005 -0.999997 0.0 1e-06 -75.270142 -26.035465 -57.504177 139.48494 2.172723 2.206631 -32.59692 4.235336 -35.172211 -13.246042 0.692489 0.197985 -1.000003 0.0 -1e-06 
0.0 0.0 0.0 0.0 -0.0 0.0 7.450708 13.598037 -22.633221 85.732986 43.514347 89.591576 17.029596 -1.661799 0.220705 0.734508 -0.532544 -0.818308 37.479443 3.803886 -1.574122 14.809344 0.688655 2.260995 -2.306872 -0.684501 -0.045332 -35.422237 0.107227 -0.778304 6e-06 -0.0 0.0 0.182235 0.029573 0.184074 0.089939 0.122765 0.238065 0.08654 -0.063175 0.150339 -76.826416 -81.559639 85.237526 72.276031 -39.847046 -43.257141 81.173355 0.498534 -0.192218 -42.278194 -5.055789 72.754303 17.63662 -26.322733 52.411201 -19.466656 -14.3956 29.410393 1e-06 -8.774821 -1e-06 16.46102 -16.886663 5.395942 -0.609776 -1.795656 -3.889328 -4.807088 -11.046807 -2.93785 4e-06 -20.976011 -0.0 -5.019969 -25.033546 -4.031881 6e-06 0.0 -0.0 -10.634531 -5.686971 -3.565587 10.573271 -17.922945 -3.1139 2e-06 -13.821201 1e-06 -0.501777 -31.181498 -4.027017 -12.119557 -59.470192 7.603894 -13.98271 -7.1502 -2.875042 13.772727 -8.401488 -3.21824 0.347733 -34.21154 0.771655 -0.963029 -17.733366 2.621018 -0.0 1e-06 0.0 -17.346413 -20.095217 -4.201782 21.757555 -1.638375 3.866426 1e-06 -6.338821 0.0 -1.697589 -22.591738 -6.194005 -0.0 -3e-06 -1e-06 10.829744 -80.394051 179.570908 70.460838 -32.536377 -35.706528 70.244812 1.972672 -0.290329 -19.715509 7.735965 52.272251 22.182121 -20.375898 49.933331 -16.701811 -16.74353 28.476532 -2e-06 -12.690601 -1e-06 15.822057 -17.705021 2.98548 -0.10592 -1.513855 -4.275882 -5.039041 -5.612873 -2.953557 4e-06 -11.020528 -2e-06 -6.1113 -15.895338 -3.840471 -0.0 -1e-06 -1e-06 -10.283371 -5.680288 -4.34184 11.028294 -11.302409 -2.372632 -1.384269 -14.238583 -6.320121 -0.625443 -26.924198 -3.8276 -4.611585 -49.575417 -3.362756 -13.708526 -7.363477 -3.72094 18.141148 -14.052741 -3.242672 3e-06 -18.787271 0.0 -0.429711 -8.456046 2.555503 0.0 -0.0 -0.0 -15.923536 -20.094484 -5.473586 30.419218 -7.190827 1.735929 3e-06 -8.162927 0.0 -1.861903 -22.861479 -6.167943 -1e-06 -3e-06 -1e-06 94.949753 -25.131508 -48.783298 143.489166 0.522999 1.307048 -40.718132 0.391095 -39.681767 -18.882591 1.821423 1.464959 -0.999998 1e-06 0.0 -75.222496 -25.876591 -57.53841 139.513275 2.150217 2.239936 -32.754612 4.247036 -35.250366 -13.30256 0.72339 0.184338 -1.000002 -1e-06 -1e-06 
0.0 0.0 0.0 0.0 -0.0 0.0 7.433417 13.659477 -22.552313 85.745728 43.47168 89.575531 17.02243 -1.65404 0.224046 0.711242 -0.53088 -0.805816 37.434326 3.767251 -1.593963 14.8767 0.728684 2.342082 -2.30158 -0.69802 -0.08193 -35.332909 0.121706 -0.813616 6e-06 -0.0 0.0 0.175541 0.034712 0.203346 0.082963 0.132211 0.258953 0.080718 -0.062608 0.168272 -76.701393 -81.548386 85.065155 72.216461 -39.991844 -42.900764 81.192307 0.830724 -0.406993 -42.311005 -4.917837 72.899452 17.636639 -26.322741 52.411213 -19.46666 -14.395596 29.410393 2e-06 -8.774821 -3e-06 16.398312 -16.921473 5.473552 -0.609777 -1.795653 -3.889328 -4.807089 -11.046813 -2.937851 4e-06 -20.976021 -0.0 -5.019973 -25.033562 -4.031881 6e-06 0.0 -0.0 -10.634537 -5.686969 -3.565589 10.573276 -17.922955 -3.113899 3e-06 -13.821206 2e-06 -0.501778 -31.181511 -4.027017 -12.301613 -59.516029 7.833401 -13.982718 -7.150198 -2.875044 13.772728 -8.401489 -3.21824 0.347732 -34.211555 0.771657 -0.96303 -17.733372 2.621022 0.0 1e-06 -0.0 -17.346422 -20.095219 -4.201784 21.757561 -1.638373 3.866431 1e-06 -6.338822 -1e-06 -1.69759 -22.591749 -6.194006 0.0 -3e-06 -2e-06 10.887244 -80.304764 179.561707 70.458443 -32.574318 -35.55674 70.337723 2.026384 -0.208097 -19.854662 7.82292 52.501221 22.182106 -20.375895 49.933315 -16.701807 -16.743526 28.476526 -1e-06 -12.690599 -0.0 15.913373 -17.809559 2.986462 -0.105919 -1.513855 -4.275879 -5.03904 -5.61287 -2.953555 3e-06 -11.020526 -2e-06 -6.111298 -15.89533 -3.840469 0.0 0.0 -1e-06 -10.283367 -5.680287 -4.341837 11.028292 -11.302404 -2.372633 -1.384269 -14.238577 -6.320119 -0.625438 -26.924191 -3.827602 -4.740788 -49.714432 -3.326126 -13.708523 -7.363473 -3.720937 18.141146 -14.052739 -3.242674 5e-06 -18.787268 -0.0 -0.429712 -8.456041 2.555503 0.0 -0.0 -0.0 -15.923532 -20.094482 -5.473582 30.419205 -7.190823 1.735925 3e-06 -8.162922 0.0 -1.861902 -22.861467 -6.16794 -0.0 -2e-06 -1e-06 94.920387 -25.056925 -48.721268 143.593063 0.505984 1.322686 -40.970158 0.441608 -39.766151 -18.764036 1.828921 1.447792 -0.999999 -0.0 0.0 -75.257965 -25.723019 -57.459621 139.581467 2.154887 2.266592 -32.91106 4.323761 -35.306374 -13.38316 0.755179 0.157144 -1.000004 -1e-06 -1e-06 
0.0 0.0 0.0 0.0 -0.0 0.0 7.433919 13.727122 -22.491335 85.765228 43.40913 89.541512 17.012978 -1.664736 0.209525 0.703981 -0.53946 -0.783324 37.385811 3.746264 -1.611619 14.911046 0.743979 2.391399 -2.292808 -0.726164 -0.010178 -35.228466 0.140146 -0.848802 6e-06 -0.0 0.0 0.166139 0.040353 0.224662 0.069687 0.141518 0.278805 0.07309 -0.061232 0.191357 -76.60656 -81.557915 84.920769 72.11097 -40.164078 -42.579124 81.251549 1.189609 -0.638323 -42.342007 -4.695732 73.018997 17.636621 -26.322741 52.411205 -19.466665 -14.395606 29.410395 1e-06 -8.774822 1e-06 16.416744 -16.956352 5.474805 -0.609776 -1.795655 -3.889329 -4.80709 -11.046813 -2.937849 4e-06 -20.976021 0.0 -5.019974 -25.03356 -4.031878 6e-06 0.0 -0.0 -10.634533 -5.686973 -3.565587 10.573276 -17.922955 -3.113902 2e-06 -13.82121 1e-06 -0.501779 -31.181511 -4.027014 -12.51008 -59.598839 8.050118 -13.982718 -7.150198 -2.87504 13.772734 -8.401494 -3.218244 0.347732 -34.211559 0.771655 -0.96303 -17.733376 2.62102 0.0 1e-06 0.0 -17.34642 -20.095219 -4.201778 21.757561 -1.638374 3.866424 0.0 -6.338825 -0.0 -1.697591 -22.591751 -6.194005 -0.0 -3e-06 -1e-06 10.684292 -80.261993 179.837799 70.430931 -32.644367 -35.507523 70.532974 2.102018 -0.069512 -19.998936 7.823768 52.734318 22.182116 -20.375895 49.933327 -16.701818 -16.743532 28.47654 -2e-06 -12.690603 -0.0 16.06226 -17.957476 3.010037 -0.105919 -1.513857 -4.275883 -5.039041 -5.612871 -2.953557 3e-06 -11.020529 -2e-06 -6.111299 -15.895334 -3.840471 -0.0 -0.0 -1e-06 -10.283372 -5.680289 -4.341838 11.028296 -11.302409 -2.372635 -1.384268 -14.238577 -6.320122 -0.625435 -26.924191 -3.827604 -4.89662 -49.954807 -3.245513 -13.708527 -7.363477 -3.720939 18.141155 -14.05274 -3.242678 6e-06 -18.78727 -1e-06 -0.429712 -8.456044 2.555504 0.0 -0.0 -0.0 -15.923536 -20.09449 -5.473587 30.419218 -7.190823 1.735927 3e-06 -8.162926 -0.0 -1.861902 -22.861473 -6.167944 -1e-06 -3e-06 -1e-06 94.91394 -24.991835 -48.64645 143.660538 0.513742 1.324895 -41.172165 0.540837 -39.707592 -18.580734 1.821343 1.448187 -0.999998 -0.0 0.0 -75.317184 -25.593105 -57.335354 139.635269 2.169255 2.269976 -33.058994 4.411788 -35.358757 -13.459518 0.771744 0.141274 -1.000004 -1e-06 -0.0 
