HIERARCHY
ROOT Root
{
  OFFSET 0.0 0.0 0.0
  CHANNELS 6 Xposition Yposition Zposition Zrotation Yrotation Xrotation
  JOINT Hips
  {
    OFFSET 0.0 100.0 0.0
    CHANNELS 6 Xposition Yposition Zposition Zrotation Yrotation Xrotation
    JOINT Spine1
    {
      OFFSET 5.003913 -0.037094 -0.013727
      CHANNELS 3 Zrotation Yrotation Xrotation
      JOINT Spine2
      {
        OFFSET 7.125363 -1e-06 0.0
        CHANNELS 3 Zrotation Yrotation Xrotation
        JOINT Chest
        {
          OFFSET 7.594027 1e-06 0.0
          CHANNELS 3 Zrotation Yrotation Xrotation
          JOINT Neck1
          {
            OFFSET 26.313086 -0.460272 -0.181672
            CHANNELS 3 Zrotation Yrotation Xrotation
            JOINT Neck2
            {
              OFFSET 8.045911 0.0 0.0
              CHANNELS 3 Zrotation Yrotation Xrotation
              JOINT Head
              {
                OFFSET 6.432774 0.0 0.0
                CHANNELS 3 Zrotation Yrotation Xrotation
                JOINT HeadEnd
                {
                  OFFSET 16.169773 0.06451 0.00362
                  CHANNELS 3 Zrotation Yrotation Xrotation
                }
                JOINT Jaw
                {
                  OFFSET 0.108741 3.12938 0.002639
                  CHANNELS 3 Zrotation Yrotation Xrotation
                }
                JOINT LeftEye
                {
                  OFFSET 4.45173 8.166359 3.206392
                  CHANNELS 3 Zrotation Yrotation Xrotation
                }
                JOINT RightEye
                {
                  OFFSET 4.436895 8.135758 -3.222429
                  CHANNELS 3 Zrotation Yrotation Xrotation
                }
              }
            }
          }
          JOINT LeftShoulder
          {
            OFFSET 23.218927 5.195579 1.621656
            CHANNELS 3 Zrotation Yrotation Xrotation
            JOINT LeftArm
            {
              OFFSET 15.902118 2e-06 -2e-06
              CHANNELS 3 Zrotation Yrotation Xrotation
              JOINT LeftForeArm
              {
                OFFSET 28.739307 0.0 -1e-06
                CHANNELS 3 Zrotation Yrotation Xrotation
                JOINT LeftHand
                {
                  OFFSET 27.093981 -4e-06 0.0
                  CHANNELS 3 Zrotation Yrotation Xrotation
                  JOINT LeftHandThumb1
                  {
                    OFFSET 2.276781 3.380274 0.83384
                    CHANNELS 3 Zrotation Yrotation Xrotation
                    JOINT LeftHandThumb2
                    {
                      OFFSET 4.705309 -1e-06 -1e-06
                      CHANNELS 3 Zrotation Yrotation Xrotation
                      JOINT LeftHandThumb3
                      {
                        OFFSET 2.798515 0.0 3e-06
                        CHANNELS 3 Zrotation Yrotation Xrotation
                        JOINT LeftHandThumbEnd
                        {
                          OFFSET 3.180793 4e-06 -4e-06
                          CHANNELS 3 Zrotation Yrotation Xrotation
                        }
                      }
                    }
                  }
                  JOINT LeftHandIndex1
                  {
                    OFFSET 3.247786 2.352677 0.137192
                    CHANNELS 3 Zrotation Yrotation Xrotation
                    JOINT LeftHandIndex2
                    {
                      OFFSET 6.367095 1e-06 0.0
                      CHANNELS 3 Zrotation Yrotation Xrotation
                      JOINT LeftHandIndex3
                      {
                        OFFSET 3.662364 0.0 0.0
                        CHANNELS 3 Zrotation Yrotation Xrotation
                        JOINT LeftHandIndex4
                        {
                          OFFSET 2.329242 4e-06 -4e-06
                          CHANNELS 3 Zrotation Yrotation Xrotation
                          JOINT LeftHandIndexEnd
                          {
                            OFFSET 2.767823 1e-06 0.0
                            CHANNELS 3 Zrotation Yrotation Xrotation
                          }
                        }
                      }
                    }
                  }
                  JOINT LeftHandMiddle1
                  {
                    OFFSET 3.163612 0.945023 -0.406112
                    CHANNELS 3 Zrotation Yrotation Xrotation
                    JOINT LeftHandMiddle2
                    {
                      OFFSET 6.276789 3e-06 0.0
                      CHANNELS 3 Zrotation Yrotation Xrotation
                      JOINT LeftHandMiddle3
                      {
                        OFFSET 4.35652 -1e-06 4e-06
                        CHANNELS 3 Zrotation Yrotation Xrotation
                        JOINT LeftHandMiddle4
                        {
                          OFFSET 2.996877 0.0 8e-06
                          CHANNELS 3 Zrotation Yrotation Xrotation
                          JOINT LeftHandMiddleEnd
                          {
                            OFFSET 2.323256 3e-06 -4e-06
                            CHANNELS 3 Zrotation Yrotation Xrotation
                          }
                        }
                      }
                    }
                  }
                  JOINT LeftHandRing1
                  {
                    OFFSET 2.882606 -0.309162 0.107445
                    CHANNELS 3 Zrotation Yrotation Xrotation
                    JOINT LeftHandRing2
                    {
                      OFFSET 6.033198 0.0 4e-06
                      CHANNELS 3 Zrotation Yrotation Xrotation
                      JOINT LeftHandRing3
                      {
                        OFFSET 4.350578 3e-06 0.0
                        CHANNELS 3 Zrotation Yrotation Xrotation
                        JOINT LeftHandRing4
                        {
                          OFFSET 2.651321 2e-06 -7e-06
                          CHANNELS 3 Zrotation Yrotation Xrotation
                          JOINT LeftHandRingEnd
                          {
                            OFFSET 1.937663 1e-06 -4e-06
                            CHANNELS 3 Zrotation Yrotation Xrotation
                          }
                        }
                      }
                    }
                  }
                  JOINT LeftHandPinky1
                  {
                    OFFSET 2.865315 -1.525436 0.575687
                    CHANNELS 3 Zrotation Yrotation Xrotation
                    JOINT LeftHandPinky2
                    {
                      OFFSET 5.54936 1e-06 -8e-06
                      CHANNELS 3 Zrotation Yrotation Xrotation
                      JOINT LeftHandPinky3
                      {
                        OFFSET 3.070974 0.0 -4e-06
                        CHANNELS 3 Zrotation Yrotation Xrotation
                        JOINT LeftHandPinky4
                        {
                          OFFSET 1.549672 1e-06 0.0
                          CHANNELS 3 Zrotation Yrotation Xrotation
                          JOINT LeftHandPinkyEnd
                          {
                            OFFSET 1.952123 0.0 0.0
                            CHANNELS 3 Zrotation Yrotation Xrotation
                          }
                        }
                      }
                    }
                  }
                }
              }
            }
          }
          JOINT RightShoulder
          {
            OFFSET 23.161716 5.296122 -1.380114
            CHANNELS 3 Zrotation Yrotation Xrotation
            JOINT RightArm
            {
              OFFSET -16.027195 -2e-06 1.1e-05
              CHANNELS 3 Zrotation Yrotation Xrotation
              JOINT RightForeArm
              {
                OFFSET -28.736639 4e-06 2e-06
                CHANNELS 3 Zrotation Yrotation Xrotation
                JOINT RightHand
                {
                  OFFSET -27.133619 6e-06 0.0
                  CHANNELS 3 Zrotation Yrotation Xrotation
                  JOINT RightHandThumb1
                  {
                    OFFSET -2.274328 -3.351035 -0.83067
                    CHANNELS 3 Zrotation Yrotation Xrotation
                    JOINT RightHandThumb2
                    {
                      OFFSET -4.703594 -3e-06 2e-06
                      CHANNELS 3 Zrotation Yrotation Xrotation
                      JOINT RightHandThumb3
                      {
                        OFFSET -2.794935 -4e-06 -3e-06
                        CHANNELS 3 Zrotation Yrotation Xrotation
                        JOINT RightHandThumbEnd
                        {
                          OFFSET -3.183852 4e-06 1e-06
                          CHANNELS 3 Zrotation Yrotation Xrotation
                        }
                      }
                    }
                  }
                  JOINT RightHandIndex1
                  {
                    OFFSET -3.253496 -2.33755 -0.127667
                    CHANNELS 3 Zrotation Yrotation Xrotation
                    JOINT RightHandIndex2
                    {
                      OFFSET -6.344434 0.0 0.0
                      CHANNELS 3 Zrotation Yrotation Xrotation
                      JOINT RightHandIndex3
                      {
                        OFFSET -3.654871 0.0 -8e-06
                        CHANNELS 3 Zrotation Yrotation Xrotation
                        JOINT RightHandIndex4
                        {
                          OFFSET -2.327586 -1e-06 0.0
                          CHANNELS 3 Zrotation Yrotation Xrotation
                          JOINT RightHandIndexEnd
                          {
                            OFFSET -2.770001 3e-06 8e-06
                            CHANNELS 3 Zrotation Yrotation Xrotation
                          }
                        }
                      }
                    }
                  }
                  JOINT RightHandMiddle1
                  {
                    OFFSET -3.168223 -0.944764 0.411762
                    CHANNELS 3 Zrotation Yrotation Xrotation
                    JOINT RightHandMiddle2
                    {
                      OFFSET -6.266691 -1e-06 -4e-06
                      CHANNELS 3 Zrotation Yrotation Xrotation
                      JOINT RightHandMiddle3
                      {
                        OFFSET -4.348901 0.0 0.0
                        CHANNELS 3 Zrotation Yrotation Xrotation
                        JOINT RightHandMiddle4
                        {
                          OFFSET -3.00024 2e-06 -4e-06
                          CHANNELS 3 Zrotation Yrotation Xrotation
                          JOINT RightHandMiddleEnd
                          {
                            OFFSET -2.321477 -4e-06 -4e-06
                            CHANNELS 3 Zrotation Yrotation Xrotation
                          }
                        }
                      }
                    }
                  }
                  JOINT RightHandRing1
                  {
                    OFFSET -2.885654 0.293261 -0.119232
                    CHANNELS 3 Zrotation Yrotation Xrotation
                    JOINT RightHandRing2
                    {
                      OFFSET -6.032835 -1e-06 -4e-06
                      CHANNELS 3 Zrotation Yrotation Xrotation
                      JOINT RightHandRing3
                      {
                        OFFSET -4.33881 0.0 -4e-06
                        CHANNELS 3 Zrotation Yrotation Xrotation
                        JOINT RightHandRing4
                        {
                          OFFSET -2.654903 -4e-06 -4e-06
                          CHANNELS 3 Zrotation Yrotation Xrotation
                          JOINT RightHandRingEnd
                          {
                            OFFSET -1.935122 0.0 4e-06
                            CHANNELS 3 Zrotation Yrotation Xrotation
                          }
                        }
                      }
                    }
                  }
                  JOINT RightHandPinky1
                  {
                    OFFSET -2.866241 1.503904 -0.60527
                    CHANNELS 3 Zrotation Yrotation Xrotation
                    JOINT RightHandPinky2
                    {
                      OFFSET -5.553177 -2e-06 0.0
                      CHANNELS 3 Zrotation Yrotation Xrotation
                      JOINT RightHandPinky3
                      {
                        OFFSET -3.062664 -1e-06 -4e-06
                        CHANNELS 3 Zrotation Yrotation Xrotation
                        JOINT RightHandPinky4
                        {
                          OFFSET -1.546529 2e-06 4e-06
                          CHANNELS 3 Zrotation Yrotation Xrotation
                          JOINT RightHandPinkyEnd
                          {
                            OFFSET -1.952341 0.0 -4e-06
                            CHANNELS 3 Zrotation Yrotation Xrotation
                          }
                        }
                      }
                    }
                  }
                }
              }
            }
          }
        }
      }
    }
    JOINT LeftLeg
    {
      OFFSET -8.443107 2.567604 10.043214
      CHANNELS 3 Zrotation Yrotation Xrotation
      JOINT LeftShin
      {
        OFFSET 43.229198 1e-06 -1e-06
        CHANNELS 3 Zrotation Yrotation Xrotation
        JOINT LeftFoot
        {
          OFFSET 42.298611 1e-06 1e-06
          CHANNELS 3 Zrotation Yrotation Xrotation
          JOINT LeftToeBase
          {
            OFFSET 14.165858 1e-06 0.0
            CHANNELS 3 Zrotation Yrotation Xrotation
            JOINT LeftToeEnd
            {
              OFFSET 6.7141 -0.234461 0.0
              CHANNELS 3 Zrotation Yrotation Xrotation
            }
          }
        }
      }
    }
    JOINT RightLeg
    {
      OFFSET -8.303923 2.592729 -10.047278
      CHANNELS 3 Zrotation Yrotation Xrotation
      JOINT RightShin
      {
        OFFSET -43.369682 0.0 1e-06
        CHANNELS 3 Zrotation Yrotation Xrotation
        JOINT RightFoot
        {
          OFFSET -42.260784 4e-06 2e-06
          CHANNELS 3 Zrotation Yrotation Xrotation
          JOINT RightToeBase
          {
            OFFSET -14.222245 -2e-06 -1e-06
            CHANNELS 3 Zrotation Yrotation Xrotation
            JOINT RightToeEnd
            {
              OFFSET -6.660062 0.232574 -2e-06
              CHANNELS 3 Zrotation Yrotation Xrotation
            }
          }
        }
      }
    }
  }
}
MOTION
Frames: 270
Frame Time: 0.03333333333333333
0.0 0.0 0.0 0.0 -0.0 0.0 1.939335 100.361122 1.658799 89.007263 0.98365 90.203682 2.627892 1.375865 0.205287 -9.987619 -0.109792 0.917345 14.55772 -0.278207 -1.13973 25.152588 3.525426 2.718657 -2.686001 -0.824042 -0.562118 -39.108006 1.127509 -2.383043 5e-06 0.0 0.0 0.002485 0.009381 0.016525 -0.038242 -0.022448 -0.003808 -0.056106 0.042163 0.05143 -121.314819 -66.784119 142.971405 17.101759 -56.706192 -0.656662 37.271568 0.771376 0.421145 -2.463939 -5.662078 27.378336 17.636625 -26.322729 52.41119 -19.466661 -14.395597 29.410389 -0.0 -8.774821 -3e-06 16.504093 -17.799393 5.842854 -0.609776 -1.795653 -3.889328 -4.807087 -11.046809 -2.937851 5e-06 -20.976015 1e-06 -5.019967 -25.033548 -4.031878 5e-06 0.0 0.0 -10.634531 -5.686968 -3.565587 10.573272 -17.922949 -3.113901 4e-06 -13.821206 1e-06 -0.501776 -31.181498 -4.027011 -11.215756 -60.206909 6.844051 -13.982711 -7.150197 -2.875042 13.772727 -8.401491 -3.218244 0.347734 -34.211544 0.771653 -0.963026 -17.733366 2.621018 -1e-06 -2e-06 -1e-06 -17.346415 -20.095215 -4.201784 21.757557 -1.638376 3.866424 2e-06 -6.338822 1e-06 -1.697585 -22.591745 -6.194006 0.0 -2e-06 -3e-06 57.897152 -76.81385 141.26944 21.745754 -66.457161 -4.419295 26.10465 0.542051 0.238783 1.369633 -0.030121 15.27422 22.182117 -20.3759 49.933319 -16.701818 -16.743528 28.476536 -4e-06 -12.690601 -1e-06 16.031839 -17.648602 2.561533 -0.10592 -1.513856 -4.27588 -5.03904 -5.612872 -2.953556 5e-06 -11.020526 -1e-06 -6.111296 -15.895336 -3.840472 0.0 -2e-06 -0.0 -10.28337 -5.680288 -4.341838 11.028296 -11.302408 -2.372633 -1.384268 -14.238584 -6.320121 -0.625439 -26.924196 -3.8276 -4.081316 -49.486103 -4.200918 -13.708525 -7.363475 -3.72094 18.141151 -14.052743 -3.242676 6e-06 -18.78727 -2e-06 -0.42971 -8.456045 2.555503 -1e-06 2e-06 -1e-06 -15.923532 -20.094482 -5.473586 30.41921 -7.190827 1.735925 3e-06 -8.162929 -0.0 -1.861902 -22.861469 -6.167942 0.0 -2e-06 -2e-06 -177.633057 -5.237232 4.056141 10.321219 -0.024134 0.070592 -79.628494 1.848204 -4.148583 -5.392395 1.409518 2.139715 -0.999999 0.0 -0.0 4.16574 0.994508 -4.073919 7.824708 -0.068439 -0.067214 -78.046425 -8.392517 -4.374077 -4.839668 0.736512 1.695649 -1.000002 -0.0 -0.0 
0.0 0.0 0.0 0.0 -0.0 0.0 1.921102 100.291 1.890763 88.93882 1.188784 90.276962 2.487971 1.450247 0.209702 -10.019086 -0.069633 0.961254 14.543107 -0.306786 -1.205084 25.345154 3.48907 2.747087 -2.652831 -0.770104 -0.771986 -38.621563 0.927164 -2.381667 6e-06 -0.0 0.0 0.00451 0.005998 0.028353 -0.009618 -0.022882 0.012159 -0.022849 0.035631 0.056124 -122.412727 -66.153252 144.310608 16.328606 -57.5639 0.871227 33.825607 0.765193 0.323041 -2.426599 -5.29346 29.53462 17.636625 -26.322729 52.411182 -19.466661 -14.395596 29.410393 -1e-06 -8.77482 -3e-06 16.595434 -17.705576 5.730493 -0.609776 -1.795653 -3.889327 -4.807086 -11.046809 -2.937849 6e-06 -20.976019 2e-06 -5.019968 -25.033552 -4.031878 5e-06 -1e-06 -0.0 -10.634531 -5.686968 -3.565586 10.573271 -17.922947 -3.113897 6e-06 -13.821209 -1e-06 -0.501775 -31.181501 -4.027012 -10.970373 -59.993561 6.749033 -13.982711 -7.150195 -2.875041 13.772727 -8.401492 -3.218241 0.347738 -34.211552 0.771652 -0.963027 -17.73337 2.621019 -0.0 1e-06 -0.0 -17.346413 -20.095211 -4.201779 21.757555 -1.638377 3.866424 3e-06 -6.338823 0.0 -1.697587 -22.591743 -6.194003 -0.0 -4e-06 -2e-06 56.983219 -76.214035 142.281311 20.58625 -66.797562 -2.924515 24.396315 0.482616 0.291013 0.833285 -0.710361 15.544411 22.182106 -20.375891 49.933319 -16.701813 -16.743528 28.47653 -3e-06 -12.690598 -1e-06 15.961403 -17.65452 2.513308 -0.105919 -1.513857 -4.275881 -5.03904 -5.612871 -2.953556 4e-06 -11.020524 -4e-06 -6.111296 -15.895334 -3.840471 0.0 1e-06 0.0 -10.283368 -5.680288 -4.341837 11.028293 -11.302404 -2.372635 -1.384268 -14.238579 -6.320122 -0.625436 -26.924187 -3.827601 -4.089329 -49.483208 -4.276694 -13.708522 -7.363476 -3.720938 18.14115 -14.052739 -3.242676 7e-06 -18.78727 -4e-06 -0.429711 -8.456043 2.555503 -0.0 -1e-06 1e-06 -15.923531 -20.094482 -5.473587 30.419207 -7.190827 1.735925 3e-06 -8.162929 -1e-06 -1.861901 -22.861467 -6.167942 -0.0 -2e-06 -1e-06 -177.312424 -5.312232 4.16392 10.410943 -0.029134 0.091494 -80.00071 1.741539 -4.227804 -5.367669 1.469208 2.152434 -0.999999 0.0 -0.0 4.84312 1.090856 -4.038037 7.175188 -0.06181 -0.094568 -78.092278 -8.431221 -4.42683 -4.861895 0.703956 1.688483 -1.000002 0.0 -0.0 
0.0 0.0 0.0 0.0 -0.0 0.0 1.889315 100.237503 2.08859 88.898544 1.350571 90.355148 2.290195 1.473168 0.194369 -10.083799 -0.035234 0.96736 14.554886 -0.34309 -1.236702 25.651056 3.493858 2.774665 -2.654748 -0.756098 -0.924236 -37.917248 0.740318 -2.429563 6e-06 -0.0 0.0 0.008355 0.007212 0.03635 0.011806 -0.025217 0.025059 0.004518 0.040226 0.056059 -123.127098 -65.513985 145.275925 15.438251 -58.298706 2.77953 31.340015 0.783406 0.239464 -2.637209 -5.380425 31.267206 17.636635 -26.322723 52.411179 -19.466663 -14.395596 29.410385 1e-06 -8.774822 -2e-06 16.674776 -17.665199 5.6488 -0.609777 -1.795655 -3.889326 -4.807091 -11.046814 -2.937851 1e-06 -20.976021 0.0 -5.019975 -25.033564 -4.031885 6e-06 3e-06 -1e-06 -10.634537 -5.686974 -3.565587 10.573275 -17.922953 -3.113899 3e-06 -13.821214 -4e-06 -0.50178 -31.181507 -4.027017 -10.859578 -59.792793 6.660639 -13.982718 -7.150201 -2.875041 13.772731 -8.401491 -3.218242 0.347732 -34.211559 0.771652 -0.96303 -17.733372 2.621019 1e-06 -0.0 -1e-06 -17.346426 -20.095224 -4.201778 21.757565 -1.638373 3.866429 1e-06 -6.338825 -3e-06 -1.697591 -22.591751 -6.194008 0.0 -3e-06 -2e-06 56.12207 -75.705238 143.243774 19.662939 -67.087242 -2.039545 23.086935 0.46908 0.300089 0.327748 -1.334525 15.744639 22.182117 -20.375896 49.933319 -16.701817 -16.74353 28.476534 -3e-06 -12.690601 -2e-06 15.949718 -17.697296 2.514395 -0.105919 -1.513856 -4.275881 -5.039042 -5.612872 -2.953557 4e-06 -11.020525 -3e-06 -6.111298 -15.895332 -3.840471 0.0 -0.0 1e-06 -10.283371 -5.680288 -4.341839 11.028294 -11.302405 -2.372632 -1.384269 -14.238581 -6.320122 -0.625441 -26.924194 -3.827601 -4.057482 -49.502884 -4.384955 -13.708526 -7.363477 -3.720938 18.141148 -14.052739 -3.242672 6e-06 -18.78727 -3e-06 -0.429712 -8.456045 2.555502 0.0 0.0 0.0 -15.923538 -20.094484 -5.473584 30.419218 -7.190823 1.735926 3e-06 -8.16293 1e-06 -1.861904 -22.861471 -6.167942 -0.0 -2e-06 -2e-06 -177.039124 -5.364483 4.36695 10.455296 -0.03501 0.088273 -80.267166 1.621493 -4.274122 -5.359768 1.514131 2.164993 -0.999999 0.0 0.0 5.378063 1.160093 -4.118897 6.712859 -0.050179 -0.102493 -78.144287 -8.414709 -4.47673 -4.839212 0.694007 1.686815 -1.000001 -1e-06 0.0 
0.0 0.0 0.0 0.0 -0.0 0.0 1.80281 100.204918 2.226583 88.849579 1.460818 90.399643 2.082803 1.475601 0.176307 -10.158766 -0.001161 0.98875 14.549973 -0.353913 -1.245047 26.044983 3.46749 2.801204 -2.670457 -0.755825 -0.997889 -37.305779 0.601571 -2.523394 6e-06 -0.0 0.0 0.011364 0.010814 0.042746 0.018946 -0.024488 0.036739 0.017567 0.04653 0.054843 -123.306763 -64.972282 145.646896 14.612731 -58.90638 4.816026 29.94582 0.809909 0.185551 -2.889771 -5.965997 32.560047 17.636627 -26.322733 52.41119 -19.466661 -14.395597 29.410389 -0.0 -8.774823 -1e-06 16.664728 -17.634033 5.624152 -0.609776 -1.795654 -3.889327 -4.807088 -11.046811 -2.937849 4e-06 -20.976019 1e-06 -5.019971 -25.033556 -4.03188 4e-06 -1e-06 -0.0 -10.634535 -5.686972 -3.565589 10.573272 -17.922951 -3.113898 4e-06 -13.821212 -3e-06 -0.501777 -31.181505 -4.027013 -10.858835 -59.660919 6.661199 -13.982714 -7.150198 -2.875039 13.77273 -8.401493 -3.218242 0.347736 -34.211555 0.771652 -0.963031 -17.73337 2.621021 1e-06 -1e-06 -1e-06 -17.346418 -20.095219 -4.201783 21.757561 -1.638375 3.866428 2e-06 -6.338824 -1e-06 -1.697591 -22.591747 -6.194007 0.0 -6e-06 -1e-06 55.647461 -75.369987 143.738556 19.047459 -67.359879 -1.645952 22.255241 0.50109 0.283598 -0.083583 -1.835786 15.850106 22.182119 -20.375895 49.933323 -16.701813 -16.743528 28.476532 -3e-06 -12.690602 -1e-06 15.962673 -17.729959 2.548415 -0.10592 -1.513856 -4.275882 -5.039041 -5.61287 -2.953556 4e-06 -11.020523 -2e-06 -6.111298 -15.895332 -3.840472 0.0 -1e-06 1e-06 -10.283372 -5.680288 -4.341839 11.028296 -11.302406 -2.372633 -1.384268 -14.238583 -6.320122 -0.62544 -26.924194 -3.827601 -3.988842 -49.50787 -4.468564 -13.708526 -7.363476 -3.72094 18.141151 -14.05274 -3.242673 7e-06 -18.787271 -2e-06 -0.429711 -8.456042 2.555502 0.0 -1e-06 0.0 -15.923536 -20.094482 -5.473586 30.419218 -7.190827 1.735927 3e-06 -8.162929 -1e-06 -1.861902 -22.861469 -6.167942 1e-06 -4e-06 -1e-06 -176.83139 -5.465869 4.554832 10.452232 -0.033679 0.07356 -80.423462 1.542792 -4.314617 -5.349475 1.52082 2.169147 -1.0 0.0 0.0 5.74356 1.254238 -4.217815 6.417402 -0.042621 -0.107608 -78.15638 -8.3494 -4.513647 -4.81341 0.684071 1.68496 -1.000002 -0.0 -0.0 
0.0 0.0 0.0 0.0 -0.0 0.0 1.669942 100.179222 2.329535 88.783722 1.556368 90.422882 1.897673 1.485914 0.179238 -10.227971 0.024614 1.0242 14.511453 -0.356298 -1.217779 26.49704 3.422005 2.799516 -2.687156 -0.754816 -1.051224 -36.814976 0.527751 -2.626117 6e-06 -0.0 0.0 0.018645 0.012283 0.044597 0.020836 -0.023958 0.041817 0.026091 0.048774 0.0525 -123.136566 -64.61689 145.552856 13.91041 -59.360943 6.434755 29.4305 0.796569 0.16705 -3.086576 -6.530215 33.338638 17.636625 -26.322725 52.411182 -19.466656 -14.395594 29.410385 -2e-06 -8.77482 -1e-06 16.583654 -17.598749 5.654924 -0.609776 -1.795653 -3.889327 -4.807086 -11.046806 -2.937851 4e-06 -20.976011 1e-06 -5.019967 -25.033552 -4.031879 5e-06 -1e-06 -2e-06 -10.634532 -5.686968 -3.565584 10.57327 -17.922945 -3.113897 4e-06 -13.821209 -1e-06 -0.501776 -31.181505 -4.027014 -10.902574 -59.603783 6.720089 -13.982711 -7.150195 -2.875041 13.772725 -8.401489 -3.21824 0.347737 -34.21154 0.771655 -0.963027 -17.733366 2.621019 -1e-06 -0.0 -0.0 -17.346415 -20.095207 -4.201779 21.757555 -1.638377 3.866425 2e-06 -6.338822 -1e-06 -1.697588 -22.591742 -6.194003 -1e-06 -5e-06 -2e-06 55.622871 -75.207237 143.695663 18.912682 -67.572678 -1.706255 21.68755 0.517423 0.271422 -0.368944 -2.084187 15.967195 22.182112 -20.375895 49.933319 -16.701813 -16.74353 28.47653 -3e-06 -12.690598 -1e-06 15.959615 -17.716957 2.585623 -0.105919 -1.513856 -4.27588 -5.03904 -5.61287 -2.953556 4e-06 -11.02052 -2e-06 -6.111298 -15.89533 -3.840469 -0.0 -0.0 1e-06 -10.283368 -5.680288 -4.341838 11.028292 -11.302404 -2.372632 -1.384267 -14.238581 -6.32012 -0.62544 -26.924185 -3.827601 -3.927392 -49.483551 -4.509046 -13.708523 -7.363476 -3.720938 18.141148 -14.052739 -3.242674 6e-06 -18.787268 -2e-06 -0.429712 -8.456045 2.555504 0.0 -1e-06 0.0 -15.923534 -20.094482 -5.473584 30.41921 -7.190823 1.735924 2e-06 -8.162927 -1e-06 -1.861903 -22.861469 -6.167942 -1e-06 -2e-06 -1e-06 -176.665268 -5.613256 4.72906 10.46137 -0.033023 0.066 -80.545921 1.438988 -4.377965 -5.33123 1.519815 2.16786 -0.999999 0.0 0.0 6.021817 1.392565 -4.332313 6.215266 -0.039494 -0.10181 -78.157104 -8.278503 -4.509887 -4.757526 0.669885 1.682353 -1.000002 -0.0 -0.0 
0.0 0.0 0.0 0.0 -0.0 0.0 1.513635 100.164429 2.403659 88.715485 1.649263 90.411301 1.745007 1.508764 0.194796 -10.283077 0.043366 1.063981 14.425167 -0.377549 -1.161893 27.002993 3.339188 2.794361 -2.70022 -0.750082 -1.155602 -36.343437 0.508686 -2.702815 6e-06 0.0 0.0 0.02426 0.01155 0.041388 0.014808 -0.026129 0.039646 0.024199 0.049479 0.047936 -122.897346 -64.419289 145.271317 13.393046 -59.599434 7.431026 29.498672 0.763085 0.154736 -3.227481 -6.759268 33.58371 17.636627 -26.322733 52.411205 -19.466661 -14.395598 29.410395 -1e-06 -8.774822 -0.0 16.534449 -17.558449 5.669226 -0.609776 -1.795653 -3.88933 -4.807087 -11.046809 -2.937848 5e-06 -20.976017 2e-06 -5.019968 -25.03356 -4.03188 5e-06 -1e-06 -1e-06 -10.634533 -5.686971 -3.565591 10.573275 -17.922951 -3.1139 4e-06 -13.821209 -1e-06 -0.501776 -31.181505 -4.027014 -10.923385 -59.564381 6.761761 -13.982714 -7.150198 -2.875044 13.772728 -8.401491 -3.218239 0.347737 -34.211544 0.771656 -0.963028 -17.73337 2.621021 2e-06 -1e-06 -0.0 -17.346416 -20.095217 -4.201782 21.757557 -1.638377 3.866428 1e-06 -6.338823 0.0 -1.697588 -22.591742 -6.194005 -1e-06 -2e-06 -3e-06 55.783421 -75.180817 143.44017 19.477161 -67.621819 -2.324278 21.263735 0.488279 0.256759 -0.606986 -2.071275 16.038723 22.182116 -20.375898 49.933327 -16.701811 -16.74353 28.476532 -4e-06 -12.6906 -1e-06 15.945276 -17.667776 2.605211 -0.105919 -1.513856 -4.27588 -5.039041 -5.612871 -2.953556 4e-06 -11.020523 -2e-06 -6.111296 -15.89533 -3.840472 0.0 1e-06 0.0 -10.28337 -5.680288 -4.341839 11.028294 -11.302404 -2.372632 -1.384268 -14.238581 -6.320121 -0.625438 -26.924187 -3.8276 -3.885822 -49.439285 -4.52075 -13.708524 -7.363474 -3.720939 18.141146 -14.052738 -3.242674 7e-06 -18.787268 -2e-06 -0.429712 -8.456043 2.555504 -0.0 -1e-06 0.0 -15.923534 -20.094482 -5.473586 30.41921 -7.190823 1.735924 3e-06 -8.162929 -1e-06 -1.861902 -22.861467 -6.167942 0.0 -3e-06 -1e-06 -176.522995 -5.775939 4.878569 10.487355 -0.031306 0.059913 -80.61174 1.306383 -4.47314 -5.308648 1.520603 2.167515 -1.0 0.0 -0.0 6.206721 1.545018 -4.486534 6.14987 -0.034546 -0.087141 -78.156158 -8.150777 -4.494765 -4.712946 0.655199 1.677646 -1.000002 -0.0 -0.0 
0.0 0.0 0.0 0.0 -0.0 0.0 1.346268 100.162437 2.452568 88.647247 1.742529 90.376984 1.612163 1.542333 0.215264 -10.323964 0.051114 1.097062 14.291427 -0.412961 -1.092411 27.557961 3.221749 2.779825 -2.707716 -0.750719 -1.270328 -35.845097 0.514876 -2.751011 6e-06 -0.0 0.0 0.025857 0.010344 0.038974 0.006135 -0.030078 0.038228 0.019789 0.051026 0.044015 -122.623604 -64.384491 144.873352 13.089089 -59.688873 7.990712 29.98912 0.759221 0.152699 -3.477679 -6.762875 33.453785 17.636633 -26.322735 52.411201 -19.466663 -14.395598 29.410395 1e-06 -8.774822 -3e-06 16.52709 -17.5212 5.668437 -0.609777 -1.795654 -3.889327 -4.80709 -11.046813 -2.937854 3e-06 -20.976021 1e-06 -5.019975 -25.03356 -4.031882 6e-06 -3e-06 -2e-06 -10.634535 -5.686972 -3.565588 10.573272 -17.922951 -3.113899 2e-06 -13.821212 -1e-06 -0.501777 -31.181505 -4.027019 -10.910686 -59.543724 6.781301 -13.982716 -7.150199 -2.875044 13.772728 -8.401491 -3.218239 0.347736 -34.211555 0.771652 -0.963033 -17.73337 2.621021 0.0 -1e-06 -1e-06 -17.346422 -20.095219 -4.201777 21.757565 -1.638373 3.866426 2e-06 -6.338822 -1e-06 -1.69759 -22.591749 -6.194004 -1e-06 -6e-06 -3e-06 56.064072 -75.270111 143.018463 20.676922 -67.572693 -3.459409 20.964138 0.445584 0.23078 -0.838069 -1.918487 16.129421 22.182117 -20.375898 49.933327 -16.701817 -16.74353 28.476532 -3e-06 -12.690603 -2e-06 15.968726 -17.609367 2.595459 -0.105919 -1.513856 -4.27588 -5.039042 -5.612872 -2.953556 3e-06 -11.020525 -2e-06 -6.1113 -15.895334 -3.840472 -0.0 1e-06 1e-06 -10.283373 -5.680288 -4.341839 11.028297 -11.302406 -2.372633 -1.384269 -14.238583 -6.320124 -0.62544 -26.924194 -3.827603 -3.889128 -49.401688 -4.494617 -13.708527 -7.363477 -3.72094 18.141151 -14.052739 -3.242674 7e-06 -18.78727 -4e-06 -0.429711 -8.456047 2.555502 0.0 -1e-06 0.0 -15.923539 -20.094486 -5.473584 30.419218 -7.190825 1.735927 2e-06 -8.162929 -1e-06 -1.861903 -22.861469 -6.167944 -0.0 -5e-06 -0.0 -176.40062 -5.952392 4.954302 10.52823 -0.023969 0.062724 -80.613792 1.206372 -4.596064 -5.294006 1.518633 2.166296 -0.999999 -0.0 -0.0 6.336228 1.701572 -4.689703 6.160963 -0.026228 -0.064478 -78.126434 -7.952588 -4.471583 -4.712384 0.645847 1.671392 -1.000003 1e-06 -0.0 
0.0 0.0 0.0 0.0 -0.0 0.0 1.178584 100.173035 2.490588 88.579002 1.830148 90.356926 1.481667 1.576769 0.227609 -10.362029 0.045843 1.111643 14.137714 -0.447286 -1.032776 28.136343 3.086776 2.777933 -2.70337 -0.763704 -1.41871 -35.297523 0.500634 -2.80223 6e-06 0.0 0.0 0.028951 0.007852 0.033211 -0.000392 -0.035188 0.032912 0.017148 0.051194 0.037025 -122.342484 -64.484886 144.431061 13.028366 -59.661053 8.17256 30.824148 0.747411 0.158901 -3.845551 -6.667171 32.952465 17.63662 -26.322714 52.411171 -19.466654 -14.395592 29.410378 0.0 -8.774819 -2e-06 16.524984 -17.487335 5.666457 -0.609776 -1.795653 -3.889325 -4.807089 -11.046807 -2.93785 4e-06 -20.976009 -2e-06 -5.019967 -25.033546 -4.031882 7e-06 -1e-06 -1e-06 -10.634531 -5.68697 -3.565587 10.573269 -17.922941 -3.113898 2e-06 -13.821204 -2e-06 -0.501776 -31.181498 -4.027017 -10.913784 -59.538078 6.780252 -13.982711 -7.150198 -2.875041 13.772723 -8.401488 -3.218237 0.347735 -34.21154 0.771651 -0.963032 -17.733362 2.621017 2e-06 -1e-06 -1e-06 -17.346415 -20.095213 -4.201782 21.757555 -1.638373 3.866427 2e-06 -6.338821 -1e-06 -1.697591 -22.591734 -6.194006 -1e-06 -5e-06 -3e-06 56.418495 -75.415894 142.499298 22.51079 -67.411537 -5.191818 20.871136 0.420271 0.191849 -1.028079 -1.679506 16.181112 22.18211 -20.375887 49.933308 -16.701807 -16.743526 28.476524 -3e-06 -12.690598 0.0 16.049307 -17.550055 2.560984 -0.105919 -1.513856 -4.275879 -5.039041 -5.61287 -2.953556 3e-06 -11.02052 -3e-06 -6.111299 -15.895328 -3.84047 0.0 -1e-06 -0.0 -10.283368 -5.680287 -4.341835 11.028291 -11.302402 -2.372632 -1.38427 -14.238576 -6.320118 -0.62544 -26.924183 -3.827601 -3.910172 -49.404171 -4.454858 -13.708523 -7.363474 -3.720938 18.141146 -14.052734 -3.242672 5e-06 -18.787264 -3e-06 -0.429712 -8.456041 2.555502 -0.0 0.0 -1e-06 -15.923534 -20.094481 -5.473581 30.41921 -7.190822 1.735927 3e-06 -8.162927 -1e-06 -1.861904 -22.861464 -6.167939 -0.0 -3e-06 -1e-06 -176.291901 -6.138031 4.993385 10.563127 -0.011374 0.069508 -80.553543 1.117684 -4.732023 -5.27461 1.512243 2.163925 -0.999998 0.0 0.0 6.411615 1.861742 -4.897453 6.253567 -0.020692 -0.037777 -78.067352 -7.749325 -4.443419 -4.72646 0.641427 1.665527 -1.000002 0.0 0.0 
0.0 0.0 0.0 0.0 -0.0 0.0 1.014058 100.185516 2.524842 88.496613 1.914418 90.33593 1.366875 1.609591 0.227386 -10.403305 0.028462 1.108109 13.990561 -0.460156 -1.007977 28.711552 2.934882 2.78168 -2.688648 -0.771542 -1.578315 -34.784813 0.439584 -2.870103 6e-06 -0.0 0.0 0.034501 0.005288 0.030551 -0.007427 -0.037902 0.030105 0.01281 0.048829 0.034028 -122.069992 -64.666954 143.967896 13.141767 -59.563465 8.051229 31.967079 0.691456 0.161083 -4.284862 -6.648771 32.142342 17.636627 -26.322723 52.411175 -19.466648 -14.395596 29.410378 -0.0 -8.774819 -3e-06 16.500433 -17.472477 5.685541 -0.609776 -1.795653 -3.889324 -4.807088 -11.046807 -2.937847 2e-06 -20.976013 3e-06 -5.01997 -25.033552 -4.031879 5e-06 -1e-06 -1e-06 -10.634532 -5.686969 -3.565587 10.573268 -17.922945 -3.113895 3e-06 -13.821206 -1e-06 -0.50178 -31.181498 -4.027012 -10.993451 -59.573265 6.824615 -13.982712 -7.150196 -2.875037 13.772723 -8.401489 -3.218239 0.347732 -34.211536 0.771656 -0.963028 -17.733362 2.621018 1e-06 -1e-06 0.0 -17.346416 -20.095211 -4.201777 21.757555 -1.638375 3.866426 2e-06 -6.338823 0.0 -1.69759 -22.59174 -6.194004 0.0 -5e-06 -3e-06 56.951935 -75.585541 141.810028 24.966125 -67.127121 -7.604039 21.11014 0.430385 0.147202 -1.011927 -1.311677 15.858434 22.182121 -20.375891 49.9333 -16.701815 -16.743528 28.476524 -3e-06 -12.690601 -2e-06 16.173138 -17.485716 2.519913 -0.105919 -1.513856 -4.27588 -5.039041 -5.612871 -2.953556 4e-06 -11.020524 -3e-06 -6.111298 -15.895334 -3.840469 0.0 -1e-06 -1e-06 -10.283371 -5.680288 -4.341838 11.028294 -11.302404 -2.372632 -1.38427 -14.23858 -6.32012 -0.625439 -26.924191 -3.8276 -3.936882 -49.46217 -4.400356 -13.708526 -7.363477 -3.72094 18.141151 -14.05274 -3.242672 6e-06 -18.78727 -2e-06 -0.42971 -8.456046 2.555502 -1e-06 -0.0 1e-06 -15.923536 -20.094482 -5.473584 30.419214 -7.190827 1.735928 3e-06 -8.162929 -1e-06 -1.861901 -22.861469 -6.167942 -1e-06 -2e-06 -1e-06 -176.175095 -6.342198 4.987554 10.569335 0.001535 0.083958 -80.485619 1.034111 -4.868425 -5.218788 1.499507 2.164631 -1.0 0.0 0.0 6.396419 2.033988 -5.065857 6.512862 -0.020704 -0.015626 -78.039734 -7.566125 -4.40641 -4.71205 0.63684 1.661998 -1.000003 -0.0 -0.0 
0.0 0.0 0.0 0.0 -0.0 0.0 0.858173 100.198151 2.548746 88.432076 1.994919 90.321739 1.27558 1.62468 0.207709 -10.448572 0.00411 1.088306 13.864311 -0.480491 -1.021462 29.242571 2.791153 2.771758 -2.669214 -0.774898 -1.733691 -34.357082 0.365469 -2.947227 6e-06 0.0 -0.0 0.038772 0.003677 0.029278 -0.010302 -0.03752 0.028808 0.009873 0.045383 0.032697 -121.846298 -64.888458 143.576355 13.442817 -59.422375 7.586043 33.336735 0.609944 0.160615 -4.742285 -6.722925 31.132774 17.636623 -26.322731 52.411194 -19.466661 -14.395597 29.410393 -2e-06 -8.774821 -1e-06 16.459095 -17.479477 5.72095 -0.609776 -1.795653 -3.889327 -4.807086 -11.046809 -2.937851 5e-06 -20.976015 1e-06 -5.019968 -25.033552 -4.03188 5e-06 -1e-06 -1e-06 -10.634531 -5.686968 -3.56559 10.573274 -17.922947 -3.113899 5e-06 -13.821206 -2e-06 -0.501777 -31.181498 -4.027011 -11.102488 -59.637386 6.882557 -13.982711 -7.150195 -2.875042 13.772727 -8.401491 -3.218241 0.347738 -34.211552 0.771654 -0.963031 -17.733368 2.621022 2e-06 -1e-06 -0.0 -17.346413 -20.095213 -4.201786 21.757555 -1.638377 3.866427 2e-06 -6.338823 0.0 -1.697587 -22.591742 -6.194005 0.0 -5e-06 -2e-06 57.644016 -75.726402 140.938477 27.726435 -66.738174 -10.478114 21.711967 0.47509 0.109266 -0.623634 -0.71702 14.969738 22.182116 -20.375898 49.933319 -16.701817 -16.743526 28.476534 -4e-06 -12.6906 0.0 16.30633 -17.43656 2.490402 -0.105919 -1.513856 -4.27588 -5.039041 -5.612872 -2.953555 5e-06 -11.020526 -2e-06 -6.111296 -15.895332 -3.84047 0.0 -1e-06 0.0 -10.283367 -5.680286 -4.341837 11.028295 -11.302408 -2.372633 -1.384267 -14.238583 -6.320121 -0.625435 -26.9242 -3.827601 -3.986387 -49.559391 -4.319225 -13.708523 -7.363475 -3.720938 18.141148 -14.052743 -3.242674 8e-06 -18.787271 -2e-06 -0.429711 -8.456045 2.555502 -0.0 1e-06 -0.0 -15.923532 -20.094484 -5.473583 30.41921 -7.190829 1.735924 3e-06 -8.162929 -1e-06 -1.861899 -22.861473 -6.167942 1e-06 -4e-06 -2e-06 -176.036316 -6.527733 4.948385 10.507018 0.012427 0.09208 -80.388428 0.977749 -4.958413 -5.162582 1.481639 2.166965 -0.999999 -0.0 0.0 6.321588 2.182878 -5.187849 6.873555 -0.026173 -0.003619 -78.049896 -7.43668 -4.363946 -4.668076 0.639555 1.6638 -1.000003 -0.0 -0.0 
0.0 0.0 0.0 0.0 -0.0 0.0 0.711004 100.208244 2.553266 88.40612 2.065972 90.294388 1.19217 1.628673 0.18188 -10.494228 -0.028548 1.055528 13.767951 -0.540222 -1.059357 29.721146 2.667889 2.746001 -2.654317 -0.782604 -1.921674 -34.026421 0.288498 -3.016868 6e-06 0.0 0.0 0.040227 0.00304 0.01953 -0.014399 -0.03791 0.018089 0.002103 0.044693 0.024231 -121.750175 -65.109055 143.335175 13.924647 -59.208138 6.794414 34.923145 0.509495 0.163765 -5.122961 -6.87084 29.815842 17.636625 -26.322733 52.411182 -19.466656 -14.395597 29.410389 -0.0 -8.774821 -2e-06 16.405195 -17.49778 5.746529 -0.609776 -1.795653 -3.889327 -4.807089 -11.046809 -2.937851 4e-06 -20.976017 2e-06 -5.019969 -25.033556 -4.03188 6e-06 3e-06 -3e-06 -10.634533 -5.686969 -3.565587 10.573271 -17.922951 -3.113895 5e-06 -13.821209 -1e-06 -0.501781 -31.181501 -4.027012 -11.182617 -59.690685 6.897285 -13.982712 -7.150198 -2.875041 13.77273 -8.401491 -3.218242 0.347733 -34.211552 0.771655 -0.963029 -17.73337 2.621019 2e-06 -1e-06 -1e-06 -17.346413 -20.095215 -4.201782 21.757555 -1.638375 3.866426 2e-06 -6.338822 -0.0 -1.697588 -22.591743 -6.194004 -1e-06 -2e-06 -1e-06 58.498493 -75.823753 139.846848 30.696352 -66.246521 -13.795817 22.626495 0.535363 0.067309 0.1286 0.16488 13.544222 22.182114 -20.375895 49.933319 -16.701817 -16.743528 28.476534 -3e-06 -12.690601 1e-06 16.423389 -17.438486 2.47914 -0.105919 -1.513856 -4.27588 -5.039041 -5.612872 -2.953556 4e-06 -11.020524 -2e-06 -6.111297 -15.895334 -3.840471 0.0 -0.0 -1e-06 -10.283369 -5.680287 -4.341839 11.028294 -11.302406 -2.372634 -1.384268 -14.238583 -6.320121 -0.625438 -26.924189 -3.827602 -4.067752 -49.66901 -4.209487 -13.708523 -7.363475 -3.720938 18.141148 -14.052739 -3.242677 6e-06 -18.78727 -2e-06 -0.429711 -8.456045 2.555504 -1e-06 1e-06 -0.0 -15.923536 -20.094484 -5.473584 30.41921 -7.190827 1.735927 4e-06 -8.162927 -2e-06 -1.861902 -22.861467 -6.167942 1e-06 -5e-06 -0.0 -175.896454 -6.668308 4.862489 10.404068 0.019673 0.092245 -80.266708 0.962551 -5.00228 -5.102971 1.469529 2.173346 -1.0 -0.0 -0.0 6.181858 2.287496 -5.289154 7.334124 -0.037292 0.00137 -78.123817 -7.373927 -4.305529 -4.602242 0.643795 1.668102 -1.000003 -0.0 -0.0 
0.0 0.0 0.0 0.0 -0.0 0.0 0.576032 100.207779 2.534071 88.429665 2.114857 90.260399 1.122787 1.626888 0.170268 -10.534274 -0.052801 1.034767 13.699998 -0.661786 -1.134224 30.123686 2.571329 2.722665 -2.655533 -0.79115 -2.125141 -33.859734 0.232158 -3.078007 6e-06 0.0 -0.0 0.039427 0.003841 0.010971 -0.022147 -0.038321 0.007753 -0.011597 0.046819 0.017683 -121.883118 -65.250366 143.347946 14.568165 -58.844421 5.696137 36.69775 0.423629 0.153422 -5.365466 -7.050979 28.34581 17.636625 -26.322721 52.41119 -19.46666 -14.395597 29.410393 -0.0 -8.774821 -1e-06 16.364145 -17.523827 5.763234 -0.609777 -1.795653 -3.889329 -4.807089 -11.046807 -2.93785 4e-06 -20.976013 -1e-06 -5.019969 -25.033552 -4.031881 6e-06 1e-06 -1e-06 -10.634533 -5.68697 -3.565586 10.573272 -17.922947 -3.113902 3e-06 -13.821208 0.0 -0.501776 -31.181501 -4.027017 -11.278484 -59.773296 6.922195 -13.982713 -7.150198 -2.875042 13.772727 -8.401489 -3.21824 0.347734 -34.211544 0.771652 -0.963027 -17.73337 2.62102 -0.0 1e-06 -1e-06 -17.346416 -20.095213 -4.201782 21.757557 -1.638375 3.866428 2e-06 -6.338822 0.0 -1.697589 -22.591742 -6.194006 0.0 -4e-06 -3e-06 59.462021 -75.931633 138.626526 33.679424 -65.708878 -17.433043 23.758055 0.577772 0.036796 1.081937 1.288619 11.801346 22.18211 -20.375891 49.933319 -16.701807 -16.74353 28.476528 -2e-06 -12.6906 -1e-06 16.476591 -17.495682 2.485435 -0.105919 -1.513854 -4.275881 -5.039039 -5.612869 -2.953556 4e-06 -11.02052 -1e-06 -6.111297 -15.895328 -3.84047 -0.0 -1e-06 -0.0 -10.283367 -5.680286 -4.341839 11.028293 -11.302402 -2.372634 -1.38427 -14.238577 -6.320119 -0.625439 -26.924183 -3.8276 -4.15011 -49.723171 -4.099876 -13.708523 -7.363473 -3.720938 18.141146 -14.052736 -3.242674 5e-06 -18.787266 -2e-06 -0.429713 -8.456039 2.555505 0.0 0.0 1e-06 -15.923532 -20.094475 -5.473584 30.419205 -7.190823 1.735926 2e-06 -8.162922 1e-06 -1.861903 -22.861464 -6.16794 0.0 -4e-06 -1e-06 -175.797379 -6.743896 4.781969 10.307723 0.027217 0.086772 -80.165695 0.97656 -5.020847 -5.062787 1.462106 2.180306 -0.999999 -0.0 -0.0 5.950119 2.33711 -5.307464 7.927814 -0.04875 -0.006403 -78.313835 -7.419068 -4.244591 -4.55813 0.647565 1.674048 -1.000002 -0.0 -0.0 
0.0 0.0 0.0 0.0 -0.0 0.0 0.454295 100.184799 2.496523 88.523865 2.159652 90.222008 1.090839 1.615927 0.188373 -10.558291 -0.059761 1.040141 13.669912 -0.844301 -1.226707 30.416168 2.482945 2.702228 -2.675855 -0.798207 -2.329912 -33.847855 0.221441 -3.160557 6e-06 -0.0 0.0 0.035892 0.003656 0.003906 -0.037159 -0.039053 -0.001068 -0.028331 0.046814 0.012566 -122.34433 -65.257698 143.718628 15.258501 -58.247746 4.414426 38.78157 0.397047 0.139024 -5.46161 -7.178312 26.691349 17.636623 -26.322733 52.411194 -19.466661 -14.395596 29.410393 -0.0 -8.774821 -1e-06 16.338758 -17.582987 5.7729 -0.609775 -1.795653 -3.889327 -4.807087 -11.046807 -2.937851 5e-06 -20.976013 0.0 -5.019969 -25.033545 -4.031878 5e-06 3e-06 -0.0 -10.634531 -5.686969 -3.565586 10.573274 -17.922947 -3.1139 4e-06 -13.821209 1e-06 -0.501777 -31.181501 -4.027013 -11.389743 -59.887604 6.935556 -13.982711 -7.150196 -2.875043 13.772727 -8.401491 -3.218243 0.347733 -34.211544 0.771657 -0.963029 -17.73337 2.621022 1e-06 1e-06 -1e-06 -17.346413 -20.095213 -4.201783 21.757555 -1.638375 3.866427 2e-06 -6.338823 2e-06 -1.697589 -22.591742 -6.194003 -0.0 -4e-06 -2e-06 60.594044 -76.107918 137.263535 36.529293 -65.132866 -21.060862 24.911928 0.597703 0.010563 2.103048 2.551191 9.840653 22.182108 -20.375891 49.933319 -16.701817 -16.74353 28.476534 -3e-06 -12.690601 -0.0 16.464399 -17.595917 2.505492 -0.10592 -1.513857 -4.275881 -5.039039 -5.61287 -2.953557 3e-06 -11.020523 -3e-06 -6.111295 -15.89533 -3.840472 -0.0 -1e-06 0.0 -10.283369 -5.680288 -4.341839 11.028292 -11.302405 -2.372633 -1.384267 -14.238579 -6.320122 -0.625436 -26.924191 -3.827602 -4.24731 -49.729946 -3.983952 -13.708522 -7.363476 -3.720938 18.141148 -14.052738 -3.242675 8e-06 -18.78727 -3e-06 -0.429711 -8.456041 2.555504 1e-06 -1e-06 -1e-06 -15.923532 -20.094482 -5.473586 30.419207 -7.190825 1.735923 3e-06 -8.162926 -1e-06 -1.861902 -22.861467 -6.167941 1e-06 -4e-06 -2e-06 -175.714157 -6.728667 4.696249 10.213423 0.030473 0.078134 -80.118706 1.00405 -4.981774 -5.062768 1.46015 2.185496 -0.999998 0.0 -0.0 5.637064 2.306445 -5.244349 8.673734 -0.060419 -0.019674 -78.685036 -7.545564 -4.157451 -4.556479 0.648613 1.679722 -1.000002 0.0 0.0 
0.0 0.0 0.0 0.0 -0.0 0.0 0.352085 100.129082 2.449822 88.676582 2.221179 90.152702 1.106137 1.619886 0.222661 -10.562198 -0.05402 1.067068 13.692922 -1.084068 -1.296089 30.620373 2.388113 2.684018 -2.702326 -0.797097 -2.508037 -33.965221 0.234957 -3.257155 6e-06 -0.0 0.0 0.033744 0.001174 -0.019363 -0.040918 -0.042466 -0.023767 -0.030113 0.044436 -0.010524 -123.272141 -65.020584 144.567322 15.675271 -57.295551 3.234283 41.471436 0.433019 0.16355 -5.246916 -6.966447 24.321514 17.636629 -26.322741 52.411213 -19.466656 -14.3956 29.410395 0.0 -8.774822 -2e-06 16.256445 -17.687925 5.822589 -0.609776 -1.795653 -3.889328 -4.807089 -11.046811 -2.93785 3e-06 -20.976017 3e-06 -5.019972 -25.03356 -4.031879 6e-06 2e-06 -1e-06 -10.634533 -5.68697 -3.565588 10.573272 -17.922947 -3.113899 2e-06 -13.821209 2e-06 -0.50178 -31.181501 -4.027012 -11.474689 -59.945526 6.934493 -13.982714 -7.150198 -2.875044 13.772728 -8.401492 -3.21824 0.347733 -34.211555 0.771656 -0.963032 -17.73337 2.621023 1e-06 -1e-06 -1e-06 -17.346416 -20.095217 -4.201784 21.757557 -1.638375 3.866428 1e-06 -6.338825 2e-06 -1.697591 -22.591745 -6.194006 -1e-06 -1e-06 -3e-06 61.864868 -76.353668 135.824783 39.247272 -64.447197 -24.65201 25.909863 0.562859 -0.043881 3.065903 3.829172 7.895591 22.182117 -20.375898 49.933327 -16.701811 -16.743528 28.47653 -3e-06 -12.6906 -1e-06 16.409439 -17.70425 2.539285 -0.105921 -1.513856 -4.275881 -5.03904 -5.612871 -2.953557 3e-06 -11.020524 -2e-06 -6.111297 -15.89533 -3.840471 -0.0 -0.0 -0.0 -10.283371 -5.680288 -4.341836 11.028294 -11.302405 -2.372633 -1.384269 -14.238581 -6.320119 -0.625438 -26.924191 -3.827602 -4.349755 -49.700672 -3.851406 -13.708524 -7.363476 -3.720939 18.141148 -14.052739 -3.242673 4e-06 -18.787271 -2e-06 -0.429714 -8.45604 2.555505 0.0 -0.0 -1e-06 -15.923532 -20.094482 -5.473586 30.41921 -7.190826 1.735926 3e-06 -8.162925 -0.0 -1.861903 -22.861467 -6.167939 0.0 -4e-06 -2e-06 -175.634567 -6.631806 4.516384 10.160065 0.024192 0.056336 -80.186012 1.116889 -4.835664 -5.08407 1.466971 2.190801 -0.999998 0.0 -0.0 5.289084 2.205033 -5.112816 9.524013 -0.074474 -0.028949 -79.250465 -7.698737 -4.057633 -4.547309 0.656541 1.68679 -1.000002 0.0 0.0 
0.0 0.0 0.0 0.0 -0.0 0.0 0.271977 100.057945 2.406204 88.793686 2.295937 90.042778 1.153465 1.663094 0.246707 -10.549073 -0.043347 1.102698 13.732854 -1.319319 -1.32445 30.792494 2.323091 2.630889 -2.701887 -0.803078 -2.539995 -34.143349 0.293574 -3.242927 6e-06 0.0 -0.0 0.033555 -0.002665 -0.045161 -0.031131 -0.04681 -0.048094 -0.015947 0.04039 -0.03627 -124.111832 -64.589195 145.336075 15.607656 -56.274052 2.306125 44.983532 0.549818 0.242451 -4.744697 -5.987397 21.214806 17.636633 -26.322737 52.411205 -19.466661 -14.395598 29.410395 -1e-06 -8.774822 -2e-06 16.089857 -17.815916 5.935961 -0.609778 -1.795654 -3.889328 -4.807091 -11.046811 -2.937852 4e-06 -20.976015 -0.0 -5.019973 -25.033558 -4.03188 6e-06 1e-06 -1e-06 -10.634535 -5.686972 -3.565589 10.573274 -17.922951 -3.113899 2e-06 -13.821209 2e-06 -0.50178 -31.181505 -4.027016 -11.521111 -59.91576 6.970862 -13.982716 -7.150199 -2.875042 13.77273 -8.401491 -3.218241 0.347732 -34.211555 0.771657 -0.963029 -17.733376 2.621018 0.0 1e-06 -1e-06 -17.346422 -20.095219 -4.201782 21.757563 -1.638375 3.866429 1e-06 -6.338825 2e-06 -1.697591 -22.591743 -6.194006 -0.0 -2e-06 -1e-06 63.213341 -76.714211 134.280121 41.474178 -63.793133 -27.738325 26.578442 0.485981 -0.113612 3.759968 4.956483 6.421036 22.182117 -20.375898 49.933327 -16.701817 -16.74353 28.476534 -3e-06 -12.690602 -0.0 16.321674 -17.770569 2.579893 -0.105921 -1.513853 -4.275881 -5.039041 -5.612873 -2.953557 5e-06 -11.020524 -3e-06 -6.111298 -15.89533 -3.840471 -0.0 0.0 -0.0 -10.283369 -5.680286 -4.341839 11.028294 -11.302406 -2.372633 -1.384268 -14.238581 -6.320121 -0.625439 -26.924192 -3.827601 -4.384048 -49.667366 -3.744868 -13.708526 -7.363477 -3.720941 18.141148 -14.05274 -3.242674 5e-06 -18.787271 -1e-06 -0.429711 -8.456047 2.555505 2e-06 -1e-06 1e-06 -15.923536 -20.094482 -5.473585 30.419218 -7.190826 1.735926 2e-06 -8.162925 -1e-06 -1.8619 -22.861471 -6.167942 0.0 -2e-06 -2e-06 -175.565414 -6.560559 4.20611 10.173654 0.016906 0.025138 -80.368477 1.371507 -4.617508 -5.108001 1.484933 2.189938 -0.999999 -0.0 0.0 4.977486 2.124203 -4.987515 10.325158 -0.084269 -0.040566 -79.824921 -7.771459 -3.987821 -4.490748 0.674154 1.691304 -1.000002 -0.0 -0.0 
0.0 0.0 0.0 0.0 -0.0 0.0 0.196682 100.018158 2.389454 88.816368 2.370248 89.967064 1.204705 1.709293 0.252072 -10.546151 -0.040138 1.135584 13.747515 -1.480469 -1.337305 31.022409 2.369941 2.569934 -2.677826 -0.814316 -2.447486 -34.259712 0.423418 -3.055015 5e-06 0.0 -1e-06 0.029204 -0.004924 -0.046059 -0.021807 -0.04744 -0.049058 -0.004467 0.036535 -0.035626 -124.000511 -64.305458 145.257614 15.182763 -55.863041 1.320061 49.591438 0.750179 0.339133 -4.251261 -4.087663 17.318304 17.636633 -26.322741 52.411213 -19.46666 -14.395598 29.410395 -1e-06 -8.774823 -2e-06 15.907955 -17.93965 6.123228 -0.609777 -1.795654 -3.889327 -4.807091 -11.046812 -2.937851 4e-06 -20.976021 2e-06 -5.019971 -25.03356 -4.031882 6e-06 -2e-06 -1e-06 -10.634537 -5.686971 -3.565589 10.573275 -17.922951 -3.113901 2e-06 -13.821211 3e-06 -0.50178 -31.181505 -4.027014 -11.49524 -59.925766 7.015477 -13.982716 -7.150198 -2.875044 13.772731 -8.401493 -3.218241 0.347732 -34.211555 0.771658 -0.963029 -17.733372 2.621023 1e-06 0.0 -1e-06 -17.346422 -20.095219 -4.201783 21.757559 -1.638375 3.866429 -0.0 -6.338824 1e-06 -1.69759 -22.591745 -6.194007 -0.0 -5e-06 -1e-06 64.653091 -77.116112 132.655533 43.017254 -63.229465 -29.895554 26.960833 0.421039 -0.131815 4.130086 5.786206 5.494302 22.182117 -20.375898 49.933315 -16.701811 -16.743532 28.47653 -3e-06 -12.690601 -1e-06 16.202118 -17.8001 2.632845 -0.10592 -1.513857 -4.275881 -5.039041 -5.612869 -2.953556 4e-06 -11.020523 -1e-06 -6.111299 -15.89533 -3.84047 -1e-06 -1e-06 -0.0 -10.283371 -5.680287 -4.341839 11.028293 -11.302404 -2.372631 -1.384269 -14.238579 -6.32012 -0.62544 -26.924181 -3.827599 -4.397924 -49.659687 -3.687851 -13.708527 -7.363475 -3.720939 18.14115 -14.052739 -3.242673 4e-06 -18.78727 -2e-06 -0.42971 -8.456043 2.555504 1e-06 -0.0 1e-06 -15.923539 -20.094482 -5.473583 30.419218 -7.190826 1.735926 1e-06 -8.162927 1e-06 -1.861905 -22.861469 -6.167942 1e-06 -4e-06 -2e-06 -175.437057 -6.589757 3.994725 10.092099 0.013249 -0.014925 -80.462532 1.539229 -4.449836 -5.146399 1.496367 2.183305 -1.0 -0.0 0.0 4.82087 2.133461 -4.967145 10.815541 -0.082326 -0.038391 -80.111565 -7.737717 -3.912374 -4.446286 0.713534 1.698909 -1.000002 -0.0 -0.0 
0.0 0.0 0.0 0.0 -0.0 0.0 0.122269 100.039421 2.415253 88.727425 2.363383 90.002258 1.157956 1.727175 0.259769 -10.569304 -0.042235 1.15395 13.711966 -1.538532 -1.371594 31.325766 2.564004 2.534071 -2.639296 -0.817426 -2.265975 -34.157715 0.635022 -2.796273 6e-06 -0.0 -0.0 0.027103 -0.00349 -0.023659 -0.010633 -0.047815 -0.028756 0.007621 0.040476 -0.010655 -123.30352 -64.167061 144.64389 14.327087 -56.040325 0.640967 55.486855 0.959934 0.394198 -3.588166 -1.386933 12.208423 17.636625 -26.322723 52.411182 -19.46666 -14.395596 29.410385 -1e-06 -8.77482 -1e-06 15.779032 -18.05661 6.353833 -0.609775 -1.795655 -3.889327 -4.807087 -11.046809 -2.937851 4e-06 -20.976015 -2e-06 -5.019968 -25.033552 -4.031882 6e-06 -2e-06 1e-06 -10.634537 -5.686972 -3.565587 10.573275 -17.922949 -3.113901 5e-06 -13.821208 0.0 -0.501773 -31.181505 -4.02702 -11.557363 -60.028183 7.146222 -13.982715 -7.150198 -2.875042 13.77273 -8.401492 -3.218241 0.347737 -34.211552 0.771649 -0.963026 -17.73337 2.621018 0.0 -1e-06 -1e-06 -17.346418 -20.095215 -4.201783 21.757555 -1.638376 3.866426 1e-06 -6.338821 2e-06 -1.697585 -22.591734 -6.194008 -2e-06 -5e-06 -2e-06 65.385689 -77.339821 131.766663 43.59066 -62.642712 -30.971268 27.113426 0.295628 -0.100213 4.383979 6.195133 5.139115 22.182112 -20.375887 49.933304 -16.701813 -16.74353 28.476524 -3e-06 -12.690601 -0.0 16.109522 -17.838612 2.660233 -0.105918 -1.513854 -4.275881 -5.039041 -5.61287 -2.953555 3e-06 -11.020523 -2e-06 -6.1113 -15.89533 -3.840469 -1e-06 1e-06 0.0 -10.283369 -5.680288 -4.341837 11.028296 -11.302404 -2.372634 -1.384268 -14.238581 -6.32012 -0.62544 -26.924187 -3.827601 -4.431978 -49.621616 -3.690368 -13.708527 -7.363475 -3.720938 18.141151 -14.052739 -3.242675 8e-06 -18.78727 -4e-06 -0.429711 -8.456042 2.555503 1e-06 -1e-06 -0.0 -15.923536 -20.094482 -5.473583 30.41921 -7.190826 1.735924 4e-06 -8.162927 -1e-06 -1.861904 -22.861469 -6.167943 2e-06 -3e-06 -1e-06 -175.2603 -6.747151 4.100898 9.750156 0.024655 -0.063361 -80.329681 1.464694 -4.387304 -5.200794 1.507557 2.180927 -0.999999 -0.0 0.0 4.836308 2.267019 -5.052036 10.804778 -0.070711 -0.016223 -79.95327 -7.704916 -3.842541 -4.464766 0.747275 1.70429 -1.000002 -0.0 0.0 
0.0 0.0 0.0 0.0 -0.0 0.0 0.057054 100.092743 2.459648 88.591988 2.269827 90.143646 1.013075 1.708652 0.268953 -10.604604 -0.046222 1.155905 13.62782 -1.54678 -1.36862 31.603409 2.84603 2.499363 -2.620774 -0.791134 -2.05218 -33.815269 0.919392 -2.606521 6e-06 -0.0 0.0 0.027182 -0.00109 -0.007881 0.000597 -0.052863 -0.013948 0.021035 0.051121 0.006095 -123.137367 -63.919411 144.553192 13.374537 -56.147999 0.143739 62.805756 1.012542 0.383327 -2.349111 1.952727 6.440118 17.636627 -26.322731 52.411201 -19.46666 -14.395598 29.410389 -0.0 -8.774822 -1e-06 15.740617 -18.222868 6.561491 -0.609776 -1.795653 -3.889327 -4.80709 -11.04681 -2.93785 4e-06 -20.976017 -2e-06 -5.019974 -25.033556 -4.031879 6e-06 -1e-06 1e-06 -10.634535 -5.68697 -3.565588 10.573275 -17.922951 -3.113902 2e-06 -13.821208 1e-06 -0.501781 -31.181505 -4.027014 -11.807887 -60.154896 7.399096 -13.982708 -7.150197 -2.875041 13.77273 -8.401491 -3.218243 0.347733 -34.211552 0.771653 -0.963028 -17.733368 2.62102 -1e-06 -0.0 -2e-06 -17.346416 -20.095217 -4.201782 21.757557 -1.638375 3.866426 1e-06 -6.338823 2e-06 -1.697586 -22.591742 -6.19401 0.0 -4e-06 -1e-06 65.051498 -77.311874 131.971207 43.38139 -62.012878 -31.445635 27.014463 0.122286 -0.072347 4.764698 6.283758 5.363376 22.182112 -20.375889 49.933323 -16.701815 -16.743526 28.47653 -3e-06 -12.690601 -1e-06 16.069801 -17.861416 2.640084 -0.105918 -1.513857 -4.275882 -5.039042 -5.612873 -2.953557 4e-06 -11.020527 -3e-06 -6.111296 -15.895338 -3.840472 -2e-06 -1e-06 -1e-06 -10.283371 -5.680291 -4.341839 11.028296 -11.302406 -2.372633 -1.384267 -14.238583 -6.320122 -0.625439 -26.924192 -3.827604 -4.406735 -49.462284 -3.781023 -13.708524 -7.363476 -3.720939 18.14115 -14.052741 -3.242677 7e-06 -18.787271 -4e-06 -0.42971 -8.456047 2.555503 1e-06 -1e-06 1e-06 -15.923536 -20.094484 -5.473587 30.41921 -7.190827 1.735925 4e-06 -8.162926 -1e-06 -1.8619 -22.861473 -6.167946 -0.0 -2e-06 -1e-06 -175.106216 -6.969441 4.31786 9.24685 0.047455 -0.102195 -80.071762 1.366528 -4.43602 -5.283326 1.519545 2.183244 -0.999999 0.0 -0.0 4.930811 2.452829 -5.221701 10.449626 -0.058298 -0.002241 -79.562447 -7.646336 -3.742748 -4.482908 0.746986 1.703077 -1.000002 -0.0 -0.0 
0.0 0.0 0.0 0.0 -0.0 0.0 0.005425 100.132439 2.5166 88.50351 2.183324 90.301781 0.847844 1.656741 0.278193 -10.643124 -0.043869 1.192937 13.549817 -1.589636 -1.332438 31.775076 3.102501 2.463218 -2.63859 -0.731039 -1.836106 -33.42347 1.255649 -2.537854 6e-06 -0.0 -0.0 0.02965 0.00099 -0.007724 -0.005647 -0.059688 -0.01498 0.017888 0.062454 0.00825 -123.901077 -63.37096 145.375656 12.953571 -55.728592 -0.636111 71.436028 0.802857 0.276853 -0.430382 5.80569 1.302219 17.636625 -26.322733 52.411186 -19.46666 -14.395592 29.410389 -0.0 -8.774819 -1e-06 15.847168 -18.326883 6.619392 -0.609778 -1.795653 -3.889326 -4.807087 -11.046811 -2.937849 3e-06 -20.976015 1e-06 -5.019971 -25.03356 -4.031877 5e-06 -1e-06 -1e-06 -10.634534 -5.686969 -3.565587 10.573271 -17.922947 -3.113899 1e-06 -13.821209 2e-06 -0.501781 -31.181501 -4.027014 -12.037518 -60.151699 7.713176 -13.982715 -7.150198 -2.87504 13.772731 -8.401491 -3.218241 0.347732 -34.211544 0.771658 -0.963031 -17.733372 2.621018 1e-06 0.0 -0.0 -17.346413 -20.095215 -4.20178 21.757555 -1.638374 3.866427 0.0 -6.338822 1e-06 -1.697591 -22.591743 -6.194004 -2e-06 -6e-06 -3e-06 63.939968 -77.09697 133.012985 42.726585 -61.504974 -31.659761 26.787006 0.031839 -0.062742 5.249687 6.345932 5.85382 22.182119 -20.375895 49.933319 -16.701811 -16.743528 28.47653 -2e-06 -12.690601 -1e-06 16.055815 -17.8538 2.620022 -0.10592 -1.513854 -4.275882 -5.03904 -5.61287 -2.953557 3e-06 -11.020521 -1e-06 -6.111298 -15.89533 -3.84047 -2e-06 -0.0 -0.0 -10.283369 -5.680287 -4.341839 11.028295 -11.302404 -2.372633 -1.384269 -14.238579 -6.32012 -0.62544 -26.924187 -3.827599 -4.317523 -49.252949 -3.86128 -13.708525 -7.363474 -3.720939 18.141148 -14.052739 -3.242674 7e-06 -18.78727 -1e-06 -0.429711 -8.456043 2.555504 2e-06 1e-06 1e-06 -15.923532 -20.094481 -5.473586 30.419207 -7.190824 1.735926 2e-06 -8.162926 1e-06 -1.861903 -22.861467 -6.167943 1e-06 -4e-06 -1e-06 -174.992691 -7.13478 4.451714 8.847913 0.062205 -0.126517 -79.8685 1.398073 -4.570874 -5.409897 1.543232 2.192075 -1.0 -0.0 0.0 5.077277 2.584104 -5.406487 10.012675 -0.056655 0.002221 -79.244247 -7.583234 -3.622862 -4.503757 0.725429 1.69931 -1.000001 -0.0 0.0 
0.0 0.0 0.0 0.0 -0.0 0.0 -0.039173 100.147522 2.599529 88.511253 2.143064 90.479874 0.698183 1.57245 0.314339 -10.688817 -0.024837 1.253393 13.502761 -1.72884 -1.297849 31.815868 3.307705 2.462588 -2.659711 -0.664408 -1.68241 -33.161102 1.661494 -2.563214 6e-06 -0.0 -0.0 0.035481 0.001233 -0.016808 -0.015545 -0.064994 -0.024803 0.010152 0.068233 0.001096 -125.098167 -62.575005 146.602005 13.613487 -54.842487 -1.947569 81.16259 0.423491 0.086364 2.026846 10.11595 -1.853941 17.636629 -26.322735 52.411198 -19.466661 -14.395597 29.410389 -0.0 -8.774821 -2e-06 16.167816 -18.167316 6.417269 -0.609776 -1.795653 -3.889328 -4.807087 -11.04681 -2.93785 3e-06 -20.976017 1e-06 -5.019972 -25.03356 -4.03188 6e-06 0.0 -0.0 -10.634535 -5.68697 -3.565588 10.573272 -17.922951 -3.1139 4e-06 -13.821208 1e-06 -0.501774 -31.181505 -4.027016 -12.07159 -59.971554 7.940819 -13.982712 -7.150196 -2.875043 13.77273 -8.401493 -3.218241 0.347735 -34.211555 0.771655 -0.963029 -17.73337 2.62102 -1e-06 -1e-06 -1e-06 -17.34642 -20.095217 -4.201782 21.757561 -1.638376 3.866428 1e-06 -6.338824 1e-06 -1.697591 -22.591749 -6.194005 0.0 -0.0 -3e-06 62.665443 -76.804153 134.26416 41.796566 -61.371738 -31.636562 26.545868 0.118798 -0.072315 5.69644 6.461593 6.382318 22.182117 -20.375898 49.933323 -16.701813 -16.743528 28.476532 -3e-06 -12.690603 -1e-06 16.06159 -17.811245 2.617506 -0.105922 -1.513857 -4.275882 -5.039039 -5.612872 -2.953557 3e-06 -11.020526 -2e-06 -6.111298 -15.895334 -3.840471 -0.0 -1e-06 0.0 -10.283372 -5.680289 -4.34184 11.028297 -11.302407 -2.372634 -1.384268 -14.238583 -6.320121 -0.625437 -26.924194 -3.827602 -4.231398 -49.07909 -3.86505 -13.708527 -7.363477 -3.72094 18.141151 -14.052742 -3.242675 7e-06 -18.787271 -2e-06 -0.42971 -8.456042 2.555502 1e-06 -1e-06 1e-06 -15.923536 -20.094484 -5.473584 30.419214 -7.190827 1.735924 4e-06 -8.162928 0.0 -1.861902 -22.861473 -6.167942 -1e-06 -4e-06 -1e-06 -174.91153 -7.176853 4.594905 8.633732 0.058117 -0.138524 -79.748665 1.457607 -4.760464 -5.54941 1.57586 2.200406 -1.0 0.0 0.0 5.254405 2.616464 -5.584415 9.665314 -0.065417 0.01697 -79.113396 -7.607328 -3.525772 -4.500843 0.697744 1.695471 -1.000001 -0.0 -0.0 
0.0 0.0 0.0 0.0 -0.0 0.0 -0.08086 100.146927 2.709988 88.575218 2.147272 90.723122 0.553134 1.475653 0.359319 -10.736902 0.011632 1.310985 13.491898 -1.959938 -1.275111 31.730635 3.505547 2.514602 -2.677437 -0.630261 -1.616825 -32.998989 2.08335 -2.643165 6e-06 -0.0 0.0 0.037203 0.001039 -0.023242 -0.024082 -0.067836 -0.03033 0.001646 0.070687 -0.005281 -126.219887 -61.713402 147.707153 15.549016 -53.740852 -3.702758 91.5084 0.157315 -0.118804 4.881343 14.453171 -1.825036 17.636635 -26.322733 52.41119 -19.466661 -14.395597 29.410385 0.0 -8.774821 -3e-06 16.435431 -17.955862 6.088264 -0.609776 -1.795655 -3.889328 -4.80709 -11.046811 -2.93785 4e-06 -20.976015 -0.0 -5.019972 -25.03356 -4.031881 7e-06 1e-06 -1e-06 -10.634535 -5.686974 -3.565588 10.573275 -17.922951 -3.113901 3e-06 -13.821209 1e-06 -0.501778 -31.181501 -4.027016 -12.008868 -59.781342 7.986901 -13.982713 -7.150198 -2.875041 13.77273 -8.401493 -3.218242 0.347732 -34.211555 0.771655 -0.96303 -17.73337 2.621019 -0.0 -1e-06 0.0 -17.346422 -20.095219 -4.20178 21.757563 -1.638374 3.866428 1e-06 -6.338824 1e-06 -1.69759 -22.591743 -6.194007 -0.0 -5e-06 -2e-06 61.550919 -76.444519 135.403992 40.731956 -61.690796 -31.400148 26.267548 0.300117 -0.107002 6.067607 6.581366 6.850739 22.182117 -20.375898 49.933319 -16.701813 -16.74353 28.476532 -2e-06 -12.690602 -1e-06 16.074638 -17.733376 2.602541 -0.105917 -1.513855 -4.275882 -5.039039 -5.612871 -2.953557 3e-06 -11.020523 -1e-06 -6.1113 -15.89533 -3.84047 -1e-06 -0.0 -0.0 -10.283367 -5.680285 -4.341838 11.028292 -11.302403 -2.372633 -1.38427 -14.238577 -6.320119 -0.625439 -26.924187 -3.8276 -4.171974 -48.918365 -3.845262 -13.708525 -7.363475 -3.720938 18.141148 -14.052739 -3.242674 7e-06 -18.78727 -1e-06 -0.429711 -8.456041 2.555504 0.0 0.0 1e-06 -15.923536 -20.094481 -5.473585 30.41921 -7.190825 1.735925 2e-06 -8.162925 0.0 -1.861903 -22.861467 -6.167942 -1e-06 -3e-06 -1e-06 -174.882782 -7.144644 4.811431 8.61837 0.042391 -0.132938 -79.705444 1.477671 -4.974024 -5.64748 1.5917 2.203894 -0.999999 -0.0 -0.0 5.457805 2.597145 -5.783685 9.431005 -0.07864 0.045642 -79.106979 -7.718713 -3.47062 -4.457129 0.670398 1.691669 -1.000002 -0.0 0.0 
0.0 0.0 0.0 0.0 -0.0 0.0 -0.133462 100.133789 2.850122 88.647484 2.20683 91.038475 0.428388 1.376272 0.390751 -10.776095 0.044734 1.338426 13.487774 -2.217905 -1.291262 31.562048 3.657885 2.585057 -2.691705 -0.638633 -1.557458 -32.904793 2.489532 -2.755595 6e-06 -0.0 0.0 0.034611 -0.000587 -0.032404 -0.030069 -0.066593 -0.035983 -0.001668 0.065965 -0.018182 -126.956963 -61.034851 148.26947 18.698002 -52.716908 -5.958227 101.738144 0.074906 -0.207796 8.514622 17.887066 2.13875 17.636631 -26.322733 52.411194 -19.466665 -14.3956 29.410393 -0.0 -8.774822 -1e-06 16.466825 -17.899532 5.652752 -0.609776 -1.795654 -3.889328 -4.807089 -11.046811 -2.937849 4e-06 -20.976019 0.0 -5.019971 -25.033558 -4.03188 7e-06 -2e-06 0.0 -10.634535 -5.686971 -3.565587 10.573275 -17.922951 -3.113901 2e-06 -13.821209 1e-06 -0.501779 -31.181505 -4.027014 -11.884821 -59.555904 7.778271 -13.982716 -7.150199 -2.875041 13.772733 -8.401493 -3.218242 0.347733 -34.211555 0.771656 -0.96303 -17.73337 2.621021 0.0 -1e-06 -0.0 -17.34642 -20.095217 -4.20178 21.757561 -1.638376 3.866427 1e-06 -6.338824 1e-06 -1.69759 -22.591747 -6.194005 0.0 -3e-06 -2e-06 60.721992 -76.059883 136.29715 39.524002 -62.431473 -30.801146 25.932621 0.452125 -0.164003 6.254691 6.520134 7.081217 22.182119 -20.375898 49.933327 -16.701813 -16.74353 28.476532 -2e-06 -12.690602 -1e-06 16.090992 -17.653778 2.580859 -0.10592 -1.513854 -4.275882 -5.039042 -5.612873 -2.953557 3e-06 -11.020525 -1e-06 -6.1113 -15.895334 -3.840472 -0.0 0.0 0.0 -10.283371 -5.680287 -4.341839 11.028295 -11.302407 -2.372633 -1.384266 -14.238583 -6.320123 -0.625437 -26.924194 -3.827601 -4.124102 -48.768501 -3.878812 -13.708526 -7.363474 -3.72094 18.141146 -14.052742 -3.242674 8e-06 -18.78727 -2e-06 -0.429712 -8.456046 2.555504 1e-06 -1e-06 -0.0 -15.923536 -20.094482 -5.473586 30.419214 -7.190827 1.735927 4e-06 -8.162927 -1e-06 -1.861904 -22.861469 -6.167942 2e-06 -5e-06 -2e-06 -174.882217 -7.104896 5.058017 8.774318 0.018802 -0.105113 -79.747551 1.530985 -5.222683 -5.681075 1.582224 2.20198 -0.999999 -0.0 0.0 5.700308 2.583255 -6.005089 9.298052 -0.09321 0.075183 -79.168831 -7.89348 -3.428977 -4.409994 0.655944 1.691623 -1.000002 0.0 0.0 
0.0 0.0 0.0 0.0 -0.0 0.0 -0.19457 100.115952 3.011074 88.701965 2.308347 91.399384 0.325268 1.272044 0.396238 -10.806747 0.044436 1.333304 13.462037 -2.431174 -1.365252 31.346266 3.7265 2.681184 -2.69497 -0.666273 -1.507364 -32.857224 2.846751 -2.901631 6e-06 -0.0 0.0 0.03465 -0.004576 -0.044828 -0.026354 -0.06294 -0.043963 0.006717 0.053969 -0.03595 -127.200363 -60.745354 148.124222 22.852034 -51.821693 -9.103698 111.181763 -0.128678 -0.189097 12.476037 19.310776 9.931326 17.636633 -26.322731 52.41119 -19.466656 -14.395597 29.410381 0.0 -8.774822 -2e-06 16.43449 -17.584276 5.053398 -0.609777 -1.795654 -3.889327 -4.807088 -11.046809 -2.93785 2e-06 -20.976015 1e-06 -5.019974 -25.033558 -4.031879 6e-06 2e-06 0.0 -10.634536 -5.68697 -3.565586 10.573274 -17.922949 -3.113899 0.0 -13.821208 1e-06 -0.50178 -31.181505 -4.027014 -11.547192 -59.128899 7.350609 -13.982716 -7.150198 -2.875041 13.772732 -8.401489 -3.21824 0.347728 -34.211544 0.77166 -0.963028 -17.73337 2.62102 -0.0 0.0 -1e-06 -17.346422 -20.095217 -4.201779 21.757563 -1.638374 3.866428 0.0 -6.338824 1e-06 -1.697591 -22.591745 -6.194007 -1e-06 -6e-06 -2e-06 60.060074 -75.702446 137.117859 38.292881 -63.398438 -29.779638 25.405924 0.483301 -0.223867 6.228959 6.139869 7.1975 22.182121 -20.375893 49.933323 -16.701817 -16.74353 28.476532 -3e-06 -12.690605 -1e-06 16.150866 -17.592829 2.546494 -0.10592 -1.513855 -4.275882 -5.039042 -5.61287 -2.953556 3e-06 -11.020525 -2e-06 -6.111299 -15.895332 -3.840471 -1e-06 -1e-06 -0.0 -10.283371 -5.680287 -4.341838 11.028294 -11.302406 -2.372633 -1.384266 -14.238581 -6.320122 -0.625438 -26.924191 -3.827603 -4.056466 -48.684547 -3.993382 -13.708529 -7.363474 -3.720939 18.141157 -14.052739 -3.242676 6e-06 -18.78727 -3e-06 -0.42971 -8.456042 2.555503 0.0 -0.0 2e-06 -15.923539 -20.094482 -5.473587 30.419218 -7.190826 1.735927 4e-06 -8.162926 0.0 -1.861905 -22.861469 -6.167941 1e-06 -3e-06 -1e-06 -174.932144 -7.084907 5.272646 9.122336 -0.011388 -0.061119 -79.864723 1.657647 -5.418781 -5.668054 1.562768 2.199354 -1.0 0.0 0.0 5.97319 2.596744 -6.250142 9.228699 -0.104127 0.084164 -79.240021 -8.052087 -3.391998 -4.366454 0.642119 1.693226 -1.000001 0.0 -0.0 
0.0 0.0 0.0 0.0 -0.0 0.0 -0.253123 100.09446 3.187765 88.72139 2.447749 91.762726 0.236419 1.155626 0.376527 -10.826159 0.008326 1.291824 13.410509 -2.559954 -1.454423 31.120249 3.752626 2.790226 -2.684344 -0.67459 -1.513845 -32.807919 3.109496 -3.006472 6e-06 -0.0 0.0 0.04366 -0.006955 -0.051519 -0.012543 -0.059704 -0.049028 0.024701 0.045617 -0.044657 -127.007439 -60.890804 147.399796 27.50493 -50.963924 -13.150019 119.407036 -0.633547 -0.104845 15.35182 18.620684 18.982969 17.636629 -26.322731 52.41119 -19.466658 -14.3956 29.410385 -0.0 -8.774822 -2e-06 16.428658 -16.941496 4.597724 -0.609775 -1.795653 -3.889328 -4.807092 -11.046811 -2.937849 4e-06 -20.976015 1e-06 -5.01997 -25.033556 -4.03188 7e-06 -2e-06 -0.0 -10.634535 -5.686972 -3.565587 10.573274 -17.922947 -3.113901 2e-06 -13.821205 1e-06 -0.50178 -31.181498 -4.027012 -11.18464 -58.786354 7.058289 -13.982714 -7.150198 -2.87504 13.772728 -8.401489 -3.21824 0.347731 -34.211544 0.771657 -0.963029 -17.733366 2.621018 -1e-06 -0.0 1e-06 -17.346424 -20.095215 -4.201782 21.757563 -1.638375 3.866429 0.0 -6.338822 1e-06 -1.697592 -22.591742 -6.194005 -2e-06 -4e-06 -3e-06 59.330315 -75.32579 138.139786 37.182266 -64.335945 -28.420176 24.561928 0.401101 -0.266634 5.949691 5.401815 7.7521 22.182108 -20.375891 49.933319 -16.701811 -16.74353 28.47653 -3e-06 -12.690601 -1e-06 16.276587 -17.561626 2.486893 -0.105919 -1.513856 -4.275882 -5.039041 -5.61287 -2.953556 5e-06 -11.020523 -2e-06 -6.111298 -15.89533 -3.840471 -0.0 -1e-06 -0.0 -10.283369 -5.680288 -4.341838 11.028293 -11.302402 -2.372632 -1.384269 -14.238579 -6.32012 -0.625437 -26.924185 -3.827602 -4.010098 -48.702286 -4.108009 -13.708524 -7.363474 -3.72094 18.141146 -14.052738 -3.242674 7e-06 -18.787266 -4e-06 -0.42971 -8.456041 2.555504 2e-06 -0.0 2e-06 -15.923532 -20.094482 -5.473585 30.419207 -7.190825 1.735924 2e-06 -8.162925 0.0 -1.861899 -22.861469 -6.167944 0.0 -1e-06 -1e-06 -175.03595 -7.099783 5.445116 9.675673 -0.038102 -0.015583 -80.067467 1.887212 -5.507535 -5.614446 1.545561 2.196874 -1.0 0.0 0.0 6.309231 2.643049 -6.534221 9.133134 -0.105104 0.057019 -79.283272 -8.128628 -3.366753 -4.315469 0.634779 1.699121 -1.000002 -0.0 -0.0 
0.0 0.0 0.0 0.0 -0.0 0.0 -0.311177 100.055122 3.388885 88.6968 2.631896 92.177345 0.168205 1.042038 0.342419 -10.84271 -0.048218 1.227824 13.347714 -2.603919 -1.561335 30.880966 3.814557 2.870636 -2.652667 -0.690177 -1.525625 -32.747059 3.255805 -3.090885 6e-06 0.0 0.0 0.060529 -0.005696 -0.039359 0.005757 -0.051189 -0.037945 0.045935 0.039111 -0.031683 -126.622025 -61.348949 146.363403 32.189617 -50.078121 -17.70171 126.24807 -1.184804 -0.013292 17.004225 16.311703 26.64922 17.636625 -26.322733 52.411201 -19.466665 -14.395597 29.410395 -1e-06 -8.774822 -3e-06 16.411516 -16.505192 4.527462 -0.609778 -1.795654 -3.889329 -4.807087 -11.046813 -2.937852 5e-06 -20.976021 -2e-06 -5.019971 -25.03356 -4.031884 6e-06 -3e-06 -1e-06 -10.634537 -5.686974 -3.565588 10.57328 -17.922955 -3.113903 1e-06 -13.821212 2e-06 -0.501773 -31.181505 -4.027018 -11.085519 -58.817265 7.066723 -13.982718 -7.150198 -2.875043 13.772734 -8.401492 -3.218245 0.347737 -34.211559 0.771652 -0.963026 -17.733376 2.621019 -3e-06 2e-06 -0.0 -17.346424 -20.095221 -4.201782 21.757566 -1.638376 3.866427 -1e-06 -6.338824 -1e-06 -1.697589 -22.591749 -6.194007 1e-06 -5e-06 -2e-06 58.326721 -74.872063 139.565903 36.071693 -65.078156 -26.660141 23.454453 0.274283 -0.292985 5.388733 4.341821 8.826949 22.182114 -20.375898 49.933323 -16.701811 -16.74353 28.47653 -2e-06 -12.6906 -1e-06 16.411943 -17.552223 2.421577 -0.105922 -1.513854 -4.275882 -5.039038 -5.61287 -2.953557 4e-06 -11.02052 -1e-06 -6.111299 -15.895329 -3.840469 0.0 -0.0 0.0 -10.283369 -5.680286 -4.341839 11.028293 -11.302403 -2.372632 -1.384267 -14.238579 -6.32012 -0.625441 -26.924183 -3.827599 -3.969891 -48.76263 -4.205786 -13.708524 -7.363473 -3.720941 18.141146 -14.052738 -3.242671 4e-06 -18.787268 -1e-06 -0.429713 -8.456041 2.555504 0.0 -1e-06 0.0 -15.923536 -20.094481 -5.473585 30.41921 -7.190824 1.735926 3e-06 -8.162926 1e-06 -1.861904 -22.861469 -6.16794 -0.0 -4e-06 -2e-06 -175.154037 -7.175987 5.578708 10.359215 -0.058197 0.018995 -80.395149 2.240183 -5.579777 -5.50005 1.521113 2.19384 -0.999999 -0.0 0.0 6.784451 2.741637 -6.855662 8.870161 -0.10224 0.02235 -79.312149 -8.175355 -3.373134 -4.233788 0.63701 1.709934 -1.0 -0.0 0.0 
0.0 0.0 0.0 0.0 -0.0 0.0 -0.357152 99.984726 3.60942 88.620842 2.833063 92.619377 0.102115 0.953577 0.308885 -10.875303 -0.115013 1.150641 13.29605 -2.575441 -1.693664 30.607038 3.973223 2.895853 -2.599393 -0.719981 -1.476737 -32.628826 3.269147 -3.157228 5e-06 -0.0 0.0 0.078717 -0.00212 -0.014817 0.017467 -0.039374 -0.016272 0.061535 0.033965 -0.00451 -126.39801 -61.944607 145.453064 36.287033 -49.220791 -22.124561 131.363159 -1.555727 0.01768 18.012592 13.320328 31.630657 17.636635 -26.322744 52.411213 -19.466665 -14.395598 29.410395 -1e-06 -8.774822 -4e-06 16.438267 -16.499117 4.724284 -0.609776 -1.795654 -3.889329 -4.807088 -11.046813 -2.93785 4e-06 -20.976023 -1e-06 -5.019972 -25.033562 -4.031881 6e-06 -0.0 0.0 -10.634535 -5.686971 -3.565588 10.573277 -17.922955 -3.113898 3e-06 -13.821215 0.0 -0.501778 -31.181511 -4.027016 -11.144669 -59.043873 7.141052 -13.982715 -7.150198 -2.875041 13.772731 -8.401495 -3.21824 0.347739 -34.211555 0.771652 -0.963028 -17.733372 2.621022 0.0 -1e-06 -1e-06 -17.34642 -20.095221 -4.201781 21.757561 -1.638377 3.866428 0.0 -6.338828 0.0 -1.697588 -22.591751 -6.194007 2e-06 -3e-06 -3e-06 56.792381 -74.286156 141.586426 34.845226 -65.481407 -24.566328 22.16423 0.17162 -0.31929 4.664693 3.207118 10.171288 22.182108 -20.375895 49.933319 -16.701807 -16.743528 28.476528 -3e-06 -12.690598 -1e-06 16.496382 -17.577299 2.395159 -0.105919 -1.513855 -4.275881 -5.039041 -5.612873 -2.953557 3e-06 -11.020525 -2e-06 -6.111298 -15.895334 -3.840469 0.0 0.0 -0.0 -10.283369 -5.680286 -4.341839 11.02829 -11.302404 -2.372631 -1.384269 -14.238578 -6.32012 -0.625438 -26.924185 -3.8276 -3.935624 -48.863255 -4.271737 -13.708522 -7.363475 -3.72094 18.141146 -14.052738 -3.242674 7e-06 -18.78727 -2e-06 -0.429711 -8.456043 2.555503 0.0 -1e-06 1e-06 -15.92353 -20.094481 -5.473586 30.419205 -7.190826 1.735925 1e-06 -8.162926 -0.0 -1.861902 -22.861469 -6.167939 2e-06 -4e-06 -1e-06 -175.1978 -7.323897 5.649866 10.943488 -0.074758 0.036432 -80.865601 2.688092 -5.66728 -5.357848 1.4966 2.188842 -0.999998 -0.0 0.0 7.391704 2.896655 -7.127534 8.368264 -0.100877 0.000409 -79.35865 -8.276871 -3.45474 -4.113077 0.645022 1.720821 -1.000002 0.0 -0.0 
0.0 0.0 0.0 0.0 -0.0 0.0 -0.37904 99.896698 3.821672 88.545601 3.011847 92.981659 0.015529 0.872071 0.28115 -10.917671 -0.178852 1.061056 13.262605 -2.514544 -1.817748 30.263083 4.209696 2.888089 -2.547935 -0.776852 -1.386715 -32.408001 3.193359 -3.195802 6e-06 -0.0 -0.0 0.089557 0.001388 0.008947 0.027975 -0.029727 0.005826 0.077258 0.031062 0.021156 -126.581947 -62.491074 145.047104 39.302624 -48.557114 -25.88242 134.684006 -1.742829 0.032886 18.851534 10.738136 34.33643 17.636625 -26.322723 52.411194 -19.46666 -14.395597 29.410385 -1e-06 -8.774819 -2e-06 16.491297 -16.717808 4.964854 -0.609776 -1.795653 -3.889325 -4.807088 -11.046809 -2.937851 7e-06 -20.976015 -3e-06 -5.019967 -25.033552 -4.03188 6e-06 2e-06 -2e-06 -10.634534 -5.68697 -3.565587 10.573275 -17.922945 -3.1139 5e-06 -13.821205 -1e-06 -0.501775 -31.181498 -4.027016 -11.150618 -59.28331 7.084683 -13.982713 -7.150198 -2.875041 13.772727 -8.401489 -3.218241 0.347736 -34.211544 0.771652 -0.963028 -17.733366 2.621018 1e-06 -0.0 -0.0 -17.346413 -20.095213 -4.201783 21.757557 -1.638377 3.866425 1e-06 -6.338824 2e-06 -1.697585 -22.591743 -6.194007 -2e-06 -3e-06 -2e-06 54.908798 -73.597488 143.857269 33.392578 -65.648186 -22.258062 20.823862 0.13223 -0.331596 3.973455 2.360989 11.350817 22.182117 -20.375898 49.933327 -16.701815 -16.743528 28.476534 -3e-06 -12.690601 -1e-06 16.529524 -17.642786 2.393203 -0.105917 -1.513856 -4.275883 -5.039041 -5.612872 -2.953556 4e-06 -11.020527 -2e-06 -6.111298 -15.895334 -3.840471 -0.0 2e-06 -0.0 -10.283369 -5.680288 -4.341839 11.028296 -11.302407 -2.372634 -1.384269 -14.238581 -6.320121 -0.625436 -26.924191 -3.827601 -3.889003 -48.960106 -4.315153 -13.708524 -7.363477 -3.720941 18.14115 -14.052739 -3.242674 8e-06 -18.787271 -2e-06 -0.429712 -8.456043 2.555505 1e-06 -1e-06 1e-06 -15.923532 -20.094482 -5.473586 30.41921 -7.190827 1.735926 3e-06 -8.162927 -1e-06 -1.861901 -22.861479 -6.167942 0.0 -2e-06 -1e-06 -175.123322 -7.465845 5.691578 11.278167 -0.08293 0.032293 -81.364059 3.061893 -5.751675 -5.244578 1.490072 2.186638 -1.0 -0.0 -0.0 8.02562 3.035782 -7.262403 7.740931 -0.097885 -0.001616 -79.441132 -8.440039 -3.5444 -4.018508 0.651556 1.726716 -1.000002 -0.0 -0.0 
0.0 0.0 0.0 0.0 -0.0 0.0 -0.362609 99.836197 3.998682 88.482216 3.109324 93.105003 -0.088757 0.810407 0.260093 -10.945527 -0.222999 0.975822 13.218635 -2.443869 -1.898723 29.827005 4.390989 2.877351 -2.518696 -0.806337 -1.338561 -32.128242 3.088668 -3.170262 6e-06 0.0 -0.0 0.089633 0.002878 0.025201 0.039183 -0.026011 0.022335 0.092984 0.030302 0.037377 -126.974174 -62.896732 145.063049 41.095135 -48.304646 -28.740767 136.306458 -1.826593 0.041161 19.27066 9.147429 35.540775 17.636637 -26.322744 52.411213 -19.466665 -14.3956 29.410393 -1e-06 -8.774822 -4e-06 16.500912 -16.909237 5.100101 -0.609777 -1.795654 -3.889329 -4.807091 -11.046813 -2.937853 2e-06 -20.976019 1e-06 -5.019976 -25.033558 -4.031882 6e-06 -0.0 1e-06 -10.634537 -5.686972 -3.56559 10.573275 -17.922956 -3.113901 0.0 -13.821212 0.0 -0.501775 -31.181511 -4.027018 -11.104423 -59.401897 6.969707 -13.982716 -7.150201 -2.875046 13.772731 -8.401492 -3.218242 0.347737 -34.211555 0.771653 -0.963028 -17.733372 2.62102 -0.0 -1e-06 -0.0 -17.346422 -20.095221 -4.201784 21.757563 -1.638374 3.866428 1e-06 -6.338825 0.0 -1.697591 -22.591753 -6.194006 -2e-06 -5e-06 -2e-06 53.251591 -73.00824 145.739456 31.933775 -65.732414 -20.136963 19.6901 0.131509 -0.311866 3.339278 1.813649 12.477107 22.182112 -20.375887 49.933308 -16.701811 -16.743525 28.476528 -3e-06 -12.690598 -1e-06 16.580814 -17.722137 2.368456 -0.105919 -1.513856 -4.27588 -5.039041 -5.61287 -2.953556 4e-06 -11.020523 -4e-06 -6.111297 -15.89533 -3.840471 -0.0 1e-06 1e-06 -10.283368 -5.680288 -4.341836 11.028294 -11.302402 -2.372633 -1.384269 -14.238575 -6.32012 -0.625438 -26.924183 -3.827601 -3.85653 -49.050137 -4.351245 -13.708521 -7.363477 -3.720938 18.141146 -14.052738 -3.242674 7e-06 -18.78727 -2e-06 -0.429711 -8.456043 2.555505 -0.0 0.0 1e-06 -15.923532 -20.094482 -5.473584 30.419207 -7.190826 1.735926 2e-06 -8.162925 -1e-06 -1.861901 -22.861467 -6.167942 -1e-06 -3e-06 -3e-06 -174.966476 -7.553041 5.670619 11.349284 -0.081498 0.012943 -81.696114 3.231539 -5.83778 -5.178286 1.487297 2.183817 -1.000001 0.0 -0.0 8.523582 3.112004 -7.17949 7.15036 -0.088513 -0.004113 -79.440506 -8.577415 -3.59156 -3.993149 0.66344 1.727535 -1.000003 -0.0 0.0 
0.0 0.0 0.0 0.0 -0.0 0.0 -0.305996 99.812927 4.118544 88.423744 3.095857 92.941879 -0.1926 0.774831 0.243419 -10.962955 -0.241858 0.908577 13.158566 -2.37028 -1.928876 29.326267 4.470527 2.870595 -2.518825 -0.809448 -1.316114 -31.908913 2.969535 -3.102791 6e-06 -0.0 0.0 0.080105 0.002031 0.031636 0.04355 -0.02558 0.029546 0.098348 0.028341 0.042715 -127.302956 -63.195007 145.173065 41.86277 -48.506187 -30.768633 136.689346 -1.861832 0.030119 19.086233 8.351152 35.720936 17.636641 -26.322744 52.411213 -19.46666 -14.395602 29.410395 1e-06 -8.774824 -2e-06 16.45834 -16.976488 5.066862 -0.609776 -1.795654 -3.889329 -4.807094 -11.046816 -2.93785 -0.0 -20.976021 3e-06 -5.019974 -25.033562 -4.031883 6e-06 -1e-06 1e-06 -10.634539 -5.686973 -3.565589 10.573278 -17.922958 -3.1139 -1e-06 -13.821214 3e-06 -0.501779 -31.181522 -4.027015 -11.070761 -59.332897 6.896053 -13.982719 -7.150202 -2.875046 13.772735 -8.401493 -3.218241 0.347734 -34.211571 0.771656 -0.96303 -17.733379 2.621022 1e-06 -0.0 0.0 -17.34643 -20.095224 -4.20178 21.757566 -1.638377 3.866431 2e-06 -6.338826 1e-06 -1.697595 -22.591753 -6.194005 -1e-06 -4e-06 -1e-06 52.102566 -72.643585 146.976364 30.706806 -65.776543 -18.278912 18.938299 0.174352 -0.267556 2.745269 1.411795 13.411203 22.182119 -20.375893 49.933311 -16.701815 -16.743528 28.476532 -3e-06 -12.690602 0.0 16.632263 -17.7782 2.328095 -0.105919 -1.513857 -4.275881 -5.039041 -5.612873 -2.953557 4e-06 -11.020525 -2e-06 -6.111297 -15.895334 -3.840472 0.0 -1e-06 0.0 -10.283371 -5.680288 -4.341837 11.028296 -11.302406 -2.372633 -1.384269 -14.238582 -6.320121 -0.625437 -26.924191 -3.827602 -3.836374 -49.112213 -4.417881 -13.708525 -7.363475 -3.720939 18.141151 -14.052739 -3.242675 6e-06 -18.78727 -3e-06 -0.429712 -8.456045 2.555502 -1e-06 0.0 1e-06 -15.923536 -20.094484 -5.473583 30.41921 -7.190827 1.735925 4e-06 -8.162925 -1e-06 -1.861902 -22.861473 -6.167944 -0.0 -2e-06 -2e-06 -174.803741 -7.57359 5.579768 11.23783 -0.076112 -0.006662 -81.844879 3.169719 -5.918285 -5.146217 1.485686 2.180563 -1.0 0.0 0.0 8.732417 3.114491 -6.914194 6.812266 -0.080294 -0.001607 -79.384758 -8.630358 -3.591573 -4.030392 0.679534 1.724299 -1.000003 0.0 0.0 
0.0 0.0 0.0 0.0 -0.0 0.0 -0.221733 99.824165 4.16278 88.366997 3.002212 92.546951 -0.240523 0.763395 0.214695 -10.958273 -0.244563 0.843532 13.062036 -2.294581 -1.909162 28.790306 4.469013 2.890285 -2.533279 -0.797218 -1.308076 -31.86244 2.827946 -3.011533 6e-06 0.0 0.0 0.071495 -0.00031 0.029344 0.039078 -0.025241 0.026823 0.092209 0.023522 0.039808 -127.345436 -63.466076 145.049271 41.79332 -49.188862 -31.997679 136.49437 -1.820826 -0.012532 18.270758 8.058439 34.83363 17.636631 -26.322729 52.411198 -19.466663 -14.395598 29.410395 -1e-06 -8.774822 -3e-06 16.435558 -16.941196 4.908464 -0.609775 -1.795653 -3.889328 -4.80709 -11.046812 -2.937854 4e-06 -20.976015 0.0 -5.019971 -25.03356 -4.031882 6e-06 0.0 1e-06 -10.634537 -5.686971 -3.565588 10.573275 -17.922951 -3.113901 0.0 -13.821209 2e-06 -0.501775 -31.181505 -4.027018 -11.030152 -59.159576 6.865157 -13.982717 -7.1502 -2.875041 13.772733 -8.401489 -3.218241 0.347734 -34.211555 0.771654 -0.963028 -17.73337 2.621019 -0.0 -0.0 0.0 -17.346422 -20.095221 -4.201784 21.757561 -1.638375 3.866428 0.0 -6.338823 1e-06 -1.697588 -22.591747 -6.194008 -3e-06 -5e-06 -1e-06 51.491806 -72.526764 147.541656 29.768946 -65.785088 -16.738153 18.711945 0.238327 -0.20574 2.265809 1.040812 13.999078 22.182117 -20.375898 49.933327 -16.701815 -16.743528 28.476532 -3e-06 -12.690603 1e-06 16.674267 -17.779825 2.284833 -0.105919 -1.513857 -4.275881 -5.039041 -5.612871 -2.953557 5e-06 -11.020525 -1e-06 -6.111298 -15.895334 -3.84047 -0.0 1e-06 -0.0 -10.283371 -5.680289 -4.34184 11.028296 -11.302406 -2.372633 -1.384269 -14.238581 -6.320123 -0.625439 -26.924191 -3.8276 -3.82141 -49.138107 -4.495597 -13.708524 -7.363476 -3.72094 18.141151 -14.052739 -3.242674 5e-06 -18.78727 -1e-06 -0.429712 -8.456045 2.555504 -0.0 0.0 1e-06 -15.923536 -20.094484 -5.473584 30.419214 -7.190827 1.735925 3e-06 -8.162926 0.0 -1.861903 -22.861473 -6.167941 0.0 -2e-06 -2e-06 -174.678665 -7.546378 5.375878 11.043361 -0.067865 -0.018608 -81.830399 2.939302 -5.984421 -5.111915 1.486198 2.181346 -1.0 -0.0 0.0 8.72846 3.065407 -6.558311 6.614114 -0.076427 0.000974 -79.203598 -8.564708 -3.568888 -4.082779 0.688267 1.718922 -1.000002 0.0 0.0 
0.0 0.0 0.0 0.0 -0.0 0.0 -0.123596 99.864845 4.141117 88.295517 2.876749 91.993477 -0.218369 0.781399 0.175947 -10.929777 -0.238895 0.782895 12.944349 -2.213793 -1.875914 28.290569 4.430056 2.926868 -2.556156 -0.76372 -1.323163 -31.999723 2.692588 -2.894597 5e-06 -0.0 -0.0 0.063501 -0.001871 0.0234 0.026641 -0.025623 0.019383 0.07668 0.020936 0.034215 -127.173286 -63.704395 144.790176 41.020821 -50.116985 -32.461628 136.269897 -1.681919 -0.105638 17.212765 8.023744 33.312695 17.636637 -26.322733 52.411186 -19.466661 -14.395598 29.410389 0.0 -8.774821 -3e-06 16.440891 -16.840525 4.732881 -0.609777 -1.795654 -3.889325 -4.807089 -11.046811 -2.93785 3e-06 -20.976021 2e-06 -5.019974 -25.03356 -4.031886 5e-06 -1e-06 -0.0 -10.634537 -5.686972 -3.565587 10.573276 -17.922951 -3.113899 1e-06 -13.821211 2e-06 -0.50178 -31.181507 -4.027017 -10.95389 -59.043648 6.820488 -13.982718 -7.150201 -2.87504 13.772734 -8.401488 -3.21824 0.347734 -34.211555 0.771654 -0.963029 -17.733372 2.621018 1e-06 1e-06 -1e-06 -17.346426 -20.095221 -4.201782 21.757566 -1.638376 3.866429 1e-06 -6.338825 1e-06 -1.697589 -22.591747 -6.194007 -3e-06 -4e-06 -2e-06 51.231155 -72.579544 147.713791 29.221321 -65.662498 -15.574613 18.959944 0.303771 -0.145521 2.006464 0.800374 14.328578 22.182108 -20.375889 49.933319 -16.701817 -16.74353 28.47653 -3e-06 -12.690602 0.0 16.71092 -17.734158 2.254863 -0.105919 -1.513856 -4.27588 -5.03904 -5.612871 -2.953556 4e-06 -11.020523 -3e-06 -6.111297 -15.89533 -3.840471 -0.0 1e-06 -0.0 -10.283368 -5.680288 -4.341837 11.028294 -11.302404 -2.372633 -1.384269 -14.238577 -6.320122 -0.625438 -26.924185 -3.827601 -3.841386 -49.173134 -4.502198 -13.708524 -7.363477 -3.720938 18.141148 -14.052738 -3.242674 6e-06 -18.787266 -4e-06 -0.429711 -8.456041 2.555502 -0.0 1e-06 -1e-06 -15.923534 -20.094482 -5.473582 30.41921 -7.190826 1.735925 4e-06 -8.162925 -0.0 -1.861903 -22.861469 -6.167944 -0.0 -2e-06 -0.0 -174.569672 -7.510621 5.053095 10.800005 -0.060699 -0.025191 -81.684036 2.635954 -6.053654 -5.089954 1.487093 2.185563 -1.0 0.0 0.0 8.595798 2.999851 -6.198277 6.494531 -0.079131 0.004196 -79.00943 -8.38579 -3.522261 -4.143437 0.69429 1.715249 -1.000003 0.0 0.0 
0.0 0.0 0.0 0.0 -0.0 0.0 -0.030866 99.918274 4.082094 88.211388 2.753633 91.400124 -0.154614 0.818394 0.143482 -10.890916 -0.233003 0.752331 12.856378 -2.126232 -1.882501 27.881424 4.4186 2.940969 -2.581601 -0.726022 -1.348444 -32.241322 2.57539 -2.831857 6e-06 -0.0 -0.0 0.058907 -0.000414 0.020894 0.015282 -0.02634 0.016427 0.059458 0.024814 0.030934 -126.977531 -63.854607 144.626007 39.717087 -50.990833 -32.10392 136.372818 -1.479997 -0.193882 16.398588 8.006184 31.716167 17.636629 -26.322729 52.41119 -19.466661 -14.395598 29.410385 0.0 -8.774821 -2e-06 16.480654 -16.743809 4.639605 -0.609778 -1.795655 -3.889326 -4.807089 -11.046809 -2.937851 5e-06 -20.976015 -3e-06 -5.019973 -25.033554 -4.031878 8e-06 0.0 -0.0 -10.634537 -5.686971 -3.565587 10.573275 -17.922947 -3.1139 3e-06 -13.821209 -0.0 -0.50178 -31.181498 -4.027015 -10.928735 -59.017296 6.818206 -13.982718 -7.150199 -2.875043 13.77273 -8.401489 -3.21824 0.347735 -34.211552 0.771656 -0.963031 -17.73337 2.621019 1e-06 -0.0 0.0 -17.346422 -20.095217 -4.201778 21.757561 -1.638376 3.866425 1e-06 -6.338822 1e-06 -1.69759 -22.591742 -6.194004 1e-06 -4e-06 -3e-06 51.183262 -72.683723 147.650436 29.020628 -65.394035 -14.813709 19.546587 0.351586 -0.101119 2.081039 0.833751 14.40264 22.182114 -20.375898 49.933327 -16.701813 -16.74353 28.476532 -3e-06 -12.6906 -0.0 16.745792 -17.666162 2.247901 -0.105918 -1.513857 -4.275882 -5.039042 -5.612873 -2.953557 4e-06 -11.020525 -3e-06 -6.1113 -15.895332 -3.84047 0.0 -0.0 -1e-06 -10.28337 -5.680289 -4.341839 11.028296 -11.302406 -2.372635 -1.384269 -14.238581 -6.320122 -0.625438 -26.924194 -3.827601 -3.880475 -49.214027 -4.456238 -13.708525 -7.363477 -3.720941 18.141151 -14.052739 -3.242674 5e-06 -18.78727 -2e-06 -0.429712 -8.456043 2.555504 0.0 1e-06 -1e-06 -15.923536 -20.094486 -5.473586 30.419214 -7.190827 1.735927 5e-06 -8.162927 -1e-06 -1.861902 -22.861479 -6.167941 0.0 -3e-06 -1e-06 -174.461548 -7.491858 4.673018 10.528811 -0.052638 -0.030761 -81.477287 2.352018 -6.136363 -5.071317 1.483027 2.190523 -0.999999 -0.0 0.0 8.409384 2.940153 -5.921002 6.428933 -0.08597 0.013671 -78.837654 -8.12878 -3.504598 -4.18333 0.696687 1.71404 -1.000002 -0.0 0.0 
0.0 0.0 0.0 0.0 -0.0 0.0 0.055214 99.96875 4.007238 88.122566 2.645687 90.845612 -0.067497 0.875359 0.117108 -10.846883 -0.227325 0.746372 12.804728 -2.048381 -1.923846 27.593967 4.463248 2.933416 -2.606546 -0.706341 -1.393074 -32.482609 2.479836 -2.870721 7e-06 0.0 0.0 0.059162 0.001645 0.014485 0.005825 -0.029055 0.010238 0.045641 0.03171 0.02289 -126.852814 -63.889893 144.649399 38.025192 -51.723511 -31.04476 136.890564 -1.348426 -0.221405 15.976347 7.832977 30.293039 17.636625 -26.322729 52.411194 -19.466658 -14.395598 29.410385 -0.0 -8.77482 -3e-06 16.529951 -16.699492 4.618554 -0.609776 -1.795653 -3.889329 -4.807087 -11.046811 -2.937852 2e-06 -20.976019 -1e-06 -5.019975 -25.033556 -4.03188 8e-06 1e-06 -1e-06 -10.634535 -5.686972 -3.565588 10.573269 -17.922947 -3.113901 4e-06 -13.821211 -1e-06 -0.501777 -31.181505 -4.027019 -10.939178 -58.99625 6.812953 -13.982716 -7.150198 -2.875041 13.772728 -8.40149 -3.218243 0.347732 -34.211555 0.771654 -0.963029 -17.73337 2.621019 1e-06 -1e-06 0.0 -17.346418 -20.095219 -4.201779 21.757557 -1.638374 3.866428 1e-06 -6.338823 0.0 -1.697592 -22.591747 -6.194006 2e-06 -4e-06 -3e-06 51.228733 -72.800224 147.478546 29.071253 -65.050652 -14.41657 20.346142 0.393112 -0.074321 2.441549 1.194131 14.24952 22.182114 -20.375891 49.933323 -16.701817 -16.74353 28.476532 -3e-06 -12.690603 1e-06 16.773376 -17.584558 2.264385 -0.105919 -1.513856 -4.275882 -5.039042 -5.612871 -2.953556 4e-06 -11.020523 -3e-06 -6.111298 -15.895332 -3.840472 -0.0 1e-06 0.0 -10.283373 -5.680289 -4.341839 11.028296 -11.302406 -2.372633 -1.384271 -14.23858 -6.320121 -0.625438 -26.924191 -3.827603 -3.930738 -49.2565 -4.35424 -13.708527 -7.363476 -3.720939 18.141153 -14.052739 -3.242676 5e-06 -18.78727 -5e-06 -0.429712 -8.456043 2.555504 -0.0 0.0 -0.0 -15.923539 -20.094486 -5.473586 30.419218 -7.190825 1.735925 4e-06 -8.162927 -1e-06 -1.8619 -22.861471 -6.167945 -1e-06 -2e-06 -1e-06 -174.390778 -7.487638 4.28533 10.321907 -0.043523 -0.021411 -81.298828 2.157822 -6.222635 -5.03645 1.479281 2.195263 -0.999999 -0.0 -0.0 8.216829 2.893711 -5.704136 6.386939 -0.089511 0.012631 -78.543602 -7.846416 -3.568898 -4.170672 0.694779 1.714853 -1.000003 -0.0 -0.0 
0.0 0.0 0.0 0.0 -0.0 0.0 0.135608 100.003883 3.922596 88.054245 2.544154 90.339951 0.020107 0.952249 0.115987 -10.807249 -0.214193 0.763719 12.793504 -2.002889 -1.984433 27.404331 4.521031 2.901542 -2.617986 -0.709454 -1.464576 -32.607204 2.398823 -3.041068 6e-06 -0.0 -0.0 0.068059 0.001516 0.003657 0.002724 -0.035191 0.000849 0.037488 0.037589 0.009465 -126.973831 -63.739395 144.995895 36.040977 -52.253494 -29.469261 137.725235 -1.379911 -0.179159 15.936814 7.382876 28.921709 17.636633 -26.322735 52.411201 -19.466665 -14.395598 29.410395 -2e-06 -8.774822 0.0 16.560385 -16.719994 4.645255 -0.609777 -1.795654 -3.88933 -4.807088 -11.046813 -2.937851 6e-06 -20.976019 -1e-06 -5.019967 -25.03356 -4.031884 8e-06 2e-06 -2e-06 -10.634536 -5.686971 -3.565589 10.573276 -17.922951 -3.1139 6e-06 -13.821213 -2e-06 -0.501774 -31.181511 -4.027017 -10.964413 -58.933651 6.815655 -13.982718 -7.150198 -2.875043 13.772734 -8.401493 -3.218241 0.347737 -34.211559 0.771653 -0.963027 -17.73337 2.621018 2e-06 -0.0 1e-06 -17.346422 -20.095217 -4.201785 21.757559 -1.638376 3.866429 3e-06 -6.338825 -1e-06 -1.697586 -22.591745 -6.19401 -1e-06 -2e-06 -1e-06 51.29303 -72.924965 147.291489 29.300406 -64.701828 -14.395228 21.211899 0.44919 -0.072376 2.999563 1.859746 13.880802 22.182114 -20.375898 49.933327 -16.701811 -16.74353 28.476532 -3e-06 -12.690601 1e-06 16.785879 -17.540154 2.29971 -0.105921 -1.513856 -4.275882 -5.03904 -5.612871 -2.953556 4e-06 -11.020524 -3e-06 -6.111297 -15.89533 -3.840469 0.0 -1e-06 -1e-06 -10.28337 -5.680288 -4.341839 11.028294 -11.302405 -2.372631 -1.38427 -14.238579 -6.320121 -0.625439 -26.924191 -3.827601 -3.984492 -49.288494 -4.241419 -13.708526 -7.363476 -3.720939 18.141148 -14.052739 -3.242674 6e-06 -18.787271 -2e-06 -0.429712 -8.456045 2.555503 1e-06 -1e-06 1e-06 -15.923536 -20.094484 -5.473585 30.41921 -7.190827 1.735927 3e-06 -8.162927 -1e-06 -1.861902 -22.861473 -6.167941 -0.0 -4e-06 -2e-06 -174.377869 -7.463441 3.949337 10.208806 -0.038275 -0.002474 -81.198318 2.030201 -6.261318 -4.976779 1.478276 2.198297 -0.999998 -0.0 -0.0 8.041027 2.841572 -5.473687 6.337713 -0.089031 0.001401 -78.359184 -7.664809 -3.650832 -4.128022 0.68097 1.713535 -1.000002 -0.0 0.0 
0.0 0.0 0.0 0.0 -0.0 0.0 0.218609 100.025391 3.841509 88.022995 2.436065 89.880829 0.109925 1.046508 0.14733 -10.781737 -0.185015 0.795704 12.832335 -1.99889 -2.049543 27.26432 4.517562 2.868877 -2.617399 -0.713172 -1.603143 -32.675869 2.317741 -3.309266 6e-06 0.0 -0.0 0.085206 -0.001282 -0.005669 0.009408 -0.045176 -0.005674 0.036446 0.042016 -0.00318 -127.375488 -63.361507 145.661469 33.823185 -52.678349 -27.779942 138.671249 -1.668793 -0.087205 16.142309 6.827051 27.44441 17.636635 -26.322744 52.411213 -19.466658 -14.395598 29.410395 -1e-06 -8.774822 -2e-06 16.518702 -16.784163 4.678509 -0.609776 -1.795654 -3.889327 -4.807089 -11.046811 -2.93785 3e-06 -20.976021 2e-06 -5.019972 -25.033558 -4.031882 7e-06 -0.0 -2e-06 -10.634537 -5.68697 -3.565588 10.573275 -17.922955 -3.113899 5e-06 -13.821212 -0.0 -0.501783 -31.181507 -4.027011 -10.931142 -58.760349 6.787142 -13.982717 -7.150199 -2.875041 13.772731 -8.401493 -3.21824 0.347733 -34.211559 0.771658 -0.963032 -17.733376 2.621024 2e-06 -1e-06 -0.0 -17.34642 -20.095217 -4.201781 21.757561 -1.638379 3.866427 3e-06 -6.338825 1e-06 -1.697588 -22.591749 -6.194005 -1e-06 -2e-06 -2e-06 51.450218 -73.07843 147.040024 29.709818 -64.420921 -14.770272 22.114948 0.517301 -0.095448 3.712103 2.784342 13.305071 22.182114 -20.375904 49.933331 -16.701813 -16.74353 28.476538 -3e-06 -12.6906 0.0 16.787708 -17.542229 2.337759 -0.10592 -1.513856 -4.275882 -5.039041 -5.612871 -2.953557 4e-06 -11.020523 -2e-06 -6.111297 -15.895332 -3.84047 -0.0 -0.0 0.0 -10.283369 -5.680288 -4.341839 11.028294 -11.302407 -2.372633 -1.384268 -14.238583 -6.320121 -0.625439 -26.924192 -3.827599 -4.023728 -49.28146 -4.152888 -13.708521 -7.363475 -3.720941 18.141146 -14.052739 -3.242674 5e-06 -18.787271 -0.0 -0.429711 -8.456045 2.555504 0.0 -1e-06 0.0 -15.923532 -20.094482 -5.473588 30.419214 -7.190826 1.735924 3e-06 -8.162926 -0.0 -1.861901 -22.861473 -6.167937 -1e-06 -2e-06 -2e-06 -174.417099 -7.400868 3.60225 10.164027 -0.038358 0.018247 -81.153687 1.987385 -6.258178 -4.914768 1.481654 2.19922 -0.999999 -0.0 -0.0 7.864179 2.758957 -5.213489 6.280477 -0.089567 -0.017154 -78.254288 -7.568219 -3.699011 -4.065762 0.659738 1.709724 -1.000003 0.0 -0.0 
0.0 0.0 0.0 0.0 -0.0 0.0 0.305037 100.040901 3.768273 88.033241 2.336766 89.473686 0.211881 1.148105 0.18618 -10.763318 -0.143101 0.837117 12.900922 -2.031617 -2.080032 27.182247 4.424589 2.845695 -2.619277 -0.719322 -1.785713 -32.742874 2.243678 -3.585555 5e-06 0.0 -0.0 0.096826 -0.005436 -0.00999 0.01646 -0.055277 -0.006035 0.037455 0.04375 -0.011124 -127.871063 -62.852898 146.395065 31.724422 -53.148418 -26.437315 139.489685 -2.02768 -0.005996 16.31303 6.593427 26.170679 17.636641 -26.322739 52.411201 -19.466665 -14.3956 29.410393 1e-06 -8.774824 -1e-06 16.414246 -16.827831 4.696394 -0.609776 -1.795653 -3.889329 -4.807093 -11.046814 -2.937849 2e-06 -20.976021 1e-06 -5.019978 -25.033562 -4.031881 8e-06 0.0 0.0 -10.634537 -5.686973 -3.565589 10.573275 -17.922955 -3.113899 3e-06 -13.821214 2e-06 -0.501782 -31.181511 -4.027015 -10.837448 -58.531906 6.7133 -13.982718 -7.150199 -2.875043 13.772731 -8.401493 -3.21824 0.347733 -34.211555 0.771655 -0.963031 -17.733376 2.621022 1e-06 -0.0 -0.0 -17.346426 -20.095222 -4.20178 21.757568 -1.638375 3.866428 3e-06 -6.338824 -0.0 -1.697592 -22.591749 -6.194008 -1e-06 -2e-06 -3e-06 51.86784 -73.302696 146.522095 30.241383 -64.323921 -15.330944 22.967724 0.613212 -0.130688 4.414278 3.860059 12.614947 22.182106 -20.375898 49.933327 -16.701813 -16.743528 28.476532 -3e-06 -12.690601 -0.0 16.77973 -17.578938 2.348798 -0.105919 -1.513856 -4.275882 -5.03904 -5.61287 -2.953557 4e-06 -11.020523 -2e-06 -6.111297 -15.89533 -3.84047 0.0 1e-06 -1e-06 -10.283371 -5.680289 -4.341839 11.028296 -11.302406 -2.372633 -1.384269 -14.238582 -6.320122 -0.625439 -26.924192 -3.8276 -4.009575 -49.221153 -4.115484 -13.708523 -7.363476 -3.72094 18.14115 -14.052739 -3.242675 7e-06 -18.78727 -3e-06 -0.429711 -8.456044 2.555502 0.0 -1e-06 1e-06 -15.923532 -20.094482 -5.473586 30.41921 -7.190825 1.735925 3e-06 -8.162924 -1e-06 -1.861904 -22.861467 -6.16794 1e-06 -1e-06 -2e-06 -174.446518 -7.296021 3.257292 10.095178 -0.043304 0.027461 -81.104324 1.990263 -6.181866 -4.913543 1.502865 2.19967 -0.999999 0.0 -0.0 7.691582 2.638619 -4.962676 6.227601 -0.090863 -0.021535 -78.20211 -7.507783 -3.671273 -4.043496 0.642258 1.704278 -1.000003 -1e-06 0.0 
0.0 0.0 0.0 0.0 -0.0 0.0 0.389246 100.060295 3.684694 88.063164 2.211656 89.12928 0.314431 1.252308 0.207657 -10.741991 -0.10134 0.883393 12.968534 -2.082258 -2.060848 27.107319 4.252337 2.827403 -2.629514 -0.718293 -1.979363 -32.826622 2.190253 -3.798129 7e-06 -0.0 0.0 0.095143 -0.010044 -0.016546 0.013099 -0.062757 -0.009411 0.029255 0.041927 -0.019991 -128.224503 -62.359367 146.941086 30.022858 -53.725349 -25.800785 140.083542 -2.323873 0.060623 16.245125 6.830106 25.244844 17.636625 -26.322733 52.411209 -19.466665 -14.3956 29.410395 -0.0 -8.774824 -1e-06 16.313078 -16.816261 4.707559 -0.609777 -1.795654 -3.88933 -4.80709 -11.046812 -2.937851 4e-06 -20.976019 -2e-06 -5.019972 -25.03356 -4.031884 8e-06 0.0 -1e-06 -10.634536 -5.686973 -3.565589 10.573275 -17.922953 -3.113904 4e-06 -13.821211 -0.0 -0.501778 -31.181505 -4.027019 -10.793438 -58.437428 6.687378 -13.982714 -7.150199 -2.875042 13.772729 -8.401492 -3.218244 0.347738 -34.211555 0.771649 -0.963027 -17.73337 2.621019 2e-06 -1e-06 0.0 -17.346422 -20.095222 -4.201782 21.757561 -1.638374 3.866428 4e-06 -6.338824 -1e-06 -1.697584 -22.591749 -6.194011 -1e-06 -5e-06 -3e-06 52.575172 -73.615471 145.66124 30.717386 -64.455193 -15.820467 23.804323 0.714309 -0.149144 4.906474 4.786056 12.034737 22.182117 -20.375898 49.933315 -16.701811 -16.74353 28.47653 -3e-06 -12.6906 -2e-06 16.769627 -17.613771 2.327419 -0.10592 -1.513855 -4.275881 -5.03904 -5.61287 -2.953556 4e-06 -11.020523 -2e-06 -6.111297 -15.89533 -3.840469 0.0 -0.0 -1e-06 -10.28337 -5.680289 -4.34184 11.028293 -11.302406 -2.372632 -1.384268 -14.238581 -6.320121 -0.625439 -26.924189 -3.827601 -3.963551 -49.180698 -4.109526 -13.708524 -7.363475 -3.72094 18.141146 -14.052739 -3.242673 6e-06 -18.78727 -0.0 -0.429712 -8.456041 2.555504 -0.0 -1e-06 1e-06 -15.923534 -20.094482 -5.473585 30.419207 -7.190827 1.735926 4e-06 -8.162925 -1e-06 -1.861901 -22.861469 -6.167941 -1e-06 -2e-06 -1e-06 -174.509033 -7.180321 2.883227 9.984978 -0.054698 0.02871 -81.019951 2.053504 -6.037388 -4.978529 1.530489 2.198971 -1.0 -0.0 -0.0 7.466071 2.510885 -4.723738 6.209635 -0.091231 -0.007645 -78.159599 -7.48975 -3.619917 -4.097561 0.643217 1.700417 -1.000003 -0.0 0.0 
0.0 0.0 0.0 0.0 -0.0 0.0 0.469266 100.089348 3.574357 88.093254 2.028189 88.866104 0.417334 1.333109 0.231311 -10.71347 -0.066455 0.925303 12.998363 -2.112334 -2.029393 27.020443 4.044211 2.814577 -2.64271 -0.713947 -2.134473 -32.991978 2.161127 -3.910676 6e-06 0.0 -0.0 0.083006 -0.013957 -0.027752 -0.001353 -0.064744 -0.020468 0.012896 0.035947 -0.031 -128.29451 -62.077301 147.154358 28.627701 -54.422485 -25.699682 140.488571 -2.470706 0.127235 15.945868 7.39376 24.376562 17.636629 -26.322723 52.41119 -19.466658 -14.395597 29.410389 -1e-06 -8.774822 0.0 16.320074 -16.79381 4.708513 -0.609776 -1.795654 -3.889329 -4.807086 -11.046811 -2.937852 3e-06 -20.976019 -3e-06 -5.01997 -25.03356 -4.031886 8e-06 2e-06 0.0 -10.634533 -5.68697 -3.565589 10.573275 -17.922951 -3.113903 0.0 -13.821211 -0.0 -0.501777 -31.181505 -4.02702 -10.842274 -58.574432 6.723496 -13.982714 -7.150199 -2.875044 13.772729 -8.401489 -3.218241 0.347736 -34.211544 0.771648 -0.96303 -17.73337 2.621019 1e-06 -0.0 -1e-06 -17.346418 -20.095219 -4.201784 21.757559 -1.638375 3.866428 3e-06 -6.338823 -0.0 -1.697587 -22.591742 -6.19401 -1e-06 -4e-06 -2e-06 53.503258 -74.015907 144.559341 31.059349 -64.747322 -16.040319 24.626034 0.796155 -0.126747 5.121439 5.294832 11.534683 22.182108 -20.375893 49.933323 -16.701811 -16.743528 28.476532 -3e-06 -12.690598 -0.0 16.757162 -17.648052 2.315694 -0.10592 -1.513856 -4.27588 -5.039038 -5.61287 -2.953556 4e-06 -11.020523 -3e-06 -6.111297 -15.895332 -3.84047 -0.0 -0.0 -1e-06 -10.283368 -5.680288 -4.341837 11.028292 -11.302404 -2.372633 -1.384266 -14.238579 -6.320121 -0.625438 -26.924183 -3.827603 -3.937409 -49.188099 -4.103293 -13.708522 -7.363475 -3.720939 18.141146 -14.052738 -3.242675 7e-06 -18.78727 -3e-06 -0.429712 -8.456043 2.555503 0.0 -2e-06 0.0 -15.923532 -20.094482 -5.473586 30.419207 -7.190825 1.735926 5e-06 -8.162926 -0.0 -1.861902 -22.861469 -6.167942 -1e-06 -2e-06 -2e-06 -174.651993 -7.079029 2.569176 9.831202 -0.060043 0.027148 -80.890373 2.050496 -5.867663 -5.073477 1.54883 2.197621 -0.999999 -0.0 0.0 7.138242 2.398139 -4.565834 6.256688 -0.090048 0.023167 -78.103668 -7.471535 -3.567261 -4.207569 0.659942 1.697968 -1.000002 -0.0 -0.0 
0.0 0.0 0.0 0.0 -0.0 0.0 0.545768 100.132034 3.442134 88.118126 1.788885 88.679817 0.512709 1.368637 0.248063 -10.676003 -0.040966 0.947011 12.989197 -2.114476 -1.995169 26.916025 3.843943 2.809059 -2.66236 -0.709217 -2.218304 -33.240398 2.149877 -3.944782 6e-06 0.0 -0.0 0.068004 -0.015641 -0.033382 -0.017677 -0.062685 -0.028589 -0.004487 0.030486 -0.034228 -128.090958 -62.048813 147.037399 27.38266 -55.067627 -25.622349 140.849167 -2.471804 0.198827 15.349277 7.975298 23.32193 17.636625 -26.322737 52.411194 -19.466656 -14.395597 29.410389 -2e-06 -8.774819 -3e-06 16.383024 -16.78684 4.711864 -0.609777 -1.795654 -3.889328 -4.807084 -11.046809 -2.937852 5e-06 -20.976015 1e-06 -5.019969 -25.033552 -4.031879 7e-06 0.0 0.0 -10.634532 -5.686969 -3.565587 10.573275 -17.922949 -3.113901 5e-06 -13.821208 2e-06 -0.501779 -31.181498 -4.027009 -10.926654 -58.773048 6.782738 -13.982712 -7.150197 -2.875042 13.772727 -8.401491 -3.21824 0.347734 -34.211544 0.771659 -0.963028 -17.73337 2.621023 2e-06 -0.0 -1e-06 -17.346413 -20.095213 -4.201784 21.757557 -1.638378 3.866429 2e-06 -6.338824 1e-06 -1.697586 -22.591745 -6.194002 1e-06 -1e-06 -3e-06 54.465355 -74.440292 143.460281 31.268917 -65.061859 -15.946595 25.401306 0.807974 -0.079882 5.141531 5.353995 11.144546 22.182119 -20.375895 49.933323 -16.701817 -16.74353 28.476536 -4e-06 -12.6906 -1e-06 16.746061 -17.666224 2.313481 -0.105919 -1.513855 -4.275881 -5.039039 -5.612871 -2.953557 4e-06 -11.020523 -3e-06 -6.111297 -15.895334 -3.840471 -0.0 -0.0 -1e-06 -10.283369 -5.680287 -4.341839 11.028293 -11.302407 -2.372633 -1.384267 -14.238583 -6.320122 -0.625436 -26.924192 -3.827602 -3.944714 -49.220631 -4.096798 -13.708523 -7.363475 -3.720941 18.141148 -14.052741 -3.242674 9e-06 -18.787271 -4e-06 -0.429711 -8.456043 2.555504 -0.0 -0.0 1e-06 -15.923536 -20.094482 -5.473588 30.41921 -7.190827 1.735927 5e-06 -8.162927 -0.0 -1.861901 -22.861473 -6.167942 -0.0 -2e-06 -2e-06 -174.808868 -7.030245 2.356395 9.54923 -0.05831 0.02412 -80.666832 1.985495 -5.736352 -5.148857 1.550819 2.197149 -0.999998 0.0 0.0 6.722209 2.309531 -4.490799 6.356662 -0.086218 0.052169 -78.073723 -7.437213 -3.544726 -4.28758 0.680156 1.698156 -1.000003 0.0 0.0 
0.0 0.0 0.0 0.0 -0.0 0.0 0.612251 100.191513 3.295948 88.138405 1.516587 88.559601 0.598233 1.348194 0.248593 -10.631792 -0.032195 0.956255 12.956364 -2.080524 -1.98175 26.793449 3.686512 2.806619 -2.680875 -0.700617 -2.218478 -33.539288 2.15042 -3.909971 5e-06 0.0 -0.0 0.057876 -0.015062 -0.040499 -0.028511 -0.058219 -0.038566 -0.017377 0.027304 -0.038845 -127.692955 -62.216877 146.654221 26.256172 -55.466625 -25.18161 141.218643 -2.367839 0.239428 14.513003 8.295772 22.15436 17.636633 -26.322737 52.411213 -19.466665 -14.395602 29.410395 -0.0 -8.774825 -4e-06 16.397696 -16.804506 4.755484 -0.609775 -1.795654 -3.889331 -4.807089 -11.046812 -2.937852 5e-06 -20.976021 -2e-06 -5.019974 -25.033562 -4.031883 7e-06 -0.0 -1e-06 -10.634537 -5.686972 -3.565588 10.573277 -17.922955 -3.113903 4e-06 -13.821214 1e-06 -0.501779 -31.181511 -4.02702 -10.984977 -58.902096 6.823734 -13.98272 -7.150201 -2.875043 13.772736 -8.401492 -3.218244 0.347732 -34.211559 0.771654 -0.963031 -17.733376 2.621021 2e-06 -1e-06 -0.0 -17.346426 -20.095221 -4.20178 21.757566 -1.638375 3.866429 0.0 -6.338827 1e-06 -1.697587 -22.591749 -6.194009 -2e-06 -2e-06 -2e-06 55.30175 -74.843399 142.517609 31.236416 -65.3433 -15.444637 26.172417 0.759164 -0.045984 5.059437 5.026047 11.04323 22.182119 -20.375898 49.933327 -16.701817 -16.74353 28.476532 -3e-06 -12.690604 -1e-06 16.749599 -17.665422 2.315943 -0.10592 -1.513856 -4.27588 -5.039039 -5.612871 -2.953557 3e-06 -11.020525 -3e-06 -6.111297 -15.895334 -3.840471 -0.0 0.0 -1e-06 -10.283373 -5.680289 -4.341838 11.028297 -11.302407 -2.372635 -1.384267 -14.238585 -6.320124 -0.625437 -26.924191 -3.827603 -3.98735 -49.244774 -4.084947 -13.708527 -7.363479 -3.720939 18.141153 -14.052742 -3.242676 6e-06 -18.787271 -2e-06 -0.429713 -8.456045 2.555505 0.0 -1e-06 1e-06 -15.923538 -20.094484 -5.473584 30.419222 -7.190827 1.735926 2e-06 -8.162927 -1e-06 -1.861903 -22.861473 -6.167943 -0.0 -3e-06 -1e-06 -174.975922 -6.949375 2.23424 9.092751 -0.050796 0.023876 -80.356392 1.85793 -5.583424 -5.205287 1.542981 2.195722 -1.0 -0.0 -0.0 6.255817 2.242121 -4.519866 6.486284 -0.078032 0.066152 -77.859009 -7.351364 -3.594431 -4.327817 0.694363 1.699239 -1.000003 0.0 -0.0 
0.0 0.0 0.0 0.0 -0.0 0.0 0.666939 100.255608 3.144442 88.142174 1.237235 88.464935 0.678807 1.293116 0.235413 -10.585879 -0.042261 0.960048 12.918789 -2.015444 -1.972444 26.640892 3.561134 2.800637 -2.688685 -0.676327 -2.142348 -33.852623 2.152233 -3.85397 6e-06 -0.0 -0.0 0.057026 -0.013026 -0.047668 -0.031967 -0.052479 -0.047648 -0.022995 0.025821 -0.044403 -127.196167 -62.507793 146.107117 25.300901 -55.589935 -24.299826 141.517761 -2.235543 0.275106 13.482572 8.296673 20.993322 17.636629 -26.322737 52.411201 -19.466665 -14.3956 29.410395 1e-06 -8.774824 -3e-06 16.339083 -16.836906 4.830386 -0.609779 -1.795655 -3.889329 -4.807087 -11.046809 -2.937852 5e-06 -20.976019 1e-06 -5.019971 -25.03356 -4.03188 5e-06 1e-06 -1e-06 -10.634536 -5.686972 -3.56559 10.573275 -17.922951 -3.1139 3e-06 -13.821211 -0.0 -0.501778 -31.181505 -4.027016 -10.99546 -58.927841 6.831429 -13.982715 -7.150198 -2.875044 13.772731 -8.401493 -3.218243 0.34773 -34.211555 0.771657 -0.963028 -17.733376 2.621022 -1e-06 0.0 1e-06 -17.346422 -20.095221 -4.201783 21.757561 -1.638375 3.866429 -0.0 -6.338825 1e-06 -1.697589 -22.591749 -6.19401 -1e-06 -3e-06 -0.0 55.981968 -75.192558 141.75116 31.010988 -65.592934 -14.589394 26.94087 0.717308 -0.029046 4.96 4.492795 11.220244 22.182114 -20.375895 49.933327 -16.701811 -16.74353 28.476532 -3e-06 -12.6906 1e-06 16.748014 -17.639912 2.331454 -0.105921 -1.513856 -4.275881 -5.039041 -5.612872 -2.953557 4e-06 -11.020524 -2e-06 -6.111297 -15.895334 -3.840471 -0.0 -0.0 -0.0 -10.283369 -5.680286 -4.341838 11.028292 -11.302406 -2.372633 -1.384269 -14.238581 -6.32012 -0.625439 -26.924187 -3.8276 -4.033385 -49.242046 -4.064644 -13.708526 -7.363475 -3.720939 18.141148 -14.052739 -3.242674 7e-06 -18.78727 -3e-06 -0.429711 -8.456039 2.555504 -0.0 -2e-06 0.0 -15.923534 -20.094482 -5.473585 30.41921 -7.190825 1.735926 2e-06 -8.162926 -0.0 -1.861905 -22.861469 -6.167941 1e-06 -6e-06 -0.0 -175.121948 -6.90837 2.151466 8.558727 -0.040576 0.030506 -80.003487 1.743134 -5.492845 -5.219072 1.533705 2.194544 -1.0 -0.0 0.0 5.770894 2.202569 -4.609523 6.644655 -0.07071 0.063082 -77.699867 -7.223312 -3.654941 -4.326868 0.695545 1.698911 -1.0 -0.0 0.0 
0.0 0.0 0.0 0.0 -0.0 0.0 0.713492 100.303246 2.980963 88.141884 0.971754 88.387177 0.763442 1.221462 0.215263 -10.547958 -0.064345 0.964579 12.8917 -1.942834 -1.968544 26.457001 3.488277 2.786916 -2.685622 -0.649508 -2.010808 -34.110893 2.166052 -3.806124 7e-06 0.0 -0.0 0.06422 -0.009733 -0.041806 -0.021546 -0.045829 -0.041171 -0.014235 0.025962 -0.039184 -126.765579 -62.83139 145.60556 24.563169 -55.473415 -23.093843 141.612946 -2.170883 0.323675 12.28019 8.08145 19.988449 17.636627 -26.322731 52.411198 -19.466656 -14.3956 29.410389 1e-06 -8.774825 -4e-06 16.209232 -16.884371 4.908213 -0.609778 -1.795655 -3.889326 -4.807091 -11.046809 -2.937852 5e-06 -20.976019 -0.0 -5.019969 -25.033552 -4.031883 5e-06 1e-06 1e-06 -10.634537 -5.686974 -3.565588 10.573275 -17.922949 -3.1139 2e-06 -13.821209 -1e-06 -0.501775 -31.181501 -4.027022 -10.966519 -58.838268 6.82936 -13.982718 -7.150198 -2.87504 13.772734 -8.401489 -3.218241 0.347734 -34.211552 0.771653 -0.963032 -17.73337 2.621018 -0.0 -1e-06 1e-06 -17.346424 -20.095217 -4.201783 21.757563 -1.638376 3.866429 1e-06 -6.338824 0.0 -1.69759 -22.59174 -6.194006 -1e-06 -2e-06 -2e-06 56.518486 -75.453842 141.145813 30.722622 -65.829361 -13.606608 27.64856 0.705338 -0.01331 4.93573 3.972367 11.416807 22.182114 -20.375895 49.933319 -16.701815 -16.743528 28.476532 -3e-06 -12.6906 -1e-06 16.732285 -17.611101 2.356895 -0.10592 -1.513854 -4.275881 -5.039041 -5.612871 -2.953555 4e-06 -11.020524 -2e-06 -6.111297 -15.895334 -3.840471 -0.0 1e-06 -1e-06 -10.283372 -5.680288 -4.341838 11.028295 -11.302406 -2.372635 -1.384268 -14.238581 -6.32012 -0.625435 -26.924194 -3.827603 -4.068872 -49.212814 -4.040825 -13.708524 -7.363478 -3.72094 18.141148 -14.052739 -3.242674 8e-06 -18.787271 -3e-06 -0.429711 -8.456044 2.555504 0.0 1e-06 -0.0 -15.923532 -20.094482 -5.473585 30.41921 -7.190826 1.735923 3e-06 -8.162925 -1e-06 -1.861901 -22.861469 -6.167944 1e-06 -2e-06 -1e-06 -175.278778 -6.885499 2.074085 8.079956 -0.032906 0.040696 -79.723709 1.674026 -5.459876 -5.210048 1.527957 2.193677 -0.999999 -0.0 0.0 5.272946 2.179027 -4.730879 6.858426 -0.066113 0.044963 -77.600647 -7.109111 -3.704652 -4.312422 0.688302 1.698608 -1.000002 -0.0 0.0 
0.0 0.0 0.0 0.0 -0.0 0.0 0.765391 100.3433 2.812419 88.139702 0.724569 88.306412 0.857841 1.148274 0.198312 -10.517756 -0.092916 0.964784 12.869879 -1.868212 -1.969411 26.24395 3.461823 2.779319 -2.675605 -0.616041 -1.879609 -34.295799 2.195433 -3.737962 6e-06 0.0 -0.0 0.070895 -0.00631 -0.030088 -0.007572 -0.040903 -0.027818 -0.002897 0.028128 -0.028687 -126.447174 -63.153904 145.220093 24.060402 -55.315216 -21.707146 141.327301 -2.22527 0.388446 10.969549 7.827894 19.091297 17.636633 -26.322737 52.411194 -19.466652 -14.395596 29.410381 -1e-06 -8.774822 -3e-06 16.014721 -16.930994 4.975012 -0.609775 -1.795652 -3.889328 -4.807091 -11.046809 -2.93785 2e-06 -20.976019 4e-06 -5.019973 -25.03356 -4.031878 4e-06 1e-06 -3e-06 -10.634535 -5.68697 -3.565588 10.573272 -17.922951 -3.113896 3e-06 -13.821209 2e-06 -0.501779 -31.181505 -4.027014 -10.882843 -58.639202 6.798293 -13.982711 -7.150196 -2.875042 13.77273 -8.401491 -3.21824 0.347727 -34.211555 0.771661 -0.96303 -17.733372 2.621022 -2e-06 2e-06 1e-06 -17.346416 -20.095215 -4.201779 21.757557 -1.638376 3.866429 2e-06 -6.338823 1e-06 -1.697591 -22.591742 -6.194002 -1e-06 -4e-06 -2e-06 57.036949 -75.611115 140.533615 30.432035 -66.08007 -12.679723 28.22385 0.701658 1.3e-05 4.984864 3.512671 11.548416 22.182114 -20.375896 49.933319 -16.701811 -16.743528 28.476528 -3e-06 -12.6906 -0.0 16.71171 -17.573736 2.371083 -0.105919 -1.513856 -4.275881 -5.039041 -5.612871 -2.953556 5e-06 -11.020524 -1e-06 -6.111296 -15.895332 -3.840469 -0.0 -0.0 -0.0 -10.283371 -5.680288 -4.341838 11.028294 -11.302405 -2.372632 -1.384267 -14.238579 -6.32012 -0.625439 -26.924194 -3.8276 -4.069235 -49.142811 -4.042755 -13.708525 -7.363475 -3.720939 18.141146 -14.052739 -3.242674 9e-06 -18.78727 -3e-06 -0.429712 -8.456041 2.555504 1e-06 -1e-06 -0.0 -15.923532 -20.094482 -5.473584 30.41921 -7.190827 1.735924 2e-06 -8.162927 -0.0 -1.8619 -22.861469 -6.167941 0.0 -2e-06 -1e-06 -175.460022 -6.865114 1.972917 7.704896 -0.033173 0.058011 -79.495667 1.644754 -5.431777 -5.221152 1.524776 2.191761 -0.999998 0.0 0.0 4.731966 2.154113 -4.869847 7.189202 -0.063862 0.019176 -77.537514 -7.019611 -3.731854 -4.312575 0.678667 1.699239 -1.000001 -0.0 0.0 
0.0 0.0 0.0 0.0 -0.0 0.0 0.828256 100.388336 2.649154 88.139626 0.510845 88.227173 0.955955 1.081834 0.183217 -10.493822 -0.123756 0.964095 12.866244 -1.80909 -1.982249 26.015295 3.502542 2.772632 -2.667739 -0.609097 -1.772611 -34.424492 2.236342 -3.659379 6e-06 0.0 -0.0 0.0683 -0.002996 -0.020175 -0.005866 -0.037986 -0.016778 -0.003763 0.032057 -0.019406 -126.170219 -63.517624 144.928665 23.824835 -55.362858 -20.232183 140.484421 -2.387367 0.446866 9.502116 7.724134 18.093424 17.636621 -26.322729 52.411182 -19.46666 -14.395592 29.410385 -1e-06 -8.774822 -3e-06 15.870172 -17.009335 5.045285 -0.609774 -1.795653 -3.889325 -4.807089 -11.046809 -2.93785 3e-06 -20.976019 2e-06 -5.019972 -25.03356 -4.031877 7e-06 1e-06 -1e-06 -10.634533 -5.68697 -3.565585 10.573274 -17.922951 -3.113901 3e-06 -13.821206 1e-06 -0.501778 -31.181501 -4.027012 -10.841352 -58.480305 6.781505 -13.982711 -7.150196 -2.87504 13.772731 -8.40149 -3.218244 0.347733 -34.211555 0.771656 -0.963032 -17.73337 2.621021 -1e-06 1e-06 1e-06 -17.346418 -20.095215 -4.201778 21.757559 -1.638375 3.866428 0.0 -6.338822 -0.0 -1.697589 -22.591742 -6.194004 -1e-06 -4e-06 -1e-06 57.607044 -75.70343 139.880997 30.387535 -66.379272 -12.096141 28.533768 0.706655 0.0237 5.071298 3.154719 11.592379 22.182108 -20.375893 49.933319 -16.701809 -16.74353 28.476528 -3e-06 -12.690599 -1e-06 16.695349 -17.528688 2.385114 -0.10592 -1.513857 -4.275882 -5.039038 -5.61287 -2.953555 5e-06 -11.020519 -2e-06 -6.111295 -15.895328 -3.840471 -0.0 -0.0 0.0 -10.283367 -5.680287 -4.341839 11.02829 -11.302402 -2.372633 -1.384268 -14.238575 -6.32012 -0.625437 -26.924183 -3.827603 -4.069053 -49.079563 -4.020203 -13.708519 -7.363473 -3.72094 18.141146 -14.052735 -3.242675 8e-06 -18.787262 -2e-06 -0.429712 -8.456041 2.555503 1e-06 -1e-06 -0.0 -15.923531 -20.094481 -5.473586 30.419205 -7.190825 1.735925 3e-06 -8.162925 0.0 -1.861903 -22.861465 -6.167938 1e-06 -4e-06 -0.0 -175.655411 -6.834742 1.888218 7.444805 -0.033193 0.078598 -79.269142 1.601377 -5.400165 -5.272935 1.521813 2.189439 -0.999999 -0.0 -0.0 4.23066 2.119234 -5.049548 7.513433 -0.065748 0.003027 -77.441208 -6.893408 -3.712231 -4.348775 0.662494 1.697 -1.000001 0.0 0.0 
0.0 0.0 0.0 0.0 -0.0 0.0 0.896541 100.439026 2.48316 88.146194 0.331666 88.138138 1.037165 1.029986 0.162267 -10.465944 -0.155847 0.955583 12.886633 -1.774624 -1.996806 25.759426 3.612152 2.76103 -2.659325 -0.646454 -1.710801 -34.488842 2.268993 -3.598881 5e-06 0.0 -0.0 0.058918 -0.00032 -0.018809 -0.010281 -0.036877 -0.013895 -0.012066 0.036441 -0.019115 -125.931519 -63.896606 144.789139 23.756964 -55.694283 -18.481909 138.86351 -2.648363 0.526718 7.79375 7.753335 16.794085 17.636621 -26.322721 52.411182 -19.466652 -14.395594 29.410381 0.0 -8.774822 -2e-06 15.78755 -17.133652 5.154551 -0.609775 -1.795653 -3.889329 -4.807089 -11.046807 -2.937849 2e-06 -20.976015 0.0 -5.019972 -25.033548 -4.031878 7e-06 -2e-06 -1e-06 -10.63453 -5.68697 -3.565589 10.573271 -17.922947 -3.113899 2e-06 -13.821205 -0.0 -0.501777 -31.181505 -4.027016 -10.87279 -58.342625 6.786685 -13.982714 -7.150198 -2.875041 13.772727 -8.40149 -3.21824 0.347731 -34.211544 0.771656 -0.963031 -17.73337 2.621018 -1e-06 2e-06 -0.0 -17.34642 -20.095217 -4.20178 21.757557 -1.638374 3.866428 -0.0 -6.338821 -1e-06 -1.697591 -22.59174 -6.194005 0.0 -3e-06 -3e-06 58.092056 -75.768951 139.31076 30.606781 -66.723045 -11.868999 28.518198 0.669085 0.051844 5.142203 2.818478 11.710896 22.182117 -20.375895 49.933319 -16.701811 -16.743532 28.47653 -2e-06 -12.690602 -1e-06 16.671947 -17.459024 2.404144 -0.105918 -1.513855 -4.275881 -5.039041 -5.612871 -2.953556 4e-06 -11.02052 -1e-06 -6.1113 -15.89533 -3.840472 -0.0 -1e-06 -0.0 -10.283371 -5.680288 -4.341838 11.028296 -11.302404 -2.372632 -1.384269 -14.238577 -6.32012 -0.625439 -26.924187 -3.827602 -4.04815 -49.038918 -3.989702 -13.708527 -7.363477 -3.720938 18.141148 -14.052735 -3.242674 6e-06 -18.787266 -2e-06 -0.429712 -8.456041 2.555504 0.0 1e-06 -0.0 -15.923539 -20.094482 -5.473583 30.419218 -7.190824 1.735926 3e-06 -8.162926 1e-06 -1.861905 -22.861467 -6.167941 1e-06 -4e-06 -0.0 -175.859253 -6.790074 1.862367 7.292638 -0.02632 0.098294 -79.042824 1.558434 -5.369015 -5.347217 1.52262 2.189967 -0.999998 0.0 -0.0 3.774303 2.074956 -5.22649 7.828371 -0.070768 -0.003794 -77.327148 -6.778149 -3.651866 -4.392175 0.640038 1.693261 -1.000003 1e-06 -0.0 
0.0 0.0 0.0 0.0 -0.0 0.0 0.966542 100.475014 2.323427 88.15419 0.18038 87.980827 1.092332 1.005502 0.156117 -10.440049 -0.177436 0.927434 12.927689 -1.762169 -1.999998 25.466194 3.727701 2.751286 -2.65132 -0.733708 -1.691944 -34.479767 2.265726 -3.601331 6e-06 0.0 -0.0 0.052653 0.000397 -0.023468 -0.013206 -0.038661 -0.017568 -0.019056 0.039406 -0.024624 -125.88517 -64.198029 144.967377 23.473808 -56.213425 -15.960574 136.040619 -2.983783 0.62609 6.006605 7.586559 14.826571 17.636625 -26.322731 52.41119 -19.466656 -14.395597 29.410381 -0.0 -8.774822 -3e-06 15.740025 -17.297585 5.299896 -0.609776 -1.795653 -3.889328 -4.807088 -11.046809 -2.93785 2e-06 -20.976011 -1e-06 -5.019971 -25.033552 -4.031884 7e-06 -3e-06 0.0 -10.634533 -5.686971 -3.565587 10.573275 -17.922947 -3.113901 1e-06 -13.821205 1e-06 -0.50178 -31.181501 -4.027017 -10.940623 -58.153454 6.792712 -13.982716 -7.150198 -2.875042 13.772728 -8.401489 -3.21824 0.347728 -34.21154 0.771655 -0.963029 -17.733366 2.62102 -0.0 1e-06 -2e-06 -17.346418 -20.095217 -4.201782 21.757555 -1.638373 3.866428 -0.0 -6.338822 1e-06 -1.697593 -22.591738 -6.194005 -0.0 -6e-06 -2e-06 58.308361 -75.819298 139.044327 31.117161 -66.990616 -11.871433 28.179806 0.567565 0.060271 5.147927 2.333311 11.999275 22.182114 -20.375891 49.933315 -16.701811 -16.743528 28.476526 -3e-06 -12.6906 0.0 16.634932 -17.380001 2.419126 -0.105919 -1.513856 -4.275882 -5.039041 -5.612873 -2.953557 4e-06 -11.020524 -2e-06 -6.111298 -15.89533 -3.840471 0.0 -1e-06 -1e-06 -10.283369 -5.680288 -4.341838 11.028293 -11.302404 -2.372633 -1.384268 -14.238579 -6.320121 -0.625438 -26.924191 -3.8276 -3.997924 -49.040562 -3.981723 -13.708523 -7.363475 -3.720939 18.141148 -14.05274 -3.242676 8e-06 -18.78727 -2e-06 -0.42971 -8.456044 2.555502 0.0 -1e-06 0.0 -15.923532 -20.094482 -5.473584 30.41921 -7.190824 1.735923 2e-06 -8.162927 1e-06 -1.861901 -22.861467 -6.167942 1e-06 -4e-06 -0.0 -176.067917 -6.736676 1.868566 7.267754 -0.017564 0.112958 -78.919464 1.529161 -5.360752 -5.397669 1.532476 2.192832 -0.999998 0.0 0.0 3.371943 2.028758 -5.302691 8.113904 -0.07703 -0.009986 -77.293816 -6.742943 -3.569355 -4.384757 0.621081 1.693673 -1.000003 0.0 -0.0 
0.0 0.0 0.0 0.0 -0.0 0.0 1.045584 100.481888 2.182932 88.155945 0.051298 87.705917 1.127641 1.019793 0.176932 -10.419208 -0.181422 0.902588 12.98244 -1.761877 -2.001384 25.130909 3.765789 2.737924 -2.65115 -0.83172 -1.69675 -34.407867 2.183366 -3.654505 6e-06 -0.0 -0.0 0.050998 5.8e-05 -0.028957 -0.011494 -0.043196 -0.023159 -0.020212 0.042548 -0.029632 -126.214615 -64.337715 145.630081 22.606989 -56.694241 -12.318403 131.528305 -3.150676 0.704569 4.031183 6.470697 11.794995 17.636621 -26.322739 52.411198 -19.466656 -14.395597 29.410389 -2e-06 -8.774818 -2e-06 15.651759 -17.524429 5.501511 -0.609775 -1.795653 -3.889328 -4.807089 -11.046809 -2.937849 3e-06 -20.976015 0.0 -5.01997 -25.033552 -4.031878 7e-06 -1e-06 0.0 -10.634532 -5.686969 -3.565587 10.573272 -17.922951 -3.113901 3e-06 -13.821206 3e-06 -0.501778 -31.181498 -4.027012 -10.983256 -57.95805 6.785557 -13.982711 -7.150197 -2.875042 13.772726 -8.401491 -3.218243 0.34773 -34.211552 0.771659 -0.96303 -17.733366 2.62102 1e-06 -1e-06 2e-06 -17.346413 -20.095211 -4.201782 21.757553 -1.638376 3.866427 -0.0 -6.338823 0.0 -1.697589 -22.59174 -6.194004 1e-06 -5e-06 -2e-06 58.220631 -75.847847 139.171982 32.012238 -67.099258 -11.977856 27.566847 0.449056 0.067601 5.120189 1.575265 12.476887 22.182114 -20.375893 49.933315 -16.701809 -16.743528 28.47653 -3e-06 -12.6906 1e-06 16.592262 -17.34519 2.432158 -0.105918 -1.513854 -4.275881 -5.039041 -5.612872 -2.953557 4e-06 -11.02052 -2e-06 -6.111297 -15.89533 -3.840469 0.0 -0.0 -1e-06 -10.283367 -5.680287 -4.341838 11.028292 -11.302402 -2.372632 -1.384267 -14.238577 -6.32012 -0.625437 -26.924187 -3.8276 -3.982483 -49.094536 -3.938919 -13.708523 -7.363474 -3.720938 18.141146 -14.052739 -3.242672 5e-06 -18.787266 -2e-06 -0.429713 -8.45604 2.555503 1e-06 0.0 -0.0 -15.923532 -20.094481 -5.473583 30.419207 -7.190824 1.735925 1e-06 -8.162925 -1e-06 -1.861902 -22.861469 -6.167942 1e-06 -5e-06 -2e-06 -176.259598 -6.678602 1.881678 7.334706 -0.011926 0.121339 -78.955193 1.442103 -5.412786 -5.379817 1.565481 2.197186 -0.999999 0.0 -0.0 3.022766 1.983488 -5.181426 8.348292 -0.077114 -0.025062 -77.314423 -6.776383 -3.530841 -4.317275 0.609746 1.696655 -1.000001 -1e-06 -0.0 
0.0 0.0 0.0 0.0 -0.0 0.0 1.118001 100.468887 2.059835 88.150993 -0.056091 87.307129 1.169296 1.065532 0.22041 -10.404814 -0.18538 0.856051 13.017171 -1.743997 -1.970529 24.786963 3.639132 2.715953 -2.641118 -0.882384 -1.711915 -34.407631 2.013385 -3.645473 7e-06 0.0 -0.0 0.050666 0.00279 -0.020995 0.010399 -0.046586 -0.015793 0.000663 0.050738 -0.020276 -126.953804 -64.289955 146.612473 20.91523 -56.99921 -8.287588 125.385941 -2.979746 0.733896 1.724508 3.99896 7.990353 17.636621 -26.322725 52.411186 -19.466665 -14.395598 29.410393 -4e-06 -8.774821 -2e-06 15.513327 -17.72957 5.736299 -0.609776 -1.795654 -3.889327 -4.807087 -11.046809 -2.937851 6e-06 -20.976015 -1e-06 -5.019966 -25.033558 -4.031881 6e-06 -0.0 1e-06 -10.634533 -5.68697 -3.565586 10.573275 -17.922951 -3.113902 4e-06 -13.821212 -0.0 -0.501775 -31.181505 -4.027014 -11.048563 -57.927731 6.877641 -13.982711 -7.150196 -2.875041 13.772728 -8.401493 -3.218243 0.347738 -34.211544 0.771654 -0.963027 -17.733368 2.62102 -1e-06 -0.0 -1e-06 -17.346411 -20.095217 -4.201782 21.757555 -1.638376 3.866427 1e-06 -6.338824 1e-06 -1.697586 -22.591743 -6.194007 1e-06 -5e-06 -2e-06 57.86121 -75.835716 139.644592 33.128147 -67.074333 -12.099753 26.846949 0.443904 0.101625 5.055824 0.730246 12.72141 22.182116 -20.375895 49.933319 -16.701813 -16.743526 28.47653 -4e-06 -12.6906 1e-06 16.576721 -17.406029 2.439885 -0.105919 -1.513856 -4.275882 -5.03904 -5.612871 -2.95356 4e-06 -11.020523 -2e-06 -6.111296 -15.895334 -3.840471 -0.0 1e-06 -0.0 -10.283368 -5.680288 -4.341839 11.028295 -11.302404 -2.372632 -1.384267 -14.238578 -6.320122 -0.625436 -26.924191 -3.827601 -4.007372 -49.193741 -3.863885 -13.708524 -7.363474 -3.72094 18.14115 -14.052739 -3.242675 7e-06 -18.787266 -2e-06 -0.429711 -8.456043 2.555503 0.0 2e-06 1e-06 -15.92353 -20.094481 -5.473588 30.419207 -7.190827 1.735925 2e-06 -8.162929 1e-06 -1.861903 -22.861465 -6.167938 -1e-06 -6e-06 -1e-06 -176.42308 -6.62642 1.801782 7.459413 -0.01571 0.11395 -79.095177 1.399595 -5.488907 -5.355776 1.62686 2.201734 -0.999999 -0.0 0.0 2.708984 1.941104 -4.843334 8.553752 -0.067761 -0.038422 -77.375206 -6.801464 -3.551598 -4.241953 0.58496 1.689735 -1.000002 0.0 -0.0 
0.0 0.0 0.0 0.0 -0.0 0.0 1.167376 100.444054 1.93612 88.111412 -0.172346 86.831093 1.208341 1.130523 0.245286 -10.395393 -0.185769 0.816293 13.0144 -1.679272 -1.931371 24.403936 3.357318 2.684499 -2.621456 -0.881144 -1.712371 -34.581989 1.81769 -3.522156 6e-06 0.0 -0.0 0.049929 0.003199 -0.017123 0.049088 -0.041813 -0.008413 0.041452 0.046419 -0.019027 -127.576157 -64.241165 147.25798 18.676159 -57.399231 -5.366529 118.534386 -2.515456 0.683516 -0.485938 1.228216 5.290534 17.636627 -26.322733 52.411205 -19.466663 -14.395598 29.410393 1e-06 -8.774822 -2e-06 15.369226 -17.837814 6.035855 -0.609776 -1.795654 -3.889328 -4.807089 -11.046808 -2.937851 4e-06 -20.976017 -1e-06 -5.01997 -25.03356 -4.031882 6e-06 1e-06 -0.0 -10.634535 -5.686971 -3.565588 10.573274 -17.922947 -3.113899 3e-06 -13.821206 0.0 -0.501777 -31.181505 -4.027017 -11.280972 -58.14743 7.212646 -13.982715 -7.150198 -2.875042 13.77273 -8.401491 -3.218241 0.347734 -34.211555 0.771654 -0.963028 -17.73337 2.62102 -0.0 0.0 -0.0 -17.346416 -20.095217 -4.201783 21.757557 -1.638375 3.866428 1e-06 -6.338822 1e-06 -1.697589 -22.591742 -6.194007 -0.0 -4e-06 -2e-06 57.883335 -75.872925 139.730057 34.167213 -67.098404 -12.570933 26.368834 0.519982 0.097006 4.865983 0.210766 12.175988 22.182117 -20.375898 49.933327 -16.701817 -16.74353 28.476538 -3e-06 -12.690601 1e-06 16.595118 -17.551981 2.470458 -0.10592 -1.513856 -4.275883 -5.039042 -5.612872 -2.953557 3e-06 -11.020523 -2e-06 -6.111297 -15.895334 -3.840471 -0.0 0.0 -0.0 -10.283371 -5.680288 -4.341839 11.028296 -11.302406 -2.372634 -1.384268 -14.238581 -6.320123 -0.625437 -26.924192 -3.827603 -3.966437 -49.336372 -3.869702 -13.708524 -7.363475 -3.72094 18.14115 -14.052737 -3.242676 6e-06 -18.78727 -2e-06 -0.429712 -8.456044 2.555504 0.0 0.0 1e-06 -15.923536 -20.094484 -5.473587 30.419218 -7.190826 1.735926 4e-06 -8.162929 0.0 -1.861901 -22.861467 -6.16794 -0.0 -3e-06 -0.0 -176.610443 -6.623645 1.46891 7.658336 -0.016586 0.097323 -79.326385 1.438048 -5.536935 -5.393212 1.662998 2.19631 -0.999999 -0.0 -0.0 2.395007 1.953141 -4.423767 8.732924 -0.063046 -0.042688 -77.489647 -6.782498 -3.530318 -4.259538 0.579045 1.681149 -1.000001 -0.0 0.0 
0.0 0.0 0.0 0.0 -0.0 0.0 1.178829 100.430885 1.826843 88.019287 -0.321053 86.161842 1.222064 1.198634 0.249797 -10.405582 -0.174544 0.80272 12.974574 -1.58043 -1.851892 24.041557 3.045361 2.682931 -2.615387 -0.849443 -1.724066 -34.820728 1.627409 -3.298704 5e-06 0.0 0.0 0.039015 -0.000155 -0.026845 0.061582 -0.035056 -0.015312 0.054643 0.033013 -0.030238 -127.264351 -64.470848 146.914169 16.267593 -58.333561 -4.546106 111.89312 -1.93267 0.553717 -2.446975 -0.360916 4.896294 17.636629 -26.322737 52.411205 -19.46666 -14.395597 29.410389 0.0 -8.774821 -2e-06 15.344084 -17.881275 6.376814 -0.609776 -1.795654 -3.889328 -4.80709 -11.046807 -2.93785 4e-06 -20.976015 1e-06 -5.019971 -25.033556 -4.031881 6e-06 1e-06 0.0 -10.634535 -5.68697 -3.565588 10.573275 -17.922949 -3.113899 2e-06 -13.821209 1e-06 -0.501779 -31.181505 -4.027014 -11.626687 -58.48045 7.620549 -13.982714 -7.150198 -2.875042 13.772729 -8.401489 -3.21824 0.347732 -34.211544 0.771657 -0.963029 -17.73337 2.62102 -1e-06 0.0 0.0 -17.346422 -20.095217 -4.201782 21.757561 -1.638375 3.866428 1e-06 -6.338821 1e-06 -1.69759 -22.591743 -6.194005 -0.0 -8e-06 -2e-06 58.857536 -76.056892 138.774429 35.008621 -67.234917 -13.437021 26.329117 0.549769 0.080311 4.503712 0.157231 11.053233 22.182114 -20.375898 49.933323 -16.701807 -16.743528 28.476528 -2e-06 -12.6906 -1e-06 16.566509 -17.666069 2.549659 -0.10592 -1.513855 -4.275881 -5.039039 -5.61287 -2.953556 4e-06 -11.020523 -0.0 -6.111296 -15.89533 -3.840471 0.0 -1e-06 0.0 -10.283371 -5.680286 -4.341838 11.028293 -11.302404 -2.372632 -1.384269 -14.238578 -6.32012 -0.625439 -26.924183 -3.827601 -3.938188 -49.467072 -3.878128 -13.708523 -7.363473 -3.720938 18.141146 -14.052739 -3.242672 5e-06 -18.787266 0.0 -0.429712 -8.456043 2.555503 0.0 1e-06 0.0 -15.923534 -20.094481 -5.473584 30.419201 -7.190823 1.735925 3e-06 -8.162927 -0.0 -1.861903 -22.861467 -6.167938 1e-06 -4e-06 -2e-06 -176.752884 -6.69611 0.966876 7.816017 -0.004944 0.078117 -79.52626 1.366287 -5.58149 -5.493955 1.658415 2.18476 -0.999999 -0.0 -0.0 2.06684 2.044572 -3.959657 8.857707 -0.061568 -0.033272 -77.502579 -6.590552 -3.40937 -4.41554 0.619199 1.680864 -1.000001 -0.0 0.0 
0.0 0.0 0.0 0.0 -0.0 0.0 1.165724 100.446335 1.745524 87.853401 -0.454064 85.299797 1.252867 1.274835 0.245697 -10.412245 -0.15908 0.767797 12.838 -1.436145 -1.713234 23.778929 2.7823 2.745251 -2.631776 -0.832702 -1.705011 -34.98135 1.400586 -3.040179 6e-06 -0.0 -0.0 0.026877 -0.006153 -0.040379 0.051073 -0.031142 -0.034953 0.046088 0.017125 -0.036764 -125.695656 -65.052963 145.240448 13.401716 -59.712875 -4.734494 106.160843 -1.514138 0.334637 -4.754569 -0.523738 6.15115 17.636629 -26.322741 52.411213 -19.466665 -14.395602 29.410395 -2e-06 -8.774822 -2e-06 15.429711 -17.776409 6.588823 -0.609777 -1.795654 -3.889329 -4.80709 -11.046812 -2.93785 3e-06 -20.976021 0.0 -5.019971 -25.03356 -4.031882 4e-06 -2e-06 1e-06 -10.634537 -5.686972 -3.565589 10.573275 -17.922951 -3.113901 3e-06 -13.821211 1e-06 -0.501779 -31.181501 -4.027016 -11.776317 -58.700027 7.825199 -13.982718 -7.150199 -2.875043 13.772733 -8.401493 -3.218242 0.347731 -34.211559 0.771657 -0.96303 -17.733376 2.621021 0.0 -1e-06 -0.0 -17.346424 -20.095221 -4.201783 21.757561 -1.638376 3.866428 1e-06 -6.338824 1e-06 -1.69759 -22.591745 -6.194007 0.0 -7e-06 -2e-06 60.517677 -76.446556 136.97731 35.216999 -67.433273 -13.961218 26.947432 0.355437 0.068775 4.009041 0.318915 9.990125 22.182117 -20.375898 49.933327 -16.701817 -16.74353 28.476532 -3e-06 -12.690601 -1e-06 16.486553 -17.702188 2.59459 -0.10592 -1.513858 -4.275882 -5.03904 -5.612872 -2.953557 3e-06 -11.020525 -1e-06 -6.111298 -15.895334 -3.840471 -0.0 1e-06 0.0 -10.283371 -5.680289 -4.341837 11.028296 -11.302407 -2.372633 -1.384269 -14.238583 -6.320121 -0.62544 -26.924198 -3.827601 -3.973289 -49.529636 -3.861804 -13.708524 -7.363477 -3.72094 18.14115 -14.052739 -3.242675 5e-06 -18.787271 -2e-06 -0.429712 -8.456043 2.555503 -0.0 1e-06 0.0 -15.923539 -20.094486 -5.473583 30.419218 -7.190826 1.735927 4e-06 -8.162929 -2e-06 -1.861905 -22.861479 -6.167941 1e-06 -4e-06 -2e-06 -176.746948 -6.848637 0.41724 7.851103 0.016488 0.062099 -79.603981 1.025122 -5.525599 -5.546053 1.659079 2.177664 -0.999997 0.0 0.0 1.779557 2.219744 -3.519774 8.956161 -0.051502 -0.029823 -77.324074 -6.16149 -3.225863 -4.605455 0.66024 1.680893 -1.000003 -0.0 -0.0 
0.0 0.0 0.0 0.0 -0.0 0.0 1.119855 100.466248 1.707634 87.630989 -0.549151 84.284622 1.306158 1.342981 0.243139 -10.410833 -0.150025 0.73717 12.678524 -1.24944 -1.593821 23.544529 2.613646 2.802635 -2.645966 -0.827431 -1.646494 -35.106724 1.149403 -2.833911 7e-06 -0.0 0.0 0.013005 -0.007979 -0.050084 0.028114 -0.026201 -0.053633 0.026463 0.008416 -0.037707 -123.552963 -65.671883 142.960068 9.425663 -60.454449 -3.585596 101.878822 -1.051462 0.193888 -7.320011 -1.2803 7.631924 17.636633 -26.322737 52.411213 -19.466665 -14.395598 29.410395 -2e-06 -8.774823 -2e-06 15.441304 -17.737917 6.7137 -0.609777 -1.795654 -3.889328 -4.80709 -11.046812 -2.937851 6e-06 -20.976021 -2e-06 -5.019969 -25.03356 -4.031885 6e-06 -1e-06 0.0 -10.634532 -5.68697 -3.565588 10.573272 -17.922953 -3.113901 3e-06 -13.821211 -1e-06 -0.501776 -31.181505 -4.027018 -11.986354 -59.103691 8.048385 -13.982716 -7.150198 -2.875042 13.772731 -8.401493 -3.218242 0.347734 -34.211555 0.771654 -0.963028 -17.733372 2.62102 -1e-06 -0.0 1e-06 -17.346418 -20.095221 -4.201783 21.757557 -1.638374 3.866427 0.0 -6.338825 1e-06 -1.697588 -22.591745 -6.194008 -0.0 -3e-06 -2e-06 61.798164 -76.844711 135.514633 34.183422 -67.349213 -12.930418 28.770199 0.083335 0.061514 3.407845 0.208128 9.257283 22.182116 -20.3759 49.933327 -16.701817 -16.74353 28.476536 -3e-06 -12.690603 0.0 16.432659 -17.644341 2.562884 -0.105918 -1.513857 -4.275882 -5.03904 -5.612871 -2.953556 3e-06 -11.020524 -2e-06 -6.111298 -15.895334 -3.84047 0.0 -0.0 0.0 -10.283368 -5.680288 -4.341838 11.028294 -11.302407 -2.372633 -1.384268 -14.238581 -6.320121 -0.625438 -26.924194 -3.8276 -4.003284 -49.483894 -3.852375 -13.708525 -7.363477 -3.720939 18.14115 -14.052739 -3.242674 7e-06 -18.787271 -2e-06 -0.429713 -8.456043 2.555505 -1e-06 2e-06 0.0 -15.923534 -20.094484 -5.473585 30.419218 -7.190827 1.735925 3e-06 -8.162927 -2e-06 -1.861902 -22.861473 -6.167941 1e-06 -8e-06 -2e-06 -176.604065 -7.076898 -0.194935 7.856521 0.036469 0.037947 -79.669548 0.578941 -5.466539 -5.4934 1.648639 2.17455 -0.999999 0.0 0.0 1.500885 2.455875 -3.199207 9.198908 -0.037809 -0.01402 -77.117546 -5.500303 -2.963157 -4.71993 0.674167 1.677474 -1.000002 1e-06 -0.0 
0.0 0.0 0.0 0.0 -0.0 0.0 1.03457 100.463936 1.724524 87.426849 -0.623872 83.223564 1.321997 1.38108 0.235658 -10.411942 -0.156154 0.767841 12.590469 -1.07838 -1.558164 23.305737 2.605298 2.843449 -2.633085 -0.805395 -1.650366 -35.214123 0.951786 -2.667001 6e-06 0.0 -0.0 0.010552 -0.008273 -0.062483 0.014596 -0.02343 -0.071876 0.01448 0.005089 -0.046063 -121.49662 -66.105476 140.722626 4.701347 -60.023449 -0.144865 99.344109 -0.426752 0.092269 -9.783418 -4.236798 9.330799 17.636625 -26.322731 52.411182 -19.466658 -14.395596 29.410385 -0.0 -8.774821 -3e-06 15.387479 -17.919962 6.795449 -0.609776 -1.795654 -3.889327 -4.807088 -11.046809 -2.93785 3e-06 -20.976015 2e-06 -5.019971 -25.033552 -4.031879 5e-06 1e-06 -1e-06 -10.634531 -5.68697 -3.565587 10.573272 -17.922951 -3.113901 0.0 -13.821206 3e-06 -0.501776 -31.181498 -4.027016 -12.418701 -59.901394 8.451113 -13.982713 -7.150197 -2.875042 13.772726 -8.401491 -3.218241 0.347734 -34.21154 0.771654 -0.963029 -17.733366 2.62102 -0.0 -0.0 -0.0 -17.346415 -20.095213 -4.20178 21.757555 -1.638375 3.866427 1e-06 -6.338825 1e-06 -1.697588 -22.591742 -6.194006 0.0 -4e-06 -2e-06 62.237743 -77.070984 134.977112 31.793827 -66.90625 -10.117799 32.198219 -0.032065 0.074373 2.818231 -0.176565 8.597319 22.182117 -20.375891 49.933308 -16.701809 -16.743528 28.476522 -3e-06 -12.690601 -1e-06 16.383915 -17.589376 2.539344 -0.10592 -1.513856 -4.275881 -5.039039 -5.61287 -2.953556 3e-06 -11.02052 -2e-06 -6.111299 -15.89533 -3.840469 -0.0 -0.0 -1e-06 -10.283368 -5.680288 -4.341839 11.028292 -11.302402 -2.372632 -1.38427 -14.238577 -6.32012 -0.62544 -26.924185 -3.827599 -4.053101 -49.377457 -3.826494 -13.708524 -7.363475 -3.720939 18.141146 -14.052739 -3.242673 6e-06 -18.787266 -2e-06 -0.429711 -8.456041 2.555503 -0.0 -2e-06 -1e-06 -15.923534 -20.094479 -5.473584 30.41921 -7.190823 1.735926 2e-06 -8.162922 -1e-06 -1.861902 -22.861467 -6.16794 1e-06 -5e-06 -1e-06 -176.448853 -7.308602 -0.790522 7.967029 0.0505 0.009855 -79.834129 0.201679 -5.536969 -5.367858 1.602514 2.169961 -0.999999 0.0 0.0 1.232536 2.688263 -3.033743 9.554677 -0.040479 -0.007582 -77.088577 -4.707894 -2.666946 -4.766435 0.67943 1.677889 -1.000003 0.0 -0.0 
0.0 0.0 0.0 0.0 -0.0 0.0 0.920759 100.444832 1.773619 87.284164 -0.674041 82.264214 1.304371 1.371139 0.202768 -10.429852 -0.17433 0.815899 12.564763 -0.913651 -1.608786 23.209635 2.721166 2.893996 -2.623776 -0.765986 -1.666934 -35.287884 0.762068 -2.572605 6e-06 0.0 -0.0 0.018194 -0.006326 -0.060132 0.008549 -0.024249 -0.072559 0.010388 0.009823 -0.042626 -119.339607 -66.452766 138.399796 0.932319 -59.145683 3.926284 98.171959 -0.028452 0.011653 -11.706723 -8.371949 10.855722 17.636629 -26.322741 52.411205 -19.46666 -14.395597 29.410393 -0.0 -8.774819 -2e-06 15.370342 -18.159554 6.782781 -0.609778 -1.795654 -3.889328 -4.807086 -11.046811 -2.93785 2e-06 -20.976015 -0.0 -5.01997 -25.033556 -4.031879 5e-06 -0.0 2e-06 -10.634533 -5.68697 -3.565588 10.573274 -17.922951 -3.113897 2e-06 -13.821211 2e-06 -0.501781 -31.181505 -4.027012 -12.746816 -60.490982 8.792354 -13.982716 -7.150198 -2.875041 13.772728 -8.401493 -3.21824 0.34773 -34.211544 0.771659 -0.96303 -17.733368 2.621021 -0.0 0.0 -1e-06 -17.34642 -20.095219 -4.201782 21.757559 -1.638375 3.866429 3e-06 -6.338824 1e-06 -1.697589 -22.591742 -6.194006 -0.0 -4e-06 -2e-06 62.355865 -77.163269 134.822632 28.170462 -66.345078 -6.165335 37.302799 0.021845 0.083438 2.361291 -0.512572 7.84861 22.182117 -20.375904 49.933331 -16.701807 -16.74353 28.476534 -2e-06 -12.690601 -1e-06 16.305401 -17.573084 2.583642 -0.105921 -1.513857 -4.275881 -5.03904 -5.612871 -2.953557 4e-06 -11.020523 -2e-06 -6.111299 -15.89533 -3.84047 0.0 -1e-06 -1e-06 -10.283373 -5.680289 -4.34184 11.028296 -11.302406 -2.372633 -1.384269 -14.238581 -6.320121 -0.625439 -26.924189 -3.8276 -4.136915 -49.316917 -3.717361 -13.708527 -7.363477 -3.720941 18.141148 -14.052738 -3.242673 6e-06 -18.78727 -1e-06 -0.429713 -8.456042 2.555506 0.0 -0.0 1e-06 -15.923538 -20.094486 -5.473587 30.419218 -7.190826 1.735926 2e-06 -8.162929 -0.0 -1.861903 -22.861473 -6.167942 -0.0 -3e-06 -0.0 -176.341904 -7.488786 -1.284277 8.185734 0.054954 -0.017709 -80.049248 -0.054831 -5.665959 -5.218779 1.555311 2.165509 -0.999999 0.0 -0.0 0.989758 2.875881 -2.889136 9.968411 -0.048076 -0.030233 -77.118011 -3.998111 -2.423408 -4.764548 0.674018 1.679243 -1.000003 0.0 -0.0 
0.0 0.0 0.0 0.0 -0.0 0.0 0.802784 100.409523 1.820539 87.181709 -0.676531 81.541969 1.276179 1.351197 0.157095 -10.443552 -0.200853 0.796275 12.556944 -0.745679 -1.727457 23.29479 2.95247 2.97352 -2.635701 -0.732596 -1.699202 -35.25407 0.517668 -2.543 6e-06 0.0 1e-06 0.028302 -0.007367 -0.067977 0.006633 -0.032064 -0.079891 0.008009 0.015572 -0.05187 -117.362404 -66.812218 136.329193 -0.743958 -58.647816 6.992998 97.790993 -0.013841 -0.033277 -12.708348 -11.582589 11.399844 17.63662 -26.322731 52.411201 -19.466665 -14.395597 29.410398 1e-06 -8.774822 -2e-06 15.387395 -18.26503 6.68929 -0.609774 -1.795653 -3.889328 -4.807091 -11.046813 -2.937849 4e-06 -20.976021 -1e-06 -5.019972 -25.033562 -4.03188 7e-06 -0.0 -1e-06 -10.634533 -5.686971 -3.565588 10.573274 -17.922951 -3.113901 2e-06 -13.821209 1e-06 -0.501778 -31.181505 -4.027018 -12.744886 -60.575233 8.838022 -13.982714 -7.150199 -2.875043 13.772731 -8.401493 -3.218241 0.347733 -34.211555 0.771653 -0.96303 -17.733372 2.621019 0.0 -0.0 1e-06 -17.346418 -20.095221 -4.201783 21.757557 -1.638375 3.866429 1e-06 -6.338824 1e-06 -1.697589 -22.591751 -6.19401 1e-06 -4e-06 -1e-06 62.731831 -77.091316 134.446991 23.380484 -65.82547 -1.634062 44.108673 0.119377 0.054879 2.140216 -0.590626 6.804332 22.182116 -20.3759 49.933323 -16.701811 -16.74353 28.47653 -3e-06 -12.690603 -1e-06 16.129562 -17.573946 2.725969 -0.10592 -1.513857 -4.275882 -5.03904 -5.612871 -2.953556 4e-06 -11.020521 -2e-06 -6.111298 -15.89533 -3.84047 1e-06 0.0 -1e-06 -10.28337 -5.680288 -4.34184 11.028293 -11.302406 -2.372632 -1.38427 -14.238579 -6.320121 -0.625437 -26.924189 -3.8276 -4.289196 -49.35178 -3.491452 -13.708524 -7.363475 -3.72094 18.14115 -14.052739 -3.242675 5e-06 -18.78727 -0.0 -0.429711 -8.456042 2.555503 1e-06 0.0 0.0 -15.923536 -20.094482 -5.473586 30.41921 -7.190825 1.735926 1e-06 -8.162926 -1e-06 -1.861903 -22.861469 -6.16794 -1e-06 -2e-06 -1e-06 -176.325012 -7.645082 -1.654182 8.58348 0.055861 -0.028536 -80.343208 -0.11647 -5.721608 -5.122334 1.540317 2.166807 -0.999999 0.0 0.0 0.811297 3.0308 -2.739812 10.387193 -0.048912 -0.059053 -77.282722 -3.534938 -2.25044 -4.805608 0.664604 1.679782 -1.000002 0.0 0.0 
0.0 0.0 0.0 0.0 -0.0 0.0 0.690599 100.359741 1.848256 87.106956 -0.63861 81.097481 1.249063 1.356227 0.09465 -10.463193 -0.227287 0.70109 12.558129 -0.561171 -1.916469 23.516251 3.187954 3.083739 -2.651478 -0.70037 -1.83051 -35.104942 0.203581 -2.50826 6e-06 0.0 -0.0 0.032183 -0.010888 -0.084425 0.010523 -0.043075 -0.092394 0.00837 0.019508 -0.07218 -115.843422 -67.325378 134.702805 -0.332079 -58.905766 8.421457 97.893723 -0.248532 -0.094616 -13.283374 -13.713886 11.166984 17.636629 -26.322725 52.41119 -19.466663 -14.395596 29.410385 -1e-06 -8.77482 -3e-06 15.388144 -18.244844 6.581041 -0.609779 -1.795652 -3.889329 -4.80709 -11.046809 -2.937851 2e-06 -20.976015 1e-06 -5.01997 -25.033548 -4.031878 5e-06 1e-06 1e-06 -10.634535 -5.68697 -3.565588 10.573272 -17.922945 -3.113901 3e-06 -13.821205 1e-06 -0.501776 -31.181498 -4.027018 -12.58151 -60.368431 8.710416 -13.982715 -7.150196 -2.875044 13.772728 -8.401493 -3.218241 0.347733 -34.211544 0.771655 -0.963028 -17.733368 2.621017 1e-06 1e-06 2e-06 -17.34642 -20.095213 -4.201782 21.757563 -1.638375 3.866428 2e-06 -6.338824 0.0 -1.697587 -22.591738 -6.19401 1e-06 -4e-06 -1e-06 63.211899 -76.882416 134.012451 17.653797 -65.291328 3.095237 52.47274 0.062219 -0.034548 2.290348 -0.428249 5.113796 22.18211 -20.375891 49.933315 -16.701813 -16.743525 28.476528 -3e-06 -12.690598 -1e-06 15.874941 -17.592575 2.900336 -0.10592 -1.513856 -4.275882 -5.039041 -5.612872 -2.953555 5e-06 -11.020524 -3e-06 -6.111297 -15.895334 -3.84047 -0.0 0.0 -0.0 -10.283371 -5.680288 -4.341839 11.028294 -11.302404 -2.372633 -1.384266 -14.238581 -6.320121 -0.625436 -26.924191 -3.827604 -4.443012 -49.446999 -3.291087 -13.708523 -7.363474 -3.720939 18.141148 -14.052739 -3.242674 7e-06 -18.787268 -2e-06 -0.429714 -8.456045 2.555504 0.0 0.0 -1e-06 -15.923534 -20.094482 -5.473584 30.419207 -7.190826 1.735924 2e-06 -8.162927 -0.0 -1.861903 -22.861467 -6.167941 1e-06 -3e-06 -1e-06 -176.416534 -7.792914 -1.968793 9.156857 0.052117 -0.025226 -80.712852 0.050427 -5.684641 -5.091706 1.547379 2.170951 -1.0 0.0 0.0 0.677929 3.16377 -2.597445 10.811423 -0.043928 -0.077342 -77.52993 -3.334437 -2.131011 -4.89309 0.650956 1.67748 -1.000003 0.0 -0.0 
0.0 0.0 0.0 0.0 -0.0 0.0 0.571515 100.294426 1.853343 87.082336 -0.553647 80.93969 1.233955 1.377613 0.00907 -10.48813 -0.252307 0.519013 12.561748 -0.374543 -2.191175 23.789536 3.378126 3.205539 -2.65205 -0.685839 -2.053726 -34.84729 -0.185009 -2.440689 7e-06 -0.0 -1e-06 0.022557 -0.014775 -0.101956 0.012299 -0.05182 -0.103388 0.007322 0.020299 -0.096312 -114.538956 -68.126419 133.244431 2.113824 -59.919418 8.043993 98.367508 -0.636524 -0.167785 -13.812887 -15.519383 10.538166 17.636641 -26.322725 52.411201 -19.466665 -14.395602 29.410395 -0.0 -8.774823 -3e-06 15.37581 -18.145216 6.458189 -0.609778 -1.795656 -3.889328 -4.80709 -11.046811 -2.937852 2e-06 -20.976021 -1e-06 -5.019973 -25.03356 -4.031885 6e-06 -1e-06 1e-06 -10.634537 -5.686972 -3.565588 10.573277 -17.922955 -3.113903 2e-06 -13.821213 1e-06 -0.501777 -31.181507 -4.027019 -12.341335 -60.00024 8.486338 -13.982719 -7.150201 -2.875044 13.772733 -8.401493 -3.218242 0.347735 -34.211544 0.771652 -0.963029 -17.733372 2.621021 1e-06 0.0 0.0 -17.34643 -20.095224 -4.201783 21.757566 -1.638375 3.866432 1e-06 -6.338827 1e-06 -1.697587 -22.591745 -6.194012 1e-06 -4e-06 -1e-06 63.471878 -76.580696 133.822525 11.317668 -64.572647 8.0569 62.441841 -0.239152 -0.17776 2.955603 -0.145369 2.297379 22.182119 -20.375898 49.933327 -16.701817 -16.74353 28.476532 -3e-06 -12.690605 -1e-06 15.627546 -17.635918 3.023426 -0.105918 -1.513856 -4.275882 -5.039043 -5.612873 -2.953557 4e-06 -11.020525 -2e-06 -6.111293 -15.895334 -3.840472 0.0 -1e-06 1e-06 -10.283373 -5.680288 -4.341838 11.028296 -11.302406 -2.372633 -1.384266 -14.238581 -6.320121 -0.625435 -26.924191 -3.827602 -4.521411 -49.56485 -3.224944 -13.708527 -7.363476 -3.720939 18.141148 -14.052739 -3.242674 5e-06 -18.78727 -1e-06 -0.42971 -8.456047 2.555504 -1e-06 2e-06 -1e-06 -15.923538 -20.094482 -5.473584 30.419218 -7.190827 1.735925 1e-06 -8.162926 -1e-06 -1.861902 -22.861471 -6.167941 1e-06 -3e-06 -0.0 -176.605804 -7.914266 -2.177128 9.856805 0.036927 -0.016115 -81.122429 0.432094 -5.634451 -5.089548 1.559319 2.175241 -0.999998 -0.0 0.0 0.549377 3.249333 -2.587093 11.326386 -0.036758 -0.071044 -77.902679 -3.29717 -2.049134 -4.994794 0.62779 1.669612 -1.000002 -0.0 -0.0 
0.0 0.0 0.0 0.0 -0.0 0.0 0.444856 100.232567 1.835016 87.099792 -0.452582 81.070541 1.207681 1.426692 -0.109624 -10.51757 -0.276404 0.224125 12.564101 -0.18153 -2.528097 24.065716 3.447193 3.356266 -2.639849 -0.70206 -2.342585 -34.497795 -0.645744 -2.369431 6e-06 0.0 0.0 0.002805 -0.018795 -0.12571 0.006092 -0.057957 -0.119621 0.001162 0.017912 -0.128389 -113.533508 -69.16671 132.029266 6.914756 -61.386921 5.464424 99.0438 -1.151089 -0.192874 -14.206595 -17.128273 9.59944 17.636631 -26.322721 52.411182 -19.46666 -14.395594 29.410385 -1e-06 -8.774821 -4e-06 15.290555 -17.984074 6.355865 -0.609777 -1.795654 -3.889324 -4.807087 -11.046809 -2.937851 2e-06 -20.976015 0.0 -5.019969 -25.033554 -4.031881 7e-06 -1e-06 -2e-06 -10.634533 -5.686971 -3.565586 10.573271 -17.922947 -3.1139 2e-06 -13.82121 1e-06 -0.501778 -31.181501 -4.027016 -12.069591 -59.467274 8.210003 -13.982714 -7.150197 -2.875042 13.772727 -8.401491 -3.218241 0.347734 -34.211536 0.771653 -0.963027 -17.733366 2.621019 -1e-06 0.0 -1e-06 -17.346416 -20.095217 -4.201784 21.757557 -1.638373 3.866428 -0.0 -6.338825 0.0 -1.697589 -22.59174 -6.19401 0.0 -5e-06 -1e-06 63.465218 -76.20549 133.889999 5.520308 -63.766171 12.466439 73.589645 -0.653442 -0.384467 4.061535 0.174044 -1.651098 22.182106 -20.375898 49.933327 -16.701811 -16.743528 28.476536 -3e-06 -12.690598 0.0 15.519858 -17.715487 3.00617 -0.10592 -1.513856 -4.275882 -5.039042 -5.612871 -2.953557 6e-06 -11.020521 -3e-06 -6.1113 -15.895332 -3.84047 -0.0 -1e-06 0.0 -10.283371 -5.680288 -4.341839 11.028293 -11.302403 -2.372634 -1.384269 -14.238581 -6.320123 -0.625436 -26.924187 -3.827604 -4.412831 -49.67017 -3.377411 -13.708524 -7.363477 -3.720939 18.141148 -14.052739 -3.242674 3e-06 -18.78727 -1e-06 -0.429709 -8.456041 2.555505 -0.0 1e-06 0.0 -15.923536 -20.094482 -5.473587 30.41921 -7.190827 1.735925 3e-06 -8.162924 0.0 -1.861905 -22.861467 -6.16794 2e-06 -2e-06 -1e-06 -176.904922 -8.021399 -2.238482 10.633521 0.014359 -0.009804 -81.48896 1.02553 -5.603243 -5.099627 1.571531 2.179629 -0.999998 0.0 0.0 0.432395 3.310092 -2.634123 11.834121 -0.035042 -0.04932 -78.287216 -3.473073 -2.048288 -5.044749 0.608783 1.662848 -1.000002 -0.0 0.0 
0.0 0.0 0.0 0.0 -0.0 0.0 0.313786 100.178909 1.787173 87.140686 -0.383846 81.305763 1.151428 1.511084 -0.231611 -10.548933 -0.297516 -0.136957 12.559736 0.057914 -2.904815 24.295116 3.307355 3.469637 -2.625126 -0.743706 -2.615007 -34.070599 -1.153758 -2.293322 6e-06 -0.0 -1e-06 -0.019156 -0.02217 -0.144642 -0.000502 -0.061307 -0.129441 -0.002506 0.013671 -0.157963 -113.077263 -70.335098 131.341293 14.190221 -62.781467 0.560362 99.786644 -1.633613 -0.122781 -14.186706 -18.501173 8.625297 17.636625 -26.322733 52.411194 -19.466658 -14.3956 29.410385 0.0 -8.774821 -2e-06 15.151885 -17.775255 6.318192 -0.609776 -1.795654 -3.889327 -4.80709 -11.046811 -2.937849 3e-06 -20.976013 1e-06 -5.019969 -25.033556 -4.031878 7e-06 -1e-06 -3e-06 -10.634531 -5.686971 -3.565586 10.573271 -17.922949 -3.1139 1e-06 -13.821206 -0.0 -0.501779 -31.181501 -4.027012 -11.831603 -58.880642 7.99015 -13.982712 -7.150198 -2.875041 13.772729 -8.401493 -3.21824 0.347732 -34.211555 0.771656 -0.96303 -17.73337 2.621018 0.0 1e-06 2e-06 -17.346415 -20.095217 -4.201782 21.757555 -1.638377 3.866426 0.0 -6.338823 2e-06 -1.697588 -22.59174 -6.194005 1e-06 -4e-06 -3e-06 63.574528 -75.907234 133.821091 1.629347 -63.320621 15.200914 85.255112 -0.951957 -0.537706 5.219333 0.79389 -6.130912 22.182119 -20.375895 49.933319 -16.701813 -16.74353 28.47653 -3e-06 -12.6906 -1e-06 15.512453 -17.760027 2.931174 -0.105918 -1.513856 -4.275882 -5.039042 -5.612872 -2.953557 7e-06 -11.020523 -1e-06 -6.111297 -15.89533 -3.840472 1e-06 -0.0 1e-06 -10.283369 -5.680288 -4.341838 11.028296 -11.302404 -2.372633 -1.384269 -14.238582 -6.320122 -0.625438 -26.924194 -3.827601 -4.227954 -49.68573 -3.558743 -13.708526 -7.363476 -3.720939 18.141155 -14.052739 -3.242675 6e-06 -18.787271 -3e-06 -0.429712 -8.456041 2.555503 1e-06 1e-06 -0.0 -15.923532 -20.094482 -5.473585 30.41921 -7.190827 1.735926 2e-06 -8.162925 -1e-06 -1.861903 -22.861469 -6.167941 1e-06 -3e-06 -0.0 -177.323654 -8.038112 -2.246407 11.475912 -0.009806 0.005847 -81.855942 1.658649 -5.51463 -5.109175 1.570773 2.178755 -0.999999 -0.0 0.0 0.267659 3.375076 -2.58724 12.322672 -0.039291 -0.031327 -78.673271 -3.808276 -2.1294 -5.026868 0.595534 1.657121 -1.000002 0.0 0.0 
0.0 0.0 0.0 0.0 -0.0 0.0 0.178247 100.118622 1.70391 87.221802 -0.371959 81.502426 1.07721 1.619346 -0.334291 -10.565931 -0.318035 -0.49115 12.523668 0.356837 -3.328863 24.438126 2.907735 3.541165 -2.615267 -0.790092 -2.849048 -33.554928 -1.719064 -2.199908 7e-06 0.0 -1e-06 -0.034608 -0.024823 -0.152491 0.003532 -0.059347 -0.126721 0.005304 0.005361 -0.17801 -113.362068 -71.545097 131.35289 23.622484 -63.543148 -6.460669 100.451477 -1.94227 -0.006596 -13.649319 -19.654968 7.965799 17.636629 -26.322733 52.411205 -19.466663 -14.395596 29.410393 1e-06 -8.774822 -2e-06 15.036646 -17.554604 6.344942 -0.609777 -1.795652 -3.889328 -4.807091 -11.046813 -2.93785 4e-06 -20.976015 -0.0 -5.01997 -25.033558 -4.031882 7e-06 -1e-06 0.0 -10.634535 -5.686968 -3.565589 10.573271 -17.922951 -3.1139 3e-06 -13.821209 2e-06 -0.501776 -31.181505 -4.027017 -11.631329 -58.410126 7.853759 -13.982715 -7.150198 -2.875043 13.77273 -8.401496 -3.218241 0.347734 -34.211555 0.771655 -0.96303 -17.733372 2.621023 0.0 0.0 -0.0 -17.346418 -20.095221 -4.20178 21.757557 -1.638376 3.866428 1e-06 -6.33882 -0.0 -1.697589 -22.591743 -6.194007 0.0 -4e-06 -1e-06 63.833878 -75.817032 133.466278 0.477095 -63.682411 15.438122 96.872383 -1.27704 -0.551559 6.456012 2.23172 -10.695372 22.182114 -20.3759 49.933327 -16.701817 -16.74353 28.476536 -2e-06 -12.690603 -0.0 15.547847 -17.70155 2.851665 -0.105919 -1.513856 -4.275882 -5.039041 -5.612873 -2.953557 5e-06 -11.020525 -3e-06 -6.111298 -15.895334 -3.840472 1e-06 0.0 1e-06 -10.28337 -5.680288 -4.341839 11.028296 -11.302406 -2.372633 -1.384269 -14.238583 -6.320121 -0.625438 -26.924194 -3.8276 -4.093096 -49.560829 -3.628187 -13.708524 -7.363477 -3.72094 18.141151 -14.05274 -3.242676 6e-06 -18.787273 -2e-06 -0.429712 -8.456044 2.555504 0.0 -0.0 0.0 -15.923536 -20.094484 -5.473584 30.419218 -7.190825 1.735926 2e-06 -8.162927 -0.0 -1.861903 -22.861473 -6.167942 1e-06 -2e-06 -2e-06 -177.850296 -8.082298 -2.252045 12.356831 -0.034337 0.037131 -82.185608 2.237925 -5.471212 -5.121114 1.561707 2.176117 -0.999999 0.0 0.0 -0.047069 3.429539 -2.361295 12.919478 -0.046484 -0.022528 -79.049904 -4.278553 -2.26723 -4.93716 0.591904 1.65621 -1.000003 0.0 -0.0 
0.0 0.0 0.0 0.0 -0.0 0.0 0.046473 100.035492 1.588132 87.355614 -0.467351 81.527374 0.974283 1.740758 -0.406546 -10.559132 -0.336385 -0.77933 12.423189 0.723948 -3.761699 24.519176 2.202257 3.547465 -2.602336 -0.835098 -2.993158 -32.96743 -2.377186 -2.061702 6e-06 -0.0 -1e-06 -0.033454 -0.025278 -0.140719 0.025528 -0.045681 -0.105461 0.028218 -0.010335 -0.176604 -114.408623 -72.66597 132.031067 33.587955 -63.223537 -14.245309 101.050247 -2.029998 0.101051 -12.704013 -20.615223 8.448695 17.636633 -26.322733 52.41119 -19.466656 -14.395598 29.410381 1e-06 -8.774821 -3e-06 14.95195 -17.233332 6.365104 -0.609776 -1.795652 -3.889328 -4.807091 -11.046813 -2.937848 4e-06 -20.976013 0.0 -5.019969 -25.033558 -4.031881 6e-06 -0.0 0.0 -10.634536 -5.686967 -3.565587 10.573275 -17.922953 -3.113901 3e-06 -13.821209 2e-06 -0.501778 -31.181501 -4.027015 -11.363676 -58.158527 7.689494 -13.982714 -7.150197 -2.875041 13.772731 -8.401493 -3.21824 0.347734 -34.211544 0.771656 -0.963029 -17.73337 2.621021 -0.0 -0.0 -0.0 -17.34642 -20.095217 -4.20178 21.757559 -1.638376 3.866426 2e-06 -6.338822 1e-06 -1.697588 -22.591745 -6.194006 -0.0 -4e-06 -2e-06 63.80904 -75.996742 133.087326 3.121664 -65.006699 12.513731 107.95916 -1.519573 -0.433504 7.636518 4.633809 -14.576448 22.182123 -20.375898 49.933323 -16.701817 -16.743532 28.476534 -3e-06 -12.690605 -1e-06 15.686478 -17.525331 2.747849 -0.105919 -1.513856 -4.275881 -5.039042 -5.612873 -2.953557 4e-06 -11.020527 -2e-06 -6.1113 -15.895338 -3.84047 -1e-06 -1e-06 -1e-06 -10.283373 -5.68029 -4.341839 11.028296 -11.302408 -2.372633 -1.384269 -14.238585 -6.32012 -0.625439 -26.924194 -3.827601 -3.935087 -49.246635 -3.690542 -13.708527 -7.363479 -3.720939 18.141151 -14.052746 -3.242675 6e-06 -18.787275 -2e-06 -0.429712 -8.456046 2.555504 0.0 2e-06 -0.0 -15.923539 -20.09449 -5.473584 30.419218 -7.190829 1.735926 1e-06 -8.16293 -1e-06 -1.861902 -22.861483 -6.167946 -0.0 -1e-06 -2e-06 -178.452698 -8.076069 -2.332403 13.179699 -0.059239 0.063497 -82.57666 2.736159 -5.427926 -5.15336 1.541301 2.170195 -0.999998 0.0 -0.0 -0.636725 3.460395 -1.875532 13.751515 -0.053463 -0.011843 -79.607483 -4.932337 -2.431453 -4.775306 0.603018 1.663242 -1.000003 -0.0 0.0 
0.0 0.0 0.0 0.0 -0.0 0.0 -0.079376 99.925987 1.447626 87.525826 -0.655301 81.139015 0.867906 1.877653 -0.43546 -10.542283 -0.344977 -0.963792 12.255136 1.161301 -4.104248 24.632633 1.167943 3.417328 -2.571536 -0.904948 -3.016083 -32.316547 -3.106075 -1.773117 6e-06 -0.0 0.0 -0.014611 -0.024557 -0.109089 0.062412 -0.016652 -0.0676 0.062815 -0.039202 -0.152892 -115.53627 -73.678772 132.679977 41.704044 -62.041424 -21.08473 101.776482 -2.061532 0.211725 -11.496027 -21.650427 10.467535 17.636627 -26.322725 52.411186 -19.466656 -14.395597 29.410385 1e-06 -8.774821 -1e-06 14.845104 -16.802147 6.300743 -0.609777 -1.795653 -3.889328 -4.807086 -11.046809 -2.93785 2e-06 -20.976013 -0.0 -5.019969 -25.033556 -4.031881 7e-06 0.0 1e-06 -10.634533 -5.686972 -3.565588 10.573272 -17.922947 -3.113902 3e-06 -13.821208 1e-06 -0.501777 -31.181501 -4.027017 -10.99321 -58.146446 7.403444 -13.982712 -7.150197 -2.875042 13.772726 -8.401492 -3.218242 0.347732 -34.211544 0.771654 -0.963029 -17.733366 2.621019 0.0 1e-06 -0.0 -17.346416 -20.095217 -4.201781 21.757555 -1.638373 3.866428 1e-06 -6.338821 0.0 -1.697587 -22.591742 -6.194007 0.0 -4e-06 -2e-06 63.344105 -76.507118 132.743195 11.373869 -67.060501 5.585206 118.555923 -1.114746 -0.112428 7.812661 7.243629 -16.5802 22.182116 -20.375885 49.9333 -16.701809 -16.743528 28.476519 -4e-06 -12.6906 -1e-06 15.895013 -17.21526 2.725381 -0.105919 -1.513856 -4.27588 -5.039041 -5.612872 -2.953557 4e-06 -11.020525 -2e-06 -6.111298 -15.895332 -3.84047 1e-06 -0.0 -0.0 -10.283369 -5.680288 -4.341837 11.028294 -11.302404 -2.372633 -1.384268 -14.238581 -6.320121 -0.625434 -26.924191 -3.827603 -3.725842 -49.017799 -3.75989 -13.708525 -7.363475 -3.720938 18.141148 -14.052739 -3.242672 1e-05 -18.78727 -2e-06 -0.429711 -8.456042 2.555503 -1e-06 0.0 -0.0 -15.923536 -20.094482 -5.473585 30.419214 -7.190827 1.735928 3e-06 -8.162925 0.0 -1.8619 -22.861467 -6.167941 0.0 -2e-06 -2e-06 -178.994598 -8.031438 -2.645882 13.846406 -0.071212 0.071354 -83.047165 3.117009 -5.433328 -5.213585 1.509391 2.155599 -1.0 -1e-06 -0.0 -1.526083 3.479486 -1.033553 14.88956 -0.055469 0.018393 -80.291016 -5.687256 -2.570652 -4.634631 0.637239 1.673145 -1.000001 -0.0 -0.0 
0.0 0.0 0.0 0.0 -0.0 0.0 -0.21551 99.832634 1.308015 87.722145 -0.893529 80.295799 0.778316 2.029318 -0.434226 -10.551839 -0.341947 -1.075268 12.04885 1.66924 -4.204998 24.839466 -0.201543 3.176527 -2.530102 -0.972168 -3.030339 -31.489372 -3.91528 -1.303139 6e-06 0.0 0.0 0.008076 -0.021859 -0.060001 0.092488 0.021153 -0.013729 0.09166 -0.073267 -0.111737 -116.125198 -74.606758 132.620224 46.485435 -60.732464 -25.850771 102.657585 -2.147057 0.326635 -10.160005 -22.885803 13.255524 17.636633 -26.322725 52.41119 -19.466656 -14.395596 29.410381 1e-06 -8.77482 -3e-06 14.811245 -16.52668 6.192053 -0.609775 -1.795653 -3.889328 -4.807092 -11.046811 -2.93785 2e-06 -20.976015 -2e-06 -5.019969 -25.033556 -4.031886 5e-06 0.0 -0.0 -10.634534 -5.686972 -3.565591 10.573271 -17.922945 -3.1139 2e-06 -13.821206 -1e-06 -0.501776 -31.181501 -4.02702 -10.889111 -58.491882 7.30648 -13.982714 -7.150201 -2.875044 13.772728 -8.401492 -3.218239 0.347731 -34.211555 0.771654 -0.96303 -17.733372 2.621019 2e-06 1e-06 1e-06 -17.346422 -20.095221 -4.201783 21.757559 -1.638372 3.86643 1e-06 -6.338824 0.0 -1.69759 -22.591743 -6.194009 1e-06 -4e-06 -2e-06 63.081707 -77.312798 131.87767 27.484531 -69.04438 -6.947287 128.215958 -0.130891 0.332506 7.289826 9.279165 -16.452145 22.182119 -20.375889 49.933315 -16.701815 -16.743526 28.47653 -3e-06 -12.690603 -1e-06 15.85003 -16.907055 2.873781 -0.105921 -1.513856 -4.275882 -5.039042 -5.61287 -2.953557 3e-06 -11.020523 -3e-06 -6.111295 -15.89533 -3.840472 0.0 -1e-06 1e-06 -10.283367 -5.680288 -4.341841 11.02829 -11.302404 -2.372632 -1.38427 -14.238582 -6.32012 -0.625438 -26.924187 -3.827603 -3.68933 -48.957661 -3.66399 -13.708526 -7.363477 -3.720941 18.141148 -14.052739 -3.242674 7e-06 -18.78727 -4e-06 -0.429711 -8.456043 2.555505 0.0 3e-06 -0.0 -15.923532 -20.094484 -5.473587 30.41921 -7.190826 1.735927 2e-06 -8.162925 -2e-06 -1.861902 -22.861471 -6.167943 0.0 -3e-06 -1e-06 -179.36441 -7.978279 -3.29735 14.285675 -0.062228 0.052523 -83.399078 3.349367 -5.501782 -5.28461 1.464028 2.139144 -0.999999 -0.0 -0.0 -2.576204 3.512714 0.097528 16.181692 -0.052383 0.061564 -80.868279 -6.344407 -2.635215 -4.574478 0.693442 1.685121 -1.000002 0.0 0.0 
0.0 0.0 0.0 0.0 -0.0 0.0 -0.378457 99.786804 1.203261 87.905014 -1.14235 79.148102 0.691608 2.218495 -0.445612 -10.601449 -0.31216 -1.154485 11.841374 2.195442 -3.965385 25.187515 -1.789829 2.929981 -2.500757 -1.001656 -3.12543 -30.410112 -4.791092 -0.794199 6e-06 -0.0 1e-06 0.015073 -0.015271 0.0138 0.103086 0.057973 0.064279 0.101858 -0.098687 -0.046163 -115.647491 -75.362358 131.513718 47.981667 -59.981022 -28.348597 103.54895 -2.369231 0.30643 -8.931659 -24.144505 15.818819 17.636623 -26.322729 52.411201 -19.466663 -14.395598 29.410395 -1e-06 -8.774822 -3e-06 14.890484 -16.573729 6.126516 -0.609775 -1.795656 -3.889327 -4.807088 -11.046809 -2.937851 5e-06 -20.976019 -2e-06 -5.01997 -25.03356 -4.031882 5e-06 -0.0 0.0 -10.634536 -5.68697 -3.565587 10.573276 -17.922949 -3.113901 4e-06 -13.821209 -1e-06 -0.501778 -31.181505 -4.027015 -11.313263 -59.08527 7.640587 -13.982714 -7.1502 -2.875042 13.772729 -8.401491 -3.218241 0.347735 -34.211555 0.771652 -0.963029 -17.733368 2.621019 1e-06 -0.0 0.0 -17.34642 -20.095221 -4.201783 21.757557 -1.638372 3.866428 1e-06 -6.338824 2e-06 -1.69759 -22.591747 -6.19401 1e-06 -4e-06 -1e-06 63.902985 -78.40303 129.776184 50.37574 -69.332932 -24.835011 136.093155 0.452391 0.590798 7.91615 10.610756 -14.221133 22.182119 -20.3759 49.933308 -16.701817 -16.743534 28.47653 -3e-06 -12.690605 -3e-06 15.524544 -16.721151 2.84984 -0.105919 -1.513856 -4.275882 -5.039044 -5.612871 -2.953557 8e-06 -11.020526 0.0 -6.111298 -15.895334 -3.840469 -2e-06 -1e-06 -0.0 -10.283373 -5.680287 -4.341838 11.028301 -11.302408 -2.372634 -1.38427 -14.238583 -6.32012 -0.625435 -26.924191 -3.8276 -3.911145 -48.745991 -3.411496 -13.708529 -7.363475 -3.720939 18.141153 -14.052744 -3.242676 8e-06 -18.787273 -3e-06 -0.429711 -8.456045 2.555504 0.0 2e-06 0.0 -15.923541 -20.094482 -5.473581 30.419218 -7.190829 1.735923 5e-06 -8.162927 1e-06 -1.861901 -22.861473 -6.167938 1e-06 -3e-06 -0.0 -179.491653 -7.943113 -4.087721 14.422262 -0.046779 0.027182 -83.507591 3.290985 -5.524321 -5.400376 1.428705 2.132909 -1.0 -0.0 0.0 -3.574295 3.620395 1.364761 17.368176 -0.060842 0.123284 -81.159157 -6.826125 -2.655738 -4.553039 0.750249 1.701346 -1.000002 -1e-06 -0.0 
0.0 0.0 0.0 0.0 -0.0 0.0 -0.596452 99.798363 1.156535 87.97963 -1.439344 78.008751 0.545531 2.472318 -0.495155 -10.677817 -0.258814 -1.237466 11.639393 2.67652 -3.476445 25.708221 -3.273293 2.724205 -2.505314 -1.038822 -3.242043 -29.215065 -5.590975 -0.486775 6e-06 0.0 1e-06 -0.002041 -0.00556 0.048059 0.088835 0.083073 0.10225 0.088917 -0.105702 -0.019209 -114.134964 -75.55262 129.760696 46.886292 -59.952225 -28.305412 104.525856 -2.796176 0.01891 -8.129753 -25.437374 17.50359 17.636627 -26.322725 52.41119 -19.46666 -14.395597 29.410385 -1e-06 -8.774821 -3e-06 14.998971 -16.81712 6.151912 -0.609777 -1.795656 -3.889326 -4.80709 -11.046809 -2.937849 2e-06 -20.976011 -1e-06 -5.019971 -25.033552 -4.03188 5e-06 -0.0 1e-06 -10.634533 -5.686969 -3.565587 10.573272 -17.922947 -3.113902 2e-06 -13.821206 2e-06 -0.501777 -31.181498 -4.027019 -11.9173 -59.584892 8.072336 -13.982714 -7.150199 -2.875042 13.772728 -8.401488 -3.21824 0.347736 -34.211544 0.771651 -0.963027 -17.733368 2.62102 0.0 -1e-06 0.0 -17.346422 -20.095217 -4.201782 21.757559 -1.638373 3.866428 0.0 -6.338822 1e-06 -1.697589 -22.591742 -6.194006 -1e-06 -4e-06 -3e-06 64.618546 -79.479332 127.967064 71.024689 -67.009949 -41.020218 142.160645 0.002677 0.388879 11.131028 11.514376 -10.304508 22.182123 -20.375898 49.933311 -16.701817 -16.74353 28.47653 -3e-06 -12.690605 -2e-06 15.704869 -16.953053 2.518279 -0.10592 -1.513856 -4.275881 -5.039039 -5.612871 -2.953556 5e-06 -11.020526 -3e-06 -6.1113 -15.895334 -3.84047 0.0 -0.0 0.0 -10.283373 -5.680288 -4.341837 11.028296 -11.302407 -2.372633 -1.384269 -14.238583 -6.32012 -0.625439 -26.924198 -3.8276 -4.262973 -48.992008 -3.136265 -13.708527 -7.363477 -3.720938 18.14115 -14.05274 -3.242674 8e-06 -18.78727 -2e-06 -0.429712 -8.456045 2.555504 1e-06 1e-06 1e-06 -15.923536 -20.094482 -5.473585 30.419218 -7.19083 1.735926 3e-06 -8.162927 -1e-06 -1.861902 -22.861473 -6.167942 2e-06 -1e-06 -2e-06 -179.446564 -8.036396 -4.745697 14.235991 -0.041177 0.01922 -83.400543 3.022066 -5.493559 -5.586115 1.413638 2.129303 -0.999999 0.0 0.0 -4.379922 3.906749 2.548089 18.203629 -0.075838 0.166338 -81.077072 -7.133346 -2.612988 -4.537724 0.805131 1.727439 -1.000001 0.0 0.0 
0.0 0.0 0.0 0.0 -0.0 0.0 -0.864575 99.818474 1.20513 88.020172 -1.776366 77.091652 0.326338 2.662605 -0.537767 -10.808974 -0.216045 -1.255343 11.462935 3.070183 -2.986152 26.2668 -4.395101 2.569647 -2.481748 -1.074912 -3.406338 -28.099497 -6.145818 -0.515908 6e-06 0.0 1e-06 -0.008558 0.005616 -0.004637 0.086458 0.102816 0.056737 0.092389 -0.103712 -0.081685 -112.682335 -74.999863 128.694244 43.797455 -60.541382 -24.764893 105.674286 -3.009065 -0.469047 -7.397971 -27.111668 16.686876 17.636637 -26.322735 52.411201 -19.46666 -14.395598 29.410389 -1e-06 -8.774822 -2e-06 15.290596 -17.098969 6.141087 -0.609777 -1.795653 -3.889328 -4.80709 -11.046811 -2.937849 3e-06 -20.976015 -0.0 -5.019969 -25.033556 -4.031882 7e-06 -1e-06 1e-06 -10.634537 -5.68697 -3.565587 10.573275 -17.922951 -3.1139 2e-06 -13.821211 0.0 -0.50178 -31.181505 -4.027016 -12.102721 -59.723892 8.117864 -13.982717 -7.150199 -2.875044 13.772728 -8.401493 -3.21824 0.347733 -34.211552 0.771655 -0.963029 -17.73337 2.621021 -0.0 -1e-06 0.0 -17.346422 -20.095217 -4.201784 21.757557 -1.638373 3.86643 1e-06 -6.338824 0.0 -1.69759 -22.591743 -6.194006 1e-06 -4e-06 -2e-06 62.915039 -80.023796 129.067947 82.964035 -63.918072 -50.166729 146.700562 -0.821412 -0.134044 17.837074 13.180778 -7.022307 22.182114 -20.375895 49.933319 -16.701811 -16.743528 28.47653 -3e-06 -12.690601 1e-06 16.865686 -17.707777 2.095822 -0.10592 -1.513856 -4.275881 -5.03904 -5.612871 -2.953555 4e-06 -11.020523 -3e-06 -6.111298 -15.89533 -3.840469 -0.0 -0.0 0.0 -10.283369 -5.680288 -4.341838 11.028292 -11.302406 -2.372633 -1.384268 -14.238581 -6.320122 -0.625441 -26.924192 -3.827602 -4.898399 -50.828583 -2.599222 -13.708522 -7.363476 -3.720941 18.141146 -14.052739 -3.242675 6e-06 -18.787268 -3e-06 -0.42971 -8.456041 2.555502 0.0 3e-06 -1e-06 -15.923532 -20.094482 -5.473586 30.419207 -7.190826 1.735926 3e-06 -8.162927 0.0 -1.861901 -22.861471 -6.167942 0.0 -4e-06 -2e-06 -179.25737 -8.160368 -5.103706 13.714624 -0.051953 0.036531 -83.249664 2.68454 -5.510113 -5.79625 1.419637 2.118336 -0.999998 0.0 0.0 -4.994097 4.209689 3.281005 18.753948 -0.078324 0.155073 -80.95369 -7.098842 -2.372167 -4.511102 0.857893 1.758265 -1.000001 -0.0 0.0 
0.0 0.0 0.0 0.0 -0.0 0.0 -1.148798 99.816956 1.324832 88.078484 -2.079611 76.259293 0.084761 2.707007 -0.516841 -10.953467 -0.187164 -1.208506 11.354501 3.423543 -2.516162 26.835953 -5.160099 2.375709 -2.472325 -1.051632 -3.518798 -27.052801 -6.473512 -0.753145 6e-06 0.0 2e-06 -0.003002 0.016787 -0.040979 0.095562 0.118055 0.028328 0.106236 -0.09641 -0.127566 -112.334419 -73.947365 129.046951 39.121033 -61.483261 -17.852623 106.446899 -2.886112 -0.86698 -6.488751 -29.451599 12.455707 17.636629 -26.322744 52.411205 -19.466665 -14.395602 29.410389 -1e-06 -8.774823 -0.0 15.679458 -17.316208 6.050562 -0.609776 -1.795654 -3.889327 -4.807088 -11.046809 -2.937848 5e-06 -20.976021 1e-06 -5.019971 -25.03356 -4.031879 6e-06 1e-06 0.0 -10.634536 -5.686969 -3.565586 10.573277 -17.922951 -3.1139 4e-06 -13.821211 3e-06 -0.501781 -31.181511 -4.027013 -11.66666 -59.270435 7.656508 -13.982714 -7.150196 -2.875041 13.772731 -8.401491 -3.218241 0.347732 -34.211555 0.771658 -0.963029 -17.733372 2.621019 -0.0 -0.0 2e-06 -17.34642 -20.095219 -4.201778 21.757561 -1.638374 3.866427 1e-06 -6.338824 0.0 -1.697592 -22.591747 -6.194005 -1e-06 -5e-06 -2e-06 59.243771 -79.986862 132.497498 88.420395 -61.596977 -54.00745 149.754608 -1.172829 -0.709454 26.153379 16.600801 -4.734807 22.182117 -20.375898 49.933327 -16.701811 -16.74353 28.476532 -2e-06 -12.6906 0.0 17.989067 -18.049706 1.755988 -0.105919 -1.513856 -4.275882 -5.039041 -5.612871 -2.953555 4e-06 -11.020523 -1e-06 -6.1113 -15.89533 -3.840471 -0.0 -2e-06 -2e-06 -10.28337 -5.680286 -4.341839 11.028295 -11.302404 -2.372634 -1.38427 -14.238578 -6.320119 -0.625435 -26.924185 -3.8276 -5.681939 -52.912518 -1.913857 -13.708527 -7.363475 -3.720939 18.141148 -14.052739 -3.242674 5e-06 -18.78727 0.0 -0.429712 -8.456043 2.555502 -1e-06 1e-06 -0.0 -15.923538 -20.094481 -5.473584 30.419218 -7.190827 1.735927 2e-06 -8.162925 0.0 -1.861901 -22.861469 -6.167941 -0.0 -3e-06 -1e-06 -178.971344 -8.253966 -5.360885 13.124661 -0.061643 0.047179 -83.159874 2.400434 -5.585399 -6.041755 1.429466 2.097779 -0.999999 0.0 -0.0 -5.530628 4.424261 3.564251 19.325912 -0.06859 0.10582 -80.959595 -6.686899 -1.991214 -4.514826 0.895189 1.774122 -1.000003 1e-06 1e-06 
0.0 0.0 0.0 0.0 -0.0 0.0 -1.458691 99.802589 1.476471 88.135048 -2.286258 75.492966 -0.161781 2.682684 -0.479527 -11.073185 -0.156683 -1.080866 11.31372 3.636514 -2.164241 27.431416 -5.457557 2.195675 -2.457487 -0.999498 -3.535932 -26.345469 -6.579533 -0.895778 6e-06 -1e-06 1e-06 -0.005637 0.016017 -0.045083 0.111179 0.111954 0.028978 0.116694 -0.090489 -0.135749 -112.195587 -72.734772 129.590118 33.686012 -62.675503 -9.38736 106.199974 -2.68395 -0.790679 -5.947666 -31.950439 7.252038 17.636629 -26.322729 52.41119 -19.466661 -14.395597 29.410389 -1e-06 -8.774819 -1e-06 15.948019 -17.433199 5.978263 -0.609776 -1.795656 -3.889328 -4.80709 -11.046811 -2.93785 5e-06 -20.976019 -1e-06 -5.01997 -25.03356 -4.031881 7e-06 1e-06 1e-06 -10.634535 -5.68697 -3.565588 10.573272 -17.922951 -3.113901 3e-06 -13.821209 1e-06 -0.501776 -31.181505 -4.027016 -11.238055 -58.732109 7.248947 -13.982714 -7.150198 -2.875042 13.772728 -8.401493 -3.218241 0.347736 -34.211544 0.771653 -0.963028 -17.73337 2.62102 -0.0 -1e-06 0.0 -17.34642 -20.095219 -4.201782 21.757559 -1.638376 3.866428 1e-06 -6.338824 1e-06 -1.69759 -22.591747 -6.194007 1e-06 -5e-06 -2e-06 57.880054 -79.899155 133.713409 90.363831 -60.422291 -54.461887 150.941956 -1.004705 -0.999519 31.787605 19.720385 -2.217078 22.182116 -20.3759 49.933315 -16.701811 -16.74353 28.476528 -3e-06 -12.690602 2e-06 18.446619 -18.032665 1.710587 -0.105919 -1.513853 -4.275881 -5.039042 -5.61287 -2.953557 4e-06 -11.02052 -1e-06 -6.111296 -15.895328 -3.84047 0.0 -1e-06 -1e-06 -10.283368 -5.680286 -4.34184 11.028292 -11.302404 -2.372633 -1.384269 -14.238579 -6.32012 -0.625441 -26.924183 -3.827597 -6.289631 -54.266548 -1.378673 -13.70852 -7.363472 -3.720941 18.141146 -14.052738 -3.242675 4e-06 -18.787266 1e-06 -0.429711 -8.456042 2.555505 2e-06 -1e-06 -0.0 -15.923534 -20.094479 -5.473584 30.41921 -7.190824 1.735925 1e-06 -8.162925 1e-06 -1.861901 -22.861467 -6.16794 -1e-06 -5e-06 -1e-06 -178.604904 -8.378031 -5.880358 12.612947 -0.066995 0.053942 -83.081268 2.443299 -5.759829 -6.225039 1.434123 2.079179 -0.999999 -0.0 -0.0 -5.955912 4.606445 3.65642 19.947632 -0.057732 0.04382 -81.020081 -6.159423 -1.678448 -4.556578 0.918378 1.776306 -1.000004 -0.0 -0.0 
0.0 0.0 0.0 0.0 -0.0 0.0 -1.795479 99.775269 1.642032 88.134949 -2.447297 74.968407 -0.438445 2.722693 -0.437837 -11.180154 -0.120673 -0.865573 11.281684 3.608589 -2.109985 28.114019 -5.351125 2.165731 -2.415282 -0.953244 -3.401172 -26.163805 -6.497803 -0.903372 6e-06 -0.0 1e-06 -0.00966 0.007614 -0.033513 0.124313 0.097174 0.040964 0.119395 -0.090631 -0.124161 -111.323318 -71.618156 129.267807 28.349787 -63.910496 -1.537552 104.88298 -2.532287 -0.336459 -6.326579 -33.662788 4.726033 17.636621 -26.322721 52.411182 -19.466661 -14.395594 29.410385 -1e-06 -8.774821 -2e-06 16.0061 -17.497206 6.00985 -0.609775 -1.795654 -3.889327 -4.807089 -11.046809 -2.93785 5e-06 -20.976013 -2e-06 -5.019968 -25.033556 -4.03188 8e-06 0.0 1e-06 -10.634532 -5.68697 -3.565586 10.573271 -17.922947 -3.113901 2e-06 -13.821205 -0.0 -0.501775 -31.181501 -4.027016 -11.15268 -58.721775 7.176215 -13.982712 -7.150198 -2.875041 13.772726 -8.40149 -3.218241 0.347738 -34.211544 0.77165 -0.963028 -17.73337 2.621019 -0.0 0.0 -0.0 -17.346416 -20.095213 -4.201782 21.757555 -1.638375 3.866428 3e-06 -6.338822 0.0 -1.697588 -22.591743 -6.194007 -1e-06 -4e-06 -2e-06 61.206158 -80.086151 130.25235 90.514359 -59.853146 -52.687283 150.514099 -0.874012 -0.930579 32.475857 19.856825 -0.52316 22.18211 -20.375893 49.933308 -16.701809 -16.743525 28.476522 -3e-06 -12.690597 2e-06 18.394859 -17.977245 1.753891 -0.105918 -1.513855 -4.27588 -5.039041 -5.61287 -2.953556 5e-06 -11.02052 -1e-06 -6.111297 -15.895329 -3.84047 -0.0 0.0 -0.0 -10.283367 -5.680285 -4.341839 11.028291 -11.302402 -2.372633 -1.384269 -14.238575 -6.320119 -0.625438 -26.924177 -3.827595 -6.388533 -54.298794 -1.260105 -13.70852 -7.363475 -3.720939 18.141146 -14.052736 -3.242675 5e-06 -18.787268 0.0 -0.429711 -8.456043 2.555504 2e-06 1e-06 1e-06 -15.92353 -20.094481 -5.473586 30.419201 -7.190824 1.735925 2e-06 -8.162925 -0.0 -1.8619 -22.861469 -6.167941 -0.0 -4e-06 -2e-06 -178.275543 -8.598178 -6.32999 12.21887 -0.044025 0.060881 -83.059998 2.53346 -6.157969 -6.172422 1.424347 2.076722 -0.999998 -0.0 -0.0 -6.207786 4.889954 3.913858 20.411282 -0.052914 0.000851 -81.093498 -5.973773 -1.564038 -4.653092 0.944534 1.775066 -1.000001 0.0 -0.0 
0.0 0.0 0.0 0.0 -0.0 0.0 -2.126737 99.778732 1.810681 88.188164 -2.572742 74.606857 -0.715693 2.793133 -0.370724 -11.277673 -0.087982 -0.67823 11.131437 3.430618 -2.155978 28.874666 -5.246387 2.171932 -2.390815 -0.895477 -3.193737 -26.228445 -6.235558 -0.901024 6e-06 -1e-06 1e-06 -0.009965 0.001129 -0.010497 0.124208 0.091793 0.058253 0.115895 -0.096981 -0.096996 -110.392639 -70.579086 128.639664 23.458765 -64.765533 5.169232 103.096138 -2.182215 -0.04796 -7.466209 -34.328743 4.685893 17.636629 -26.322731 52.411182 -19.46666 -14.395596 29.410389 -0.0 -8.774821 -2e-06 16.06695 -17.512644 6.04059 -0.609777 -1.795653 -3.889327 -4.80709 -11.046809 -2.93785 3e-06 -20.976013 1e-06 -5.01997 -25.033556 -4.03188 6e-06 1e-06 1e-06 -10.634534 -5.68697 -3.565588 10.573271 -17.922947 -3.113899 2e-06 -13.821205 1e-06 -0.501779 -31.181501 -4.027014 -11.297194 -59.209236 7.254577 -13.982713 -7.150197 -2.875042 13.772729 -8.401489 -3.218241 0.347733 -34.211544 0.771656 -0.963031 -17.733366 2.62102 -0.0 -1e-06 -1e-06 -17.346413 -20.095213 -4.201783 21.757555 -1.638375 3.866428 1e-06 -6.338823 1e-06 -1.697591 -22.59174 -6.194005 0.0 -3e-06 -2e-06 67.701805 -80.433922 123.613121 89.952545 -59.311752 -50.33353 149.848236 -0.991487 -0.73605 30.638439 17.733723 -0.515318 22.182114 -20.375895 49.933319 -16.701809 -16.743528 28.476522 -3e-06 -12.690598 1e-06 17.954422 -17.933002 1.761275 -0.105918 -1.513855 -4.275882 -5.039039 -5.612869 -2.953556 4e-06 -11.02052 -3e-06 -6.111295 -15.89533 -3.840471 -0.0 -0.0 -1e-06 -10.283368 -5.680285 -4.341839 11.028292 -11.302402 -2.37263 -1.384267 -14.238579 -6.320124 -0.625438 -26.924177 -3.8276 -6.051816 -52.982784 -1.560869 -13.708525 -7.363473 -3.720939 18.14115 -14.052739 -3.242673 6e-06 -18.787268 -1e-06 -0.429713 -8.456045 2.555502 1e-06 1e-06 1e-06 -15.923532 -20.094479 -5.473586 30.41921 -7.190826 1.735926 1e-06 -8.162925 1e-06 -1.861903 -22.861467 -6.167939 -2e-06 -3e-06 -1e-06 -177.886322 -8.724546 -6.468108 11.655543 -0.006655 0.042122 -82.801453 2.276515 -6.628464 -6.00136 1.395905 2.085282 -0.999999 1e-06 0.0 -6.299286 5.111227 4.241858 20.618902 -0.047682 0.000894 -81.091118 -5.982209 -1.578296 -4.772299 0.952228 1.77082 -1.000001 -1e-06 0.0 
0.0 0.0 0.0 0.0 -0.0 0.0 -2.475243 99.786057 1.984862 88.293427 -2.641902 74.453568 -0.984288 2.820439 -0.356351 -11.376391 -0.068143 -0.536537 10.913817 3.220437 -2.06831 29.439253 -5.268317 2.16268 -2.395208 -0.837814 -3.081809 -26.229078 -5.868154 -0.983244 6e-06 -0.0 1e-06 -0.007285 -0.001202 0.021664 0.131662 0.089146 0.084424 0.120331 -0.098283 -0.059752 -110.369751 -69.815529 128.868729 19.900417 -64.818436 9.668724 101.595459 -1.973417 0.00299 -8.843769 -34.357826 5.916274 17.636625 -26.322735 52.411186 -19.46666 -14.395598 29.410389 -1e-06 -8.774822 -2e-06 16.171019 -17.587509 6.037799 -0.609776 -1.795654 -3.889327 -4.807088 -11.046809 -2.937849 4e-06 -20.976015 1e-06 -5.019969 -25.03356 -4.031879 6e-06 -1e-06 1e-06 -10.634533 -5.686969 -3.565587 10.573271 -17.922951 -3.113901 2e-06 -13.821209 3e-06 -0.501778 -31.181505 -4.027014 -11.485867 -59.599239 7.325473 -13.982712 -7.150197 -2.875041 13.77273 -8.401492 -3.218242 0.347733 -34.211555 0.771657 -0.963029 -17.73337 2.621021 -0.0 -2e-06 0.0 -17.346413 -20.095211 -4.201781 21.757555 -1.638374 3.866426 -0.0 -6.338823 1e-06 -1.697588 -22.591743 -6.194005 0.0 -3e-06 -1e-06 72.036896 -80.498886 119.271317 89.274117 -58.528221 -48.42696 149.405716 -1.001887 -0.67655 30.397573 16.151186 -0.933656 22.182106 -20.3759 49.933323 -16.701811 -16.74353 28.476536 -4e-06 -12.690599 0.0 17.646368 -17.885307 1.747786 -0.105918 -1.513855 -4.275884 -5.03904 -5.61287 -2.953555 3e-06 -11.020523 -3e-06 -6.111296 -15.895332 -3.840469 0.0 -1e-06 -0.0 -10.283367 -5.680288 -4.341839 11.02829 -11.302404 -2.372633 -1.384268 -14.238579 -6.320121 -0.625441 -26.924191 -3.827601 -5.821647 -51.958431 -1.782313 -13.70852 -7.363475 -3.72094 18.141146 -14.052739 -3.242676 5e-06 -18.78727 -1e-06 -0.429713 -8.456041 2.555504 1e-06 1e-06 -1e-06 -15.923528 -20.094481 -5.473588 30.41921 -7.190826 1.735922 3e-06 -8.162926 0.0 -1.861904 -22.861465 -6.167937 -1e-06 -4e-06 -1e-06 -177.371826 -8.768126 -6.436709 10.806787 0.010268 0.038538 -82.396126 2.022747 -7.053648 -5.977606 1.382629 2.091018 -0.999999 0.0 -0.0 -6.23596 5.251658 4.457008 20.633293 -0.046309 0.004565 -81.141937 -6.002887 -1.515471 -4.869393 0.922121 1.754565 -1.000003 -0.0 0.0 
0.0 0.0 0.0 0.0 -0.0 0.0 -2.820559 99.78759 2.150809 88.402542 -2.660594 74.542992 -1.215607 2.803244 -0.371439 -11.466274 -0.067136 -0.449113 10.685069 3.012013 -1.944373 29.691481 -5.353081 2.156876 -2.426414 -0.762121 -3.041629 -26.241926 -5.5284 -1.048336 6e-06 -0.0 1e-06 -0.000864 -0.003183 0.032432 0.145575 0.086154 0.091306 0.130603 -0.09873 -0.044774 -110.619469 -69.428741 129.328125 17.94508 -64.410744 11.977211 100.503304 -1.875359 -0.047206 -10.030982 -34.158108 7.525716 17.636629 -26.322729 52.411205 -19.466658 -14.395596 29.410389 0.0 -8.774822 -2e-06 16.286736 -17.673653 5.997395 -0.609775 -1.795654 -3.889328 -4.807091 -11.046809 -2.937849 4e-06 -20.976017 -0.0 -5.019973 -25.033556 -4.031882 7e-06 -1e-06 1e-06 -10.634534 -5.686971 -3.565589 10.573271 -17.922949 -3.113899 3e-06 -13.821206 0.0 -0.501778 -31.181501 -4.027017 -11.623121 -59.794933 7.376744 -13.982713 -7.150198 -2.875042 13.772727 -8.401489 -3.21824 0.347731 -34.211552 0.771656 -0.963028 -17.73337 2.621021 -1e-06 -1e-06 0.0 -17.346422 -20.095217 -4.201782 21.757563 -1.638374 3.866429 2e-06 -6.338823 1e-06 -1.697591 -22.591745 -6.194007 -1e-06 -5e-06 -3e-06 73.638924 -80.289955 117.743858 88.730682 -57.768532 -46.995338 149.000153 -0.93219 -0.640383 30.965616 15.286599 -1.363952 22.182117 -20.375898 49.933327 -16.701815 -16.743528 28.476534 -2e-06 -12.6906 -1e-06 17.485254 -17.841351 1.763059 -0.10592 -1.513856 -4.27588 -5.039042 -5.612872 -2.953556 4e-06 -11.020525 -3e-06 -6.111298 -15.895334 -3.840472 1e-06 -1e-06 -1e-06 -10.283373 -5.680288 -4.341839 11.028294 -11.302406 -2.372632 -1.38427 -14.238583 -6.32012 -0.625436 -26.924194 -3.827604 -5.703861 -51.375179 -1.924084 -13.708524 -7.363476 -3.720939 18.141148 -14.052739 -3.242674 7e-06 -18.787271 -1e-06 -0.429713 -8.456045 2.555502 1e-06 1e-06 -1e-06 -15.923532 -20.094484 -5.473586 30.419214 -7.190825 1.735927 2e-06 -8.162929 -2e-06 -1.8619 -22.861469 -6.167943 -1e-06 -5e-06 -3e-06 -176.819061 -8.800374 -6.253494 9.817175 0.023606 0.039163 -81.950821 1.937826 -7.392998 -6.038754 1.38494 2.09603 -0.999999 0.0 -0.0 -6.076331 5.36063 4.549078 20.564104 -0.055159 0.008281 -81.23848 -6.15521 -1.430653 -4.936471 0.894562 1.740984 -1.000002 0.0 0.0 
0.0 0.0 0.0 0.0 -0.0 0.0 -3.145411 99.78067 2.314199 88.505013 -2.656529 74.821434 -1.414158 2.751705 -0.404188 -11.545175 -0.077534 -0.429878 10.477302 2.823111 -1.849257 29.69182 -5.480593 2.155238 -2.465428 -0.679283 -2.97119 -26.351465 -5.265997 -1.048171 6e-06 1e-06 3e-06 -0.001623 -0.003347 0.032393 0.146782 0.084831 0.087773 0.124984 -0.097237 -0.040229 -110.837387 -69.303238 129.677734 17.260168 -63.821297 12.702753 99.650818 -1.846876 -0.118266 -11.023497 -33.774879 9.245381 17.636633 -26.322733 52.411205 -19.466663 -14.395596 29.410393 0.0 -8.774822 -3e-06 16.351654 -17.735529 5.960899 -0.609776 -1.795653 -3.889328 -4.807088 -11.046811 -2.937851 2e-06 -20.976015 -1e-06 -5.019969 -25.03356 -4.031884 8e-06 1e-06 1e-06 -10.634532 -5.686973 -3.565588 10.573275 -17.922951 -3.113902 2e-06 -13.821209 -0.0 -0.501777 -31.181505 -4.027017 -11.743979 -59.841663 7.435703 -13.982712 -7.150201 -2.875043 13.77273 -8.401492 -3.218241 0.34773 -34.211555 0.771655 -0.963028 -17.733366 2.62102 -0.0 -2e-06 -1e-06 -17.346418 -20.095221 -4.201784 21.757557 -1.638373 3.866429 1e-06 -6.338823 1e-06 -1.697588 -22.591745 -6.194008 2e-06 -4e-06 -3e-06 73.479912 -79.92688 117.966751 88.369186 -57.184551 -46.034382 148.462387 -0.911349 -0.563393 31.684063 14.797354 -1.452823 22.18211 -20.375896 49.933319 -16.701811 -16.74353 28.476532 -3e-06 -12.690599 -2e-06 17.376913 -17.812847 1.826852 -0.105916 -1.513856 -4.275881 -5.039041 -5.612869 -2.953556 5e-06 -11.02052 -4e-06 -6.111295 -15.89533 -3.840469 -2e-06 -1e-06 -1e-06 -10.283365 -5.680286 -4.341839 11.028292 -11.302404 -2.372633 -1.384266 -14.238579 -6.32012 -0.625439 -26.924187 -3.827597 -5.645835 -51.122192 -1.978323 -13.708521 -7.363473 -3.720939 18.141146 -14.052739 -3.242674 9e-06 -18.78727 -1e-06 -0.429712 -8.456044 2.555503 1e-06 -0.0 0.0 -15.923532 -20.094481 -5.473584 30.419205 -7.190827 1.735922 2e-06 -8.162927 -1e-06 -1.861899 -22.861467 -6.167941 -0.0 -3e-06 -2e-06 -176.32901 -8.837934 -5.926534 8.874502 0.031539 0.024231 -81.544037 2.015472 -7.675099 -6.128213 1.39325 2.099132 -0.999999 -0.0 -0.0 -5.892088 5.442686 4.504695 20.498415 -0.066979 0.02573 -81.375008 -6.377763 -1.349895 -4.981661 0.889098 1.739254 -1.000003 -0.0 0.0 
0.0 0.0 0.0 0.0 -0.0 0.0 -3.430705 99.742561 2.473023 88.612297 -2.636901 75.18351 -1.583934 2.683712 -0.427732 -11.616341 -0.097044 -0.450481 10.318851 2.672028 -1.818019 29.563847 -5.686497 2.164783 -2.499808 -0.61184 -2.822223 -26.560163 -5.098186 -1.00437 6e-06 0.0 2e-06 -0.012129 -0.001355 0.03478 0.131193 0.086024 0.087351 0.098385 -0.093958 -0.033815 -110.912674 -69.338898 129.793854 17.514812 -63.212624 12.470284 98.900993 -1.787255 -0.165969 -11.694086 -33.314537 10.739362 17.636621 -26.322721 52.411179 -19.466654 -14.395592 29.410378 -0.0 -8.774817 -3e-06 16.361475 -17.778116 5.932349 -0.609775 -1.795654 -3.889327 -4.807087 -11.046805 -2.937849 3e-06 -20.976011 1e-06 -5.019969 -25.033548 -4.031878 7e-06 -1e-06 -1e-06 -10.634529 -5.686969 -3.565587 10.573269 -17.922945 -3.113899 1e-06 -13.821204 0.0 -0.501776 -31.181498 -4.027015 -11.870835 -59.786175 7.500205 -13.982709 -7.150198 -2.875041 13.772725 -8.401488 -3.218241 0.347734 -34.211544 0.771654 -0.963028 -17.733366 2.621017 0.0 -2e-06 1e-06 -17.346411 -20.095213 -4.201782 21.757551 -1.638374 3.866427 2e-06 -6.338821 -0.0 -1.697591 -22.591738 -6.194005 2e-06 -4e-06 -1e-06 72.611557 -79.546318 118.903564 88.323166 -56.77618 -45.659721 147.781555 -0.992232 -0.499905 32.274097 14.482175 -1.128245 22.18211 -20.3759 49.933323 -16.701813 -16.743528 28.476532 -2e-06 -12.690601 0.0 17.291443 -17.78278 1.939101 -0.105918 -1.513856 -4.275882 -5.039041 -5.612871 -2.953554 3e-06 -11.020523 -3e-06 -6.111299 -15.895334 -3.840468 0.0 1e-06 -1e-06 -10.283367 -5.680288 -4.34184 11.028294 -11.302406 -2.372633 -1.384269 -14.238579 -6.320119 -0.625443 -26.924187 -3.827597 -5.619304 -50.993717 -1.939171 -13.708522 -7.363474 -3.72094 18.141148 -14.052739 -3.242674 5e-06 -18.787271 0.0 -0.429717 -8.456044 2.555502 1e-06 -0.0 -1e-06 -15.923532 -20.094482 -5.473583 30.419207 -7.190823 1.735924 2e-06 -8.162927 -1e-06 -1.861906 -22.861467 -6.167937 1e-06 -4e-06 -3e-06 -175.954819 -8.86143 -5.527003 8.134406 0.03571 0.009649 -81.317696 2.134055 -7.892929 -6.18618 1.403212 2.103263 -1.000001 -1e-06 0.0 -5.783006 5.500622 4.433792 20.604134 -0.082183 0.055149 -81.641953 -6.677243 -1.279033 -4.997952 0.89769 1.74485 -1.000002 1e-06 -0.0 
0.0 0.0 0.0 0.0 -0.0 0.0 -3.650415 99.648827 2.613848 88.765663 -2.575722 75.540512 -1.698429 2.599511 -0.425425 -11.669558 -0.128625 -0.479699 10.21579 2.534898 -1.809533 29.427109 -5.945111 2.194343 -2.528714 -0.598542 -2.673866 -26.851576 -4.983016 -0.993932 6e-06 1e-06 1e-06 -0.022016 0.001886 0.031267 0.117597 0.091303 0.082551 0.075087 -0.092687 -0.035559 -110.853233 -69.512627 129.732407 18.507008 -62.712688 11.636552 98.195999 -1.685593 -0.171816 -11.855833 -32.914112 11.605015 17.636623 -26.322737 52.411201 -19.466665 -14.3956 29.410395 -1e-06 -8.774822 -1e-06 16.360926 -17.842888 5.917796 -0.609775 -1.795654 -3.889329 -4.807089 -11.046811 -2.93785 5e-06 -20.976019 -0.0 -5.019969 -25.03356 -4.031881 7e-06 -1e-06 0.0 -10.634534 -5.68697 -3.565587 10.573275 -17.922951 -3.113903 2e-06 -13.821211 2e-06 -0.501775 -31.181507 -4.027016 -12.016507 -59.768806 7.589954 -13.982713 -7.150197 -2.875042 13.772729 -8.401493 -3.218243 0.347736 -34.211555 0.771654 -0.963028 -17.733372 2.621021 0.0 1e-06 1e-06 -17.346422 -20.095221 -4.201783 21.757561 -1.638376 3.866426 1e-06 -6.338824 0.0 -1.697587 -22.591747 -6.194007 0.0 -3e-06 -3e-06 71.758179 -79.238518 119.852005 88.631248 -56.53672 -45.896435 147.121613 -1.089664 -0.488925 32.752975 14.396596 -0.616766 22.182112 -20.375885 49.933304 -16.701811 -16.743523 28.476522 -2e-06 -12.690597 -0.0 17.272818 -17.749147 2.072912 -0.105918 -1.513856 -4.275882 -5.039038 -5.61287 -2.953555 4e-06 -11.020519 -4e-06 -6.111296 -15.895329 -3.840469 -0.0 -0.0 -1e-06 -10.283367 -5.680287 -4.341836 11.02829 -11.302404 -2.372634 -1.384267 -14.238579 -6.32012 -0.625438 -26.924187 -3.8276 -5.610831 -50.935112 -1.843408 -13.708518 -7.363474 -3.72094 18.141146 -14.052738 -3.242674 7e-06 -18.787268 -2e-06 -0.42971 -8.45604 2.555502 -1e-06 1e-06 -1e-06 -15.92353 -20.094481 -5.473584 30.419205 -7.190825 1.735927 3e-06 -8.162927 -1e-06 -1.861898 -22.861465 -6.167942 -0.0 -2e-06 -2e-06 -175.720825 -8.800023 -5.042115 7.722201 0.042241 0.010229 -81.406052 2.152006 -8.038782 -6.167456 1.409444 2.108959 -0.999999 0.0 0.0 -5.816197 5.478014 4.38151 21.022266 -0.097751 0.079981 -82.168144 -7.013308 -1.2117 -4.962006 0.908477 1.753169 -1.000002 0.0 0.0 
0.0 0.0 0.0 0.0 -0.0 0.0 -3.797542 99.50235 2.726228 88.989685 -2.45183 75.812172 -1.74291 2.487182 -0.406626 -11.699704 -0.160235 -0.493208 10.187884 2.401526 -1.753327 29.38471 -6.26269 2.249537 -2.564443 -0.614299 -2.614743 -27.212694 -4.919936 -0.984444 6e-06 1e-06 0.0 -0.022781 0.004307 0.021157 0.116743 0.09614 0.073113 0.069367 -0.093297 -0.045712 -110.784843 -69.732384 129.692047 20.148846 -62.356056 10.304461 97.484268 -1.605687 -0.122394 -11.585136 -32.577145 11.720061 17.636614 -26.322718 52.411186 -19.466661 -14.395596 29.410393 -1e-06 -8.774819 -2e-06 16.35582 -17.92984 5.936007 -0.609777 -1.795652 -3.889328 -4.807087 -11.04681 -2.93785 3e-06 -20.976011 -2e-06 -5.019968 -25.033552 -4.031883 8e-06 0.0 2e-06 -10.634531 -5.686968 -3.565587 10.573269 -17.922947 -3.113903 2e-06 -13.821205 1e-06 -0.501774 -31.181494 -4.027019 -12.094543 -59.766964 7.64666 -13.98271 -7.150195 -2.875042 13.772724 -8.40149 -3.218242 0.347735 -34.211544 0.771651 -0.963027 -17.733366 2.621017 -0.0 1e-06 -1e-06 -17.346415 -20.095213 -4.201783 21.757555 -1.638373 3.866427 0.0 -6.338822 0.0 -1.697587 -22.591742 -6.194008 -1e-06 -5e-06 -3e-06 71.019981 -79.068993 120.763535 89.123146 -56.379921 -46.446621 146.614288 -1.022235 -0.522122 33.399319 14.78004 -0.213426 22.182117 -20.375895 49.933315 -16.701815 -16.743528 28.476528 -3e-06 -12.690601 1e-06 17.331902 -17.676483 2.189025 -0.105919 -1.513857 -4.27588 -5.039039 -5.612871 -2.953556 4e-06 -11.020523 -2e-06 -6.111297 -15.895334 -3.840471 1e-06 -1e-06 -1e-06 -10.28337 -5.680288 -4.341837 11.028294 -11.302406 -2.372633 -1.384269 -14.238579 -6.32012 -0.625438 -26.924187 -3.827601 -5.628317 -51.000187 -1.711515 -13.708525 -7.363475 -3.720938 18.141148 -14.052741 -3.242674 7e-06 -18.787271 -1e-06 -0.429711 -8.456043 2.555503 1e-06 0.0 -1e-06 -15.923534 -20.094484 -5.473584 30.419207 -7.190824 1.735927 3e-06 -8.162929 -2e-06 -1.861905 -22.861469 -6.167939 -0.0 -3e-06 -1e-06 -175.614777 -8.610777 -4.500539 7.675889 0.043462 0.016075 -81.80146 2.073144 -8.116861 -6.107428 1.424705 2.117537 -0.999998 -0.0 -0.0 -6.011255 5.331961 4.321666 21.806589 -0.110869 0.080514 -82.945129 -7.288984 -1.074723 -4.878128 0.910622 1.760508 -1.000001 0.0 -0.0 
0.0 0.0 0.0 0.0 -0.0 0.0 -3.888332 99.33857 2.815904 89.23468 -2.310017 75.968178 -1.750949 2.364404 -0.383702 -11.72045 -0.175299 -0.465029 10.225582 2.298817 -1.671018 29.504755 -6.625236 2.297503 -2.600786 -0.645317 -2.536268 -27.564482 -4.918242 -0.907 6e-06 1e-06 -0.0 -0.015359 0.00447 0.012997 0.128149 0.094501 0.066085 0.078161 -0.092174 -0.053882 -110.75457 -69.849136 129.707596 22.091362 -62.133568 8.814624 96.680183 -1.596668 -0.037463 -11.155571 -32.34153 11.392645 17.636627 -26.322737 52.411213 -19.466667 -14.3956 29.410398 -0.0 -8.774824 -2e-06 16.372202 -18.002895 5.978682 -0.609778 -1.795654 -3.889328 -4.807089 -11.046811 -2.937852 3e-06 -20.976021 -1e-06 -5.019969 -25.033562 -4.031884 7e-06 -2e-06 1e-06 -10.634537 -5.686973 -3.565589 10.573277 -17.922951 -3.113902 1e-06 -13.821209 1e-06 -0.501772 -31.181505 -4.02702 -12.08311 -59.76458 7.647316 -13.982715 -7.1502 -2.875042 13.772731 -8.401493 -3.218242 0.347733 -34.211555 0.771654 -0.963029 -17.733372 2.621019 -0.0 -1e-06 0.0 -17.346424 -20.095221 -4.201783 21.757566 -1.638376 3.866428 1e-06 -6.338825 1e-06 -1.697591 -22.591747 -6.194008 0.0 -2e-06 -2e-06 70.356972 -79.084343 121.64254 89.51429 -56.318077 -46.782001 146.328903 -0.660193 -0.626939 34.374912 15.792481 -0.247043 22.182119 -20.375896 49.933327 -16.701817 -16.74353 28.476534 -4e-06 -12.690603 0.0 17.45966 -17.614521 2.192314 -0.10592 -1.513856 -4.275882 -5.039042 -5.612872 -2.953556 5e-06 -11.020525 -5e-06 -6.111296 -15.895336 -3.840473 1e-06 -0.0 -2e-06 -10.283373 -5.680289 -4.341839 11.028296 -11.302404 -2.372633 -1.384266 -14.238583 -6.320123 -0.625438 -26.924189 -3.827601 -5.643341 -51.212673 -1.636474 -13.708527 -7.363477 -3.720942 18.141153 -14.052739 -3.242676 9e-06 -18.787271 -3e-06 -0.429711 -8.456045 2.555502 0.0 -1e-06 -1e-06 -15.923536 -20.094482 -5.473588 30.419214 -7.190826 1.735927 4e-06 -8.162927 -1e-06 -1.861902 -22.861465 -6.167942 -1e-06 -3e-06 0.0 -175.632477 -8.362264 -4.018118 7.94815 0.033983 0.013619 -82.376793 2.028541 -8.131757 -6.058797 1.456528 2.124598 -0.999999 0.0 0.0 -6.336362 5.133442 4.269421 22.833439 -0.125484 0.064503 -83.76265 -7.496752 -0.854349 -4.780999 0.899801 1.761315 -1.000003 0.0 0.0 
0.0 0.0 0.0 0.0 -0.0 0.0 -3.916869 99.194855 2.90124 89.412849 -2.231565 76.022766 -1.770983 2.282938 -0.35945 -11.750779 -0.167193 -0.377218 10.301647 2.255724 -1.599964 29.767248 -6.985211 2.313929 -2.623638 -0.665803 -2.352845 -27.768873 -4.967542 -0.667548 6e-06 1e-06 -1e-06 -0.010507 0.002799 0.014208 0.139907 0.08411 0.068408 0.084676 -0.085529 -0.052384 -110.757614 -69.780754 129.815048 23.855265 -62.049099 7.533679 95.796165 -1.645924 0.048775 -10.913892 -32.168015 11.417356 17.636625 -26.322729 52.411194 -19.466661 -14.395597 29.410385 -1e-06 -8.774822 -2e-06 16.388388 -18.011866 6.019313 -0.609775 -1.795651 -3.889328 -4.807088 -11.046809 -2.93785 3e-06 -20.976015 0.0 -5.01997 -25.033556 -4.031879 8e-06 -0.0 1e-06 -10.634533 -5.68697 -3.565588 10.573272 -17.922947 -3.113901 2e-06 -13.821206 1e-06 -0.501775 -31.181498 -4.027016 -12.019227 -59.69854 7.614031 -13.982712 -7.150196 -2.875042 13.77273 -8.401491 -3.218241 0.347733 -34.211544 0.771655 -0.963028 -17.733366 2.621018 0.0 1e-06 0.0 -17.34642 -20.095213 -4.201782 21.757557 -1.638375 3.866428 1e-06 -6.338822 1e-06 -1.697588 -22.591742 -6.194006 -1e-06 -4e-06 -2e-06 69.98877 -79.234001 122.277275 89.64151 -56.349632 -46.730858 146.240906 -0.123614 -0.711924 35.412067 17.195625 -1.014425 22.182121 -20.3759 49.933331 -16.701818 -16.74353 28.47654 -2e-06 -12.690603 -2e-06 17.62681 -17.546139 2.111577 -0.10592 -1.513855 -4.275884 -5.039041 -5.612874 -2.953557 4e-06 -11.020525 -4e-06 -6.1113 -15.895338 -3.84047 1e-06 -0.0 0.0 -10.283371 -5.68029 -4.341841 11.028294 -11.302408 -2.372632 -1.384269 -14.238585 -6.320125 -0.625434 -26.924198 -3.827606 -5.692191 -51.581551 -1.571662 -13.708527 -7.363479 -3.720942 18.141151 -14.052741 -3.242674 7e-06 -18.787275 -2e-06 -0.429713 -8.456044 2.555504 0.0 -0.0 -1e-06 -15.923539 -20.094492 -5.473586 30.419214 -7.190827 1.735927 3e-06 -8.162929 -1e-06 -1.8619 -22.861479 -6.167946 0.0 -3e-06 -1e-06 -175.788956 -8.166698 -3.743001 8.467368 0.022953 0.014983 -83.033043 2.175262 -8.078183 -6.109401 1.499004 2.125039 -0.999998 0.0 -0.0 -6.727801 4.971497 4.231078 23.859537 -0.124327 0.031133 -84.406517 -7.561418 -0.656982 -4.739635 0.885959 1.756862 -1.000002 -0.0 -0.0 
0.0 0.0 0.0 0.0 -0.0 0.0 -3.910501 99.08091 3.013384 89.501106 -2.201645 76.020309 -1.815138 2.251763 -0.333999 -11.772706 -0.152677 -0.24617 10.384721 2.251464 -1.56022 30.097967 -7.274785 2.285228 -2.614472 -0.671367 -2.048452 -27.855728 -5.002712 -0.26711 6e-06 1e-06 -1e-06 -0.006628 0.000485 0.025278 0.144311 0.070111 0.077542 0.084107 -0.076109 -0.038438 -110.540512 -69.609444 129.790451 24.866241 -62.179447 6.750739 95.094215 -1.815813 0.170194 -10.945312 -32.021225 12.16639 17.636621 -26.322725 52.411194 -19.466663 -14.395602 29.410393 -0.0 -8.77482 -1e-06 16.357718 -17.945349 6.060486 -0.609777 -1.795654 -3.889328 -4.807087 -11.046809 -2.937851 2e-06 -20.976015 -1e-06 -5.019968 -25.033556 -4.031882 6e-06 1e-06 -0.0 -10.634533 -5.686971 -3.565587 10.573275 -17.922949 -3.113901 1e-06 -13.821206 2e-06 -0.501777 -31.181505 -4.027016 -11.963505 -59.578629 7.587859 -13.982716 -7.150197 -2.875041 13.772731 -8.401491 -3.218243 0.347734 -34.211544 0.771653 -0.963028 -17.733366 2.621019 0.0 -1e-06 -0.0 -17.346416 -20.095217 -4.201781 21.757557 -1.638375 3.866426 0.0 -6.338822 1e-06 -1.697587 -22.591742 -6.194007 -1e-06 -4e-06 -3e-06 70.692444 -79.40361 121.798241 89.694122 -56.548832 -46.30471 146.266937 0.317704 -0.685352 35.976299 18.218063 -2.133398 22.182123 -20.375898 49.933323 -16.70182 -16.743536 28.476538 -3e-06 -12.690607 -1e-06 17.782932 -17.469212 2.004532 -0.10592 -1.513856 -4.275882 -5.039043 -5.612873 -2.953558 3e-06 -11.020528 -4e-06 -6.111301 -15.895338 -3.840471 -0.0 0.0 0.0 -10.283373 -5.68029 -4.341841 11.028299 -11.302408 -2.372636 -1.38427 -14.238586 -6.320122 -0.625437 -26.924198 -3.827603 -5.705525 -51.960808 -1.535512 -13.708529 -7.363478 -3.720939 18.141155 -14.052742 -3.242675 8e-06 -18.787275 -3e-06 -0.429713 -8.456046 2.555503 0.0 -1e-06 0.0 -15.923539 -20.094492 -5.473586 30.419224 -7.190829 1.735926 2e-06 -8.16293 -3e-06 -1.861902 -22.861473 -6.167942 -1e-06 -5e-06 -1e-06 -175.949463 -8.049084 -3.581539 9.008061 0.021779 0.022457 -83.651299 2.368416 -7.971211 -6.208724 1.531138 2.123658 -0.999999 0.0 -0.0 -7.025648 4.868128 4.193591 24.651535 -0.107828 0.002514 -84.866508 -7.531832 -0.580152 -4.74513 0.885901 1.753383 -1.000003 -0.0 0.0 
0.0 0.0 0.0 0.0 -0.0 0.0 -3.88443 99.004822 3.146917 89.503616 -2.188942 75.998009 -1.850276 2.242226 -0.31987 -11.789086 -0.129481 -0.103997 10.452855 2.250405 -1.555614 30.423267 -7.423437 2.237862 -2.593279 -0.663164 -1.665731 -27.884161 -4.975627 0.231298 6e-06 1e-06 0.0 -0.004231 -0.00105 0.051298 0.139783 0.056042 0.096894 0.074724 -0.064657 -0.005627 -110.137817 -69.400864 129.625137 24.807346 -62.441414 6.761226 94.881546 -2.046038 0.31116 -11.05986 -31.97093 13.089702 17.636629 -26.322729 52.411182 -19.466652 -14.395597 29.410385 0.0 -8.774819 -2e-06 16.256981 -17.860188 6.119301 -0.609775 -1.795652 -3.889327 -4.807086 -11.046809 -2.937851 4e-06 -20.976015 -0.0 -5.019974 -25.033556 -4.031878 9e-06 -0.0 -1e-06 -10.634533 -5.68697 -3.565587 10.573271 -17.922947 -3.113899 2e-06 -13.821206 1e-06 -0.501778 -31.181501 -4.027014 -11.928346 -59.490444 7.576613 -13.982711 -7.150197 -2.875042 13.772727 -8.401491 -3.21824 0.347731 -34.211552 0.771656 -0.963029 -17.733368 2.621018 -1e-06 -1e-06 1e-06 -17.346413 -20.095213 -4.201783 21.757553 -1.638374 3.866428 1e-06 -6.338822 1e-06 -1.697589 -22.591742 -6.194005 -2e-06 -3e-06 -2e-06 72.222649 -79.475853 120.480042 89.757385 -56.769741 -45.575474 146.376389 0.444431 -0.586031 35.939026 18.598907 -3.27484 22.182117 -20.375891 49.933315 -16.701817 -16.74353 28.476532 -4e-06 -12.690601 -1e-06 17.868578 -17.393789 1.920804 -0.105918 -1.513856 -4.275882 -5.039041 -5.612869 -2.953554 6e-06 -11.02052 -4e-06 -6.111297 -15.895329 -3.840472 1e-06 -2e-06 0.0 -10.283369 -5.680289 -4.341838 11.028294 -11.302404 -2.372633 -1.384269 -14.238579 -6.320122 -0.625437 -26.924181 -3.8276 -5.64399 -52.080647 -1.575692 -13.708525 -7.363473 -3.720939 18.14115 -14.052739 -3.242674 7e-06 -18.78727 -1e-06 -0.42971 -8.456044 2.555503 1e-06 -0.0 -1e-06 -15.923536 -20.094482 -5.473583 30.419218 -7.190829 1.735926 4e-06 -8.162927 -1e-06 -1.861902 -22.861467 -6.167937 0.0 -2e-06 -1e-06 -176.0224 -7.995674 -3.391654 9.401633 0.024805 0.023313 -84.119263 2.389823 -7.855693 -6.282407 1.531154 2.11934 -0.999998 1e-06 0.0 -7.155428 4.832677 4.178485 25.123796 -0.09235 -0.004072 -85.140747 -7.525397 -0.606269 -4.764852 0.902764 1.755689 -1.000003 0.0 0.0 
0.0 0.0 0.0 0.0 -0.0 0.0 -3.842843 98.973732 3.281521 89.451729 -2.185508 76.046928 -1.86413 2.242199 -0.318363 -11.815539 -0.102479 0.023146 10.490746 2.204035 -1.562863 30.715389 -7.388999 2.193661 -2.570894 -0.663642 -1.221822 -27.840496 -4.873991 0.739871 6e-06 -0.0 -0.0 -0.000417 -0.002337 0.081544 0.137951 0.043435 0.120178 0.069218 -0.053747 0.031057 -109.605682 -69.181175 129.321609 24.017361 -62.698994 7.538504 95.21698 -2.243138 0.337812 -11.007067 -32.315296 13.398598 17.636625 -26.322733 52.411186 -19.466658 -14.395594 29.410381 -1e-06 -8.774818 -2e-06 16.185926 -17.830048 6.147268 -0.609777 -1.795653 -3.889327 -4.807088 -11.046811 -2.93785 2e-06 -20.976021 1e-06 -5.01997 -25.033562 -4.031881 8e-06 0.0 -1e-06 -10.634532 -5.686968 -3.565587 10.573275 -17.922955 -3.1139 2e-06 -13.821213 2e-06 -0.501781 -31.181507 -4.027014 -11.982911 -59.530098 7.616769 -13.982711 -7.150198 -2.875041 13.772726 -8.401492 -3.218241 0.347735 -34.211555 0.771655 -0.963028 -17.73337 2.62102 -1e-06 1e-06 1e-06 -17.346416 -20.095217 -4.20178 21.757557 -1.638376 3.866428 1e-06 -6.338825 1e-06 -1.69759 -22.591745 -6.194005 -1e-06 -3e-06 -2e-06 74.031975 -79.408531 118.911133 89.908051 -56.930141 -44.720726 146.549973 0.27486 -0.437842 35.706337 18.621534 -4.387532 22.182114 -20.375898 49.933319 -16.701813 -16.74353 28.476534 -3e-06 -12.690598 -1e-06 17.870245 -17.283834 1.883226 -0.105918 -1.513856 -4.275881 -5.039041 -5.612869 -2.953561 4e-06 -11.020523 -2e-06 -6.111295 -15.895329 -3.840472 2e-06 -1e-06 1e-06 -10.283367 -5.680288 -4.341837 11.028291 -11.302402 -2.372635 -1.384268 -14.238579 -6.320121 -0.625438 -26.924185 -3.827599 -5.540224 -51.944817 -1.666949 -13.708518 -7.363474 -3.720941 18.141146 -14.052739 -3.242671 6e-06 -18.78727 -1e-06 -0.429711 -8.456042 2.555503 0.0 -1e-06 -0.0 -15.923531 -20.094482 -5.473585 30.419205 -7.190823 1.73592 3e-06 -8.162925 -1e-06 -1.861902 -22.861464 -6.16794 1e-06 -4e-06 -1e-06 -176.011703 -7.980846 -3.049935 9.569356 0.026742 0.019186 -84.367691 2.221265 -7.769153 -6.301867 1.504905 2.11473 -0.999999 -1e-06 -0.0 -7.148458 4.837404 4.131158 25.323759 -0.088775 0.001004 -85.225555 -7.565901 -0.723038 -4.844827 0.922768 1.760215 -1.000004 0.0 0.0 
0.0 0.0 0.0 0.0 -0.0 0.0 -3.78939 99.004318 3.403188 89.376663 -2.15214 76.258415 -1.855895 2.216923 -0.329773 -11.843994 -0.080457 0.108365 10.530014 2.113209 -1.570872 30.955465 -7.210997 2.185708 -2.548163 -0.661381 -0.781488 -27.782415 -4.707844 1.140326 6e-06 0.0 0.0 0.008216 -0.001941 0.109045 0.14909 0.031122 0.14462 0.080763 -0.039737 0.06116 -108.956451 -69.049187 128.828735 23.041397 -62.989288 8.890171 95.893852 -2.259146 0.176195 -10.495321 -33.264675 12.27871 17.636625 -26.322721 52.411182 -19.46666 -14.395598 29.410385 -1e-06 -8.774822 -2e-06 16.274076 -17.909157 6.099566 -0.609776 -1.795654 -3.889327 -4.807089 -11.046809 -2.93785 3e-06 -20.976015 -1e-06 -5.019969 -25.033556 -4.031882 7e-06 -1e-06 -1e-06 -10.634533 -5.686969 -3.565588 10.573271 -17.922947 -3.113901 2e-06 -13.821205 0.0 -0.501776 -31.181501 -4.027018 -12.153546 -59.765385 7.70494 -13.982712 -7.150198 -2.875041 13.772731 -8.401491 -3.218241 0.347735 -34.211555 0.771652 -0.963028 -17.73337 2.621018 0.0 -1e-06 1e-06 -17.346418 -20.095217 -4.201782 21.757557 -1.638374 3.866426 1e-06 -6.338823 0.0 -1.697588 -22.591742 -6.194006 -1e-06 -3e-06 -2e-06 75.903214 -79.25708 117.293968 90.09449 -57.013966 -43.967804 146.763214 -0.167767 -0.242977 35.742264 18.571325 -5.658411 22.182119 -20.375895 49.933319 -16.701822 -16.74353 28.476536 -4e-06 -12.690602 -2e-06 17.859055 -17.099298 1.882475 -0.105919 -1.513855 -4.275883 -5.039041 -5.612871 -2.953557 4e-06 -11.020525 -1e-06 -6.111295 -15.895334 -3.840471 0.0 -1e-06 1e-06 -10.283369 -5.680287 -4.341838 11.028297 -11.302407 -2.372636 -1.384268 -14.238583 -6.320121 -0.625435 -26.924187 -3.827603 -5.41757 -51.672085 -1.742087 -13.708525 -7.363474 -3.72094 18.141151 -14.052739 -3.242675 9e-06 -18.78727 -4e-06 -0.429708 -8.456043 2.555503 -2e-06 -1e-06 -2e-06 -15.923536 -20.094482 -5.473584 30.419214 -7.190827 1.735925 4e-06 -8.162927 -1e-06 -1.8619 -22.861467 -6.167941 1e-06 -4e-06 -1e-06 -175.877014 -7.972388 -2.451792 9.421526 0.024994 0.026731 -84.283508 1.941679 -7.696865 -6.269787 1.472359 2.114508 -0.999999 -0.0 -0.0 -7.005691 4.829281 3.939904 25.311857 -0.100046 0.007542 -85.067879 -7.617104 -0.873564 -4.939352 0.933044 1.765306 -1.000001 0.0 -0.0 
0.0 0.0 0.0 0.0 -0.0 0.0 -3.722462 99.069748 3.480643 89.290009 -2.056962 76.639229 -1.811579 2.150613 -0.356513 -11.855595 -0.082036 0.166001 10.61066 2.022723 -1.53145 31.067577 -6.926817 2.232312 -2.533674 -0.677832 -0.498102 -27.771685 -4.46258 1.310442 6e-06 0.0 0.0 0.017262 0.000955 0.132602 0.158573 0.021109 0.167904 0.098303 -0.023637 0.084923 -108.378693 -69.099632 128.270691 22.550016 -63.344341 10.144844 96.621437 -2.14114 -0.057815 -9.619745 -34.809223 9.698869 17.636629 -26.322735 52.411186 -19.466665 -14.3956 29.410389 -0.0 -8.774825 -2e-06 16.633532 -18.068439 5.915195 -0.609775 -1.795654 -3.889327 -4.80709 -11.04681 -2.937848 3e-06 -20.976015 1e-06 -5.019973 -25.033558 -4.031876 7e-06 0.0 2e-06 -10.634533 -5.686968 -3.565587 10.573275 -17.922951 -3.113901 3e-06 -13.821209 1e-06 -0.501779 -31.181505 -4.027012 -12.276129 -60.152077 7.713727 -13.982714 -7.150197 -2.875041 13.772731 -8.401493 -3.218242 0.347731 -34.211555 0.771656 -0.963028 -17.73337 2.621021 -0.0 0.0 -0.0 -17.346418 -20.095215 -4.201778 21.757563 -1.638375 3.866426 1e-06 -6.338824 1e-06 -1.697591 -22.591747 -6.194003 -0.0 -4e-06 -2e-06 77.389015 -79.186356 116.069054 89.825539 -56.815922 -43.137794 146.882019 -0.562149 -0.053453 36.628208 18.721216 -6.596601 22.182102 -20.375895 49.933323 -16.701803 -16.743517 28.476526 -3e-06 -12.690593 0.0 17.960846 -16.935896 1.833024 -0.105919 -1.513856 -4.27588 -5.039037 -5.61287 -2.953555 3e-06 -11.02052 -1e-06 -6.111293 -15.895328 -3.840472 0.0 -1e-06 0.0 -10.283364 -5.680286 -4.341841 11.028286 -11.302401 -2.372633 -1.384268 -14.238577 -6.320117 -0.625437 -26.924179 -3.827598 -5.332009 -51.552547 -1.779451 -13.708515 -7.363475 -3.720939 18.14114 -14.052733 -3.242672 4e-06 -18.787262 -0.0 -0.429713 -8.456038 2.555504 -0.0 -1e-06 -1e-06 -15.923524 -20.094479 -5.473584 30.419188 -7.190821 1.735924 2e-06 -8.162921 -0.0 -1.861902 -22.861464 -6.167935 2e-06 -2e-06 -0.0 -175.654572 -7.969311 -1.703442 9.061792 0.018773 0.055655 -83.997246 1.726404 -7.600566 -6.276015 1.449612 2.117842 -0.999998 -0.0 -0.0 -6.816781 4.78132 3.539236 25.293303 -0.110321 0.004893 -84.75161 -7.543971 -0.960634 -5.077829 0.921376 1.764226 -1.000002 -0.0 -0.0 
0.0 0.0 0.0 0.0 -0.0 0.0 -3.63028 99.104752 3.500263 89.201004 -1.899716 77.151299 -1.687322 2.072124 -0.377466 -11.822478 -0.108104 0.191066 10.712856 1.903908 -1.428467 30.899565 -6.488066 2.282511 -2.541397 -0.696032 -0.298588 -27.804836 -4.192682 1.375583 6e-06 -0.0 0.0 0.023027 0.004189 0.136661 0.150871 0.017684 0.168568 0.101114 -0.013833 0.092811 -108.168892 -69.332367 127.993309 22.811411 -63.59021 10.66811 97.413673 -2.142368 -0.218186 -8.89736 -36.376934 7.198658 17.636629 -26.322739 52.411201 -19.466661 -14.395604 29.410393 0.0 -8.77482 -2e-06 17.0466 -18.186043 5.712707 -0.609777 -1.795654 -3.889328 -4.807088 -11.046813 -2.93785 1e-06 -20.976021 2e-06 -5.019975 -25.03356 -4.031879 8e-06 1e-06 -0.0 -10.634536 -5.686971 -3.565586 10.573276 -17.922951 -3.113899 2e-06 -13.821213 2e-06 -0.50178 -31.181511 -4.027014 -12.350644 -60.498585 7.703048 -13.982717 -7.150198 -2.875041 13.772732 -8.401493 -3.218242 0.347731 -34.211555 0.771657 -0.96303 -17.733372 2.621019 0.0 1e-06 0.0 -17.346424 -20.095219 -4.201778 21.757565 -1.638374 3.866427 -0.0 -6.338824 1e-06 -1.697591 -22.591747 -6.194005 -1e-06 -5e-06 -3e-06 77.866165 -79.270805 115.825813 88.731422 -56.245739 -41.87944 146.862518 -0.596919 0.074179 38.142918 19.127117 -6.971973 22.182117 -20.375898 49.933327 -16.701817 -16.74353 28.476532 -3e-06 -12.6906 -0.0 18.07744 -16.842422 1.755796 -0.105918 -1.513856 -4.275885 -5.039041 -5.61287 -2.953555 3e-06 -11.020525 -3e-06 -6.111298 -15.89533 -3.840471 1e-06 -2e-06 0.0 -10.283368 -5.680288 -4.34184 11.028295 -11.302404 -2.372632 -1.384266 -14.238579 -6.320121 -0.625434 -26.924185 -3.8276 -5.302226 -51.649872 -1.799158 -13.708523 -7.363476 -3.72094 18.14115 -14.052737 -3.242675 5e-06 -18.787266 -1e-06 -0.42971 -8.456041 2.555504 -1e-06 -1e-06 0.0 -15.923531 -20.094479 -5.473588 30.41921 -7.190827 1.735925 3e-06 -8.162925 -1e-06 -1.861898 -22.861467 -6.167943 0.0 -3e-06 -0.0 -175.436218 -7.978628 -0.984625 8.689925 0.010475 0.089975 -83.842339 1.802813 -7.515091 -6.34019 1.44812 2.119596 -0.999999 -0.0 0.0 -6.680676 4.714093 3.076438 25.448715 -0.113791 -0.009154 -84.53096 -7.522693 -1.004654 -5.251214 0.901893 1.761315 -1.000002 0.0 0.0 
0.0 0.0 0.0 0.0 -0.0 0.0 -3.50666 99.095932 3.475656 89.167969 -1.748925 77.723946 -1.506839 1.948889 -0.367313 -11.751615 -0.145346 0.190177 10.830082 1.759976 -1.276811 30.41308 -5.931469 2.29489 -2.560588 -0.675139 -0.175574 -27.921135 -3.895644 1.388148 6e-06 0.0 0.0 0.030667 0.00649 0.122161 0.137848 0.020014 0.149104 0.095666 -0.011658 0.084558 -108.586143 -69.720039 128.357315 23.805288 -63.648613 10.357644 98.267159 -2.118791 -0.303823 -8.403096 -37.827911 5.205142 17.636641 -26.322744 52.411201 -19.466665 -14.395602 29.410395 -1e-06 -8.774826 -2e-06 17.34985 -18.236185 5.57879 -0.609778 -1.795655 -3.889328 -4.807091 -11.046811 -2.937852 5e-06 -20.976021 1e-06 -5.019971 -25.03356 -4.03188 6e-06 -0.0 2e-06 -10.634538 -5.686974 -3.565588 10.573277 -17.922956 -3.1139 2e-06 -13.821214 1e-06 -0.501778 -31.181522 -4.027014 -12.42861 -60.69656 7.772402 -13.982718 -7.150201 -2.875041 13.772735 -8.401495 -3.218242 0.347733 -34.211559 0.771657 -0.963029 -17.733376 2.621021 -0.0 1e-06 -0.0 -17.346422 -20.095224 -4.201782 21.757566 -1.638376 3.866429 2e-06 -6.338825 1e-06 -1.697589 -22.591751 -6.194007 -1e-06 -4e-06 -2e-06 77.105598 -79.466904 116.775253 86.530869 -55.230812 -39.951969 146.610596 -0.28177 0.149185 40.066006 19.821888 -7.065979 22.182108 -20.375887 49.933323 -16.701817 -16.743526 28.47653 -2e-06 -12.690601 -1e-06 18.026114 -16.757488 1.769809 -0.105919 -1.513856 -4.275879 -5.03904 -5.612873 -2.953557 2e-06 -11.020523 -2e-06 -6.111298 -15.89533 -3.840472 3e-06 -1e-06 0.0 -10.283369 -5.680289 -4.341836 11.028292 -11.302403 -2.372636 -1.384268 -14.238579 -6.320121 -0.625435 -26.924187 -3.827604 -5.275688 -51.644634 -1.780198 -13.708524 -7.363478 -3.720941 18.141148 -14.052737 -3.242676 5e-06 -18.787268 -2e-06 -0.429711 -8.456041 2.555502 -2e-06 -2e-06 -0.0 -15.923536 -20.094484 -5.473582 30.41921 -7.190824 1.735924 3e-06 -8.162927 -2e-06 -1.861904 -22.861467 -6.167939 3e-06 -2e-06 -3e-06 -175.344223 -7.9544 -0.349298 8.430044 0.005963 0.098396 -83.891296 2.186797 -7.501094 -6.447583 1.460704 2.11989 -0.999998 0.0 -0.0 -6.720812 4.555979 2.502331 25.863642 -0.101966 -0.023098 -84.490112 -7.497588 -1.003335 -5.394968 0.887216 1.762325 -1.000002 -0.0 -0.0 
0.0 0.0 0.0 0.0 -0.0 0.0 -3.364017 99.057388 3.410923 89.218323 -1.654652 78.32312 -1.291932 1.774365 -0.347096 -11.670197 -0.174874 0.206674 10.998241 1.573418 -1.1226 29.548857 -5.257253 2.280385 -2.572976 -0.680021 -0.047536 -28.271696 -3.587961 1.334924 6e-06 -0.0 0.0 0.035624 0.008 0.108934 0.12935 0.021557 0.131388 0.093875 -0.010278 0.077647 -109.368721 -70.187141 129.084335 25.193846 -63.702908 9.378362 99.266289 -2.067736 -0.36982 -7.688829 -38.901688 2.956051 17.636625 -26.322725 52.411186 -19.466654 -14.395596 29.410385 -0.0 -8.774819 -3e-06 17.5257 -18.263025 5.498409 -0.609778 -1.795654 -3.889327 -4.807086 -11.046809 -2.93785 3e-06 -20.976017 1e-06 -5.019972 -25.033552 -4.03188 7e-06 1e-06 -1e-06 -10.634535 -5.686971 -3.565587 10.57327 -17.922947 -3.113899 2e-06 -13.821205 1e-06 -0.501777 -31.181488 -4.027016 -12.422341 -60.768398 7.782743 -13.982712 -7.150197 -2.875042 13.772727 -8.401489 -3.218241 0.347733 -34.211544 0.771655 -0.963029 -17.733362 2.621018 -0.0 -0.0 -0.0 -17.346415 -20.095213 -4.201784 21.757555 -1.638375 3.866428 1e-06 -6.338822 0.0 -1.69759 -22.59174 -6.194005 0.0 -5e-06 -1e-06 75.514999 -79.778244 118.499809 83.411934 -53.74818 -37.291172 146.06633 0.156777 0.226708 42.322926 20.939405 -7.288592 22.182106 -20.375891 49.933308 -16.701811 -16.743526 28.476522 -3e-06 -12.690597 -0.0 17.814821 -16.663713 1.882513 -0.105919 -1.513855 -4.275879 -5.03904 -5.612871 -2.953557 5e-06 -11.02052 -2e-06 -6.111297 -15.89533 -3.840471 -0.0 1e-06 -0.0 -10.283365 -5.680286 -4.341839 11.028289 -11.302401 -2.37263 -1.384269 -14.238575 -6.320123 -0.625439 -26.924183 -3.827597 -5.206627 -51.49123 -1.801885 -13.708519 -7.363474 -3.720939 18.141146 -14.052736 -3.242675 7e-06 -18.787268 -2e-06 -0.429712 -8.456039 2.555504 -1e-06 -2e-06 1e-06 -15.92353 -20.094477 -5.473583 30.419197 -7.190822 1.735923 4e-06 -8.162925 -0.0 -1.861903 -22.861464 -6.167937 5e-06 -3e-06 -3e-06 -175.757141 -7.805665 0.237932 9.091374 0.001656 0.092896 -84.382996 2.767912 -7.4816 -6.565237 1.490337 2.122389 -0.999999 -1e-06 0.0 -7.013444 4.291115 1.807853 26.584608 -0.083965 -0.035828 -84.571289 -7.36262 -0.999373 -5.492632 0.882663 1.764664 -1.000003 1e-06 -0.0 
0.0 0.0 0.0 0.0 -0.0 0.0 -3.203513 99.023453 3.299998 89.350899 -1.604406 78.964195 -1.032468 1.583201 -0.334575 -11.56731 -0.182403 0.268229 11.248332 1.277342 -0.994744 28.288649 -4.512595 2.263362 -2.579254 -0.708101 0.082499 -29.038904 -3.18979 1.156063 6e-06 -0.0 -0.0 0.034642 0.010245 0.111467 0.13701 0.021431 0.131078 0.111721 -0.005961 0.084521 -109.964363 -70.651634 129.64357 26.855322 -63.928837 7.630521 100.39357 -2.126527 -0.44247 -6.640269 -39.165264 0.27804 17.636625 -26.322727 52.411194 -19.46666 -14.395596 29.410389 -1e-06 -8.774819 -1e-06 17.703751 -18.341066 5.434774 -0.609777 -1.795653 -3.889327 -4.807087 -11.04681 -2.937848 3e-06 -20.976015 -1e-06 -5.019969 -25.033556 -4.031881 6e-06 -2e-06 0.0 -10.634533 -5.686969 -3.565588 10.57327 -17.922947 -3.1139 2e-06 -13.821206 -0.0 -0.501776 -31.181498 -4.027018 -12.370506 -60.830048 7.726459 -13.982712 -7.150199 -2.875041 13.772727 -8.401491 -3.218242 0.347732 -34.211555 0.771653 -0.963029 -17.73337 2.621019 0.0 1e-06 -1e-06 -17.346416 -20.095217 -4.20178 21.757555 -1.638374 3.866427 1e-06 -6.338824 0.0 -1.69759 -22.591747 -6.194005 1e-06 -2e-06 -1e-06 74.543251 -80.308662 119.591354 79.948929 -51.780262 -34.256714 145.154495 0.568517 0.367049 45.198418 22.538324 -7.708291 22.182114 -20.375898 49.933327 -16.701817 -16.74353 28.476538 -5e-06 -12.6906 -0.0 17.606312 -16.57443 2.042601 -0.10592 -1.513856 -4.275883 -5.039039 -5.612869 -2.953556 6e-06 -11.020523 0.0 -6.111295 -15.89533 -3.840472 2e-06 -1e-06 -0.0 -10.283371 -5.680287 -4.341842 11.028296 -11.302406 -2.372636 -1.384267 -14.238579 -6.320123 -0.625438 -26.924187 -3.827598 -5.13713 -51.305466 -1.885592 -13.708524 -7.363474 -3.720943 18.14115 -14.052739 -3.242676 7e-06 -18.787268 -1e-06 -0.429711 -8.45604 2.555506 -1e-06 0.0 -1e-06 -15.923531 -20.094481 -5.473589 30.41921 -7.190827 1.735926 4e-06 -8.162927 1e-06 -1.861902 -22.861467 -6.167938 3e-06 -2e-06 -1e-06 -176.378632 -7.55394 0.895383 9.96701 -0.007954 0.091601 -84.737694 3.363236 -7.427886 -6.64979 1.534958 2.1291 -0.999998 -0.0 0.0 -7.503433 3.893694 0.925126 27.52689 -0.065671 -0.055062 -84.625206 -6.961391 -0.947165 -5.616617 0.889202 1.765204 -1.000002 0.0 -0.0 
0.0 0.0 0.0 0.0 -0.0 0.0 -3.021625 99.018692 3.137363 89.489967 -1.555253 79.633514 -0.652577 1.466882 -0.36784 -11.457932 -0.170086 0.596157 11.527851 0.851926 -0.914664 26.786722 -3.440961 2.452786 -2.485288 -0.858257 -0.272698 -30.53017 -2.62949 0.935618 6e-06 0.0 -0.0 0.044208 0.014959 0.160207 0.149448 0.023783 0.172456 0.1282 0.003405 0.14476 -110.0354 -71.179161 129.893875 29.018551 -64.356377 5.37362 101.642738 -1.820181 -0.322556 -5.621397 -38.61599 -2.630157 17.636625 -26.322731 52.411205 -19.466658 -14.395596 29.410393 -1e-06 -8.77482 -2e-06 17.827265 -18.416241 5.448048 -0.609777 -1.795653 -3.889329 -4.807087 -11.046809 -2.93785 5e-06 -20.976013 -1e-06 -5.019969 -25.033558 -4.031881 6e-06 2e-06 1e-06 -10.634531 -5.68697 -3.565589 10.573272 -17.922947 -3.113901 2e-06 -13.821206 1e-06 -0.501776 -31.181498 -4.027017 -12.297503 -60.969574 7.592327 -13.982713 -7.150197 -2.875044 13.772727 -8.40149 -3.218242 0.347733 -34.211544 0.771655 -0.963028 -17.733368 2.621021 -0.0 -1e-06 -0.0 -17.346416 -20.095213 -4.201785 21.757555 -1.638374 3.866429 1e-06 -6.338822 0.0 -1.697588 -22.591738 -6.194007 -0.0 -4e-06 0.0 75.629372 -80.913208 118.63636 76.59317 -49.130646 -31.497093 143.709717 0.728204 0.467843 49.059692 24.936691 -7.334373 22.182121 -20.375885 49.933311 -16.701822 -16.74353 28.476526 -5e-06 -12.690605 -1e-06 17.588083 -16.623764 2.269805 -0.105921 -1.513857 -4.275882 -5.039041 -5.612873 -2.953555 6e-06 -11.020527 -2e-06 -6.1113 -15.895338 -3.840474 1e-06 0.0 -1e-06 -10.283371 -5.680289 -4.341838 11.028299 -11.302409 -2.372636 -1.384269 -14.238581 -6.320124 -0.625434 -26.924196 -3.827601 -5.144485 -51.179546 -1.955118 -13.708527 -7.363477 -3.720942 18.141157 -14.052744 -3.242677 1e-05 -18.787271 -4e-06 -0.42971 -8.456042 2.555504 2e-06 -2e-06 -0.0 -15.923536 -20.094486 -5.473586 30.419222 -7.190833 1.735927 3e-06 -8.162929 -1e-06 -1.861896 -22.861473 -6.167948 1e-06 -3e-06 -1e-06 -176.956238 -7.265019 1.587346 10.648028 -0.066781 0.141419 -85.032158 4.241019 -7.299742 -6.785923 1.581874 2.144949 -0.999998 0.0 -0.0 -8.057484 3.414005 -0.169543 28.540909 -0.047516 -0.087971 -84.503105 -6.457373 -0.96581 -5.886464 0.81575 1.748756 -1.000001 0.0 -0.0 
0.0 0.0 0.0 0.0 -0.0 0.0 -2.844706 99.09433 2.9292 89.516891 -1.571144 80.152473 -0.297134 1.472421 -0.284448 -11.305857 -0.143907 0.726919 11.851819 0.474668 -0.734474 25.222744 -2.720112 2.436473 -2.496567 -0.911673 -0.442066 -32.000961 -2.171571 0.101584 6e-06 -0.0 -1e-06 0.032946 0.018446 0.152821 0.164749 0.015769 0.159763 0.145149 0.018566 0.142893 -110.498566 -71.51915 130.332306 30.726931 -64.868927 2.639907 102.947594 -2.202198 -0.470619 -4.6754 -37.144707 -5.346822 17.636629 -26.322733 52.411186 -19.46666 -14.395598 29.410389 -0.0 -8.774822 -2e-06 17.869011 -18.315453 5.474216 -0.609777 -1.795654 -3.889326 -4.807089 -11.046811 -2.93785 3e-06 -20.976019 2e-06 -5.019974 -25.03356 -4.03188 6e-06 0.0 2e-06 -10.634533 -5.68697 -3.565588 10.573274 -17.922951 -3.113898 2e-06 -13.821211 3e-06 -0.501779 -31.181507 -4.027016 -12.087742 -60.89912 7.512184 -13.982712 -7.150199 -2.87504 13.772731 -8.401491 -3.218242 0.347733 -34.211555 0.771657 -0.963028 -17.73337 2.621019 1e-06 0.0 -1e-06 -17.346418 -20.095217 -4.201778 21.757557 -1.638373 3.866428 1e-06 -6.338824 0.0 -1.697591 -22.591743 -6.194004 0.0 -5e-06 -3e-06 81.630829 -82.096519 112.553406 73.728264 -46.251514 -29.602552 141.175247 1.041927 0.699646 54.226509 28.035994 -5.644626 22.182117 -20.375896 49.933319 -16.701813 -16.74353 28.47653 -4e-06 -12.690601 -2e-06 17.445498 -16.758055 2.402905 -0.105918 -1.513857 -4.27588 -5.039042 -5.612872 -2.953555 4e-06 -11.020525 -1e-06 -6.1113 -15.895338 -3.840472 2e-06 -0.0 -1e-06 -10.283371 -5.680289 -4.341837 11.028294 -11.302404 -2.372632 -1.384268 -14.238584 -6.320123 -0.625442 -26.924194 -3.8276 -5.306554 -51.286503 -1.866418 -13.708527 -7.363478 -3.72094 18.141153 -14.052739 -3.242676 7e-06 -18.787271 -4e-06 -0.429713 -8.456045 2.555504 -0.0 -1e-06 -0.0 -15.923539 -20.094484 -5.473579 30.419214 -7.190826 1.735923 5e-06 -8.162929 0.0 -1.861903 -22.861469 -6.167945 -0.0 -3e-06 -1e-06 -177.171799 -7.192889 1.918206 10.446796 -0.058677 0.165975 -84.478333 4.707342 -7.534441 -6.957676 1.647977 2.13641 -1.0 0.0 -0.0 -8.699503 3.075466 -1.194505 29.571222 -0.050837 -0.078551 -83.864586 -5.718895 -0.887549 -6.118851 0.80486 1.735434 -1.000002 -0.0 -0.0 
0.0 0.0 0.0 0.0 -0.0 0.0 -2.560843 99.271698 2.650174 89.528542 -1.596304 80.587158 0.098046 1.551256 -0.258517 -11.138923 -0.077944 1.028377 12.190145 0.061134 -0.633083 23.508835 -1.961942 2.360708 -2.498993 -0.90852 -0.905334 -33.828293 -1.73426 -0.983573 6e-06 -0.0 -0.0 0.003978 0.015358 0.062754 0.133653 -0.000279 0.055748 0.117344 0.028342 0.064363 -110.509758 -71.689278 130.286469 32.716778 -65.439392 -0.39022 104.4646 -2.555556 -0.602501 -4.055888 -35.19054 -7.859014 17.636625 -26.322718 52.411182 -19.466658 -14.395594 29.410381 -1e-06 -8.77482 -2e-06 17.655752 -18.186922 5.426015 -0.609777 -1.795652 -3.889328 -4.807087 -11.046806 -2.937851 4e-06 -20.976006 -2e-06 -5.019966 -25.033546 -4.031882 6e-06 1e-06 -1e-06 -10.634531 -5.68697 -3.565587 10.573271 -17.922945 -3.113901 3e-06 -13.821205 -0.0 -0.501774 -31.181498 -4.027018 -11.728467 -60.596722 7.092284 -13.982712 -7.150197 -2.875043 13.772727 -8.40149 -3.218241 0.347735 -34.21154 0.771652 -0.963028 -17.733362 2.621018 0.0 2e-06 -0.0 -17.346413 -20.095213 -4.201783 21.757555 -1.638373 3.866426 1e-06 -6.338821 0.0 -1.697588 -22.59174 -6.194007 1e-06 -3e-06 -3e-06 96.209442 -83.381294 97.447426 70.948265 -43.000553 -28.248568 137.132858 1.218406 0.964246 61.536308 32.679764 -1.60905 22.182121 -20.375904 49.933331 -16.701817 -16.743538 28.476536 -4e-06 -12.690607 -1e-06 17.38504 -16.763456 2.459162 -0.105919 -1.513856 -4.275881 -5.039042 -5.612871 -2.953556 5e-06 -11.020521 -2e-06 -6.111298 -15.895329 -3.840472 -0.0 -0.0 -1e-06 -10.283373 -5.68029 -4.341834 11.028296 -11.302404 -2.372634 -1.384266 -14.238581 -6.320122 -0.625438 -26.924189 -3.827599 -5.397503 -51.967991 -1.691321 -13.708528 -7.363476 -3.72094 18.141155 -14.05274 -3.242672 7e-06 -18.78727 -1e-06 -0.429711 -8.456043 2.555504 -0.0 -1e-06 -0.0 -15.923541 -20.094482 -5.473582 30.419228 -7.190827 1.735924 6e-06 -8.162928 2e-06 -1.861905 -22.861469 -6.16794 -0.0 -2e-06 -1e-06 -177.095306 -7.20013 2.161188 9.842425 -0.044185 0.081578 -83.126534 5.175787 -7.631021 -7.04877 1.664377 2.149894 -0.999999 -1e-06 -0.0 -9.452774 2.636028 -2.284716 30.697329 -0.044322 -0.119441 -82.660149 -4.774862 -0.890381 -6.741554 0.874628 1.749617 -1.000002 -0.0 0.0 
0.0 0.0 0.0 0.0 -0.0 0.0 -2.219881 99.533272 2.297769 89.610092 -1.510861 81.093109 0.624958 1.637829 -0.17682 -10.955706 -0.042791 1.30407 12.551269 -0.437027 -0.36546 21.800463 -1.075703 2.253209 -2.491316 -0.892018 -1.663148 -36.175755 -1.405298 -2.43759 5e-06 -0.0 0.0 0.005588 0.006822 0.014104 0.112919 -0.011463 -0.003673 0.112827 0.02114 0.021921 -109.525879 -71.911987 129.412567 35.67889 -65.664619 -4.158128 106.359291 -2.789746 -0.90017 -3.401254 -33.312077 -10.545742 17.636633 -26.322729 52.411182 -19.466658 -14.395594 29.410381 1e-06 -8.77482 -3e-06 17.341362 -17.992315 5.659654 -0.609776 -1.795657 -3.889326 -4.807089 -11.04681 -2.93785 2e-06 -20.976017 -0.0 -5.019971 -25.033556 -4.031882 6e-06 -2e-06 1e-06 -10.634534 -5.686974 -3.565588 10.573271 -17.922947 -3.1139 2e-06 -13.821206 2e-06 -0.501778 -31.181498 -4.027017 -11.38665 -60.223984 6.950474 -13.982714 -7.1502 -2.875044 13.772728 -8.401489 -3.21824 0.347731 -34.211544 0.771656 -0.96303 -17.733368 2.62102 -0.0 -1e-06 0.0 -17.34642 -20.095217 -4.201783 21.757557 -1.638374 3.866431 1e-06 -6.338823 -0.0 -1.697591 -22.591743 -6.194007 1e-06 -3e-06 -3e-06 125.742485 -83.644455 66.904839 68.209892 -39.225086 -27.88365 130.93425 1.465751 0.945436 72.151268 38.972279 5.247136 22.182123 -20.375893 49.933315 -16.701807 -16.743525 28.476522 -3e-06 -12.690601 -1e-06 17.112886 -16.852331 2.508017 -0.105919 -1.513855 -4.275882 -5.039041 -5.612871 -2.953554 3e-06 -11.020525 -2e-06 -6.111298 -15.895338 -3.84047 -0.0 0.0 0.0 -10.283371 -5.680289 -4.341841 11.028291 -11.302404 -2.37263 -1.384269 -14.238583 -6.320122 -0.625442 -26.924191 -3.827601 -5.782784 -52.580132 -1.377093 -13.708526 -7.363477 -3.720938 18.141148 -14.052738 -3.24267 7e-06 -18.78727 -1e-06 -0.429713 -8.456043 2.555505 -0.0 0.0 -1e-06 -15.923536 -20.094482 -5.473585 30.419207 -7.190824 1.735929 3e-06 -8.162927 0.0 -1.861903 -22.861469 -6.167941 -0.0 -4e-06 -1e-06 -176.872055 -7.073291 1.92033 9.219683 -0.024935 0.153397 -81.342285 5.748498 -7.930915 -7.100082 1.703254 2.154399 -0.999998 -1e-06 -0.0 -9.895963 1.985386 -3.596169 31.319818 -0.025549 -0.114624 -81.270912 -3.638659 -0.885804 -7.470219 0.87311 1.734836 -1.000001 -0.0 -0.0 
0.0 0.0 0.0 0.0 -0.0 0.0 -1.765717 99.931892 1.863304 89.792816 -1.282947 81.93914 1.236063 1.651877 -0.078146 -10.738802 0.011014 1.649459 12.895151 -1.029315 -0.17538 20.216869 0.006921 2.154857 -2.466083 -0.830915 -2.624889 -38.630562 -1.362877 -4.030985 6e-06 -0.0 0.0 0.012326 -0.004886 -0.025372 0.069256 -0.022731 -0.058791 0.081045 0.007607 -0.006621 -107.546852 -72.234993 127.482178 38.961494 -65.231064 -8.059132 108.864342 -2.737709 -1.114848 -2.832179 -32.197136 -13.47577 17.636627 -26.322727 52.411186 -19.466661 -14.395597 29.410389 -1e-06 -8.774821 -1e-06 16.84597 -17.870575 5.973895 -0.609776 -1.795654 -3.889326 -4.807087 -11.046807 -2.93785 5e-06 -20.976013 1e-06 -5.019968 -25.033552 -4.03188 6e-06 -1e-06 -1e-06 -10.634532 -5.686968 -3.565587 10.573272 -17.922947 -3.113901 3e-06 -13.821206 2e-06 -0.501775 -31.181501 -4.027015 -11.175997 -59.759605 6.865991 -13.982712 -7.150197 -2.875042 13.772728 -8.401489 -3.218241 0.347735 -34.211544 0.771656 -0.963028 -17.733366 2.62102 -0.0 1e-06 -0.0 -17.346415 -20.095213 -4.20178 21.757557 -1.638375 3.866427 1e-06 -6.338823 1e-06 -1.697589 -22.59174 -6.194006 -0.0 -4e-06 -3e-06 152.44281 -81.746269 38.696331 64.896416 -34.668915 -27.295717 122.445908 2.010431 0.983311 88.05143 46.825466 17.203287 22.182125 -20.375895 49.933331 -16.701815 -16.74353 28.476538 -4e-06 -12.690603 0.0 16.667601 -16.924562 2.512633 -0.105917 -1.513855 -4.275884 -5.039042 -5.612873 -2.953556 2e-06 -11.020525 -2e-06 -6.1113 -15.89533 -3.840472 -0.0 -0.0 0.0 -10.283373 -5.680288 -4.341844 11.028297 -11.302407 -2.372633 -1.38427 -14.238583 -6.320123 -0.625438 -26.924194 -3.827602 -6.232066 -53.490597 -1.036788 -13.708526 -7.363479 -3.720942 18.141153 -14.052738 -3.242677 8e-06 -18.787271 -1e-06 -0.429713 -8.456043 2.555503 -0.0 -0.0 -2e-06 -15.923539 -20.094486 -5.47359 30.419222 -7.190828 1.735929 3e-06 -8.162929 -1e-06 -1.861903 -22.861475 -6.167945 -1e-06 -3e-06 -2e-06 -176.850037 -6.81787 1.33666 9.198713 -0.00491 0.235489 -79.223663 6.610103 -8.08362 -7.121431 1.696882 2.159769 -0.999999 0.0 -0.0 -9.977457 1.068417 -5.181048 31.434334 -0.003625 -0.113716 -79.497337 -2.281157 -0.947058 -8.70301 0.859774 1.709477 -1.000001 -0.0 -0.0 
0.0 0.0 0.0 0.0 -0.0 0.0 -1.305959 100.541321 1.353088 89.94352 -0.903137 83.670662 1.873986 1.65676 -0.022914 -10.498791 0.02702 2.014976 13.238873 -1.63632 -0.092215 18.882458 1.383952 2.136988 -2.42167 -0.79678 -3.806547 -40.908592 -1.685716 -5.727195 7e-06 -0.0 0.0 0.021362 -0.004729 -0.028334 0.046828 -0.028621 -0.069341 0.055785 0.013284 -0.006745 -104.101715 -72.875107 124.066032 42.399467 -64.112213 -12.39318 112.065086 -2.370656 -1.169789 -2.016615 -31.985876 -17.026186 17.636641 -26.322735 52.41119 -19.466665 -14.395594 29.410389 -0.0 -8.774821 -3e-06 16.439379 -17.81682 6.216645 -0.609777 -1.795652 -3.889328 -4.80709 -11.046814 -2.937848 4e-06 -20.976021 1e-06 -5.019972 -25.033566 -4.031881 7e-06 3e-06 -0.0 -10.634535 -5.686975 -3.565588 10.573275 -17.922953 -3.113899 3e-06 -13.821212 1e-06 -0.501778 -31.181511 -4.027016 -11.124232 -59.406574 6.835263 -13.982714 -7.150199 -2.875044 13.77273 -8.401494 -3.218242 0.347734 -34.211559 0.771656 -0.96303 -17.733381 2.621019 1e-06 1e-06 -0.0 -17.346418 -20.095224 -4.201783 21.757559 -1.638376 3.86643 1e-06 -6.338825 1e-06 -1.697588 -22.591753 -6.194008 0.0 -3e-06 -3e-06 165.911865 -78.951668 23.777437 60.50399 -28.970371 -25.666069 111.848587 3.434419 1.230941 113.47995 55.423519 37.215176 22.18211 -20.3759 49.933323 -16.701809 -16.743532 28.47653 -3e-06 -12.690601 1e-06 15.939236 -16.971546 2.533251 -0.10592 -1.513855 -4.275882 -5.03904 -5.612871 -2.953557 4e-06 -11.02052 -2e-06 -6.111297 -15.89533 -3.840471 -0.0 0.0 0.0 -10.283371 -5.680287 -4.341839 11.028293 -11.302405 -2.372632 -1.38427 -14.238577 -6.32012 -0.625437 -26.924185 -3.8276 -6.905837 -55.049114 -0.577133 -13.708527 -7.363477 -3.720936 18.141153 -14.052738 -3.242678 7e-06 -18.787271 -1e-06 -0.429712 -8.456043 2.555503 -1e-06 0.0 2e-06 -15.923534 -20.094482 -5.473582 30.41921 -7.190826 1.735924 3e-06 -8.162927 1e-06 -1.861907 -22.861467 -6.167939 -0.0 -3e-06 -2e-06 -177.427475 -6.709276 0.745032 10.411469 0.005981 0.322116 -76.941154 7.887216 -7.791612 -7.407973 1.666252 2.15008 -0.999998 -1e-06 0.0 -9.459645 0.135324 -7.303427 30.784422 -0.012178 -0.083248 -76.961838 -1.074872 -1.141415 -10.513091 0.86359 1.677913 -1.000002 -0.0 -0.0 
0.0 0.0 0.0 0.0 -0.0 0.0 -0.923259 101.317368 0.841065 89.927956 -0.440731 86.479263 2.478985 1.679073 0.035781 -10.289152 0.022461 2.354202 13.573966 -2.148067 -0.062239 17.895382 3.096543 2.175159 -2.404674 -0.825782 -5.185343 -42.786129 -2.30985 -7.801738 7e-06 -0.0 -1e-06 0.040342 0.013949 0.006894 0.086726 -0.037006 -0.020214 0.073677 0.060159 0.011166 -99.433105 -73.769089 119.459435 45.783287 -62.637035 -17.389156 115.969345 -1.751266 -1.126698 -0.582894 -32.048759 -21.624435 17.636633 -26.322735 52.411198 -19.46666 -14.395597 29.410389 -2e-06 -8.774822 -2e-06 16.438225 -18.009676 6.205011 -0.609776 -1.795654 -3.889327 -4.807089 -11.046813 -2.937851 5e-06 -20.976017 -1e-06 -5.01997 -25.033558 -4.031881 6e-06 1e-06 1e-06 -10.634533 -5.68697 -3.565589 10.573274 -17.922951 -3.1139 3e-06 -13.821209 1e-06 -0.501777 -31.181505 -4.027014 -11.166412 -59.582275 6.739299 -13.982714 -7.150199 -2.875043 13.772729 -8.401491 -3.218242 0.347734 -34.211552 0.771655 -0.963029 -17.73337 2.62102 0.0 1e-06 -0.0 -17.346416 -20.095217 -4.201784 21.757559 -1.638375 3.86643 2e-06 -6.338824 1e-06 -1.697588 -22.591743 -6.194006 0.0 -3e-06 -2e-06 172.88446 -76.763695 16.058737 54.457394 -22.032686 -21.914089 98.891472 6.030017 1.767723 160.741318 59.209518 73.917564 22.182114 -20.375891 49.933319 -16.701817 -16.74353 28.476532 -5e-06 -12.690603 -1e-06 14.869862 -16.938446 2.85223 -0.105919 -1.513857 -4.275882 -5.039043 -5.612872 -2.953557 7e-06 -11.020525 -4e-06 -6.111299 -15.89533 -3.840474 1e-06 0.0 0.0 -10.283372 -5.680288 -4.341837 11.028296 -11.302406 -2.372636 -1.384269 -14.238581 -6.320123 -0.625434 -26.924194 -3.827603 -7.985416 -57.311626 0.100237 -13.708526 -7.363476 -3.72094 18.141153 -14.052741 -3.242676 9e-06 -18.78727 -4e-06 -0.429712 -8.456043 2.555502 3e-06 -1e-06 1e-06 -15.923534 -20.094484 -5.473583 30.419218 -7.190825 1.735927 1e-06 -8.162929 -2e-06 -1.861899 -22.861469 -6.167947 -1e-06 -3e-06 0.0 -178.650772 -6.991951 0.71045 12.83125 -0.006087 0.363096 -74.501595 8.806189 -6.718746 -8.034921 1.644327 2.134641 -0.999999 -1e-06 -0.0 -8.234249 -0.514591 -9.997828 29.206436 -0.03262 -0.063729 -73.755836 -0.133185 -1.467637 -12.76568 0.869733 1.637706 -1.000003 0.0 0.0 
0.0 0.0 0.0 0.0 -0.0 0.0 -0.58307 101.929947 0.412211 89.694702 -0.031668 90.277115 3.018003 1.70777 0.18358 -10.182823 0.021936 2.624849 13.832462 -2.524447 0.086579 17.139675 5.140635 2.134478 -2.430806 -0.842137 -6.839135 -44.050869 -3.245585 -10.542397 6e-06 0.0 -1e-06 0.057596 0.053993 0.094779 0.12277 -0.046689 0.088608 0.067476 0.152745 0.078402 -94.675827 -74.692856 114.641556 48.295467 -61.437813 -22.11482 120.940506 -1.126072 -0.90178 1.97353 -31.13205 -27.196543 17.636633 -26.322731 52.411198 -19.466663 -14.395592 29.410389 -0.0 -8.774821 -3e-06 16.916189 -18.452564 5.892167 -0.609777 -1.795657 -3.889328 -4.807088 -11.046813 -2.937851 5e-06 -20.976017 -1e-06 -5.019969 -25.03356 -4.031881 6e-06 1e-06 0.0 -10.634535 -5.68697 -3.565589 10.573272 -17.922955 -3.1139 2e-06 -13.821211 0.0 -0.501776 -31.181511 -4.027018 -11.312009 -60.763817 6.533813 -13.982714 -7.150204 -2.875043 13.772727 -8.40149 -3.21824 0.347732 -34.211555 0.771655 -0.963028 -17.733372 2.621019 -0.0 1e-06 1e-06 -17.346422 -20.095224 -4.201783 21.757557 -1.638376 3.86643 1e-06 -6.338825 1e-06 -1.697588 -22.591751 -6.194008 -1e-06 -4e-06 -2e-06 176.85231 -75.571617 11.978447 46.791462 -13.930285 -14.821734 82.486687 8.85428 2.411536 -147.097595 41.044621 108.307678 22.182119 -20.37591 49.933323 -16.701807 -16.743526 28.476528 -3e-06 -12.690601 -4e-06 14.614144 -18.055248 3.732821 -0.10592 -1.513854 -4.27588 -5.039041 -5.612873 -2.953558 3e-06 -11.020525 0.0 -6.111298 -15.895332 -3.840471 -0.0 0.0 -1e-06 -10.283373 -5.680289 -4.341838 11.028292 -11.302407 -2.372632 -1.384269 -14.238583 -6.32012 -0.625443 -26.924189 -3.827598 -9.35906 -59.03698 0.406822 -13.708527 -7.363478 -3.720939 18.141148 -14.052738 -3.242672 4e-06 -18.78727 2e-06 -0.429712 -8.456044 2.555504 2e-06 -1e-06 1e-06 -15.923536 -20.094484 -5.473584 30.419214 -7.190828 1.735931 3e-06 -8.162927 -0.0 -1.861906 -22.861473 -6.167939 -0.0 -3e-06 -3e-06 179.770493 -7.665603 1.492926 15.482761 -0.034794 0.366025 -71.786644 8.77824 -4.960084 -8.990022 1.621804 2.127217 -1.0 -0.0 -0.0 -6.435753 -0.661731 -13.036792 26.682184 -0.08637 -0.026404 -71.40506 0.280686 -2.043335 -14.08012 0.82348 1.589884 -1.000002 0.0 0.0 
0.0 0.0 0.0 0.0 -0.0 0.0 -0.205905 102.12915 0.124324 89.482742 0.110019 94.434799 3.430838 1.697385 0.425714 -10.154047 0.078902 2.714581 13.901981 -3.05363 0.574463 16.367496 7.071432 2.047364 -2.470046 -0.771712 -8.643762 -45.044731 -4.298393 -13.72965 5e-06 0.0 -0.0 0.072551 0.099452 0.205501 0.147968 -0.053462 0.206559 0.053001 0.249614 0.181023 -93.868034 -74.966347 113.449631 47.80751 -60.926373 -24.215103 127.234558 -1.011406 -0.268904 6.430804 -28.4678 -33.813457 17.636629 -26.322731 52.411182 -19.466661 -14.395596 29.410389 -2e-06 -8.774821 -2e-06 17.430349 -18.602064 5.400814 -0.609778 -1.795653 -3.889326 -4.807088 -11.046811 -2.937849 2e-06 -20.976015 1e-06 -5.01997 -25.033558 -4.03188 6e-06 -1e-06 0.0 -10.634531 -5.686973 -3.565586 10.573271 -17.922951 -3.113899 2e-06 -13.821211 1e-06 -0.501779 -31.181505 -4.027016 -11.614155 -62.036518 6.60365 -13.982714 -7.150195 -2.875041 13.77273 -8.401493 -3.218241 0.347732 -34.211555 0.771655 -0.963029 -17.73337 2.621019 -1e-06 -2e-06 -1e-06 -17.346418 -20.095221 -4.201779 21.757557 -1.63837 3.866429 1e-06 -6.338824 0.0 -1.697591 -22.591747 -6.194006 -1e-06 -4e-06 -2e-06 179.847778 -74.347679 9.250037 38.97118 -6.992587 -4.765165 62.598652 9.573017 1.988204 -116.981964 8.124067 111.491722 22.182121 -20.375898 49.933323 -16.701817 -16.743534 28.476534 -1e-06 -12.690603 0.0 14.336675 -20.161079 5.365095 -0.105918 -1.513856 -4.275883 -5.039042 -5.612872 -2.953555 3e-06 -11.020525 -2e-06 -6.111301 -15.895334 -3.840469 1e-06 -1e-06 -0.0 -10.283373 -5.680288 -4.341838 11.028296 -11.302404 -2.372633 -1.38427 -14.238583 -6.32012 -0.625443 -26.924191 -3.827597 -8.951116 -55.662594 -0.922019 -13.708529 -7.363477 -3.720939 18.141153 -14.05274 -3.242674 4e-06 -18.787271 -0.0 -0.42971 -8.456044 2.555503 -0.0 -2e-06 1e-06 -15.923541 -20.094484 -5.473582 30.419224 -7.190827 1.735926 2e-06 -8.162928 -1e-06 -1.861905 -22.861473 -6.167942 -1e-06 -4e-06 -1e-06 177.984665 -8.106605 2.977513 17.229334 -0.098053 0.377359 -69.917 8.840682 -4.371038 -10.663495 1.572287 2.060148 -1.0 0.0 0.0 -4.571416 -0.545174 -15.917548 23.59429 -0.161108 0.001147 -71.18927 -0.114834 -3.026483 -13.334403 0.75816 1.574639 -1.000001 0.0 -0.0 
0.0 0.0 0.0 0.0 -0.0 0.0 0.294681 101.914001 0.066207 89.320206 -0.244083 98.070251 3.66562 1.772517 0.689742 -10.113751 0.219506 3.035438 13.710775 -3.718544 1.150847 15.227236 8.329373 1.995715 -2.401854 -0.871178 -10.561304 -45.697609 -5.104773 -16.854664 5e-06 0.0 -0.0 0.099423 0.119707 0.26666 0.148293 -0.062604 0.256448 0.032804 0.297525 0.250879 -97.634933 -73.841125 117.017136 43.731438 -61.478668 -22.66872 134.142807 -1.310579 0.526004 11.728094 -24.616064 -39.149498 17.636623 -26.322723 52.411186 -19.466663 -14.395598 29.410393 -0.0 -8.774819 -1e-06 17.130722 -18.099442 5.087937 -0.609775 -1.795654 -3.889329 -4.807089 -11.046811 -2.937849 2e-06 -20.976015 -2e-06 -5.019971 -25.033556 -4.031882 7e-06 -0.0 -0.0 -10.634532 -5.686971 -3.565586 10.573272 -17.922947 -3.113902 3e-06 -13.821206 -0.0 -0.501778 -31.181498 -4.027018 -11.1624 -61.93343 6.349618 -13.982711 -7.150198 -2.875041 13.772727 -8.401491 -3.218242 0.347734 -34.211544 0.771653 -0.963029 -17.73337 2.621018 -1e-06 -1e-06 -1e-06 -17.346413 -20.095217 -4.20178 21.757555 -1.638373 3.866427 1e-06 -6.338821 1e-06 -1.697589 -22.591743 -6.194007 -2e-06 -4e-06 -2e-06 -177.558868 -71.535469 6.813267 32.405914 -4.80018 7.666548 42.649124 6.921903 1.112043 -91.52166 -20.820827 97.525681 22.182119 -20.375895 49.933315 -16.701813 -16.743525 28.47653 -1e-06 -12.6906 -2e-06 13.564139 -20.222687 6.066178 -0.105919 -1.513856 -4.27588 -5.039041 -5.612871 -2.953558 4e-06 -11.020525 -2e-06 -6.111298 -15.895334 -3.840471 -0.0 -2e-06 1e-06 -10.283371 -5.680288 -4.341838 11.028294 -11.302406 -2.372632 -1.384268 -14.238581 -6.320121 -0.625439 -26.924189 -3.827602 -7.336923 -49.595448 -2.424466 -13.708525 -7.363477 -3.720939 18.141148 -14.052739 -3.242674 7e-06 -18.78727 -2e-06 -0.429712 -8.456043 2.555503 -0.0 3e-06 -0.0 -15.923536 -20.094482 -5.473585 30.41921 -7.190827 1.735927 2e-06 -8.162922 -1e-06 -1.861901 -22.861473 -6.167942 0.0 -4e-06 -1e-06 176.602417 -8.00465 4.158022 17.218956 -0.054858 0.290352 -71.190056 9.754966 -4.458891 -10.783026 1.460661 2.070796 -0.999999 0.0 0.0 -3.544126 -0.60682 -18.458664 21.369938 -0.165207 0.004319 -72.740425 -1.307796 -4.097802 -11.670516 0.736341 1.608803 -1.000003 -1e-06 0.0 
0.0 0.0 0.0 0.0 -0.0 0.0 0.843142 101.381561 0.094942 88.573067 -0.965408 100.040802 3.827942 2.103152 1.048194 -10.027114 0.410742 3.646384 13.11359 -3.979125 1.732099 14.346598 8.91773 2.118034 -2.257162 -1.049797 -12.278545 -46.057827 -5.429364 -19.508753 6e-06 0.0 -0.0 0.118454 0.125762 0.277236 0.11783 -0.056873 0.244694 0.004064 0.301217 0.279594 -102.766945 -71.099525 122.150009 35.472149 -63.410015 -18.267721 139.615097 -2.333694 1.116834 17.146193 -20.642975 -41.367218 17.636629 -26.322735 52.411194 -19.466656 -14.395598 29.410381 -3e-06 -8.774822 -1e-06 16.516056 -17.148682 5.1532 -0.609776 -1.795654 -3.889327 -4.807091 -11.046805 -2.937847 5e-06 -20.976013 4e-06 -5.019969 -25.033552 -4.031878 5e-06 -1e-06 0.0 -10.634535 -5.686969 -3.565586 10.573272 -17.922951 -3.113899 3e-06 -13.821205 1e-06 -0.501779 -31.181498 -4.027012 -10.597579 -61.085381 6.366515 -13.982714 -7.150195 -2.875043 13.772728 -8.401491 -3.218238 0.347735 -34.211544 0.771657 -0.963028 -17.733368 2.621022 -1e-06 -0.0 -1e-06 -17.346416 -20.095211 -4.20178 21.757555 -1.638376 3.866427 4e-06 -6.338823 0.0 -1.697589 -22.591742 -6.194004 -1e-06 -4e-06 -3e-06 -175.381989 -67.997749 4.337892 27.471083 -7.766352 18.870922 28.755827 3.140286 1.23062 -67.238434 -38.370701 73.944191 22.182104 -20.375896 49.933319 -16.701817 -16.74353 28.476536 -3e-06 -12.6906 1e-06 13.661013 -19.679739 5.823004 -0.105919 -1.513856 -4.275881 -5.03904 -5.612871 -2.953557 4e-06 -11.020523 -2e-06 -6.111297 -15.89533 -3.84047 -1e-06 -2e-06 1e-06 -10.283369 -5.680288 -4.341838 11.028293 -11.302403 -2.372634 -1.384268 -14.238579 -6.320121 -0.625438 -26.924185 -3.827602 -6.770825 -47.017319 -2.551615 -13.708522 -7.363475 -3.720939 18.141146 -14.052737 -3.242676 5e-06 -18.787268 -1e-06 -0.429712 -8.456046 2.555504 -0.0 1e-06 -0.0 -15.923532 -20.094482 -5.473584 30.41921 -7.190822 1.735922 1e-06 -8.162925 -0.0 -1.861903 -22.861467 -6.167941 0.0 -5e-06 -1e-06 176.005692 -8.415502 4.64933 15.630944 0.013013 0.210183 -74.483452 9.826978 -5.472937 -9.139043 1.382879 2.092459 -0.999999 -0.0 -0.0 -3.452206 -0.163552 -19.953239 19.837185 -0.125192 -0.008748 -75.13427 -2.366135 -4.695725 -9.867679 0.739445 1.657465 -1.000001 -0.0 0.0 
0.0 0.0 0.0 0.0 -0.0 0.0 1.299992 100.779053 0.242181 87.80825 -1.688163 100.921906 3.983925 2.183127 1.372803 -9.926469 0.532711 4.219938 12.415112 -3.865298 2.083788 14.352702 9.205481 2.183891 -2.238786 -1.02184 -13.542238 -46.031075 -5.013727 -21.293512 6e-06 0.0 -0.0 0.099598 0.104941 0.252454 0.066271 -0.070458 0.201945 -0.020653 0.270692 0.273058 -105.615021 -67.996819 125.36792 27.361322 -65.056252 -13.710247 142.091736 -3.15776 0.944752 20.878805 -17.878345 -41.113544 17.636635 -26.322733 52.41119 -19.466665 -14.395598 29.410389 -2e-06 -8.774822 -3e-06 16.324926 -16.383329 5.359862 -0.609775 -1.79565 -3.889324 -4.80709 -11.046814 -2.93785 2e-06 -20.976021 1e-06 -5.019971 -25.033556 -4.031878 8e-06 -0.0 -0.0 -10.634537 -5.686971 -3.565588 10.573277 -17.922951 -3.1139 2e-06 -13.821211 3e-06 -0.501779 -31.181505 -4.027013 -10.505805 -60.33514 6.834127 -13.982717 -7.150194 -2.875042 13.772731 -8.401495 -3.218241 0.347737 -34.211555 0.771656 -0.963029 -17.733374 2.621022 -0.0 0.0 2e-06 -17.346422 -20.095215 -4.20178 21.757559 -1.638377 3.866427 0.0 -6.338824 3e-06 -1.697589 -22.591747 -6.194007 -0.0 -4e-06 -3e-06 -175.431244 -65.664604 4.088349 24.915743 -12.204183 25.096628 21.669619 2.337583 1.758751 -52.118774 -47.084442 55.922932 22.18211 -20.375898 49.933319 -16.701813 -16.74353 28.476534 -3e-06 -12.690601 0.0 13.866622 -19.7104 5.341215 -0.105919 -1.513856 -4.275882 -5.039041 -5.612871 -2.953557 4e-06 -11.020523 -2e-06 -6.111296 -15.89533 -3.840471 -0.0 -2e-06 0.0 -10.283369 -5.680287 -4.341839 11.028294 -11.302405 -2.372633 -1.384268 -14.238579 -6.320122 -0.625437 -26.924187 -3.827601 -6.421247 -47.225746 -2.874066 -13.708523 -7.363475 -3.72094 18.141148 -14.052739 -3.242674 6e-06 -18.78727 -2e-06 -0.429712 -8.456041 2.555505 -0.0 2e-06 -0.0 -15.923531 -20.094482 -5.473585 30.419201 -7.190823 1.735925 2e-06 -8.162921 0.0 -1.861901 -22.861467 -6.167941 1e-06 -3e-06 -1e-06 175.643097 -8.811007 4.991764 14.286115 -0.020527 0.297911 -77.944275 9.639914 -6.625953 -6.983381 1.437145 2.07186 -0.999997 0.0 -0.0 -3.836093 0.374563 -20.008976 19.109632 -0.074927 0.054353 -77.609108 -3.747242 -4.734312 -8.350866 0.774188 1.676705 -1.0 0.0 0.0 
0.0 0.0 0.0 0.0 -0.0 0.0 1.791541 100.688911 0.223634 87.812134 -2.395591 102.433723 3.932436 1.814523 1.498181 -9.878595 0.530303 4.471522 12.277014 -4.345302 2.220922 14.566748 10.459197 2.156921 -2.239243 -1.05163 -14.472653 -45.198723 -4.488755 -22.712606 6e-06 1e-06 0.0 0.084013 0.0762 0.238771 0.062725 -0.097235 0.187877 -0.018272 0.240546 0.262765 -107.736305 -66.12133 127.85788 25.238476 -65.733139 -13.631242 141.688446 -3.274482 0.759615 23.355049 -17.212873 -39.471306 17.636623 -26.322723 52.411186 -19.466665 -14.395596 29.410389 1e-06 -8.774821 -0.0 16.427427 -16.274887 5.348001 -0.609773 -1.795654 -3.889329 -4.807087 -11.04681 -2.93785 3e-06 -20.976017 -3e-06 -5.019969 -25.03356 -4.03188 7e-06 0.0 -1e-06 -10.63453 -5.686971 -3.565589 10.573272 -17.922953 -3.113905 0.0 -13.821209 1e-06 -0.501777 -31.181505 -4.027019 -10.852985 -59.894627 7.180852 -13.982712 -7.150198 -2.87504 13.772729 -8.401492 -3.218245 0.347734 -34.211544 0.77165 -0.963028 -17.73337 2.621017 -1e-06 0.0 0.0 -17.346416 -20.095221 -4.201783 21.757555 -1.638374 3.866426 1e-06 -6.338822 1e-06 -1.697587 -22.591747 -6.194009 1e-06 -5e-06 -3e-06 -177.08403 -65.619247 6.089614 24.176867 -14.753164 27.834171 17.727083 2.455073 1.99234 -42.410984 -50.877228 42.33873 22.182114 -20.375896 49.933327 -16.701811 -16.74353 28.476532 -2e-06 -12.690601 -1e-06 13.963501 -19.24778 5.028071 -0.10592 -1.513856 -4.275882 -5.039041 -5.612871 -2.953557 4e-06 -11.020523 -1e-06 -6.111296 -15.895332 -3.840472 0.0 -1e-06 0.0 -10.28337 -5.680288 -4.34184 11.028294 -11.302406 -2.372633 -1.384268 -14.238579 -6.320122 -0.625437 -26.924194 -3.827603 -6.030763 -47.346756 -2.884626 -13.708524 -7.363476 -3.72094 18.14115 -14.052739 -3.242676 7e-06 -18.787266 -2e-06 -0.429713 -8.456041 2.555504 -0.0 -2e-06 -0.0 -15.923532 -20.094482 -5.473587 30.41921 -7.190828 1.735923 3e-06 -8.162924 0.0 -1.8619 -22.861469 -6.167942 -2e-06 -2e-06 -1e-06 174.413315 -8.122088 6.338193 14.535222 -0.078888 0.30093 -78.519684 10.25063 -6.513681 -6.468578 1.539225 2.07957 -0.999999 0.0 -0.0 -4.52743 -0.105044 -20.080013 19.307198 -0.034118 -0.005576 -78.200951 -4.988094 -5.406079 -8.21173 0.867606 1.700474 -1.000001 -1e-06 -0.0 
0.0 0.0 0.0 0.0 -0.0 0.0 2.162099 100.75753 0.183561 87.782364 -2.841718 104.814209 3.752412 1.581398 1.540172 -9.852551 0.464152 4.40543 12.216371 -4.826233 2.17908 15.555447 11.841707 2.16162 -2.222761 -1.138968 -15.328208 -43.647923 -3.858948 -24.078684 6e-06 0.0 2e-06 0.081238 0.057707 0.239106 0.049404 -0.131893 0.199043 -0.023434 0.239868 0.25516 -107.564354 -65.787193 127.784142 27.424103 -66.939613 -15.633573 139.927231 -3.007781 0.695264 25.044655 -17.888878 -37.555103 17.636627 -26.322733 52.411205 -19.466663 -14.395596 29.410395 -2e-06 -8.774821 -2e-06 16.554029 -16.346272 5.314098 -0.609776 -1.795653 -3.889328 -4.807085 -11.046811 -2.93785 6e-06 -20.976021 -2e-06 -5.019967 -25.03356 -4.031883 7e-06 1e-06 1e-06 -10.634533 -5.686971 -3.565589 10.573277 -17.922955 -3.113904 2e-06 -13.821211 1e-06 -0.501775 -31.181505 -4.027017 -11.015423 -59.908459 7.239929 -13.982711 -7.150198 -2.875044 13.772728 -8.401495 -3.218241 0.347737 -34.211555 0.771651 -0.963027 -17.733374 2.621018 -1e-06 -0.0 -1e-06 -17.346413 -20.095219 -4.201784 21.757557 -1.638374 3.866428 1e-06 -6.338824 2e-06 -1.697586 -22.591747 -6.194008 -1e-06 -6e-06 -2e-06 -178.645386 -65.546143 7.968084 23.925753 -16.923359 28.369213 16.025745 2.700863 1.925009 -36.040142 -50.79707 32.161556 22.18211 -20.375891 49.933308 -16.701811 -16.74353 28.476524 -2e-06 -12.6906 -1e-06 14.21494 -18.887426 4.909513 -0.10592 -1.513855 -4.27588 -5.03904 -5.612871 -2.953556 3e-06 -11.020521 -2e-06 -6.111296 -15.895334 -3.840469 0.0 0.0 -0.0 -10.283369 -5.680287 -4.341838 11.028293 -11.302403 -2.372632 -1.384269 -14.23858 -6.320121 -0.625439 -26.924187 -3.8276 -5.701295 -47.477547 -2.999807 -13.708524 -7.363474 -3.720938 18.141146 -14.052737 -3.242673 6e-06 -18.787266 -1e-06 -0.429711 -8.456045 2.555502 -0.0 3e-06 0.0 -15.923534 -20.094479 -5.473584 30.41921 -7.190826 1.735927 4e-06 -8.162925 -1e-06 -1.861903 -22.861467 -6.16794 -1e-06 -4e-06 -1e-06 173.193832 -7.508157 8.122531 14.844209 -0.09351 0.344179 -78.184639 11.305455 -5.953155 -6.437142 1.559596 2.0775 -0.999998 -0.0 -0.0 -4.668851 -0.362745 -20.540821 19.030458 -0.033835 0.011949 -78.021255 -6.471047 -6.411926 -8.28849 0.928822 1.709433 -1.000002 0.0 0.0 
0.0 0.0 0.0 0.0 -0.0 0.0 2.459554 100.878929 0.183677 87.713005 -3.092384 107.266342 3.502812 1.457049 1.53498 -9.883875 0.454632 4.291272 12.202407 -5.193877 2.08957 16.763546 13.021499 2.23763 -2.185867 -1.343506 -16.274521 -41.774101 -3.289572 -25.173872 6e-06 1e-06 2e-06 0.082235 0.049123 0.248399 0.025904 -0.162758 0.214791 -0.044055 0.255168 0.258253 -107.608635 -65.999344 127.631836 30.116066 -67.396957 -17.344439 138.217514 -2.812557 0.83592 26.484743 -19.208044 -35.463924 17.636608 -26.322714 52.411175 -19.46666 -14.395591 29.410389 -0.0 -8.774821 -1e-06 16.540039 -16.631168 5.266091 -0.609771 -1.795654 -3.889328 -4.80709 -11.046809 -2.93785 0.0 -20.976015 -4e-06 -5.01997 -25.03356 -4.031882 6e-06 -0.0 -1e-06 -10.634531 -5.686971 -3.565585 10.573271 -17.922949 -3.113905 -1e-06 -13.821209 -2e-06 -0.501774 -31.181501 -4.02702 -10.940711 -59.774792 7.075087 -13.982711 -7.1502 -2.87504 13.772726 -8.40149 -3.218244 0.347732 -34.211544 0.771643 -0.963027 -17.733366 2.621012 -1e-06 -1e-06 -2e-06 -17.346416 -20.095215 -4.201778 21.757555 -1.638373 3.866423 1e-06 -6.338824 -3e-06 -1.697588 -22.591742 -6.194006 0.0 -6e-06 -1e-06 -179.664413 -65.875 9.409512 23.636971 -17.944866 27.206427 15.668173 2.352829 1.669019 -31.190886 -48.69643 22.135582 22.182117 -20.375898 49.933327 -16.701811 -16.743526 28.476528 -2e-06 -12.690601 0.0 14.649959 -18.610256 4.521632 -0.105919 -1.513856 -4.275881 -5.039042 -5.612872 -2.953557 4e-06 -11.020525 -1e-06 -6.111299 -15.895334 -3.840472 -0.0 -1e-06 0.0 -10.283371 -5.680288 -4.341839 11.028293 -11.302406 -2.372633 -1.384269 -14.238581 -6.32012 -0.62544 -26.924189 -3.827601 -5.134114 -47.420155 -3.598638 -13.708524 -7.363478 -3.72094 18.141148 -14.052739 -3.242673 7e-06 -18.78727 -3e-06 -0.429711 -8.456043 2.555504 -0.0 3e-06 1e-06 -15.923536 -20.094484 -5.473582 30.41921 -7.190823 1.735928 5e-06 -8.16293 -2e-06 -1.861902 -22.861475 -6.167943 -1e-06 -1e-06 -1e-06 172.335419 -7.006836 9.872645 14.873126 -0.105093 0.362171 -77.516586 12.167402 -5.293093 -6.497597 1.523632 2.078348 -0.999998 0.0 0.0 -4.41669 -0.4343 -21.181442 18.406252 -0.066918 0.025311 -77.521019 -7.813548 -7.354089 -8.403868 0.92343 1.698937 -1.000001 1e-06 -0.0 
0.0 0.0 0.0 0.0 -0.0 0.0 2.744341 101.016342 0.231128 87.686234 -3.221234 109.343117 3.239724 1.32212 1.52419 -9.938622 0.450126 4.240084 12.267769 -5.469525 2.004705 17.708477 13.976556 2.324268 -2.15434 -1.605372 -17.202465 -40.155754 -2.833912 -26.028572 7e-06 -0.0 1e-06 0.077416 0.039657 0.240654 -0.005889 -0.192344 0.208432 -0.079578 0.266915 0.24779 -108.127113 -66.299332 127.933815 31.760838 -67.089371 -18.225225 136.967407 -2.728685 0.968567 27.61088 -20.56287 -33.940445 17.636629 -26.322727 52.411182 -19.466652 -14.395594 29.410378 -1e-06 -8.774821 -3e-06 16.530415 -16.948698 5.243559 -0.609778 -1.795652 -3.889325 -4.807086 -11.046807 -2.937849 6e-06 -20.976009 -1e-06 -5.019969 -25.033546 -4.03188 6e-06 -0.0 0.0 -10.634535 -5.686967 -3.565586 10.573276 -17.922947 -3.113899 1e-06 -13.821206 1e-06 -0.501779 -31.181494 -4.027012 -10.911184 -59.598225 7.02228 -13.982708 -7.150193 -2.875041 13.77273 -8.401491 -3.21824 0.347735 -34.211536 0.771655 -0.963029 -17.733366 2.621022 -1e-06 0.0 -2e-06 -17.346418 -20.095205 -4.201781 21.757555 -1.638378 3.866428 2e-06 -6.338823 -1e-06 -1.697589 -22.591734 -6.194002 -1e-06 -5e-06 -2e-06 179.447769 -66.672401 10.862434 23.411596 -18.318302 25.666397 15.508418 1.774897 1.415321 -27.601267 -46.71151 14.092579 22.182116 -20.375898 49.933327 -16.701815 -16.743526 28.476534 -4e-06 -12.6906 -1e-06 14.975555 -18.663248 4.075132 -0.105919 -1.513856 -4.275882 -5.039041 -5.61287 -2.953556 5e-06 -11.020523 -4e-06 -6.111296 -15.895332 -3.840472 -0.0 -1e-06 0.0 -10.283371 -5.680288 -4.34184 11.028292 -11.302404 -2.372632 -1.384267 -14.238581 -6.320124 -0.625438 -26.924183 -3.827599 -4.773168 -47.490482 -4.264305 -13.708524 -7.363476 -3.72094 18.141146 -14.052739 -3.242672 8e-06 -18.787268 -3e-06 -0.429711 -8.456045 2.555501 2e-06 1e-06 1e-06 -15.923532 -20.094482 -5.473588 30.419205 -7.190827 1.735925 2e-06 -8.162927 1e-06 -1.861898 -22.861467 -6.167942 0.0 -2e-06 -2e-06 171.804596 -6.536603 11.361335 14.823488 -0.116304 0.365944 -76.75808 12.717639 -4.671967 -6.574797 1.49653 2.087722 -0.999998 0.0 -0.0 -3.879009 -0.464921 -21.873037 17.496311 -0.093843 -0.000813 -76.904694 -8.819772 -8.026123 -8.475274 0.881516 1.681249 -1.000004 -1e-06 0.0 
0.0 0.0 0.0 0.0 -0.0 0.0 3.012493 101.078072 0.315722 87.693588 -3.27867 111.011139 3.036361 1.166621 1.509578 -9.989827 0.403811 4.227514 12.341103 -5.648354 1.9841 18.237793 14.572135 2.36153 -2.12433 -1.781173 -17.993832 -39.063702 -2.539281 -26.687794 6e-06 0.0 2e-06 0.065548 0.031924 0.22258 -0.030683 -0.207586 0.18994 -0.106384 0.266774 0.228412 -108.67691 -66.603706 128.302643 31.9265 -66.541794 -18.193253 136.179245 -2.746915 1.068363 28.306545 -21.309513 -33.274433 17.636612 -26.322733 52.411205 -19.466665 -14.395598 29.410389 -1e-06 -8.774819 -1e-06 16.651758 -17.142241 5.167934 -0.609775 -1.795654 -3.889328 -4.80709 -11.046811 -2.93785 5e-06 -20.976021 -2e-06 -5.019968 -25.03356 -4.03188 6e-06 -2e-06 -1e-06 -10.634535 -5.68697 -3.565588 10.573275 -17.922955 -3.113905 1e-06 -13.821209 -0.0 -0.501773 -31.181505 -4.027019 -10.911782 -59.606537 7.024957 -13.982712 -7.150197 -2.875042 13.77273 -8.401497 -3.218244 0.347737 -34.211544 0.771651 -0.963027 -17.733366 2.621018 -0.0 -1e-06 2e-06 -17.346415 -20.095221 -4.201783 21.757555 -1.638374 3.866425 1e-06 -6.338826 -3e-06 -1.697588 -22.591749 -6.194009 0.0 -7e-06 -3e-06 178.633087 -67.468193 12.236705 23.206497 -18.84178 24.393078 15.099891 1.407255 1.2407 -26.045822 -44.954594 10.877446 22.182117 -20.375896 49.933319 -16.701815 -16.743528 28.47653 -2e-06 -12.690602 -1e-06 15.037924 -18.698378 3.96686 -0.105919 -1.513856 -4.27588 -5.03904 -5.612873 -2.953556 4e-06 -11.020526 -2e-06 -6.1113 -15.895338 -3.840469 1e-06 1e-06 -1e-06 -10.283371 -5.680288 -4.341838 11.028296 -11.302406 -2.372633 -1.384269 -14.238583 -6.320122 -0.625437 -26.924191 -3.8276 -4.731654 -47.547447 -4.487536 -13.708527 -7.363476 -3.720938 18.141151 -14.052739 -3.242677 7e-06 -18.787273 -2e-06 -0.429708 -8.456047 2.555502 1e-06 1e-06 -0.0 -15.923534 -20.094484 -5.473583 30.41921 -7.190825 1.735923 3e-06 -8.162928 -1e-06 -1.861899 -22.861473 -6.167945 -0.0 -3e-06 -1e-06 171.455063 -6.125642 12.42662 14.855823 -0.129602 0.368223 -76.360283 13.159347 -4.208931 -6.608689 1.467983 2.095366 -0.999999 0.0 -0.0 -3.231756 -0.470935 -22.485655 16.52359 -0.10967 -0.01991 -76.5914 -9.619075 -8.47086 -8.316441 0.84661 1.673157 -1.000001 -0.0 -0.0 
0.0 0.0 0.0 0.0 -0.0 0.0 3.244108 101.033417 0.399443 87.649483 -3.350895 112.261292 2.919444 1.002988 1.488304 -10.048131 0.332804 4.278357 12.387184 -5.770905 1.993529 18.361374 14.876997 2.394904 -2.105831 -1.792937 -18.634415 -38.536808 -2.455841 -27.113867 7e-06 -0.0 0.0 0.05051 0.029312 0.214836 -0.057807 -0.202877 0.181074 -0.134399 0.256532 0.220814 -109.193138 -66.823418 128.678589 30.996689 -66.065315 -17.603468 135.855972 -2.774806 1.132519 28.719587 -21.496391 -33.28569 17.636639 -26.322737 52.411201 -19.466652 -14.3956 29.410385 -1e-06 -8.774822 -2e-06 16.821585 -17.241041 5.027197 -0.609773 -1.795654 -3.889329 -4.80709 -11.046811 -2.93785 1e-06 -20.976017 2e-06 -5.019976 -25.033556 -4.031881 7e-06 -0.0 0.0 -10.634533 -5.68697 -3.565588 10.573272 -17.922947 -3.113898 1e-06 -13.821206 3e-06 -0.50178 -31.181505 -4.027011 -10.877647 -59.711811 6.948987 -13.982716 -7.150198 -2.875042 13.772731 -8.401492 -3.21824 0.34773 -34.211555 0.771659 -0.96303 -17.73337 2.621022 -1e-06 -2e-06 -0.0 -17.346422 -20.095217 -4.201782 21.757563 -1.638376 3.866429 0.0 -6.338825 2e-06 -1.697591 -22.591745 -6.194006 -1e-06 -7e-06 -3e-06 177.89772 -68.13427 13.365147 23.049683 -19.765558 23.448713 14.511823 1.309497 1.139903 -26.323078 -42.881481 11.533447 22.182108 -20.375893 49.933319 -16.701811 -16.743528 28.476528 -2e-06 -12.690598 -1e-06 14.949518 -18.509661 4.234393 -0.105918 -1.513857 -4.275879 -5.03904 -5.61287 -2.953558 4e-06 -11.02052 -4e-06 -6.111295 -15.895329 -3.840472 -0.0 -2e-06 -1e-06 -10.283368 -5.680287 -4.341838 11.028293 -11.302402 -2.372634 -1.384267 -14.238577 -6.320123 -0.625436 -26.924183 -3.827602 -4.828001 -47.526215 -4.277925 -13.708523 -7.363474 -3.720939 18.141146 -14.052736 -3.242676 7e-06 -18.787266 -1e-06 -0.42971 -8.456043 2.555501 1e-06 0.0 -0.0 -15.923528 -20.094479 -5.473585 30.419207 -7.190823 1.735924 1e-06 -8.162928 -1e-06 -1.861899 -22.861464 -6.167942 -0.0 -3e-06 -1e-06 171.109756 -5.853922 12.986529 14.998323 -0.141227 0.383178 -76.507469 13.617592 -3.941478 -6.597963 1.433821 2.098516 -0.999998 -0.0 -0.0 -2.738829 -0.410524 -22.884928 15.706061 -0.132539 -0.004334 -76.709122 -10.359478 -8.7046 -7.951324 0.835286 1.681214 -1.000001 -1e-06 0.0 
0.0 0.0 0.0 0.0 -0.0 0.0 3.424206 100.948921 0.467472 87.496567 -3.476308 113.240311 2.846742 0.815621 1.454638 -10.095057 0.267281 4.323696 12.398054 -5.891884 2.005993 18.21233 15.145683 2.44216 -2.088313 -1.707793 -19.130152 -38.325661 -2.502986 -27.384905 7e-06 -0.0 0.0 0.045816 0.030709 0.217446 -0.074346 -0.188721 0.181307 -0.154645 0.245182 0.22597 -109.662064 -66.919998 129.038513 29.58882 -65.833008 -16.809834 135.824982 -2.789884 1.09847 28.98526 -21.468719 -33.554264 17.636627 -26.322733 52.411194 -19.46665 -14.395594 29.410381 -1e-06 -8.774821 -1e-06 16.970768 -17.259115 4.911723 -0.609774 -1.795654 -3.889328 -4.807087 -11.046809 -2.937849 3e-06 -20.976013 2e-06 -5.019974 -25.033552 -4.031878 7e-06 1e-06 0.0 -10.634535 -5.686971 -3.565587 10.573274 -17.922947 -3.113899 1e-06 -13.821206 1e-06 -0.501781 -31.181501 -4.027013 -10.820617 -59.830559 6.8459 -13.982714 -7.150197 -2.875042 13.772727 -8.401491 -3.218241 0.347729 -34.211544 0.771659 -0.963031 -17.733366 2.62102 -0.0 -1e-06 -2e-06 -17.346416 -20.095213 -4.201783 21.757555 -1.638375 3.866428 -0.0 -6.338823 2e-06 -1.697587 -22.591742 -6.194003 -2e-06 -3e-06 -4e-06 176.991882 -68.772469 14.44542 23.038769 -21.071085 22.76857 14.090266 1.272425 1.090572 -27.35076 -41.101532 12.896966 22.182123 -20.375895 49.933315 -16.701811 -16.743525 28.476524 -3e-06 -12.6906 -3e-06 14.856633 -18.322731 4.538557 -0.105919 -1.513855 -4.275882 -5.039039 -5.612872 -2.953558 5e-06 -11.02052 -4e-06 -6.111295 -15.89533 -3.840472 -2e-06 -1e-06 -1e-06 -10.283369 -5.680287 -4.341838 11.028293 -11.302406 -2.372632 -1.384267 -14.238579 -6.320122 -0.625437 -26.924191 -3.827599 -4.908188 -47.539696 -3.975992 -13.708523 -7.363476 -3.720941 18.141148 -14.052739 -3.242671 8e-06 -18.78727 -2e-06 -0.42971 -8.456046 2.555503 2e-06 0.0 -0.0 -15.923532 -20.094482 -5.473588 30.419207 -7.190828 1.735927 2e-06 -8.162927 -0.0 -1.861897 -22.861465 -6.167943 1e-06 -3e-06 -2e-06 170.676727 -5.726668 13.362687 15.203982 -0.150799 0.404975 -76.915527 13.970475 -3.838218 -6.547799 1.397319 2.099889 -1.0 -0.0 0.0 -2.43191 -0.237195 -23.12995 14.967098 -0.1547 0.025358 -76.955711 -11.032181 -8.784244 -7.624093 0.84117 1.698364 -1.000003 0.0 -0.0 
0.0 0.0 0.0 0.0 -0.0 0.0 3.565229 100.869034 0.524557 87.220116 -3.627768 113.927574 2.824487 0.612915 1.44152 -10.120156 0.209197 4.341517 12.36682 -5.98463 2.005244 17.931459 15.467348 2.427704 -2.035058 -1.575791 -19.460226 -38.257015 -2.553715 -27.605532 6e-06 -0.0 -1e-06 0.053647 0.030895 0.218562 -0.068424 -0.169835 0.180366 -0.147797 0.226368 0.229648 -109.873909 -66.958275 129.200455 28.044889 -65.956207 -15.946482 135.95752 -2.821211 0.909448 29.325216 -21.417339 -33.899933 17.636629 -26.322725 52.41119 -19.46666 -14.395597 29.410385 -1e-06 -8.774824 -2e-06 17.099405 -17.151806 4.873327 -0.609775 -1.795653 -3.889327 -4.807086 -11.046809 -2.93785 5e-06 -20.976017 1e-06 -5.019972 -25.033552 -4.031878 6e-06 -0.0 0.0 -10.634534 -5.686969 -3.565587 10.573277 -17.922951 -3.1139 3e-06 -13.821209 -0.0 -0.501778 -31.181505 -4.027012 -10.866601 -59.95237 6.91027 -13.982711 -7.150197 -2.875041 13.772731 -8.401493 -3.218241 0.347732 -34.211552 0.771654 -0.963027 -17.73337 2.621023 -1e-06 -2e-06 -1e-06 -17.346413 -20.095215 -4.201782 21.757555 -1.638374 3.866427 -0.0 -6.338823 1e-06 -1.69759 -22.591747 -6.194006 -1e-06 -2e-06 -2e-06 175.809357 -69.333328 15.687618 23.23938 -22.639027 22.404745 14.192239 1.286496 1.117651 -28.785976 -41.085758 13.883442 22.182112 -20.375893 49.933327 -16.701817 -16.74353 28.476536 -3e-06 -12.690601 -1e-06 14.747658 -18.392134 4.679377 -0.10592 -1.513857 -4.275881 -5.039041 -5.612872 -2.953556 5e-06 -11.020521 -3e-06 -6.1113 -15.895334 -3.840471 0.0 0.0 0.0 -10.283371 -5.680288 -4.341838 11.028296 -11.302407 -2.372635 -1.384269 -14.238583 -6.320124 -0.625439 -26.924187 -3.827599 -4.90502 -47.791954 -3.859938 -13.708522 -7.363476 -3.72094 18.141148 -14.052739 -3.242674 8e-06 -18.787271 -4e-06 -0.42971 -8.456047 2.555501 1e-06 1e-06 -0.0 -15.923534 -20.094482 -5.473586 30.41921 -7.190824 1.735925 2e-06 -8.162927 -0.0 -1.861904 -22.861467 -6.167943 2e-06 -2e-06 -1e-06 170.223618 -5.749762 13.744765 15.39562 -0.155686 0.426864 -77.419594 14.122797 -3.827508 -6.374655 1.374482 2.097629 -0.999998 -0.0 0.0 -2.318497 0.034207 -23.25684 14.383735 -0.161705 0.04262 -77.128593 -11.502554 -8.796504 -7.44025 0.863183 1.718496 -1.000001 -0.0 -0.0 
0.0 0.0 0.0 0.0 -0.0 0.0 3.688093 100.8116 0.563062 86.820854 -3.766698 114.432953 2.833412 0.430227 1.432297 -10.115991 0.148569 4.310445 12.317143 -6.035049 1.983012 17.64621 15.903275 2.328063 -1.962358 -1.463804 -19.661385 -38.246822 -2.594468 -27.821547 7e-06 0.0 -1e-06 0.070951 0.028677 0.216574 -0.037681 -0.151162 0.178226 -0.113735 0.203007 0.228618 -109.834526 -67.026733 129.142761 26.469534 -66.362129 -14.972998 136.233246 -2.949206 0.691682 29.773861 -21.41498 -34.417202 17.63662 -26.322729 52.411194 -19.466652 -14.395597 29.410385 0.0 -8.774822 -2e-06 17.168434 -16.931707 4.87813 -0.609776 -1.795653 -3.889327 -4.80709 -11.046805 -2.937849 1e-06 -20.976015 -0.0 -5.019975 -25.033556 -4.031881 5e-06 1e-06 -2e-06 -10.634533 -5.686969 -3.565587 10.573271 -17.922947 -3.113899 -0.0 -13.821209 1e-06 -0.50178 -31.181498 -4.027012 -10.941918 -60.019695 7.052989 -13.982713 -7.150198 -2.875041 13.772726 -8.401489 -3.218241 0.347728 -34.211544 0.771653 -0.96303 -17.733366 2.62102 -1e-06 -1e-06 -1e-06 -17.346416 -20.095213 -4.201779 21.757557 -1.638372 3.866427 -0.0 -6.338822 1e-06 -1.697591 -22.59174 -6.194004 -0.0 -4e-06 -2e-06 174.367996 -69.835434 17.103977 23.585157 -24.296185 22.157261 14.89289 1.316274 1.247618 -31.353817 -43.175461 15.950944 22.182119 -20.375895 49.933319 -16.701815 -16.743528 28.476534 -1e-06 -12.6906 -2e-06 14.402905 -18.785162 4.803539 -0.105919 -1.513856 -4.275881 -5.03904 -5.612872 -2.953557 3e-06 -11.020525 -0.0 -6.111297 -15.895334 -3.840472 0.0 -3e-06 0.0 -10.283369 -5.680288 -4.34184 11.028294 -11.302406 -2.372633 -1.384269 -14.238581 -6.32012 -0.625437 -26.924187 -3.827599 -4.942491 -48.131615 -3.893656 -13.708524 -7.363477 -3.720939 18.14115 -14.052739 -3.242675 7e-06 -18.787271 -3e-06 -0.429709 -8.456047 2.555502 2e-06 1e-06 -0.0 -15.923534 -20.094482 -5.473587 30.41921 -7.190825 1.735927 2e-06 -8.162927 -2e-06 -1.8619 -22.861471 -6.167942 -1e-06 -1e-06 -2e-06 169.72995 -5.920125 14.057944 15.628815 -0.161046 0.460061 -77.925232 14.234375 -3.809001 -6.10995 1.371322 2.090384 -0.999999 0.0 0.0 -2.363423 0.389783 -23.34696 13.990558 -0.152926 0.030044 -77.147842 -11.701773 -8.83321 -7.421336 0.895117 1.734481 -1.000001 -0.0 0.0 
0.0 0.0 0.0 0.0 -0.0 0.0 3.784322 100.788559 0.574187 86.389351 -3.890435 114.842789 2.828434 0.269256 1.402599 -10.112505 0.08075 4.237113 12.303325 -6.059701 1.934685 17.541254 16.35862 2.187962 -1.924265 -1.358037 -19.719513 -38.287281 -2.57825 -27.951399 5e-06 -0.0 -0.0 0.080664 0.023566 0.19753 -0.006507 -0.140657 0.162261 -0.083828 0.182531 0.207277 -109.623192 -67.183968 128.86821 25.062531 -66.772911 -13.969198 136.568909 -3.099411 0.585372 30.019089 -21.489996 -35.134262 17.636627 -26.322721 52.411179 -19.466654 -14.395592 29.410378 -1e-06 -8.774822 -2e-06 17.178276 -16.6628 4.901303 -0.60978 -1.795654 -3.889327 -4.807086 -11.046805 -2.937849 2e-06 -20.976011 -3e-06 -5.019969 -25.033546 -4.031882 7e-06 -2e-06 -1e-06 -10.634536 -5.68697 -3.565586 10.573272 -17.922945 -3.1139 0.0 -13.821205 -1e-06 -0.501779 -31.181498 -4.027014 -10.961647 -60.076775 7.133358 -13.982712 -7.150197 -2.875041 13.772727 -8.401489 -3.21824 0.347733 -34.211544 0.771651 -0.963027 -17.733366 2.62102 -1e-06 -1e-06 -0.0 -17.346418 -20.095213 -4.201779 21.757555 -1.638373 3.866429 -0.0 -6.33882 1e-06 -1.697588 -22.591738 -6.194006 1e-06 -4e-06 -2e-06 173.018707 -70.289085 18.411358 23.823496 -25.652575 21.889412 15.791528 1.276514 1.464528 -34.915871 -45.697865 20.097618 22.182106 -20.375887 49.9333 -16.701807 -16.743523 28.476517 -1e-06 -12.690597 -2e-06 13.822927 -19.360819 5.164144 -0.10592 -1.513856 -4.275882 -5.039039 -5.612868 -2.953554 6e-06 -11.02052 -1e-06 -6.111294 -15.895324 -3.840468 0.0 0.0 1e-06 -10.283367 -5.680285 -4.341838 11.028291 -11.302402 -2.372632 -1.38427 -14.238574 -6.320117 -0.625438 -26.924183 -3.827599 -5.158562 -48.498508 -3.825579 -13.708521 -7.363472 -3.72094 18.141146 -14.052738 -3.242671 9e-06 -18.78726 -2e-06 -0.429711 -8.456041 2.555503 2e-06 -1e-06 1e-06 -15.923528 -20.094475 -5.473585 30.419201 -7.190826 1.735926 0.0 -8.162922 -1e-06 -1.861901 -22.861462 -6.16794 0.0 -2e-06 -3e-06 169.252945 -6.168793 14.188167 15.805278 -0.171195 0.486073 -78.275635 14.466572 -3.747373 -5.90577 1.373965 2.079883 -0.999999 -0.0 0.0 -2.519639 0.75576 -23.388874 13.767066 -0.139887 -0.003992 -77.013817 -11.753446 -8.87922 -7.471087 0.946609 1.747105 -1.000002 -0.0 0.0 
0.0 0.0 0.0 0.0 -0.0 0.0 3.843945 100.820862 0.569485 85.965858 -3.996385 115.260727 2.790425 0.129747 1.334531 -10.133269 0.016468 4.137532 12.348306 -6.084336 1.866129 17.599838 16.838182 2.105073 -1.923885 -1.321524 -19.72443 -38.314873 -2.523523 -28.013306 6e-06 -0.0 -1e-06 0.080869 0.019508 0.171657 0.010028 -0.139801 0.141587 -0.075006 0.174586 0.176768 -109.124695 -67.464508 128.27771 24.221687 -67.039398 -13.236694 136.833298 -3.209706 0.605343 29.969009 -21.673822 -35.910923 17.636631 -26.322725 52.411201 -19.466661 -14.395596 29.410389 -0.0 -8.774824 -3e-06 17.142458 -16.465445 4.981657 -0.609779 -1.795654 -3.889328 -4.807086 -11.046813 -2.93785 4e-06 -20.976019 -1e-06 -5.019972 -25.03356 -4.031883 6e-06 0.0 0.0 -10.634534 -5.686971 -3.565588 10.573277 -17.922951 -3.1139 1e-06 -13.821213 -1e-06 -0.501778 -31.181511 -4.027016 -10.990534 -60.153656 7.208766 -13.982718 -7.150198 -2.875042 13.772731 -8.401491 -3.218241 0.347733 -34.211555 0.771653 -0.963028 -17.73337 2.621021 -1e-06 -1e-06 -1e-06 -17.346424 -20.095221 -4.201783 21.757565 -1.638374 3.866429 -0.0 -6.338822 1e-06 -1.69759 -22.591747 -6.194007 -1e-06 -4e-06 -1e-06 171.904404 -70.637993 19.408119 23.662653 -26.625277 21.805525 16.366013 1.246933 1.650093 -38.153236 -47.043247 25.397741 22.182117 -20.375898 49.933319 -16.701807 -16.743528 28.476528 -2e-06 -12.6906 -1e-06 13.439053 -19.884804 5.63788 -0.10592 -1.513857 -4.275881 -5.03904 -5.612871 -2.953555 3e-06 -11.020523 -1e-06 -6.111299 -15.89533 -3.840469 0.0 2e-06 0.0 -10.283369 -5.680289 -4.341839 11.028291 -11.302403 -2.372631 -1.384268 -14.238583 -6.320121 -0.625439 -26.924191 -3.827601 -5.528113 -48.934109 -3.587206 -13.708524 -7.363475 -3.720939 18.141148 -14.052739 -3.242672 5e-06 -18.78727 -1e-06 -0.429712 -8.456048 2.555505 -1e-06 0.0 2e-06 -15.923538 -20.094482 -5.473584 30.419218 -7.190827 1.735927 2e-06 -8.162927 -0.0 -1.861899 -22.861475 -6.167943 -0.0 -2e-06 -2e-06 168.853378 -6.453074 14.304636 15.806107 -0.17713 0.499227 -78.335518 14.759554 -3.707322 -5.821352 1.35967 2.072176 -0.999997 0.0 -0.0 -2.705715 1.148615 -23.287285 13.584648 -0.1374 -0.036966 -76.632401 -11.87122 -8.966653 -7.55928 1.013743 1.759058 -1.000003 -0.0 -0.0 
0.0 0.0 0.0 0.0 -0.0 0.0 3.87236 100.891838 0.556296 85.625626 -4.065579 115.584518 2.754407 0.023641 1.267552 -10.15561 -0.025857 4.023672 12.389314 -6.141551 1.798992 17.714102 17.253744 2.123851 -1.917916 -1.392596 -19.755383 -38.238697 -2.453179 -28.050587 6e-06 -0.0 -0.0 0.081208 0.017829 0.149102 0.017928 -0.141829 0.123282 -0.079346 0.174652 0.149583 -108.449913 -67.818428 127.46357 23.938503 -67.147484 -12.71094 136.959183 -3.23895 0.733566 29.753292 -21.921492 -36.450275 17.636625 -26.322725 52.411182 -19.466654 -14.395597 29.410381 -2e-06 -8.774824 -2e-06 17.117968 -16.404478 5.073081 -0.609776 -1.795653 -3.889327 -4.807088 -11.046809 -2.937849 4e-06 -20.976015 -1e-06 -5.019968 -25.033552 -4.031882 7e-06 -2e-06 -0.0 -10.634533 -5.686968 -3.565586 10.573272 -17.922945 -3.1139 1e-06 -13.821209 -0.0 -0.501777 -31.181498 -4.027016 -11.008937 -60.277943 7.196035 -13.982711 -7.150197 -2.875042 13.77273 -8.401491 -3.218242 0.347733 -34.211544 0.771651 -0.963028 -17.733366 2.621019 -1e-06 -0.0 -1e-06 -17.346415 -20.095213 -4.201782 21.757553 -1.638374 3.866426 -1e-06 -6.338822 2e-06 -1.69759 -22.59174 -6.194005 0.0 -5e-06 -1e-06 171.305634 -70.772209 19.848637 23.234282 -27.301201 21.863304 16.323395 1.10208 1.64341 -39.765629 -46.812828 30.472408 22.182108 -20.375883 49.933315 -16.701817 -16.743528 28.476534 -2e-06 -12.6906 -1e-06 13.377732 -20.1201 6.038261 -0.105918 -1.513856 -4.275881 -5.039042 -5.612872 -2.953557 4e-06 -11.020525 -2e-06 -6.111298 -15.895334 -3.840472 1e-06 1e-06 0.0 -10.28337 -5.680289 -4.34184 11.028292 -11.302404 -2.372633 -1.38427 -14.238583 -6.320123 -0.625437 -26.924187 -3.827605 -5.890342 -49.16819 -3.309761 -13.708524 -7.363478 -3.72094 18.14115 -14.052739 -3.242676 7e-06 -18.787266 -4e-06 -0.429713 -8.456048 2.555501 -1e-06 1e-06 1e-06 -15.923536 -20.094486 -5.473586 30.41921 -7.190824 1.735924 0.0 -8.162921 -2e-06 -1.8619 -22.861467 -6.167946 -2e-06 -3e-06 -1e-06 168.657745 -6.720864 14.434978 15.555474 -0.176954 0.524306 -78.163605 14.955767 -3.741032 -5.865894 1.331417 2.07086 -0.999998 -0.0 -0.0 -2.871705 1.503562 -22.958439 13.449649 -0.139691 -0.066655 -76.110909 -12.073349 -9.112221 -7.664895 1.049924 1.761931 -1.000001 -0.0 -0.0 
0.0 0.0 0.0 0.0 -0.0 0.0 3.890322 100.982605 0.546915 85.416245 -4.076596 115.712273 2.711709 -0.039788 1.201269 -10.160484 -0.046992 3.981228 12.391493 -6.223106 1.756696 17.867174 17.473549 2.16296 -1.916914 -1.475788 -19.749657 -38.07391 -2.373272 -28.055231 6e-06 -0.0 0.0 0.079426 0.020723 0.147422 0.016804 -0.147465 0.121779 -0.088979 0.187246 0.147085 -107.986931 -68.180893 126.83252 23.931995 -67.01516 -12.321033 136.958054 -3.230696 0.851197 29.410164 -22.231586 -36.460957 17.636631 -26.322723 52.411182 -19.46666 -14.395598 29.410393 -2e-06 -8.774822 -2e-06 17.130856 -16.422514 5.117029 -0.609779 -1.795654 -3.889327 -4.807089 -11.046811 -2.93785 3e-06 -20.976015 -3e-06 -5.019972 -25.033556 -4.031879 6e-06 0.0 -2e-06 -10.634534 -5.686971 -3.565588 10.573277 -17.922951 -3.113902 -0.0 -13.82121 -0.0 -0.501777 -31.181505 -4.027016 -10.894097 -60.449989 7.025347 -13.982715 -7.150198 -2.875042 13.772731 -8.401491 -3.218242 0.347733 -34.211552 0.77165 -0.963028 -17.733366 2.621019 -1e-06 -1e-06 -2e-06 -17.346422 -20.095217 -4.201784 21.757557 -1.638373 3.866428 -1e-06 -6.338825 -1e-06 -1.697587 -22.591743 -6.194008 -3e-06 -3e-06 1e-06 171.255829 -70.736214 19.783321 22.816372 -27.748634 21.933472 15.813295 0.691786 1.453194 -39.676083 -45.532146 34.709412 22.182106 -20.375889 49.933308 -16.701807 -16.743528 28.476522 -3e-06 -12.690598 0.0 13.565091 -20.110479 6.315673 -0.105919 -1.513855 -4.275881 -5.039039 -5.612869 -2.953556 3e-06 -11.02052 -1e-06 -6.111296 -15.89533 -3.84047 -0.0 1e-06 -0.0 -10.283367 -5.680287 -4.341837 11.028289 -11.302402 -2.372632 -1.384269 -14.238577 -6.32012 -0.625437 -26.924183 -3.827601 -6.224761 -49.170029 -2.954764 -13.708522 -7.363474 -3.720938 18.141146 -14.052736 -3.242675 5e-06 -18.787258 -1e-06 -0.429712 -8.456042 2.555502 -1e-06 -0.0 1e-06 -15.92353 -20.094479 -5.473582 30.419205 -7.190825 1.735922 -0.0 -8.16292 1e-06 -1.861901 -22.861465 -6.167942 -1e-06 -2e-06 -2e-06 168.685715 -6.925559 14.557652 15.195006 -0.172747 0.565179 -77.859444 14.953006 -3.772144 -6.037307 1.31618 2.079952 -1.0 -0.0 0.0 -2.990319 1.761342 -22.425999 13.425296 -0.150409 -0.091371 -75.544403 -12.335674 -9.22919 -7.759982 1.024834 1.751148 -1.000003 1e-06 -0.0 
0.0 0.0 0.0 0.0 -0.0 0.0 3.920332 101.03167 0.555723 85.35865 -4.01922 115.479813 2.656895 -0.072277 1.178483 -10.154562 -0.05218 4.032831 12.369387 -6.322749 1.732694 18.048481 17.523325 2.196055 -1.939386 -1.50932 -19.653824 -37.87682 -2.302486 -27.959082 7e-06 -0.0 1e-06 0.077533 0.025016 0.154005 0.000588 -0.150189 0.125311 -0.10343 0.198756 0.156528 -108.016212 -68.372826 126.740501 24.14496 -66.589989 -12.252194 136.929413 -3.263454 0.866065 28.905672 -22.393864 -36.111034 17.636641 -26.322733 52.411201 -19.466663 -14.395596 29.410393 -1e-06 -8.774826 -3e-06 17.179142 -16.420528 5.098134 -0.609777 -1.795654 -3.889328 -4.807086 -11.046813 -2.937851 4e-06 -20.976019 -1e-06 -5.019969 -25.03356 -4.031884 6e-06 -1e-06 1e-06 -10.634535 -5.686972 -3.565588 10.573276 -17.922951 -3.113899 1e-06 -13.821213 2e-06 -0.501777 -31.181507 -4.027016 -10.691289 -60.576355 6.795997 -13.982716 -7.150199 -2.875044 13.77273 -8.401493 -3.218242 0.347736 -34.211555 0.771652 -0.963028 -17.73337 2.621019 -2e-06 0.0 0.0 -17.34642 -20.095221 -4.201785 21.757561 -1.638376 3.866429 1e-06 -6.338826 -0.0 -1.697585 -22.591745 -6.194006 -1e-06 -3e-06 -1e-06 171.503616 -70.65976 19.481705 22.763239 -27.875574 21.799915 15.327503 0.133668 1.2202 -38.342888 -43.965496 36.447109 22.182112 -20.375887 49.933304 -16.701811 -16.74353 28.476528 -2e-06 -12.690602 -0.0 13.813844 -20.053694 6.401857 -0.105919 -1.513856 -4.275881 -5.039041 -5.61287 -2.953556 4e-06 -11.02052 -2e-06 -6.111297 -15.895322 -3.84047 -0.0 -2e-06 0.0 -10.283369 -5.680287 -4.341836 11.028295 -11.302402 -2.372633 -1.38427 -14.238577 -6.320119 -0.625437 -26.924183 -3.8276 -6.462852 -48.998844 -2.639847 -13.708525 -7.363475 -3.720939 18.14115 -14.052738 -3.242675 6e-06 -18.787264 -2e-06 -0.42971 -8.456046 2.555502 1e-06 1e-06 1e-06 -15.923534 -20.094479 -5.473584 30.41921 -7.190825 1.735926 0.0 -8.162922 -1e-06 -1.861902 -22.861467 -6.167942 0.0 -1e-06 -2e-06 168.876099 -7.039106 14.565457 15.018639 -0.16848 0.595024 -77.750763 14.802585 -3.81195 -6.251265 1.318367 2.091229 -1.0 0.0 0.0 -3.060252 1.850762 -21.876326 13.601009 -0.153188 -0.099191 -75.253922 -12.355476 -9.196833 -7.857889 0.970226 1.733406 -1.000004 0.0 -0.0 
0.0 0.0 0.0 0.0 -0.0 0.0 3.963325 101.006027 0.583414 85.438278 -3.888281 114.805344 2.59636 -0.085328 1.22341 -10.141798 -0.051722 4.109528 12.338559 -6.436115 1.71409 18.285603 17.53116 2.229943 -1.97456 -1.509981 -19.455276 -37.721489 -2.253984 -27.758108 6e-06 0.0 0.0 0.090783 0.024273 0.151352 -0.01363 -0.149923 0.11938 -0.109753 0.196467 0.157154 -108.409874 -68.349808 127.124832 24.377876 -66.023308 -12.284014 137.000671 -3.218127 0.815126 28.404758 -22.306633 -35.686466 17.636641 -26.322741 52.411205 -19.466656 -14.395598 29.410389 -1e-06 -8.774824 -2e-06 17.232012 -16.387205 5.049024 -0.609777 -1.795654 -3.889327 -4.807087 -11.046813 -2.937849 2e-06 -20.976019 3e-06 -5.019977 -25.03356 -4.03188 7e-06 -1e-06 1e-06 -10.634538 -5.686973 -3.565588 10.573276 -17.922953 -3.113899 -0.0 -13.821214 2e-06 -0.50178 -31.181519 -4.027015 -10.567151 -60.629753 6.65845 -13.982717 -7.1502 -2.875044 13.772731 -8.401493 -3.218239 0.347728 -34.211555 0.771658 -0.963032 -17.73337 2.621021 -1e-06 -0.0 -2e-06 -17.346426 -20.095221 -4.20178 21.757566 -1.638375 3.866429 -2e-06 -6.338826 -0.0 -1.697592 -22.591747 -6.194005 0.0 -4e-06 -2e-06 171.65152 -70.665009 19.239332 23.301739 -27.74011 21.569996 15.101668 -0.227281 1.039646 -36.233143 -42.799637 34.807163 22.182121 -20.3759 49.933334 -16.701817 -16.74353 28.476536 -2e-06 -12.690603 -2e-06 13.996639 -19.975348 6.295404 -0.105919 -1.513856 -4.275882 -5.039042 -5.612872 -2.953558 4e-06 -11.020525 -2e-06 -6.111298 -15.895334 -3.840472 -0.0 -0.0 0.0 -10.283373 -5.680289 -4.34184 11.028296 -11.302406 -2.372633 -1.384269 -14.238581 -6.320122 -0.625438 -26.924192 -3.827603 -6.465159 -48.956978 -2.573468 -13.708526 -7.363477 -3.720941 18.14115 -14.05274 -3.242674 6e-06 -18.78727 -1e-06 -0.429712 -8.456047 2.555503 -0.0 2e-06 0.0 -15.923539 -20.094486 -5.473587 30.419218 -7.190826 1.735931 2e-06 -8.162929 -1e-06 -1.861902 -22.861473 -6.167943 -1e-06 -1e-06 -2e-06 169.208496 -7.082793 14.395021 15.107533 -0.158637 0.592288 -78.014488 14.545721 -3.875249 -6.362167 1.337051 2.098693 -0.999999 0.0 -0.0 -3.116721 1.771687 -21.340921 14.045751 -0.149867 -0.087007 -75.388474 -12.080202 -9.019704 -7.944275 0.922867 1.718347 -1.000003 0.0 0.0 
0.0 0.0 0.0 0.0 -0.0 0.0 4.007469 100.913475 0.623816 85.609924 -3.693436 113.757584 2.542334 -0.075465 1.293822 -10.124654 -0.047838 4.150362 12.292292 -6.550506 1.724054 18.586855 17.514816 2.296737 -2.010275 -1.502243 -19.209406 -37.589306 -2.151912 -27.409622 6e-06 0.0 0.0 0.11231 0.022174 0.151288 -0.023556 -0.14155 0.117939 -0.110147 0.183138 0.158433 -108.957443 -68.152893 127.725838 24.357964 -65.463829 -12.066362 137.174408 -2.997416 0.840295 28.062883 -21.982569 -35.36874 17.636629 -26.322733 52.411205 -19.466665 -14.395597 29.410395 -3e-06 -8.774825 -2e-06 17.289867 -16.394012 5.003314 -0.609777 -1.795655 -3.889329 -4.807084 -11.046813 -2.937852 7e-06 -20.976017 -1e-06 -5.019969 -25.03356 -4.031881 7e-06 0.0 -0.0 -10.634537 -5.686971 -3.565589 10.573277 -17.922955 -3.113904 2e-06 -13.821211 1e-06 -0.501774 -31.181505 -4.027016 -10.586579 -60.640457 6.665349 -13.982716 -7.150198 -2.875043 13.772736 -8.401495 -3.218242 0.347738 -34.211555 0.771652 -0.963027 -17.733372 2.621025 -1e-06 -1e-06 -1e-06 -17.346418 -20.095219 -4.201785 21.757561 -1.638378 3.866428 0.0 -6.338826 -1e-06 -1.697587 -22.591743 -6.194007 -0.0 -6e-06 -2e-06 171.68187 -70.763077 19.144943 24.268633 -27.47624 21.056437 15.32822 -0.253211 0.957594 -33.502224 -41.593285 30.196348 22.182116 -20.3759 49.933323 -16.701815 -16.743528 28.476532 -3e-06 -12.690601 -1e-06 14.181531 -19.785065 5.986874 -0.105919 -1.513857 -4.275882 -5.03904 -5.612871 -2.953557 4e-06 -11.020527 -1e-06 -6.111298 -15.895334 -3.84047 1e-06 -0.0 1e-06 -10.28337 -5.680289 -4.341838 11.028293 -11.302407 -2.372633 -1.384271 -14.238583 -6.320122 -0.625436 -26.924191 -3.827603 -6.199862 -49.056534 -2.772186 -13.708524 -7.363478 -3.720939 18.141153 -14.05274 -3.242676 6e-06 -18.787271 -3e-06 -0.42971 -8.456048 2.555503 -1e-06 1e-06 1e-06 -15.923536 -20.094486 -5.473583 30.419214 -7.190825 1.735925 -0.0 -8.16293 -2e-06 -1.861901 -22.861473 -6.167944 0.0 -5e-06 -2e-06 169.680878 -7.100655 14.013814 15.342026 -0.148182 0.548378 -78.599533 14.188238 -3.917206 -6.352967 1.370401 2.102185 -0.999999 -0.0 0.0 -3.189277 1.588534 -20.730902 14.727468 -0.147103 -0.047584 -75.874336 -11.642012 -8.724473 -7.938358 0.908019 1.713707 -1.000002 0.0 -0.0 
0.0 0.0 0.0 0.0 -0.0 0.0 4.046337 100.780914 0.663227 85.831436 -3.443126 112.500275 2.510332 -0.042382 1.360858 -10.095564 -0.042864 4.160376 12.232713 -6.648724 1.715487 18.891911 17.532738 2.410068 -2.043073 -1.530198 -18.936432 -37.418789 -2.002839 -26.932964 6e-06 -0.0 -1e-06 0.128535 0.020312 0.153567 -0.030851 -0.132366 0.11992 -0.112108 0.169689 0.161686 -109.5242 -67.87561 128.366623 24.148254 -64.955215 -11.705611 137.415497 -2.617592 0.893206 27.81765 -21.481321 -34.850918 17.636635 -26.322729 52.411201 -19.466665 -14.395597 29.410395 -3e-06 -8.774824 -2e-06 17.303432 -16.443291 4.978655 -0.609777 -1.795654 -3.889328 -4.807087 -11.046812 -2.93785 6e-06 -20.976021 -2e-06 -5.019969 -25.03356 -4.031883 6e-06 -2e-06 -0.0 -10.634535 -5.686972 -3.565589 10.573275 -17.922951 -3.113902 2e-06 -13.821211 1e-06 -0.501776 -31.181507 -4.027018 -10.664755 -60.562435 6.737036 -13.982714 -7.150199 -2.875043 13.772733 -8.401493 -3.218241 0.347738 -34.211555 0.771649 -0.963027 -17.733372 2.621021 -1e-06 -0.0 -2e-06 -17.346422 -20.095219 -4.201782 21.757561 -1.638377 3.866428 2e-06 -6.338825 -1e-06 -1.697586 -22.591747 -6.194007 0.0 -7e-06 -2e-06 171.488159 -70.956764 19.31628 25.335924 -27.288565 20.105404 15.956244 -0.041628 0.966579 -29.831692 -39.498055 22.504694 22.182112 -20.375887 49.933315 -16.701813 -16.743528 28.47653 -3e-06 -12.6906 -1e-06 14.561824 -19.448317 5.339448 -0.10592 -1.513856 -4.275883 -5.03904 -5.612871 -2.953556 3e-06 -11.02052 -3e-06 -6.111297 -15.895332 -3.840471 0.0 0.0 -1e-06 -10.283369 -5.680289 -4.341838 11.028296 -11.302406 -2.372633 -1.384269 -14.238579 -6.320121 -0.625437 -26.924191 -3.827604 -5.651563 -49.255634 -3.28259 -13.708524 -7.363477 -3.720939 18.141148 -14.052739 -3.242674 7e-06 -18.78727 -6e-06 -0.429711 -8.456047 2.555501 0.0 1e-06 -1e-06 -15.923536 -20.094484 -5.473584 30.41921 -7.190826 1.735926 1e-06 -8.162926 -1e-06 -1.861899 -22.861467 -6.167945 -0.0 -1e-06 -1e-06 170.241241 -7.100539 13.490594 15.65922 -0.14493 0.494583 -79.35656 13.741734 -3.943413 -6.278471 1.415047 2.104916 -0.999999 0.0 -0.0 -3.275849 1.356744 -20.06295 15.562497 -0.151372 0.007127 -76.548073 -11.131721 -8.338931 -7.859294 0.918426 1.715099 -1.000001 0.0 0.0 
0.0 0.0 0.0 0.0 -0.0 0.0 4.08534 100.633308 0.722597 86.045944 -3.172148 111.113113 2.472196 0.019271 1.403833 -10.058394 -0.039054 4.165048 12.169811 -6.706947 1.650657 19.117496 17.559183 2.502879 -2.08377 -1.580726 -18.581854 -37.107536 -1.765865 -26.337107 6e-06 -0.0 1e-06 0.129606 0.017812 0.150073 -0.049795 -0.128495 0.117366 -0.130779 0.160709 0.158009 -110.046227 -67.587639 128.966415 23.879938 -64.505928 -11.484485 137.721664 -2.211438 0.956955 27.520269 -20.720102 -33.902283 17.636631 -26.322739 52.411198 -19.466652 -14.395602 29.410385 -1e-06 -8.774826 -1e-06 17.226158 -16.576296 5.005745 -0.609776 -1.795654 -3.889327 -4.807095 -11.046813 -2.937848 1e-06 -20.976021 2e-06 -5.019978 -25.033562 -4.031878 7e-06 -1e-06 -1e-06 -10.634537 -5.686972 -3.565587 10.573275 -17.922951 -3.113896 -2e-06 -13.821213 2e-06 -0.501781 -31.181511 -4.027018 -10.771572 -60.403633 6.836899 -13.982719 -7.150198 -2.875041 13.772734 -8.401492 -3.21824 0.347729 -34.211559 0.771658 -0.963032 -17.733372 2.621022 -1e-06 -0.0 -2e-06 -17.34643 -20.095221 -4.201778 21.757561 -1.638373 3.866429 -2e-06 -6.338826 -0.0 -1.697593 -22.591747 -6.194005 1e-06 -3e-06 -2e-06 170.979492 -71.380402 19.931627 26.029394 -27.312307 18.746094 17.024792 0.3273 1.049007 -25.28454 -35.575699 13.000993 22.182117 -20.375898 49.933311 -16.701811 -16.74353 28.476522 -4e-06 -12.6906 -2e-06 15.220809 -19.097939 4.42654 -0.105919 -1.513856 -4.275879 -5.03904 -5.61287 -2.953557 6e-06 -11.020521 -4e-06 -6.111297 -15.895332 -3.840469 0.0 -0.0 -0.0 -10.28337 -5.680286 -4.341838 11.028295 -11.302406 -2.372631 -1.384268 -14.238577 -6.32012 -0.625438 -26.924187 -3.827594 -5.050936 -49.671432 -3.92796 -13.708527 -7.363473 -3.720938 18.141148 -14.052741 -3.242673 9e-06 -18.78727 1e-06 -0.429711 -8.456045 2.555505 1e-06 -0.0 -1e-06 -15.923536 -20.094481 -5.473585 30.41921 -7.19083 1.735929 2e-06 -8.162925 0.0 -1.861899 -22.861467 -6.167939 -1e-06 -2e-06 -1e-06 170.87558 -7.127515 12.812983 15.94592 -0.147521 0.453902 -80.181717 13.265154 -3.965263 -6.200598 1.443608 2.104764 -0.999999 -0.0 0.0 -3.363123 1.142153 -19.313585 16.424116 -0.15945 0.053906 -77.263206 -10.557787 -7.90937 -7.809232 0.942569 1.718099 -1.000001 1e-06 -0.0 
0.0 0.0 0.0 0.0 -0.0 0.0 4.138484 100.483093 0.81259 86.222801 -2.927203 109.773613 2.412666 0.088817 1.40191 -10.030324 -0.055052 4.146599 12.107845 -6.690194 1.511505 19.253456 17.641792 2.527654 -2.149312 -1.628656 -18.147272 -36.667313 -1.443407 -25.658182 6e-06 0.0 -0.0 0.118148 0.012651 0.135089 -0.080508 -0.130801 0.105593 -0.161486 0.152899 0.141236 -110.525482 -67.394119 129.454117 23.536936 -64.120918 -11.381237 138.014023 -1.865432 1.003346 26.917198 -19.741858 -32.286259 17.636625 -26.322729 52.411194 -19.466663 -14.395594 29.410393 0.0 -8.774824 -2e-06 17.109179 -16.783401 5.061919 -0.609776 -1.795654 -3.889328 -4.807088 -11.046812 -2.93785 2e-06 -20.976015 -1e-06 -5.019973 -25.033556 -4.03188 6e-06 -1e-06 -1e-06 -10.634533 -5.68697 -3.565588 10.573277 -17.922951 -3.113901 0.0 -13.821211 -0.0 -0.501779 -31.181505 -4.027016 -10.930902 -60.293495 6.958724 -13.982714 -7.150198 -2.875042 13.772729 -8.40149 -3.218241 0.347733 -34.211555 0.771651 -0.96303 -17.73337 2.621019 -0.0 1e-06 0.0 -17.346416 -20.095217 -4.20178 21.757557 -1.638375 3.866427 -1e-06 -6.338824 -1e-06 -1.69759 -22.591742 -6.194004 -0.0 -5e-06 -1e-06 169.85788 -72.179283 21.353767 25.809975 -27.558743 17.722036 18.82444 0.819159 1.204919 -20.562832 -29.967274 4.51324 22.182121 -20.375896 49.933323 -16.701818 -16.74353 28.476532 -3e-06 -12.690603 -1e-06 15.91937 -18.850832 3.560097 -0.105918 -1.513858 -4.275882 -5.039042 -5.612873 -2.953558 5e-06 -11.020525 -4e-06 -6.1113 -15.895334 -3.840472 0.0 1e-06 0.0 -10.283371 -5.68029 -4.34184 11.028294 -11.302407 -2.372633 -1.384269 -14.238583 -6.320122 -0.625435 -26.924194 -3.827603 -4.680023 -50.130726 -4.381056 -13.708526 -7.363477 -3.72094 18.141155 -14.052741 -3.242677 8e-06 -18.787271 -4e-06 -0.429713 -8.456043 2.555506 -1e-06 -2e-06 -1e-06 -15.923538 -20.094486 -5.473586 30.419222 -7.190828 1.735924 2e-06 -8.162927 -1e-06 -1.861903 -22.861469 -6.167944 1e-06 -2e-06 -1e-06 171.500992 -7.16164 12.106934 16.179537 -0.152891 0.43103 -81.012375 12.787218 -3.940155 -6.151087 1.447239 2.103371 -0.999999 0.0 -0.0 -3.450495 0.955481 -18.561579 17.233706 -0.16253 0.076096 -77.958664 -9.985351 -7.502347 -7.762484 0.962637 1.721642 -1.000003 0.0 -0.0 
0.0 0.0 0.0 0.0 -0.0 0.0 4.216687 100.337326 0.936519 86.368401 -2.750426 108.456139 2.323807 0.128399 1.365374 -10.020756 -0.092851 4.088539 12.019433 -6.600549 1.286943 19.376303 17.808895 2.536504 -2.230785 -1.635056 -17.677563 -36.175888 -1.006861 -24.870234 6e-06 0.0 1e-06 0.104972 0.00237 0.100857 -0.114459 -0.135252 0.074727 -0.192832 0.136997 0.105832 -110.943016 -67.262749 129.754547 23.179258 -63.778061 -11.317122 138.244705 -1.584363 1.022241 25.892618 -18.532328 -29.925411 17.636623 -26.322733 52.411201 -19.46666 -14.395597 29.410395 -2e-06 -8.774824 -2e-06 17.005262 -16.998344 5.107898 -0.609775 -1.795654 -3.889329 -4.807089 -11.046809 -2.93785 3e-06 -20.976011 -1e-06 -5.019969 -25.033552 -4.031882 6e-06 0.0 -2e-06 -10.634531 -5.68697 -3.565586 10.573272 -17.922949 -3.113901 -0.0 -13.821209 2e-06 -0.501776 -31.181501 -4.027016 -11.129475 -60.267014 7.078835 -13.982712 -7.150199 -2.875041 13.772731 -8.401491 -3.218243 0.347733 -34.211555 0.771652 -0.963029 -17.733372 2.621021 1e-06 0.0 2e-06 -17.346415 -20.095217 -4.201783 21.757555 -1.638373 3.866427 -0.0 -6.338823 -0.0 -1.697587 -22.591742 -6.194006 1e-06 -4e-06 -0.0 168.080063 -73.413773 23.724236 24.399481 -27.942692 17.490353 21.52561 1.210811 1.371587 -15.879256 -22.740932 -1.384434 22.182117 -20.375883 49.933323 -16.701813 -16.74353 28.47653 -5e-06 -12.690604 -2e-06 16.379009 -18.56975 2.876285 -0.105919 -1.513856 -4.275881 -5.039042 -5.612871 -2.953555 8e-06 -11.020524 -7e-06 -6.111297 -15.895334 -3.840469 0.0 1e-06 -0.0 -10.283371 -5.680287 -4.341839 11.028295 -11.302404 -2.372635 -1.384268 -14.238583 -6.320122 -0.625437 -26.924187 -3.8276 -4.496473 -50.279884 -4.546942 -13.708527 -7.363477 -3.72094 18.141148 -14.052739 -3.242673 9e-06 -18.78727 -6e-06 -0.42971 -8.456043 2.555502 -1e-06 0.0 -1e-06 -15.923536 -20.094486 -5.473588 30.41921 -7.190827 1.735928 2e-06 -8.162926 -3e-06 -1.861899 -22.861469 -6.167943 -0.0 -2e-06 -0.0 172.103775 -7.177061 11.394934 16.331331 -0.161536 0.408302 -81.818199 12.255212 -3.839704 -6.125163 1.436903 2.10407 -1.0 0.0 -0.0 -3.573721 0.773471 -17.765768 17.986813 -0.155653 0.074857 -78.62149 -9.429993 -7.11348 -7.686777 0.965016 1.722842 -1.0 -0.0 0.0 
0.0 0.0 0.0 0.0 -0.0 0.0 4.316661 100.207962 1.08731 86.460602 -2.639967 107.185173 2.199341 0.117762 1.300527 -10.023569 -0.140234 3.939255 11.895416 -6.44067 0.960472 19.494848 18.11569 2.51885 -2.307137 -1.605058 -17.135605 -35.587212 -0.471133 -23.994314 6e-06 -0.0 1e-06 0.099704 -0.01432 0.046307 -0.134494 -0.140697 0.024136 -0.209711 0.109417 0.050191 -111.276794 -67.287521 129.844254 23.049969 -63.521744 -11.256984 138.501846 -1.384442 1.019725 24.392506 -17.114262 -26.799759 17.636629 -26.322741 52.411213 -19.466665 -14.395598 29.410395 -1e-06 -8.774826 -2e-06 16.928104 -17.135494 5.134222 -0.609776 -1.795654 -3.889328 -4.807088 -11.046813 -2.937851 4e-06 -20.976021 -3e-06 -5.01997 -25.033562 -4.031883 6e-06 -0.0 -1e-06 -10.634538 -5.686973 -3.565589 10.573278 -17.922958 -3.113903 1e-06 -13.821214 0.0 -0.501777 -31.181522 -4.027015 -11.297956 -60.213589 7.147614 -13.982716 -7.150199 -2.875042 13.772733 -8.401496 -3.218244 0.347734 -34.211555 0.771653 -0.963028 -17.73337 2.621019 0.0 1e-06 3e-06 -17.346424 -20.095224 -4.201783 21.757563 -1.638373 3.866429 -2e-06 -6.338827 1e-06 -1.697588 -22.591755 -6.194011 -1e-06 -4e-06 -1e-06 164.574615 -75.10955 28.196127 21.79332 -28.282049 18.421434 25.398687 1.373193 1.492566 -10.80561 -14.366972 -3.749668 22.182117 -20.375898 49.933327 -16.701817 -16.74353 28.476534 -5e-06 -12.690601 -2e-06 16.620224 -18.146143 2.298518 -0.10592 -1.513857 -4.275878 -5.039042 -5.612873 -2.953557 4e-06 -11.020527 -2e-06 -6.111297 -15.895334 -3.840473 -1e-06 -1e-06 -1e-06 -10.283371 -5.680288 -4.341838 11.028294 -11.302406 -2.372633 -1.384268 -14.238582 -6.320124 -0.62544 -26.924192 -3.8276 -4.385261 -50.013325 -4.520328 -13.708527 -7.363477 -3.720938 18.141153 -14.052739 -3.242676 9e-06 -18.78727 -3e-06 -0.42971 -8.456044 2.555504 1e-06 -1e-06 -1e-06 -15.923536 -20.094484 -5.473582 30.419218 -7.190828 1.735928 4e-06 -8.162925 -2e-06 -1.861904 -22.861469 -6.167942 -0.0 -4e-06 -0.0 172.653198 -7.191242 10.732465 16.43 -0.174004 0.380569 -82.564598 11.711206 -3.695915 -6.066793 1.431266 2.106534 -0.999999 -0.0 -0.0 -3.760547 0.627841 -16.901869 18.719736 -0.145153 0.047277 -79.175049 -8.94978 -6.841459 -7.57283 0.948323 1.720689 -1.000004 0.0 0.0 
0.0 0.0 0.0 0.0 -0.0 0.0 4.401109 100.102219 1.250118 86.498077 -2.541837 106.07238 2.071422 0.053068 1.202165 -10.039433 -0.189309 3.660635 11.798903 -6.234507 0.491093 19.564196 18.6304 2.469499 -2.35551 -1.569708 -16.498886 -34.87904 0.097279 -23.11792 6e-06 0.0 3e-06 0.099439 -0.030495 -0.006635 -0.131172 -0.141222 -0.023291 -0.204065 0.078318 -0.006012 -111.406952 -67.581741 129.690903 23.520128 -63.365311 -11.356656 138.861206 -1.315258 0.99907 22.611038 -15.738094 -23.263493 17.636629 -26.322731 52.411182 -19.46665 -14.395592 29.410378 -1e-06 -8.774821 -3e-06 16.804323 -17.246758 5.206852 -0.609777 -1.795653 -3.889327 -4.807088 -11.046805 -2.937848 2e-06 -20.976006 3e-06 -5.019973 -25.033552 -4.031878 5e-06 2e-06 -3e-06 -10.634534 -5.686967 -3.565586 10.573274 -17.922945 -3.113897 -1e-06 -13.821206 3e-06 -0.501779 -31.181498 -4.027013 -11.422453 -60.052555 7.179356 -13.982712 -7.150195 -2.875041 13.772731 -8.401489 -3.21824 0.347729 -34.211544 0.771659 -0.963031 -17.73337 2.621022 -0.0 0.0 0.0 -17.346416 -20.095209 -4.20178 21.757555 -1.638373 3.866428 0.0 -6.338823 3e-06 -1.69759 -22.591734 -6.194002 0.0 -4e-06 0.0 157.762772 -76.967262 36.268219 18.476843 -28.485703 20.458403 30.638645 1.463719 1.637671 -5.190726 -6.590515 -2.536961 22.182108 -20.375895 49.933323 -16.701811 -16.743526 28.47653 -2e-06 -12.6906 -3e-06 16.768229 -17.696152 1.7441 -0.105921 -1.513857 -4.27588 -5.039037 -5.612872 -2.953556 6e-06 -11.02052 -4e-06 -6.111298 -15.895328 -3.840469 1e-06 -1e-06 -1e-06 -10.283367 -5.680288 -4.341836 11.028292 -11.302402 -2.372632 -1.384267 -14.238574 -6.320119 -0.625439 -26.924179 -3.827601 -4.239491 -49.434647 -4.529784 -13.70852 -7.363476 -3.720938 18.141146 -14.052734 -3.242672 5e-06 -18.787266 -1e-06 -0.429713 -8.456041 2.555502 -0.0 -0.0 -1e-06 -15.923532 -20.094482 -5.473579 30.419207 -7.190823 1.735923 3e-06 -8.162922 -1e-06 -1.861902 -22.861464 -6.16794 2e-06 -4e-06 -1e-06 173.16011 -7.231036 10.264576 16.479904 -0.18269 0.353356 -83.208679 11.168291 -3.6055 -5.968558 1.439533 2.11237 -0.999999 -0.0 0.0 -3.990601 0.537274 -16.12035 19.509447 -0.133169 0.014862 -79.58062 -8.460752 -6.696063 -7.52002 0.927049 1.716682 -1.000002 0.0 0.0 
0.0 0.0 0.0 0.0 -0.0 0.0 4.425957 100.038704 1.430966 86.438766 -2.38709 105.155815 1.94584 -0.022026 1.060067 -10.065603 -0.236066 3.215247 11.800401 -5.989466 -0.120796 19.665707 19.380405 2.437569 -2.392294 -1.515289 -15.772268 -34.120468 0.649833 -22.26317 6e-06 -0.0 1e-06 0.096203 -0.039728 -0.034728 -0.116483 -0.132523 -0.045707 -0.188888 0.052652 -0.037854 -111.319786 -68.205971 129.403625 24.825569 -63.253414 -11.960126 139.279037 -1.465803 0.979708 20.608622 -14.493142 -19.31554 17.636627 -26.322733 52.411201 -19.466663 -14.395598 29.410395 -0.0 -8.774824 -2e-06 16.601639 -17.379133 5.351544 -0.609777 -1.795653 -3.889328 -4.807087 -11.046814 -2.937852 5e-06 -20.976019 1e-06 -5.019972 -25.03356 -4.031881 5e-06 0.0 -0.0 -10.634537 -5.68697 -3.565588 10.573278 -17.922953 -3.1139 2e-06 -13.821211 2e-06 -0.50178 -31.181511 -4.027016 -11.477935 -59.809814 7.17271 -13.982716 -7.150198 -2.875043 13.772732 -8.401491 -3.218242 0.347732 -34.211559 0.771653 -0.963028 -17.733372 2.621021 -0.0 0.0 -0.0 -17.346422 -20.095217 -4.201783 21.757561 -1.638377 3.866427 0.0 -6.338825 1e-06 -1.697587 -22.591742 -6.194006 -1e-06 -5e-06 -3e-06 146.260345 -78.509293 49.19957 14.972056 -28.636383 22.962667 37.263763 1.447974 1.84815 0.676269 -0.621029 1.843857 22.182121 -20.375904 49.933338 -16.701818 -16.743532 28.47654 -2e-06 -12.690607 -0.0 16.947365 -17.390165 1.245639 -0.105918 -1.513858 -4.27588 -5.039044 -5.612873 -2.953558 4e-06 -11.020527 -3e-06 -6.111297 -15.895338 -3.840473 -2e-06 1e-06 1e-06 -10.283371 -5.68029 -4.341838 11.028297 -11.302409 -2.372634 -1.38427 -14.238583 -6.320124 -0.625437 -26.924198 -3.827604 -4.080832 -48.734997 -4.650589 -13.708526 -7.363481 -3.720938 18.141151 -14.052744 -3.242675 7e-06 -18.787275 -2e-06 -0.429713 -8.456046 2.555503 0.0 -0.0 1e-06 -15.923539 -20.09449 -5.473584 30.419222 -7.190828 1.73593 2e-06 -8.162928 -0.0 -1.861901 -22.861473 -6.167943 0.0 -3e-06 -1e-06 173.689178 -7.392217 10.050702 16.451521 -0.184854 0.32476 -83.693008 10.620124 -3.635278 -5.829546 1.446855 2.12002 -0.999998 0.0 -0.0 -4.257853 0.592074 -15.426548 20.478012 -0.134429 -0.016922 -79.763535 -7.912037 -6.629129 -7.621413 0.934456 1.720208 -1.000003 -0.0 -0.0 
0.0 0.0 0.0 0.0 -0.0 0.0 4.389556 100.013947 1.609414 86.333427 -2.138288 104.38855 1.896171 -0.102598 0.867681 -10.122363 -0.274934 2.616104 11.892497 -5.725884 -0.763987 19.799883 20.400789 2.320099 -2.315191 -1.488017 -14.933299 -33.358276 1.182867 -21.450106 6e-06 1e-06 1e-06 0.099072 -0.036734 0.013854 -0.111728 -0.106159 0.002719 -0.193544 0.035509 0.011919 -111.003105 -69.278313 128.957169 26.78948 -63.193806 -12.893729 139.637146 -1.700032 1.091175 18.450769 -13.229743 -14.819983 17.636618 -26.322725 52.411194 -19.466663 -14.395598 29.410395 -2e-06 -8.77482 -1e-06 16.391176 -17.608877 5.500348 -0.609777 -1.795654 -3.889328 -4.807085 -11.046809 -2.937852 8e-06 -20.976019 -3e-06 -5.019966 -25.033562 -4.031883 6e-06 1e-06 0.0 -10.634531 -5.686971 -3.565587 10.573277 -17.922949 -3.113905 3e-06 -13.821208 -0.0 -0.501773 -31.181505 -4.02702 -11.547097 -59.566708 7.087461 -13.982711 -7.150198 -2.875042 13.772732 -8.401494 -3.218244 0.347737 -34.211555 0.771648 -0.963025 -17.73337 2.621017 -0.0 1e-06 0.0 -17.346411 -20.095217 -4.201783 21.757553 -1.638376 3.866425 0.0 -6.338821 0.0 -1.697585 -22.591734 -6.194009 -0.0 -4e-06 -2e-06 130.348343 -79.244606 66.567833 11.448038 -28.748775 25.972664 44.777431 0.924196 1.836532 6.68514 3.499614 8.685371 22.182114 -20.375891 49.933323 -16.701815 -16.743528 28.476532 -4e-06 -12.6906 -0.0 16.93092 -17.163958 1.021274 -0.105919 -1.513857 -4.275882 -5.039041 -5.612871 -2.953558 7e-06 -11.020525 -4e-06 -6.111297 -15.89533 -3.840472 1e-06 -1e-06 0.0 -10.283369 -5.680287 -4.34184 11.028296 -11.302408 -2.372635 -1.384269 -14.238583 -6.320122 -0.625435 -26.924192 -3.8276 -3.977696 -47.893135 -4.800097 -13.708525 -7.363477 -3.720942 18.141153 -14.052739 -3.242676 8e-06 -18.78727 -3e-06 -0.429711 -8.456043 2.555504 -1e-06 1e-06 -1e-06 -15.923536 -20.094486 -5.473588 30.419222 -7.190827 1.735925 2e-06 -8.162925 -1e-06 -1.8619 -22.861467 -6.167943 1e-06 -3e-06 -1e-06 174.269333 -7.622518 10.086823 16.409317 -0.189281 0.371274 -84.006851 9.98163 -3.631992 -5.729122 1.434194 2.115388 -0.999998 0.0 -0.0 -4.450548 0.770256 -14.719795 21.475101 -0.125232 -0.055069 -79.544434 -7.472596 -6.900372 -7.847815 0.932973 1.74116 -1.000002 1e-06 0.0 
0.0 0.0 0.0 0.0 -0.0 0.0 4.305006 99.979385 1.813793 86.234161 -1.854129 103.693199 1.841438 -0.181502 0.646371 -10.209763 -0.354216 1.93991 12.082775 -5.356624 -1.442394 20.13003 21.275038 2.227709 -2.343176 -1.388672 -14.245305 -32.657978 1.719018 -20.759563 6e-06 -0.0 -1e-06 0.08057 -0.040993 0.023465 -0.125116 -0.095457 0.017923 -0.204126 0.01804 0.018719 -110.46022 -70.585503 128.448395 29.647655 -63.195683 -14.812493 139.709473 -2.112298 1.102471 16.493492 -11.995278 -9.787377 17.636635 -26.32272 52.411182 -19.466658 -14.395597 29.410389 -1e-06 -8.774822 -3e-06 16.140497 -17.644455 5.670913 -0.609778 -1.795654 -3.889328 -4.807087 -11.046812 -2.937852 7e-06 -20.976015 -0.0 -5.019969 -25.033554 -4.031883 6e-06 0.0 -2e-06 -10.634537 -5.686973 -3.565588 10.573277 -17.922951 -3.113899 3e-06 -13.821206 -0.0 -0.501773 -31.181498 -4.02702 -11.573163 -59.383686 7.030362 -13.982716 -7.150198 -2.875042 13.772731 -8.401494 -3.218242 0.347735 -34.211544 0.771652 -0.963027 -17.73337 2.621019 0.0 0.0 0.0 -17.34642 -20.095217 -4.201784 21.757559 -1.638379 3.866428 0.0 -6.338822 -0.0 -1.697587 -22.591734 -6.194007 -0.0 -6e-06 -2e-06 114.23436 -78.802963 84.091156 8.219811 -29.222166 30.193556 52.326942 0.145706 1.698546 12.15095 4.993057 17.145359 22.182112 -20.375885 49.933319 -16.701811 -16.743528 28.476532 -4e-06 -12.690601 -1e-06 16.857075 -17.222403 1.113426 -0.10592 -1.513858 -4.275881 -5.03904 -5.612871 -2.953558 5e-06 -11.020523 -3e-06 -6.111297 -15.89533 -3.840472 0.0 -0.0 1e-06 -10.28337 -5.680285 -4.341839 11.028294 -11.302404 -2.372633 -1.384269 -14.238579 -6.320123 -0.625435 -26.924185 -3.827605 -3.967078 -47.315636 -4.853253 -13.708522 -7.363478 -3.72094 18.14115 -14.052737 -3.242675 6e-06 -18.787268 -4e-06 -0.429712 -8.456043 2.555503 0.0 0.0 0.0 -15.923536 -20.094482 -5.473586 30.419207 -7.190823 1.735925 2e-06 -8.162924 -1e-06 -1.861901 -22.861464 -6.167943 0.0 -2e-06 -1e-06 174.941605 -7.898531 10.130567 16.246372 -0.172883 0.332744 -84.312431 9.282216 -3.841193 -5.639688 1.413782 2.116045 -0.999998 0.0 0.0 -4.718072 0.959255 -14.134351 22.760195 -0.154596 -0.056893 -79.377762 -6.825652 -6.882678 -8.11266 0.959926 1.749698 -1.000001 0.0 -0.0 
0.0 0.0 0.0 0.0 -0.0 0.0 4.203728 99.947922 2.014062 86.256912 -1.540403 102.878479 1.858836 -0.256061 0.404424 -10.280426 -0.447829 1.26495 12.277273 -4.97062 -2.059891 20.519592 22.018724 2.106338 -2.376586 -1.288665 -13.678677 -32.1516 2.172511 -20.053331 6e-06 -0.0 -0.0 0.061026 -0.047096 0.013987 -0.149645 -0.092652 0.012591 -0.21838 0.00402 0.007101 -110.031654 -71.955727 128.202866 32.866802 -63.177311 -17.643276 139.479111 -2.695796 1.068262 14.813777 -10.793589 -4.667736 17.636637 -26.322742 52.411205 -19.466656 -14.395598 29.410389 -0.0 -8.774822 -2e-06 15.776115 -17.577717 5.84841 -0.609777 -1.795653 -3.889328 -4.807089 -11.046811 -2.93785 3e-06 -20.976015 4e-06 -5.019973 -25.033556 -4.031879 6e-06 0.0 -0.0 -10.634531 -5.68697 -3.565587 10.573271 -17.922951 -3.113898 4e-06 -13.821208 3e-06 -0.501781 -31.181505 -4.027016 -11.521927 -59.041714 6.987772 -13.982715 -7.150198 -2.875042 13.772728 -8.401491 -3.21824 0.347728 -34.211544 0.771659 -0.963031 -17.733366 2.621022 0.0 0.0 -1e-06 -17.346422 -20.095217 -4.20178 21.757561 -1.638375 3.866429 1e-06 -6.338824 1e-06 -1.697594 -22.591747 -6.194005 1e-06 -4e-06 -1e-06 100.899857 -77.517624 98.785629 5.474031 -30.052511 35.93158 58.788155 -0.693147 1.316879 16.538872 3.704158 25.393368 22.182112 -20.375895 49.933311 -16.701815 -16.743528 28.476532 -3e-06 -12.690601 0.0 16.680414 -17.401308 1.502568 -0.105919 -1.513856 -4.275881 -5.039041 -5.612872 -2.953557 3e-06 -11.020525 -2e-06 -6.111298 -15.895334 -3.84047 1e-06 -0.0 0.0 -10.283371 -5.680288 -4.341837 11.028296 -11.302406 -2.372633 -1.384269 -14.238583 -6.32012 -0.625439 -26.924192 -3.8276 -4.107358 -47.121155 -4.772231 -13.708526 -7.363478 -3.720937 18.141153 -14.052741 -3.242676 6e-06 -18.78727 -2e-06 -0.429712 -8.456045 2.555503 -0.0 -0.0 -0.0 -15.923534 -20.094482 -5.473584 30.41921 -7.190827 1.735924 2e-06 -8.162926 -1e-06 -1.861903 -22.861469 -6.167942 -0.0 -1e-06 -1e-06 175.759415 -8.051678 10.163806 15.987661 -0.156379 0.28842 -84.498405 8.444446 -4.082809 -5.637325 1.41233 2.120762 -0.999998 -0.0 -0.0 -4.889797 1.020926 -13.578574 23.967073 -0.16143 -0.063211 -79.228287 -6.205798 -6.684052 -8.487116 0.956042 1.74347 -1.000004 0.0 0.0 
0.0 0.0 0.0 0.0 -0.0 0.0 4.100473 99.868477 2.243168 86.457565 -1.308039 101.815651 1.841129 -0.352998 0.192945 -10.318103 -0.552085 0.633809 12.480478 -4.551784 -2.655835 20.889214 22.33363 1.973459 -2.486388 -1.242602 -13.230002 -31.732765 2.634555 -19.411463 6e-06 -0.0 2e-06 0.029212 -0.05457 -0.033269 -0.162666 -0.094114 -0.03037 -0.214057 -0.009668 -0.043247 -109.826439 -73.250854 128.244217 35.661804 -63.142784 -20.738697 138.941315 -3.330117 0.895738 13.737249 -9.76522 0.644443 17.636621 -26.322725 52.411194 -19.466661 -14.395594 29.410389 -2e-06 -8.774822 -1e-06 15.286384 -17.329542 6.05299 -0.609777 -1.795653 -3.889328 -4.807086 -11.046813 -2.93785 4e-06 -20.976013 -3e-06 -5.019969 -25.033556 -4.031884 6e-06 -1e-06 -1e-06 -10.634532 -5.68697 -3.565588 10.573275 -17.922951 -3.113901 4e-06 -13.821206 1e-06 -0.501776 -31.181501 -4.027017 -11.373616 -58.579952 7.019215 -13.982711 -7.150197 -2.875043 13.77273 -8.401493 -3.218243 0.347732 -34.211555 0.771653 -0.963027 -17.73337 2.621018 0.0 -1e-06 2e-06 -17.346418 -20.095215 -4.201783 21.757557 -1.638377 3.866426 0.0 -6.338825 1e-06 -1.697587 -22.591738 -6.194007 -0.0 -4e-06 -3e-06 91.24826 -75.854706 109.701622 3.128065 -31.65164 42.887997 63.199474 -1.101085 0.864144 19.393854 -0.292489 32.92585 22.182116 -20.375891 49.933319 -16.701813 -16.74353 28.476532 -3e-06 -12.6906 -1e-06 16.705835 -17.702383 2.037364 -0.10592 -1.513855 -4.275881 -5.039041 -5.612871 -2.953557 4e-06 -11.020523 -2e-06 -6.111297 -15.895332 -3.840471 -0.0 1e-06 -0.0 -10.283369 -5.680288 -4.341839 11.028294 -11.302404 -2.372633 -1.384268 -14.238581 -6.320121 -0.625438 -26.924189 -3.827601 -4.504771 -47.750145 -4.431793 -13.708523 -7.363476 -3.72094 18.141148 -14.052739 -3.242674 6e-06 -18.787268 -1e-06 -0.429712 -8.456044 2.555503 -0.0 1e-06 0.0 -15.923534 -20.094482 -5.473585 30.41921 -7.190827 1.735925 2e-06 -8.162927 -0.0 -1.861901 -22.861467 -6.167942 0.0 -8e-06 -1e-06 176.681702 -8.020644 9.938401 15.599975 -0.125143 0.188277 -84.738029 7.438729 -4.486057 -5.678727 1.45813 2.144869 -0.999998 -0.0 -0.0 -4.963125 0.963847 -12.953902 24.929388 -0.170836 -0.051567 -79.510963 -5.43285 -6.053367 -8.786082 0.957547 1.720165 -1.000002 0.0 0.0 
0.0 0.0 0.0 0.0 -0.0 0.0 4.015098 99.792145 2.417743 86.793282 -1.141839 100.32476 1.900695 -0.443839 0.007628 -10.34505 -0.61562 0.05279 12.679012 -4.106112 -3.190823 21.133198 22.256254 1.849447 -2.479142 -1.230499 -12.807473 -31.648218 2.955874 -18.808323 6e-06 0.0 2e-06 0.014345 -0.0536 0.007809 -0.138776 -0.080107 0.012098 -0.181301 -0.020638 -0.004909 -109.741516 -74.416611 128.279037 37.092693 -63.340069 -22.850925 138.344452 -3.746424 0.863595 13.123493 -8.849104 5.956863 17.636633 -26.322737 52.411205 -19.466665 -14.3956 29.410395 -1e-06 -8.774824 -3e-06 14.803024 -17.298443 6.24733 -0.609777 -1.795655 -3.889328 -4.807086 -11.046811 -2.937851 7e-06 -20.976019 -0.0 -5.019969 -25.033556 -4.031882 6e-06 -1e-06 -0.0 -10.634537 -5.686969 -3.565587 10.573277 -17.922955 -3.113902 3e-06 -13.821211 1e-06 -0.501775 -31.181505 -4.027018 -11.334959 -58.029049 7.138826 -13.982713 -7.150197 -2.875042 13.772733 -8.401495 -3.218242 0.347733 -34.211555 0.771657 -0.963027 -17.73337 2.621018 1e-06 -0.0 1e-06 -17.346422 -20.095217 -4.201783 21.757563 -1.638379 3.866427 2e-06 -6.338823 -1e-06 -1.697589 -22.591743 -6.194005 -0.0 -4e-06 -1e-06 83.346985 -74.291176 118.764381 0.679808 -33.87019 50.293949 65.258286 -1.02475 0.833069 20.525717 -5.845334 38.002415 22.182121 -20.375898 49.933334 -16.701815 -16.743528 28.476534 -3e-06 -12.690601 -1e-06 16.884691 -17.963573 2.699695 -0.105919 -1.513856 -4.275882 -5.039042 -5.612873 -2.953557 3e-06 -11.020526 -3e-06 -6.111298 -15.895336 -3.840472 -0.0 1e-06 0.0 -10.283373 -5.680291 -4.34184 11.028296 -11.302406 -2.372633 -1.384269 -14.238582 -6.320123 -0.625437 -26.924194 -3.827603 -4.948309 -48.81879 -3.937939 -13.708527 -7.363478 -3.72094 18.141153 -14.052742 -3.242676 6e-06 -18.787271 -2e-06 -0.429712 -8.456047 2.555504 -1e-06 0.0 0.0 -15.923536 -20.094486 -5.473588 30.419218 -7.190829 1.735927 2e-06 -8.162926 -1e-06 -1.861901 -22.861479 -6.167944 -1e-06 -2e-06 -3e-06 177.66507 -7.783639 9.449782 15.16124 -0.125451 0.14782 -84.853241 6.185199 -4.756426 -5.786958 1.526805 2.163203 -0.999999 0.0 0.0 -5.08929 0.656658 -11.941958 25.628201 -0.138756 -0.046731 -79.905022 -4.859758 -5.644209 -8.829358 0.91871 1.708111 -1.000002 0.0 0.0 
0.0 0.0 0.0 0.0 -0.0 0.0 3.954425 99.706558 2.555393 87.141411 -1.063272 98.35083 1.980306 -0.507038 -0.125038 -10.349401 -0.674129 -0.462839 12.870249 -3.535627 -3.722367 21.29985 21.734066 1.815695 -2.471574 -1.190726 -12.409791 -31.733742 3.044936 -18.255205 6e-06 0.0 -1e-06 0.000243 -0.048204 0.055053 -0.100451 -0.063508 0.062181 -0.140736 -0.025424 0.037129 -109.121689 -75.414497 127.695198 37.095524 -64.070984 -24.065762 137.725845 -4.018073 0.8062 12.910021 -7.875965 10.825573 17.636639 -26.322737 52.411205 -19.466663 -14.395598 29.410395 -1e-06 -8.774822 -3e-06 14.472286 -17.360785 6.435621 -0.609777 -1.795652 -3.889328 -4.807091 -11.046813 -2.937851 3e-06 -20.976019 0.0 -5.01997 -25.033552 -4.031883 7e-06 -1e-06 2e-06 -10.634538 -5.686972 -3.565589 10.573276 -17.922955 -3.1139 2e-06 -13.821211 2e-06 -0.501779 -31.181507 -4.027017 -11.381213 -57.614834 7.322048 -13.982718 -7.150198 -2.875043 13.772735 -8.401491 -3.218241 0.347732 -34.211555 0.771656 -0.963029 -17.733372 2.62102 0.0 0.0 1e-06 -17.346426 -20.095221 -4.201782 21.757561 -1.638375 3.866431 0.0 -6.338825 -1e-06 -1.697592 -22.591747 -6.194007 -0.0 -5e-06 -2e-06 77.051231 -72.981583 126.15316 -2.055573 -36.826992 56.986515 64.863266 -0.712308 1.069052 20.544359 -12.272476 39.956192 22.182112 -20.375883 49.933308 -16.701811 -16.743528 28.476526 -3e-06 -12.690601 -1e-06 17.1929 -18.211353 3.197387 -0.105919 -1.513856 -4.275881 -5.03904 -5.61287 -2.953556 3e-06 -11.020523 -3e-06 -6.111298 -15.89533 -3.84047 -0.0 -1e-06 -0.0 -10.283367 -5.680287 -4.341836 11.028292 -11.302404 -2.372633 -1.384269 -14.238579 -6.32012 -0.625438 -26.924187 -3.827602 -5.176823 -49.927792 -3.559574 -13.708526 -7.363475 -3.720938 18.141148 -14.052738 -3.242674 7e-06 -18.787266 -4e-06 -0.429709 -8.456039 2.555503 -0.0 -0.0 -0.0 -15.923532 -20.094482 -5.473583 30.41921 -7.190823 1.735927 1e-06 -8.162927 -2e-06 -1.861902 -22.861462 -6.167939 0.0 -3e-06 -2e-06 178.647141 -7.474903 8.586321 14.712371 -0.135231 0.119971 -84.984901 4.843585 -4.991548 -5.845741 1.567797 2.172136 -1.0 0.0 -0.0 -5.319582 0.335039 -10.69811 26.160221 -0.100225 -0.044414 -80.369064 -4.148006 -5.173263 -8.716514 0.909283 1.71296 -1.000002 -0.0 -0.0 
0.0 0.0 0.0 0.0 -0.0 0.0 3.917227 99.645386 2.641649 87.403099 -1.065854 95.842651 2.089659 -0.501388 -0.25289 -10.342528 -0.724231 -0.906432 13.039637 -2.840007 -4.210417 21.421122 20.969963 1.839565 -2.460588 -1.112222 -12.063687 -31.955589 2.897413 -17.680788 6e-06 -0.0 -1e-06 -0.011759 -0.04138 0.101339 -0.060992 -0.052563 0.109261 -0.10445 -0.021988 0.080182 -107.572731 -76.292412 126.199318 35.956249 -65.382942 -24.721851 137.086823 -4.111809 0.690355 13.008544 -6.743346 14.89833 17.636633 -26.322731 52.41119 -19.466658 -14.395594 29.410381 -2e-06 -8.774821 -2e-06 14.376615 -17.476593 6.549858 -0.609776 -1.795653 -3.889327 -4.807088 -11.046812 -2.93785 4e-06 -20.976017 1e-06 -5.019972 -25.033552 -4.03188 6e-06 -1e-06 -1e-06 -10.634535 -5.68697 -3.565588 10.573271 -17.922953 -3.113898 3e-06 -13.821209 1e-06 -0.501778 -31.181505 -4.027015 -11.461387 -57.506977 7.444231 -13.982716 -7.150197 -2.875042 13.772733 -8.401491 -3.218242 0.347729 -34.211552 0.771661 -0.96303 -17.73337 2.621017 1e-06 -0.0 2e-06 -17.346418 -20.095221 -4.201779 21.757557 -1.638375 3.866429 2e-06 -6.338825 -2e-06 -1.697591 -22.591747 -6.194005 -0.0 -4e-06 -2e-06 72.524734 -71.990608 131.6203 -5.172978 -39.999081 61.919975 62.537773 -0.823905 1.083418 19.986191 -17.688629 40.095234 22.182114 -20.375891 49.933315 -16.701815 -16.743528 28.47653 -4e-06 -12.690603 -1e-06 17.300018 -18.274218 3.338171 -0.105918 -1.513856 -4.275882 -5.039043 -5.612872 -2.953556 3e-06 -11.020523 -2e-06 -6.111301 -15.89533 -3.840469 1e-06 -3e-06 0.0 -10.283372 -5.680288 -4.341838 11.028296 -11.302404 -2.372633 -1.384267 -14.238583 -6.320122 -0.625436 -26.924187 -3.827601 -5.026486 -50.239288 -3.43574 -13.708524 -7.363475 -3.720938 18.141151 -14.052741 -3.242676 9e-06 -18.78727 -3e-06 -0.429713 -8.456041 2.555502 0.0 1e-06 -1e-06 -15.923532 -20.094482 -5.473584 30.41921 -7.190828 1.735922 4e-06 -8.162925 -1e-06 -1.8619 -22.861467 -6.167942 -1e-06 -5e-06 -4e-06 179.656708 -7.20939 7.296738 14.158196 -0.138589 0.111662 -85.044983 3.467204 -5.195807 -5.863785 1.588578 2.176453 -1.0 -0.0 0.0 -5.753186 0.125079 -9.242998 26.683008 -0.091528 -0.027198 -80.766922 -3.287551 -4.724259 -8.577347 0.914918 1.720319 -1.000003 0.0 -0.0 
0.0 0.0 0.0 0.0 -0.0 0.0 3.891344 99.601257 2.692319 87.57988 -1.16695 92.892212 2.222515 -0.4306 -0.365974 -10.319282 -0.754777 -1.338816 13.155702 -2.126244 -4.641997 21.519224 20.290485 1.808648 -2.442113 -1.031561 -11.782362 -32.198795 2.603191 -17.130737 6e-06 -0.0 1e-06 -0.017987 -0.034607 0.142883 -0.023354 -0.044285 0.147957 -0.075954 -0.016262 0.122673 -105.25946 -77.078125 124.001945 33.890488 -67.065071 -24.971176 136.440872 -4.076019 0.545792 13.286324 -5.536924 18.099747 17.636625 -26.322742 52.411205 -19.466661 -14.395598 29.410395 -1e-06 -8.77482 -1e-06 14.446473 -17.588366 6.575415 -0.609777 -1.795656 -3.889327 -4.807087 -11.04681 -2.93785 4e-06 -20.976015 2e-06 -5.019969 -25.033548 -4.031878 5e-06 -0.0 -3e-06 -10.634533 -5.68697 -3.565588 10.573271 -17.922953 -3.113898 2e-06 -13.821209 2e-06 -0.501777 -31.181505 -4.027019 -11.512264 -57.573837 7.484903 -13.982712 -7.150197 -2.875043 13.772731 -8.401495 -3.218241 0.347731 -34.211555 0.771655 -0.963029 -17.733372 2.621021 -0.0 -1e-06 -1e-06 -17.34642 -20.095219 -4.201779 21.757559 -1.638374 3.866426 3e-06 -6.338823 -1e-06 -1.697588 -22.591749 -6.194003 0.0 -4e-06 -1e-06 69.595299 -71.28775 135.243179 -8.614336 -42.774101 64.941399 58.890526 -1.482477 0.657 19.408913 -21.273958 39.902744 22.182121 -20.375895 49.933323 -16.701817 -16.74353 28.476532 -5e-06 -12.690603 0.0 17.24184 -17.990255 3.238116 -0.105915 -1.513856 -4.275881 -5.039044 -5.612873 -2.953557 6e-06 -11.020525 -1e-06 -6.1113 -15.895334 -3.840472 -0.0 -1e-06 -0.0 -10.283371 -5.680287 -4.341838 11.028297 -11.302407 -2.372633 -1.384268 -14.23858 -6.320121 -0.625435 -26.924192 -3.827603 -4.673747 -49.670212 -3.388557 -13.708524 -7.363476 -3.72094 18.141151 -14.052741 -3.242676 1e-05 -18.78727 -2e-06 -0.429711 -8.456043 2.555507 -1e-06 1e-06 -0.0 -15.923532 -20.094482 -5.473587 30.419222 -7.190829 1.735927 3e-06 -8.162925 -0.0 -1.861902 -22.861473 -6.167942 -1e-06 -4e-06 -0.0 -179.442749 -6.965698 5.728263 13.712823 -0.135623 0.10819 -85.081017 1.958292 -5.380605 -5.78208 1.58191 2.177655 -0.999999 0.0 0.0 -6.403336 0.017088 -7.633728 27.21517 -0.10909 0.005235 -80.956802 -2.208668 -4.257231 -8.47147 0.923903 1.7238 -1.000002 0.0 0.0 
0.0 0.0 0.0 0.0 -0.0 0.0 3.872501 99.567581 2.70547 87.746796 -1.384713 89.706261 2.360833 -0.336926 -0.478022 -10.27902 -0.776882 -1.777466 13.210112 -1.470984 -5.052131 21.542418 19.934507 1.683543 -2.405437 -0.954096 -11.706287 -32.406219 2.190727 -16.747801 6e-06 0.0 -1e-06 -0.02254 -0.031259 0.164507 0.004929 -0.037155 0.162534 -0.059343 -0.016485 0.149793 -102.413162 -77.814186 121.329651 31.089106 -68.929504 -24.777313 135.692795 -3.932081 0.373641 13.487222 -4.260162 20.492552 17.636639 -26.322741 52.411205 -19.466658 -14.395597 29.410389 -1e-06 -8.774822 -3e-06 14.614228 -17.708797 6.537945 -0.609777 -1.795655 -3.88933 -4.807091 -11.046813 -2.937848 5e-06 -20.976019 -1e-06 -5.019968 -25.033556 -4.031886 7e-06 -0.0 -2e-06 -10.634538 -5.68697 -3.565589 10.573274 -17.922953 -3.113898 2e-06 -13.821209 3e-06 -0.501779 -31.181498 -4.027017 -11.590715 -57.702839 7.521403 -13.982718 -7.150198 -2.875044 13.772734 -8.401491 -3.218238 0.347731 -34.211552 0.771656 -0.963029 -17.73337 2.621023 0.0 -0.0 -1e-06 -17.346424 -20.095217 -4.201784 21.757561 -1.638375 3.866428 2e-06 -6.338824 -0.0 -1.697589 -22.591749 -6.194004 0.0 -2e-06 -2e-06 67.539307 -70.802559 137.683685 -12.327361 -44.798992 66.561935 54.298248 -2.167586 0.189279 19.179512 -23.530933 38.573025 22.182117 -20.375891 49.933319 -16.701817 -16.74353 28.476532 -4e-06 -12.6906 -1e-06 17.264948 -17.520645 2.951664 -0.105919 -1.513856 -4.275881 -5.039039 -5.612872 -2.953556 5e-06 -11.020525 -3e-06 -6.111294 -15.89533 -3.840471 -0.0 -1e-06 -1e-06 -10.28337 -5.680288 -4.34184 11.028295 -11.302406 -2.372633 -1.384269 -14.238575 -6.32012 -0.62544 -26.924187 -3.827601 -4.267393 -48.656326 -3.40504 -13.708524 -7.363477 -3.720941 18.141148 -14.052739 -3.242675 7e-06 -18.78727 -4e-06 -0.42971 -8.456042 2.555506 -1e-06 1e-06 -1e-06 -15.923531 -20.094482 -5.473587 30.41921 -7.190827 1.735927 3e-06 -8.162925 -1e-06 -1.861899 -22.861467 -6.167945 0.0 -4e-06 -1e-06 -178.666061 -6.684377 3.993858 13.265312 -0.127478 0.089335 -85.061531 0.371117 -5.562408 -5.635467 1.563807 2.178829 -0.999998 0.0 0.0 -7.129982 -0.063559 -5.894365 27.684669 -0.12687 0.038029 -81.076385 -0.999109 -3.737532 -8.379817 0.935333 1.726404 -1.000002 0.0 -0.0 
0.0 0.0 0.0 0.0 -0.0 0.0 3.89252 99.546371 2.679078 87.967445 -1.718142 86.535461 2.499279 -0.256717 -0.603274 -10.249746 -0.808929 -2.23716 13.239212 -0.929411 -5.476795 21.440708 20.186672 1.473637 -2.354988 -0.899096 -12.035477 -32.685028 1.708372 -16.756277 5e-06 -0.0 -2e-06 -0.031062 -0.033553 0.155855 0.027532 -0.028394 0.144291 -0.040948 -0.0304 0.149159 -98.912048 -78.553574 118.098305 28.137375 -70.780655 -24.427692 134.825851 -3.642252 0.247266 13.448506 -3.01259 22.142952 17.636623 -26.322733 52.411182 -19.466658 -14.395598 29.410385 -2e-06 -8.774821 -1e-06 14.788116 -17.75778 6.495297 -0.609776 -1.795652 -3.889328 -4.807087 -11.046807 -2.937849 3e-06 -20.976015 3e-06 -5.019971 -25.033546 -4.031877 8e-06 -0.0 0.0 -10.634534 -5.686968 -3.565588 10.573277 -17.922949 -3.113899 4e-06 -13.821205 3e-06 -0.501779 -31.181498 -4.027012 -11.687427 -57.839565 7.611474 -13.982708 -7.150194 -2.875041 13.77273 -8.401493 -3.21824 0.347732 -34.21154 0.771657 -0.963031 -17.733366 2.621025 1e-06 0.0 0.0 -17.346413 -20.095209 -4.201779 21.757551 -1.638375 3.866426 2e-06 -6.338824 2e-06 -1.697588 -22.591738 -6.193998 0.0 -3e-06 -3e-06 66.079239 -70.594551 139.188385 -15.837966 -45.883347 67.266846 49.325912 -2.418424 0.040835 18.879442 -24.975527 36.478191 22.182117 -20.375893 49.933308 -16.701809 -16.743525 28.476522 -1e-06 -12.690603 -3e-06 17.408819 -17.134998 2.587928 -0.105919 -1.513857 -4.27588 -5.039042 -5.61287 -2.953556 4e-06 -11.020525 -3e-06 -6.111296 -15.895332 -3.840469 -1e-06 2e-06 0.0 -10.283369 -5.680287 -4.341837 11.028295 -11.302404 -2.372634 -1.384268 -14.238579 -6.320119 -0.625434 -26.924183 -3.827601 -3.936814 -47.555336 -3.51519 -13.708524 -7.363477 -3.720937 18.141148 -14.052738 -3.242674 5e-06 -18.78727 -1e-06 -0.429712 -8.456043 2.555502 -1e-06 -1e-06 -1e-06 -15.923536 -20.094482 -5.473582 30.41921 -7.190823 1.735929 2e-06 -8.162927 -1e-06 -1.861904 -22.861471 -6.167941 -0.0 -3e-06 -1e-06 -178.114639 -6.306276 2.19628 12.879318 -0.120452 0.0626 -84.979996 -1.066419 -5.752969 -5.491287 1.558243 2.185447 -0.999999 0.0 0.0 -8.079411 -0.136944 -4.128369 28.086519 -0.137454 0.0606 -81.180496 0.146905 -3.134122 -8.214436 0.933907 1.725555 -1.000002 0.0 0.0 
0.0 0.0 0.0 0.0 -0.0 0.0 3.952562 99.549133 2.615026 88.21254 -2.117513 83.645424 2.640689 -0.191795 -0.729351 -10.211144 -0.839261 -2.691337 13.275826 -0.508812 -5.903962 21.136776 21.140726 1.229572 -2.307397 -0.870278 -12.910302 -33.136475 1.172159 -17.353188 6e-06 -0.0 0.0 -0.045123 -0.040487 0.133941 0.045288 -0.027927 0.113765 -0.016678 -0.046052 0.133646 -94.740929 -79.336327 114.229782 25.347914 -72.508095 -24.089769 133.935791 -3.313147 0.079937 13.185213 -1.797174 23.029295 17.636635 -26.322748 52.411205 -19.466658 -14.395597 29.410393 -0.0 -8.774824 -2e-06 14.955337 -17.729214 6.425098 -0.609779 -1.795652 -3.889329 -4.807086 -11.046812 -2.93785 4e-06 -20.976015 3e-06 -5.019974 -25.033554 -4.031876 7e-06 -1e-06 1e-06 -10.634535 -5.686969 -3.565588 10.573271 -17.922951 -3.113897 0.0 -13.821213 1e-06 -0.501782 -31.181501 -4.027014 -11.706456 -57.940037 7.663424 -13.982718 -7.150196 -2.875042 13.772733 -8.401497 -3.218241 0.347732 -34.211555 0.771656 -0.963031 -17.73337 2.621025 -0.0 -1e-06 -1e-06 -17.346422 -20.095221 -4.20178 21.757561 -1.638376 3.866428 -0.0 -6.338824 2e-06 -1.69759 -22.591745 -6.194005 1e-06 -3e-06 -2e-06 64.90834 -70.649002 140.114532 -18.548212 -46.079624 66.946907 44.557217 -2.194499 0.034423 18.054646 -25.914618 33.835148 22.182121 -20.37591 49.933327 -16.701817 -16.74353 28.476532 -4e-06 -12.690607 1e-06 17.569712 -17.089363 2.222735 -0.105919 -1.513859 -4.275882 -5.039042 -5.61287 -2.953558 3e-06 -11.020525 0.0 -6.111297 -15.895334 -3.840472 -0.0 -0.0 1e-06 -10.283372 -5.680291 -4.341841 11.028296 -11.302403 -2.372629 -1.384271 -14.238585 -6.32012 -0.62544 -26.924194 -3.827599 -3.700261 -46.768433 -3.828949 -13.708529 -7.363474 -3.720938 18.141155 -14.052742 -3.242675 6e-06 -18.787271 0.0 -0.429715 -8.456047 2.555505 1e-06 0.0 -2e-06 -15.923538 -20.094482 -5.473583 30.419222 -7.190828 1.735929 5e-06 -8.162928 -2e-06 -1.861903 -22.861473 -6.167941 1e-06 -2e-06 -1e-06 -177.826355 -5.907736 0.431395 12.605077 -0.11394 0.05445 -84.834328 -2.185185 -6.004541 -5.388053 1.567093 2.193975 -0.999999 0.0 0.0 -9.132298 -0.162579 -2.428576 28.357014 -0.145448 0.068494 -81.118347 1.117995 -2.561126 -8.087444 0.918786 1.719033 -1.000002 -0.0 -0.0 
0.0 0.0 0.0 0.0 -0.0 0.0 4.040418 99.549515 2.513271 88.467934 -2.52979 81.1091 2.791694 -0.158331 -0.847813 -10.170333 -0.873281 -3.117448 13.358663 -0.186298 -6.300539 20.618553 22.815367 0.977234 -2.275839 -0.894675 -14.290366 -33.894611 0.590087 -18.701323 6e-06 0.0 -1e-06 -0.053352 -0.051848 0.103415 0.0526 -0.040566 0.07817 0.010143 -0.05816 0.106027 -89.673592 -80.154778 109.41153 22.508549 -74.078476 -23.352201 133.183701 -2.938081 -0.114619 12.761436 -0.685871 23.265694 17.636635 -26.322729 52.411186 -19.466665 -14.395596 29.410389 -1e-06 -8.774822 -5e-06 15.110484 -17.65214 6.355627 -0.609776 -1.795653 -3.889328 -4.807087 -11.046811 -2.93785 8e-06 -20.976019 -2e-06 -5.019968 -25.033556 -4.031882 5e-06 -0.0 -0.0 -10.634533 -5.686971 -3.565589 10.573272 -17.922951 -3.113902 2e-06 -13.821209 -2e-06 -0.501778 -31.181505 -4.027012 -11.643763 -58.088764 7.646837 -13.982714 -7.150197 -2.875043 13.772731 -8.401495 -3.218243 0.347737 -34.211555 0.771653 -0.963029 -17.73337 2.62102 1e-06 0.0 0.0 -17.346416 -20.095217 -4.201783 21.757559 -1.638376 3.866428 1e-06 -6.338825 1e-06 -1.697585 -22.591745 -6.194008 1e-06 -4e-06 -1e-06 64.048439 -70.959953 140.524124 -20.331984 -45.709587 65.682175 40.45787 -1.648149 -0.037235 16.47526 -26.437109 31.402775 22.182125 -20.375898 49.933327 -16.701815 -16.743528 28.476536 -1e-06 -12.690603 -4e-06 17.637363 -17.457289 1.950564 -0.105918 -1.513857 -4.275884 -5.03904 -5.612875 -2.953558 2e-06 -11.020525 -1e-06 -6.111296 -15.895338 -3.840474 -1e-06 0.0 0.0 -10.283372 -5.680292 -4.341843 11.028294 -11.302407 -2.372633 -1.38427 -14.238584 -6.320124 -0.625439 -26.924196 -3.827604 -3.604795 -46.584686 -4.215038 -13.708526 -7.363478 -3.720944 18.141151 -14.052743 -3.242673 5e-06 -18.787271 -1e-06 -0.429712 -8.456045 2.555505 -0.0 -0.0 0.0 -15.923536 -20.094492 -5.47359 30.419222 -7.190827 1.735928 3e-06 -8.162929 -1e-06 -1.861903 -22.861479 -6.167943 0.0 -3e-06 -1e-06 -177.770081 -5.534163 -1.251831 12.478166 -0.101337 0.064852 -84.756828 -2.963279 -6.302389 -5.312819 1.579926 2.198554 -0.999999 0.0 -0.0 -10.084155 -0.194754 -0.915404 28.560036 -0.153181 0.070784 -81.163353 1.97119 -2.100056 -7.919278 0.897105 1.71211 -1.000001 -0.0 0.0 
0.0 0.0 0.0 0.0 -0.0 0.0 4.15732 99.544365 2.374867 88.711159 -2.95972 78.862839 2.946342 -0.139815 -0.948264 -10.138434 -0.895591 -3.47519 13.486674 0.074679 -6.64269 19.895296 24.921822 0.670915 -2.238699 -0.946542 -15.886569 -34.980576 0.010442 -20.612591 6e-06 -1e-06 -0.0 -0.044358 -0.061156 0.101779 0.048672 -0.060965 0.074161 0.033213 -0.058801 0.10538 -84.116379 -80.883263 104.005608 19.509747 -75.339577 -21.990942 132.534607 -2.588714 -0.261673 12.325547 0.119625 23.298374 17.636633 -26.322725 52.411194 -19.466656 -14.395597 29.410389 1e-06 -8.774822 -6e-06 15.309953 -17.610525 6.252823 -0.609777 -1.795655 -3.889327 -4.80709 -11.046809 -2.937852 1e-06 -20.976015 -3e-06 -5.019973 -25.033554 -4.031883 6e-06 -1e-06 0.0 -10.634538 -5.686974 -3.565588 10.573272 -17.922947 -3.1139 1e-06 -13.821209 -2e-06 -0.501778 -31.181501 -4.027019 -11.574969 -58.338444 7.599935 -13.982719 -7.1502 -2.875042 13.77273 -8.401489 -3.21824 0.347729 -34.211544 0.771651 -0.963029 -17.73337 2.621021 -0.0 -1e-06 -1e-06 -17.346426 -20.095219 -4.201783 21.757561 -1.638373 3.866431 1e-06 -6.338825 1e-06 -1.697592 -22.591743 -6.19401 -1e-06 -4e-06 -2e-06 63.41132 -71.479263 140.624084 -21.215597 -45.059483 63.757652 37.501625 -1.001883 -0.212084 14.578965 -26.472008 29.49984 22.182121 -20.375893 49.933311 -16.701811 -16.743525 28.476528 -2e-06 -12.690599 -2e-06 17.472445 -17.877926 1.923025 -0.105919 -1.513854 -4.27588 -5.039042 -5.612869 -2.953558 7e-06 -11.020523 -3e-06 -6.111298 -15.895334 -3.84047 -0.0 2e-06 -1e-06 -10.28337 -5.680284 -4.341839 11.028294 -11.302406 -2.372634 -1.384269 -14.238579 -6.32012 -0.625439 -26.924187 -3.827602 -3.6348 -46.851139 -4.487035 -13.708521 -7.363477 -3.720941 18.141148 -14.052739 -3.242673 6e-06 -18.787266 -1e-06 -0.429711 -8.456042 2.555503 -0.0 0.0 0.0 -15.923532 -20.094482 -5.473585 30.419207 -7.190826 1.73593 2e-06 -8.162924 -1e-06 -1.861902 -22.861467 -6.167942 -1e-06 -3e-06 -1e-06 -177.919128 -5.211938 -2.821401 12.489326 -0.083864 0.075099 -84.784683 -3.461926 -6.613381 -5.29495 1.60351 2.200456 -1.0 0.0 0.0 -11.055572 -0.208638 0.32964 28.754993 -0.15421 0.079381 -81.068977 2.76179 -1.688307 -7.755113 0.867063 1.701908 -1.000001 -0.0 0.0 
0.0 0.0 0.0 0.0 -0.0 0.0 4.287353 99.536369 2.216255 88.93042 -3.356636 76.968513 3.099563 -0.122899 -1.031252 -10.100699 -0.888031 -3.728378 13.631027 0.267723 -6.897982 19.052809 26.94787 0.301629 -2.201663 -0.942718 -17.340099 -36.228729 -0.546488 -22.640085 6e-06 -0.0 -0.0 -0.031739 -0.063927 0.122321 0.030022 -0.085411 0.09235 0.031288 -0.04157 0.128213 -78.550827 -81.428131 98.566971 16.926523 -76.275818 -20.629734 132.0578 -2.391407 -0.332911 11.997738 0.608177 23.361851 17.636629 -26.322737 52.411205 -19.466656 -14.395596 29.410395 -0.0 -8.774821 -3e-06 15.51508 -17.608385 6.129955 -0.609775 -1.795654 -3.889327 -4.807086 -11.046808 -2.937851 5e-06 -20.976015 0.0 -5.01997 -25.033548 -4.031876 8e-06 1e-06 1e-06 -10.634531 -5.686969 -3.565589 10.573272 -17.922951 -3.1139 3e-06 -13.821206 2e-06 -0.501777 -31.181505 -4.027012 -11.500704 -58.570457 7.502721 -13.982713 -7.150195 -2.875042 13.772731 -8.401492 -3.218245 0.347734 -34.211555 0.771658 -0.963028 -17.73337 2.621023 0.0 -1e-06 -0.0 -17.346413 -20.095213 -4.201785 21.757555 -1.638377 3.866427 3e-06 -6.338826 1e-06 -1.697587 -22.591742 -6.194004 1e-06 -4e-06 -3e-06 63.180515 -72.058205 140.362137 -21.387959 -44.468719 61.780613 35.97488 -0.439518 -0.373233 12.981059 -26.447887 27.946569 22.182119 -20.375895 49.933319 -16.701807 -16.743528 28.476524 -3e-06 -12.690598 -3e-06 17.269831 -18.18136 2.065258 -0.10592 -1.513855 -4.27588 -5.039041 -5.61287 -2.953557 4e-06 -11.020525 -2e-06 -6.111295 -15.89533 -3.840471 -0.0 -0.0 -0.0 -10.283371 -5.680286 -4.341838 11.028294 -11.302404 -2.372632 -1.384269 -14.238579 -6.32012 -0.625436 -26.924187 -3.827598 -3.715852 -47.315643 -4.596616 -13.708525 -7.363472 -3.720938 18.141146 -14.052739 -3.242672 6e-06 -18.787264 -1e-06 -0.429711 -8.456043 2.555504 1e-06 -0.0 -0.0 -15.923532 -20.094477 -5.473587 30.41921 -7.190828 1.735927 3e-06 -8.162922 -0.0 -1.861902 -22.861464 -6.16794 -0.0 -3e-06 -1e-06 -178.192078 -4.955211 -4.194097 12.609708 -0.062722 0.082059 -84.882248 -3.753605 -6.849057 -5.339187 1.624884 2.199539 -0.999999 -0.0 -0.0 -11.951077 -0.216165 1.252914 28.905357 -0.151479 0.110079 -80.993484 3.511323 -1.347914 -7.645133 0.850243 1.694543 -1.000003 1e-06 0.0 
0.0 0.0 0.0 0.0 -0.0 0.0 4.414136 99.538269 2.056256 89.122017 -3.69571 75.462761 3.257125 -0.087372 -1.108077 -10.055082 -0.851326 -3.890722 13.752862 0.401984 -7.070391 18.183977 28.578405 -0.078851 -2.155435 -0.889981 -18.521782 -37.458118 -1.101785 -24.465313 6e-06 -0.0 -0.0 -0.023497 -0.059942 0.138433 -0.001559 -0.108774 0.105288 -0.000167 -0.010796 0.148376 -73.218071 -81.80854 93.351021 14.947342 -76.928253 -19.485149 131.697891 -2.316126 -0.383968 11.811084 0.758848 23.602036 17.636627 -26.322739 52.411201 -19.466665 -14.3956 29.410395 -1e-06 -8.774822 -2e-06 15.641479 -17.596287 6.027929 -0.609777 -1.795654 -3.889329 -4.807089 -11.046813 -2.937849 4e-06 -20.976021 0.0 -5.01997 -25.03356 -4.031878 7e-06 2e-06 -1e-06 -10.634535 -5.686971 -3.565588 10.573275 -17.922955 -3.113903 3e-06 -13.821211 1e-06 -0.501776 -31.181511 -4.027015 -11.44317 -58.666092 7.416506 -13.982715 -7.150195 -2.875042 13.772731 -8.401497 -3.218242 0.347737 -34.211555 0.771655 -0.963028 -17.733372 2.621022 -0.0 -1e-06 -2e-06 -17.346413 -20.095217 -4.20178 21.757557 -1.638377 3.866426 1e-06 -6.338823 0.0 -1.697586 -22.591749 -6.194008 -0.0 -3e-06 -3e-06 63.408157 -72.63694 139.706665 -21.174536 -44.180523 60.19458 35.495884 -0.051401 -0.42961 11.998346 -26.335958 26.55541 22.182117 -20.375898 49.933323 -16.701817 -16.74353 28.476534 -3e-06 -12.6906 0.0 17.139059 -18.423494 2.250898 -0.105921 -1.513858 -4.275883 -5.039041 -5.61287 -2.953555 4e-06 -11.020525 -2e-06 -6.111298 -15.895334 -3.84047 -0.0 -0.0 0.0 -10.283372 -5.680287 -4.341838 11.028296 -11.302407 -2.372632 -1.384269 -14.238581 -6.320122 -0.625439 -26.924191 -3.827601 -3.847968 -47.828362 -4.569024 -13.708527 -7.363479 -3.720938 18.141151 -14.052739 -3.242675 6e-06 -18.78727 -3e-06 -0.429712 -8.456045 2.555503 1e-06 -0.0 0.0 -15.923536 -20.094482 -5.473585 30.419218 -7.190827 1.735923 1e-06 -8.162924 -1e-06 -1.861902 -22.861473 -6.167943 0.0 -3e-06 -1e-06 -178.514603 -4.75521 -5.295365 12.779351 -0.046557 0.091764 -84.958633 -3.934883 -6.976536 -5.423734 1.63139 2.191394 -0.999999 -0.0 0.0 -12.720436 -0.231233 1.856932 28.998466 -0.147483 0.148492 -80.865601 4.213561 -1.069034 -7.548851 0.84598 1.690152 -1.000002 -0.0 0.0 
0.0 0.0 0.0 0.0 -0.0 0.0 4.533482 99.538322 1.88673 89.299904 -3.977286 74.288124 3.42115 -0.036365 -1.180639 -10.008839 -0.806522 -3.98908 13.851097 0.4842 -7.186648 17.331224 29.80488 -0.372874 -2.100912 -0.873338 -19.541227 -38.577808 -1.674371 -26.112972 6e-06 -1e-06 0.0 -0.020285 -0.053161 0.150478 -0.051818 -0.12205 0.113303 -0.062797 0.016289 0.165438 -68.387863 -82.061501 88.580215 13.373411 -77.329987 -18.339163 131.480347 -2.231741 -0.439349 11.794502 0.63253 23.70293 17.636616 -26.322723 52.411194 -19.466658 -14.395594 29.410381 -1e-06 -8.774819 -1e-06 15.668198 -17.580502 5.986172 -0.609776 -1.795653 -3.889326 -4.807085 -11.046807 -2.937852 5e-06 -20.976015 -0.0 -5.019966 -25.033548 -4.031879 5e-06 1e-06 -2e-06 -10.634529 -5.686967 -3.565588 10.573269 -17.922947 -3.113903 3e-06 -13.821203 0.0 -0.501775 -31.181498 -4.027015 -11.424305 -58.634014 7.392152 -13.982711 -7.150195 -2.875043 13.772724 -8.40149 -3.218241 0.347735 -34.211536 0.771655 -0.963026 -17.733366 2.621019 -0.0 -1e-06 -2e-06 -17.346413 -20.095211 -4.201782 21.757555 -1.638375 3.866428 1e-06 -6.338822 -1e-06 -1.697588 -22.591738 -6.194006 -0.0 -4e-06 -2e-06 63.905853 -73.191719 138.821823 -20.739679 -44.229366 59.083164 35.625576 0.184358 -0.368879 11.571968 -26.105467 25.501303 22.182114 -20.375891 49.933308 -16.701809 -16.743526 28.476519 -2e-06 -12.690594 0.0 17.148712 -18.653824 2.409015 -0.105919 -1.513855 -4.27588 -5.039039 -5.61287 -2.953554 5e-06 -11.020524 -2e-06 -6.111295 -15.89533 -3.84047 1e-06 -1e-06 1e-06 -10.283367 -5.680285 -4.341836 11.028292 -11.302401 -2.372633 -1.384267 -14.238576 -6.32012 -0.625441 -26.924183 -3.827598 -3.994947 -48.269951 -4.487755 -13.708521 -7.36347 -3.72094 18.141146 -14.052738 -3.242674 7e-06 -18.787266 0.0 -0.429711 -8.456041 2.555504 1e-06 0.0 -0.0 -15.923531 -20.094475 -5.473582 30.41921 -7.19083 1.735923 2e-06 -8.162921 -1e-06 -1.861902 -22.861464 -6.167938 0.0 -3e-06 -1e-06 -178.882828 -4.592096 -6.170356 13.011042 -0.034625 0.09465 -85.046371 -4.052351 -7.018299 -5.427517 1.609413 2.176582 -0.999999 0.0 0.0 -13.397926 -0.258549 2.228429 29.103849 -0.146567 0.174488 -80.742294 4.863354 -0.87377 -7.386487 0.839036 1.686724 -1.000001 0.0 -0.0 
0.0 0.0 0.0 0.0 -0.0 0.0 4.6221 99.524841 1.708921 89.468178 -4.170514 73.43573 3.595023 0.001167 -1.246724 -9.950281 -0.7741 -4.047641 13.933443 0.52891 -7.253859 16.509954 30.670935 -0.559695 -2.051279 -0.906609 -20.412233 -39.583813 -2.294244 -27.596001 6e-06 -1e-06 0.0 -0.022633 -0.046536 0.163197 -0.11854 -0.126007 0.122228 -0.145572 0.034007 0.183128 -64.61422 -82.241295 84.815964 12.417272 -77.513123 -17.510227 131.349426 -2.120444 -0.51069 11.824685 0.42189 23.771807 17.636627 -26.322725 52.411186 -19.466665 -14.395598 29.410393 -0.0 -8.774822 -1e-06 15.65148 -17.575094 5.980132 -0.609775 -1.795654 -3.889328 -4.807087 -11.046809 -2.937851 6e-06 -20.976015 -2e-06 -5.019968 -25.033548 -4.031878 5e-06 0.0 -2e-06 -10.634533 -5.686968 -3.565587 10.573276 -17.922953 -3.113904 4e-06 -13.821208 -1e-06 -0.501773 -31.181507 -4.027017 -11.420057 -58.559113 7.408195 -13.982713 -7.150196 -2.875043 13.772731 -8.401493 -3.218243 0.34774 -34.211555 0.77165 -0.963025 -17.73337 2.62102 -0.0 -0.0 -1e-06 -17.346415 -20.095213 -4.201785 21.757557 -1.63838 3.866427 2e-06 -6.338822 -3e-06 -1.697586 -22.591745 -6.194007 2e-06 -4e-06 -3e-06 64.364258 -73.666565 137.996765 -20.208389 -44.528198 58.235233 36.150566 0.258279 -0.306335 11.420092 -25.638834 24.991898 22.182114 -20.375898 49.933327 -16.701818 -16.74353 28.476536 -4e-06 -12.690599 -1e-06 17.22571 -18.840445 2.521641 -0.10592 -1.513856 -4.275883 -5.039041 -5.612872 -2.953556 5e-06 -11.020527 -3e-06 -6.111297 -15.895334 -3.840473 -1e-06 0.0 -0.0 -10.283369 -5.680288 -4.341839 11.028293 -11.302402 -2.372634 -1.384269 -14.238583 -6.320122 -0.625435 -26.924191 -3.827603 -4.091061 -48.55867 -4.432738 -13.708524 -7.363476 -3.72094 18.141153 -14.052739 -3.242678 7e-06 -18.78727 -2e-06 -0.429712 -8.456044 2.555504 -0.0 0.0 0.0 -15.923534 -20.094484 -5.473585 30.419218 -7.190824 1.735923 3e-06 -8.162925 -1e-06 -1.861904 -22.861469 -6.167942 0.0 -3e-06 -0.0 -179.263641 -4.460811 -6.840842 13.32679 -0.02807 0.096531 -85.168556 -4.126145 -7.058363 -5.35459 1.575554 2.162761 -0.999999 -0.0 -0.0 -13.931347 -0.302763 2.457564 29.192301 -0.148585 0.184413 -80.712631 5.379403 -0.760493 -7.150518 0.829619 1.687129 -1.000001 -0.0 0.0 
0.0 0.0 0.0 0.0 -0.0 0.0 4.677254 99.506775 1.533044 89.635704 -4.298802 72.859795 3.736931 0.014824 -1.284186 -9.889067 -0.760404 -4.091433 14.012641 0.542292 -7.284936 15.761283 31.253731 -0.677316 -2.012899 -0.99057 -21.101505 -40.467712 -2.921093 -28.79635 6e-06 1e-06 -0.0 -0.026186 -0.044064 0.182591 -0.174687 -0.12986 0.140757 -0.215639 0.04315 0.204739 -62.287201 -82.420547 82.446678 12.362201 -77.536354 -17.47613 131.164749 -2.004289 -0.581626 11.848412 0.305827 23.818508 17.636616 -26.322721 52.411182 -19.466663 -14.395594 29.410389 -0.0 -8.774819 -1e-06 15.635364 -17.56074 5.970023 -0.609774 -1.795655 -3.889326 -4.807086 -11.046808 -2.93785 6e-06 -20.976015 -4e-06 -5.019968 -25.033552 -4.03188 6e-06 -0.0 1e-06 -10.634531 -5.686971 -3.565585 10.573275 -17.922951 -3.113902 3e-06 -13.821203 -0.0 -0.501776 -31.181498 -4.027014 -11.423258 -58.494396 7.422654 -13.982706 -7.150196 -2.87504 13.772726 -8.40149 -3.218242 0.347734 -34.211544 0.771652 -0.963028 -17.733368 2.621021 1e-06 -0.0 -1e-06 -17.346409 -20.095213 -4.201782 21.757553 -1.638375 3.866426 1e-06 -6.338821 -1e-06 -1.697589 -22.591742 -6.194005 1e-06 -4e-06 -3e-06 64.562485 -74.005898 137.47879 -19.596571 -44.910488 57.346294 36.916378 0.26406 -0.298872 11.349162 -24.792303 24.691572 22.182121 -20.375895 49.933319 -16.701809 -16.743528 28.476528 -1e-06 -12.6906 -2e-06 17.253153 -18.918236 2.594412 -0.10592 -1.513855 -4.275882 -5.03904 -5.612871 -2.953556 4e-06 -11.020521 -3e-06 -6.111297 -15.895336 -3.84047 0.0 1e-06 1e-06 -10.283371 -5.680286 -4.34184 11.028296 -11.302406 -2.372633 -1.384268 -14.238583 -6.320121 -0.62544 -26.924191 -3.827601 -4.143917 -48.696266 -4.394591 -13.708526 -7.363476 -3.720942 18.14115 -14.052741 -3.242674 7e-06 -18.78727 -2e-06 -0.42971 -8.456044 2.555504 -0.0 0.0 0.0 -15.923536 -20.094482 -5.473586 30.41921 -7.190826 1.735927 3e-06 -8.162927 -1e-06 -1.861903 -22.861471 -6.167942 0.0 -4e-06 -1e-06 -179.625534 -4.350038 -7.339426 13.647548 -0.020799 0.090903 -85.272629 -4.136667 -7.134744 -5.317729 1.548559 2.151205 -0.999999 -0.0 0.0 -14.374027 -0.45876 2.579116 29.199253 -0.152941 0.199579 -80.726028 5.76408 -0.791085 -6.886005 0.824895 1.691821 -1.000002 0.0 0.0 
0.0 0.0 0.0 0.0 -0.0 0.0 4.709861 99.497261 1.355898 89.793266 -4.391287 72.482201 3.84957 0.024346 -1.288516 -9.829776 -0.760983 -4.123143 14.1054 0.534186 -7.313605 15.041292 31.602921 -0.718351 -1.983972 -1.053751 -21.677977 -41.281898 -3.552423 -29.737377 6e-06 0.0 -0.0 -0.026389 -0.041767 0.199837 -0.211014 -0.133113 0.158546 -0.264489 0.051207 0.222704 -61.078285 -82.619026 81.130875 13.138755 -77.46257 -18.157568 130.88092 -1.823839 -0.663701 11.797668 0.192344 23.916136 17.636641 -26.322748 52.411205 -19.46666 -14.3956 29.410393 1e-06 -8.774822 -4e-06 15.641529 -17.553656 5.951647 -0.609776 -1.795655 -3.889326 -4.807091 -11.046812 -2.937851 4e-06 -20.976025 1e-06 -5.019974 -25.033566 -4.031878 6e-06 -1e-06 -1e-06 -10.634537 -5.68697 -3.565588 10.573274 -17.922955 -3.113899 2e-06 -13.821211 2e-06 -0.50178 -31.181511 -4.027011 -11.436363 -58.487137 7.464259 -13.982716 -7.150197 -2.875041 13.772731 -8.401496 -3.218241 0.347729 -34.211559 0.771659 -0.963031 -17.733376 2.621022 -0.0 0.0 -0.0 -17.346424 -20.095224 -4.201779 21.757561 -1.638376 3.866428 -0.0 -6.338825 1e-06 -1.697593 -22.591751 -6.194006 1e-06 -4e-06 -2e-06 64.585068 -74.285408 137.17955 -18.805382 -45.381401 56.199997 37.793179 0.238937 -0.315493 11.410172 -23.532877 24.252884 22.182116 -20.375895 49.933319 -16.701809 -16.743528 28.476526 -2e-06 -12.690599 0.0 17.246935 -18.90871 2.619361 -0.105919 -1.513857 -4.27588 -5.039039 -5.612872 -2.953555 3e-06 -11.020523 -2e-06 -6.111298 -15.895336 -3.840471 0.0 -1e-06 -0.0 -10.283369 -5.680286 -4.341837 11.028292 -11.302406 -2.372632 -1.384269 -14.238579 -6.320121 -0.625441 -26.924187 -3.827601 -4.142469 -48.766621 -4.406228 -13.708523 -7.363474 -3.72094 18.141146 -14.052739 -3.242674 7e-06 -18.78727 -2e-06 -0.429712 -8.456043 2.555503 -1e-06 -0.0 -0.0 -15.923536 -20.094482 -5.473584 30.41921 -7.190827 1.735924 2e-06 -8.162925 -1e-06 -1.861903 -22.861471 -6.167941 -1e-06 -3e-06 -1e-06 -179.973724 -4.264015 -7.720016 13.952931 -0.013564 0.08077 -85.318031 -4.091004 -7.213645 -5.336572 1.534876 2.143124 -0.999999 -0.0 -0.0 -14.696378 -0.571042 2.567852 29.190081 -0.154632 0.213797 -80.759506 6.023507 -0.765079 -6.707288 0.818559 1.694862 -1.000003 -0.0 -0.0 
0.0 0.0 0.0 0.0 -0.0 0.0 4.724493 99.486038 1.17814 89.933044 -4.473609 72.293251 3.954975 0.036368 -1.284716 -9.763571 -0.76634 -4.140331 14.167761 0.511789 -7.338084 14.351573 31.765619 -0.707798 -1.966685 -1.062068 -22.17267 -42.061653 -4.201758 -30.463375 6e-06 -0.0 1e-06 -0.025762 -0.038991 0.20503 -0.229431 -0.137327 0.164834 -0.293924 0.060999 0.228037 -60.619671 -82.836914 80.562721 14.904415 -77.340073 -19.781389 130.512878 -1.602985 -0.71538 11.641562 0.043279 24.107101 17.636641 -26.322733 52.411205 -19.466663 -14.395597 29.410395 1e-06 -8.774822 -3e-06 15.674598 -17.536299 5.929922 -0.609775 -1.795654 -3.88933 -4.807089 -11.04681 -2.937851 5e-06 -20.976021 -1e-06 -5.019969 -25.03356 -4.031883 6e-06 -1e-06 0.0 -10.634537 -5.686972 -3.56559 10.573277 -17.922955 -3.113902 3e-06 -13.821206 -1e-06 -0.501776 -31.181505 -4.027017 -11.46789 -58.534168 7.533864 -13.982715 -7.1502 -2.875046 13.772731 -8.401497 -3.218243 0.347734 -34.211555 0.771656 -0.963028 -17.73337 2.621022 -0.0 -1e-06 -1e-06 -17.346422 -20.095221 -4.201785 21.757566 -1.638377 3.86643 1e-06 -6.338825 -0.0 -1.697588 -22.591751 -6.19401 1e-06 -4e-06 -2e-06 64.590828 -74.557564 136.871918 -17.862047 -45.887611 54.769535 38.85553 0.155826 -0.360884 11.529604 -21.842506 23.865458 22.182117 -20.375898 49.933331 -16.701811 -16.74353 28.476536 -1e-06 -12.690601 -1e-06 17.190786 -18.818138 2.619862 -0.105921 -1.513854 -4.275883 -5.039041 -5.612874 -2.953557 6e-06 -11.020525 -2e-06 -6.111297 -15.895334 -3.840471 0.0 -1e-06 -0.0 -10.283373 -5.680288 -4.341839 11.028294 -11.302404 -2.372633 -1.384267 -14.238585 -6.320123 -0.625439 -26.924189 -3.827603 -4.111566 -48.776722 -4.417922 -13.708526 -7.363477 -3.72094 18.141153 -14.052739 -3.242677 5e-06 -18.78727 -3e-06 -0.429713 -8.456043 2.555505 0.0 0.0 -0.0 -15.923539 -20.094486 -5.473588 30.419222 -7.190827 1.735926 2e-06 -8.162928 -0.0 -1.861904 -22.861473 -6.167942 0.0 -3e-06 -1e-06 179.653015 -4.214744 -7.9847 14.278518 -0.005168 0.065787 -85.370132 -3.975351 -7.235254 -5.37953 1.53054 2.137198 -0.999998 0.0 0.0 -14.966946 -0.689296 2.445544 29.165987 -0.154268 0.233508 -80.818573 6.224615 -0.715035 -6.591305 0.811868 1.697523 -1.000001 1e-06 -0.0 
0.0 0.0 0.0 0.0 -0.0 0.0 4.726124 99.465637 1.00167 90.072296 -4.540273 72.242088 4.051032 0.031457 -1.268605 -9.697732 -0.776749 -4.14844 14.201454 0.462383 -7.354265 13.723173 31.848763 -0.655112 -1.96136 -1.06959 -22.594553 -42.833725 -4.864088 -31.0308 6e-06 0.0 1e-06 -0.021203 -0.036805 0.195115 -0.23534 -0.140486 0.155408 -0.307054 0.068113 0.218799 -60.920113 -83.070572 80.725975 17.194246 -77.149094 -21.931496 130.141068 -1.380834 -0.713895 11.389501 -0.12051 24.267448 17.636637 -26.322741 52.411213 -19.466658 -14.395602 29.410395 -0.0 -8.774824 -2e-06 15.701862 -17.513313 5.927523 -0.609776 -1.795654 -3.88933 -4.80709 -11.046813 -2.93785 3e-06 -20.976021 -0.0 -5.019973 -25.033562 -4.031882 6e-06 -1e-06 0.0 -10.634538 -5.686971 -3.565588 10.573278 -17.922955 -3.113901 3e-06 -13.821209 1e-06 -0.50178 -31.181507 -4.027012 -11.495287 -58.605488 7.612078 -13.982719 -7.150199 -2.875043 13.772733 -8.401492 -3.218246 0.34773 -34.211555 0.77166 -0.963031 -17.733372 2.621024 -0.0 -0.0 -1e-06 -17.346424 -20.095221 -4.201783 21.757566 -1.638377 3.866428 -0.0 -6.338823 -0.0 -1.697592 -22.591749 -6.194007 1e-06 -5e-06 -4e-06 64.605141 -74.81749 136.523468 -16.760637 -46.322666 53.110584 40.14283 0.057494 -0.392699 11.607931 -19.875908 23.866549 22.182112 -20.375887 49.933308 -16.701809 -16.743528 28.476519 4e-06 -12.6906 -3e-06 17.190964 -18.7346 2.576467 -0.10592 -1.513855 -4.27588 -5.039041 -5.612872 -2.953555 3e-06 -11.020517 -2e-06 -6.1113 -15.89533 -3.84047 -1e-06 1e-06 -0.0 -10.28337 -5.680289 -4.341838 11.028293 -11.3024 -2.372634 -1.384272 -14.238575 -6.320122 -0.62544 -26.924175 -3.827603 -4.074159 -48.808804 -4.438322 -13.708524 -7.363475 -3.720938 18.141146 -14.052732 -3.242672 6e-06 -18.787264 -3e-06 -0.429715 -8.456039 2.555503 1e-06 -0.0 -1e-06 -15.923536 -20.094482 -5.473584 30.41921 -7.190822 1.735926 3e-06 -8.162925 -1e-06 -1.861906 -22.861462 -6.167941 0.0 -2e-06 -1e-06 179.280334 -4.171305 -8.149349 14.592779 0.004588 0.04484 -85.445213 -3.823916 -7.206799 -5.403662 1.534658 2.134851 -0.999999 -0.0 -0.0 -15.191591 -0.812871 2.30222 29.12891 -0.156384 0.258933 -80.948669 6.315135 -0.665098 -6.448595 0.799201 1.699459 -1.000002 -0.0 0.0 
0.0 0.0 0.0 0.0 -0.0 0.0 4.721696 99.446312 0.826223 90.202881 -4.609931 72.333145 4.12644 0.016924 -1.242878 -9.646414 -0.782881 -4.137272 14.224169 0.40059 -7.359929 13.101613 31.881985 -0.638035 -1.957708 -1.141722 -22.872763 -43.542637 -5.524153 -31.475821 6e-06 0.0 1e-06 -0.017975 -0.03445 0.196921 -0.233731 -0.140763 0.154927 -0.310293 0.072545 0.223979 -61.55954 -83.333527 81.220901 19.893545 -76.910072 -24.504616 129.80658 -1.200749 -0.682157 11.058454 -0.290238 24.47748 17.636633 -26.322727 52.411201 -19.466663 -14.395596 29.410389 1e-06 -8.774822 -2e-06 15.709364 -17.461184 5.921968 -0.609777 -1.795658 -3.889328 -4.807088 -11.046811 -2.937851 4e-06 -20.976015 0.0 -5.019969 -25.03356 -4.031882 4e-06 -0.0 0.0 -10.634536 -5.68697 -3.565588 10.573275 -17.922955 -3.113903 2e-06 -13.821205 -1e-06 -0.501776 -31.181501 -4.027017 -11.474996 -58.620026 7.652057 -13.982716 -7.150198 -2.875042 13.772731 -8.40149 -3.218243 0.347734 -34.211544 0.771652 -0.963026 -17.733368 2.62102 -0.0 -0.0 -2e-06 -17.346422 -20.095217 -4.201784 21.757563 -1.638378 3.866429 1e-06 -6.338821 -0.0 -1.697589 -22.591742 -6.194006 1e-06 -4e-06 -3e-06 64.73037 -75.05117 136.013336 -15.521777 -46.635723 51.215691 41.743832 -0.000215 -0.400177 11.64561 -17.666424 24.022999 22.18211 -20.375895 49.933308 -16.701807 -16.74353 28.476528 -3e-06 -12.690601 -1e-06 17.199953 -18.620268 2.527098 -0.105919 -1.513856 -4.275881 -5.039039 -5.612872 -2.953557 5e-06 -11.020521 -2e-06 -6.111298 -15.89533 -3.840469 -2e-06 -1e-06 1e-06 -10.283367 -5.680287 -4.341838 11.028293 -11.302404 -2.372633 -1.384268 -14.238577 -6.32012 -0.625439 -26.924183 -3.8276 -4.05875 -48.867378 -4.439257 -13.708521 -7.363476 -3.720937 18.141146 -14.052734 -3.242675 6e-06 -18.78727 -0.0 -0.429714 -8.456039 2.555503 0.0 -0.0 0.0 -15.923531 -20.094481 -5.473582 30.419205 -7.190823 1.735923 3e-06 -8.162924 -0.0 -1.861902 -22.861467 -6.167939 0.0 -3e-06 -1e-06 178.887939 -4.140182 -8.20492 14.897657 0.01479 0.018229 -85.511612 -3.642968 -7.15928 -5.411741 1.544645 2.13451 -1.0 -1e-06 0.0 -15.358592 -0.933275 2.150806 29.019455 -0.155786 0.276227 -81.114723 6.285078 -0.654801 -6.269643 0.780576 1.700513 -1.000001 -0.0 0.0 
0.0 0.0 0.0 0.0 -0.0 0.0 4.708357 99.438187 0.652078 90.290611 -4.697586 72.541992 4.186583 0.013612 -1.218494 -9.614425 -0.765664 -4.103674 14.234525 0.345196 -7.341715 12.498471 31.865244 -0.642952 -1.953744 -1.264988 -23.021393 -44.187939 -6.160516 -31.768208 6e-06 -0.0 0.0 -0.013324 -0.03044 0.214731 -0.21573 -0.139798 0.167851 -0.296539 0.07909 0.247781 -62.576622 -83.612968 82.126663 22.613573 -76.58934 -27.117825 129.558411 -1.095098 -0.674984 10.62639 -0.462537 24.954813 17.636633 -26.322737 52.411194 -19.466665 -14.395598 29.410389 1e-06 -8.774821 -2e-06 15.715533 -17.397936 5.890034 -0.609775 -1.795653 -3.889328 -4.807087 -11.04681 -2.93785 6e-06 -20.976019 1e-06 -5.019969 -25.03356 -4.031878 7e-06 -1e-06 -0.0 -10.634533 -5.686969 -3.565587 10.573275 -17.922953 -3.113903 3e-06 -13.821206 1e-06 -0.501777 -31.181505 -4.027014 -11.413543 -58.586876 7.654205 -13.982712 -7.150198 -2.875042 13.772731 -8.401496 -3.218244 0.347734 -34.211555 0.771661 -0.963029 -17.733372 2.621024 -0.0 -0.0 -1e-06 -17.346415 -20.095217 -4.201782 21.757561 -1.638379 3.866428 1e-06 -6.338825 0.0 -1.697589 -22.591751 -6.194007 1e-06 -4e-06 -2e-06 64.870575 -75.239975 135.466003 -14.16038 -46.769512 48.932335 43.622776 -0.055581 -0.439649 11.656258 -15.255834 24.053995 22.182114 -20.375891 49.933315 -16.701811 -16.743528 28.476528 -3e-06 -12.6906 -1e-06 17.164242 -18.440659 2.478012 -0.10592 -1.513855 -4.275881 -5.039041 -5.612872 -2.953557 5e-06 -11.020525 -2e-06 -6.111297 -15.89533 -3.840471 -0.0 0.0 -1e-06 -10.283371 -5.680287 -4.341837 11.028293 -11.302405 -2.372632 -1.38427 -14.238575 -6.320122 -0.625438 -26.924187 -3.827602 -4.046574 -48.927013 -4.432087 -13.708527 -7.363475 -3.720938 18.141148 -14.052739 -3.242673 7e-06 -18.787271 -3e-06 -0.429711 -8.456039 2.555504 -0.0 -0.0 0.0 -15.923534 -20.094482 -5.473585 30.41921 -7.190825 1.735926 3e-06 -8.162924 0.0 -1.861902 -22.861467 -6.167942 1e-06 -2e-06 -1e-06 178.460297 -4.158558 -8.148629 15.225858 0.019788 -0.012451 -85.552139 -3.464417 -7.102262 -5.445194 1.567187 2.137458 -0.999999 -0.0 -0.0 -15.458486 -1.007946 1.99085 28.804697 -0.150553 0.281744 -81.248985 6.182049 -0.64317 -6.143649 0.760902 1.700708 -1.000002 0.0 -0.0 
0.0 0.0 0.0 0.0 -0.0 0.0 4.678271 99.440262 0.480486 90.332916 -4.801416 72.84346 4.236488 0.035968 -1.196124 -9.599304 -0.738004 -4.03348 14.228297 0.310915 -7.30195 11.924433 31.776653 -0.630153 -1.951456 -1.404269 -23.099489 -44.744118 -6.742569 -31.93222 6e-06 -0.0 0.0 -0.00474 -0.024409 0.235754 -0.184998 -0.138068 0.182305 -0.269928 0.088907 0.276482 -63.73843 -83.837662 83.185394 24.504402 -76.216095 -28.880835 129.435806 -1.102792 -0.645671 10.094905 -0.696669 25.774668 17.636637 -26.322741 52.411201 -19.466665 -14.395602 29.410395 3e-06 -8.774822 -2e-06 15.737629 -17.355835 5.849335 -0.609775 -1.795653 -3.889328 -4.807092 -11.046813 -2.93785 4e-06 -20.976021 -0.0 -5.019974 -25.033562 -4.031881 6e-06 -1e-06 0.0 -10.634535 -5.68697 -3.565586 10.573277 -17.922955 -3.113901 3e-06 -13.821206 1e-06 -0.501777 -31.181505 -4.027014 -11.359153 -58.588074 7.646226 -13.982716 -7.150198 -2.875041 13.772731 -8.401492 -3.218245 0.347734 -34.211559 0.771655 -0.963029 -17.733372 2.621021 -0.0 0.0 -1e-06 -17.346426 -20.095221 -4.201778 21.757568 -1.638378 3.866426 1e-06 -6.338825 -0.0 -1.697591 -22.591749 -6.194007 1e-06 -4e-06 -3e-06 65.063339 -75.432884 134.888931 -12.775791 -46.762707 46.401463 45.656708 -0.025057 -0.528881 11.597293 -12.953686 24.019775 22.182112 -20.375898 49.933323 -16.701811 -16.74353 28.476532 -3e-06 -12.690601 1e-06 17.108385 -18.246187 2.433502 -0.10592 -1.513856 -4.275881 -5.03904 -5.612869 -2.953556 4e-06 -11.020523 -3e-06 -6.111297 -15.895334 -3.840472 -0.0 -1e-06 -0.0 -10.283369 -5.680288 -4.341839 11.028296 -11.302404 -2.372633 -1.384267 -14.23858 -6.32012 -0.625435 -26.924191 -3.8276 -4.054399 -49.002068 -4.409945 -13.708524 -7.363474 -3.72094 18.14115 -14.05274 -3.242676 8e-06 -18.78727 -1e-06 -0.42971 -8.456041 2.555503 -0.0 1e-06 1e-06 -15.923534 -20.094482 -5.473585 30.41921 -7.190827 1.735927 3e-06 -8.162925 -1e-06 -1.861901 -22.861465 -6.167941 1e-06 -2e-06 -1e-06 177.993042 -4.235979 -8.038771 15.606084 0.013429 -0.029041 -85.572517 -3.250094 -7.054016 -5.474878 1.595467 2.141167 -0.999998 -0.0 0.0 -15.489891 -1.041842 1.771196 28.483162 -0.14071 0.279329 -81.349411 6.083695 -0.64166 -6.04201 0.741179 1.69815 -1.000003 1e-06 -0.0 
0.0 0.0 0.0 0.0 -0.0 0.0 4.620325 99.451172 0.309356 90.345314 -4.921115 73.223518 4.269155 0.068943 -1.170676 -9.601606 -0.705887 -3.933024 14.211091 0.31404 -7.210618 11.412073 31.575764 -0.578663 -1.951486 -1.517248 -23.148491 -45.183075 -7.219857 -31.994431 6e-06 -0.0 -0.0 0.005865 -0.017903 0.258515 -0.152344 -0.138313 0.197718 -0.238579 0.101687 0.307314 -65.117851 -83.95636 84.436157 24.858368 -75.773933 -28.965546 129.443695 -1.183505 -0.599341 9.43417 -1.063768 26.926573 17.636625 -26.322731 52.411198 -19.46666 -14.395598 29.410395 1e-06 -8.774822 -2e-06 15.793885 -17.365288 5.807086 -0.609777 -1.795651 -3.889326 -4.807089 -11.046809 -2.93785 4e-06 -20.976015 -2e-06 -5.019969 -25.033556 -4.031881 6e-06 0.0 -1e-06 -10.634535 -5.686969 -3.565588 10.573271 -17.922945 -3.113899 3e-06 -13.821206 0.0 -0.501776 -31.181498 -4.027014 -11.379468 -58.655651 7.648909 -13.982714 -7.150195 -2.875044 13.772727 -8.401491 -3.218242 0.347731 -34.211544 0.771658 -0.963031 -17.733368 2.621021 -0.0 -1e-06 -1e-06 -17.34642 -20.095213 -4.201784 21.757557 -1.638377 3.866426 2e-06 -6.338821 -2e-06 -1.697587 -22.591745 -6.194007 -1e-06 -5e-06 -4e-06 65.161469 -75.59964 134.433884 -11.448065 -46.598724 43.835419 47.684883 0.129287 -0.609654 11.444899 -11.004311 23.858416 22.182119 -20.375898 49.933334 -16.701818 -16.74353 28.476536 -1e-06 -12.690601 -1e-06 17.066317 -18.083666 2.399773 -0.10592 -1.513856 -4.275884 -5.039042 -5.612873 -2.953557 5e-06 -11.020527 -4e-06 -6.111297 -15.895336 -3.840472 -1e-06 0.0 -1e-06 -10.283371 -5.680289 -4.341838 11.028296 -11.302406 -2.372635 -1.38427 -14.238583 -6.320124 -0.625438 -26.924198 -3.827603 -4.083495 -49.137825 -4.358505 -13.708526 -7.363477 -3.720941 18.141151 -14.052739 -3.242675 5e-06 -18.78727 -3e-06 -0.429712 -8.456043 2.555504 0.0 -1e-06 1e-06 -15.923536 -20.094486 -5.473588 30.419214 -7.190827 1.735928 4e-06 -8.162927 -1e-06 -1.861902 -22.861473 -6.167942 1e-06 -5e-06 -0.0 177.49765 -4.364197 -7.879236 16.010057 0.005488 -0.039068 -85.564514 -2.968213 -7.020573 -5.509526 1.612195 2.140075 -0.999999 -0.0 0.0 -15.492512 -1.03973 1.489763 28.12285 -0.13272 0.28174 -81.41124 5.942586 -0.654896 -5.98 0.734589 1.694885 -1.000003 -0.0 0.0 
0.0 0.0 0.0 0.0 -0.0 0.0 4.526849 99.467697 0.145875 90.333122 -5.051643 73.706841 4.279284 0.118163 -1.146795 -9.611611 -0.672238 -3.816748 14.163363 0.348579 -7.07877 10.990685 31.254519 -0.512735 -1.961321 -1.599959 -23.138966 -45.493389 -7.55427 -31.931637 6e-06 -0.0 0.0 0.01371 -0.016446 0.265844 -0.124214 -0.14541 0.197131 -0.20705 0.111086 0.322622 -66.634819 -83.974617 85.836929 23.766787 -75.259186 -27.483263 129.596741 -1.314786 -0.528834 8.639433 -1.618589 28.483646 17.636641 -26.322748 52.411236 -19.466669 -14.3956 29.410402 0.0 -8.774826 -3e-06 15.885774 -17.409525 5.776971 -0.609779 -1.795656 -3.889328 -4.807093 -11.046813 -2.937854 5e-06 -20.976027 -3e-06 -5.019973 -25.033571 -4.031884 7e-06 -1e-06 -1e-06 -10.63454 -5.686975 -3.56559 10.573278 -17.922958 -3.113904 2e-06 -13.821214 1e-06 -0.501777 -31.181522 -4.02702 -11.437082 -58.784073 7.646628 -13.982722 -7.150201 -2.875046 13.772735 -8.401495 -3.218241 0.347736 -34.211571 0.771653 -0.963027 -17.733376 2.621021 -1e-06 -1e-06 0.0 -17.34643 -20.095232 -4.201784 21.75757 -1.638376 3.866434 0.0 -6.338823 -0.0 -1.69759 -22.591755 -6.194009 2e-06 -5e-06 -3e-06 65.254211 -75.737892 133.982788 -10.253609 -46.399841 41.272022 49.558647 0.289558 -0.6541 11.23338 -9.337919 23.729322 22.182119 -20.375895 49.933319 -16.701813 -16.74353 28.47653 -2e-06 -12.690601 -1e-06 16.990328 -17.940275 2.390004 -0.10592 -1.513856 -4.275881 -5.039042 -5.612872 -2.953554 4e-06 -11.020521 -4e-06 -6.111298 -15.895334 -3.840472 -0.0 1e-06 0.0 -10.283371 -5.680288 -4.341839 11.028293 -11.302402 -2.372632 -1.384269 -14.238579 -6.320121 -0.625437 -26.924183 -3.827602 -4.130287 -49.26844 -4.276272 -13.708526 -7.363477 -3.720942 18.14115 -14.052739 -3.242675 6e-06 -18.78727 -2e-06 -0.429711 -8.456043 2.555504 1e-06 1e-06 -1e-06 -15.923536 -20.094482 -5.473588 30.41921 -7.190825 1.735929 3e-06 -8.162925 -1e-06 -1.861902 -22.861467 -6.167943 -0.0 -4e-06 -2e-06 177.007812 -4.532422 -7.648674 16.374613 -0.002332 -0.042303 -85.5308 -2.599792 -6.994848 -5.546042 1.614066 2.135177 -0.999999 -0.0 -0.0 -15.442691 -0.99614 1.190104 27.700869 -0.126942 0.287791 -81.470337 5.706531 -0.665238 -5.914124 0.735674 1.691497 -1.000003 0.0 0.0 
0.0 0.0 0.0 0.0 -0.0 0.0 4.401785 99.503128 0.013026 90.297623 -5.184945 74.279968 4.263975 0.198016 -1.126547 -9.631743 -0.633463 -3.68059 14.093461 0.401165 -6.91855 10.671279 30.770485 -0.41116 -1.973723 -1.676718 -23.028894 -45.692677 -7.774125 -31.704428 7e-06 0.0 0.0 0.016601 -0.020631 0.25628 -0.091602 -0.159757 0.182306 -0.169196 0.116312 0.317813 -68.618462 -83.874969 87.756325 21.837591 -74.616051 -24.929806 129.785187 -1.408355 -0.485869 7.696648 -2.404385 30.566671 17.636642 -26.322733 52.411198 -19.466663 -14.395598 29.410389 -1e-06 -8.774824 -4e-06 15.994092 -17.475897 5.766253 -0.609774 -1.795655 -3.889328 -4.80709 -11.046809 -2.937851 5e-06 -20.976021 -2e-06 -5.019972 -25.03356 -4.031881 6e-06 -1e-06 -1e-06 -10.634537 -5.686971 -3.565589 10.573274 -17.922955 -3.113899 2e-06 -13.82121 -0.0 -0.501777 -31.181505 -4.02702 -11.539018 -58.972496 7.679324 -13.982719 -7.150199 -2.875045 13.772732 -8.401496 -3.218238 0.347733 -34.211555 0.771653 -0.963028 -17.733374 2.62102 -1e-06 0.0 0.0 -17.346428 -20.095222 -4.201784 21.757568 -1.638376 3.866431 1e-06 -6.338823 -2e-06 -1.697591 -22.591749 -6.194007 1e-06 -6e-06 -3e-06 65.14518 -75.832184 133.775909 -9.138913 -46.224598 38.525349 51.221592 0.340854 -0.660041 11.001218 -7.860096 23.647495 22.182114 -20.375891 49.933323 -16.701815 -16.743528 28.476536 -4e-06 -12.690601 1e-06 16.897596 -17.807358 2.380523 -0.105919 -1.513856 -4.275886 -5.039041 -5.612872 -2.953557 5e-06 -11.020524 -3e-06 -6.111296 -15.895334 -3.840472 -1e-06 1e-06 -1e-06 -10.283371 -5.680288 -4.341839 11.028296 -11.302406 -2.372634 -1.384268 -14.238583 -6.320122 -0.625435 -26.924198 -3.827603 -4.194158 -49.356277 -4.173737 -13.708524 -7.363477 -3.720944 18.141151 -14.052741 -3.242675 7e-06 -18.78727 -3e-06 -0.42971 -8.456046 2.555504 -1e-06 1e-06 -2e-06 -15.923532 -20.094482 -5.47359 30.41921 -7.190827 1.735923 4e-06 -8.162929 2e-06 -1.8619 -22.861469 -6.167944 0.0 -3e-06 -2e-06 176.589722 -4.721285 -7.337594 16.60939 -0.00645 -0.043521 -85.408356 -2.160121 -6.967474 -5.610708 1.608618 2.126202 -1.0 0.0 -0.0 -15.30217 -0.913148 0.909159 27.177446 -0.122375 0.284263 -81.484688 5.381 -0.658316 -5.856747 0.743022 1.687938 -1.000003 -0.0 0.0 
0.0 0.0 0.0 0.0 -0.0 0.0 4.249059 99.547539 -0.07899 90.245193 -5.305766 74.920174 4.22996 0.310404 -1.104886 -9.65507 -0.592703 -3.518247 14.003463 0.477194 -6.723395 10.454181 30.055111 -0.238279 -1.980631 -1.773739 -22.800917 -45.763561 -7.867828 -31.273903 6e-06 -0.0 0.0 0.017592 -0.030359 0.23285 -0.065818 -0.179689 0.154502 -0.137296 0.116122 0.297515 -71.215309 -83.652542 90.310623 19.582218 -73.802628 -21.696585 129.884781 -1.394614 -0.472218 6.566473 -3.378761 32.992245 17.63662 -26.322733 52.411194 -19.466656 -14.395596 29.410385 -2e-06 -8.774819 0.0 16.098236 -17.542042 5.782158 -0.609777 -1.795655 -3.889327 -4.807086 -11.046806 -2.93785 7e-06 -20.976011 0.0 -5.019969 -25.033546 -4.031877 5e-06 -1e-06 -2e-06 -10.634531 -5.686969 -3.565587 10.573274 -17.922951 -3.113899 4e-06 -13.821205 -0.0 -0.501775 -31.181501 -4.027015 -11.673778 -59.207664 7.753985 -13.982711 -7.150194 -2.875044 13.772726 -8.401491 -3.218241 0.347735 -34.211544 0.771656 -0.963028 -17.733364 2.621022 -1e-06 -0.0 -2e-06 -17.346411 -20.095209 -4.201779 21.757555 -1.638377 3.866425 1e-06 -6.338821 1e-06 -1.69759 -22.591738 -6.194002 1e-06 -4e-06 -1e-06 64.760506 -75.870743 133.875793 -8.048007 -46.066807 35.591721 52.726166 0.294119 -0.652511 10.763377 -6.493502 23.527065 22.182114 -20.375883 49.933289 -16.701811 -16.743528 28.476521 -3e-06 -12.6906 -3e-06 16.803112 -17.684092 2.371881 -0.105919 -1.513856 -4.275879 -5.039041 -5.612872 -2.953557 4e-06 -11.020523 -3e-06 -6.1113 -15.895334 -3.84047 1e-06 0.0 1e-06 -10.283368 -5.680287 -4.341837 11.028292 -11.302402 -2.372632 -1.384269 -14.238579 -6.320121 -0.625438 -26.924187 -3.8276 -4.253957 -49.369514 -4.075955 -13.708523 -7.363475 -3.720937 18.14115 -14.052739 -3.242675 7e-06 -18.787266 -6e-06 -0.42971 -8.456047 2.555503 0.0 2e-06 -2e-06 -15.923534 -20.094479 -5.473582 30.419207 -7.190827 1.735925 3e-06 -8.162925 -1e-06 -1.861903 -22.861464 -6.167939 1e-06 -0.0 -2e-06 176.279007 -4.911924 -6.940056 16.687965 -0.005469 -0.042713 -85.231018 -1.729842 -6.937642 -5.672148 1.600881 2.116087 -0.999999 0.0 0.0 -15.052726 -0.804401 0.653973 26.546394 -0.116465 0.271391 -81.500916 4.951891 -0.635924 -5.775716 0.749973 1.68478 -1.000003 -0.0 0.0 
0.0 0.0 0.0 0.0 -0.0 0.0 4.079074 99.597672 -0.14346 90.18383 -5.383608 75.600594 4.189045 0.44444 -1.077815 -9.673761 -0.552358 -3.337535 13.906116 0.581186 -6.49888 10.346517 29.045357 -0.006014 -1.992093 -1.850323 -22.452904 -45.644501 -7.7992 -30.614716 6e-06 -0.0 0.0 0.017867 -0.041774 0.204457 -0.046377 -0.19912 0.123663 -0.10913 0.111957 0.269892 -74.516045 -83.317513 93.541206 17.561459 -72.836182 -18.359747 129.759232 -1.296795 -0.446849 5.28233 -4.359772 35.427822 17.636631 -26.322721 52.411179 -19.466658 -14.395594 29.410381 -0.0 -8.774819 -2e-06 16.178553 -17.601744 5.806201 -0.609778 -1.795652 -3.889328 -4.807085 -11.046811 -2.937851 7e-06 -20.976015 -3e-06 -5.01997 -25.033556 -4.03188 8e-06 1e-06 0.0 -10.634534 -5.686969 -3.565588 10.573275 -17.922955 -3.113903 2e-06 -13.821206 -0.0 -0.501778 -31.181505 -4.027015 -11.806268 -59.405197 7.837727 -13.982712 -7.150199 -2.875042 13.772728 -8.40149 -3.218242 0.347734 -34.211544 0.771654 -0.963025 -17.733366 2.621021 -0.0 0.0 0.0 -17.346416 -20.095215 -4.201785 21.757557 -1.638377 3.866426 0.0 -6.338822 -1e-06 -1.697591 -22.59174 -6.194008 2e-06 -5e-06 -0.0 64.040398 -75.879852 134.374084 -6.999742 -45.943184 32.637375 54.131542 0.213514 -0.62059 10.45424 -5.284152 23.193676 22.182112 -20.375898 49.933327 -16.701813 -16.74353 28.476536 -4e-06 -12.6906 -2e-06 16.709005 -17.582527 2.35784 -0.10592 -1.513855 -4.275883 -5.03904 -5.61287 -2.953553 5e-06 -11.02052 -4e-06 -6.111296 -15.895329 -3.84047 0.0 1e-06 -1e-06 -10.283369 -5.680287 -4.341839 11.028293 -11.302403 -2.372632 -1.384267 -14.238576 -6.32012 -0.625437 -26.924179 -3.8276 -4.275439 -49.308708 -4.023122 -13.708523 -7.363475 -3.720939 18.141148 -14.052737 -3.242674 7e-06 -18.787266 -2e-06 -0.429711 -8.456043 2.555504 -1e-06 3e-06 1e-06 -15.923532 -20.094481 -5.473585 30.41921 -7.190826 1.735927 3e-06 -8.162927 -0.0 -1.861903 -22.861467 -6.167939 2e-06 -4e-06 -1e-06 176.087433 -5.088778 -6.487443 16.636614 -0.000974 -0.032719 -84.998299 -1.392343 -6.923147 -5.709289 1.588644 2.108422 -0.999999 0.0 0.0 -14.68924 -0.683717 0.453066 25.826715 -0.106604 0.250103 -81.519722 4.435112 -0.620086 -5.682007 0.757874 1.683371 -1.000004 0.0 0.0 
0.0 0.0 0.0 0.0 -0.0 0.0 3.90059 99.647263 -0.207022 90.117493 -5.387039 76.303261 4.151829 0.589422 -1.030647 -9.684475 -0.515161 -3.158685 13.816612 0.709718 -6.254689 10.36605 27.759224 0.250033 -2.017574 -1.913595 -21.973974 -45.377522 -7.587624 -29.73917 6e-06 -0.0 -0.0 0.015816 -0.051918 0.179908 -0.030986 -0.213264 0.097856 -0.079643 0.104694 0.244917 -78.007889 -82.934616 96.907509 16.119751 -71.833046 -15.426728 129.278427 -1.200966 -0.393804 3.920276 -5.191967 37.520531 17.636639 -26.322737 52.41119 -19.466656 -14.395596 29.410385 1e-06 -8.77482 -4e-06 16.227314 -17.635794 5.797959 -0.609775 -1.795653 -3.889329 -4.807089 -11.04681 -2.937851 4e-06 -20.976015 -0.0 -5.019971 -25.033558 -4.031879 8e-06 -0.0 -1e-06 -10.634535 -5.686971 -3.56559 10.573271 -17.922951 -3.113899 1e-06 -13.821211 0.0 -0.501777 -31.181501 -4.027015 -11.907008 -59.493256 7.874298 -13.982716 -7.150199 -2.875042 13.772732 -8.401494 -3.218243 0.347734 -34.211555 0.771655 -0.963028 -17.73337 2.621019 -1e-06 1e-06 0.0 -17.346418 -20.095221 -4.201782 21.757559 -1.638376 3.866428 1e-06 -6.338824 -1e-06 -1.69759 -22.591745 -6.194004 -1e-06 -3e-06 -1e-06 63.223778 -75.925636 135.015518 -6.001697 -45.908821 29.922283 55.457649 0.166689 -0.520438 10.026969 -4.264161 22.662384 22.182119 -20.375898 49.933331 -16.701822 -16.743536 28.476542 -2e-06 -12.690605 -1e-06 16.592669 -17.494978 2.35234 -0.105919 -1.513857 -4.275882 -5.039043 -5.612873 -2.953555 4e-06 -11.020527 -4e-06 -6.1113 -15.895336 -3.840472 0.0 1e-06 -1e-06 -10.283374 -5.680292 -4.341839 11.028298 -11.302407 -2.372633 -1.384271 -14.238583 -6.320123 -0.625438 -26.924194 -3.827605 -4.255996 -49.211739 -4.000581 -13.708528 -7.363479 -3.720938 18.141155 -14.05274 -3.242676 4e-06 -18.787271 -3e-06 -0.429711 -8.456047 2.555504 0.0 1e-06 1e-06 -15.923541 -20.09449 -5.473584 30.419218 -7.190825 1.735926 4e-06 -8.162929 1e-06 -1.861904 -22.861475 -6.167947 0.0 -2e-06 -2e-06 176.010254 -5.248114 -6.024308 16.501497 0.003905 -0.01559 -84.73275 -1.103941 -6.944422 -5.729114 1.572291 2.102222 -1.0 -0.0 0.0 -14.232077 -0.563519 0.292148 25.081482 -0.09698 0.232498 -81.538475 3.858064 -0.631171 -5.57085 0.771183 1.686966 -1.000002 0.0 0.0 
0.0 0.0 0.0 0.0 -0.0 0.0 3.711054 99.699219 -0.283266 90.05262 -5.349539 77.027863 4.107691 0.747233 -0.95916 -9.695541 -0.477044 -2.988179 13.746914 0.850956 -6.013649 10.491412 26.229912 0.537073 -2.059796 -1.947806 -21.392345 -45.048668 -7.278859 -28.652756 6e-06 0.0 -0.0 0.014559 -0.058322 0.162958 -0.021734 -0.216801 0.077173 -0.052772 0.093964 0.229852 -81.2901 -82.546806 99.987091 15.285499 -70.895576 -13.047618 128.390015 -1.178664 -0.332317 2.539294 -5.860279 39.166779 17.636631 -26.322729 52.41119 -19.46666 -14.395596 29.410381 -1e-06 -8.774822 -3e-06 16.224745 -17.652857 5.779503 -0.609778 -1.795654 -3.889325 -4.807088 -11.046811 -2.93785 7e-06 -20.976019 -3e-06 -5.019969 -25.03356 -4.031881 6e-06 1e-06 0.0 -10.634534 -5.686971 -3.565585 10.573276 -17.922955 -3.113903 4e-06 -13.821211 0.0 -0.501777 -31.181505 -4.027014 -11.943405 -59.47369 7.838679 -13.982714 -7.150195 -2.87504 13.77273 -8.401495 -3.218243 0.347738 -34.211552 0.771654 -0.963031 -17.73337 2.621023 -0.0 0.0 0.0 -17.346416 -20.095217 -4.201785 21.757559 -1.638378 3.866431 0.0 -6.338825 -1e-06 -1.697587 -22.591747 -6.194009 -1e-06 -5e-06 -2e-06 62.462673 -76.042145 135.614761 -5.059531 -45.96759 27.524193 56.787567 0.194363 -0.358407 9.488845 -3.424129 21.935131 22.182117 -20.375898 49.933327 -16.701809 -16.743526 28.47653 -2e-06 -12.6906 -3e-06 16.478218 -17.440289 2.363583 -0.105918 -1.513856 -4.275881 -5.039042 -5.612873 -2.953557 3e-06 -11.020525 -1e-06 -6.111298 -15.895334 -3.84047 -0.0 -0.0 -1e-06 -10.283368 -5.680288 -4.341838 11.028292 -11.302404 -2.372632 -1.38427 -14.238581 -6.32012 -0.625441 -26.924187 -3.8276 -4.212016 -49.125248 -3.999577 -13.708525 -7.363476 -3.720938 18.141148 -14.052737 -3.242674 4e-06 -18.78727 1e-06 -0.429712 -8.456045 2.555503 0.0 0.0 0.0 -15.923534 -20.094482 -5.473585 30.419207 -7.190825 1.735929 3e-06 -8.162926 -1e-06 -1.861905 -22.861473 -6.16794 -0.0 -1e-06 -0.0 175.998215 -5.400432 -5.560747 16.289301 0.008555 -0.004933 -84.429787 -0.809034 -6.999858 -5.740318 1.556647 2.099492 -0.999999 -0.0 0.0 -13.729091 -0.45325 0.079773 24.314127 -0.092037 0.229288 -81.534225 3.272352 -0.639482 -5.456406 0.782813 1.693193 -1.000003 -0.0 -0.0 
0.0 0.0 0.0 0.0 -0.0 0.0 3.51533 99.760628 -0.371729 89.984398 -5.292627 77.751633 4.058422 0.914027 -0.88708 -9.710181 -0.435975 -2.811504 13.683784 0.993694 -5.78804 10.738487 24.562632 0.826903 -2.109152 -1.969917 -20.707907 -44.697956 -6.892514 -27.358076 7e-06 0.0 -0.0 0.016808 -0.062356 0.144506 -0.018518 -0.212303 0.053654 -0.034509 0.0803 0.21468 -84.003738 -82.173431 102.459267 15.104929 -70.07373 -11.289329 127.052299 -1.221641 -0.301609 1.136814 -6.387868 40.530544 17.636627 -26.322733 52.411194 -19.46666 -14.395596 29.410393 -0.0 -8.774822 -5e-06 16.19562 -17.672194 5.779342 -0.60978 -1.795653 -3.889326 -4.807087 -11.046809 -2.93785 4e-06 -20.976015 -0.0 -5.019973 -25.033552 -4.031878 6e-06 -0.0 -0.0 -10.634533 -5.686969 -3.565588 10.573274 -17.922945 -3.113904 1e-06 -13.821203 2e-06 -0.501775 -31.181494 -4.027015 -11.966642 -59.448368 7.794042 -13.982712 -7.150194 -2.875044 13.772731 -8.401496 -3.218243 0.347732 -34.211544 0.771658 -0.96303 -17.73337 2.621022 -3e-06 -1e-06 1e-06 -17.346418 -20.095215 -4.201784 21.757555 -1.638377 3.866428 0.0 -6.338821 -1e-06 -1.697588 -22.591738 -6.194005 -2e-06 -4e-06 -1e-06 61.812584 -76.192261 136.124054 -4.154982 -46.103523 25.452436 58.083889 0.268214 -0.158013 8.850219 -2.731564 21.343348 22.182116 -20.375893 49.933308 -16.701813 -16.74353 28.476526 -3e-06 -12.6906 -1e-06 16.375334 -17.417364 2.390233 -0.105919 -1.513856 -4.27588 -5.039039 -5.612868 -2.953555 4e-06 -11.020523 -2e-06 -6.111297 -15.89533 -3.84047 0.0 0.0 -1e-06 -10.283365 -5.680286 -4.341839 11.028293 -11.302404 -2.372631 -1.384267 -14.238578 -6.32012 -0.625439 -26.924179 -3.827598 -4.199611 -49.061356 -3.977679 -13.708522 -7.363474 -3.72094 18.141146 -14.052738 -3.242673 7e-06 -18.78727 -1e-06 -0.429711 -8.456042 2.555506 0.0 -1e-06 0.0 -15.923532 -20.094479 -5.473585 30.419205 -7.190826 1.735925 3e-06 -8.162925 0.0 -1.861901 -22.861467 -6.167943 0.0 -3e-06 -1e-06 176.031708 -5.548542 -5.074051 16.002737 0.008429 -0.00446 -84.073196 -0.508127 -7.076062 -5.769595 1.557561 2.101445 -0.999998 -0.0 0.0 -13.217585 -0.344389 -0.196329 23.549345 -0.09215 0.230414 -81.458702 2.706813 -0.609192 -5.359648 0.785899 1.69744 -1.000002 -0.0 0.0 
0.0 0.0 0.0 0.0 -0.0 0.0 3.308591 99.848709 -0.457065 89.900276 -5.218495 78.507164 4.003745 1.096077 -0.824062 -9.73075 -0.386977 -2.6381 13.623361 1.137816 -5.574962 11.127907 22.719791 1.120667 -2.165846 -1.976261 -19.906322 -44.262314 -6.402048 -25.840994 6e-06 0.0 -1e-06 0.017069 -0.065604 0.117578 -0.024343 -0.206508 0.023464 -0.033117 0.067849 0.189387 -86.158798 -81.775429 104.378326 15.673982 -69.326569 -10.075282 125.209183 -1.23884 -0.273334 -0.355172 -6.802769 41.755825 17.636633 -26.322737 52.41119 -19.466661 -14.395596 29.410389 0.0 -8.774822 -2e-06 16.153423 -17.719555 5.813344 -0.609779 -1.795654 -3.889329 -4.80709 -11.046813 -2.93785 2e-06 -20.976017 3e-06 -5.019974 -25.03356 -4.03188 6e-06 -0.0 -2e-06 -10.634536 -5.68697 -3.565589 10.573275 -17.922953 -3.113903 2e-06 -13.821206 1e-06 -0.501779 -31.181501 -4.027017 -12.017753 -59.470909 7.784011 -13.982712 -7.150199 -2.875042 13.77273 -8.401492 -3.218245 0.347729 -34.211552 0.771662 -0.963029 -17.73337 2.621021 0.0 -0.0 1e-06 -17.346415 -20.095217 -4.201784 21.757557 -1.638377 3.866426 -2e-06 -6.338823 -1e-06 -1.69759 -22.591747 -6.194005 -1e-06 -4e-06 -1e-06 61.288715 -76.3582 136.544983 -3.252711 -46.317177 23.526489 59.346291 0.298129 0.059036 8.108403 -2.134118 20.950047 22.182119 -20.375898 49.933327 -16.701815 -16.743532 28.47653 -3e-06 -12.690602 -1e-06 16.280989 -17.407488 2.417483 -0.10592 -1.513855 -4.275882 -5.039041 -5.612872 -2.953555 3e-06 -11.020523 -1e-06 -6.111297 -15.895332 -3.840469 -0.0 1e-06 -1e-06 -10.283371 -5.680288 -4.341836 11.028294 -11.302406 -2.372633 -1.384269 -14.238583 -6.320119 -0.62544 -26.924187 -3.8276 -4.216846 -49.006794 -3.945265 -13.708524 -7.363477 -3.720941 18.141148 -14.05274 -3.242672 5e-06 -18.787271 -1e-06 -0.429711 -8.456044 2.555506 1e-06 -1e-06 0.0 -15.923536 -20.094484 -5.473585 30.41921 -7.190827 1.735926 4e-06 -8.162927 -0.0 -1.861903 -22.861467 -6.167943 0.0 -4e-06 -1e-06 176.120239 -5.709915 -4.553695 15.631829 0.006452 -0.009957 -83.591858 -0.177829 -7.149365 -5.84896 1.573764 2.105081 -0.999999 0.0 -0.0 -12.665906 -0.213089 -0.482395 22.753738 -0.092803 0.22657 -81.243782 2.11315 -0.561756 -5.310666 0.78523 1.697847 -1.000002 -1e-06 -0.0 
0.0 0.0 0.0 0.0 -0.0 0.0 3.092775 99.944954 -0.530544 89.81675 -5.109651 79.298553 3.942116 1.285521 -0.765316 -9.753695 -0.335476 -2.472989 13.572246 1.261832 -5.3653 11.671515 20.711632 1.426846 -2.23243 -1.997693 -18.959976 -43.679924 -5.787636 -24.187729 5e-06 1e-06 1e-06 0.00953 -0.070459 0.075407 -0.039775 -0.202039 -0.019531 -0.046313 0.054014 0.146341 -87.854942 -81.378326 105.8367 16.840179 -68.646935 -9.177163 122.873711 -1.133234 -0.2348 -1.827206 -7.047147 42.726616 17.636635 -26.322737 52.41119 -19.466661 -14.395604 29.410385 -2e-06 -8.774826 -0.0 16.091829 -17.786554 5.884108 -0.609777 -1.795654 -3.889329 -4.807089 -11.046809 -2.937852 3e-06 -20.976015 2e-06 -5.019969 -25.033556 -4.03188 6e-06 0.0 2e-06 -10.634533 -5.68697 -3.565588 10.573276 -17.922951 -3.113899 1e-06 -13.821206 5e-06 -0.50178 -31.181498 -4.027011 -12.086922 -59.534313 7.814405 -13.982714 -7.150196 -2.875042 13.772731 -8.401493 -3.218243 0.347736 -34.211555 0.771657 -0.963029 -17.73337 2.621021 -1e-06 1e-06 2e-06 -17.346422 -20.095217 -4.201779 21.757566 -1.638377 3.866427 3e-06 -6.338825 0.0 -1.697592 -22.591742 -6.194001 -0.0 -5e-06 -2e-06 61.085907 -76.571571 136.69809 -2.356864 -46.654755 21.758204 60.58041 0.320275 0.298181 7.275818 -1.632459 20.669392 22.182117 -20.3759 49.933338 -16.701815 -16.743526 28.476538 -4e-06 -12.690598 -1e-06 16.197691 -17.409195 2.447199 -0.10592 -1.513858 -4.275883 -5.039041 -5.612871 -2.953557 5e-06 -11.020523 -2e-06 -6.111294 -15.89533 -3.840472 0.0 -0.0 -1e-06 -10.28337 -5.680287 -4.34184 11.028296 -11.302406 -2.372634 -1.384266 -14.238579 -6.320121 -0.625434 -26.924187 -3.8276 -4.268352 -48.95573 -3.913739 -13.708522 -7.363475 -3.720941 18.141146 -14.052739 -3.242673 7e-06 -18.787266 1e-06 -0.429713 -8.456038 2.555504 1e-06 -3e-06 2e-06 -15.923532 -20.094482 -5.473591 30.41921 -7.190829 1.735926 4e-06 -8.162925 0.0 -1.861899 -22.861467 -6.167943 2e-06 -5e-06 -1e-06 176.289108 -5.864904 -4.006241 15.16538 0.005452 -0.014289 -83.044304 0.125206 -7.200666 -5.917258 1.591635 2.108595 -0.999998 0.0 -0.0 -12.057562 -0.087952 -0.794037 21.935431 -0.088851 0.215616 -80.98439 1.535854 -0.525539 -5.277216 0.776058 1.694501 -1.000001 -0.0 0.0 
0.0 0.0 0.0 0.0 -0.0 0.0 2.876322 100.030205 -0.586282 89.747131 -4.960687 80.097115 3.881022 1.468996 -0.704569 -9.767529 -0.279501 -2.317772 13.524832 1.356189 -5.16553 12.339664 18.552057 1.73948 -2.299225 -1.977768 -17.837662 -43.003117 -5.117416 -22.469042 5e-06 -0.0 -2e-06 -0.006844 -0.074341 0.023261 -0.055771 -0.195885 -0.069872 -0.060674 0.040511 0.091398 -89.322609 -80.98027 107.024384 18.293602 -68.023918 -8.442973 120.143562 -0.911654 -0.186162 -3.205467 -7.205371 43.52166 17.636633 -26.322723 52.411182 -19.466663 -14.395596 29.410389 2e-06 -8.774822 -1e-06 15.980565 -17.849501 5.991581 -0.609776 -1.795655 -3.88933 -4.807093 -11.046814 -2.93785 0.0 -20.976021 -1e-06 -5.019974 -25.033567 -4.031886 5e-06 1e-06 1e-06 -10.634535 -5.686975 -3.565588 10.573271 -17.922955 -3.113901 -1e-06 -13.821213 0.0 -0.501783 -31.181519 -4.027021 -12.182525 -59.585415 7.864315 -13.982719 -7.150202 -2.875041 13.772732 -8.401494 -3.218245 0.347732 -34.211555 0.77165 -0.963031 -17.733372 2.621019 -2e-06 -1e-06 1e-06 -17.346426 -20.095228 -4.201779 21.757566 -1.638371 3.86643 -3e-06 -6.338824 0.0 -1.697591 -22.591755 -6.194012 -1e-06 -5e-06 -3e-06 61.38517 -76.840866 136.360535 -1.549201 -47.168945 20.101292 61.77301 0.290121 0.51985 6.434284 -1.199013 20.290792 22.182114 -20.375895 49.933319 -16.701815 -16.743528 28.476532 -4e-06 -12.690601 1e-06 16.123543 -17.404589 2.462551 -0.10592 -1.513856 -4.275882 -5.03904 -5.612871 -2.953556 5e-06 -11.020526 -3e-06 -6.111297 -15.895332 -3.840469 -0.0 0.0 1e-06 -10.283371 -5.680289 -4.341837 11.028296 -11.302408 -2.372634 -1.384268 -14.238583 -6.320124 -0.625437 -26.924191 -3.827601 -4.303306 -48.893742 -3.922518 -13.708525 -7.363477 -3.72094 18.141153 -14.052743 -3.242676 8e-06 -18.787271 -2e-06 -0.429711 -8.456044 2.555504 1e-06 -0.0 1e-06 -15.923536 -20.094484 -5.473582 30.419218 -7.190826 1.735924 3e-06 -8.162925 -3e-06 -1.861899 -22.861473 -6.167946 -0.0 -2e-06 -0.0 176.541336 -6.001292 -3.481544 14.624098 0.004634 -0.013589 -82.503746 0.364268 -7.205547 -5.976038 1.600934 2.112768 -1.0 -0.0 0.0 -11.414983 0.01228 -1.133523 21.146297 -0.080281 0.201707 -80.765007 1.037781 -0.514771 -5.255431 0.7675 1.69231 -1.000002 0.0 0.0 
0.0 0.0 0.0 0.0 -0.0 0.0 2.666117 100.08287 -0.644378 89.676689 -4.793057 80.919594 3.803575 1.659441 -0.640423 -9.776073 -0.221407 -2.180274 13.491805 1.434636 -4.976046 13.086901 16.263584 2.028113 -2.356309 -1.91562 -16.467232 -42.297806 -4.404382 -20.636827 6e-06 -1e-06 -2e-06 -0.01889 -0.072522 -0.013726 -0.060318 -0.181054 -0.102047 -0.064349 0.029819 0.049741 -90.816589 -80.598557 108.203575 19.875307 -67.390358 -7.897321 117.153427 -0.663258 -0.126059 -4.413299 -7.381571 44.127556 17.636618 -26.322731 52.411194 -19.466663 -14.395598 29.410393 1e-06 -8.774821 -1e-06 15.835816 -17.877613 6.111403 -0.609777 -1.795654 -3.889327 -4.807088 -11.046809 -2.937852 4e-06 -20.976009 -2e-06 -5.019969 -25.033548 -4.031881 4e-06 0.0 1e-06 -10.634532 -5.686972 -3.565587 10.573272 -17.922949 -3.113903 0.0 -13.821208 2e-06 -0.501776 -31.181501 -4.027017 -12.241682 -59.573635 7.873862 -13.982711 -7.150198 -2.875042 13.772729 -8.401492 -3.218244 0.347733 -34.211552 0.771654 -0.963031 -17.73337 2.621021 -2e-06 -1e-06 1e-06 -17.346418 -20.095219 -4.20178 21.757555 -1.638374 3.866427 1e-06 -6.338821 -0.0 -1.697592 -22.59174 -6.194002 -1e-06 -4e-06 -2e-06 62.157707 -77.136024 135.545761 -0.877076 -47.798313 18.598066 62.928467 0.261268 0.708533 5.676111 -0.714224 19.691599 22.182108 -20.375895 49.933319 -16.701817 -16.74353 28.476534 -2e-06 -12.690601 0.0 16.06484 -17.404087 2.472515 -0.105918 -1.513856 -4.27588 -5.039041 -5.612872 -2.953557 5e-06 -11.020523 -2e-06 -6.111296 -15.89533 -3.840472 0.0 -0.0 0.0 -10.283367 -5.680286 -4.341838 11.028294 -11.302406 -2.372633 -1.384267 -14.238581 -6.320121 -0.625437 -26.924191 -3.8276 -4.313532 -48.867424 -3.948003 -13.708523 -7.363473 -3.720938 18.14115 -14.052743 -3.242676 8e-06 -18.78727 -3e-06 -0.429711 -8.456045 2.555504 0.0 -0.0 0.0 -15.923532 -20.094482 -5.473585 30.41921 -7.190826 1.735923 5e-06 -8.162925 -1e-06 -1.861901 -22.861469 -6.167944 -0.0 -2e-06 -0.0 176.783508 -6.149516 -3.017911 14.122306 0.004832 -0.011046 -82.08844 0.583344 -7.149916 -5.991191 1.601464 2.117772 -0.999999 0.0 0.0 -10.787951 0.107798 -1.511435 20.4226 -0.073126 0.19322 -80.660263 0.586526 -0.5214 -5.224421 0.761213 1.69256 -1.000002 0.0 0.0 
0.0 0.0 0.0 0.0 -0.0 0.0 2.486813 100.091911 -0.716608 89.619904 -4.637371 81.762589 3.728104 1.84477 -0.589334 -9.789507 -0.170383 -2.069407 13.463847 1.501981 -4.805334 13.817229 14.029937 2.243542 -2.398471 -1.809173 -14.955652 -41.686466 -3.687989 -18.75618 6e-06 0.0 -1e-06 -0.018478 -0.067678 -0.031572 -0.046934 -0.164388 -0.111834 -0.048479 0.023151 0.025198 -92.551079 -80.262398 109.63681 21.314779 -66.746429 -7.501657 114.193245 -0.504567 -0.069077 -5.204546 -7.518362 44.419239 17.636625 -26.322733 52.411205 -19.466656 -14.395597 29.410389 1e-06 -8.774821 -2e-06 15.695019 -17.868681 6.192836 -0.609773 -1.795654 -3.889328 -4.807094 -11.046808 -2.93785 2e-06 -20.976015 2e-06 -5.019973 -25.033556 -4.03188 3e-06 -0.0 0.0 -10.634531 -5.686972 -3.565588 10.573271 -17.922947 -3.113901 1e-06 -13.821209 -1e-06 -0.501775 -31.181501 -4.027015 -12.205898 -59.475315 7.791794 -13.982712 -7.1502 -2.87504 13.772729 -8.401489 -3.218243 0.347731 -34.211555 0.771656 -0.963032 -17.73337 2.62102 -2e-06 -1e-06 1e-06 -17.346416 -20.095217 -4.201782 21.757555 -1.638373 3.866426 0.0 -6.338821 -1e-06 -1.697589 -22.591734 -6.194007 -1e-06 -5e-06 -2e-06 63.164436 -77.378708 134.505981 -0.362654 -48.390682 17.319824 63.953712 0.269682 0.838349 5.035545 -0.219302 18.942387 22.182106 -20.375887 49.933304 -16.701817 -16.743528 28.476524 -3e-06 -12.690601 0.0 16.001703 -17.415106 2.516555 -0.10592 -1.513856 -4.27588 -5.039037 -5.612872 -2.953557 4e-06 -11.020525 -1e-06 -6.111297 -15.895334 -3.84047 0.0 0.0 0.0 -10.283368 -5.680286 -4.341837 11.028293 -11.302404 -2.372633 -1.384267 -14.238579 -6.320121 -0.625439 -26.924183 -3.827599 -4.33036 -48.883831 -3.94159 -13.708525 -7.363475 -3.720939 18.141148 -14.052737 -3.242673 7e-06 -18.78727 -3e-06 -0.429712 -8.456043 2.555501 1e-06 0.0 -1e-06 -15.923534 -20.094482 -5.473583 30.41921 -7.190826 1.735922 4e-06 -8.162925 -2e-06 -1.8619 -22.861467 -6.167943 -1e-06 -3e-06 -0.0 176.898972 -6.287453 -2.638268 13.8043 0.002876 -0.012533 -81.874863 0.83625 -7.045036 -5.951321 1.604774 2.124018 -0.999999 -0.0 -0.0 -10.26997 0.172749 -1.930072 19.86133 -0.070305 0.188224 -80.719742 0.165466 -0.574111 -5.156591 0.761519 1.696385 -1.000003 0.0 -0.0 
0.0 0.0 0.0 0.0 -0.0 0.0 2.33847 100.070259 -0.815652 89.561127 -4.494371 82.628853 3.662308 2.026809 -0.541342 -9.810644 -0.122512 -1.971566 13.450847 1.581965 -4.670303 14.515158 11.824751 2.367746 -2.431597 -1.651569 -13.235617 -41.16296 -2.936643 -16.726374 6e-06 1e-06 2e-06 -0.008763 -0.056288 -0.016951 -0.019993 -0.143426 -0.087024 -0.021003 0.025634 0.032349 -94.563461 -79.900558 111.405937 22.58007 -66.121101 -7.11749 111.291779 -0.427131 -0.021795 -5.510614 -7.5939 44.415134 17.636627 -26.322733 52.411182 -19.46666 -14.395596 29.410393 2e-06 -8.774822 -4e-06 15.613739 -17.829653 6.206598 -0.609777 -1.795651 -3.889325 -4.807088 -11.046807 -2.937851 3e-06 -20.976013 3e-06 -5.019969 -25.033554 -4.031879 4e-06 -0.0 -0.0 -10.634529 -5.686969 -3.565588 10.573271 -17.922947 -3.113899 2e-06 -13.821206 2e-06 -0.501778 -31.181498 -4.027013 -12.05223 -59.33847 7.619595 -13.982712 -7.150193 -2.87504 13.77273 -8.401491 -3.218243 0.347733 -34.211544 0.771658 -0.963033 -17.73337 2.621021 -1e-06 -1e-06 1e-06 -17.346413 -20.095213 -4.201781 21.757551 -1.638376 3.866427 2e-06 -6.338821 1e-06 -1.697589 -22.591738 -6.194003 -1e-06 -3e-06 -2e-06 64.077881 -77.558769 133.626419 0.066558 -48.920193 16.062424 64.769371 0.261851 0.898373 4.456962 0.224151 18.076586 22.182116 -20.375893 49.933319 -16.701815 -16.743526 28.476534 -3e-06 -12.690601 -0.0 15.929611 -17.442818 2.585906 -0.10592 -1.513857 -4.275879 -5.03904 -5.612871 -2.953557 4e-06 -11.020527 -2e-06 -6.111296 -15.895334 -3.840472 0.0 0.0 -1e-06 -10.283369 -5.680287 -4.341838 11.028296 -11.302406 -2.372633 -1.384269 -14.238581 -6.320121 -0.625438 -26.924187 -3.827601 -4.333772 -48.906605 -3.913074 -13.708523 -7.363474 -3.720939 18.141148 -14.05274 -3.242676 7e-06 -18.78727 -2e-06 -0.429711 -8.456043 2.555504 0.0 -1e-06 -0.0 -15.923534 -20.094482 -5.473586 30.41921 -7.190826 1.735925 5e-06 -8.162925 -1e-06 -1.861903 -22.861469 -6.167942 -0.0 -3e-06 -1e-06 176.877701 -6.423073 -2.285105 13.674423 0.000924 -0.021795 -81.822105 1.092499 -6.923611 -5.89935 1.621247 2.132776 -0.999999 0.0 0.0 -9.874244 0.225153 -2.368513 19.477888 -0.06864 0.183746 -80.878296 -0.259289 -0.686887 -5.068883 0.765452 1.70017 -1.000003 0.0 -0.0 
0.0 0.0 0.0 0.0 -0.0 0.0 2.212512 100.035477 -0.920553 89.493103 -4.361904 83.488098 3.605577 2.188775 -0.502248 -9.834137 -0.070272 -1.878535 13.447299 1.671855 -4.556035 15.177167 9.759367 2.420977 -2.459292 -1.451654 -11.444124 -40.789612 -2.19854 -14.67127 6e-06 0.0 -1e-06 0.002549 -0.043316 0.00457 0.012054 -0.124345 -0.054563 0.007366 0.033594 0.047064 -96.524338 -79.497192 113.256104 23.735407 -65.622635 -6.742183 108.468468 -0.393678 0.025541 -5.340595 -7.522739 44.179169 17.636637 -26.322741 52.411198 -19.466665 -14.395604 29.410385 3e-06 -8.774824 -4e-06 15.57104 -17.821619 6.197587 -0.609777 -1.795652 -3.889329 -4.807088 -11.046809 -2.937852 7e-06 -20.976019 1e-06 -5.019969 -25.033554 -4.031878 5e-06 -0.0 0.0 -10.634537 -5.686967 -3.565588 10.57328 -17.922955 -3.113901 5e-06 -13.821211 2e-06 -0.501783 -31.181505 -4.027009 -11.845572 -59.212128 7.434209 -13.982714 -7.150196 -2.875045 13.772732 -8.401489 -3.218239 0.347735 -34.211555 0.771658 -0.963029 -17.73337 2.62102 -1e-06 -0.0 1e-06 -17.346415 -20.095213 -4.201783 21.757563 -1.638378 3.866428 -0.0 -6.338822 0.0 -1.697588 -22.591742 -6.194004 -0.0 -3e-06 -1e-06 64.708633 -77.658073 133.094757 0.431792 -49.390705 14.823949 65.217911 0.193499 0.87358 3.916353 0.647507 17.327337 22.182116 -20.3759 49.933323 -16.701809 -16.743525 28.47653 -3e-06 -12.6906 -2e-06 15.849712 -17.485697 2.665871 -0.105921 -1.513855 -4.275883 -5.039039 -5.612871 -2.953558 4e-06 -11.020523 -1e-06 -6.111295 -15.895329 -3.840471 1e-06 1e-06 -1e-06 -10.283369 -5.680285 -4.34184 11.028292 -11.302406 -2.372632 -1.384268 -14.238579 -6.32012 -0.625439 -26.924187 -3.827598 -4.323515 -48.904171 -3.877614 -13.708522 -7.363473 -3.720941 18.141146 -14.05274 -3.242674 7e-06 -18.787268 1e-06 -0.429712 -8.456044 2.555506 1e-06 1e-06 -1e-06 -15.923531 -20.094479 -5.473588 30.419205 -7.190827 1.735924 6e-06 -8.162925 0.0 -1.861902 -22.861469 -6.167937 -1e-06 -3e-06 -2e-06 176.782974 -6.559337 -1.961141 13.654689 -0.006616 -0.031718 -81.855698 1.380313 -6.838439 -5.883315 1.638373 2.13862 -0.999999 0.0 0.0 -9.547318 0.2842 -2.785573 19.193319 -0.069021 0.175465 -81.068245 -0.668593 -0.82078 -4.960667 0.773971 1.703416 -1.000003 0.0 -0.0 
0.0 0.0 0.0 0.0 -0.0 0.0 2.099771 100.018097 -1.003545 89.435059 -4.24543 84.292 3.535908 2.306874 -0.469082 -9.85778 -0.013092 -1.786598 13.436706 1.74883 -4.445481 15.834315 7.938859 2.470979 -2.478436 -1.269368 -9.730859 -40.561607 -1.497342 -12.799205 6e-06 0.0 1e-06 0.010472 -0.030942 0.024502 0.0472 -0.107152 -0.022889 0.034186 0.042546 0.059422 -98.284729 -79.018379 115.016479 24.673468 -65.328537 -6.274793 105.697342 -0.38689 0.053965 -4.915154 -7.379673 43.714542 17.636641 -26.322727 52.411182 -19.466665 -14.395597 29.410385 1e-06 -8.774824 -3e-06 15.511186 -17.86095 6.20877 -0.609776 -1.795653 -3.889327 -4.807087 -11.046813 -2.93785 6e-06 -20.976015 1e-06 -5.01997 -25.033556 -4.03188 4e-06 0.0 0.0 -10.634537 -5.686971 -3.565586 10.573278 -17.922951 -3.113901 4e-06 -13.821211 1e-06 -0.501776 -31.181505 -4.027014 -11.664109 -59.095085 7.292836 -13.982712 -7.150197 -2.875041 13.772731 -8.401493 -3.218242 0.347736 -34.211555 0.771653 -0.963029 -17.73337 2.621021 -1e-06 -1e-06 -0.0 -17.34642 -20.095217 -4.201783 21.757563 -1.638375 3.86643 1e-06 -6.338823 -2e-06 -1.697586 -22.59174 -6.194005 -1e-06 -4e-06 -2e-06 64.918282 -77.686081 133.047394 0.807159 -49.837475 13.718248 65.110855 0.153716 0.794145 3.437637 0.95685 16.826504 22.182114 -20.375896 49.933327 -16.701811 -16.743528 28.476534 -3e-06 -12.690599 -0.0 15.815458 -17.548454 2.722034 -0.105919 -1.513856 -4.27588 -5.039038 -5.61287 -2.953557 3e-06 -11.020525 -1e-06 -6.111298 -15.89533 -3.84047 0.0 0.0 0.0 -10.283367 -5.680287 -4.34184 11.028291 -11.302404 -2.372631 -1.384269 -14.238581 -6.320119 -0.625442 -26.924191 -3.8276 -4.31009 -48.913345 -3.869897 -13.708521 -7.363477 -3.720941 18.141148 -14.05274 -3.242673 5e-06 -18.78727 -0.0 -0.429711 -8.456045 2.555504 -0.0 -0.0 -0.0 -15.923532 -20.094482 -5.473587 30.419214 -7.190826 1.735926 4e-06 -8.162926 -1e-06 -1.861904 -22.861473 -6.16794 -1e-06 -3e-06 -1e-06 176.714035 -6.672951 -1.639864 13.58941 -0.015473 -0.040847 -81.817131 1.657542 -6.812988 -5.881317 1.659306 2.142223 -0.999999 0.0 -0.0 -9.252186 0.336588 -3.15799 18.944393 -0.067572 0.167473 -81.206322 -1.072852 -0.947012 -4.8598 0.780464 1.704055 -1.000002 -0.0 0.0 
0.0 0.0 0.0 0.0 -0.0 0.0 1.9918 100.028519 -1.047189 89.379921 -4.113322 85.1492 3.447974 2.393348 -0.450379 -9.881082 0.035974 -1.697495 13.399749 1.801924 -4.321529 16.519129 6.358056 2.541538 -2.496777 -1.134988 -8.192219 -40.421577 -0.832852 -11.190404 6e-06 -0.0 -1e-06 0.018308 -0.019079 0.038387 0.082974 -0.09151 0.003441 0.056281 0.052448 0.064995 -99.642921 -78.483734 116.438171 25.360994 -65.226295 -5.498729 102.732086 -0.338881 0.093153 -4.508749 -7.357361 42.975834 17.636623 -26.322723 52.411186 -19.46666 -14.395592 29.410389 0.0 -8.774822 -2e-06 15.422825 -17.927525 6.24945 -0.609777 -1.795653 -3.889327 -4.80709 -11.046809 -2.937848 1e-06 -20.976015 -1e-06 -5.01997 -25.033554 -4.031881 5e-06 0.0 0.0 -10.634533 -5.686972 -3.565587 10.573271 -17.922947 -3.1139 1e-06 -13.821208 0.0 -0.50178 -31.181505 -4.027017 -11.519775 -58.979458 7.196349 -13.982717 -7.150198 -2.87504 13.772729 -8.401491 -3.218243 0.347732 -34.211555 0.771651 -0.963029 -17.73337 2.621017 -2e-06 -0.0 0.0 -17.346422 -20.095217 -4.20178 21.757557 -1.638373 3.866428 1e-06 -6.338822 -0.0 -1.697591 -22.591743 -6.194007 -1e-06 -3e-06 -2e-06 64.950508 -77.639 133.235748 1.204765 -50.441883 12.700999 64.378815 0.11563 0.703439 2.985099 1.096754 16.406683 22.182108 -20.375893 49.933319 -16.701811 -16.74353 28.47653 -4e-06 -12.690599 -2e-06 15.806182 -17.587261 2.750204 -0.105919 -1.513856 -4.27588 -5.03904 -5.61287 -2.953556 4e-06 -11.020523 -2e-06 -6.111297 -15.895332 -3.840471 0.0 1e-06 0.0 -10.283367 -5.680285 -4.341838 11.028292 -11.302406 -2.372633 -1.384265 -14.238578 -6.32012 -0.625436 -26.924179 -3.8276 -4.315966 -48.917812 -3.86796 -13.708525 -7.363475 -3.720936 18.14115 -14.052739 -3.242677 8e-06 -18.787268 -3e-06 -0.429708 -8.456041 2.555502 -1e-06 1e-06 1e-06 -15.923532 -20.094482 -5.473584 30.419207 -7.190827 1.735922 6e-06 -8.162924 -0.0 -1.861899 -22.861469 -6.167943 -1e-06 -4e-06 -1e-06 176.741699 -6.771095 -1.264861 13.382768 -0.021145 -0.034364 -81.640358 1.949515 -6.826768 -5.875618 1.675137 2.145275 -0.999998 -0.0 0.0 -8.871609 0.381491 -3.527345 18.614086 -0.058537 0.153919 -81.125481 -1.516652 -1.10173 -4.757977 0.783502 1.703696 -1.000002 0.0 -0.0 
0.0 0.0 0.0 0.0 -0.0 0.0 1.894939 100.059853 -1.059773 89.308594 -3.950997 86.058434 3.354961 2.457901 -0.447797 -9.897662 0.070998 -1.617535 13.327374 1.836033 -4.179668 17.197752 5.034967 2.61881 -2.521616 -1.041757 -6.953361 -40.310505 -0.226662 -9.912924 7e-06 -0.0 0.0 0.024324 -0.009145 0.043047 0.107923 -0.081786 0.018093 0.065663 0.064502 0.063432 -100.68187 -77.918617 117.546288 25.703831 -65.190079 -4.269282 99.432251 -0.190945 0.185316 -4.349832 -7.644041 41.921459 17.636625 -26.322729 52.411194 -19.46666 -14.395597 29.410393 1e-06 -8.774822 -2e-06 15.277576 -18.026403 6.343255 -0.609777 -1.795654 -3.889328 -4.807087 -11.046809 -2.93785 5e-06 -20.976011 -1e-06 -5.019969 -25.033556 -4.03188 6e-06 0.0 0.0 -10.634532 -5.686971 -3.56559 10.573274 -17.922947 -3.1139 3e-06 -13.821205 1e-06 -0.501777 -31.181498 -4.027014 -11.42247 -58.891354 7.137711 -13.982712 -7.150198 -2.875044 13.772728 -8.401489 -3.218239 0.347734 -34.211544 0.771654 -0.963027 -17.733366 2.621019 -2e-06 -2e-06 1e-06 -17.346413 -20.095217 -4.201785 21.757557 -1.638373 3.866427 1e-06 -6.338823 1e-06 -1.697589 -22.591743 -6.194007 -2e-06 -4e-06 -2e-06 64.984245 -77.547539 133.420105 1.569231 -51.296017 11.743432 63.154572 0.051515 0.596003 2.476168 1.051118 15.978025 22.182108 -20.375893 49.933323 -16.701813 -16.74353 28.476534 -3e-06 -12.6906 -1e-06 15.807517 -17.588177 2.744219 -0.10592 -1.513855 -4.275882 -5.039037 -5.612871 -2.953556 4e-06 -11.020524 -3e-06 -6.111296 -15.895332 -3.840472 1e-06 0.0 -1e-06 -10.283367 -5.680288 -4.341841 11.028292 -11.302402 -2.372633 -1.384266 -14.238579 -6.320122 -0.625434 -26.924189 -3.827604 -4.342411 -48.904442 -3.863448 -13.708521 -7.363475 -3.720938 18.141146 -14.052738 -3.242676 7e-06 -18.787268 -2e-06 -0.429711 -8.45604 2.555502 0.0 1e-06 -1e-06 -15.92353 -20.094481 -5.473586 30.419201 -7.190827 1.735924 5e-06 -8.162921 -0.0 -1.861897 -22.861464 -6.167942 0.0 -2e-06 -2e-06 176.860626 -6.883777 -0.917802 13.071413 -0.021883 -0.015589 -81.370598 2.336769 -6.815668 -5.90557 1.672514 2.14475 -0.999999 -0.0 -0.0 -8.369295 0.437763 -3.921231 18.151676 -0.046366 0.140632 -81.096054 -1.980366 -1.277655 -4.696733 0.786783 1.70352 -1.000003 1e-06 -0.0 
0.0 0.0 0.0 0.0 -0.0 0.0 1.813047 100.106239 -1.060518 89.214287 -3.770313 86.972603 3.254409 2.520247 -0.446484 -9.916927 0.090086 -1.528047 13.246595 1.854672 -4.031721 17.829744 3.936673 2.655078 -2.540394 -0.965095 -5.994756 -40.23296 0.284749 -8.939574 7e-06 -0.0 -0.0 0.026599 0.000676 0.048495 0.114418 -0.074253 0.029988 0.060467 0.078042 0.06494 -101.492142 -77.340569 118.410469 25.723841 -65.13295 -2.745839 95.687752 -0.028163 0.296447 -4.510652 -8.343573 40.692604 17.636627 -26.322727 52.411186 -19.466654 -14.395596 29.410389 1e-06 -8.774822 -3e-06 15.08911 -18.154152 6.49426 -0.609776 -1.795653 -3.889327 -4.807089 -11.046809 -2.937849 0.0 -20.976015 1e-06 -5.019974 -25.03356 -4.03188 7e-06 0.0 -0.0 -10.634535 -5.686971 -3.565586 10.573277 -17.922947 -3.113902 1e-06 -13.821209 2e-06 -0.501781 -31.181505 -4.027014 -11.402661 -58.86544 7.131517 -13.982714 -7.150198 -2.875043 13.772731 -8.401491 -3.218241 0.34773 -34.211544 0.771656 -0.963031 -17.73337 2.62102 -2e-06 0.0 1e-06 -17.346418 -20.095222 -4.201779 21.757557 -1.638371 3.866428 1e-06 -6.338825 1e-06 -1.697593 -22.591747 -6.194005 -1e-06 -4e-06 -2e-06 65.095001 -77.449684 133.480255 1.870352 -52.316574 10.933466 61.644936 0.065275 0.508851 1.883026 0.761795 15.598715 22.182116 -20.375895 49.933327 -16.701813 -16.743528 28.47653 -3e-06 -12.6906 -1e-06 15.825789 -17.5734 2.720736 -0.10592 -1.513855 -4.275881 -5.039041 -5.612872 -2.953557 4e-06 -11.02052 -4e-06 -6.111299 -15.89533 -3.84047 1e-06 -0.0 -2e-06 -10.28337 -5.680288 -4.341839 11.028293 -11.302402 -2.372632 -1.384268 -14.238577 -6.320121 -0.625437 -26.924179 -3.827603 -4.37515 -48.90197 -3.877037 -13.708523 -7.363476 -3.720939 18.141146 -14.052739 -3.242673 6e-06 -18.787266 -1e-06 -0.429713 -8.456039 2.555502 0.0 0.0 0.0 -15.923536 -20.094482 -5.473584 30.41921 -7.190826 1.735926 3e-06 -8.162922 -1e-06 -1.861901 -22.861467 -6.167944 1e-06 -4e-06 -1e-06 177.040573 -7.021142 -0.626264 12.685931 -0.020902 0.011036 -81.045433 2.816369 -6.794054 -5.946454 1.649772 2.138045 -0.999998 -0.0 -0.0 -7.778749 0.525073 -4.304845 17.560368 -0.036311 0.129232 -80.907578 -2.461698 -1.470176 -4.696334 0.788903 1.702651 -1.000001 -0.0 -0.0 
0.0 0.0 0.0 0.0 -0.0 0.0 1.749221 100.168564 -1.063948 89.104027 -3.563633 87.937325 3.149921 2.563708 -0.44379 -9.944925 0.093026 -1.426898 13.188738 1.865771 -3.909976 18.389265 3.085023 2.662693 -2.55337 -0.894636 -5.312601 -40.236698 0.660391 -8.264625 6e-06 0.0 1e-06 0.027221 0.009103 0.056241 0.105405 -0.072063 0.039935 0.043267 0.093768 0.072234 -102.31572 -76.761063 119.2957 25.523521 -64.964195 -1.085341 91.520088 0.124427 0.399049 -4.982977 -9.339828 39.653339 17.636625 -26.322721 52.41119 -19.46666 -14.395594 29.410389 1e-06 -8.774821 -2e-06 14.914022 -18.312393 6.676099 -0.609776 -1.795655 -3.889328 -4.807085 -11.046805 -2.93785 3e-06 -20.976013 -2e-06 -5.019969 -25.033556 -4.031882 7e-06 0.0 0.0 -10.634531 -5.686968 -3.565587 10.573271 -17.922949 -3.113902 5e-06 -13.821206 -1e-06 -0.501777 -31.181498 -4.027018 -11.458007 -58.876408 7.188682 -13.982712 -7.150201 -2.875041 13.772731 -8.40149 -3.218244 0.347734 -34.211544 0.771651 -0.963031 -17.73337 2.621018 -2e-06 0.0 0.0 -17.346413 -20.095217 -4.201784 21.757555 -1.638372 3.866426 -1e-06 -6.338824 1e-06 -1.697591 -22.591747 -6.194007 -2e-06 -4e-06 -2e-06 65.088928 -77.375069 133.595032 1.975281 -53.379391 10.291068 60.088165 0.094631 0.442493 1.201489 0.243392 15.45957 22.182108 -20.375891 49.933319 -16.701807 -16.743526 28.476524 -2e-06 -12.690598 -1e-06 15.868119 -17.551519 2.682513 -0.105919 -1.513854 -4.275881 -5.039039 -5.612869 -2.953556 4e-06 -11.02052 -3e-06 -6.111297 -15.895328 -3.84047 0.0 1e-06 -1e-06 -10.283366 -5.680285 -4.341839 11.028288 -11.302402 -2.372633 -1.384269 -14.238575 -6.320119 -0.625439 -26.924181 -3.8276 -4.37113 -48.919132 -3.935769 -13.708523 -7.363473 -3.720938 18.141146 -14.052733 -3.242674 4e-06 -18.787264 0.0 -0.429712 -8.456041 2.555502 1e-06 0.0 0.0 -15.923532 -20.094479 -5.473586 30.419205 -7.190825 1.735926 6e-06 -8.162924 1e-06 -1.861902 -22.861464 -6.16794 -1e-06 -1e-06 -0.0 177.278061 -7.16252 -0.254291 12.206942 -0.016886 0.03964 -80.646378 3.288137 -6.76157 -6.005832 1.618003 2.1325 -1.0 0.0 -0.0 -7.123819 0.634033 -4.672152 16.892534 -0.027801 0.1117 -80.616791 -2.988953 -1.663821 -4.737691 0.783122 1.700613 -1.000003 -0.0 0.0 
0.0 0.0 0.0 0.0 -0.0 0.0 1.713939 100.226715 -1.069193 88.988464 -3.329449 88.907524 3.066946 2.573534 -0.438279 -9.975432 0.083 -1.32617 13.170148 1.868803 -3.795997 18.822039 2.550891 2.634961 -2.564476 -0.858936 -4.901539 -40.318947 0.854287 -7.935472 6e-06 -0.0 0.0 0.026762 0.013917 0.061587 0.087643 -0.073522 0.044778 0.020782 0.105566 0.079501 -103.317879 -76.232513 120.394829 25.247513 -64.653824 0.468668 87.293037 0.226027 0.444264 -5.481881 -10.350826 39.143921 17.636625 -26.322725 52.411186 -19.466661 -14.395594 29.410389 -0.0 -8.774821 -2e-06 14.812943 -18.452312 6.827765 -0.609777 -1.795656 -3.889327 -4.807085 -11.04681 -2.937851 3e-06 -20.976015 -1e-06 -5.019974 -25.033556 -4.031882 8e-06 1e-06 1e-06 -10.634533 -5.686973 -3.565587 10.573272 -17.922947 -3.113902 3e-06 -13.821209 -0.0 -0.501778 -31.181498 -4.027018 -11.527684 -58.88364 7.251774 -13.982714 -7.1502 -2.87504 13.77273 -8.401491 -3.218243 0.347735 -34.211544 0.771651 -0.963031 -17.73337 2.621018 0.0 -2e-06 -0.0 -17.346418 -20.095221 -4.201778 21.757555 -1.638373 3.866427 -0.0 -6.338824 2e-06 -1.697592 -22.591747 -6.194006 1e-06 -4e-06 -2e-06 64.853371 -77.342232 133.874115 1.847324 -54.29398 9.957423 58.709351 0.175831 0.442897 0.437707 -0.421208 15.68958 22.182116 -20.375887 49.933304 -16.701811 -16.743528 28.476522 -2e-06 -12.6906 -2e-06 15.912838 -17.511333 2.660574 -0.10592 -1.513856 -4.275881 -5.03904 -5.612872 -2.953557 4e-06 -11.020523 -3e-06 -6.111299 -15.895332 -3.840469 0.0 1e-06 -1e-06 -10.283371 -5.680288 -4.341838 11.028294 -11.302404 -2.372632 -1.384266 -14.238578 -6.320119 -0.625438 -26.924183 -3.827601 -4.34773 -48.986908 -3.977021 -13.708525 -7.363473 -3.720938 18.141148 -14.052738 -3.242675 7e-06 -18.787266 -1e-06 -0.42971 -8.456043 2.555501 2e-06 1e-06 -1e-06 -15.923534 -20.094482 -5.473585 30.41921 -7.190824 1.735925 4e-06 -8.162925 -0.0 -1.861904 -22.861464 -6.167943 0.0 -3e-06 -0.0 177.569153 -7.289451 0.203314 11.668604 -0.012682 0.065115 -80.264915 3.699918 -6.692261 -6.059903 1.591731 2.131156 -1.0 0.0 -0.0 -6.451776 0.748135 -5.00884 16.23814 -0.023939 0.091522 -80.314293 -3.498113 -1.821671 -4.794767 0.775272 1.700863 -1.000003 0.0 0.0 
0.0 0.0 0.0 0.0 -0.0 0.0 1.724523 100.267136 -1.067411 88.890259 -3.0612 89.85862 3.014952 2.541434 -0.419386 -10.000275 0.067151 -1.232619 13.209658 1.852597 -3.685804 19.087297 2.330721 2.610546 -2.57609 -0.865512 -4.771306 -40.501724 0.850091 -7.886126 7e-06 -0.0 -0.0 0.030558 0.01412 0.057644 0.072257 -0.077112 0.03848 0.002814 0.109901 0.078954 -104.898422 -75.712708 122.136215 24.862757 -64.136551 1.96206 83.262459 0.289545 0.437788 -5.655385 -11.151956 38.949451 17.636627 -26.322725 52.411186 -19.466663 -14.395598 29.410393 -0.0 -8.774821 -2e-06 14.799885 -18.522882 6.895393 -0.609776 -1.795652 -3.889328 -4.807089 -11.046811 -2.937851 4e-06 -20.976019 -2e-06 -5.019972 -25.03356 -4.031883 8e-06 -1e-06 -0.0 -10.634536 -5.686969 -3.565587 10.573276 -17.922951 -3.113902 4e-06 -13.821209 1e-06 -0.501778 -31.181505 -4.027016 -11.534892 -58.857525 7.263746 -13.982716 -7.150196 -2.875042 13.772731 -8.401495 -3.218241 0.347737 -34.211555 0.771651 -0.963031 -17.73337 2.62102 -1e-06 -1e-06 0.0 -17.346422 -20.095219 -4.201782 21.757561 -1.638376 3.866428 1e-06 -6.338825 2e-06 -1.69759 -22.591747 -6.194008 -2e-06 -3e-06 -2e-06 64.335068 -77.319702 134.418076 1.630538 -54.937546 9.835075 57.581741 0.303589 0.500535 -0.361374 -1.177106 16.29751 22.182121 -20.375895 49.933323 -16.701817 -16.74353 28.476532 -3e-06 -12.690605 -1e-06 15.938899 -17.465714 2.662154 -0.105921 -1.513857 -4.275879 -5.03904 -5.612871 -2.953556 4e-06 -11.020525 -4e-06 -6.1113 -15.895334 -3.840472 0.0 -1e-06 -1e-06 -10.283371 -5.680288 -4.341839 11.028296 -11.302409 -2.372633 -1.384269 -14.238585 -6.32012 -0.625438 -26.924191 -3.827602 -4.327324 -49.080994 -3.97437 -13.708527 -7.363477 -3.72094 18.141153 -14.05274 -3.242674 6e-06 -18.787271 -1e-06 -0.429711 -8.456043 2.555504 1e-06 -0.0 -2e-06 -15.923536 -20.094484 -5.473584 30.419218 -7.190828 1.735927 6e-06 -8.162928 -2e-06 -1.861903 -22.861467 -6.167943 0.0 -3e-06 -1e-06 177.909805 -7.367137 0.760593 11.118587 -0.007874 0.075959 -79.960983 4.005786 -6.57886 -6.087995 1.575143 2.13259 -0.999999 0.0 0.0 -5.801718 0.820924 -5.350952 15.702117 -0.023086 0.067205 -80.083206 -3.918622 -1.980811 -4.842977 0.768492 1.702935 -1.000002 0.0 0.0 
0.0 0.0 0.0 0.0 -0.0 0.0 1.780159 100.28511 -1.047546 88.799736 -2.76562 90.741714 2.982173 2.477422 -0.380423 -10.013637 0.062589 -1.135293 13.301069 1.826038 -3.567435 19.206911 2.332796 2.597307 -2.59182 -0.887433 -4.876345 -40.782433 0.676984 -8.060351 6e-06 -0.0 0.0 0.036224 0.012391 0.05304 0.061496 -0.080199 0.030399 -0.007571 0.109401 0.078456 -107.089775 -75.145279 124.569717 24.366272 -63.444801 3.355654 79.529327 0.315218 0.408144 -5.366495 -11.697963 38.692524 17.636633 -26.322737 52.411198 -19.466656 -14.395597 29.410381 -2e-06 -8.774821 -1e-06 14.844969 -18.552195 6.896139 -0.609776 -1.795653 -3.889328 -4.807088 -11.046812 -2.937851 4e-06 -20.976017 1e-06 -5.01997 -25.033558 -4.031882 6e-06 0.0 0.0 -10.634534 -5.68697 -3.565589 10.573277 -17.922951 -3.113901 4e-06 -13.821209 2e-06 -0.501778 -31.181505 -4.027014 -11.469841 -58.815239 7.214244 -13.982714 -7.150198 -2.875044 13.772731 -8.401491 -3.21824 0.347733 -34.211544 0.771657 -0.963029 -17.73337 2.62102 -2e-06 -0.0 -0.0 -17.346418 -20.095221 -4.201783 21.757557 -1.638374 3.86643 1e-06 -6.338826 2e-06 -1.697591 -22.591751 -6.194006 -0.0 -4e-06 -2e-06 63.693127 -77.271561 135.083191 1.454076 -55.32354 9.677246 56.701595 0.420791 0.58035 -1.146958 -1.957247 17.064075 22.182114 -20.375895 49.933319 -16.701811 -16.743528 28.476528 -3e-06 -12.6906 -2e-06 15.943466 -17.430109 2.675036 -0.10592 -1.513859 -4.275882 -5.039038 -5.612869 -2.953557 4e-06 -11.020521 -3e-06 -6.111297 -15.89533 -3.840471 0.0 -0.0 1e-06 -10.283369 -5.680287 -4.341838 11.028292 -11.302402 -2.372634 -1.384268 -14.238575 -6.32012 -0.625438 -26.924183 -3.827601 -4.309509 -49.167683 -3.949675 -13.708524 -7.363477 -3.720942 18.141146 -14.052739 -3.242672 7e-06 -18.787266 -0.0 -0.429712 -8.456042 2.555503 1e-06 0.0 -0.0 -15.923534 -20.094482 -5.473588 30.419207 -7.190826 1.735925 3e-06 -8.162926 -0.0 -1.861901 -22.861467 -6.167946 0.0 -4e-06 -2e-06 178.291946 -7.409636 1.368407 10.598439 -0.007158 0.080732 -79.774498 4.17148 -6.457454 -6.058464 1.572294 2.135522 -0.999998 0.0 0.0 -5.193286 0.863155 -5.692742 15.320367 -0.025559 0.040806 -79.943077 -4.257051 -2.17138 -4.883175 0.770203 1.708323 -1.000001 0.0 -0.0 
0.0 0.0 0.0 0.0 -0.0 0.0 1.873103 100.285255 -1.006805 88.735916 -2.460796 91.561981 2.951762 2.379403 -0.318486 -10.016259 0.062976 -1.023705 13.417602 1.791069 -3.463363 19.230328 2.494778 2.588604 -2.599794 -0.877716 -5.18727 -41.186237 0.371249 -8.392972 6e-06 -0.0 -1e-06 0.044742 0.009671 0.047674 0.064298 -0.082933 0.02207 -0.002417 0.106368 0.076412 -109.647217 -74.475494 127.452782 23.760252 -62.645081 4.654395 75.887833 0.357158 0.38961 -4.68623 -12.061665 38.085793 17.636627 -26.322733 52.411205 -19.46666 -14.395598 29.410389 -2e-06 -8.774824 -1e-06 14.914968 -18.563648 6.860968 -0.609775 -1.795651 -3.889329 -4.80709 -11.046812 -2.93785 5e-06 -20.976015 -1e-06 -5.01997 -25.033554 -4.031881 8e-06 -1e-06 -0.0 -10.634533 -5.686968 -3.565588 10.573278 -17.922949 -3.113903 5e-06 -13.821209 2e-06 -0.501778 -31.181505 -4.027014 -11.402822 -58.786442 7.18145 -13.982715 -7.150201 -2.875041 13.772731 -8.401492 -3.218241 0.347736 -34.211555 0.771654 -0.963031 -17.73337 2.621021 -3e-06 -0.0 -0.0 -17.346422 -20.095217 -4.20178 21.757559 -1.638374 3.866426 2e-06 -6.338824 0.0 -1.697591 -22.591743 -6.194004 -2e-06 -4e-06 -1e-06 62.892948 -77.196144 135.868561 1.26818 -55.508732 9.38789 56.033791 0.475426 0.642589 -1.992887 -2.717137 18.079025 22.182121 -20.3759 49.933323 -16.701815 -16.743528 28.476536 -3e-06 -12.690601 -1e-06 15.946378 -17.414757 2.682148 -0.10592 -1.513856 -4.275882 -5.03904 -5.61287 -2.953557 4e-06 -11.020524 -0.0 -6.111297 -15.89533 -3.840472 1e-06 -1e-06 -1e-06 -10.283369 -5.680287 -4.34184 11.028295 -11.302405 -2.372633 -1.384266 -14.238581 -6.320122 -0.625436 -26.924191 -3.8276 -4.276227 -49.249542 -3.948601 -13.708525 -7.363474 -3.720939 18.141151 -14.052739 -3.242676 7e-06 -18.78727 -0.0 -0.429711 -8.456042 2.555503 0.0 -1e-06 -0.0 -15.923532 -20.094482 -5.473589 30.41921 -7.190828 1.735925 3e-06 -8.162929 0.0 -1.861899 -22.861467 -6.167943 -0.0 -2e-06 -1e-06 178.667908 -7.397617 2.036637 10.163977 -0.01334 0.07143 -79.686188 4.216555 -6.333427 -6.002928 1.586419 2.139678 -0.999999 0.0 0.0 -4.624689 0.850209 -6.096244 15.059579 -0.028814 0.023657 -79.895454 -4.484548 -2.410714 -4.90883 0.767479 1.711307 -1.000001 0.0 0.0 
0.0 0.0 0.0 0.0 -0.0 0.0 1.987352 100.262024 -0.946578 88.696053 -2.165433 92.323891 2.917874 2.254833 -0.260408 -10.00838 0.054559 -0.902324 13.513416 1.751598 -3.374323 19.232674 2.811929 2.569759 -2.595449 -0.848991 -5.599518 -41.661633 -0.003954 -8.79327 7e-06 -0.0 1e-06 0.052578 0.006752 0.040531 0.075137 -0.086256 0.012289 0.013728 0.103502 0.071685 -111.968445 -73.744804 130.114197 22.873985 -61.932934 5.890665 72.363785 0.407043 0.401813 -3.80965 -12.204554 37.143044 17.636625 -26.322737 52.411213 -19.466669 -14.3956 29.410398 -1e-06 -8.774824 -2e-06 14.991471 -18.555037 6.783654 -0.609774 -1.795651 -3.889329 -4.807091 -11.046816 -2.937852 5e-06 -20.976025 -3e-06 -5.01997 -25.033567 -4.031885 6e-06 -1e-06 0.0 -10.634536 -5.686971 -3.565588 10.573278 -17.922955 -3.113905 4e-06 -13.821214 0.0 -0.50178 -31.181511 -4.027017 -11.307214 -58.730938 7.130087 -13.982718 -7.150198 -2.875041 13.772735 -8.401494 -3.218244 0.347733 -34.211555 0.771653 -0.963028 -17.733376 2.621018 -2e-06 1e-06 -0.0 -17.346422 -20.095221 -4.201784 21.757566 -1.638374 3.866426 1e-06 -6.338825 -0.0 -1.697589 -22.591747 -6.194008 -1e-06 -4e-06 -3e-06 62.012054 -77.084808 136.674545 1.067907 -55.559925 9.032708 55.520939 0.487672 0.66464 -2.990886 -3.351415 19.48469 22.182119 -20.375898 49.933319 -16.701815 -16.743528 28.476532 -4e-06 -12.690601 0.0 15.978121 -17.409632 2.676127 -0.105919 -1.513857 -4.275881 -5.039041 -5.61287 -2.953557 5e-06 -11.020524 0.0 -6.111297 -15.895332 -3.840471 0.0 0.0 0.0 -10.28337 -5.680286 -4.341841 11.028296 -11.302406 -2.372631 -1.384268 -14.238581 -6.320122 -0.625439 -26.924189 -3.827598 -4.236133 -49.341919 -3.952364 -13.708524 -7.363474 -3.720939 18.141148 -14.052742 -3.242672 7e-06 -18.787271 -1e-06 -0.42971 -8.456047 2.555505 -2e-06 2e-06 -1e-06 -15.923532 -20.094482 -5.473586 30.419214 -7.190829 1.735927 2e-06 -8.162927 0.0 -1.861903 -22.861479 -6.167942 -1e-06 -3e-06 -1e-06 178.972382 -7.349613 2.663836 9.906405 -0.022216 0.065282 -79.738365 4.208825 -6.254843 -5.942705 1.612207 2.142884 -0.999999 -0.0 0.0 -4.098159 0.791663 -6.582069 14.885699 -0.029344 0.012395 -79.967316 -4.581347 -2.650646 -4.927829 0.758656 1.708224 -1.000002 -0.0 -0.0 
0.0 0.0 0.0 0.0 -0.0 0.0 2.111267 100.223251 -0.872019 88.652153 -1.87085 93.053764 2.890669 2.121615 -0.219735 -9.993808 0.039012 -0.75516 13.558906 1.690772 -3.262735 19.276175 3.293793 2.559881 -2.59229 -0.818442 -6.09881 -42.139423 -0.414226 -9.187636 7e-06 0.0 0.0 0.05481 0.004249 0.03106 0.083124 -0.090804 -0.001168 0.028768 0.1028 0.065414 -113.618599 -72.967323 132.093018 21.381592 -61.447571 7.058831 69.014694 0.357839 0.417201 -3.057147 -12.054782 36.184212 17.636631 -26.322733 52.411201 -19.466667 -14.395602 29.410398 -1e-06 -8.774824 -0.0 15.023952 -18.528708 6.698153 -0.609778 -1.795657 -3.889328 -4.807088 -11.046811 -2.937851 4e-06 -20.976021 -0.0 -5.01997 -25.033562 -4.031884 6e-06 -2e-06 1e-06 -10.634537 -5.686972 -3.565588 10.573279 -17.922955 -3.113906 4e-06 -13.821213 1e-06 -0.501778 -31.181507 -4.027016 -11.200099 -58.624096 7.054581 -13.982718 -7.150202 -2.875042 13.772735 -8.401492 -3.218246 0.347735 -34.211559 0.771655 -0.963027 -17.733372 2.621019 -2e-06 -0.0 1e-06 -17.346424 -20.095221 -4.201783 21.757563 -1.638376 3.866428 2e-06 -6.338825 0.0 -1.697588 -22.591751 -6.194009 -2e-06 -4e-06 -2e-06 61.308926 -76.97525 137.258469 0.835415 -55.658707 8.533609 55.07645 0.456266 0.697989 -4.201717 -3.811507 21.243372 22.182114 -20.375889 49.933319 -16.701813 -16.743528 28.476528 -2e-06 -12.6906 -2e-06 16.028471 -17.392433 2.647347 -0.105919 -1.513856 -4.275883 -5.039041 -5.61287 -2.953554 4e-06 -11.020523 -4e-06 -6.111297 -15.895332 -3.840471 -0.0 -0.0 1e-06 -10.283369 -5.680288 -4.341838 11.028293 -11.302405 -2.372632 -1.384269 -14.23858 -6.320121 -0.625438 -26.924187 -3.827602 -4.192855 -49.423298 -3.965983 -13.708524 -7.363475 -3.720939 18.141148 -14.052739 -3.242672 8e-06 -18.78727 -4e-06 -0.429711 -8.456043 2.555502 1e-06 -0.0 1e-06 -15.923534 -20.094482 -5.473583 30.41921 -7.190827 1.735926 2e-06 -8.162925 0.0 -1.861902 -22.861469 -6.167944 -0.0 -3e-06 -2e-06 179.177277 -7.304729 3.243941 9.88751 -0.026676 0.064648 -79.929543 4.231127 -6.233428 -5.899663 1.633624 2.143964 -0.999999 -0.0 -0.0 -3.545926 0.738676 -7.102925 14.673886 -0.026772 0.004119 -80.092728 -4.595026 -2.845179 -4.980033 0.747411 1.69896 -1.000002 -0.0 -0.0 
0.0 0.0 0.0 0.0 -0.0 0.0 2.22812 100.194374 -0.7899 88.570824 -1.582264 93.688568 2.884078 2.015003 -0.192871 -9.979056 0.033584 -0.573855 13.556638 1.610552 -3.12325 19.385069 3.88908 2.560549 -2.594146 -0.822259 -6.628284 -42.535492 -0.811364 -9.574121 7e-06 0.0 2e-06 0.049957 0.003828 0.024285 0.084296 -0.093833 -0.013561 0.037423 0.10481 0.062878 -114.47467 -72.161728 133.291885 19.193136 -61.166504 8.124842 66.256172 0.211489 0.375945 -2.58317 -11.622811 35.386047 17.636629 -26.322741 52.411209 -19.466665 -14.395602 29.410395 -1e-06 -8.774823 -0.0 15.000465 -18.476046 6.637193 -0.609776 -1.795653 -3.889328 -4.807087 -11.046813 -2.937854 4e-06 -20.976021 2e-06 -5.019972 -25.033562 -4.031878 7e-06 1e-06 -1e-06 -10.634535 -5.686971 -3.565589 10.573277 -17.922955 -3.113901 4e-06 -13.821213 3e-06 -0.501778 -31.181511 -4.027015 -11.075386 -58.537701 6.960042 -13.982714 -7.150197 -2.875042 13.772729 -8.401492 -3.218244 0.347732 -34.211555 0.771658 -0.963031 -17.73337 2.62102 -0.0 -0.0 1e-06 -17.346418 -20.095221 -4.20178 21.757559 -1.638375 3.866426 3e-06 -6.338824 1e-06 -1.697589 -22.591747 -6.194006 -3e-06 -4e-06 -3e-06 60.947289 -76.929848 137.506454 0.573399 -55.897114 7.829054 54.785572 0.405336 0.776778 -5.530931 -4.072989 23.08441 22.182121 -20.375896 49.933327 -16.701813 -16.743528 28.47653 -3e-06 -12.690601 -2e-06 16.077099 -17.358694 2.613204 -0.10592 -1.513856 -4.275878 -5.03904 -5.612871 -2.953557 3e-06 -11.020523 -2e-06 -6.111298 -15.89533 -3.840472 0.0 0.0 1e-06 -10.283371 -5.680288 -4.341839 11.028294 -11.302404 -2.372633 -1.384269 -14.238581 -6.320121 -0.625439 -26.924191 -3.827603 -4.156448 -49.495724 -3.973853 -13.708525 -7.363477 -3.720937 18.141148 -14.052739 -3.242673 6e-06 -18.78727 -1e-06 -0.42971 -8.456043 2.555507 -1e-06 0.0 -1e-06 -15.923536 -20.094482 -5.473586 30.41921 -7.190827 1.735928 3e-06 -8.162925 -2e-06 -1.861905 -22.861467 -6.167942 -1e-06 -2e-06 -2e-06 179.307236 -7.301725 3.826583 10.059544 -0.027529 0.070629 -80.160461 4.219388 -6.223527 -5.868507 1.640989 2.144642 -1.0 0.0 0.0 -2.957275 0.753923 -7.567311 14.35848 -0.026012 0.004279 -80.122932 -4.585546 -2.969682 -5.061642 0.742671 1.688669 -1.0 1e-06 0.0 
0.0 0.0 0.0 0.0 -0.0 0.0 2.349005 100.179207 -0.693145 88.463104 -1.311574 94.240578 2.875469 1.929043 -0.169653 -9.96791 0.040404 -0.364741 13.532393 1.512323 -2.943074 19.555962 4.577284 2.57293 -2.597501 -0.879958 -7.142385 -42.848911 -1.215012 -10.054267 7e-06 0.0 3e-06 0.045139 0.004712 0.02172 0.082745 -0.095363 -0.021591 0.042809 0.108023 0.064296 -114.924507 -71.290245 134.112518 16.35338 -60.808697 9.361743 64.259613 0.0967 0.300126 -2.291769 -11.072848 34.427258 17.636629 -26.322733 52.411209 -19.466665 -14.395598 29.410395 -0.0 -8.774824 -2e-06 14.969499 -18.376308 6.573831 -0.609777 -1.795653 -3.889327 -4.807092 -11.046813 -2.937852 3e-06 -20.976021 -0.0 -5.019973 -25.033566 -4.031887 6e-06 2e-06 1e-06 -10.634537 -5.686972 -3.565587 10.573275 -17.922951 -3.1139 0.0 -13.821211 3e-06 -0.501779 -31.181505 -4.027019 -10.943989 -58.559113 6.866305 -13.982716 -7.1502 -2.87504 13.772731 -8.401491 -3.218242 0.347734 -34.211555 0.771652 -0.96303 -17.73337 2.621018 0.0 0.0 1e-06 -17.346422 -20.095221 -4.201782 21.757561 -1.638374 3.866429 1e-06 -6.338825 2e-06 -1.697591 -22.591751 -6.19401 -2e-06 -4e-06 -1e-06 60.671055 -76.912704 137.687195 0.245438 -56.18589 7.017281 54.747116 0.375402 0.887061 -6.919964 -4.164659 24.934317 22.182117 -20.375898 49.933334 -16.701815 -16.743528 28.476536 -3e-06 -12.690603 -1e-06 16.125948 -17.31109 2.58292 -0.105919 -1.513856 -4.275881 -5.039042 -5.612873 -2.95356 4e-06 -11.020524 -2e-06 -6.111298 -15.895334 -3.840472 -1e-06 1e-06 -1e-06 -10.283373 -5.680289 -4.34184 11.028295 -11.302406 -2.372634 -1.384269 -14.238583 -6.320124 -0.62544 -26.924192 -3.827604 -4.131291 -49.553146 -3.965598 -13.708526 -7.363479 -3.720939 18.141153 -14.05274 -3.242676 5e-06 -18.787271 -2e-06 -0.429711 -8.456045 2.555502 -1e-06 -0.0 1e-06 -15.923536 -20.094486 -5.473588 30.419222 -7.190827 1.735927 2e-06 -8.162929 0.0 -1.861904 -22.861469 -6.167944 0.0 -5e-06 -1e-06 179.395218 -7.323933 4.432722 10.327976 -0.022145 0.084112 -80.384361 4.136653 -6.168419 -5.833949 1.63813 2.146553 -0.999998 0.0 -0.0 -2.370107 0.814276 -7.964682 14.001759 -0.029893 0.012201 -80.057915 -4.586454 -3.068916 -5.132333 0.735029 1.678228 -1.000003 0.0 0.0 
0.0 0.0 0.0 0.0 -0.0 0.0 2.475754 100.166344 -0.579979 88.371956 -1.061617 94.695625 2.868741 1.846393 -0.152326 -9.961668 0.048434 -0.124138 13.504044 1.392141 -2.721556 19.786146 5.295959 2.624346 -2.607055 -0.946995 -7.69106 -43.069057 -1.628241 -10.584114 6e-06 1e-06 3e-06 0.044048 0.004307 0.018898 0.080404 -0.100032 -0.028662 0.045526 0.111795 0.064331 -115.209854 -70.339157 134.804977 13.183752 -60.200645 10.742607 62.999992 0.060028 0.211149 -2.02885 -10.509251 33.107269 17.636629 -26.322754 52.411224 -19.46666 -14.395602 29.410395 -0.0 -8.774822 -2e-06 14.972648 -18.247095 6.493134 -0.609776 -1.795654 -3.889327 -4.807089 -11.04681 -2.937852 5e-06 -20.976017 2e-06 -5.019972 -25.03356 -4.031878 4e-06 2e-06 -1e-06 -10.634532 -5.686969 -3.565589 10.573272 -17.922951 -3.113901 1e-06 -13.821209 4e-06 -0.501779 -31.181505 -4.027013 -10.883036 -58.692398 6.850759 -13.982716 -7.150198 -2.875041 13.772727 -8.401491 -3.218242 0.347731 -34.211555 0.77166 -0.963029 -17.733372 2.621022 -0.0 1e-06 1e-06 -17.34642 -20.095217 -4.201781 21.757561 -1.638376 3.866426 1e-06 -6.338823 2e-06 -1.697592 -22.591745 -6.194001 1e-06 -6e-06 -2e-06 60.180878 -76.940651 138.127441 -0.084753 -56.476875 6.170865 54.936798 0.357517 0.968423 -8.161177 -4.038158 26.727976 22.182114 -20.375904 49.933342 -16.701811 -16.743532 28.476532 -3e-06 -12.6906 0.0 16.161781 -17.249897 2.559824 -0.10592 -1.513857 -4.275881 -5.03904 -5.612871 -2.953556 4e-06 -11.020523 0.0 -6.111297 -15.895332 -3.84047 0.0 1e-06 -0.0 -10.283371 -5.680291 -4.341841 11.028295 -11.302404 -2.372633 -1.384269 -14.238581 -6.320122 -0.625439 -26.924189 -3.827601 -4.11527 -49.560436 -3.941787 -13.708525 -7.363475 -3.720943 18.141148 -14.052739 -3.242672 5e-06 -18.787268 -0.0 -0.429713 -8.456045 2.555506 -1e-06 -0.0 1e-06 -15.923536 -20.094482 -5.473587 30.419214 -7.190827 1.735927 1e-06 -8.162925 1e-06 -1.861905 -22.861469 -6.167939 0.0 -4e-06 -2e-06 179.49115 -7.32924 4.999141 10.601754 -0.010608 0.106009 -80.598145 4.011265 -6.087213 -5.768279 1.63293 2.153681 -0.999999 0.0 -0.0 -1.846315 0.850942 -8.34099 13.735229 -0.031879 0.008233 -79.998589 -4.516903 -3.165434 -5.159456 0.70954 1.666252 -1.000003 0.0 0.0 
0.0 0.0 0.0 0.0 -0.0 0.0 2.598568 100.150536 -0.46236 88.323647 -0.836175 95.132942 2.853626 1.749674 -0.120475 -9.957209 0.047377 0.125194 13.478769 1.254507 -2.491052 20.054222 5.978621 2.713966 -2.619911 -1.012032 -8.289543 -43.1758 -2.017172 -11.147956 6e-06 1e-06 2e-06 0.046791 0.00281 0.014229 0.077111 -0.108521 -0.037285 0.046455 0.117017 0.061871 -115.420364 -69.337189 135.38176 10.086809 -59.334251 12.10895 62.280922 0.06026 0.150445 -1.789687 -10.026449 31.737045 17.636631 -26.322725 52.411186 -19.466663 -14.395598 29.410389 1e-06 -8.774822 -1e-06 15.017844 -18.114983 6.40077 -0.609777 -1.795655 -3.889328 -4.807091 -11.046812 -2.937848 3e-06 -20.976015 -2e-06 -5.019973 -25.033558 -4.031881 5e-06 2e-06 -1e-06 -10.634535 -5.686972 -3.565587 10.573275 -17.922953 -3.1139 2e-06 -13.821211 -2e-06 -0.501777 -31.181507 -4.02702 -10.861259 -58.85603 6.878376 -13.982716 -7.150198 -2.875043 13.772731 -8.401491 -3.218239 0.347733 -34.211552 0.771653 -0.963032 -17.73337 2.621022 -0.0 2e-06 1e-06 -17.346422 -20.095219 -4.201782 21.757557 -1.638373 3.866427 1e-06 -6.338823 -1e-06 -1.69759 -22.591747 -6.194009 -1e-06 -4e-06 -1e-06 59.541313 -77.003113 138.73703 -0.458017 -56.784088 5.600401 55.315285 0.385045 1.041847 -9.129841 -3.911935 28.020863 22.182117 -20.375898 49.933323 -16.701817 -16.74353 28.476532 -3e-06 -12.690602 -1e-06 16.186609 -17.199236 2.539036 -0.105919 -1.513855 -4.275882 -5.039041 -5.612873 -2.953557 4e-06 -11.020526 -2e-06 -6.111298 -15.895338 -3.840472 0.0 0.0 1e-06 -10.28337 -5.680289 -4.341839 11.028296 -11.302407 -2.372633 -1.384268 -14.238583 -6.320124 -0.625438 -26.924194 -3.827602 -4.087347 -49.541813 -3.936501 -13.708524 -7.363475 -3.72094 18.141153 -14.052742 -3.242676 6e-06 -18.787271 -3e-06 -0.429711 -8.456045 2.555504 0.0 -1e-06 -0.0 -15.923534 -20.094484 -5.473585 30.419214 -7.190827 1.735924 3e-06 -8.162927 -2e-06 -1.861903 -22.861473 -6.167943 1e-06 -2e-06 -1e-06 179.571823 -7.295571 5.49429 10.87503 0.001173 0.12579 -80.793831 3.921216 -5.977269 -5.680133 1.617426 2.161183 -0.999998 0.0 -0.0 -1.412716 0.832394 -8.748021 13.611779 -0.029844 -0.010508 -79.999969 -4.410427 -3.29704 -5.16334 0.685099 1.659322 -1.000003 0.0 -0.0 
0.0 0.0 0.0 0.0 -0.0 0.0 2.718575 100.138321 -0.350545 88.305389 -0.632558 95.590843 2.819676 1.649055 -0.06082 -9.954931 0.039444 0.367804 13.458151 1.115001 -2.250638 20.352951 6.608551 2.791407 -2.631546 -1.063243 -8.921917 -43.187168 -2.37089 -11.741217 7e-06 1e-06 2e-06 0.051716 0.000309 0.006964 0.073239 -0.118506 -0.048252 0.047789 0.121386 0.056138 -115.589905 -68.360237 135.84639 7.362969 -58.321136 13.257421 61.808746 0.062305 0.126012 -1.600233 -9.6622 30.63653 17.636625 -26.322739 52.411205 -19.466658 -14.3956 29.410393 -0.0 -8.774822 -2e-06 15.10382 -18.006079 6.306377 -0.609776 -1.795653 -3.889328 -4.80709 -11.046811 -2.937849 4e-06 -20.976015 -2e-06 -5.01997 -25.033554 -4.031879 7e-06 -0.0 -1e-06 -10.634535 -5.68697 -3.565589 10.573274 -17.922953 -3.113897 4e-06 -13.821209 -1e-06 -0.501777 -31.181505 -4.027013 -10.817955 -58.994331 6.874243 -13.982713 -7.150198 -2.875041 13.772728 -8.401494 -3.218239 0.347736 -34.211555 0.771653 -0.96303 -17.733372 2.621023 1e-06 0.0 1e-06 -17.346416 -20.095215 -4.201779 21.757559 -1.638376 3.866426 1e-06 -6.338823 -1e-06 -1.697586 -22.591747 -6.194004 -2e-06 -2e-06 -1e-06 59.040348 -77.062561 139.204361 -0.895286 -57.157764 5.428051 55.833046 0.480622 1.08892 -9.856368 -3.899206 28.768505 22.182114 -20.375896 49.933323 -16.701813 -16.74353 28.476532 -3e-06 -12.690601 -2e-06 16.199316 -17.176674 2.531539 -0.10592 -1.513856 -4.275882 -5.039041 -5.612872 -2.953557 4e-06 -11.020523 -3e-06 -6.111298 -15.895332 -3.84047 0.0 0.0 -2e-06 -10.28337 -5.680288 -4.341836 11.028294 -11.302405 -2.372633 -1.384268 -14.238581 -6.320122 -0.625437 -26.924187 -3.827601 -4.078239 -49.545486 -3.917775 -13.708525 -7.363475 -3.720938 18.14115 -14.052737 -3.242675 6e-06 -18.787268 -2e-06 -0.429713 -8.456042 2.555503 0.0 -1e-06 2e-06 -15.923532 -20.094482 -5.473586 30.41921 -7.190827 1.735929 3e-06 -8.162925 -1e-06 -1.861903 -22.861467 -6.167942 -0.0 -3e-06 -2e-06 179.616135 -7.229795 5.960329 11.16451 0.004943 0.147226 -80.951653 3.858407 -5.85839 -5.577475 1.592424 2.163415 -0.999998 -0.0 -0.0 -1.046543 0.77627 -9.20705 13.582583 -0.029892 -0.032398 -79.992241 -4.293422 -3.455155 -5.170799 0.673347 1.65912 -1.000002 -0.0 0.0 
0.0 0.0 0.0 0.0 -0.0 0.0 2.840544 100.127266 -0.249848 88.297226 -0.460003 96.075378 2.770913 1.553583 0.007766 -9.957993 0.031178 0.600781 13.428366 0.979108 -1.997765 20.681276 7.196527 2.845906 -2.639247 -1.072027 -9.59386 -43.113705 -2.706422 -12.332771 5e-06 1e-06 2e-06 0.058738 0.001086 0.005916 0.069561 -0.12222 -0.052305 0.045715 0.126186 0.055953 -115.703758 -67.423294 136.164612 5.073218 -57.279297 14.145826 61.435661 0.08166 0.113874 -1.52844 -9.385398 29.994059 17.636621 -26.322721 52.411182 -19.466654 -14.395596 29.410385 -0.0 -8.774819 -4e-06 15.202943 -17.931686 6.234277 -0.609777 -1.795654 -3.889325 -4.807086 -11.046807 -2.93785 3e-06 -20.976011 -2e-06 -5.01997 -25.033546 -4.03188 5e-06 -1e-06 0.0 -10.634532 -5.68697 -3.565587 10.573272 -17.922945 -3.113899 3e-06 -13.821204 -3e-06 -0.50178 -31.181494 -4.027013 -10.767315 -59.095104 6.842798 -13.98271 -7.150195 -2.875042 13.772726 -8.401489 -3.218243 0.347734 -34.21154 0.771656 -0.963032 -17.733364 2.621021 1e-06 -1e-06 2e-06 -17.346413 -20.095211 -4.201784 21.757553 -1.638374 3.866428 2e-06 -6.338822 -0.0 -1.69759 -22.591742 -6.194005 0.0 -2e-06 -2e-06 58.710365 -77.118233 139.511673 -1.331442 -57.632565 5.511151 56.448586 0.606626 1.116218 -10.328805 -3.958214 29.02701 22.18211 -20.375891 49.933308 -16.701811 -16.743528 28.476526 -4e-06 -12.690598 -2e-06 16.188343 -17.153131 2.53702 -0.105919 -1.513855 -4.275882 -5.039039 -5.612871 -2.953553 5e-06 -11.020521 -2e-06 -6.111294 -15.89533 -3.840472 -0.0 -0.0 -0.0 -10.283365 -5.680286 -4.34184 11.028289 -11.302404 -2.372632 -1.384268 -14.238579 -6.320118 -0.625441 -26.924183 -3.827597 -4.087683 -49.547722 -3.884149 -13.708519 -7.363474 -3.720938 18.141146 -14.052739 -3.242677 7e-06 -18.78727 -3e-06 -0.429711 -8.456045 2.555504 -2e-06 -1e-06 3e-06 -15.923528 -20.094479 -5.473585 30.419205 -7.190824 1.735925 3e-06 -8.162924 0.0 -1.8619 -22.861465 -6.167941 -0.0 -4e-06 -2e-06 179.60144 -7.144119 6.445924 11.483361 0.000186 0.164239 -81.101097 3.804937 -5.766028 -5.488351 1.557728 2.16075 -0.999999 0.0 0.0 -0.746675 0.70264 -9.691244 13.615435 -0.028195 -0.051726 -80.044716 -4.203936 -3.60037 -5.173032 0.672462 1.664022 -1.000002 0.0 0.0 
0.0 0.0 0.0 0.0 -0.0 0.0 2.96024 100.11512 -0.177878 88.286369 -0.304413 96.564468 2.720177 1.460542 0.06335 -9.965334 0.025117 0.816407 13.377641 0.850956 -1.744093 21.049133 7.77253 2.872104 -2.641749 -1.053898 -10.240419 -42.974518 -3.013944 -12.887345 6e-06 1e-06 2e-06 0.064434 0.002896 0.004975 0.063344 -0.120507 -0.055475 0.038725 0.127891 0.055682 -115.750427 -66.569763 136.315735 3.247274 -56.348015 14.769065 61.086823 0.125549 0.09779 -1.610969 -9.127435 29.929941 17.636621 -26.322723 52.411182 -19.46665 -14.395594 29.410381 0.0 -8.774819 -2e-06 15.282597 -17.877552 6.188307 -0.609777 -1.795653 -3.889327 -4.807087 -11.046807 -2.93785 3e-06 -20.976013 0.0 -5.01997 -25.033552 -4.03188 7e-06 2e-06 0.0 -10.634529 -5.686969 -3.565588 10.573271 -17.922945 -3.1139 3e-06 -13.821205 -2e-06 -0.501778 -31.181494 -4.027014 -10.694287 -59.143475 6.783381 -13.982708 -7.150194 -2.875042 13.772724 -8.401488 -3.21824 0.347734 -34.21154 0.771652 -0.96303 -17.733366 2.621018 1e-06 -1e-06 -1e-06 -17.346413 -20.095211 -4.201779 21.757553 -1.638373 3.866426 1e-06 -6.33882 -0.0 -1.69759 -22.591736 -6.194004 -0.0 -5e-06 -2e-06 58.468788 -77.162659 139.727142 -1.739839 -58.202393 5.713053 57.067688 0.706374 1.156848 -10.566694 -3.984227 28.885382 22.182108 -20.375893 49.933319 -16.701811 -16.74353 28.476528 -3e-06 -12.6906 -0.0 16.154217 -17.131746 2.552468 -0.105919 -1.513856 -4.275881 -5.03904 -5.612869 -2.953552 3e-06 -11.02052 -1e-06 -6.111298 -15.89533 -3.840472 0.0 -1e-06 -2e-06 -10.283369 -5.680289 -4.341838 11.028291 -11.302402 -2.372632 -1.384269 -14.238577 -6.32012 -0.625438 -26.924183 -3.8276 -4.117534 -49.512836 -3.843168 -13.708522 -7.363474 -3.720938 18.14115 -14.052738 -3.242676 7e-06 -18.787266 -2e-06 -0.429711 -8.456045 2.555504 -2e-06 -0.0 1e-06 -15.923532 -20.094482 -5.473585 30.41921 -7.190824 1.735925 2e-06 -8.162924 0.0 -1.861903 -22.861467 -6.16794 -0.0 -1e-06 -2e-06 179.533051 -7.052232 6.963636 11.839057 -0.01067 0.176423 -81.257027 3.72949 -5.705975 -5.436974 1.526113 2.156918 -0.999999 -0.0 -0.0 -0.487605 0.63366 -10.16733 13.656487 -0.024836 -0.059807 -80.069168 -4.142556 -3.711829 -5.183622 0.677826 1.670245 -1.000002 0.0 0.0 
0.0 0.0 0.0 0.0 -0.0 0.0 3.077039 100.104645 -0.126024 88.273239 -0.15626 97.035141 2.661793 1.359872 0.108615 -9.984736 0.017464 1.010916 13.324772 0.719905 -1.508975 21.436523 8.382751 2.870129 -2.636145 -1.047255 -10.796468 -42.728085 -3.278569 -13.436216 5e-06 1e-06 -1e-06 0.063907 0.003902 0.005049 0.055497 -0.116449 -0.055802 0.02829 0.125858 0.055104 -115.72242 -65.808723 136.335571 1.856572 -55.626472 15.10476 60.732002 0.18594 0.058362 -1.856919 -8.815279 30.489193 17.636629 -26.322729 52.41119 -19.466663 -14.395598 29.410393 -1e-06 -8.774822 -4e-06 15.368576 -17.842615 6.144617 -0.609776 -1.795654 -3.88933 -4.807088 -11.046809 -2.93785 5e-06 -20.976015 -1e-06 -5.01997 -25.033552 -4.031881 6e-06 1e-06 -1e-06 -10.634534 -5.686971 -3.565588 10.573276 -17.922951 -3.113905 3e-06 -13.82121 2e-06 -0.501776 -31.181501 -4.027016 -10.651896 -59.189846 6.735108 -13.982715 -7.150198 -2.875044 13.772732 -8.401491 -3.218241 0.347734 -34.211555 0.771651 -0.963028 -17.733372 2.621022 2e-06 -0.0 -1e-06 -17.346416 -20.095217 -4.201784 21.757557 -1.638376 3.866426 2e-06 -6.338823 0.0 -1.697587 -22.591742 -6.194007 0.0 -2e-06 -2e-06 58.185242 -77.206154 139.987076 -2.070349 -58.84354 5.9783 57.594158 0.794272 1.195369 -10.631804 -3.985735 28.547741 22.182116 -20.375895 49.933319 -16.701815 -16.743525 28.47653 -4e-06 -12.6906 -0.0 16.111961 -17.121639 2.562226 -0.105918 -1.513857 -4.275881 -5.039041 -5.612871 -2.953555 4e-06 -11.020524 -3e-06 -6.111297 -15.895334 -3.840471 -0.0 -0.0 -0.0 -10.283369 -5.680288 -4.341838 11.028294 -11.302406 -2.372635 -1.384267 -14.23858 -6.320123 -0.625436 -26.924191 -3.827599 -4.155734 -49.467842 -3.8261 -13.708523 -7.363476 -3.720941 18.14115 -14.052741 -3.242676 8e-06 -18.787271 -2e-06 -0.429711 -8.456046 2.555506 -1e-06 -1e-06 1e-06 -15.923532 -20.094482 -5.473586 30.419207 -7.190827 1.735924 3e-06 -8.162925 0.0 -1.861898 -22.861467 -6.167943 -2e-06 -2e-06 -1e-06 179.439621 -6.958593 7.509972 12.216318 -0.018739 0.179305 -81.405655 3.631971 -5.685141 -5.413487 1.501493 2.153236 -0.999998 -0.0 -0.0 -0.248317 0.573598 -10.604275 13.689601 -0.020481 -0.056574 -80.077003 -4.111385 -3.789304 -5.227916 0.681251 1.672948 -1.000002 -0.0 -0.0 
0.0 0.0 0.0 0.0 -0.0 0.0 3.185153 100.098976 -0.089924 88.243446 -0.014687 97.480972 2.584443 1.262051 0.147677 -10.009215 0.009047 1.184284 13.277528 0.588802 -1.317403 21.814804 9.025038 2.855102 -2.637704 -1.054832 -11.259863 -42.370766 -3.469539 -13.940806 6e-06 0.0 2e-06 0.058509 0.004814 0.010214 0.044685 -0.112054 -0.050267 0.014415 0.123372 0.059265 -115.706795 -65.162338 136.342773 0.871227 -55.15694 15.234005 60.447613 0.276835 0.00731 -2.189569 -8.462422 31.459896 17.636625 -26.322733 52.411205 -19.466658 -14.395597 29.410393 0.0 -8.774821 -2e-06 15.477484 -17.817039 6.084917 -0.609775 -1.795653 -3.889326 -4.80709 -11.046809 -2.937851 3e-06 -20.976015 2e-06 -5.01997 -25.033558 -4.03188 5e-06 0.0 0.0 -10.634533 -5.686971 -3.565587 10.573274 -17.922947 -3.113901 2e-06 -13.821209 0.0 -0.501779 -31.181501 -4.027016 -10.648067 -59.244305 6.710081 -13.982712 -7.150198 -2.875042 13.772729 -8.401489 -3.218243 0.347727 -34.211544 0.771656 -0.96303 -17.73337 2.62102 1e-06 -1e-06 -1e-06 -17.346413 -20.095215 -4.201782 21.757555 -1.638374 3.866425 2e-06 -6.338822 -0.0 -1.697591 -22.591738 -6.194004 -2e-06 -3e-06 -0.0 57.996517 -77.261475 140.18457 -2.228472 -59.54557 6.147273 57.929745 0.835705 1.220908 -10.562344 -3.933606 28.270781 22.182117 -20.375895 49.933319 -16.701807 -16.743525 28.476526 -3e-06 -12.690598 -1e-06 16.07123 -17.129852 2.570059 -0.105919 -1.513857 -4.275882 -5.039041 -5.612869 -2.953555 3e-06 -11.02052 -1e-06 -6.111297 -15.89533 -3.840471 -0.0 -1e-06 -1e-06 -10.283371 -5.680288 -4.34184 11.028292 -11.302405 -2.372633 -1.384268 -14.238579 -6.320124 -0.625439 -26.924187 -3.827599 -4.187585 -49.43626 -3.82604 -13.708523 -7.363474 -3.720939 18.141148 -14.052739 -3.242675 5e-06 -18.78727 2e-06 -0.429711 -8.456043 2.555505 0.0 -1e-06 1e-06 -15.923536 -20.094482 -5.473587 30.41921 -7.190826 1.735928 3e-06 -8.162925 2e-06 -1.861903 -22.861467 -6.167937 -1e-06 -1e-06 -3e-06 179.333542 -6.951568 8.050543 12.610762 -0.02299 0.178836 -81.511284 3.552334 -5.733097 -5.386282 1.489849 2.15256 -0.999999 0.0 -0.0 -0.032246 0.541015 -11.007169 13.723173 -0.017077 -0.053626 -80.048073 -4.073828 -3.81284 -5.284055 0.683893 1.673681 -1.000002 0.0 -0.0 
0.0 0.0 0.0 0.0 -0.0 0.0 3.275975 100.100235 -0.06329 88.183281 0.123396 97.888153 2.488928 1.170702 0.188305 -10.030774 -0.006038 1.33879 13.223445 0.474898 -1.168168 22.197048 9.729206 2.846923 -2.650291 -1.072641 -11.664782 -41.932079 -3.599304 -14.386199 7e-06 0.0 1e-06 0.053147 0.003995 0.011795 0.028651 -0.109891 -0.048453 -0.002321 0.119596 0.060474 -115.737694 -64.633568 136.331268 0.149008 -54.925117 15.285342 60.354057 0.353762 -0.059443 -2.528846 -8.086178 32.699261 17.636623 -26.322733 52.411182 -19.466656 -14.395597 29.410385 -0.0 -8.774819 -3e-06 15.566383 -17.805244 6.02584 -0.609777 -1.795653 -3.889325 -4.807086 -11.046805 -2.937852 3e-06 -20.976009 4e-06 -5.019971 -25.033545 -4.031875 6e-06 -1e-06 -0.0 -10.634532 -5.686967 -3.565587 10.573268 -17.922945 -3.113897 2e-06 -13.821205 3e-06 -0.501779 -31.181488 -4.027012 -10.661985 -59.273857 6.699817 -13.982711 -7.150196 -2.87504 13.772727 -8.401489 -3.218242 0.347729 -34.211544 0.771659 -0.963031 -17.73337 2.621021 -0.0 2e-06 1e-06 -17.346413 -20.095211 -4.201779 21.757549 -1.638374 3.866425 1e-06 -6.338821 2e-06 -1.697589 -22.591738 -6.194002 -1e-06 -5e-06 -0.0 57.900074 -77.316673 140.293762 -2.255725 -60.235249 6.23167 58.027668 0.827834 1.230926 -10.438343 -3.870059 28.043943 22.18211 -20.375891 49.933315 -16.701811 -16.743525 28.476522 -3e-06 -12.690597 -0.0 16.043419 -17.157093 2.575928 -0.105919 -1.513857 -4.275879 -5.039041 -5.612871 -2.953557 3e-06 -11.020523 -2e-06 -6.111297 -15.89533 -3.840472 0.0 0.0 0.0 -10.283368 -5.680288 -4.341838 11.028293 -11.302403 -2.372633 -1.384267 -14.238579 -6.320119 -0.625438 -26.924183 -3.827601 -4.193935 -49.42395 -3.84684 -13.70852 -7.363475 -3.72094 18.141146 -14.052738 -3.242674 6e-06 -18.78727 -0.0 -0.429711 -8.456043 2.555507 -1e-06 -0.0 0.0 -15.923532 -20.094482 -5.473582 30.419207 -7.190826 1.735928 4e-06 -8.162925 -1e-06 -1.8619 -22.861467 -6.167943 -1e-06 -1e-06 -0.0 179.205185 -6.901399 8.527245 13.013888 -0.023392 0.178694 -81.637947 3.460154 -5.710906 -5.359304 1.48887 2.152706 -0.999999 -0.0 0.0 0.171827 0.557968 -11.386893 13.738964 -0.019129 -0.05125 -79.962776 -4.014522 -3.817284 -5.337374 0.688463 1.675618 -1.000002 -0.0 -0.0 
0.0 0.0 0.0 0.0 -0.0 0.0 3.353161 100.098038 -0.036627 88.097664 0.274117 98.246826 2.381624 1.079539 0.233788 -10.048669 -0.030541 1.485593 13.156219 0.363749 -1.030889 22.610943 10.556254 2.856038 -2.669372 -1.099308 -12.0672 -41.406265 -3.687719 -14.798522 6e-06 0.0 1e-06 0.050918 0.002756 0.013529 0.011142 -0.109143 -0.046673 -0.018197 0.116374 0.062546 -115.835655 -64.168182 136.339966 -0.430681 -54.896988 15.298372 60.603409 0.412059 -0.125319 -2.861772 -7.708712 34.25071 17.636627 -26.322723 52.411175 -19.466656 -14.395594 29.410378 0.0 -8.774821 -3e-06 15.618923 -17.803082 5.966227 -0.609776 -1.795654 -3.889328 -4.80709 -11.046809 -2.937849 2e-06 -20.976013 2e-06 -5.019974 -25.033554 -4.031876 5e-06 0.0 -0.0 -10.634533 -5.686972 -3.565585 10.57327 -17.922945 -3.113897 1e-06 -13.821206 1e-06 -0.501781 -31.181498 -4.027015 -10.661884 -59.263748 6.676169 -13.982712 -7.150198 -2.875041 13.772727 -8.401489 -3.218241 0.347728 -34.211544 0.771656 -0.963028 -17.73337 2.62102 -2e-06 -0.0 1e-06 -17.346418 -20.095217 -4.201779 21.757555 -1.638372 3.866428 1e-06 -6.338822 1e-06 -1.697592 -22.591742 -6.194003 -1e-06 -3e-06 -2e-06 57.928974 -77.385948 140.307312 -2.150129 -60.879753 6.240242 57.909855 0.806488 1.224575 -10.306047 -3.815376 27.891378 22.182106 -20.375887 49.933304 -16.701811 -16.743528 28.476528 -4e-06 -12.690598 2e-06 16.022131 -17.177584 2.579179 -0.105919 -1.513856 -4.27588 -5.039041 -5.612872 -2.953556 4e-06 -11.020521 -2e-06 -6.111295 -15.89533 -3.840472 0.0 0.0 -2e-06 -10.283369 -5.680287 -4.341838 11.028293 -11.302406 -2.372633 -1.384268 -14.238583 -6.32012 -0.625439 -26.924191 -3.8276 -4.198227 -49.430328 -3.860685 -13.708519 -7.363473 -3.720938 18.141146 -14.052739 -3.242674 5e-06 -18.78727 -1e-06 -0.429711 -8.456045 2.555504 -1e-06 -1e-06 1e-06 -15.92353 -20.094482 -5.473584 30.419205 -7.190824 1.735925 4e-06 -8.162925 0.0 -1.861901 -22.861467 -6.167942 -2e-06 -0.0 1e-06 179.085953 -6.881082 8.93034 13.431976 -0.024626 0.177458 -81.793999 3.387046 -5.675919 -5.343972 1.492346 2.1514 -1.0 -0.0 0.0 0.38343 0.615279 -11.7535 13.746018 -0.023877 -0.052763 -79.869522 -3.902477 -3.830953 -5.385591 0.692796 1.678722 -1.000002 0.0 -0.0 
0.0 0.0 0.0 0.0 -0.0 0.0 3.432316 100.077927 -0.014693 88.015663 0.4414 98.541405 2.269657 0.977627 0.281691 -10.059743 -0.054504 1.628024 13.072935 0.22571 -0.887632 23.064163 11.482748 2.860433 -2.677178 -1.122062 -12.444865 -40.750767 -3.721108 -15.194167 5e-06 0.0 2e-06 0.053806 0.001316 0.016405 0.000717 -0.107294 -0.043509 -0.026222 0.111734 0.065586 -116.045883 -63.732018 136.43605 -0.856372 -55.065414 15.247206 61.315277 0.514488 -0.126932 -3.11712 -7.33881 35.998726 17.636625 -26.322725 52.411182 -19.466652 -14.395592 29.410376 -0.0 -8.77482 -5e-06 15.632353 -17.807682 5.910073 -0.609776 -1.795653 -3.889327 -4.807088 -11.046809 -2.93785 3e-06 -20.976013 1e-06 -5.019969 -25.033554 -4.031879 5e-06 -1e-06 -0.0 -10.634532 -5.686971 -3.565585 10.57327 -17.922947 -3.113898 2e-06 -13.821208 1e-06 -0.501777 -31.181501 -4.027014 -10.630899 -59.22171 6.641219 -13.982711 -7.150198 -2.875041 13.772727 -8.401489 -3.218241 0.34773 -34.211544 0.771657 -0.963029 -17.73337 2.62102 -0.0 -0.0 -1e-06 -17.346415 -20.095213 -4.201779 21.757555 -1.638374 3.866429 2e-06 -6.338822 1e-06 -1.697589 -22.59174 -6.194002 -2e-06 -2e-06 -2e-06 58.214542 -77.489494 140.048935 -1.995194 -61.404179 6.343801 57.572067 0.82 1.234194 -10.166481 -3.712174 27.852713 22.182119 -20.375895 49.933319 -16.701815 -16.74353 28.476524 -3e-06 -12.690601 -2e-06 16.02857 -17.199314 2.58873 -0.105918 -1.513855 -4.275878 -5.039043 -5.612872 -2.953558 3e-06 -11.020525 -2e-06 -6.1113 -15.895334 -3.840472 0.0 -0.0 -0.0 -10.283371 -5.680288 -4.341839 11.028294 -11.302404 -2.372629 -1.384269 -14.238581 -6.32012 -0.625441 -26.924191 -3.827598 -4.22516 -49.478226 -3.841769 -13.708526 -7.363479 -3.720937 18.141151 -14.052739 -3.242678 6e-06 -18.78727 -1e-06 -0.429711 -8.456044 2.555506 -1e-06 -1e-06 1e-06 -15.923536 -20.094484 -5.473584 30.419214 -7.190827 1.735931 4e-06 -8.162925 -1e-06 -1.8619 -22.861475 -6.167947 -2e-06 0.0 1e-06 178.985138 -6.862726 9.233885 13.873163 -0.028541 0.17172 -82.021805 3.350746 -5.592045 -5.341265 1.497591 2.147398 -0.999998 -0.0 -0.0 0.595741 0.66928 -12.07046 13.76937 -0.027018 -0.05966 -79.851746 -3.760981 -3.87865 -5.404791 0.69801 1.682206 -1.000001 -0.0 0.0 
0.0 0.0 0.0 0.0 -0.0 0.0 3.52583 100.037262 -0.0099 87.991577 0.628008 98.776146 2.166807 0.853009 0.323037 -10.070581 -0.072838 1.754242 12.989776 0.023457 -0.74589 23.573006 12.43695 2.858374 -2.671658 -1.124475 -12.769293 -40.025909 -3.673964 -15.509656 6e-06 -0.0 -0.0 0.054198 -0.001473 0.010189 -0.00917 -0.106882 -0.048757 -0.034657 0.105989 0.058848 -116.34259 -63.337547 136.628723 -1.083211 -55.532688 14.831206 62.498295 0.651527 -0.077918 -3.169775 -6.930361 37.591949 17.636633 -26.322723 52.411182 -19.466665 -14.395597 29.410389 -0.0 -8.774822 -2e-06 15.609947 -17.838375 5.859579 -0.609776 -1.795655 -3.889327 -4.80709 -11.046811 -2.937852 3e-06 -20.976019 -1e-06 -5.019971 -25.033556 -4.031879 6e-06 -0.0 0.0 -10.634537 -5.686973 -3.565587 10.573275 -17.922951 -3.113901 1e-06 -13.821211 1e-06 -0.501776 -31.181507 -4.027017 -10.558436 -59.121204 6.579169 -13.982718 -7.1502 -2.875042 13.772731 -8.401492 -3.218243 0.347732 -34.211555 0.771651 -0.96303 -17.73337 2.621023 -2e-06 0.0 0.0 -17.346424 -20.095221 -4.201782 21.757561 -1.638375 3.866428 0.0 -6.338824 1e-06 -1.697591 -22.591747 -6.194005 -0.0 -5e-06 -2e-06 58.861675 -77.640724 139.360733 -1.779703 -61.716339 6.60891 56.974972 0.897109 1.282616 -9.990086 -3.472798 27.968653 22.182119 -20.375895 49.933315 -16.701811 -16.743526 28.476522 -2e-06 -12.690601 -1e-06 16.068159 -17.232031 2.584053 -0.10592 -1.513856 -4.275881 -5.039039 -5.612871 -2.953554 4e-06 -11.020523 -1e-06 -6.111296 -15.89533 -3.840474 -1e-06 -1e-06 -1e-06 -10.283369 -5.680287 -4.341839 11.028294 -11.302403 -2.372632 -1.384269 -14.238578 -6.320121 -0.625439 -26.924187 -3.8276 -4.247802 -49.554821 -3.838749 -13.708524 -7.363476 -3.72094 18.141146 -14.052736 -3.242672 5e-06 -18.787266 2e-06 -0.429711 -8.456041 2.555503 -1e-06 0.0 1e-06 -15.923536 -20.094482 -5.473582 30.41921 -7.190824 1.73593 4e-06 -8.162925 -1e-06 -1.861902 -22.861467 -6.167942 -1e-06 -1e-06 -0.0 178.959244 -6.785125 9.456293 14.237847 -0.038826 0.154503 -82.285141 3.339157 -5.444873 -5.348672 1.501563 2.140929 -0.999999 -0.0 -0.0 0.761364 0.640471 -12.340396 13.92072 -0.027233 -0.06219 -79.969208 -3.607471 -3.935021 -5.404012 0.710013 1.686329 -1.000003 -0.0 -0.0 
0.0 0.0 0.0 0.0 -0.0 0.0 3.63491 100.005249 -0.025828 88.052986 0.800418 98.939201 2.059813 0.704963 0.349504 -10.093995 -0.086291 1.865685 12.925286 -0.244851 -0.643992 24.128479 13.304198 2.868631 -2.665241 -1.118128 -12.995056 -39.29385 -3.543351 -15.749351 6e-06 0.0 3e-06 0.051677 -0.007442 -0.011531 -0.016055 -0.110985 -0.067853 -0.040467 0.098389 0.034496 -116.686226 -62.994022 136.86821 -1.091805 -56.360973 13.824318 64.097313 0.813357 -0.092385 -3.109235 -6.38464 38.953865 17.636625 -26.322729 52.411179 -19.46666 -14.395597 29.410381 0.0 -8.774821 -1e-06 15.585763 -17.898458 5.833919 -0.609777 -1.795654 -3.88933 -4.807087 -11.046809 -2.937848 3e-06 -20.976015 1e-06 -5.019971 -25.033556 -4.031878 6e-06 2e-06 1e-06 -10.634531 -5.686971 -3.565588 10.573272 -17.922951 -3.113902 3e-06 -13.821209 2e-06 -0.501777 -31.181505 -4.027015 -10.520704 -59.022488 6.560558 -13.982712 -7.150197 -2.875043 13.772727 -8.40149 -3.21824 0.34773 -34.211552 0.771656 -0.963026 -17.733372 2.621019 -2e-06 1e-06 1e-06 -17.346418 -20.095219 -4.20178 21.757557 -1.638375 3.866428 1e-06 -6.338823 2e-06 -1.69759 -22.591745 -6.194007 0.0 -5e-06 -2e-06 59.694893 -77.830734 138.420624 -1.461381 -61.729324 6.790251 56.203365 0.972115 1.309231 -9.847095 -3.01521 28.450592 22.18211 -20.375893 49.933308 -16.701809 -16.743526 28.476524 -3e-06 -12.690598 2e-06 16.140411 -17.272219 2.548805 -0.105919 -1.513858 -4.275878 -5.039039 -5.612872 -2.953553 4e-06 -11.020523 -0.0 -6.111299 -15.895332 -3.840468 -0.0 1e-06 -0.0 -10.283367 -5.680287 -4.341835 11.028292 -11.302404 -2.372633 -1.384269 -14.238578 -6.320119 -0.625439 -26.924189 -3.827599 -4.222866 -49.6297 -3.882331 -13.708519 -7.363474 -3.720937 18.141146 -14.052738 -3.242676 4e-06 -18.78727 2e-06 -0.429711 -8.456043 2.555502 -1e-06 0.0 0.0 -15.923532 -20.094481 -5.473581 30.419205 -7.190823 1.735929 3e-06 -8.162922 -0.0 -1.861901 -22.861467 -6.167941 -1e-06 -2e-06 -3e-06 179.037766 -6.711384 9.674664 14.433121 -0.045873 0.129508 -82.395821 3.315241 -5.347616 -5.375554 1.511959 2.13624 -1.0 -0.0 -0.0 0.85504 0.486154 -12.599845 14.184059 -0.023715 -0.05229 -80.118546 -3.42143 -3.971366 -5.40991 0.727505 1.690347 -1.000004 0.0 -0.0 
0.0 0.0 0.0 0.0 -0.0 0.0 3.758488 99.986992 -0.058513 88.171356 0.93943 98.991844 1.953973 0.556205 0.366156 -10.117489 -0.099875 1.954688 12.838914 -0.526063 -0.566487 24.688992 13.984018 2.900357 -2.665758 -1.108907 -13.131214 -38.58358 -3.342462 -15.917503 6e-06 0.0 2e-06 0.049255 -0.015733 -0.042442 -0.018561 -0.118864 -0.094573 -0.041502 0.089843 -0.000881 -117.111656 -62.722939 137.132385 -0.955346 -57.496567 12.280685 66.049423 0.956528 -0.190455 -2.97247 -5.680506 39.90609 17.636623 -26.322733 52.411213 -19.466661 -14.395598 29.410395 -1e-06 -8.774821 -0.0 15.564439 -17.945374 5.835181 -0.609776 -1.795653 -3.889329 -4.807089 -11.046811 -2.937851 4e-06 -20.976019 -1e-06 -5.019968 -25.03356 -4.031883 5e-06 2e-06 2e-06 -10.634533 -5.686972 -3.565589 10.573275 -17.922951 -3.113904 3e-06 -13.821209 2e-06 -0.501773 -31.181507 -4.027021 -10.523186 -58.957581 6.581438 -13.982714 -7.150198 -2.875045 13.772731 -8.401492 -3.218245 0.347734 -34.211555 0.771652 -0.963027 -17.733372 2.621021 -2e-06 3e-06 -0.0 -17.346418 -20.095219 -4.201785 21.757557 -1.638375 3.866428 0.0 -6.338823 1e-06 -1.697589 -22.591743 -6.194009 1e-06 -4e-06 -2e-06 60.528072 -78.062981 137.444916 -1.024349 -61.414207 6.672144 55.346519 0.984801 1.286304 -9.801035 -2.257919 29.400255 22.182117 -20.375898 49.933323 -16.701815 -16.743528 28.476536 -3e-06 -12.690603 1e-06 16.221249 -17.290812 2.489879 -0.10592 -1.513858 -4.275885 -5.039041 -5.612874 -2.953556 5e-06 -11.020525 -2e-06 -6.111298 -15.895334 -3.840476 0.0 -0.0 1e-06 -10.283371 -5.680288 -4.34184 11.028294 -11.302406 -2.372636 -1.384268 -14.23858 -6.320122 -0.625436 -26.924189 -3.8276 -4.149209 -49.631359 -3.958135 -13.708526 -7.363478 -3.720939 18.141151 -14.052739 -3.242674 7e-06 -18.787271 -1e-06 -0.42971 -8.456045 2.555502 -0.0 1e-06 -0.0 -15.923536 -20.094484 -5.473584 30.419214 -7.190827 1.735925 4e-06 -8.162925 -0.0 -1.861901 -22.861469 -6.167943 -0.0 -3e-06 -1e-06 179.179993 -6.492374 9.898738 14.459073 -0.047488 0.110702 -82.424927 3.174535 -5.163366 -5.419624 1.529806 2.133423 -0.999998 -0.0 -0.0 0.84885 0.230126 -12.836541 14.563299 -0.017649 -0.022053 -80.261093 -3.184582 -3.975908 -5.445516 0.7351 1.690029 -1.000004 -0.0 -0.0 
0.0 0.0 0.0 0.0 -0.0 0.0 3.897207 99.975983 -0.114088 88.301651 1.048933 98.945076 1.858676 0.429652 0.372319 -10.134543 -0.113403 2.019564 12.727835 -0.776226 -0.500056 25.177366 14.435502 2.964157 -2.678813 -1.106108 -13.212301 -37.91637 -3.096827 -15.979328 6e-06 0.0 2e-06 0.050253 -0.024768 -0.075333 -0.015159 -0.129807 -0.123898 -0.035624 0.082829 -0.037536 -117.557434 -62.578339 137.359589 -0.653022 -58.791187 10.329684 68.358147 0.982433 -0.317321 -2.713299 -4.829786 40.030464 17.636631 -26.322727 52.411182 -19.466658 -14.3956 29.410385 1e-06 -8.774824 -1e-06 15.547525 -17.998259 5.868638 -0.609778 -1.795654 -3.889327 -4.807093 -11.046813 -2.937851 3e-06 -20.976019 1e-06 -5.019974 -25.03356 -4.031882 6e-06 -1e-06 1e-06 -10.634537 -5.686972 -3.565586 10.573272 -17.922951 -3.1139 1e-06 -13.821211 2e-06 -0.50178 -31.181505 -4.027016 -10.556773 -58.947346 6.61224 -13.982716 -7.1502 -2.875041 13.772731 -8.401492 -3.218243 0.347729 -34.211555 0.771654 -0.963032 -17.73337 2.621019 -0.0 1e-06 2e-06 -17.346424 -20.095217 -4.201778 21.757565 -1.638371 3.866427 -0.0 -6.338824 1e-06 -1.697594 -22.591745 -6.194007 2e-06 -6e-06 -3e-06 61.210537 -78.323593 136.585556 -0.541135 -60.785194 6.299639 54.534111 0.934874 1.216086 -9.845505 -1.24426 30.708332 22.18211 -20.375891 49.933319 -16.701805 -16.743528 28.476524 -1e-06 -12.6906 -4e-06 16.283201 -17.285412 2.432903 -0.10592 -1.513853 -4.275882 -5.039042 -5.612871 -2.953556 4e-06 -11.02052 -2e-06 -6.1113 -15.89533 -3.840469 -0.0 -0.0 1e-06 -10.28337 -5.680288 -4.341837 11.02829 -11.302401 -2.372632 -1.384271 -14.238577 -6.32012 -0.625441 -26.924183 -3.8276 -4.078845 -49.531597 -4.022703 -13.708522 -7.363475 -3.720939 18.141142 -14.052732 -3.242672 3e-06 -18.787266 -0.0 -0.429713 -8.456041 2.555502 -0.0 0.0 -0.0 -15.923538 -20.094482 -5.47358 30.41921 -7.19082 1.735927 1e-06 -8.162922 -0.0 -1.861906 -22.861464 -6.167942 0.0 -3e-06 -2e-06 179.347931 -6.248907 10.075207 14.391541 -0.046048 0.101865 -82.408745 2.989202 -4.965893 -5.500572 1.555869 2.133303 -0.999998 -0.0 0.0 0.780672 -0.060748 -13.000328 14.959221 -0.014424 0.022263 -80.377151 -2.963005 -3.971732 -5.495431 0.732748 1.685015 -1.000001 0.0 0.0 
0.0 0.0 0.0 0.0 -0.0 0.0 4.036106 99.975288 -0.192539 88.42067 1.129964 98.82798 1.779581 0.331303 0.381364 -10.155463 -0.125502 2.056844 12.614761 -0.965609 -0.47948 25.528404 14.637736 3.048711 -2.684644 -1.099451 -13.209932 -37.323063 -2.868364 -15.91516 7e-06 0.0 2e-06 0.052798 -0.031773 -0.101781 -0.005476 -0.139378 -0.148767 -0.025391 0.078525 -0.066102 -117.915359 -62.615738 137.439346 -0.159413 -59.976566 8.3191 70.972839 0.838112 -0.40882 -2.301151 -4.061533 39.145267 17.636639 -26.322737 52.41119 -19.466656 -14.395597 29.410381 0.0 -8.774821 -2e-06 15.497523 -18.049843 5.93704 -0.609777 -1.795654 -3.889328 -4.807087 -11.046809 -2.937847 3e-06 -20.976013 2e-06 -5.019969 -25.033558 -4.03188 6e-06 1e-06 1e-06 -10.634535 -5.686969 -3.565587 10.573271 -17.922947 -3.113898 4e-06 -13.821206 2e-06 -0.501778 -31.181498 -4.027014 -10.586808 -58.966267 6.629807 -13.982711 -7.150196 -2.875042 13.772726 -8.401491 -3.21824 0.347734 -34.211544 0.771654 -0.963027 -17.73337 2.621022 -1e-06 0.0 0.0 -17.346415 -20.095215 -4.201781 21.757555 -1.638375 3.866427 0.0 -6.338823 2e-06 -1.697589 -22.591742 -6.194004 -3e-06 -4e-06 0.0 61.549664 -78.547813 136.05545 -0.063529 -59.867764 5.736145 53.972382 0.841814 1.127155 -9.831156 -0.194444 31.804304 22.182114 -20.375898 49.933323 -16.701807 -16.743525 28.476528 -3e-06 -12.690598 -2e-06 16.317104 -17.269699 2.393273 -0.105919 -1.513857 -4.275882 -5.039041 -5.61287 -2.953557 5e-06 -11.02052 -2e-06 -6.111295 -15.895329 -3.840472 -0.0 -0.0 1e-06 -10.283369 -5.680286 -4.341839 11.028291 -11.302402 -2.372632 -1.384268 -14.238576 -6.320118 -0.625438 -26.924179 -3.827602 -4.025383 -49.383312 -4.066847 -13.708522 -7.363476 -3.72094 18.141146 -14.052738 -3.242674 5e-06 -18.787266 -0.0 -0.429714 -8.456042 2.555506 0.0 0.0 -0.0 -15.923532 -20.094479 -5.473584 30.419197 -7.190822 1.735926 2e-06 -8.162922 -0.0 -1.861905 -22.861464 -6.167936 1e-06 -4e-06 -3e-06 179.507187 -6.021576 10.139952 14.272358 -0.04573 0.096656 -82.346443 2.850595 -4.794522 -5.604587 1.576968 2.13443 -0.999999 0.0 -0.0 0.680372 -0.336677 -13.086534 15.300524 -0.019129 0.07108 -80.432426 -2.79071 -3.98766 -5.544005 0.73388 1.681759 -1.000002 0.0 0.0 
0.0 0.0 0.0 0.0 -0.0 0.0 4.161585 99.995926 -0.288914 88.524582 1.1924 98.666588 1.709367 0.255201 0.375968 -10.186568 -0.139628 2.053244 12.518338 -1.085501 -0.525504 25.724804 14.581643 3.115183 -2.679018 -1.094236 -13.041794 -36.772102 -2.658868 -15.713967 7e-06 -0.0 1e-06 0.053713 -0.035355 -0.112907 0.00097 -0.143066 -0.161006 -0.023295 0.075496 -0.076912 -118.067184 -62.896194 137.23735 0.491782 -60.788151 6.705195 73.70507 0.609688 -0.412638 -1.794594 -3.671424 37.490292 17.636627 -26.322727 52.411201 -19.466665 -14.395598 29.410395 -1e-06 -8.77482 -2e-06 15.443594 -18.102928 6.032781 -0.609777 -1.795655 -3.889327 -4.80709 -11.046811 -2.937852 5e-06 -20.976019 -3e-06 -5.019969 -25.03356 -4.031886 5e-06 -0.0 1e-06 -10.634535 -5.686972 -3.565589 10.573277 -17.922953 -3.113902 4e-06 -13.82121 0.0 -0.501776 -31.181507 -4.027018 -10.680584 -59.061337 6.685855 -13.982714 -7.150199 -2.875042 13.772731 -8.40149 -3.218244 0.347736 -34.211555 0.771649 -0.963029 -17.73337 2.621017 -1e-06 1e-06 1e-06 -17.34642 -20.095221 -4.201785 21.757561 -1.638376 3.866431 -1e-06 -6.338825 1e-06 -1.69759 -22.591751 -6.194007 1e-06 -4e-06 -5e-06 61.492432 -78.686646 135.950256 0.450856 -58.666714 5.058578 53.794514 0.776096 1.047941 -9.596215 0.671598 32.279518 22.182121 -20.375898 49.933327 -16.701815 -16.743528 28.476534 -3e-06 -12.690605 -3e-06 16.358007 -17.264696 2.357062 -0.10592 -1.513855 -4.275878 -5.039042 -5.612873 -2.953558 4e-06 -11.020524 -4e-06 -6.111298 -15.895334 -3.840472 0.0 0.0 1e-06 -10.283371 -5.680286 -4.341839 11.028294 -11.302404 -2.372635 -1.38427 -14.238578 -6.320118 -0.62544 -26.924183 -3.8276 -3.972367 -49.268784 -4.115093 -13.708527 -7.363477 -3.720939 18.141151 -14.052739 -3.242674 6e-06 -18.78727 -0.0 -0.429712 -8.456043 2.555505 0.0 -0.0 1e-06 -15.923538 -20.094484 -5.473584 30.419214 -7.190826 1.73593 3e-06 -8.162925 -2e-06 -1.861901 -22.861473 -6.167944 -1e-06 -3e-06 -2e-06 179.685303 -5.83217 10.084646 14.054006 -0.046605 0.094061 -82.18206 2.783026 -4.674025 -5.69497 1.578104 2.135049 -0.999999 0.0 0.0 0.606127 -0.565946 -13.085402 15.491855 -0.031826 0.115233 -80.372269 -2.675177 -3.982998 -5.596446 0.733303 1.680087 -1.000002 -0.0 0.0 
0.0 0.0 0.0 0.0 -0.0 0.0 4.262093 100.048378 -0.395981 88.618927 1.243616 98.479767 1.656181 0.192519 0.342776 -10.218708 -0.158627 2.002473 12.425393 -1.134683 -0.629385 25.793604 14.307921 3.148521 -2.672336 -1.094084 -12.678096 -36.251507 -2.464787 -15.28406 6e-06 -0.0 2e-06 0.05141 -0.036036 -0.118257 0.003165 -0.138213 -0.167158 -0.029183 0.069928 -0.081739 -117.953873 -63.446831 136.683258 1.19495 -61.093597 5.746791 76.166367 0.396743 -0.311628 -1.20943 -3.756554 35.30513 17.636629 -26.322729 52.41119 -19.46666 -14.395597 29.410385 -0.0 -8.774822 -2e-06 15.410002 -18.116735 6.120065 -0.609775 -1.795653 -3.889327 -4.80709 -11.046811 -2.93785 4e-06 -20.976017 -1e-06 -5.019972 -25.033556 -4.03188 7e-06 -2e-06 0.0 -10.634537 -5.686972 -3.565588 10.573276 -17.922951 -3.113901 3e-06 -13.821208 0.0 -0.501776 -31.181505 -4.027019 -10.808778 -59.179787 6.780293 -13.982712 -7.150196 -2.875041 13.772728 -8.401489 -3.21824 0.347734 -34.211552 0.771653 -0.963028 -17.73337 2.621018 -2e-06 1e-06 0.0 -17.346422 -20.095215 -4.201781 21.757563 -1.638374 3.866428 1e-06 -6.338822 1e-06 -1.697589 -22.591747 -6.194008 -2e-06 -2e-06 -3e-06 61.073135 -78.72303 136.247833 0.996039 -57.274998 4.381534 53.933693 0.771785 1.033093 -9.116078 1.387802 32.251846 22.18211 -20.375891 49.933319 -16.701815 -16.743526 28.476534 -3e-06 -12.690601 -2e-06 16.422552 -17.281004 2.309827 -0.105917 -1.513855 -4.27588 -5.039042 -5.612872 -2.953556 4e-06 -11.020523 -2e-06 -6.111297 -15.895334 -3.84047 -0.0 -0.0 0.0 -10.283369 -5.680289 -4.34184 11.028293 -11.302406 -2.372635 -1.384268 -14.238582 -6.32012 -0.625438 -26.924192 -3.827601 -3.925039 -49.19416 -4.164482 -13.708525 -7.363476 -3.720938 18.14115 -14.052738 -3.242678 6e-06 -18.78727 -2e-06 -0.429711 -8.456044 2.555502 0.0 0.0 1e-06 -15.923532 -20.094484 -5.473583 30.41921 -7.190825 1.735924 3e-06 -8.162924 -3e-06 -1.861902 -22.861467 -6.167945 1e-06 -3e-06 -1e-06 179.926788 -5.686671 9.953309 13.662677 -0.045244 0.086498 -81.852104 2.751873 -4.632236 -5.775908 1.559318 2.134566 -0.999998 0.0 -0.0 0.599874 -0.73937 -13.004465 15.475993 -0.046347 0.1462 -80.15464 -2.616429 -3.938828 -5.667419 0.732508 1.680985 -1.000001 0.0 0.0 
0.0 0.0 0.0 0.0 -0.0 0.0 4.351345 100.13485 -0.512923 88.713745 1.301174 98.25856 1.617288 0.133726 0.295107 -10.240962 -0.185667 1.924222 12.323525 -1.107936 -0.799442 25.775249 13.827353 3.142703 -2.667194 -1.119913 -12.154734 -35.711575 -2.267166 -14.643062 6e-06 0.0 3e-06 0.044164 -0.034395 -0.119658 -0.006153 -0.129277 -0.168575 -0.046778 0.064768 -0.082785 -117.503296 -64.256241 135.71489 2.035981 -60.884075 5.266996 78.035576 0.208331 -0.124212 -0.542331 -4.23449 32.93729 17.636627 -26.322727 52.411201 -19.466663 -14.395597 29.410395 0.0 -8.774823 -2e-06 15.383915 -18.099718 6.179474 -0.609777 -1.795653 -3.889329 -4.807087 -11.046808 -2.93785 6e-06 -20.976017 -3e-06 -5.019971 -25.033556 -4.031881 8e-06 -1e-06 1e-06 -10.634533 -5.686969 -3.565589 10.573275 -17.922955 -3.113903 3e-06 -13.821211 1e-06 -0.501776 -31.181505 -4.027017 -10.943992 -59.276649 6.868144 -13.982718 -7.150198 -2.875041 13.772733 -8.40149 -3.218243 0.347735 -34.211555 0.771654 -0.963031 -17.73337 2.621021 0.0 1e-06 1e-06 -17.346422 -20.095217 -4.201783 21.757561 -1.638376 3.866428 -1e-06 -6.338823 -0.0 -1.697585 -22.591742 -6.194008 -0.0 -3e-06 -2e-06 60.348492 -78.669662 136.91835 1.578582 -55.768486 3.622303 54.260403 0.810454 1.075966 -8.484886 2.033331 32.096588 22.182112 -20.375898 49.933327 -16.701813 -16.743525 28.47653 -6e-06 -12.690601 0.0 16.53141 -17.341808 2.255523 -0.105918 -1.513856 -4.27588 -5.039042 -5.612872 -2.953558 4e-06 -11.020523 -2e-06 -6.111297 -15.89533 -3.840472 -0.0 -0.0 0.0 -10.283369 -5.680287 -4.341838 11.028294 -11.302405 -2.372632 -1.384268 -14.23858 -6.320121 -0.625438 -26.924189 -3.827599 -3.886817 -49.211918 -4.213872 -13.708525 -7.363474 -3.720938 18.14115 -14.052739 -3.242676 7e-06 -18.78727 -1e-06 -0.429712 -8.456043 2.555503 0.0 -0.0 1e-06 -15.923534 -20.094481 -5.473584 30.419207 -7.190828 1.735926 4e-06 -8.162925 -0.0 -1.8619 -22.861467 -6.167942 0.0 -3e-06 -2e-06 -179.721909 -5.566134 9.772627 13.054372 -0.03804 0.084085 -81.333603 2.719137 -4.670381 -5.841878 1.537841 2.135774 -0.999999 0.0 -0.0 0.681393 -0.874986 -12.834854 15.257092 -0.06176 0.166059 -79.769966 -2.596092 -3.869356 -5.758549 0.727261 1.682239 -1.000001 1e-06 0.0 
0.0 0.0 0.0 0.0 -0.0 0.0 4.461462 100.223518 -0.645666 88.826813 1.372967 97.987549 1.593004 0.070082 0.251211 -10.254439 -0.223904 1.82392 12.218421 -1.005769 -0.988542 25.680222 13.178823 3.099737 -2.670157 -1.17264 -11.529436 -35.155212 -2.116031 -13.885396 6e-06 0.0 1e-06 0.034656 -0.032383 -0.11762 -0.023828 -0.122864 -0.165649 -0.06767 0.062289 -0.080443 -116.789253 -65.207924 134.435104 3.145915 -60.149616 5.093562 79.015923 0.091625 0.132498 0.100263 -4.92496 30.946341 17.636627 -26.322733 52.411213 -19.466665 -14.395598 29.410395 -0.0 -8.774824 -3e-06 15.336514 -18.084307 6.228508 -0.609776 -1.795654 -3.889327 -4.807092 -11.046813 -2.937852 5e-06 -20.976023 -2e-06 -5.019973 -25.033566 -4.031883 6e-06 -1e-06 1e-06 -10.634535 -5.686974 -3.565588 10.573275 -17.922955 -3.113903 2e-06 -13.821213 2e-06 -0.501776 -31.181511 -4.027021 -11.069552 -59.361244 6.947847 -13.982718 -7.150201 -2.875041 13.772735 -8.401493 -3.218243 0.347733 -34.211559 0.771652 -0.963028 -17.733372 2.621019 0.0 0.0 1e-06 -17.34643 -20.095226 -4.201782 21.757568 -1.638371 3.86643 -0.0 -6.338826 -0.0 -1.69759 -22.591755 -6.194012 -1e-06 -2e-06 -2e-06 59.302189 -78.549278 137.999664 2.146551 -54.237053 2.707222 54.633205 0.903708 1.13787 -7.917864 2.706914 32.311947 22.182117 -20.375895 49.933331 -16.701822 -16.743536 28.476542 -3e-06 -12.690605 2e-06 16.66048 -17.438665 2.230837 -0.105921 -1.513856 -4.275882 -5.039044 -5.612873 -2.953558 4e-06 -11.020528 -3e-06 -6.111299 -15.895339 -3.840473 0.0 0.0 0.0 -10.283374 -5.680288 -4.341837 11.028297 -11.30241 -2.372638 -1.384268 -14.238587 -6.320124 -0.625436 -26.9242 -3.827606 -3.876444 -49.369221 -4.231407 -13.708527 -7.363479 -3.720941 18.141155 -14.052745 -3.242678 8e-06 -18.787273 -3e-06 -0.429712 -8.456047 2.555507 -0.0 -0.0 2e-06 -15.923539 -20.094492 -5.473587 30.419222 -7.190828 1.735925 1e-06 -8.162929 -0.0 -1.8619 -22.861475 -6.167945 0.0 -3e-06 -1e-06 -179.288284 -5.424067 9.492038 12.31454 -0.026585 0.090107 -80.764267 2.742276 -4.728848 -5.883367 1.522803 2.138555 -0.999999 -0.0 0.0 0.829937 -1.020667 -12.532427 14.896984 -0.071508 0.162795 -79.36319 -2.618076 -3.844732 -5.826411 0.717636 1.683122 -1.000002 0.0 -0.0 
0.0 0.0 0.0 0.0 -0.0 0.0 4.601271 100.281097 -0.780857 88.961189 1.443515 97.652443 1.58685 -0.000605 0.224363 -10.251299 -0.265389 1.709763 12.095741 -0.855833 -1.156869 25.522491 12.437313 3.040615 -2.676748 -1.208101 -10.888151 -34.684059 -2.031898 -13.095599 6e-06 0.0 -1e-06 0.029486 -0.031738 -0.120063 -0.040328 -0.119612 -0.166301 -0.080736 0.059527 -0.083052 -116.103096 -66.097214 133.203888 4.40962 -59.056393 4.959205 79.096504 0.036985 0.360759 0.606372 -5.530092 29.807711 17.636635 -26.322733 52.411198 -19.466656 -14.395597 29.410381 -0.0 -8.774822 -2e-06 15.21598 -18.088476 6.28849 -0.609776 -1.795653 -3.889326 -4.807087 -11.046808 -2.937851 1e-06 -20.976019 3e-06 -5.01997 -25.033556 -4.031881 7e-06 1e-06 -2e-06 -10.634535 -5.68697 -3.565587 10.573276 -17.922949 -3.113903 3e-06 -13.821209 2e-06 -0.501776 -31.181501 -4.027016 -11.134925 -59.364113 7.004491 -13.982718 -7.150198 -2.87504 13.772733 -8.401489 -3.218243 0.347731 -34.211544 0.771658 -0.963028 -17.733368 2.621019 -0.0 -1e-06 0.0 -17.346416 -20.095217 -4.20178 21.757555 -1.638374 3.866428 -1e-06 -6.338825 2e-06 -1.697588 -22.59174 -6.194008 1e-06 -6e-06 -3e-06 58.102077 -78.345116 139.251465 2.631567 -52.786491 1.769203 54.885525 1.051624 1.198475 -7.593233 3.533716 33.017693 22.182119 -20.375895 49.933319 -16.701805 -16.743525 28.476522 -1e-06 -12.690598 -0.0 16.76528 -17.521265 2.234416 -0.105919 -1.513855 -4.275882 -5.03904 -5.612871 -2.953552 2e-06 -11.020521 0.0 -6.111299 -15.89533 -3.840469 0.0 -1e-06 0.0 -10.283365 -5.680288 -4.341837 11.028288 -11.302402 -2.372635 -1.38427 -14.238579 -6.320119 -0.625442 -26.924183 -3.827599 -3.876422 -49.558922 -4.225773 -13.708518 -7.363473 -3.72094 18.141142 -14.052737 -3.242671 5e-06 -18.787266 -1e-06 -0.429712 -8.456043 2.555504 -0.0 -0.0 1e-06 -15.923532 -20.094482 -5.473583 30.419201 -7.190823 1.735929 1e-06 -8.162927 -0.0 -1.8619 -22.861467 -6.167944 0.0 -3e-06 -1e-06 -178.856491 -5.229522 9.148949 11.608254 -0.018615 0.088184 -80.312668 2.772815 -4.775218 -5.897467 1.516394 2.139881 -0.999999 0.0 -0.0 0.955505 -1.210623 -12.124829 14.568363 -0.078785 0.1474 -79.097939 -2.697649 -3.905168 -5.838363 0.714972 1.687746 -1.000002 0.0 -0.0 
0.0 0.0 0.0 0.0 -0.0 0.0 4.769714 100.307487 -0.916207 89.098755 1.518712 97.278557 1.590265 -0.071945 0.211942 -10.235322 -0.301528 1.574769 11.974762 -0.678793 -1.305681 25.325134 11.628452 2.983128 -2.682588 -1.200013 -10.263309 -34.379082 -1.994806 -12.279004 6e-06 -0.0 1e-06 0.029991 -0.031821 -0.119463 -0.051789 -0.116368 -0.163671 -0.086732 0.055121 -0.082427 -115.488144 -66.852066 132.148529 5.747922 -57.827415 4.709109 78.485954 0.051022 0.541984 0.976185 -5.935671 29.339552 17.636623 -26.322721 52.411179 -19.466661 -14.395592 29.410381 -1e-06 -8.774819 -3e-06 15.051362 -18.123186 6.355505 -0.609777 -1.795654 -3.889327 -4.807088 -11.046809 -2.93785 4e-06 -20.976017 2e-06 -5.019971 -25.033556 -4.031882 7e-06 1e-06 -1e-06 -10.634533 -5.686971 -3.565585 10.573272 -17.922947 -3.113903 3e-06 -13.821209 -1e-06 -0.501774 -31.181498 -4.02702 -11.130945 -59.302258 7.01105 -13.982712 -7.150199 -2.87504 13.77273 -8.401491 -3.218242 0.347734 -34.211552 0.77165 -0.963029 -17.73337 2.621017 -0.0 -1e-06 2e-06 -17.346411 -20.095215 -4.201779 21.757557 -1.638372 3.866428 -1e-06 -6.338825 -1e-06 -1.697587 -22.591745 -6.194005 -1e-06 -4e-06 -1e-06 56.967579 -78.084511 140.37883 2.945876 -51.465359 0.92432 54.967705 1.186268 1.249892 -7.511258 4.475439 34.151375 22.182106 -20.375898 49.933315 -16.701805 -16.743532 28.476524 -2e-06 -12.6906 2e-06 16.829744 -17.571781 2.262711 -0.105919 -1.513855 -4.27588 -5.039041 -5.612868 -2.953556 3e-06 -11.020525 0.0 -6.111299 -15.895328 -3.840471 0.0 -0.0 1e-06 -10.28337 -5.680286 -4.341837 11.028291 -11.302404 -2.372634 -1.38427 -14.238577 -6.320118 -0.625442 -26.924183 -3.827598 -3.890209 -49.715462 -4.184597 -13.708523 -7.363472 -3.720937 18.141142 -14.052734 -3.242673 4e-06 -18.787266 -2e-06 -0.429713 -8.456042 2.555506 0.0 0.0 0.0 -15.923538 -20.094482 -5.473578 30.41921 -7.190821 1.735926 1e-06 -8.162925 2e-06 -1.861907 -22.861467 -6.167943 -0.0 -2e-06 -1e-06 -178.49437 -4.997706 8.768751 11.070515 -0.016872 0.084824 -80.014755 2.769057 -4.795349 -5.880263 1.522643 2.14092 -0.999999 0.0 -0.0 1.045474 -1.424215 -11.629457 14.312021 -0.089607 0.138944 -78.963562 -2.862064 -4.023251 -5.807101 0.719539 1.692896 -1.000002 0.0 0.0 
0.0 0.0 0.0 0.0 -0.0 0.0 4.95399 100.31414 -1.062547 89.226692 1.602348 96.87796 1.588879 -0.135769 0.19908 -10.221797 -0.331802 1.421816 11.882947 -0.491935 -1.44062 25.123392 10.765589 2.91169 -2.683517 -1.165405 -9.597997 -34.26046 -1.985776 -11.418634 6e-06 -0.0 -1e-06 0.032507 -0.031384 -0.105422 -0.059937 -0.11406 -0.147699 -0.088424 0.052764 -0.068242 -114.87294 -67.504532 131.225372 6.94308 -56.673775 4.343832 77.379913 0.09042 0.662004 1.296185 -6.138655 29.092499 17.636635 -26.322729 52.41119 -19.466656 -14.395597 29.410381 0.0 -8.774821 -4e-06 14.948084 -18.186844 6.406788 -0.609776 -1.795653 -3.889326 -4.807088 -11.04681 -2.937849 2e-06 -20.976017 3e-06 -5.019971 -25.033556 -4.03188 7e-06 -3e-06 -0.0 -10.634533 -5.68697 -3.565588 10.573275 -17.922947 -3.113899 3e-06 -13.821211 -1e-06 -0.501777 -31.181505 -4.027018 -11.09528 -59.272343 7.004254 -13.982718 -7.150198 -2.875042 13.772733 -8.401491 -3.218241 0.347733 -34.211555 0.771655 -0.963033 -17.73337 2.621019 -1e-06 0.0 2e-06 -17.34642 -20.095219 -4.201778 21.757561 -1.638374 3.86643 1e-06 -6.338827 -0.0 -1.697588 -22.591751 -6.194009 2e-06 -4e-06 -2e-06 56.019203 -77.804001 141.219894 3.042703 -50.345451 0.287576 54.819862 1.268582 1.301004 -7.522985 5.298886 35.375942 22.182108 -20.375891 49.933308 -16.701809 -16.743528 28.476526 -3e-06 -12.6906 2e-06 16.851025 -17.598604 2.300613 -0.10592 -1.513856 -4.275882 -5.03904 -5.61287 -2.953554 2e-06 -11.020521 -2e-06 -6.111298 -15.89533 -3.840469 0.0 -1e-06 1e-06 -10.283371 -5.680285 -4.341835 11.028292 -11.302402 -2.372636 -1.384268 -14.238575 -6.320118 -0.62544 -26.924181 -3.8276 -3.89417 -49.788174 -4.138497 -13.70852 -7.363476 -3.72094 18.141146 -14.052738 -3.242676 6e-06 -18.787266 -4e-06 -0.429712 -8.456043 2.555506 0.0 -0.0 0.0 -15.923532 -20.094481 -5.473584 30.41921 -7.190823 1.735925 1e-06 -8.162922 1e-06 -1.861903 -22.861464 -6.167942 -0.0 -3e-06 0.0 -178.206131 -4.755381 8.3813 10.695505 -0.013737 0.091167 -79.831238 2.714407 -4.804253 -5.854077 1.541474 2.144188 -0.999998 -0.0 -0.0 1.10751 -1.640282 -11.067832 14.103306 -0.098667 0.145072 -78.901749 -3.065408 -4.172463 -5.777766 0.723412 1.693303 -1.000001 0.0 0.0 
0.0 0.0 0.0 0.0 -0.0 0.0 5.121327 100.31105 -1.221646 89.31884 1.696554 96.457893 1.589784 -0.184199 0.183196 -10.222637 -0.352984 1.275268 11.830308 -0.30174 -1.557478 24.949471 9.921344 2.844672 -2.690352 -1.126892 -8.913395 -34.278824 -1.992217 -10.533569 7e-06 -0.0 -0.0 0.031265 -0.030403 -0.089146 -0.066301 -0.114422 -0.1299 -0.088035 0.054342 -0.05175 -114.315483 -68.050117 130.494003 7.770998 -55.716984 3.879404 76.012245 0.068 0.729549 1.618608 -6.176939 28.870329 17.636627 -26.322733 52.41119 -19.46666 -14.395597 29.410389 -1e-06 -8.774821 -3e-06 14.930308 -18.267948 6.434992 -0.609775 -1.795654 -3.889328 -4.807088 -11.046811 -2.93785 5e-06 -20.976019 1e-06 -5.019969 -25.03356 -4.031881 6e-06 -0.0 -1e-06 -10.634533 -5.68697 -3.565587 10.573272 -17.922947 -3.1139 4e-06 -13.821205 -1e-06 -0.501776 -31.181505 -4.027016 -11.030861 -59.27179 6.994544 -13.982712 -7.150196 -2.875045 13.772726 -8.401493 -3.218243 0.347733 -34.211555 0.771656 -0.963027 -17.73337 2.62102 -2e-06 1e-06 -0.0 -17.346416 -20.095217 -4.201782 21.757557 -1.638375 3.866428 0.0 -6.338826 0.0 -1.697589 -22.591743 -6.194008 0.0 -4e-06 -3e-06 55.266533 -77.513107 141.838806 3.014966 -49.477074 -0.157953 54.498604 1.280706 1.369179 -7.528955 5.760473 36.420689 22.182119 -20.375895 49.933323 -16.701818 -16.743528 28.476532 -4e-06 -12.690603 2e-06 16.851685 -17.599842 2.32349 -0.105922 -1.51386 -4.27588 -5.039042 -5.612871 -2.953559 5e-06 -11.020527 -2e-06 -6.111297 -15.895334 -3.840475 1e-06 -1e-06 1e-06 -10.283373 -5.680289 -4.341839 11.028296 -11.302411 -2.372637 -1.384268 -14.238583 -6.320122 -0.625433 -26.924191 -3.827605 -3.861285 -49.786308 -4.1199 -13.708528 -7.36348 -3.720939 18.141155 -14.05274 -3.242677 9e-06 -18.78727 -6e-06 -0.429711 -8.456045 2.555504 -0.0 0.0 1e-06 -15.923538 -20.094486 -5.473588 30.419222 -7.190832 1.735927 3e-06 -8.162927 1e-06 -1.861897 -22.861469 -6.167948 -1e-06 -3e-06 0.0 -177.96817 -4.552912 8.005489 10.428677 -0.00951 0.105523 -79.723808 2.583386 -4.826311 -5.833118 1.558741 2.1452 -0.999999 -0.0 0.0 1.161619 -1.814676 -10.515208 13.896491 -0.1004 0.15801 -78.854675 -3.218518 -4.312003 -5.738011 0.730889 1.692065 -1.000002 0.0 -0.0 
0.0 0.0 0.0 0.0 -0.0 0.0 5.254365 100.307869 -1.382052 89.371483 1.79106 96.013832 1.600364 -0.217824 0.160863 -10.228865 -0.36396 1.154272 11.801683 -0.111809 -1.653057 24.786388 9.125018 2.785556 -2.687616 -1.102279 -8.218649 -34.38208 -2.003287 -9.675021 6e-06 -0.0 0.0 0.027069 -0.027608 -0.073133 -0.072384 -0.114262 -0.113571 -0.089218 0.05925 -0.034611 -113.905212 -68.457649 129.99733 8.217218 -54.928082 3.463225 74.462563 0.005418 0.731968 1.9105 -6.133369 28.59585 17.636625 -26.322731 52.411201 -19.466661 -14.395596 29.410389 0.0 -8.774822 -2e-06 14.956287 -18.343773 6.446629 -0.609777 -1.795654 -3.889328 -4.807087 -11.046809 -2.937849 5e-06 -20.976019 -1e-06 -5.019971 -25.033558 -4.031882 7e-06 -2e-06 -0.0 -10.634535 -5.686973 -3.565589 10.573275 -17.922947 -3.113899 3e-06 -13.821209 -2e-06 -0.501774 -31.181505 -4.027019 -10.968671 -59.268742 6.996253 -13.982716 -7.150201 -2.875044 13.77273 -8.401491 -3.218242 0.347734 -34.211555 0.771652 -0.963028 -17.73337 2.621016 -1e-06 1e-06 1e-06 -17.346422 -20.095217 -4.201782 21.757557 -1.638373 3.866428 1e-06 -6.338826 0.0 -1.697588 -22.591743 -6.19401 -1e-06 -3e-06 -3e-06 54.676922 -77.200546 142.323532 2.978531 -48.82478 -0.346974 54.020279 1.263101 1.424245 -7.431402 5.811361 37.06937 22.182112 -20.375887 49.933315 -16.701815 -16.743526 28.47653 -4e-06 -12.690601 2e-06 16.847918 -17.591398 2.33298 -0.105918 -1.513856 -4.275882 -5.039039 -5.612873 -2.953554 3e-06 -11.020525 -2e-06 -6.111296 -15.895334 -3.840473 0.0 -1e-06 -0.0 -10.283365 -5.680289 -4.341839 11.028295 -11.302406 -2.372634 -1.384267 -14.238578 -6.320119 -0.625435 -26.924189 -3.827606 -3.817598 -49.754837 -4.128916 -13.708525 -7.363473 -3.72094 18.14115 -14.052742 -3.242677 7e-06 -18.787268 -4e-06 -0.429712 -8.456043 2.555504 0.0 -0.0 -1e-06 -15.923532 -20.094482 -5.473585 30.41921 -7.190828 1.735925 3e-06 -8.162926 1e-06 -1.861899 -22.861469 -6.167946 -0.0 -3e-06 1e-06 -177.775848 -4.402339 7.649548 10.248519 -0.008481 0.119121 -79.651772 2.390391 -4.858852 -5.82046 1.566418 2.143891 -0.999999 -0.0 -0.0 1.203837 -1.934417 -10.012736 13.690194 -0.10035 0.171075 -78.786629 -3.292377 -4.424022 -5.697223 0.742199 1.691625 -1.000002 0.0 -0.0 
0.0 0.0 0.0 0.0 -0.0 0.0 5.360584 100.305466 -1.541653 89.396011 1.883082 95.498314 1.627456 -0.246906 0.133056 -10.226988 -0.371378 1.051156 11.789476 0.083108 -1.724138 24.606071 8.339623 2.756707 -2.678773 -1.084725 -7.533289 -34.555515 -1.999041 -8.809409 6e-06 -0.0 1e-06 0.021028 -0.023397 -0.061885 -0.077648 -0.111394 -0.102761 -0.092277 0.064538 -0.021774 -113.630463 -68.728981 129.721115 8.393187 -54.273201 3.180494 72.654747 -0.032463 0.716835 2.126636 -6.090721 28.137604 17.636625 -26.322725 52.411198 -19.466665 -14.395598 29.410395 -0.0 -8.774821 -3e-06 15.011487 -18.402805 6.442554 -0.609775 -1.795652 -3.889326 -4.807087 -11.046811 -2.937852 5e-06 -20.976019 -1e-06 -5.019969 -25.033558 -4.031882 6e-06 1e-06 -0.0 -10.634531 -5.686971 -3.565587 10.573276 -17.922947 -3.113903 3e-06 -13.821208 -3e-06 -0.501774 -31.181505 -4.027019 -10.94043 -59.284664 7.030735 -13.982711 -7.150197 -2.87504 13.772731 -8.401491 -3.218246 0.347735 -34.211552 0.771651 -0.963029 -17.73337 2.621019 1e-06 -0.0 1e-06 -17.346413 -20.095217 -4.201785 21.757559 -1.638374 3.866427 -1e-06 -6.338825 0.0 -1.69759 -22.591743 -6.194007 3e-06 -6e-06 -2e-06 54.075905 -76.884979 142.88652 2.993697 -48.381733 -0.30024 53.407925 1.235394 1.458708 -7.18998 5.506374 37.363983 22.182112 -20.375898 49.933311 -16.701809 -16.743528 28.476519 -4e-06 -12.6906 1e-06 16.829632 -17.59395 2.343366 -0.105917 -1.513857 -4.27588 -5.03904 -5.612872 -2.953553 2e-06 -11.020525 -1e-06 -6.111297 -15.89533 -3.840468 0.0 -1e-06 -2e-06 -10.283367 -5.680288 -4.341835 11.028294 -11.302406 -2.372635 -1.384269 -14.238579 -6.320118 -0.625439 -26.924187 -3.827599 -3.796355 -49.722034 -4.143693 -13.708523 -7.363475 -3.720937 18.141151 -14.05274 -3.242674 8e-06 -18.78727 -2e-06 -0.429712 -8.456043 2.555507 0.0 -0.0 -0.0 -15.92353 -20.094482 -5.473582 30.419207 -7.190825 1.735926 2e-06 -8.162925 -1e-06 -1.8619 -22.861467 -6.16794 -0.0 -2e-06 0.0 -177.592972 -4.288696 7.275619 10.097124 -0.009589 0.130504 -79.594872 2.135782 -4.897002 -5.808945 1.565751 2.141586 -0.999999 -0.0 -0.0 1.21966 -2.018637 -9.518845 13.502028 -0.09743 0.174876 -78.702988 -3.287879 -4.507078 -5.663122 0.753945 1.690297 -1.000001 0.0 -0.0 
0.0 0.0 0.0 0.0 -0.0 0.0 5.451671 100.304176 -1.689301 89.396355 1.965856 94.912422 1.666345 -0.273503 0.10374 -10.211511 -0.381088 0.95021 11.797392 0.274028 -1.750085 24.403595 7.595254 2.738858 -2.673643 -1.078769 -6.875742 -34.77795 -1.974014 -7.977027 6e-06 -0.0 -1e-06 0.016124 -0.015832 -0.042497 -0.081127 -0.104411 -0.083437 -0.096147 0.072691 -0.001278 -113.476959 -68.870377 129.636658 8.345613 -53.772972 3.189546 70.644699 0.027557 0.719069 2.180391 -6.132009 27.469492 17.636637 -26.322744 52.411213 -19.466665 -14.3956 29.410395 0.0 -8.774824 -1e-06 15.074739 -18.427958 6.430572 -0.609777 -1.795653 -3.889331 -4.80709 -11.046813 -2.937853 2e-06 -20.976023 2e-06 -5.019972 -25.033564 -4.031882 7e-06 -0.0 -0.0 -10.634536 -5.686972 -3.56559 10.573278 -17.922955 -3.113901 4e-06 -13.821213 -0.0 -0.501778 -31.181511 -4.027015 -10.96187 -59.329052 7.10566 -13.982719 -7.1502 -2.875046 13.772733 -8.401494 -3.218244 0.347733 -34.211559 0.771655 -0.963028 -17.733374 2.621021 -0.0 -0.0 3e-06 -17.346424 -20.095222 -4.201783 21.757566 -1.638375 3.866429 -1e-06 -6.338825 -0.0 -1.697591 -22.591751 -6.194007 -0.0 -5e-06 -3e-06 53.344601 -76.585716 143.621811 2.97586 -48.190544 -0.086621 52.770607 1.171422 1.456292 -6.865036 4.870996 37.272839 22.182114 -20.375895 49.933319 -16.701815 -16.743528 28.476532 -5e-06 -12.690601 2e-06 16.784361 -17.618723 2.36221 -0.105918 -1.513857 -4.275878 -5.039041 -5.612872 -2.953557 4e-06 -11.020523 -1e-06 -6.111295 -15.895332 -3.840475 -0.0 -0.0 -1e-06 -10.283369 -5.680288 -4.341836 11.028296 -11.302406 -2.372635 -1.384267 -14.238579 -6.320122 -0.625436 -26.924191 -3.827601 -3.793594 -49.68882 -4.164916 -13.708522 -7.363476 -3.720939 18.14115 -14.052741 -3.242676 8e-06 -18.78727 -3e-06 -0.429711 -8.456043 2.555507 -0.0 0.0 -2e-06 -15.923532 -20.094482 -5.473583 30.419214 -7.190831 1.735926 3e-06 -8.162927 -1e-06 -1.861898 -22.861469 -6.167946 -0.0 -3e-06 -2e-06 -177.407806 -4.206246 6.889289 9.95015 -0.006117 0.132366 -79.549965 1.85815 -4.942026 -5.809652 1.556263 2.138953 -0.999999 0.0 -0.0 1.215504 -2.079176 -9.032153 13.322758 -0.088678 0.166211 -78.605698 -3.201152 -4.579013 -5.648752 0.759455 1.68637 -1.000001 0.0 -0.0 
0.0 0.0 0.0 0.0 -0.0 0.0 5.535922 100.304756 -1.830176 89.392136 2.036283 94.251404 1.716745 -0.313182 0.085669 -10.181157 -0.393558 0.849972 11.809373 0.453667 -1.745977 24.196411 6.928455 2.718061 -2.670596 -1.0893 -6.248874 -35.048206 -1.925092 -7.206717 5e-06 0.0 -0.0 0.014563 -0.00966 -0.027588 -0.083191 -0.097694 -0.068679 -0.09759 0.078265 0.01473 -113.396759 -68.936043 129.682648 8.087244 -53.448208 3.458769 68.443672 0.114703 0.704406 2.120089 -6.320935 26.696663 17.636618 -26.322721 52.411182 -19.46666 -14.395594 29.410385 -1e-06 -8.774821 -2e-06 15.135669 -18.410191 6.40739 -0.609775 -1.795651 -3.889327 -4.807087 -11.046808 -2.93785 3e-06 -20.976015 1e-06 -5.019968 -25.033552 -4.031878 6e-06 -1e-06 -1e-06 -10.634529 -5.686967 -3.565584 10.573272 -17.922947 -3.113902 6e-06 -13.821205 -1e-06 -0.501776 -31.181498 -4.027012 -10.99816 -59.357903 7.173734 -13.982708 -7.150191 -2.87504 13.772726 -8.401489 -3.218243 0.347734 -34.21154 0.771655 -0.963028 -17.733366 2.62102 1e-06 -1e-06 -1e-06 -17.346409 -20.095209 -4.201784 21.757553 -1.638377 3.866424 0.0 -6.338822 -0.0 -1.697588 -22.591743 -6.194002 -0.0 -3e-06 -4e-06 52.583378 -76.294937 144.397476 2.909406 -48.274139 0.228472 52.123505 1.100552 1.419189 -6.501836 3.996636 36.830719 22.182116 -20.375896 49.933323 -16.701818 -16.74353 28.476532 -5e-06 -12.690602 5e-06 16.717369 -17.658487 2.393238 -0.105919 -1.513854 -4.275883 -5.039041 -5.612873 -2.953553 5e-06 -11.020527 -3e-06 -6.1113 -15.895334 -3.840473 0.0 -0.0 1e-06 -10.28337 -5.680288 -4.341839 11.028296 -11.30241 -2.372636 -1.384267 -14.238585 -6.320119 -0.625437 -26.924198 -3.827607 -3.80887 -49.664219 -4.180643 -13.708527 -7.363476 -3.720938 18.141153 -14.052745 -3.242682 8e-06 -18.787275 -3e-06 -0.429712 -8.456047 2.555505 0.0 -0.0 -1e-06 -15.923536 -20.09449 -5.473583 30.419222 -7.190827 1.735922 2e-06 -8.162929 -2e-06 -1.8619 -22.861479 -6.167942 -1e-06 -3e-06 0.0 -177.211456 -4.128091 6.493722 9.78321 -0.002637 0.123881 -79.494766 1.558361 -4.992367 -5.810375 1.545907 2.134973 -0.999999 -0.0 -0.0 1.1605 -2.146803 -8.585662 13.205717 -0.080964 0.156934 -78.508255 -3.035341 -4.627421 -5.662436 0.759817 1.681117 -1.000002 0.0 -0.0 
0.0 0.0 0.0 0.0 -0.0 0.0 5.610795 100.303581 -1.967571 89.390564 2.08195 93.568497 1.774695 -0.362387 0.077166 -10.146959 -0.408462 0.771301 11.836371 0.61139 -1.742896 23.979776 6.352395 2.698598 -2.674535 -1.103574 -5.665289 -35.365341 -1.896626 -6.522614 5e-06 -0.0 -0.0 0.015404 -0.003228 -0.014338 -0.083634 -0.089721 -0.055029 -0.0987 0.083088 0.028441 -113.422478 -68.956299 129.870392 7.701856 -53.270756 3.928883 66.061295 0.191758 0.669526 1.928989 -6.667656 25.943228 17.636625 -26.322731 52.41119 -19.466661 -14.395596 29.410389 -1e-06 -8.774822 -2e-06 15.171112 -18.355244 6.382815 -0.609778 -1.795655 -3.889326 -4.807087 -11.046809 -2.937852 6e-06 -20.976019 -1e-06 -5.019971 -25.033558 -4.031879 7e-06 -2e-06 -0.0 -10.634533 -5.686971 -3.565587 10.573276 -17.922947 -3.113902 4e-06 -13.821206 -1e-06 -0.501776 -31.181498 -4.027016 -11.021561 -59.324116 7.221982 -13.982711 -7.150198 -2.875041 13.772727 -8.401491 -3.218243 0.347735 -34.211552 0.771653 -0.963027 -17.733366 2.621017 -1e-06 -0.0 -0.0 -17.346413 -20.095215 -4.201779 21.757557 -1.638372 3.866425 0.0 -6.338821 1e-06 -1.697586 -22.591742 -6.194004 -1e-06 -3e-06 -3e-06 51.835602 -76.015976 145.179321 2.825318 -48.663288 0.518913 51.44331 1.019799 1.363637 -6.060923 3.019715 36.004719 22.182119 -20.375895 49.933323 -16.701807 -16.74353 28.47653 -2e-06 -12.690603 1e-06 16.627682 -17.684277 2.425021 -0.10592 -1.513857 -4.275885 -5.039043 -5.612869 -2.953556 4e-06 -11.020523 -1e-06 -6.1113 -15.895332 -3.840473 -1e-06 0.0 -0.0 -10.283373 -5.68029 -4.341843 11.028293 -11.302403 -2.372632 -1.384269 -14.238577 -6.320119 -0.62544 -26.924183 -3.827601 -3.816683 -49.614777 -4.190135 -13.708527 -7.363479 -3.720942 18.14115 -14.052737 -3.242676 6e-06 -18.787266 -1e-06 -0.429712 -8.456043 2.555505 0.0 -0.0 -1e-06 -15.923536 -20.094482 -5.473588 30.41921 -7.190825 1.735929 2e-06 -8.162925 -1e-06 -1.861905 -22.861469 -6.16794 0.0 -3e-06 -1e-06 -177.03627 -4.052767 6.077721 9.606986 0.001359 0.11485 -79.440338 1.264953 -5.037384 -5.795897 1.536235 2.12918 -0.999998 -0.0 -0.0 1.044742 -2.219269 -8.162008 13.152558 -0.075136 0.151058 -78.436333 -2.830534 -4.643018 -5.681708 0.758637 1.678171 -1.000001 -0.0 0.0 
0.0 0.0 0.0 0.0 -0.0 0.0 5.666802 100.296547 -2.123266 89.398705 2.104879 92.889694 1.849204 -0.425799 0.057557 -10.109561 -0.426222 0.712621 11.88565 0.741065 -1.739859 23.728613 5.850717 2.690342 -2.679801 -1.102762 -5.156815 -35.751892 -1.904028 -5.903274 6e-06 -0.0 0.0 0.019453 0.002908 -0.007218 -0.081898 -0.082485 -0.047932 -0.099612 0.08811 0.036176 -113.51944 -68.944565 130.145676 7.264403 -53.23624 4.522294 63.518368 0.220524 0.630976 1.605052 -7.119346 25.258909 17.636625 -26.322725 52.411194 -19.466661 -14.395596 29.410393 -1e-06 -8.77482 -5e-06 15.189071 -18.289497 6.369234 -0.609777 -1.795655 -3.889328 -4.807086 -11.046809 -2.937852 5e-06 -20.976015 -1e-06 -5.019965 -25.033552 -4.031884 6e-06 -1e-06 0.0 -10.634533 -5.686972 -3.565584 10.573272 -17.922947 -3.113902 5e-06 -13.821205 -2e-06 -0.501774 -31.181498 -4.027016 -11.035674 -59.260681 7.267926 -13.982709 -7.150195 -2.87504 13.772726 -8.40149 -3.218245 0.347735 -34.211544 0.771655 -0.963029 -17.733368 2.621019 1e-06 0.0 1e-06 -17.346411 -20.095211 -4.201782 21.757555 -1.638374 3.866423 -1e-06 -6.338823 -2e-06 -1.697588 -22.59174 -6.194006 1e-06 -3e-06 -3e-06 51.099983 -75.742424 145.933746 2.675857 -49.333267 0.925669 50.759518 0.998372 1.324788 -5.579697 1.992046 34.753906 22.182117 -20.375896 49.933319 -16.701811 -16.74353 28.476532 -2e-06 -12.690601 -1e-06 16.515543 -17.683054 2.459793 -0.10592 -1.513856 -4.275884 -5.039042 -5.612869 -2.953555 4e-06 -11.020523 -2e-06 -6.111297 -15.895334 -3.840471 -0.0 1e-06 -0.0 -10.283373 -5.680285 -4.341838 11.028294 -11.302406 -2.372634 -1.384268 -14.238581 -6.32012 -0.625438 -26.924191 -3.827598 -3.821284 -49.538044 -4.17999 -13.708526 -7.363478 -3.720938 18.141153 -14.052737 -3.242676 7e-06 -18.78727 -2e-06 -0.429711 -8.456043 2.555503 0.0 -1e-06 0.0 -15.923534 -20.094482 -5.473588 30.41921 -7.190828 1.735927 2e-06 -8.162925 -0.0 -1.861901 -22.861467 -6.167943 -0.0 -3e-06 -2e-06 -176.908798 -3.974894 5.664944 9.445505 0.003657 0.107411 -79.398872 0.956609 -5.082668 -5.772404 1.528271 2.125037 -0.999999 0.0 -0.0 0.83172 -2.295966 -7.744596 13.219507 -0.069711 0.143068 -78.416641 -2.612125 -4.614704 -5.696823 0.756284 1.678035 -1.000002 -0.0 -0.0 
0.0 0.0 0.0 0.0 -0.0 0.0 5.687881 100.295273 -2.303978 89.413116 2.103976 92.194534 1.947655 -0.499983 0.029176 -10.060076 -0.444766 0.663138 11.948837 0.839495 -1.749624 23.41926 5.406507 2.691747 -2.671805 -1.094955 -4.697148 -36.230999 -1.931083 -5.338649 5e-06 -0.0 0.0 0.026748 0.007063 -0.008402 -0.074808 -0.075758 -0.049127 -0.095084 0.089652 0.035345 -113.684517 -68.900452 130.513474 6.817464 -53.309624 5.210365 60.82856 0.19248 0.581831 1.199237 -7.593725 24.685148 17.636625 -26.322735 52.411194 -19.466656 -14.395597 29.410385 -1e-06 -8.774821 -2e-06 15.195283 -18.238474 6.380374 -0.609775 -1.795653 -3.889327 -4.807088 -11.046811 -2.93785 6e-06 -20.976015 1e-06 -5.019965 -25.033554 -4.031881 7e-06 -1e-06 3e-06 -10.634533 -5.686971 -3.565588 10.573271 -17.922949 -3.113899 4e-06 -13.821211 0.0 -0.501777 -31.181505 -4.027015 -11.054833 -59.198563 7.3214 -13.982711 -7.150196 -2.875042 13.772727 -8.401493 -3.21824 0.347734 -34.211555 0.771657 -0.963029 -17.733372 2.621023 0.0 0.0 -0.0 -17.346409 -20.095213 -4.201784 21.757551 -1.638377 3.866426 2e-06 -6.338824 2e-06 -1.69759 -22.591745 -6.194002 -0.0 -4e-06 -2e-06 50.438225 -75.483406 146.60762 2.466873 -50.266476 1.412764 50.0961 1.018842 1.269362 -5.135655 0.909211 33.214054 22.182117 -20.375898 49.933327 -16.701813 -16.74353 28.47653 -2e-06 -12.690603 -4e-06 16.409201 -17.664743 2.5058 -0.105918 -1.513858 -4.275882 -5.039042 -5.612873 -2.953558 3e-06 -11.020523 -1e-06 -6.111298 -15.895334 -3.840473 0.0 0.0 -0.0 -10.283369 -5.680289 -4.34184 11.028293 -11.302406 -2.372633 -1.384268 -14.238583 -6.320123 -0.625439 -26.924194 -3.827601 -3.832751 -49.490742 -4.149725 -13.708526 -7.363477 -3.720941 18.141151 -14.052739 -3.242676 7e-06 -18.787271 -3e-06 -0.429712 -8.456045 2.555501 1e-06 -1e-06 -0.0 -15.923534 -20.094486 -5.473588 30.41921 -7.190827 1.735926 3e-06 -8.162927 2e-06 -1.8619 -22.861469 -6.167943 0.0 -3e-06 -2e-06 -176.847092 -3.904427 5.266861 9.33198 0.006003 0.098389 -79.328629 0.633744 -5.153347 -5.722275 1.525949 2.124246 -0.999999 -0.0 0.0 0.509976 -2.363846 -7.342698 13.411264 -0.064882 0.133207 -78.396233 -2.363516 -4.54399 -5.705092 0.751367 1.678129 -1.000002 0.0 0.0 
0.0 0.0 0.0 0.0 -0.0 0.0 5.671897 100.298515 -2.503432 89.423203 2.091978 91.504677 2.065222 -0.574223 0.003102 -10.007005 -0.462873 0.612951 12.041266 0.900787 -1.775114 23.049667 5.032596 2.70559 -2.660139 -1.100744 -4.298059 -36.771091 -1.947231 -4.825789 7e-06 -0.0 -0.0 0.035335 0.008026 -0.015803 -0.061848 -0.072451 -0.056867 -0.084689 0.088298 0.02847 -113.946327 -68.851875 131.022171 6.369538 -53.461071 6.035182 58.062771 0.147089 0.540041 0.749622 -8.01196 24.456722 17.636633 -26.322737 52.411194 -19.466658 -14.395597 29.410381 0.0 -8.774822 -3e-06 15.237885 -18.208061 6.402846 -0.609776 -1.795652 -3.889324 -4.807091 -11.046811 -2.937849 4e-06 -20.976017 1e-06 -5.019971 -25.03356 -4.031881 5e-06 1e-06 -0.0 -10.634533 -5.686967 -3.565585 10.573271 -17.922949 -3.113897 2e-06 -13.821209 -1e-06 -0.50178 -31.181501 -4.027013 -11.116609 -59.234371 7.409966 -13.982714 -7.150196 -2.875039 13.772727 -8.401491 -3.218238 0.347734 -34.211544 0.771654 -0.963032 -17.73337 2.621024 -1e-06 1e-06 2e-06 -17.346416 -20.095217 -4.201782 21.757555 -1.638376 3.866429 3e-06 -6.338824 -0.0 -1.69759 -22.591742 -6.194002 0.0 -3e-06 -3e-06 49.951702 -75.223068 147.138992 2.243371 -51.443977 1.918391 49.441669 1.073953 1.196265 -4.771016 -0.132479 31.756876 22.182117 -20.375889 49.933304 -16.701818 -16.743528 28.476532 -3e-06 -12.690601 -3e-06 16.339306 -17.640373 2.554583 -0.105919 -1.513858 -4.27588 -5.039039 -5.61287 -2.953555 4e-06 -11.020525 -2e-06 -6.111296 -15.895334 -3.84047 -0.0 0.0 -1e-06 -10.283369 -5.680288 -4.341836 11.028296 -11.302406 -2.372634 -1.384268 -14.238581 -6.320121 -0.625436 -26.924191 -3.827599 -3.860468 -49.487061 -4.113441 -13.708523 -7.363477 -3.720938 18.141151 -14.052739 -3.242675 8e-06 -18.78727 -4e-06 -0.42971 -8.456045 2.555502 -0.0 -0.0 1e-06 -15.923532 -20.094482 -5.473584 30.41921 -7.190831 1.735926 3e-06 -8.162926 -2e-06 -1.861897 -22.861469 -6.167942 -0.0 -2e-06 -2e-06 -176.828552 -3.858328 4.893005 9.253966 0.007125 0.090564 -79.239456 0.292408 -5.253041 -5.666924 1.534044 2.126636 -1.0 -0.0 0.0 0.118269 -2.399953 -6.940617 13.692154 -0.064078 0.11972 -78.362556 -2.139754 -4.454098 -5.712172 0.739141 1.676147 -1.000002 -0.0 -0.0 
0.0 0.0 0.0 0.0 -0.0 0.0 5.615519 100.303757 -2.707536 89.426483 2.067751 90.849236 2.196065 -0.647155 -0.021212 -9.960814 -0.477002 0.562669 12.16961 0.925497 -1.816914 22.651978 4.717465 2.719564 -2.648025 -1.109947 -3.921522 -37.356232 -1.955525 -4.354642 5e-06 0.0 0.0 0.041569 0.007526 -0.023447 -0.045487 -0.071879 -0.064634 -0.0708 0.086811 0.021113 -114.306564 -68.782661 131.657349 5.932552 -53.683788 6.927902 55.356152 0.087115 0.482607 0.293257 -8.340364 24.793249 17.636633 -26.322737 52.411194 -19.466665 -14.395598 29.410393 -2e-06 -8.774822 -6e-06 15.318057 -18.193787 6.425853 -0.609777 -1.795655 -3.889329 -4.807087 -11.046809 -2.937854 9e-06 -20.976019 0.0 -5.019968 -25.03356 -4.031879 7e-06 1e-06 -1e-06 -10.634533 -5.68697 -3.56559 10.573277 -17.922955 -3.1139 5e-06 -13.821211 -1e-06 -0.501776 -31.181505 -4.027012 -11.229538 -59.364304 7.52468 -13.982714 -7.150198 -2.875041 13.772733 -8.401495 -3.218243 0.347741 -34.211555 0.771655 -0.963027 -17.733372 2.621025 -2e-06 -0.0 3e-06 -17.346415 -20.095221 -4.201784 21.757555 -1.638377 3.866427 3e-06 -6.338825 0.0 -1.697584 -22.591745 -6.194006 -1e-06 -5e-06 -1e-06 49.709415 -74.955368 147.476791 2.044748 -52.829613 2.336488 48.796112 1.089304 1.103601 -4.425522 -0.969582 30.559359 22.182112 -20.375891 49.933319 -16.701815 -16.743528 28.476528 -5e-06 -12.6906 -0.0 16.303593 -17.628313 2.608995 -0.10592 -1.513854 -4.27588 -5.039039 -5.612869 -2.953558 7e-06 -11.020523 -5e-06 -6.111295 -15.89533 -3.84047 0.0 -0.0 1e-06 -10.28337 -5.680283 -4.341837 11.028294 -11.302405 -2.372634 -1.384266 -14.238577 -6.320119 -0.625432 -26.924183 -3.827602 -3.918187 -49.54541 -4.043642 -13.708523 -7.363472 -3.720938 18.141148 -14.052739 -3.242677 9e-06 -18.787266 -3e-06 -0.429711 -8.456041 2.555506 0.0 0.0 0.0 -15.923532 -20.094479 -5.473585 30.41921 -7.190829 1.735922 4e-06 -8.162925 -1e-06 -1.861898 -22.861467 -6.167941 0.0 -4e-06 -2e-06 -176.847488 -3.844092 4.567652 9.20175 0.008625 0.083363 -79.143761 -0.059596 -5.368385 -5.620848 1.544861 2.128618 -0.999998 -0.0 -0.0 -0.302238 -2.398656 -6.58551 14.007378 -0.066566 0.10396 -78.321632 -1.921254 -4.340822 -5.729961 0.72448 1.673477 -1.000002 0.0 -0.0 
0.0 0.0 0.0 0.0 -0.0 0.0 5.51426 100.304863 -2.904804 89.422966 2.045971 90.229393 2.340446 -0.711493 -0.041325 -9.919587 -0.486591 0.508659 12.353016 0.922218 -1.854665 22.219706 4.418576 2.728579 -2.640395 -1.108328 -3.572268 -38.03019 -1.973985 -3.900047 7e-06 0.0 0.0 0.042944 0.008059 -0.026152 -0.033888 -0.070786 -0.068305 -0.061893 0.086827 0.019446 -114.813171 -68.637741 132.468201 5.577904 -53.937183 7.820407 52.812489 0.035972 0.42197 -0.153338 -8.604388 25.641947 17.636627 -26.322729 52.411194 -19.46666 -14.395597 29.410385 -0.0 -8.774822 -5e-06 15.431003 -18.182552 6.429169 -0.609776 -1.795655 -3.889324 -4.807088 -11.046809 -2.937853 3e-06 -20.976015 -0.0 -5.019968 -25.033556 -4.031884 5e-06 1e-06 0.0 -10.634535 -5.686972 -3.565588 10.573275 -17.922949 -3.1139 3e-06 -13.82121 -1e-06 -0.501774 -31.181505 -4.027016 -11.358312 -59.53994 7.631894 -13.982712 -7.150198 -2.875039 13.772729 -8.40149 -3.218244 0.347734 -34.211544 0.771654 -0.963031 -17.73337 2.62102 -1e-06 -0.0 -0.0 -17.346416 -20.095217 -4.201784 21.757555 -1.638374 3.866431 2e-06 -6.338824 0.0 -1.69759 -22.591743 -6.194005 -2e-06 -3e-06 -2e-06 49.654678 -74.687187 147.694855 1.842306 -54.402695 2.58032 48.140709 1.011095 1.005464 -3.951984 -1.562982 29.317863 22.182114 -20.375896 49.933319 -16.701809 -16.74353 28.476528 -3e-06 -12.690601 -1e-06 16.266478 -17.629015 2.667567 -0.105921 -1.513854 -4.27588 -5.03904 -5.612871 -2.953556 4e-06 -11.020523 -2e-06 -6.111298 -15.89533 -3.84047 0.0 -0.0 0.0 -10.283369 -5.680287 -4.341837 11.028292 -11.302404 -2.372633 -1.384269 -14.238579 -6.320119 -0.625439 -26.924185 -3.8276 -3.977944 -49.616394 -3.964649 -13.708526 -7.363476 -3.720938 18.141148 -14.052738 -3.242674 5e-06 -18.78727 -2e-06 -0.429711 -8.456045 2.555503 1e-06 -1e-06 1e-06 -15.923534 -20.094479 -5.473579 30.419207 -7.190824 1.735927 3e-06 -8.162922 -3e-06 -1.861903 -22.861464 -6.167939 0.0 -3e-06 -2e-06 -176.878372 -3.86477 4.28303 9.168572 0.008448 0.080899 -79.063072 -0.444806 -5.503227 -5.586508 1.549916 2.130481 -0.999998 0.0 0.0 -0.713426 -2.354087 -6.253101 14.330434 -0.068635 0.091781 -78.300545 -1.714679 -4.208698 -5.756963 0.713725 1.671756 -1.000003 1e-06 -0.0 
0.0 0.0 0.0 0.0 -0.0 0.0 5.370052 100.295982 -3.091906 89.409019 2.029064 89.65358 2.480655 -0.760922 -0.056086 -9.883288 -0.490662 0.449234 12.597053 0.906892 -1.871343 21.771999 4.096594 2.722069 -2.643877 -1.089601 -3.25649 -38.838238 -2.009396 -3.472136 7e-06 0.0 0.0 0.039199 0.012016 -0.020556 -0.032314 -0.066112 -0.065178 -0.062136 0.089965 0.027214 -115.50309 -68.401009 133.491089 5.346178 -54.196953 8.702247 50.485855 0.031346 0.387648 -0.545887 -8.794046 26.748638 17.636637 -26.322744 52.411213 -19.466663 -14.395598 29.410395 -0.0 -8.774822 -5e-06 15.56416 -18.165537 6.402223 -0.609777 -1.795654 -3.88933 -4.807091 -11.046812 -2.937849 3e-06 -20.976019 1e-06 -5.019972 -25.033558 -4.03188 6e-06 1e-06 1e-06 -10.634537 -5.686971 -3.565586 10.573276 -17.922953 -3.113899 3e-06 -13.821213 1e-06 -0.50178 -31.181505 -4.02701 -11.46294 -59.714371 7.702398 -13.982716 -7.150198 -2.875045 13.772731 -8.401493 -3.218242 0.347731 -34.211555 0.771661 -0.963033 -17.733372 2.621024 0.0 -0.0 -0.0 -17.346422 -20.095219 -4.201783 21.757559 -1.638375 3.866431 2e-06 -6.338825 0.0 -1.697589 -22.591747 -6.194007 -0.0 -3e-06 -3e-06 49.70866 -74.406731 147.879654 1.54676 -56.096268 2.77549 47.461674 0.870205 0.90317 -3.254794 -1.977304 27.81665 22.182117 -20.3759 49.933334 -16.701809 -16.74353 28.47653 -2e-06 -12.690601 -0.0 16.201078 -17.639235 2.73488 -0.105919 -1.513856 -4.275882 -5.039041 -5.612869 -2.953557 3e-06 -11.020521 -1e-06 -6.111298 -15.89533 -3.840472 0.0 0.0 -1e-06 -10.28337 -5.680288 -4.34184 11.028295 -11.302406 -2.372632 -1.38427 -14.23858 -6.32012 -0.625441 -26.924189 -3.827602 -4.017843 -49.680714 -3.893333 -13.708526 -7.363474 -3.72094 18.141148 -14.052736 -3.242672 4e-06 -18.78727 0.0 -0.429712 -8.456045 2.555505 0.0 -0.0 -0.0 -15.923538 -20.094482 -5.473588 30.419218 -7.190826 1.735928 3e-06 -8.162926 1e-06 -1.861905 -22.861467 -6.167943 -0.0 -4e-06 -0.0 -176.92775 -3.92883 4.008291 9.179243 0.00989 0.079135 -79.031364 -0.822855 -5.609168 -5.551637 1.544059 2.132285 -0.999998 -0.0 -0.0 -1.082664 -2.2611 -5.955431 14.609759 -0.072643 0.081724 -78.317612 -1.512645 -4.065233 -5.790414 0.707876 1.670762 -1.000001 -0.0 0.0 
0.0 0.0 0.0 0.0 -0.0 0.0 5.192713 100.266685 -3.281578 89.396263 2.019707 89.139999 2.613907 -0.790852 -0.059292 -9.846448 -0.491239 0.398405 12.886033 0.874636 -1.868934 21.32873 3.726185 2.700942 -2.659396 -1.057693 -3.019881 -39.747906 -2.028185 -3.105475 6e-06 -0.0 -0.0 0.034434 0.015897 -0.017387 -0.040066 -0.062251 -0.065954 -0.068487 0.093498 0.03405 -116.408951 -68.063042 134.787857 5.275396 -54.44651 9.431958 48.43832 0.049439 0.3957 -0.855749 -8.865886 27.917454 17.636635 -26.322721 52.411182 -19.466663 -14.395597 29.410385 -1e-06 -8.774822 -6e-06 15.715447 -18.147463 6.343559 -0.609776 -1.795651 -3.889327 -4.807087 -11.046812 -2.937852 6e-06 -20.976021 -1e-06 -5.01997 -25.03356 -4.031879 6e-06 1e-06 -2e-06 -10.634535 -5.68697 -3.565589 10.573278 -17.922955 -3.113902 4e-06 -13.821212 -1e-06 -0.501772 -31.181511 -4.02702 -11.529865 -59.866501 7.725194 -13.982715 -7.150198 -2.875041 13.772732 -8.401493 -3.218243 0.347738 -34.211555 0.771654 -0.963029 -17.73337 2.621021 -1e-06 -0.0 -0.0 -17.34642 -20.095219 -4.201784 21.757559 -1.638377 3.866429 3e-06 -6.338824 -1e-06 -1.697584 -22.591747 -6.194011 1e-06 -4e-06 -3e-06 49.796143 -74.098343 148.103577 1.01268 -57.859993 3.204593 46.729595 0.732486 0.812421 -2.367646 -2.35246 26.13728 22.182116 -20.375885 49.933308 -16.701822 -16.743528 28.476536 -3e-06 -12.690601 -2e-06 16.128489 -17.651199 2.792411 -0.105919 -1.513856 -4.275882 -5.039041 -5.612873 -2.953557 4e-06 -11.020527 -4e-06 -6.111297 -15.895336 -3.840471 -0.0 1e-06 0.0 -10.283369 -5.680288 -4.341838 11.028296 -11.302407 -2.372636 -1.384268 -14.238583 -6.320121 -0.625435 -26.924191 -3.827605 -4.028752 -49.744747 -3.853639 -13.708526 -7.363476 -3.720938 18.141153 -14.052739 -3.242677 8e-06 -18.78727 -6e-06 -0.42971 -8.456044 2.555502 1e-06 -2e-06 -1e-06 -15.923536 -20.094486 -5.473586 30.419218 -7.190829 1.735926 3e-06 -8.162927 -1e-06 -1.8619 -22.861473 -6.167945 -0.0 -1e-06 -1e-06 -177.011612 -4.020865 3.763712 9.26006 0.010963 0.074819 -79.091049 -1.162252 -5.679898 -5.523889 1.534041 2.13283 -0.999999 -0.0 -0.0 -1.419792 -2.14416 -5.710698 14.861723 -0.074329 0.072751 -78.420685 -1.345198 -3.921564 -5.81427 0.705007 1.671555 -1.000002 0.0 -0.0 
0.0 0.0 0.0 0.0 -0.0 0.0 4.994019 100.216583 -3.462941 89.386528 2.009372 88.710655 2.721785 -0.793826 -0.055222 -9.810376 -0.485597 0.384728 13.195338 0.819571 -1.848913 20.93471 3.306775 2.669884 -2.671295 -1.020244 -2.863538 -40.658138 -2.016778 -2.877995 5e-06 -0.0 -0.0 0.033748 0.018839 -0.014094 -0.049429 -0.062129 -0.067461 -0.073248 0.098763 0.042174 -117.477852 -67.626572 136.291321 5.332235 -54.661716 9.85623 46.846882 0.067233 0.428193 -1.100181 -8.792637 28.95088 17.636623 -26.322727 52.411182 -19.466665 -14.395597 29.410385 -1e-06 -8.774821 -1e-06 15.848749 -18.130011 6.274196 -0.609776 -1.795654 -3.889326 -4.807088 -11.046811 -2.937852 5e-06 -20.976019 -1e-06 -5.019969 -25.03356 -4.031878 6e-06 3e-06 0.0 -10.634533 -5.686971 -3.565582 10.573275 -17.922951 -3.113901 4e-06 -13.821209 -1e-06 -0.501778 -31.181505 -4.027015 -11.540425 -59.965878 7.689044 -13.982712 -7.150198 -2.875037 13.772729 -8.401492 -3.218244 0.347737 -34.211555 0.771652 -0.963026 -17.733372 2.621016 0.0 0.0 1e-06 -17.346418 -20.095219 -4.201779 21.757559 -1.638375 3.866424 2e-06 -6.338825 2e-06 -1.697588 -22.591747 -6.194005 -0.0 -6e-06 -1e-06 49.869373 -73.805977 148.390106 0.185043 -59.569637 4.145869 45.830322 0.665172 0.732951 -1.395179 -2.766114 24.432943 22.182114 -20.375895 49.933319 -16.701815 -16.743528 28.476532 -4e-06 -12.690599 -0.0 16.089607 -17.673973 2.826827 -0.105919 -1.513856 -4.275881 -5.039041 -5.612871 -2.953558 4e-06 -11.020523 -2e-06 -6.111297 -15.89533 -3.840469 0.0 -1e-06 -2e-06 -10.283367 -5.680287 -4.341839 11.028292 -11.302404 -2.372633 -1.384268 -14.238581 -6.32012 -0.625438 -26.924187 -3.827603 -4.047398 -49.844078 -3.830711 -13.708523 -7.363475 -3.720938 18.14115 -14.052738 -3.242675 6e-06 -18.78727 -3e-06 -0.429712 -8.456043 2.555503 1e-06 0.0 1e-06 -15.923536 -20.094482 -5.473584 30.419207 -7.190826 1.735927 5e-06 -8.162925 0.0 -1.861901 -22.861467 -6.167941 -1e-06 -3e-06 -2e-06 -177.138428 -4.132253 3.58218 9.420274 0.006508 0.070727 -79.252174 -1.443215 -5.740218 -5.502759 1.53888 2.135155 -0.999999 0.0 -0.0 -1.713246 -2.018038 -5.557576 15.065521 -0.071491 0.065317 -78.614182 -1.211206 -3.78588 -5.823041 0.702975 1.672079 -1.000002 -0.0 -0.0 
0.0 0.0 0.0 0.0 -0.0 0.0 4.771445 100.16465 -3.62611 89.363632 1.977929 88.331253 2.806967 -0.769396 -0.051734 -9.779711 -0.470171 0.416995 13.493701 0.755005 -1.811193 20.63928 2.860709 2.661187 -2.665979 -0.974112 -2.782799 -41.556644 -2.027727 -2.766085 7e-06 -0.0 -1e-06 0.038434 0.022454 -0.008166 -0.052518 -0.064538 -0.066985 -0.074713 0.108159 0.053409 -118.554176 -67.087929 137.837097 5.432148 -54.935104 9.753217 45.74062 0.054336 0.440407 -1.264997 -8.566967 29.527834 17.636625 -26.322737 52.411198 -19.46666 -14.395598 29.410393 -1e-06 -8.774821 -2e-06 15.958746 -18.114174 6.192218 -0.609777 -1.795654 -3.889328 -4.807087 -11.046809 -2.93785 5e-06 -20.976015 -0.0 -5.019969 -25.033556 -4.031879 6e-06 1e-06 -2e-06 -10.634533 -5.68697 -3.565585 10.573272 -17.922949 -3.1139 3e-06 -13.821206 -0.0 -0.501777 -31.181505 -4.027017 -11.489626 -59.985531 7.611478 -13.982712 -7.150198 -2.875044 13.77273 -8.401492 -3.21824 0.347733 -34.211552 0.771658 -0.963029 -17.73337 2.62102 0.0 -1e-06 -0.0 -17.346416 -20.095215 -4.201779 21.757557 -1.638374 3.866425 1e-06 -6.338822 -0.0 -1.697591 -22.591742 -6.194001 -1e-06 -3e-06 0.0 49.792961 -73.564713 148.87648 -0.794402 -61.134571 5.540753 44.599972 0.635107 0.680936 -0.481454 -3.211709 22.932394 22.182116 -20.375893 49.933319 -16.701817 -16.74353 28.476532 -3e-06 -12.690601 -1e-06 16.09844 -17.704775 2.832932 -0.105919 -1.513856 -4.275882 -5.039041 -5.612872 -2.953555 4e-06 -11.020523 -1e-06 -6.111298 -15.89533 -3.840471 0.0 -0.0 -0.0 -10.283371 -5.68029 -4.341839 11.028295 -11.302406 -2.372633 -1.384268 -14.238583 -6.32012 -0.625436 -26.924192 -3.827603 -4.08239 -49.955635 -3.826913 -13.708524 -7.363477 -3.720938 18.14115 -14.052739 -3.242676 6e-06 -18.78727 -4e-06 -0.429711 -8.456041 2.555504 0.0 -1e-06 -0.0 -15.923534 -20.094484 -5.473584 30.41921 -7.190824 1.735924 2e-06 -8.162925 1e-06 -1.861903 -22.861465 -6.16794 -0.0 -5e-06 -2e-06 -177.292221 -4.284602 3.434268 9.601521 0.000541 0.062007 -79.435394 -1.636878 -5.80998 -5.483178 1.559454 2.140363 -0.999999 -0.0 -0.0 -1.981424 -1.858113 -5.434078 15.216818 -0.064194 0.063272 -78.811913 -1.1012 -3.67546 -5.822964 0.711939 1.672256 -1.000002 -0.0 -0.0 
0.0 0.0 0.0 0.0 -0.0 0.0 4.510828 100.130997 -3.760991 89.296829 1.942851 87.983719 2.885404 -0.712904 -0.050828 -9.760333 -0.44599 0.46701 13.747008 0.6976 -1.746168 20.486124 2.429003 2.655218 -2.65616 -0.943937 -2.728028 -42.377033 -2.052829 -2.716749 6e-06 0.0 0.0 0.045196 0.027125 0.001269 -0.044843 -0.066811 -0.061911 -0.068969 0.119763 0.06633 -119.456093 -66.51387 139.186996 5.445809 -55.348946 9.275766 45.060837 0.045353 0.443597 -1.393203 -8.245432 29.556149 17.636621 -26.322735 52.411205 -19.466652 -14.395597 29.410389 -0.0 -8.774821 -1e-06 16.036156 -18.078564 6.10497 -0.609776 -1.795654 -3.889328 -4.807087 -11.046809 -2.937851 4e-06 -20.976015 1e-06 -5.01997 -25.033552 -4.031878 5e-06 1e-06 0.0 -10.634533 -5.686971 -3.565589 10.573271 -17.922945 -3.113901 3e-06 -13.821205 0.0 -0.501778 -31.181494 -4.027014 -11.377277 -59.936913 7.509633 -13.982712 -7.150198 -2.875042 13.772727 -8.401489 -3.21824 0.347732 -34.211544 0.771655 -0.963029 -17.73337 2.621018 1e-06 1e-06 -1e-06 -17.346415 -20.095217 -4.201786 21.757555 -1.638375 3.866425 1e-06 -6.338823 2e-06 -1.697591 -22.591742 -6.194003 1e-06 -2e-06 -1e-06 49.678841 -73.411003 149.426163 -1.729374 -62.534889 7.237017 42.999802 0.671166 0.682309 0.166028 -3.692515 21.776314 22.182112 -20.375891 49.933319 -16.701807 -16.743528 28.47653 -2e-06 -12.6906 -0.0 16.139324 -17.750099 2.821925 -0.105919 -1.513855 -4.275882 -5.039041 -5.61287 -2.953556 3e-06 -11.020519 -2e-06 -6.111298 -15.895328 -3.84047 0.0 -0.0 -1e-06 -10.283368 -5.680287 -4.34184 11.028292 -11.302402 -2.372633 -1.38427 -14.238575 -6.320122 -0.625438 -26.924183 -3.8276 -4.13902 -50.048634 -3.834092 -13.708523 -7.363476 -3.720942 18.141146 -14.052735 -3.24267 5e-06 -18.787266 -3e-06 -0.429711 -8.456043 2.555503 -1e-06 3e-06 1e-06 -15.923534 -20.094479 -5.473585 30.419205 -7.190823 1.735926 2e-06 -8.162922 0.0 -1.861902 -22.861464 -6.167941 -1e-06 -2e-06 -1e-06 -177.422958 -4.514741 3.318954 9.759927 -0.002154 0.046081 -79.560623 -1.769193 -5.926491 -5.485445 1.586484 2.14839 -1.0 -0.0 0.0 -2.175063 -1.61033 -5.279076 15.264428 -0.057609 0.063242 -78.905457 -1.025348 -3.576194 -5.839225 0.726812 1.670147 -1.000002 1e-06 0.0 
0.0 0.0 0.0 0.0 -0.0 0.0 4.203104 100.119888 -3.862923 89.16169 1.916786 87.670044 2.968795 -0.622238 -0.052512 -9.748499 -0.418195 0.505847 13.927737 0.658747 -1.67363 20.468683 2.060839 2.654317 -2.654343 -0.941847 -2.659636 -43.065754 -2.0689 -2.6813 6e-06 0.0 0.0 0.049151 0.029262 0.002493 -0.02741 -0.069448 -0.062087 -0.055362 0.126724 0.067588 -120.076149 -65.990166 140.201035 5.366691 -55.913326 8.671313 44.665581 0.058903 0.432821 -1.494264 -7.877728 29.172268 17.636625 -26.322729 52.41119 -19.466663 -14.395598 29.410389 0.0 -8.774821 0.0 16.074459 -18.014963 6.023751 -0.609777 -1.795654 -3.889328 -4.807088 -11.046809 -2.937851 4e-06 -20.976017 1e-06 -5.019971 -25.033552 -4.031881 6e-06 -1e-06 0.0 -10.634532 -5.686969 -3.565587 10.573271 -17.922947 -3.113902 3e-06 -13.821206 -0.0 -0.501775 -31.181505 -4.027016 -11.217298 -59.836044 7.3927 -13.982712 -7.150198 -2.875039 13.772727 -8.40149 -3.218241 0.347733 -34.211544 0.771652 -0.963031 -17.73337 2.62102 1e-06 1e-06 -0.0 -17.346418 -20.095215 -4.201777 21.757557 -1.638374 3.866424 1e-06 -6.338821 -2e-06 -1.697588 -22.591745 -6.194008 -0.0 -3e-06 -2e-06 49.692089 -73.358536 149.794083 -2.580424 -63.813801 9.018525 41.101162 0.730774 0.702615 0.402573 -4.149247 21.265972 22.182119 -20.375895 49.933319 -16.701813 -16.74353 28.47653 -3e-06 -12.690602 -1e-06 16.167906 -17.790535 2.807966 -0.105919 -1.513856 -4.275882 -5.039042 -5.612871 -2.953556 4e-06 -11.020523 -3e-06 -6.1113 -15.89533 -3.840471 1e-06 -0.0 -0.0 -10.283373 -5.680288 -4.341837 11.028295 -11.302404 -2.372632 -1.384269 -14.238581 -6.320122 -0.625439 -26.924185 -3.827601 -4.198683 -50.084404 -3.850916 -13.708526 -7.363477 -3.720939 18.14115 -14.052739 -3.242674 5e-06 -18.78727 -2e-06 -0.429711 -8.456045 2.555504 -0.0 2e-06 -1e-06 -15.923536 -20.094482 -5.473585 30.41921 -7.190826 1.735929 4e-06 -8.162926 -0.0 -1.861905 -22.861467 -6.167942 1e-06 -3e-06 -1e-06 -177.522934 -4.853428 3.217828 9.918518 -0.002688 0.034225 -79.626854 -1.845678 -6.08057 -5.49772 1.601006 2.153057 -0.999999 0.0 0.0 -2.262974 -1.238176 -5.083603 15.183951 -0.057308 0.055972 -78.856094 -1.02149 -3.453832 -5.856934 0.741627 1.666888 -1.000002 -0.0 0.0 
0.0 0.0 0.0 0.0 -0.0 0.0 3.8527 100.122002 -3.925833 88.9785 1.894869 87.422279 3.042725 -0.512203 -0.051731 -9.748587 -0.395207 0.523468 14.047241 0.633476 -1.622073 20.544992 1.79169 2.671618 -2.662204 -0.967212 -2.586911 -43.638515 -2.068248 -2.637344 6e-06 -0.0 0.0 0.050037 0.028789 -0.002451 -0.009428 -0.075279 -0.066798 -0.043032 0.131722 0.060652 -120.466301 -65.556778 140.90332 5.299342 -56.526016 8.146323 44.365681 0.12133 0.392787 -1.587499 -7.542894 28.790215 17.636629 -26.322731 52.411201 -19.466663 -14.395598 29.410395 -0.0 -8.774823 0.0 16.099079 -17.94042 5.952287 -0.609776 -1.795654 -3.889326 -4.807091 -11.046813 -2.937852 3e-06 -20.976019 -1e-06 -5.019972 -25.03356 -4.031884 6e-06 -0.0 1e-06 -10.634537 -5.686973 -3.56559 10.573275 -17.922951 -3.1139 3e-06 -13.821209 -1e-06 -0.501778 -31.181507 -4.027019 -11.093494 -59.751923 7.298434 -13.982716 -7.1502 -2.875044 13.77273 -8.401491 -3.218243 0.347735 -34.211555 0.771649 -0.963029 -17.733372 2.621019 2e-06 0.0 -1e-06 -17.346424 -20.095222 -4.201779 21.757565 -1.638374 3.866427 1e-06 -6.338822 -0.0 -1.697589 -22.591751 -6.19401 -1e-06 -3e-06 -1e-06 49.814896 -73.371765 149.997223 -3.276465 -64.97654 10.503989 39.091187 0.773445 0.71338 0.302582 -4.447476 21.291967 22.182119 -20.375898 49.933334 -16.701817 -16.743534 28.476534 -2e-06 -12.690605 1e-06 16.155622 -17.815187 2.797095 -0.10592 -1.513856 -4.275882 -5.039042 -5.612872 -2.953557 3e-06 -11.020523 -1e-06 -6.1113 -15.895334 -3.840472 1e-06 1e-06 -1e-06 -10.283373 -5.680288 -4.341839 11.028294 -11.302404 -2.372632 -1.38427 -14.238579 -6.320121 -0.625439 -26.924187 -3.827603 -4.21713 -50.048401 -3.905662 -13.708527 -7.363477 -3.720939 18.14115 -14.052737 -3.242674 6e-06 -18.78727 -2e-06 -0.429712 -8.456041 2.555504 1e-06 1e-06 -0.0 -15.923539 -20.094486 -5.473587 30.419218 -7.190826 1.735927 3e-06 -8.162928 0.0 -1.861903 -22.861469 -6.167943 -0.0 -2e-06 -0.0 -177.536026 -5.271916 3.195492 9.942532 0.005507 0.028453 -79.630127 -1.931198 -6.237221 -5.510144 1.601951 2.153938 -0.999997 0.0 -0.0 -2.253914 -0.774291 -4.888696 14.999749 -0.061566 0.037921 -78.722618 -1.083966 -3.304348 -5.865109 0.743407 1.662275 -1.000001 0.0 0.0 
0.0 0.0 0.0 0.0 -0.0 0.0 3.444545 100.130188 -3.948739 88.77417 1.893832 87.262749 3.103402 -0.396578 -0.046082 -9.756186 -0.377944 0.517818 14.139629 0.608021 -1.587581 20.671179 1.615424 2.689154 -2.67707 -1.007343 -2.521714 -44.13142 -2.053038 -2.624097 6e-06 -0.0 -1e-06 0.048983 0.029759 -0.001855 -0.000139 -0.079348 -0.064852 -0.036278 0.137706 0.058182 -120.706726 -65.235115 141.392303 5.412355 -57.108704 7.712441 44.049915 0.22349 0.309163 -1.699149 -7.315413 28.527811 17.636625 -26.322729 52.411194 -19.46666 -14.395598 29.410385 -0.0 -8.774821 1e-06 16.116476 -17.865099 5.900363 -0.609776 -1.795653 -3.889325 -4.807088 -11.046811 -2.937854 4e-06 -20.976017 -1e-06 -5.019969 -25.033556 -4.03188 8e-06 1e-06 -2e-06 -10.634533 -5.68697 -3.565589 10.573272 -17.922951 -3.113899 4e-06 -13.821211 0.0 -0.501777 -31.181505 -4.027016 -11.04594 -59.71172 7.270695 -13.982712 -7.150198 -2.875042 13.77273 -8.401491 -3.21824 0.347736 -34.211544 0.77165 -0.963029 -17.73337 2.621019 2e-06 -1e-06 -0.0 -17.346416 -20.095217 -4.201782 21.757557 -1.638374 3.866427 2e-06 -6.338821 -2e-06 -1.69759 -22.591747 -6.194006 0.0 -3e-06 -2e-06 50.031693 -73.425842 150.055161 -3.879839 -66.039413 11.639032 37.12846 0.797041 0.692747 0.014517 -4.500015 21.572947 22.182117 -20.375898 49.933327 -16.701817 -16.74353 28.476534 -3e-06 -12.690603 0.0 16.109386 -17.800575 2.792844 -0.10592 -1.513856 -4.275881 -5.039041 -5.612872 -2.953557 4e-06 -11.020525 -1e-06 -6.111298 -15.895334 -3.840472 -0.0 -0.0 -0.0 -10.283371 -5.680288 -4.341839 11.028296 -11.302406 -2.372633 -1.384268 -14.238582 -6.320122 -0.625437 -26.924191 -3.827601 -4.164795 -49.952835 -3.999663 -13.708526 -7.363476 -3.72094 18.14115 -14.052739 -3.242673 6e-06 -18.78727 -2e-06 -0.429712 -8.456044 2.555504 0.0 1e-06 0.0 -15.923538 -20.094482 -5.473584 30.419218 -7.190827 1.735927 2e-06 -8.162929 1e-06 -1.861903 -22.861469 -6.16794 0.0 -4e-06 -2e-06 -177.526352 -5.748814 3.284101 9.998788 0.017101 0.031953 -79.608871 -2.039587 -6.408868 -5.512264 1.596965 2.155408 -1.0 0.0 0.0 -2.151767 -0.250078 -4.748361 14.762567 -0.066979 0.028048 -78.56102 -1.155798 -3.097715 -5.854299 0.723931 1.656186 -1.000001 0.0 0.0 
0.0 0.0 0.0 0.0 -0.0 0.0 3.003106 100.12925 -3.928901 88.570435 1.918089 87.170235 3.129969 -0.276634 -0.033552 -9.770788 -0.364871 0.507348 14.231965 0.574509 -1.567595 20.79689 1.499281 2.705027 -2.687601 -1.031081 -2.495585 -44.469578 -2.022325 -2.675748 6e-06 -0.0 -0.0 0.047722 0.029508 -0.003307 -0.001974 -0.0809 -0.063658 -0.036882 0.138547 0.053043 -120.965073 -64.980721 141.829803 5.856622 -57.478947 7.286864 43.668648 0.312808 0.205358 -1.847224 -7.158939 28.381659 17.636623 -26.322733 52.411182 -19.46665 -14.395596 29.410385 0.0 -8.774819 1e-06 16.136024 -17.81769 5.88784 -0.609776 -1.795653 -3.889329 -4.807088 -11.046808 -2.937847 2e-06 -20.976015 4e-06 -5.019971 -25.033552 -4.031878 6e-06 1e-06 -2e-06 -10.634532 -5.68697 -3.565588 10.57327 -17.922947 -3.113898 3e-06 -13.821209 1e-06 -0.50178 -31.181501 -4.027012 -11.069373 -59.71862 7.309327 -13.982712 -7.150198 -2.875042 13.772726 -8.401489 -3.218243 0.34773 -34.211544 0.771656 -0.96303 -17.733368 2.621021 2e-06 -1e-06 -0.0 -17.346413 -20.095215 -4.201779 21.757555 -1.638375 3.866427 1e-06 -6.338821 0.0 -1.697591 -22.591743 -6.194003 -0.0 -3e-06 -3e-06 50.180687 -73.490425 150.103378 -4.371777 -66.854874 12.482693 35.471634 0.83179 0.656826 -0.356431 -4.367484 21.935453 22.182114 -20.375896 49.933327 -16.701815 -16.743528 28.476534 -4e-06 -12.6906 1e-06 16.054699 -17.763384 2.791682 -0.105919 -1.513856 -4.275883 -5.039041 -5.612873 -2.953558 4e-06 -11.020527 -2e-06 -6.111296 -15.895334 -3.840473 -0.0 -1e-06 0.0 -10.283371 -5.680288 -4.341838 11.028296 -11.302407 -2.372634 -1.384268 -14.238585 -6.320123 -0.625436 -26.924194 -3.827604 -4.084914 -49.871788 -4.08276 -13.708524 -7.363477 -3.72094 18.141151 -14.052743 -3.242676 7e-06 -18.787271 -2e-06 -0.429711 -8.456047 2.555502 -1e-06 1e-06 -0.0 -15.923534 -20.094484 -5.473586 30.419218 -7.190827 1.735924 1e-06 -8.16293 -1e-06 -1.8619 -22.861473 -6.167942 0.0 -3e-06 -2e-06 -177.481873 -6.246641 3.407807 10.079685 0.020739 0.045753 -79.615974 -2.119878 -6.592671 -5.51516 1.599027 2.15919 -0.999998 -0.0 -0.0 -1.952867 0.294227 -4.630802 14.465926 -0.07069 0.023796 -78.443375 -1.287792 -2.830471 -5.819473 0.692709 1.651119 -1.000002 -0.0 -0.0 
0.0 0.0 0.0 0.0 -0.0 0.0 2.544417 100.11898 -3.876095 88.356331 1.952557 87.083977 3.105842 -0.142715 -0.002262 -9.796096 -0.352826 0.506981 14.335367 0.547731 -1.542688 20.92029 1.388398 2.71934 -2.684751 -1.019446 -2.509612 -44.63163 -1.982306 -2.792733 7e-06 -0.0 -0.0 0.048854 0.026874 -0.007354 -0.006125 -0.080782 -0.064801 -0.036396 0.132805 0.046037 -121.396355 -64.74411 142.415131 6.698799 -57.584793 6.710176 43.215916 0.354385 0.108913 -2.021722 -6.979415 28.287563 17.636623 -26.322731 52.411194 -19.46666 -14.395594 29.410389 -1e-06 -8.774819 -1e-06 16.137184 -17.799639 5.91815 -0.609777 -1.795654 -3.889329 -4.807087 -11.046809 -2.93785 5e-06 -20.976013 2e-06 -5.019969 -25.033548 -4.03188 5e-06 0.0 0.0 -10.634533 -5.68697 -3.565587 10.573275 -17.922947 -3.113902 4e-06 -13.821206 -0.0 -0.501778 -31.181498 -4.027014 -11.12162 -59.719467 7.381862 -13.982712 -7.150197 -2.875045 13.772727 -8.401491 -3.218244 0.347739 -34.211544 0.771651 -0.963028 -17.73337 2.621022 1e-06 -1e-06 -0.0 -17.346413 -20.095215 -4.201786 21.757555 -1.638377 3.866427 1e-06 -6.33882 -0.0 -1.697588 -22.591742 -6.194006 -1e-06 -3e-06 -3e-06 50.152065 -73.53598 150.253494 -4.675349 -67.380646 13.092741 34.099869 0.914212 0.616739 -0.68195 -4.173874 22.226019 22.182114 -20.375895 49.933327 -16.701815 -16.743528 28.476534 -3e-06 -12.690601 -1e-06 15.994029 -17.720949 2.797763 -0.105919 -1.513856 -4.275885 -5.039041 -5.612871 -2.953555 4e-06 -11.020523 -1e-06 -6.111296 -15.895329 -3.840472 -1e-06 -2e-06 -0.0 -10.283369 -5.680289 -4.341841 11.028295 -11.302405 -2.372633 -1.384268 -14.238583 -6.320123 -0.625438 -26.924187 -3.827602 -4.010643 -49.815048 -4.136677 -13.708524 -7.363475 -3.720941 18.14115 -14.052739 -3.242675 6e-06 -18.787266 -2e-06 -0.429711 -8.456045 2.555503 0.0 1e-06 1e-06 -15.923534 -20.094482 -5.473587 30.419214 -7.190825 1.735926 3e-06 -8.162927 -0.0 -1.861903 -22.861467 -6.167943 0.0 -3e-06 -1e-06 -177.426956 -6.772809 3.505236 10.2192 0.016579 0.053934 -79.668182 -2.154159 -6.813901 -5.525351 1.610644 2.161914 -0.999998 0.0 -0.0 -1.671004 0.863347 -4.505854 14.075164 -0.076628 0.024155 -78.34729 -1.503857 -2.539988 -5.759482 0.668 1.649853 -1.000002 0.0 -0.0 
0.0 0.0 0.0 0.0 -0.0 0.0 2.081728 100.097038 -3.783452 88.12764 1.985358 86.954323 3.025533 0.006716 0.049386 -9.82595 -0.341762 0.524808 14.424356 0.541314 -1.50703 21.076986 1.278542 2.706879 -2.673593 -0.982369 -2.522437 -44.559029 -1.929434 -2.944588 7e-06 0.0 -1e-06 0.05459 0.021382 -0.015616 0.00476 -0.081313 -0.068686 -0.019607 0.122082 0.034497 -121.982559 -64.528984 143.157944 7.883736 -57.505405 5.871767 42.729031 0.321545 0.026242 -2.196906 -6.718541 28.277746 17.636635 -26.322729 52.411186 -19.466661 -14.395597 29.410389 0.0 -8.774822 -2e-06 16.123371 -17.81072 5.965466 -0.609776 -1.795653 -3.889328 -4.807089 -11.046811 -2.937851 4e-06 -20.976019 1e-06 -5.019971 -25.033556 -4.031882 5e-06 -1e-06 -0.0 -10.634537 -5.686972 -3.565587 10.573277 -17.922953 -3.113903 3e-06 -13.821213 1e-06 -0.501777 -31.181505 -4.027018 -11.191067 -59.701633 7.451706 -13.982716 -7.150198 -2.875042 13.772731 -8.401491 -3.21824 0.347736 -34.211555 0.771652 -0.963028 -17.73337 2.62102 2e-06 1e-06 -0.0 -17.346422 -20.095221 -4.201783 21.757561 -1.638376 3.866431 1e-06 -6.338823 -1e-06 -1.697588 -22.591753 -6.194006 0.0 -2e-06 -4e-06 49.980156 -73.55925 150.460068 -4.571158 -67.618858 13.396304 32.941349 1.064935 0.590836 -0.902384 -3.954495 22.465117 22.182112 -20.375898 49.933327 -16.701813 -16.74353 28.476532 -3e-06 -12.690598 0.0 15.935849 -17.684721 2.801937 -0.105919 -1.513856 -4.275881 -5.03904 -5.61287 -2.953557 5e-06 -11.020523 -2e-06 -6.111295 -15.895334 -3.84047 -1e-06 0.0 0.0 -10.283368 -5.680287 -4.341839 11.028293 -11.302406 -2.372632 -1.384267 -14.238579 -6.320121 -0.625436 -26.924187 -3.827601 -3.954402 -49.764488 -4.174669 -13.708522 -7.363474 -3.72094 18.14115 -14.05274 -3.242676 7e-06 -18.78727 -2e-06 -0.429712 -8.456043 2.555504 0.0 0.0 -0.0 -15.923531 -20.094482 -5.473586 30.419207 -7.190825 1.735924 3e-06 -8.162929 -0.0 -1.861901 -22.861469 -6.167941 0.0 -1e-06 -1e-06 -177.360977 -7.324585 3.509909 10.418882 0.00873 0.050786 -79.788437 -2.096307 -7.060171 -5.52546 1.637305 2.164472 -0.999999 0.0 0.0 -1.32365 1.451332 -4.329479 13.600554 -0.080072 0.024552 -78.27816 -1.79674 -2.255788 -5.658289 0.652764 1.650942 -1.000002 -0.0 -0.0 
0.0 0.0 0.0 0.0 -0.0 0.0 1.60972 100.064674 -3.652329 87.90136 2.008677 86.77729 2.899649 0.157321 0.101145 -9.859727 -0.333102 0.557832 14.477621 0.544962 -1.46153 21.307444 1.212791 2.707915 -2.653571 -0.93539 -2.544498 -44.312572 -1.871098 -3.10543 7e-06 -0.0 -0.0 0.064066 0.014786 -0.026279 0.031384 -0.083334 -0.074823 0.011425 0.111024 0.021009 -122.664749 -64.374168 143.918091 9.138392 -57.332657 4.964344 42.304829 0.221821 -0.036333 -2.286594 -6.386345 28.322456 17.636637 -26.322731 52.411182 -19.466663 -14.395596 29.410385 -1e-06 -8.774822 -1e-06 16.094154 -17.854681 6.004186 -0.609776 -1.795654 -3.889327 -4.807088 -11.046811 -2.937851 5e-06 -20.976021 2e-06 -5.019969 -25.03356 -4.03188 6e-06 1e-06 -0.0 -10.634533 -5.68697 -3.565585 10.573275 -17.922951 -3.1139 4e-06 -13.821211 2e-06 -0.501774 -31.181507 -4.027017 -11.260851 -59.640911 7.481597 -13.982712 -7.150198 -2.87504 13.77273 -8.401492 -3.218241 0.347735 -34.211552 0.771652 -0.963028 -17.73337 2.621019 2e-06 -1e-06 -0.0 -17.346416 -20.095217 -4.20178 21.757557 -1.638376 3.866427 2e-06 -6.338822 -1e-06 -1.697589 -22.591743 -6.194005 -0.0 -4e-06 -0.0 49.682224 -73.555031 150.715195 -3.882338 -67.595932 13.143561 32.007156 1.185456 0.568736 -1.021047 -3.654107 22.815111 22.182112 -20.375898 49.933327 -16.701815 -16.74353 28.476536 -2e-06 -12.6906 -1e-06 15.906461 -17.665743 2.792675 -0.105919 -1.513856 -4.275881 -5.039041 -5.612871 -2.953555 5e-06 -11.020523 -3e-06 -6.111299 -15.89533 -3.84047 0.0 -1e-06 0.0 -10.283371 -5.680288 -4.341839 11.028293 -11.302404 -2.372632 -1.384268 -14.238581 -6.320121 -0.625439 -26.924192 -3.8276 -3.921023 -49.720661 -4.205617 -13.708527 -7.363476 -3.720938 18.14115 -14.052739 -3.242674 5e-06 -18.78727 -1e-06 -0.429712 -8.456046 2.555503 -1e-06 -1e-06 -0.0 -15.923538 -20.094482 -5.473584 30.419214 -7.190825 1.735925 2e-06 -8.16293 -1e-06 -1.861903 -22.861469 -6.167941 0.0 -1e-06 -1e-06 -177.268951 -7.884794 3.393534 10.626319 0.001358 0.036629 -79.946892 -1.949774 -7.324712 -5.538341 1.672337 2.167135 -1.0 0.0 0.0 -0.944586 2.039918 -4.082804 13.092969 -0.076638 0.015849 -78.248878 -2.115043 -1.997908 -5.530867 0.654018 1.654466 -1.0 0.0 0.0 
0.0 0.0 0.0 0.0 -0.0 0.0 1.124132 100.032555 -3.492456 87.67231 2.047556 86.572914 2.76555 0.317044 0.125003 -9.897041 -0.319782 0.590374 14.493446 0.546285 -1.444624 21.620026 1.213176 2.745758 -2.63831 -0.907328 -2.550283 -44.023937 -1.788649 -3.23184 7e-06 -0.0 -0.0 0.070301 0.01152 -0.030875 0.054361 -0.084679 -0.076399 0.035059 0.106324 0.015009 -123.202942 -64.288109 144.438934 10.367981 -57.165028 4.21308 42.041706 0.107139 -0.07465 -2.270777 -6.086635 28.414459 17.636633 -26.322737 52.411205 -19.46666 -14.395598 29.410389 -0.0 -8.774822 0.0 16.057001 -17.910158 6.016932 -0.609777 -1.795654 -3.889327 -4.807091 -11.046811 -2.937851 3e-06 -20.976019 2e-06 -5.019972 -25.033556 -4.031882 7e-06 1e-06 -1e-06 -10.634535 -5.686971 -3.565589 10.573272 -17.922951 -3.113897 4e-06 -13.821209 1e-06 -0.501781 -31.181505 -4.027013 -11.284755 -59.567303 7.473334 -13.982714 -7.150198 -2.87504 13.772729 -8.401491 -3.218243 0.347733 -34.211555 0.771654 -0.963031 -17.73337 2.621019 1e-06 1e-06 1e-06 -17.346422 -20.095219 -4.20178 21.757561 -1.638374 3.866428 2e-06 -6.338822 -1e-06 -1.69759 -22.591743 -6.194003 -0.0 -4e-06 -2e-06 49.419342 -73.602699 150.894196 -2.669682 -67.40905 12.229778 31.453114 1.191292 0.544756 -1.048825 -3.263845 23.135534 22.182117 -20.375898 49.933327 -16.701817 -16.743528 28.476536 -4e-06 -12.690601 -1e-06 15.913364 -17.65328 2.771612 -0.105919 -1.513856 -4.27588 -5.039041 -5.612872 -2.953558 5e-06 -11.020524 -4e-06 -6.111297 -15.895334 -3.840473 1e-06 -1e-06 0.0 -10.28337 -5.680288 -4.34184 11.028296 -11.302406 -2.372634 -1.384267 -14.238581 -6.320123 -0.625436 -26.924191 -3.827601 -3.920728 -49.693436 -4.194993 -13.708525 -7.363477 -3.720941 18.141151 -14.05274 -3.242676 7e-06 -18.78727 -2e-06 -0.429712 -8.456045 2.555505 0.0 -1e-06 -0.0 -15.923536 -20.094486 -5.473586 30.419214 -7.190827 1.735926 4e-06 -8.162929 -2e-06 -1.8619 -22.861467 -6.167943 0.0 -2e-06 -0.0 -177.127563 -8.458076 3.202503 10.830475 -0.001026 0.026144 -80.092339 -1.719195 -7.59189 -5.587528 1.695428 2.169357 -0.999999 -0.0 -0.0 -0.53973 2.634733 -3.77824 12.61288 -0.068557 -0.006785 -78.209839 -2.430715 -1.741335 -5.442093 0.670273 1.656995 -1.000002 1e-06 0.0 
0.0 0.0 0.0 0.0 -0.0 0.0 0.611214 100.004196 -3.312745 87.450066 2.127114 86.38945 2.6455 0.487115 0.124672 -9.932878 -0.30204 0.596068 14.470321 0.537483 -1.473497 22.001387 1.275832 2.790971 -2.632221 -0.893758 -2.5172 -43.694019 -1.662614 -3.279064 6e-06 0.0 0.0 0.071161 0.011413 -0.027657 0.059543 -0.084543 -0.072109 0.039977 0.106523 0.018071 -123.502197 -64.305084 144.634796 11.624936 -57.009335 3.82777 41.96191 0.045366 -0.059111 -2.145488 -5.922752 28.542059 17.636627 -26.322733 52.411205 -19.466656 -14.395597 29.410389 0.0 -8.774821 -2e-06 16.003984 -17.963577 6.015282 -0.609776 -1.795653 -3.889328 -4.80709 -11.046809 -2.937851 3e-06 -20.976019 2e-06 -5.019973 -25.033556 -4.03188 7e-06 0.0 -0.0 -10.634533 -5.686969 -3.565587 10.573271 -17.922947 -3.113898 4e-06 -13.821209 -0.0 -0.501777 -31.181505 -4.027016 -11.272527 -59.509731 7.424657 -13.982714 -7.150198 -2.875042 13.772728 -8.401491 -3.218239 0.347733 -34.211552 0.771657 -0.963031 -17.73337 2.62102 2e-06 1e-06 -1e-06 -17.346416 -20.095217 -4.20178 21.757557 -1.638374 3.866426 1e-06 -6.338823 0.0 -1.697587 -22.591745 -6.194008 -1e-06 -3e-06 -2e-06 49.406326 -73.735435 150.760849 -1.201285 -67.087433 11.090246 31.444733 1.144868 0.533515 -1.041223 -2.950976 23.236034 22.182114 -20.375898 49.933327 -16.701811 -16.74353 28.476534 -3e-06 -12.690598 0.0 15.971204 -17.66445 2.743046 -0.105919 -1.513856 -4.275882 -5.03904 -5.612871 -2.953558 4e-06 -11.020521 -1e-06 -6.111296 -15.89533 -3.840472 -0.0 -1e-06 0.0 -10.283369 -5.680287 -4.341839 11.028291 -11.302404 -2.372631 -1.384268 -14.238577 -6.320122 -0.625439 -26.924187 -3.827601 -3.919453 -49.692715 -4.190525 -13.708525 -7.363475 -3.720938 18.14115 -14.052738 -3.242676 5e-06 -18.78727 -0.0 -0.429712 -8.456043 2.555502 0.0 -1e-06 -0.0 -15.923532 -20.094482 -5.473587 30.41921 -7.190824 1.735925 3e-06 -8.162927 -0.0 -1.861902 -22.861467 -6.167942 1e-06 -4e-06 -1e-06 -176.915924 -9.039933 3.026278 11.00773 0.006117 0.015795 -80.185158 -1.43278 -7.892254 -5.635728 1.695225 2.16906 -0.999999 0.0 -0.0 -0.084787 3.231477 -3.509167 12.162575 -0.06828 -0.02451 -78.149887 -2.745898 -1.457692 -5.369708 0.681225 1.654583 -1.000001 0.0 0.0 
0.0 0.0 0.0 0.0 -0.0 0.0 0.076481 99.964867 -3.119564 87.242493 2.247881 86.267754 2.545131 0.663482 0.109363 -9.965698 -0.284544 0.574546 14.414209 0.514121 -1.538789 22.412724 1.409333 2.826937 -2.636088 -0.890015 -2.472011 -43.26268 -1.47669 -3.23449 5e-06 0.0 0.0 0.068192 0.013168 -0.019542 0.056951 -0.083061 -0.062091 0.038101 0.109014 0.024612 -123.641411 -64.439156 144.619659 12.933819 -56.799366 3.791852 42.112267 0.047342 -0.008715 -1.953529 -5.94381 28.684137 17.636625 -26.322725 52.411201 -19.466665 -14.3956 29.410395 -1e-06 -8.774822 -2e-06 15.958947 -17.993984 6.005581 -0.609775 -1.795654 -3.88933 -4.807087 -11.046811 -2.937853 6e-06 -20.976019 -3e-06 -5.019968 -25.033556 -4.031883 7e-06 0.0 -1e-06 -10.634535 -5.686971 -3.565587 10.573275 -17.922951 -3.113903 5e-06 -13.82121 -2e-06 -0.501775 -31.181505 -4.027018 -11.249628 -59.508366 7.360372 -13.982714 -7.150198 -2.875041 13.772731 -8.401493 -3.218243 0.347739 -34.211555 0.771651 -0.963026 -17.733368 2.621017 1e-06 -1e-06 -1e-06 -17.346416 -20.095217 -4.201786 21.757561 -1.638377 3.866428 2e-06 -6.338824 -0.0 -1.697588 -22.591747 -6.194006 0.0 -1e-06 -1e-06 49.61895 -73.93676 150.343658 0.3749 -66.651787 9.974095 31.974468 1.089851 0.536787 -0.978935 -2.772034 23.106958 22.182114 -20.375895 49.933323 -16.701811 -16.743528 28.476528 -3e-06 -12.690598 1e-06 16.06983 -17.671541 2.688719 -0.105919 -1.513855 -4.275881 -5.03904 -5.612871 -2.953558 4e-06 -11.020523 -2e-06 -6.111296 -15.89533 -3.840472 0.0 -0.0 -0.0 -10.283369 -5.680287 -4.34184 11.028293 -11.302404 -2.372632 -1.384268 -14.238579 -6.320121 -0.625438 -26.924183 -3.827602 -3.926265 -49.716164 -4.19201 -13.708522 -7.363475 -3.72094 18.141146 -14.052737 -3.242674 6e-06 -18.787268 -2e-06 -0.429711 -8.456043 2.555504 -1e-06 2e-06 -0.0 -15.923536 -20.094481 -5.473586 30.419207 -7.190823 1.735925 3e-06 -8.162927 -2e-06 -1.861903 -22.861467 -6.167941 -0.0 -3e-06 -0.0 -176.652298 -9.617753 2.890725 11.161839 0.016538 0.002934 -80.281563 -1.109172 -8.215663 -5.682611 1.686212 2.16822 -1.0 0.0 0.0 0.424643 3.814305 -3.327099 11.728724 -0.072527 -0.031723 -78.135887 -3.069121 -1.151218 -5.306792 0.672538 1.64704 -1.000003 0.0 0.0 
0.0 0.0 0.0 0.0 -0.0 0.0 -0.471699 99.910301 -2.92116 87.041801 2.390146 86.21183 2.450495 0.84227 0.091887 -9.998875 -0.268543 0.538912 14.336014 0.494435 -1.621726 22.837978 1.615566 2.839847 -2.642897 -0.900832 -2.411783 -42.697659 -1.244718 -3.155305 4e-06 -0.0 -0.0 0.065969 0.016189 -0.004727 0.055071 -0.081303 -0.044411 0.039904 0.113634 0.036537 -123.735886 -64.68679 144.504395 14.336207 -56.503323 3.961737 42.529617 0.104622 0.050561 -1.69583 -6.099944 28.787533 17.636629 -26.322737 52.411205 -19.46666 -14.395597 29.410393 -0.0 -8.774822 -2e-06 15.924429 -18.026657 5.997183 -0.609776 -1.795653 -3.889329 -4.807088 -11.04681 -2.937849 5e-06 -20.976019 -1e-06 -5.019971 -25.033556 -4.031879 5e-06 -0.0 1e-06 -10.634535 -5.68697 -3.565586 10.573274 -17.922949 -3.113897 3e-06 -13.821209 0.0 -0.501776 -31.181505 -4.027016 -11.257858 -59.540405 7.291731 -13.982714 -7.150198 -2.875044 13.772729 -8.40149 -3.218244 0.347732 -34.211552 0.771659 -0.963028 -17.733372 2.621018 -1e-06 0.0 1e-06 -17.346416 -20.095217 -4.201782 21.757557 -1.638375 3.866425 2e-06 -6.338823 2e-06 -1.697587 -22.591745 -6.194007 -0.0 -0.0 1e-06 49.897926 -74.162018 149.80397 2.157414 -66.062744 8.821482 32.889999 1.043547 0.551659 -0.781923 -2.660215 22.783037 22.182116 -20.3759 49.933327 -16.701815 -16.743528 28.476536 -4e-06 -12.690601 -1e-06 16.181404 -17.64105 2.6105 -0.10592 -1.513856 -4.275882 -5.039041 -5.61287 -2.953557 4e-06 -11.020524 -1e-06 -6.111297 -15.895334 -3.840471 -0.0 -0.0 -1e-06 -10.283371 -5.680288 -4.341839 11.028295 -11.302404 -2.372631 -1.384268 -14.23858 -6.320122 -0.625437 -26.924194 -3.827601 -3.942457 -49.732002 -4.192195 -13.708524 -7.363475 -3.72094 18.141148 -14.052739 -3.242674 7e-06 -18.787268 -2e-06 -0.429712 -8.456041 2.555504 -0.0 -0.0 0.0 -15.923532 -20.094482 -5.473587 30.41921 -7.190827 1.735926 4e-06 -8.162929 0.0 -1.861903 -22.861467 -6.167938 0.0 -2e-06 -2e-06 -176.378708 -10.199375 2.794934 11.319684 0.028388 -0.009625 -80.410286 -0.777374 -8.545077 -5.726528 1.676731 2.166066 -1.0 0.0 -0.0 0.983548 4.387158 -3.247869 11.267615 -0.07793 -0.033118 -78.171982 -3.371614 -0.845514 -5.232615 0.649695 1.638316 -1.000002 0.0 -0.0 
0.0 0.0 0.0 0.0 -0.0 0.0 -1.014272 99.845001 -2.726513 86.841721 2.530169 86.217018 2.35902 1.013602 0.073305 -10.028147 -0.257413 0.50922 14.246052 0.50847 -1.699091 23.232849 1.885442 2.829276 -2.650397 -0.913175 -2.348469 -42.093369 -1.029581 -3.067907 7e-06 -0.0 -0.0 0.067258 0.017459 0.007638 0.056338 -0.083031 -0.029589 0.046636 0.118189 0.04664 -123.833504 -65.021851 144.338791 15.853928 -56.144741 4.062592 43.217678 0.178007 0.087007 -1.335712 -6.234277 28.769617 17.636627 -26.322733 52.411182 -19.466652 -14.395594 29.410378 -0.0 -8.774819 -3e-06 15.875721 -18.089554 6.034437 -0.609775 -1.795652 -3.889326 -4.807089 -11.046807 -2.937848 3e-06 -20.976015 2e-06 -5.01997 -25.033548 -4.031878 6e-06 1e-06 -0.0 -10.634532 -5.686968 -3.565587 10.57327 -17.922947 -3.113899 3e-06 -13.821205 1e-06 -0.501781 -31.181498 -4.027013 -11.313437 -59.566982 7.266905 -13.982711 -7.150196 -2.875042 13.772724 -8.401488 -3.21824 0.34773 -34.211544 0.771659 -0.963032 -17.73337 2.621021 -1e-06 0.0 1e-06 -17.346413 -20.095211 -4.201782 21.757555 -1.638374 3.866428 1e-06 -6.338821 -0.0 -1.697589 -22.591738 -6.194002 -1e-06 -1e-06 -0.0 50.025589 -74.391464 149.385712 4.18874 -65.327377 7.421487 34.052284 0.998331 0.544765 -0.416209 -2.487262 22.257755 22.182116 -20.375898 49.933327 -16.701811 -16.74353 28.476534 -2e-06 -12.690603 -0.0 16.267 -17.580557 2.535855 -0.105919 -1.513856 -4.275882 -5.039041 -5.612872 -2.953556 4e-06 -11.020525 -2e-06 -6.1113 -15.895334 -3.84047 0.0 -1e-06 0.0 -10.283371 -5.680288 -4.341839 11.028296 -11.302406 -2.372634 -1.384269 -14.238582 -6.320123 -0.62544 -26.924191 -3.8276 -3.959108 -49.740448 -4.178058 -13.708526 -7.363478 -3.720938 18.141148 -14.052739 -3.242673 5e-06 -18.78727 -1e-06 -0.429712 -8.456045 2.555503 0.0 -0.0 -0.0 -15.923536 -20.094484 -5.473584 30.419218 -7.190824 1.735928 2e-06 -8.162929 -1e-06 -1.861903 -22.861473 -6.167943 0.0 -3e-06 -1e-06 -176.150879 -10.783172 2.706329 11.529011 0.036647 -0.018094 -80.570976 -0.45644 -8.848733 -5.776031 1.667618 2.163488 -0.999999 0.0 -0.0 1.548846 4.949603 -3.246981 10.797657 -0.079827 -0.031051 -78.234848 -3.61291 -0.557465 -5.152838 0.62893 1.632946 -1.000002 0.0 0.0 
0.0 0.0 0.0 0.0 -0.0 0.0 -1.520542 99.775223 -2.538444 86.665779 2.649333 86.244568 2.277484 1.162489 0.04944 -10.044327 -0.252104 0.490827 14.152547 0.554342 -1.736981 23.535767 2.154386 2.833684 -2.651109 -0.910289 -2.329408 -41.541164 -0.858267 -3.019374 7e-06 -0.0 -0.0 0.071377 0.014908 0.006844 0.060522 -0.088177 -0.028046 0.057137 0.118426 0.044103 -123.923851 -65.390701 144.125748 17.405291 -55.778492 3.923865 44.138294 0.243195 0.111221 -0.846043 -6.241844 28.542515 17.636629 -26.322729 52.411198 -19.466665 -14.395598 29.410395 -2e-06 -8.774822 -2e-06 15.803273 -18.189827 6.108242 -0.609774 -1.795654 -3.889327 -4.807087 -11.046811 -2.937852 6e-06 -20.976019 -3e-06 -5.019971 -25.033558 -4.031878 5e-06 1e-06 0.0 -10.634535 -5.68697 -3.565585 10.573275 -17.922951 -3.113902 3e-06 -13.821209 -1e-06 -0.501773 -31.181505 -4.027017 -11.362075 -59.54443 7.250396 -13.982714 -7.150198 -2.875042 13.772731 -8.401492 -3.218243 0.347739 -34.211555 0.771653 -0.963024 -17.733372 2.621017 -1e-06 0.0 -0.0 -17.346416 -20.095217 -4.201782 21.757561 -1.638377 3.866426 0.0 -6.338822 -0.0 -1.697588 -22.591745 -6.194009 -1e-06 -1e-06 -0.0 49.887291 -74.60791 149.234848 6.393696 -64.511124 5.690862 35.315739 0.932137 0.514646 0.003671 -2.200269 21.777822 22.182114 -20.375893 49.933319 -16.701811 -16.743526 28.476528 -3e-06 -12.690598 0.0 16.318026 -17.531775 2.494214 -0.105919 -1.513856 -4.275882 -5.039041 -5.61287 -2.953555 4e-06 -11.020523 -2e-06 -6.111296 -15.89533 -3.840472 -0.0 1e-06 0.0 -10.283371 -5.680288 -4.341838 11.028294 -11.302405 -2.372633 -1.384269 -14.238577 -6.32012 -0.625437 -26.924187 -3.827601 -4.014056 -49.760475 -4.112996 -13.708525 -7.363475 -3.720939 18.141148 -14.052738 -3.242674 6e-06 -18.78727 -2e-06 -0.42971 -8.456047 2.555502 -0.0 2e-06 -1e-06 -15.923538 -20.094482 -5.473583 30.41921 -7.190826 1.735927 4e-06 -8.162927 -1e-06 -1.861901 -22.861467 -6.167939 -0.0 -4e-06 -2e-06 -175.962799 -11.322199 2.590547 11.74064 0.039384 -0.022889 -80.736343 -0.138235 -9.097735 -5.81711 1.659313 2.163194 -0.999998 0.0 0.0 2.049396 5.460464 -3.286271 10.397977 -0.077809 -0.032283 -78.332886 -3.797535 -0.302466 -5.07167 0.624491 1.634161 -1.000003 1e-06 -0.0 
0.0 0.0 0.0 0.0 -0.0 0.0 -1.975506 99.711037 -2.366512 86.509445 2.739589 86.316841 2.20652 1.294832 0.021739 -10.052769 -0.246563 0.48955 14.057766 0.628 -1.75979 23.753233 2.419934 2.860225 -2.650975 -0.908414 -2.364665 -41.076733 -0.721205 -3.023986 6e-06 -0.0 -0.0 0.074579 0.00684 -0.014363 0.059479 -0.09658 -0.047178 0.062662 0.110755 0.021448 -123.934944 -65.781258 143.842453 19.05839 -55.426155 3.50345 45.201363 0.314369 0.14534 -0.269382 -6.119331 28.19972 17.636625 -26.32272 52.411182 -19.466661 -14.395596 29.410381 -0.0 -8.774821 -1e-06 15.702089 -18.308567 6.191658 -0.609777 -1.795653 -3.889328 -4.807088 -11.046811 -2.93785 3e-06 -20.976013 -5e-06 -5.01997 -25.033552 -4.031879 4e-06 -1e-06 -0.0 -10.634533 -5.686972 -3.565587 10.573272 -17.922947 -3.113903 2e-06 -13.821205 -2e-06 -0.501775 -31.181498 -4.027018 -11.367264 -59.455643 7.188536 -13.982714 -7.150199 -2.875041 13.772728 -8.401489 -3.218239 0.347735 -34.211544 0.771648 -0.963028 -17.73337 2.621017 -1e-06 -0.0 1e-06 -17.346416 -20.095217 -4.201783 21.757555 -1.638372 3.866427 0.0 -6.338822 0.0 -1.697591 -22.591743 -6.194004 1e-06 -4e-06 -3e-06 49.507195 -74.80851 149.310333 8.619623 -63.648056 3.854978 36.589867 0.881519 0.470105 0.385786 -1.842888 21.297403 22.182117 -20.375895 49.933319 -16.701815 -16.743528 28.476532 -3e-06 -12.690601 1e-06 16.339405 -17.518213 2.48892 -0.105918 -1.513856 -4.275879 -5.039042 -5.612873 -2.953556 4e-06 -11.020525 -3e-06 -6.111298 -15.895336 -3.840471 -0.0 2e-06 -0.0 -10.283371 -5.680288 -4.341838 11.028296 -11.302406 -2.372633 -1.38427 -14.238581 -6.320122 -0.625439 -26.924194 -3.827603 -4.094219 -49.780148 -4.01792 -13.708525 -7.363477 -3.720939 18.141153 -14.052739 -3.242676 5e-06 -18.78727 -2e-06 -0.429711 -8.456047 2.555504 1e-06 0.0 -0.0 -15.923538 -20.094484 -5.473584 30.419218 -7.190826 1.735925 3e-06 -8.162929 -1e-06 -1.861901 -22.861473 -6.167942 -1e-06 -2e-06 -2e-06 -175.84935 -11.812164 2.499336 11.979373 0.037293 -0.016283 -80.885742 0.162477 -9.301047 -5.84023 1.651148 2.164623 -0.999997 0.0 -0.0 2.471278 5.926359 -3.33751 10.061587 -0.076229 -0.039896 -78.421318 -4.01549 -0.100783 -4.987506 0.634249 1.640041 -1.000001 0.0 -0.0 
0.0 0.0 0.0 0.0 -0.0 0.0 -2.401733 99.65844 -2.211136 86.369141 2.799682 86.434326 2.149687 1.418236 0.00033 -10.061221 -0.247106 0.497181 13.96441 0.724254 -1.781586 23.881765 2.701313 2.885248 -2.655021 -0.921226 -2.403652 -40.702427 -0.606443 -3.074532 7e-06 -0.0 -0.0 0.076454 -0.002889 -0.043527 0.04872 -0.102667 -0.074629 0.058556 0.097326 -0.009239 -123.800636 -66.23082 143.394821 20.801579 -55.137207 2.877067 46.351871 0.395717 0.186442 0.368812 -5.883536 27.838816 17.636633 -26.322737 52.411205 -19.466656 -14.395597 29.410389 2e-06 -8.774822 -2e-06 15.561974 -18.414248 6.278839 -0.609776 -1.795653 -3.889326 -4.807092 -11.046812 -2.93785 1e-06 -20.976019 0.0 -5.019973 -25.03356 -4.031882 4e-06 2e-06 -0.0 -10.634534 -5.686971 -3.565586 10.57327 -17.922949 -3.113898 2e-06 -13.821206 -1e-06 -0.501777 -31.181505 -4.027017 -11.349526 -59.307468 7.106604 -13.982717 -7.150198 -2.87504 13.772728 -8.401489 -3.218237 0.347729 -34.211552 0.771658 -0.963031 -17.73337 2.62102 -0.0 -0.0 0.0 -17.346422 -20.095219 -4.201784 21.757557 -1.638374 3.86643 0.0 -6.338823 1e-06 -1.697594 -22.591747 -6.194002 -2e-06 -1e-06 -2e-06 48.985264 -75.026627 149.508514 10.82673 -62.781322 2.006821 37.869106 0.855472 0.404111 0.694385 -1.489047 20.800056 22.182117 -20.375895 49.933323 -16.701811 -16.74353 28.476528 -3e-06 -12.6906 1e-06 16.348076 -17.533817 2.507832 -0.10592 -1.513855 -4.275883 -5.039042 -5.612871 -2.953557 4e-06 -11.020523 -2e-06 -6.111297 -15.89533 -3.840471 0.0 -0.0 -0.0 -10.28337 -5.680288 -4.341838 11.028294 -11.302406 -2.372633 -1.384269 -14.238582 -6.320122 -0.625437 -26.924191 -3.827602 -4.177711 -49.808086 -3.911869 -13.708525 -7.363473 -3.720941 18.141148 -14.052738 -3.242675 5e-06 -18.787266 -2e-06 -0.429711 -8.456043 2.555505 -1e-06 1e-06 -0.0 -15.923534 -20.094482 -5.473585 30.41921 -7.190825 1.735925 4e-06 -8.162926 -2e-06 -1.861901 -22.861467 -6.167944 -0.0 -3e-06 -1e-06 -175.809326 -12.273055 2.438091 12.238488 0.035451 0.000672 -80.987579 0.464633 -9.465575 -5.842801 1.643815 2.166442 -0.999999 0.0 0.0 2.833403 6.368668 -3.384693 9.747684 -0.07715 -0.048558 -78.463547 -4.260081 0.059358 -4.898582 0.646468 1.645819 -1.000003 0.0 -0.0 
0.0 0.0 0.0 0.0 -0.0 0.0 -2.820679 99.620842 -2.07583 86.261223 2.84262 86.637863 2.126931 1.528616 -0.01147 -10.064902 -0.259606 0.48205 13.864865 0.818773 -1.800115 23.905497 2.99701 2.906463 -2.652852 -0.936191 -2.463493 -40.440304 -0.510439 -3.137331 6e-06 -0.0 -0.0 0.079449 -0.009366 -0.063672 0.038779 -0.10325 -0.093684 0.051806 0.084967 -0.030785 -123.458839 -66.726707 142.692841 22.556786 -54.953266 2.091443 47.494778 0.476967 0.215983 0.972395 -5.57788 27.55854 17.636629 -26.322737 52.411194 -19.466654 -14.395594 29.410378 -0.0 -8.774821 -1e-06 15.412814 -18.491373 6.366249 -0.60978 -1.795656 -3.889325 -4.80709 -11.04681 -2.937849 3e-06 -20.976015 2e-06 -5.019972 -25.033552 -4.03188 5e-06 -0.0 -1e-06 -10.634535 -5.686971 -3.565585 10.573272 -17.922947 -3.113899 1e-06 -13.821208 2e-06 -0.501781 -31.181498 -4.027014 -11.38134 -59.168453 7.087656 -13.982718 -7.150201 -2.875039 13.772731 -8.401491 -3.218241 0.347731 -34.211544 0.771657 -0.963032 -17.73337 2.621022 -0.0 -1e-06 0.0 -17.346422 -20.095215 -4.201776 21.757559 -1.638373 3.866428 1e-06 -6.338822 2e-06 -1.697595 -22.591743 -6.194002 2e-06 -5e-06 -2e-06 48.419174 -75.304848 149.709793 12.816011 -62.015823 0.29144 39.140247 0.810835 0.340991 0.951545 -1.161186 20.28945 22.182108 -20.375895 49.933327 -16.701811 -16.743528 28.476532 -3e-06 -12.690599 -1e-06 16.333496 -17.545177 2.529545 -0.105917 -1.513855 -4.275881 -5.039041 -5.61287 -2.953557 4e-06 -11.020523 -3e-06 -6.111294 -15.89533 -3.840472 0.0 1e-06 -1e-06 -10.283369 -5.680286 -4.341839 11.028294 -11.302404 -2.372634 -1.384267 -14.238579 -6.320122 -0.625436 -26.924183 -3.827601 -4.219071 -49.78083 -3.8544 -13.70852 -7.363473 -3.72094 18.141146 -14.052738 -3.242674 9e-06 -18.787268 -3e-06 -0.429713 -8.456042 2.555505 -0.0 1e-06 1e-06 -15.923531 -20.094482 -5.473587 30.41921 -7.190827 1.735925 2e-06 -8.162927 -3e-06 -1.8619 -22.861469 -6.167942 1e-06 -5e-06 -0.0 -175.810806 -12.703152 2.416193 12.442295 0.032648 0.018405 -80.987442 0.766418 -9.603175 -5.830021 1.634492 2.170652 -0.999999 1e-06 0.0 3.150645 6.778539 -3.462577 9.446013 -0.077697 -0.050994 -78.453148 -4.502676 0.190735 -4.793485 0.648088 1.648603 -1.000002 0.0 -0.0 
0.0 0.0 0.0 0.0 -0.0 0.0 -3.234838 99.592674 -1.969414 86.172234 2.873726 86.925011 2.140744 1.637699 -0.023606 -10.061378 -0.27278 0.464153 13.762865 0.904564 -1.821268 23.851217 3.294173 2.909691 -2.655265 -0.951757 -2.518999 -40.268093 -0.428017 -3.204718 5e-06 0.0 0.0 0.08185 -0.010773 -0.069054 0.03365 -0.097967 -0.097828 0.046756 0.076994 -0.03767 -122.959511 -67.207764 141.790375 24.224958 -54.834969 1.160895 48.605782 0.523175 0.222781 1.476636 -5.247946 27.362757 17.636629 -26.322737 52.411201 -19.466658 -14.395596 29.410393 0.0 -8.774821 -0.0 15.284377 -18.535343 6.438378 -0.609777 -1.795654 -3.88933 -4.807091 -11.046811 -2.93785 2e-06 -20.976019 2e-06 -5.019973 -25.03356 -4.031881 5e-06 2e-06 -1e-06 -10.634535 -5.686973 -3.565589 10.573275 -17.922951 -3.113899 1e-06 -13.82121 1e-06 -0.501779 -31.181507 -4.027012 -11.427013 -59.070782 7.106589 -13.982714 -7.150197 -2.875041 13.77273 -8.401493 -3.218242 0.347734 -34.211555 0.771658 -0.963031 -17.733372 2.621023 -1e-06 0.0 -1e-06 -17.346422 -20.095219 -4.20178 21.757563 -1.638373 3.866428 2e-06 -6.338822 2e-06 -1.69759 -22.591747 -6.194005 1e-06 -4e-06 -2e-06 47.916443 -75.65284 149.825195 14.480768 -61.401283 -1.232895 40.433144 0.724944 0.291822 1.206287 -0.867136 19.727005 22.182116 -20.375898 49.933311 -16.701811 -16.743526 28.476522 -3e-06 -12.6906 -3e-06 16.27442 -17.554775 2.558251 -0.105921 -1.513856 -4.275881 -5.039039 -5.61287 -2.953556 4e-06 -11.020523 -2e-06 -6.111297 -15.89533 -3.840469 0.0 -1e-06 -1e-06 -10.283371 -5.680288 -4.341839 11.028292 -11.302406 -2.372633 -1.384269 -14.23858 -6.320119 -0.625438 -26.924191 -3.827601 -4.235858 -49.695889 -3.838826 -13.708524 -7.363476 -3.720939 18.141146 -14.052739 -3.242674 8e-06 -18.78727 -4e-06 -0.429709 -8.456046 2.555504 0.0 2e-06 -2e-06 -15.923534 -20.094482 -5.473586 30.419207 -7.190827 1.735927 6e-06 -8.162927 -2e-06 -1.861904 -22.861467 -6.167942 1e-06 -3e-06 -2e-06 -175.856812 -13.12401 2.39028 12.598127 0.029258 0.032495 -80.915672 1.111404 -9.712517 -5.824191 1.623741 2.17471 -1.0 -0.0 0.0 3.461702 7.173462 -3.528157 9.084425 -0.079119 -0.045894 -78.384834 -4.79764 0.320478 -4.702005 0.649437 1.650624 -1.000003 -0.0 0.0 
0.0 0.0 0.0 0.0 -0.0 0.0 -3.637329 99.573479 -1.885197 86.107849 2.89545 87.28157 2.183468 1.748957 -0.034434 -10.050706 -0.27563 0.467149 13.661137 0.971152 -1.848739 23.752829 3.558166 2.907945 -2.654615 -0.964915 -2.570308 -40.200272 -0.355226 -3.29806 7e-06 -0.0 -0.0 0.083668 -0.009124 -0.063753 0.037318 -0.089968 -0.091377 0.048458 0.072396 -0.033765 -122.361244 -67.651245 140.789322 25.814295 -54.739796 0.122572 49.66608 0.566739 0.231959 1.893762 -4.898308 27.156372 17.636635 -26.322752 52.411224 -19.466661 -14.3956 29.410398 0.0 -8.774823 -3e-06 15.1842 -18.557972 6.491466 -0.609777 -1.795654 -3.889328 -4.80709 -11.046811 -2.937852 4e-06 -20.976019 2e-06 -5.019971 -25.03356 -4.031879 7e-06 -1e-06 -2e-06 -10.634535 -5.686971 -3.565589 10.573275 -17.922951 -3.113899 2e-06 -13.82121 2e-06 -0.501782 -31.181511 -4.027012 -11.488 -59.024677 7.154515 -13.982718 -7.150198 -2.87504 13.772732 -8.401491 -3.21824 0.347734 -34.211555 0.771658 -0.96303 -17.733372 2.621019 1e-06 2e-06 0.0 -17.346416 -20.095217 -4.201784 21.757559 -1.638376 3.866428 2e-06 -6.338824 0.0 -1.697587 -22.591749 -6.194007 -3e-06 -2e-06 -4e-06 47.570553 -76.085464 149.784515 15.848877 -60.942997 -2.442024 41.714375 0.648279 0.263612 1.482868 -0.595487 19.130701 22.182116 -20.375904 49.933331 -16.701813 -16.74353 28.476534 -3e-06 -12.690601 -1e-06 16.184366 -17.566017 2.576758 -0.10592 -1.513857 -4.275882 -5.039042 -5.612871 -2.953557 4e-06 -11.020525 -3e-06 -6.111298 -15.895336 -3.840471 1e-06 1e-06 -2e-06 -10.283371 -5.680289 -4.34184 11.028293 -11.302406 -2.372633 -1.384266 -14.238581 -6.320122 -0.62544 -26.924187 -3.827602 -4.221776 -49.544476 -3.886125 -13.708526 -7.363476 -3.720939 18.141148 -14.052739 -3.242673 5e-06 -18.78727 -1e-06 -0.429711 -8.456044 2.555502 0.0 -0.0 0.0 -15.923536 -20.094484 -5.473587 30.419218 -7.190827 1.735927 4e-06 -8.162929 1e-06 -1.861903 -22.861473 -6.167943 -0.0 -2e-06 -1e-06 -175.958237 -13.523685 2.362254 12.749467 0.026676 0.034373 -80.786728 1.530851 -9.785728 -5.865959 1.612292 2.176239 -0.999998 0.0 -0.0 3.758255 7.539175 -3.587188 8.689901 -0.078031 -0.043119 -78.275742 -5.163529 0.453178 -4.645637 0.653881 1.653117 -1.000001 -1e-06 0.0 
0.0 0.0 0.0 0.0 -0.0 0.0 -4.010356 99.552605 -1.808334 86.056602 2.915596 87.680962 2.240084 1.860636 -0.048635 -10.030835 -0.262334 0.496834 13.56434 1.021522 -1.861692 23.631224 3.780749 2.891622 -2.662457 -0.972323 -2.578185 -40.196651 -0.302498 -3.425939 6e-06 0.0 -0.0 0.083261 -0.007438 -0.05438 0.039925 -0.083673 -0.081453 0.051706 0.069327 -0.024804 -121.752754 -68.043602 139.812759 27.186068 -54.65995 -0.888733 50.626511 0.614999 0.255516 2.233255 -4.549406 26.901466 17.636625 -26.322741 52.411209 -19.466665 -14.395598 29.410395 0.0 -8.774823 -1e-06 15.126223 -18.577839 6.515519 -0.609774 -1.795653 -3.889329 -4.807092 -11.046813 -2.937852 3e-06 -20.976021 1e-06 -5.019974 -25.033566 -4.031878 6e-06 1e-06 -3e-06 -10.634535 -5.686973 -3.565588 10.573275 -17.922955 -3.1139 1e-06 -13.821211 -1e-06 -0.501777 -31.181511 -4.02702 -11.552988 -59.030785 7.213837 -13.982712 -7.150198 -2.875044 13.772727 -8.401495 -3.21824 0.347734 -34.211559 0.771656 -0.963029 -17.733372 2.621021 1e-06 2e-06 -0.0 -17.346422 -20.095222 -4.201778 21.757561 -1.638374 3.866422 -0.0 -6.338825 1e-06 -1.697589 -22.591751 -6.194007 -1e-06 -4e-06 -2e-06 47.472485 -76.546906 149.510422 16.895599 -60.643139 -3.208367 42.85178 0.630545 0.247088 1.740588 -0.302269 18.580025 22.182117 -20.375895 49.933327 -16.701813 -16.74353 28.476532 -2e-06 -12.690602 -2e-06 16.090757 -17.583176 2.591205 -0.10592 -1.513857 -4.275882 -5.03904 -5.61287 -2.953556 1e-06 -11.020527 -2e-06 -6.1113 -15.895334 -3.840471 1e-06 1e-06 0.0 -10.283369 -5.680289 -4.341838 11.028295 -11.302406 -2.372633 -1.384271 -14.238583 -6.320123 -0.62544 -26.924189 -3.827601 -4.183625 -49.395821 -3.960163 -13.708524 -7.363476 -3.720937 18.141148 -14.052739 -3.242674 6e-06 -18.787271 -1e-06 -0.42971 -8.456047 2.555503 -0.0 2e-06 0.0 -15.923536 -20.094484 -5.473585 30.419218 -7.190824 1.735926 3e-06 -8.162928 0.0 -1.861902 -22.861469 -6.167943 1e-06 -4e-06 -2e-06 -176.099045 -13.895112 2.364711 12.921693 0.026433 0.029943 -80.672913 1.971239 -9.836051 -5.940652 1.606842 2.175287 -0.999999 -0.0 -0.0 4.034338 7.874239 -3.652786 8.308401 -0.076325 -0.043363 -78.180389 -5.547315 0.577457 -4.60268 0.659545 1.656581 -1.000002 -0.0 0.0 
0.0 0.0 0.0 0.0 -0.0 0.0 -4.352115 99.521454 -1.711867 86.025093 2.937078 88.08239 2.300187 1.975207 -0.05377 -9.999277 -0.242173 0.545325 13.476946 1.061232 -1.858345 23.495016 3.959892 2.876837 -2.671495 -0.969003 -2.580534 -40.242249 -0.266942 -3.565292 6e-06 -0.0 -0.0 0.081308 -0.008305 -0.048128 0.030508 -0.08126 -0.076274 0.044873 0.064882 -0.016843 -121.233704 -68.376274 138.975891 28.305653 -54.6101 -1.896245 51.404312 0.629039 0.298356 2.49684 -4.184882 26.499508 17.636627 -26.322725 52.411182 -19.466665 -14.395597 29.410385 1e-06 -8.774822 -2e-06 15.083665 -18.583576 6.517683 -0.609778 -1.795655 -3.889327 -4.807089 -11.046807 -2.937851 1e-06 -20.976015 1e-06 -5.019973 -25.033556 -4.031881 6e-06 1e-06 -1e-06 -10.634533 -5.686969 -3.565583 10.573274 -17.922947 -3.1139 1e-06 -13.821205 1e-06 -0.501778 -31.181498 -4.02702 -11.611441 -59.033722 7.265903 -13.982716 -7.1502 -2.875038 13.772726 -8.401489 -3.21824 0.347731 -34.211544 0.771653 -0.963028 -17.733366 2.621018 -2e-06 1e-06 1e-06 -17.346418 -20.095215 -4.201778 21.757563 -1.638374 3.866427 0.0 -6.338822 1e-06 -1.69759 -22.591747 -6.194006 -2e-06 -4e-06 -2e-06 47.586456 -76.991592 149.085526 17.737295 -60.431938 -3.657471 43.781494 0.658492 0.230413 1.944245 0.065331 18.134703 22.182117 -20.375896 49.933323 -16.701817 -16.743532 28.476532 -3e-06 -12.690603 -1e-06 16.005011 -17.602964 2.610565 -0.105921 -1.513856 -4.275882 -5.03904 -5.612868 -2.953556 3e-06 -11.020525 -1e-06 -6.111297 -15.89533 -3.840472 0.0 0.0 0.0 -10.283373 -5.680288 -4.341839 11.028296 -11.302404 -2.372633 -1.384269 -14.238581 -6.320121 -0.625438 -26.924189 -3.8276 -4.142023 -49.277679 -4.030118 -13.708527 -7.363477 -3.720941 18.141148 -14.05274 -3.242672 5e-06 -18.78727 -2e-06 -0.429711 -8.456044 2.555501 1e-06 1e-06 1e-06 -15.923539 -20.094482 -5.473586 30.419214 -7.190825 1.735925 2e-06 -8.162925 -0.0 -1.861905 -22.861473 -6.167942 1e-06 -3e-06 -3e-06 -176.234436 -14.220406 2.38176 13.098164 0.021943 0.033428 -80.60656 2.362507 -9.8937 -6.0256 1.610276 2.174494 -0.999999 0.0 -0.0 4.29995 8.16478 -3.727117 7.959097 -0.071592 -0.045242 -78.155411 -5.913094 0.676951 -4.56612 0.663649 1.660769 -1.000002 1e-06 0.0 
0.0 0.0 0.0 0.0 -0.0 0.0 -4.653722 99.485306 -1.580359 86.012573 2.958927 88.429878 2.341561 2.086481 -0.041665 -9.965145 -0.222549 0.589393 13.409734 1.106772 -1.832838 23.394733 4.065275 2.860507 -2.672795 -0.951727 -2.574223 -40.263336 -0.216539 -3.689247 6e-06 -0.0 0.0 0.079704 -0.011282 -0.04554 0.017201 -0.083953 -0.074459 0.033483 0.061392 -0.012616 -120.884216 -68.615898 138.412506 29.127834 -54.584282 -2.873742 51.892071 0.583583 0.340384 2.684752 -3.819851 25.927681 17.636629 -26.322721 52.411182 -19.46666 -14.395597 29.410385 1e-06 -8.774822 -3e-06 15.050747 -18.579437 6.505014 -0.609775 -1.79565 -3.889328 -4.807093 -11.046812 -2.93785 3e-06 -20.976015 1e-06 -5.019972 -25.033556 -4.031884 6e-06 1e-06 0.0 -10.634533 -5.686968 -3.565587 10.573271 -17.922947 -3.113899 2e-06 -13.821206 -1e-06 -0.501777 -31.181498 -4.02702 -11.654812 -59.01125 7.294572 -13.982714 -7.150198 -2.875041 13.77273 -8.401487 -3.218244 0.347732 -34.211552 0.771655 -0.96303 -17.73337 2.621015 1e-06 1e-06 1e-06 -17.346422 -20.095219 -4.201782 21.757563 -1.638373 3.866429 -1e-06 -6.338824 1e-06 -1.697587 -22.591747 -6.19401 -1e-06 -3e-06 -2e-06 47.767414 -77.356842 148.673492 18.432381 -60.247795 -3.910252 44.399075 0.695137 0.213998 2.056318 0.465534 17.879179 22.182114 -20.375887 49.933308 -16.701811 -16.74353 28.476528 -0.0 -12.690605 -4e-06 15.942273 -17.624416 2.639181 -0.105921 -1.513857 -4.27588 -5.03904 -5.61287 -2.953556 3e-06 -11.020523 -3e-06 -6.111296 -15.89533 -3.840471 0.0 0.0 1e-06 -10.283371 -5.68029 -4.341837 11.028294 -11.302402 -2.372633 -1.38427 -14.238579 -6.320119 -0.625439 -26.924181 -3.8276 -4.134521 -49.210854 -4.055483 -13.708527 -7.363477 -3.720935 18.141148 -14.052738 -3.242674 6e-06 -18.787266 -3e-06 -0.429712 -8.456041 2.555503 -0.0 1e-06 -1e-06 -15.923541 -20.094484 -5.473579 30.41921 -7.190821 1.735926 2e-06 -8.162925 -1e-06 -1.861906 -22.861467 -6.167943 1e-06 -2e-06 -0.0 -176.29483 -14.484983 2.405838 13.202033 0.013429 0.052026 -80.56076 2.613768 -9.984056 -6.098216 1.622478 2.176102 -0.999999 0.0 -0.0 4.551493 8.39853 -3.811675 7.667523 -0.063527 -0.045962 -78.269852 -6.199265 0.768442 -4.54948 0.662168 1.663753 -1.000002 0.0 0.0 
0.0 0.0 0.0 0.0 -0.0 0.0 -4.909528 99.450813 -1.416949 86.02832 2.998245 88.750526 2.364006 2.184969 -0.0231 -9.938364 -0.202015 0.61485 13.369283 1.151889 -1.779021 23.374191 4.115781 2.838209 -2.673003 -0.933026 -2.547337 -40.25618 -0.160139 -3.782738 6e-06 -0.0 0.0 0.078091 -0.013522 -0.041459 0.005267 -0.088612 -0.070153 0.022707 0.061491 -0.007831 -120.653137 -68.753586 138.082016 29.661467 -54.594936 -3.722511 52.090107 0.50929 0.386062 2.828067 -3.469192 25.302458 17.636639 -26.322737 52.411205 -19.466658 -14.395597 29.410389 -0.0 -8.774822 -2e-06 15.01396 -18.568333 6.500568 -0.609778 -1.795655 -3.889328 -4.807087 -11.046809 -2.93785 3e-06 -20.976019 4e-06 -5.019974 -25.033556 -4.03188 7e-06 -1e-06 0.0 -10.634534 -5.68697 -3.565588 10.573272 -17.922949 -3.1139 0.0 -13.821208 1e-06 -0.501782 -31.181505 -4.027016 -11.678984 -58.972073 7.310185 -13.982717 -7.150198 -2.875045 13.77273 -8.401491 -3.218242 0.34773 -34.211555 0.77166 -0.96303 -17.73337 2.621019 -0.0 1e-06 1e-06 -17.346424 -20.095219 -4.201782 21.757561 -1.638373 3.866428 0.0 -6.338826 -1e-06 -1.697593 -22.591751 -6.194005 0.0 -4e-06 -1e-06 47.854179 -77.615074 148.435257 18.96627 -60.09111 -4.021441 44.702496 0.71783 0.214448 2.07599 0.828927 17.847536 22.182121 -20.375898 49.933327 -16.701809 -16.74353 28.476532 -2e-06 -12.690603 -2e-06 15.913898 -17.653658 2.670362 -0.105918 -1.513854 -4.275882 -5.039041 -5.61287 -2.953556 2e-06 -11.020526 -0.0 -6.1113 -15.895334 -3.840472 -0.0 1e-06 -1e-06 -10.283371 -5.680289 -4.34184 11.028292 -11.302404 -2.372629 -1.384269 -14.238579 -6.320122 -0.625441 -26.924187 -3.8276 -4.160785 -49.200089 -4.038093 -13.708525 -7.363475 -3.720941 18.141148 -14.052739 -3.242672 5e-06 -18.78727 0.0 -0.429713 -8.456043 2.555505 -0.0 -1e-06 1e-06 -15.923536 -20.094482 -5.473587 30.419218 -7.190824 1.735929 3e-06 -8.162925 1e-06 -1.861903 -22.861467 -6.167942 0.0 -3e-06 0.0 -176.272003 -14.677882 2.458905 13.232764 0.004835 0.076718 -80.50853 2.757242 -10.110523 -6.132203 1.640344 2.180572 -0.999999 -0.0 0.0 4.800189 8.565931 -3.943717 7.446184 -0.052405 -0.050032 -78.242767 -6.385824 0.846009 -4.524496 0.65532 1.664992 -1.000001 0.0 -0.0 
0.0 0.0 0.0 0.0 -0.0 0.0 -5.128312 99.417343 -1.232374 86.070328 3.044141 89.068069 2.365139 2.265528 0.005578 -9.927141 -0.178741 0.633233 13.344597 1.20598 -1.728395 23.43996 4.147047 2.811423 -2.669261 -0.921792 -2.527025 -40.229351 -0.084557 -3.810058 5e-06 -0.0 -0.0 0.073862 -0.014895 -0.036694 -0.000499 -0.091953 -0.063655 0.017958 0.062006 -0.004224 -120.537415 -68.801094 137.941757 29.880838 -54.634705 -4.249608 51.998909 0.453367 0.40478 2.93154 -3.156696 24.717995 17.636633 -26.322737 52.411198 -19.466658 -14.395597 29.410385 0.0 -8.774822 -5e-06 14.974206 -18.530993 6.494789 -0.609777 -1.795656 -3.889326 -4.807088 -11.046811 -2.937851 2e-06 -20.976019 2e-06 -5.019974 -25.03356 -4.031882 5e-06 1e-06 0.0 -10.634535 -5.686972 -3.565587 10.573274 -17.922955 -3.113902 2e-06 -13.821211 1e-06 -0.501779 -31.181511 -4.027017 -11.668777 -58.914795 7.288444 -13.982718 -7.150201 -2.875041 13.77273 -8.401491 -3.218243 0.34773 -34.211555 0.771656 -0.96303 -17.733372 2.621019 -1e-06 1e-06 1e-06 -17.346424 -20.095224 -4.201784 21.757561 -1.638372 3.86643 0.0 -6.338825 0.0 -1.697591 -22.591751 -6.194007 -1e-06 -4e-06 -1e-06 47.776814 -77.734329 148.465042 19.349827 -59.934364 -4.059621 44.742516 0.718847 0.214273 2.029041 1.083478 17.841896 22.182108 -20.375893 49.933319 -16.701807 -16.743528 28.476528 -1e-06 -12.690601 -1e-06 15.91514 -17.675739 2.685225 -0.10592 -1.513855 -4.275882 -5.039042 -5.612871 -2.953557 2e-06 -11.020521 -1e-06 -6.1113 -15.89533 -3.840472 -0.0 0.0 -2e-06 -10.283369 -5.680288 -4.341839 11.028292 -11.302404 -2.37263 -1.384269 -14.238578 -6.320121 -0.625438 -26.924187 -3.827603 -4.198824 -49.212215 -4.022483 -13.708527 -7.363476 -3.720938 18.141146 -14.052735 -3.242674 4e-06 -18.787264 -2e-06 -0.429712 -8.456043 2.555506 1e-06 1e-06 -0.0 -15.923538 -20.094482 -5.473582 30.41921 -7.190822 1.735925 3e-06 -8.162924 -0.0 -1.861902 -22.861467 -6.167943 -1e-06 -3e-06 -2e-06 -176.208344 -14.813794 2.521508 13.221278 -0.005169 0.096271 -80.455406 2.860528 -10.260685 -6.13166 1.64937 2.18183 -0.999999 -0.0 -0.0 5.039247 8.680164 -4.165118 7.283359 -0.042533 -0.051057 -78.393845 -6.478555 0.937625 -4.484702 0.646659 1.664792 -1.000002 0.0 0.0 
0.0 0.0 0.0 0.0 -0.0 0.0 -5.317282 99.384857 -1.036358 86.14135 3.096992 89.371399 2.360873 2.326416 0.026459 -9.930168 -0.160763 0.64225 13.329438 1.260968 -1.678097 23.5853 4.18327 2.792292 -2.661933 -0.931068 -2.511562 -40.157394 -0.021748 -3.78391 7e-06 -0.0 0.0 0.072145 -0.014274 -0.028613 0.004694 -0.092936 -0.053398 0.02074 0.064367 0.001723 -120.525192 -68.750206 137.93779 29.757519 -54.703671 -4.389677 51.59687 0.435331 0.37163 2.993163 -2.964838 24.205568 17.636625 -26.322729 52.411186 -19.466661 -14.395597 29.410393 -2e-06 -8.774821 -2e-06 14.980673 -18.461107 6.466144 -0.609777 -1.795652 -3.889328 -4.807086 -11.046809 -2.937852 4e-06 -20.976021 4e-06 -5.019969 -25.03356 -4.031881 5e-06 1e-06 -1e-06 -10.634532 -5.68697 -3.565588 10.573275 -17.922953 -3.113901 4e-06 -13.821208 0.0 -0.501775 -31.181505 -4.027016 -11.630625 -58.887943 7.255318 -13.982712 -7.150197 -2.875043 13.772731 -8.401491 -3.218243 0.347736 -34.211555 0.771654 -0.96303 -17.73337 2.621017 1e-06 1e-06 1e-06 -17.346416 -20.095217 -4.201782 21.757561 -1.638376 3.866427 0.0 -6.338824 -1e-06 -1.697586 -22.591749 -6.194006 -2e-06 -4e-06 -1e-06 47.528694 -77.726776 148.780289 19.653982 -59.823051 -4.162487 44.511585 0.698935 0.218506 1.969232 1.235898 17.759302 22.182112 -20.375891 49.933323 -16.701817 -16.743526 28.476538 -3e-06 -12.690603 -2e-06 15.92755 -17.689014 2.689614 -0.105918 -1.513855 -4.27588 -5.039039 -5.612871 -2.953557 4e-06 -11.020526 -3e-06 -6.111297 -15.895334 -3.840472 1e-06 0.0 -0.0 -10.283367 -5.680288 -4.341838 11.028293 -11.302407 -2.372632 -1.384268 -14.238581 -6.320122 -0.625439 -26.924187 -3.8276 -4.23545 -49.225655 -4.005176 -13.708521 -7.363476 -3.72094 18.141148 -14.052739 -3.242675 7e-06 -18.787271 -3e-06 -0.429713 -8.456043 2.555504 1e-06 -0.0 0.0 -15.923532 -20.094482 -5.473583 30.41921 -7.190826 1.735925 3e-06 -8.162925 -2e-06 -1.861901 -22.861469 -6.167945 1e-06 -2e-06 -0.0 -176.132065 -14.9007 2.558618 13.223636 -0.012267 0.109286 -80.411278 3.028783 -10.41839 -6.090237 1.650824 2.183431 -0.999999 -0.0 0.0 5.267291 8.744674 -4.416865 7.180271 -0.034197 -0.048963 -78.55854 -6.516992 1.003141 -4.410449 0.632933 1.662112 -1.000001 -0.0 -0.0 
0.0 0.0 0.0 0.0 -0.0 0.0 -5.484323 99.349892 -0.827546 86.233955 3.174847 89.66407 2.356297 2.374914 0.034735 -9.93784 -0.149587 0.642674 13.338832 1.31884 -1.630247 23.820892 4.200646 2.78587 -2.662433 -0.942709 -2.498855 -40.029163 0.005076 -3.726315 7e-06 -0.0 -0.0 0.072893 -0.011978 -0.017963 0.018232 -0.092259 -0.041146 0.029815 0.068458 0.010843 -120.647194 -68.607948 138.108353 29.328501 -54.79142 -4.217177 50.857296 0.452169 0.307552 3.033543 -2.913634 23.712828 17.636633 -26.322733 52.411198 -19.46666 -14.395596 29.410393 -0.0 -8.774821 -3e-06 15.013871 -18.366913 6.43487 -0.609776 -1.795652 -3.889329 -4.807088 -11.04681 -2.937851 5e-06 -20.976013 0.0 -5.019968 -25.033558 -4.03188 7e-06 0.0 -0.0 -10.634534 -5.686972 -3.565588 10.573275 -17.922949 -3.113899 3e-06 -13.821205 -1e-06 -0.501777 -31.181498 -4.027017 -11.576419 -58.888668 7.249791 -13.982714 -7.150198 -2.875044 13.772731 -8.401489 -3.218243 0.347735 -34.211544 0.771657 -0.963026 -17.73337 2.621019 -2e-06 2e-06 -1e-06 -17.346416 -20.095213 -4.201784 21.757557 -1.638375 3.866427 -1e-06 -6.338823 1e-06 -1.69759 -22.591742 -6.194002 -2e-06 -4e-06 -1e-06 47.113522 -77.62188 149.357956 19.880905 -59.810322 -4.359636 44.033661 0.666187 0.215186 1.976678 1.337291 17.561602 22.182121 -20.375896 49.933319 -16.701811 -16.74353 28.476528 -2e-06 -12.690604 -3e-06 15.925503 -17.675253 2.686816 -0.10592 -1.513856 -4.275882 -5.03904 -5.612869 -2.953557 3e-06 -11.020525 -0.0 -6.111296 -15.89533 -3.840471 -0.0 -1e-06 1e-06 -10.28337 -5.680288 -4.34184 11.028292 -11.302406 -2.372629 -1.384269 -14.23858 -6.320122 -0.625438 -26.924187 -3.827599 -4.253098 -49.205357 -3.982912 -13.708525 -7.363476 -3.720942 18.141148 -14.052739 -3.242672 6e-06 -18.78727 -1e-06 -0.429713 -8.456043 2.555506 -0.0 -0.0 0.0 -15.923538 -20.094482 -5.473586 30.419214 -7.190826 1.735928 4e-06 -8.162926 0.0 -1.861906 -22.861471 -6.167939 2e-06 -5e-06 -1e-06 -176.022003 -14.957747 2.534354 13.237019 -0.014771 0.119991 -80.390121 3.321436 -10.545058 -6.053771 1.645403 2.185989 -0.999998 -0.0 -0.0 5.519039 8.776588 -4.632974 7.106791 -0.029081 -0.04991 -78.758034 -6.553381 1.039018 -4.329149 0.622448 1.659773 -1.000001 -1e-06 -0.0 
0.0 0.0 0.0 0.0 -0.0 0.0 -5.631925 99.317184 -0.606058 86.316414 3.271257 89.961426 2.331491 2.424889 0.038204 -9.950589 -0.139299 0.645046 13.388815 1.388794 -1.599267 24.115715 4.198807 2.779385 -2.665433 -0.951049 -2.478455 -39.835354 0.016089 -3.698843 6e-06 -0.0 -0.0 0.075936 -0.00885 -0.00732 0.033383 -0.092598 -0.029164 0.043585 0.074982 0.020482 -120.989632 -68.398636 138.547043 28.692621 -54.838482 -3.868725 49.7603 0.450194 0.223524 3.111866 -2.956014 23.362242 17.636631 -26.322737 52.411194 -19.466656 -14.395597 29.410381 -0.0 -8.77482 -4e-06 15.0485 -18.278381 6.405848 -0.609778 -1.795655 -3.889327 -4.807091 -11.046809 -2.937847 4e-06 -20.976013 0.0 -5.019973 -25.033556 -4.031878 8e-06 -0.0 -1e-06 -10.634533 -5.68697 -3.565585 10.573275 -17.922951 -3.113904 4e-06 -13.821206 -1e-06 -0.501776 -31.181505 -4.027017 -11.524293 -58.880692 7.248604 -13.982714 -7.150199 -2.875042 13.772729 -8.40149 -3.218239 0.347733 -34.211555 0.771659 -0.963027 -17.73337 2.621022 0.0 0.0 -1e-06 -17.346416 -20.095215 -4.201779 21.757557 -1.638374 3.866428 -0.0 -6.338823 2e-06 -1.697585 -22.591743 -6.194005 -2e-06 -2e-06 -2e-06 46.630779 -77.401436 150.064774 19.969479 -59.892803 -4.57258 43.357204 0.630073 0.187468 2.037183 1.455775 17.288639 22.182116 -20.375895 49.933327 -16.701817 -16.743534 28.476538 -2e-06 -12.690602 -2e-06 15.91492 -17.648087 2.686424 -0.10592 -1.513857 -4.275882 -5.039041 -5.612871 -2.953557 3e-06 -11.020525 -2e-06 -6.111298 -15.895334 -3.840472 1e-06 -0.0 -0.0 -10.283371 -5.680288 -4.341839 11.028294 -11.302405 -2.372633 -1.384269 -14.23858 -6.320124 -0.625439 -26.924191 -3.827602 -4.262387 -49.189384 -3.954245 -13.708526 -7.363475 -3.720941 18.14115 -14.052739 -3.242675 4e-06 -18.78727 -3e-06 -0.42971 -8.456045 2.555504 -0.0 -0.0 1e-06 -15.923538 -20.094486 -5.473586 30.419214 -7.190826 1.735927 4e-06 -8.162925 0.0 -1.861903 -22.861469 -6.167945 1e-06 -4e-06 -0.0 -175.905014 -15.020231 2.479291 13.291594 -0.015998 0.132099 -80.396629 3.740793 -10.623134 -6.058193 1.636498 2.186395 -0.999998 -0.0 0.0 5.80742 8.813637 -4.796278 7.011229 -0.03175 -0.057319 -78.931297 -6.661661 1.049136 -4.298919 0.623402 1.660873 -1.000001 0.0 0.0 
0.0 0.0 0.0 0.0 -0.0 0.0 -5.761025 99.281387 -0.367533 86.377998 3.371019 90.27092 2.282828 2.479723 0.048279 -9.971523 -0.129867 0.647398 13.484529 1.47046 -1.588012 24.449968 4.217958 2.771916 -2.659324 -0.946896 -2.46933 -39.616772 -0.007538 -3.722019 7e-06 -0.0 0.0 0.081025 -0.004338 0.004887 0.042911 -0.091715 -0.015945 0.051335 0.08297 0.032175 -121.540169 -68.141243 139.277237 28.026682 -54.808537 -3.521361 48.295536 0.425686 0.151127 3.283777 -3.019989 23.169048 17.636627 -26.322725 52.411186 -19.466665 -14.3956 29.410389 -0.0 -8.774822 -1e-06 15.079195 -18.216822 6.377921 -0.609775 -1.795654 -3.889326 -4.807092 -11.046813 -2.937851 2e-06 -20.976019 -2e-06 -5.019974 -25.033562 -4.031881 7e-06 -0.0 -2e-06 -10.634536 -5.68697 -3.565586 10.573274 -17.922947 -3.113897 4e-06 -13.821205 -3e-06 -0.50178 -31.181498 -4.027018 -11.52563 -58.869881 7.274132 -13.982716 -7.150199 -2.875039 13.77273 -8.401492 -3.21824 0.347733 -34.211555 0.771653 -0.963026 -17.73337 2.621018 0.0 1e-06 -0.0 -17.346422 -20.095219 -4.20178 21.757559 -1.638372 3.866427 -1e-06 -6.338823 -1e-06 -1.69759 -22.591745 -6.194006 -0.0 -3e-06 -3e-06 46.228779 -77.075546 150.729446 19.880207 -60.063774 -4.670166 42.531422 0.607664 0.15407 2.147282 1.632871 16.957348 22.182116 -20.375887 49.933311 -16.701817 -16.743528 28.476532 -2e-06 -12.690603 -1e-06 15.914377 -17.621075 2.689859 -0.105917 -1.513854 -4.275882 -5.039042 -5.612873 -2.953557 4e-06 -11.020527 -4e-06 -6.111299 -15.895334 -3.840474 -0.0 -0.0 -0.0 -10.283373 -5.680288 -4.341838 11.028294 -11.302406 -2.372633 -1.384269 -14.238581 -6.320123 -0.625437 -26.924192 -3.827603 -4.269284 -49.21563 -3.924582 -13.708527 -7.363474 -3.720939 18.14115 -14.052742 -3.242674 6e-06 -18.787271 -4e-06 -0.42971 -8.456047 2.555504 0.0 -1e-06 -1e-06 -15.923536 -20.094484 -5.473584 30.419222 -7.190827 1.735924 2e-06 -8.162926 -1e-06 -1.861901 -22.861473 -6.167944 -0.0 -2e-06 0.0 -175.80957 -15.094894 2.4347 13.412663 -0.022103 0.155571 -80.44664 4.133615 -10.648157 -6.099458 1.620492 2.182743 -0.999999 0.0 0.0 6.108216 8.864441 -4.948815 6.907398 -0.036807 -0.069423 -79.100563 -6.813196 1.064893 -4.30916 0.631306 1.665886 -1.000002 -0.0 0.0 
0.0 0.0 0.0 0.0 -0.0 0.0 -5.87011 99.234016 -0.122398 86.416595 3.474685 90.608803 2.221231 2.532893 0.049146 -9.991303 -0.121204 0.630152 13.600167 1.551726 -1.587051 24.83149 4.284022 2.762462 -2.650351 -0.921291 -2.470789 -39.378914 -0.067073 -3.75438 6e-06 0.0 0.0 0.086518 -0.000288 0.015695 0.044138 -0.08999 -0.004784 0.049382 0.089328 0.043225 -122.246986 -67.815781 140.22374 27.324535 -54.7234 -3.246706 46.519943 0.38737 0.099716 3.513368 -3.096712 23.095867 17.636627 -26.322733 52.411205 -19.466663 -14.3956 29.410393 -0.0 -8.774822 -2e-06 15.11087 -18.180708 6.350148 -0.609776 -1.795653 -3.889329 -4.80709 -11.04681 -2.93785 6e-06 -20.976013 -0.0 -5.019968 -25.033556 -4.031882 5e-06 0.0 0.0 -10.634535 -5.68697 -3.565589 10.573275 -17.922951 -3.113899 5e-06 -13.821206 -2e-06 -0.501771 -31.181505 -4.027017 -11.548219 -58.865158 7.303909 -13.982712 -7.150196 -2.875043 13.772727 -8.401491 -3.218239 0.347736 -34.211552 0.771655 -0.963029 -17.733372 2.621022 1e-06 1e-06 1e-06 -17.346416 -20.095215 -4.201782 21.757557 -1.638377 3.866428 1e-06 -6.338823 -0.0 -1.697591 -22.591743 -6.194005 -1e-06 -4e-06 -2e-06 45.858021 -76.664993 151.359497 19.463598 -60.323936 -4.460924 41.643509 0.590375 0.134118 2.277663 1.800086 16.601316 22.182114 -20.375898 49.933327 -16.701817 -16.74353 28.476536 -2e-06 -12.690603 -2e-06 15.924547 -17.58736 2.684116 -0.105919 -1.513856 -4.275882 -5.03904 -5.612869 -2.953557 4e-06 -11.020523 -2e-06 -6.111296 -15.89533 -3.840473 0.0 -0.0 1e-06 -10.283369 -5.680287 -4.341839 11.028294 -11.302406 -2.372633 -1.384268 -14.238581 -6.320121 -0.625437 -26.924191 -3.8276 -4.265209 -49.249233 -3.910409 -13.708524 -7.363476 -3.72094 18.141148 -14.052741 -3.242675 6e-06 -18.78727 -2e-06 -0.42971 -8.456045 2.555505 1e-06 -1e-06 1e-06 -15.923536 -20.094482 -5.473584 30.41921 -7.190827 1.735925 4e-06 -8.162925 -0.0 -1.8619 -22.861473 -6.167943 1e-06 -3e-06 -1e-06 -175.781662 -15.184274 2.449053 13.667729 -0.028166 0.17851 -80.589882 4.505915 -10.652995 -6.160224 1.608561 2.181602 -0.999998 0.0 0.0 6.408043 8.938724 -5.075809 6.812908 -0.044304 -0.08093 -79.301003 -7.027996 1.074918 -4.319165 0.635209 1.671127 -1.000001 0.0 0.0 
0.0 0.0 0.0 0.0 -0.0 0.0 -5.965106 99.170891 0.107895 86.433617 3.576435 90.982529 2.150038 2.579455 0.040871 -10.003698 -0.113131 0.593437 13.710238 1.614665 -1.587914 25.236917 4.411713 2.744858 -2.641003 -0.895487 -2.484812 -39.16452 -0.130289 -3.775207 6e-06 0.0 0.0 0.089329 0.003561 0.028385 0.040976 -0.085297 0.009363 0.044379 0.092273 0.055086 -122.991325 -67.437721 141.21846 26.546812 -54.633091 -3.02184 44.566799 0.34778 0.068867 3.742154 -3.167703 23.080166 17.636625 -26.322723 52.411182 -19.46666 -14.395598 29.410385 -0.0 -8.774821 -1e-06 15.181249 -18.137209 6.285399 -0.609778 -1.795654 -3.889327 -4.80709 -11.046813 -2.93785 5e-06 -20.976015 -2e-06 -5.019969 -25.033556 -4.03188 5e-06 2e-06 2e-06 -10.634533 -5.686969 -3.565588 10.573271 -17.922951 -3.113897 4e-06 -13.821206 -4e-06 -0.501776 -31.181498 -4.027015 -11.508224 -58.883896 7.257699 -13.982714 -7.150197 -2.875041 13.772727 -8.401492 -3.218241 0.347736 -34.211544 0.771651 -0.963032 -17.733366 2.62102 1e-06 1e-06 1e-06 -17.346418 -20.095217 -4.201779 21.757557 -1.638375 3.866426 2e-06 -6.338822 -1e-06 -1.697588 -22.591738 -6.194008 -1e-06 -3e-06 -1e-06 45.596531 -76.228111 151.878494 18.678978 -60.681648 -3.870482 40.786488 0.583127 0.140517 2.35182 1.875687 16.260818 22.182114 -20.375891 49.933319 -16.701815 -16.743526 28.47653 -3e-06 -12.690601 -1e-06 15.936867 -17.55282 2.671251 -0.105918 -1.513855 -4.275881 -5.039041 -5.61287 -2.953556 3e-06 -11.020526 -2e-06 -6.111297 -15.895334 -3.840473 -0.0 -0.0 0.0 -10.283371 -5.680288 -4.341837 11.028296 -11.302407 -2.372635 -1.384266 -14.238583 -6.320123 -0.625437 -26.924191 -3.827601 -4.25336 -49.275753 -3.911247 -13.708522 -7.363476 -3.720939 18.141151 -14.052741 -3.242676 7e-06 -18.787271 -4e-06 -0.42971 -8.456045 2.555503 2e-06 0.0 1e-06 -15.923532 -20.094484 -5.473583 30.419218 -7.190827 1.735925 6e-06 -8.162927 -1e-06 -1.861901 -22.861471 -6.167942 1e-06 -5e-06 -1e-06 -175.853668 -15.292583 2.519501 14.068568 -0.032097 0.197446 -80.838432 4.875281 -10.649231 -6.221261 1.60028 2.180103 -0.999998 0.0 -0.0 6.683971 9.04423 -5.226571 6.7412 -0.05587 -0.09137 -79.552666 -7.284364 1.095134 -4.302745 0.637424 1.675632 -1.000003 0.0 -0.0 
0.0 0.0 0.0 0.0 -0.0 0.0 -6.058302 99.101486 0.318317 86.425789 3.66782 91.324539 2.073097 2.623068 0.043897 -10.016535 -0.105312 0.555845 13.807603 1.653969 -1.578919 25.625004 4.577146 2.710393 -2.640669 -0.874856 -2.507947 -38.990952 -0.178074 -3.780831 6e-06 -0.0 0.0 0.09115 0.003824 0.033452 0.039635 -0.081793 0.016501 0.042758 0.089217 0.058695 -123.675232 -67.056992 142.14064 25.65037 -54.588318 -2.717574 42.606079 0.365462 0.061416 3.871734 -3.242437 23.085745 17.636633 -26.322737 52.411213 -19.46666 -14.395598 29.410395 1e-06 -8.774824 -3e-06 15.306541 -18.079967 6.197384 -0.609777 -1.795653 -3.889327 -4.807091 -11.046813 -2.937854 3e-06 -20.976019 1e-06 -5.019974 -25.033562 -4.03188 6e-06 2e-06 -0.0 -10.634536 -5.686972 -3.565588 10.573276 -17.922953 -3.113899 2e-06 -13.821211 -5e-06 -0.50178 -31.181511 -4.027017 -11.413868 -58.975208 7.171024 -13.982718 -7.1502 -2.875041 13.772732 -8.401493 -3.218242 0.347736 -34.211555 0.771651 -0.963031 -17.733372 2.62102 1e-06 -1e-06 0.0 -17.346426 -20.095224 -4.201779 21.757566 -1.638373 3.866427 2e-06 -6.338825 -1e-06 -1.697593 -22.591751 -6.194011 -1e-06 -2e-06 -1e-06 45.525959 -75.82019 152.20369 17.595499 -61.125229 -2.916344 39.976147 0.610094 0.172285 2.335191 1.797199 15.966522 22.182114 -20.375891 49.933319 -16.701811 -16.74353 28.47653 -2e-06 -12.690601 -2e-06 15.967233 -17.52775 2.657748 -0.10592 -1.513855 -4.275881 -5.03904 -5.612869 -2.953556 2e-06 -11.02052 -1e-06 -6.111296 -15.89533 -3.840471 -1e-06 1e-06 1e-06 -10.283369 -5.680287 -4.341839 11.028294 -11.302404 -2.372633 -1.384269 -14.238578 -6.320122 -0.625441 -26.924181 -3.827602 -4.244426 -49.34742 -3.904598 -13.708526 -7.363476 -3.720941 18.141151 -14.052737 -3.242675 4e-06 -18.787266 -0.0 -0.429711 -8.456043 2.555502 1e-06 -1e-06 -1e-06 -15.923536 -20.094482 -5.473584 30.41921 -7.190823 1.735928 3e-06 -8.162926 -0.0 -1.861907 -22.861464 -6.167941 1e-06 -2e-06 -2e-06 -175.941406 -15.428879 2.541877 14.467832 -0.035149 0.207858 -81.11821 5.235438 -10.658385 -6.267814 1.590011 2.175526 -1.0 0.0 0.0 6.936499 9.183074 -5.339788 6.677811 -0.070521 -0.104397 -79.806465 -7.555811 1.156811 -4.281514 0.639353 1.678645 -1.000002 0.0 -0.0 
0.0 0.0 0.0 0.0 -0.0 0.0 -6.153054 99.033043 0.512904 86.415039 3.741229 91.608513 1.992957 2.649981 0.052785 -10.032563 -0.093428 0.538639 13.883544 1.66357 -1.56057 25.985386 4.75179 2.668715 -2.645535 -0.850681 -2.547297 -38.837158 -0.203791 -3.783649 5e-06 0.0 -0.0 0.090882 0.00196 0.0344 0.04075 -0.080736 0.018404 0.043858 0.084455 0.059576 -124.285934 -66.673454 142.998093 24.677355 -54.581066 -2.394343 40.579285 0.411982 0.050041 3.842303 -3.295267 23.223581 17.636627 -26.322725 52.411182 -19.46666 -14.395597 29.410385 -0.0 -8.774821 -5e-06 15.459652 -18.020439 6.114384 -0.609778 -1.795654 -3.889328 -4.80709 -11.046807 -2.937851 2e-06 -20.976015 1e-06 -5.01997 -25.033556 -4.03188 6e-06 -1e-06 0.0 -10.634535 -5.686969 -3.565586 10.573271 -17.922945 -3.113899 2e-06 -13.821205 -1e-06 -0.501782 -31.181498 -4.027011 -11.323611 -59.114967 7.098659 -13.982716 -7.150199 -2.87504 13.772728 -8.40149 -3.21824 0.347734 -34.211552 0.771654 -0.963031 -17.733368 2.621022 -1e-06 -0.0 1e-06 -17.346422 -20.095217 -4.20178 21.757557 -1.638373 3.86643 2e-06 -6.338824 1e-06 -1.697591 -22.591743 -6.194009 -0.0 -4e-06 -2e-06 45.555897 -75.438133 152.406998 16.211891 -61.629036 -1.650113 39.140316 0.631547 0.22395 2.27067 1.609325 15.712432 22.182114 -20.375895 49.933327 -16.701811 -16.74353 28.476532 -2e-06 -12.690601 -1e-06 16.010557 -17.519884 2.637471 -0.10592 -1.513856 -4.275879 -5.039041 -5.612872 -2.953557 3e-06 -11.020523 -2e-06 -6.111297 -15.89533 -3.840469 0.0 1e-06 0.0 -10.283373 -5.680288 -4.341838 11.028296 -11.302403 -2.372633 -1.38427 -14.238579 -6.320121 -0.625439 -26.924191 -3.827602 -4.229368 -49.450466 -3.906684 -13.708526 -7.363476 -3.720939 18.141148 -14.052738 -3.242672 6e-06 -18.787266 -1e-06 -0.429713 -8.456042 2.555502 1e-06 -1e-06 -1e-06 -15.923539 -20.094482 -5.473584 30.41921 -7.190823 1.735927 3e-06 -8.162928 0.0 -1.861908 -22.861467 -6.167941 1e-06 -3e-06 -0.0 -175.984802 -15.565402 2.512542 14.75726 -0.038488 0.207665 -81.377228 5.570246 -10.689465 -6.323447 1.581927 2.170242 -0.999999 -0.0 -0.0 7.161646 9.322354 -5.372662 6.622198 -0.085345 -0.12432 -80.05246 -7.817672 1.255149 -4.274852 0.64231 1.679609 -1.000002 0.0 0.0 
0.0 0.0 0.0 0.0 -0.0 0.0 -6.246495 98.972198 0.690013 86.386848 3.778438 91.780876 1.920657 2.664135 0.061285 -10.051932 -0.072816 0.559341 13.939379 1.671589 -1.544927 26.259642 4.878196 2.64614 -2.650983 -0.822041 -2.58804 -38.695885 -0.235036 -3.782158 6e-06 -0.0 -0.0 0.085192 0.001811 0.038208 0.038806 -0.080832 0.021564 0.041724 0.084356 0.06462 -124.743134 -66.285934 143.68895 23.704517 -54.660633 -2.241824 38.563301 0.425554 0.011705 3.598511 -3.326905 23.458492 17.636627 -26.322725 52.411182 -19.46666 -14.395597 29.410389 -0.0 -8.774822 -4e-06 15.619311 -17.969334 6.029897 -0.609775 -1.795653 -3.889326 -4.807089 -11.046811 -2.93785 3e-06 -20.976019 -0.0 -5.019972 -25.03356 -4.031881 6e-06 -0.0 -0.0 -10.634533 -5.686972 -3.565585 10.573271 -17.922951 -3.113901 3e-06 -13.821211 -1e-06 -0.501778 -31.181505 -4.027014 -11.287018 -59.254063 7.065084 -13.982714 -7.150198 -2.87504 13.772731 -8.401491 -3.218242 0.347731 -34.211555 0.771654 -0.963028 -17.73337 2.621017 -2e-06 -1e-06 -0.0 -17.346418 -20.095217 -4.201776 21.757559 -1.638374 3.866429 2e-06 -6.338823 0.0 -1.69759 -22.591743 -6.194007 -1e-06 -5e-06 -2e-06 45.563534 -75.120453 152.605499 14.681726 -62.116364 -0.314996 38.270744 0.590302 0.277124 2.179807 1.306828 15.415841 22.182112 -20.375891 49.933319 -16.701805 -16.743532 28.476524 -1e-06 -12.690603 -2e-06 16.062252 -17.517738 2.599477 -0.105921 -1.513858 -4.275879 -5.03904 -5.61287 -2.953557 2e-06 -11.020519 -2e-06 -6.111299 -15.895329 -3.840471 0.0 1e-06 -1e-06 -10.283373 -5.68029 -4.341838 11.028293 -11.302402 -2.372631 -1.38427 -14.238579 -6.320122 -0.62544 -26.924187 -3.827601 -4.199317 -49.55265 -3.933185 -13.708526 -7.363475 -3.720937 18.141146 -14.052735 -3.242671 5e-06 -18.787264 -2e-06 -0.429712 -8.456041 2.555506 -0.0 -0.0 -1e-06 -15.923539 -20.094482 -5.473582 30.41921 -7.190821 1.735929 3e-06 -8.162925 -0.0 -1.861905 -22.861467 -6.167941 1e-06 -4e-06 -1e-06 -175.959793 -15.703563 2.445542 14.892702 -0.042669 0.200807 -81.600769 5.82121 -10.738511 -6.394543 1.575923 2.166117 -0.999998 -0.0 0.0 7.34496 9.45793 -5.287581 6.563912 -0.096217 -0.149872 -80.255829 -8.035936 1.366663 -4.306812 0.644228 1.677542 -1.000001 -0.0 0.0 
0.0 0.0 0.0 0.0 -0.0 0.0 -6.331439 98.91552 0.854808 86.349236 3.775331 91.852837 1.856736 2.664833 0.067748 -10.067252 -0.047983 0.595756 13.970602 1.684964 -1.513759 26.431564 4.940737 2.629985 -2.658127 -0.797044 -2.628195 -38.545712 -0.275861 -3.78968 5e-06 0.0 -0.0 0.07681 0.003836 0.044434 0.033739 -0.082168 0.025596 0.039634 0.089626 0.072762 -125.029839 -65.950272 144.192459 22.755281 -54.873653 -2.341679 36.598953 0.391 -0.042157 3.154414 -3.318044 23.575775 17.636629 -26.322731 52.411186 -19.466663 -14.395602 29.410389 -0.0 -8.774822 -2e-06 15.771348 -17.909248 5.932433 -0.609776 -1.795654 -3.889328 -4.807089 -11.046812 -2.937849 3e-06 -20.976019 -0.0 -5.01997 -25.03356 -4.031882 5e-06 -0.0 0.0 -10.634533 -5.686971 -3.565586 10.573275 -17.922951 -3.113903 1e-06 -13.821209 2e-06 -0.50178 -31.181501 -4.027013 -11.250095 -59.338356 7.011528 -13.982713 -7.150198 -2.875041 13.772729 -8.401493 -3.218242 0.347732 -34.211555 0.771654 -0.963027 -17.733374 2.621019 1e-06 1e-06 -0.0 -17.346422 -20.095219 -4.201783 21.757561 -1.638375 3.866428 1e-06 -6.338824 0.0 -1.69759 -22.591747 -6.194007 -1e-06 -3e-06 -2e-06 45.631275 -74.862724 152.690887 13.077648 -62.577156 0.996943 37.359615 0.466414 0.325931 2.080714 0.895399 15.10681 22.182106 -20.375891 49.933315 -16.701809 -16.743528 28.476522 -2e-06 -12.6906 -3e-06 16.093712 -17.501152 2.558433 -0.105919 -1.513855 -4.275882 -5.039041 -5.61287 -2.953555 4e-06 -11.02052 -2e-06 -6.111297 -15.895328 -3.840471 -0.0 1e-06 -1e-06 -10.283369 -5.680287 -4.341838 11.028292 -11.302404 -2.372633 -1.384268 -14.238577 -6.32012 -0.625439 -26.924185 -3.8276 -4.161254 -49.604221 -3.96579 -13.708522 -7.363475 -3.720939 18.141146 -14.052736 -3.242673 5e-06 -18.787266 -3e-06 -0.429711 -8.456043 2.555503 -0.0 1e-06 -1e-06 -15.923534 -20.094481 -5.473582 30.419207 -7.190822 1.735924 1e-06 -8.162922 -1e-06 -1.861901 -22.861465 -6.167941 0.0 -3e-06 -0.0 -175.896637 -15.82602 2.395281 14.927307 -0.043612 0.19554 -81.811325 5.927953 -10.805368 -6.439713 1.573113 2.164207 -0.999998 0.0 0.0 7.476401 9.577784 -5.146656 6.517594 -0.096926 -0.174199 -80.446915 -8.182007 1.459257 -4.373554 0.644341 1.673678 -1.000002 0.0 -0.0 
0.0 0.0 0.0 0.0 -0.0 0.0 -6.408271 98.866623 1.006682 86.290245 3.742851 91.862595 1.804332 2.666018 0.080057 -10.078805 -0.031881 0.617435 13.982475 1.704614 -1.470852 26.520784 4.95635 2.621866 -2.68002 -0.786307 -2.65673 -38.402946 -0.316802 -3.778778 6e-06 -0.0 0.0 0.06761 0.003829 0.041533 0.031665 -0.084953 0.0208 0.044775 0.091957 0.070932 -125.19268 -65.705231 144.561523 21.83917 -55.165501 -2.521706 34.82016 0.359888 -0.087147 2.540987 -3.297448 23.621628 17.636629 -26.322723 52.411194 -19.466661 -14.395596 29.410389 -0.0 -8.774822 -4e-06 15.89325 -17.828068 5.861622 -0.609776 -1.795653 -3.889327 -4.807091 -11.046809 -2.93785 4e-06 -20.976015 1e-06 -5.01997 -25.033556 -4.031884 6e-06 1e-06 -1e-06 -10.634535 -5.686971 -3.565586 10.573275 -17.922949 -3.113903 3e-06 -13.821209 4e-06 -0.501778 -31.181505 -4.027018 -11.194745 -59.405434 6.970471 -13.982717 -7.150199 -2.87504 13.77273 -8.401491 -3.218243 0.347733 -34.211552 0.771653 -0.96303 -17.733372 2.621021 -1e-06 -0.0 0.0 -17.346422 -20.095219 -4.20178 21.757559 -1.638374 3.866429 2e-06 -6.338822 0.0 -1.697588 -22.591745 -6.194009 -1e-06 -3e-06 -1e-06 45.720161 -74.658844 152.678711 11.476237 -62.999172 2.389883 36.450478 0.353733 0.385455 1.929505 0.399142 15.016994 22.182119 -20.375895 49.933323 -16.701811 -16.74353 28.476532 -3e-06 -12.690603 -3e-06 16.105968 -17.478615 2.5316 -0.105918 -1.513855 -4.275882 -5.039043 -5.612873 -2.953557 3e-06 -11.020525 -3e-06 -6.1113 -15.895334 -3.840471 0.0 -0.0 -1e-06 -10.283371 -5.680288 -4.341839 11.028293 -11.302404 -2.372634 -1.38427 -14.238579 -6.32012 -0.625441 -26.924189 -3.8276 -4.138219 -49.625011 -3.976321 -13.708527 -7.363477 -3.72094 18.141151 -14.052739 -3.242674 6e-06 -18.787268 -4e-06 -0.429712 -8.456043 2.555506 1e-06 -0.0 -1e-06 -15.923538 -20.094484 -5.473582 30.419214 -7.190824 1.735926 4e-06 -8.162927 -1e-06 -1.861905 -22.861467 -6.167942 -0.0 -4e-06 -1e-06 -175.801208 -15.95027 2.38195 14.865154 -0.040856 0.189317 -82.007935 5.950882 -10.893448 -6.445544 1.561578 2.159076 -0.999998 0.0 -0.0 7.528272 9.709826 -4.989581 6.547765 -0.0909 -0.192821 -80.613091 -8.296089 1.529671 -4.44517 0.6407 1.669851 -1.000001 1e-06 0.0 
0.0 0.0 0.0 0.0 -0.0 0.0 -6.475735 98.832611 1.13637 86.210037 3.690438 91.85498 1.756876 2.671874 0.093459 -10.093867 -0.020198 0.637342 14.000999 1.732466 -1.435946 26.539141 4.934048 2.630306 -2.700625 -0.781544 -2.682767 -38.321972 -0.368186 -3.756429 7e-06 0.0 -0.0 0.06151 0.003047 0.035812 0.035311 -0.084867 0.014196 0.05449 0.089938 0.065119 -125.314209 -65.551193 144.852005 21.020092 -55.432102 -2.565592 33.36375 0.355515 -0.11582 1.866663 -3.378378 23.704571 17.636633 -26.322737 52.411194 -19.466663 -14.395597 29.410389 -2e-06 -8.77482 -2e-06 15.99649 -17.750319 5.8118 -0.609777 -1.795653 -3.889327 -4.807086 -11.046809 -2.937852 6e-06 -20.976015 3e-06 -5.019969 -25.033558 -4.031876 7e-06 -1e-06 -2e-06 -10.634531 -5.686968 -3.565586 10.573274 -17.922953 -3.113902 4e-06 -13.821211 4e-06 -0.501777 -31.181505 -4.027011 -11.114027 -59.478031 6.927675 -13.982712 -7.150196 -2.875042 13.77273 -8.401495 -3.218241 0.347736 -34.211555 0.771656 -0.963028 -17.733376 2.621022 0.0 -0.0 0.0 -17.346413 -20.095217 -4.201783 21.757555 -1.638377 3.866427 2e-06 -6.338824 -0.0 -1.697587 -22.591742 -6.194005 -0.0 -4e-06 -3e-06 45.711525 -74.491081 152.722366 10.046843 -63.318653 3.716393 35.632339 0.277663 0.438877 1.758762 -0.088786 15.176197 22.182112 -20.375898 49.933327 -16.701815 -16.743526 28.476538 -4e-06 -12.690599 -2e-06 16.108997 -17.463541 2.520827 -0.105919 -1.513856 -4.275881 -5.039039 -5.61287 -2.953557 5e-06 -11.020523 -2e-06 -6.111293 -15.895334 -3.840472 0.0 1e-06 -0.0 -10.283367 -5.680288 -4.341838 11.028293 -11.302404 -2.372634 -1.384267 -14.238577 -6.32012 -0.625435 -26.924189 -3.827601 -4.132726 -49.638142 -3.967072 -13.708523 -7.363474 -3.72094 18.141148 -14.052739 -3.242675 8e-06 -18.78727 -2e-06 -0.429712 -8.456043 2.555505 -0.0 1e-06 1e-06 -15.923532 -20.094482 -5.473584 30.419205 -7.190826 1.735924 3e-06 -8.162926 -1e-06 -1.861899 -22.861462 -6.167942 1e-06 -5e-06 -1e-06 -175.742279 -16.079945 2.405032 14.814892 -0.043792 0.185754 -82.166733 5.947707 -10.998469 -6.424644 1.545015 2.149226 -1.0 -0.0 -0.0 7.599276 9.857005 -4.826073 6.458127 -0.086813 -0.198822 -80.664032 -8.42883 1.588887 -4.488518 0.632711 1.66632 -1.000002 0.0 0.0 
0.0 0.0 0.0 0.0 -0.0 0.0 -6.534061 98.803749 1.238621 86.130531 3.630841 91.875786 1.725625 2.677058 0.101554 -10.105231 -0.014647 0.658912 14.019729 1.756418 -1.426129 26.531281 4.897655 2.652299 -2.706238 -0.77223 -2.718462 -38.300377 -0.455869 -3.69838 6e-06 -0.0 0.0 0.060993 0.002197 0.030906 0.042765 -0.083238 0.008957 0.06234 0.086649 0.059354 -125.337578 -65.486259 145.006638 20.383884 -55.681412 -2.443836 32.193951 0.400356 -0.130716 1.177724 -3.62721 23.803757 17.636625 -26.322735 52.411205 -19.466663 -14.395598 29.410393 -0.0 -8.774822 0.0 16.111498 -17.706476 5.762332 -0.609776 -1.795654 -3.889328 -4.807089 -11.046809 -2.937851 4e-06 -20.976015 1e-06 -5.019971 -25.033556 -4.031882 7e-06 1e-06 1e-06 -10.634535 -5.686971 -3.565587 10.573272 -17.922951 -3.113903 2e-06 -13.821211 0.0 -0.501778 -31.181501 -4.027017 -11.059697 -59.583702 6.879825 -13.982714 -7.150198 -2.875042 13.772729 -8.401491 -3.218243 0.347733 -34.211544 0.771654 -0.963029 -17.73337 2.621019 1e-06 -0.0 -1e-06 -17.346418 -20.095219 -4.201782 21.757557 -1.638374 3.866425 1e-06 -6.338825 0.0 -1.697589 -22.591745 -6.194006 0.0 -3e-06 -3e-06 45.56443 -74.335571 152.910049 8.857215 -63.533134 4.845188 34.948425 0.18322 0.463311 1.621313 -0.494073 15.49529 22.182112 -20.375895 49.933319 -16.701811 -16.74353 28.476532 -3e-06 -12.6906 -3e-06 16.115025 -17.448322 2.513344 -0.105919 -1.513855 -4.27588 -5.03904 -5.61287 -2.953555 4e-06 -11.02052 -3e-06 -6.111297 -15.895328 -3.840471 0.0 -0.0 -0.0 -10.283366 -5.680286 -4.341836 11.028293 -11.302402 -2.372634 -1.384269 -14.238579 -6.32012 -0.625436 -26.924187 -3.8276 -4.142034 -49.646954 -3.952063 -13.708523 -7.363474 -3.720938 18.14115 -14.052738 -3.242676 5e-06 -18.787266 -2e-06 -0.429711 -8.456042 2.555507 -0.0 2e-06 0.0 -15.923532 -20.094482 -5.473588 30.41921 -7.190823 1.735924 4e-06 -8.162927 -0.0 -1.861901 -22.861467 -6.16794 0.0 -4e-06 -2e-06 -175.76123 -16.198845 2.488472 14.842964 -0.049495 0.184729 -82.318977 5.928905 -11.101315 -6.411261 1.538547 2.141424 -0.999999 0.0 0.0 7.63711 10.002645 -4.696878 6.381768 -0.082637 -0.199571 -80.696899 -8.581264 1.651485 -4.477433 0.616117 1.660414 -1.000003 0.0 0.0 
0.0 0.0 0.0 0.0 -0.0 0.0 -6.603838 98.771133 1.316973 86.04966 3.598754 91.931953 1.72498 2.687139 0.09813 -10.106161 -0.012969 0.662794 14.048061 1.77334 -1.425029 26.52379 4.853054 2.666781 -2.7107 -0.765706 -2.714612 -38.316204 -0.58277 -3.6153 7e-06 0.0 -0.0 0.063108 0.003487 0.033905 0.04989 -0.077366 0.012115 0.067135 0.083666 0.06121 -125.244621 -65.495079 145.02774 20.021545 -55.901569 -2.165367 31.332619 0.484796 -0.132507 0.573468 -3.927215 23.982035 17.636631 -26.322729 52.411201 -19.466665 -14.395598 29.410395 -1e-06 -8.774822 -1e-06 16.213991 -17.701466 5.738395 -0.609775 -1.795653 -3.889327 -4.807087 -11.046811 -2.937852 6e-06 -20.976017 1e-06 -5.019969 -25.03356 -4.031884 6e-06 -0.0 1e-06 -10.634533 -5.68697 -3.565588 10.573275 -17.922951 -3.113903 3e-06 -13.82121 1e-06 -0.501773 -31.181505 -4.027018 -11.068317 -59.717197 6.896258 -13.982714 -7.150198 -2.875043 13.772731 -8.401495 -3.218241 0.347738 -34.211555 0.771653 -0.963028 -17.73337 2.621019 -1e-06 0.0 -1e-06 -17.346416 -20.095217 -4.201783 21.757559 -1.638377 3.866427 2e-06 -6.338824 2e-06 -1.697587 -22.591742 -6.194006 -0.0 -2e-06 -2e-06 45.392334 -74.218704 153.168961 8.04841 -63.697292 5.639172 34.436829 0.083722 0.463715 1.57151 -0.777725 15.864285 22.182117 -20.375898 49.933323 -16.701817 -16.74353 28.476536 -3e-06 -12.690603 -3e-06 16.129786 -17.42399 2.50092 -0.10592 -1.513857 -4.275882 -5.039041 -5.612872 -2.953557 5e-06 -11.020527 -3e-06 -6.111298 -15.895338 -3.840472 -0.0 1e-06 -1e-06 -10.283371 -5.680289 -4.341841 11.028296 -11.302409 -2.372634 -1.384268 -14.238585 -6.320123 -0.625437 -26.924196 -3.827601 -4.145905 -49.645981 -3.939166 -13.708526 -7.363477 -3.720941 18.141153 -14.05274 -3.242676 5e-06 -18.78727 -2e-06 -0.429712 -8.456045 2.555505 -1e-06 2e-06 0.0 -15.923536 -20.094486 -5.473587 30.419222 -7.190829 1.735926 4e-06 -8.162929 1e-06 -1.861903 -22.861469 -6.167941 0.0 -5e-06 -2e-06 -175.81604 -16.33177 2.593503 14.938475 -0.055853 0.190862 -82.475014 5.913848 -11.200947 -6.388938 1.538044 2.138028 -0.999999 -0.0 0.0 7.672388 10.162523 -4.575729 6.330763 -0.080387 -0.20251 -80.737785 -8.750469 1.712709 -4.422363 0.597892 1.653625 -1.000001 0.0 -0.0 
0.0 0.0 0.0 0.0 -0.0 0.0 -6.685834 98.749107 1.370558 85.977676 3.58898 91.966202 1.738114 2.696473 0.092404 -10.105252 -0.007401 0.664843 14.105264 1.777292 -1.428124 26.521883 4.804167 2.669163 -2.707046 -0.779311 -2.664297 -38.331177 -0.692228 -3.555922 6e-06 0.0 0.0 0.066071 0.00517 0.03545 0.051716 -0.071559 0.014109 0.067942 0.081432 0.061692 -125.154022 -65.543808 145.022552 19.928869 -56.044037 -1.850172 30.866333 0.558663 -0.120626 0.138204 -4.179393 24.170134 17.636629 -26.322733 52.411198 -19.466663 -14.395597 29.410395 -1e-06 -8.774821 -1e-06 16.288248 -17.699547 5.715712 -0.609777 -1.795654 -3.889327 -4.807089 -11.046811 -2.937852 5e-06 -20.976019 -1e-06 -5.019969 -25.03356 -4.031881 5e-06 0.0 -0.0 -10.634533 -5.686972 -3.56559 10.573274 -17.922951 -3.113902 3e-06 -13.82121 2e-06 -0.501777 -31.181505 -4.027016 -11.090384 -59.797268 6.923028 -13.982713 -7.150198 -2.875042 13.772728 -8.401491 -3.218243 0.347735 -34.211555 0.771652 -0.963028 -17.73337 2.621019 1e-06 -1e-06 -1e-06 -17.346418 -20.095219 -4.201779 21.757559 -1.638375 3.866426 2e-06 -6.338825 1e-06 -1.69759 -22.591743 -6.194006 -1e-06 -2e-06 -2e-06 45.273361 -74.121284 153.393631 7.686719 -63.802513 6.049403 34.118252 0.013746 0.458743 1.57231 -0.980162 16.129036 22.182117 -20.375891 49.933319 -16.701809 -16.743528 28.476528 -3e-06 -12.690601 -2e-06 16.159023 -17.399975 2.477895 -0.105919 -1.513855 -4.27588 -5.039042 -5.612871 -2.953559 4e-06 -11.020521 -3e-06 -6.111297 -15.89533 -3.840472 -0.0 1e-06 -1e-06 -10.283371 -5.680288 -4.341838 11.028294 -11.302402 -2.372632 -1.384269 -14.238581 -6.32012 -0.625439 -26.924183 -3.827602 -4.128134 -49.662125 -3.960554 -13.708525 -7.363474 -3.720939 18.14115 -14.052736 -3.242675 4e-06 -18.787266 -3e-06 -0.429712 -8.456039 2.555503 -0.0 1e-06 1e-06 -15.923534 -20.094481 -5.473584 30.41921 -7.190823 1.735926 3e-06 -8.162925 -0.0 -1.861901 -22.861469 -6.167942 1e-06 -4e-06 -2e-06 -175.873764 -16.459446 2.703718 15.07189 -0.062182 0.198541 -82.560204 5.878017 -11.285806 -6.360049 1.538749 2.137955 -0.999999 -0.0 -0.0 7.748549 10.307933 -4.459924 6.212909 -0.082949 -0.19614 -80.713081 -8.917094 1.743253 -4.382575 0.584986 1.649025 -1.000002 0.0 0.0 
0.0 0.0 0.0 0.0 -0.0 0.0 -6.778972 98.736732 1.397944 85.919052 3.599279 91.980278 1.768937 2.696665 0.084278 -10.105832 -0.006165 0.650156 14.169744 1.770341 -1.409074 26.553593 4.769931 2.65925 -2.699282 -0.811757 -2.571837 -38.333076 -0.800125 -3.510981 5e-06 0.0 -0.0 0.070286 0.006956 0.035409 0.046112 -0.069342 0.013133 0.062112 0.082958 0.062249 -125.020538 -65.6576 144.958694 20.13813 -56.14901 -1.618573 30.788246 0.624743 -0.104476 -0.16079 -4.366269 24.372833 17.636633 -26.322729 52.411186 -19.46666 -14.3956 29.410389 -0.0 -8.774822 -1e-06 16.318535 -17.68383 5.70788 -0.609776 -1.795654 -3.889326 -4.807089 -11.04681 -2.93785 4e-06 -20.976019 -1e-06 -5.019973 -25.033558 -4.031879 7e-06 1e-06 0.0 -10.634537 -5.686971 -3.565587 10.573275 -17.922953 -3.1139 2e-06 -13.821209 -0.0 -0.501778 -31.181511 -4.027017 -11.112126 -59.815998 6.968486 -13.982716 -7.150198 -2.875041 13.772731 -8.401491 -3.218243 0.347732 -34.211555 0.771655 -0.963029 -17.733372 2.621019 0.0 -1e-06 -2e-06 -17.346422 -20.095219 -4.201782 21.757561 -1.638374 3.866428 1e-06 -6.338824 1e-06 -1.697591 -22.591743 -6.194005 -0.0 -2e-06 -3e-06 45.205593 -74.039383 153.563492 7.761668 -63.870754 6.058314 33.92218 -0.032503 0.453731 1.624253 -1.16392 16.341082 22.182114 -20.375895 49.933319 -16.701811 -16.74353 28.476532 -3e-06 -12.690601 -3e-06 16.189665 -17.381824 2.449573 -0.10592 -1.513856 -4.275882 -5.039041 -5.61287 -2.953554 4e-06 -11.02052 -2e-06 -6.111298 -15.89533 -3.840469 -0.0 1e-06 -1e-06 -10.283371 -5.680288 -4.341838 11.028294 -11.302404 -2.372632 -1.384269 -14.238579 -6.320121 -0.62544 -26.924191 -3.8276 -4.095419 -49.693016 -4.005035 -13.708525 -7.363475 -3.720936 18.14115 -14.052738 -3.242676 4e-06 -18.787266 -2e-06 -0.429712 -8.456041 2.555503 -1e-06 2e-06 0.0 -15.923538 -20.094482 -5.473582 30.41921 -7.190823 1.735925 3e-06 -8.162925 -0.0 -1.861904 -22.861467 -6.167942 0.0 -4e-06 -2e-06 -175.899933 -16.57972 2.81707 15.166338 -0.060671 0.202731 -82.577431 5.840165 -11.332878 -6.349852 1.540291 2.141387 -0.999999 0.0 0.0 7.844008 10.424623 -4.380129 6.070519 -0.085494 -0.186683 -80.646103 -8.996362 1.753727 -4.344198 0.577246 1.647128 -1.000002 0.0 -0.0 
0.0 0.0 0.0 0.0 -0.0 0.0 -6.868477 98.736107 1.398153 85.850159 3.629057 91.963051 1.823039 2.698718 0.079254 -10.094913 -0.014799 0.619956 14.216319 1.780058 -1.377081 26.634672 4.743051 2.653053 -2.696522 -0.853769 -2.490491 -38.320312 -0.885198 -3.430117 6e-06 -0.0 0.0 0.073613 0.005741 0.025393 0.033009 -0.073244 0.00129 0.049733 0.084459 0.053664 -124.813652 -65.811165 144.802399 20.668751 -56.225693 -1.495349 31.090172 0.684173 -0.083406 -0.375999 -4.453288 24.62632 17.636625 -26.322725 52.411182 -19.46666 -14.395594 29.410381 -2e-06 -8.774819 -1e-06 16.318253 -17.668257 5.714083 -0.609776 -1.795654 -3.889325 -4.807087 -11.046807 -2.937848 5e-06 -20.976015 0.0 -5.019969 -25.033556 -4.031879 9e-06 -0.0 -0.0 -10.634529 -5.686968 -3.565587 10.573271 -17.922945 -3.1139 3e-06 -13.821205 3e-06 -0.501775 -31.181494 -4.027014 -11.132977 -59.80183 7.029501 -13.982709 -7.150195 -2.875041 13.772726 -8.401491 -3.218241 0.347735 -34.211544 0.771656 -0.963028 -17.733364 2.62102 2e-06 -0.0 0.0 -17.346413 -20.095209 -4.201779 21.757553 -1.638377 3.866426 2e-06 -6.338823 1e-06 -1.697587 -22.59174 -6.194003 -1e-06 0.0 -3e-06 45.143768 -73.996643 153.714005 8.245508 -63.918045 5.687069 33.822166 -0.051395 0.458087 1.671529 -1.367632 16.533072 22.182108 -20.375891 49.933319 -16.701809 -16.743528 28.47653 -3e-06 -12.690599 -1e-06 16.233507 -17.384356 2.423234 -0.10592 -1.513856 -4.275883 -5.039038 -5.612869 -2.953554 4e-06 -11.02052 -3e-06 -6.111295 -15.89533 -3.84047 0.0 1e-06 -1e-06 -10.283367 -5.680286 -4.341839 11.028292 -11.302402 -2.372634 -1.384266 -14.238579 -6.320121 -0.625436 -26.924189 -3.8276 -4.07746 -49.736229 -4.034464 -13.70852 -7.363474 -3.72094 18.141148 -14.052738 -3.242675 6e-06 -18.787266 -3e-06 -0.429711 -8.456041 2.555505 -1e-06 3e-06 -0.0 -15.923528 -20.094479 -5.473586 30.419205 -7.190827 1.735923 3e-06 -8.162925 1e-06 -1.861901 -22.861464 -6.167941 -0.0 -3e-06 -2e-06 -175.887238 -16.704029 2.948356 15.21402 -0.052027 0.203449 -82.547256 5.782685 -11.380911 -6.338776 1.541416 2.146153 -1.0 -0.0 -0.0 7.948151 10.533981 -4.339703 5.925419 -0.083807 -0.177673 -80.515976 -8.971506 1.743176 -4.304451 0.570009 1.646554 -1.000003 0.0 0.0 
0.0 0.0 0.0 0.0 -0.0 0.0 -6.948555 98.743256 1.367061 85.768494 3.651892 91.92804 1.876856 2.705312 0.080104 -10.078091 -0.030824 0.581142 14.26287 1.819463 -1.340805 26.745716 4.69905 2.653899 -2.702465 -0.872567 -2.446845 -38.299637 -0.939003 -3.301483 7e-06 0.0 0.0 0.075068 0.003629 0.01593 0.018702 -0.078241 -0.009317 0.037545 0.085038 0.045016 -124.622406 -65.986069 144.63826 21.502043 -56.250854 -1.471441 31.734552 0.729216 -0.062037 -0.543782 -4.416209 24.901726 17.636625 -26.322731 52.41119 -19.46666 -14.3956 29.410385 0.0 -8.774822 -1e-06 16.295029 -17.671293 5.733634 -0.609777 -1.795653 -3.889329 -4.807091 -11.046811 -2.937848 2e-06 -20.976019 0.0 -5.019974 -25.03356 -4.031881 6e-06 -1e-06 -1e-06 -10.634537 -5.68697 -3.565587 10.573275 -17.922949 -3.113905 0.0 -13.821209 1e-06 -0.501778 -31.181505 -4.027019 -11.149788 -59.770103 7.074021 -13.982718 -7.150199 -2.875041 13.772731 -8.401489 -3.218241 0.347728 -34.211544 0.771656 -0.963029 -17.73337 2.621018 1e-06 -0.0 -2e-06 -17.346426 -20.095221 -4.201779 21.757563 -1.638373 3.866429 0.0 -6.338824 1e-06 -1.697592 -22.591743 -6.194007 0.0 -3e-06 -3e-06 45.033894 -73.995583 153.875992 9.040651 -63.958973 5.01253 33.794865 -0.025152 0.470943 1.687662 -1.556415 16.707747 22.182117 -20.375898 49.933327 -16.701811 -16.74353 28.47653 -2e-06 -12.690602 -1e-06 16.274454 -17.401524 2.415173 -0.105919 -1.513856 -4.275884 -5.039042 -5.612872 -2.953555 4e-06 -11.020525 -4e-06 -6.1113 -15.895334 -3.840469 0.0 -0.0 -0.0 -10.283372 -5.68029 -4.34184 11.028296 -11.302406 -2.372633 -1.384269 -14.238581 -6.320122 -0.625439 -26.924192 -3.827603 -4.09273 -49.775913 -4.026136 -13.708527 -7.363477 -3.720938 18.141153 -14.052739 -3.242677 3e-06 -18.78727 -4e-06 -0.429711 -8.456044 2.555503 -0.0 1e-06 1e-06 -15.923538 -20.094484 -5.473583 30.419218 -7.190825 1.735927 5e-06 -8.162929 1e-06 -1.861903 -22.861469 -6.167942 2e-06 -6e-06 -2e-06 -175.874268 -16.834047 3.066913 15.216446 -0.041628 0.201198 -82.496132 5.722454 -11.463666 -6.328689 1.541641 2.150069 -0.999999 0.0 -0.0 7.985862 10.648356 -4.340569 5.860409 -0.080093 -0.175294 -80.368843 -8.879817 1.741664 -4.265707 0.56262 1.646479 -1.000003 0.0 -0.0 
0.0 0.0 0.0 0.0 -0.0 0.0 -7.012227 98.75544 1.298984 85.687553 3.644136 91.888283 1.909208 2.69877 0.087426 -10.067805 -0.047389 0.537218 14.322882 1.888623 -1.322666 26.881832 4.639422 2.662662 -2.709334 -0.863203 -2.449682 -38.310017 -0.976257 -3.127658 6e-06 0.0 0.0 0.07644 0.000762 0.004977 0.0148 -0.081638 -0.019769 0.034936 0.082512 0.033433 -124.492783 -66.165489 144.480392 22.586098 -56.215076 -1.502295 32.61565 0.747179 -0.04329 -0.683387 -4.299822 25.23613 17.636621 -26.322733 52.411201 -19.466661 -14.395596 29.410393 -1e-06 -8.77482 -2e-06 16.248354 -17.717205 5.771397 -0.609776 -1.795654 -3.889328 -4.807087 -11.046809 -2.93785 6e-06 -20.976017 -0.0 -5.019967 -25.033556 -4.031881 7e-06 1e-06 -0.0 -10.634531 -5.686969 -3.565588 10.573274 -17.922949 -3.113902 3e-06 -13.821206 2e-06 -0.501774 -31.181505 -4.027015 -11.176588 -59.746918 7.096275 -13.982712 -7.150197 -2.875042 13.772728 -8.401493 -3.218243 0.347737 -34.211544 0.771654 -0.963026 -17.73337 2.621019 0.0 0.0 -1e-06 -17.346413 -20.095215 -4.201787 21.757557 -1.638377 3.866427 2e-06 -6.338824 -1e-06 -1.697586 -22.591742 -6.194004 -0.0 -3e-06 -1e-06 44.835724 -74.013054 154.04715 10.039727 -63.97205 4.164557 33.809658 0.060665 0.498255 1.684262 -1.682329 16.775894 22.182112 -20.3759 49.933323 -16.701811 -16.743528 28.47653 -3e-06 -12.6906 -3e-06 16.312584 -17.432503 2.416773 -0.105919 -1.513856 -4.275882 -5.03904 -5.61287 -2.953556 4e-06 -11.020523 -2e-06 -6.111296 -15.89533 -3.840469 1e-06 -1e-06 -1e-06 -10.283367 -5.680287 -4.34184 11.028292 -11.302406 -2.372633 -1.384267 -14.238577 -6.320123 -0.62544 -26.924187 -3.827597 -4.118585 -49.788017 -4.00411 -13.70852 -7.363475 -3.720941 18.141148 -14.052739 -3.242676 5e-06 -18.78727 -2e-06 -0.429713 -8.456041 2.555505 -0.0 0.0 1e-06 -15.923528 -20.094482 -5.473587 30.419205 -7.190826 1.735922 3e-06 -8.162925 1e-06 -1.861899 -22.861469 -6.167943 -1e-06 -3e-06 -2e-06 -175.881546 -16.948694 3.177139 15.145123 -0.033555 0.187824 -82.435158 5.646898 -11.568775 -6.310782 1.541647 2.151813 -1.0 0.0 0.0 7.945701 10.753381 -4.366859 5.845288 -0.079311 -0.176923 -80.22422 -8.76681 1.760538 -4.247148 0.560747 1.647944 -1.000002 0.0 0.0 
0.0 0.0 0.0 0.0 -0.0 0.0 -7.054575 98.766518 1.201001 85.612778 3.602587 91.833511 1.921773 2.666082 0.092239 -10.067656 -0.058803 0.507923 14.404405 1.980677 -1.337689 27.037746 4.595354 2.664522 -2.717406 -0.83655 -2.436274 -38.364918 -1.020621 -2.926913 6e-06 -0.0 0.0 0.074347 -0.000237 0.00134 0.012162 -0.082077 -0.021535 0.03085 0.080996 0.028125 -124.445854 -66.337875 144.336563 23.843012 -56.119034 -1.609062 33.666164 0.714431 -0.042839 -0.801203 -4.197095 25.670162 17.636625 -26.322729 52.411182 -19.466661 -14.395596 29.410381 -2e-06 -8.77482 -3e-06 16.197456 -17.795673 5.802788 -0.609776 -1.795654 -3.889329 -4.807086 -11.046808 -2.937851 5e-06 -20.976015 2e-06 -5.019968 -25.033552 -4.031882 6e-06 2e-06 -0.0 -10.634533 -5.686969 -3.565587 10.573272 -17.922949 -3.113899 5e-06 -13.821209 -1e-06 -0.501776 -31.181498 -4.027015 -11.213428 -59.738735 7.082906 -13.982712 -7.150196 -2.875039 13.772728 -8.401493 -3.218243 0.347737 -34.211544 0.771655 -0.963031 -17.73337 2.621022 3e-06 -1e-06 1e-06 -17.346413 -20.095211 -4.201779 21.757555 -1.638376 3.866426 2e-06 -6.338823 -0.0 -1.697588 -22.591743 -6.194004 -0.0 -2e-06 -1e-06 44.522942 -74.038223 154.288132 11.262617 -63.92057 3.054214 33.87336 0.156856 0.513053 1.717878 -1.738119 16.713705 22.182112 -20.3759 49.933315 -16.701803 -16.74353 28.476528 -2e-06 -12.690598 0.0 16.331783 -17.452021 2.422108 -0.10592 -1.513856 -4.275881 -5.039039 -5.612869 -2.953556 4e-06 -11.02052 -0.0 -6.111296 -15.89533 -3.840472 -0.0 1e-06 -0.0 -10.283369 -5.680287 -4.341836 11.028292 -11.302402 -2.372632 -1.384269 -14.238575 -6.320118 -0.625441 -26.924187 -3.827598 -4.129301 -49.783401 -3.980802 -13.70852 -7.363473 -3.720939 18.141146 -14.052736 -3.242673 5e-06 -18.787266 -1e-06 -0.429712 -8.456043 2.555506 -0.0 1e-06 0.0 -15.923534 -20.094479 -5.473584 30.419205 -7.190824 1.735926 3e-06 -8.162926 1e-06 -1.861904 -22.861467 -6.167938 0.0 -2e-06 -1e-06 -175.925781 -17.034723 3.292012 15.045979 -0.029593 0.170218 -82.390938 5.505307 -11.657425 -6.287119 1.545186 2.153109 -0.999998 0.0 0.0 7.85084 10.846981 -4.395043 5.834239 -0.080641 -0.180547 -80.098923 -8.663035 1.80002 -4.271729 0.564701 1.650048 -1.000001 0.0 -0.0 
0.0 0.0 0.0 0.0 -0.0 0.0 -7.087204 98.774353 1.089386 85.544975 3.531227 91.78421 1.925367 2.613781 0.092815 -10.071075 -0.072938 0.481773 14.490484 2.072001 -1.371193 27.221497 4.607155 2.682646 -2.724104 -0.809696 -2.401261 -38.463955 -1.066253 -2.715534 6e-06 -0.0 0.0 0.071305 -0.001416 -0.004908 0.008541 -0.081379 -0.02574 0.025496 0.078061 0.020309 -124.39679 -66.546318 144.134567 25.239805 -56.021481 -1.869548 34.826481 0.622533 -0.056325 -0.88609 -4.128505 26.090313 17.636627 -26.322741 52.411205 -19.466663 -14.395594 29.410389 -2e-06 -8.774817 -3e-06 16.135405 -17.905779 5.826822 -0.609776 -1.795653 -3.889327 -4.807084 -11.046809 -2.937852 7e-06 -20.976015 1e-06 -5.019966 -25.033548 -4.031878 3e-06 0.0 0.0 -10.63453 -5.686969 -3.565587 10.573272 -17.922955 -3.113901 5e-06 -13.82121 -1e-06 -0.501775 -31.181505 -4.027012 -11.27261 -59.723549 7.055851 -13.982708 -7.150195 -2.875044 13.772726 -8.401492 -3.218243 0.347737 -34.211552 0.771654 -0.963031 -17.73337 2.621024 1e-06 0.0 0.0 -17.346409 -20.095213 -4.201786 21.757553 -1.638376 3.866425 2e-06 -6.338824 0.0 -1.697587 -22.591743 -6.194003 -0.0 -4e-06 -0.0 44.126842 -74.091782 154.608643 12.672362 -63.814266 1.659319 34.025066 0.214265 0.495178 1.796675 -1.775306 16.53631 22.18211 -20.375898 49.933327 -16.701815 -16.743528 28.476536 -4e-06 -12.690599 0.0 16.336073 -17.445646 2.422819 -0.105919 -1.513857 -4.275882 -5.03904 -5.612872 -2.953558 4e-06 -11.020525 -2e-06 -6.111294 -15.895338 -3.840473 0.0 1e-06 -0.0 -10.283369 -5.680288 -4.341837 11.028294 -11.302405 -2.372634 -1.384267 -14.238579 -6.320122 -0.625438 -26.924191 -3.827601 -4.114758 -49.76733 -3.97508 -13.708525 -7.363475 -3.720937 18.14115 -14.052739 -3.242675 5e-06 -18.78727 -2e-06 -0.429712 -8.456041 2.555503 -1e-06 1e-06 0.0 -15.923532 -20.094484 -5.473584 30.419214 -7.190826 1.735922 4e-06 -8.162929 -0.0 -1.861902 -22.861471 -6.167942 1e-06 -5e-06 -1e-06 -175.995453 -17.104479 3.407197 14.909534 -0.029014 0.160931 -82.360306 5.304768 -11.741174 -6.230304 1.55183 2.154924 -0.999999 0.0 0.0 7.704811 10.931766 -4.430873 5.837521 -0.080241 -0.187091 -80.003868 -8.569807 1.845635 -4.303053 0.574553 1.653056 -1.000001 0.0 0.0 
0.0 0.0 0.0 0.0 -0.0 0.0 -7.12511 98.77784 0.977156 85.493149 3.440307 91.772392 1.939877 2.543781 0.085117 -10.081874 -0.090766 0.452312 14.572118 2.139785 -1.40929 27.408575 4.683288 2.708347 -2.726904 -0.798698 -2.340123 -38.548954 -1.1043 -2.537238 6e-06 -0.0 0.0 0.070646 -0.001433 -0.006519 0.007115 -0.081807 -0.025676 0.022292 0.078636 0.017616 -124.321503 -66.820618 143.8862 26.76663 -55.923084 -2.247921 36.07531 0.521385 -0.070288 -0.914767 -4.111691 26.496246 17.636631 -26.322729 52.411186 -19.466665 -14.395598 29.410389 -0.0 -8.774822 -3e-06 16.05341 -18.019142 5.870613 -0.609777 -1.795656 -3.889329 -4.807088 -11.046811 -2.937854 4e-06 -20.976019 -0.0 -5.019971 -25.033558 -4.031879 4e-06 0.0 -0.0 -10.634535 -5.686972 -3.56559 10.573272 -17.922951 -3.113902 3e-06 -13.82121 -2e-06 -0.501775 -31.181501 -4.02702 -11.356442 -59.708416 7.075006 -13.982716 -7.1502 -2.875045 13.772731 -8.401493 -3.218241 0.347735 -34.211555 0.77165 -0.963029 -17.733372 2.621021 -0.0 -0.0 -0.0 -17.34642 -20.095221 -4.201784 21.757563 -1.638374 3.866427 2e-06 -6.338823 -1e-06 -1.697589 -22.591745 -6.194005 -1e-06 -5e-06 -2e-06 43.715225 -74.164581 154.957535 14.224466 -63.69178 -0.044359 34.263977 0.206643 0.446215 1.879662 -1.813472 16.337925 22.182106 -20.375887 49.933308 -16.701809 -16.743528 28.476526 -3e-06 -12.6906 -1e-06 16.314938 -17.423649 2.427171 -0.105918 -1.513855 -4.27588 -5.039041 -5.612872 -2.953556 4e-06 -11.02052 -3e-06 -6.111296 -15.895332 -3.840471 -0.0 -0.0 -1e-06 -10.283365 -5.680287 -4.341838 11.028291 -11.302401 -2.372633 -1.384269 -14.238577 -6.320122 -0.625438 -26.924185 -3.827602 -4.09824 -49.748695 -3.974312 -13.708521 -7.363475 -3.720938 18.141146 -14.052734 -3.242677 5e-06 -18.787266 -3e-06 -0.429711 -8.456043 2.555503 -1e-06 3e-06 2e-06 -15.923532 -20.094479 -5.473583 30.419205 -7.190823 1.735925 5e-06 -8.162925 -1e-06 -1.861902 -22.861465 -6.167943 -1e-06 -3e-06 -2e-06 -176.06279 -17.16123 3.560469 14.693658 -0.02818 0.157875 -82.335754 5.085874 -11.859001 -6.169241 1.567541 2.159531 -0.999999 0.0 -0.0 7.511283 11.003547 -4.510083 5.873763 -0.076294 -0.200308 -79.952553 -8.46237 1.894959 -4.322408 0.580959 1.654315 -1.000002 0.0 -0.0 
0.0 0.0 0.0 0.0 -0.0 0.0 -7.169064 98.781303 0.876239 85.474213 3.345588 91.796921 1.974183 2.45908 0.085755 -10.099 -0.112454 0.425421 14.639011 2.163395 -1.465447 27.589109 4.81038 2.738806 -2.722061 -0.820109 -2.295354 -38.572124 -1.117401 -2.413349 6e-06 -0.0 0.0 0.07308 -0.001263 -0.008486 0.009422 -0.083957 -0.026734 0.022155 0.081401 0.015169 -124.223183 -67.15873 143.643936 28.333588 -55.805046 -2.676245 37.429184 0.464352 -0.048747 -0.869867 -4.158599 26.761143 17.636621 -26.322725 52.411186 -19.466665 -14.395597 29.410385 -1e-06 -8.774821 -2e-06 15.934309 -18.095419 5.929393 -0.609776 -1.795655 -3.889327 -4.807088 -11.046809 -2.93785 5e-06 -20.976013 -2e-06 -5.019967 -25.033554 -4.03188 6e-06 2e-06 1e-06 -10.634532 -5.68697 -3.565589 10.57327 -17.922947 -3.1139 4e-06 -13.821206 -1e-06 -0.501776 -31.181498 -4.027017 -11.402871 -59.663834 7.094123 -13.982712 -7.150196 -2.87504 13.772726 -8.401492 -3.218243 0.347737 -34.211544 0.771652 -0.963027 -17.73337 2.621019 -1e-06 -1e-06 -0.0 -17.346416 -20.095217 -4.20178 21.757557 -1.638375 3.866426 1e-06 -6.338821 1e-06 -1.697588 -22.591742 -6.194004 -0.0 -4e-06 -5e-06 43.354145 -74.238663 155.278336 15.85415 -63.544468 -1.890459 34.571487 0.153855 0.396393 1.938656 -1.857103 16.052099 22.18211 -20.375879 49.9333 -16.701813 -16.743526 28.476526 -3e-06 -12.6906 -3e-06 16.275806 -17.395985 2.436413 -0.105919 -1.513856 -4.275881 -5.039039 -5.61287 -2.953554 5e-06 -11.02052 -4e-06 -6.111293 -15.895329 -3.840471 0.0 0.0 -1e-06 -10.283368 -5.680288 -4.341837 11.028294 -11.302403 -2.372636 -1.38427 -14.238578 -6.32012 -0.625436 -26.924187 -3.827601 -4.09152 -49.723183 -3.969789 -13.708522 -7.363475 -3.720939 18.141148 -14.052739 -3.242678 8e-06 -18.78727 -5e-06 -0.42971 -8.456043 2.555503 -1e-06 2e-06 1e-06 -15.923531 -20.094482 -5.473584 30.419207 -7.190824 1.735925 4e-06 -8.162922 -1e-06 -1.861902 -22.86146 -6.167943 -0.0 -3e-06 -2e-06 -176.098145 -17.184383 3.786053 14.392812 -0.024091 0.154405 -82.292831 4.869459 -12.009002 -6.110192 1.58866 2.166526 -1.0 0.0 -0.0 7.307009 11.042415 -4.674178 5.917351 -0.067437 -0.216103 -79.933846 -8.322248 1.935152 -4.320024 0.582445 1.654206 -1.000001 -0.0 0.0 
0.0 0.0 0.0 0.0 -0.0 0.0 -7.217653 98.782265 0.786316 85.484451 3.248734 91.843254 2.020129 2.375193 0.085599 -10.11307 -0.142358 0.406025 14.689271 2.138849 -1.528895 27.785748 4.955175 2.787473 -2.716481 -0.866337 -2.28282 -38.534325 -1.124956 -2.322368 6e-06 -0.0 0.0 0.077815 -0.00166 -0.014281 0.010104 -0.08709 -0.03206 0.02002 0.084021 0.009032 -124.093353 -67.520683 143.393326 29.855095 -55.643417 -3.076271 38.896553 0.465493 0.014095 -0.724215 -4.239468 26.700853 17.636625 -26.322729 52.411201 -19.46666 -14.395597 29.410395 -1e-06 -8.774821 -3e-06 15.778567 -18.139259 6.001873 -0.609777 -1.795653 -3.889327 -4.807087 -11.046809 -2.93785 5e-06 -20.976015 -4e-06 -5.019969 -25.033556 -4.03188 6e-06 2e-06 -2e-06 -10.634533 -5.686969 -3.565589 10.573276 -17.922951 -3.113901 4e-06 -13.821206 -2e-06 -0.501772 -31.181505 -4.027018 -11.402654 -59.573315 7.092358 -13.982713 -7.150198 -2.875045 13.77273 -8.401492 -3.218241 0.347735 -34.211555 0.771652 -0.963027 -17.733372 2.621022 -1e-06 -1e-06 -0.0 -17.34642 -20.095217 -4.201781 21.757559 -1.638374 3.866426 1e-06 -6.338824 0.0 -1.697592 -22.591745 -6.194006 -0.0 -4e-06 -3e-06 42.992558 -74.343124 155.593246 17.443605 -63.371151 -3.647943 34.942509 0.090997 0.358638 1.987967 -1.908237 15.699161 22.182114 -20.375898 49.933323 -16.701815 -16.743528 28.476534 -4e-06 -12.6906 -0.0 16.230598 -17.363667 2.455178 -0.105918 -1.513855 -4.27588 -5.03904 -5.612871 -2.953558 4e-06 -11.020521 -2e-06 -6.111295 -15.895332 -3.840472 -0.0 2e-06 -1e-06 -10.283369 -5.680287 -4.341838 11.028296 -11.302405 -2.372634 -1.384267 -14.238579 -6.320122 -0.625436 -26.924187 -3.827602 -4.099791 -49.665882 -3.953648 -13.708523 -7.363474 -3.720938 18.14115 -14.052739 -3.242676 7e-06 -18.78727 -3e-06 -0.429713 -8.456043 2.555506 -0.0 2e-06 2e-06 -15.92353 -20.094481 -5.473588 30.419205 -7.190827 1.735925 4e-06 -8.162925 -0.0 -1.861901 -22.861467 -6.167942 0.0 -3e-06 -1e-06 -176.129959 -17.182144 4.020279 14.077052 -0.018368 0.150304 -82.241844 4.684084 -12.168549 -6.04649 1.607607 2.175132 -0.999999 0.0 0.0 7.094072 11.052567 -4.919464 5.978693 -0.053132 -0.233684 -79.955681 -8.138024 1.964072 -4.289683 0.5747 1.651354 -1.000003 -0.0 0.0 
0.0 0.0 0.0 0.0 -0.0 0.0 -7.265195 98.784409 0.692939 85.519157 3.171368 91.872223 2.0802 2.303326 0.074305 -10.10882 -0.175003 0.388798 14.71479 2.059278 -1.566148 28.027029 5.041942 2.84536 -2.717944 -0.903285 -2.295644 -38.467197 -1.119004 -2.247181 6e-06 -0.0 0.0 0.081714 -0.002522 -0.021721 0.004572 -0.090072 -0.03882 0.012775 0.085399 0.000986 -123.979958 -67.842163 143.194489 31.199219 -55.421837 -3.486709 40.372444 0.48874 0.090405 -0.450586 -4.24666 26.299845 17.636633 -26.322737 52.411201 -19.466665 -14.395604 29.410398 -1e-06 -8.774822 -1e-06 15.605744 -18.172924 6.080972 -0.609775 -1.795653 -3.889329 -4.807089 -11.046813 -2.93785 5e-06 -20.976021 -3e-06 -5.019969 -25.033564 -4.031882 8e-06 3e-06 -1e-06 -10.634537 -5.686973 -3.565588 10.573278 -17.922955 -3.113901 2e-06 -13.821211 -2e-06 -0.501775 -31.181511 -4.027018 -11.377564 -59.440762 7.084366 -13.982717 -7.150199 -2.875042 13.772732 -8.401495 -3.218241 0.347738 -34.211559 0.771652 -0.963027 -17.733372 2.621021 -0.0 -1e-06 -0.0 -17.346422 -20.095221 -4.201784 21.757559 -1.638376 3.866426 1e-06 -6.338824 -1e-06 -1.697587 -22.591753 -6.194008 -2e-06 -2e-06 -2e-06 42.694057 -74.516815 155.809662 18.840895 -63.219479 -5.004451 35.363087 0.054713 0.327779 2.061493 -1.935515 15.388183 22.182114 -20.375891 49.933323 -16.701817 -16.74353 28.476536 -3e-06 -12.690601 -1e-06 16.201515 -17.339029 2.481255 -0.105918 -1.513856 -4.275881 -5.039041 -5.612873 -2.953558 3e-06 -11.020526 -3e-06 -6.111297 -15.895338 -3.840472 -0.0 1e-06 -2e-06 -10.283371 -5.680288 -4.341838 11.028296 -11.302406 -2.372636 -1.384268 -14.238583 -6.320121 -0.625436 -26.924194 -3.827603 -4.127791 -49.605572 -3.922616 -13.708528 -7.363478 -3.720936 18.141153 -14.052742 -3.242677 6e-06 -18.787271 -5e-06 -0.429712 -8.456043 2.555504 1e-06 -1e-06 2e-06 -15.923538 -20.094484 -5.473583 30.419218 -7.190827 1.735926 2e-06 -8.162929 -1e-06 -1.861902 -22.861467 -6.167942 -0.0 -3e-06 -4e-06 -176.165695 -17.157467 4.19295 13.821513 -0.0133 0.148466 -82.168785 4.5551 -12.328173 -5.997943 1.619802 2.182241 -1.0 0.0 0.0 6.896867 11.031852 -5.199169 6.064913 -0.03338 -0.244082 -79.99749 -7.931301 1.986978 -4.245923 0.563179 1.648524 -1.000002 0.0 -0.0 
0.0 0.0 0.0 0.0 -0.0 0.0 -7.306081 98.795647 0.577604 85.557365 3.119681 91.866364 2.142707 2.249592 0.065604 -10.095006 -0.20149 0.376723 14.724553 1.943881 -1.576895 28.293062 5.048778 2.895924 -2.719663 -0.92505 -2.305191 -38.395687 -1.086762 -2.203555 6e-06 0.0 -0.0 0.083988 -0.003179 -0.02909 -0.000162 -0.092726 -0.045439 0.010792 0.086381 -0.007132 -123.949654 -68.097473 143.083649 32.271946 -55.16531 -3.897827 41.774952 0.512186 0.160807 -0.117686 -4.161886 25.755323 17.636625 -26.322739 52.411205 -19.466663 -14.395597 29.410395 -1e-06 -8.774821 -2e-06 15.438002 -18.229357 6.167009 -0.609778 -1.795654 -3.889328 -4.807087 -11.046813 -2.937848 6e-06 -20.976017 -1e-06 -5.019974 -25.033558 -4.031876 6e-06 -0.0 -2e-06 -10.634533 -5.68697 -3.565585 10.573276 -17.922951 -3.113901 3e-06 -13.821206 -3e-06 -0.501775 -31.181501 -4.027014 -11.393116 -59.300968 7.105269 -13.982716 -7.150198 -2.87504 13.772731 -8.401493 -3.218242 0.347735 -34.211555 0.771652 -0.963027 -17.73337 2.621022 0.0 2e-06 1e-06 -17.346416 -20.095217 -4.201782 21.757557 -1.638376 3.866425 2e-06 -6.338823 0.0 -1.69759 -22.591742 -6.194005 -1e-06 -4e-06 -1e-06 42.572979 -74.763992 155.802719 19.951508 -63.136959 -5.834667 35.820866 0.068659 0.307542 2.171314 -1.901399 15.143822 22.182116 -20.375891 49.933315 -16.701817 -16.743526 28.47653 -4e-06 -12.6906 -2e-06 16.194971 -17.317888 2.493712 -0.105919 -1.513856 -4.275881 -5.039041 -5.612873 -2.953557 5e-06 -11.020525 -3e-06 -6.111296 -15.895332 -3.840473 -0.0 2e-06 0.0 -10.283369 -5.680288 -4.341839 11.028295 -11.302407 -2.372634 -1.384267 -14.238583 -6.320121 -0.625437 -26.924194 -3.8276 -4.148691 -49.537323 -3.915692 -13.708525 -7.363477 -3.72094 18.14115 -14.052741 -3.242675 8e-06 -18.78727 -4e-06 -0.429709 -8.456046 2.555503 -1e-06 -0.0 0.0 -15.923532 -20.094482 -5.473585 30.41921 -7.190828 1.735925 4e-06 -8.162929 -0.0 -1.861898 -22.861467 -6.167945 -1e-06 -3e-06 -1e-06 -176.21817 -17.130171 4.258518 13.654411 -0.01292 0.146342 -82.046997 4.477988 -12.448565 -5.951435 1.617171 2.183826 -0.999999 0.0 -0.0 6.717717 11.004189 -5.464728 6.172373 -0.022242 -0.242318 -80.002815 -7.737469 2.01414 -4.202242 0.552841 1.646848 -1.000002 0.0 0.0 
0.0 0.0 0.0 0.0 -0.0 0.0 -7.341947 98.810066 0.452376 85.596657 3.104623 91.828865 2.199192 2.204044 0.072198 -10.080942 -0.222712 0.37033 14.747436 1.811631 -1.579569 28.568661 4.995574 2.919854 -2.720941 -0.930652 -2.267484 -38.364037 -1.042011 -2.172045 6e-06 0.0 0.0 0.084078 -0.0026 -0.03107 -0.004031 -0.094378 -0.046426 0.012857 0.088544 -0.010375 -124.015762 -68.292175 143.079453 33.114525 -54.924969 -4.484811 42.925411 0.496135 0.17951 0.208226 -4.027605 25.270308 17.636625 -26.322733 52.411194 -19.466665 -14.395598 29.410389 -1e-06 -8.774822 -2e-06 15.321768 -18.30851 6.251527 -0.609775 -1.795654 -3.889329 -4.80709 -11.046812 -2.937848 7e-06 -20.976019 -3e-06 -5.019971 -25.03356 -4.031878 6e-06 2e-06 1e-06 -10.634536 -5.686973 -3.565587 10.573276 -17.922953 -3.113899 3e-06 -13.821211 -2e-06 -0.501775 -31.181507 -4.027015 -11.469293 -59.200722 7.163945 -13.982712 -7.150197 -2.87504 13.77273 -8.401493 -3.218239 0.347739 -34.211555 0.771652 -0.963027 -17.733372 2.621021 -0.0 0.0 2e-06 -17.346418 -20.095219 -4.20178 21.757557 -1.638376 3.866426 2e-06 -6.338822 -1e-06 -1.69759 -22.591749 -6.194004 -1e-06 -3e-06 -4e-06 42.631927 -75.045044 155.640762 20.937309 -63.116753 -6.432568 36.264839 0.113046 0.281344 2.303666 -1.800955 15.035608 22.182114 -20.375898 49.933323 -16.701811 -16.743528 28.476532 -4e-06 -12.6906 -0.0 16.203474 -17.312357 2.499478 -0.10592 -1.513855 -4.275882 -5.039041 -5.612871 -2.953557 5e-06 -11.020523 -1e-06 -6.111295 -15.89533 -3.840472 -0.0 -0.0 0.0 -10.283367 -5.680287 -4.34184 11.028292 -11.302406 -2.372633 -1.384267 -14.238581 -6.320121 -0.625437 -26.924187 -3.8276 -4.166107 -49.495197 -3.912563 -13.708521 -7.363475 -3.720941 18.141146 -14.052739 -3.242676 8e-06 -18.787268 -2e-06 -0.429713 -8.456043 2.555507 1e-06 -1e-06 0.0 -15.923532 -20.094482 -5.473586 30.41921 -7.190826 1.735924 2e-06 -8.162927 -1e-06 -1.861901 -22.861467 -6.167942 0.0 -7e-06 -1e-06 -176.274841 -17.10321 4.252792 13.590486 -0.012657 0.147591 -81.897224 4.383204 -12.507848 -5.894745 1.608682 2.18259 -1.0 0.0 -0.0 6.583732 10.969551 -5.693417 6.277494 -0.01787 -0.227333 -79.988884 -7.565321 2.07172 -4.165564 0.545912 1.646663 -1.000001 0.0 -0.0 
0.0 0.0 0.0 0.0 -0.0 0.0 -7.375965 98.819092 0.340417 85.618538 3.126445 91.771812 2.254269 2.166872 0.086439 -10.067281 -0.23902 0.368214 14.783108 1.68492 -1.562959 28.837572 4.904857 2.91054 -2.727947 -0.930891 -2.197936 -38.389862 -1.005475 -2.153119 6e-06 0.0 0.0 0.08603 -0.002278 -0.038207 -0.003937 -0.095014 -0.052293 0.018824 0.089124 -0.019074 -124.184616 -68.417709 143.179184 33.720669 -54.703106 -5.1544 43.758598 0.449228 0.156004 0.533919 -3.851422 24.834402 17.636637 -26.322742 52.411201 -19.466652 -14.395597 29.410389 1e-06 -8.774823 -1e-06 15.276195 -18.390917 6.326132 -0.609777 -1.795653 -3.889325 -4.807092 -11.046813 -2.937848 0.0 -20.976021 3e-06 -5.019975 -25.03356 -4.031881 5e-06 1e-06 -0.0 -10.634538 -5.686973 -3.565587 10.57327 -17.922956 -3.113896 -1e-06 -13.821212 -2e-06 -0.501786 -31.181511 -4.027017 -11.578471 -59.1609 7.234688 -13.982718 -7.1502 -2.875041 13.772728 -8.401491 -3.218238 0.347726 -34.211555 0.771659 -0.963033 -17.733372 2.621023 1e-06 1e-06 -0.0 -17.346426 -20.095224 -4.201776 21.757561 -1.638371 3.866428 -1e-06 -6.338824 1e-06 -1.697596 -22.591751 -6.194005 -1e-06 -2e-06 -4e-06 42.844322 -75.311028 155.357361 21.779415 -63.147362 -6.878625 36.690884 0.191728 0.254837 2.460182 -1.690606 14.940385 22.182121 -20.3759 49.933327 -16.701817 -16.743532 28.476532 -2e-06 -12.690603 -1e-06 16.219145 -17.320663 2.508683 -0.10592 -1.513857 -4.275882 -5.039042 -5.612872 -2.953557 4e-06 -11.020525 -2e-06 -6.111299 -15.895334 -3.840471 0.0 0.0 -1e-06 -10.283373 -5.680289 -4.341839 11.028293 -11.302406 -2.372632 -1.384269 -14.23858 -6.320121 -0.62544 -26.924191 -3.827602 -4.193996 -49.495914 -3.897928 -13.708526 -7.363477 -3.72094 18.141148 -14.052739 -3.242673 6e-06 -18.787268 -2e-06 -0.429711 -8.456045 2.555504 -0.0 -1e-06 -1e-06 -15.923538 -20.094484 -5.473584 30.419218 -7.190825 1.735926 2e-06 -8.162927 0.0 -1.861902 -22.861471 -6.167944 0.0 -6e-06 -1e-06 -176.313736 -17.099525 4.178516 13.607418 -0.015835 0.158247 -81.771317 4.289479 -12.515566 -5.837274 1.594807 2.179839 -0.999999 0.0 -0.0 6.501454 10.94971 -5.858022 6.376826 -0.016345 -0.206042 -79.975471 -7.43355 2.173917 -4.116476 0.550855 1.651868 -1.0 -0.0 0.0 
0.0 0.0 0.0 0.0 -0.0 0.0 -7.41224 98.822365 0.263958 85.630821 3.170123 91.710922 2.303868 2.131812 0.09255 -10.054621 -0.248163 0.380601 14.832338 1.562245 -1.526914 29.072273 4.783167 2.898788 -2.733933 -0.93221 -2.189844 -38.461258 -0.990521 -2.168275 6e-06 -0.0 -0.0 0.090323 -0.00116 -0.040877 0.002304 -0.093791 -0.053428 0.028232 0.089554 -0.023318 -124.454178 -68.467178 143.399704 34.115948 -54.500004 -5.839389 44.213085 0.398812 0.127888 0.878027 -3.635061 24.341686 17.636623 -26.322723 52.411194 -19.466667 -14.395598 29.410395 -1e-06 -8.774822 -2e-06 15.279378 -18.450504 6.365984 -0.609774 -1.795653 -3.889329 -4.807087 -11.046811 -2.937851 7e-06 -20.976013 -5e-06 -5.019967 -25.033556 -4.031884 6e-06 2e-06 -0.0 -10.634534 -5.68697 -3.565587 10.573277 -17.922953 -3.113902 4e-06 -13.821206 -5e-06 -0.501774 -31.181507 -4.027019 -11.647703 -59.132542 7.254684 -13.982713 -7.150198 -2.875041 13.77273 -8.401493 -3.218241 0.347741 -34.211555 0.771648 -0.963026 -17.73337 2.621019 1e-06 -0.0 -0.0 -17.346416 -20.095217 -4.201782 21.757561 -1.638375 3.866423 1e-06 -6.338823 0.0 -1.697587 -22.591745 -6.194007 -2e-06 -2e-06 -2e-06 43.126759 -75.527451 155.056778 22.451702 -63.232635 -7.360431 37.080524 0.239124 0.211638 2.656738 -1.620876 14.787806 22.182112 -20.375891 49.933319 -16.701815 -16.743528 28.47653 -3e-06 -12.690601 -1e-06 16.210789 -17.332788 2.524158 -0.105919 -1.513857 -4.275881 -5.039042 -5.612872 -2.953558 4e-06 -11.020523 -3e-06 -6.111296 -15.895334 -3.840469 0.0 1e-06 -1e-06 -10.28337 -5.680288 -4.341838 11.028294 -11.302405 -2.372632 -1.384268 -14.238581 -6.320123 -0.625437 -26.924191 -3.827602 -4.242946 -49.503017 -3.873021 -13.708524 -7.363476 -3.72094 18.141148 -14.052739 -3.242674 7e-06 -18.78727 -1e-06 -0.429711 -8.456047 2.555504 -0.0 -1e-06 -1e-06 -15.923532 -20.094484 -5.473584 30.41921 -7.190826 1.735923 1e-06 -8.162927 -1e-06 -1.861903 -22.861465 -6.167943 0.0 -3e-06 -1e-06 -176.323578 -17.112839 4.063787 13.66683 -0.021307 0.166298 -81.675453 4.240447 -12.487109 -5.808878 1.58373 2.178475 -0.999999 0.0 -0.0 6.465119 10.943826 -5.977588 6.462989 -0.01912 -0.188162 -79.972588 -7.346297 2.293738 -4.076908 0.569748 1.661914 -1.000002 -0.0 0.0 
0.0 0.0 0.0 0.0 -0.0 0.0 -7.45672 98.813988 0.225105 85.632774 3.221194 91.679291 2.339227 2.104386 0.085865 -10.049594 -0.245778 0.415845 14.890446 1.436505 -1.496725 29.247496 4.650218 2.885109 -2.735607 -0.931504 -2.251216 -38.553497 -1.018027 -2.20996 6e-06 -0.0 -0.0 0.093444 0.00054 -0.038175 0.015898 -0.092169 -0.048594 0.043054 0.090889 -0.022477 -124.765007 -68.45623 143.704346 34.305351 -54.326015 -6.419934 44.306801 0.386232 0.129758 1.199092 -3.428472 23.862272 17.636631 -26.322735 52.411205 -19.466658 -14.3956 29.410395 1e-06 -8.774822 -3e-06 15.295944 -18.487404 6.378582 -0.609775 -1.795651 -3.889329 -4.807092 -11.046811 -2.937851 3e-06 -20.976015 -1e-06 -5.019973 -25.033556 -4.031881 8e-06 1e-06 -2e-06 -10.634534 -5.686971 -3.565587 10.573271 -17.922947 -3.113897 2e-06 -13.821205 -3e-06 -0.501779 -31.181498 -4.027017 -11.67629 -59.100254 7.245682 -13.982714 -7.150198 -2.875046 13.772727 -8.40149 -3.218239 0.347734 -34.211544 0.771653 -0.963029 -17.73337 2.62102 1e-06 -0.0 1e-06 -17.346422 -20.095217 -4.201782 21.757557 -1.638373 3.866427 1e-06 -6.338822 0.0 -1.697593 -22.591742 -6.194007 -2e-06 -3e-06 0.0 43.463688 -75.698959 154.760849 22.940577 -63.397579 -7.888384 37.383251 0.24845 0.162368 2.877671 -1.614994 14.496646 22.182108 -20.375893 49.933319 -16.701807 -16.743528 28.47653 -2e-06 -12.690601 1e-06 16.179398 -17.341602 2.547814 -0.10592 -1.513856 -4.275882 -5.03904 -5.612871 -2.953557 4e-06 -11.020523 -2e-06 -6.111297 -15.895332 -3.84047 1e-06 -0.0 -1e-06 -10.28337 -5.680288 -4.341839 11.028291 -11.302402 -2.372631 -1.384267 -14.238579 -6.320122 -0.62544 -26.924183 -3.827602 -4.297766 -49.49564 -3.84282 -13.708524 -7.363475 -3.720939 18.141146 -14.052736 -3.242674 5e-06 -18.787264 -1e-06 -0.429712 -8.456042 2.5555 -1e-06 0.0 -0.0 -15.923536 -20.094482 -5.473584 30.41921 -7.190823 1.735925 2e-06 -8.162928 -2e-06 -1.861905 -22.861465 -6.167944 1e-06 -5e-06 1e-06 -176.312775 -17.150278 3.927074 13.727392 -0.029362 0.177071 -81.640259 4.275059 -12.455569 -5.803549 1.58079 2.180432 -0.999999 0.0 0.0 6.454475 10.959504 -6.093786 6.544142 -0.025994 -0.1818 -80.009605 -7.275024 2.409556 -4.053632 0.594465 1.673933 -1.000002 -1e-06 0.0 
0.0 0.0 0.0 0.0 -0.0 0.0 -7.499454 98.796425 0.209554 85.626564 3.27 91.693489 2.365069 2.090112 0.065683 -10.048912 -0.235673 0.471916 14.93932 1.303465 -1.493919 29.349478 4.525153 2.867287 -2.738957 -0.926299 -2.353422 -38.629063 -1.070807 -2.267465 6e-06 -0.0 0.0 0.091202 0.00347 -0.030189 0.032265 -0.08871 -0.037436 0.059665 0.093004 -0.017135 -125.088852 -68.395317 144.07338 34.235065 -54.170338 -6.830094 44.103493 0.407664 0.149879 1.419551 -3.241712 23.528578 17.636627 -26.322725 52.411201 -19.466663 -14.395598 29.410393 -0.0 -8.774821 -0.0 15.31964 -18.503269 6.36692 -0.609775 -1.795653 -3.88933 -4.807089 -11.046811 -2.937849 7e-06 -20.976015 -4e-06 -5.019968 -25.033554 -4.031879 8e-06 -1e-06 -1e-06 -10.634535 -5.686969 -3.565588 10.573276 -17.922949 -3.113902 5e-06 -13.821205 -4e-06 -0.501775 -31.181498 -4.027016 -11.676668 -59.095692 7.250421 -13.982714 -7.150198 -2.875044 13.77273 -8.401493 -3.218243 0.347737 -34.211552 0.771654 -0.963027 -17.73337 2.621021 1e-06 -1e-06 1e-06 -17.346416 -20.095217 -4.20178 21.757557 -1.638376 3.866424 3e-06 -6.338822 1e-06 -1.697585 -22.591742 -6.194005 -2e-06 -2e-06 -4e-06 43.816086 -75.831009 154.484344 23.216232 -63.647808 -8.385537 37.582458 0.207621 0.10965 3.066167 -1.63943 14.227853 22.182117 -20.375895 49.933323 -16.701817 -16.74353 28.476534 -4e-06 -12.690603 -1e-06 16.157692 -17.362978 2.571045 -0.105919 -1.513856 -4.275881 -5.039042 -5.612873 -2.953557 3e-06 -11.020525 -3e-06 -6.111301 -15.895334 -3.84047 1e-06 -0.0 0.0 -10.283372 -5.680288 -4.341839 11.028294 -11.302406 -2.372634 -1.384269 -14.238584 -6.320123 -0.625439 -26.924196 -3.827602 -4.326609 -49.494122 -3.816387 -13.708527 -7.363475 -3.720937 18.141151 -14.052739 -3.242676 6e-06 -18.78727 0.0 -0.429711 -8.456043 2.555503 -0.0 0.0 0.0 -15.923536 -20.094486 -5.473588 30.419218 -7.190827 1.735927 2e-06 -8.162929 0.0 -1.861902 -22.861471 -6.167941 0.0 -3e-06 -1e-06 -176.323761 -17.199781 3.816417 13.819074 -0.039527 0.188652 -81.663116 4.345987 -12.42215 -5.850434 1.589482 2.185123 -0.999999 0.0 -0.0 6.448841 10.989969 -6.21615 6.625936 -0.028738 -0.188186 -80.080368 -7.205164 2.493447 -4.056088 0.618346 1.683359 -1.000003 -0.0 0.0 
0.0 0.0 0.0 0.0 -0.0 0.0 -7.529071 98.77166 0.206877 85.615173 3.306949 91.73159 2.387576 2.097857 0.049789 -10.056436 -0.225269 0.533841 14.965775 1.149843 -1.52837 29.392971 4.427879 2.861187 -2.740815 -0.916071 -2.491232 -38.700436 -1.1304 -2.314546 5e-06 0.0 -0.0 0.086382 0.006172 -0.025699 0.048841 -0.084514 -0.03028 0.075295 0.094099 -0.015041 -125.306282 -68.293556 144.358749 33.913059 -54.060635 -7.027399 43.661602 0.470607 0.165664 1.487608 -3.103505 23.388012 17.636627 -26.322737 52.411194 -19.46666 -14.395596 29.410389 0.0 -8.774821 -2e-06 15.389375 -18.486977 6.316104 -0.609778 -1.795655 -3.889329 -4.807091 -11.046813 -2.937849 5e-06 -20.976015 -2e-06 -5.01997 -25.033558 -4.031883 6e-06 2e-06 0.0 -10.634535 -5.686971 -3.56559 10.573271 -17.922951 -3.113899 3e-06 -13.821206 -0.0 -0.50178 -31.181505 -4.027015 -11.650667 -59.14444 7.282804 -13.982712 -7.150198 -2.875044 13.772727 -8.401492 -3.21824 0.347735 -34.211555 0.771655 -0.963028 -17.73337 2.621018 1e-06 -2e-06 1e-06 -17.346418 -20.095219 -4.201782 21.757555 -1.638374 3.866424 3e-06 -6.338823 1e-06 -1.697589 -22.591747 -6.194006 -1e-06 -2e-06 -2e-06 44.150814 -75.955177 154.229355 23.271788 -63.9711 -8.665342 37.636951 0.148636 0.05551 3.215085 -1.695783 14.017808 22.182114 -20.375898 49.933319 -16.701807 -16.74353 28.476522 -2e-06 -12.690601 -1e-06 16.150085 -17.397299 2.59177 -0.105919 -1.513855 -4.275881 -5.039042 -5.612871 -2.953556 4e-06 -11.020524 -2e-06 -6.1113 -15.89533 -3.840468 1e-06 -0.0 -1e-06 -10.283371 -5.680288 -4.341837 11.028291 -11.302403 -2.372631 -1.384269 -14.238577 -6.32012 -0.625441 -26.924183 -3.827598 -4.321092 -49.519974 -3.795825 -13.708525 -7.363475 -3.720939 18.141148 -14.052736 -3.242674 5e-06 -18.787266 2e-06 -0.429711 -8.456043 2.555501 0.0 -1e-06 -0.0 -15.923536 -20.094479 -5.473581 30.419207 -7.190823 1.735926 2e-06 -8.162926 0.0 -1.861905 -22.861465 -6.167939 -0.0 -3e-06 1e-06 -176.372787 -17.243822 3.756613 13.958333 -0.050643 0.193942 -81.744865 4.408933 -12.398878 -5.944818 1.59996 2.18742 -0.999999 0.0 0.0 6.438552 11.021441 -6.372588 6.706688 -0.027435 -0.191414 -80.184967 -7.118968 2.531938 -4.07934 0.641915 1.690728 -1.000001 0.0 0.0 
0.0 0.0 0.0 0.0 -0.0 0.0 -7.540854 98.740799 0.212903 85.59803 3.324376 91.771301 2.398772 2.131342 0.046423 -10.069756 -0.213955 0.585005 14.959856 0.974211 -1.570925 29.407749 4.31863 2.857369 -2.74264 -0.905387 -2.621671 -38.761642 -1.163798 -2.361163 7e-06 -0.0 -0.0 0.079004 0.00567 -0.034784 0.064188 -0.082133 -0.036761 0.090468 0.090649 -0.026994 -125.449501 -68.120697 144.554993 33.323879 -53.990608 -6.944849 43.063297 0.580396 0.17856 1.453024 -3.010638 23.371635 17.636623 -26.322733 52.411194 -19.466656 -14.395597 29.410381 -0.0 -8.774821 -1e-06 15.479589 -18.436134 6.246531 -0.609776 -1.795653 -3.889328 -4.807089 -11.046809 -2.937849 5e-06 -20.976006 -2e-06 -5.019969 -25.033548 -4.03188 7e-06 0.0 0.0 -10.634535 -5.68697 -3.565586 10.573271 -17.922945 -3.113899 3e-06 -13.821204 -2e-06 -0.501776 -31.181498 -4.027017 -11.631793 -59.235916 7.353016 -13.982712 -7.150197 -2.875044 13.772726 -8.40149 -3.218241 0.347733 -34.211536 0.771655 -0.963031 -17.733362 2.62102 1e-06 0.0 -0.0 -17.346416 -20.095213 -4.201784 21.757557 -1.638376 3.866427 1e-06 -6.338821 -1e-06 -1.697587 -22.591738 -6.194008 -1e-06 -3e-06 0.0 44.502277 -76.082397 153.966492 23.176332 -64.321251 -8.602337 37.536667 0.138154 0.024692 3.326562 -1.760836 13.791423 22.182121 -20.375898 49.933319 -16.701809 -16.74353 28.47653 -2e-06 -12.690601 -3e-06 16.16256 -17.431141 2.600584 -0.105919 -1.513856 -4.27588 -5.039043 -5.612872 -2.953557 5e-06 -11.020524 -2e-06 -6.111301 -15.895332 -3.84047 0.0 1e-06 -1e-06 -10.28337 -5.680288 -4.341836 11.028292 -11.302406 -2.372633 -1.384268 -14.23858 -6.320122 -0.62544 -26.924187 -3.8276 -4.284955 -49.576302 -3.789561 -13.708526 -7.363477 -3.720939 18.14115 -14.052739 -3.242673 6e-06 -18.787271 1e-06 -0.429712 -8.456045 2.555503 1e-06 -1e-06 -0.0 -15.923538 -20.094482 -5.473583 30.41921 -7.190825 1.735927 1e-06 -8.162929 1e-06 -1.861903 -22.861467 -6.167943 0.0 -3e-06 1e-06 -176.434616 -17.281517 3.72234 14.091404 -0.055558 0.182636 -81.877907 4.453849 -12.380792 -6.033351 1.601028 2.185008 -1.0 -0.0 -0.0 6.415377 11.05361 -6.564469 6.794839 -0.027799 -0.180544 -80.323997 -7.02283 2.533785 -4.09486 0.658707 1.694998 -1.000001 -0.0 -0.0 
0.0 0.0 0.0 0.0 -0.0 0.0 -7.541942 98.698982 0.218512 85.579468 3.335256 91.836159 2.389323 2.17385 0.056861 -10.073536 -0.1995 0.61773 14.936734 0.811963 -1.596579 29.408295 4.177568 2.789536 -2.756555 -0.898874 -2.678546 -38.782333 -1.157254 -2.42723 6e-06 0.0 0.0 0.06679 0.003576 -0.050238 0.068183 -0.082977 -0.051288 0.09844 0.086919 -0.044556 -125.689758 -67.888771 144.851517 32.538048 -53.920132 -6.702805 42.363941 0.698946 0.195443 1.443746 -2.951554 23.413948 17.636635 -26.322731 52.41119 -19.466661 -14.395597 29.410385 -1e-06 -8.774822 -3e-06 15.553608 -18.369217 6.173288 -0.609775 -1.795651 -3.889329 -4.80709 -11.046809 -2.937851 8e-06 -20.976015 -3e-06 -5.019967 -25.033552 -4.031878 6e-06 4e-06 -3e-06 -10.634532 -5.686968 -3.565586 10.573274 -17.922951 -3.113898 4e-06 -13.821206 -2e-06 -0.501775 -31.181505 -4.027017 -11.619944 -59.321163 7.395747 -13.982712 -7.150195 -2.875045 13.772729 -8.401493 -3.218239 0.347743 -34.211552 0.77165 -0.963029 -17.73337 2.621022 2e-06 -0.0 1e-06 -17.346413 -20.095215 -4.201784 21.757557 -1.638378 3.866428 2e-06 -6.338823 1e-06 -1.697587 -22.591743 -6.194005 0.0 -5e-06 -2e-06 44.891277 -76.184082 153.627716 22.803724 -64.647125 -8.017036 37.349579 0.220087 0.030578 3.376057 -1.835972 13.48255 22.182117 -20.375898 49.933319 -16.701811 -16.74353 28.47653 -3e-06 -12.690603 -1e-06 16.178247 -17.476999 2.601096 -0.10592 -1.513856 -4.275881 -5.039042 -5.612871 -2.953556 4e-06 -11.020523 -2e-06 -6.111298 -15.89533 -3.840472 0.0 -0.0 -0.0 -10.283371 -5.680288 -4.34184 11.028294 -11.302406 -2.372632 -1.384267 -14.238583 -6.32012 -0.625439 -26.924187 -3.827598 -4.249939 -49.634693 -3.791271 -13.708526 -7.363474 -3.72094 18.141148 -14.052739 -3.242674 7e-06 -18.78727 3e-06 -0.429711 -8.456045 2.555501 1e-06 -1e-06 1e-06 -15.923539 -20.094482 -5.473586 30.419222 -7.190828 1.735926 1e-06 -8.162929 1e-06 -1.861905 -22.861473 -6.167942 1e-06 -3e-06 -1e-06 -176.48613 -17.30895 3.750387 14.167891 -0.059875 0.158905 -82.064438 4.430249 -12.384951 -6.062441 1.597988 2.179473 -0.999998 0.0 0.0 6.314445 11.08584 -6.798064 7.034618 -0.028683 -0.1573 -80.560486 -6.992901 2.539816 -4.088798 0.670891 1.698197 -1.000002 0.0 0.0 
0.0 0.0 0.0 0.0 -0.0 0.0 -7.556856 98.646698 0.224215 85.543457 3.311004 91.938187 2.333737 2.225364 0.084637 -10.06589 -0.186839 0.660472 14.911727 0.699418 -1.63995 29.387726 4.032514 2.652198 -2.78408 -0.871245 -2.625798 -38.741962 -1.153737 -2.52523 6e-06 0.0 0.0 0.057572 0.000738 -0.073507 0.056719 -0.087283 -0.077444 0.091865 0.085018 -0.066492 -126.156929 -67.625618 145.444 31.622335 -53.77142 -6.512194 41.603863 0.764142 0.224092 1.501835 -2.948136 23.383787 17.636639 -26.322737 52.411205 -19.46666 -14.395598 29.410389 -0.0 -8.774822 -3e-06 15.618301 -18.323895 6.105784 -0.609775 -1.795652 -3.889327 -4.807091 -11.046809 -2.937852 5e-06 -20.976015 2e-06 -5.019968 -25.033556 -4.031882 6e-06 4e-06 -1e-06 -10.634533 -5.686969 -3.565585 10.573275 -17.922949 -3.113899 4e-06 -13.821206 -3e-06 -0.501782 -31.181498 -4.027011 -11.600449 -59.354359 7.359551 -13.982712 -7.150196 -2.875045 13.772727 -8.401492 -3.218238 0.347735 -34.211552 0.771654 -0.963031 -17.73337 2.621021 2e-06 1e-06 1e-06 -17.346416 -20.095215 -4.201782 21.757557 -1.638376 3.866429 2e-06 -6.338824 0.0 -1.697588 -22.591742 -6.194006 -1e-06 -4e-06 -1e-06 45.240025 -76.192459 153.221542 21.959316 -64.91143 -6.926258 37.1035 0.311818 0.056017 3.365334 -1.93628 13.215145 22.182121 -20.375898 49.933331 -16.701817 -16.74353 28.476536 -2e-06 -12.690605 -1e-06 16.19416 -17.575293 2.623155 -0.10592 -1.513856 -4.275883 -5.039042 -5.612873 -2.953558 3e-06 -11.020526 -2e-06 -6.1113 -15.895334 -3.840472 -0.0 1e-06 -1e-06 -10.283373 -5.68029 -4.341839 11.028295 -11.302406 -2.372634 -1.384269 -14.238583 -6.320122 -0.62544 -26.924191 -3.827602 -4.281742 -49.710709 -3.751415 -13.708529 -7.363479 -3.720939 18.141153 -14.05274 -3.242676 4e-06 -18.78727 0.0 -0.42971 -8.456046 2.555504 -1e-06 -1e-06 -1e-06 -15.923539 -20.09449 -5.473584 30.419218 -7.190826 1.735925 1e-06 -8.162929 0.0 -1.861904 -22.861467 -6.167944 1e-06 -5e-06 -2e-06 -176.558823 -17.357212 3.849426 14.176623 -0.071026 0.115601 -82.277702 4.278947 -12.422087 -6.052337 1.593091 2.172371 -0.999999 -0.0 0.0 6.063846 11.136061 -7.043212 7.493394 -0.026295 -0.131875 -80.896553 -7.042634 2.541701 -4.104306 0.676821 1.696793 -1.000001 1e-06 0.0 
