HIERARCHY
ROOT Root
{
  OFFSET 0.0 0.0 0.0
  CHANNELS 6 Xposition Yposition Zposition Zrotation Yrotation Xrotation
  JOINT Hips
  {
    OFFSET 0.0 100.0 0.0
    CHANNELS 6 Xposition Yposition Zposition Zrotation Yrotation Xrotation
    JOINT Spine1
    {
      OFFSET 5.003913 -0.037094 -0.013727
      CHANNELS 3 Zrotation Yrotation Xrotation
      JOINT Spine2
      {
        OFFSET 7.125363 -1e-06 0.0
        CHANNELS 3 Zrotation Yrotation Xrotation
        JOINT Chest
        {
          OFFSET 7.594027 1e-06 0.0
          CHANNELS 3 Zrotation Yrotation Xrotation
          JOINT Neck1
          {
            OFFSET 26.313086 -0.460272 -0.181672
            CHANNELS 3 Zrotation Yrotation Xrotation
            JOINT Neck2
            {
              OFFSET 8.045911 0.0 0.0
              CHANNELS 3 Zrotation Yrotation Xrotation
              JOINT Head
              {
                OFFSET 6.432774 0.0 0.0
                CHANNELS 3 Zrotation Yrotation Xrotation
                JOINT HeadEnd
                {
                  OFFSET 16.169773 0.06451 0.00362
                  CHANNELS 3 Zrotation Yrotation Xrotation
                }
                JOINT Jaw
                {
                  OFFSET 0.108741 3.12938 0.002639
                  CHANNELS 3 Zrotation Yrotation Xrotation
                }
                JOINT LeftEye
                {
                  OFFSET 4.45173 8.166359 3.206392
                  CHANNELS 3 Zrotation Yrotation Xrotation
                }
                JOINT RightEye
                {
                  OFFSET 4.436895 8.135758 -3.222429
                  CHANNELS 3 Zrotation Yrotation Xrotation
                }
              }
            }
          }
          JOINT LeftShoulder
          {
            OFFSET 23.218927 5.195579 1.621656
            CHANNELS 3 Zrotation Yrotation Xrotation
            JOINT LeftArm
            {
              OFFSET 15.902118 2e-06 -2e-06
              CHANNELS 3 Zrotation Yrotation Xrotation
              JOINT LeftForeArm
              {
                OFFSET 28.739307 0.0 -1e-06
                CHANNELS 3 Zrotation Yrotation Xrotation
                JOINT LeftHand
                {
                  OFFSET 27.093981 -4e-06 0.0
                  CHANNELS 3 Zrotation Yrotation Xrotation
                  JOINT LeftHandThumb1
                  {
                    OFFSET 2.276781 3.380274 0.83384
                    CHANNELS 3 Zrotation Yrotation Xrotation
                    JOINT LeftHandThumb2
                    {
                      OFFSET 4.705309 -1e-06 -1e-06
                      CHANNELS 3 Zrotation Yrotation Xrotation
                      JOINT LeftHandThumb3
                      {
                        OFFSET 2.798515 0.0 3e-06
                        CHANNELS 3 Zrotation Yrotation Xrotation
                        JOINT LeftHandThumbEnd
                        {
                          OFFSET 3.180793 4e-06 -4e-06
                          CHANNELS 3 Zrotation Yrotation Xrotation
                        }
                      }
                    }
                  }
                  JOINT LeftHandIndex1
                  {
                    OFFSET 3.247786 2.352677 0.137192
                    CHANNELS 3 Zrotation Yrotation Xrotation
                    JOINT LeftHandIndex2
                    {
                      OFFSET 6.367095 1e-06 0.0
                      CHANNELS 3 Zrotation Yrotation Xrotation
                      JOINT LeftHandIndex3
                      {
                        OFFSET 3.662364 0.0 0.0
                        CHANNELS 3 Zrotation Yrotation Xrotation
                        JOINT LeftHandIndex4
                        {
                          OFFSET 2.329242 4e-06 -4e-06
                          CHANNELS 3 Zrotation Yrotation Xrotation
                          JOINT LeftHandIndexEnd
                          {
                            OFFSET 2.767823 1e-06 0.0
                            CHANNELS 3 Zrotation Yrotation Xrotation
                          }
                        }
                      }
                    }
                  }
                  JOINT LeftHandMiddle1
                  {
                    OFFSET 3.163612 0.945023 -0.406112
                    CHANNELS 3 Zrotation Yrotation Xrotation
                    JOINT LeftHandMiddle2
                    {
                      OFFSET 6.276789 3e-06 0.0
                      CHANNELS 3 Zrotation Yrotation Xrotation
                      JOINT LeftHandMiddle3
                      {
                        OFFSET 4.35652 -1e-06 4e-06
                        CHANNELS 3 Zrotation Yrotation Xrotation
                        JOINT LeftHandMiddle4
                        {
                          OFFSET 2.996877 0.0 8e-06
                          CHANNELS 3 Zrotation Yrotation Xrotation
                          JOINT LeftHandMiddleEnd
                          {
                            OFFSET 2.323256 3e-06 -4e-06
                            CHANNELS 3 Zrotation Yrotation Xrotation
                          }
                        }
                      }
                    }
                  }
                  JOINT LeftHandRing1
                  {
                    OFFSET 2.882606 -0.309162 0.107445
                    CHANNELS 3 Zrotation Yrotation Xrotation
                    JOINT LeftHandRing2
                    {
                      OFFSET 6.033198 0.0 4e-06
                      CHANNELS 3 Zrotation Yrotation Xrotation
                      JOINT LeftHandRing3
                      {
                        OFFSET 4.350578 3e-06 0.0
                        CHANNELS 3 Zrotation Yrotation Xrotation
                        JOINT LeftHandRing4
                        {
                          OFFSET 2.651321 2e-06 -7e-06
                          CHANNELS 3 Zrotation Yrotation Xrotation
                          JOINT LeftHandRingEnd
                          {
                            OFFSET 1.937663 1e-06 -4e-06
                            CHANNELS 3 Zrotation Yrotation Xrotation
                          }
                        }
                      }
                    }
                  }
                  JOINT LeftHandPinky1
                  {
                    OFFSET 2.865315 -1.525436 0.575687
                    CHANNELS 3 Zrotation Yrotation Xrotation
                    JOINT LeftHandPinky2
                    {
                      OFFSET 5.54936 1e-06 -8e-06
                      CHANNELS 3 Zrotation Yrotation Xrotation
                      JOINT LeftHandPinky3
                      {
                        OFFSET 3.070974 0.0 -4e-06
                        CHANNELS 3 Zrotation Yrotation Xrotation
                        JOINT LeftHandPinky4
                        {
                          OFFSET 1.549672 1e-06 0.0
                          CHANNELS 3 Zrotation Yrotation Xrotation
                          JOINT LeftHandPinkyEnd
                          {
                            OFFSET 1.952123 0.0 0.0
                            CHANNELS 3 Zrotation Yrotation Xrotation
                          }
                        }
                      }
                    }
                  }
                }
              }
            }
          }
          JOINT RightShoulder
          {
            OFFSET 23.161716 5.296122 -1.380114
            CHANNELS 3 Zrotation Yrotation Xrotation
            JOINT RightArm
            {
              OFFSET -16.027195 -2e-06 1.1e-05
              CHANNELS 3 Zrotation Yrotation Xrotation
              JOINT RightForeArm
              {
                OFFSET -28.736639 4e-06 2e-06
                CHANNELS 3 Zrotation Yrotation Xrotation
                JOINT RightHand
                {
                  OFFSET -27.133619 6e-06 0.0
                  CHANNELS 3 Zrotation Yrotation Xrotation
                  JOINT RightHandThumb1
                  {
                    OFFSET -2.274328 -3.351035 -0.83067
                    CHANNELS 3 Zrotation Yrotation Xrotation
                    JOINT RightHandThumb2
                    {
                      OFFSET -4.703594 -3e-06 2e-06
                      CHANNELS 3 Zrotation Yrotation Xrotation
                      JOINT RightHandThumb3
                      {
                        OFFSET -2.794935 -4e-06 -3e-06
                        CHANNELS 3 Zrotation Yrotation Xrotation
                        JOINT RightHandThumbEnd
                        {
                          OFFSET -3.183852 4e-06 1e-06
                          CHANNELS 3 Zrotation Yrotation Xrotation
                        }
                      }
                    }
                  }
                  JOINT RightHandIndex1
                  {
                    OFFSET -3.253496 -2.33755 -0.127667
                    CHANNELS 3 Zrotation Yrotation Xrotation
                    JOINT RightHandIndex2
                    {
                      OFFSET -6.344434 0.0 0.0
                      CHANNELS 3 Zrotation Yrotation Xrotation
                      JOINT RightHandIndex3
                      {
                        OFFSET -3.654871 0.0 -8e-06
                        CHANNELS 3 Zrotation Yrotation Xrotation
                        JOINT RightHandIndex4
                        {
                          OFFSET -2.327586 -1e-06 0.0
                          CHANNELS 3 Zrotation Yrotation Xrotation
                          JOINT RightHandIndexEnd
                          {
                            OFFSET -2.770001 3e-06 8e-06
                            CHANNELS 3 Zrotation Yrotation Xrotation
                          }
                        }
                      }
                    }
                  }
                  JOINT RightHandMiddle1
                  {
                    OFFSET -3.168223 -0.944764 0.411762
                    CHANNELS 3 Zrotation Yrotation Xrotation
                    JOINT RightHandMiddle2
                    {
                      OFFSET -6.266691 -1e-06 -4e-06
                      CHANNELS 3 Zrotation Yrotation Xrotation
                      JOINT RightHandMiddle3
                      {
                        OFFSET -4.348901 0.0 0.0
                        CHANNELS 3 Zrotation Yrotation Xrotation
                        JOINT RightHandMiddle4
                        {
                          OFFSET -3.00024 2e-06 -4e-06
                          CHANNELS 3 Zrotation Yrotation Xrotation
                          JOINT RightHandMiddleEnd
                          {
                            OFFSET -2.321477 -4e-06 -4e-06
                            CHANNELS 3 Zrotation Yrotation Xrotation
                          }
                        }
                      }
                    }
                  }
                  JOINT RightHandRing1
                  {
                    OFFSET -2.885654 0.293261 -0.119232
                    CHANNELS 3 Zrotation Yrotation Xrotation
                    JOINT RightHandRing2
                    {
                      OFFSET -6.032835 -1e-06 -4e-06
                      CHANNELS 3 Zrotation Yrotation Xrotation
                      JOINT RightHandRing3
                      {
                        OFFSET -4.33881 0.0 -4e-06
                        CHANNELS 3 Zrotation Yrotation Xrotation
                        JOINT RightHandRing4
                        {
                          OFFSET -2.654903 -4e-06 -4e-06
                          CHANNELS 3 Zrotation Yrotation Xrotation
                          JOINT RightHandRingEnd
                          {
                            OFFSET -1.935122 0.0 4e-06
                            CHANNELS 3 Zrotation Yrotation Xrotation
                          }
                        }
                      }
                    }
                  }
                  JOINT RightHandPinky1
                  {
                    OFFSET -2.866241 1.503904 -0.60527
                    CHANNELS 3 Zrotation Yrotation Xrotation
                    JOINT RightHandPinky2
                    {
                      OFFSET -5.553177 -2e-06 0.0
                      CHANNELS 3 Zrotation Yrotation Xrotation
                      JOINT RightHandPinky3
                      {
                        OFFSET -3.062664 -1e-06 -4e-06
                        CHANNELS 3 Zrotation Yrotation Xrotation
                        JOINT RightHandPinky4
                        {
                          OFFSET -1.546529 2e-06 4e-06
                          CHANNELS 3 Zrotation Yrotation Xrotation
                          JOINT RightHandPinkyEnd
                          {
                            OFFSET -1.952341 0.0 -4e-06
                            CHANNELS 3 Zrotation Yrotation Xrotation
                          }
                        }
                      }
                    }
                  }
                }
              }
            }
          }
        }
      }
    }
    JOINT LeftLeg
    {
      OFFSET -8.443107 2.567604 10.043214
      CHANNELS 3 Zrotation Yrotation Xrotation
      JOINT LeftShin
      {
        OFFSET 43.229198 1e-06 -1e-06
        CHANNELS 3 Zrotation Yrotation Xrotation
        JOINT LeftFoot
        {
          OFFSET 42.298611 1e-06 1e-06
          CHANNELS 3 Zrotation Yrotation Xrotation
          JOINT LeftToeBase
          {
            OFFSET 14.165858 1e-06 0.0
            CHANNELS 3 Zrotation Yrotation Xrotation
            JOINT LeftToeEnd
            {
              OFFSET 6.7141 -0.234461 0.0
              CHANNELS 3 Zrotation Yrotation Xrotation
            }
          }
        }
      }
    }
    JOINT RightLeg
    {
      OFFSET -8.303923 2.592729 -10.047278
      CHANNELS 3 Zrotation Yrotation Xrotation
      JOINT RightShin
      {
        OFFSET -43.369682 0.0 1e-06
        CHANNELS 3 Zrotation Yrotation Xrotation
        JOINT RightFoot
        {
          OFFSET -42.260784 4e-06 2e-06
          CHANNELS 3 Zrotation Yrotation Xrotation
          JOINT RightToeBase
          {
            OFFSET -14.222245 -2e-06 -1e-06
            CHANNELS 3 Zrotation Yrotation Xrotation
            JOINT RightToeEnd
            {
              OFFSET -6.660062 0.232574 -2e-06
              CHANNELS 3 Zrotation Yrotation Xrotation
            }
          }
        }
      }
    }
  }
}
MOTION
Frames: 270
Frame Time: 0.03333333333333333
0.0 0.0 0.0 0.0 -0.0 0.0 -0.955599 99.068016 3.825832 90.232491 1.482663 90.114822 -3.985855 1.305658 0.291798 -12.666002 -0.019067 1.146124 22.848448 -2.259771 -0.664129 24.002487 2.229726 2.294678 -2.698991 -0.880462 -0.168972 -40.678867 -1.395482 -0.244325 6e-06 -0.0 -0.0 0.030503 0.013104 -0.077228 0.051956 -0.024559 -0.090975 0.049068 0.049258 -0.057073 -109.138817 -73.007996 125.290535 30.966208 -64.725258 -2.544946 27.045267 0.258328 0.166007 -0.61316 0.667702 12.80129 17.636631 -26.322729 52.411186 -19.466663 -14.395598 29.410389 -0.0 -8.774822 -1e-06 16.38582 -18.029282 5.973639 -0.609777 -1.795654 -3.889328 -4.80709 -11.046811 -2.937851 4e-06 -20.976019 0.0 -5.019974 -25.033558 -4.031882 5e-06 0.0 2e-06 -10.634535 -5.686972 -3.565588 10.573275 -17.922951 -3.113902 3e-06 -13.821209 2e-06 -0.501777 -31.181505 -4.027016 -10.965271 -59.548054 6.698953 -13.982714 -7.150198 -2.875044 13.772731 -8.401493 -3.218243 0.347732 -34.211552 0.771654 -0.963031 -17.733372 2.62102 0.0 -1e-06 0.0 -17.34642 -20.095221 -4.20178 21.757561 -1.638375 3.866428 2e-06 -6.338825 2e-06 -1.69759 -22.591747 -6.194007 -0.0 -3e-06 -2e-06 59.977291 -74.973076 138.253815 35.424126 -63.759071 -4.988359 30.884409 0.025938 0.088367 2.858717 7.841565 8.590138 22.182117 -20.375896 49.933323 -16.701817 -16.743528 28.476532 -4e-06 -12.690601 -0.0 16.109642 -17.42396 2.652514 -0.105917 -1.513856 -4.27588 -5.039041 -5.612873 -2.953557 6e-06 -11.020526 -1e-06 -6.111297 -15.895334 -3.840472 -0.0 1e-06 0.0 -10.283371 -5.680288 -4.341838 11.028296 -11.302408 -2.372632 -1.384269 -14.238582 -6.320122 -0.625434 -26.9242 -3.827602 -4.286902 -49.717674 -3.399649 -13.708524 -7.363476 -3.72094 18.141148 -14.052742 -3.242674 8e-06 -18.78727 -3e-06 -0.429711 -8.456045 2.555505 -0.0 0.0 1e-06 -15.923536 -20.094484 -5.473586 30.419222 -7.19083 1.735927 1e-06 -8.162929 -2e-06 -1.861899 -22.861479 -6.167946 0.0 -2e-06 -1e-06 -174.064377 -3.872244 -1.400896 10.611506 0.010851 -0.151683 -84.026024 -3.440938 -6.818377 -3.960958 1.38536 2.168507 -0.999999 -0.0 0.0 1.54564 -4.575305 -5.124575 16.580214 -0.050857 0.05528 -84.755783 -5.15943 -7.543458 -3.985556 0.673565 1.685461 -1.000002 -0.0 0.0 
0.0 0.0 0.0 0.0 -0.0 0.0 -0.92992 99.072128 3.884628 90.211998 1.472191 90.178886 -3.99927 1.327143 0.296658 -12.652724 0.016267 1.196751 22.822145 -2.267817 -0.706096 24.067694 2.202976 2.321861 -2.683208 -0.868984 -0.249223 -40.638996 -1.412411 -0.216359 7e-06 0.0 -0.0 0.031083 0.016131 -0.051497 0.068406 -0.026331 -0.063308 0.062425 0.057353 -0.033961 -109.060516 -73.017738 125.223938 30.982897 -64.760406 -2.802979 27.057102 0.18826 0.099984 -0.584039 0.646338 13.033875 17.636627 -26.322733 52.411194 -19.46666 -14.395597 29.410389 -1e-06 -8.774821 -3e-06 16.386333 -18.008827 5.954757 -0.609777 -1.795653 -3.889328 -4.807088 -11.04681 -2.93785 4e-06 -20.976015 1e-06 -5.019969 -25.033556 -4.031883 5e-06 -2e-06 1e-06 -10.634533 -5.68697 -3.565588 10.573272 -17.922951 -3.113901 4e-06 -13.821208 2e-06 -0.501776 -31.181505 -4.027015 -10.937881 -59.497601 6.756989 -13.982714 -7.150198 -2.875041 13.772731 -8.401493 -3.218243 0.347734 -34.211555 0.771654 -0.963029 -17.73337 2.621021 1e-06 2e-06 -2e-06 -17.346416 -20.095217 -4.201783 21.757557 -1.638374 3.866426 2e-06 -6.338824 2e-06 -1.697587 -22.591745 -6.194006 -0.0 -2e-06 -0.0 60.406181 -74.993629 137.840134 35.543587 -63.80418 -5.018281 30.800653 0.042565 0.097574 3.004737 7.827067 8.582191 22.182119 -20.3759 49.933327 -16.701807 -16.743528 28.47653 -3e-06 -12.6906 -2e-06 16.163368 -17.460262 2.64512 -0.10592 -1.513856 -4.275882 -5.039041 -5.612871 -2.953557 5e-06 -11.020521 0.0 -6.111297 -15.89533 -3.84047 -0.0 1e-06 1e-06 -10.283369 -5.680286 -4.341839 11.028291 -11.302404 -2.372631 -1.384269 -14.238578 -6.320122 -0.62544 -26.924187 -3.827599 -4.337511 -49.869034 -3.349499 -13.708526 -7.363475 -3.720941 18.141148 -14.052739 -3.242672 7e-06 -18.787266 -0.0 -0.429712 -8.456043 2.555504 1e-06 -0.0 2e-06 -15.923532 -20.094479 -5.473586 30.41921 -7.190825 1.735926 1e-06 -8.162926 0.0 -1.861902 -22.861465 -6.167939 2e-06 -4e-06 -2e-06 -173.995865 -3.88945 -1.477903 10.506309 0.008806 -0.100831 -84.017731 -3.325934 -6.888324 -3.93043 1.409395 2.183709 -0.999998 -0.0 -0.0 1.669971 -4.538537 -5.044895 16.404444 -0.054762 0.051584 -84.707527 -5.276237 -7.535548 -3.982978 0.654545 1.682942 -1.000002 -0.0 -0.0 
0.0 0.0 0.0 0.0 -0.0 0.0 -0.918877 99.063942 3.943245 90.208435 1.472385 90.2332 -4.010305 1.344474 0.29381 -12.662045 0.036803 1.217366 22.85169 -2.277627 -0.715525 24.121819 2.174403 2.33634 -2.708987 -0.850867 -0.304074 -40.573444 -1.441833 -0.195131 5e-06 -0.0 -0.0 0.030759 0.017401 -0.045995 0.061433 -0.032252 -0.056794 0.058899 0.065552 -0.030455 -109.029907 -73.041817 125.161446 30.883875 -64.811661 -2.935374 27.102936 0.11268 0.035296 -0.636369 0.65114 13.171274 17.636627 -26.322725 52.411186 -19.466663 -14.395596 29.410389 -1e-06 -8.774821 -2e-06 16.408241 -18.041889 5.944573 -0.609776 -1.795654 -3.889325 -4.807087 -11.04681 -2.93785 4e-06 -20.976015 0.0 -5.019969 -25.033552 -4.031882 6e-06 -1e-06 1e-06 -10.634533 -5.68697 -3.565585 10.573274 -17.922951 -3.113901 3e-06 -13.821206 -0.0 -0.501777 -31.181501 -4.027016 -10.940706 -59.47224 6.76114 -13.982712 -7.150198 -2.87504 13.772729 -8.401491 -3.218241 0.347735 -34.211544 0.771652 -0.963028 -17.73337 2.62102 0.0 -1e-06 0.0 -17.346418 -20.095219 -4.201779 21.757557 -1.638374 3.866426 2e-06 -6.338825 3e-06 -1.69759 -22.591743 -6.194005 0.0 -4e-06 -3e-06 60.625622 -75.001305 137.636124 35.572525 -63.817524 -4.987561 30.765207 0.043922 0.089969 3.120585 7.842137 8.540719 22.182117 -20.375895 49.933319 -16.701818 -16.743532 28.47653 -3e-06 -12.690603 -1e-06 16.195898 -17.477871 2.659825 -0.10592 -1.513857 -4.275882 -5.039042 -5.612873 -2.953557 5e-06 -11.020526 -0.0 -6.111298 -15.895334 -3.840472 -1e-06 1e-06 -1e-06 -10.283371 -5.680289 -4.341839 11.028296 -11.302407 -2.372633 -1.384269 -14.238583 -6.320124 -0.625434 -26.924198 -3.827605 -4.378887 -49.963856 -3.318802 -13.708526 -7.363478 -3.720938 18.141153 -14.052741 -3.242678 9e-06 -18.787271 -2e-06 -0.429711 -8.456045 2.555501 1e-06 -0.0 1e-06 -15.923536 -20.094486 -5.473585 30.419222 -7.190829 1.735925 2e-06 -8.162927 -1e-06 -1.8619 -22.861473 -6.167948 1e-06 -3e-06 -4e-06 -173.979065 -3.89511 -1.498232 10.535976 0.00342 -0.075075 -84.066536 -3.26475 -6.909423 -3.856526 1.412751 2.190668 -0.999998 0.0 0.0 1.735413 -4.526368 -5.007268 16.372377 -0.056704 0.047514 -84.731728 -5.374868 -7.545406 -3.932202 0.649542 1.683358 -1.000002 -1e-06 0.0 
0.0 0.0 0.0 0.0 -0.0 0.0 -0.916976 99.055649 3.995508 90.214653 1.474136 90.281799 -4.013895 1.347077 0.285191 -12.672777 0.051927 1.223139 22.88809 -2.282252 -0.714135 24.169046 2.128872 2.34012 -2.7387 -0.825568 -0.313675 -40.572281 -1.474244 -0.177644 7e-06 -0.0 0.0 0.030318 0.017189 -0.049453 0.0497 -0.036848 -0.059576 0.049977 0.069495 -0.035322 -109.071396 -73.052567 125.190773 30.873346 -64.812576 -3.003469 27.130188 0.065071 -0.002435 -0.710577 0.708257 13.249267 17.636625 -26.322737 52.411198 -19.466661 -14.395597 29.410389 -0.0 -8.774821 -3e-06 16.415136 -18.058641 5.94506 -0.609777 -1.795654 -3.889327 -4.807088 -11.046813 -2.937849 4e-06 -20.976021 1e-06 -5.019972 -25.03356 -4.03188 8e-06 -3e-06 -0.0 -10.634535 -5.686971 -3.565587 10.573275 -17.922951 -3.113899 3e-06 -13.82121 1e-06 -0.501778 -31.181505 -4.027014 -10.955051 -59.463211 6.764515 -13.982713 -7.150198 -2.875042 13.77273 -8.401493 -3.218243 0.347732 -34.211555 0.771655 -0.963029 -17.733368 2.621021 0.0 -1e-06 0.0 -17.346416 -20.095215 -4.201779 21.757557 -1.638375 3.866426 2e-06 -6.338824 3e-06 -1.69759 -22.591743 -6.194005 1e-06 -3e-06 -3e-06 60.695938 -75.010704 137.582153 35.573784 -63.827332 -4.955845 30.785334 0.057089 0.081069 3.179976 7.787155 8.461863 22.182114 -20.375895 49.933319 -16.701811 -16.74353 28.476532 -3e-06 -12.690601 -1e-06 16.218077 -17.478189 2.670283 -0.105918 -1.513855 -4.275883 -5.03904 -5.612872 -2.953556 6e-06 -11.020525 -2e-06 -6.111297 -15.895334 -3.840472 0.0 1e-06 1e-06 -10.283371 -5.680289 -4.341838 11.028293 -11.302405 -2.372636 -1.384268 -14.23858 -6.320124 -0.625435 -26.924189 -3.827603 -4.411218 -49.979782 -3.293148 -13.708526 -7.363479 -3.72094 18.141148 -14.052741 -3.242675 8e-06 -18.787271 -2e-06 -0.429712 -8.456047 2.555505 1e-06 -0.0 1e-06 -15.923536 -20.094486 -5.473588 30.41921 -7.190827 1.735925 1e-06 -8.162927 -0.0 -1.861897 -22.861469 -6.167946 0.0 -3e-06 -2e-06 -173.954819 -3.89358 -1.524369 10.543307 -0.003429 -0.06952 -84.098686 -3.208716 -6.903114 -3.794353 1.401741 2.190336 -0.999998 -0.0 0.0 1.78324 -4.527909 -5.015399 16.37048 -0.05786 0.034654 -84.767563 -5.425869 -7.554193 -3.882286 0.644464 1.682927 -0.999999 -0.0 0.0 
0.0 0.0 0.0 0.0 -0.0 0.0 -0.918641 99.04718 4.05256 90.222977 1.468694 90.344566 -4.018614 1.34791 0.285037 -12.683203 0.05934 1.216815 22.929005 -2.289815 -0.719863 24.182161 2.093321 2.332459 -2.746845 -0.792285 -0.287619 -40.659065 -1.493509 -0.158382 6e-06 0.0 0.0 0.033652 0.019081 -0.045429 0.049187 -0.035244 -0.05545 0.049402 0.071611 -0.031956 -109.060532 -73.061745 125.193268 31.026432 -64.806534 -3.189071 27.104597 0.045266 -0.013125 -0.775191 0.752619 13.304625 17.636625 -26.322731 52.41119 -19.46666 -14.395596 29.410393 -1e-06 -8.774819 -2e-06 16.39979 -18.052311 5.959846 -0.609776 -1.795653 -3.889328 -4.807087 -11.046809 -2.937849 5e-06 -20.976013 0.0 -5.019969 -25.033552 -4.031883 7e-06 1e-06 0.0 -10.634531 -5.686969 -3.565589 10.573272 -17.922949 -3.113901 3e-06 -13.821205 2e-06 -0.501777 -31.181498 -4.027013 -10.980326 -59.462574 6.78383 -13.982711 -7.150196 -2.875043 13.772727 -8.401492 -3.218241 0.347733 -34.211544 0.771656 -0.963031 -17.73337 2.621021 0.0 0.0 0.0 -17.346413 -20.095213 -4.201786 21.757555 -1.638376 3.866428 2e-06 -6.338825 2e-06 -1.69759 -22.59174 -6.194003 1e-06 -2e-06 -3e-06 60.745499 -75.017029 137.549377 35.604145 -63.860882 -4.95804 30.819334 0.087974 0.081156 3.21686 7.689907 8.300699 22.182108 -20.375893 49.933319 -16.701809 -16.743528 28.476528 -2e-06 -12.6906 -2e-06 16.232016 -17.487425 2.677394 -0.105918 -1.513855 -4.275881 -5.039041 -5.612872 -2.953557 5e-06 -11.02052 -2e-06 -6.111297 -15.89533 -3.84047 0.0 -1e-06 -1e-06 -10.28337 -5.680288 -4.341839 11.028292 -11.302403 -2.372632 -1.38427 -14.238577 -6.320119 -0.625439 -26.924187 -3.827601 -4.435962 -49.963066 -3.289346 -13.708522 -7.363475 -3.720938 18.141146 -14.052739 -3.242672 6e-06 -18.78727 -1e-06 -0.42971 -8.456044 2.555502 0.0 -0.0 2e-06 -15.923532 -20.094481 -5.473585 30.419207 -7.190823 1.735929 1e-06 -8.162925 -2e-06 -1.8619 -22.861467 -6.167944 -0.0 -2e-06 -1e-06 -173.937286 -3.890991 -1.519685 10.546158 -0.010404 -0.077523 -84.129395 -3.162553 -6.891496 -3.739824 1.388148 2.186762 -0.999998 -0.0 -0.0 1.829747 -4.536644 -5.084245 16.368946 -0.057401 0.028564 -84.809074 -5.439883 -7.582497 -3.82266 0.642873 1.684284 -1.000001 -0.0 -0.0 
0.0 0.0 0.0 0.0 -0.0 0.0 -0.91295 99.035599 4.109074 90.222839 1.457065 90.387917 -4.02024 1.353392 0.29719 -12.69312 0.065306 1.204599 22.963688 -2.299122 -0.738974 24.180908 2.064254 2.319863 -2.748398 -0.76376 -0.218653 -40.766842 -1.496581 -0.119381 6e-06 -0.0 0.0 0.038275 0.019991 -0.043178 0.052209 -0.032609 -0.053914 0.051024 0.070931 -0.029181 -109.034874 -73.054314 125.168098 31.201828 -64.814537 -3.369529 27.034054 0.074266 -0.005664 -0.828848 0.719853 13.377988 17.636625 -26.322729 52.411194 -19.466656 -14.395594 29.410389 -1e-06 -8.774819 -1e-06 16.381828 -18.041264 5.978714 -0.609776 -1.795653 -3.889329 -4.807087 -11.046811 -2.93785 4e-06 -20.976015 1e-06 -5.019969 -25.033556 -4.03188 5e-06 -1e-06 1e-06 -10.634532 -5.686971 -3.565589 10.573274 -17.922949 -3.113901 3e-06 -13.821206 1e-06 -0.501775 -31.181505 -4.027018 -11.028518 -59.47681 6.834207 -13.982712 -7.150198 -2.875045 13.772727 -8.401491 -3.218242 0.347732 -34.211544 0.771655 -0.96303 -17.73337 2.62102 0.0 0.0 -1e-06 -17.346413 -20.095213 -4.201784 21.757555 -1.638375 3.866427 2e-06 -6.338822 3e-06 -1.69759 -22.591734 -6.194004 -1e-06 -1e-06 -3e-06 60.733959 -75.019936 137.593872 35.643204 -63.88905 -5.008708 30.875515 0.115545 0.086038 3.220764 7.604269 8.117156 22.182114 -20.375895 49.933315 -16.701807 -16.743528 28.476524 -2e-06 -12.6906 -2e-06 16.249947 -17.509855 2.6779 -0.10592 -1.513856 -4.27588 -5.03904 -5.61287 -2.953558 5e-06 -11.020519 0.0 -6.111297 -15.895328 -3.84047 -0.0 1e-06 0.0 -10.283369 -5.680287 -4.341836 11.02829 -11.302402 -2.37263 -1.384268 -14.238577 -6.32012 -0.625439 -26.924185 -3.8276 -4.433586 -49.944408 -3.31272 -13.708523 -7.363474 -3.720938 18.141146 -14.052736 -3.242671 5e-06 -18.787262 1e-06 -0.429712 -8.456041 2.555504 -1e-06 1e-06 1e-06 -15.923536 -20.094477 -5.473582 30.41921 -7.190824 1.735928 1e-06 -8.162925 0.0 -1.861902 -22.861464 -6.167942 0.0 -3e-06 -2e-06 -173.962631 -3.893719 -1.501368 10.633006 -0.013472 -0.090126 -84.200027 -3.128936 -6.875393 -3.689782 1.381769 2.185216 -0.999999 -0.0 -0.0 1.855068 -4.549207 -5.175936 16.389471 -0.05516 0.031873 -84.859642 -5.41471 -7.609163 -3.784949 0.640692 1.685513 -1.000001 -0.0 -0.0 
0.0 0.0 0.0 0.0 -0.0 0.0 -0.901819 99.022636 4.155624 90.22451 1.450776 90.422836 -4.014698 1.361673 0.305771 -12.697757 0.073131 1.199177 22.992159 -2.313459 -0.751189 24.17359 2.039664 2.300822 -2.753827 -0.74457 -0.151938 -40.909977 -1.47341 -0.063612 6e-06 0.0 0.0 0.039141 0.019274 -0.04565 0.049182 -0.032848 -0.056966 0.048555 0.06975 -0.031121 -109.060936 -73.050224 125.174339 31.331072 -64.834007 -3.497145 26.964165 0.130574 0.009793 -0.867286 0.660727 13.425262 17.636629 -26.322737 52.411205 -19.466663 -14.395598 29.410395 -1e-06 -8.774821 -1e-06 16.378735 -18.030107 5.982241 -0.609775 -1.795653 -3.889328 -4.807087 -11.046811 -2.937851 6e-06 -20.976015 1e-06 -5.019967 -25.033554 -4.031881 5e-06 -2e-06 1e-06 -10.634533 -5.686969 -3.565588 10.573275 -17.922951 -3.113901 3e-06 -13.821206 2e-06 -0.501777 -31.181505 -4.027014 -11.053645 -59.495914 6.861015 -13.982712 -7.150198 -2.875042 13.77273 -8.401493 -3.218241 0.347735 -34.211555 0.771653 -0.963028 -17.733372 2.621021 -0.0 -1e-06 0.0 -17.346416 -20.095217 -4.201782 21.757557 -1.638375 3.866427 2e-06 -6.338825 3e-06 -1.697588 -22.591747 -6.194007 0.0 -3e-06 -4e-06 60.650467 -75.015312 137.699722 35.631245 -63.933182 -5.015366 30.92816 0.1492 0.094579 3.196866 7.537858 7.891467 22.182112 -20.375891 49.933319 -16.701818 -16.74353 28.476534 -3e-06 -12.690601 -1e-06 16.250107 -17.519424 2.674613 -0.105919 -1.513855 -4.27588 -5.039041 -5.612873 -2.953558 5e-06 -11.020523 -3e-06 -6.111297 -15.895332 -3.840471 -0.0 -0.0 1e-06 -10.283372 -5.680289 -4.341837 11.028295 -11.302406 -2.372633 -1.384267 -14.238583 -6.320124 -0.625435 -26.924194 -3.827603 -4.433554 -49.914421 -3.33327 -13.708526 -7.363476 -3.720938 18.141148 -14.052739 -3.242675 9e-06 -18.78727 -3e-06 -0.429709 -8.456045 2.555503 0.0 -0.0 2e-06 -15.923536 -20.094484 -5.473588 30.419214 -7.190827 1.735924 2e-06 -8.162927 -1e-06 -1.861901 -22.861469 -6.167943 1e-06 -4e-06 -3e-06 -174.005615 -3.892366 -1.485852 10.759912 -0.015494 -0.10006 -84.282784 -3.109034 -6.874921 -3.665013 1.380574 2.185453 -0.999999 -0.0 -0.0 1.866499 -4.572867 -5.282881 16.434513 -0.051588 0.040946 -84.915817 -5.368129 -7.613889 -3.794511 0.637918 1.684314 -1.000002 -1e-06 -0.0 
0.0 0.0 0.0 0.0 -0.0 0.0 -0.880646 99.010529 4.196677 90.22451 1.445594 90.470695 -4.005584 1.37452 0.310457 -12.695331 0.079865 1.206467 23.012897 -2.322521 -0.764948 24.164749 2.033646 2.301086 -2.753614 -0.738822 -0.125559 -41.067177 -1.464003 -0.009135 6e-06 0.0 0.0 0.038809 0.016411 -0.052907 0.046662 -0.03576 -0.064306 0.046396 0.066941 -0.038243 -109.141647 -73.057518 125.231339 31.427511 -64.844315 -3.659811 26.932018 0.17335 0.016839 -0.882046 0.643809 13.379144 17.636625 -26.322727 52.411182 -19.466648 -14.395596 29.410385 -0.0 -8.774819 -3e-06 16.354603 -18.012241 5.980358 -0.609776 -1.795653 -3.889326 -4.807088 -11.046807 -2.937849 3e-06 -20.976009 3e-06 -5.019971 -25.033545 -4.031881 6e-06 -1e-06 0.0 -10.634531 -5.68697 -3.565585 10.573272 -17.922945 -3.113901 1e-06 -13.821205 3e-06 -0.50178 -31.181494 -4.027014 -11.047596 -59.473465 6.842204 -13.982711 -7.150197 -2.875039 13.772726 -8.401489 -3.218241 0.347732 -34.21154 0.771655 -0.96303 -17.733364 2.62102 -0.0 -1e-06 -1e-06 -17.346415 -20.095211 -4.201781 21.757555 -1.638375 3.866428 2e-06 -6.338823 4e-06 -1.69759 -22.591734 -6.194002 1e-06 -3e-06 -3e-06 60.505901 -75.025681 137.874969 35.63224 -63.985355 -5.076194 30.920925 0.164261 0.099858 3.155096 7.459364 7.690594 22.182114 -20.375898 49.933311 -16.701807 -16.743525 28.476528 -3e-06 -12.690598 -1e-06 16.255142 -17.505936 2.660347 -0.105922 -1.513856 -4.275882 -5.039041 -5.612871 -2.953556 3e-06 -11.02052 -2e-06 -6.111296 -15.89533 -3.84047 -0.0 -1e-06 0.0 -10.283367 -5.680286 -4.341837 11.02829 -11.302403 -2.372633 -1.384267 -14.238579 -6.32012 -0.625438 -26.924187 -3.8276 -4.426643 -49.879902 -3.360662 -13.708522 -7.363474 -3.72094 18.141144 -14.052739 -3.242672 7e-06 -18.787266 -1e-06 -0.42971 -8.456047 2.555503 -2e-06 1e-06 1e-06 -15.923532 -20.094479 -5.473586 30.419201 -7.190823 1.735928 1e-06 -8.162927 0.0 -1.861903 -22.861467 -6.16794 2e-06 -4e-06 -1e-06 -174.064011 -3.890199 -1.46553 10.91014 -0.016364 -0.103675 -84.368591 -3.111199 -6.891572 -3.637826 1.381893 2.186278 -0.999999 0.0 -0.0 1.884852 -4.601289 -5.403193 16.465548 -0.04716 0.050173 -84.962059 -5.313434 -7.589821 -3.824722 0.634161 1.681502 -1.000003 -0.0 0.0 
0.0 0.0 0.0 0.0 -0.0 0.0 -0.852669 99.003586 4.230184 90.219597 1.441532 90.54097 -3.993087 1.382773 0.308508 -12.691221 0.081632 1.215068 23.031612 -2.319098 -0.775137 24.148439 2.04615 2.320201 -2.749006 -0.737844 -0.121886 -41.210609 -1.485309 0.015355 7e-06 0.0 0.0 0.039706 0.013899 -0.05837 0.050266 -0.038349 -0.068763 0.047185 0.064699 -0.044588 -109.210915 -73.072472 125.279266 31.516832 -64.854263 -3.879361 26.948238 0.196876 0.012255 -0.854737 0.654678 13.275069 17.636625 -26.322729 52.411194 -19.466661 -14.395597 29.410389 -1e-06 -8.77482 -2e-06 16.300783 -18.005442 5.994215 -0.609776 -1.795653 -3.889326 -4.807087 -11.046811 -2.937849 5e-06 -20.976015 1e-06 -5.019969 -25.033556 -4.031881 6e-06 -0.0 1e-06 -10.634533 -5.68697 -3.565587 10.573275 -17.922951 -3.113901 3e-06 -13.821209 3e-06 -0.501777 -31.181505 -4.027013 -11.036593 -59.433212 6.821565 -13.982712 -7.150197 -2.875044 13.772728 -8.401493 -3.21824 0.347737 -34.211555 0.771652 -0.963028 -17.733372 2.621021 -1e-06 -1e-06 -1e-06 -17.346413 -20.095217 -4.20178 21.757555 -1.638375 3.866427 2e-06 -6.338823 1e-06 -1.697588 -22.59174 -6.194004 -0.0 -3e-06 -3e-06 60.352413 -75.049706 138.075607 35.71262 -64.020714 -5.21384 30.820341 0.156612 0.097417 3.101965 7.341045 7.537744 22.182119 -20.375895 49.933319 -16.701813 -16.74353 28.47653 -3e-06 -12.690601 -2e-06 16.26112 -17.485819 2.646653 -0.105919 -1.513856 -4.275878 -5.039041 -5.612872 -2.953558 4e-06 -11.020523 -4e-06 -6.111296 -15.89533 -3.840471 0.0 -1e-06 -2e-06 -10.28337 -5.680287 -4.341839 11.028294 -11.302406 -2.372634 -1.384268 -14.238579 -6.320121 -0.625437 -26.924192 -3.8276 -4.422129 -49.851528 -3.392141 -13.708526 -7.363476 -3.720942 18.141151 -14.052741 -3.242674 9e-06 -18.78727 -2e-06 -0.429711 -8.456045 2.555506 0.0 1e-06 -0.0 -15.923536 -20.094482 -5.473587 30.419218 -7.190827 1.735926 2e-06 -8.162929 -0.0 -1.861901 -22.861467 -6.167941 1e-06 -2e-06 -2e-06 -174.115479 -3.890939 -1.440427 11.029264 -0.015735 -0.100462 -84.432785 -3.109217 -6.910289 -3.608565 1.381247 2.188011 -1.0 0.0 0.0 1.930642 -4.619445 -5.505149 16.439573 -0.043642 0.0555 -84.977539 -5.272582 -7.574778 -3.846452 0.629072 1.679305 -1.000004 0.0 -0.0 
0.0 0.0 0.0 0.0 -0.0 0.0 -0.823196 99.003342 4.255353 90.214142 1.442116 90.620491 -3.972163 1.386564 0.29957 -12.683481 0.076784 1.210732 23.039814 -2.309163 -0.774407 24.135675 2.061348 2.337834 -2.74166 -0.735678 -0.118481 -41.336029 -1.519389 0.030618 5e-06 -0.0 0.0 0.039047 0.012449 -0.061614 0.057825 -0.037822 -0.070362 0.050081 0.061623 -0.049476 -109.209648 -73.091705 125.270996 31.629766 -64.882103 -4.11841 26.978783 0.21698 0.002755 -0.804087 0.658374 13.135939 17.636627 -26.322737 52.411205 -19.46666 -14.395598 29.410395 -0.0 -8.774821 -2e-06 16.25037 -18.01683 6.015913 -0.609777 -1.795653 -3.889329 -4.807088 -11.046809 -2.93785 3e-06 -20.976013 1e-06 -5.019969 -25.033552 -4.031883 5e-06 -2e-06 -0.0 -10.634533 -5.686971 -3.565589 10.573272 -17.922947 -3.1139 1e-06 -13.821206 3e-06 -0.50178 -31.181498 -4.027015 -11.03176 -59.408295 6.823975 -13.982713 -7.150199 -2.875045 13.772727 -8.401491 -3.21824 0.347733 -34.211544 0.771655 -0.963031 -17.73337 2.621022 0.0 -1e-06 0.0 -17.346416 -20.095217 -4.201784 21.757555 -1.638374 3.866427 1e-06 -6.338823 3e-06 -1.697591 -22.591743 -6.194005 0.0 -2e-06 -3e-06 60.266045 -75.086487 138.20813 35.827473 -64.042793 -5.298144 30.669155 0.149691 0.088191 3.034884 7.179155 7.403306 22.182108 -20.375891 49.933319 -16.701809 -16.743528 28.476528 -2e-06 -12.6906 -2e-06 16.266041 -17.461733 2.636262 -0.105921 -1.513857 -4.275881 -5.039039 -5.61287 -2.953557 4e-06 -11.02052 -3e-06 -6.111295 -15.895328 -3.840472 0.0 -0.0 -1e-06 -10.283369 -5.680288 -4.341837 11.028292 -11.302402 -2.372633 -1.384268 -14.238575 -6.32012 -0.625438 -26.924183 -3.827601 -4.413477 -49.821468 -3.426008 -13.708522 -7.363475 -3.720937 18.141146 -14.052738 -3.242676 7e-06 -18.787264 -2e-06 -0.429711 -8.456041 2.555504 -1e-06 1e-06 -0.0 -15.923532 -20.094481 -5.473585 30.419207 -7.190823 1.735927 0.0 -8.162925 -1e-06 -1.861903 -22.861464 -6.167943 1e-06 -2e-06 -2e-06 -174.128113 -3.889123 -1.421328 11.060977 -0.015669 -0.097193 -84.453201 -3.094829 -6.908974 -3.584167 1.377756 2.190459 -0.999998 -0.0 -0.0 2.005665 -4.631626 -5.600817 16.355062 -0.041403 0.058126 -84.95887 -5.239097 -7.581377 -3.82797 0.623576 1.678419 -1.000002 0.0 -0.0 
0.0 0.0 0.0 0.0 -0.0 0.0 -0.785107 99.007355 4.269506 90.208908 1.45163 90.698723 -3.947078 1.392105 0.292852 -12.679965 0.068541 1.201505 23.05603 -2.301002 -0.769824 24.144835 2.076301 2.337408 -2.735933 -0.750282 -0.093301 -41.452583 -1.556274 0.042016 6e-06 -0.0 0.0 0.037659 0.012084 -0.062827 0.063655 -0.037712 -0.071299 0.051861 0.061055 -0.051071 -109.114685 -73.114113 125.202576 31.800035 -64.903091 -4.317583 27.03281 0.240828 0.002166 -0.768804 0.611088 13.053869 17.636627 -26.322725 52.411182 -19.46666 -14.395598 29.410385 -0.0 -8.774822 -3e-06 16.236334 -18.029682 6.026689 -0.609775 -1.795654 -3.889328 -4.807089 -11.046813 -2.93785 4e-06 -20.976019 0.0 -5.019971 -25.03356 -4.031882 5e-06 -1e-06 1e-06 -10.634533 -5.68697 -3.565585 10.573274 -17.922951 -3.113901 2e-06 -13.821209 1e-06 -0.501777 -31.181505 -4.027016 -11.024179 -59.408386 6.846427 -13.982714 -7.150198 -2.87504 13.77273 -8.401491 -3.21824 0.347735 -34.211552 0.771651 -0.963028 -17.733372 2.621019 -0.0 -1e-06 0.0 -17.34642 -20.095219 -4.201778 21.757559 -1.638374 3.866426 2e-06 -6.338825 2e-06 -1.69759 -22.591742 -6.194005 -1e-06 -1e-06 -2e-06 60.251789 -75.121368 138.255508 35.935791 -64.073837 -5.340219 30.510855 0.142773 0.076795 2.958107 6.982422 7.285557 22.182106 -20.375887 49.933308 -16.701811 -16.743526 28.476524 -3e-06 -12.690598 -1e-06 16.263248 -17.440357 2.63665 -0.105919 -1.513856 -4.275878 -5.039041 -5.61287 -2.953556 5e-06 -11.020523 -3e-06 -6.111294 -15.89533 -3.840472 0.0 1e-06 -1e-06 -10.283369 -5.680287 -4.341835 11.028292 -11.302404 -2.372633 -1.384268 -14.238577 -6.320118 -0.625436 -26.924187 -3.827601 -4.405645 -49.803307 -3.442036 -13.708521 -7.363473 -3.720938 18.141146 -14.052738 -3.242675 8e-06 -18.787268 -1e-06 -0.429711 -8.456042 2.555502 -0.0 -0.0 1e-06 -15.923531 -20.094481 -5.473584 30.419207 -7.190826 1.735924 3e-06 -8.162927 -2e-06 -1.8619 -22.861467 -6.167942 1e-06 -2e-06 -1e-06 -174.118378 -3.883234 -1.441524 11.05101 -0.016597 -0.088107 -84.448524 -3.059254 -6.893475 -3.564968 1.376389 2.191921 -0.999999 -0.0 0.0 2.09982 -4.647231 -5.710608 16.235081 -0.044263 0.059256 -84.912819 -5.200304 -7.592382 -3.788587 0.621626 1.678872 -1.000002 -0.0 0.0 
0.0 0.0 0.0 0.0 -0.0 0.0 -0.745185 99.01152 4.273718 90.211647 1.464108 90.765434 -3.925623 1.399036 0.29804 -12.676682 0.059968 1.193112 23.072931 -2.301052 -0.766065 24.190212 2.087852 2.333848 -2.73015 -0.766419 -0.070792 -41.547405 -1.58606 0.079522 5e-06 -0.0 0.0 0.038522 0.012861 -0.060815 0.070679 -0.038595 -0.070335 0.057028 0.063575 -0.048136 -108.986084 -73.152344 125.11927 31.948685 -64.924835 -4.428638 27.106445 0.258831 0.006137 -0.731911 0.529798 12.981058 17.636627 -26.322727 52.411182 -19.46666 -14.395596 29.410385 -1e-06 -8.774821 -2e-06 16.236809 -18.032143 6.029235 -0.609775 -1.795653 -3.889328 -4.807087 -11.046809 -2.93785 6e-06 -20.976015 1e-06 -5.019967 -25.033556 -4.031879 5e-06 -1e-06 0.0 -10.634531 -5.68697 -3.565589 10.573272 -17.922951 -3.113901 3e-06 -13.821205 2e-06 -0.501775 -31.181498 -4.027016 -11.026057 -59.417847 6.873824 -13.982712 -7.150198 -2.875041 13.772731 -8.401492 -3.218241 0.347737 -34.211555 0.771653 -0.963025 -17.733372 2.621018 0.0 -1e-06 0.0 -17.346415 -20.095217 -4.201784 21.757555 -1.638375 3.866428 2e-06 -6.338825 2e-06 -1.697588 -22.591747 -6.194005 0.0 -2e-06 -4e-06 60.299656 -75.142197 138.221878 35.998074 -64.123009 -5.300753 30.391907 0.1489 0.06825 2.879675 6.81039 7.180665 22.182116 -20.375879 49.933292 -16.701817 -16.74353 28.476519 -2e-06 -12.690601 -1e-06 16.251701 -17.4249 2.635971 -0.105919 -1.513857 -4.275881 -5.039042 -5.612871 -2.953555 3e-06 -11.020523 -3e-06 -6.1113 -15.89533 -3.840471 0.0 -0.0 -1e-06 -10.283371 -5.680288 -4.341836 11.028294 -11.302402 -2.372634 -1.384269 -14.238579 -6.320119 -0.625438 -26.924187 -3.827603 -4.389027 -49.773998 -3.460316 -13.708525 -7.363476 -3.720936 18.14115 -14.052738 -3.242676 8e-06 -18.787266 -4e-06 -0.42971 -8.45604 2.555502 0.0 1e-06 2e-06 -15.923536 -20.094482 -5.473582 30.419214 -7.190824 1.735927 1e-06 -8.162926 -1e-06 -1.861903 -22.861467 -6.167942 1e-06 -2e-06 -2e-06 -174.107025 -3.86493 -1.443241 11.035682 -0.015759 -0.081243 -84.437515 -3.035877 -6.871428 -3.562823 1.377415 2.192372 -0.999997 -0.0 0.0 2.176691 -4.674889 -5.81352 16.139433 -0.046894 0.057079 -84.869621 -5.165988 -7.606941 -3.765538 0.61985 1.679676 -1.000002 -0.0 0.0 
0.0 0.0 0.0 0.0 -0.0 0.0 -0.706353 99.014221 4.273378 90.218727 1.479619 90.815491 -3.91206 1.403396 0.311858 -12.668188 0.056092 1.188896 23.091362 -2.298665 -0.764829 24.275906 2.082983 2.339051 -2.730302 -0.775317 -0.055801 -41.624733 -1.5937 0.114194 7e-06 0.0 0.0 0.039242 0.011887 -0.064069 0.072925 -0.041219 -0.074504 0.060551 0.064161 -0.050171 -108.880318 -73.199333 125.068665 32.025936 -64.942909 -4.408593 27.203106 0.287019 0.013869 -0.711286 0.429915 12.940032 17.636623 -26.322731 52.411194 -19.466656 -14.395597 29.410385 -0.0 -8.774819 -3e-06 16.241812 -18.035851 6.030149 -0.609778 -1.795654 -3.889328 -4.80709 -11.046811 -2.937849 3e-06 -20.976017 1e-06 -5.019974 -25.03356 -4.03188 7e-06 -0.0 0.0 -10.634533 -5.686971 -3.565588 10.573272 -17.922947 -3.1139 1e-06 -13.821205 1e-06 -0.501778 -31.181498 -4.027013 -11.030346 -59.433193 6.881675 -13.982712 -7.150198 -2.875042 13.772727 -8.40149 -3.218241 0.347734 -34.211544 0.771652 -0.963029 -17.73337 2.621019 -0.0 -1e-06 -1e-06 -17.346416 -20.095217 -4.201783 21.757555 -1.638374 3.866427 1e-06 -6.338823 2e-06 -1.697591 -22.591743 -6.194005 0.0 -2e-06 -3e-06 60.38937 -75.145729 138.129822 35.999069 -64.177193 -5.187016 30.341791 0.16516 0.061156 2.805705 6.690197 7.120411 22.182114 -20.375895 49.933319 -16.701811 -16.74353 28.476528 -2e-06 -12.690601 -2e-06 16.240826 -17.42062 2.632808 -0.10592 -1.513856 -4.275883 -5.039042 -5.612871 -2.953554 4e-06 -11.020523 -3e-06 -6.111297 -15.89533 -3.840473 -0.0 -0.0 0.0 -10.283373 -5.680289 -4.341839 11.028293 -11.302404 -2.372631 -1.384268 -14.23858 -6.320122 -0.625438 -26.924191 -3.827602 -4.380769 -49.745293 -3.469664 -13.708525 -7.363476 -3.720941 18.141148 -14.052737 -3.242673 7e-06 -18.787266 -1e-06 -0.429711 -8.456043 2.555503 0.0 -0.0 -0.0 -15.923536 -20.094482 -5.473584 30.419214 -7.190825 1.735927 2e-06 -8.162927 -0.0 -1.861903 -22.861464 -6.167942 1e-06 -2e-06 -3e-06 -174.095932 -3.840487 -1.440388 11.029159 -0.013588 -0.076563 -84.431152 -3.014922 -6.847341 -3.588473 1.380078 2.192848 -0.999998 -0.0 0.0 2.235766 -4.706551 -5.895808 16.07403 -0.051964 0.05277 -84.838028 -5.128109 -7.61003 -3.776292 0.620441 1.68052 -1.000004 -1e-06 -0.0 
0.0 0.0 0.0 0.0 -0.0 0.0 -0.666931 99.015633 4.276128 90.234978 1.498084 90.846497 -3.906196 1.401919 0.32184 -12.665155 0.059405 1.197484 23.1278 -2.300555 -0.758457 24.364803 2.064401 2.344715 -2.733395 -0.77777 -0.030543 -41.642193 -1.586996 0.131673 7e-06 0.0 0.0 0.037615 0.011541 -0.06508 0.071623 -0.043648 -0.075434 0.061085 0.065836 -0.050445 -108.813721 -73.242172 125.035713 31.988115 -64.954613 -4.24511 27.312109 0.311679 0.016571 -0.689651 0.325669 12.928934 17.636625 -26.322735 52.411201 -19.46666 -14.395596 29.410393 -1e-06 -8.774819 -3e-06 16.248659 -18.046192 6.035073 -0.609776 -1.795654 -3.889328 -4.807088 -11.046809 -2.937848 5e-06 -20.976015 1e-06 -5.019969 -25.033552 -4.03188 6e-06 -2e-06 -1e-06 -10.634533 -5.68697 -3.565587 10.573272 -17.922947 -3.113901 2e-06 -13.821205 4e-06 -0.501777 -31.181498 -4.027014 -11.051366 -59.46867 6.889782 -13.982712 -7.150197 -2.875043 13.772727 -8.401492 -3.21824 0.347735 -34.211544 0.771656 -0.96303 -17.73337 2.621021 -0.0 0.0 -1e-06 -17.346413 -20.095213 -4.201782 21.757555 -1.638375 3.866426 2e-06 -6.338823 2e-06 -1.697589 -22.59174 -6.194005 0.0 -3e-06 -3e-06 60.487392 -75.14257 138.041901 36.015205 -64.212135 -5.090582 30.332027 0.178691 0.049909 2.739439 6.61894 7.127145 22.182117 -20.375898 49.933319 -16.701809 -16.74353 28.476528 -3e-06 -12.690602 -0.0 16.222109 -17.417265 2.633652 -0.10592 -1.513857 -4.275882 -5.039041 -5.61287 -2.953556 4e-06 -11.020523 -3e-06 -6.111297 -15.89533 -3.84047 -1e-06 -0.0 -1e-06 -10.283369 -5.680287 -4.341841 11.028293 -11.302406 -2.372632 -1.384268 -14.238579 -6.32012 -0.625439 -26.924189 -3.827599 -4.381805 -49.70694 -3.468104 -13.708525 -7.363476 -3.72094 18.141148 -14.052739 -3.242673 7e-06 -18.787268 1e-06 -0.429711 -8.456043 2.555504 0.0 1e-06 1e-06 -15.923532 -20.094482 -5.473588 30.41921 -7.190827 1.735926 1e-06 -8.162927 -0.0 -1.861903 -22.861467 -6.167941 -1e-06 -3e-06 -1e-06 -174.062988 -3.803275 -1.460287 10.993491 -0.011803 -0.078632 -84.417915 -2.974826 -6.806764 -3.616018 1.381829 2.193969 -0.999999 -0.0 -0.0 2.284272 -4.75004 -5.963701 16.034094 -0.058656 0.050697 -84.819519 -5.086801 -7.61164 -3.814826 0.624544 1.681696 -1.000003 -0.0 -0.0 
0.0 0.0 0.0 0.0 -0.0 0.0 -0.631566 99.014923 4.27342 90.25618 1.516915 90.872894 -3.907346 1.395316 0.322812 -12.667582 0.065316 1.207684 23.173986 -2.30715 -0.753446 24.443773 2.045906 2.340179 -2.731229 -0.779612 0.009478 -41.605682 -1.575777 0.16308 8e-06 0.0 -0.0 0.034839 0.012472 -0.064547 0.074963 -0.044219 -0.073702 0.064606 0.068402 -0.050293 -108.752182 -73.278488 124.98024 31.885281 -64.981117 -4.053184 27.398754 0.304289 0.013696 -0.668255 0.250821 12.96699 17.636625 -26.322725 52.411182 -19.466661 -14.395597 29.410389 -1e-06 -8.774821 -4e-06 16.258305 -18.058912 6.035624 -0.609776 -1.795654 -3.889325 -4.807087 -11.046809 -2.937851 6e-06 -20.976015 -1e-06 -5.019966 -25.033554 -4.031882 5e-06 -2e-06 0.0 -10.634533 -5.68697 -3.565585 10.573274 -17.922951 -3.113904 3e-06 -13.821209 1e-06 -0.501776 -31.181505 -4.027014 -11.056978 -59.4995 6.889623 -13.982711 -7.150197 -2.875041 13.772727 -8.401491 -3.21824 0.347736 -34.211544 0.771652 -0.963028 -17.73337 2.621019 -0.0 -0.0 -1e-06 -17.346413 -20.095215 -4.201782 21.757555 -1.638376 3.866425 2e-06 -6.338823 2e-06 -1.697588 -22.591742 -6.194005 -0.0 -0.0 -3e-06 60.559532 -75.137459 137.980743 36.033318 -64.223495 -5.03625 30.366222 0.157088 0.032901 2.682234 6.589672 7.276735 22.182114 -20.375896 49.933319 -16.701815 -16.743528 28.476534 -4e-06 -12.6906 0.0 16.208584 -17.422649 2.632176 -0.10592 -1.513856 -4.275882 -5.039042 -5.612872 -2.953556 5e-06 -11.020525 -3e-06 -6.111297 -15.895334 -3.840469 0.0 1e-06 -1e-06 -10.283369 -5.680288 -4.341839 11.028294 -11.302405 -2.372635 -1.384267 -14.238581 -6.32012 -0.625436 -26.924191 -3.8276 -4.381001 -49.685772 -3.466043 -13.708522 -7.363475 -3.720941 18.14115 -14.052742 -3.242676 9e-06 -18.78727 -3e-06 -0.429711 -8.456046 2.555502 1e-06 -0.0 2e-06 -15.923532 -20.094482 -5.473584 30.41921 -7.190827 1.735924 1e-06 -8.162927 1e-06 -1.861901 -22.861467 -6.167943 1e-06 -3e-06 -2e-06 -174.045868 -3.76459 -1.487356 10.986604 -0.009732 -0.084244 -84.415581 -2.915449 -6.762048 -3.624627 1.38588 2.195247 -0.999999 0.0 -0.0 2.310238 -4.8019 -6.036788 16.033037 -0.061472 0.053092 -84.815651 -5.055837 -7.627836 -3.848397 0.630978 1.682885 -1.000003 0.0 -0.0 
0.0 0.0 0.0 0.0 -0.0 0.0 -0.597568 99.012947 4.266737 90.275528 1.541234 90.889076 -3.900393 1.387863 0.316524 -12.668214 0.071814 1.208877 23.213562 -2.31356 -0.746756 24.539238 2.025652 2.344384 -2.724232 -0.778757 0.028305 -41.58725 -1.563951 0.209888 6e-06 -0.0 0.0 0.03191 0.014983 -0.059265 0.081194 -0.040647 -0.067339 0.069654 0.070141 -0.045583 -108.670052 -73.304153 124.909843 31.844326 -65.020256 -3.923193 27.413298 0.297441 0.01426 -0.623223 0.20812 13.016735 17.636631 -26.322729 52.411186 -19.466663 -14.395597 29.410389 -1e-06 -8.774821 -2e-06 16.270113 -18.064379 6.027618 -0.609776 -1.795653 -3.889326 -4.807088 -11.04681 -2.937851 5e-06 -20.976019 1e-06 -5.019969 -25.03356 -4.031883 6e-06 -3e-06 1e-06 -10.634533 -5.68697 -3.565587 10.573275 -17.922951 -3.113902 3e-06 -13.82121 2e-06 -0.501775 -31.181505 -4.027016 -11.015781 -59.500423 6.860429 -13.982714 -7.150197 -2.875041 13.77273 -8.401493 -3.21824 0.347736 -34.211552 0.771652 -0.963029 -17.73337 2.621021 1e-06 -1e-06 -1e-06 -17.34642 -20.095217 -4.201782 21.757557 -1.638375 3.866427 2e-06 -6.338825 2e-06 -1.69759 -22.591742 -6.194005 0.0 -4e-06 -5e-06 60.635502 -75.12188 137.933075 36.106682 -64.199081 -5.045777 30.426804 0.118619 0.019007 2.604656 6.593814 7.412414 22.182116 -20.375891 49.933315 -16.701813 -16.74353 28.476532 -3e-06 -12.690603 -1e-06 16.202494 -17.431007 2.626543 -0.105919 -1.513857 -4.275881 -5.039041 -5.612871 -2.953556 5e-06 -11.020525 -2e-06 -6.111296 -15.895334 -3.840472 0.0 1e-06 0.0 -10.283371 -5.680288 -4.34184 11.028295 -11.302404 -2.372633 -1.384268 -14.238579 -6.32012 -0.625439 -26.924187 -3.8276 -4.375476 -49.680973 -3.468904 -13.708524 -7.363476 -3.72094 18.141148 -14.052739 -3.242674 8e-06 -18.78727 -3e-06 -0.42971 -8.456044 2.555504 0.0 -1e-06 1e-06 -15.923538 -20.094482 -5.473583 30.419218 -7.190826 1.735925 2e-06 -8.162929 -1e-06 -1.8619 -22.861471 -6.167946 -0.0 -1e-06 -1e-06 -174.034683 -3.727264 -1.495896 11.003353 -0.006325 -0.09374 -84.422218 -2.876601 -6.718579 -3.631878 1.385821 2.194378 -0.999999 -0.0 -0.0 2.330797 -4.858148 -6.123498 16.047159 -0.058132 0.051499 -84.819336 -4.979793 -7.654487 -3.860395 0.639425 1.684965 -1.000002 -1e-06 0.0 
0.0 0.0 0.0 0.0 -0.0 0.0 -0.565746 99.009865 4.252607 90.291527 1.559887 90.900124 -3.894411 1.386084 0.313156 -12.669543 0.07501 1.209321 23.244341 -2.317472 -0.748968 24.643465 2.006073 2.355129 -2.717694 -0.781112 0.028742 -41.567669 -1.544812 0.259095 6e-06 0.0 0.0 0.031908 0.017076 -0.053859 0.088851 -0.03736 -0.060926 0.076966 0.071204 -0.041118 -108.616287 -73.308006 124.868866 31.82008 -65.057663 -3.834514 27.373943 0.293626 0.018816 -0.56717 0.175027 13.090606 17.636623 -26.322737 52.411209 -19.46666 -14.395598 29.410395 -1e-06 -8.774821 -2e-06 16.28624 -18.060465 6.012485 -0.609776 -1.795654 -3.889327 -4.807088 -11.046811 -2.93785 5e-06 -20.976019 -0.0 -5.019969 -25.03356 -4.031881 5e-06 -1e-06 1e-06 -10.634535 -5.686971 -3.565588 10.573274 -17.922951 -3.113902 2e-06 -13.821209 2e-06 -0.501779 -31.181505 -4.027013 -10.963932 -59.486557 6.811114 -13.982714 -7.150198 -2.875045 13.772728 -8.401493 -3.21824 0.347733 -34.211552 0.771654 -0.96303 -17.733372 2.621021 -1e-06 0.0 -1e-06 -17.346415 -20.095217 -4.20178 21.757557 -1.638375 3.866428 1e-06 -6.338824 3e-06 -1.697588 -22.591742 -6.194004 0.0 -3e-06 -4e-06 60.718006 -75.100159 137.893539 36.232655 -64.154335 -5.116449 30.497232 0.084085 0.013805 2.519589 6.598294 7.512616 22.182117 -20.37591 49.933342 -16.701815 -16.743528 28.47654 -3e-06 -12.690601 -0.0 16.197411 -17.433802 2.619841 -0.105919 -1.513856 -4.275883 -5.039042 -5.612872 -2.95356 4e-06 -11.020525 -1e-06 -6.111297 -15.895334 -3.840471 0.0 1e-06 0.0 -10.283371 -5.680287 -4.34184 11.028296 -11.302407 -2.372632 -1.384269 -14.238581 -6.320122 -0.625437 -26.924194 -3.827601 -4.373503 -49.665565 -3.476111 -13.708526 -7.363475 -3.720942 18.14115 -14.052742 -3.242673 8e-06 -18.787271 -0.0 -0.429713 -8.456043 2.555506 1e-06 1e-06 1e-06 -15.923534 -20.094482 -5.473588 30.419214 -7.190828 1.735929 2e-06 -8.162927 0.0 -1.861905 -22.861469 -6.16794 1e-06 -2e-06 -2e-06 -174.057343 -3.694669 -1.488779 11.07062 -0.002303 -0.105373 -84.445877 -2.856501 -6.684619 -3.629401 1.388822 2.195278 -0.999999 -0.0 -0.0 2.328171 -4.912108 -6.209424 16.08392 -0.053628 0.049637 -84.83078 -4.885751 -7.685526 -3.86088 0.642101 1.685368 -1.000002 0.0 0.0 
0.0 0.0 0.0 0.0 -0.0 0.0 -0.533174 99.004021 4.230521 90.306534 1.565572 90.907166 -3.894928 1.387373 0.312315 -12.671628 0.076655 1.20888 23.266268 -2.326008 -0.743812 24.747906 1.975228 2.36751 -2.717785 -0.78139 0.040873 -41.517651 -1.515053 0.288647 7e-06 0.0 0.0 0.034338 0.018801 -0.048361 0.094964 -0.035266 -0.054691 0.084486 0.07258 -0.03637 -108.58934 -73.291412 124.853043 31.802402 -65.097679 -3.816213 27.299637 0.292233 0.023789 -0.537099 0.146701 13.213733 17.636627 -26.322733 52.411194 -19.466665 -14.395597 29.410393 -1e-06 -8.774822 -3e-06 16.293289 -18.046566 6.010131 -0.609776 -1.795654 -3.889328 -4.80709 -11.046811 -2.937852 4e-06 -20.976021 0.0 -5.019973 -25.03356 -4.031879 7e-06 -0.0 -0.0 -10.634535 -5.686973 -3.565588 10.573276 -17.922956 -3.113902 3e-06 -13.821213 2e-06 -0.501776 -31.181511 -4.027017 -10.963303 -59.493763 6.80018 -13.982714 -7.150199 -2.875042 13.772731 -8.401495 -3.218241 0.347736 -34.211559 0.771653 -0.963028 -17.733379 2.621021 0.0 -1e-06 -1e-06 -17.346416 -20.095221 -4.201784 21.757557 -1.638376 3.866426 2e-06 -6.338825 1e-06 -1.697588 -22.591749 -6.194006 -0.0 -2e-06 -3e-06 60.794735 -75.080597 137.868835 36.394714 -64.111023 -5.3062 30.559082 0.042486 0.016226 2.46657 6.614513 7.623009 22.182121 -20.375898 49.933319 -16.701817 -16.74353 28.476532 -3e-06 -12.690603 -1e-06 16.188047 -17.431458 2.620561 -0.105919 -1.513858 -4.275881 -5.039042 -5.612873 -2.953558 4e-06 -11.020527 -2e-06 -6.1113 -15.895336 -3.84047 0.0 1e-06 0.0 -10.283371 -5.680289 -4.341837 11.028294 -11.302406 -2.372633 -1.384268 -14.238583 -6.320122 -0.625439 -26.924196 -3.827601 -4.373908 -49.649662 -3.482511 -13.708526 -7.363477 -3.720938 18.141151 -14.05274 -3.242674 6e-06 -18.787271 -2e-06 -0.429713 -8.456045 2.555503 0.0 2e-06 1e-06 -15.923539 -20.094484 -5.473583 30.419222 -7.190827 1.735927 2e-06 -8.162928 -1e-06 -1.861903 -22.861473 -6.167941 -0.0 -3e-06 -2e-06 -174.138916 -3.665512 -1.475817 11.22438 0.003286 -0.116575 -84.50132 -2.837962 -6.657985 -3.637484 1.38896 2.194702 -0.999999 0.0 0.0 2.282921 -4.966177 -6.276736 16.166149 -0.050399 0.049874 -84.857285 -4.812267 -7.727391 -3.843135 0.639691 1.685298 -1.000002 -0.0 0.0 
0.0 0.0 0.0 0.0 -0.0 0.0 -0.503193 99.001648 4.201657 90.327293 1.564636 90.910095 -3.899788 1.383422 0.308991 -12.670465 0.077276 1.211826 23.287891 -2.340824 -0.73707 24.862686 1.935507 2.371958 -2.719224 -0.777154 0.064365 -41.4552 -1.468824 0.311389 6e-06 0.0 -0.0 0.036493 0.018924 -0.049408 0.093432 -0.035154 -0.055926 0.085052 0.072707 -0.037022 -108.576706 -73.26799 124.850136 31.788992 -65.131508 -3.829672 27.238274 0.292199 0.031437 -0.523881 0.131761 13.3357 17.636627 -26.322729 52.411186 -19.466663 -14.395598 29.410389 0.0 -8.774822 -3e-06 16.290451 -18.036436 6.023143 -0.609777 -1.795654 -3.889328 -4.80709 -11.04681 -2.93785 3e-06 -20.976017 0.0 -5.019971 -25.033548 -4.031882 8e-06 -0.0 0.0 -10.634535 -5.686972 -3.565588 10.573274 -17.922951 -3.113903 2e-06 -13.821209 3e-06 -0.501778 -31.181507 -4.027017 -10.988292 -59.509785 6.82449 -13.982714 -7.150198 -2.875041 13.772729 -8.401491 -3.218242 0.347733 -34.211544 0.771654 -0.963029 -17.73337 2.621019 0.0 0.0 -1e-06 -17.34642 -20.095217 -4.201782 21.757557 -1.638373 3.866429 2e-06 -6.338824 2e-06 -1.697589 -22.591747 -6.194007 -1e-06 -4e-06 -3e-06 60.928772 -75.071785 137.763275 36.570549 -64.103775 -5.541876 30.606163 0.016633 0.022813 2.452115 6.673917 7.701411 22.182117 -20.375896 49.933327 -16.701815 -16.74353 28.476536 -3e-06 -12.690602 0.0 16.173443 -17.419981 2.632201 -0.10592 -1.513856 -4.275882 -5.039042 -5.612873 -2.953556 4e-06 -11.020523 -2e-06 -6.111298 -15.895332 -3.840471 -0.0 -0.0 1e-06 -10.283373 -5.680289 -4.34184 11.028294 -11.302404 -2.372634 -1.384268 -14.23858 -6.320123 -0.625436 -26.924191 -3.827605 -4.385667 -49.658943 -3.469043 -13.708526 -7.363477 -3.720942 18.14115 -14.052739 -3.242675 7e-06 -18.78727 -3e-06 -0.42971 -8.456042 2.555503 -0.0 1e-06 -0.0 -15.923539 -20.094486 -5.473588 30.419218 -7.190827 1.735929 2e-06 -8.162927 -2e-06 -1.861905 -22.861467 -6.167945 1e-06 -3e-06 -1e-06 -174.206665 -3.626995 -1.458348 11.325161 0.00588 -0.126361 -84.529442 -2.816224 -6.625529 -3.674518 1.387119 2.193362 -0.999998 -0.0 0.0 2.227759 -5.018501 -6.306889 16.24123 -0.050263 0.052205 -84.871933 -4.788815 -7.774325 -3.842241 0.640179 1.686669 -1.000002 -0.0 0.0 
0.0 0.0 0.0 0.0 -0.0 0.0 -0.479342 99.004646 4.165221 90.348701 1.558225 90.925354 -3.912416 1.380282 0.301679 -12.670494 0.076925 1.214512 23.312695 -2.364722 -0.721105 24.983513 1.900768 2.377582 -2.720427 -0.775156 0.089498 -41.382153 -1.407838 0.327719 6e-06 -0.0 0.0 0.038234 0.018315 -0.053996 0.086863 -0.034332 -0.061428 0.080703 0.070614 -0.040437 -108.607742 -73.232895 124.90728 31.823179 -65.123566 -3.909679 27.199345 0.279946 0.03734 -0.523625 0.136657 13.484825 17.636627 -26.322727 52.411186 -19.466661 -14.395597 29.410389 -1e-06 -8.774821 -2e-06 16.292294 -18.03653 6.036752 -0.609776 -1.795654 -3.889327 -4.807087 -11.04681 -2.93785 5e-06 -20.976015 -0.0 -5.019969 -25.033554 -4.03188 6e-06 -2e-06 1e-06 -10.634531 -5.68697 -3.565587 10.573274 -17.922951 -3.113902 3e-06 -13.821206 2e-06 -0.501777 -31.181498 -4.027014 -11.004255 -59.525665 6.858802 -13.982711 -7.150198 -2.875043 13.772728 -8.401493 -3.218242 0.347736 -34.211555 0.771654 -0.963028 -17.73337 2.621019 -0.0 -1e-06 -1e-06 -17.346413 -20.095217 -4.20178 21.757555 -1.638375 3.866425 1e-06 -6.338825 3e-06 -1.697589 -22.591742 -6.194004 0.0 -3e-06 -3e-06 61.112728 -75.076935 137.593933 36.750507 -64.131775 -5.757442 30.643764 0.03215 0.032549 2.458653 6.759848 7.777528 22.182116 -20.375895 49.933327 -16.701809 -16.743528 28.476532 -3e-06 -12.690599 0.0 16.167072 -17.407095 2.650223 -0.105919 -1.513855 -4.275881 -5.039041 -5.612871 -2.953559 4e-06 -11.02052 0.0 -6.111295 -15.89533 -3.840472 -0.0 1e-06 1e-06 -10.283369 -5.680286 -4.341839 11.028292 -11.302402 -2.372633 -1.384268 -14.238577 -6.32012 -0.625438 -26.924185 -3.8276 -4.407306 -49.690407 -3.425848 -13.708523 -7.363475 -3.720942 18.141148 -14.052739 -3.242673 7e-06 -18.787268 -3e-06 -0.429712 -8.456041 2.555505 -0.0 2e-06 -1e-06 -15.923536 -20.094482 -5.473586 30.41921 -7.190824 1.735927 -0.0 -8.162926 -2e-06 -1.861903 -22.861467 -6.167942 0.0 -2e-06 -2e-06 -174.258774 -3.589432 -1.440645 11.363884 0.004605 -0.129659 -84.522461 -2.793294 -6.599048 -3.713987 1.385315 2.192299 -0.999998 0.0 -0.0 2.179914 -5.056238 -6.307561 16.281008 -0.056312 0.054548 -84.86142 -4.82862 -7.806799 -3.856859 0.639049 1.687937 -1.000001 -0.0 -0.0 
0.0 0.0 0.0 0.0 -0.0 0.0 -0.463543 99.007248 4.128319 90.368996 1.548856 90.956535 -3.926408 1.378396 0.300288 -12.673943 0.078293 1.225101 23.34156 -2.400691 -0.717547 25.113726 1.887598 2.387365 -2.72366 -0.775169 0.116025 -41.32003 -1.351985 0.340217 6e-06 -0.0 -0.0 0.03851 0.018689 -0.056004 0.079298 -0.031447 -0.06417 0.074047 0.068492 -0.041464 -108.598633 -73.197632 124.929543 31.925287 -65.097092 -3.990882 27.179457 0.29456 0.044619 -0.535011 0.140613 13.54376 17.636627 -26.322727 52.411194 -19.466654 -14.395596 29.410381 -0.0 -8.774821 -3e-06 16.301577 -18.045616 6.044135 -0.609777 -1.795653 -3.889328 -4.807087 -11.046807 -2.93785 4e-06 -20.976011 0.0 -5.019969 -25.033552 -4.031881 7e-06 1e-06 1e-06 -10.634535 -5.68697 -3.565588 10.573274 -17.922947 -3.1139 2e-06 -13.821206 3e-06 -0.501778 -31.181498 -4.027014 -11.022156 -59.530087 6.895028 -13.982713 -7.150196 -2.875044 13.772727 -8.40149 -3.218239 0.347733 -34.211536 0.771655 -0.96303 -17.733366 2.62102 -0.0 -1e-06 -1e-06 -17.346416 -20.095213 -4.201783 21.757555 -1.638374 3.866429 2e-06 -6.338822 2e-06 -1.697589 -22.591742 -6.194005 -0.0 -1e-06 -3e-06 61.277527 -75.086815 137.443985 36.900211 -64.166412 -5.906697 30.695707 0.0668 0.042898 2.456553 6.837501 7.864226 22.182114 -20.375895 49.933319 -16.701811 -16.743528 28.476532 -3e-06 -12.690601 -0.0 16.165506 -17.400778 2.670016 -0.105919 -1.513856 -4.275883 -5.039041 -5.612872 -2.953554 5e-06 -11.020523 -0.0 -6.111297 -15.89533 -3.84047 -0.0 -1e-06 1e-06 -10.283371 -5.680288 -4.341839 11.028294 -11.302406 -2.372632 -1.384268 -14.238581 -6.320121 -0.625437 -26.924194 -3.827603 -4.425592 -49.726013 -3.38422 -13.708523 -7.363474 -3.720938 18.141146 -14.05274 -3.242675 7e-06 -18.787266 -2e-06 -0.429711 -8.456042 2.555504 0.0 -0.0 -1e-06 -15.923536 -20.094482 -5.473583 30.41921 -7.190826 1.735925 2e-06 -8.162926 -3e-06 -1.8619 -22.861469 -6.167943 1e-06 -2e-06 -1e-06 -174.324478 -3.561688 -1.409959 11.417127 0.005695 -0.129208 -84.519524 -2.764191 -6.579639 -3.740346 1.382776 2.191138 -1.0 0.0 0.0 2.129289 -5.084438 -6.294587 16.325218 -0.060157 0.053191 -84.853462 -4.906559 -7.830726 -3.864708 0.635439 1.688852 -1.000002 -0.0 0.0 
0.0 0.0 0.0 0.0 -0.0 0.0 -0.459752 99.011978 4.096545 90.3871 1.550562 90.995445 -3.929142 1.37502 0.304171 -12.676347 0.078532 1.236832 23.371922 -2.439221 -0.7176 25.264212 1.879447 2.385632 -2.724764 -0.7722 0.144002 -41.245678 -1.289407 0.342045 6e-06 -0.0 -0.0 0.036496 0.019483 -0.054353 0.067216 -0.02828 -0.063814 0.063608 0.066883 -0.038553 -108.531517 -73.170013 124.908508 32.105244 -65.054321 -4.069399 27.187965 0.316504 0.047925 -0.555155 0.166411 13.480508 17.636631 -26.322725 52.411186 -19.466654 -14.395598 29.410389 0.0 -8.774821 -3e-06 16.306604 -18.066208 6.046604 -0.609776 -1.795653 -3.889328 -4.80709 -11.04681 -2.937851 3e-06 -20.976017 1e-06 -5.019972 -25.033554 -4.031882 5e-06 -1e-06 0.0 -10.634535 -5.686972 -3.565589 10.573272 -17.922947 -3.113902 2e-06 -13.821206 1e-06 -0.501779 -31.181501 -4.027015 -11.019362 -59.521439 6.895949 -13.982714 -7.150198 -2.875046 13.772729 -8.401491 -3.21824 0.347732 -34.211552 0.771653 -0.963028 -17.73337 2.621019 0.0 -1e-06 -1e-06 -17.346416 -20.095217 -4.201784 21.757557 -1.638374 3.866429 1e-06 -6.338824 3e-06 -1.69759 -22.59174 -6.194005 0.0 -2e-06 -3e-06 61.460979 -75.100441 137.263748 37.002182 -64.226723 -6.042894 30.762377 0.09177 0.050496 2.424046 6.874815 7.898613 22.182112 -20.375889 49.933315 -16.701807 -16.743528 28.476524 -2e-06 -12.6906 -1e-06 16.166435 -17.395416 2.685185 -0.10592 -1.513856 -4.27588 -5.039042 -5.612871 -2.953557 4e-06 -11.02052 -2e-06 -6.111298 -15.89533 -3.84047 0.0 -0.0 -1e-06 -10.283371 -5.680288 -4.341837 11.028292 -11.302403 -2.372633 -1.384269 -14.23858 -6.320122 -0.625439 -26.924187 -3.827601 -4.427307 -49.756683 -3.366293 -13.708524 -7.363477 -3.720941 18.141146 -14.052736 -3.242673 6e-06 -18.787266 -3e-06 -0.429714 -8.456041 2.555504 0.0 -0.0 -0.0 -15.923539 -20.094482 -5.473584 30.41921 -7.190823 1.735929 0.0 -8.162925 -2e-06 -1.861905 -22.861467 -6.167942 1e-06 -6e-06 -1e-06 -174.346024 -3.54266 -1.379046 11.405418 0.006254 -0.12572 -84.490715 -2.739038 -6.578809 -3.756263 1.382457 2.189823 -0.999999 -0.0 0.0 2.111012 -5.096399 -6.26828 16.337015 -0.064571 0.053453 -84.835968 -5.00334 -7.839006 -3.864678 0.631933 1.688765 -1.000002 -0.0 -0.0 
0.0 0.0 0.0 0.0 -0.0 0.0 -0.454015 99.019661 4.062525 90.402115 1.554115 91.043564 -3.923144 1.370505 0.305841 -12.675187 0.076465 1.251251 23.393625 -2.474684 -0.714407 25.432068 1.852386 2.397985 -2.729129 -0.763219 0.165311 -41.100544 -1.223092 0.318117 6e-06 0.0 -0.0 0.034687 0.019739 -0.05253 0.055304 -0.027519 -0.062126 0.052945 0.066667 -0.036516 -108.494301 -73.126495 124.879112 32.185551 -65.003059 -4.040914 27.250763 0.318114 0.038192 -0.547026 0.207377 13.295094 17.636631 -26.322741 52.411213 -19.466665 -14.3956 29.410402 -1e-06 -8.774822 -3e-06 16.301414 -18.076286 6.053198 -0.609776 -1.795655 -3.88933 -4.807088 -11.046813 -2.937852 5e-06 -20.976021 0.0 -5.01997 -25.033562 -4.031881 7e-06 -2e-06 0.0 -10.634537 -5.686972 -3.565589 10.573278 -17.922956 -3.113902 4e-06 -13.821214 2e-06 -0.501776 -31.181511 -4.027015 -11.007088 -59.511711 6.887726 -13.982716 -7.150199 -2.875044 13.772733 -8.401494 -3.218244 0.347735 -34.211559 0.771655 -0.963028 -17.733376 2.621021 0.0 0.0 -1e-06 -17.346422 -20.095221 -4.201784 21.757561 -1.638376 3.866426 1e-06 -6.338825 2e-06 -1.697588 -22.591745 -6.194006 0.0 -3e-06 -3e-06 61.648884 -75.120453 137.084473 37.05014 -64.280525 -6.152937 30.856554 0.09556 0.059222 2.410378 6.877413 7.910398 22.182117 -20.375898 49.933327 -16.701813 -16.74353 28.476534 -2e-06 -12.690601 1e-06 16.162395 -17.39073 2.698678 -0.105916 -1.513856 -4.275879 -5.039041 -5.612872 -2.953557 5e-06 -11.020524 -1e-06 -6.111295 -15.89533 -3.840472 0.0 -1e-06 2e-06 -10.283369 -5.680287 -4.341839 11.028293 -11.302404 -2.372632 -1.384268 -14.238579 -6.320123 -0.625437 -26.924187 -3.827601 -4.425534 -49.772934 -3.359599 -13.708524 -7.363476 -3.720941 18.14115 -14.052739 -3.242675 7e-06 -18.78727 -4e-06 -0.429712 -8.456044 2.555504 0.0 -0.0 -0.0 -15.923536 -20.094484 -5.473584 30.419218 -7.190825 1.735926 1e-06 -8.162927 -2e-06 -1.861902 -22.861469 -6.167943 -0.0 -1e-06 -1e-06 -174.355072 -3.527465 -1.35605 11.365714 0.008293 -0.119665 -84.447601 -2.699003 -6.5739 -3.768887 1.378108 2.187152 -0.999999 -0.0 -0.0 2.111848 -5.103408 -6.241189 16.313959 -0.067351 0.051332 -84.800621 -5.101868 -7.854484 -3.850754 0.63343 1.689374 -1.000003 0.0 -0.0 
0.0 0.0 0.0 0.0 -0.0 0.0 -0.442072 99.027443 4.026356 90.417381 1.566071 91.104675 -3.908349 1.364977 0.309183 -12.67054 0.073633 1.265434 23.40888 -2.506696 -0.696365 25.607857 1.810934 2.418013 -2.739289 -0.757832 0.159314 -40.906033 -1.151142 0.26737 6e-06 0.0 0.0 0.034041 0.018438 -0.054661 0.046284 -0.030581 -0.063435 0.04535 0.067172 -0.039211 -108.510239 -73.091965 124.909325 32.255711 -64.942642 -4.000916 27.345327 0.299816 0.039692 -0.514868 0.267083 13.040619 17.636623 -26.322718 52.411186 -19.46666 -14.395592 29.410385 -1e-06 -8.774819 -2e-06 16.30559 -18.087751 6.050379 -0.609776 -1.795653 -3.889327 -4.807086 -11.046807 -2.937851 6e-06 -20.976011 -1e-06 -5.019967 -25.033546 -4.031883 6e-06 -1e-06 1e-06 -10.63453 -5.686968 -3.565587 10.573271 -17.922945 -3.113901 3e-06 -13.821203 2e-06 -0.501775 -31.181488 -4.027016 -10.990786 -59.507511 6.874049 -13.98271 -7.150196 -2.875044 13.772726 -8.40149 -3.21824 0.347737 -34.211536 0.771651 -0.963027 -17.73337 2.62102 -1e-06 2e-06 0.0 -17.346411 -20.095213 -4.201785 21.757553 -1.638376 3.866426 2e-06 -6.338822 1e-06 -1.697585 -22.591738 -6.194005 -1e-06 -0.0 -3e-06 61.869152 -75.145607 136.864227 37.062195 -64.345551 -6.215841 30.943752 0.093358 0.077562 2.416772 6.903368 7.963624 22.182112 -20.375885 49.933308 -16.701813 -16.743528 28.47653 -2e-06 -12.690601 -1e-06 16.160694 -17.401167 2.706554 -0.10592 -1.513856 -4.275879 -5.03904 -5.612871 -2.953557 4e-06 -11.020523 -2e-06 -6.111296 -15.89533 -3.84047 -0.0 1e-06 1e-06 -10.283368 -5.680288 -4.341838 11.028294 -11.302402 -2.372633 -1.384268 -14.238579 -6.320121 -0.625436 -26.924187 -3.827602 -4.435395 -49.788864 -3.347281 -13.708523 -7.363475 -3.720938 18.141146 -14.052739 -3.242673 8e-06 -18.787262 -3e-06 -0.429711 -8.456042 2.555503 -1e-06 2e-06 -0.0 -15.923532 -20.094482 -5.473585 30.41921 -7.190824 1.735927 1e-06 -8.162924 -2e-06 -1.8619 -22.861467 -6.167946 1e-06 -3e-06 -1e-06 -174.362717 -3.511018 -1.321925 11.334862 0.012481 -0.118578 -84.407188 -2.640277 -6.548655 -3.769113 1.372808 2.183533 -1.0 -0.0 0.0 2.128952 -5.11366 -6.235718 16.27915 -0.073165 0.046064 -84.757576 -5.201587 -7.878876 -3.830941 0.637094 1.690617 -1.000005 0.0 -0.0 
0.0 0.0 0.0 0.0 -0.0 0.0 -0.41937 99.037132 3.98922 90.427864 1.582078 91.180916 -3.88859 1.360925 0.310579 -12.660529 0.07509 1.276559 23.424809 -2.538887 -0.671539 25.785891 1.75771 2.427958 -2.75022 -0.756012 0.160545 -40.660053 -1.078346 0.21703 7e-06 0.0 0.0 0.035109 0.017805 -0.056044 0.042131 -0.031381 -0.063569 0.043665 0.066663 -0.041343 -108.546211 -73.045067 124.966713 32.378399 -64.866821 -4.009673 27.428644 0.263229 0.042356 -0.469877 0.307501 12.817018 17.636627 -26.322742 52.411201 -19.466661 -14.395597 29.410389 -1e-06 -8.774821 -3e-06 16.317289 -18.082243 6.032313 -0.609776 -1.795654 -3.889327 -4.807087 -11.046811 -2.93785 5e-06 -20.976019 1e-06 -5.01997 -25.033556 -4.031882 7e-06 -4e-06 0.0 -10.634532 -5.686969 -3.565587 10.573275 -17.922951 -3.113899 3e-06 -13.821206 2e-06 -0.501777 -31.181505 -4.027013 -10.960367 -59.49506 6.862611 -13.982713 -7.150198 -2.875042 13.77273 -8.401493 -3.21824 0.347735 -34.211552 0.771652 -0.96303 -17.73337 2.621021 -0.0 -1e-06 -1e-06 -17.346416 -20.095215 -4.201779 21.757557 -1.638377 3.866425 2e-06 -6.338825 3e-06 -1.697588 -22.591749 -6.194006 -1e-06 -1e-06 -3e-06 62.13855 -75.193802 136.599777 37.112423 -64.427933 -6.352117 30.990198 0.065741 0.095316 2.43207 6.950615 8.063749 22.182112 -20.375895 49.933319 -16.701811 -16.743528 28.47653 -3e-06 -12.690601 -1e-06 16.155048 -17.410038 2.70719 -0.10592 -1.513858 -4.275882 -5.039039 -5.612869 -2.953557 5e-06 -11.020525 -2e-06 -6.111295 -15.895332 -3.840472 -0.0 1e-06 0.0 -10.283371 -5.680287 -4.341837 11.028292 -11.302404 -2.372633 -1.384268 -14.238577 -6.32012 -0.625438 -26.924187 -3.827602 -4.442178 -49.792171 -3.330891 -13.708523 -7.363475 -3.720939 18.141146 -14.052739 -3.242674 9e-06 -18.787266 -3e-06 -0.42971 -8.456044 2.555504 -0.0 1e-06 -0.0 -15.923532 -20.094482 -5.473586 30.41921 -7.190827 1.735927 1e-06 -8.162926 -1e-06 -1.861901 -22.861467 -6.167942 2e-06 -4e-06 -1e-06 -174.370087 -3.495063 -1.27952 11.305047 0.016674 -0.118508 -84.365913 -2.56605 -6.518217 -3.754557 1.367381 2.179817 -0.999999 0.0 0.0 2.171737 -5.122646 -6.23558 16.205431 -0.077624 0.037975 -84.696228 -5.29268 -7.91562 -3.820633 0.639075 1.692078 -1.000003 0.0 -0.0 
0.0 0.0 0.0 0.0 -0.0 0.0 -0.393453 99.046204 3.951141 90.44265 1.599363 91.268906 -3.871802 1.355645 0.313819 -12.65584 0.080863 1.286636 23.462307 -2.578714 -0.657391 25.968632 1.700795 2.431123 -2.762089 -0.754264 0.178908 -40.379559 -1.034068 0.175279 6e-06 0.0 -0.0 0.03581 0.017937 -0.057894 0.032298 -0.030855 -0.065244 0.03562 0.066354 -0.043063 -108.535446 -72.990921 124.96199 32.570953 -64.796906 -4.005404 27.459047 0.232237 0.037021 -0.437247 0.348735 12.676598 17.636625 -26.322729 52.411182 -19.466654 -14.395596 29.410385 0.0 -8.77482 -2e-06 16.326246 -18.071957 6.017684 -0.609776 -1.795652 -3.889328 -4.807088 -11.046808 -2.937848 3e-06 -20.976015 1e-06 -5.019969 -25.033548 -4.03188 6e-06 1e-06 0.0 -10.634531 -5.686969 -3.565587 10.573271 -17.922947 -3.113899 1e-06 -13.821205 3e-06 -0.501778 -31.181501 -4.027015 -10.947995 -59.486549 6.860806 -13.982711 -7.150197 -2.875041 13.772727 -8.401491 -3.218239 0.347733 -34.211544 0.771655 -0.963028 -17.73337 2.621018 -0.0 3e-06 1e-06 -17.346413 -20.095215 -4.201779 21.757553 -1.638374 3.866426 1e-06 -6.338822 3e-06 -1.697591 -22.591738 -6.194004 -0.0 -2e-06 -3e-06 62.432289 -75.247414 136.332565 37.23597 -64.487335 -6.566252 31.000685 0.011801 0.098628 2.470113 7.013031 8.2052 22.182114 -20.375895 49.933308 -16.701807 -16.743528 28.476524 -2e-06 -12.6906 -0.0 16.140144 -17.40192 2.705507 -0.10592 -1.513857 -4.275881 -5.039041 -5.61287 -2.953556 4e-06 -11.020521 -0.0 -6.111298 -15.89533 -3.840469 0.0 -0.0 1e-06 -10.283371 -5.680288 -4.341836 11.028292 -11.302402 -2.372632 -1.38427 -14.238577 -6.320119 -0.625439 -26.924189 -3.8276 -4.430799 -49.770157 -3.328296 -13.708525 -7.363476 -3.720936 18.14115 -14.052738 -3.242675 8e-06 -18.78727 -1e-06 -0.429711 -8.456045 2.555504 0.0 -0.0 -0.0 -15.923534 -20.094479 -5.473582 30.41921 -7.190823 1.735928 1e-06 -8.162925 0.0 -1.861901 -22.861467 -6.167941 -1e-06 -1e-06 -2e-06 -174.383301 -3.469698 -1.208076 11.28547 0.017748 -0.115404 -84.327187 -2.513302 -6.47366 -3.736529 1.368556 2.179053 -1.0 -0.0 -0.0 2.21508 -5.140293 -6.241205 16.138004 -0.077524 0.02905 -84.640282 -5.373827 -7.99103 -3.826024 0.636181 1.691842 -1.000003 0.0 -0.0 
0.0 0.0 0.0 0.0 -0.0 0.0 -0.361866 99.051857 3.905854 90.461731 1.620175 91.357643 -3.855631 1.351247 0.321701 -12.65348 0.08624 1.303137 23.510565 -2.609846 -0.65093 26.18063 1.612895 2.43601 -2.772975 -0.747569 0.211517 -40.072151 -1.022408 0.136936 6e-06 -0.0 0.0 0.036565 0.017579 -0.066501 0.022298 -0.029542 -0.072861 0.026003 0.064297 -0.052563 -108.556435 -72.927414 124.963898 32.813004 -64.729179 -3.969062 27.429129 0.202272 0.028678 -0.421996 0.417326 12.703598 17.636625 -26.322735 52.411194 -19.46666 -14.395597 29.410389 -1e-06 -8.774821 -3e-06 16.338051 -18.070465 6.016798 -0.609776 -1.795654 -3.889326 -4.807088 -11.04681 -2.93785 5e-06 -20.976019 0.0 -5.019972 -25.03356 -4.031878 7e-06 0.0 -0.0 -10.634533 -5.68697 -3.565587 10.573275 -17.922953 -3.113901 2e-06 -13.821206 1e-06 -0.501777 -31.181505 -4.027014 -10.976647 -59.493122 6.891197 -13.982713 -7.150198 -2.875041 13.772729 -8.401493 -3.218241 0.347735 -34.211555 0.771653 -0.963029 -17.733372 2.62102 -0.0 -1e-06 0.0 -17.346416 -20.095217 -4.201783 21.757555 -1.638375 3.866426 2e-06 -6.338825 3e-06 -1.697587 -22.591742 -6.194006 -1e-06 -1e-06 -3e-06 62.661339 -75.297935 136.123474 37.3494 -64.508965 -6.653726 30.986631 -0.011235 0.098128 2.502549 7.063865 8.335269 22.182114 -20.375898 49.933327 -16.701817 -16.74353 28.476534 -3e-06 -12.690601 -1e-06 16.125237 -17.397564 2.702123 -0.105919 -1.513855 -4.275882 -5.039041 -5.612871 -2.953558 4e-06 -11.020523 -1e-06 -6.111296 -15.89533 -3.840469 -0.0 1e-06 0.0 -10.283371 -5.680288 -4.341838 11.028294 -11.302406 -2.372633 -1.384268 -14.238579 -6.320121 -0.625437 -26.924191 -3.827601 -4.419159 -49.755177 -3.337435 -13.708525 -7.363475 -3.720937 18.141148 -14.05274 -3.242673 7e-06 -18.78727 -1e-06 -0.429712 -8.456043 2.555504 0.0 1e-06 -0.0 -15.923536 -20.094482 -5.473585 30.41921 -7.190827 1.735926 2e-06 -8.162925 -0.0 -1.861902 -22.861467 -6.167942 0.0 -3e-06 -1e-06 -174.428391 -3.435744 -1.117947 11.332719 0.018685 -0.113611 -84.312134 -2.49329 -6.434186 -3.714626 1.369635 2.177616 -1.0 0.0 -0.0 2.238002 -5.172229 -6.253184 16.112455 -0.073032 0.018744 -84.602341 -5.433866 -8.086095 -3.827023 0.628121 1.69052 -1.000003 -0.0 -0.0 
0.0 0.0 0.0 0.0 -0.0 0.0 -0.322638 99.050232 3.857603 90.485641 1.651364 91.439888 -3.835999 1.350855 0.330456 -12.646525 0.097113 1.333034 23.561295 -2.630459 -0.655159 26.42243 1.480174 2.434173 -2.790301 -0.737446 0.25011 -39.69278 -0.997667 0.101416 6e-06 0.0 1e-06 0.035905 0.016844 -0.076864 0.009398 -0.026184 -0.08112 0.013942 0.059378 -0.064626 -108.705818 -72.851151 125.097977 33.049255 -64.642578 -3.909142 27.384085 0.187156 0.024671 -0.432171 0.499742 12.82764 17.636629 -26.322733 52.411198 -19.466652 -14.395597 29.410389 0.0 -8.774821 -2e-06 16.365841 -18.066441 6.012854 -0.609776 -1.795653 -3.889329 -4.807089 -11.046809 -2.937849 2e-06 -20.976017 3e-06 -5.019971 -25.033556 -4.03188 7e-06 -0.0 0.0 -10.634533 -5.68697 -3.565589 10.573272 -17.922947 -3.113902 1e-06 -13.821206 4e-06 -0.501778 -31.181498 -4.027015 -11.013881 -59.514641 6.922738 -13.982714 -7.150197 -2.875041 13.772729 -8.40149 -3.21824 0.347732 -34.211544 0.771655 -0.963028 -17.733372 2.621019 -0.0 -0.0 -2e-06 -17.346418 -20.095215 -4.201782 21.757557 -1.638374 3.866427 1e-06 -6.338824 3e-06 -1.697592 -22.591743 -6.194004 0.0 1e-06 -3e-06 62.860744 -75.347939 135.962677 37.461384 -64.507248 -6.666495 30.991478 0.012787 0.107747 2.53378 7.115844 8.432657 22.182121 -20.375893 49.933311 -16.701815 -16.743528 28.47653 -2e-06 -12.690603 -1e-06 16.121162 -17.396 2.700445 -0.10592 -1.513856 -4.275882 -5.039042 -5.612873 -2.953555 5e-06 -11.020526 -1e-06 -6.111298 -15.895334 -3.840472 0.0 -1e-06 0.0 -10.283373 -5.680289 -4.341838 11.028296 -11.302407 -2.372633 -1.384269 -14.238584 -6.320121 -0.625439 -26.924192 -3.8276 -4.412485 -49.757195 -3.340498 -13.708526 -7.363478 -3.720939 18.14115 -14.052741 -3.242675 7e-06 -18.78727 -2e-06 -0.429711 -8.456045 2.555505 0.0 -0.0 1e-06 -15.923538 -20.094484 -5.473584 30.419222 -7.190827 1.735927 1e-06 -8.162927 -1e-06 -1.861902 -22.861471 -6.167945 -0.0 -3e-06 -2e-06 -174.512115 -3.392733 -1.018536 11.485514 0.020248 -0.114146 -84.342041 -2.502471 -6.397944 -3.688166 1.36831 2.175636 -0.999998 -0.0 -0.0 2.236299 -5.221621 -6.266535 16.156055 -0.065442 0.008985 -84.59568 -5.497957 -8.174077 -3.819415 0.618623 1.689451 -1.000001 -0.0 -0.0 
0.0 0.0 0.0 0.0 -0.0 0.0 -0.272062 99.049316 3.806578 90.516609 1.699486 91.510956 -3.80776 1.353857 0.341137 -12.640461 0.10951 1.367874 23.633587 -2.641381 -0.655158 26.712969 1.31325 2.426992 -2.809188 -0.73158 0.284966 -39.255852 -0.957342 0.087578 6e-06 0.0 -0.0 0.033234 0.01557 -0.085648 -0.009791 -0.02196 -0.088243 -0.004841 0.052441 -0.074378 -108.904648 -72.78434 125.297707 33.299801 -64.557381 -3.888829 27.370544 0.180192 0.022144 -0.482522 0.595897 12.897784 17.636631 -26.322729 52.411198 -19.466663 -14.395598 29.410395 -0.0 -8.774822 -3e-06 16.387794 -18.060961 5.998476 -0.609777 -1.795654 -3.889329 -4.807089 -11.046813 -2.93785 3e-06 -20.976019 1e-06 -5.019971 -25.03356 -4.031883 6e-06 -1e-06 0.0 -10.634537 -5.686971 -3.565589 10.573275 -17.922955 -3.1139 2e-06 -13.821211 2e-06 -0.501779 -31.181505 -4.027017 -11.020554 -59.513447 6.913556 -13.982718 -7.1502 -2.875045 13.772731 -8.401493 -3.21824 0.347734 -34.211555 0.771653 -0.96303 -17.733372 2.62102 -0.0 0.0 -1e-06 -17.346422 -20.095219 -4.201784 21.757561 -1.638374 3.866428 2e-06 -6.338825 1e-06 -1.69759 -22.591747 -6.194007 0.0 -1e-06 -3e-06 63.092541 -75.38942 135.795517 37.595341 -64.492165 -6.685233 31.042742 0.063712 0.124508 2.572107 7.186572 8.443365 22.182119 -20.375896 49.933327 -16.701813 -16.74353 28.476532 -2e-06 -12.690602 -1e-06 16.110035 -17.387817 2.706911 -0.105922 -1.513857 -4.275882 -5.039041 -5.612873 -2.953557 3e-06 -11.020523 -2e-06 -6.1113 -15.895332 -3.840473 0.0 1e-06 1e-06 -10.283372 -5.680288 -4.341839 11.028294 -11.302402 -2.372633 -1.384269 -14.238577 -6.320123 -0.625438 -26.924185 -3.827603 -4.410184 -49.765739 -3.336425 -13.708527 -7.363478 -3.720941 18.14115 -14.052736 -3.242676 5e-06 -18.787266 -1e-06 -0.429712 -8.456043 2.555505 1e-06 -0.0 1e-06 -15.923539 -20.094486 -5.473585 30.419218 -7.190824 1.735929 0.0 -8.162926 -0.0 -1.861904 -22.861469 -6.167943 0.0 -3e-06 -1e-06 -174.558365 -3.331725 -0.921559 11.598049 0.021295 -0.11457 -84.356316 -2.517766 -6.349511 -3.649513 1.373788 2.175688 -0.999999 -0.0 -0.0 2.254075 -5.28851 -6.286266 16.190746 -0.056859 0.000924 -84.578247 -5.571885 -8.257627 -3.800964 0.608312 1.68687 -1.000002 0.0 0.0 
0.0 0.0 0.0 0.0 -0.0 0.0 -0.207606 99.050797 3.751099 90.553856 1.761039 91.574707 -3.77811 1.354969 0.347256 -12.640785 0.122429 1.387685 23.732475 -2.650964 -0.642677 27.085485 1.11801 2.433479 -2.826749 -0.734212 0.332688 -38.750549 -0.919414 0.108796 6e-06 -0.0 -1e-06 0.027762 0.013898 -0.092564 -0.02996 -0.019537 -0.092358 -0.025039 0.046538 -0.083712 -109.013649 -72.732346 125.424416 33.605656 -64.506569 -3.963951 27.356441 0.177383 0.013898 -0.533348 0.678184 12.981833 17.636625 -26.322714 52.41116 -19.466658 -14.395597 29.410378 -0.0 -8.774821 -2e-06 16.40365 -18.058847 5.979633 -0.609776 -1.795654 -3.889325 -4.807089 -11.046808 -2.937847 3e-06 -20.976011 0.0 -5.019973 -25.033552 -4.03188 6e-06 -3e-06 1e-06 -10.634532 -5.686969 -3.565585 10.573272 -17.922945 -3.113901 1e-06 -13.821205 2e-06 -0.501779 -31.181498 -4.027014 -11.027252 -59.518372 6.896707 -13.982712 -7.150197 -2.875039 13.772728 -8.401489 -3.21824 0.347734 -34.211544 0.77165 -0.963028 -17.733366 2.621017 0.0 -1e-06 -1e-06 -17.346416 -20.095211 -4.201776 21.757555 -1.638373 3.866425 2e-06 -6.338824 2e-06 -1.697591 -22.591738 -6.194004 -0.0 -1e-06 -3e-06 63.348297 -75.411415 135.628738 37.788113 -64.468109 -6.820609 31.137444 0.099822 0.138689 2.609205 7.23647 8.395271 22.182104 -20.375885 49.933308 -16.701813 -16.743528 28.476526 -3e-06 -12.690599 1e-06 16.107981 -17.382608 2.707542 -0.105918 -1.513855 -4.275878 -5.03904 -5.612871 -2.953555 4e-06 -11.02052 -2e-06 -6.111296 -15.895328 -3.84047 0.0 -0.0 1e-06 -10.283366 -5.680286 -4.341836 11.028292 -11.302402 -2.372633 -1.384269 -14.238575 -6.320119 -0.625438 -26.924181 -3.827601 -4.405978 -49.767498 -3.342993 -13.708521 -7.363473 -3.720937 18.141142 -14.052733 -3.242673 7e-06 -18.787262 -5e-06 -0.42971 -8.456043 2.555501 0.0 -0.0 2e-06 -15.92353 -20.094479 -5.473582 30.419205 -7.190823 1.735925 -0.0 -8.162922 -2e-06 -1.861902 -22.861465 -6.167945 0.0 -1e-06 -1e-06 -174.566986 -3.252486 -0.826156 11.659886 0.02245 -0.117469 -84.348793 -2.527771 -6.292825 -3.628261 1.38543 2.177912 -0.999999 0.0 0.0 2.294108 -5.369339 -6.292065 16.20137 -0.047578 -0.002228 -84.544769 -5.647011 -8.344622 -3.775917 0.596891 1.682743 -1.000002 -0.0 0.0 
0.0 0.0 0.0 0.0 -0.0 0.0 -0.135935 99.056038 3.6905 90.591751 1.829668 91.63063 -3.752944 1.362159 0.347351 -12.642421 0.133755 1.380084 23.84001 -2.656591 -0.623371 27.556402 0.870798 2.438181 -2.838571 -0.737115 0.395568 -38.143093 -0.879832 0.170852 6e-06 0.0 -0.0 0.023101 0.013077 -0.093046 -0.044508 -0.016854 -0.089002 -0.038969 0.042072 -0.087986 -109.071693 -72.701149 125.504715 33.936195 -64.495117 -4.110619 27.320108 0.178574 0.003954 -0.588666 0.704755 13.15293 17.636629 -26.322735 52.411205 -19.46666 -14.395598 29.410395 -0.0 -8.774822 -3e-06 16.417934 -18.056732 5.969903 -0.609776 -1.795654 -3.889329 -4.807089 -11.046811 -2.93785 3e-06 -20.976019 2e-06 -5.01997 -25.033556 -4.031884 5e-06 -1e-06 0.0 -10.634534 -5.68697 -3.565588 10.573275 -17.922951 -3.113901 2e-06 -13.821209 3e-06 -0.50178 -31.181505 -4.027011 -11.058211 -59.557747 6.915686 -13.982714 -7.150198 -2.875041 13.772731 -8.401493 -3.218241 0.347733 -34.211552 0.771658 -0.96303 -17.73337 2.621021 -1e-06 -1e-06 -1e-06 -17.34642 -20.095217 -4.201783 21.757557 -1.638375 3.866428 2e-06 -6.338824 3e-06 -1.69759 -22.591745 -6.194006 -0.0 -0.0 -3e-06 63.67651 -75.430397 135.419785 38.075737 -64.455833 -7.102095 31.264183 0.122249 0.144313 2.656893 7.262527 8.330193 22.18211 -20.375895 49.933319 -16.701813 -16.74353 28.476534 -2e-06 -12.690601 -0.0 16.11985 -17.38068 2.706109 -0.105921 -1.513856 -4.275882 -5.03904 -5.612873 -2.953557 4e-06 -11.020525 -1e-06 -6.111297 -15.895334 -3.840473 -0.0 1e-06 -1e-06 -10.283371 -5.680289 -4.341837 11.028292 -11.302406 -2.372633 -1.384267 -14.238581 -6.320124 -0.625439 -26.924191 -3.8276 -4.410441 -49.773796 -3.346577 -13.708525 -7.363478 -3.720938 18.141148 -14.052739 -3.242673 7e-06 -18.787268 -3e-06 -0.429712 -8.456045 2.555503 0.0 -0.0 1e-06 -15.923536 -20.094484 -5.473585 30.41921 -7.190826 1.735927 2e-06 -8.162925 -2e-06 -1.861903 -22.861469 -6.167943 1e-06 -3e-06 -1e-06 -174.542465 -3.166682 -0.753411 11.664508 0.022251 -0.115651 -84.314995 -2.531175 -6.241989 -3.613731 1.392474 2.179992 -0.999998 -0.0 0.0 2.354191 -5.45115 -6.286186 16.175837 -0.041599 -0.003246 -84.488823 -5.719248 -8.425974 -3.759365 0.587437 1.678656 -1.000001 -0.0 -0.0 
0.0 0.0 0.0 0.0 -0.0 0.0 -0.067949 99.063698 3.633971 90.627029 1.907322 91.67495 -3.728698 1.38211 0.34515 -12.646104 0.14477 1.363771 23.94828 -2.651954 -0.612002 28.123657 0.559809 2.428357 -2.849397 -0.731599 0.482475 -37.41634 -0.855438 0.276876 6e-06 -0.0 -0.0 0.018034 0.013866 -0.088038 -0.053928 -0.01155 -0.079733 -0.048852 0.038254 -0.087242 -109.122215 -72.685974 125.582909 34.24432 -64.503181 -4.212193 27.280939 0.191124 -0.003665 -0.646336 0.706332 13.347989 17.636627 -26.322733 52.411201 -19.466661 -14.395597 29.410393 -1e-06 -8.774821 -1e-06 16.418243 -18.053905 5.98032 -0.609776 -1.795654 -3.889329 -4.80709 -11.046812 -2.937849 3e-06 -20.976021 1e-06 -5.01997 -25.03356 -4.031882 5e-06 -2e-06 1e-06 -10.634537 -5.686971 -3.565587 10.573275 -17.922951 -3.113903 2e-06 -13.821211 3e-06 -0.501778 -31.181505 -4.027017 -11.070758 -59.589256 6.937644 -13.982715 -7.150199 -2.875042 13.772731 -8.401492 -3.218241 0.347731 -34.211555 0.771654 -0.963029 -17.733372 2.621019 0.0 -1e-06 -1e-06 -17.346422 -20.095221 -4.201782 21.757561 -1.638373 3.866429 1e-06 -6.338825 2e-06 -1.697592 -22.591743 -6.194005 0.0 -1e-06 -4e-06 64.079651 -75.437836 135.155731 38.422417 -64.469887 -7.461691 31.434263 0.152987 0.139009 2.732774 7.291418 8.199652 22.182114 -20.375895 49.933319 -16.701807 -16.743528 28.476528 -2e-06 -12.690601 -0.0 16.128275 -17.37672 2.711806 -0.105921 -1.513856 -4.275882 -5.039042 -5.612873 -2.953557 4e-06 -11.020523 -1e-06 -6.111298 -15.89533 -3.840474 -1e-06 -1e-06 0.0 -10.283371 -5.680288 -4.34184 11.028289 -11.302402 -2.372632 -1.38427 -14.238577 -6.32012 -0.625441 -26.924187 -3.827599 -4.430659 -49.778736 -3.334174 -13.708526 -7.363478 -3.72094 18.141148 -14.052738 -3.242671 5e-06 -18.787266 -1e-06 -0.429711 -8.456044 2.555503 -1e-06 2e-06 0.0 -15.923536 -20.094481 -5.473584 30.41921 -7.190823 1.735929 1e-06 -8.162926 -0.0 -1.861903 -22.861469 -6.167942 0.0 -1e-06 -1e-06 -174.472107 -3.088958 -0.733279 11.60274 0.02358 -0.111396 -84.258713 -2.483776 -6.207274 -3.604212 1.391349 2.179888 -0.999999 -0.0 -0.0 2.441059 -5.528112 -6.298227 16.116714 -0.037667 -0.003714 -84.41951 -5.762546 -8.500504 -3.757762 0.584252 1.676626 -1.000001 -0.0 -0.0 
0.0 0.0 0.0 0.0 -0.0 0.0 -0.001171 99.071671 3.578134 90.655807 1.993294 91.709045 -3.705576 1.416451 0.34655 -12.651598 0.155727 1.344331 24.058353 -2.633614 -0.608451 28.83679 0.167962 2.415484 -2.863351 -0.739349 0.615761 -36.448601 -0.84951 0.388639 6e-06 -0.0 -0.0 0.009642 0.015498 -0.083034 -0.065236 -0.004617 -0.070628 -0.060257 0.034447 -0.086276 -109.163742 -72.694359 125.687042 34.571629 -64.519356 -4.346152 27.255257 0.200238 -0.014911 -0.735891 0.660673 13.521983 17.636627 -26.322733 52.411201 -19.466663 -14.395598 29.410389 -1e-06 -8.774822 -2e-06 16.430658 -18.04792 5.984816 -0.609776 -1.795654 -3.889328 -4.807089 -11.046811 -2.93785 4e-06 -20.976019 1e-06 -5.01997 -25.033558 -4.031882 6e-06 -0.0 0.0 -10.634535 -5.686972 -3.565588 10.573274 -17.922951 -3.113899 3e-06 -13.821209 1e-06 -0.501777 -31.181505 -4.027014 -11.083524 -59.605701 6.957331 -13.982714 -7.150198 -2.875041 13.77273 -8.401493 -3.21824 0.347734 -34.211555 0.771654 -0.963027 -17.733376 2.621019 0.0 -1e-06 0.0 -17.346416 -20.095217 -4.201783 21.757557 -1.638374 3.866426 2e-06 -6.338825 3e-06 -1.697588 -22.591749 -6.194007 -0.0 -1e-06 -3e-06 64.491196 -75.412598 134.877014 38.749054 -64.514069 -7.829053 31.657143 0.185889 0.13168 2.808582 7.352744 7.934312 22.182116 -20.3759 49.933334 -16.701815 -16.743528 28.476532 -3e-06 -12.690603 2e-06 16.114782 -17.359621 2.712105 -0.10592 -1.513857 -4.275879 -5.039039 -5.612871 -2.95356 4e-06 -11.020525 -2e-06 -6.111297 -15.895334 -3.840472 -0.0 1e-06 0.0 -10.283373 -5.68029 -4.341841 11.028295 -11.302406 -2.372633 -1.384268 -14.238581 -6.320123 -0.625437 -26.924196 -3.827602 -4.431652 -49.746616 -3.345286 -13.708525 -7.363476 -3.72094 18.14115 -14.052742 -3.242676 7e-06 -18.78727 -1e-06 -0.429711 -8.456045 2.555502 -1e-06 1e-06 0.0 -15.923536 -20.094486 -5.473586 30.419218 -7.190827 1.735926 1e-06 -8.162927 -0.0 -1.861902 -22.861473 -6.167943 0.0 -2e-06 -1e-06 -174.386978 -3.019312 -0.719129 11.532726 0.027179 -0.103443 -84.202538 -2.427542 -6.193865 -3.583391 1.387593 2.179186 -0.999998 -0.0 0.0 2.543376 -5.596951 -6.312553 16.040617 -0.034796 -0.006083 -84.341026 -5.799467 -8.56729 -3.75681 0.580661 1.675451 -1.000003 0.0 0.0 
0.0 0.0 0.0 0.0 -0.0 0.0 0.062276 99.084557 3.518482 90.682541 2.080183 91.723251 -3.68577 1.458501 0.349173 -12.65907 0.164639 1.322315 24.172649 -2.600198 -0.617262 29.700396 -0.320137 2.411642 -2.869185 -0.74908 0.78825 -35.206547 -0.854002 0.530906 6e-06 0.0 -0.0 0.001422 0.01723 -0.078656 -0.074481 0.004219 -0.061811 -0.068589 0.028812 -0.086228 -109.194321 -72.722809 125.805832 34.898605 -64.5373 -4.479957 27.264637 0.205868 -0.027084 -0.859143 0.52771 13.610802 17.636625 -26.322729 52.411201 -19.46666 -14.395597 29.410389 -0.0 -8.774821 -1e-06 16.470161 -18.034332 5.969893 -0.609777 -1.795653 -3.889328 -4.807088 -11.046809 -2.937852 4e-06 -20.976015 -0.0 -5.01997 -25.033552 -4.031884 5e-06 0.0 2e-06 -10.634534 -5.68697 -3.565588 10.573272 -17.922947 -3.113899 2e-06 -13.821204 1e-06 -0.501778 -31.181498 -4.027017 -11.090342 -59.620018 6.976306 -13.982714 -7.150198 -2.875042 13.772729 -8.401489 -3.218243 0.34773 -34.211544 0.771656 -0.963028 -17.733366 2.621017 -1e-06 -1e-06 0.0 -17.34642 -20.095217 -4.201783 21.757557 -1.638373 3.866428 1e-06 -6.338823 3e-06 -1.69759 -22.591742 -6.194006 -0.0 -3e-06 -1e-06 64.867012 -75.371956 134.629852 39.052044 -64.559784 -8.212811 31.911413 0.209109 0.123313 2.883816 7.426391 7.549045 22.182116 -20.375898 49.933327 -16.701813 -16.74353 28.476532 -2e-06 -12.690603 0.0 16.088039 -17.328856 2.709573 -0.105921 -1.513857 -4.275881 -5.039041 -5.612872 -2.953559 4e-06 -11.020525 -1e-06 -6.1113 -15.895332 -3.840472 0.0 1e-06 0.0 -10.283369 -5.680288 -4.341837 11.028292 -11.302406 -2.372631 -1.384268 -14.238582 -6.320122 -0.625439 -26.924191 -3.827601 -4.414047 -49.691273 -3.368837 -13.708527 -7.363477 -3.72094 18.14115 -14.05274 -3.242676 4e-06 -18.78727 -1e-06 -0.429711 -8.456047 2.555502 -1e-06 -0.0 1e-06 -15.923536 -20.094484 -5.473585 30.419218 -7.190826 1.735925 1e-06 -8.162927 -1e-06 -1.861901 -22.861471 -6.167944 0.0 -2e-06 -1e-06 -174.261765 -2.952157 -0.729323 11.380601 0.032024 -0.090316 -84.110672 -2.354627 -6.176635 -3.546994 1.379915 2.177988 -0.999999 0.0 0.0 2.657856 -5.659828 -6.30911 15.927108 -0.030953 -0.013505 -84.237694 -5.843053 -8.615696 -3.745644 0.575625 1.675586 -1.000001 0.0 0.0 
0.0 0.0 0.0 0.0 -0.0 0.0 0.121808 99.092834 3.462233 90.704826 2.170357 91.729927 -3.677428 1.511369 0.342002 -12.671365 0.172916 1.291461 24.309929 -2.558184 -0.630574 30.728109 -0.911861 2.407663 -2.869879 -0.760812 1.013241 -33.656631 -0.869071 0.713289 6e-06 -0.0 -0.0 -0.004778 0.01864 -0.071478 -0.079535 0.013526 -0.049913 -0.072681 0.021948 -0.083582 -109.244194 -72.773384 125.961418 35.216614 -64.545303 -4.592283 27.305681 0.196463 -0.037502 -0.962489 0.330787 13.597097 17.636629 -26.322731 52.41119 -19.466658 -14.395598 29.410389 -0.0 -8.774821 -1e-06 16.50878 -18.02289 5.968496 -0.609776 -1.795653 -3.889328 -4.80709 -11.046809 -2.93785 3e-06 -20.976015 2e-06 -5.019973 -25.033552 -4.03188 7e-06 0.0 2e-06 -10.634535 -5.68697 -3.565588 10.573275 -17.922947 -3.113901 3e-06 -13.821208 2e-06 -0.501781 -31.181498 -4.027013 -11.114801 -59.644211 7.011611 -13.982713 -7.150197 -2.875042 13.772729 -8.401491 -3.218242 0.347732 -34.211544 0.771657 -0.963029 -17.73337 2.621021 -1e-06 1e-06 -1e-06 -17.346416 -20.095215 -4.201782 21.757557 -1.638374 3.866427 2e-06 -6.338822 2e-06 -1.69759 -22.591738 -6.194004 -1e-06 -2e-06 -1e-06 65.250938 -75.317978 134.408768 39.453766 -64.576469 -8.704436 32.166321 0.242363 0.109449 2.996026 7.509831 7.052207 22.182106 -20.375887 49.933308 -16.701807 -16.743525 28.476526 -3e-06 -12.690598 1e-06 16.063955 -17.300489 2.7047 -0.105918 -1.513856 -4.275882 -5.039041 -5.612871 -2.953557 5e-06 -11.020523 -2e-06 -6.111299 -15.895332 -3.840469 -0.0 1e-06 2e-06 -10.283367 -5.680287 -4.341839 11.028289 -11.302403 -2.372631 -1.384268 -14.23858 -6.320121 -0.625436 -26.924191 -3.8276 -4.404853 -49.631374 -3.386186 -13.70852 -7.363476 -3.720939 18.141146 -14.052738 -3.242674 6e-06 -18.787266 -2e-06 -0.429711 -8.456045 2.555501 0.0 1e-06 1e-06 -15.923532 -20.094482 -5.473584 30.41921 -7.190825 1.735926 -0.0 -8.162922 -1e-06 -1.861905 -22.861467 -6.167942 1e-06 -5e-06 1e-06 -174.159927 -2.8918 -0.733752 11.293494 0.0358 -0.077092 -84.050491 -2.292406 -6.169616 -3.520112 1.377272 2.178467 -0.999999 0.0 -0.0 2.759592 -5.71322 -6.28756 15.847531 -0.032452 -0.019667 -84.153572 -5.896821 -8.64532 -3.725518 0.574464 1.677378 -1.000002 0.0 -0.0 
0.0 0.0 0.0 0.0 -0.0 0.0 0.181821 99.102638 3.402204 90.726326 2.27328 91.714149 -3.670405 1.575991 0.325229 -12.684707 0.181998 1.253298 24.476896 -2.50953 -0.647162 31.949337 -1.629995 2.390766 -2.864145 -0.778167 1.272595 -31.788639 -0.901918 0.958631 6e-06 0.0 -1e-06 -0.012192 0.019254 -0.054384 -0.07653 0.02371 -0.027159 -0.068543 0.012448 -0.071789 -109.28476 -72.835632 126.105118 35.543438 -64.553886 -4.693069 27.367386 0.167152 -0.048625 -0.988245 0.11464 13.595004 17.636629 -26.322731 52.41119 -19.466663 -14.395598 29.410389 -0.0 -8.774822 -1e-06 16.527309 -18.018557 5.96856 -0.609776 -1.795654 -3.889328 -4.80709 -11.046811 -2.937851 4e-06 -20.976021 0.0 -5.019971 -25.033556 -4.031883 6e-06 -0.0 1e-06 -10.634535 -5.686971 -3.565586 10.573275 -17.922951 -3.113903 4e-06 -13.821211 1e-06 -0.501776 -31.181505 -4.027017 -11.113067 -59.654034 7.01111 -13.982714 -7.150198 -2.875042 13.772731 -8.401491 -3.218243 0.347734 -34.211552 0.771655 -0.963027 -17.73337 2.621019 0.0 1e-06 0.0 -17.346416 -20.095217 -4.201783 21.757557 -1.638375 3.866427 1e-06 -6.338824 2e-06 -1.697588 -22.591745 -6.194006 -1e-06 -2e-06 -2e-06 65.769562 -75.274857 134.059738 40.006889 -64.581596 -9.260272 32.391018 0.286327 0.092145 3.09904 7.618119 6.462132 22.182112 -20.375891 49.933319 -16.701813 -16.743526 28.47653 -2e-06 -12.690601 -2e-06 16.04508 -17.278605 2.696605 -0.10592 -1.513856 -4.275882 -5.039041 -5.612872 -2.953555 5e-06 -11.020523 -1e-06 -6.111296 -15.89533 -3.840471 1e-06 1e-06 0.0 -10.283371 -5.680288 -4.34184 11.028294 -11.302404 -2.372633 -1.384268 -14.23858 -6.320122 -0.625438 -26.924191 -3.827604 -4.411061 -49.587708 -3.382389 -13.708524 -7.363476 -3.720939 18.141146 -14.052739 -3.242674 7e-06 -18.78727 -2e-06 -0.429712 -8.456042 2.555501 0.0 -2e-06 0.0 -15.923536 -20.094484 -5.473587 30.41921 -7.190825 1.735924 0.0 -8.162925 -1e-06 -1.861901 -22.861471 -6.167942 1e-06 -2e-06 -1e-06 -174.025055 -2.827177 -0.729044 11.166013 0.039984 -0.076465 -83.973129 -2.239039 -6.164575 -3.504664 1.387226 2.182912 -0.999999 -0.0 0.0 2.874514 -5.764299 -6.255569 15.753743 -0.039074 -0.025186 -84.057686 -5.945954 -8.660423 -3.716185 0.577034 1.679155 -1.000002 1e-06 -0.0 
0.0 0.0 0.0 0.0 -0.0 0.0 0.241356 99.114815 3.327149 90.747139 2.383011 91.659409 -3.660607 1.652715 0.301359 -12.698179 0.196136 1.220762 24.67802 -2.456362 -0.66469 33.38554 -2.478948 2.364633 -2.858826 -0.808678 1.524019 -29.655848 -0.970593 1.21785 6e-06 0.0 -0.0 -0.025685 0.01823 -0.034235 -0.06778 0.032245 -0.001979 -0.060564 0.001283 -0.056014 -109.245522 -72.913757 126.151138 35.916008 -64.59285 -4.825721 27.414886 0.117356 -0.051717 -0.919049 -0.076554 13.586778 17.636621 -26.322733 52.411201 -19.466658 -14.395596 29.410393 -1e-06 -8.774819 -3e-06 16.523977 -18.028975 5.966345 -0.609775 -1.795652 -3.889326 -4.807087 -11.046807 -2.937852 5e-06 -20.976013 1e-06 -5.01997 -25.033546 -4.03188 6e-06 -0.0 0.0 -10.634531 -5.686968 -3.565588 10.573271 -17.922945 -3.113899 4e-06 -13.821203 0.0 -0.501776 -31.181498 -4.027015 -11.100666 -59.641075 6.972292 -13.982711 -7.150195 -2.875043 13.772726 -8.40149 -3.218241 0.347735 -34.211536 0.771656 -0.963028 -17.733368 2.62102 0.0 -2e-06 -1e-06 -17.346411 -20.095211 -4.201782 21.757551 -1.638377 3.866428 2e-06 -6.338822 1e-06 -1.697588 -22.591742 -6.194002 -1e-06 -2e-06 -1e-06 66.569305 -75.267456 133.398483 40.657875 -64.621048 -9.838834 32.615822 0.317571 0.075823 3.170848 7.724389 5.862513 22.182114 -20.375893 49.933323 -16.701815 -16.74353 28.476534 -3e-06 -12.690602 1e-06 16.034594 -17.257334 2.677783 -0.10592 -1.513856 -4.275884 -5.03904 -5.612871 -2.953557 4e-06 -11.020523 -3e-06 -6.111297 -15.895332 -3.840469 -0.0 1e-06 1e-06 -10.283369 -5.680287 -4.341838 11.028294 -11.302404 -2.372632 -1.384267 -14.238581 -6.320121 -0.625435 -26.924187 -3.827603 -4.415577 -49.558392 -3.379645 -13.708526 -7.363476 -3.720939 18.141151 -14.052739 -3.242675 6e-06 -18.787268 -1e-06 -0.429712 -8.456043 2.555504 1e-06 -2e-06 -0.0 -15.923532 -20.094482 -5.473586 30.41921 -7.190827 1.735926 0.0 -8.162927 -1e-06 -1.861901 -22.861469 -6.167941 0.0 -2e-06 -1e-06 -173.872986 -2.758775 -0.770355 11.00906 0.040469 -0.083864 -83.876869 -2.164028 -6.140007 -3.516852 1.40569 2.190624 -1.0 0.0 -0.0 2.97567 -5.815515 -6.177129 15.664687 -0.043954 -0.026527 -83.949989 -6.007308 -8.682439 -3.727685 0.580768 1.679111 -1.000002 -0.0 0.0 
0.0 0.0 0.0 0.0 -0.0 0.0 0.298839 99.128777 3.221763 90.759605 2.484707 91.592812 -3.644751 1.747175 0.285967 -12.709167 0.225187 1.19849 24.909698 -2.408267 -0.700083 34.998932 -3.415707 2.33191 -2.850001 -0.855689 1.718513 -27.489355 -1.101338 1.432744 5e-06 -0.0 -0.0 -0.042089 0.015385 -0.014221 -0.057173 0.034876 0.018733 -0.053371 -0.007592 -0.036016 -109.093384 -73.006218 126.070541 36.399647 -64.662682 -5.102369 27.424482 0.06177 -0.046534 -0.835697 -0.275819 13.581553 17.636627 -26.322739 52.411201 -19.466665 -14.3956 29.410395 -1e-06 -8.774822 0.0 16.538284 -18.042852 5.941652 -0.609775 -1.795654 -3.889327 -4.807087 -11.046812 -2.937852 5e-06 -20.976021 -0.0 -5.01997 -25.03356 -4.031882 6e-06 0.0 1e-06 -10.634533 -5.686971 -3.565585 10.573276 -17.922955 -3.113901 3e-06 -13.821211 -0.0 -0.501776 -31.181511 -4.027017 -11.109072 -59.652775 6.930138 -13.982714 -7.150198 -2.87504 13.772731 -8.401494 -3.218242 0.347736 -34.211559 0.771652 -0.963028 -17.733372 2.62102 2e-06 -1e-06 0.0 -17.346418 -20.095219 -4.201779 21.757561 -1.638377 3.866427 2e-06 -6.338824 1e-06 -1.697588 -22.591751 -6.194005 -1e-06 -3e-06 -1e-06 67.671608 -75.318367 132.380219 41.339989 -64.705376 -10.330549 32.822155 0.340692 0.070653 3.191236 7.790188 5.303887 22.182114 -20.375895 49.933319 -16.701811 -16.743528 28.476528 -2e-06 -12.690599 -1e-06 16.037529 -17.247082 2.656728 -0.105919 -1.513855 -4.275882 -5.03904 -5.61287 -2.953557 3e-06 -11.02052 -3e-06 -6.111298 -15.89533 -3.840468 -1e-06 -0.0 -1e-06 -10.283369 -5.680287 -4.34184 11.028292 -11.302403 -2.372631 -1.384268 -14.23858 -6.32012 -0.625439 -26.924187 -3.827602 -4.41404 -49.553802 -3.392257 -13.708524 -7.363474 -3.72094 18.141146 -14.052736 -3.242675 7e-06 -18.78727 0.0 -0.429713 -8.456043 2.555502 1e-06 -1e-06 1e-06 -15.923534 -20.094479 -5.473583 30.41921 -7.190822 1.735923 1e-06 -8.162925 1e-06 -1.861904 -22.861467 -6.167941 1e-06 -4e-06 -1e-06 -173.785355 -2.701694 -0.855108 10.932743 0.036118 -0.080322 -83.793335 -2.080677 -6.100352 -3.536164 1.421351 2.195661 -0.999998 -0.0 0.0 3.033309 -5.85709 -6.067922 15.597857 -0.047493 -0.027099 -83.831795 -6.082324 -8.697103 -3.763305 0.584622 1.677898 -1.000003 0.0 -0.0 
0.0 0.0 0.0 0.0 -0.0 0.0 0.352979 99.142326 3.091791 90.771149 2.578705 91.529236 -3.607181 1.851871 0.28041 -12.71266 0.259369 1.168259 25.1705 -2.378781 -0.746032 36.744736 -4.387094 2.287622 -2.834188 -0.911273 1.833233 -25.448805 -1.315903 1.579598 6e-06 -0.0 -0.0 -0.057555 0.011099 0.001708 -0.052399 0.0323 0.030269 -0.053587 -0.014167 -0.015059 -108.857574 -73.104912 125.926262 37.017262 -64.741791 -5.574883 27.411007 0.01467 -0.034489 -0.71085 -0.446753 13.550486 17.636627 -26.322733 52.411194 -19.466656 -14.3956 29.410393 -1e-06 -8.774821 -2e-06 16.568209 -18.059456 5.915794 -0.609776 -1.795653 -3.889328 -4.807088 -11.046808 -2.937851 4e-06 -20.976015 2e-06 -5.019969 -25.033552 -4.031879 7e-06 -0.0 0.0 -10.634535 -5.686971 -3.565588 10.573272 -17.922951 -3.113899 4e-06 -13.821209 1e-06 -0.501781 -31.181505 -4.02701 -11.150102 -59.689243 6.912961 -13.982714 -7.150197 -2.875042 13.77273 -8.401492 -3.218241 0.347734 -34.211552 0.771657 -0.96303 -17.733376 2.621022 1e-06 -1e-06 -2e-06 -17.346416 -20.095215 -4.20178 21.757557 -1.638375 3.866428 1e-06 -6.338821 1e-06 -1.697589 -22.591747 -6.194007 -1e-06 -2e-06 -1e-06 69.036804 -75.434067 131.088928 42.106548 -64.786201 -10.781727 32.995865 0.335352 0.069206 3.159086 7.825181 4.854673 22.182116 -20.375895 49.933308 -16.701809 -16.743528 28.476522 -2e-06 -12.690601 -1e-06 16.042694 -17.25107 2.630872 -0.105918 -1.513854 -4.275882 -5.039042 -5.612871 -2.953559 4e-06 -11.020523 -2e-06 -6.1113 -15.89533 -3.84047 0.0 1e-06 -1e-06 -10.283369 -5.680287 -4.341841 11.028292 -11.302404 -2.372633 -1.384268 -14.23858 -6.320121 -0.625443 -26.924183 -3.827598 -4.403791 -49.554867 -3.445678 -13.708525 -7.363474 -3.720939 18.141146 -14.052736 -3.242674 5e-06 -18.787266 1e-06 -0.429713 -8.45604 2.555505 -0.0 -1e-06 -2e-06 -15.923536 -20.094482 -5.473584 30.41921 -7.190826 1.735928 -0.0 -8.162927 1e-06 -1.861902 -22.861467 -6.167943 -0.0 -3e-06 -3e-06 -173.764786 -2.649514 -0.948232 10.944812 0.02985 -0.078515 -83.72921 -1.98747 -6.067405 -3.543265 1.428772 2.199209 -1.0 0.0 0.0 3.046092 -5.90059 -5.96614 15.572948 -0.04874 -0.02256 -83.721001 -6.140452 -8.695264 -3.781613 0.591642 1.678216 -1.000004 0.0 -0.0 
0.0 0.0 0.0 0.0 -0.0 0.0 0.399905 99.163887 2.940733 90.774826 2.666921 91.465118 -3.551261 1.960142 0.284356 -12.707153 0.28833 1.125093 25.474072 -2.360906 -0.80659 38.608116 -5.38213 2.254782 -2.809151 -0.963884 1.852678 -23.521973 -1.611654 1.64564 6e-06 -0.0 1e-06 -0.068791 0.007471 0.010862 -0.063208 0.029098 0.028884 -0.069861 -0.01885 0.005121 -108.496071 -73.184769 125.690956 37.759575 -64.815987 -6.29497 27.403721 -0.047521 -0.039398 -0.529518 -0.565124 13.581872 17.636627 -26.322733 52.411201 -19.466665 -14.395598 29.410393 -1e-06 -8.774822 -3e-06 16.600752 -18.075659 5.90334 -0.609776 -1.795654 -3.889326 -4.80709 -11.046813 -2.937851 4e-06 -20.976023 0.0 -5.019969 -25.033564 -4.031882 6e-06 1e-06 -0.0 -10.634537 -5.686972 -3.565584 10.573277 -17.922953 -3.113903 4e-06 -13.821213 -1e-06 -0.501777 -31.181519 -4.027017 -11.195522 -59.716747 6.929708 -13.982717 -7.150199 -2.87504 13.772731 -8.401494 -3.218242 0.347734 -34.211555 0.771653 -0.963028 -17.733379 2.621021 1e-06 1e-06 -1e-06 -17.346422 -20.095219 -4.20178 21.757561 -1.638375 3.866429 1e-06 -6.338823 1e-06 -1.697592 -22.591749 -6.194006 0.0 -2e-06 -1e-06 70.602333 -75.599136 129.627808 42.984615 -64.818192 -11.248044 33.149406 0.276231 0.059739 3.100271 7.864581 4.633836 22.182117 -20.375898 49.933327 -16.701817 -16.74353 28.476538 -4e-06 -12.690601 -1e-06 16.047937 -17.258734 2.597677 -0.105921 -1.513857 -4.275883 -5.03904 -5.61287 -2.953557 4e-06 -11.020523 -2e-06 -6.111297 -15.895334 -3.840472 -1e-06 -0.0 -1e-06 -10.28337 -5.680288 -4.341838 11.028294 -11.302406 -2.372633 -1.384266 -14.238581 -6.320123 -0.625437 -26.924191 -3.827601 -4.392847 -49.543629 -3.507498 -13.708526 -7.363476 -3.72094 18.141153 -14.052741 -3.242676 8e-06 -18.78727 -2e-06 -0.429713 -8.456045 2.555505 -0.0 -1e-06 0.0 -15.923536 -20.094482 -5.473586 30.41921 -7.190826 1.735923 2e-06 -8.162929 1e-06 -1.861903 -22.861467 -6.167942 0.0 -2e-06 -1e-06 -173.742172 -2.609429 -1.045816 10.905517 0.02406 -0.077883 -83.624374 -1.890818 -6.041163 -3.54146 1.431856 2.201617 -0.999998 -0.0 -0.0 3.064304 -5.932704 -5.896708 15.493719 -0.048901 -0.015331 -83.570999 -6.160487 -8.690688 -3.793761 0.600901 1.679636 -1.000002 0.0 0.0 
0.0 0.0 0.0 0.0 -0.0 0.0 0.433242 99.189926 2.779289 90.765793 2.733285 91.383934 -3.483169 2.069798 0.293237 -12.681639 0.304379 1.083476 25.788294 -2.339007 -0.863949 40.502266 -6.379651 2.221087 -2.784513 -0.990947 1.7713 -21.679977 -1.958771 1.625596 6e-06 0.0 1e-06 -0.07416 0.004491 0.015308 -0.088671 0.03133 0.018113 -0.098671 -0.027884 0.024973 -108.076363 -73.223282 125.413574 38.579189 -64.894997 -7.190735 27.381681 -0.094644 -0.058042 -0.320449 -0.635342 13.651619 17.636627 -26.322723 52.411182 -19.466658 -14.395596 29.410385 -0.0 -8.774821 -3e-06 16.614325 -18.085562 5.907909 -0.609775 -1.795653 -3.889328 -4.807088 -11.046809 -2.93785 3e-06 -20.976015 1e-06 -5.01997 -25.033556 -4.031879 6e-06 -0.0 1e-06 -10.634533 -5.68697 -3.565588 10.573272 -17.922947 -3.1139 3e-06 -13.821205 -2e-06 -0.501776 -31.181498 -4.027017 -11.251336 -59.735245 6.954674 -13.982714 -7.150198 -2.875043 13.772728 -8.401492 -3.21824 0.347734 -34.211552 0.771654 -0.963029 -17.73337 2.621021 1e-06 1e-06 -1e-06 -17.346418 -20.095215 -4.201783 21.757557 -1.638376 3.866427 2e-06 -6.338822 1e-06 -1.697589 -22.591743 -6.194006 -0.0 -3e-06 -2e-06 72.243912 -75.786377 128.126068 43.88607 -64.79557 -11.672843 33.317642 0.196545 0.044382 3.017591 7.900534 4.693115 22.182117 -20.375883 49.9333 -16.701815 -16.74353 28.476521 -3e-06 -12.690602 -2e-06 16.045319 -17.253227 2.566815 -0.105919 -1.513855 -4.275881 -5.039042 -5.61287 -2.953556 4e-06 -11.02052 -3e-06 -6.111297 -15.89533 -3.840471 -1e-06 -0.0 -1e-06 -10.283372 -5.680288 -4.341838 11.028294 -11.302402 -2.372633 -1.384268 -14.238579 -6.320121 -0.625439 -26.924179 -3.827603 -4.380527 -49.526772 -3.553998 -13.708527 -7.363475 -3.72094 18.141148 -14.052738 -3.242674 8e-06 -18.787266 -3e-06 -0.429713 -8.456039 2.555504 0.0 -1e-06 -2e-06 -15.923538 -20.094482 -5.473584 30.419218 -7.190825 1.735925 1e-06 -8.162927 1e-06 -1.861901 -22.861465 -6.167945 -1e-06 -2e-06 -2e-06 -173.74617 -2.593336 -1.171366 10.860232 0.024223 -0.082354 -83.507195 -1.77985 -6.017491 -3.54202 1.434141 2.202422 -0.999999 -0.0 0.0 3.057465 -5.948828 -5.857342 15.394355 -0.047011 -0.00828 -83.405884 -6.119546 -8.678852 -3.800243 0.606228 1.681059 -1.000003 -0.0 -0.0 
0.0 0.0 0.0 0.0 -0.0 0.0 0.450534 99.203087 2.600265 90.73597 2.787395 91.305328 -3.39753 2.191299 0.297938 -12.635901 0.312935 1.044619 26.119194 -2.31308 -0.903853 42.395405 -7.370842 2.167117 -2.765908 -0.988296 1.591203 -19.896267 -2.329754 1.541707 5e-06 -0.0 0.0 -0.075361 0.000614 0.019454 -0.124464 0.03834 0.003438 -0.140151 -0.043425 0.048007 -107.683548 -73.215546 125.159065 39.431168 -64.976364 -8.136343 27.359592 -0.124287 -0.079477 -0.09399 -0.618206 13.650832 17.636631 -26.322718 52.411171 -19.46666 -14.395596 29.410378 -1e-06 -8.774819 -4e-06 16.583359 -18.094904 5.939272 -0.609776 -1.795653 -3.889328 -4.807087 -11.046809 -2.937849 5e-06 -20.976015 -1e-06 -5.019968 -25.033552 -4.031879 6e-06 2e-06 -1e-06 -10.634534 -5.686969 -3.565586 10.573272 -17.922945 -3.113901 4e-06 -13.821206 -1e-06 -0.501777 -31.181501 -4.027014 -11.290103 -59.724262 6.950422 -13.982712 -7.150197 -2.87504 13.77273 -8.401491 -3.218243 0.347734 -34.211544 0.771654 -0.963028 -17.73337 2.62102 0.0 -1e-06 -1e-06 -17.346416 -20.095213 -4.201783 21.757555 -1.638375 3.866431 2e-06 -6.338821 1e-06 -1.697588 -22.591742 -6.194004 -0.0 -2e-06 -2e-06 73.925117 -75.948105 126.622147 44.749981 -64.721603 -11.946982 33.58041 0.138976 0.015711 2.881484 7.96568 4.930719 22.182108 -20.375887 49.933308 -16.701813 -16.743528 28.476526 -3e-06 -12.690598 0.0 16.041985 -17.249592 2.549873 -0.105918 -1.513855 -4.275879 -5.03904 -5.61287 -2.953554 6e-06 -11.020521 -3e-06 -6.111296 -15.89533 -3.840469 0.0 1e-06 -1e-06 -10.283368 -5.680286 -4.341836 11.028291 -11.302403 -2.372633 -1.384266 -14.23858 -6.320121 -0.625435 -26.924185 -3.827602 -4.395052 -49.525845 -3.559369 -13.708521 -7.363473 -3.720937 18.14115 -14.052738 -3.242677 9e-06 -18.787262 -4e-06 -0.429711 -8.456043 2.555501 -0.0 -1e-06 -1e-06 -15.92353 -20.094479 -5.473581 30.419207 -7.190825 1.735924 1e-06 -8.162924 -0.0 -1.8619 -22.861467 -6.167942 2e-06 -5e-06 -1e-06 -173.920761 -2.617929 -1.318986 11.129415 0.022693 -0.100492 -83.518402 -1.648143 -6.010527 -3.549934 1.44002 2.20243 -0.999999 0.0 0.0 2.959889 -5.946997 -5.860095 15.430962 -0.04178 -0.002366 -83.301315 -6.037463 -8.65746 -3.79457 0.611972 1.682931 -1.0 -0.0 0.0 
0.0 0.0 0.0 0.0 -0.0 0.0 0.45851 99.206917 2.413086 90.687408 2.833328 91.259796 -3.286709 2.310933 0.295067 -12.588399 0.324674 1.019465 26.487665 -2.295861 -0.9595 44.240849 -8.279068 2.091892 -2.746265 -0.983658 1.372299 -18.315434 -2.674173 1.40953 6e-06 1e-06 0.0 -0.07661 0.000733 0.01365 -0.162173 0.052745 -0.020917 -0.19092 -0.057773 0.061468 -107.151382 -73.189178 124.750359 40.276173 -65.088333 -9.032068 27.411055 -0.120342 -0.088346 0.095279 -0.561484 13.664572 17.636631 -26.322725 52.411194 -19.46666 -14.395598 29.410389 0.0 -8.774823 -2e-06 16.538195 -18.111994 5.986945 -0.609777 -1.795655 -3.889326 -4.807093 -11.046813 -2.93785 1e-06 -20.976021 -0.0 -5.019976 -25.03356 -4.031883 7e-06 2e-06 1e-06 -10.634537 -5.686974 -3.565588 10.573272 -17.922947 -3.113901 1e-06 -13.82121 -2e-06 -0.501781 -31.181505 -4.027019 -11.333824 -59.739521 6.980931 -13.982718 -7.1502 -2.875041 13.772731 -8.40149 -3.218241 0.34773 -34.211555 0.771652 -0.963028 -17.73337 2.62102 1e-06 -0.0 0.0 -17.346426 -20.095221 -4.201779 21.757561 -1.638372 3.866431 0.0 -6.338822 1e-06 -1.697592 -22.591747 -6.19401 -0.0 -3e-06 -1e-06 75.64666 -76.069893 125.10508 45.560329 -64.629578 -12.066314 33.982216 0.119064 -0.022323 2.708947 8.101611 5.281641 22.182121 -20.375896 49.933319 -16.701813 -16.74353 28.47653 -2e-06 -12.690603 -1e-06 16.03968 -17.266214 2.537198 -0.10592 -1.513857 -4.275882 -5.039042 -5.612871 -2.953556 5e-06 -11.020524 -2e-06 -6.1113 -15.895334 -3.840471 -0.0 -1e-06 -1e-06 -10.283375 -5.680289 -4.341836 11.028297 -11.302405 -2.372633 -1.38427 -14.238583 -6.320121 -0.625439 -26.924194 -3.8276 -4.415006 -49.528893 -3.563665 -13.708529 -7.363478 -3.720938 18.141151 -14.052739 -3.242674 7e-06 -18.78727 -2e-06 -0.429711 -8.456044 2.555501 -0.0 -0.0 0.0 -15.923541 -20.094486 -5.473582 30.419224 -7.190827 1.735929 1e-06 -8.162927 -2e-06 -1.861904 -22.861473 -6.167942 0.0 -1e-06 -1e-06 -174.217117 -2.678 -1.471166 11.617563 0.015312 -0.123341 -83.617325 -1.519865 -5.979096 -3.560729 1.450821 2.201444 -0.999998 0.0 0.0 2.820424 -5.921499 -5.898855 15.538233 -0.038548 0.001013 -83.231331 -5.952043 -8.622357 -3.803174 0.624291 1.683636 -1.000001 -1e-06 0.0 
0.0 0.0 0.0 0.0 -0.0 0.0 0.457571 99.224762 2.238121 90.64045 2.856117 91.292953 -3.152181 2.39146 0.291521 -12.540757 0.334743 0.985498 26.870298 -2.307164 -1.023546 45.91811 -9.02147 2.025748 -2.720023 -0.987418 1.172259 -17.027096 -2.930682 1.235395 7e-06 1e-06 -1e-06 -0.08091 -0.000106 0.009393 -0.20179 0.067352 -0.041622 -0.244863 -0.073632 0.074387 -106.180275 -73.17675 123.891708 41.158367 -65.246948 -9.87383 27.64706 -0.102736 -0.083883 0.221161 -0.58918 13.816491 17.636629 -26.322727 52.411182 -19.466661 -14.395596 29.410381 -0.0 -8.774822 -3e-06 16.508337 -18.126083 6.005247 -0.609776 -1.795653 -3.889328 -4.807088 -11.046809 -2.937851 3e-06 -20.976015 1e-06 -5.019969 -25.033546 -4.03188 6e-06 -1e-06 0.0 -10.634533 -5.68697 -3.565585 10.573272 -17.922947 -3.1139 4e-06 -13.821206 -1e-06 -0.501777 -31.181505 -4.027015 -11.371989 -59.760746 7.022775 -13.982714 -7.150198 -2.87504 13.772727 -8.401491 -3.218241 0.347733 -34.211544 0.771653 -0.963029 -17.733366 2.62102 1e-06 -1e-06 -2e-06 -17.346416 -20.095215 -4.201779 21.757555 -1.638374 3.866426 1e-06 -6.338822 1e-06 -1.69759 -22.591743 -6.194005 0.0 -4e-06 -1e-06 77.429863 -76.165451 123.529343 46.30648 -64.586685 -12.148181 34.477634 0.113878 -0.043861 2.556887 8.298998 5.614972 22.182121 -20.375898 49.933323 -16.701817 -16.74353 28.476532 -2e-06 -12.690603 -0.0 16.045139 -17.291092 2.524498 -0.105918 -1.513857 -4.275882 -5.039042 -5.612873 -2.953559 4e-06 -11.020526 -1e-06 -6.111298 -15.895334 -3.840472 0.0 1e-06 1e-06 -10.283373 -5.680289 -4.341839 11.028296 -11.302406 -2.372634 -1.384269 -14.238584 -6.320124 -0.62544 -26.924194 -3.827601 -4.423403 -49.527435 -3.581419 -13.708527 -7.363479 -3.72094 18.141151 -14.05274 -3.242675 7e-06 -18.787271 -1e-06 -0.429711 -8.456045 2.555502 1e-06 -1e-06 0.0 -15.923539 -20.094492 -5.473586 30.419222 -7.190828 1.735927 1e-06 -8.16293 -2e-06 -1.861903 -22.861473 -6.16794 1e-06 -4e-06 -2e-06 -174.447556 -2.746161 -1.571497 11.8954 0.008054 -0.13572 -83.615112 -1.403019 -5.920969 -3.553513 1.451506 2.19801 -0.999998 -0.0 0.0 2.758019 -5.874728 -5.984728 15.486066 -0.038419 0.002806 -83.098198 -5.881286 -8.594582 -3.812442 0.630961 1.680359 -1.000002 0.0 0.0 
0.0 0.0 0.0 0.0 -0.0 0.0 0.443187 99.255989 2.063873 90.620178 2.827693 91.41552 -3.009412 2.411297 0.289303 -12.484901 0.333374 0.939177 27.227221 -2.353572 -1.072948 47.405457 -9.576459 1.969369 -2.691324 -0.997016 1.02815 -15.980639 -3.105186 1.056332 5e-06 1e-06 -0.0 -0.084208 -0.001506 0.005676 -0.225495 0.084013 -0.055601 -0.281327 -0.092468 0.081322 -104.78508 -73.201027 122.596146 42.061188 -65.433167 -10.642815 28.078135 -0.102905 -0.07664 0.338258 -0.715104 14.055409 17.636625 -26.322729 52.411182 -19.46666 -14.395597 29.410385 0.0 -8.774822 -2e-06 16.48764 -18.13805 6.00291 -0.609777 -1.795653 -3.889323 -4.807089 -11.04681 -2.937851 3e-06 -20.976019 2e-06 -5.019971 -25.033552 -4.031878 7e-06 -0.0 -1e-06 -10.634535 -5.68697 -3.565585 10.573274 -17.922949 -3.113897 3e-06 -13.821206 -0.0 -0.501781 -31.181498 -4.027014 -11.401479 -59.773697 7.051515 -13.982714 -7.150197 -2.875039 13.772727 -8.401489 -3.218241 0.347731 -34.211544 0.771654 -0.963028 -17.733366 2.621018 0.0 -0.0 -1e-06 -17.346416 -20.095215 -4.201779 21.757557 -1.638374 3.866428 1e-06 -6.338822 2e-06 -1.697589 -22.591742 -6.194004 -1e-06 -1e-06 -3e-06 79.253998 -76.235703 121.896286 46.962124 -64.630783 -12.209455 34.993717 0.104904 -0.052455 2.436226 8.522942 5.980399 22.182121 -20.375898 49.933323 -16.701813 -16.743528 28.476532 -3e-06 -12.690603 1e-06 16.049068 -17.302555 2.511855 -0.105921 -1.513857 -4.275883 -5.03904 -5.612871 -2.953556 5e-06 -11.020525 -1e-06 -6.111297 -15.895334 -3.840472 -0.0 2e-06 0.0 -10.283372 -5.680289 -4.34184 11.028294 -11.302405 -2.372633 -1.38427 -14.238581 -6.320122 -0.62544 -26.924187 -3.8276 -4.415987 -49.504375 -3.614416 -13.708526 -7.363477 -3.720939 18.14115 -14.052739 -3.242674 6e-06 -18.78727 -2e-06 -0.429712 -8.456044 2.555504 -1e-06 -0.0 1e-06 -15.923538 -20.094482 -5.473583 30.419218 -7.190827 1.735927 1e-06 -8.162926 -3e-06 -1.861903 -22.861469 -6.167942 0.0 -4e-06 -0.0 -174.658981 -2.795039 -1.57815 11.98131 0.003727 -0.141944 -83.510643 -1.29173 -5.873832 -3.533919 1.439928 2.193479 -0.999999 0.0 0.0 2.696713 -5.834311 -6.09655 15.356399 -0.038894 0.00688 -82.931023 -5.87383 -8.602485 -3.803837 0.627869 1.676913 -1.000001 0.0 0.0 
0.0 0.0 0.0 0.0 -0.0 0.0 0.418183 99.295197 1.887089 90.619141 2.718087 91.614258 -2.872425 2.381546 0.296265 -12.424559 0.320696 0.907577 27.524025 -2.417774 -1.101336 48.634377 -9.955861 1.925536 -2.666934 -0.993789 0.924986 -15.220922 -3.213251 0.925212 6e-06 -0.0 -1e-06 -0.084445 -0.002383 0.002639 -0.227142 0.100962 -0.061188 -0.294009 -0.110511 0.080922 -103.276543 -73.267784 121.144119 42.85041 -65.591171 -11.232436 28.644072 -0.139516 -0.066909 0.472494 -0.885673 14.289969 17.636635 -26.322733 52.411186 -19.466665 -14.395597 29.410389 -2e-06 -8.774821 -3e-06 16.460918 -18.165155 6.010712 -0.609776 -1.795654 -3.889327 -4.807088 -11.046811 -2.937852 5e-06 -20.976021 1e-06 -5.019969 -25.033558 -4.03188 6e-06 1e-06 0.0 -10.634535 -5.68697 -3.565586 10.573277 -17.922951 -3.113901 5e-06 -13.82121 -1e-06 -0.501778 -31.181505 -4.027013 -11.430602 -59.772289 7.082251 -13.982716 -7.150198 -2.875041 13.772731 -8.401495 -3.218243 0.347736 -34.211555 0.771656 -0.963028 -17.733376 2.621022 0.0 -0.0 0.0 -17.346416 -20.095217 -4.201783 21.757557 -1.638377 3.866431 3e-06 -6.338824 -0.0 -1.697589 -22.591747 -6.194006 -1e-06 -2e-06 -1e-06 80.831993 -76.27877 120.492287 47.441875 -64.715492 -12.21967 35.460526 0.097408 -0.068176 2.340975 8.766884 6.381052 22.182114 -20.375895 49.933319 -16.701811 -16.74353 28.476528 -3e-06 -12.690601 1e-06 16.049503 -17.303656 2.506248 -0.10592 -1.513856 -4.275882 -5.03904 -5.612871 -2.953556 4e-06 -11.020525 -1e-06 -6.111298 -15.895334 -3.84047 0.0 1e-06 -1e-06 -10.283369 -5.680288 -4.341839 11.028292 -11.302406 -2.372633 -1.384269 -14.238579 -6.320123 -0.62544 -26.924187 -3.8276 -4.395658 -49.491886 -3.644449 -13.708525 -7.363476 -3.72094 18.141151 -14.052739 -3.242676 5e-06 -18.78727 -1e-06 -0.429711 -8.456045 2.555504 0.0 0.0 0.0 -15.923536 -20.094482 -5.473582 30.419214 -7.190826 1.735927 2e-06 -8.162926 -2e-06 -1.861904 -22.861471 -6.167942 -0.0 -5e-06 -0.0 -174.94577 -2.835514 -1.540473 12.007618 0.003502 -0.142792 -83.361534 -1.147896 -5.842546 -3.528151 1.428298 2.188897 -1.000001 -0.0 0.0 2.564612 -5.80196 -6.232346 15.2194 -0.039847 0.008299 -82.757172 -5.928465 -8.630034 -3.805625 0.622157 1.675573 -1.0 -0.0 0.0 
0.0 0.0 0.0 0.0 -0.0 0.0 0.389298 99.340508 1.705192 90.623146 2.533359 91.904121 -2.736533 2.317894 0.306666 -12.355966 0.295497 0.891864 27.758739 -2.485605 -1.106258 49.608257 -10.213943 1.904775 -2.640829 -0.976095 0.853966 -14.749852 -3.275707 0.850596 5e-06 1e-06 -0.0 -0.082432 0.000422 -0.003341 -0.204662 0.11993 -0.063971 -0.283129 -0.123172 0.071891 -101.801117 -73.382858 119.691101 43.563751 -65.670029 -11.731566 29.264397 -0.205926 -0.053601 0.641995 -1.023014 14.449385 17.636631 -26.322729 52.411186 -19.466658 -14.3956 29.410385 -0.0 -8.774822 -4e-06 16.412212 -18.193262 6.045047 -0.609775 -1.795653 -3.889327 -4.807088 -11.04681 -2.93785 4e-06 -20.976015 1e-06 -5.019969 -25.033556 -4.031882 5e-06 4e-06 -0.0 -10.634535 -5.68697 -3.565587 10.573275 -17.922947 -3.113899 3e-06 -13.821209 1e-06 -0.50178 -31.181498 -4.027015 -11.440751 -59.765366 7.1101 -13.982716 -7.150198 -2.875041 13.772731 -8.40149 -3.218241 0.347733 -34.211544 0.771655 -0.963027 -17.73337 2.621021 0.0 -0.0 -0.0 -17.34642 -20.095217 -4.201784 21.757557 -1.638374 3.866429 2e-06 -6.338823 1e-06 -1.69759 -22.591742 -6.194007 -0.0 -3e-06 -2e-06 82.127861 -76.287125 119.352448 47.792233 -64.790352 -12.163518 35.820267 0.106534 -0.079886 2.245422 9.011007 6.804285 22.182114 -20.375891 49.933315 -16.701817 -16.74353 28.47653 -3e-06 -12.690601 -1e-06 16.058502 -17.308825 2.501401 -0.105919 -1.513856 -4.27588 -5.039042 -5.612872 -2.953555 4e-06 -11.020523 -3e-06 -6.111297 -15.89533 -3.840471 0.0 1e-06 -0.0 -10.28337 -5.680288 -4.34184 11.028293 -11.302404 -2.372631 -1.384269 -14.238579 -6.320123 -0.625438 -26.924187 -3.827602 -4.385722 -49.493114 -3.651561 -13.708524 -7.363476 -3.720939 18.141148 -14.052739 -3.242672 7e-06 -18.78727 -2e-06 -0.429708 -8.456045 2.555502 -1e-06 2e-06 -0.0 -15.923536 -20.094484 -5.473587 30.41921 -7.190828 1.735927 1e-06 -8.162925 -1e-06 -1.861901 -22.861473 -6.167943 0.0 -4e-06 -0.0 -175.337952 -2.877603 -1.444875 12.043254 0.004201 -0.137529 -83.196518 -0.975706 -5.817095 -3.548256 1.420618 2.183875 -1.0 0.0 -0.0 2.377396 -5.771654 -6.435713 15.059681 -0.039404 0.004358 -82.570259 -6.008903 -8.663321 -3.81419 0.622409 1.677538 -1.000003 -0.0 0.0 
0.0 0.0 0.0 0.0 -0.0 0.0 0.361383 99.397194 1.518812 90.622536 2.293854 92.291344 -2.590407 2.228316 0.325328 -12.281453 0.260535 0.877816 27.944382 -2.553096 -1.1121 50.332355 -10.360834 1.910358 -2.612795 -0.959409 0.825755 -14.498203 -3.295895 0.834162 7e-06 -1e-06 0.0 -0.081982 -7e-06 -0.005565 -0.169408 0.133858 -0.061497 -0.258212 -0.137455 0.065303 -100.294785 -73.54705 118.186302 44.367348 -65.654091 -12.309545 29.813732 -0.278289 -0.046642 0.831042 -1.069096 14.547682 17.636629 -26.322733 52.411194 -19.46666 -14.395598 29.410385 -1e-06 -8.774821 -3e-06 16.354139 -18.196083 6.085706 -0.609777 -1.795654 -3.889329 -4.807088 -11.046811 -2.937851 4e-06 -20.976021 1e-06 -5.01997 -25.033556 -4.031878 6e-06 2e-06 0.0 -10.634534 -5.68697 -3.565589 10.573275 -17.922951 -3.1139 4e-06 -13.82121 2e-06 -0.501778 -31.181505 -4.027013 -11.416411 -59.765701 7.132673 -13.982714 -7.150197 -2.875041 13.772729 -8.401491 -3.21824 0.347734 -34.211552 0.771654 -0.96303 -17.733372 2.621021 1e-06 1e-06 -1e-06 -17.346416 -20.095217 -4.201782 21.757557 -1.638376 3.866427 1e-06 -6.338821 1e-06 -1.69759 -22.591738 -6.194004 -1e-06 -2e-06 -1e-06 83.252235 -76.277443 118.378792 48.128231 -64.84066 -12.117481 36.076061 0.128844 -0.076629 2.115496 9.288627 7.197994 22.182117 -20.37591 49.933331 -16.701811 -16.74353 28.47653 -3e-06 -12.690601 -1e-06 16.061069 -17.308266 2.503672 -0.105919 -1.513855 -4.275884 -5.039042 -5.612872 -2.953557 4e-06 -11.020523 -3e-06 -6.111299 -15.895332 -3.84047 0.0 1e-06 -0.0 -10.283373 -5.680288 -4.341842 11.028293 -11.302402 -2.372629 -1.384271 -14.238577 -6.320121 -0.625438 -26.924189 -3.827599 -4.388565 -49.50428 -3.625883 -13.708526 -7.363474 -3.720939 18.141148 -14.052739 -3.24267 6e-06 -18.787268 0.0 -0.429714 -8.456042 2.555506 1e-06 0.0 0.0 -15.923536 -20.094482 -5.473586 30.41921 -7.190826 1.735929 2e-06 -8.162926 1e-06 -1.861903 -22.861469 -6.167942 0.0 -6e-06 -0.0 -175.78183 -2.925656 -1.299831 12.018116 0.004339 -0.120399 -82.981995 -0.776651 -5.784685 -3.597915 1.413792 2.177238 -0.999998 -0.0 0.0 2.204785 -5.734602 -6.72651 14.782991 -0.033768 -0.007033 -82.323349 -6.124246 -8.707367 -3.838769 0.624214 1.680764 -1.000002 0.0 0.0 
0.0 0.0 0.0 0.0 -0.0 0.0 0.329465 99.45372 1.338785 90.608696 2.02137 92.78949 -2.438205 2.122458 0.34158 -12.201996 0.218857 0.862552 28.081268 -2.623706 -1.131443 50.81258 -10.396111 1.923655 -2.585944 -0.945922 0.876558 -14.383439 -3.26154 0.830485 6e-06 -2e-06 0.0 -0.083902 -0.001192 -0.006355 -0.142009 0.142238 -0.061488 -0.236991 -0.147897 0.06396 -98.777885 -73.777206 116.637352 45.291084 -65.544411 -12.947662 30.165419 -0.330517 -0.045853 1.013922 -1.016756 14.696682 17.636627 -26.322733 52.411201 -19.466661 -14.395598 29.410395 -1e-06 -8.774822 -2e-06 16.32312 -18.202105 6.111317 -0.609776 -1.795654 -3.889328 -4.80709 -11.046811 -2.937851 3e-06 -20.976019 -0.0 -5.019972 -25.033554 -4.031882 6e-06 0.0 1e-06 -10.634535 -5.686971 -3.565588 10.573272 -17.922947 -3.1139 3e-06 -13.821211 1e-06 -0.50178 -31.181501 -4.027015 -11.418334 -59.791061 7.156012 -13.982714 -7.150199 -2.875044 13.772731 -8.401491 -3.218243 0.347732 -34.211555 0.771653 -0.963029 -17.733372 2.62102 2e-06 -2e-06 0.0 -17.346422 -20.095219 -4.201779 21.757563 -1.638372 3.866428 1e-06 -6.338822 2e-06 -1.697591 -22.591743 -6.194007 -0.0 -4e-06 -2e-06 84.298279 -76.255814 117.486549 48.489262 -64.897293 -12.170031 36.278793 0.155066 -0.084616 2.00555 9.562575 7.490386 22.182117 -20.375893 49.933323 -16.701813 -16.74353 28.476532 -3e-06 -12.690601 -1e-06 16.076302 -17.308134 2.502953 -0.10592 -1.513857 -4.275881 -5.03904 -5.61287 -2.953558 4e-06 -11.020523 -2e-06 -6.111298 -15.89533 -3.840469 -0.0 1e-06 -0.0 -10.283371 -5.680288 -4.341839 11.028296 -11.302406 -2.372632 -1.384271 -14.238581 -6.320123 -0.625437 -26.924194 -3.827603 -4.398266 -49.536957 -3.605471 -13.708527 -7.363479 -3.72094 18.141148 -14.052739 -3.242674 5e-06 -18.78727 -2e-06 -0.429711 -8.456044 2.555504 -1e-06 2e-06 -1e-06 -15.923536 -20.094484 -5.473587 30.419214 -7.190827 1.73593 2e-06 -8.162926 -2e-06 -1.8619 -22.861475 -6.167945 -0.0 -4e-06 1e-06 -176.312744 -2.99402 -1.093487 12.068018 0.004164 -0.097987 -82.791176 -0.520445 -5.751764 -3.656472 1.40373 2.169594 -0.999999 0.0 0.0 2.045222 -5.677452 -7.100882 14.460103 -0.029773 -0.01405 -82.063194 -6.305613 -8.762047 -3.869631 0.62344 1.683504 -1.000002 -0.0 -0.0 
0.0 0.0 0.0 0.0 -0.0 0.0 0.306665 99.503784 1.173774 90.585716 1.728513 93.360725 -2.284955 2.014367 0.341945 -12.128926 0.179279 0.844445 28.199436 -2.720476 -1.15902 51.121914 -10.353096 1.946104 -2.559979 -0.939427 0.979152 -14.363963 -3.1926 0.818448 6e-06 0.0 0.0 -0.086801 -0.002802 -0.004429 -0.128076 0.147009 -0.060596 -0.228021 -0.15558 0.067206 -97.42131 -74.027466 115.27536 46.377705 -65.285622 -13.761683 30.305433 -0.364765 -0.050727 1.152425 -0.840333 14.873838 17.636629 -26.322744 52.411205 -19.46666 -14.395598 29.410395 -1e-06 -8.774821 -3e-06 16.304235 -18.191814 6.113518 -0.609776 -1.795654 -3.889327 -4.807087 -11.046809 -2.93785 5e-06 -20.976019 3e-06 -5.019969 -25.033552 -4.031877 6e-06 1e-06 0.0 -10.634533 -5.686969 -3.56559 10.573274 -17.922951 -3.113898 5e-06 -13.821211 1e-06 -0.501778 -31.181498 -4.027012 -11.437946 -59.785957 7.157969 -13.982712 -7.150196 -2.875044 13.772727 -8.401493 -3.218242 0.347733 -34.211544 0.77166 -0.96303 -17.73337 2.621024 0.0 -2e-06 0.0 -17.346415 -20.095213 -4.201783 21.757557 -1.638379 3.866428 2e-06 -6.338822 0.0 -1.697587 -22.591742 -6.194005 0.0 -3e-06 -2e-06 85.387321 -76.22847 116.538162 48.836521 -64.991699 -12.359561 36.523155 0.122601 -0.105329 1.945277 9.860013 7.728383 22.182112 -20.375898 49.933327 -16.701815 -16.743528 28.476534 -4e-06 -12.690601 -0.0 16.102137 -17.30575 2.481506 -0.105919 -1.513855 -4.275882 -5.039041 -5.612873 -2.953557 5e-06 -11.020527 -4e-06 -6.111297 -15.895334 -3.84047 0.0 1e-06 1e-06 -10.283369 -5.680288 -4.341839 11.028296 -11.302407 -2.372634 -1.384268 -14.238585 -6.320121 -0.625435 -26.924198 -3.827603 -4.391709 -49.560429 -3.621861 -13.708525 -7.363478 -3.720942 18.141153 -14.05274 -3.242677 8e-06 -18.787271 -3e-06 -0.42971 -8.456045 2.555504 2e-06 -0.0 1e-06 -15.923534 -20.094486 -5.473588 30.419218 -7.190829 1.735925 2e-06 -8.162927 -1e-06 -1.861901 -22.861473 -6.167943 -0.0 -5e-06 -1e-06 -176.92009 -3.062667 -0.823934 12.225281 0.004448 -0.079198 -82.653412 -0.219512 -5.723736 -3.710375 1.392314 2.164187 -1.0 -0.0 0.0 1.88183 -5.614346 -7.475529 14.148551 -0.024706 -0.026962 -81.821686 -6.560452 -8.853497 -3.90993 0.621962 1.68596 -1.000002 1e-06 -0.0 
0.0 0.0 0.0 0.0 -0.0 0.0 0.298977 99.539536 1.028908 90.541656 1.458925 93.972359 -2.128185 1.928466 0.333243 -12.058218 0.144186 0.817382 28.323004 -2.846589 -1.196164 51.338428 -10.259872 1.978937 -2.545648 -0.966128 1.088588 -14.419318 -3.112088 0.806586 5e-06 -1e-06 1e-06 -0.089885 -0.008782 0.002873 -0.13201 0.142008 -0.057745 -0.236604 -0.162116 0.078681 -96.162819 -74.275696 114.064308 47.670986 -64.910088 -14.896426 30.261267 -0.392365 -0.065733 1.213605 -0.547186 15.025499 17.636623 -26.322725 52.411175 -19.466648 -14.395596 29.410378 -1e-06 -8.774818 -3e-06 16.300133 -18.177811 6.112089 -0.609776 -1.795653 -3.889326 -4.807086 -11.046804 -2.93785 4e-06 -20.976006 1e-06 -5.019969 -25.033543 -4.031876 7e-06 0.0 -1e-06 -10.634529 -5.686967 -3.565586 10.573268 -17.922943 -3.113897 3e-06 -13.821202 1e-06 -0.501782 -31.181488 -4.02701 -11.463443 -59.773487 7.177429 -13.982709 -7.150195 -2.875042 13.772723 -8.401488 -3.218239 0.347731 -34.211536 0.771657 -0.963029 -17.733366 2.62102 1e-06 -1e-06 0.0 -17.346409 -20.095207 -4.201781 21.757551 -1.638374 3.866426 1e-06 -6.338821 2e-06 -1.69759 -22.59173 -6.194003 -1e-06 -2e-06 0.0 86.751846 -76.222313 115.26873 49.196728 -65.177361 -12.621777 36.860928 0.053938 -0.124491 1.900959 10.132912 7.935936 22.182116 -20.375891 49.933319 -16.701813 -16.74353 28.476528 -4e-06 -12.690601 -1e-06 16.122398 -17.309061 2.454104 -0.105919 -1.513856 -4.275883 -5.039041 -5.61287 -2.953555 4e-06 -11.020524 -3e-06 -6.111299 -15.89533 -3.840468 -0.0 0.0 -2e-06 -10.283368 -5.680287 -4.341839 11.028294 -11.302403 -2.372633 -1.38427 -14.238577 -6.320121 -0.625439 -26.924185 -3.8276 -4.371479 -49.569183 -3.656749 -13.708522 -7.363474 -3.72094 18.141148 -14.052738 -3.242674 5e-06 -18.78727 -2e-06 -0.429709 -8.456047 2.555502 1e-06 1e-06 -0.0 -15.923532 -20.094482 -5.473583 30.41921 -7.190826 1.735925 3e-06 -8.162922 0.0 -1.861901 -22.861467 -6.167942 -1e-06 -4e-06 -0.0 -177.581024 -3.142303 -0.521246 12.559322 0.007389 -0.060979 -82.614052 0.104114 -5.688239 -3.738703 1.377667 2.159697 -1.0 -0.0 0.0 1.740874 -5.537041 -7.821086 13.883536 -0.019167 -0.046758 -81.62368 -6.84714 -8.989796 -3.922035 0.618179 1.68697 -1.000003 -0.0 0.0 
0.0 0.0 0.0 0.0 -0.0 0.0 0.30629 99.558762 0.917718 90.477867 1.248268 94.544434 -1.97373 1.865924 0.339892 -11.985284 0.118495 0.793901 28.468639 -2.98913 -1.253124 51.493347 -10.190988 2.009012 -2.54376 -1.008906 1.179613 -14.509747 -3.012612 0.811625 1e-05 -1e-06 1e-06 -0.094687 -0.007539 0.003297 -0.151956 0.144668 -0.061833 -0.256544 -0.162097 0.082593 -95.090492 -74.464233 113.103241 49.045177 -64.439056 -16.186092 30.162178 -0.399516 -0.078148 1.185095 -0.251626 15.012964 17.636625 -26.322729 52.41119 -19.466656 -14.395597 29.410381 -1e-06 -8.774821 -2e-06 16.343195 -18.183104 6.103712 -0.609776 -1.795653 -3.88933 -4.807089 -11.046809 -2.937851 4e-06 -20.976017 1e-06 -5.019969 -25.033556 -4.03188 6e-06 -0.0 -1e-06 -10.634533 -5.686969 -3.565587 10.573274 -17.922947 -3.113901 5e-06 -13.821209 -0.0 -0.501777 -31.181498 -4.027016 -11.517018 -59.772762 7.244977 -13.982712 -7.150197 -2.875041 13.77273 -8.401492 -3.218241 0.347736 -34.211555 0.771655 -0.963028 -17.73337 2.621021 0.0 -1e-06 -0.0 -17.346416 -20.095215 -4.20178 21.757559 -1.638376 3.866427 2e-06 -6.338823 1e-06 -1.697589 -22.591738 -6.194002 -0.0 -3e-06 -3e-06 88.410034 -76.243507 113.678757 49.603352 -65.395317 -12.841249 37.250904 0.013165 -0.114651 1.825368 10.301737 8.135245 22.182116 -20.375893 49.933319 -16.701813 -16.74353 28.47653 -3e-06 -12.690601 -2e-06 16.144888 -17.322088 2.427233 -0.105921 -1.513856 -4.275884 -5.039041 -5.612871 -2.953556 6e-06 -11.020523 -6e-06 -6.111298 -15.895329 -3.840469 -0.0 0.0 -0.0 -10.283369 -5.680287 -4.34184 11.028295 -11.302406 -2.372634 -1.384269 -14.238582 -6.320123 -0.625438 -26.924191 -3.8276 -4.332842 -49.590351 -3.700584 -13.708524 -7.363476 -3.720942 18.141148 -14.05274 -3.242672 6e-06 -18.78727 -3e-06 -0.42971 -8.456046 2.555504 1e-06 -1e-06 -1e-06 -15.923532 -20.094481 -5.473586 30.41921 -7.190827 1.735927 3e-06 -8.162922 -1e-06 -1.8619 -22.861469 -6.167941 -1e-06 -4e-06 -1e-06 -178.204391 -3.226534 -0.245302 13.005512 0.005997 -0.041613 -82.665466 0.419784 -5.62804 -3.746458 1.367406 2.158253 -1.0 0.0 -0.0 1.648186 -5.448028 -8.114214 13.676565 -0.017918 -0.068995 -81.478371 -7.119443 -9.134168 -3.910418 0.608421 1.685303 -1.000002 0.0 -0.0 
0.0 0.0 0.0 0.0 -0.0 0.0 0.342725 99.55278 0.849715 90.397018 1.114398 95.018723 -1.811758 1.827787 0.373832 -11.899138 0.101142 0.78518 28.630585 -3.133627 -1.293833 51.604477 -10.203581 2.023354 -2.548946 -1.048237 1.233429 -14.599871 -2.902449 0.846827 6e-06 -1e-06 1e-06 -0.096406 0.008203 -0.009717 -0.175789 0.16421 -0.076984 -0.276355 -0.150462 0.070247 -94.43528 -74.550568 112.576607 50.296207 -63.911842 -17.390455 30.192005 -0.398142 -0.078584 1.154342 0.033717 14.789614 17.636639 -26.322741 52.411209 -19.46666 -14.3956 29.410395 -1e-06 -8.774822 -3e-06 16.393972 -18.192427 6.100841 -0.609777 -1.795654 -3.889329 -4.80709 -11.046811 -2.937851 4e-06 -20.976021 1e-06 -5.01997 -25.03356 -4.031882 6e-06 1e-06 -1e-06 -10.634537 -5.686971 -3.565588 10.573276 -17.922953 -3.113901 4e-06 -13.821213 1e-06 -0.501779 -31.181507 -4.027015 -11.565899 -59.791039 7.323805 -13.982716 -7.150198 -2.875044 13.772731 -8.401493 -3.218242 0.347734 -34.211555 0.771655 -0.963028 -17.733372 2.621021 0.0 -0.0 -1e-06 -17.346422 -20.095221 -4.201785 21.757561 -1.638376 3.86643 2e-06 -6.338824 1e-06 -1.697589 -22.591749 -6.194005 -1e-06 -3e-06 -1e-06 90.229385 -76.280586 111.936684 50.078476 -65.562752 -13.049874 37.607662 0.009369 -0.085575 1.75165 10.331993 8.373713 22.182119 -20.375898 49.933327 -16.701818 -16.74353 28.476536 -3e-06 -12.690603 -3e-06 16.161369 -17.349052 2.418009 -0.105919 -1.513856 -4.275884 -5.039041 -5.612871 -2.953555 4e-06 -11.020527 -2e-06 -6.111297 -15.895336 -3.840473 -0.0 -1e-06 1e-06 -10.283371 -5.680289 -4.34184 11.028296 -11.302407 -2.372636 -1.384269 -14.238583 -6.320121 -0.625435 -26.924196 -3.827601 -4.293652 -49.631306 -3.732798 -13.708527 -7.363479 -3.720942 18.141155 -14.052742 -3.242679 7e-06 -18.78727 -2e-06 -0.429711 -8.456047 2.555506 2e-06 -1e-06 -1e-06 -15.923536 -20.094486 -5.473587 30.419222 -7.190829 1.735928 2e-06 -8.162926 -2e-06 -1.861898 -22.861473 -6.167944 -2e-06 -3e-06 -2e-06 -178.779724 -3.308856 -0.028748 13.617311 0.005376 -0.029783 -82.851585 0.691316 -5.528511 -3.741997 1.357312 2.156086 -1.0 0.0 0.0 1.574754 -5.365789 -8.336409 13.618804 -0.022177 -0.081117 -81.428604 -7.35293 -9.285814 -3.878124 0.608626 1.687289 -1.000003 0.0 -0.0 
0.0 0.0 0.0 0.0 -0.0 0.0 0.427057 99.511757 0.828847 90.282288 1.071512 95.278442 -1.643396 1.82927 0.421817 -11.816136 0.097783 0.819351 28.825212 -3.265696 -1.278208 51.722252 -10.365232 2.00726 -2.547787 -1.067005 1.249288 -14.628282 -2.837112 0.946998 5e-06 -3e-06 1e-06 -0.095733 0.023706 -0.023272 -0.20133 0.182093 -0.089914 -0.295722 -0.138389 0.054585 -94.309692 -74.483612 112.589745 51.373158 -63.445847 -18.663868 30.45566 -0.432482 -0.087646 1.239109 0.3337 14.258482 17.636627 -26.322733 52.411205 -19.46666 -14.395597 29.410395 -1e-06 -8.774821 -3e-06 16.417622 -18.206043 6.097339 -0.609777 -1.795653 -3.889328 -4.807088 -11.04681 -2.93785 4e-06 -20.976019 -0.0 -5.019969 -25.03356 -4.031881 7e-06 2e-06 -1e-06 -10.634535 -5.686971 -3.56559 10.573275 -17.922951 -3.1139 3e-06 -13.821209 -1e-06 -0.501778 -31.181505 -4.027015 -11.589757 -59.830093 7.385959 -13.982714 -7.150198 -2.875043 13.772729 -8.401491 -3.218243 0.347734 -34.211552 0.771654 -0.96303 -17.733372 2.62102 1e-06 0.0 0.0 -17.34642 -20.095219 -4.201786 21.757557 -1.638374 3.866428 1e-06 -6.338824 3e-06 -1.697588 -22.591745 -6.194009 -1e-06 -1e-06 -1e-06 91.860466 -76.344406 110.397614 50.646782 -65.581322 -13.347738 37.749546 0.005236 -0.073877 1.67156 10.258271 8.668283 22.182114 -20.375896 49.933319 -16.701811 -16.74353 28.476532 -2e-06 -12.690602 -1e-06 16.159559 -17.374756 2.444857 -0.105919 -1.513855 -4.275879 -5.039041 -5.61287 -2.953556 4e-06 -11.020525 -3e-06 -6.111296 -15.895332 -3.840472 -1e-06 2e-06 -0.0 -10.283371 -5.680288 -4.341839 11.028294 -11.302406 -2.372632 -1.38427 -14.238583 -6.320121 -0.625441 -26.924194 -3.8276 -4.276641 -49.709694 -3.701806 -13.708524 -7.363476 -3.720939 18.14115 -14.052739 -3.242678 6e-06 -18.787271 -2e-06 -0.429712 -8.456043 2.555503 -0.0 -1e-06 1e-06 -15.923534 -20.094484 -5.473583 30.41921 -7.190825 1.735924 1e-06 -8.162925 -1e-06 -1.861902 -22.861475 -6.167946 -1e-06 -4e-06 -0.0 -179.307129 -3.400647 0.036927 14.473314 0.006379 -0.026779 -83.236885 0.906607 -5.353582 -3.740822 1.366125 2.156858 -0.999999 0.0 0.0 1.473469 -5.294975 -8.419797 13.797641 -0.026406 -0.085381 -81.508827 -7.490356 -9.446404 -3.837247 0.617518 1.692416 -1.000001 -0.0 -0.0 
0.0 0.0 0.0 0.0 -0.0 0.0 0.593814 99.454132 0.836286 90.133858 1.064404 95.228302 -1.48726 1.84564 0.4809 -11.744245 0.110229 0.893892 29.023188 -3.395825 -1.167062 51.829651 -10.661589 1.971588 -2.539158 -1.101788 1.266696 -14.580658 -2.881837 1.137423 7e-06 0.0 0.0 -0.094336 0.032384 -0.033622 -0.235932 0.18643 -0.101117 -0.331662 -0.126343 0.04394 -94.544556 -74.259155 112.912476 52.141239 -63.254868 -19.936289 30.999722 -0.464801 -0.096395 1.552191 0.712012 13.268885 17.636629 -26.322733 52.411198 -19.466658 -14.395598 29.410389 -0.0 -8.774822 -2e-06 16.381557 -18.220545 6.117365 -0.609776 -1.795654 -3.889327 -4.807091 -11.046811 -2.937849 3e-06 -20.976019 1e-06 -5.019972 -25.033556 -4.031882 7e-06 -1e-06 0.0 -10.634535 -5.686971 -3.56559 10.573272 -17.922947 -3.1139 2e-06 -13.821205 1e-06 -0.501778 -31.181501 -4.027016 -11.554602 -59.900898 7.402601 -13.982715 -7.150198 -2.875042 13.772729 -8.401489 -3.218243 0.347733 -34.211552 0.771654 -0.963029 -17.73337 2.621019 1e-06 -0.0 -1e-06 -17.346422 -20.095219 -4.20178 21.757561 -1.638374 3.866428 2e-06 -6.338824 2e-06 -1.69759 -22.591745 -6.194006 0.0 -3e-06 -1e-06 93.164757 -76.419304 109.149353 51.472809 -65.414986 -13.809853 37.444733 -0.003912 -0.106223 1.537374 10.112175 9.02639 22.182117 -20.375898 49.933327 -16.701811 -16.74353 28.476532 -3e-06 -12.6906 1e-06 16.129517 -17.388821 2.496165 -0.105919 -1.513854 -4.275883 -5.039042 -5.612872 -2.953557 4e-06 -11.020523 -2e-06 -6.111299 -15.89533 -3.840472 0.0 0.0 1e-06 -10.283371 -5.680288 -4.341843 11.028294 -11.302406 -2.372633 -1.384269 -14.238583 -6.32012 -0.625437 -26.924194 -3.827601 -4.270059 -49.775166 -3.630893 -13.708526 -7.363476 -3.720942 18.141148 -14.052739 -3.242673 6e-06 -18.78727 -1e-06 -0.429712 -8.456045 2.555505 1e-06 0.0 -1e-06 -15.923534 -20.094482 -5.473586 30.41921 -7.190827 1.735928 2e-06 -8.162925 0.0 -1.861902 -22.861471 -6.167941 -0.0 -3e-06 -0.0 -179.753372 -3.471393 -0.093754 15.394449 0.010073 -0.038106 -83.725433 0.993658 -5.058954 -3.787899 1.391178 2.156605 -0.999998 0.0 -0.0 1.332857 -5.264198 -8.342184 14.052787 -0.022256 -0.083662 -81.611763 -7.476235 -9.605136 -3.8184 0.638312 1.697655 -1.000001 -0.0 -0.0 
0.0 0.0 0.0 0.0 -0.0 0.0 0.849473 99.417816 0.851043 89.948624 1.016732 94.796638 -1.344183 1.833775 0.549026 -11.691534 0.128754 1.010336 29.155537 -3.512148 -1.001774 51.776436 -11.039531 1.964085 -2.527481 -1.172729 1.331975 -14.578137 -3.05371 1.395296 7e-06 -1e-06 0.0 -0.096163 0.036529 -0.040536 -0.259928 0.183384 -0.110981 -0.364341 -0.115187 0.039315 -94.575851 -73.944054 112.966484 52.664833 -63.488766 -20.985346 31.725901 -0.428747 -0.087664 1.982479 1.119071 12.208756 17.636625 -26.322725 52.411194 -19.466658 -14.395597 29.410389 -1e-06 -8.774822 -3e-06 16.285629 -18.215248 6.177045 -0.609776 -1.795654 -3.889329 -4.80709 -11.046811 -2.937852 4e-06 -20.976015 -1e-06 -5.019969 -25.033556 -4.031882 6e-06 0.0 1e-06 -10.634533 -5.68697 -3.565588 10.573272 -17.922951 -3.113902 2e-06 -13.821206 1e-06 -0.501776 -31.181498 -4.027016 -11.434061 -59.965935 7.380419 -13.982714 -7.150198 -2.875044 13.772727 -8.401492 -3.218241 0.347735 -34.211552 0.771654 -0.963027 -17.73337 2.621017 0.0 0.0 -1e-06 -17.346422 -20.095219 -4.201783 21.757561 -1.638376 3.86643 1e-06 -6.338825 0.0 -1.697588 -22.591743 -6.194007 -1e-06 -2e-06 -3e-06 94.305588 -76.557304 107.992523 52.696999 -65.142586 -14.618526 36.693913 0.001896 -0.158455 1.270644 9.916898 9.49402 22.182116 -20.375891 49.933304 -16.701809 -16.74353 28.476522 -2e-06 -12.6906 -1e-06 16.083942 -17.368835 2.547529 -0.10592 -1.513856 -4.27588 -5.039041 -5.61287 -2.953555 3e-06 -11.020523 -1e-06 -6.111299 -15.89533 -3.840468 1e-06 -1e-06 -1e-06 -10.283367 -5.680288 -4.341837 11.02829 -11.302402 -2.37263 -1.38427 -14.238579 -6.320118 -0.625441 -26.924187 -3.827598 -4.259468 -49.797897 -3.575897 -13.708521 -7.363475 -3.720938 18.141146 -14.052739 -3.242672 5e-06 -18.78727 -0.0 -0.429712 -8.456046 2.555504 2e-06 -1e-06 -0.0 -15.923536 -20.094482 -5.473581 30.419205 -7.190823 1.735928 1e-06 -8.162925 -2e-06 -1.861904 -22.861467 -6.167942 -0.0 -1e-06 -2e-06 179.951538 -3.501819 -0.394059 16.068266 0.016871 -0.056825 -84.138153 0.799565 -4.70984 -3.876625 1.413434 2.153034 -0.999999 0.0 0.0 1.203627 -5.271825 -8.144314 14.049269 -0.004607 -0.077889 -81.546837 -7.213308 -9.727235 -3.847723 0.663421 1.70072 -1.000003 0.0 -0.0 
0.0 0.0 0.0 0.0 -0.0 0.0 1.169152 99.418816 0.871477 89.716972 0.843987 94.017555 -1.214386 1.748293 0.609747 -11.648127 0.138427 1.143937 29.126745 -3.600292 -0.859822 51.471153 -11.470057 1.999422 -2.520565 -1.247824 1.506213 -14.724139 -3.311575 1.735325 6e-06 -0.0 -0.0 -0.098634 0.038285 -0.044388 -0.257691 0.177589 -0.118076 -0.373612 -0.105237 0.039144 -94.044289 -73.600975 112.375961 52.938595 -64.055145 -21.304459 32.388855 -0.352629 -0.061395 2.34744 1.328617 11.70428 17.636629 -26.322731 52.41119 -19.46666 -14.395597 29.410385 -0.0 -8.774821 -3e-06 16.183989 -18.148865 6.246179 -0.609775 -1.795653 -3.889328 -4.807089 -11.046811 -2.93785 5e-06 -20.976019 -1e-06 -5.01997 -25.03356 -4.031881 6e-06 1e-06 1e-06 -10.634533 -5.68697 -3.565588 10.573274 -17.922951 -3.1139 2e-06 -13.821206 1e-06 -0.501778 -31.181501 -4.027014 -11.28476 -59.984184 7.358734 -13.982713 -7.150198 -2.875041 13.772729 -8.401491 -3.218241 0.347733 -34.211544 0.771656 -0.963027 -17.733372 2.621019 2e-06 -1e-06 -2e-06 -17.346415 -20.095217 -4.201782 21.757557 -1.638375 3.866428 1e-06 -6.338824 0.0 -1.697589 -22.591742 -6.194006 -0.0 -2e-06 -2e-06 95.452858 -76.795189 106.754051 54.234829 -64.926468 -15.94284 35.825054 0.014235 -0.189683 0.88269 9.734411 9.902391 22.182112 -20.375895 49.933323 -16.701818 -16.74353 28.476534 -3e-06 -12.690601 0.0 16.051731 -17.292095 2.586792 -0.105919 -1.513856 -4.275883 -5.03904 -5.612871 -2.953556 4e-06 -11.020525 -4e-06 -6.111298 -15.895334 -3.840469 0.0 -1e-06 -0.0 -10.283369 -5.680289 -4.341839 11.028296 -11.302408 -2.372635 -1.384268 -14.238585 -6.320127 -0.625437 -26.9242 -3.827602 -4.274955 -49.78067 -3.518614 -13.708526 -7.363479 -3.72094 18.141151 -14.052742 -3.242677 6e-06 -18.787273 -3e-06 -0.429712 -8.456047 2.555508 1e-06 -1e-06 -0.0 -15.923536 -20.09449 -5.473584 30.419218 -7.190827 1.735927 2e-06 -8.162926 -2e-06 -1.861901 -22.861473 -6.167946 -0.0 -3e-06 -2e-06 179.736465 -3.503103 -0.783088 16.431875 0.022025 -0.063614 -84.426537 0.284804 -4.429533 -4.002358 1.403592 2.141684 -1.0 -0.0 0.0 1.055124 -5.289727 -7.896791 13.665012 0.024375 -0.07499 -81.24646 -6.680017 -9.847597 -3.893899 0.680876 1.701825 -1.000002 0.0 -0.0 
0.0 0.0 0.0 0.0 -0.0 0.0 1.527991 99.43782 0.885563 89.428108 0.575499 93.114326 -1.05038 1.571373 0.640581 -11.578857 0.122736 1.225814 28.899384 -3.662032 -0.779045 50.867867 -11.813599 2.091227 -2.511792 -1.308749 1.77104 -15.082321 -3.579276 2.148752 7e-06 0.0 0.0 -0.093899 0.034166 -0.044502 -0.228364 0.169188 -0.123278 -0.357373 -0.103735 0.045583 -92.789604 -73.381767 111.073761 53.071362 -64.674759 -20.749863 32.73671 -0.291889 -0.035553 2.592117 1.295843 12.056042 17.636625 -26.322737 52.411198 -19.466656 -14.395598 29.410393 -0.0 -8.774821 -1e-06 16.105536 -18.042974 6.276463 -0.609776 -1.795653 -3.889327 -4.807088 -11.046809 -2.93785 3e-06 -20.976015 2e-06 -5.019971 -25.033552 -4.031881 6e-06 -1e-06 0.0 -10.634533 -5.686969 -3.565588 10.573272 -17.922947 -3.113899 2e-06 -13.821206 2e-06 -0.501779 -31.181505 -4.027015 -11.186151 -59.900658 7.348077 -13.982713 -7.150198 -2.875041 13.772727 -8.401489 -3.218242 0.347729 -34.211544 0.77166 -0.96303 -17.73337 2.62102 -0.0 -1e-06 -2e-06 -17.346416 -20.095215 -4.201779 21.757557 -1.638373 3.866428 1e-06 -6.338825 1e-06 -1.69759 -22.591745 -6.194004 -1e-06 0.0 -3e-06 97.039658 -77.068573 105.068153 55.966648 -65.034889 -18.131493 35.491203 -0.02445 -0.210243 0.520654 9.643014 10.245325 22.182117 -20.375898 49.933327 -16.701803 -16.743528 28.47653 -2e-06 -12.690599 -1e-06 16.062672 -17.196901 2.593272 -0.105918 -1.513854 -4.27588 -5.039041 -5.612871 -2.953555 3e-06 -11.02052 -2e-06 -6.111297 -15.89533 -3.840472 0.0 -1e-06 -1e-06 -10.283369 -5.680286 -4.341838 11.028291 -11.302402 -2.37263 -1.38427 -14.238575 -6.320123 -0.62544 -26.924183 -3.8276 -4.310661 -49.700237 -3.490151 -13.708524 -7.363476 -3.720942 18.141146 -14.052735 -3.242673 4e-06 -18.787266 -1e-06 -0.429713 -8.456042 2.555504 1e-06 0.0 1e-06 -15.923534 -20.094479 -5.473587 30.419207 -7.190823 1.735927 1e-06 -8.162925 -1e-06 -1.861904 -22.861467 -6.16794 1e-06 -3e-06 -1e-06 179.455582 -3.51281 -1.099646 16.7467 0.022282 -0.049559 -84.690201 -0.473655 -4.240532 -4.10113 1.370517 2.132477 -1.0 0.0 0.0 0.898286 -5.26229 -7.652414 13.008944 0.042315 -0.080306 -80.7668 -6.070847 -10.031392 -3.974169 0.681834 1.701496 -1.000001 0.0 -0.0 
0.0 0.0 0.0 0.0 -0.0 0.0 1.892542 99.427925 0.882581 89.036209 0.370696 92.28492 -0.844256 1.362585 0.632655 -11.469129 0.07968 1.240562 28.614662 -3.636151 -0.768505 50.022938 -12.026089 2.233705 -2.500092 -1.328297 2.04126 -15.602679 -3.761651 2.564361 7e-06 -1e-06 1e-06 -0.085256 0.018519 -0.032892 -0.182099 0.154729 -0.116961 -0.310658 -0.119814 0.063135 -90.843475 -73.377815 109.185265 53.556072 -65.138428 -20.044624 32.693569 -0.311478 -0.008051 2.695226 1.293484 13.332664 17.636631 -26.32272 52.411171 -19.466661 -14.395596 29.410381 -1e-06 -8.774821 -4e-06 16.085207 -17.990854 6.241706 -0.609776 -1.795654 -3.889327 -4.807088 -11.046809 -2.937852 5e-06 -20.976019 -1e-06 -5.019969 -25.03356 -4.031882 6e-06 1e-06 -0.0 -10.634534 -5.686971 -3.565589 10.573275 -17.922951 -3.113901 4e-06 -13.821209 0.0 -0.501776 -31.181505 -4.027015 -11.199225 -59.75206 7.321439 -13.982714 -7.150198 -2.875041 13.77273 -8.401493 -3.218243 0.347737 -34.211552 0.771654 -0.963024 -17.73337 2.621017 1e-06 -1e-06 -1e-06 -17.346415 -20.095217 -4.201782 21.757557 -1.638375 3.866427 2e-06 -6.338824 0.0 -1.697587 -22.591743 -6.194005 -0.0 -4e-06 -1e-06 99.467773 -77.315186 102.652832 57.689323 -65.491608 -20.953014 36.194572 -0.033091 -0.235331 0.33175 9.395425 10.365915 22.182112 -20.375887 49.933308 -16.701811 -16.74353 28.476522 -3e-06 -12.6906 -2e-06 16.114939 -17.173349 2.570476 -0.105919 -1.513856 -4.27588 -5.03904 -5.61287 -2.953556 5e-06 -11.02052 -4e-06 -6.111296 -15.895329 -3.840469 0.0 -1e-06 1e-06 -10.283369 -5.680288 -4.341838 11.028294 -11.302404 -2.372633 -1.38427 -14.238579 -6.32012 -0.625438 -26.924191 -3.827601 -4.329003 -49.639915 -3.542027 -13.708523 -7.363474 -3.720937 18.14115 -14.052739 -3.242677 8e-06 -18.78727 -2e-06 -0.429713 -8.456043 2.555504 1e-06 -2e-06 2e-06 -15.923534 -20.094482 -5.473581 30.419207 -7.190825 1.735924 3e-06 -8.162922 -2e-06 -1.8619 -22.861464 -6.167942 -0.0 -1e-06 -3e-06 179.018448 -3.625156 -1.19665 17.467239 0.021838 -0.018734 -85.146805 -1.355536 -4.148649 -4.040442 1.338672 2.139843 -0.999998 -0.0 0.0 0.770957 -5.111847 -7.523241 12.427154 0.027404 -0.082053 -80.288101 -5.497868 -10.220974 -4.120282 0.661066 1.697682 -1.000003 0.0 -0.0 
0.0 0.0 0.0 0.0 -0.0 0.0 2.269504 99.329185 0.850555 88.544662 0.309781 91.552391 -0.579209 1.172117 0.614301 -11.3336 0.010546 1.168739 28.374561 -3.527583 -0.81278 49.06287 -12.022139 2.355963 -2.493137 -1.331702 2.367352 -16.227728 -3.947129 3.020435 5e-06 -1e-06 1e-06 -0.075468 0.010055 -0.022289 -0.127348 0.151409 -0.107974 -0.245168 -0.133626 0.074632 -88.272133 -73.557602 106.682304 54.554909 -65.440102 -19.511833 32.413319 -0.441532 0.051252 2.787793 1.453206 14.861959 17.636621 -26.322721 52.411182 -19.466656 -14.395597 29.410385 1e-06 -8.774821 -2e-06 16.175489 -17.984575 6.137859 -0.609775 -1.795652 -3.889328 -4.80709 -11.046807 -2.937851 2e-06 -20.976011 0.0 -5.019972 -25.033548 -4.03188 6e-06 -1e-06 1e-06 -10.634532 -5.68697 -3.565589 10.57327 -17.922945 -3.113898 2e-06 -13.821205 0.0 -0.501782 -31.181488 -4.027015 -11.299872 -59.613529 7.301915 -13.982712 -7.150198 -2.875041 13.772727 -8.401489 -3.218242 0.347729 -34.211536 0.771654 -0.963028 -17.733364 2.621017 1e-06 -0.0 1e-06 -17.346418 -20.095215 -4.201782 21.757555 -1.638373 3.866428 1e-06 -6.338822 1e-06 -1.697593 -22.591736 -6.194002 2e-06 -4e-06 -3e-06 102.897774 -77.488441 99.365311 59.400143 -66.050453 -23.765375 37.860985 0.061573 -0.186982 0.2425 8.849585 10.346117 22.182114 -20.375891 49.933323 -16.701817 -16.743528 28.476532 -4e-06 -12.690601 0.0 16.196999 -17.227383 2.553122 -0.105919 -1.513856 -4.27588 -5.039041 -5.612873 -2.953558 4e-06 -11.020525 -4e-06 -6.111297 -15.895334 -3.840472 -0.0 1e-06 1e-06 -10.283371 -5.680289 -4.341839 11.028295 -11.302406 -2.372636 -1.384269 -14.238583 -6.320122 -0.625437 -26.924194 -3.827601 -4.324289 -49.654408 -3.622334 -13.708524 -7.363478 -3.720942 18.14115 -14.052739 -3.242676 6e-06 -18.787268 -3e-06 -0.429712 -8.456045 2.555504 1e-06 0.0 1e-06 -15.923534 -20.094484 -5.473583 30.41921 -7.190827 1.735924 3e-06 -8.162925 -1e-06 -1.8619 -22.861469 -6.167942 1e-06 -1e-06 -2e-06 178.307785 -3.856191 -1.193332 19.003639 0.016973 0.033221 -86.011757 -2.123071 -4.027197 -3.854141 1.333374 2.165155 -1.000001 0.0 -0.0 -0.015507 -4.96876 -7.628227 13.584011 0.001224 -0.08685 -80.329399 -4.805878 -10.421542 -4.309202 0.628166 1.694155 -1.000002 -0.0 0.0 
0.0 0.0 0.0 0.0 -0.0 0.0 2.657452 99.09314 0.806213 88.071106 0.43806 90.913574 -0.278914 0.98682 0.614398 -11.209005 -0.079678 1.040085 28.270039 -3.406584 -0.911976 48.19915 -11.856196 2.421986 -2.504366 -1.26499 2.723319 -16.861204 -4.156159 3.480088 8e-06 -0.0 -0.0 -0.067736 0.017834 -0.024204 -0.075684 0.166862 -0.105764 -0.178466 -0.13445 0.067069 -85.941101 -73.813354 104.469566 55.970291 -65.327431 -19.262987 32.045219 -0.702675 0.089471 3.010348 1.576996 16.424582 17.636637 -26.322733 52.411186 -19.466661 -14.3956 29.410389 0.0 -8.774823 -3e-06 16.284863 -18.033173 6.031222 -0.609776 -1.795654 -3.889327 -4.80709 -11.046813 -2.937849 2e-06 -20.976019 -0.0 -5.019973 -25.03356 -4.031879 7e-06 1e-06 -0.0 -10.634537 -5.686972 -3.565587 10.573272 -17.922951 -3.113898 2e-06 -13.821209 1e-06 -0.501782 -31.181505 -4.027015 -11.428745 -59.476162 7.340723 -13.982716 -7.150198 -2.87504 13.772728 -8.401491 -3.218238 0.347732 -34.211555 0.771655 -0.963031 -17.73337 2.621019 1e-06 0.0 0.0 -17.346422 -20.095221 -4.201782 21.757561 -1.638374 3.866429 2e-06 -6.338825 -1e-06 -1.697591 -22.591753 -6.194006 0.0 -1e-06 -1e-06 106.298706 -77.533417 96.167465 61.074478 -66.379234 -26.07946 39.869751 0.185419 -0.076835 0.09162 8.433314 10.300374 22.182116 -20.375895 49.933319 -16.701811 -16.743528 28.476522 -3e-06 -12.690601 -2e-06 16.251926 -17.308355 2.560776 -0.10592 -1.513856 -4.275884 -5.039041 -5.61287 -2.953554 4e-06 -11.020523 -3e-06 -6.111299 -15.89533 -3.840468 -0.0 -0.0 2e-06 -10.283371 -5.680287 -4.341839 11.028294 -11.302404 -2.372634 -1.38427 -14.238581 -6.320124 -0.62544 -26.924187 -3.827599 -4.361374 -49.724228 -3.607315 -13.708525 -7.363475 -3.72094 18.141148 -14.052738 -3.242672 7e-06 -18.787268 -2e-06 -0.429713 -8.456042 2.555506 1e-06 0.0 -1e-06 -15.923536 -20.094481 -5.473586 30.419207 -7.190824 1.735927 3e-06 -8.162922 -2e-06 -1.861901 -22.861467 -6.167942 -2e-06 -2e-06 -2e-06 177.400711 -4.114562 -1.367679 21.34193 -0.004951 0.091982 -87.297722 -2.542992 -3.827874 -3.599931 1.351245 2.192085 -0.999998 -0.0 0.0 -1.211485 -5.001493 -8.021814 16.05479 -0.009531 -0.089403 -80.967583 -3.911246 -10.609369 -4.454416 0.599213 1.695431 -1.000001 0.0 -0.0 
0.0 0.0 0.0 0.0 -0.0 0.0 3.049209 98.76165 0.791111 87.728615 0.682091 90.354439 -0.044431 0.759822 0.6377 -11.101478 -0.169292 0.951421 28.358999 -3.361201 -1.055852 47.519897 -11.487509 2.416072 -2.520527 -1.136966 3.070139 -17.398291 -4.349337 3.871286 8e-06 1e-06 0.0 -0.064064 0.03247 -0.031745 -0.043725 0.185605 -0.108925 -0.129711 -0.125326 0.054222 -84.940178 -74.159264 103.642365 57.614094 -64.59053 -19.178782 31.43111 -0.982074 0.061515 3.385531 1.528607 17.701538 17.636621 -26.322735 52.411205 -19.46666 -14.395598 29.410389 -0.0 -8.774821 -5e-06 16.347355 -18.125242 5.985017 -0.609776 -1.795654 -3.889325 -4.807088 -11.046807 -2.937851 5e-06 -20.976015 -1e-06 -5.019971 -25.033554 -4.031878 7e-06 1e-06 -1e-06 -10.634531 -5.686968 -3.565585 10.573272 -17.922949 -3.113901 4e-06 -13.821205 1e-06 -0.501777 -31.181498 -4.027011 -11.508886 -59.424095 7.382394 -13.982711 -7.150196 -2.875038 13.772727 -8.401491 -3.21824 0.347731 -34.211544 0.771659 -0.963028 -17.733366 2.621019 1e-06 0.0 -1e-06 -17.346413 -20.095211 -4.20178 21.757555 -1.638375 3.866425 2e-06 -6.338822 -1e-06 -1.697589 -22.591738 -6.194003 1e-06 -2e-06 -4e-06 108.426697 -77.419205 94.198151 62.627304 -66.347 -27.863073 41.596786 0.225823 0.007605 0.054138 8.232681 10.226957 22.182114 -20.375898 49.933327 -16.701811 -16.743528 28.476532 -3e-06 -12.6906 -1e-06 16.260979 -17.378929 2.580752 -0.105919 -1.513856 -4.275882 -5.03904 -5.612869 -2.953557 4e-06 -11.02052 -2e-06 -6.111296 -15.895329 -3.840468 -0.0 0.0 -0.0 -10.283368 -5.680288 -4.341839 11.028292 -11.302405 -2.372634 -1.384269 -14.238581 -6.320121 -0.62544 -26.924187 -3.827599 -4.476111 -49.814865 -3.493524 -13.708523 -7.363474 -3.72094 18.141146 -14.052738 -3.242672 5e-06 -18.78727 -2e-06 -0.429713 -8.456041 2.555507 -1e-06 0.0 2e-06 -15.923534 -20.094482 -5.473585 30.41921 -7.190827 1.735925 3e-06 -8.162926 -1e-06 -1.861902 -22.861469 -6.167941 1e-06 -3e-06 -3e-06 176.555847 -4.303474 -1.847371 23.851702 -0.032959 0.114397 -88.702118 -2.580338 -3.533989 -3.362771 1.37569 2.209288 -0.999999 -0.0 0.0 -2.351866 -5.267945 -8.63695 18.771126 -0.005814 -0.058436 -81.905304 -2.874512 -10.815497 -4.523662 0.579059 1.6967 -1.000003 -0.0 0.0 
0.0 0.0 0.0 0.0 -0.0 0.0 3.448097 98.421242 0.803865 87.62014 0.921571 89.916534 0.105076 0.481928 0.650858 -11.010209 -0.239094 0.919658 28.587408 -3.519702 -1.146235 47.004467 -10.884125 2.344479 -2.527292 -1.097285 3.361457 -17.762686 -4.46938 4.143003 9e-06 0.0 0.0 -0.067775 0.048731 -0.044709 -0.016018 0.19813 -0.115397 -0.092295 -0.106467 0.034573 -85.135811 -74.565071 104.114738 59.490055 -63.359272 -19.679495 30.478491 -1.18741 0.01354 3.864288 1.334243 18.355301 17.636631 -26.322737 52.411198 -19.46666 -14.395596 29.410389 0.0 -8.774821 -1e-06 16.420992 -18.174927 5.949753 -0.609776 -1.795653 -3.889327 -4.807087 -11.046809 -2.93785 5e-06 -20.976015 1e-06 -5.019967 -25.033554 -4.03188 4e-06 1e-06 1e-06 -10.634534 -5.68697 -3.565586 10.573275 -17.922951 -3.113903 3e-06 -13.821205 1e-06 -0.501776 -31.181501 -4.027017 -11.524992 -59.514587 7.404938 -13.982714 -7.150197 -2.875042 13.77273 -8.401492 -3.21824 0.347732 -34.211544 0.771658 -0.963026 -17.73337 2.621019 2e-06 1e-06 1e-06 -17.346418 -20.095215 -4.201777 21.757557 -1.638374 3.866425 1e-06 -6.338823 1e-06 -1.697588 -22.591742 -6.194004 -2e-06 -6e-06 0.0 109.837738 -77.250404 92.855736 64.399017 -66.115585 -29.624075 42.441357 0.14072 -0.029963 0.25693 8.248198 10.454167 22.182112 -20.3759 49.933323 -16.701807 -16.743528 28.476522 -3e-06 -12.6906 0.0 16.25564 -17.452898 2.581197 -0.105919 -1.513855 -4.275878 -5.03904 -5.61287 -2.953557 5e-06 -11.020523 -2e-06 -6.111295 -15.895329 -3.840466 -0.0 1e-06 -0.0 -10.283367 -5.680285 -4.341838 11.028292 -11.302402 -2.37263 -1.384269 -14.238578 -6.32012 -0.62544 -26.924187 -3.827597 -4.559813 -49.917328 -3.42192 -13.708523 -7.363474 -3.720937 18.141146 -14.052736 -3.242674 5e-06 -18.78727 1e-06 -0.429711 -8.456046 2.555504 0.0 0.0 1e-06 -15.923532 -20.094479 -5.473586 30.419201 -7.190824 1.735925 3e-06 -8.162925 1e-06 -1.861902 -22.861467 -6.167939 -0.0 -3e-06 -2e-06 175.917816 -4.279395 -2.447034 25.932928 -0.040993 0.086173 -89.898056 -2.353451 -3.188041 -3.220919 1.386685 2.206011 -0.999999 -0.0 0.0 -3.351176 -5.824294 -9.283719 21.291939 0.013987 -0.004489 -82.86116 -1.820078 -11.109619 -4.644516 0.577862 1.696728 -1.000002 0.0 -0.0 
0.0 0.0 0.0 0.0 -0.0 0.0 3.828783 98.155647 0.831508 87.726196 1.118871 89.58828 0.24681 0.216325 0.633696 -10.931314 -0.286448 0.986187 28.822227 -3.904167 -1.181985 46.581261 -10.278097 2.319228 -2.532845 -1.1369 3.410426 -18.090425 -4.485032 4.328001 4e-06 -1e-06 0.0 -0.076916 0.053128 -0.049988 -0.014645 0.195166 -0.120601 -0.092587 -0.0948 0.029087 -85.762589 -74.890053 105.086967 61.399803 -62.03669 -20.986279 29.457026 -1.273178 -0.002676 4.259189 1.131145 18.364756 17.636635 -26.322737 52.411201 -19.466663 -14.395598 29.410395 -0.0 -8.774822 -1e-06 16.410654 -18.212374 5.959335 -0.609777 -1.795655 -3.889327 -4.80709 -11.046813 -2.93785 4e-06 -20.976019 -0.0 -5.019974 -25.033562 -4.03188 5e-06 4e-06 0.0 -10.634536 -5.686971 -3.565588 10.573275 -17.922951 -3.113898 1e-06 -13.821209 2e-06 -0.501777 -31.181505 -4.027015 -11.569502 -59.633774 7.531172 -13.982716 -7.150198 -2.875042 13.772731 -8.401493 -3.218242 0.347735 -34.211555 0.771658 -0.963028 -17.733372 2.621021 -0.0 0.0 -1e-06 -17.346422 -20.095221 -4.201779 21.757561 -1.638377 3.866427 1e-06 -6.338824 1e-06 -1.697588 -22.591745 -6.194005 -2e-06 -5e-06 -1e-06 111.896942 -77.196869 90.728249 66.61393 -65.983116 -31.669682 42.066109 -0.003719 -0.12227 0.505743 8.608409 10.985148 22.182121 -20.375902 49.933327 -16.701817 -16.743534 28.476534 -4e-06 -12.690604 -2e-06 16.284794 -17.504999 2.522424 -0.105919 -1.513857 -4.275885 -5.039041 -5.612869 -2.953556 5e-06 -11.020525 -4e-06 -6.111299 -15.895334 -3.840468 -0.0 -0.0 -0.0 -10.283371 -5.680287 -4.34184 11.028296 -11.302406 -2.372633 -1.38427 -14.238581 -6.32012 -0.625441 -26.924191 -3.8276 -4.45761 -49.898365 -3.565547 -13.708527 -7.363476 -3.720942 18.141151 -14.052742 -3.242671 7e-06 -18.787271 1e-06 -0.42971 -8.456046 2.555507 0.0 -1e-06 1e-06 -15.923539 -20.094484 -5.473585 30.419222 -7.190831 1.735928 4e-06 -8.162927 -1e-06 -1.8619 -22.861473 -6.16794 -1e-06 -2e-06 -1e-06 175.59082 -4.03768 -3.056702 27.252728 -0.035381 0.061733 -90.692062 -2.109881 -2.892928 -3.151064 1.388559 2.197647 -0.999998 0.0 0.0 -4.084566 -6.532994 -9.727015 23.213518 0.033997 0.052528 -83.564056 -1.057668 -11.416185 -4.842347 0.598103 1.696892 -1.000003 -0.0 -0.0 
0.0 0.0 0.0 0.0 -0.0 0.0 4.141551 98.058128 0.809089 87.887703 1.166709 89.27552 0.313293 0.012124 0.682982 -10.931326 -0.289668 1.154894 29.180101 -4.367693 -1.165951 46.189896 -9.952325 2.475213 -2.429649 -1.151484 3.143223 -18.465643 -4.321719 4.419092 5e-06 -1e-06 0.0 -0.062195 0.02108 -0.012584 -0.026791 0.168401 -0.098025 -0.103414 -0.131987 0.081292 -87.097481 -75.166763 106.737228 62.897648 -60.819141 -22.691425 28.769068 -1.127331 0.014802 4.383066 1.102889 17.970087 17.636639 -26.322733 52.411182 -19.466665 -14.395597 29.410385 -1e-06 -8.774821 -6e-06 16.276291 -18.1143 5.970391 -0.609777 -1.795655 -3.889326 -4.80709 -11.046811 -2.937848 6e-06 -20.976019 -0.0 -5.01997 -25.033558 -4.031879 6e-06 1e-06 0.0 -10.634535 -5.686969 -3.565585 10.573277 -17.922955 -3.113901 3e-06 -13.821209 2e-06 -0.501774 -31.181511 -4.027015 -11.499874 -59.74461 7.678921 -13.982712 -7.150198 -2.87504 13.772731 -8.401493 -3.21824 0.347735 -34.211555 0.771657 -0.96303 -17.73337 2.621021 1e-06 -0.0 0.0 -17.346416 -20.095217 -4.201782 21.757557 -1.638376 3.866426 1e-06 -6.338823 1e-06 -1.697586 -22.591753 -6.194008 -1e-06 -3e-06 -1e-06 113.747307 -77.279312 88.765533 68.742096 -65.686066 -33.152309 40.562893 0.015299 -0.049298 0.524456 9.20268 11.011147 22.18211 -20.375891 49.933319 -16.701813 -16.74353 28.476532 -3e-06 -12.690601 -1e-06 16.221323 -17.525145 2.500558 -0.105918 -1.513856 -4.275882 -5.039041 -5.61287 -2.953555 5e-06 -11.020523 -1e-06 -6.111298 -15.895332 -3.840468 -0.0 -0.0 -2e-06 -10.283368 -5.68029 -4.34184 11.028296 -11.302404 -2.372633 -1.384269 -14.238581 -6.320122 -0.625437 -26.924191 -3.827604 -4.408484 -49.891346 -3.665834 -13.708524 -7.363477 -3.720941 18.141148 -14.052739 -3.242674 7e-06 -18.78727 -2e-06 -0.42971 -8.456045 2.555505 -1e-06 0.0 1e-06 -15.923532 -20.094482 -5.473587 30.41921 -7.190824 1.735924 3e-06 -8.162922 1e-06 -1.861903 -22.861467 -6.167943 0.0 -3e-06 -0.0 175.511536 -3.724851 -3.517134 27.622311 -0.020415 0.07504 -90.932549 -2.09523 -2.654371 -3.235347 1.417139 2.185845 -0.999998 0.0 0.0 -4.561131 -7.138946 -9.995583 24.169886 0.068134 0.05132 -83.651535 -0.783523 -11.6526 -5.292834 0.585933 1.696082 -1.000002 0.0 -0.0 
0.0 0.0 0.0 0.0 -0.0 0.0 4.352931 98.098114 0.786129 87.929512 1.078007 89.062576 0.362463 -0.065164 0.768062 -10.93287 -0.302171 1.276831 29.457476 -4.794957 -1.073527 46.026794 -9.912544 2.586319 -2.4335 -1.162292 2.929419 -18.6803 -4.10433 4.336634 9e-06 -1e-06 0.0 -0.056132 0.019274 -0.015791 -0.066946 0.15642 -0.110529 -0.141011 -0.12366 0.087998 -88.62191 -75.266418 108.274246 63.622318 -60.057438 -24.479794 28.610342 -0.953259 0.027932 4.379125 1.342522 16.899656 17.636629 -26.322737 52.411194 -19.46666 -14.395598 29.410389 -1e-06 -8.774821 -1e-06 16.183233 -18.107508 6.046271 -0.609777 -1.795653 -3.889327 -4.80709 -11.046809 -2.937847 5e-06 -20.976017 0.0 -5.019974 -25.033554 -4.031876 8e-06 -1e-06 -1e-06 -10.634533 -5.68697 -3.565587 10.573272 -17.922951 -3.113898 4e-06 -13.821206 1e-06 -0.50178 -31.181505 -4.027013 -11.612114 -59.815861 7.84349 -13.982712 -7.150198 -2.875041 13.77273 -8.401491 -3.218244 0.347734 -34.211555 0.771658 -0.963026 -17.73337 2.621021 -1e-06 0.0 -0.0 -17.346416 -20.095215 -4.201779 21.757557 -1.638376 3.866425 0.0 -6.338821 1e-06 -1.69759 -22.591747 -6.194005 1e-06 -3e-06 -1e-06 115.579613 -77.550323 86.948639 70.411911 -65.133888 -33.990097 38.439022 -0.094599 -0.002632 0.279322 9.570187 11.122149 22.182116 -20.375889 49.933315 -16.701817 -16.74353 28.47653 -3e-06 -12.6906 -3e-06 16.153954 -17.489487 2.45505 -0.105919 -1.513855 -4.275883 -5.03904 -5.612871 -2.953556 5e-06 -11.020525 -5e-06 -6.111298 -15.895334 -3.840472 -0.0 -0.0 1e-06 -10.283371 -5.680289 -4.34184 11.028296 -11.302404 -2.372633 -1.384269 -14.238579 -6.320122 -0.625437 -26.924185 -3.8276 -4.236339 -49.73674 -3.854176 -13.708524 -7.363477 -3.720941 18.141151 -14.052739 -3.242676 8e-06 -18.787271 -4e-06 -0.429712 -8.456045 2.555507 0.0 -1e-06 1e-06 -15.923536 -20.094484 -5.473584 30.41921 -7.190824 1.735925 4e-06 -8.162925 0.0 -1.861902 -22.861469 -6.167945 1e-06 -2e-06 -2e-06 175.544754 -3.543435 -3.678001 27.392792 0.002938 0.03899 -90.829391 -2.081244 -2.692162 -3.28395 1.417559 2.172737 -0.999998 0.0 -0.0 -4.735417 -7.360663 -10.054721 24.196413 0.053955 0.083175 -83.25647 -1.148636 -11.809599 -5.525625 0.581998 1.68177 -1.000002 -0.0 0.0 
0.0 0.0 0.0 0.0 -0.0 0.0 4.455784 98.178497 0.756141 87.904785 0.892209 88.931221 0.421818 -0.10779 0.824061 -10.944143 -0.292183 1.477607 29.704254 -5.170951 -0.92177 45.959095 -9.942578 2.625636 -2.455253 -1.244786 2.826587 -18.825512 -3.875121 4.166142 9e-06 0.0 1e-06 -0.054706 0.024248 -0.026577 -0.112447 0.160749 -0.123361 -0.17668 -0.11859 0.078833 -89.730652 -75.381294 109.382683 63.858505 -59.467075 -25.973948 29.195948 -0.723013 0.017436 4.291853 1.700143 15.468459 17.636635 -26.322721 52.411179 -19.466663 -14.395596 29.410385 0.0 -8.774822 -4e-06 16.205072 -18.119371 6.081836 -0.609775 -1.795654 -3.889325 -4.80709 -11.046812 -2.93785 5e-06 -20.976019 -2e-06 -5.019972 -25.03356 -4.031882 6e-06 0.0 1e-06 -10.634535 -5.686971 -3.565585 10.573275 -17.922951 -3.113901 3e-06 -13.821206 -2e-06 -0.501781 -31.181507 -4.027018 -11.624483 -59.869347 7.77296 -13.982714 -7.150198 -2.875041 13.772728 -8.401491 -3.218241 0.347733 -34.211552 0.771656 -0.96303 -17.73337 2.621019 1e-06 1e-06 -1e-06 -17.34642 -20.095221 -4.201783 21.757563 -1.638374 3.866428 1e-06 -6.338823 -1e-06 -1.697589 -22.591751 -6.194007 -1e-06 -3e-06 -1e-06 116.892242 -77.807068 85.770813 71.484329 -64.477951 -33.877861 36.242424 -0.085486 -0.036355 0.019141 9.612926 11.070138 22.182112 -20.375891 49.933308 -16.701803 -16.743526 28.476519 -1e-06 -12.690599 -1e-06 16.195942 -17.478138 2.430588 -0.10592 -1.513854 -4.275879 -5.03904 -5.61287 -2.953555 2e-06 -11.020519 -3e-06 -6.1113 -15.895328 -3.84047 0.0 -1e-06 -0.0 -10.283369 -5.680288 -4.341839 11.028291 -11.302401 -2.37263 -1.38427 -14.238577 -6.320123 -0.62544 -26.924183 -3.8276 -4.283507 -49.786922 -3.839469 -13.708523 -7.363475 -3.720938 18.141146 -14.052732 -3.242674 4e-06 -18.787266 -1e-06 -0.429713 -8.456043 2.555504 -0.0 -1e-06 2e-06 -15.923536 -20.094479 -5.473582 30.419205 -7.190822 1.735927 2e-06 -8.162925 -1e-06 -1.861907 -22.86146 -6.167943 1e-06 -3e-06 -2e-06 175.506226 -3.470623 -3.659357 27.045158 0.008721 0.010433 -90.631584 -2.139455 -2.820099 -3.352987 1.406765 2.156592 -0.999999 0.0 -0.0 -4.442538 -7.324296 -10.256598 23.064095 0.05118 0.086962 -82.901985 -1.664522 -11.785997 -5.485656 0.559903 1.667581 -1.000003 -0.0 -0.0 
0.0 0.0 0.0 0.0 -0.0 0.0 4.47092 98.310577 0.731017 87.919823 0.5517 88.907471 0.421923 -0.119162 0.876681 -10.913775 -0.334327 1.646656 29.889359 -5.574639 -0.764495 45.919003 -10.066734 2.650298 -2.544705 -1.285423 2.804503 -18.890171 -3.69822 3.953881 9e-06 -2e-06 -0.0 -0.069347 0.032908 -0.052207 -0.156646 0.155638 -0.136801 -0.224693 -0.096061 0.039555 -90.978233 -75.393028 110.470146 63.326187 -58.972546 -26.670662 30.336084 -0.647284 -0.014602 4.244822 2.04862 13.775723 17.636627 -26.322737 52.411198 -19.466656 -14.395598 29.410389 2e-06 -8.774819 -3e-06 16.332602 -18.232733 6.097355 -0.609775 -1.795653 -3.889328 -4.80709 -11.04681 -2.937851 4e-06 -20.976017 -0.0 -5.019975 -25.03356 -4.031876 7e-06 -0.0 -0.0 -10.634532 -5.68697 -3.565586 10.573272 -17.922951 -3.113901 2e-06 -13.821206 2e-06 -0.501783 -31.181501 -4.027012 -11.817514 -59.857155 7.754364 -13.982714 -7.150198 -2.875041 13.772731 -8.401491 -3.218244 0.34773 -34.211552 0.77166 -0.963028 -17.73337 2.621019 -1e-06 -0.0 0.0 -17.346415 -20.095215 -4.201779 21.757555 -1.638373 3.866425 1e-06 -6.338824 0.0 -1.697591 -22.591743 -6.194005 -1e-06 -4e-06 -0.0 117.613594 -78.09742 85.21666 71.934418 -63.823994 -33.144753 34.287846 -0.092404 -0.187825 -0.238533 9.383413 11.492083 22.182117 -20.375898 49.933331 -16.701818 -16.74353 28.476536 -2e-06 -12.690602 -1e-06 16.363031 -17.412043 2.355946 -0.105919 -1.513855 -4.275886 -5.039041 -5.612872 -2.953555 4e-06 -11.020527 -4e-06 -6.111297 -15.895334 -3.840475 1e-06 -0.0 -1e-06 -10.283371 -5.680291 -4.341841 11.028296 -11.302406 -2.372634 -1.384269 -14.238583 -6.320124 -0.625438 -26.924192 -3.827602 -4.282621 -49.797626 -3.852071 -13.708526 -7.363479 -3.720943 18.141151 -14.05274 -3.242676 5e-06 -18.787271 -2e-06 -0.429712 -8.456048 2.555506 -1e-06 0.0 2e-06 -15.923539 -20.094492 -5.47359 30.419218 -7.190825 1.735931 2e-06 -8.162929 1e-06 -1.861903 -22.861479 -6.167946 1e-06 -1e-06 -2e-06 175.410141 -3.391829 -3.520854 26.426821 0.00868 -0.080821 -90.260162 -2.196888 -2.942851 -3.362385 1.375412 2.144894 -1.0 -0.0 -0.0 -3.792037 -7.060326 -10.168555 20.854628 0.006627 0.111663 -82.553474 -2.39086 -11.557555 -4.981956 0.569143 1.662097 -1.000002 -1e-06 -0.0 
0.0 0.0 0.0 0.0 -0.0 0.0 4.434327 98.489174 0.659719 88.007019 0.172626 88.897026 0.452914 -0.175796 0.941066 -10.883544 -0.35887 1.860172 30.198887 -5.956243 -0.682919 45.75124 -10.213912 2.734899 -2.532219 -1.357465 2.667216 -19.14879 -3.516777 3.835997 9e-06 1e-06 0.0 -0.065042 0.028511 -0.05805 -0.158793 0.150687 -0.135256 -0.225885 -0.099723 0.024573 -91.732224 -75.507492 111.121101 62.792587 -58.52729 -27.132473 31.916815 -0.482949 -0.072135 4.213164 2.397509 12.355142 17.636631 -26.322729 52.411186 -19.46666 -14.395596 29.410385 -0.0 -8.774819 -3e-06 16.293331 -18.241621 6.153745 -0.609775 -1.795653 -3.889329 -4.807088 -11.046811 -2.937851 3e-06 -20.976019 1e-06 -5.019969 -25.03356 -4.03188 4e-06 1e-06 1e-06 -10.634534 -5.686972 -3.565589 10.573272 -17.922951 -3.113899 3e-06 -13.821206 0.0 -0.501778 -31.181505 -4.027014 -11.717327 -59.890247 7.630274 -13.982714 -7.150199 -2.875046 13.772731 -8.401493 -3.218241 0.34773 -34.211552 0.771659 -0.963031 -17.733372 2.621021 -1e-06 0.0 0.0 -17.346416 -20.095217 -4.201782 21.757557 -1.638375 3.866426 1e-06 -6.338824 1e-06 -1.697592 -22.591743 -6.194005 2e-06 -5e-06 -1e-06 118.058403 -78.323456 84.854492 71.955193 -63.24379 -31.777504 32.601265 -0.044727 -0.301144 -0.386015 9.349885 11.706067 22.182117 -20.375898 49.933327 -16.701817 -16.74353 28.476532 -4e-06 -12.690601 -1e-06 16.423521 -17.367241 2.35881 -0.10592 -1.513856 -4.275882 -5.039041 -5.612873 -2.953556 4e-06 -11.020525 -2e-06 -6.111298 -15.895334 -3.84047 -0.0 0.0 -0.0 -10.28337 -5.680289 -4.341842 11.028296 -11.302407 -2.372635 -1.384268 -14.238582 -6.320123 -0.625438 -26.924194 -3.827601 -4.418094 -49.923286 -3.679742 -13.708525 -7.363477 -3.72094 18.141153 -14.052741 -3.242676 6e-06 -18.78727 -1e-06 -0.429711 -8.456043 2.555503 -1e-06 -1e-06 1e-06 -15.923536 -20.094484 -5.473585 30.419222 -7.19083 1.735928 2e-06 -8.162927 1e-06 -1.861898 -22.861473 -6.167945 -1e-06 -1e-06 -3e-06 175.387878 -3.267861 -3.419621 25.493816 0.003427 -0.084283 -89.681816 -2.399822 -3.036857 -3.52996 1.403282 2.142942 -0.999998 0.0 0.0 -3.253768 -6.864304 -10.065231 18.7388 -0.018312 0.07817 -81.971642 -2.877399 -11.380145 -4.765109 0.585975 1.664549 -1.000003 1e-06 0.0 
0.0 0.0 0.0 0.0 -0.0 0.0 4.361989 98.708939 0.560122 88.13591 -0.276036 88.884064 0.536152 -0.290489 1.000497 -10.825093 -0.404326 2.000311 30.513844 -6.316761 -0.628222 45.528423 -10.335594 2.812025 -2.536854 -1.44007 2.543594 -19.576563 -3.43076 3.722752 4e-06 -0.0 0.0 -0.062272 0.023689 -0.061307 -0.148323 0.149029 -0.129849 -0.216495 -0.107101 0.010871 -91.557953 -75.638863 110.80304 62.285294 -58.302906 -27.52824 33.809742 -0.413323 -0.156001 4.176522 2.680212 11.125645 17.636623 -26.322733 52.411194 -19.46666 -14.395594 29.410385 0.0 -8.774819 -3e-06 16.255142 -18.215635 6.204658 -0.609775 -1.795654 -3.889328 -4.807087 -11.046809 -2.93785 4e-06 -20.976015 1e-06 -5.019968 -25.033554 -4.031878 5e-06 2e-06 -0.0 -10.634534 -5.68697 -3.565587 10.573275 -17.922951 -3.113903 3e-06 -13.821209 1e-06 -0.501774 -31.181505 -4.027014 -11.669351 -59.955975 7.556841 -13.982712 -7.150196 -2.87504 13.77273 -8.401493 -3.218242 0.347737 -34.211552 0.771655 -0.96303 -17.73337 2.621022 -1e-06 1e-06 0.0 -17.346416 -20.095215 -4.20178 21.757557 -1.638377 3.866428 1e-06 -6.338823 2e-06 -1.697586 -22.591742 -6.194007 -1e-06 -3e-06 -0.0 118.933472 -78.4953 83.991531 71.787712 -62.921104 -30.406168 31.424994 -0.025982 -0.373447 -0.495027 9.538042 11.732759 22.182117 -20.375895 49.933323 -16.701815 -16.743528 28.47653 -3e-06 -12.690602 1e-06 16.412218 -17.280277 2.369752 -0.10592 -1.513855 -4.275882 -5.039041 -5.612872 -2.953557 4e-06 -11.020524 -2e-06 -6.111298 -15.895334 -3.840473 1e-06 1e-06 -1e-06 -10.283371 -5.680288 -4.341837 11.028296 -11.302406 -2.372633 -1.384269 -14.238581 -6.320123 -0.625438 -26.924194 -3.827602 -4.486106 -49.905983 -3.567951 -13.708526 -7.363477 -3.720938 18.141151 -14.052741 -3.242676 6e-06 -18.78727 0.0 -0.429712 -8.456043 2.555505 -1e-06 -0.0 -2e-06 -15.923539 -20.094486 -5.473585 30.419218 -7.190827 1.73593 2e-06 -8.162926 0.0 -1.8619 -22.861475 -6.167945 1e-06 -2e-06 -3e-06 175.410065 -3.119557 -3.347546 24.26981 -0.007087 -0.065772 -88.925629 -2.575376 -3.199641 -3.658703 1.40773 2.138214 -0.999999 0.0 0.0 -3.049019 -6.736894 -9.856211 17.118912 -0.034362 0.049832 -81.197403 -3.154864 -11.217875 -4.630674 0.612818 1.668646 -1.000002 0.0 -0.0 
0.0 0.0 0.0 0.0 -0.0 0.0 4.259289 98.974426 0.406183 88.302452 -0.782305 88.806473 0.689129 -0.477455 1.035459 -10.741162 -0.477076 2.068579 30.794144 -6.665759 -0.580921 45.160465 -10.359507 2.903411 -2.539348 -1.531765 2.474208 -20.196808 -3.4252 3.646889 6e-06 -0.0 0.0 -0.060321 0.015306 -0.064525 -0.133805 0.145996 -0.125813 -0.203264 -0.120196 -0.000392 -90.238411 -75.819763 109.347748 61.766323 -58.351776 -27.852842 35.952244 -0.392401 -0.242054 4.20089 2.754299 9.601314 17.636627 -26.322737 52.411198 -19.466663 -14.395598 29.410393 0.0 -8.774821 -3e-06 16.242802 -18.14752 6.223739 -0.609776 -1.795653 -3.889324 -4.807088 -11.046809 -2.93785 5e-06 -20.976015 0.0 -5.019968 -25.033554 -4.031878 6e-06 2e-06 -0.0 -10.634531 -5.686969 -3.565586 10.573275 -17.922949 -3.113901 3e-06 -13.821209 2e-06 -0.501779 -31.181501 -4.027011 -11.626585 -60.003063 7.501199 -13.982712 -7.150196 -2.875041 13.77273 -8.401493 -3.218243 0.347733 -34.211544 0.771656 -0.963027 -17.73337 2.621022 -1e-06 -0.0 1e-06 -17.346416 -20.095215 -4.201783 21.757555 -1.638377 3.866428 2e-06 -6.338823 1e-06 -1.69759 -22.591738 -6.194006 0.0 -4e-06 -2e-06 120.236053 -78.613029 82.66301 71.480988 -62.949696 -29.376863 30.81167 -0.008314 -0.408472 -0.55326 10.058392 11.466529 22.182114 -20.375898 49.933319 -16.701807 -16.743528 28.476522 -4e-06 -12.6906 1e-06 16.391344 -17.20293 2.394851 -0.105919 -1.513857 -4.27588 -5.039041 -5.612869 -2.953556 4e-06 -11.020521 -0.0 -6.111297 -15.89533 -3.84047 0.0 0.0 0.0 -10.283369 -5.680287 -4.341837 11.028293 -11.302402 -2.372633 -1.384269 -14.238578 -6.320121 -0.625441 -26.924187 -3.827598 -4.524093 -49.864307 -3.490212 -13.708523 -7.363476 -3.720937 18.141148 -14.052738 -3.242674 6e-06 -18.787266 -1e-06 -0.429712 -8.456042 2.555506 -1e-06 -1e-06 0.0 -15.923536 -20.094479 -5.473581 30.41921 -7.190824 1.735927 1e-06 -8.162922 -1e-06 -1.861904 -22.861469 -6.167938 1e-06 -2e-06 -2e-06 175.517105 -2.967543 -3.410997 22.68679 -0.010507 -0.049889 -87.948944 -2.65622 -3.420464 -3.772888 1.398501 2.134436 -0.999999 0.0 -0.0 -2.921527 -6.626352 -9.587649 15.425514 -0.047146 0.03741 -80.202026 -3.322782 -11.002262 -4.566306 0.639296 1.671063 -1.000002 0.0 0.0 
0.0 0.0 0.0 0.0 -0.0 0.0 4.127803 99.249069 0.18868 88.484261 -1.334784 88.65107 0.92711 -0.746604 1.03342 -10.612165 -0.585449 2.062562 31.003927 -6.976961 -0.571617 44.578144 -10.249454 3.010289 -2.546378 -1.612918 2.450936 -21.067225 -3.498912 3.660815 6e-06 1e-06 1e-06 -0.056457 0.003226 -0.064076 -0.108787 0.13962 -0.119551 -0.17763 -0.137753 -0.005967 -87.789917 -76.110909 106.765091 61.146198 -58.737209 -28.258196 38.19062 -0.450081 -0.341671 4.364385 2.616237 7.274229 17.636633 -26.322725 52.411182 -19.466661 -14.395594 29.410385 0.0 -8.774821 -3e-06 16.24337 -18.024158 6.225458 -0.609775 -1.795653 -3.889329 -4.807089 -11.046811 -2.93785 4e-06 -20.976011 -1e-06 -5.019967 -25.033556 -4.031882 6e-06 2e-06 -1e-06 -10.634531 -5.686969 -3.565587 10.573275 -17.922951 -3.113903 2e-06 -13.821209 2e-06 -0.501775 -31.181498 -4.027015 -11.572572 -60.040485 7.466412 -13.982712 -7.150198 -2.875043 13.772729 -8.401492 -3.218239 0.347736 -34.211555 0.771652 -0.963027 -17.73337 2.621019 1e-06 -0.0 1e-06 -17.346415 -20.095217 -4.201783 21.757555 -1.638376 3.866428 1e-06 -6.338821 1e-06 -1.697588 -22.591745 -6.194007 -1e-06 -3e-06 -2e-06 121.85936 -78.674774 81.012077 71.029518 -63.304543 -28.787844 30.778793 0.039694 -0.430486 -0.536058 10.943453 10.847138 22.182121 -20.3759 49.933323 -16.701818 -16.743534 28.47653 -4e-06 -12.690605 0.0 16.390095 -17.162354 2.415704 -0.105919 -1.513856 -4.275882 -5.039042 -5.612872 -2.953554 5e-06 -11.020527 -2e-06 -6.111297 -15.895338 -3.840473 -0.0 1e-06 -1e-06 -10.283373 -5.680289 -4.34184 11.028299 -11.302407 -2.372635 -1.384269 -14.238583 -6.32012 -0.62544 -26.924192 -3.827598 -4.520467 -49.810493 -3.475358 -13.708526 -7.363476 -3.720939 18.141153 -14.052745 -3.242674 6e-06 -18.787271 -0.0 -0.429711 -8.456045 2.555507 -1e-06 0.0 0.0 -15.923538 -20.094484 -5.473583 30.419224 -7.190831 1.73593 2e-06 -8.162927 1e-06 -1.861901 -22.861479 -6.167943 2e-06 -1e-06 -1e-06 175.616089 -2.84417 -3.631974 20.958057 -0.004765 -0.04014 -86.860527 -2.616741 -3.676678 -3.85026 1.384261 2.132268 -0.999998 0.0 0.0 -2.836934 -6.504913 -9.321827 13.591341 -0.055036 0.032876 -79.0923 -3.397585 -10.711263 -4.522103 0.652449 1.671617 -1.000002 -0.0 -0.0 
0.0 0.0 0.0 0.0 -0.0 0.0 3.961807 99.50193 -0.089442 88.639816 -1.905154 88.408325 1.250109 -1.064002 0.993085 -10.450747 -0.72864 1.994216 31.159262 -7.239178 -0.630652 43.738285 -9.984909 3.076602 -2.549606 -1.659995 2.497016 -22.146589 -3.614109 3.795567 5e-06 -0.0 1e-06 -0.051436 -0.013129 -0.055837 -0.077507 0.125367 -0.107717 -0.146236 -0.156295 -0.001052 -84.793526 -76.543999 103.694176 60.287022 -59.26532 -28.648853 40.248802 -0.596706 -0.49177 4.681311 2.350679 4.325478 17.636635 -26.322725 52.411182 -19.466665 -14.395597 29.410389 0.0 -8.774822 -2e-06 16.245354 -17.894241 6.24319 -0.609777 -1.795654 -3.889329 -4.807088 -11.046813 -2.937853 5e-06 -20.976015 -1e-06 -5.01997 -25.033558 -4.031883 7e-06 -1e-06 0.0 -10.634535 -5.686972 -3.565587 10.573276 -17.922951 -3.113903 2e-06 -13.821209 -1e-06 -0.501778 -31.181505 -4.027016 -11.496855 -60.050457 7.45577 -13.982716 -7.150199 -2.875043 13.772733 -8.401494 -3.218242 0.347735 -34.211555 0.771651 -0.963027 -17.73337 2.621019 -0.0 0.0 -2e-06 -17.346424 -20.095221 -4.20178 21.757566 -1.638376 3.866426 1e-06 -6.338824 1e-06 -1.697588 -22.591747 -6.19401 1e-06 -6e-06 -1e-06 123.467636 -78.637672 79.391869 70.502937 -63.888203 -28.607086 31.244663 0.141905 -0.441274 -0.456292 12.159649 9.93245 22.182114 -20.375895 49.933319 -16.701811 -16.743528 28.476522 -1e-06 -12.6906 -4e-06 16.40177 -17.150576 2.421651 -0.105919 -1.513856 -4.275878 -5.039042 -5.61287 -2.953557 5e-06 -11.020523 -3e-06 -6.1113 -15.89533 -3.840471 1e-06 0.0 -1e-06 -10.283368 -5.680289 -4.341835 11.028296 -11.302406 -2.372633 -1.384269 -14.238582 -6.320122 -0.625438 -26.924191 -3.8276 -4.501271 -49.759441 -3.486953 -13.708524 -7.363476 -3.72094 18.141148 -14.052739 -3.242673 6e-06 -18.78727 -0.0 -0.429712 -8.456042 2.555502 -1e-06 -1e-06 3e-06 -15.923534 -20.094482 -5.473581 30.41921 -7.190826 1.735925 1e-06 -8.162926 -0.0 -1.861901 -22.861469 -6.167942 1e-06 -2e-06 -2e-06 175.626862 -2.800042 -3.999204 19.324026 0.007724 -0.03107 -85.789459 -2.499098 -3.959364 -3.930465 1.383442 2.133735 -0.999999 -0.0 -0.0 -3.189566 -6.393345 -9.040721 12.491856 -0.061052 0.032032 -78.099495 -3.284178 -10.364132 -4.514196 0.658089 1.673355 -1.000002 0.0 0.0 
0.0 0.0 0.0 0.0 -0.0 0.0 3.779004 99.708199 -0.395487 88.722404 -2.465153 88.008614 1.605605 -1.371547 0.933555 -10.283031 -0.893493 1.894993 31.317961 -7.481356 -0.772081 42.725754 -9.622919 3.090505 -2.537201 -1.668616 2.611795 -23.277567 -3.694978 4.028939 6e-06 -0.0 -0.0 -0.048336 -0.026897 -0.045175 -0.037899 0.110068 -0.091622 -0.105419 -0.169039 0.005115 -82.073219 -77.058548 101.023529 59.122753 -59.657352 -28.751965 41.980755 -0.786483 -0.668916 5.126634 2.055567 1.154864 17.636627 -26.322729 52.411194 -19.46666 -14.395592 29.410381 -0.0 -8.77482 -2e-06 16.27 -17.779572 6.257428 -0.609774 -1.795654 -3.889326 -4.807091 -11.046811 -2.93785 5e-06 -20.976015 -0.0 -5.01997 -25.033558 -4.031884 6e-06 1e-06 0.0 -10.634533 -5.68697 -3.565587 10.573272 -17.922953 -3.113901 1e-06 -13.82121 0.0 -0.501776 -31.181507 -4.027017 -11.40492 -60.084396 7.456709 -13.982714 -7.150199 -2.875043 13.772729 -8.401493 -3.218241 0.347735 -34.211555 0.771652 -0.963028 -17.73337 2.62102 0.0 1e-06 -0.0 -17.346416 -20.095221 -4.20178 21.757555 -1.638374 3.866427 0.0 -6.338821 -0.0 -1.69759 -22.591745 -6.194006 -0.0 -5e-06 -2e-06 124.940216 -78.500252 77.91301 69.977257 -64.569527 -28.699543 32.134319 0.28276 -0.436756 -0.308849 13.535463 8.741352 22.182106 -20.375891 49.933308 -16.701811 -16.743528 28.476521 -3e-06 -12.690598 1e-06 16.43721 -17.164602 2.409188 -0.10592 -1.513854 -4.275879 -5.03904 -5.612871 -2.953559 5e-06 -11.02052 -2e-06 -6.111296 -15.895329 -3.840467 1e-06 0.0 0.0 -10.283368 -5.680285 -4.341834 11.028291 -11.302402 -2.372633 -1.384268 -14.238577 -6.320119 -0.625437 -26.924183 -3.827603 -4.487522 -49.742088 -3.48646 -13.708521 -7.363473 -3.720938 18.141146 -14.052738 -3.242677 6e-06 -18.787266 1e-06 -0.42971 -8.456045 2.555505 -1e-06 0.0 1e-06 -15.923532 -20.094479 -5.473584 30.419205 -7.190824 1.735925 2e-06 -8.162924 -0.0 -1.8619 -22.861467 -6.167941 -0.0 -1e-06 -1e-06 175.495712 -2.873538 -4.506002 18.03154 0.018652 -0.014068 -84.894836 -2.390546 -4.242867 -3.978673 1.394736 2.13898 -0.999998 -0.0 -0.0 -3.853788 -6.2391 -8.684929 11.962118 -0.063966 0.034111 -77.297653 -3.045381 -10.004287 -4.537583 0.663052 1.677326 -1.000001 -0.0 -0.0 
0.0 0.0 0.0 0.0 -0.0 0.0 3.598359 99.875572 -0.723096 88.74659 -3.024738 87.413445 1.959853 -1.668709 0.871899 -10.120286 -1.06888 1.778877 31.513973 -7.766879 -0.982588 41.652935 -9.204283 3.07701 -2.514994 -1.673097 2.782292 -24.396307 -3.716405 4.333946 7e-06 0.0 -0.0 -0.048938 -0.036059 -0.036261 0.011337 0.097715 -0.073775 -0.05487 -0.175523 0.006447 -79.962669 -77.60836 99.060577 57.732494 -59.810574 -28.464287 43.415573 -0.969749 -0.837489 5.691283 1.771789 -1.943384 17.636633 -26.322721 52.411179 -19.466663 -14.395596 29.410385 0.0 -8.774822 -4e-06 16.320829 -17.68721 6.245576 -0.609776 -1.795655 -3.889326 -4.807089 -11.046812 -2.93785 6e-06 -20.976019 -1e-06 -5.019969 -25.03356 -4.031881 6e-06 1e-06 -1e-06 -10.634535 -5.686972 -3.565587 10.573274 -17.922956 -3.113901 2e-06 -13.82121 -0.0 -0.501775 -31.181511 -4.027017 -11.320696 -60.151947 7.46138 -13.982716 -7.150198 -2.875042 13.77273 -8.401495 -3.218241 0.347739 -34.211559 0.771648 -0.963026 -17.733372 2.621017 0.0 -0.0 -1e-06 -17.34642 -20.095221 -4.201779 21.757563 -1.638375 3.86643 2e-06 -6.338823 -0.0 -1.697589 -22.591751 -6.194008 -0.0 -5e-06 -2e-06 126.458946 -78.273003 76.371925 69.522415 -65.280388 -28.859007 33.366596 0.455115 -0.410712 -0.147748 14.870676 7.405786 22.182112 -20.375891 49.933319 -16.701817 -16.74353 28.476532 -3e-06 -12.690601 0.0 16.464594 -17.181196 2.392821 -0.10592 -1.513856 -4.275879 -5.03904 -5.612873 -2.953559 5e-06 -11.020525 -2e-06 -6.1113 -15.895336 -3.840467 1e-06 1e-06 1e-06 -10.283371 -5.680289 -4.341836 11.028297 -11.302407 -2.372636 -1.384268 -14.238583 -6.32012 -0.625438 -26.924194 -3.827601 -4.486646 -49.732956 -3.450968 -13.708526 -7.363476 -3.72094 18.141151 -14.052739 -3.242676 6e-06 -18.78727 -1e-06 -0.429712 -8.456045 2.555504 0.0 -0.0 -0.0 -15.923536 -20.094484 -5.473583 30.419218 -7.190827 1.735926 3e-06 -8.162927 -4e-06 -1.861901 -22.861469 -6.167941 1e-06 -4e-06 -1e-06 175.227112 -3.035656 -5.122012 17.070374 0.028996 0.010657 -84.1782 -2.369186 -4.522614 -3.985979 1.409298 2.144877 -0.999999 -0.0 -0.0 -4.68992 -6.030311 -8.219214 11.686234 -0.061066 0.035492 -76.606255 -2.736604 -9.641299 -4.565115 0.667707 1.681096 -1.000002 -0.0 0.0 
0.0 0.0 0.0 0.0 -0.0 0.0 3.420249 100.023422 -1.076859 88.749786 -3.590631 86.630867 2.30328 -1.979582 0.799976 -9.962567 -1.251899 1.653887 31.760458 -8.144976 -1.257297 40.615879 -8.765342 3.061345 -2.493395 -1.713691 2.986903 -25.482771 -3.681247 4.690895 8e-06 -1e-06 -0.0 -0.052645 -0.048988 -0.022456 0.061454 0.080383 -0.049571 -0.003776 -0.184388 0.011308 -78.685791 -78.154259 97.983231 56.221153 -59.728065 -27.883537 44.612568 -1.150885 -0.97118 6.376285 1.552734 -5.008252 17.636633 -26.322735 52.411198 -19.466665 -14.395598 29.410389 -0.0 -8.774824 -2e-06 16.38073 -17.605049 6.21798 -0.609777 -1.795654 -3.889327 -4.807091 -11.046811 -2.93785 5e-06 -20.976015 0.0 -5.01997 -25.03356 -4.031883 5e-06 -1e-06 -0.0 -10.634536 -5.686969 -3.565588 10.573275 -17.922953 -3.113899 3e-06 -13.821213 1e-06 -0.501778 -31.181507 -4.027016 -11.249899 -60.241203 7.474432 -13.982718 -7.150198 -2.875043 13.772732 -8.401492 -3.218241 0.347732 -34.211555 0.771657 -0.96303 -17.733372 2.621019 0.0 0.0 -0.0 -17.346422 -20.095221 -4.201782 21.757559 -1.638375 3.866427 1e-06 -6.338821 1e-06 -1.69759 -22.591747 -6.194006 -1e-06 -4e-06 -4e-06 128.244156 -77.949883 74.553085 69.175896 -65.992111 -29.045202 34.93996 0.609237 -0.36936 -0.050833 16.098068 6.075803 22.182121 -20.375895 49.933319 -16.701815 -16.743528 28.476532 -3e-06 -12.690601 -2e-06 16.487902 -17.200037 2.370792 -0.105919 -1.513857 -4.275884 -5.039041 -5.612873 -2.953557 5e-06 -11.020527 -1e-06 -6.111297 -15.895334 -3.840469 0.0 0.0 -2e-06 -10.283371 -5.680289 -4.341842 11.028296 -11.302406 -2.372633 -1.384268 -14.238581 -6.320121 -0.625437 -26.924187 -3.827603 -4.47858 -49.702007 -3.41314 -13.708526 -7.363477 -3.720944 18.141151 -14.05274 -3.242672 7e-06 -18.787271 -2e-06 -0.429711 -8.456045 2.555504 0.0 -1e-06 1e-06 -15.923534 -20.094482 -5.473588 30.41921 -7.190829 1.735927 3e-06 -8.162926 -1e-06 -1.861899 -22.861473 -6.167942 -0.0 -1e-06 -2e-06 174.888107 -3.242358 -5.826689 16.277857 0.03533 0.028618 -83.550041 -2.443801 -4.791242 -3.958184 1.424633 2.153604 -0.999998 -0.0 -0.0 -5.631066 -5.778324 -7.637021 11.508773 -0.054526 0.037975 -75.936462 -2.388102 -9.281719 -4.603509 0.676505 1.685421 -1.000001 1e-06 0.0 
0.0 0.0 0.0 0.0 -0.0 0.0 3.241566 100.166931 -1.457037 88.727226 -4.194182 85.693092 2.626855 -2.301379 0.714061 -9.804328 -1.427153 1.531527 32.05265 -8.628405 -1.591077 39.663631 -8.341267 3.070423 -2.48349 -1.804076 3.214602 -26.505713 -3.59463 5.079875 8e-06 -1e-06 -0.0 -0.057988 -0.060877 -0.009088 0.109087 0.06481 -0.024852 0.045859 -0.192725 0.014568 -78.416878 -78.673523 97.89637 54.723289 -59.428562 -27.085808 45.619934 -1.272539 -1.092719 7.179434 1.405297 -8.083305 17.636625 -26.322733 52.411198 -19.466656 -14.3956 29.410393 1e-06 -8.774823 -2e-06 16.435989 -17.562979 6.203184 -0.609775 -1.795653 -3.889328 -4.807091 -11.046811 -2.937849 1e-06 -20.976013 1e-06 -5.019975 -25.03356 -4.031882 6e-06 -0.0 -0.0 -10.634537 -5.686971 -3.565587 10.573272 -17.922951 -3.1139 1e-06 -13.821206 1e-06 -0.501779 -31.181501 -4.027017 -11.239305 -60.345413 7.541717 -13.982713 -7.150198 -2.875041 13.772729 -8.401491 -3.218242 0.347732 -34.211552 0.771656 -0.96303 -17.73337 2.621019 -0.0 0.0 -0.0 -17.346422 -20.095217 -4.201779 21.757563 -1.638373 3.866428 1e-06 -6.338821 2e-06 -1.697591 -22.591743 -6.194005 -1e-06 -4e-06 -3e-06 130.426651 -77.533417 72.328262 68.898415 -66.691338 -29.160604 36.851196 0.759319 -0.300753 -0.096924 17.185528 4.717536 22.182117 -20.3759 49.933331 -16.701807 -16.743528 28.476534 -3e-06 -12.6906 -2e-06 16.526665 -17.206753 2.344218 -0.105922 -1.513854 -4.275882 -5.039039 -5.61287 -2.953558 4e-06 -11.020523 1e-06 -6.111296 -15.89533 -3.84047 0.0 -1e-06 -2e-06 -10.283369 -5.680288 -4.341841 11.028293 -11.302403 -2.372633 -1.384268 -14.238577 -6.320122 -0.625439 -26.924183 -3.827599 -4.426641 -49.651939 -3.397787 -13.708524 -7.363474 -3.720944 18.141146 -14.052739 -3.242674 5e-06 -18.787266 1e-06 -0.429713 -8.456043 2.555505 -0.0 -0.0 1e-06 -15.923532 -20.094482 -5.473591 30.419207 -7.190826 1.73593 2e-06 -8.162925 1e-06 -1.861902 -22.861467 -6.167942 1e-06 -4e-06 -2e-06 174.483047 -3.505916 -6.596982 15.568331 0.039639 0.035373 -82.958191 -2.600612 -5.036734 -3.897855 1.431567 2.161092 -0.999999 -0.0 -0.0 -6.663003 -5.454184 -6.960975 11.348083 -0.051294 0.039417 -75.201759 -2.008581 -8.92074 -4.64991 0.68724 1.689329 -1.000002 0.0 -0.0 
0.0 0.0 0.0 0.0 -0.0 0.0 3.079173 100.287544 -1.845997 88.687569 -4.820302 84.703537 2.920173 -2.620782 0.631651 -9.643898 -1.592896 1.435068 32.357193 -9.170336 -1.982724 38.895393 -7.976538 3.101318 -2.488856 -1.915244 3.454155 -27.36392 -3.499128 5.452365 4e-06 -0.0 -1e-06 -0.062276 -0.068169 -9.7e-05 0.141209 0.05702 -0.006412 0.080996 -0.199338 0.014775 -79.01123 -79.167053 98.601913 53.621227 -58.998108 -26.436033 46.33638 -1.230737 -1.186808 7.951349 1.394282 -10.855801 17.636625 -26.322725 52.411182 -19.466654 -14.395597 29.410378 -1e-06 -8.774819 -1e-06 16.467253 -17.573624 6.213833 -0.609775 -1.795652 -3.889327 -4.807087 -11.046809 -2.93785 4e-06 -20.976011 1e-06 -5.01997 -25.033548 -4.03188 5e-06 0.0 1e-06 -10.634529 -5.686968 -3.565586 10.573272 -17.922947 -3.1139 3e-06 -13.821205 1e-06 -0.501778 -31.181498 -4.027014 -11.333556 -60.433426 7.675292 -13.982708 -7.150196 -2.87504 13.772728 -8.401491 -3.218242 0.347735 -34.211544 0.771655 -0.963028 -17.733366 2.621021 0.0 0.0 -0.0 -17.346413 -20.095211 -4.20178 21.757555 -1.638373 3.866427 2e-06 -6.338821 2e-06 -1.697588 -22.591738 -6.194003 -1e-06 -4e-06 -2e-06 132.862793 -77.045181 69.867172 68.697464 -67.313477 -29.271524 38.99276 0.860298 -0.243184 -0.279573 18.080223 3.418066 22.182112 -20.375889 49.933323 -16.701813 -16.743528 28.476532 -3e-06 -12.690601 -0.0 16.54488 -17.192142 2.326051 -0.10592 -1.513857 -4.275883 -5.039042 -5.612871 -2.953556 5e-06 -11.020525 -2e-06 -6.111297 -15.895334 -3.840473 0.0 -0.0 0.0 -10.283371 -5.68029 -4.34184 11.028294 -11.302404 -2.372633 -1.384269 -14.238581 -6.320123 -0.625438 -26.924187 -3.827604 -4.327399 -49.564346 -3.416579 -13.708525 -7.363478 -3.720941 18.141151 -14.052739 -3.242676 6e-06 -18.78727 -3e-06 -0.429711 -8.456044 2.555505 -0.0 0.0 -0.0 -15.923536 -20.094486 -5.473586 30.419218 -7.190826 1.735925 3e-06 -8.162927 -0.0 -1.861902 -22.861469 -6.167945 0.0 -3e-06 -1e-06 173.938507 -3.81426 -7.343602 15.117721 0.046775 0.046866 -82.495674 -2.828514 -5.232823 -3.807401 1.435092 2.166251 -1.0 -0.0 0.0 -7.719081 -5.084072 -6.261847 11.173084 -0.045437 0.028226 -74.478226 -1.633885 -8.610894 -4.685199 0.693917 1.690695 -1.000002 0.0 0.0 
0.0 0.0 0.0 0.0 -0.0 0.0 2.929744 100.374184 -2.231262 88.637619 -5.447234 83.718628 3.164106 -2.924609 0.573285 -9.492179 -1.746061 1.365569 32.654278 -9.734066 -2.397692 38.421169 -7.74971 3.15628 -2.491864 -2.026285 3.642693 -28.06575 -3.408402 5.802005 5e-06 -1e-06 0.0 -0.061914 -0.078661 0.011309 0.167773 0.048573 0.014315 0.106232 -0.211306 0.017042 -80.419182 -79.639969 100.046654 53.207649 -58.524498 -26.385963 46.796749 -1.024037 -1.178823 8.482305 1.680611 -13.353687 17.636631 -26.322729 52.411186 -19.466656 -14.395597 29.410381 -1e-06 -8.774821 -2e-06 16.463305 -17.621162 6.259904 -0.609777 -1.795655 -3.889328 -4.807089 -11.046809 -2.93785 5e-06 -20.976015 -1e-06 -5.019969 -25.033556 -4.031881 6e-06 -0.0 1e-06 -10.634535 -5.686968 -3.565587 10.573274 -17.922955 -3.113901 2e-06 -13.82121 1e-06 -0.501776 -31.181501 -4.027017 -11.486901 -60.493237 7.843487 -13.982713 -7.150198 -2.875044 13.772727 -8.401488 -3.21824 0.347735 -34.211544 0.771654 -0.963028 -17.733366 2.621022 0.0 0.0 0.0 -17.346416 -20.095213 -4.201784 21.757557 -1.638378 3.866428 0.0 -6.338822 1e-06 -1.697587 -22.591745 -6.194007 -1e-06 -4e-06 -5e-06 135.308807 -76.487305 67.366882 68.527184 -67.862091 -29.334433 41.291901 0.923942 -0.192694 -0.612146 18.719143 2.126291 22.182117 -20.375895 49.933323 -16.701811 -16.743528 28.476532 -3e-06 -12.6906 -2e-06 16.534088 -17.176481 2.331181 -0.10592 -1.513855 -4.275879 -5.039041 -5.612872 -2.953557 5e-06 -11.020523 -4e-06 -6.111297 -15.89533 -3.840472 0.0 -0.0 1e-06 -10.28337 -5.680288 -4.341839 11.028295 -11.302404 -2.372633 -1.384269 -14.23858 -6.320123 -0.625438 -26.924187 -3.827601 -4.218065 -49.464092 -3.438143 -13.708523 -7.363476 -3.72094 18.141148 -14.052739 -3.242672 7e-06 -18.787266 -3e-06 -0.429712 -8.456041 2.555505 1e-06 -0.0 -0.0 -15.923534 -20.094482 -5.473587 30.41921 -7.190826 1.735927 2e-06 -8.162925 1e-06 -1.861902 -22.861467 -6.167942 1e-06 -2e-06 -2e-06 173.227417 -4.163134 -7.999953 15.028441 0.051972 0.053162 -82.219452 -3.103482 -5.385391 -3.722192 1.433475 2.16859 -0.999998 0.0 -0.0 -8.755626 -4.688863 -5.622786 10.989511 -0.033912 0.013847 -73.830544 -1.263699 -8.355846 -4.712687 0.695646 1.691911 -1.000002 -1e-06 -0.0 
0.0 0.0 0.0 0.0 -0.0 0.0 2.814003 100.423584 -2.592994 88.56781 -6.069031 82.840714 3.319846 -3.181895 0.545634 -9.364255 -1.874652 1.310354 32.933697 -10.281082 -2.793709 38.300354 -7.665355 3.250391 -2.47489 -2.130697 3.747879 -28.58169 -3.357962 6.134615 6e-06 -3e-06 -1e-06 -0.056695 -0.081493 0.011347 0.194101 0.047905 0.026022 0.120989 -0.215051 0.006112 -82.362999 -80.05719 101.927696 53.727612 -58.146324 -27.456436 47.105911 -0.729114 -1.082159 8.669685 2.485641 -15.870798 17.636629 -26.322735 52.411182 -19.46666 -14.395596 29.410385 -1e-06 -8.774819 -1e-06 16.362167 -17.656878 6.321898 -0.609776 -1.795653 -3.889326 -4.807088 -11.046811 -2.93785 3e-06 -20.976019 1e-06 -5.019972 -25.033558 -4.031878 6e-06 -0.0 -0.0 -10.634531 -5.686973 -3.565586 10.573272 -17.922953 -3.1139 2e-06 -13.82121 2e-06 -0.501779 -31.181505 -4.027013 -11.628895 -60.464973 7.945406 -13.982712 -7.150197 -2.875041 13.772727 -8.401491 -3.21824 0.347731 -34.211555 0.771659 -0.96303 -17.73337 2.621019 0.0 0.0 0.0 -17.346418 -20.095211 -4.201779 21.757555 -1.638378 3.866426 1e-06 -6.338824 1e-06 -1.69759 -22.591749 -6.194004 -1e-06 -4e-06 -4e-06 137.335815 -75.911415 65.155121 68.291412 -68.367821 -29.425507 43.611149 0.914474 -0.111762 -1.081874 19.031944 0.981748 22.182114 -20.375895 49.933319 -16.701817 -16.74353 28.476534 -3e-06 -12.690601 0.0 16.53492 -17.168962 2.33732 -0.10592 -1.513854 -4.275882 -5.039041 -5.612872 -2.953558 4e-06 -11.020523 -2e-06 -6.111297 -15.89533 -3.840469 0.0 -0.0 -0.0 -10.283372 -5.680286 -4.341839 11.028295 -11.302404 -2.372632 -1.384268 -14.23858 -6.320121 -0.625437 -26.924187 -3.8276 -4.129927 -49.387787 -3.451913 -13.708525 -7.363472 -3.720938 18.14115 -14.052739 -3.242675 7e-06 -18.787266 -2e-06 -0.429711 -8.456042 2.555504 -0.0 1e-06 -1e-06 -15.923536 -20.094481 -5.473586 30.41921 -7.190827 1.735924 2e-06 -8.162927 1e-06 -1.861902 -22.861469 -6.167941 -0.0 -1e-06 -1e-06 172.330353 -4.539115 -8.4818 15.340916 0.050108 0.040298 -82.153625 -3.401628 -5.460461 -3.673683 1.44339 2.170217 -0.999998 -0.0 0.0 -9.731761 -4.287599 -5.090908 10.794088 -0.019263 0.017057 -73.287224 -0.923034 -8.150708 -4.737626 0.700602 1.694432 -1.000003 -0.0 -0.0 
0.0 0.0 0.0 0.0 -0.0 0.0 2.738805 100.439987 -2.929576 88.460999 -6.668783 82.134216 3.403423 -3.380565 0.533931 -9.256752 -1.986504 1.265255 33.174393 -10.763084 -3.106157 38.491825 -7.669805 3.387455 -2.44284 -2.230027 3.781595 -28.89254 -3.381546 6.399602 2e-06 -1e-06 -0.0 -0.051852 -0.080484 0.001926 0.21267 0.047288 0.02767 0.119389 -0.210423 -0.013364 -83.559944 -80.402161 102.986145 55.676353 -58.088493 -30.382519 47.404247 -0.479108 -1.055429 8.592607 4.092803 -19.133213 17.636621 -26.322729 52.411186 -19.46666 -14.395598 29.410385 0.0 -8.77482 -2e-06 16.150806 -17.608551 6.332136 -0.609776 -1.795653 -3.889327 -4.807088 -11.046809 -2.937849 3e-06 -20.976015 -0.0 -5.019972 -25.033556 -4.031878 6e-06 -0.0 0.0 -10.634531 -5.686969 -3.565586 10.573271 -17.922947 -3.1139 1e-06 -13.821205 1e-06 -0.50178 -31.181498 -4.027016 -11.627115 -60.264046 7.885661 -13.982712 -7.150197 -2.87504 13.772727 -8.401489 -3.218242 0.347731 -34.211544 0.771658 -0.963031 -17.73337 2.621019 -0.0 -0.0 -1e-06 -17.346416 -20.095211 -4.201777 21.757555 -1.638374 3.866426 1e-06 -6.338821 2e-06 -1.69759 -22.591749 -6.194007 -0.0 -4e-06 -1e-06 138.862289 -75.351036 63.280022 68.194977 -68.813675 -29.854986 45.856041 0.853716 0.007504 -1.592804 18.932587 -0.127333 22.182119 -20.375895 49.933319 -16.701811 -16.743528 28.476532 -3e-06 -12.690599 -2e-06 16.574146 -17.157497 2.334957 -0.105919 -1.513855 -4.275882 -5.03904 -5.612872 -2.953557 5e-06 -11.020523 -1e-06 -6.111295 -15.89533 -3.840472 0.0 -0.0 -1e-06 -10.283369 -5.680286 -4.341839 11.028296 -11.302404 -2.372633 -1.384267 -14.238578 -6.320122 -0.625435 -26.924185 -3.827601 -4.075288 -49.347176 -3.467513 -13.708524 -7.363473 -3.720943 18.14115 -14.052739 -3.242672 7e-06 -18.787266 -2e-06 -0.429711 -8.45604 2.555502 -0.0 0.0 0.0 -15.923531 -20.094479 -5.473587 30.41921 -7.19083 1.735926 3e-06 -8.162925 1e-06 -1.8619 -22.861469 -6.167942 0.0 -1e-06 -1e-06 171.279526 -4.94474 -8.762394 16.004709 0.047236 0.018241 -82.269356 -3.690743 -5.482944 -3.632429 1.46336 2.172873 -0.999999 0.0 0.0 -10.640571 -3.886522 -4.676478 10.635721 -0.001342 0.037383 -72.850945 -0.60605 -8.003913 -4.744659 0.717198 1.696815 -1.000003 1e-06 -0.0 
0.0 0.0 0.0 0.0 -0.0 0.0 2.703789 100.439278 -3.23642 88.354073 -7.191956 81.583954 3.467847 -3.555765 0.52199 -9.167368 -2.087889 1.224705 33.292477 -11.148104 -3.277229 38.925148 -7.670684 3.585877 -2.414859 -2.330185 3.756701 -28.990059 -3.391565 6.517337 7e-06 -1e-06 -0.0 -0.051071 -0.090863 -0.002037 0.217926 0.03427 0.033554 0.106702 -0.216113 -0.026966 -82.682587 -80.569077 101.925865 59.2286 -58.380646 -34.929855 47.9772 -0.422891 -1.200051 8.54848 6.165956 -23.892012 17.636629 -26.322729 52.41119 -19.466663 -14.395597 29.410385 -1e-06 -8.774821 -2e-06 15.904919 -17.49214 6.215633 -0.609776 -1.795654 -3.889328 -4.80709 -11.046813 -2.937851 6e-06 -20.976019 -2e-06 -5.019969 -25.03356 -4.031882 6e-06 1e-06 1e-06 -10.634533 -5.686972 -3.565588 10.573275 -17.922951 -3.113902 2e-06 -13.821212 0.0 -0.501774 -31.181505 -4.027017 -11.39335 -59.897038 7.635391 -13.982713 -7.150198 -2.875042 13.77273 -8.401495 -3.218242 0.347738 -34.211555 0.771654 -0.963027 -17.73337 2.621018 1e-06 0.0 -1e-06 -17.346418 -20.095219 -4.201784 21.757559 -1.638376 3.866429 2e-06 -6.338823 1e-06 -1.697589 -22.591751 -6.194009 -0.0 -4e-06 -1e-06 140.059021 -74.907036 61.631039 68.685814 -69.126068 -31.212301 47.938354 0.780657 0.110256 -2.016832 18.50915 -1.295197 22.18211 -20.375895 49.933319 -16.701818 -16.74353 28.476532 -2e-06 -12.690601 0.0 16.594746 -17.144737 2.357308 -0.105919 -1.513855 -4.275882 -5.03904 -5.612873 -2.953554 4e-06 -11.020527 -3e-06 -6.111297 -15.895338 -3.840473 0.0 -0.0 -1e-06 -10.283369 -5.680291 -4.341837 11.028297 -11.302409 -2.372635 -1.384268 -14.238585 -6.320123 -0.625438 -26.924198 -3.827602 -4.008136 -49.302349 -3.546272 -13.708525 -7.363476 -3.720936 18.141153 -14.052743 -3.242678 7e-06 -18.787271 -4e-06 -0.429712 -8.456045 2.5555 -0.0 -0.0 -0.0 -15.923534 -20.094484 -5.473581 30.41921 -7.190827 1.735921 2e-06 -8.162927 -1e-06 -1.861901 -22.861471 -6.167942 0.0 -1e-06 -4e-06 170.268768 -5.308031 -8.890921 16.739443 0.046987 0.018247 -82.435303 -3.972155 -5.531026 -3.591647 1.490922 2.182398 -0.999998 -0.0 0.0 -11.468467 -3.547553 -4.362334 10.590828 0.023135 0.055769 -72.510368 -0.279858 -7.866736 -4.689795 0.740763 1.700603 -1.000004 -0.0 -0.0 
0.0 0.0 0.0 0.0 -0.0 0.0 2.70117 100.431992 -3.523194 88.252899 -7.631213 81.164803 3.531042 -3.716467 0.503489 -9.092609 -2.178075 1.19084 33.259827 -11.415597 -3.328952 39.456417 -7.586577 3.806432 -2.409755 -2.439121 3.751417 -28.916771 -3.347198 6.48604 4e-06 -2e-06 -0.0 -0.054338 -0.117003 0.003999 0.201118 0.00829 0.04621 0.082394 -0.241426 -0.027517 -79.683128 -80.554756 98.710564 63.954086 -58.664982 -39.822071 48.774216 -0.629462 -1.422493 8.733097 7.882527 -29.3766 17.636625 -26.322729 52.411182 -19.466665 -14.395598 29.410389 1e-06 -8.774819 -2e-06 15.713527 -17.405899 5.983665 -0.609775 -1.795655 -3.889328 -4.807086 -11.046809 -2.93785 4e-06 -20.976015 -1e-06 -5.019969 -25.033556 -4.03188 5e-06 0.0 0.0 -10.63453 -5.686972 -3.565586 10.573272 -17.922953 -3.113903 4e-06 -13.821209 0.0 -0.501777 -31.181501 -4.027016 -11.059614 -59.435001 7.274872 -13.982712 -7.150198 -2.875043 13.772727 -8.401491 -3.218242 0.347734 -34.211552 0.771654 -0.963029 -17.73337 2.621021 -2e-06 0.0 -1e-06 -17.346413 -20.095217 -4.201782 21.757555 -1.638373 3.866427 3e-06 -6.338823 1e-06 -1.697587 -22.591745 -6.194007 -1e-06 -3e-06 -0.0 141.065292 -74.614517 60.134632 70.280472 -69.240852 -34.060524 49.839287 0.733734 0.10021 -2.312108 17.837822 -2.575422 22.182117 -20.375893 49.933315 -16.701813 -16.743526 28.47653 -1e-06 -12.6906 -1e-06 16.575739 -17.174387 2.442287 -0.105919 -1.513856 -4.27588 -5.039041 -5.612871 -2.953556 4e-06 -11.020523 -3e-06 -6.111297 -15.895334 -3.840472 1e-06 0.0 0.0 -10.28337 -5.680289 -4.341839 11.028294 -11.302406 -2.372633 -1.384268 -14.238582 -6.320121 -0.625438 -26.924192 -3.827602 -3.965382 -49.305088 -3.628619 -13.708524 -7.363476 -3.720941 18.14115 -14.052737 -3.242674 7e-06 -18.78727 -3e-06 -0.429712 -8.456043 2.555503 -0.0 1e-06 1e-06 -15.923534 -20.094482 -5.473585 30.41921 -7.190827 1.735925 3e-06 -8.162925 -1e-06 -1.861902 -22.861467 -6.16794 0.0 -2e-06 -2e-06 169.35733 -5.626578 -8.980452 17.433987 0.051232 0.040735 -82.592133 -4.18522 -5.605045 -3.551207 1.506521 2.193399 -0.999998 0.0 -0.0 -12.231205 -3.271688 -4.10713 10.679106 0.045431 0.050049 -72.231781 0.038652 -7.730301 -4.546957 0.759554 1.706705 -1.000003 0.0 -0.0 
0.0 0.0 0.0 0.0 -0.0 0.0 2.72201 100.407707 -3.788078 88.190758 -8.024524 80.834976 3.581331 -3.868558 0.496561 -9.031437 -2.250228 1.168613 33.078857 -11.558571 -3.338475 39.903751 -7.390292 3.993089 -2.429145 -2.531249 3.803081 -28.779993 -3.330655 6.44108 6e-06 -1e-06 1e-06 -0.060738 -0.138239 0.007311 0.174079 -0.010691 0.05168 0.051763 -0.264808 -0.026183 -75.712395 -80.440147 94.483215 69.077042 -58.589535 -43.697762 49.306515 -1.12527 -1.540079 9.127848 8.537052 -34.326611 17.636621 -26.322729 52.411182 -19.466658 -14.395594 29.410381 4e-06 -8.774819 -2e-06 15.599195 -17.399239 5.70276 -0.609774 -1.795653 -3.889326 -4.807087 -11.046807 -2.937849 -1e-06 -20.976013 0.0 -5.01997 -25.033552 -4.03188 6e-06 0.0 1e-06 -10.634531 -5.686971 -3.565585 10.573269 -17.922947 -3.113899 3e-06 -13.821209 -0.0 -0.501777 -31.181505 -4.027017 -10.745903 -58.972843 6.868171 -13.982711 -7.150199 -2.87504 13.772726 -8.401488 -3.21824 0.347726 -34.211544 0.771657 -0.963031 -17.733368 2.621017 1e-06 0.0 -0.0 -17.346413 -20.095215 -4.201779 21.757555 -1.638373 3.866427 1e-06 -6.338823 -0.0 -1.697594 -22.591743 -6.194004 1e-06 -4e-06 -2e-06 142.106903 -74.419258 58.520077 73.246292 -69.229233 -38.645393 51.565701 0.70387 -0.022539 -2.479179 17.025873 -4.260512 22.182116 -20.375889 49.933323 -16.701817 -16.74353 28.476538 -2e-06 -12.690601 -1e-06 16.483433 -17.25905 2.591148 -0.10592 -1.513855 -4.275881 -5.039041 -5.61287 -2.953557 4e-06 -11.020521 -2e-06 -6.111298 -15.89533 -3.840472 0.0 0.0 -1e-06 -10.283371 -5.680287 -4.341839 11.028295 -11.302402 -2.372633 -1.384268 -14.238579 -6.320122 -0.625437 -26.924187 -3.827602 -3.970651 -49.357853 -3.669204 -13.708524 -7.363473 -3.720941 18.141148 -14.052737 -3.242673 6e-06 -18.787268 -2e-06 -0.429712 -8.456041 2.555501 -0.0 -1e-06 1e-06 -15.923534 -20.094482 -5.473586 30.41921 -7.190826 1.735926 3e-06 -8.162925 -1e-06 -1.861902 -22.861467 -6.167941 -0.0 -3e-06 -2e-06 168.476166 -5.888504 -9.10771 18.153618 0.057238 0.067896 -82.77536 -4.28917 -5.695377 -3.505929 1.509641 2.202366 -0.999999 0.0 0.0 -12.983144 -3.075089 -3.889482 10.898357 0.059561 0.014852 -72.084358 0.317422 -7.607316 -4.343823 0.763457 1.715144 -1.000003 -0.0 0.0 
0.0 0.0 0.0 0.0 -0.0 0.0 2.773338 100.358818 -4.03319 88.184799 -8.397751 80.553513 3.609096 -4.006695 0.513635 -8.988295 -2.306718 1.179504 32.814072 -11.595028 -3.36481 40.132969 -7.04885 4.143054 -2.456434 -2.566375 3.857961 -28.720123 -3.353679 6.450574 7e-06 -1e-06 1e-06 -0.068094 -0.139173 0.006327 0.174067 -0.009291 0.056788 0.051935 -0.268621 -0.032772 -71.474472 -80.337311 89.998863 74.003365 -57.963615 -45.642254 48.906677 -1.8713 -1.445186 9.660469 7.916099 -38.43169 17.636625 -26.322729 52.411194 -19.466658 -14.395592 29.410389 0.0 -8.774819 -3e-06 15.507941 -17.462404 5.450192 -0.609777 -1.795652 -3.889327 -4.807087 -11.046813 -2.937852 3e-06 -20.976017 -1e-06 -5.019966 -25.033556 -4.031884 6e-06 0.0 0.0 -10.634533 -5.686972 -3.565586 10.573269 -17.922947 -3.113901 3e-06 -13.821205 -0.0 -0.501777 -31.181498 -4.027019 -10.51914 -58.663185 6.491255 -13.982711 -7.150197 -2.875043 13.772725 -8.401489 -3.218241 0.34773 -34.21154 0.771654 -0.963026 -17.733366 2.621015 -0.0 -0.0 0.0 -17.346415 -20.095219 -4.201784 21.757555 -1.638374 3.866426 1e-06 -6.338824 1e-06 -1.697588 -22.591742 -6.194007 -0.0 -4e-06 -1e-06 143.209076 -74.242386 56.693848 77.462257 -69.138535 -44.688198 53.08466 0.663906 -0.207585 -2.585466 16.343859 -6.513149 22.182119 -20.375898 49.933319 -16.701813 -16.74353 28.47653 -1e-06 -12.690603 -1e-06 16.291618 -17.354527 2.756421 -0.10592 -1.513857 -4.275883 -5.039042 -5.612871 -2.953557 4e-06 -11.020523 -1e-06 -6.1113 -15.895334 -3.84047 -0.0 0.0 -0.0 -10.283373 -5.680288 -4.341838 11.028296 -11.302406 -2.372634 -1.38427 -14.238581 -6.320121 -0.625439 -26.924191 -3.8276 -4.004209 -49.395622 -3.68003 -13.708527 -7.363479 -3.720939 18.141151 -14.052739 -3.242674 6e-06 -18.78727 -1e-06 -0.429712 -8.456041 2.555504 0.0 -0.0 -1e-06 -15.923538 -20.094482 -5.473584 30.419218 -7.190826 1.735927 3e-06 -8.162925 -0.0 -1.861904 -22.861469 -6.167942 -0.0 -3e-06 -2e-06 167.570526 -6.075407 -9.256089 18.954248 0.05994 0.083115 -83.015495 -4.292939 -5.74569 -3.437073 1.527415 2.216003 -0.999998 -0.0 -0.0 -13.735924 -2.968206 -3.735038 11.184417 0.065229 -0.028816 -72.084572 0.553408 -7.466397 -4.128685 0.751312 1.723392 -1.000002 0.0 -0.0 
0.0 0.0 0.0 0.0 -0.0 0.0 2.852956 100.285316 -4.251542 88.230698 -8.733007 80.318466 3.599833 -4.11342 0.556842 -8.980002 -2.366122 1.23272 32.563335 -11.540485 -3.461483 40.047382 -6.557634 4.248209 -2.479326 -2.557699 3.921627 -28.757334 -3.453499 6.509705 4e-06 -1e-06 1e-06 -0.075964 -0.125555 0.011234 0.211713 0.003693 0.075209 0.094433 -0.254902 -0.041206 -67.7118 -80.321609 86.043182 78.063896 -56.836124 -44.991528 47.247181 -2.722317 -1.197993 10.196414 5.673064 -41.011871 17.636625 -26.322729 52.411182 -19.466658 -14.3956 29.410385 1e-06 -8.774822 -2e-06 15.473242 -17.696938 5.318709 -0.609778 -1.795651 -3.889326 -4.807088 -11.046811 -2.937848 2e-06 -20.976013 0.0 -5.019971 -25.033552 -4.031878 6e-06 0.0 0.0 -10.634535 -5.686967 -3.565586 10.573273 -17.922945 -3.1139 3e-06 -13.821205 1e-06 -0.501778 -31.181498 -4.027014 -10.602935 -58.740448 6.390651 -13.982714 -7.150197 -2.87504 13.772731 -8.401492 -3.218243 0.347732 -34.211544 0.771656 -0.963029 -17.733368 2.62102 -1e-06 1e-06 -1e-06 -17.346418 -20.095209 -4.201779 21.757557 -1.638375 3.866426 1e-06 -6.33882 2e-06 -1.697589 -22.591736 -6.194004 -0.0 -4e-06 -2e-06 144.181793 -74.031013 54.926662 82.211166 -68.846214 -50.969131 54.293457 0.662038 -0.367924 -2.575324 15.93796 -8.690669 22.182121 -20.375898 49.933327 -16.701818 -16.743532 28.476534 -4e-06 -12.690602 -0.0 16.046801 -17.438995 2.866685 -0.105919 -1.513857 -4.275881 -5.039042 -5.612869 -2.953556 4e-06 -11.020525 -2e-06 -6.111299 -15.895332 -3.840471 0.0 -0.0 -0.0 -10.283373 -5.680287 -4.341838 11.028297 -11.302406 -2.372633 -1.38427 -14.238582 -6.320121 -0.625438 -26.924191 -3.8276 -4.057592 -49.368557 -3.711622 -13.708527 -7.363473 -3.720937 18.141151 -14.052739 -3.242675 6e-06 -18.78727 -2e-06 -0.429711 -8.456043 2.555505 -0.0 -1e-06 -1e-06 -15.923536 -20.094482 -5.473584 30.419214 -7.190827 1.735926 3e-06 -8.162927 -1e-06 -1.861902 -22.861471 -6.167941 0.0 -3e-06 -2e-06 166.672226 -6.179294 -9.396049 19.818312 0.054473 0.082761 -83.311302 -4.198824 -5.743408 -3.337914 1.556648 2.229419 -0.999999 0.0 0.0 -14.426364 -2.948095 -3.66626 11.454507 0.059838 -0.05907 -72.223633 0.754388 -7.327943 -3.959167 0.723669 1.72718 -1.000001 -0.0 0.0 
0.0 0.0 0.0 0.0 -0.0 0.0 2.957164 100.201584 -4.442513 88.326263 -8.983261 80.064804 3.564054 -4.208755 0.598687 -9.015817 -2.428242 1.302269 32.352764 -11.453676 -3.636003 39.656277 -5.976231 4.340164 -2.495965 -2.549663 4.016611 -28.915436 -3.650616 6.605056 6e-06 -1e-06 -0.0 -0.08197 -0.102061 0.016947 0.271709 0.02106 0.101052 0.166421 -0.22531 -0.05658 -65.347389 -80.428986 83.501877 80.726547 -55.5326 -41.610069 44.813129 -3.424343 -0.850182 10.633551 1.351905 -41.004749 17.636623 -26.322737 52.411198 -19.466665 -14.395598 29.410393 -1e-06 -8.774822 -2e-06 15.625909 -18.282305 5.298932 -0.609776 -1.795654 -3.889328 -4.807087 -11.046805 -2.93785 4e-06 -20.976017 -1e-06 -5.019969 -25.03356 -4.031882 6e-06 1e-06 -0.0 -10.634535 -5.686968 -3.565587 10.573275 -17.922951 -3.113901 3e-06 -13.821209 1e-06 -0.501776 -31.181505 -4.027015 -11.005903 -58.983685 6.633231 -13.982712 -7.150197 -2.875042 13.77273 -8.401493 -3.218243 0.347733 -34.211544 0.771655 -0.963028 -17.733368 2.621019 -0.0 -1e-06 -0.0 -17.346416 -20.095213 -4.201781 21.757559 -1.638375 3.866426 3e-06 -6.338825 0.0 -1.69759 -22.591747 -6.194006 -0.0 -4e-06 -2e-06 145.113953 -73.800644 53.353992 86.699059 -68.240715 -56.54002 55.245895 0.714909 -0.453371 -2.463547 15.636603 -10.289784 22.182121 -20.375895 49.933331 -16.701818 -16.743528 28.476536 -3e-06 -12.690603 -1e-06 15.872718 -17.538923 2.88634 -0.10592 -1.513857 -4.275883 -5.039042 -5.612872 -2.953558 4e-06 -11.020527 -4e-06 -6.111298 -15.895338 -3.840474 -0.0 -0.0 -0.0 -10.283371 -5.680289 -4.34184 11.028296 -11.302406 -2.372633 -1.384268 -14.238583 -6.320124 -0.625437 -26.924194 -3.827604 -4.13667 -49.35799 -3.743214 -13.708527 -7.363479 -3.720941 18.141153 -14.052744 -3.242676 8e-06 -18.787271 -5e-06 -0.42971 -8.456045 2.555504 1e-06 -1e-06 1e-06 -15.923538 -20.094492 -5.473588 30.419218 -7.190829 1.735927 3e-06 -8.162929 -1e-06 -1.861899 -22.861473 -6.167945 -0.0 -3e-06 -1e-06 165.911575 -6.204067 -9.596021 20.615108 0.048228 0.080218 -83.607513 -4.028838 -5.710973 -3.244443 1.560586 2.230037 -1.0 0.0 -0.0 -14.9652 -3.000348 -3.590885 11.605509 0.050585 -0.081807 -72.415634 0.923379 -7.226403 -3.866585 0.682869 1.723948 -1.000002 -0.0 -0.0 
0.0 0.0 0.0 0.0 -0.0 0.0 3.059122 100.116753 -4.598228 88.47699 -9.126971 79.716591 3.497119 -4.313382 0.597741 -9.096849 -2.468899 1.35355 32.116314 -11.401716 -3.822104 39.024933 -5.512961 4.427511 -2.515075 -2.540988 4.131592 -29.297735 -3.871093 6.699657 1.1e-05 -0.0 1e-06 -0.081183 -0.080115 0.017818 0.339521 0.025442 0.124849 0.249341 -0.18546 -0.080792 -65.215645 -80.659943 83.227455 81.802666 -54.549988 -36.189655 42.481079 -3.640878 -0.399265 11.056572 -4.501942 -38.213276 17.636623 -26.322721 52.411179 -19.466658 -14.395594 29.410378 0.0 -8.774819 -1e-06 16.207256 -19.206051 5.161773 -0.609777 -1.795651 -3.889326 -4.807091 -11.046813 -2.937849 1e-06 -20.976015 -1e-06 -5.019973 -25.033558 -4.031881 6e-06 1e-06 -0.0 -10.634533 -5.686972 -3.565586 10.57327 -17.922947 -3.113899 1e-06 -13.821206 1e-06 -0.50178 -31.181498 -4.027018 -11.218702 -58.667015 6.838748 -13.982713 -7.150198 -2.875039 13.772727 -8.401491 -3.218241 0.347731 -34.211552 0.771652 -0.963029 -17.73337 2.621017 -1e-06 1e-06 0.0 -17.34642 -20.095219 -4.201778 21.757557 -1.638371 3.866427 1e-06 -6.338824 -0.0 -1.697591 -22.591745 -6.194007 0.0 -4e-06 -2e-06 145.943161 -73.550606 52.050041 90.441399 -67.60495 -61.072712 56.006664 0.815449 -0.526217 -2.217768 15.395843 -11.457617 22.182121 -20.375893 49.933315 -16.701815 -16.743525 28.47653 -4e-06 -12.690601 -1e-06 15.886592 -17.661129 2.81388 -0.105918 -1.513856 -4.275882 -5.039041 -5.612872 -2.953557 6e-06 -11.020525 -2e-06 -6.111297 -15.895334 -3.840471 -0.0 -0.0 0.0 -10.28337 -5.680289 -4.341838 11.028296 -11.302405 -2.372633 -1.38427 -14.238581 -6.320121 -0.625437 -26.924191 -3.827603 -4.213537 -49.463764 -3.735647 -13.708524 -7.363476 -3.72094 18.141148 -14.05274 -3.242673 8e-06 -18.78727 -3e-06 -0.429712 -8.456041 2.555503 1e-06 -1e-06 -0.0 -15.923534 -20.094482 -5.473585 30.41921 -7.190827 1.735926 3e-06 -8.162926 -1e-06 -1.861902 -22.861469 -6.16794 1e-06 -2e-06 -1e-06 165.371674 -6.16107 -9.90999 21.26656 0.030146 0.085989 -83.872986 -3.885065 -5.678761 -3.167929 1.504104 2.209349 -1.0 0.0 -0.0 -15.298333 -3.099606 -3.432938 11.563774 0.049062 -0.08064 -72.621918 1.032973 -7.230349 -3.811287 0.647896 1.720325 -1.000002 1e-06 0.0 
0.0 0.0 0.0 0.0 -0.0 0.0 3.115232 100.056793 -4.672688 88.614449 -9.125119 79.269424 3.37077 -4.408185 0.575849 -9.177238 -2.480964 1.331235 31.84683 -11.382475 -3.941083 38.136757 -5.242664 4.420975 -2.5381 -2.468265 4.2658 -29.990364 -4.016723 6.816577 8e-06 -0.0 1e-06 -0.079469 -0.065228 0.011699 0.372879 0.021008 0.134671 0.294919 -0.15144 -0.104799 -67.603867 -80.94722 85.560158 81.483315 -54.522038 -31.295692 40.741581 -3.519729 0.066826 11.218853 -8.671954 -34.816994 17.636625 -26.322729 52.41119 -19.46666 -14.395596 29.410393 -0.0 -8.77482 -1e-06 16.653172 -19.626919 5.002644 -0.609776 -1.79565 -3.889327 -4.807087 -11.046807 -2.93785 5e-06 -20.976011 0.0 -5.019969 -25.033552 -4.031879 5e-06 1e-06 0.0 -10.634533 -5.686967 -3.565587 10.573272 -17.922949 -3.113901 3e-06 -13.821206 2e-06 -0.501777 -31.181501 -4.027014 -10.987342 -57.863163 6.692727 -13.982712 -7.150196 -2.875043 13.772727 -8.401491 -3.218241 0.347734 -34.211552 0.771655 -0.963029 -17.73337 2.62102 0.0 2e-06 -0.0 -17.346413 -20.095213 -4.201783 21.757555 -1.638375 3.866428 2e-06 -6.338824 1e-06 -1.697588 -22.591742 -6.194005 -0.0 -4e-06 -2e-06 146.100189 -73.372658 51.490303 93.219261 -67.201515 -64.650284 56.535374 0.911951 -0.556733 -1.744794 15.421457 -12.426349 22.182117 -20.375895 49.933308 -16.701817 -16.743534 28.47653 -3e-06 -12.690601 -0.0 15.988288 -17.753525 2.680924 -0.105919 -1.513856 -4.275882 -5.039041 -5.61287 -2.953555 5e-06 -11.020523 -2e-06 -6.111298 -15.89533 -3.840469 1e-06 0.0 -0.0 -10.283369 -5.680286 -4.341837 11.028295 -11.302406 -2.372633 -1.384269 -14.238581 -6.320119 -0.625438 -26.924191 -3.827599 -4.180625 -49.588436 -3.772154 -13.708525 -7.363476 -3.720938 18.141148 -14.052739 -3.242674 7e-06 -18.78727 -2e-06 -0.429712 -8.456043 2.555502 1e-06 0.0 0.0 -15.923538 -20.094482 -5.473581 30.41921 -7.190827 1.735925 3e-06 -8.162927 -1e-06 -1.861899 -22.861469 -6.167942 0.0 -5e-06 -2e-06 165.209305 -6.102089 -10.216817 21.627117 -0.003937 0.090353 -84.064743 -3.864516 -5.691793 -3.127373 1.468557 2.194543 -0.999999 -0.0 0.0 -15.344052 -3.146335 -3.099861 11.339631 0.04789 -0.055575 -72.749451 1.0585 -7.285106 -3.79468 0.640068 1.715706 -1.000002 -0.0 0.0 
0.0 0.0 0.0 0.0 -0.0 0.0 3.119056 100.058792 -4.632873 88.671936 -8.947537 78.802963 3.155052 -4.469448 0.554329 -9.274509 -2.465317 1.203686 31.589287 -11.354835 -3.918451 37.153492 -5.007842 4.316936 -2.558928 -2.336373 4.373516 -30.97847 -4.113321 7.03366 4e-06 -1e-06 -0.0 -0.071535 -0.049622 -0.008062 0.37089 0.023788 0.126951 0.306303 -0.123966 -0.136291 -71.232361 -81.10466 89.28614 79.436531 -55.520481 -28.243362 40.024269 -2.856349 0.43369 10.635281 -9.677395 -32.240078 17.636631 -26.322729 52.411179 -19.466665 -14.395596 29.410393 -2e-06 -8.77482 -1e-06 16.700647 -19.580357 5.056438 -0.609778 -1.795652 -3.889328 -4.807086 -11.046815 -2.937852 8e-06 -20.976021 -2e-06 -5.019966 -25.03356 -4.03188 5e-06 0.0 -0.0 -10.634531 -5.686972 -3.565588 10.573275 -17.922953 -3.113901 5e-06 -13.821211 0.0 -0.501773 -31.181507 -4.027015 -10.849607 -57.696953 6.590937 -13.982712 -7.150198 -2.875043 13.772728 -8.401496 -3.218241 0.347739 -34.211555 0.771652 -0.963026 -17.73337 2.621019 0.0 1e-06 0.0 -17.346415 -20.095221 -4.201783 21.757555 -1.638378 3.866428 2e-06 -6.338825 1e-06 -1.697585 -22.591745 -6.194007 0.0 -4e-06 -2e-06 145.18428 -73.420952 52.253647 94.847458 -66.938812 -67.342033 56.470493 0.994353 -0.475143 -1.19279 15.737748 -12.621993 22.182114 -20.375891 49.933331 -16.701817 -16.743528 28.476538 -3e-06 -12.690602 -1e-06 16.092793 -17.803387 2.575436 -0.105917 -1.513854 -4.275883 -5.039042 -5.612872 -2.953557 5e-06 -11.020528 -3e-06 -6.1113 -15.895338 -3.840473 0.0 -0.0 0.0 -10.283369 -5.680288 -4.34184 11.028296 -11.302411 -2.372634 -1.38427 -14.238588 -6.320124 -0.625438 -26.924202 -3.827605 -4.214289 -49.731705 -3.691508 -13.708524 -7.363477 -3.720942 18.14115 -14.052744 -3.242677 7e-06 -18.787275 -4e-06 -0.429713 -8.456047 2.555503 2e-06 0.0 1e-06 -15.923536 -20.094492 -5.473588 30.419214 -7.190827 1.735926 1e-06 -8.162928 -1e-06 -1.861902 -22.861475 -6.167945 1e-06 -4e-06 -1e-06 165.583405 -6.05762 -10.459087 21.477882 -0.030231 0.093226 -84.088303 -3.953932 -5.707864 -3.107777 1.454627 2.187534 -1.0 0.0 -0.0 -15.03509 -3.098043 -2.566833 10.958733 0.051699 -0.053637 -72.673897 1.088157 -7.358994 -3.815496 0.650977 1.708274 -1.000001 -0.0 0.0 
0.0 0.0 0.0 0.0 -0.0 0.0 3.065962 100.123955 -4.477333 88.616737 -8.550282 78.402824 2.880909 -4.503493 0.552346 -9.384257 -2.41846 1.021838 31.317486 -11.230122 -3.778063 36.107342 -4.703082 4.166884 -2.58006 -2.224887 4.54066 -32.359035 -4.096687 7.302281 6e-06 -1e-06 -0.0 -0.053089 -0.045561 -0.035354 0.35194 0.021084 0.110276 0.305529 -0.114725 -0.172783 -74.550598 -81.071457 92.895828 75.212151 -57.038551 -26.732443 40.723919 -1.757767 0.654141 9.033047 -8.214705 -30.13657 17.636625 -26.322729 52.411182 -19.466654 -14.395597 29.410378 -2e-06 -8.774819 -2e-06 16.557575 -19.486418 5.136998 -0.609776 -1.79565 -3.889327 -4.807087 -11.046811 -2.937848 4e-06 -20.976011 -0.0 -5.01997 -25.033546 -4.031878 6e-06 -1e-06 -0.0 -10.634531 -5.686969 -3.565587 10.573271 -17.922947 -3.1139 3e-06 -13.821205 1e-06 -0.501779 -31.181498 -4.027012 -10.977636 -58.10614 6.641434 -13.982711 -7.150198 -2.87504 13.772727 -8.401489 -3.21824 0.347732 -34.211536 0.771658 -0.963029 -17.733364 2.62102 0.0 -0.0 -1e-06 -17.346413 -20.095213 -4.201781 21.757555 -1.638375 3.866426 1e-06 -6.338822 0.0 -1.697588 -22.59174 -6.194003 0.0 -4e-06 -2e-06 142.857437 -73.724266 54.717636 95.575111 -66.788406 -69.416801 55.520683 1.055384 -0.35047 -0.74829 16.301619 -12.05173 22.182121 -20.375891 49.9333 -16.701811 -16.74353 28.476526 -4e-06 -12.690603 -1e-06 16.118189 -17.804882 2.52834 -0.10592 -1.513857 -4.27588 -5.039042 -5.612871 -2.953556 7e-06 -11.020523 -2e-06 -6.111298 -15.89533 -3.84047 -0.0 0.0 0.0 -10.28337 -5.680288 -4.341837 11.028293 -11.302402 -2.372632 -1.384268 -14.23858 -6.32012 -0.625438 -26.924187 -3.8276 -4.262067 -49.767891 -3.574468 -13.708525 -7.363476 -3.720938 18.141148 -14.052739 -3.242673 7e-06 -18.78727 -2e-06 -0.429711 -8.456044 2.555503 0.0 -0.0 0.0 -15.923536 -20.094482 -5.473585 30.419214 -7.190827 1.735927 3e-06 -8.162925 -1e-06 -1.861899 -22.861467 -6.167943 -2e-06 -1e-06 -2e-06 166.548706 -6.04528 -10.651331 20.794086 -0.035622 0.130844 -83.926628 -4.136973 -5.720204 -3.122788 1.426641 2.185889 -0.999999 -0.0 0.0 -14.352581 -2.959893 -1.830038 10.526456 0.062402 -0.083691 -72.3638 1.099587 -7.436327 -3.934163 0.661236 1.696865 -1.0 0.0 -0.0 
0.0 0.0 0.0 0.0 -0.0 0.0 2.932545 100.253769 -4.20989 88.441139 -7.923255 78.212067 2.61677 -4.512124 0.579551 -9.496763 -2.368904 0.858344 30.997683 -10.899178 -3.552431 34.848694 -4.226002 3.921825 -2.635851 -2.114901 4.862292 -34.085865 -3.882877 7.557116 7e-06 1e-06 -0.0 -0.034106 -0.051809 -0.054484 0.307533 0.010282 0.093021 0.283065 -0.118662 -0.192195 -75.231316 -80.914398 93.935265 69.470116 -58.660233 -26.769831 42.763065 -0.881331 0.639109 6.730201 -5.000429 -28.790911 17.636631 -26.322739 52.411201 -19.466663 -14.395597 29.410395 -1e-06 -8.774822 -2e-06 16.334461 -19.265345 5.237635 -0.609776 -1.795655 -3.889328 -4.807089 -11.046813 -2.93785 5e-06 -20.976015 -1e-06 -5.01997 -25.033558 -4.031881 6e-06 0.0 -0.0 -10.634535 -5.686973 -3.565588 10.573274 -17.922947 -3.1139 3e-06 -13.821208 1e-06 -0.501777 -31.181505 -4.027016 -11.220145 -58.797604 6.835949 -13.982714 -7.150201 -2.875041 13.77273 -8.401491 -3.218242 0.347734 -34.211552 0.771654 -0.963029 -17.733372 2.621021 0.0 1e-06 0.0 -17.34642 -20.095217 -4.201783 21.757557 -1.638375 3.866427 1e-06 -6.338822 1e-06 -1.697589 -22.591743 -6.194008 0.0 -4e-06 -2e-06 139.212814 -74.22979 58.665901 95.317902 -66.765152 -70.417381 53.614819 1.073561 -0.268738 -0.482525 16.731546 -10.623352 22.182112 -20.375887 49.933315 -16.701809 -16.743528 28.476528 -3e-06 -12.690601 -1e-06 16.017729 -17.792959 2.5622 -0.105921 -1.513854 -4.275882 -5.03904 -5.612873 -2.953556 5e-06 -11.02052 -2e-06 -6.1113 -15.89533 -3.84047 -0.0 -0.0 0.0 -10.283369 -5.680288 -4.341839 11.028293 -11.302402 -2.372633 -1.384269 -14.238578 -6.320121 -0.625438 -26.924183 -3.827602 -4.261729 -49.64217 -3.519031 -13.708523 -7.363472 -3.720941 18.141146 -14.052738 -3.242674 7e-06 -18.787266 -3e-06 -0.429713 -8.456042 2.555503 0.0 -1e-06 0.0 -15.923536 -20.094481 -5.473585 30.41921 -7.190825 1.735925 -0.0 -8.162925 -1e-06 -1.8619 -22.861469 -6.167944 -2e-06 -2e-06 -1e-06 168.137436 -6.054592 -10.763277 19.479847 -0.021214 0.20025 -83.51297 -4.335993 -5.722236 -3.125871 1.387797 2.183302 -1.0 -0.0 0.0 -13.338437 -2.762046 -1.056598 10.212812 0.076055 -0.095069 -71.930878 0.955621 -7.463058 -4.173656 0.682728 1.685215 -1.000001 0.0 0.0 
0.0 0.0 0.0 0.0 -0.0 0.0 2.726115 100.418541 -3.852256 88.232376 -7.120843 78.347778 2.37902 -4.493019 0.622703 -9.610347 -2.326425 0.734304 30.625154 -10.350906 -3.33238 33.274273 -3.496702 3.624084 -2.740719 -1.90786 5.284114 -35.955372 -3.486694 7.86466 6e-06 -1e-06 -1e-06 -0.023724 -0.047862 -0.064174 0.268697 0.005784 0.082531 0.261502 -0.108162 -0.199747 -73.282776 -80.750565 92.171097 63.828175 -59.799442 -27.591717 44.882599 -0.397826 0.363554 4.585755 -1.362873 -28.044693 17.636623 -26.322723 52.411182 -19.46666 -14.395597 29.410385 -1e-06 -8.77482 -2e-06 16.176733 -18.749573 5.398633 -0.609777 -1.795656 -3.889328 -4.807088 -11.046807 -2.93785 4e-06 -20.976015 -1e-06 -5.01997 -25.033554 -4.031881 6e-06 -0.0 0.0 -10.634533 -5.686973 -3.565588 10.573272 -17.922949 -3.113901 2e-06 -13.821205 0.0 -0.501777 -31.181505 -4.027017 -11.435306 -59.390045 7.086821 -13.982712 -7.150202 -2.875041 13.772729 -8.401489 -3.218241 0.347733 -34.211555 0.771653 -0.963028 -17.73337 2.621018 0.0 -1e-06 -1e-06 -17.346416 -20.095217 -4.201782 21.757557 -1.638376 3.866426 2e-06 -6.338822 1e-06 -1.697589 -22.591745 -6.194007 -0.0 -4e-06 -1e-06 134.733765 -74.971024 63.479088 93.471725 -66.778839 -69.077522 50.716152 1.140401 -0.206594 -0.361153 16.37932 -8.574062 22.182108 -20.375891 49.933319 -16.701807 -16.743528 28.476524 -3e-06 -12.6906 -1e-06 15.895054 -17.808157 2.639808 -0.105921 -1.513851 -4.27588 -5.03904 -5.612873 -2.953557 5e-06 -11.02052 -2e-06 -6.111297 -15.89533 -3.840471 0.0 0.0 -0.0 -10.28337 -5.680284 -4.341839 11.028292 -11.302405 -2.372633 -1.384268 -14.238577 -6.32012 -0.625438 -26.924183 -3.8276 -4.166906 -49.377796 -3.605847 -13.708522 -7.363476 -3.72094 18.141146 -14.052736 -3.242673 5e-06 -18.787268 -2e-06 -0.429712 -8.456043 2.555503 -2e-06 0.0 -0.0 -15.923532 -20.094481 -5.473585 30.419205 -7.190826 1.735926 2e-06 -8.162925 -1e-06 -1.8619 -22.861467 -6.167942 -1e-06 -2e-06 -1e-06 170.208374 -5.972289 -10.62399 17.572716 -0.003807 0.255184 -82.835014 -4.519209 -5.667301 -3.096033 1.337257 2.175727 -1.0 -0.0 -0.0 -12.177969 -2.613432 -0.480594 10.262144 0.081501 -0.038191 -71.578781 0.664094 -7.405317 -4.506989 0.726926 1.685976 -1.000002 -1e-06 0.0 
0.0 0.0 0.0 0.0 -0.0 0.0 2.472641 100.508224 -3.453866 88.156921 -6.196745 78.766129 2.126736 -4.500918 0.694438 -9.790187 -2.227353 0.609373 30.231527 -9.71652 -3.098734 31.437944 -2.575678 3.35007 -2.753392 -1.497143 5.547141 -37.95755 -2.865986 8.344921 6e-06 0.0 -0.0 0.004056 -0.029496 -0.05347 0.298539 0.02973 0.099727 0.312455 -0.096791 -0.195245 -69.606674 -80.897461 88.506592 59.537743 -60.116184 -27.906815 45.900455 0.263769 0.073721 2.942527 1.488736 -27.309532 17.636633 -26.322737 52.411198 -19.466661 -14.395598 29.410395 1e-06 -8.774822 -2e-06 16.003918 -18.175009 5.593096 -0.609776 -1.795653 -3.889328 -4.807087 -11.046811 -2.937849 3e-06 -20.976015 0.0 -5.019971 -25.033556 -4.031879 6e-06 -0.0 -1e-06 -10.634533 -5.686969 -3.565588 10.573272 -17.922951 -3.1139 2e-06 -13.821209 1e-06 -0.50178 -31.181501 -4.027013 -11.446067 -59.620235 7.217404 -13.982712 -7.150199 -2.875043 13.772727 -8.401491 -3.21824 0.347733 -34.211555 0.771654 -0.963029 -17.733372 2.62102 -0.0 -0.0 0.0 -17.346416 -20.095217 -4.201783 21.757557 -1.638375 3.866428 1e-06 -6.338823 1e-06 -1.69759 -22.591745 -6.194005 -0.0 -3e-06 -2e-06 129.325363 -75.858467 69.152519 90.091736 -66.68721 -64.990425 46.643326 1.466186 0.008553 -0.588536 14.905508 -6.569365 22.182112 -20.375895 49.933319 -16.701807 -16.743528 28.476532 -2e-06 -12.690598 -1e-06 15.79276 -17.871359 2.72406 -0.105919 -1.513855 -4.275881 -5.03904 -5.612871 -2.953557 3e-06 -11.020523 -2e-06 -6.111299 -15.89533 -3.840469 1e-06 -0.0 -0.0 -10.283369 -5.680288 -4.341839 11.028292 -11.302403 -2.372632 -1.384269 -14.238578 -6.32012 -0.625437 -26.924183 -3.8276 -4.201317 -49.138191 -3.654478 -13.708522 -7.363474 -3.720939 18.141146 -14.052736 -3.242673 5e-06 -18.78727 -1e-06 -0.429713 -8.456045 2.555505 -1e-06 -0.0 -0.0 -15.923532 -20.094482 -5.473583 30.419205 -7.190825 1.735925 1e-06 -8.162925 -0.0 -1.861902 -22.861469 -6.16794 0.0 -2e-06 -0.0 172.291946 -5.718869 -10.1522 15.794807 0.024735 0.291622 -82.220985 -4.874489 -5.492257 -3.172292 1.314012 2.164715 -0.999998 -0.0 -0.0 -10.94623 -2.70459 -0.379824 10.545631 0.125558 0.04045 -71.777031 0.365772 -7.382674 -4.855318 0.7175 1.688825 -1.000001 0.0 0.0 
0.0 0.0 0.0 0.0 -0.0 0.0 2.204988 100.500763 -2.941067 88.152367 -5.296576 79.459755 1.77182 -4.396012 0.762966 -10.023709 -2.162386 0.526765 29.794334 -8.97358 -2.955677 29.309479 -1.450066 3.08281 -2.807484 -1.13725 5.78015 -39.578182 -2.133024 8.511714 5e-06 -1e-06 1e-06 0.013622 0.001115 -0.077544 0.296174 0.065006 0.074696 0.31547 -0.070736 -0.218164 -66.343117 -81.146942 84.999168 56.890167 -59.794979 -27.895981 45.557957 0.611731 -0.134782 1.643967 3.028465 -26.169991 17.636631 -26.322739 52.411201 -19.466665 -14.3956 29.410393 -2e-06 -8.774822 -1e-06 15.964136 -17.993919 5.797046 -0.609775 -1.795653 -3.889328 -4.80709 -11.046813 -2.93785 3e-06 -20.976019 1e-06 -5.019973 -25.03356 -4.031879 6e-06 -1e-06 -1e-06 -10.634534 -5.68697 -3.565587 10.573276 -17.922953 -3.113901 2e-06 -13.821211 2e-06 -0.501779 -31.181505 -4.027014 -11.414268 -59.529369 7.26335 -13.982713 -7.150198 -2.875042 13.772731 -8.40149 -3.218241 0.347732 -34.211555 0.771659 -0.96303 -17.73337 2.621019 0.0 -0.0 0.0 -17.34642 -20.095221 -4.201782 21.757561 -1.638375 3.866429 1e-06 -6.338823 2e-06 -1.697592 -22.591745 -6.194005 -1e-06 -3e-06 -3e-06 123.110695 -76.915947 75.712593 85.782829 -66.149673 -59.116348 41.641705 1.641236 0.017368 -0.798332 12.885398 -3.967581 22.18211 -20.3759 49.933323 -16.701811 -16.74353 28.476534 -3e-06 -12.6906 0.0 15.938087 -17.95878 2.768231 -0.105921 -1.513852 -4.275882 -5.039041 -5.612873 -2.953557 3e-06 -11.020526 -2e-06 -6.111297 -15.895334 -3.840471 -0.0 0.0 -0.0 -10.283371 -5.680287 -4.341838 11.028292 -11.302403 -2.372633 -1.384268 -14.238578 -6.320121 -0.625439 -26.924183 -3.827601 -4.231933 -49.2295 -3.660686 -13.708525 -7.363473 -3.72094 18.141146 -14.052739 -3.242674 8e-06 -18.787268 -2e-06 -0.429713 -8.456043 2.555504 1e-06 -2e-06 -1e-06 -15.923536 -20.094482 -5.473585 30.419207 -7.190824 1.735925 4e-06 -8.162926 -0.0 -1.861903 -22.861469 -6.167939 0.0 -4e-06 -2e-06 174.077209 -5.433486 -9.487662 14.592787 0.024939 0.236962 -81.962959 -4.882641 -5.486929 -3.241098 1.250777 2.138976 -0.999999 -0.0 0.0 -9.483483 -2.882018 -0.499335 10.526698 0.126895 0.114969 -72.485146 0.27193 -7.497027 -4.999591 0.754044 1.701102 -1.000002 -1e-06 -0.0 
0.0 0.0 0.0 0.0 -0.0 0.0 1.936139 100.448296 -2.339519 88.264633 -4.475825 80.234695 1.27897 -4.140892 0.795141 -10.269753 -2.126166 0.506543 29.264536 -8.293031 -2.821862 27.043629 -0.338977 2.864469 -2.887101 -0.853119 5.919367 -40.818653 -1.366732 8.266048 5e-06 0.0 0.0 0.000322 0.012878 -0.129266 0.219145 0.050989 0.00499 0.234269 -0.032342 -0.251214 -64.968575 -81.451004 83.176468 55.55719 -59.159344 -27.9058 44.205444 0.397672 -0.29838 0.749848 3.42229 -24.684626 17.636633 -26.322733 52.411213 -19.46666 -14.3956 29.410395 0.0 -8.774822 -2e-06 16.075254 -18.032808 5.921472 -0.609778 -1.795654 -3.889329 -4.807089 -11.046813 -2.937851 3e-06 -20.976017 -0.0 -5.019972 -25.033558 -4.031882 6e-06 -0.0 -0.0 -10.634538 -5.686972 -3.565588 10.573276 -17.922951 -3.113902 3e-06 -13.821206 1e-06 -0.501777 -31.181501 -4.027018 -11.393559 -59.363804 7.219995 -13.982718 -7.1502 -2.875043 13.772731 -8.401489 -3.218242 0.347732 -34.211552 0.771656 -0.96303 -17.73337 2.62102 0.0 0.0 1e-06 -17.346424 -20.095217 -4.201783 21.757566 -1.638376 3.866429 1e-06 -6.338823 2e-06 -1.697592 -22.591749 -6.19401 -1e-06 -4e-06 -3e-06 116.426132 -78.062088 82.861824 81.691246 -65.216164 -53.547546 36.352352 1.530552 -0.087545 -1.082086 10.785347 -1.199966 22.182114 -20.375895 49.933319 -16.701817 -16.74353 28.47653 -3e-06 -12.690601 -0.0 16.292215 -17.916607 2.747138 -0.105919 -1.513854 -4.27588 -5.039041 -5.612871 -2.953556 4e-06 -11.020523 -2e-06 -6.111298 -15.895332 -3.84047 0.0 -0.0 0.0 -10.283369 -5.680287 -4.341838 11.028295 -11.302402 -2.372633 -1.384268 -14.238581 -6.32012 -0.625438 -26.924189 -3.8276 -4.176113 -49.497021 -3.613659 -13.708525 -7.363475 -3.720938 18.14115 -14.052739 -3.242675 7e-06 -18.78727 -3e-06 -0.429712 -8.456041 2.555503 0.0 -2e-06 -0.0 -15.923534 -20.094482 -5.473584 30.41921 -7.190827 1.735923 5e-06 -8.162925 -1e-06 -1.861901 -22.861467 -6.167942 -1e-06 -4e-06 -1e-06 175.743439 -5.045174 -8.686682 13.491765 -0.012278 0.13064 -81.827942 -4.717451 -5.595286 -3.303666 1.23487 2.132312 -0.999999 0.0 0.0 -7.867508 -3.145197 -0.772647 10.112118 0.091203 0.168061 -73.353859 0.049261 -7.5825 -4.916106 0.780555 1.706241 -1.000001 -0.0 0.0 
0.0 0.0 0.0 0.0 -0.0 0.0 1.669471 100.356735 -1.74764 88.625153 -3.660259 81.040146 0.76276 -3.934782 0.808882 -10.568432 -2.025394 0.540685 28.694021 -7.700552 -2.610185 24.628626 0.674732 2.717115 -2.840139 -0.582391 5.598674 -42.206619 -0.431585 7.631171 6e-06 -0.0 -0.0 0.00047 0.01842 -0.1495 0.126356 0.056261 -0.050587 0.158333 -0.026734 -0.237574 -64.684235 -81.929779 82.465927 55.644814 -58.244507 -27.592823 42.299191 0.323797 -0.357165 -0.094013 3.2526 -22.6499 17.636635 -26.322731 52.41119 -19.466663 -14.395597 29.410385 0.0 -8.774822 -3e-06 16.163336 -18.04487 5.929708 -0.609777 -1.795655 -3.889327 -4.807088 -11.046809 -2.93785 3e-06 -20.976015 1e-06 -5.01997 -25.03356 -4.031878 6e-06 0.0 -0.0 -10.634534 -5.686971 -3.565588 10.573274 -17.922953 -3.1139 3e-06 -13.821205 1e-06 -0.501777 -31.181505 -4.027015 -11.308212 -59.388012 7.121336 -13.982712 -7.150198 -2.875042 13.772729 -8.401491 -3.218242 0.347733 -34.211555 0.771658 -0.963029 -17.73337 2.62102 -0.0 -1e-06 -0.0 -17.34642 -20.095217 -4.201781 21.757557 -1.638378 3.866428 0.0 -6.338822 1e-06 -1.697589 -22.591743 -6.194006 -0.0 -6e-06 -3e-06 108.623672 -79.096703 90.961388 77.936752 -64.141457 -48.321182 30.954414 1.355864 -0.087463 -1.575655 9.058427 0.703012 22.182117 -20.375898 49.933319 -16.701811 -16.74353 28.47653 -3e-06 -12.690602 -1e-06 16.52647 -17.840548 2.716001 -0.105918 -1.513856 -4.275881 -5.039041 -5.612869 -2.953557 4e-06 -11.020523 -1e-06 -6.111298 -15.895332 -3.84047 -0.0 -0.0 -1e-06 -10.283371 -5.680288 -4.341838 11.028296 -11.302404 -2.372633 -1.384269 -14.238581 -6.320121 -0.625439 -26.924191 -3.8276 -4.320731 -49.80954 -3.47026 -13.708526 -7.363476 -3.720938 18.141148 -14.052739 -3.242674 5e-06 -18.78727 -2e-06 -0.429711 -8.456042 2.555504 0.0 0.0 -0.0 -15.923536 -20.094482 -5.473584 30.419214 -7.190825 1.735927 2e-06 -8.162927 -1e-06 -1.861902 -22.861471 -6.167944 0.0 -4e-06 -1e-06 177.450531 -4.430171 -7.807042 12.18042 -0.008035 0.069701 -81.604172 -4.775896 -5.642626 -3.436405 1.312744 2.14677 -1.0 -0.0 0.0 -6.316294 -3.669799 -1.3706 9.758755 0.077781 0.178072 -74.460327 -0.506936 -7.716298 -4.675307 0.738016 1.699976 -1.000001 0.0 -0.0 
0.0 0.0 0.0 0.0 -0.0 0.0 1.400792 100.259766 -1.154296 88.946892 -2.916104 81.941353 0.186593 -3.611389 0.809265 -10.870758 -1.886459 0.605745 28.167681 -7.124012 -2.37931 22.215086 1.513469 2.559624 -2.804688 -0.441166 5.042444 -43.631321 0.438316 6.455428 6e-06 -0.0 0.0 0.001791 0.019157 -0.184247 0.040425 0.057664 -0.121862 0.082992 -0.026387 -0.23752 -66.644577 -82.335655 83.943413 56.752987 -57.151665 -26.917381 40.334011 0.341587 -0.344737 -1.264624 2.45222 -19.249146 17.636623 -26.322718 52.411179 -19.466658 -14.395594 29.410385 0.0 -8.774821 -2e-06 16.410128 -18.08408 5.890741 -0.609776 -1.795653 -3.889327 -4.807087 -11.046807 -2.937849 6e-06 -20.976006 0.0 -5.019967 -25.033558 -4.031883 6e-06 -1e-06 1e-06 -10.634531 -5.686967 -3.565587 10.573272 -17.922947 -3.113901 5e-06 -13.821203 1e-06 -0.501776 -31.181494 -4.027012 -11.483689 -59.60099 7.230178 -13.982711 -7.150195 -2.875042 13.772727 -8.40149 -3.21824 0.347735 -34.211544 0.771654 -0.963029 -17.733362 2.621021 0.0 0.0 -1e-06 -17.346411 -20.095207 -4.201782 21.757551 -1.638375 3.866426 1e-06 -6.338818 1e-06 -1.697587 -22.59173 -6.194003 -1e-06 -5e-06 -3e-06 99.695267 -80.054283 100.170334 74.607101 -62.821751 -43.564957 25.972889 0.934457 -0.143435 -2.25431 7.609248 2.679147 22.182114 -20.375895 49.933327 -16.701811 -16.743528 28.476532 -3e-06 -12.690598 -1e-06 16.602154 -17.707077 2.672217 -0.10592 -1.513856 -4.275882 -5.03904 -5.612869 -2.953559 4e-06 -11.020523 -3e-06 -6.111297 -15.89533 -3.840472 0.0 -0.0 0.0 -10.28337 -5.680286 -4.341839 11.028294 -11.302404 -2.372633 -1.384267 -14.238578 -6.320122 -0.625436 -26.924183 -3.827602 -4.351489 -49.959351 -3.419225 -13.708524 -7.363474 -3.720941 18.141148 -14.052737 -3.242674 6e-06 -18.78727 -3e-06 -0.429712 -8.456041 2.555503 -0.0 0.0 -0.0 -15.923531 -20.094481 -5.473589 30.419207 -7.190826 1.735926 4e-06 -8.162925 -1e-06 -1.861902 -22.861464 -6.167941 1e-06 -7e-06 -1e-06 179.084427 -3.921292 -6.927787 10.846855 -0.010476 0.008206 -81.38131 -4.68373 -5.682871 -3.546793 1.379849 2.154647 -0.999999 0.0 0.0 -4.822318 -4.093776 -1.899179 9.432672 0.052999 0.186276 -75.51313 -1.102037 -7.876939 -4.489731 0.718661 1.697946 -1.000001 -0.0 -0.0 
0.0 0.0 0.0 0.0 -0.0 0.0 1.133345 100.183235 -0.603796 89.146805 -2.207884 82.884468 -0.408358 -3.154002 0.795072 -11.154967 -1.707457 0.699296 27.662518 -6.528242 -2.128155 20.181658 2.00412 2.368431 -2.760217 -0.420234 4.407219 -44.820854 1.073967 5.140561 6e-06 -1e-06 -0.0 0.006762 0.010851 -0.2056 0.007566 0.047351 -0.17058 0.046042 -0.031468 -0.233066 -70.233177 -82.510567 87.143936 58.709938 -56.161427 -26.415728 39.037045 0.425811 -0.26598 -2.4796 1.24018 -14.705309 17.636625 -26.322741 52.411213 -19.466665 -14.395602 29.410398 0.0 -8.774824 -2e-06 16.665075 -18.14395 5.811244 -0.609777 -1.795654 -3.889328 -4.807089 -11.046813 -2.937849 6e-06 -20.976017 2e-06 -5.019969 -25.03356 -4.031881 5e-06 2e-06 -2e-06 -10.634535 -5.68697 -3.565588 10.573277 -17.922951 -3.113899 2e-06 -13.821211 1e-06 -0.501778 -31.181505 -4.027013 -11.649347 -59.750004 7.364304 -13.982717 -7.150198 -2.875042 13.772733 -8.401494 -3.218243 0.347735 -34.211555 0.771656 -0.963028 -17.733372 2.621021 0.0 -0.0 -1e-06 -17.346422 -20.095217 -4.201782 21.757561 -1.638376 3.866428 -0.0 -6.338825 -1e-06 -1.69759 -22.591745 -6.194005 2e-06 -5e-06 -1e-06 91.294464 -80.801125 108.839165 71.988106 -61.548912 -39.622501 22.044567 0.316344 -0.211675 -2.770634 6.160676 4.815448 22.182116 -20.375895 49.933319 -16.701815 -16.743526 28.47653 -4e-06 -12.6906 0.0 16.550306 -17.552969 2.617406 -0.105919 -1.513856 -4.275883 -5.039041 -5.61287 -2.953557 5e-06 -11.020525 -2e-06 -6.111296 -15.895334 -3.840471 -0.0 -0.0 1e-06 -10.28337 -5.680284 -4.34184 11.028295 -11.302407 -2.372632 -1.384268 -14.238583 -6.320122 -0.625438 -26.924194 -3.8276 -4.305178 -49.948406 -3.464542 -13.708524 -7.363474 -3.72094 18.141148 -14.052739 -3.242674 6e-06 -18.78727 -2e-06 -0.429711 -8.456043 2.555503 0.0 -2e-06 3e-06 -15.923532 -20.094482 -5.473586 30.41921 -7.190827 1.735925 4e-06 -8.162927 -1e-06 -1.861902 -22.861467 -6.167942 -0.0 -2e-06 -1e-06 -179.301071 -3.615196 -6.128843 9.439319 -0.009836 -0.051867 -81.084129 -4.397355 -5.701752 -3.65384 1.437313 2.156425 -0.999999 0.0 -0.0 -3.369382 -4.325334 -2.340846 9.126192 0.032365 0.188413 -76.318756 -1.766407 -7.998291 -4.383231 0.703079 1.692246 -1.000003 0.0 -0.0 
0.0 0.0 0.0 0.0 -0.0 0.0 0.855009 100.100067 -0.111629 89.298798 -1.549084 83.864456 -0.963161 -2.654001 0.77316 -11.392015 -1.516045 0.78094 27.137863 -5.960898 -1.895131 18.737312 2.175508 2.198979 -2.711553 -0.461393 3.837062 -45.728107 1.437261 3.926737 6e-06 -0.0 -0.0 0.015217 -0.004207 -0.214903 0.019095 0.020289 -0.198049 0.044091 -0.032806 -0.225485 -74.208771 -82.471832 90.80825 60.873562 -55.587307 -26.328852 39.049408 0.54802 -0.150386 -3.189033 0.223926 -10.366634 17.636627 -26.322733 52.411201 -19.466669 -14.395598 29.410395 -2e-06 -8.774824 -0.0 16.809217 -18.233677 5.720824 -0.609777 -1.795654 -3.889328 -4.80709 -11.046814 -2.937852 5e-06 -20.976015 -2e-06 -5.019969 -25.03356 -4.031881 5e-06 0.0 -0.0 -10.634534 -5.68697 -3.565588 10.573276 -17.922955 -3.113902 2e-06 -13.821211 0.0 -0.501773 -31.181511 -4.027017 -11.71565 -59.771976 7.382417 -13.982716 -7.150198 -2.875043 13.772733 -8.401494 -3.218244 0.347737 -34.211555 0.771651 -0.963025 -17.733372 2.621019 -0.0 -0.0 0.0 -17.346418 -20.095221 -4.201784 21.757559 -1.638374 3.866428 1e-06 -6.338824 1e-06 -1.697588 -22.591751 -6.19401 -0.0 -4e-06 -2e-06 84.595711 -81.230125 115.728661 69.928841 -60.617218 -36.610615 19.844917 -0.312819 -0.280542 -2.812992 4.838393 6.389152 22.182117 -20.375898 49.933327 -16.701815 -16.743528 28.476534 -4e-06 -12.690602 -1e-06 16.452023 -17.436775 2.553221 -0.105921 -1.513855 -4.275881 -5.039041 -5.612872 -2.953558 5e-06 -11.020527 -4e-06 -6.111298 -15.895338 -3.840471 0.0 0.0 -0.0 -10.283371 -5.680286 -4.341841 11.028296 -11.302407 -2.372633 -1.384268 -14.238581 -6.320124 -0.625437 -26.924187 -3.8276 -4.229225 -49.849258 -3.582551 -13.708524 -7.363476 -3.720942 18.141151 -14.052739 -3.242675 7e-06 -18.78727 -2e-06 -0.42971 -8.456042 2.555502 0.0 -2e-06 1e-06 -15.923534 -20.094482 -5.473587 30.41921 -7.190827 1.735926 2e-06 -8.162925 -1e-06 -1.8619 -22.861469 -6.167942 1e-06 -3e-06 -1e-06 -177.959152 -3.474857 -5.41472 8.421861 -0.003607 -0.087053 -80.897926 -3.977445 -5.755408 -3.739043 1.47521 2.15506 -1.0 -0.0 0.0 -2.308874 -4.439308 -2.668897 9.533754 0.020711 0.180323 -77.25927 -2.485493 -8.062661 -4.260851 0.687552 1.687067 -1.000001 -0.0 -0.0 
0.0 0.0 0.0 0.0 -0.0 0.0 0.553796 100.015594 0.316663 89.433105 -0.983466 84.841896 -1.466718 -2.157459 0.735508 -11.591979 -1.329694 0.831824 26.636078 -5.464093 -1.705552 17.765205 2.14616 2.126662 -2.663894 -0.508299 3.322027 -46.430561 1.537075 2.916856 6e-06 0.0 0.0 0.028784 -0.021104 -0.214562 0.053979 -0.02059 -0.211285 0.061146 -0.023918 -0.212554 -78.664162 -82.318398 94.999245 62.622097 -55.359287 -26.505402 40.360481 0.635464 -0.053364 -3.189886 -0.066219 -7.071954 17.636627 -26.322725 52.411182 -19.466663 -14.395596 29.410385 -1e-06 -8.774821 -2e-06 16.767233 -18.287325 5.710624 -0.609776 -1.795653 -3.889326 -4.807087 -11.046808 -2.93785 5e-06 -20.976011 -3e-06 -5.019969 -25.033554 -4.031878 6e-06 -0.0 1e-06 -10.634532 -5.68697 -3.565588 10.573274 -17.922949 -3.113902 2e-06 -13.821205 3e-06 -0.501776 -31.181501 -4.027017 -11.707209 -59.676899 7.312326 -13.982713 -7.150197 -2.875041 13.77273 -8.401492 -3.218245 0.347738 -34.211555 0.771649 -0.963028 -17.73337 2.62102 -0.0 1e-06 -0.0 -17.346413 -20.095217 -4.201782 21.757563 -1.638378 3.866428 1e-06 -6.338821 1e-06 -1.697588 -22.591742 -6.194007 0.0 -4e-06 -3e-06 79.680901 -81.347488 120.715424 68.220139 -60.016148 -34.480785 19.387068 -0.718074 -0.341782 -2.399717 4.182576 7.198897 22.182121 -20.375898 49.933311 -16.701817 -16.74353 28.47653 -4e-06 -12.690603 -2e-06 16.435865 -17.398375 2.481482 -0.105919 -1.513856 -4.275883 -5.039042 -5.612873 -2.953556 4e-06 -11.020527 -3e-06 -6.1113 -15.895336 -3.84047 1e-06 0.0 -3e-06 -10.283371 -5.680288 -4.341838 11.028296 -11.302409 -2.372635 -1.384269 -14.238585 -6.320119 -0.62544 -26.924194 -3.827602 -4.190231 -49.779068 -3.680849 -13.708526 -7.363476 -3.720938 18.141151 -14.052742 -3.242674 7e-06 -18.78727 -2e-06 -0.429712 -8.456043 2.555503 0.0 1e-06 -2e-06 -15.923536 -20.094484 -5.473585 30.419222 -7.19083 1.735926 2e-06 -8.162925 -0.0 -1.8619 -22.861475 -6.167943 -1e-06 -5e-06 -2e-06 -176.919952 -3.460004 -4.830799 7.758233 2.3e-05 -0.099298 -80.806938 -3.490069 -5.853671 -3.848742 1.49931 2.155384 -0.999999 -0.0 0.0 -1.570081 -4.473901 -2.904804 10.321399 0.009188 0.165304 -78.216118 -3.218705 -8.116219 -4.125969 0.681475 1.685543 -1.000003 -0.0 -0.0 
0.0 0.0 0.0 0.0 -0.0 0.0 0.227208 99.945435 0.67407 89.561699 -0.534385 85.818375 -1.917267 -1.681207 0.660125 -11.79033 -1.152236 0.843286 26.199421 -5.033772 -1.582047 17.089376 2.020532 2.155207 -2.641469 -0.549114 2.830166 -47.052006 1.442472 2.143497 7e-06 -0.0 0.0 0.043645 -0.036127 -0.215883 0.096254 -0.064079 -0.22199 0.086251 -0.008971 -0.205126 -83.479225 -82.084412 99.585571 63.791153 -55.258335 -26.54928 42.388584 0.635827 -0.008408 -2.657628 0.312273 -4.375644 17.636631 -26.322725 52.411186 -19.466661 -14.395596 29.410389 -1e-06 -8.774821 0.0 16.570356 -18.298262 5.830814 -0.609775 -1.795655 -3.889327 -4.807089 -11.046811 -2.937851 6e-06 -20.976015 -4e-06 -5.019969 -25.03356 -4.031881 6e-06 -1e-06 -0.0 -10.634534 -5.686971 -3.565588 10.573272 -17.922951 -3.113899 1e-06 -13.821209 -3e-06 -0.501777 -31.181505 -4.027016 -11.64308 -59.486504 7.249248 -13.982711 -7.150198 -2.875042 13.772725 -8.401493 -3.218239 0.347731 -34.211544 0.771651 -0.963031 -17.733366 2.62102 -1e-06 0.0 1e-06 -17.346418 -20.095221 -4.201779 21.757555 -1.638374 3.866426 2e-06 -6.338823 1e-06 -1.69759 -22.591747 -6.194007 -3e-06 -4e-06 -1e-06 76.367615 -81.235229 124.046661 66.88694 -59.630733 -33.523338 20.282261 -0.811752 -0.387139 -1.701706 4.673638 7.405844 22.182116 -20.375889 49.933315 -16.701813 -16.74353 28.476532 -1e-06 -12.690602 -2e-06 16.490635 -17.422226 2.423604 -0.10592 -1.513855 -4.275882 -5.039041 -5.612872 -2.953557 3e-06 -11.02052 -3e-06 -6.111299 -15.89533 -3.840471 0.0 1e-06 -0.0 -10.283369 -5.680288 -4.341839 11.028294 -11.302404 -2.372633 -1.384269 -14.23858 -6.320123 -0.625439 -26.924187 -3.827601 -4.211955 -49.714691 -3.709572 -13.708526 -7.363475 -3.72094 18.14115 -14.052739 -3.242675 6e-06 -18.787268 -2e-06 -0.429712 -8.456043 2.555505 0.0 1e-06 1e-06 -15.923536 -20.094482 -5.473584 30.41921 -7.190824 1.735925 1e-06 -8.162922 1e-06 -1.861902 -22.861467 -6.167942 -0.0 -2e-06 -2e-06 -176.109207 -3.527607 -4.3781 7.21425 0.003985 -0.109302 -80.687012 -2.996742 -5.986531 -3.958133 1.512982 2.160248 -0.999998 -0.0 -0.0 -0.97067 -4.445531 -3.114898 11.019167 0.000358 0.151175 -79.014359 -3.965204 -8.155204 -3.985897 0.690651 1.689238 -1.000002 0.0 0.0 
0.0 0.0 0.0 0.0 -0.0 0.0 -0.119991 99.898521 0.968786 89.666107 -0.17192 86.773163 -2.317033 -1.227873 0.552892 -12.008854 -0.987785 0.825652 25.842936 -4.609379 -1.558827 16.679567 1.777405 2.21611 -2.650577 -0.568905 2.375586 -47.664604 1.219124 1.604447 6e-06 0.0 -0.0 0.052733 -0.044688 -0.212084 0.134191 -0.101387 -0.223073 0.111371 0.012154 -0.19686 -87.668335 -81.776146 103.650902 64.4832 -55.072742 -25.914377 44.303215 0.57091 -0.008192 -1.985689 0.845142 -1.524375 17.636635 -26.322737 52.411194 -19.46665 -14.395596 29.410385 -1e-06 -8.774822 1e-06 16.318552 -18.291943 5.988313 -0.609775 -1.795652 -3.889328 -4.807091 -11.046813 -2.937848 2e-06 -20.976015 2e-06 -5.019974 -25.033556 -4.031876 4e-06 -1e-06 -1e-06 -10.634531 -5.68697 -3.565588 10.573271 -17.922951 -3.113898 1e-06 -13.821205 1e-06 -0.501781 -31.181498 -4.027012 -11.59208 -59.258701 7.219102 -13.982712 -7.150196 -2.875042 13.772727 -8.401491 -3.21824 0.347728 -34.211552 0.771661 -0.963032 -17.73337 2.621024 -1e-06 -0.0 -0.0 -17.346413 -20.095211 -4.201782 21.757553 -1.638375 3.866427 -1e-06 -6.338821 3e-06 -1.697591 -22.591742 -6.194003 0.0 -5e-06 -3e-06 74.350243 -80.997299 126.114594 65.93618 -59.387306 -33.747261 22.164892 -0.638532 -0.411641 -0.740789 6.284042 6.992353 22.182116 -20.375891 49.933319 -16.701811 -16.74353 28.47653 -2e-06 -12.690601 -1e-06 16.516523 -17.499241 2.413715 -0.105921 -1.513857 -4.27588 -5.039042 -5.612872 -2.953556 4e-06 -11.020523 -2e-06 -6.111298 -15.895332 -3.840472 0.0 0.0 -1e-06 -10.28337 -5.680288 -4.341839 11.028295 -11.302405 -2.372635 -1.384269 -14.23858 -6.320121 -0.625438 -26.924191 -3.827602 -4.264379 -49.610931 -3.702345 -13.708524 -7.363477 -3.720941 18.141148 -14.052735 -3.242673 5e-06 -18.787266 -2e-06 -0.429712 -8.456041 2.555504 -1e-06 0.0 1e-06 -15.923534 -20.094482 -5.473585 30.41921 -7.190824 1.735926 2e-06 -8.162922 -0.0 -1.861904 -22.861464 -6.167941 2e-06 -3e-06 -2e-06 -175.413132 -3.66643 -3.968087 6.631653 0.01337 -0.111994 -80.464203 -2.582318 -6.184133 -4.023745 1.513623 2.168226 -0.999998 -0.0 0.0 -0.357606 -4.331357 -3.235051 11.385271 -0.002596 0.144623 -79.57341 -4.809924 -8.189609 -3.862947 0.698852 1.692461 -1.0 -0.0 0.0 
0.0 0.0 0.0 0.0 -0.0 0.0 -0.489333 99.85025 1.21332 89.727509 0.160844 87.676956 -2.651928 -0.816491 0.434258 -12.216497 -0.853408 0.780834 25.553152 -4.155992 -1.613713 16.539272 1.498954 2.24568 -2.666802 -0.559898 2.017833 -48.180622 0.896835 1.286778 5e-06 -0.0 -0.0 0.05814 -0.047651 -0.20399 0.164079 -0.136054 -0.21703 0.133653 0.041356 -0.186854 -90.397865 -81.475319 106.361572 64.715622 -54.734669 -24.164211 45.490402 0.492805 0.000341 -1.4818 0.91368 1.839072 17.636633 -26.322735 52.411198 -19.466658 -14.395597 29.410389 -1e-06 -8.774824 -2e-06 16.120588 -18.323725 6.098365 -0.609778 -1.795655 -3.889328 -4.807089 -11.046811 -2.937851 3e-06 -20.976015 0.0 -5.019975 -25.033556 -4.03188 7e-06 -1e-06 -2e-06 -10.634537 -5.686969 -3.565587 10.573278 -17.922951 -3.113903 2e-06 -13.821209 3e-06 -0.501777 -31.181505 -4.027021 -11.639732 -59.112377 7.23374 -13.982715 -7.150198 -2.875042 13.772731 -8.401492 -3.21824 0.347734 -34.211552 0.771653 -0.963028 -17.73337 2.621018 -1e-06 0.0 -1e-06 -17.346422 -20.095217 -4.201783 21.757561 -1.638375 3.86643 -1e-06 -6.338824 2e-06 -1.69759 -22.591743 -6.194006 2e-06 -5e-06 -4e-06 72.440948 -80.646805 128.144806 65.143906 -59.113361 -34.4687 24.620956 -0.330384 -0.403515 0.37174 8.305185 6.08126 22.182119 -20.3759 49.933323 -16.701813 -16.74353 28.476532 -2e-06 -12.690602 -2e-06 16.441862 -17.584139 2.465569 -0.10592 -1.513855 -4.275882 -5.039042 -5.612873 -2.953556 3e-06 -11.020525 -1e-06 -6.111299 -15.895334 -3.840471 0.0 1e-06 -1e-06 -10.283373 -5.680289 -4.341841 11.028295 -11.302403 -2.372631 -1.38427 -14.238579 -6.320119 -0.625441 -26.924183 -3.8276 -4.362191 -49.502712 -3.640153 -13.708527 -7.363478 -3.720939 18.14115 -14.052739 -3.242675 5e-06 -18.78727 -2e-06 -0.429712 -8.456043 2.555504 0.0 0.0 -1e-06 -15.923539 -20.094486 -5.473584 30.419214 -7.190824 1.735927 3e-06 -8.162927 -1e-06 -1.861904 -22.861473 -6.167942 -1e-06 -3e-06 -2e-06 -174.89592 -3.899888 -3.624729 6.325169 0.02379 -0.074007 -80.352722 -2.19505 -6.475044 -4.052986 1.502425 2.175925 -0.999998 -0.0 0.0 0.194876 -4.130527 -3.317126 11.714602 -0.003757 0.137978 -80.067368 -5.625552 -8.180779 -3.764726 0.694191 1.693593 -1.000002 0.0 0.0 
0.0 0.0 0.0 0.0 -0.0 0.0 -0.876 99.792046 1.422519 89.75386 0.488583 88.453445 -2.927755 -0.466527 0.336778 -12.395804 -0.758847 0.715469 25.330883 -3.691478 -1.698485 16.585318 1.359457 2.235959 -2.660401 -0.557851 1.790457 -48.542175 0.538168 1.121885 7e-06 -0.0 -0.0 0.065606 -0.047342 -0.191272 0.189734 -0.162249 -0.203669 0.155532 0.068316 -0.175098 -92.406288 -81.186768 108.38414 64.421532 -54.319595 -21.333151 45.856976 0.383683 0.022584 -1.180175 0.474452 5.265061 17.636631 -26.322739 52.411201 -19.46666 -14.395596 29.410389 0.0 -8.774823 -3e-06 16.027998 -18.378273 6.127573 -0.609775 -1.795651 -3.889328 -4.807088 -11.046809 -2.93785 3e-06 -20.976019 3e-06 -5.019975 -25.03356 -4.031878 7e-06 0.0 -0.0 -10.634533 -5.68697 -3.565588 10.573276 -17.922953 -3.113901 1e-06 -13.821213 2e-06 -0.501779 -31.181511 -4.027015 -11.721361 -59.075981 7.2616 -13.982715 -7.150199 -2.875041 13.772731 -8.40149 -3.218243 0.347732 -34.211555 0.77166 -0.963031 -17.73337 2.621022 -0.0 -1e-06 -1e-06 -17.346418 -20.095219 -4.201782 21.757557 -1.638375 3.866428 1e-06 -6.338825 1e-06 -1.697592 -22.591745 -6.194005 -0.0 -4e-06 -2e-06 69.552299 -80.168701 131.156128 64.252274 -58.539249 -34.605045 27.073364 -0.022861 -0.372393 1.362349 9.881058 5.205147 22.182121 -20.375898 49.933323 -16.701815 -16.74353 28.476534 -2e-06 -12.690603 -3e-06 16.307821 -17.646612 2.546105 -0.105919 -1.513856 -4.275882 -5.03904 -5.612871 -2.953556 4e-06 -11.020525 -2e-06 -6.111298 -15.895334 -3.840472 0.0 0.0 -1e-06 -10.283371 -5.680289 -4.341841 11.028296 -11.302407 -2.372634 -1.384268 -14.238585 -6.320122 -0.625438 -26.924198 -3.827604 -4.504142 -49.413773 -3.52828 -13.708527 -7.363479 -3.72094 18.14115 -14.052743 -3.242673 8e-06 -18.787271 -2e-06 -0.429711 -8.456047 2.555505 1e-06 1e-06 -1e-06 -15.923536 -20.094484 -5.473586 30.419214 -7.190827 1.735927 3e-06 -8.162924 -2e-06 -1.861903 -22.861469 -6.167941 0.0 -3e-06 -2e-06 -174.502457 -4.19616 -3.422796 6.266258 0.025872 -0.025883 -80.379608 -1.776832 -6.771558 -4.042123 1.488408 2.182132 -1.0 0.0 0.0 0.640369 -3.87192 -3.417867 12.147055 -0.012553 0.132096 -80.568741 -6.297827 -8.15522 -3.701867 0.679075 1.690804 -1.000001 -0.0 -0.0 
0.0 0.0 0.0 0.0 -0.0 0.0 -1.275119 99.729218 1.615073 89.727829 0.826097 89.093254 -3.167101 -0.155815 0.265308 -12.548263 -0.686282 0.644564 25.173479 -3.241946 -1.769403 16.801186 1.381551 2.218658 -2.645689 -0.573728 1.642397 -48.754688 0.190614 1.042804 5e-06 0.0 0.0 0.076636 -0.042612 -0.169913 0.213795 -0.17623 -0.17937 0.175928 0.091972 -0.1566 -94.253395 -80.88913 110.300156 63.754639 -54.026569 -18.151714 45.555634 0.281057 0.062598 -1.037897 -0.093061 7.917303 17.636631 -26.322725 52.411186 -19.466669 -14.395598 29.410395 -1e-06 -8.774825 -4e-06 15.982751 -18.471928 6.142126 -0.609777 -1.795654 -3.889328 -4.807087 -11.046811 -2.937853 9e-06 -20.976021 -2e-06 -5.019965 -25.033558 -4.03188 4e-06 1e-06 -0.0 -10.634537 -5.686973 -3.56559 10.573281 -17.922955 -3.113904 1e-06 -13.82121 2e-06 -0.501772 -31.181507 -4.02702 -11.800216 -59.062813 7.303526 -13.982715 -7.150198 -2.875043 13.772731 -8.401495 -3.218241 0.347737 -34.211555 0.771654 -0.963026 -17.733372 2.62102 -0.0 -0.0 -1e-06 -17.346422 -20.095219 -4.201785 21.757566 -1.638378 3.866429 2e-06 -6.338825 1e-06 -1.697588 -22.591749 -6.194008 0.0 -4e-06 -0.0 65.994865 -79.604546 134.804367 63.374752 -57.646824 -34.020882 29.080412 0.213627 -0.33582 2.058626 10.816241 4.60973 22.182114 -20.375895 49.933319 -16.701815 -16.743526 28.476534 -4e-06 -12.690598 -1e-06 16.152546 -17.671686 2.619749 -0.105919 -1.513856 -4.275881 -5.039038 -5.612869 -2.953558 4e-06 -11.020525 -2e-06 -6.111294 -15.895334 -3.840469 0.0 0.0 -1e-06 -10.283367 -5.680287 -4.341839 11.02829 -11.302406 -2.372634 -1.384267 -14.238581 -6.32012 -0.625438 -26.924187 -3.827601 -4.611833 -49.300404 -3.424776 -13.70852 -7.363475 -3.720939 18.141146 -14.052739 -3.242675 6e-06 -18.787271 -2e-06 -0.429711 -8.456041 2.555501 1e-06 0.0 0.0 -15.923532 -20.094482 -5.473586 30.419207 -7.190827 1.735924 4e-06 -8.162924 -1e-06 -1.861902 -22.861469 -6.167937 1e-06 -5e-06 -0.0 -174.155167 -4.561208 -3.37281 6.343465 0.01952 0.010485 -80.495186 -1.311807 -7.031064 -4.003541 1.474244 2.186391 -0.999999 -0.0 -0.0 1.085425 -3.537197 -3.500389 12.514755 -0.029184 0.126875 -81.017227 -6.843766 -8.086622 -3.639349 0.67337 1.690785 -1.000002 -0.0 -0.0 
0.0 0.0 0.0 0.0 -0.0 0.0 -1.66281 99.676041 1.801586 89.654907 1.153502 89.579491 -3.40783 0.128582 0.220705 -12.685471 -0.625275 0.574632 25.065479 -2.828762 -1.80168 17.165716 1.517843 2.197925 -2.627099 -0.596952 1.523037 -48.723221 -0.087129 1.015723 5e-06 -0.0 0.0 0.089814 -0.035185 -0.147478 0.233595 -0.182109 -0.154883 0.192188 0.11299 -0.135911 -96.415367 -80.525764 112.586945 62.841873 -54.046234 -15.476442 44.717175 0.185548 0.093721 -1.068641 -0.46986 9.376218 17.636631 -26.322721 52.411182 -19.466661 -14.395598 29.410385 0.0 -8.774822 -3e-06 15.947036 -18.543318 6.149614 -0.609774 -1.795653 -3.889327 -4.807089 -11.046807 -2.937852 2e-06 -20.976015 3e-06 -5.01997 -25.03356 -4.031881 7e-06 -3e-06 -1e-06 -10.634533 -5.686969 -3.565588 10.573275 -17.922951 -3.113903 2e-06 -13.821209 3e-06 -0.501777 -31.181505 -4.027019 -11.834448 -59.029274 7.327506 -13.982715 -7.150196 -2.87504 13.772731 -8.401489 -3.218244 0.347735 -34.211544 0.771654 -0.963029 -17.73337 2.621017 -1e-06 0.0 -1e-06 -17.346422 -20.095215 -4.201783 21.757563 -1.638378 3.866428 1e-06 -6.338822 0.0 -1.697587 -22.591745 -6.19401 -2e-06 -3e-06 -1e-06 62.450386 -79.017548 138.413773 62.601738 -56.572578 -32.973274 30.367533 0.349452 -0.298197 2.417112 11.134081 4.342375 22.182116 -20.375883 49.933296 -16.701811 -16.743528 28.476522 -2e-06 -12.690601 -1e-06 16.009254 -17.67997 2.681599 -0.105917 -1.513855 -4.27588 -5.039043 -5.612872 -2.953555 6e-06 -11.020521 -2e-06 -6.111297 -15.89533 -3.840472 1e-06 1e-06 -1e-06 -10.283367 -5.680287 -4.341836 11.02829 -11.302404 -2.372633 -1.38427 -14.23858 -6.320122 -0.625439 -26.924187 -3.827601 -4.659237 -49.17535 -3.358447 -13.708523 -7.363477 -3.720938 18.141146 -14.052735 -3.242675 5e-06 -18.787266 -2e-06 -0.42971 -8.456039 2.555504 1e-06 -1e-06 -2e-06 -15.923536 -20.094482 -5.473581 30.41921 -7.190824 1.735927 1e-06 -8.162928 -2e-06 -1.8619 -22.861465 -6.167945 0.0 -4e-06 -0.0 -173.773026 -4.957523 -3.404335 6.354944 0.008527 0.029657 -80.579704 -0.874688 -7.242063 -3.975687 1.46767 2.1884 -0.999998 0.0 0.0 1.605385 -3.149469 -3.541096 12.625153 -0.046914 0.12363 -81.323715 -7.301943 -7.975582 -3.603256 0.678973 1.691687 -1.000001 0.0 -0.0 
0.0 0.0 0.0 0.0 -0.0 0.0 -2.018354 99.630074 1.987895 89.553818 1.462745 89.961502 -3.66171 0.392188 0.189477 -12.801647 -0.568049 0.514628 24.975584 -2.471126 -1.791719 17.640642 1.72435 2.177708 -2.60805 -0.622623 1.377396 -48.412331 -0.288344 0.999455 4e-06 -0.0 -0.0 0.100943 -0.028186 -0.128587 0.254106 -0.183065 -0.133112 0.208188 0.128363 -0.119412 -98.842216 -80.108841 115.192863 61.746651 -54.454796 -13.777157 43.477116 0.093988 0.093807 -1.204216 -0.555834 9.775193 17.636625 -26.322739 52.411205 -19.46666 -14.395598 29.410395 1e-06 -8.774821 -2e-06 15.913651 -18.560049 6.158923 -0.609776 -1.795656 -3.889324 -4.807089 -11.046808 -2.937852 5e-06 -20.976015 1e-06 -5.019971 -25.033552 -4.03188 8e-06 -1e-06 -1e-06 -10.634531 -5.686969 -3.565588 10.573274 -17.922947 -3.1139 1e-06 -13.821206 4e-06 -0.50178 -31.181498 -4.027014 -11.836893 -58.991947 7.342049 -13.98271 -7.150197 -2.875043 13.772727 -8.401489 -3.21824 0.34773 -34.211544 0.771659 -0.963031 -17.733368 2.621023 -1e-06 1e-06 0.0 -17.346415 -20.095217 -4.20178 21.757553 -1.638375 3.866428 1e-06 -6.338822 2e-06 -1.69759 -22.591745 -6.194006 -1e-06 -3e-06 -3e-06 59.363388 -78.486862 141.537415 61.955479 -55.518913 -31.721294 30.872828 0.392876 -0.258812 2.503817 10.925635 4.282503 22.182114 -20.375898 49.933327 -16.701807 -16.74353 28.476532 -2e-06 -12.690601 -1e-06 15.898784 -17.687695 2.734821 -0.105917 -1.513854 -4.275882 -5.039041 -5.61287 -2.953556 3e-06 -11.02052 -1e-06 -6.1113 -15.895329 -3.84047 -0.0 -0.0 -1e-06 -10.283368 -5.680286 -4.34184 11.028292 -11.302404 -2.372632 -1.384268 -14.238579 -6.320121 -0.625439 -26.924181 -3.8276 -4.666661 -49.069775 -3.330107 -13.708525 -7.363475 -3.720939 18.141148 -14.052737 -3.242674 6e-06 -18.787266 -1e-06 -0.429711 -8.456041 2.555505 0.0 -0.0 -1e-06 -15.923534 -20.094481 -5.473585 30.41921 -7.190825 1.735924 3e-06 -8.162925 -0.0 -1.861904 -22.861467 -6.167936 0.0 -4e-06 -1e-06 -173.380371 -5.352748 -3.425534 6.330947 -0.004278 0.045112 -80.648338 -0.546436 -7.408791 -3.959392 1.461838 2.187109 -0.999999 0.0 0.0 2.175451 -2.749679 -3.558233 12.541352 -0.059155 0.12635 -81.524261 -7.697446 -7.847063 -3.612719 0.690329 1.692285 -1.000001 -1e-06 0.0 
0.0 0.0 0.0 0.0 -0.0 0.0 -2.332011 99.59037 2.173858 89.443832 1.739457 90.311325 -3.927203 0.629764 0.157191 -12.903951 -0.508809 0.471104 24.887419 -2.17828 -1.753044 18.183449 1.961295 2.176622 -2.59997 -0.646882 1.186999 -47.868637 -0.450958 0.948518 4e-06 -0.0 -0.0 0.105239 -0.022808 -0.11487 0.265685 -0.181248 -0.117959 0.216411 0.137722 -0.106414 -101.455963 -79.641991 118.001724 60.456184 -55.194843 -12.976011 41.962948 -0.003928 0.06822 -1.398483 -0.348195 9.359154 17.636633 -26.322725 52.411182 -19.46666 -14.395596 29.410393 0.0 -8.774822 -3e-06 15.882341 -18.549656 6.167705 -0.609776 -1.795654 -3.889329 -4.80709 -11.046811 -2.937852 4e-06 -20.976017 -0.0 -5.019969 -25.03356 -4.031883 7e-06 0.0 -0.0 -10.634533 -5.686973 -3.565587 10.573276 -17.922949 -3.113903 0.0 -13.82121 1e-06 -0.501779 -31.181507 -4.027019 -11.828518 -58.969013 7.348304 -13.982715 -7.150197 -2.875044 13.772731 -8.401491 -3.218242 0.347732 -34.211552 0.771655 -0.96303 -17.73337 2.621022 -0.0 0.0 -0.0 -17.346416 -20.095217 -4.201786 21.757557 -1.638373 3.866428 0.0 -6.338822 1e-06 -1.697589 -22.591747 -6.194012 -1e-06 -3e-06 -0.0 56.68734 -77.997917 144.25119 61.269024 -54.59367 -30.219738 30.790718 0.383578 -0.214559 2.350981 10.278799 4.221148 22.182114 -20.375895 49.933319 -16.701811 -16.74353 28.476532 -2e-06 -12.690601 -2e-06 15.829252 -17.677658 2.759379 -0.105918 -1.513858 -4.275881 -5.039041 -5.612871 -2.953557 3e-06 -11.020525 -1e-06 -6.1113 -15.89533 -3.840471 -1e-06 -1e-06 -1e-06 -10.283372 -5.680289 -4.341837 11.028293 -11.302402 -2.372632 -1.384271 -14.238581 -6.320124 -0.62544 -26.924192 -3.827603 -4.633028 -48.99799 -3.347587 -13.708526 -7.363478 -3.720938 18.141146 -14.052738 -3.242672 4e-06 -18.787266 -3e-06 -0.429709 -8.456042 2.555505 1e-06 0.0 -2e-06 -15.923539 -20.094482 -5.473582 30.419214 -7.190823 1.735928 2e-06 -8.162927 0.0 -1.861907 -22.861464 -6.167941 1e-06 -3e-06 -2e-06 -173.018417 -5.727351 -3.40146 6.306036 -0.01414 0.057656 -80.713776 -0.29444 -7.509657 -3.947006 1.452566 2.185914 -0.999999 0.0 -0.0 2.771048 -2.364837 -3.571448 12.308967 -0.063654 0.124214 -81.648064 -8.036984 -7.749115 -3.628975 0.705549 1.694338 -1.000002 -0.0 -0.0 
0.0 0.0 0.0 0.0 -0.0 0.0 -2.617215 99.545364 2.367782 89.341759 1.986913 90.633507 -4.21024 0.836788 0.128919 -13.002001 -0.452848 0.444473 24.803616 -1.94139 -1.697128 18.759476 2.21965 2.175451 -2.596525 -0.67205 0.972295 -47.10154 -0.605342 0.830959 4e-06 -0.0 -0.0 0.104938 -0.018901 -0.105937 0.267361 -0.174831 -0.108901 0.218153 0.139304 -0.096854 -104.192375 -79.122589 120.952881 58.928844 -56.129097 -12.754632 40.27256 -0.110048 0.036381 -1.683019 0.044354 8.530492 17.636633 -26.322733 52.411198 -19.46666 -14.3956 29.410389 -1e-06 -8.774822 -2e-06 15.869694 -18.525471 6.162383 -0.609776 -1.795655 -3.889326 -4.80709 -11.046811 -2.93785 4e-06 -20.976019 2e-06 -5.019971 -25.03356 -4.03188 6e-06 0.0 -0.0 -10.634532 -5.686969 -3.565588 10.573276 -17.922951 -3.113901 1e-06 -13.821209 1e-06 -0.501779 -31.181505 -4.027016 -11.810883 -58.980919 7.329933 -13.982713 -7.150199 -2.87504 13.772731 -8.40149 -3.218241 0.347733 -34.211555 0.771655 -0.963031 -17.733372 2.621022 -0.0 1e-06 0.0 -17.346422 -20.095215 -4.201778 21.757557 -1.638373 3.866425 -0.0 -6.338824 2e-06 -1.69759 -22.591743 -6.194004 -1e-06 -2e-06 -1e-06 54.315128 -77.503807 146.621155 60.337067 -53.855724 -28.225914 30.316761 0.3698 -0.172172 2.000416 9.213284 4.088661 22.18211 -20.375891 49.933315 -16.701809 -16.743528 28.476528 -3e-06 -12.6906 -2e-06 15.783257 -17.653526 2.776573 -0.105918 -1.513855 -4.275882 -5.039041 -5.612871 -2.953555 3e-06 -11.020523 -2e-06 -6.1113 -15.89533 -3.840471 -1e-06 -0.0 -1e-06 -10.283367 -5.680286 -4.341837 11.028291 -11.302404 -2.372633 -1.384268 -14.238576 -6.320121 -0.625438 -26.924185 -3.827601 -4.586421 -48.990688 -3.37523 -13.708523 -7.363473 -3.720938 18.141146 -14.052736 -3.242672 6e-06 -18.787264 -4e-06 -0.42971 -8.456039 2.555503 1e-06 -0.0 -1e-06 -15.923536 -20.094481 -5.473583 30.41921 -7.190824 1.735925 2e-06 -8.162927 0.0 -1.861904 -22.861465 -6.167943 2e-06 -4e-06 -1e-06 -172.713257 -6.069791 -3.294637 6.363675 -0.019893 0.062024 -80.842285 -0.109782 -7.5656 -3.952259 1.451359 2.185716 -0.999999 -0.0 -0.0 3.304171 -2.012955 -3.604943 12.135994 -0.063866 0.126284 -81.7967 -8.327387 -7.68281 -3.657704 0.719584 1.696689 -1.000001 -0.0 -0.0 
0.0 0.0 0.0 0.0 -0.0 0.0 -2.878151 99.491608 2.576787 89.269966 2.210463 90.945572 -4.50126 1.00669 0.103045 -13.097404 -0.400579 0.439033 24.726553 -1.757268 -1.64556 19.31378 2.46431 2.164512 -2.590308 -0.688454 0.741636 -46.162983 -0.735791 0.689303 5e-06 0.0 0.0 0.103957 -0.016694 -0.099261 0.269172 -0.161844 -0.102168 0.223095 0.130755 -0.089283 -106.888779 -78.543037 123.883171 57.182209 -57.11919 -12.675299 38.53606 -0.136755 0.024302 -2.057956 0.439215 7.504748 17.636627 -26.322733 52.41119 -19.466663 -14.395598 29.410393 1e-06 -8.774821 -1e-06 15.894101 -18.471134 6.129616 -0.609776 -1.795655 -3.889329 -4.807088 -11.046809 -2.937851 4e-06 -20.976019 0.0 -5.01997 -25.03356 -4.03188 6e-06 1e-06 -1e-06 -10.634532 -5.686972 -3.565586 10.573272 -17.922953 -3.113901 5e-06 -13.821211 -4e-06 -0.50178 -31.181501 -4.027014 -11.744055 -59.052765 7.272728 -13.982714 -7.150197 -2.875041 13.77273 -8.401493 -3.21824 0.347735 -34.211555 0.771656 -0.96303 -17.73337 2.621021 1e-06 -0.0 0.0 -17.346413 -20.095217 -4.201784 21.757555 -1.638374 3.866424 1e-06 -6.338821 0.0 -1.697585 -22.591745 -6.194007 -2e-06 -4e-06 -3e-06 52.282734 -77.023857 148.632416 59.138538 -53.366226 -25.822168 29.619993 0.341258 -0.128922 1.488769 7.830532 3.892694 22.182121 -20.375898 49.933323 -16.701815 -16.743528 28.476538 -3e-06 -12.690603 -3e-06 15.754627 -17.630756 2.807335 -0.105917 -1.513855 -4.275882 -5.039041 -5.612873 -2.953557 3e-06 -11.020527 -1e-06 -6.111298 -15.895334 -3.840472 0.0 1e-06 -1e-06 -10.283373 -5.680288 -4.34184 11.028298 -11.302406 -2.372633 -1.384268 -14.238581 -6.320123 -0.625438 -26.924191 -3.827601 -4.57068 -49.06913 -3.370994 -13.708527 -7.363475 -3.72094 18.141153 -14.052742 -3.242676 7e-06 -18.787271 -3e-06 -0.429709 -8.456047 2.555504 1e-06 -0.0 0.0 -15.923536 -20.094486 -5.473586 30.419214 -7.19083 1.735925 3e-06 -8.162927 -1e-06 -1.861902 -22.861473 -6.167945 -0.0 -2e-06 -2e-06 -172.442642 -6.359917 -3.134023 6.464921 -0.02357 0.057765 -81.016724 0.015627 -7.590089 -3.969068 1.455369 2.187617 -1.0 0.0 -0.0 3.741772 -1.720669 -3.676677 12.121554 -0.057349 0.129381 -82.022408 -8.561512 -7.62104 -3.695209 0.724434 1.695886 -1.0 -1e-06 -0.0 
0.0 0.0 0.0 0.0 -0.0 0.0 -3.097226 99.432114 2.802384 89.238602 2.415208 91.276665 -4.790069 1.134491 0.08494 -13.193937 -0.341519 0.464628 24.666941 -1.636288 -1.605697 19.822041 2.677257 2.153829 -2.584952 -0.697692 0.530629 -45.109749 -0.843544 0.518421 5e-06 -0.0 -0.0 0.099182 -0.01283 -0.088474 0.261168 -0.141887 -0.093818 0.219904 0.118508 -0.074895 -109.336555 -77.921661 126.547455 55.218609 -58.081902 -12.391193 36.874901 -0.100466 0.03387 -2.454107 0.701693 6.577601 17.636635 -26.322733 52.41119 -19.46666 -14.395596 29.410389 0.0 -8.774821 -3e-06 15.926686 -18.40033 6.104614 -0.609777 -1.795653 -3.889327 -4.807091 -11.046809 -2.93785 6e-06 -20.976013 -2e-06 -5.01997 -25.033548 -4.03188 7e-06 1e-06 -2e-06 -10.634535 -5.686972 -3.565589 10.573272 -17.922951 -3.113899 5e-06 -13.821206 -3e-06 -0.501778 -31.181505 -4.027019 -11.653793 -59.152035 7.221764 -13.982715 -7.150198 -2.875042 13.772731 -8.401491 -3.21824 0.347736 -34.211544 0.771653 -0.963031 -17.733366 2.621021 -0.0 3e-06 3e-06 -17.34642 -20.095217 -4.201781 21.757563 -1.638376 3.866431 2e-06 -6.338823 -0.0 -1.697589 -22.591742 -6.194005 -2e-06 -3e-06 -1e-06 50.491974 -76.52417 150.418701 57.636349 -53.100243 -23.072655 28.870316 0.257934 -0.090093 0.849767 6.208554 3.598459 22.182121 -20.375891 49.933304 -16.701811 -16.743528 28.476522 -2e-06 -12.690601 -3e-06 15.753744 -17.610641 2.827568 -0.10592 -1.513856 -4.275881 -5.039042 -5.612872 -2.953556 1e-06 -11.020524 -1e-06 -6.111298 -15.895332 -3.840472 -0.0 -0.0 1e-06 -10.283371 -5.680289 -4.341838 11.028293 -11.302406 -2.372631 -1.384269 -14.23858 -6.320121 -0.625441 -26.924187 -3.827599 -4.570239 -49.199902 -3.366316 -13.708525 -7.363478 -3.720938 18.141146 -14.052739 -3.242674 6e-06 -18.78727 -2e-06 -0.42971 -8.456045 2.555502 -0.0 -1e-06 0.0 -15.923536 -20.094484 -5.473583 30.41921 -7.190825 1.735927 4e-06 -8.162925 -1e-06 -1.861902 -22.861469 -6.167945 0.0 -4e-06 -1e-06 -172.191635 -6.589675 -2.956409 6.580926 -0.023526 0.043793 -81.209236 0.131176 -7.567818 -4.008803 1.454745 2.187923 -1.0 0.0 -0.0 4.117432 -1.506406 -3.816562 12.219986 -0.047816 0.131359 -82.309296 -8.705381 -7.57205 -3.742616 0.726607 1.692685 -1.000003 0.0 -0.0 
0.0 0.0 0.0 0.0 -0.0 0.0 -3.269524 99.374077 3.035904 89.243828 2.594109 91.613396 -5.054465 1.225099 0.073434 -13.279998 -0.281587 0.505559 24.62751 -1.572948 -1.579487 20.263447 2.826334 2.149766 -2.583734 -0.703684 0.346429 -44.117786 -0.942964 0.345673 5e-06 -0.0 -0.0 0.090539 -0.006906 -0.07574 0.244038 -0.117736 -0.08523 0.206654 0.106145 -0.057163 -111.254974 -77.32814 128.644943 53.250336 -58.953342 -11.879613 35.371513 -0.063898 0.041201 -2.752446 0.819757 5.891613 17.636631 -26.322729 52.411194 -19.466656 -14.395597 29.410381 0.0 -8.774821 -3e-06 15.961053 -18.331078 6.084505 -0.609778 -1.795655 -3.889329 -4.807089 -11.046809 -2.937851 5e-06 -20.976011 -0.0 -5.01997 -25.033552 -4.031881 6e-06 -0.0 -1e-06 -10.634534 -5.686969 -3.565587 10.573272 -17.922945 -3.1139 2e-06 -13.821203 0.0 -0.501781 -31.181494 -4.027011 -11.567769 -59.23164 7.181729 -13.982714 -7.150197 -2.875041 13.772727 -8.401491 -3.218237 0.347736 -34.211544 0.771652 -0.963031 -17.733366 2.621022 1e-06 -0.0 -0.0 -17.346418 -20.095215 -4.201779 21.757557 -1.638373 3.866426 1e-06 -6.33882 -1e-06 -1.697588 -22.591742 -6.194006 -1e-06 -4e-06 -3e-06 49.094482 -76.017502 151.852936 55.973385 -53.004066 -20.1329 28.235233 0.11928 -0.066865 0.153612 4.455791 3.377185 22.182117 -20.375895 49.933319 -16.701811 -16.74353 28.476532 -3e-06 -12.690601 -3e-06 15.797857 -17.599058 2.812417 -0.10592 -1.513856 -4.275879 -5.039042 -5.612872 -2.953556 5e-06 -11.020525 -1e-06 -6.1113 -15.895334 -3.84047 -0.0 1e-06 1e-06 -10.283372 -5.680289 -4.341839 11.028293 -11.302404 -2.372631 -1.384271 -14.238579 -6.320122 -0.625437 -26.924191 -3.827604 -4.559434 -49.368301 -3.394176 -13.708523 -7.363476 -3.720941 18.141148 -14.052737 -3.242672 2e-06 -18.787266 -0.0 -0.429711 -8.456047 2.555505 0.0 1e-06 -0.0 -15.923532 -20.094482 -5.473586 30.419207 -7.190826 1.735928 2e-06 -8.162922 -0.0 -1.861901 -22.861479 -6.167943 0.0 -3e-06 0.0 -171.943878 -6.750032 -2.764844 6.648265 -0.0234 0.027292 -81.377541 0.236481 -7.530288 -4.058932 1.448152 2.183931 -0.999999 0.0 -0.0 4.457951 -1.364618 -3.993176 12.344305 -0.037158 0.133382 -82.606216 -8.798482 -7.543328 -3.780045 0.728607 1.689039 -1.000003 -0.0 -0.0 
0.0 0.0 0.0 0.0 -0.0 0.0 -3.40355 99.315002 3.284487 89.271339 2.753531 91.949463 -5.306103 1.293216 0.062078 -13.352875 -0.225661 0.536249 24.592718 -1.535875 -1.544075 20.716927 2.886595 2.159434 -2.579861 -0.705652 0.171816 -43.171021 -1.042078 0.172373 5e-06 -0.0 -0.0 0.082676 -0.002297 -0.067204 0.224584 -0.093656 -0.079745 0.19125 0.091059 -0.045482 -112.677666 -76.750587 130.209183 51.252243 -59.775906 -11.098125 34.01572 -0.035032 0.039329 -3.004493 0.771072 5.485657 17.636629 -26.322731 52.41119 -19.46666 -14.395598 29.410385 0.0 -8.774821 -5e-06 16.030273 -18.261992 6.040746 -0.609778 -1.795653 -3.889329 -4.80709 -11.046811 -2.93785 4e-06 -20.976019 -2e-06 -5.019969 -25.03356 -4.031882 8e-06 -1e-06 -1e-06 -10.634538 -5.686973 -3.56559 10.573274 -17.922951 -3.1139 3e-06 -13.821211 0.0 -0.50178 -31.181505 -4.027015 -11.466972 -59.31514 7.106517 -13.982716 -7.150199 -2.875042 13.772729 -8.401491 -3.218243 0.347731 -34.211552 0.771655 -0.963028 -17.73337 2.621017 1e-06 -1e-06 -0.0 -17.34642 -20.095217 -4.201783 21.757557 -1.638375 3.866426 2e-06 -6.338824 1e-06 -1.69759 -22.591745 -6.194006 -2e-06 -0.0 -2e-06 48.002319 -75.478371 153.012909 54.095627 -53.032398 -16.800289 27.74432 -0.021693 -0.0508 -0.607813 2.439106 3.236619 22.182117 -20.375893 49.933319 -16.701817 -16.74353 28.476534 -4e-06 -12.6906 -3e-06 15.889448 -17.618486 2.764426 -0.105919 -1.513856 -4.275883 -5.039041 -5.612871 -2.953557 6e-06 -11.020525 -1e-06 -6.111297 -15.895334 -3.84047 -0.0 1e-06 1e-06 -10.28337 -5.680287 -4.341838 11.028296 -11.302407 -2.372636 -1.384268 -14.238582 -6.320122 -0.625437 -26.924191 -3.827601 -4.557353 -49.561504 -3.466151 -13.708527 -7.363479 -3.72094 18.141153 -14.052739 -3.242677 9e-06 -18.78727 -2e-06 -0.42971 -8.456043 2.555504 2e-06 -1e-06 -0.0 -15.923534 -20.094482 -5.473585 30.419214 -7.190827 1.735926 2e-06 -8.162927 -2e-06 -1.861898 -22.861469 -6.167939 0.0 -4e-06 -2e-06 -171.696045 -6.863862 -2.540528 6.691122 -0.022546 0.014662 -81.548027 0.330539 -7.563863 -4.095844 1.439766 2.177024 -1.0 -0.0 -0.0 4.780304 -1.273061 -4.197118 12.483235 -0.026421 0.135721 -82.911507 -8.872512 -7.50556 -3.78017 0.720454 1.683993 -1.000001 -0.0 0.0 
0.0 0.0 0.0 0.0 -0.0 0.0 -3.496399 99.258133 3.516159 89.318085 2.895195 92.268677 -5.51577 1.344151 0.050828 -13.410002 -0.189031 0.535957 24.560904 -1.502121 -1.485555 21.184963 2.822535 2.180343 -2.582298 -0.707542 -0.010248 -42.343445 -1.164322 0.017137 6e-06 -0.0 -0.0 0.077734 -0.001495 -0.067856 0.205834 -0.075183 -0.081386 0.173853 0.074096 -0.045641 -113.48661 -76.234314 131.119217 49.377922 -60.510998 -10.059108 32.958241 0.015456 0.041949 -3.210787 0.604154 5.368565 17.636629 -26.322737 52.411205 -19.466663 -14.395598 29.410393 -1e-06 -8.774821 -1e-06 16.104912 -18.220131 5.997877 -0.609776 -1.795653 -3.889329 -4.807087 -11.046811 -2.937852 5e-06 -20.976021 -0.0 -5.01997 -25.033562 -4.031878 5e-06 -0.0 1e-06 -10.634532 -5.68697 -3.565587 10.573275 -17.922953 -3.113901 4e-06 -13.821212 3e-06 -0.501774 -31.181507 -4.027015 -11.381701 -59.394485 7.024922 -13.982712 -7.150198 -2.875043 13.772729 -8.401492 -3.218244 0.347735 -34.211555 0.771654 -0.963028 -17.733372 2.621021 0.0 -1e-06 -1e-06 -17.346416 -20.095217 -4.201783 21.757557 -1.638377 3.866428 3e-06 -6.338823 0.0 -1.697588 -22.591742 -6.194004 -2e-06 -2e-06 -2e-06 47.13002 -74.942184 153.971603 52.1446 -53.158493 -13.427059 27.403557 -0.139538 -0.03789 -1.329702 0.366043 3.411644 22.182119 -20.375902 49.933327 -16.701818 -16.743532 28.47654 -4e-06 -12.690604 -3e-06 15.991659 -17.655352 2.697295 -0.10592 -1.513856 -4.275885 -5.039041 -5.612873 -2.953556 5e-06 -11.020528 -0.0 -6.111298 -15.895338 -3.840468 0.0 -0.0 -0.0 -10.283371 -5.680288 -4.341839 11.028296 -11.302407 -2.372634 -1.384268 -14.238585 -6.320122 -0.625438 -26.924192 -3.8276 -4.550639 -49.712933 -3.573294 -13.708526 -7.363477 -3.720942 18.141153 -14.052744 -3.242676 6e-06 -18.787275 -0.0 -0.42971 -8.456047 2.555505 0.0 -2e-06 -1e-06 -15.923536 -20.094486 -5.473587 30.419214 -7.190829 1.735924 3e-06 -8.162927 -1e-06 -1.861899 -22.861479 -6.167942 1e-06 -4e-06 -1e-06 -171.476135 -6.933256 -2.315673 6.739262 -0.019117 0.004259 -81.720345 0.448815 -7.641153 -4.123818 1.438316 2.173331 -0.999999 -0.0 0.0 5.053648 -1.228594 -4.391969 12.656597 -0.020339 0.132323 -83.208588 -8.951033 -7.462511 -3.734462 0.700498 1.678242 -1.0 -0.0 0.0 
0.0 0.0 0.0 0.0 -0.0 0.0 -3.557894 99.209007 3.708153 89.362961 3.029104 92.565872 -5.666029 1.389807 0.037405 -13.453053 -0.166908 0.523201 24.542007 -1.449278 -1.410072 21.657698 2.638183 2.197807 -2.591529 -0.708399 -0.204075 -41.647995 -1.307363 -0.096044 6e-06 0.0 0.0 0.074148 -0.000743 -0.070114 0.193068 -0.058076 -0.083046 0.161538 0.058412 -0.049399 -113.777466 -75.82798 131.463318 47.65538 -61.169903 -8.899817 32.263008 0.056176 0.055601 -3.347417 0.45114 5.392185 17.636637 -26.322733 52.411186 -19.466665 -14.395598 29.410393 -1e-06 -8.774822 -2e-06 16.170298 -18.197598 5.963902 -0.609775 -1.795653 -3.889328 -4.80709 -11.046813 -2.937851 5e-06 -20.976021 1e-06 -5.01997 -25.033564 -4.031881 6e-06 1e-06 1e-06 -10.634534 -5.686972 -3.565585 10.573277 -17.922955 -3.113902 3e-06 -13.821214 -0.0 -0.501776 -31.181522 -4.027017 -11.293816 -59.46629 6.947712 -13.982714 -7.150198 -2.875041 13.772731 -8.401495 -3.218243 0.347736 -34.211559 0.771652 -0.96303 -17.733376 2.621018 0.0 0.0 0.0 -17.34642 -20.095224 -4.20178 21.757557 -1.638375 3.866428 1e-06 -6.338825 1e-06 -1.69759 -22.591751 -6.19401 -1e-06 -3e-06 -2e-06 46.569542 -74.436157 154.634583 50.33308 -53.36694 -10.391874 27.13677 -0.211523 -0.029336 -1.9494 -1.43483 3.890249 22.182117 -20.375898 49.933327 -16.701813 -16.74353 28.47653 -4e-06 -12.690601 -4e-06 16.064695 -17.677353 2.644175 -0.105918 -1.513856 -4.275881 -5.039041 -5.61287 -2.953557 6e-06 -11.020523 -4e-06 -6.111296 -15.89533 -3.840469 -1e-06 -0.0 1e-06 -10.283369 -5.680286 -4.341839 11.028295 -11.302404 -2.372633 -1.384268 -14.238579 -6.320121 -0.625434 -26.924187 -3.8276 -4.544104 -49.822845 -3.645424 -13.708525 -7.363474 -3.720939 18.141148 -14.052738 -3.242674 7e-06 -18.78727 -0.0 -0.429711 -8.456043 2.555505 1e-06 -1e-06 -0.0 -15.923536 -20.094482 -5.473583 30.41921 -7.190827 1.735925 4e-06 -8.162925 0.0 -1.8619 -22.861467 -6.16794 1e-06 -7e-06 -2e-06 -171.292145 -6.983615 -2.135408 6.803797 -0.016866 0.002314 -81.882683 0.601661 -7.720766 -4.13445 1.443986 2.172623 -0.999999 -0.0 0.0 5.312025 -1.199431 -4.587417 12.781608 -0.023037 0.12748 -83.446701 -9.031054 -7.415401 -3.652536 0.675955 1.673294 -1.000001 -0.0 -0.0 
0.0 0.0 0.0 0.0 -0.0 0.0 -3.592899 99.176483 3.849811 89.405502 3.136894 92.849113 -5.757321 1.419764 0.010711 -13.492459 -0.155211 0.508676 24.547619 -1.376081 -1.326722 22.120947 2.384525 2.215206 -2.597764 -0.711246 -0.387814 -41.014595 -1.468684 -0.159894 7e-06 0.0 0.0 0.071809 -0.000525 -0.0742 0.177518 -0.043495 -0.086707 0.146827 0.04402 -0.054694 -113.69149 -75.533241 131.373169 46.079929 -61.752514 -7.779953 31.890314 0.065777 0.057195 -3.393835 0.394178 5.394241 17.636625 -26.322729 52.411194 -19.466654 -14.395597 29.410385 0.0 -8.77482 -2e-06 16.208471 -18.183695 5.947371 -0.609776 -1.795653 -3.889329 -4.807088 -11.046809 -2.937852 3e-06 -20.976015 2e-06 -5.01997 -25.033552 -4.03188 5e-06 -1e-06 -1e-06 -10.634532 -5.68697 -3.565589 10.57327 -17.922945 -3.113898 1e-06 -13.821205 1e-06 -0.501778 -31.181498 -4.027014 -11.205215 -59.520081 6.889703 -13.982712 -7.150197 -2.875044 13.772727 -8.401489 -3.218242 0.347731 -34.211544 0.771657 -0.96303 -17.733366 2.621018 -1e-06 1e-06 0.0 -17.346416 -20.095215 -4.201784 21.757557 -1.638373 3.866428 3e-06 -6.338822 1e-06 -1.69759 -22.591745 -6.194007 -0.0 -4e-06 1e-06 46.326817 -73.943512 154.991699 48.808319 -53.62632 -8.068475 26.816702 -0.273516 -0.024281 -2.377199 -2.578904 4.416446 22.182112 -20.375891 49.933308 -16.701801 -16.743523 28.476521 -2e-06 -12.690597 -3e-06 16.106485 -17.671902 2.618556 -0.105918 -1.513854 -4.275878 -5.039039 -5.612869 -2.953557 5e-06 -11.020519 -4e-06 -6.111296 -15.895328 -3.840471 -1e-06 1e-06 0.0 -10.283367 -5.680285 -4.341839 11.028288 -11.3024 -2.372633 -1.384271 -14.238575 -6.320116 -0.625438 -26.924179 -3.8276 -4.53615 -49.890518 -3.663816 -13.70852 -7.363472 -3.720937 18.141142 -14.052732 -3.242672 6e-06 -18.787262 -2e-06 -0.429712 -8.456039 2.555507 1e-06 0.0 1e-06 -15.923534 -20.094477 -5.473579 30.419205 -7.190824 1.735928 2e-06 -8.162924 1e-06 -1.861901 -22.861465 -6.167941 0.0 -4e-06 1e-06 -171.140869 -7.013737 -1.989191 6.813793 -0.015653 0.010111 -81.973869 0.733844 -7.783987 -4.134168 1.448979 2.173983 -0.999999 0.0 0.0 5.565723 -1.183333 -4.786996 12.783031 -0.026743 0.121469 -83.589157 -9.074978 -7.374062 -3.574134 0.654061 1.669297 -1.000003 -0.0 -0.0 
0.0 0.0 0.0 0.0 -0.0 0.0 -3.60062 99.154778 3.929589 89.42363 3.216928 93.095161 -5.782663 1.432774 -0.021886 -13.520977 -0.150276 0.48886 24.576044 -1.277984 -1.252981 22.583786 2.117261 2.229864 -2.601806 -0.716531 -0.519182 -40.416924 -1.663193 -0.186542 6e-06 0.0 0.0 0.068008 0.002633 -0.071504 0.15497 -0.029828 -0.083195 0.124571 0.036359 -0.053211 -113.276527 -75.346275 130.903122 44.790237 -62.252579 -6.844837 31.71402 0.083964 0.040601 -3.373865 0.397533 5.281768 17.636629 -26.322731 52.411182 -19.46666 -14.395598 29.410385 -1e-06 -8.774821 -4e-06 16.210621 -18.168732 5.950635 -0.609776 -1.795653 -3.889326 -4.80709 -11.046811 -2.93785 4e-06 -20.976017 4e-06 -5.019972 -25.03356 -4.031877 7e-06 2e-06 -1e-06 -10.634533 -5.68697 -3.565587 10.573274 -17.922951 -3.113898 3e-06 -13.82121 1e-06 -0.501778 -31.181505 -4.027013 -11.157619 -59.558231 6.877205 -13.982713 -7.150198 -2.875041 13.77273 -8.401493 -3.218241 0.347733 -34.211555 0.771656 -0.96303 -17.733374 2.621022 -1e-06 1e-06 -1e-06 -17.346416 -20.095215 -4.201779 21.757557 -1.638375 3.866427 3e-06 -6.338824 3e-06 -1.697591 -22.591742 -6.194003 -1e-06 -2e-06 -0.0 46.255802 -73.478333 155.180359 47.601776 -53.869953 -6.5974 26.47065 -0.345242 -0.022827 -2.602601 -3.015008 4.765916 22.182121 -20.375898 49.933319 -16.701815 -16.743528 28.476532 -3e-06 -12.690603 -2e-06 16.134899 -17.646093 2.600001 -0.105919 -1.513856 -4.275878 -5.039042 -5.612872 -2.953556 4e-06 -11.020523 -2e-06 -6.1113 -15.895334 -3.840468 0.0 1e-06 -1e-06 -10.283369 -5.680288 -4.341835 11.028296 -11.302404 -2.372635 -1.384271 -14.23858 -6.32012 -0.625439 -26.924187 -3.827602 -4.50346 -49.913486 -3.677158 -13.708526 -7.363475 -3.720938 18.141148 -14.052739 -3.242674 9e-06 -18.78727 -4e-06 -0.429711 -8.456044 2.555505 1e-06 0.0 -0.0 -15.923538 -20.094482 -5.473584 30.419214 -7.190827 1.735929 4e-06 -8.162927 1e-06 -1.8619 -22.861469 -6.167942 1e-06 -5e-06 -3e-06 -171.104401 -7.050201 -1.866306 6.939616 -0.015616 0.031435 -82.086662 0.841225 -7.829496 -4.143592 1.445061 2.173714 -0.999998 0.0 -0.0 5.763687 -1.164456 -4.963695 12.738263 -0.027267 0.108738 -83.66246 -9.067674 -7.354339 -3.504476 0.64114 1.668326 -1.000002 -0.0 -0.0 
0.0 0.0 0.0 0.0 -0.0 0.0 -3.583284 99.148636 3.942264 89.411888 3.267638 93.277748 -5.745831 1.428199 -0.055032 -13.521103 -0.153371 0.4623 24.615768 -1.163848 -1.205102 23.065758 1.859444 2.221735 -2.616293 -0.705173 -0.552457 -39.782104 -1.862359 -0.171302 7e-06 0.0 -0.0 0.062827 0.006331 -0.067853 0.127485 -0.015935 -0.078687 0.098521 0.029499 -0.050287 -112.503464 -75.27597 130.07399 43.876774 -62.698898 -6.290436 31.635609 0.115306 0.02053 -3.34709 0.473294 5.073577 17.636625 -26.322737 52.411205 -19.466656 -14.3956 29.410393 0.0 -8.774822 -2e-06 16.182484 -18.150503 5.981125 -0.609777 -1.795653 -3.889329 -4.807089 -11.046807 -2.937851 3e-06 -20.976015 1e-06 -5.01997 -25.033556 -4.03188 7e-06 2e-06 -1e-06 -10.634534 -5.68697 -3.565588 10.573273 -17.922945 -3.1139 2e-06 -13.821204 3e-06 -0.501782 -31.181498 -4.02701 -11.107967 -59.583004 6.887727 -13.982715 -7.150198 -2.875044 13.772731 -8.401491 -3.218242 0.347729 -34.211544 0.771659 -0.96303 -17.733372 2.621021 -1e-06 1e-06 -1e-06 -17.346422 -20.095217 -4.201784 21.757561 -1.638375 3.866429 3e-06 -6.338824 2e-06 -1.697592 -22.59174 -6.194003 -0.0 -2e-06 -1e-06 46.277115 -73.069008 155.26796 46.721264 -54.078106 -5.862751 26.151079 -0.35259 -0.013302 -2.674391 -2.897732 4.760471 22.182106 -20.375895 49.933323 -16.701807 -16.743525 28.476526 -2e-06 -12.690598 -2e-06 16.146345 -17.606762 2.594759 -0.10592 -1.513855 -4.275882 -5.03904 -5.61287 -2.953557 4e-06 -11.02052 -2e-06 -6.111296 -15.89533 -3.840471 0.0 0.0 1e-06 -10.283368 -5.680287 -4.341835 11.028292 -11.302402 -2.372634 -1.384269 -14.238579 -6.320119 -0.625438 -26.924183 -3.827602 -4.460729 -49.910629 -3.667499 -13.708522 -7.363477 -3.720938 18.141146 -14.052736 -3.242675 6e-06 -18.78727 -2e-06 -0.429712 -8.456043 2.555502 1e-06 1e-06 3e-06 -15.923532 -20.094481 -5.473583 30.419205 -7.19082 1.735927 1e-06 -8.162922 0.0 -1.861903 -22.861462 -6.167945 1e-06 -4e-06 -1e-06 -171.154068 -7.091549 -1.765377 7.116606 -0.015474 0.058115 -82.181 0.889525 -7.852886 -4.184255 1.432636 2.171826 -0.999998 -0.0 0.0 5.919434 -1.137364 -5.108279 12.599793 -0.02646 0.093832 -83.637993 -9.010129 -7.339256 -3.483548 0.642756 1.67262 -1.000002 -0.0 0.0 
0.0 0.0 0.0 0.0 -0.0 0.0 -3.542483 99.156151 3.883458 89.381256 3.280336 93.388916 -5.66671 1.419956 -0.076154 -13.498893 -0.161375 0.438277 24.685835 -1.057462 -1.186361 23.576767 1.615531 2.196526 -2.633146 -0.689796 -0.530944 -39.082516 -2.032496 -0.149709 6e-06 0.0 0.0 0.057607 0.011002 -0.058745 0.100244 -0.001575 -0.068559 0.074474 0.024003 -0.041491 -111.591629 -75.275055 129.148636 43.332687 -63.03426 -6.089121 31.552343 0.127629 0.011672 -3.346612 0.648324 4.841048 17.636629 -26.322731 52.411201 -19.466665 -14.395598 29.410395 -1e-06 -8.774822 -4e-06 16.151302 -18.133358 6.016534 -0.609776 -1.795653 -3.889327 -4.807088 -11.046813 -2.937853 5e-06 -20.976021 1e-06 -5.01997 -25.03356 -4.031882 7e-06 -0.0 -1e-06 -10.634536 -5.686971 -3.565587 10.573276 -17.922951 -3.113903 3e-06 -13.821209 1e-06 -0.501777 -31.181505 -4.027015 -11.046849 -59.586803 6.883939 -13.982716 -7.150199 -2.875042 13.772731 -8.401493 -3.218242 0.347735 -34.211555 0.771653 -0.963027 -17.733376 2.621021 1e-06 -0.0 -1e-06 -17.346422 -20.095221 -4.201782 21.757561 -1.638376 3.866428 1e-06 -6.338822 2e-06 -1.697587 -22.591745 -6.194006 -2e-06 -1e-06 -1e-06 46.401791 -72.738541 155.225204 46.103825 -54.240997 -5.588541 25.944826 -0.273939 0.012251 -2.680317 -2.502102 4.506669 22.182117 -20.375898 49.933327 -16.701817 -16.74353 28.476534 -2e-06 -12.690603 -2e-06 16.158348 -17.574465 2.592733 -0.10592 -1.513856 -4.275882 -5.039041 -5.612872 -2.953557 5e-06 -11.020525 -5e-06 -6.111298 -15.895338 -3.840469 0.0 -0.0 -1e-06 -10.283373 -5.68029 -4.341841 11.028296 -11.302406 -2.372634 -1.384269 -14.238586 -6.320121 -0.62544 -26.924194 -3.8276 -4.423366 -49.907284 -3.642438 -13.708527 -7.363478 -3.720939 18.141151 -14.052739 -3.242678 6e-06 -18.787271 -2e-06 -0.429713 -8.456043 2.555504 1e-06 -0.0 0.0 -15.923539 -20.094492 -5.473583 30.419214 -7.190823 1.735925 1e-06 -8.162927 -1e-06 -1.861902 -22.861473 -6.167945 0.0 -6e-06 -2e-06 -171.309219 -7.124318 -1.696596 7.363345 -0.015236 0.079646 -82.26413 0.899294 -7.869733 -4.223894 1.421904 2.168633 -0.999998 -0.0 -0.0 5.981039 -1.115802 -5.205377 12.448807 -0.028575 0.082437 -83.543922 -8.951289 -7.320496 -3.500049 0.656166 1.680134 -1.000001 -0.0 -0.0 
0.0 0.0 0.0 0.0 -0.0 0.0 -3.477777 99.177536 3.757028 89.3573 3.240868 93.459244 -5.562503 1.402682 -0.078464 -13.455604 -0.169216 0.417742 24.786207 -0.981998 -1.197314 24.141136 1.374559 2.173693 -2.65305 -0.671375 -0.509203 -38.324245 -2.16646 -0.134075 6e-06 0.0 0.0 0.053638 0.01524 -0.049496 0.077183 0.011888 -0.057185 0.054098 0.018568 -0.03339 -110.723495 -75.312607 128.290726 43.075397 -63.248775 -6.176086 31.419519 0.08386 -0.001176 -3.350683 0.910608 4.678325 17.636623 -26.322731 52.411182 -19.466656 -14.395594 29.410378 -1e-06 -8.774819 -3e-06 16.114918 -18.117235 6.059352 -0.609777 -1.795653 -3.889327 -4.807087 -11.046809 -2.93785 4e-06 -20.976015 4e-06 -5.019969 -25.033556 -4.031881 6e-06 0.0 0.0 -10.634531 -5.686969 -3.565587 10.573271 -17.922947 -3.113899 2e-06 -13.821206 1e-06 -0.501778 -31.181505 -4.027011 -10.992163 -59.572876 6.885182 -13.982712 -7.150197 -2.875041 13.772725 -8.401491 -3.218241 0.347734 -34.211552 0.771655 -0.963029 -17.73337 2.621019 1e-06 -0.0 -1e-06 -17.346413 -20.095211 -4.20178 21.757551 -1.638376 3.866426 0.0 -6.338821 2e-06 -1.697587 -22.591742 -6.194004 -2e-06 -3e-06 -2e-06 46.6651 -72.496613 155.015549 45.725014 -54.33939 -5.654701 25.890831 -0.189406 0.036132 -2.674726 -1.946508 4.202668 22.182116 -20.375891 49.933319 -16.701809 -16.743528 28.476526 -3e-06 -12.6906 1e-06 16.169115 -17.552496 2.59461 -0.10592 -1.513856 -4.275879 -5.039041 -5.612871 -2.953556 4e-06 -11.020521 -4e-06 -6.111301 -15.89533 -3.840469 0.0 -1e-06 -1e-06 -10.283371 -5.680288 -4.341839 11.028292 -11.302402 -2.372633 -1.38427 -14.238577 -6.320121 -0.62544 -26.924183 -3.827601 -4.391623 -49.90797 -3.603521 -13.708524 -7.363476 -3.72094 18.141146 -14.052736 -3.242674 5e-06 -18.78727 -1e-06 -0.429713 -8.456043 2.555505 1e-06 -0.0 -1e-06 -15.923536 -20.094482 -5.473586 30.419207 -7.190821 1.735928 2e-06 -8.162922 -1e-06 -1.861905 -22.861467 -6.167943 0.0 -4e-06 -2e-06 -171.568924 -7.120905 -1.623876 7.632573 -0.013054 0.089954 -82.307907 0.874434 -7.878721 -4.239421 1.418634 2.165603 -1.0 0.0 0.0 5.916496 -1.131579 -5.276146 12.338299 -0.02695 0.073377 -83.408623 -8.892632 -7.312965 -3.525765 0.672318 1.687661 -1.000001 -0.0 0.0 
0.0 0.0 0.0 0.0 -0.0 0.0 -3.387853 99.211166 3.575794 89.338394 3.161393 93.488159 -5.427544 1.383395 -0.052588 -13.398677 -0.172527 0.409375 24.925953 -0.945969 -1.240107 24.823002 1.110304 2.160608 -2.670342 -0.659785 -0.4953 -37.496571 -2.252188 -0.161656 6e-06 0.0 -0.0 0.050542 0.018491 -0.043517 0.060661 0.025321 -0.046515 0.04041 0.011182 -0.031243 -109.919815 -75.373573 127.506653 43.045425 -63.346535 -6.402369 31.216656 0.01482 -0.014596 -3.340812 1.158175 4.682439 17.636631 -26.322739 52.411201 -19.466663 -14.395598 29.410395 -1e-06 -8.774822 -3e-06 16.092512 -18.108076 6.102906 -0.609777 -1.795654 -3.889329 -4.807088 -11.046813 -2.937852 6e-06 -20.976021 1e-06 -5.019969 -25.033562 -4.031882 5e-06 0.0 -0.0 -10.634536 -5.686972 -3.565588 10.573277 -17.922955 -3.113903 2e-06 -13.821211 1e-06 -0.501779 -31.181507 -4.027012 -10.991053 -59.588879 6.920561 -13.982718 -7.150199 -2.875044 13.772731 -8.401495 -3.218241 0.347734 -34.211559 0.771658 -0.963029 -17.733376 2.621022 0.0 -0.0 -0.0 -17.346418 -20.095221 -4.201782 21.757557 -1.638376 3.866426 2e-06 -6.338823 3e-06 -1.69759 -22.591745 -6.194005 -0.0 0.0 -3e-06 47.113239 -72.389526 154.59465 45.578476 -54.397675 -5.929631 26.004913 -0.13138 0.05336 -2.666005 -1.334312 3.971137 22.182116 -20.3759 49.933323 -16.701809 -16.74353 28.476532 -3e-06 -12.690601 -1e-06 16.173916 -17.524582 2.594735 -0.10592 -1.513856 -4.275882 -5.039041 -5.612871 -2.953557 5e-06 -11.020524 -1e-06 -6.111299 -15.89533 -3.840468 0.0 -0.0 -0.0 -10.28337 -5.680288 -4.341838 11.028294 -11.302406 -2.372633 -1.384269 -14.238582 -6.32012 -0.625439 -26.924191 -3.827599 -4.36014 -49.894363 -3.566406 -13.708525 -7.363475 -3.720937 18.141148 -14.05274 -3.242672 5e-06 -18.78727 1e-06 -0.429712 -8.456046 2.555507 1e-06 0.0 -1e-06 -15.923538 -20.094482 -5.473583 30.419218 -7.190828 1.735928 2e-06 -8.162928 1e-06 -1.861902 -22.861473 -6.167939 -0.0 -3e-06 -2e-06 -171.901154 -7.081441 -1.546289 7.900924 -0.009242 0.0919 -82.31321 0.831223 -7.850792 -4.239305 1.422667 2.161784 -0.999999 0.0 0.0 5.760658 -1.181676 -5.320404 12.240834 -0.02176 0.058762 -83.230019 -8.815799 -7.31601 -3.554573 0.681551 1.692184 -1.000003 -0.0 -0.0 
0.0 0.0 0.0 0.0 -0.0 0.0 -3.273721 99.248352 3.357087 89.327042 3.068293 93.480736 -5.259374 1.369673 -0.014176 -13.330433 -0.169223 0.412036 25.10146 -0.965301 -1.291737 25.672535 0.823896 2.15709 -2.683641 -0.672767 -0.494392 -36.581253 -2.283003 -0.221 6e-06 -0.0 -0.0 0.046277 0.020056 -0.043213 0.051416 0.037286 -0.038188 0.034982 0.001854 -0.038583 -109.230598 -75.439743 126.853188 43.162457 -63.324356 -6.621706 30.995665 -0.038281 -0.01845 -3.338756 1.294343 4.748849 17.636631 -26.322729 52.411182 -19.46666 -14.395597 29.410385 -1e-06 -8.774822 -2e-06 16.117844 -18.096088 6.116327 -0.609776 -1.795655 -3.889328 -4.807088 -11.046813 -2.937851 5e-06 -20.976019 0.0 -5.019969 -25.033556 -4.031882 7e-06 -2e-06 1e-06 -10.634535 -5.686972 -3.565588 10.573275 -17.922951 -3.113901 4e-06 -13.82121 -0.0 -0.501778 -31.181505 -4.027014 -11.004296 -59.656231 6.956707 -13.982714 -7.150198 -2.875041 13.772728 -8.401493 -3.21824 0.347734 -34.211555 0.771657 -0.963029 -17.73337 2.621018 0.0 0.0 0.0 -17.346418 -20.095221 -4.20178 21.757557 -1.638376 3.866428 1e-06 -6.338825 3e-06 -1.697588 -22.591745 -6.194006 -1e-06 -4e-06 -1e-06 47.859268 -72.474342 153.853271 45.706238 -54.484142 -6.363776 26.261021 -0.091995 0.062518 -2.624466 -0.742468 3.911 22.18211 -20.375896 49.933319 -16.701809 -16.743528 28.47653 -5e-06 -12.690598 -2e-06 16.180912 -17.493786 2.587276 -0.105918 -1.513854 -4.275879 -5.039041 -5.61287 -2.953559 5e-06 -11.020519 -2e-06 -6.111295 -15.895328 -3.840467 -0.0 1e-06 -0.0 -10.28337 -5.680287 -4.341841 11.028293 -11.302402 -2.372632 -1.384268 -14.238578 -6.320121 -0.625438 -26.924179 -3.827601 -4.358869 -49.873653 -3.524909 -13.708519 -7.363472 -3.720941 18.141146 -14.052736 -3.242674 6e-06 -18.787262 0.0 -0.42971 -8.456041 2.555499 1e-06 -0.0 -0.0 -15.923526 -20.094477 -5.47359 30.419205 -7.190826 1.735927 3e-06 -8.162922 -0.0 -1.861901 -22.861465 -6.16794 1e-06 -5e-06 -1e-06 -172.293289 -7.005647 -1.468678 8.227144 -0.008085 0.091871 -82.324051 0.758548 -7.78591 -4.199679 1.432352 2.160973 -1.0 0.0 -0.0 5.527507 -1.264724 -5.338779 12.213037 -0.01852 0.037509 -83.04631 -8.734853 -7.324748 -3.579366 0.677462 1.692477 -1.0 -0.0 -0.0 
0.0 0.0 0.0 0.0 -0.0 0.0 -3.136412 99.284546 3.104916 89.340134 2.975321 93.460335 -5.059482 1.349215 0.028732 -13.256829 -0.16237 0.415829 25.309626 -1.036725 -1.325275 26.747204 0.498202 2.154342 -2.700032 -0.700277 -0.519699 -35.507164 -2.29018 -0.299624 6e-06 -0.0 -0.0 0.038706 0.021116 -0.045829 0.044358 0.047446 -0.03089 0.032316 -0.006706 -0.05086 -108.705986 -75.511543 126.374878 43.362202 -63.211552 -6.837168 30.789183 -0.076087 -0.002783 -3.326706 1.3627 4.783144 17.636627 -26.322729 52.411186 -19.466661 -14.395598 29.410389 -1e-06 -8.774822 -2e-06 16.133778 -18.072006 6.136265 -0.609777 -1.795654 -3.889326 -4.807088 -11.046811 -2.93785 5e-06 -20.976017 1e-06 -5.01997 -25.033556 -4.031881 5e-06 -1e-06 1e-06 -10.634535 -5.68697 -3.565588 10.573275 -17.922951 -3.113902 2e-06 -13.821208 1e-06 -0.501777 -31.181505 -4.027014 -11.002026 -59.725826 6.987346 -13.982713 -7.150198 -2.87504 13.77273 -8.401493 -3.218242 0.347735 -34.211555 0.771655 -0.963029 -17.73337 2.621019 0.0 -1e-06 -0.0 -17.346413 -20.095215 -4.201782 21.757555 -1.638377 3.866428 2e-06 -6.338825 3e-06 -1.69759 -22.59174 -6.194005 -0.0 -5e-06 -0.0 48.921623 -72.708694 152.791611 46.062943 -54.613529 -7.047878 26.622574 -0.090803 0.062265 -2.566219 -0.144481 3.962718 22.18211 -20.375891 49.933319 -16.701811 -16.743528 28.476528 -3e-06 -12.690601 -2e-06 16.174141 -17.459986 2.577486 -0.105919 -1.513856 -4.275879 -5.039042 -5.612871 -2.953557 4e-06 -11.020521 -2e-06 -6.111297 -15.89533 -3.840468 0.0 2e-06 -2e-06 -10.28337 -5.680288 -4.341835 11.028295 -11.302402 -2.372633 -1.38427 -14.238577 -6.320122 -0.625436 -26.924185 -3.827604 -4.360511 -49.849251 -3.486016 -13.708526 -7.363476 -3.720939 18.141148 -14.052737 -3.242674 4e-06 -18.787266 -2e-06 -0.429711 -8.456042 2.5555 -0.0 2e-06 -1e-06 -15.923536 -20.094482 -5.473582 30.41921 -7.190825 1.735927 1e-06 -8.162922 -1e-06 -1.8619 -22.861467 -6.167943 1e-06 -3e-06 -1e-06 -172.737457 -6.884536 -1.368421 8.62304 -0.004879 0.086149 -82.344765 0.659232 -7.697936 -4.125822 1.439486 2.162673 -1.000001 -0.0 -0.0 5.206968 -1.401608 -5.379392 12.32233 -0.016413 0.012957 -82.897301 -8.608185 -7.358124 -3.610356 0.668493 1.691046 -1.000004 -0.0 -0.0 
0.0 0.0 0.0 0.0 -0.0 0.0 -2.98182 99.316643 2.834776 89.376823 2.890357 93.437561 -4.843077 1.322793 0.070873 -13.182891 -0.150195 0.433711 25.546343 -1.140973 -1.346722 28.047733 0.109164 2.162092 -2.71842 -0.736209 -0.587627 -34.21172 -2.297257 -0.396931 6e-06 -0.0 -0.0 0.028472 0.023114 -0.049946 0.042457 0.055129 -0.023606 0.033984 -0.010909 -0.066312 -108.309196 -75.571617 126.033546 43.609386 -63.028339 -7.022396 30.620989 -0.097753 0.020964 -3.274967 1.395663 4.723196 17.636631 -26.322737 52.411198 -19.466654 -14.395598 29.410385 0.0 -8.774822 -2e-06 16.124496 -18.04937 6.166241 -0.609777 -1.795653 -3.889328 -4.807091 -11.046809 -2.93785 0.0 -20.976011 4e-06 -5.019974 -25.033552 -4.031881 5e-06 0.0 1e-06 -10.634534 -5.68697 -3.565589 10.57327 -17.922949 -3.113896 2e-06 -13.821206 2e-06 -0.501786 -31.181498 -4.027013 -10.974431 -59.768158 6.997651 -13.982717 -7.150198 -2.875041 13.77273 -8.401489 -3.21824 0.347728 -34.211544 0.771659 -0.963033 -17.73337 2.621022 -0.0 -0.0 1e-06 -17.346422 -20.095217 -4.201779 21.757557 -1.638372 3.866428 1e-06 -6.338824 2e-06 -1.697592 -22.591742 -6.194005 -1e-06 -4e-06 -2e-06 50.266148 -73.038971 151.438309 46.571789 -54.790726 -7.951414 27.051491 -0.10841 0.051866 -2.504652 0.473565 4.021078 22.182116 -20.375891 49.933319 -16.701811 -16.74353 28.476528 -3e-06 -12.690603 -1e-06 16.154013 -17.422474 2.565405 -0.10592 -1.513856 -4.275882 -5.039041 -5.612872 -2.953559 5e-06 -11.020525 -2e-06 -6.111298 -15.895332 -3.840468 0.0 0.0 -0.0 -10.283371 -5.680288 -4.341839 11.028295 -11.302405 -2.372633 -1.384269 -14.238581 -6.320119 -0.625437 -26.924187 -3.827604 -4.344797 -49.822941 -3.472077 -13.708526 -7.363477 -3.720938 18.141148 -14.052738 -3.242672 6e-06 -18.78727 -2e-06 -0.429711 -8.456045 2.555501 0.0 2e-06 -1e-06 -15.923536 -20.094486 -5.473586 30.419218 -7.190826 1.735927 2e-06 -8.162925 -1e-06 -1.861901 -22.861471 -6.167948 0.0 -5e-06 -1e-06 -173.213593 -6.724165 -1.244295 9.078756 -0.001823 0.07652 -82.380463 0.546869 -7.590728 -4.04728 1.435599 2.163238 -0.999999 -0.0 -0.0 4.826386 -1.585511 -5.452279 12.55346 -0.015021 -0.007225 -82.790703 -8.4381 -7.414298 -3.637708 0.66122 1.690241 -1.000001 -0.0 -0.0 
0.0 0.0 0.0 0.0 -0.0 0.0 -2.794568 99.349823 2.543657 89.437935 2.803349 93.434547 -4.620437 1.293417 0.106497 -13.104053 -0.133944 0.472524 25.805437 -1.26376 -1.369136 29.594885 -0.385134 2.171517 -2.732101 -0.777793 -0.686935 -32.54628 -2.297837 -0.52232 6e-06 0.0 -0.0 0.017909 0.026852 -0.054207 0.047197 0.062468 -0.014902 0.040801 -0.011265 -0.083516 -107.991524 -75.618515 125.772675 43.962799 -62.792526 -7.264194 30.462193 -0.136994 0.035492 -3.212876 1.412876 4.754986 17.636631 -26.322733 52.411194 -19.46666 -14.3956 29.410389 0.0 -8.774822 -5e-06 16.121258 -18.038099 6.196237 -0.609777 -1.795653 -3.889329 -4.807091 -11.046811 -2.93785 2e-06 -20.976015 2e-06 -5.019974 -25.033554 -4.03188 7e-06 -1e-06 -1e-06 -10.634534 -5.686971 -3.56559 10.573271 -17.922947 -3.1139 2e-06 -13.821209 0.0 -0.501779 -31.181505 -4.027017 -10.934143 -59.799183 6.995196 -13.982714 -7.150198 -2.875042 13.772729 -8.40149 -3.218241 0.347729 -34.211555 0.771656 -0.96303 -17.733372 2.621019 1e-06 -1e-06 -1e-06 -17.346422 -20.095219 -4.201783 21.757559 -1.638375 3.866429 1e-06 -6.338823 2e-06 -1.69759 -22.591742 -6.194006 -1e-06 -2e-06 -1e-06 51.950829 -73.434517 149.760727 47.255222 -55.001621 -9.055725 27.527323 -0.113626 0.03445 -2.422863 1.149133 4.088879 22.182114 -20.375896 49.933319 -16.701809 -16.74353 28.47653 -3e-06 -12.6906 1e-06 16.15852 -17.407782 2.55929 -0.105919 -1.513855 -4.275885 -5.039042 -5.61287 -2.953557 5e-06 -11.02052 -2e-06 -6.111294 -15.895328 -3.84047 -1e-06 0.0 1e-06 -10.283369 -5.680288 -4.341838 11.028292 -11.302402 -2.372634 -1.384268 -14.238577 -6.32012 -0.625438 -26.924179 -3.827603 -4.353861 -49.840069 -3.423795 -13.708524 -7.363474 -3.720937 18.141148 -14.052736 -3.242674 5e-06 -18.787268 0.0 -0.42971 -8.456041 2.555502 -1e-06 2e-06 -2e-06 -15.923532 -20.094481 -5.473588 30.41921 -7.190824 1.735926 1e-06 -8.162922 0.0 -1.861902 -22.861467 -6.167938 -0.0 -3e-06 -1e-06 -173.717178 -6.516537 -1.106705 9.548869 -0.000433 0.071482 -82.402031 0.437091 -7.449675 -3.996387 1.428764 2.163005 -1.0 0.0 -0.0 4.359244 -1.85848 -5.548122 12.817327 -0.012332 -0.026724 -82.660934 -8.247469 -7.512035 -3.659286 0.653228 1.688612 -1.000002 -0.0 -0.0 
0.0 0.0 0.0 0.0 -0.0 0.0 -2.557399 99.376366 2.229362 89.551575 2.70839 93.465714 -4.382658 1.249012 0.132267 -13.017763 -0.120075 0.525835 26.078037 -1.412574 -1.387521 31.372763 -0.993447 2.172623 -2.735998 -0.820362 -0.809196 -30.535269 -2.289964 -0.709474 6e-06 -0.0 -0.0 0.007317 0.030833 -0.0399 0.062146 0.067398 0.012535 0.054242 -0.008621 -0.08209 -107.675552 -75.658165 125.543144 44.550907 -62.514919 -7.723885 30.275633 -0.195334 0.033459 -3.184144 1.449542 4.842213 17.636631 -26.322729 52.411186 -19.466663 -14.395598 29.410389 -1e-06 -8.774822 -3e-06 16.11771 -18.034279 6.219888 -0.609776 -1.795653 -3.889326 -4.807087 -11.046811 -2.937853 6e-06 -20.976019 1e-06 -5.019969 -25.03356 -4.031882 6e-06 -2e-06 1e-06 -10.634535 -5.68697 -3.565587 10.573275 -17.922949 -3.113901 4e-06 -13.821211 -0.0 -0.501776 -31.181507 -4.027015 -10.912027 -59.812973 6.989947 -13.982713 -7.150197 -2.875042 13.772731 -8.401493 -3.218241 0.347736 -34.211555 0.771655 -0.963029 -17.733372 2.621022 0.0 -1e-06 -1e-06 -17.346416 -20.095215 -4.201779 21.757559 -1.638376 3.866424 2e-06 -6.338824 1e-06 -1.69759 -22.591742 -6.194004 -1e-06 -3e-06 -1e-06 53.917896 -73.857773 147.812469 48.08147 -55.243984 -10.356227 28.050898 -0.116276 0.010348 -2.291958 1.885573 4.250881 22.182116 -20.375891 49.933319 -16.701817 -16.743528 28.476528 -4e-06 -12.6906 -2e-06 16.1817 -17.408989 2.553622 -0.10592 -1.513857 -4.275881 -5.03904 -5.612872 -2.953558 6e-06 -11.020525 -3e-06 -6.111294 -15.895334 -3.840471 -0.0 1e-06 -1e-06 -10.283369 -5.680289 -4.341836 11.028294 -11.302407 -2.372634 -1.384268 -14.238583 -6.320124 -0.625436 -26.924191 -3.827603 -4.394142 -49.863926 -3.364344 -13.708524 -7.363476 -3.72094 18.14115 -14.052739 -3.242674 8e-06 -18.787271 -3e-06 -0.429709 -8.456045 2.555502 1e-06 0.0 -2e-06 -15.923532 -20.094482 -5.473586 30.41921 -7.190827 1.735926 3e-06 -8.162924 -2e-06 -1.861899 -22.861467 -6.167944 -0.0 -6e-06 -1e-06 -174.301086 -6.224201 -0.956946 10.126233 0.001117 0.064775 -82.449379 0.354385 -7.282485 -3.970737 1.421491 2.162812 -1.0 -0.0 -0.0 3.866633 -2.178856 -5.65439 13.255557 -0.007137 -0.043011 -82.648682 -8.07866 -7.618826 -3.653333 0.647661 1.689621 -1.000003 -0.0 -0.0 
0.0 0.0 0.0 0.0 -0.0 0.0 -2.271808 99.398483 1.892122 89.725647 2.605085 93.498367 -4.129173 1.180198 0.152412 -12.935012 -0.105352 0.594831 26.384443 -1.580106 -1.424037 33.316936 -1.671683 2.168215 -2.723331 -0.876505 -0.895707 -28.426096 -2.241821 -0.955778 6e-06 0.0 -0.0 -0.002707 0.028817 -0.005783 0.078282 0.059864 0.054572 0.067959 -0.005551 -0.055286 -107.287109 -75.678627 125.277046 45.45105 -62.198967 -8.399282 30.006237 -0.220406 0.028173 -3.198816 1.535305 5.027866 17.636635 -26.322737 52.411213 -19.466667 -14.3956 29.410398 -2e-06 -8.774822 -2e-06 16.092354 -18.032742 6.254241 -0.609777 -1.795654 -3.889329 -4.807091 -11.046812 -2.937851 4e-06 -20.976021 1e-06 -5.019969 -25.033562 -4.031884 7e-06 -0.0 1e-06 -10.634537 -5.686972 -3.565588 10.573277 -17.922953 -3.113903 4e-06 -13.821211 -0.0 -0.501778 -31.181505 -4.027017 -10.92246 -59.810806 7.021834 -13.982718 -7.1502 -2.875045 13.772735 -8.401496 -3.218243 0.347736 -34.211559 0.771654 -0.963029 -17.733376 2.62102 0.0 -1e-06 -2e-06 -17.346422 -20.095222 -4.201785 21.757566 -1.638376 3.866431 1e-06 -6.338826 -0.0 -1.697588 -22.591745 -6.194007 -1e-06 -3e-06 -1e-06 56.152618 -74.328178 145.613174 49.025738 -55.56319 -11.887973 28.665741 -0.112203 -0.019684 -2.136409 2.708338 4.369509 22.182119 -20.375895 49.933323 -16.701811 -16.74353 28.476532 -3e-06 -12.690601 0.0 16.195465 -17.407207 2.550449 -0.105918 -1.513856 -4.275881 -5.039041 -5.612871 -2.953558 3e-06 -11.020523 -1e-06 -6.111299 -15.89533 -3.84047 0.0 1e-06 -0.0 -10.283369 -5.680287 -4.341839 11.028294 -11.302404 -2.372633 -1.38427 -14.238577 -6.320122 -0.625438 -26.924187 -3.827602 -4.43567 -49.866222 -3.323517 -13.708524 -7.363478 -3.720942 18.141148 -14.052739 -3.242672 5e-06 -18.787268 -1e-06 -0.429712 -8.456043 2.555504 0.0 1e-06 -0.0 -15.923536 -20.094482 -5.473588 30.41921 -7.190826 1.735928 2e-06 -8.162925 1e-06 -1.861903 -22.861467 -6.167942 -1e-06 -4e-06 -3e-06 -174.899536 -5.831126 -0.825799 10.691964 0.002345 0.060989 -82.47731 0.319834 -7.069722 -3.981397 1.409235 2.160964 -0.999999 -0.0 0.0 3.290722 -2.601239 -5.770949 13.822387 -0.008825 -0.055619 -82.565765 -7.889051 -7.80116 -3.637284 0.64864 1.692827 -1.000002 0.0 0.0 
0.0 0.0 0.0 0.0 -0.0 0.0 -1.954282 99.414772 1.54605 89.965477 2.49958 93.518784 -3.853224 1.094892 0.176841 -12.84435 -0.096864 0.658403 26.683067 -1.761741 -1.467402 35.299896 -2.365829 2.160618 -2.706395 -0.92785 -0.968708 -26.430143 -2.167032 -1.209362 6e-06 0.0 -0.0 -0.015039 0.01851 0.033 0.080819 0.038647 0.091737 0.067083 -0.005315 -0.014647 -106.821899 -75.712372 124.943764 46.63332 -61.907825 -9.370526 29.607344 -0.241113 0.03774 -3.226374 1.701491 5.25196 17.636631 -26.322729 52.411201 -19.466663 -14.395598 29.410389 -1e-06 -8.774822 -1e-06 16.075428 -18.034452 6.257297 -0.609776 -1.795654 -3.889328 -4.807088 -11.046811 -2.937852 4e-06 -20.976019 0.0 -5.019973 -25.03356 -4.031883 7e-06 3e-06 -0.0 -10.634536 -5.686971 -3.565588 10.573277 -17.922951 -3.113901 3e-06 -13.821209 -0.0 -0.501777 -31.181505 -4.027017 -10.953806 -59.769032 7.048645 -13.982716 -7.150198 -2.875042 13.772731 -8.401491 -3.218243 0.347733 -34.211555 0.771655 -0.963027 -17.733372 2.621019 0.0 1e-06 -1e-06 -17.346422 -20.095221 -4.201782 21.757561 -1.638375 3.866426 1e-06 -6.338826 3e-06 -1.69759 -22.591747 -6.194007 -1e-06 -3e-06 -2e-06 58.693462 -74.868774 143.097 50.065727 -56.00423 -13.514838 29.351095 -0.089787 -0.049588 -1.959477 3.553667 4.474609 22.182112 -20.375883 49.933308 -16.701817 -16.74353 28.476524 -4e-06 -12.690601 -0.0 16.203806 -17.398727 2.545265 -0.105919 -1.513855 -4.275884 -5.039041 -5.61287 -2.953553 4e-06 -11.020523 -1e-06 -6.111298 -15.895332 -3.84047 0.0 -0.0 1e-06 -10.283368 -5.680288 -4.341839 11.028291 -11.302404 -2.372629 -1.384269 -14.238578 -6.320122 -0.625437 -26.924187 -3.827599 -4.471714 -49.826233 -3.318478 -13.708524 -7.363475 -3.720939 18.141148 -14.052736 -3.242673 6e-06 -18.787266 -5e-06 -0.429711 -8.456043 2.555503 1e-06 2e-06 -1e-06 -15.923534 -20.094482 -5.473584 30.41921 -7.190826 1.735929 1e-06 -8.162921 -1e-06 -1.861903 -22.861467 -6.167944 0.0 -4e-06 -1e-06 -175.451431 -5.34044 -0.726398 11.15894 0.004867 0.062307 -82.459358 0.30774 -6.806505 -3.99142 1.393493 2.158423 -1.0 0.0 -0.0 2.660505 -3.127288 -5.904188 14.492393 -0.014417 -0.062972 -82.696205 -7.715121 -7.992769 -3.641619 0.651267 1.69575 -1.000003 -1e-06 -0.0 
0.0 0.0 0.0 0.0 -0.0 0.0 -1.611746 99.422974 1.187806 90.295074 2.403147 93.540352 -3.544129 0.987471 0.209372 -12.725677 -0.094028 0.69588 26.96167 -1.969759 -1.49889 37.257751 -3.060884 2.137723 -2.684878 -0.963736 -1.037044 -24.492661 -2.086628 -1.503176 7e-06 0.0 -0.0 -0.030266 0.002383 0.069134 0.05938 0.011039 0.115072 0.039752 -0.010149 0.034317 -106.239929 -75.784607 124.492355 48.180817 -61.679996 -10.842853 29.016079 -0.287501 0.038902 -3.251975 1.980323 5.497909 17.636627 -26.322723 52.411182 -19.466665 -14.395597 29.410385 -1e-06 -8.774822 -2e-06 16.083008 -18.041744 6.224916 -0.609776 -1.795654 -3.889329 -4.80709 -11.046809 -2.937852 4e-06 -20.976017 0.0 -5.019972 -25.03356 -4.031881 6e-06 2e-06 -1e-06 -10.634533 -5.686971 -3.565588 10.573272 -17.922949 -3.113901 3e-06 -13.821205 -2e-06 -0.501777 -31.181498 -4.027018 -10.983594 -59.681961 7.040425 -13.982714 -7.150198 -2.875043 13.77273 -8.401491 -3.21824 0.347736 -34.211544 0.771652 -0.963028 -17.73337 2.621019 1e-06 -1e-06 -2e-06 -17.34642 -20.095217 -4.201783 21.757563 -1.638375 3.866426 1e-06 -6.338823 2e-06 -1.69759 -22.591738 -6.194004 -1e-06 -2e-06 -1e-06 61.728367 -75.479416 140.076416 51.256363 -56.558975 -15.168785 30.073887 -0.074536 -0.07131 -1.687533 4.349568 4.531943 22.18211 -20.375891 49.933319 -16.701817 -16.74353 28.47653 -5e-06 -12.690601 -0.0 16.215471 -17.389339 2.543247 -0.10592 -1.513856 -4.275882 -5.03904 -5.612871 -2.953554 5e-06 -11.020525 -4e-06 -6.111297 -15.895334 -3.840469 -0.0 -1e-06 -0.0 -10.28337 -5.680286 -4.341838 11.028296 -11.302405 -2.372633 -1.384269 -14.238578 -6.320121 -0.625435 -26.924191 -3.827599 -4.505167 -49.763985 -3.339232 -13.708523 -7.363472 -3.720938 18.14115 -14.052739 -3.242677 9e-06 -18.78727 -4e-06 -0.429711 -8.456043 2.555503 1e-06 0.0 0.0 -15.923534 -20.094481 -5.473584 30.41921 -7.190829 1.735926 2e-06 -8.162924 -2e-06 -1.861902 -22.861467 -6.16794 0.0 -4e-06 -1e-06 -175.927872 -4.731684 -0.63657 11.487427 0.01113 0.072744 -82.374496 0.278765 -6.533172 -3.972467 1.364303 2.154512 -1.0 0.0 -0.0 1.973159 -3.787093 -6.03606 15.301457 -0.019432 -0.066651 -82.820679 -7.54032 -8.211597 -3.640711 0.655898 1.701221 -1.000003 0.0 -0.0 
0.0 0.0 0.0 0.0 -0.0 0.0 -1.229006 99.413803 0.809104 90.761902 2.316231 93.564743 -3.209836 0.834136 0.242005 -12.569076 -0.096028 0.703628 27.2286 -2.211913 -1.526333 39.142162 -3.765245 2.101138 -2.65769 -0.973196 -1.15467 -22.552317 -1.976536 -1.87633 5e-06 1e-06 0.0 -0.044171 -0.013625 0.09223 0.015051 -0.008739 0.113875 -0.012035 -0.022305 0.081442 -105.657478 -75.895889 124.050102 50.116573 -61.468315 -12.73315 28.199842 -0.342649 0.04225 -3.360132 2.300822 5.755866 17.636621 -26.322733 52.411194 -19.466656 -14.395598 29.410389 -1e-06 -8.774822 -1e-06 16.130787 -18.061274 6.160023 -0.609776 -1.795653 -3.889326 -4.807089 -11.046809 -2.937851 4e-06 -20.976015 0.0 -5.019972 -25.033552 -4.031878 6e-06 1e-06 0.0 -10.634532 -5.68697 -3.565589 10.573271 -17.922947 -3.113899 3e-06 -13.821206 0.0 -0.501779 -31.181498 -4.027012 -11.037718 -59.597214 7.015882 -13.982712 -7.150197 -2.875041 13.77273 -8.401491 -3.218243 0.347732 -34.211544 0.771655 -0.963029 -17.73337 2.62102 1e-06 -1e-06 -1e-06 -17.346415 -20.095213 -4.201784 21.757557 -1.638375 3.866428 1e-06 -6.338823 3e-06 -1.697589 -22.59174 -6.194005 -1e-06 -3e-06 -2e-06 65.318092 -76.165192 136.504181 52.580578 -57.210358 -16.823671 30.818941 -0.088493 -0.075946 -1.247267 4.970384 4.557771 22.182112 -20.375891 49.933304 -16.701805 -16.743525 28.476519 -2e-06 -12.690599 -2e-06 16.217817 -17.39567 2.551449 -0.10592 -1.513855 -4.275879 -5.039039 -5.612869 -2.953555 3e-06 -11.020519 -1e-06 -6.111297 -15.895328 -3.840471 0.0 1e-06 -0.0 -10.283368 -5.680287 -4.341839 11.028291 -11.302401 -2.37263 -1.38427 -14.238574 -6.320121 -0.625438 -26.924181 -3.827602 -4.524809 -49.696304 -3.387465 -13.708523 -7.363473 -3.720938 18.141146 -14.052732 -3.242671 6e-06 -18.787262 -3e-06 -0.429712 -8.456041 2.555503 0.0 1e-06 0.0 -15.923531 -20.094475 -5.473583 30.419205 -7.190823 1.735929 2e-06 -8.162921 -2e-06 -1.861902 -22.861462 -6.167938 0.0 -5e-06 -1e-06 -176.353119 -3.943411 -0.557662 11.727245 0.018085 0.084658 -82.240891 0.24357 -6.229408 -3.927752 1.329983 2.151407 -0.999999 -0.0 -0.0 1.161019 -4.647671 -6.14021 16.387583 -0.029275 -0.065493 -83.066406 -7.382239 -8.413976 -3.639806 0.663143 1.711361 -1.000003 0.0 0.0 
0.0 0.0 0.0 0.0 -0.0 0.0 -0.812058 99.374626 0.445884 91.373909 2.283568 93.598854 -2.879913 0.637886 0.280921 -12.401892 -0.105463 0.701896 27.534269 -2.473831 -1.582652 40.767246 -4.410506 2.046765 -2.623944 -0.944378 -1.391935 -20.824558 -1.871548 -2.250897 8e-06 0.0 0.0 -0.05413 -0.020245 0.092404 -0.029924 -0.004972 0.087999 -0.065451 -0.039166 0.107246 -105.37616 -75.984787 123.949135 52.304497 -61.126213 -14.739257 27.219807 -0.387843 0.047387 -3.628071 2.46783 5.939203 17.636621 -26.322733 52.411201 -19.46666 -14.3956 29.410389 -1e-06 -8.774821 -3e-06 16.253302 -18.102781 6.063465 -0.609775 -1.795654 -3.889328 -4.807088 -11.046808 -2.937852 5e-06 -20.976017 1e-06 -5.019971 -25.033552 -4.031878 8e-06 0.0 -0.0 -10.634532 -5.686968 -3.565587 10.573272 -17.922947 -3.113903 3e-06 -13.821205 1e-06 -0.501777 -31.181498 -4.027013 -11.135884 -59.573845 7.028227 -13.982711 -7.150196 -2.875041 13.772727 -8.401491 -3.218243 0.347733 -34.21154 0.771655 -0.96303 -17.733366 2.621021 2e-06 1e-06 -1e-06 -17.346413 -20.095211 -4.201779 21.757555 -1.638374 3.866426 1e-06 -6.338822 1e-06 -1.697588 -22.59174 -6.194007 -1e-06 -3e-06 0.0 69.00489 -76.837914 132.886307 53.910275 -57.743568 -18.218557 31.397003 -0.108742 -0.067199 -0.702941 5.274477 4.607472 22.182117 -20.375898 49.933319 -16.701817 -16.74353 28.476528 -5e-06 -12.690601 1e-06 16.215193 -17.433271 2.570815 -0.105918 -1.513856 -4.27588 -5.03904 -5.612872 -2.953554 5e-06 -11.020523 -4e-06 -6.111297 -15.89533 -3.840469 0.0 -1e-06 -0.0 -10.283369 -5.680287 -4.341837 11.028296 -11.302406 -2.372629 -1.384269 -14.23858 -6.32012 -0.625437 -26.924192 -3.827601 -4.551827 -49.655609 -3.419395 -13.708525 -7.363474 -3.72094 18.141148 -14.05274 -3.242674 7e-06 -18.78727 -2e-06 -0.429711 -8.456047 2.555506 1e-06 0.0 -1e-06 -15.923534 -20.094482 -5.473584 30.41921 -7.19083 1.735924 2e-06 -8.162924 -1e-06 -1.8619 -22.861469 -6.167941 0.0 -3e-06 -2e-06 -176.675613 -2.980868 -0.541129 11.922232 0.019646 0.085656 -82.104004 0.261105 -5.818447 -3.860657 1.310831 2.15531 -0.999999 -0.0 -0.0 0.296457 -5.705142 -6.184893 17.74996 -0.04518 -0.062136 -83.45401 -7.288268 -8.610048 -3.663731 0.662264 1.719477 -1.000001 -0.0 -0.0 
0.0 0.0 0.0 0.0 -0.0 0.0 -0.352632 99.305939 0.101401 92.125267 2.333834 93.683556 -2.574429 0.408464 0.340986 -12.229821 -0.124073 0.68412 27.921659 -2.756335 -1.661258 42.192696 -4.973604 1.975716 -2.587099 -0.880127 -1.736705 -19.175438 -1.785706 -2.623968 5e-06 -0.0 -0.0 -0.063128 -0.015356 0.076717 -0.07523 0.021118 0.04831 -0.119209 -0.055405 0.115389 -105.636688 -76.009712 124.425255 54.684044 -60.568233 -16.889126 26.059338 -0.425661 0.04191 -4.09228 2.487981 6.073078 17.636644 -26.322737 52.411194 -19.466669 -14.395598 29.410395 -1e-06 -8.774824 -1e-06 16.423265 -18.163689 5.953088 -0.609776 -1.795654 -3.88933 -4.80709 -11.046814 -2.93785 4e-06 -20.976025 -0.0 -5.019973 -25.033564 -4.031882 6e-06 1e-06 -1e-06 -10.634537 -5.686973 -3.565588 10.573277 -17.922958 -3.113901 4e-06 -13.821213 -1e-06 -0.501776 -31.181511 -4.027017 -11.255608 -59.57317 7.071787 -13.982718 -7.150201 -2.875044 13.772733 -8.401497 -3.218243 0.347732 -34.211559 0.771653 -0.963028 -17.733376 2.62102 2e-06 -2e-06 -1e-06 -17.346426 -20.095224 -4.20178 21.757566 -1.638377 3.866429 2e-06 -6.338825 1e-06 -1.69759 -22.591753 -6.194009 -0.0 -4e-06 -1e-06 72.286644 -77.424568 129.707901 55.133308 -57.977489 -19.131035 31.572311 -0.127274 -0.052258 -0.150609 5.198477 4.818147 22.182123 -20.375891 49.933327 -16.70182 -16.743532 28.476538 -3e-06 -12.690607 -1e-06 16.211788 -17.499748 2.590192 -0.105919 -1.513856 -4.275882 -5.039043 -5.612873 -2.953558 4e-06 -11.020527 -2e-06 -6.1113 -15.895338 -3.84047 -0.0 1e-06 1e-06 -10.283377 -5.680292 -4.341843 11.028299 -11.302409 -2.372634 -1.384271 -14.238587 -6.320124 -0.625437 -26.924202 -3.827608 -4.5661 -49.660225 -3.452172 -13.70853 -7.363479 -3.720941 18.141157 -14.052742 -3.242677 6e-06 -18.787275 -3e-06 -0.42971 -8.456047 2.555502 1e-06 1e-06 0.0 -15.923543 -20.094494 -5.473588 30.419222 -7.190827 1.735926 3e-06 -8.162929 -3e-06 -1.861901 -22.861479 -6.167949 -1e-06 -4e-06 -0.0 -176.859589 -1.853294 -0.560362 12.056471 0.021457 0.057687 -81.957443 0.366433 -5.295833 -3.808627 1.314018 2.16292 -0.999998 0.0 0.0 -0.525621 -6.961194 -6.245447 19.272543 -0.059291 -0.040203 -83.931084 -7.235948 -8.857368 -3.701719 0.655011 1.72566 -1.000002 -0.0 -0.0 
0.0 0.0 0.0 0.0 -0.0 0.0 0.129869 99.210114 -0.207947 92.925484 2.491092 93.809914 -2.302243 0.178857 0.41569 -12.06899 -0.146523 0.655214 28.40267 -3.028169 -1.744527 43.458416 -5.400793 1.898405 -2.556781 -0.791812 -2.113269 -17.639746 -1.731647 -2.974542 7e-06 1e-06 0.0 -0.074153 -0.00522 0.057885 -0.123441 0.057946 0.008759 -0.176529 -0.071844 0.117168 -106.21907 -75.997574 125.225166 57.18285 -59.92881 -19.313101 24.77832 -0.408407 0.032386 -4.772276 2.496237 5.892601 17.636629 -26.322729 52.41119 -19.466663 -14.395596 29.410385 -2e-06 -8.774821 -1e-06 16.623703 -18.241592 5.841769 -0.609776 -1.795653 -3.889327 -4.807087 -11.046811 -2.93785 6e-06 -20.976019 1e-06 -5.019969 -25.033556 -4.03188 7e-06 -0.0 -0.0 -10.634533 -5.686969 -3.565586 10.573275 -17.922951 -3.113902 5e-06 -13.82121 -1e-06 -0.501775 -31.181505 -4.027015 -11.373534 -59.624199 7.118143 -13.982712 -7.150197 -2.87504 13.77273 -8.401493 -3.218241 0.347737 -34.211555 0.771652 -0.963027 -17.73337 2.621022 1e-06 -1e-06 -1e-06 -17.346413 -20.095217 -4.201783 21.757557 -1.638376 3.866429 2e-06 -6.338822 2e-06 -1.697586 -22.591743 -6.194006 -1e-06 -3e-06 -1e-06 74.751884 -77.916199 127.357582 56.1497 -57.835705 -19.551289 31.196795 -0.179123 -0.040796 0.350578 4.830397 5.125735 22.182116 -20.375898 49.933323 -16.701811 -16.743526 28.476528 -4e-06 -12.690601 -2e-06 16.218552 -17.56596 2.58704 -0.105919 -1.513855 -4.275881 -5.039041 -5.612871 -2.953555 5e-06 -11.020523 -2e-06 -6.111296 -15.89533 -3.840468 -1e-06 0.0 1e-06 -10.283367 -5.680285 -4.341839 11.028294 -11.302405 -2.372632 -1.384268 -14.238579 -6.320118 -0.625439 -26.924183 -3.827598 -4.554595 -49.702271 -3.502536 -13.708523 -7.363473 -3.720939 18.14115 -14.052738 -3.242676 6e-06 -18.787266 0.0 -0.429709 -8.456041 2.555501 1e-06 1e-06 -0.0 -15.923531 -20.094479 -5.473588 30.41921 -7.190829 1.735926 4e-06 -8.162924 0.0 -1.8619 -22.861473 -6.167939 -1e-06 -5e-06 -2e-06 -176.996445 -0.6745 -0.587136 12.247312 0.02564 0.003234 -81.847076 0.535738 -4.737356 -3.796196 1.338291 2.170051 -1.0 -0.0 -0.0 -1.22957 -8.319572 -6.364011 20.86327 -0.05706 0.001291 -84.420059 -7.108132 -9.212086 -3.707456 0.646901 1.729583 -1.000002 -0.0 0.0 
0.0 0.0 0.0 0.0 -0.0 0.0 0.613805 99.0924 -0.476056 93.686302 2.714928 93.943253 -2.074325 -0.031742 0.476234 -11.92721 -0.169891 0.621077 28.945133 -3.258773 -1.788357 44.562534 -5.656424 1.848167 -2.530308 -0.719769 -2.456818 -16.420549 -1.693976 -3.268578 7e-06 1e-06 0.0 -0.086573 0.003474 0.043213 -0.145497 0.094244 -0.018538 -0.209619 -0.090527 0.115319 -106.714287 -76.012047 125.880417 59.534592 -59.390232 -21.720892 23.680027 -0.331942 0.026103 -5.489042 2.684198 5.016662 17.636631 -26.322735 52.411194 -19.466658 -14.395598 29.410385 -1e-06 -8.774822 -3e-06 16.769003 -18.304842 5.768368 -0.609777 -1.795654 -3.889327 -4.807089 -11.046809 -2.93785 4e-06 -20.976019 1e-06 -5.01997 -25.033556 -4.03188 5e-06 -1e-06 1e-06 -10.634535 -5.686971 -3.565588 10.573275 -17.922951 -3.113899 3e-06 -13.821211 1e-06 -0.501779 -31.181501 -4.027014 -11.41821 -59.686401 7.126799 -13.982714 -7.150198 -2.875042 13.772731 -8.401492 -3.21824 0.347733 -34.211555 0.771658 -0.963029 -17.73337 2.621021 -1e-06 -1e-06 -0.0 -17.34642 -20.095217 -4.201779 21.757557 -1.638374 3.866428 1e-06 -6.338824 3e-06 -1.69759 -22.591745 -6.194003 -0.0 0.0 -4e-06 76.485176 -78.329453 125.742691 56.957333 -57.407009 -19.725143 30.333986 -0.278618 -0.05882 0.693179 4.463891 5.391158 22.182121 -20.375893 49.933319 -16.701815 -16.743528 28.476532 -3e-06 -12.690601 -4e-06 16.227636 -17.602079 2.560759 -0.105919 -1.513856 -4.275881 -5.039042 -5.612873 -2.953557 4e-06 -11.020526 -3e-06 -6.111297 -15.895334 -3.840472 -0.0 1e-06 -0.0 -10.283371 -5.680289 -4.341837 11.028296 -11.302406 -2.372634 -1.38427 -14.238583 -6.32012 -0.62544 -26.924189 -3.827601 -4.505171 -49.727936 -3.569506 -13.708525 -7.363477 -3.72094 18.141148 -14.052741 -3.242675 7e-06 -18.78727 -3e-06 -0.429711 -8.456043 2.555503 2e-06 1e-06 -0.0 -15.923536 -20.094484 -5.473584 30.419218 -7.190827 1.735926 4e-06 -8.162925 -0.0 -1.8619 -22.861473 -6.167942 -0.0 -4e-06 -2e-06 -177.038834 0.462054 -0.572188 12.640208 0.033327 -0.063514 -81.885277 0.674873 -4.221005 -3.804084 1.372572 2.172089 -1.0 0.0 0.0 -1.98519 -9.696199 -6.584204 22.755699 -0.037353 0.050396 -84.838036 -6.754949 -9.634562 -3.666154 0.64963 1.732698 -1.000001 -0.0 -0.0 
0.0 0.0 0.0 0.0 -0.0 0.0 1.065143 98.978989 -0.68411 94.300232 2.944048 94.061569 -1.918553 -0.194514 0.512665 -11.821837 -0.186071 0.610024 29.488031 -3.410372 -1.788961 45.463688 -5.769672 1.827041 -2.500766 -0.682414 -2.699804 -15.587344 -1.61416 -3.514655 6e-06 -0.0 0.0 -0.097229 0.007029 0.036385 -0.133042 0.117816 -0.029939 -0.209532 -0.106736 0.113874 -107.007561 -76.062492 126.269165 61.382084 -58.993259 -23.639219 23.010675 -0.271294 0.021281 -5.988883 2.899767 3.825735 17.636629 -26.322735 52.411194 -19.466665 -14.395598 29.410389 -2e-06 -8.77482 -2e-06 16.818567 -18.339413 5.755419 -0.609776 -1.795653 -3.889329 -4.807087 -11.04681 -2.93785 7e-06 -20.976019 1e-06 -5.019968 -25.033554 -4.03188 6e-06 -1e-06 0.0 -10.634533 -5.686972 -3.565589 10.573275 -17.922953 -3.113902 3e-06 -13.82121 2e-06 -0.501775 -31.181505 -4.027014 -11.413783 -59.7612 7.162085 -13.982712 -7.150197 -2.875042 13.77273 -8.401493 -3.218241 0.347735 -34.211544 0.771655 -0.963029 -17.73337 2.62102 -1e-06 -1e-06 0.0 -17.346415 -20.095217 -4.20178 21.757555 -1.638375 3.866426 2e-06 -6.338822 2e-06 -1.697587 -22.591745 -6.194005 -0.0 -1e-06 -3e-06 77.690712 -78.631454 124.67601 57.560383 -56.854832 -19.886461 29.245888 -0.365233 -0.104976 0.791071 4.357269 5.51985 22.182114 -20.375895 49.933327 -16.701818 -16.74353 28.476534 -5e-06 -12.6906 -1e-06 16.238384 -17.619041 2.541006 -0.105919 -1.513857 -4.275882 -5.039039 -5.612871 -2.953556 5e-06 -11.020524 -3e-06 -6.111295 -15.895334 -3.840472 -0.0 1e-06 -1e-06 -10.283369 -5.680288 -4.341839 11.028295 -11.302407 -2.372635 -1.384268 -14.23858 -6.32012 -0.625432 -26.924191 -3.827604 -4.424135 -49.742207 -3.622878 -13.708522 -7.363475 -3.72094 18.14115 -14.05274 -3.242678 8e-06 -18.787271 -3e-06 -0.429711 -8.456046 2.555504 -1e-06 1e-06 -1e-06 -15.923532 -20.094482 -5.473587 30.41921 -7.190828 1.735924 4e-06 -8.162926 -0.0 -1.8619 -22.861469 -6.167942 0.0 -5e-06 -3e-06 -177.093323 1.426265 -0.460212 13.120584 0.042188 -0.131436 -82.007042 0.691022 -3.790074 -3.830627 1.401285 2.169243 -0.999999 -0.0 -0.0 -2.475999 -10.871046 -6.868153 24.16304 -0.013506 0.084671 -85.142426 -6.319658 -9.991858 -3.620532 0.661542 1.734561 -1.000003 -0.0 -0.0 
0.0 0.0 0.0 0.0 -0.0 0.0 1.476492 98.906418 -0.836895 94.721893 3.163139 94.169685 -1.803633 -0.290641 0.513922 -11.758138 -0.189611 0.635424 29.979788 -3.468684 -1.758525 46.21553 -5.755699 1.842313 -2.464035 -0.676188 -2.87311 -15.008624 -1.483575 -3.731473 7e-06 1e-06 0.0 -0.106178 0.010632 0.029469 -0.111839 0.130659 -0.040626 -0.200697 -0.111763 0.111691 -106.994209 -76.164032 126.292068 62.736736 -58.675777 -24.827894 22.719414 -0.260729 0.022595 -6.218878 2.802975 2.752792 17.636627 -26.322733 52.411194 -19.466658 -14.3956 29.410389 -1e-06 -8.774822 -1e-06 16.815884 -18.354027 5.763165 -0.609776 -1.795654 -3.889327 -4.807091 -11.046812 -2.937848 2e-06 -20.976019 1e-06 -5.019975 -25.033556 -4.031882 6e-06 -4e-06 -0.0 -10.634537 -5.686972 -3.565588 10.573275 -17.922951 -3.1139 1e-06 -13.821211 3e-06 -0.501778 -31.181511 -4.027018 -11.361074 -59.832451 7.199522 -13.982718 -7.1502 -2.875041 13.772731 -8.401493 -3.218242 0.347731 -34.211555 0.771655 -0.96303 -17.73337 2.621018 1e-06 0.0 1e-06 -17.346426 -20.095221 -4.20178 21.757565 -1.638373 3.866428 1e-06 -6.338824 2e-06 -1.697593 -22.591747 -6.194007 -1e-06 -1e-06 -1e-06 78.669403 -78.789818 123.82402 57.929226 -56.362366 -20.156801 28.260416 -0.417781 -0.142456 0.683518 4.59184 5.401746 22.182116 -20.375891 49.933323 -16.701815 -16.743528 28.476534 -2e-06 -12.690602 -2e-06 16.261362 -17.644083 2.531891 -0.105919 -1.513857 -4.275882 -5.039042 -5.612873 -2.953558 4e-06 -11.020525 -3e-06 -6.111298 -15.895338 -3.840472 0.0 0.0 -2e-06 -10.283371 -5.680291 -4.34184 11.028294 -11.302406 -2.372633 -1.38427 -14.238583 -6.320119 -0.625438 -26.924194 -3.827604 -4.362271 -49.779663 -3.653314 -13.708526 -7.363478 -3.720942 18.141153 -14.052739 -3.242676 4e-06 -18.78727 -3e-06 -0.42971 -8.456044 2.555503 0.0 -1e-06 1e-06 -15.923538 -20.094492 -5.473588 30.419218 -7.190825 1.735926 2e-06 -8.162928 -2e-06 -1.861903 -22.861471 -6.167943 0.0 -5e-06 -3e-06 -177.016724 2.16331 -0.287268 13.347121 0.046962 -0.187042 -82.044342 0.613039 -3.401623 -3.867892 1.414432 2.162741 -1.0 -0.0 0.0 -2.689417 -11.75019 -7.113943 25.009085 0.007667 0.093724 -85.226494 -5.95197 -10.290012 -3.600072 0.670892 1.732147 -1.000002 0.0 -0.0 
0.0 0.0 0.0 0.0 -0.0 0.0 1.855392 98.897514 -0.954513 94.9179 3.377984 94.295525 -1.683266 -0.307018 0.486938 -11.712237 -0.184795 0.672557 30.347187 -3.410307 -1.731215 46.925957 -5.592338 1.858852 -2.42492 -0.673265 -2.983595 -14.499026 -1.31356 -3.907286 5e-06 -0.0 1e-06 -0.111381 0.011748 0.022163 -0.103685 0.134151 -0.056327 -0.205195 -0.111364 0.112994 -106.389473 -76.354057 125.653816 63.733765 -58.414352 -25.474277 22.666843 -0.308737 0.027118 -6.256762 2.293555 2.022025 17.636629 -26.322721 52.411182 -19.46666 -14.395597 29.410381 0.0 -8.774822 -0.0 16.80649 -18.329418 5.74828 -0.609776 -1.795653 -3.889325 -4.80709 -11.046809 -2.93785 3e-06 -20.976015 -2e-06 -5.019972 -25.033554 -4.031884 6e-06 -2e-06 1e-06 -10.634535 -5.686971 -3.565588 10.573272 -17.922951 -3.113901 2e-06 -13.821209 2e-06 -0.501778 -31.181501 -4.027017 -11.264989 -59.862038 7.205502 -13.982715 -7.150199 -2.875041 13.772731 -8.401491 -3.218241 0.347732 -34.211544 0.771655 -0.963028 -17.73337 2.621017 0.0 0.0 -1e-06 -17.34642 -20.095217 -4.20178 21.757557 -1.638373 3.86643 1e-06 -6.338823 1e-06 -1.697591 -22.591745 -6.194008 -0.0 -3e-06 -2e-06 79.796722 -78.823135 122.801788 58.092175 -56.082668 -20.725487 27.652731 -0.44193 -0.15613 0.517543 5.067947 4.827722 22.182112 -20.375898 49.933327 -16.701811 -16.743528 28.476532 -2e-06 -12.690601 -2e-06 16.278576 -17.658886 2.527293 -0.105919 -1.513855 -4.27588 -5.039039 -5.612871 -2.953556 4e-06 -11.020523 -3e-06 -6.111295 -15.89533 -3.840473 0.0 0.0 1e-06 -10.283369 -5.680288 -4.341839 11.028292 -11.302402 -2.372636 -1.38427 -14.238581 -6.320122 -0.62544 -26.924187 -3.8276 -4.32707 -49.809811 -3.675974 -13.708522 -7.363476 -3.72094 18.141146 -14.052737 -3.242675 5e-06 -18.787271 -0.0 -0.429711 -8.456041 2.555506 -1e-06 2e-06 -1e-06 -15.923532 -20.094482 -5.473586 30.41921 -7.190826 1.735926 2e-06 -8.162925 -1e-06 -1.861901 -22.861473 -6.16794 -0.0 -4e-06 -2e-06 -176.751083 2.616247 -0.146435 13.187233 0.048827 -0.213488 -81.918159 0.547965 -3.084496 -3.910781 1.40115 2.150644 -0.999998 -0.0 0.0 -2.606013 -12.266544 -7.280292 25.277811 0.016188 0.086535 -85.017487 -5.746447 -10.584202 -3.676507 0.674558 1.724235 -1.000001 -0.0 -0.0 
0.0 0.0 0.0 0.0 -0.0 0.0 2.186612 98.93795 -1.070126 94.917336 3.576841 94.416794 -1.507854 -0.295775 0.451013 -11.649116 -0.180047 0.677115 30.549788 -3.26829 -1.677686 47.663273 -5.273492 1.824344 -2.387823 -0.65908 -3.020218 -14.026487 -1.095827 -4.036637 8e-06 -0.0 -0.0 -0.112428 0.004893 0.019956 -0.10466 0.12967 -0.067456 -0.220064 -0.118181 0.119427 -104.710289 -76.748528 123.898476 64.430168 -58.233799 -26.022774 22.943634 -0.35991 0.026252 -6.114064 1.828993 1.598739 17.636631 -26.322739 52.411201 -19.466663 -14.395596 29.410393 -1e-06 -8.774821 0.0 16.781851 -18.257624 5.728228 -0.609776 -1.795654 -3.889329 -4.807087 -11.046813 -2.93785 6e-06 -20.976025 1e-06 -5.019969 -25.033562 -4.031881 7e-06 1e-06 1e-06 -10.634535 -5.686971 -3.565589 10.573277 -17.922955 -3.113902 3e-06 -13.821213 2e-06 -0.501775 -31.181511 -4.027016 -11.154673 -59.836563 7.153202 -13.982714 -7.150198 -2.875045 13.77273 -8.401493 -3.21824 0.347735 -34.211555 0.771657 -0.963028 -17.733372 2.62102 -0.0 1e-06 -0.0 -17.346418 -20.095221 -4.201782 21.757557 -1.638376 3.866426 1e-06 -6.338824 2e-06 -1.697589 -22.591742 -6.194006 1e-06 -3e-06 -2e-06 81.177643 -78.754616 121.471581 58.16103 -56.096344 -21.585842 27.528332 -0.433466 -0.16724 0.521599 5.709161 3.804329 22.182119 -20.375898 49.933323 -16.701817 -16.74353 28.476532 -4e-06 -12.690603 -2e-06 16.252291 -17.623648 2.516287 -0.105918 -1.513856 -4.27588 -5.039042 -5.612872 -2.953558 4e-06 -11.020527 -3e-06 -6.111301 -15.895334 -3.840469 0.0 0.0 1e-06 -10.283371 -5.680288 -4.34184 11.028296 -11.302407 -2.372633 -1.38427 -14.238585 -6.32012 -0.625439 -26.924198 -3.827601 -4.309732 -49.726246 -3.710414 -13.708527 -7.363478 -3.720941 18.141153 -14.052744 -3.242676 7e-06 -18.787275 -2e-06 -0.42971 -8.456046 2.555506 -1e-06 0.0 -1e-06 -15.923536 -20.094484 -5.473584 30.419218 -7.190827 1.735927 -0.0 -8.162925 -1e-06 -1.861903 -22.861473 -6.167943 2e-06 -5e-06 -2e-06 -176.410858 2.790731 -0.117533 12.807934 0.047895 -0.204765 -81.685707 0.564362 -2.92649 -3.964515 1.363841 2.136969 -0.999998 -0.0 -0.0 -2.323943 -12.435753 -7.319168 25.088205 0.008089 0.077594 -84.610832 -5.697912 -10.821295 -3.876818 0.678001 1.715519 -1.000002 -0.0 0.0 
0.0 0.0 0.0 0.0 -0.0 0.0 2.439697 99.018463 -1.217713 94.783325 3.717796 94.472336 -1.299576 -0.308163 0.425615 -11.565208 -0.177907 0.647877 30.679775 -3.115805 -1.612073 48.358631 -4.891129 1.754889 -2.365021 -0.619771 -3.008415 -13.676439 -0.867336 -4.14254 7e-06 -1e-06 -0.0 -0.110754 -0.000292 0.017404 -0.117988 0.127681 -0.075311 -0.241173 -0.124605 0.12096 -101.81414 -77.310341 120.884201 64.782196 -58.150112 -26.689125 23.719975 -0.403619 0.003301 -5.685133 1.946964 1.537573 17.636641 -26.322735 52.411198 -19.466665 -14.395602 29.410389 -1e-06 -8.774825 -0.0 16.711281 -18.189117 5.735282 -0.609776 -1.795654 -3.889328 -4.807091 -11.046813 -2.937851 4e-06 -20.976021 1e-06 -5.019972 -25.033562 -4.031883 6e-06 -2e-06 -0.0 -10.634537 -5.686972 -3.565588 10.573277 -17.922955 -3.113902 2e-06 -13.821212 2e-06 -0.501778 -31.181507 -4.027015 -11.025981 -59.785686 7.02088 -13.982719 -7.1502 -2.875042 13.772734 -8.401493 -3.21824 0.347733 -34.211559 0.771655 -0.963029 -17.733376 2.62102 0.0 -1e-06 -1e-06 -17.346426 -20.095224 -4.201782 21.757566 -1.638375 3.866429 1e-06 -6.338825 0.0 -1.69759 -22.591751 -6.19401 -0.0 -2e-06 -2e-06 82.113037 -78.618568 120.604012 58.357586 -56.155338 -22.642159 27.688101 -0.421416 -0.202927 0.662083 6.33065 2.845838 22.182116 -20.375889 49.933315 -16.701809 -16.743528 28.476528 -3e-06 -12.6906 0.0 16.206961 -17.572546 2.499962 -0.10592 -1.513857 -4.275881 -5.039042 -5.612871 -2.953557 4e-06 -11.020524 -2e-06 -6.111299 -15.895332 -3.840469 -0.0 1e-06 -1e-06 -10.283369 -5.680288 -4.341841 11.028291 -11.302404 -2.372632 -1.38427 -14.238579 -6.320123 -0.625441 -26.924185 -3.827602 -4.325541 -49.57547 -3.719695 -13.708524 -7.363477 -3.720941 18.141146 -14.052738 -3.242673 5e-06 -18.787266 -1e-06 -0.429711 -8.456042 2.555502 0.0 1e-06 0.0 -15.923536 -20.094482 -5.473585 30.41921 -7.190825 1.735928 2e-06 -8.162922 -1e-06 -1.8619 -22.861469 -6.167943 -0.0 -3e-06 -1e-06 -176.059036 2.757634 -0.188138 12.201526 0.051323 -0.166524 -81.351814 0.61052 -2.97452 -3.95366 1.32184 2.129094 -1.0 0.0 -0.0 -2.038316 -12.360864 -7.27265 24.638746 -0.010767 0.07663 -84.062096 -5.708632 -10.903807 -4.116381 0.681021 1.709982 -1.000002 -0.0 -0.0 
0.0 0.0 0.0 0.0 -0.0 0.0 2.609429 99.119827 -1.407058 94.631477 3.753767 94.428139 -1.096958 -0.395937 0.425906 -11.46832 -0.201635 0.596998 30.808876 -2.999139 -1.558 48.94342 -4.55939 1.722743 -2.366067 -0.563452 -3.021048 -13.503562 -0.570935 -4.291911 5e-06 -0.0 -0.0 -0.107398 -0.00438 0.016794 -0.146856 0.127775 -0.077791 -0.268103 -0.131879 0.120376 -97.879936 -77.846817 116.791183 64.93354 -58.020279 -27.009979 24.837267 -0.433321 -0.048282 -5.095866 2.568759 1.903222 17.636627 -26.322733 52.411194 -19.46666 -14.395596 29.410393 -0.0 -8.774821 -3e-06 16.627817 -18.188334 5.772731 -0.609776 -1.795653 -3.889327 -4.807088 -11.046809 -2.93785 3e-06 -20.976015 2e-06 -5.019969 -25.033548 -4.031879 6e-06 -2e-06 1e-06 -10.634531 -5.686969 -3.565589 10.573272 -17.922947 -3.1139 2e-06 -13.821205 2e-06 -0.501778 -31.181498 -4.027015 -11.012586 -59.756016 6.928332 -13.982711 -7.150196 -2.875044 13.772725 -8.401489 -3.218238 0.347732 -34.211544 0.771656 -0.963028 -17.733366 2.621019 -1e-06 0.0 -1e-06 -17.346415 -20.095213 -4.201784 21.757555 -1.638375 3.866427 1e-06 -6.338823 1e-06 -1.69759 -22.591738 -6.194004 -0.0 -3e-06 -2e-06 82.361931 -78.546768 120.478928 58.814766 -56.105957 -23.795208 27.883562 -0.428336 -0.237973 0.679831 6.772911 2.492035 22.182121 -20.3759 49.933315 -16.701815 -16.743532 28.47653 -3e-06 -12.690601 -2e-06 16.169827 -17.550182 2.502642 -0.105918 -1.513855 -4.275882 -5.039041 -5.612871 -2.953555 5e-06 -11.020524 -2e-06 -6.111298 -15.89533 -3.840468 -0.0 2e-06 -2e-06 -10.283369 -5.680285 -4.341839 11.028296 -11.302405 -2.372633 -1.384269 -14.238579 -6.320119 -0.62544 -26.924187 -3.827595 -4.355504 -49.427311 -3.712786 -13.708526 -7.363475 -3.720941 18.141151 -14.052743 -3.242671 8e-06 -18.787271 -1e-06 -0.429711 -8.456043 2.555504 0.0 1e-06 -1e-06 -15.923538 -20.094482 -5.473583 30.419218 -7.190829 1.735926 1e-06 -8.162925 -0.0 -1.861902 -22.861479 -6.167941 0.0 -3e-06 -1e-06 -175.72641 2.677139 -0.247853 11.326406 0.062026 -0.119886 -80.822639 0.577636 -3.178782 -3.886861 1.294562 2.131042 -0.999999 -0.0 0.0 -1.875602 -12.31518 -7.263604 24.129124 -0.027817 0.083583 -83.426247 -5.603508 -10.896097 -4.325893 0.667932 1.704222 -1.000003 -0.0 0.0 
0.0 0.0 0.0 0.0 -0.0 0.0 2.710683 99.2005 -1.655506 94.542908 3.675718 94.315033 -0.888374 -0.566826 0.457743 -11.363605 -0.25399 0.531786 30.966257 -2.965363 -1.519986 49.364719 -4.287948 1.749624 -2.379115 -0.52053 -3.060265 -13.597931 -0.267889 -4.472792 7e-06 -0.0 0.0 -0.10321 0.004319 0.005482 -0.165092 0.141406 -0.088044 -0.283335 -0.127775 0.10636 -93.423447 -78.292145 112.174042 65.048531 -57.63755 -26.732639 26.017319 -0.454426 -0.109392 -4.626645 3.434378 2.419733 17.636627 -26.322735 52.411205 -19.466665 -14.3956 29.410398 -1e-06 -8.774822 -0.0 16.577244 -18.255478 5.811591 -0.609776 -1.795654 -3.889329 -4.807088 -11.046811 -2.937852 5e-06 -20.976021 -1e-06 -5.019969 -25.033562 -4.031882 6e-06 -2e-06 0.0 -10.634533 -5.68697 -3.565589 10.573277 -17.922955 -3.113903 3e-06 -13.821211 1e-06 -0.501776 -31.181511 -4.027017 -11.100589 -59.727825 6.903075 -13.982714 -7.150198 -2.875041 13.772731 -8.401492 -3.218243 0.347737 -34.211555 0.771651 -0.963028 -17.733372 2.62102 -0.0 -1e-06 0.0 -17.346418 -20.095221 -4.201784 21.757561 -1.638375 3.866427 3e-06 -6.338825 3e-06 -1.697586 -22.591743 -6.194007 -0.0 -2e-06 -4e-06 82.147781 -78.587212 120.877777 59.51157 -55.977398 -24.896761 28.077772 -0.425815 -0.244693 0.517184 7.049106 2.75424 22.182119 -20.375898 49.933323 -16.701822 -16.74353 28.47654 -4e-06 -12.690603 0.0 16.171169 -17.549139 2.511494 -0.10592 -1.513857 -4.275884 -5.039041 -5.612872 -2.953556 5e-06 -11.020525 -3e-06 -6.111298 -15.895332 -3.840471 -0.0 1e-06 -2e-06 -10.283371 -5.680291 -4.341841 11.028298 -11.302409 -2.372635 -1.384267 -14.238585 -6.320124 -0.625435 -26.924198 -3.827604 -4.353223 -49.367489 -3.715005 -13.708526 -7.363478 -3.720942 18.141151 -14.052742 -3.242675 9e-06 -18.787271 -5e-06 -0.429713 -8.456045 2.555504 1e-06 0.0 -1e-06 -15.923536 -20.094484 -5.473587 30.419222 -7.19083 1.735926 2e-06 -8.162927 -0.0 -1.861899 -22.861479 -6.167946 -0.0 -5e-06 -4e-06 -175.644043 2.747718 -0.243384 10.686659 0.068481 -0.083646 -80.401924 0.457015 -3.291862 -3.802941 1.285193 2.136894 -1.0 -0.0 -0.0 -1.95187 -12.296035 -7.349626 23.681618 -0.034893 0.098309 -82.990753 -5.461054 -10.717629 -4.430925 0.652845 1.703464 -1.000002 -0.0 -0.0 
0.0 0.0 0.0 0.0 -0.0 0.0 2.773612 99.234619 -1.95422 94.551987 3.520728 94.170708 -0.687087 -0.782493 0.494691 -11.270278 -0.318352 0.500933 31.194899 -3.018186 -1.492872 49.604946 -4.134087 1.813119 -2.391478 -0.478787 -3.171854 -13.921733 -0.011894 -4.710645 6e-06 -1e-06 0.0 -0.099451 0.023899 -0.014772 -0.159208 0.167838 -0.10549 -0.276811 -0.115171 0.082351 -89.222656 -78.63121 107.81105 65.376007 -56.998451 -26.189888 26.885183 -0.462339 -0.148312 -4.488255 4.36353 2.960071 17.636629 -26.322737 52.411205 -19.466665 -14.395598 29.410389 -1e-06 -8.774821 -1e-06 16.547392 -18.349152 5.847135 -0.609776 -1.795653 -3.889326 -4.807088 -11.046809 -2.937851 5e-06 -20.976015 -0.0 -5.019969 -25.033558 -4.03188 6e-06 1e-06 -0.0 -10.634533 -5.686971 -3.565588 10.573275 -17.922951 -3.113902 2e-06 -13.82121 1e-06 -0.501777 -31.181505 -4.027015 -11.161693 -59.657852 6.887061 -13.982712 -7.150198 -2.875041 13.772727 -8.401492 -3.218243 0.347733 -34.211544 0.771654 -0.963029 -17.733372 2.621019 1e-06 -1e-06 -1e-06 -17.34642 -20.095217 -4.201781 21.757561 -1.638375 3.866428 2e-06 -6.338825 2e-06 -1.697589 -22.591743 -6.194005 -1e-06 -2e-06 -2e-06 82.069923 -78.681625 121.166367 60.423637 -55.884731 -25.934261 28.273102 -0.379698 -0.242078 0.32143 7.212168 3.145868 22.182121 -20.3759 49.933334 -16.701815 -16.74353 28.476536 -3e-06 -12.690603 -1e-06 16.200329 -17.546125 2.530891 -0.105918 -1.513855 -4.275882 -5.039042 -5.612872 -2.953559 4e-06 -11.020525 -2e-06 -6.111297 -15.895334 -3.840472 -0.0 -0.0 0.0 -10.283373 -5.68029 -4.341841 11.028297 -11.302406 -2.372634 -1.38427 -14.238582 -6.32012 -0.625435 -26.924194 -3.827605 -4.366078 -49.435448 -3.674187 -13.708527 -7.363477 -3.720942 18.141151 -14.052741 -3.242673 7e-06 -18.78727 -3e-06 -0.429711 -8.456047 2.555506 0.0 1e-06 -1e-06 -15.923539 -20.094482 -5.473588 30.419218 -7.190827 1.735929 2e-06 -8.162927 0.0 -1.861903 -22.861479 -6.167943 0.0 -3e-06 -2e-06 -175.996689 2.849585 -0.194859 10.672594 0.066077 -0.066385 -80.201874 0.343064 -3.375743 -3.69384 1.283284 2.14002 -0.999998 0.0 -0.0 -2.17696 -12.390019 -7.496457 23.288107 -0.039778 0.112963 -82.823166 -5.29886 -10.528392 -4.350071 0.656593 1.712767 -1.000002 -0.0 -0.0 
0.0 0.0 0.0 0.0 -0.0 0.0 2.82222 99.234413 -2.29173 94.638206 3.326376 94.024673 -0.501917 -0.983036 0.526937 -11.195546 -0.378934 0.522948 31.501423 -3.124409 -1.485486 49.741608 -4.133595 1.893486 -2.391634 -0.432465 -3.399863 -14.270661 0.179603 -5.010006 7e-06 -0.0 0.0 -0.099155 0.039414 -0.030289 -0.13752 0.190238 -0.114365 -0.256324 -0.106873 0.059786 -85.59713 -78.857948 104.035881 66.173012 -56.258968 -25.877573 27.304989 -0.417574 -0.144888 -4.619954 5.327464 3.539401 17.636627 -26.322733 52.41119 -19.46666 -14.395597 29.410385 -1e-06 -8.774821 -3e-06 16.534243 -18.421999 5.893484 -0.609776 -1.795653 -3.889327 -4.807088 -11.04681 -2.937852 4e-06 -20.976017 2e-06 -5.019971 -25.033558 -4.031879 5e-06 1e-06 1e-06 -10.634533 -5.68697 -3.565587 10.573272 -17.922947 -3.113902 1e-06 -13.82121 4e-06 -0.501779 -31.181505 -4.027015 -11.199284 -59.603443 6.898503 -13.982714 -7.150199 -2.875041 13.772728 -8.401491 -3.218243 0.347732 -34.211552 0.771657 -0.963031 -17.73337 2.62102 -1e-06 0.0 -1e-06 -17.34642 -20.095217 -4.201782 21.757557 -1.638375 3.866429 1e-06 -6.338824 1e-06 -1.697589 -22.591742 -6.194003 -0.0 -4e-06 -3e-06 82.49231 -78.772453 120.903404 61.459778 -55.886486 -26.821886 28.428869 -0.308208 -0.228316 0.235323 7.337524 3.411409 22.182116 -20.375895 49.933319 -16.701811 -16.743528 28.476522 -3e-06 -12.690601 -1e-06 16.234776 -17.547729 2.555215 -0.105919 -1.513856 -4.275882 -5.039042 -5.612872 -2.953556 4e-06 -11.020521 -3e-06 -6.111298 -15.89533 -3.840469 0.0 -1e-06 1e-06 -10.283371 -5.680288 -4.341841 11.028294 -11.302402 -2.372632 -1.384269 -14.238577 -6.32012 -0.62544 -26.924187 -3.8276 -4.409191 -49.559536 -3.590988 -13.708525 -7.363475 -3.720939 18.141148 -14.052737 -3.242673 8e-06 -18.787266 -3e-06 -0.429711 -8.456041 2.555503 0.0 1e-06 -1e-06 -15.923536 -20.094479 -5.473583 30.41921 -7.190823 1.735927 2e-06 -8.162924 -0.0 -1.861902 -22.861467 -6.167941 -1e-06 -0.0 -1e-06 -176.629028 3.043231 -0.091208 11.09999 0.054911 -0.073167 -80.167915 0.192117 -3.392466 -3.621243 1.299922 2.143748 -0.999998 -0.0 -0.0 -2.535185 -12.584204 -7.676538 23.031956 -0.042483 0.130955 -82.823105 -5.120413 -10.359924 -4.209785 0.666432 1.72225 -1.000003 -0.0 -0.0 
0.0 0.0 0.0 0.0 -0.0 0.0 2.853142 99.241707 -2.660608 94.705078 3.094882 93.908211 -0.332293 -1.110403 0.536384 -11.132349 -0.419569 0.571183 31.834898 -3.240686 -1.488374 49.849876 -4.269783 1.99171 -2.389254 -0.416224 -3.735865 -14.551927 0.332197 -5.33642 9e-06 -0.0 0.0 -0.102683 0.044278 -0.035816 -0.123847 0.198828 -0.112763 -0.246036 -0.105873 0.047137 -82.522057 -78.964386 100.822906 67.378815 -55.640587 -26.057938 27.505676 -0.336127 -0.105257 -4.82304 6.282943 4.112857 17.636627 -26.322733 52.41119 -19.46666 -14.395597 29.410389 -1e-06 -8.774821 -1e-06 16.528772 -18.442215 5.926027 -0.609775 -1.795654 -3.88933 -4.807087 -11.046809 -2.93785 4e-06 -20.976017 3e-06 -5.01997 -25.033556 -4.03188 7e-06 -0.0 -0.0 -10.634532 -5.686969 -3.565588 10.573272 -17.922951 -3.113902 2e-06 -13.821209 3e-06 -0.501777 -31.181505 -4.027014 -11.223545 -59.579044 6.922284 -13.982713 -7.150198 -2.875041 13.77273 -8.401493 -3.218242 0.347732 -34.211552 0.771656 -0.963028 -17.733374 2.621021 -1e-06 1e-06 -1e-06 -17.346416 -20.095217 -4.201783 21.757557 -1.638374 3.866426 2e-06 -6.338824 -0.0 -1.697588 -22.591742 -6.194005 1e-06 -5e-06 -2e-06 83.392693 -78.867058 120.096901 62.487968 -55.938118 -27.461594 28.538246 -0.284617 -0.21406 0.252808 7.484403 3.617795 22.182116 -20.375898 49.933319 -16.701807 -16.74353 28.476528 -3e-06 -12.690601 0.0 16.281036 -17.566504 2.552631 -0.105919 -1.513856 -4.275881 -5.039041 -5.61287 -2.953558 4e-06 -11.02052 -0.0 -6.111299 -15.895329 -3.840467 -1e-06 0.0 0.0 -10.283371 -5.680287 -4.341837 11.028295 -11.302403 -2.372635 -1.38427 -14.238577 -6.320119 -0.625438 -26.924185 -3.827601 -4.445718 -49.661327 -3.533245 -13.708527 -7.363473 -3.720941 18.141148 -14.052739 -3.242672 6e-06 -18.787266 -0.0 -0.429711 -8.456044 2.555502 0.0 1e-06 -1e-06 -15.923534 -20.094479 -5.473586 30.41921 -7.190824 1.735925 2e-06 -8.162922 1e-06 -1.861903 -22.861464 -6.167941 -0.0 -2e-06 -1e-06 -177.320938 3.209364 0.039741 11.514345 0.041721 -0.087347 -80.097351 0.051098 -3.414127 -3.582433 1.332232 2.151661 -0.999998 0.0 0.0 -2.988976 -12.757265 -7.878071 22.859734 -0.040345 0.144191 -82.770081 -4.895364 -10.223026 -4.122427 0.675835 1.726674 -1.000002 -0.0 -0.0 
0.0 0.0 0.0 0.0 -0.0 0.0 2.865195 99.278938 -3.049063 94.69838 2.817516 93.836121 -0.1702 -1.163326 0.531435 -11.073529 -0.434355 0.612339 32.1614 -3.340171 -1.497896 50.016315 -4.524062 2.088582 -2.386452 -0.43597 -4.103461 -14.739065 0.524625 -5.685868 4e-06 0.0 -0.0 -0.10865 0.036721 -0.030119 -0.134928 0.191344 -0.105687 -0.259646 -0.113431 0.051643 -79.745628 -78.944115 97.93042 68.83429 -55.220982 -26.726557 27.769266 -0.277205 -0.073104 -4.923157 7.051415 4.74093 17.636629 -26.322741 52.411205 -19.46666 -14.395598 29.410389 -1e-06 -8.774822 -1e-06 16.565794 -18.456011 5.912966 -0.609777 -1.795653 -3.889327 -4.807089 -11.046811 -2.937851 2e-06 -20.976019 4e-06 -5.019974 -25.03356 -4.031878 7e-06 0.0 1e-06 -10.634535 -5.68697 -3.565587 10.573276 -17.922951 -3.1139 3e-06 -13.821209 2e-06 -0.501779 -31.181501 -4.027011 -11.268757 -59.601364 6.965071 -13.982716 -7.150198 -2.875041 13.772731 -8.401493 -3.218241 0.347731 -34.211552 0.771658 -0.963031 -17.73337 2.621022 -1e-06 1e-06 -0.0 -17.346422 -20.095219 -4.201779 21.757559 -1.638375 3.866425 2e-06 -6.338825 -1e-06 -1.697589 -22.591745 -6.194007 2e-06 -4e-06 -3e-06 84.756393 -78.988495 118.842819 63.477783 -55.972301 -27.909901 28.696173 -0.32704 -0.223986 0.28656 7.600258 3.843501 22.182116 -20.375889 49.933315 -16.701815 -16.743528 28.47653 -3e-06 -12.690601 -1e-06 16.322733 -17.593128 2.528597 -0.105919 -1.513856 -4.275883 -5.03904 -5.612872 -2.953557 5e-06 -11.020525 -3e-06 -6.111297 -15.895334 -3.840469 0.0 1e-06 -0.0 -10.28337 -5.680288 -4.341839 11.028294 -11.302406 -2.372635 -1.384269 -14.238581 -6.32012 -0.625437 -26.924191 -3.827601 -4.451827 -49.703205 -3.530768 -13.708524 -7.363476 -3.720941 18.141148 -14.052742 -3.242674 8e-06 -18.78727 -3e-06 -0.429711 -8.456044 2.555502 -2e-06 2e-06 1e-06 -15.923536 -20.094486 -5.473586 30.419218 -7.190827 1.735927 2e-06 -8.162927 0.0 -1.8619 -22.861471 -6.167946 1e-06 -3e-06 -2e-06 -177.97226 3.275411 0.154575 11.697879 0.033383 -0.089625 -79.899521 -0.037869 -3.474913 -3.546849 1.35549 2.158185 -0.999998 -0.0 0.0 -3.490922 -12.83337 -8.093941 22.675724 -0.037615 0.149459 -82.556351 -4.63251 -10.122954 -4.120924 0.682787 1.726077 -1.000002 -0.0 -0.0 
0.0 0.0 0.0 0.0 -0.0 0.0 2.852129 99.321198 -3.434423 94.692932 2.509426 93.822746 -0.006377 -1.212672 0.533806 -11.010257 -0.438296 0.626432 32.436642 -3.432203 -1.495893 50.294739 -4.824701 2.190731 -2.386978 -0.456794 -4.46882 -14.841238 0.72096 -6.017574 6e-06 -1e-06 0.0 -0.115415 0.025888 -0.023515 -0.158976 0.184209 -0.102928 -0.284691 -0.127772 0.061997 -77.229858 -78.836197 95.272995 70.278549 -55.028793 -27.487862 28.275019 -0.266188 -0.045644 -4.848166 7.560973 5.38235 17.636635 -26.322733 52.41119 -19.466663 -14.395597 29.410389 -1e-06 -8.774822 -1e-06 16.628532 -18.479759 5.857368 -0.609777 -1.795654 -3.889328 -4.807088 -11.046811 -2.937851 4e-06 -20.976019 2e-06 -5.019971 -25.033558 -4.03188 7e-06 0.0 -0.0 -10.634533 -5.686968 -3.565588 10.573274 -17.922951 -3.113898 3e-06 -13.821208 1e-06 -0.501778 -31.181505 -4.027014 -11.329174 -59.632915 6.979567 -13.982713 -7.150198 -2.875039 13.77273 -8.401492 -3.218244 0.347734 -34.211555 0.771656 -0.963029 -17.733372 2.62102 -2e-06 1e-06 1e-06 -17.346416 -20.095217 -4.20178 21.757557 -1.638376 3.866427 2e-06 -6.338826 0.0 -1.697589 -22.591747 -6.194004 2e-06 -4e-06 -2e-06 86.418823 -79.129578 117.320915 64.380325 -55.997818 -28.108553 28.953821 -0.343802 -0.252816 0.301817 7.607167 4.007445 22.182117 -20.375895 49.933319 -16.701817 -16.74353 28.47653 -3e-06 -12.690601 -0.0 16.330664 -17.593304 2.496461 -0.10592 -1.513855 -4.27588 -5.039041 -5.612872 -2.953559 4e-06 -11.020524 -2e-06 -6.111298 -15.895334 -3.840468 -1e-06 2e-06 1e-06 -10.28337 -5.680288 -4.341836 11.028294 -11.302406 -2.372635 -1.384269 -14.238582 -6.32012 -0.625439 -26.924194 -3.8276 -4.43489 -49.676044 -3.577337 -13.708526 -7.363475 -3.72094 18.141151 -14.052741 -3.242677 7e-06 -18.787271 -3e-06 -0.429713 -8.456044 2.555506 0.0 1e-06 -0.0 -15.923536 -20.094482 -5.473583 30.419218 -7.190827 1.735926 2e-06 -8.162925 -1e-06 -1.861902 -22.861469 -6.167945 1e-06 -4e-06 -1e-06 -178.615234 3.310664 0.207993 11.79108 0.032056 -0.080609 -79.652382 -0.041003 -3.5766 -3.502773 1.359017 2.157521 -0.999998 -0.0 -0.0 -4.022859 -12.898882 -8.342926 22.528103 -0.03263 0.151086 -82.334793 -4.340607 -10.052677 -4.119401 0.688678 1.724856 -1.000002 -0.0 0.0 
0.0 0.0 0.0 0.0 -0.0 0.0 2.802643 99.350372 -3.799848 94.706795 2.198313 93.858429 0.135316 -1.269929 0.553688 -10.949933 -0.436296 0.632295 32.684566 -3.515479 -1.479899 50.684776 -5.101634 2.259321 -2.385892 -0.470023 -4.810723 -14.872458 0.890613 -6.313529 5e-06 0.0 -0.0 -0.11767 0.018122 -0.022064 -0.169897 0.184554 -0.101803 -0.295457 -0.1438 0.063331 -75.113609 -78.696724 92.999527 71.590523 -55.026226 -28.121294 29.045639 -0.284186 -0.00672 -4.622669 7.873355 6.009078 17.636635 -26.322729 52.411186 -19.466665 -14.395598 29.410389 -1e-06 -8.774822 -2e-06 16.659937 -18.502558 5.81287 -0.609775 -1.795653 -3.889325 -4.80709 -11.046813 -2.937851 5e-06 -20.976021 1e-06 -5.019968 -25.033562 -4.031883 6e-06 1e-06 2e-06 -10.634535 -5.68697 -3.565584 10.573276 -17.922953 -3.113901 4e-06 -13.821212 -0.0 -0.501773 -31.181507 -4.02702 -11.400819 -59.656162 6.972193 -13.982715 -7.150198 -2.87504 13.772732 -8.401495 -3.218243 0.34774 -34.211555 0.77165 -0.963026 -17.733372 2.621021 -1e-06 1e-06 0.0 -17.34642 -20.095221 -4.201779 21.757563 -1.638375 3.866426 2e-06 -6.338825 -2e-06 -1.697587 -22.591749 -6.194007 -0.0 -2e-06 -1e-06 88.073143 -79.259125 115.816582 65.127602 -56.001003 -28.071993 29.316217 -0.319163 -0.286248 0.296976 7.568491 4.098384 22.182116 -20.375898 49.933334 -16.701817 -16.74353 28.476536 -5e-06 -12.690601 -0.0 16.301592 -17.549652 2.460361 -0.105919 -1.513857 -4.275884 -5.03904 -5.612869 -2.953557 6e-06 -11.020523 -4e-06 -6.111295 -15.89533 -3.84047 -0.0 0.0 -0.0 -10.283369 -5.680287 -4.34184 11.028296 -11.302406 -2.372634 -1.384268 -14.238579 -6.320123 -0.625437 -26.924191 -3.827601 -4.387758 -49.622631 -3.654108 -13.708523 -7.363475 -3.720944 18.141153 -14.05274 -3.242675 8e-06 -18.78727 -1e-06 -0.429711 -8.456047 2.555506 0.0 2e-06 -0.0 -15.923532 -20.094481 -5.473588 30.41921 -7.190827 1.735924 3e-06 -8.162925 1e-06 -1.8619 -22.861467 -6.167943 0.0 -4e-06 -1e-06 -179.297058 3.328243 0.191112 11.97772 0.038438 -0.079399 -79.453072 0.064935 -3.691812 -3.480316 1.355498 2.154931 -0.999999 -0.0 0.0 -4.544475 -12.95822 -8.581102 22.413395 -0.023257 0.148276 -82.205498 -4.052083 -10.010355 -4.078011 0.694463 1.724141 -1.000002 -0.0 0.0 
0.0 0.0 0.0 0.0 -0.0 0.0 2.730299 99.369286 -4.116769 94.726128 1.888278 93.902184 0.222121 -1.313941 0.571066 -10.90772 -0.431893 0.653927 32.899582 -3.597211 -1.448166 51.129833 -5.347778 2.306476 -2.381031 -0.463697 -5.127074 -14.814371 1.003563 -6.545056 4e-06 0.0 0.0 -0.114329 0.013764 -0.02465 -0.160272 0.187818 -0.096696 -0.289382 -0.155867 0.052257 -73.677536 -78.572472 91.437836 72.630722 -55.141129 -28.542809 29.995569 -0.329578 0.050512 -4.235493 8.0117 6.504973 17.636625 -26.322729 52.411182 -19.466652 -14.395597 29.410385 0.0 -8.774821 -4e-06 16.613361 -18.501896 5.809165 -0.609776 -1.795654 -3.889326 -4.807088 -11.046808 -2.937852 4e-06 -20.976015 1e-06 -5.019969 -25.033556 -4.031881 6e-06 -1e-06 0.0 -10.634533 -5.68697 -3.565587 10.57327 -17.922947 -3.113897 3e-06 -13.821208 -0.0 -0.501777 -31.181498 -4.027017 -11.427907 -59.629887 6.949688 -13.982712 -7.150198 -2.875042 13.772726 -8.401489 -3.218241 0.347731 -34.21154 0.771654 -0.963031 -17.733362 2.621019 -1e-06 -0.0 2e-06 -17.346418 -20.095215 -4.201779 21.757555 -1.638374 3.866426 1e-06 -6.338823 -2e-06 -1.697589 -22.591738 -6.194005 1e-06 -4e-06 -1e-06 89.366806 -79.361076 114.655556 65.655663 -55.946926 -27.849813 29.692533 -0.314621 -0.315076 0.289621 7.606361 4.257216 22.182106 -20.375887 49.933304 -16.701809 -16.743525 28.476519 -3e-06 -12.690598 0.0 16.290169 -17.535749 2.42999 -0.105919 -1.513855 -4.275878 -5.03904 -5.61287 -2.953554 4e-06 -11.02052 -2e-06 -6.111297 -15.895328 -3.840467 -1e-06 1e-06 -0.0 -10.283367 -5.680287 -4.341835 11.028291 -11.302402 -2.372635 -1.384268 -14.238579 -6.32012 -0.625437 -26.924183 -3.827603 -4.361388 -49.626461 -3.68772 -13.708521 -7.363474 -3.720936 18.141146 -14.052736 -3.242676 6e-06 -18.787266 -2e-06 -0.429713 -8.456039 2.555502 0.0 -0.0 1e-06 -15.923532 -20.094479 -5.473583 30.419205 -7.190823 1.735926 2e-06 -8.162922 -1e-06 -1.861901 -22.861465 -6.167943 0.0 -3e-06 -1e-06 -179.967255 3.328081 0.115348 12.206192 0.045624 -0.093388 -79.303734 0.240175 -3.784385 -3.495885 1.366334 2.155036 -0.999997 -0.0 -0.0 -4.997844 -12.99897 -8.809248 22.236029 -0.008043 0.141926 -82.163673 -3.745526 -9.954255 -4.001863 0.700058 1.722919 -1.000002 0.0 -0.0 
0.0 0.0 0.0 0.0 -0.0 0.0 2.649071 99.382393 -4.36659 94.71656 1.594328 93.926575 0.246218 -1.320597 0.57392 -10.892426 -0.428929 0.697915 33.085766 -3.683876 -1.414628 51.571915 -5.560156 2.350339 -2.367149 -0.441308 -5.390565 -14.595535 1.118475 -6.724035 6e-06 0.0 0.0 -0.109296 0.008288 -0.028177 -0.145149 0.188717 -0.088411 -0.278217 -0.167622 0.036068 -73.023552 -78.477371 90.712463 73.373787 -55.248615 -28.594589 30.898005 -0.352235 0.097387 -3.713801 8.000304 6.87795 17.636627 -26.322725 52.411194 -19.466656 -14.395597 29.410385 0.0 -8.774821 -2e-06 16.506721 -18.485817 5.861129 -0.609776 -1.795653 -3.889328 -4.80709 -11.046809 -2.937849 2e-06 -20.976015 1e-06 -5.019972 -25.033556 -4.031882 5e-06 1e-06 0.0 -10.634531 -5.686969 -3.565586 10.573271 -17.922945 -3.113902 3e-06 -13.821205 0.0 -0.501777 -31.181498 -4.027017 -11.445803 -59.590927 6.991883 -13.982712 -7.150198 -2.875041 13.772727 -8.401489 -3.218243 0.347733 -34.211544 0.771652 -0.963031 -17.733364 2.62102 1e-06 0.0 -0.0 -17.346416 -20.095215 -4.201785 21.757557 -1.638374 3.866427 1e-06 -6.338824 -1e-06 -1.697591 -22.591742 -6.194003 0.0 -2e-06 -2e-06 90.031395 -79.443871 114.054512 65.901588 -55.836323 -27.415056 30.033661 -0.350225 -0.344009 0.329 7.784324 4.413454 22.182116 -20.375889 49.933315 -16.701807 -16.743525 28.476522 -3e-06 -12.6906 -0.0 16.319761 -17.565765 2.407144 -0.105919 -1.513855 -4.275881 -5.039041 -5.61287 -2.953557 4e-06 -11.020521 -2e-06 -6.111299 -15.89533 -3.840468 0.0 0.0 1e-06 -10.283368 -5.680287 -4.341839 11.028292 -11.302404 -2.372634 -1.38427 -14.238579 -6.320117 -0.625441 -26.924183 -3.827601 -4.351373 -49.668354 -3.691053 -13.708525 -7.363475 -3.720937 18.141148 -14.052738 -3.242676 5e-06 -18.787268 -1e-06 -0.429712 -8.456043 2.555503 2e-06 1e-06 -1e-06 -15.923534 -20.094482 -5.473585 30.419205 -7.190823 1.735928 3e-06 -8.162925 -1e-06 -1.861904 -22.861467 -6.167942 1e-06 -4e-06 -1e-06 179.399796 3.286601 0.015889 12.4829 0.050262 -0.120523 -79.224327 0.426074 -3.861098 -3.531936 1.399272 2.160615 -0.999999 -0.0 -0.0 -5.575589 -13.021674 -8.944619 22.422543 0.010358 0.137539 -82.113411 -3.433657 -9.888947 -3.932398 0.702051 1.717898 -1.000002 -0.0 0.0 
0.0 0.0 0.0 0.0 -0.0 0.0 2.556327 99.406639 -4.543697 94.621948 1.334212 93.963463 0.207261 -1.273447 0.564793 -10.904761 -0.424591 0.740171 33.217056 -3.750872 -1.4023 51.977615 -5.714254 2.387707 -2.351364 -0.401661 -5.580772 -14.192245 1.28315 -6.821836 5e-06 -0.0 -0.0 -0.107771 0.00087 -0.031185 -0.136711 0.188664 -0.081307 -0.273534 -0.181784 0.021907 -73.167381 -78.421272 90.791824 73.881287 -55.259628 -28.17181 31.377722 -0.301742 0.120799 -3.182312 7.843701 7.085007 17.636633 -26.322735 52.411201 -19.46666 -14.395598 29.410395 0.0 -8.774822 -4e-06 16.415726 -18.460979 5.915912 -0.609776 -1.795653 -3.88933 -4.80709 -11.046811 -2.937854 3e-06 -20.976019 2e-06 -5.019972 -25.03356 -4.031879 4e-06 1e-06 1e-06 -10.634535 -5.686972 -3.565589 10.573272 -17.922951 -3.113899 2e-06 -13.821211 0.0 -0.501776 -31.181511 -4.027019 -11.468685 -59.570259 7.08815 -13.982716 -7.150199 -2.875041 13.772729 -8.401489 -3.218243 0.347732 -34.211555 0.771656 -0.96303 -17.73337 2.621019 -0.0 -1e-06 -1e-06 -17.346422 -20.095221 -4.201784 21.757563 -1.638373 3.866428 1e-06 -6.338825 -0.0 -1.697592 -22.591747 -6.194005 -1e-06 -5e-06 -2e-06 90.095757 -79.54071 114.008812 65.917175 -55.674007 -26.828861 30.296387 -0.403482 -0.379532 0.405576 8.012857 4.366966 22.182108 -20.375896 49.933319 -16.701807 -16.743528 28.476522 -2e-06 -12.690599 0.0 16.364799 -17.617384 2.380885 -0.105921 -1.513857 -4.275879 -5.03904 -5.61287 -2.953554 4e-06 -11.02052 -2e-06 -6.111297 -15.89533 -3.840467 -1e-06 1e-06 1e-06 -10.283367 -5.680286 -4.341837 11.028291 -11.302402 -2.37263 -1.38427 -14.238578 -6.320117 -0.62544 -26.924183 -3.827599 -4.329224 -49.689106 -3.727756 -13.708523 -7.363475 -3.720937 18.141146 -14.052736 -3.242675 6e-06 -18.787266 -1e-06 -0.429713 -8.456041 2.555506 2e-06 1e-06 -1e-06 -15.923536 -20.094482 -5.473582 30.419207 -7.190823 1.735926 3e-06 -8.162922 -2e-06 -1.861902 -22.861469 -6.167941 1e-06 -4e-06 -1e-06 178.8694 3.134121 -0.121551 12.711252 0.051314 -0.138035 -79.172729 0.648361 -3.957075 -3.572484 1.426032 2.166607 -0.999999 0.0 -0.0 -5.974521 -12.903179 -9.034152 22.419109 0.026227 0.13377 -81.967545 -3.247852 -9.829912 -3.907308 0.705346 1.711987 -1.000002 -0.0 -0.0 
0.0 0.0 0.0 0.0 -0.0 0.0 2.447695 99.454033 -4.649179 94.414482 1.119514 94.037857 0.1142 -1.173397 0.557292 -10.935537 -0.419428 0.758527 33.23251 -3.78222 -1.395543 52.326557 -5.754698 2.393278 -2.337176 -0.336917 -5.639184 -13.710404 1.509699 -6.859687 6e-06 -0.0 0.0 -0.111504 -0.001872 -0.036496 -0.141326 0.191462 -0.083633 -0.277968 -0.189449 0.013097 -73.688744 -78.441162 91.213531 74.214226 -55.187588 -27.434446 31.297249 -0.20116 0.120134 -2.783642 7.629774 7.182017 17.636625 -26.322718 52.411182 -19.466663 -14.395596 29.410385 -1e-06 -8.774821 -3e-06 16.368614 -18.450235 5.94059 -0.609777 -1.795653 -3.889329 -4.807088 -11.046811 -2.93785 5e-06 -20.976015 -2e-06 -5.019968 -25.033558 -4.031882 5e-06 2e-06 1e-06 -10.634531 -5.68697 -3.565587 10.573269 -17.922947 -3.1139 4e-06 -13.821209 -2e-06 -0.501774 -31.181498 -4.02702 -11.473011 -59.535378 7.127849 -13.982712 -7.150197 -2.875042 13.772727 -8.401492 -3.218242 0.347738 -34.211544 0.771651 -0.963028 -17.733366 2.621021 0.0 -0.0 -0.0 -17.346413 -20.095215 -4.201784 21.757555 -1.638374 3.866426 1e-06 -6.338822 1e-06 -1.697588 -22.59174 -6.194004 -0.0 -4e-06 -3e-06 89.763596 -79.659821 114.31118 65.781303 -55.535347 -26.119198 30.415161 -0.428547 -0.409581 0.512701 8.12218 4.041687 22.182106 -20.375891 49.933304 -16.701803 -16.743525 28.476519 -3e-06 -12.690597 -3e-06 16.396994 -17.645164 2.350035 -0.105919 -1.513856 -4.275877 -5.03904 -5.612869 -2.953554 4e-06 -11.020519 -4e-06 -6.111294 -15.895328 -3.840469 -0.0 -0.0 -2e-06 -10.283369 -5.680287 -4.341836 11.028289 -11.302402 -2.372631 -1.384269 -14.238576 -6.320118 -0.625439 -26.924179 -3.8276 -4.300586 -49.683643 -3.787699 -13.708521 -7.363474 -3.720938 18.141144 -14.052735 -3.242674 7e-06 -18.787264 -0.0 -0.429711 -8.456042 2.555504 2e-06 1e-06 -1e-06 -15.923534 -20.094479 -5.47358 30.419205 -7.190823 1.735927 3e-06 -8.162922 -2e-06 -1.861901 -22.861464 -6.167945 1e-06 -2e-06 -2e-06 178.493622 2.835045 -0.293808 12.80141 0.048525 -0.138696 -79.105347 0.926916 -4.070025 -3.631337 1.418668 2.16172 -0.999998 0.0 -0.0 -6.114967 -12.600309 -9.130598 22.10195 0.033737 0.132505 -81.796051 -3.208122 -9.781535 -3.916797 0.719988 1.71114 -1.000002 -0.0 0.0 
0.0 0.0 0.0 0.0 -0.0 0.0 2.316377 99.516548 -4.683648 94.118561 0.965438 94.163277 -0.022013 -1.041254 0.568761 -10.985111 -0.418723 0.758727 33.116859 -3.775992 -1.386072 52.630394 -5.649714 2.365894 -2.318942 -0.283356 -5.544226 -13.22596 1.765526 -6.86504 5e-06 -0.0 1e-06 -0.116969 -0.006298 -0.03931 -0.145435 0.190344 -0.087536 -0.276509 -0.196695 0.011079 -74.182388 -78.544411 91.613319 74.438988 -55.014854 -26.590792 30.797401 -0.072105 0.100461 -2.571196 7.395586 7.284344 17.636635 -26.322729 52.411186 -19.466665 -14.395597 29.410389 -1e-06 -8.774822 -4e-06 16.357561 -18.461319 5.949406 -0.609777 -1.795655 -3.889325 -4.807088 -11.04681 -2.937851 6e-06 -20.976019 -3e-06 -5.019969 -25.033558 -4.03188 5e-06 2e-06 1e-06 -10.634535 -5.686971 -3.565584 10.573277 -17.922951 -3.113902 4e-06 -13.82121 -1e-06 -0.501771 -31.181505 -4.027017 -11.491688 -59.499432 7.112958 -13.982715 -7.150197 -2.875044 13.77273 -8.401493 -3.218241 0.347736 -34.211544 0.771655 -0.963027 -17.73337 2.62102 0.0 -0.0 2e-06 -17.346416 -20.095217 -4.201784 21.757557 -1.638376 3.866429 1e-06 -6.338822 -0.0 -1.697586 -22.591743 -6.194005 -1e-06 -5e-06 -3e-06 89.12265 -79.793228 114.873604 65.492805 -55.45507 -25.248346 30.33831 -0.386952 -0.417222 0.633472 8.049118 3.539726 22.18211 -20.375889 49.933308 -16.701815 -16.74353 28.476524 -3e-06 -12.690601 0.0 16.428558 -17.633604 2.31292 -0.105919 -1.513856 -4.27588 -5.039041 -5.612872 -2.953556 4e-06 -11.020523 -3e-06 -6.111297 -15.895334 -3.84047 -1e-06 0.0 -1e-06 -10.28337 -5.680288 -4.341835 11.028294 -11.302406 -2.372636 -1.384269 -14.238583 -6.320122 -0.625437 -26.924194 -3.827602 -4.2719 -49.64537 -3.862544 -13.708526 -7.363476 -3.720937 18.14115 -14.052737 -3.242677 6e-06 -18.78727 -4e-06 -0.429712 -8.456041 2.555502 2e-06 0.0 -2e-06 -15.923536 -20.094484 -5.473584 30.419214 -7.190826 1.735927 4e-06 -8.162929 -3e-06 -1.861899 -22.861479 -6.167945 1e-06 -3e-06 -3e-06 178.264313 2.419002 -0.444076 12.80145 0.038318 -0.121972 -79.042824 1.220211 -4.195356 -3.682569 1.387614 2.151196 -1.0 0.0 -0.0 -6.008279 -12.150226 -9.295086 21.53647 0.027178 0.136705 -81.515869 -3.233411 -9.729402 -3.93011 0.732665 1.711847 -1.000002 -1e-06 -0.0 
0.0 0.0 0.0 0.0 -0.0 0.0 2.165883 99.58593 -4.638089 93.761032 0.89358 94.288361 -0.199498 -0.895913 0.607955 -11.058275 -0.42067 0.769684 32.885487 -3.732462 -1.363913 52.918613 -5.430466 2.352587 -2.297162 -0.243088 -5.360355 -12.780437 2.017946 -6.836137 5e-06 -1e-06 0.0 -0.120873 -0.010194 -0.040125 -0.139858 0.18685 -0.087668 -0.263523 -0.200888 0.009722 -74.534554 -78.685089 91.852364 74.575081 -54.833824 -25.913969 30.108547 0.036745 0.064319 -2.534741 7.220285 7.43173 17.636625 -26.322725 52.411182 -19.466652 -14.395594 29.410381 -1e-06 -8.774819 -1e-06 16.334839 -18.481552 5.978987 -0.609777 -1.795653 -3.889325 -4.807087 -11.046807 -2.937851 4e-06 -20.976011 -1e-06 -5.019969 -25.033546 -4.031878 7e-06 0.0 -0.0 -10.634531 -5.686968 -3.565589 10.573271 -17.922945 -3.1139 2e-06 -13.821201 0.0 -0.501778 -31.181488 -4.027013 -11.512733 -59.481617 7.080653 -13.982711 -7.150197 -2.875044 13.772726 -8.401489 -3.218242 0.347735 -34.211544 0.771657 -0.963027 -17.733368 2.621018 -1e-06 -0.0 -0.0 -17.346413 -20.095211 -4.201781 21.757555 -1.638375 3.866427 2e-06 -6.338821 -0.0 -1.697587 -22.591738 -6.194004 -2e-06 -3e-06 -1e-06 88.092682 -79.945442 115.793411 65.080856 -55.423573 -24.250578 29.967243 -0.27215 -0.39856 0.694379 7.877827 2.931164 22.182116 -20.375891 49.933311 -16.701807 -16.743525 28.476528 -2e-06 -12.690599 -2e-06 16.458889 -17.597546 2.283262 -0.105919 -1.513856 -4.275882 -5.039041 -5.612872 -2.953556 3e-06 -11.020523 -2e-06 -6.1113 -15.89533 -3.84047 -1e-06 -0.0 -2e-06 -10.283371 -5.680288 -4.341841 11.028295 -11.302404 -2.372629 -1.38427 -14.238579 -6.320123 -0.625438 -26.924191 -3.827599 -4.257628 -49.603191 -3.922572 -13.708524 -7.363475 -3.720939 18.141146 -14.052739 -3.242672 6e-06 -18.78727 -2e-06 -0.429713 -8.456041 2.555502 2e-06 0.0 -2e-06 -15.923536 -20.094482 -5.473586 30.41921 -7.190827 1.735928 4e-06 -8.162927 -1e-06 -1.861901 -22.861469 -6.167942 1e-06 -3e-06 -2e-06 178.206711 1.920653 -0.538589 12.728986 0.023518 -0.093701 -79.008514 1.459022 -4.331056 -3.732261 1.358963 2.143641 -0.999998 0.0 -0.0 -5.670661 -11.589147 -9.491406 20.781603 0.014038 0.136811 -81.204842 -3.256009 -9.638064 -3.950476 0.73774 1.711052 -1.000001 0.0 0.0 
0.0 0.0 0.0 0.0 -0.0 0.0 2.010373 99.656013 -4.506133 93.378738 0.916034 94.372612 -0.421355 -0.752295 0.652982 -11.159584 -0.420126 0.807877 32.562244 -3.671595 -1.306026 53.217018 -5.156104 2.37675 -2.273695 -0.220754 -5.153977 -12.314847 2.283324 -6.771247 5e-06 0.0 1e-06 -0.123122 -0.012054 -0.039998 -0.136781 0.185053 -0.087592 -0.256902 -0.202825 0.010463 -74.744942 -78.824287 91.918022 74.669472 -54.71867 -25.532516 29.343828 0.101046 0.012888 -2.633832 7.207419 7.505249 17.636621 -26.322729 52.411182 -19.466654 -14.395597 29.410378 -0.0 -8.774821 -1e-06 16.291986 -18.531809 6.046445 -0.609775 -1.795652 -3.889326 -4.807088 -11.046807 -2.93785 3e-06 -20.976009 -0.0 -5.019969 -25.033554 -4.03188 6e-06 1e-06 -1e-06 -10.634531 -5.686969 -3.565587 10.573271 -17.922947 -3.113901 2e-06 -13.821206 0.0 -0.501776 -31.181505 -4.027016 -11.585676 -59.497395 7.088413 -13.982711 -7.150195 -2.875041 13.772726 -8.401489 -3.21824 0.347731 -34.211544 0.771658 -0.963027 -17.73337 2.621021 -1e-06 2e-06 1e-06 -17.346413 -20.095211 -4.201779 21.757555 -1.638374 3.866427 1e-06 -6.338822 1e-06 -1.697593 -22.59174 -6.193999 -2e-06 -2e-06 -2e-06 86.726051 -80.093605 117.031525 64.641655 -55.454685 -23.342146 29.225986 -0.141541 -0.352583 0.596545 7.740161 2.31368 22.182112 -20.375887 49.933308 -16.701809 -16.743528 28.476519 -3e-06 -12.6906 -2e-06 16.47843 -17.558399 2.27487 -0.10592 -1.513856 -4.27588 -5.03904 -5.61287 -2.953556 4e-06 -11.02052 -3e-06 -6.111297 -15.89533 -3.840467 -0.0 0.0 -1e-06 -10.283368 -5.680287 -4.341835 11.028292 -11.302402 -2.372637 -1.384269 -14.23858 -6.320117 -0.625437 -26.924187 -3.827601 -4.265593 -49.581444 -3.950185 -13.708524 -7.363475 -3.720938 18.141146 -14.052737 -3.242672 6e-06 -18.787266 -2e-06 -0.429712 -8.456044 2.555506 2e-06 -1e-06 -1e-06 -15.923536 -20.094482 -5.473582 30.41921 -7.190825 1.735927 3e-06 -8.162925 -3e-06 -1.861905 -22.861467 -6.16794 -0.0 -1e-06 -2e-06 178.359924 1.385255 -0.586674 12.554135 0.010412 -0.061402 -79.000092 1.591356 -4.417984 -3.783594 1.345556 2.141734 -0.999998 0.0 0.0 -5.120049 -10.967698 -9.669371 19.886457 4.4e-05 0.131722 -80.88591 -3.269693 -9.501069 -3.974418 0.736075 1.708258 -1.000002 -0.0 -0.0 
0.0 0.0 0.0 0.0 -0.0 0.0 1.870214 99.708992 -4.293733 93.008278 1.03691 94.394035 -0.678764 -0.619295 0.697113 -11.285186 -0.412267 0.867948 32.201138 -3.613845 -1.21215 53.514626 -4.862146 2.431322 -2.251328 -0.234504 -4.949294 -11.804716 2.55049 -6.680964 7e-06 0.0 1e-06 -0.123585 -0.013601 -0.038058 -0.134111 0.184437 -0.085959 -0.254987 -0.205419 0.013585 -74.816422 -78.923523 91.839951 74.788422 -54.698257 -25.432457 28.580248 0.123884 -0.03961 -2.785865 7.301239 7.421936 17.636625 -26.322725 52.411182 -19.466656 -14.395596 29.410381 -0.0 -8.774819 -2e-06 16.263538 -18.594093 6.124019 -0.609776 -1.795653 -3.889328 -4.807087 -11.046807 -2.937851 3e-06 -20.976011 -1e-06 -5.01997 -25.033548 -4.03188 3e-06 1e-06 2e-06 -10.63453 -5.686969 -3.565586 10.573271 -17.922945 -3.113901 3e-06 -13.821205 -1e-06 -0.501777 -31.181498 -4.027014 -11.679435 -59.543766 7.13819 -13.982712 -7.150197 -2.875041 13.772727 -8.401491 -3.21824 0.347733 -34.211544 0.771655 -0.963029 -17.73337 2.62102 1e-06 0.0 -0.0 -17.346415 -20.095211 -4.201778 21.757555 -1.638374 3.866427 1e-06 -6.338821 -0.0 -1.697591 -22.591736 -6.194 -2e-06 -1e-06 -2e-06 85.216423 -80.224907 118.408463 64.247871 -55.57373 -22.800547 28.216618 -0.068578 -0.312102 0.292908 7.676402 1.841162 22.182114 -20.375895 49.933319 -16.701813 -16.743528 28.476528 -4e-06 -12.6906 -0.0 16.488235 -17.534796 2.29634 -0.105919 -1.513856 -4.275882 -5.039041 -5.61287 -2.953556 4e-06 -11.020523 -3e-06 -6.111297 -15.89533 -3.840471 0.0 1e-06 1e-06 -10.283371 -5.680288 -4.341836 11.028293 -11.302404 -2.372632 -1.384269 -14.238581 -6.320121 -0.625438 -26.924187 -3.827603 -4.295555 -49.587555 -3.929745 -13.708523 -7.363475 -3.720936 18.14115 -14.052739 -3.242676 5e-06 -18.78727 -1e-06 -0.429713 -8.456041 2.555505 2e-06 1e-06 -1e-06 -15.923532 -20.094482 -5.473586 30.41921 -7.190824 1.735926 2e-06 -8.162925 -1e-06 -1.861905 -22.861471 -6.16794 3e-06 -4e-06 -3e-06 178.6521 0.857504 -0.639713 12.438914 0.008565 -0.031289 -79.089539 1.616773 -4.444128 -3.814087 1.347338 2.145829 -0.999998 -0.0 -0.0 -4.431859 -10.352536 -9.773458 18.999424 -0.008333 0.123906 -80.621826 -3.305172 -9.366417 -3.993087 0.733928 1.705285 -1.000002 -0.0 0.0 
0.0 0.0 0.0 0.0 -0.0 0.0 1.755078 99.744987 -4.018938 92.661049 1.23656 94.328606 -0.968164 -0.493227 0.731446 -11.425003 -0.389492 0.929145 31.823782 -3.567065 -1.087934 53.760311 -4.624498 2.487773 -2.238994 -0.259684 -4.770747 -11.284176 2.773265 -6.570172 4e-06 -0.0 0.0 -0.122215 -0.0135 -0.034994 -0.131388 0.183625 -0.082869 -0.256136 -0.204653 0.01739 -75.062622 -78.965385 91.927818 74.852974 -54.814854 -25.32498 27.899275 0.116565 -0.078444 -2.890794 7.374782 7.17967 17.636635 -26.322721 52.411171 -19.46666 -14.395594 29.410378 -0.0 -8.774821 -2e-06 16.253935 -18.653471 6.186397 -0.609776 -1.795654 -3.889328 -4.807088 -11.04681 -2.937848 4e-06 -20.976015 0.0 -5.01997 -25.033558 -4.031878 6e-06 2e-06 0.0 -10.634532 -5.68697 -3.565588 10.573271 -17.922951 -3.113897 3e-06 -13.821209 -2e-06 -0.501775 -31.181505 -4.027015 -11.721659 -59.578732 7.156389 -13.982712 -7.150199 -2.875045 13.772727 -8.401492 -3.21824 0.347734 -34.211555 0.771653 -0.96303 -17.73337 2.621021 -1e-06 -0.0 2e-06 -17.346416 -20.095215 -4.201779 21.757555 -1.638375 3.86643 2e-06 -6.338823 -1e-06 -1.697591 -22.591742 -6.194002 -0.0 -3e-06 -2e-06 83.565231 -80.283554 119.898811 63.851521 -55.809593 -22.547592 27.150555 -0.076835 -0.298101 -0.089007 7.629457 1.596689 22.182117 -20.375893 49.933308 -16.701817 -16.74353 28.47653 -3e-06 -12.6906 -2e-06 16.501417 -17.532457 2.335517 -0.105918 -1.513857 -4.275883 -5.039041 -5.612871 -2.953557 5e-06 -11.020526 -4e-06 -6.111298 -15.895334 -3.840469 1e-06 1e-06 -1e-06 -10.283371 -5.680288 -4.341835 11.028296 -11.302406 -2.372633 -1.384268 -14.238581 -6.320121 -0.625437 -26.924194 -3.827598 -4.347715 -49.615986 -3.863632 -13.708524 -7.363475 -3.72094 18.141151 -14.052741 -3.242675 8e-06 -18.78727 -3e-06 -0.429712 -8.456044 2.555504 1e-06 -0.0 -2e-06 -15.923536 -20.094482 -5.473581 30.419214 -7.190828 1.735924 3e-06 -8.162925 -3e-06 -1.8619 -22.861467 -6.167943 1e-06 -3e-06 -1e-06 179.062225 0.362603 -0.707002 12.369246 0.013019 -0.014301 -79.260956 1.569576 -4.425876 -3.829641 1.356211 2.151785 -0.999999 0.0 0.0 -3.655172 -9.774858 -9.813008 18.146183 -0.00812 0.11383 -80.40844 -3.322026 -9.248069 -4.010687 0.733 1.703962 -1.000001 -0.0 -0.0 
0.0 0.0 0.0 0.0 -0.0 0.0 1.662932 99.772835 -3.699477 92.33918 1.483811 94.193489 -1.290963 -0.368731 0.750612 -11.57545 -0.352433 0.986734 31.4513 -3.520316 -0.970638 53.9049 -4.499688 2.518595 -2.234424 -0.290007 -4.609576 -10.707134 2.967664 -6.440744 5e-06 -0.0 1e-06 -0.120992 -0.01094 -0.030324 -0.139531 0.187706 -0.080827 -0.268021 -0.203787 0.025356 -75.623627 -78.939095 92.340347 74.79924 -55.065163 -25.030008 27.340076 0.083692 -0.098301 -2.897768 7.292216 6.960287 17.636631 -26.322729 52.411186 -19.466665 -14.395598 29.410389 -1e-06 -8.774822 -1e-06 16.249964 -18.68832 6.214446 -0.609776 -1.795654 -3.889328 -4.807086 -11.046809 -2.937854 7e-06 -20.976019 -2e-06 -5.019966 -25.03356 -4.031881 5e-06 2e-06 -1e-06 -10.634535 -5.68697 -3.565587 10.573277 -17.922955 -3.113903 4e-06 -13.821209 -1e-06 -0.501775 -31.181505 -4.027015 -11.711903 -59.57798 7.122911 -13.982715 -7.150198 -2.87504 13.772731 -8.401493 -3.218244 0.347739 -34.211555 0.771651 -0.963025 -17.733372 2.621018 -1e-06 1e-06 1e-06 -17.346418 -20.095219 -4.201779 21.757561 -1.638377 3.866426 2e-06 -6.338823 -1e-06 -1.697585 -22.591747 -6.194007 -2e-06 -3e-06 -3e-06 81.909866 -80.275085 121.392204 63.387833 -56.167023 -22.346146 26.264767 -0.125096 -0.306914 -0.388085 7.503465 1.440749 22.182117 -20.375898 49.933323 -16.701818 -16.74353 28.476536 -3e-06 -12.690603 -2e-06 16.510218 -17.526434 2.358651 -0.105919 -1.513856 -4.275883 -5.039042 -5.612872 -2.953555 5e-06 -11.020527 -3e-06 -6.111298 -15.895336 -3.840468 0.0 1e-06 1e-06 -10.283371 -5.680288 -4.341837 11.028296 -11.302407 -2.372635 -1.384268 -14.238583 -6.320123 -0.625435 -26.924198 -3.8276 -4.378233 -49.647823 -3.816481 -13.708526 -7.363478 -3.720939 18.141153 -14.052744 -3.242677 7e-06 -18.787275 -3e-06 -0.429713 -8.456047 2.555504 -1e-06 2e-06 -0.0 -15.923536 -20.094486 -5.473588 30.419218 -7.190827 1.735925 4e-06 -8.162929 -2e-06 -1.861899 -22.861475 -6.167946 0.0 -2e-06 -1e-06 179.599564 -0.09147 -0.802472 12.232614 0.015258 -0.005456 -79.447273 1.500826 -4.404455 -3.822547 1.363629 2.158014 -0.999999 0.0 0.0 -2.807194 -9.233272 -9.789901 17.280405 -0.005683 0.09832 -80.211586 -3.31759 -9.158237 -4.023646 0.727992 1.703255 -1.000001 -0.0 0.0 
0.0 0.0 0.0 0.0 -0.0 0.0 1.597941 99.795273 -3.361775 92.052055 1.735835 94.019722 -1.619271 -0.244032 0.749305 -11.728642 -0.308034 1.033019 31.0734 -3.46354 -0.874005 53.901257 -4.508158 2.508849 -2.233138 -0.313863 -4.452281 -10.088058 3.110992 -6.304975 5e-06 -0.0 0.0 -0.122061 -0.00444 -0.025419 -0.169582 0.194611 -0.085407 -0.300058 -0.197742 0.040141 -76.569954 -78.862389 93.167023 74.601891 -55.426311 -24.521605 26.865599 0.019419 -0.102754 -2.827175 7.065361 6.793869 17.636627 -26.322729 52.41119 -19.46665 -14.395597 29.410378 0.0 -8.774821 -1e-06 16.231501 -18.696232 6.201833 -0.609776 -1.795654 -3.889324 -4.80709 -11.04681 -2.937852 4e-06 -20.976015 -0.0 -5.019971 -25.033556 -4.031882 5e-06 2e-06 0.0 -10.634533 -5.686969 -3.565585 10.573272 -17.922949 -3.113899 2e-06 -13.821205 1e-06 -0.501775 -31.181501 -4.027016 -11.640151 -59.526936 7.015057 -13.982714 -7.150198 -2.875042 13.772729 -8.401489 -3.218242 0.347729 -34.211544 0.771658 -0.963031 -17.73337 2.621019 -1e-06 -0.0 -0.0 -17.34642 -20.095217 -4.201779 21.757557 -1.638374 3.866429 1e-06 -6.338822 0.0 -1.697589 -22.591742 -6.194004 -0.0 -4e-06 -1e-06 80.324272 -80.204048 122.837921 62.801792 -56.612499 -21.976582 25.716494 -0.161911 -0.321935 -0.586144 7.254802 1.284974 22.182108 -20.375891 49.933319 -16.701811 -16.743528 28.47653 -3e-06 -12.690598 0.0 16.505508 -17.524435 2.369499 -0.105919 -1.513855 -4.275882 -5.039039 -5.612871 -2.953553 4e-06 -11.020523 -3e-06 -6.111297 -15.89533 -3.840469 -1e-06 1e-06 -0.0 -10.283367 -5.680287 -4.341841 11.028292 -11.302404 -2.372633 -1.384269 -14.238579 -6.320121 -0.62544 -26.924187 -3.827601 -4.392452 -49.688488 -3.785009 -13.708523 -7.363476 -3.72094 18.141148 -14.052737 -3.242674 6e-06 -18.787266 -3e-06 -0.429711 -8.456043 2.555504 1e-06 1e-06 -1e-06 -15.923532 -20.094479 -5.473586 30.419207 -7.190823 1.735927 2e-06 -8.162921 -2e-06 -1.861902 -22.861467 -6.167943 -0.0 -1e-06 -1e-06 -179.795731 -0.487199 -0.926342 12.016034 0.015703 -0.004565 -79.617126 1.42266 -4.371496 -3.820959 1.367597 2.160026 -0.999998 -0.0 0.0 -1.950667 -8.751516 -9.729801 16.41991 -0.001923 0.082088 -80.024055 -3.275568 -9.112835 -4.03835 0.727405 1.704446 -1.000002 -0.0 -0.0 
0.0 0.0 0.0 0.0 -0.0 0.0 1.550446 99.803673 -3.01818 91.809441 1.981633 93.813606 -1.937878 -0.118323 0.748185 -11.880944 -0.266023 1.071815 30.667389 -3.38972 -0.818713 53.767056 -4.634359 2.460675 -2.232836 -0.325522 -4.316154 -9.472342 3.144448 -6.142889 5e-06 0.0 0.0 -0.123575 0.001151 -0.018837 -0.20549 0.201855 -0.092172 -0.338478 -0.193656 0.060173 -77.687325 -78.740616 94.221344 74.341026 -55.882725 -23.890676 26.386681 -0.053814 -0.096005 -2.705553 6.714767 6.77097 17.636631 -26.322729 52.411186 -19.466661 -14.395598 29.410385 -0.0 -8.774822 -2e-06 16.228205 -18.670343 6.156569 -0.609776 -1.795654 -3.889325 -4.80709 -11.046812 -2.93785 5e-06 -20.976019 -1e-06 -5.019974 -25.03356 -4.031878 8e-06 -1e-06 -1e-06 -10.634535 -5.68697 -3.565586 10.573276 -17.922955 -3.113899 2e-06 -13.82121 -0.0 -0.501777 -31.181511 -4.027017 -11.549788 -59.481735 6.921307 -13.982715 -7.150198 -2.87504 13.77273 -8.401491 -3.21824 0.347733 -34.211555 0.771655 -0.963032 -17.73337 2.621022 0.0 -1e-06 -0.0 -17.346422 -20.095215 -4.201778 21.757561 -1.638375 3.866428 2e-06 -6.338825 1e-06 -1.69759 -22.591745 -6.194006 -1e-06 -4e-06 -1e-06 78.960487 -80.11869 124.069038 62.149345 -57.177052 -21.479652 25.44895 -0.160348 -0.328805 -0.744289 6.893064 1.091447 22.182117 -20.375898 49.933323 -16.701817 -16.74353 28.476532 -3e-06 -12.690603 -1e-06 16.468601 -17.512821 2.370932 -0.105919 -1.513857 -4.275882 -5.039041 -5.612871 -2.953557 4e-06 -11.020525 -1e-06 -6.111297 -15.895332 -3.840472 0.0 0.0 1e-06 -10.283371 -5.680286 -4.34184 11.028296 -11.302406 -2.372634 -1.384268 -14.238579 -6.32012 -0.625436 -26.924191 -3.8276 -4.37942 -49.696033 -3.776142 -13.708526 -7.363476 -3.720939 18.141153 -14.052739 -3.242675 7e-06 -18.787271 -2e-06 -0.429712 -8.456044 2.555506 0.0 1e-06 -1e-06 -15.923536 -20.094482 -5.473588 30.419214 -7.190828 1.73593 4e-06 -8.162927 -2e-06 -1.861903 -22.861469 -6.16794 0.0 -2e-06 -2e-06 -179.204422 -0.817868 -1.08211 11.843129 0.013355 -0.010828 -79.815269 1.344151 -4.334993 -3.830573 1.372911 2.15946 -0.999999 0.0 -0.0 -1.163593 -8.350947 -9.641642 15.689983 0.005991 0.064797 -79.903999 -3.174282 -9.109393 -4.062486 0.727885 1.706042 -1.000001 -1e-06 -0.0 
0.0 0.0 0.0 0.0 -0.0 0.0 1.505559 99.80069 -2.669594 91.609673 2.193506 93.578705 -2.256086 0.016722 0.754399 -12.029877 -0.223397 1.104009 30.249615 -3.312799 -0.79652 53.507874 -4.864076 2.400761 -2.230797 -0.336483 -4.215965 -8.921613 3.089945 -5.983752 5e-06 0.0 -0.0 -0.124393 0.004733 -0.012929 -0.229745 0.208678 -0.098499 -0.366865 -0.192995 0.07828 -79.114288 -78.591652 95.623833 73.995232 -56.375149 -23.104818 25.834255 -0.112344 -0.090441 -2.598156 6.292482 6.821784 17.636641 -26.322741 52.411201 -19.466665 -14.3956 29.410395 -1e-06 -8.774824 -3e-06 16.261911 -18.632294 6.100268 -0.609777 -1.795654 -3.889327 -4.807087 -11.046812 -2.937853 7e-06 -20.976021 -3e-06 -5.019973 -25.033562 -4.031877 6e-06 -0.0 -1e-06 -10.634537 -5.686972 -3.565588 10.573278 -17.922955 -3.113903 4e-06 -13.821211 0.0 -0.501773 -31.181511 -4.027019 -11.496843 -59.483852 6.897002 -13.982718 -7.1502 -2.875042 13.772735 -8.401494 -3.218243 0.34774 -34.211571 0.771657 -0.963028 -17.733379 2.62102 -1e-06 -0.0 1e-06 -17.346422 -20.095221 -4.201784 21.757566 -1.638378 3.866428 1e-06 -6.338825 1e-06 -1.69759 -22.591749 -6.194002 1e-06 -4e-06 -3e-06 77.718437 -80.016449 125.183708 61.483013 -57.774323 -20.861597 25.316538 -0.127903 -0.326496 -0.929491 6.49223 0.910335 22.182121 -20.375898 49.933319 -16.70182 -16.743532 28.476534 -3e-06 -12.690604 -1e-06 16.438898 -17.514431 2.362554 -0.105919 -1.513856 -4.275885 -5.039042 -5.612872 -2.953553 4e-06 -11.020527 -2e-06 -6.111299 -15.895338 -3.840467 -1e-06 0.0 -1e-06 -10.283371 -5.680288 -4.341837 11.028297 -11.302407 -2.372633 -1.384269 -14.238583 -6.32012 -0.625437 -26.924194 -3.827601 -4.366205 -49.688778 -3.780633 -13.708526 -7.363477 -3.720941 18.141151 -14.052742 -3.242674 7e-06 -18.787271 -1e-06 -0.429713 -8.456047 2.555506 1e-06 1e-06 -1e-06 -15.923538 -20.09449 -5.473585 30.419222 -7.190828 1.735927 4e-06 -8.162928 -3e-06 -1.861904 -22.861479 -6.167943 1e-06 -3e-06 -1e-06 -178.649979 -1.091321 -1.24536 11.695359 0.010478 -0.032231 -80.02906 1.267801 -4.32227 -3.85385 1.376094 2.155682 -1.0 0.0 -0.0 -0.488298 -8.020903 -9.519467 15.114634 0.014204 0.050424 -79.860764 -3.050909 -9.141479 -4.102301 0.723727 1.704674 -1.000003 -0.0 0.0 
0.0 0.0 0.0 0.0 -0.0 0.0 1.451274 99.790482 -2.335232 91.454727 2.357176 93.346848 -2.567477 0.161936 0.766641 -12.169626 -0.182355 1.127802 29.833187 -3.234804 -0.789059 53.114292 -5.137334 2.336117 -2.222864 -0.349276 -4.134514 -8.464679 2.993544 -5.85012 3e-06 0.0 -0.0 -0.124481 0.007745 -0.008709 -0.250038 0.214626 -0.106319 -0.391913 -0.192514 0.095089 -80.737297 -78.460884 97.230576 73.62529 -56.89426 -22.433668 25.168772 -0.151311 -0.09055 -2.52859 5.879575 6.966989 17.636629 -26.322731 52.41119 -19.46666 -14.395596 29.410389 -1e-06 -8.77482 -2e-06 16.300716 -18.60211 6.059399 -0.609777 -1.795654 -3.889325 -4.807086 -11.046809 -2.937849 4e-06 -20.976015 1e-06 -5.019969 -25.033556 -4.031878 5e-06 2e-06 0.0 -10.634533 -5.68697 -3.565586 10.573272 -17.922949 -3.1139 3e-06 -13.821205 -0.0 -0.501775 -31.181501 -4.027014 -11.496704 -59.507599 6.93122 -13.982711 -7.150197 -2.875043 13.772727 -8.401491 -3.218242 0.347734 -34.211544 0.771656 -0.963031 -17.733368 2.621022 -1e-06 -0.0 -0.0 -17.346413 -20.095211 -4.20178 21.757555 -1.638375 3.866427 1e-06 -6.338821 1e-06 -1.69759 -22.591742 -6.194006 0.0 -5e-06 0.0 76.565468 -79.90239 126.211227 60.85984 -58.320309 -20.251438 25.130365 -0.11926 -0.31819 -1.115725 6.201938 0.831441 22.182106 -20.3759 49.933331 -16.701817 -16.74353 28.476538 -5e-06 -12.690599 1e-06 16.431675 -17.532564 2.348269 -0.10592 -1.513857 -4.275884 -5.039039 -5.612871 -2.953556 4e-06 -11.020526 0.0 -6.111296 -15.895334 -3.840471 -0.0 1e-06 -0.0 -10.283368 -5.680288 -4.341838 11.028294 -11.302406 -2.372636 -1.384268 -14.238583 -6.32012 -0.625436 -26.924198 -3.827601 -4.3506 -49.688137 -3.795522 -13.70852 -7.363475 -3.72094 18.141146 -14.052739 -3.242674 7e-06 -18.78727 -1e-06 -0.429713 -8.456042 2.555503 -0.0 0.0 -0.0 -15.923532 -20.094486 -5.473588 30.419214 -7.190826 1.735928 3e-06 -8.162926 -1e-06 -1.861903 -22.861471 -6.167942 0.0 -4e-06 -1e-06 -178.154755 -1.31035 -1.379668 11.548824 0.005446 -0.056584 -80.229523 1.192603 -4.342797 -3.890933 1.388397 2.151264 -0.999998 0.0 -0.0 0.049957 -7.752786 -9.369021 14.70148 0.018372 0.050395 -79.884544 -2.978219 -9.168155 -4.15079 0.711936 1.699057 -1.000002 -0.0 -0.0 
0.0 0.0 0.0 0.0 -0.0 0.0 1.386618 99.769531 -2.017115 91.337746 2.490499 93.140457 -2.855852 0.319753 0.76167 -12.295731 -0.143151 1.14407 29.409811 -3.157902 -0.774044 52.610691 -5.430159 2.276607 -2.217522 -0.373743 -4.095186 -8.075044 2.87455 -5.745009 7e-06 -1e-06 -0.0 -0.121862 0.009524 -0.005563 -0.265132 0.216326 -0.113709 -0.410552 -0.190274 0.11004 -82.328384 -78.349892 98.783234 73.31324 -57.453552 -22.004929 24.362181 -0.143927 -0.086788 -2.511221 5.50499 7.083043 17.636631 -26.32272 52.411179 -19.466665 -14.395597 29.410389 -1e-06 -8.774822 -2e-06 16.342421 -18.57951 6.036458 -0.609775 -1.795653 -3.889325 -4.807088 -11.04681 -2.937851 6e-06 -20.976015 -2e-06 -5.01997 -25.03356 -4.031878 8e-06 0.0 -1e-06 -10.634533 -5.68697 -3.565586 10.573276 -17.922953 -3.113905 4e-06 -13.821209 -2e-06 -0.501773 -31.181505 -4.027015 -11.533477 -59.545467 6.99297 -13.982712 -7.150196 -2.87504 13.77273 -8.401492 -3.218244 0.347741 -34.211544 0.771651 -0.963027 -17.73337 2.621018 -1e-06 0.0 -0.0 -17.346416 -20.095215 -4.20178 21.757559 -1.638376 3.866427 1e-06 -6.338822 1e-06 -1.697586 -22.591745 -6.194008 -0.0 -1e-06 -2e-06 75.673531 -79.808235 126.989204 60.361225 -58.813251 -19.923592 24.824619 -0.191547 -0.312658 -1.286716 6.058928 0.850457 22.182112 -20.375887 49.933315 -16.701815 -16.74353 28.476528 -3e-06 -12.690601 1e-06 16.436567 -17.558544 2.336668 -0.10592 -1.513856 -4.275883 -5.039041 -5.61287 -2.953556 4e-06 -11.020523 -2e-06 -6.111298 -15.89533 -3.840469 -0.0 0.0 2e-06 -10.283371 -5.680288 -4.341838 11.028295 -11.302404 -2.372633 -1.38427 -14.238581 -6.320119 -0.625439 -26.924191 -3.827601 -4.344 -49.671043 -3.818913 -13.708526 -7.363477 -3.720939 18.141148 -14.052739 -3.242672 6e-06 -18.78727 -4e-06 -0.42971 -8.456043 2.555503 0.0 0.0 -0.0 -15.923536 -20.094484 -5.473583 30.419214 -7.190824 1.735926 2e-06 -8.162925 -1e-06 -1.861903 -22.861467 -6.167946 1e-06 -2e-06 -0.0 -177.746399 -1.492481 -1.510384 11.489439 0.00255 -0.076077 -80.451988 1.153491 -4.370004 -3.920458 1.407355 2.14867 -0.999998 0.0 0.0 0.460339 -7.539269 -9.189503 14.478975 0.025016 0.059826 -79.989594 -2.991272 -9.178646 -4.188173 0.702832 1.69293 -1.000002 -1e-06 -0.0 
0.0 0.0 0.0 0.0 -0.0 0.0 1.307048 99.743286 -1.735881 91.239296 2.592209 92.974747 -3.09466 0.485032 0.728588 -12.396097 -0.101342 1.154188 28.985073 -3.074966 -0.767287 52.014835 -5.7564 2.247082 -2.214817 -0.392919 -4.091011 -7.814986 2.712718 -5.666918 7e-06 -0.0 -0.0 -0.121423 0.010696 -0.005255 -0.269432 0.21452 -0.118797 -0.416478 -0.185934 0.117214 -83.854401 -78.242165 100.207245 72.968445 -58.042149 -21.832424 23.548481 -0.11563 -0.081109 -2.500638 5.254221 7.087156 17.636629 -26.322737 52.411205 -19.46666 -14.395596 29.410395 -1e-06 -8.774821 -2e-06 16.3585 -18.579435 6.032595 -0.609776 -1.795653 -3.889328 -4.807087 -11.046808 -2.937849 5e-06 -20.976015 -3e-06 -5.019969 -25.033556 -4.031878 7e-06 3e-06 -1e-06 -10.634531 -5.686969 -3.565586 10.573272 -17.922947 -3.113901 2e-06 -13.821205 1e-06 -0.501778 -31.181498 -4.027011 -11.58389 -59.554039 7.039974 -13.982712 -7.150196 -2.875042 13.772727 -8.401489 -3.218244 0.347732 -34.211544 0.771657 -0.963029 -17.73337 2.621021 -1e-06 -1e-06 1e-06 -17.346416 -20.095215 -4.201782 21.757557 -1.638375 3.866429 1e-06 -6.338823 0.0 -1.69759 -22.591742 -6.194003 -1e-06 -4e-06 -2e-06 74.952568 -79.753334 127.590477 59.889 -59.250881 -19.836721 24.495823 -0.307143 -0.309079 -1.447955 6.011728 0.864823 22.182108 -20.375895 49.933319 -16.701811 -16.74353 28.476528 -3e-06 -12.6906 1e-06 16.439989 -17.568222 2.320179 -0.10592 -1.513856 -4.27588 -5.03904 -5.61287 -2.953557 4e-06 -11.02052 -1e-06 -6.111297 -15.895329 -3.840469 -1e-06 -1e-06 1e-06 -10.283369 -5.680288 -4.34184 11.028292 -11.302404 -2.372633 -1.38427 -14.238579 -6.320121 -0.62544 -26.924191 -3.8276 -4.340515 -49.619141 -3.855737 -13.708522 -7.363475 -3.72094 18.141146 -14.052738 -3.242675 5e-06 -18.787266 2e-06 -0.429713 -8.456044 2.555504 0.0 1e-06 -1e-06 -15.923532 -20.094482 -5.473587 30.419205 -7.190823 1.735927 1e-06 -8.162922 -1e-06 -1.861904 -22.861467 -6.167945 1e-06 -5e-06 0.0 -177.450714 -1.665789 -1.657778 11.531973 0.000933 -0.085571 -80.686859 1.167991 -4.387907 -3.945504 1.418766 2.14737 -0.999998 0.0 -0.0 0.756224 -7.347575 -8.995893 14.391031 0.029529 0.072758 -80.134712 -3.087058 -9.183547 -4.217732 0.69752 1.687102 -1.000004 0.0 -0.0 
0.0 0.0 0.0 0.0 -0.0 0.0 1.206695 99.718872 -1.504112 91.153419 2.668926 92.873024 -3.270758 0.652866 0.676039 -12.474837 -0.060187 1.155189 28.553766 -2.985278 -0.764883 51.337132 -6.068169 2.223129 -2.213558 -0.431299 -4.072114 -7.706089 2.502682 -5.594722 4e-06 0.0 -0.0 -0.124125 0.013349 -0.007694 -0.259698 0.209521 -0.122063 -0.405941 -0.175333 0.116496 -85.034737 -78.159691 101.24939 72.599258 -58.639717 -21.976345 22.874754 -0.095942 -0.071307 -2.454953 5.134617 7.066629 17.636631 -26.322729 52.411194 -19.466658 -14.395598 29.410385 -1e-06 -8.774822 -1e-06 16.351456 -18.579046 6.019306 -0.609778 -1.795655 -3.889329 -4.807088 -11.046809 -2.93785 4e-06 -20.976015 -2e-06 -5.019971 -25.03356 -4.031882 4e-06 2e-06 -0.0 -10.634533 -5.68697 -3.565587 10.573271 -17.922947 -3.113899 3e-06 -13.821208 -0.0 -0.501778 -31.181505 -4.027015 -11.566295 -59.525299 7.004171 -13.982712 -7.150196 -2.875045 13.772729 -8.401489 -3.218241 0.347734 -34.211544 0.771656 -0.963028 -17.73337 2.621022 -1e-06 1e-06 -0.0 -17.346416 -20.095215 -4.201785 21.757557 -1.638375 3.86643 1e-06 -6.338822 0.0 -1.69759 -22.591745 -6.194006 0.0 -4e-06 -1e-06 74.509636 -79.731163 127.876213 59.379528 -59.68647 -19.852861 24.221746 -0.384375 -0.305271 -1.547572 5.968195 0.862765 22.182114 -20.375891 49.933319 -16.701817 -16.74353 28.47653 -4e-06 -12.690601 -2e-06 16.456747 -17.574793 2.299428 -0.105919 -1.513855 -4.275883 -5.039041 -5.612871 -2.953558 4e-06 -11.020523 -1e-06 -6.111296 -15.89533 -3.840471 1e-06 -0.0 2e-06 -10.283371 -5.680288 -4.341841 11.028296 -11.302406 -2.372633 -1.384268 -14.238581 -6.320121 -0.625438 -26.924189 -3.827601 -4.345417 -49.586151 -3.889686 -13.708526 -7.363475 -3.720942 18.141153 -14.052739 -3.242678 7e-06 -18.78727 -0.0 -0.42971 -8.456043 2.555505 0.0 1e-06 -0.0 -15.923536 -20.094482 -5.473588 30.419214 -7.190828 1.735926 4e-06 -8.162925 -2e-06 -1.8619 -22.861469 -6.167943 0.0 -2e-06 -0.0 -177.238953 -1.842683 -1.812632 11.607462 -0.001099 -0.08253 -80.890755 1.216187 -4.436876 -3.943133 1.419089 2.145688 -0.999999 0.0 -0.0 0.977782 -7.159405 -8.830681 14.362288 0.028069 0.088509 -80.279755 -3.235636 -9.149314 -4.239165 0.695662 1.682955 -1.000001 -1e-06 -0.0 
0.0 0.0 0.0 0.0 -0.0 0.0 1.076472 99.708725 -1.319694 91.073837 2.713099 92.82933 -3.394131 0.82466 0.616157 -12.534727 -0.020295 1.152515 28.114241 -2.884191 -0.78728 50.5839 -6.374765 2.190733 -2.227603 -0.480925 -3.972848 -7.771725 2.24527 -5.497287 4e-06 -0.0 -0.0 -0.131031 0.014676 -0.009452 -0.255565 0.199687 -0.124429 -0.397275 -0.16297 0.115744 -85.818878 -78.102257 101.897346 72.167053 -59.219925 -22.3078 22.420433 -0.06689 -0.073158 -2.355367 5.091844 6.976382 17.636633 -26.322737 52.411205 -19.466663 -14.395597 29.410395 -0.0 -8.774822 -2e-06 16.324154 -18.570097 6.011415 -0.609776 -1.795654 -3.889326 -4.807089 -11.046813 -2.937851 4e-06 -20.976019 -1e-06 -5.019971 -25.033562 -4.031881 6e-06 2e-06 1e-06 -10.634536 -5.686972 -3.565588 10.573275 -17.922951 -3.113901 2e-06 -13.821209 -0.0 -0.501778 -31.181507 -4.027018 -11.51588 -59.495735 6.939036 -13.982716 -7.150199 -2.875043 13.772731 -8.401492 -3.218244 0.347734 -34.211555 0.771654 -0.963029 -17.733372 2.621019 0.0 0.0 1e-06 -17.346422 -20.095221 -4.201782 21.757559 -1.638374 3.866428 1e-06 -6.338825 0.0 -1.69759 -22.591749 -6.19401 -2e-06 -2e-06 -0.0 74.127617 -79.743317 128.067734 58.708714 -60.095051 -19.830942 24.077312 -0.422957 -0.301004 -1.509688 5.953701 0.886778 22.182119 -20.375895 49.933319 -16.701811 -16.74353 28.476528 -3e-06 -12.690603 -2e-06 16.465691 -17.555754 2.278056 -0.105919 -1.513855 -4.275883 -5.039042 -5.612871 -2.953556 4e-06 -11.020521 -2e-06 -6.111298 -15.89533 -3.840471 0.0 0.0 1e-06 -10.283373 -5.680287 -4.341843 11.028296 -11.302404 -2.372634 -1.384269 -14.238581 -6.320121 -0.625439 -26.924185 -3.827601 -4.339176 -49.544559 -3.934364 -13.708527 -7.363475 -3.72094 18.14115 -14.052739 -3.242673 6e-06 -18.78727 -0.0 -0.429712 -8.456042 2.555503 -0.0 1e-06 -0.0 -15.923538 -20.094482 -5.473587 30.419218 -7.190827 1.735927 3e-06 -8.162925 -1e-06 -1.8619 -22.861469 -6.167945 -0.0 -1e-06 -0.0 -177.029434 -2.032566 -1.94353 11.531267 -0.001419 -0.074916 -80.982857 1.283021 -4.542966 -3.927463 1.406013 2.144256 -0.999999 0.0 0.0 1.179286 -6.947927 -8.671942 14.261499 0.022231 0.09984 -80.362381 -3.445154 -9.077363 -4.224731 0.691725 1.681467 -1.000002 -1e-06 0.0 
0.0 0.0 0.0 0.0 -0.0 0.0 0.911038 99.71244 -1.173372 91.013641 2.726548 92.826271 -3.479243 0.983044 0.557666 -12.581432 0.012727 1.144415 27.690969 -2.769521 -0.821069 49.789539 -6.670015 2.167043 -2.255006 -0.532195 -3.80994 -8.052724 1.970083 -5.355162 6e-06 -0.0 -0.0 -0.137129 0.012671 -0.006287 -0.258081 0.184183 -0.123893 -0.394629 -0.151955 0.121851 -86.365288 -78.0532 102.323425 71.643745 -59.76128 -22.663694 22.217819 -0.041045 -0.083518 -2.220567 5.075616 6.797154 17.636621 -26.322723 52.411182 -19.466652 -14.395594 29.410378 -0.0 -8.774819 -5e-06 16.277945 -18.546417 6.016806 -0.609776 -1.795652 -3.889327 -4.807087 -11.046809 -2.937851 3e-06 -20.976013 -1e-06 -5.01997 -25.033556 -4.031879 5e-06 -1e-06 -1e-06 -10.634529 -5.686969 -3.565589 10.573271 -17.922947 -3.113899 3e-06 -13.821205 0.0 -0.501774 -31.181501 -4.027013 -11.476281 -59.478851 6.902806 -13.982711 -7.150198 -2.87504 13.772726 -8.401489 -3.218243 0.347734 -34.211544 0.771654 -0.963028 -17.73337 2.62102 0.0 -0.0 -1e-06 -17.346411 -20.095213 -4.201779 21.757555 -1.638373 3.866422 2e-06 -6.338824 0.0 -1.69759 -22.591745 -6.194002 0.0 -2e-06 -2e-06 73.656044 -79.749878 128.322357 57.847359 -60.446846 -19.695442 24.089396 -0.415154 -0.286347 -1.361524 6.052143 0.945451 22.182119 -20.375895 49.933311 -16.701815 -16.743526 28.47653 -4e-06 -12.690601 -1e-06 16.455008 -17.528364 2.278434 -0.105919 -1.513856 -4.275882 -5.039041 -5.612873 -2.953559 4e-06 -11.020527 1e-06 -6.111299 -15.895338 -3.840469 1e-06 -1e-06 -1e-06 -10.283371 -5.680289 -4.341836 11.028295 -11.302407 -2.372634 -1.384269 -14.238583 -6.320122 -0.625437 -26.924198 -3.827603 -4.333965 -49.520714 -3.953368 -13.708526 -7.363479 -3.720939 18.141151 -14.052744 -3.242674 6e-06 -18.787273 -0.0 -0.429709 -8.456047 2.555502 -1e-06 3e-06 -0.0 -15.923536 -20.094486 -5.473583 30.419214 -7.190827 1.735929 3e-06 -8.162928 -1e-06 -1.8619 -22.861479 -6.167946 -1e-06 -0.0 -2e-06 -176.78186 -2.223934 -2.050178 11.241831 0.003293 -0.070127 -80.944687 1.379648 -4.672393 -3.931061 1.388171 2.142823 -0.999999 0.0 -0.0 1.352784 -6.731608 -8.527566 14.115531 0.018367 0.097826 -80.403465 -3.670328 -8.963693 -4.195064 0.689078 1.683791 -1.000002 0.0 0.0 
0.0 0.0 0.0 0.0 -0.0 0.0 0.718467 99.717316 -1.038906 90.97242 2.715852 92.841667 -3.548659 1.134332 0.513072 -12.617463 0.039121 1.135937 27.290455 -2.644049 -0.853706 48.985806 -6.944265 2.150202 -2.28299 -0.576552 -3.587183 -8.547989 1.656649 -5.155256 7e-06 0.0 0.0 -0.137283 0.008856 -0.00021 -0.254503 0.167068 -0.119457 -0.386356 -0.143225 0.129898 -86.842239 -77.999268 102.708855 71.070335 -60.251633 -23.003004 22.183313 -0.050057 -0.098477 -2.094223 5.032959 6.629912 17.636633 -26.322735 52.411205 -19.466663 -14.395598 29.410395 0.0 -8.774822 -3e-06 16.238689 -18.526346 6.033637 -0.609776 -1.795655 -3.889329 -4.807087 -11.046811 -2.937853 4e-06 -20.976019 -0.0 -5.019968 -25.033562 -4.031884 6e-06 2e-06 2e-06 -10.634537 -5.686973 -3.565587 10.573277 -17.922951 -3.113901 4e-06 -13.821209 1e-06 -0.501776 -31.181505 -4.027016 -11.48356 -59.490223 6.92668 -13.982714 -7.150198 -2.875045 13.772731 -8.401492 -3.218243 0.347736 -34.211555 0.771655 -0.963029 -17.73337 2.621021 -0.0 2e-06 1e-06 -17.346422 -20.095221 -4.201782 21.757561 -1.638375 3.866429 2e-06 -6.338825 -3e-06 -1.69759 -22.591751 -6.194005 0.0 -4e-06 -2e-06 73.251678 -79.741241 128.507645 56.897472 -60.752483 -19.499403 24.214346 -0.35039 -0.258881 -1.176616 6.287806 1.002473 22.182116 -20.375898 49.933327 -16.701813 -16.743526 28.47653 -3e-06 -12.6906 -1e-06 16.435072 -17.516308 2.314002 -0.105919 -1.513856 -4.275884 -5.039041 -5.612872 -2.953557 4e-06 -11.020525 -2e-06 -6.111297 -15.895336 -3.840468 -1e-06 1e-06 0.0 -10.283369 -5.680288 -4.34184 11.028296 -11.302406 -2.372633 -1.384269 -14.238581 -6.320121 -0.625437 -26.924191 -3.827602 -4.353446 -49.546303 -3.91908 -13.708524 -7.363477 -3.720941 18.14115 -14.052741 -3.242675 8e-06 -18.78727 -2e-06 -0.429711 -8.456045 2.555502 1e-06 2e-06 -0.0 -15.923534 -20.094486 -5.473587 30.41921 -7.190826 1.735928 3e-06 -8.162927 0.0 -1.8619 -22.861473 -6.167945 1e-06 -1e-06 -0.0 -176.541611 -2.413409 -2.14839 10.889647 0.01222 -0.069238 -80.864563 1.51194 -4.803457 -3.945093 1.37592 2.141371 -0.999999 -0.0 -0.0 1.464504 -6.529037 -8.411217 14.035623 0.019187 0.092165 -80.47274 -3.874494 -8.812984 -4.181616 0.684257 1.686653 -1.000003 0.0 -0.0 
0.0 0.0 0.0 0.0 -0.0 0.0 0.505056 99.717697 -0.905842 90.957245 2.676847 92.885536 -3.627464 1.281124 0.486357 -12.65175 0.06384 1.124745 26.916414 -2.523463 -0.88392 48.141464 -7.20609 2.130041 -2.306096 -0.604539 -3.331507 -9.185345 1.311455 -4.864755 8e-06 -0.0 0.0 -0.13207 -0.000498 0.012596 -0.241208 0.144821 -0.105429 -0.369861 -0.140366 0.141418 -87.374458 -77.9319 103.192139 70.515663 -60.693764 -23.344683 22.207012 -0.081657 -0.109257 -1.99798 4.972921 6.574548 17.636633 -26.322733 52.411213 -19.46666 -14.395597 29.410395 -0.0 -8.774822 -3e-06 16.223295 -18.510149 6.052885 -0.609775 -1.795653 -3.889329 -4.807091 -11.046811 -2.937854 3e-06 -20.976017 -1e-06 -5.019969 -25.03356 -4.031882 5e-06 1e-06 1e-06 -10.634537 -5.686973 -3.56559 10.573277 -17.922949 -3.1139 3e-06 -13.821209 -1e-06 -0.501772 -31.181505 -4.02702 -11.519005 -59.523113 6.976171 -13.982716 -7.150199 -2.875046 13.772729 -8.401491 -3.218243 0.347735 -34.211555 0.771653 -0.963028 -17.733374 2.621022 -0.0 1e-06 -1e-06 -17.34642 -20.095219 -4.201788 21.757559 -1.638375 3.866428 1e-06 -6.338824 -0.0 -1.69759 -22.591745 -6.194005 -1e-06 -3e-06 -2e-06 73.125366 -79.697258 128.400177 55.940632 -61.07 -19.289999 24.411963 -0.239023 -0.227929 -0.984407 6.63475 1.03734 22.182119 -20.375898 49.933327 -16.701813 -16.743528 28.476532 -3e-06 -12.690601 -3e-06 16.415773 -17.530554 2.373283 -0.10592 -1.513856 -4.275879 -5.039041 -5.612872 -2.953558 5e-06 -11.020523 -0.0 -6.111296 -15.89533 -3.840472 -0.0 0.0 1e-06 -10.28337 -5.680288 -4.341838 11.028296 -11.302406 -2.372633 -1.384269 -14.238578 -6.320122 -0.625437 -26.924191 -3.8276 -4.394476 -49.610538 -3.847364 -13.708524 -7.363477 -3.720941 18.14115 -14.05274 -3.242673 8e-06 -18.78727 -0.0 -0.429712 -8.456043 2.555503 -1e-06 2e-06 -0.0 -15.923534 -20.094482 -5.473587 30.419214 -7.190827 1.735929 3e-06 -8.162926 -1e-06 -1.8619 -22.861473 -6.167945 0.0 -2e-06 -0.0 -176.340805 -2.589278 -2.241356 10.543344 0.021424 -0.071921 -80.778389 1.677262 -4.929936 -3.979037 1.379874 2.141576 -1.000001 -0.0 -0.0 1.488809 -6.356607 -8.331429 14.084925 0.024163 0.089059 -80.606812 -4.06428 -8.661224 -4.2176 0.676084 1.685992 -1.000003 -0.0 -0.0 
0.0 0.0 0.0 0.0 -0.0 0.0 0.274887 99.711075 -0.768123 90.956207 2.620472 92.957497 -3.70729 1.430579 0.454364 -12.682491 0.091306 1.113284 26.548962 -2.414204 -0.907697 47.215256 -7.458556 2.099221 -2.332358 -0.607658 -3.029064 -9.964465 0.966134 -4.48053 4e-06 0.0 0.0 -0.12455 -0.011865 0.029016 -0.224598 0.115058 -0.083447 -0.348897 -0.13424 0.152368 -88.044029 -77.842133 103.827713 69.886108 -61.15612 -23.702461 22.293842 -0.13612 -0.117742 -1.856124 4.958986 6.485632 17.636633 -26.322733 52.411194 -19.466661 -14.395597 29.410393 0.0 -8.774822 -5e-06 16.205055 -18.496622 6.072535 -0.609777 -1.795654 -3.889326 -4.807091 -11.046812 -2.937852 2e-06 -20.976021 1e-06 -5.019977 -25.033562 -4.031879 6e-06 -0.0 -1e-06 -10.634537 -5.686974 -3.565588 10.573275 -17.922953 -3.113902 3e-06 -13.821213 -2e-06 -0.501779 -31.181511 -4.027017 -11.522637 -59.542511 6.98132 -13.982719 -7.150202 -2.875044 13.772732 -8.401495 -3.218243 0.347733 -34.211559 0.77165 -0.963031 -17.733376 2.621021 1e-06 2e-06 -1e-06 -17.346426 -20.095221 -4.201779 21.757565 -1.638374 3.86643 1e-06 -6.338825 -2e-06 -1.697591 -22.591751 -6.194006 -0.0 -3e-06 -1e-06 73.176933 -79.624283 128.063629 54.905434 -61.448978 -19.102856 24.669615 -0.159852 -0.215285 -0.735622 7.072712 1.13862 22.182112 -20.375887 49.933308 -16.701809 -16.743528 28.476519 -2e-06 -12.690599 -1e-06 16.404408 -17.559574 2.431571 -0.105919 -1.513856 -4.27588 -5.039041 -5.612871 -2.953556 3e-06 -11.02052 -0.0 -6.111299 -15.895329 -3.84047 0.0 -1e-06 -1e-06 -10.283369 -5.680288 -4.341837 11.028294 -11.302402 -2.372633 -1.38427 -14.238575 -6.32012 -0.62544 -26.924185 -3.8276 -4.435621 -49.679123 -3.773583 -13.708523 -7.363475 -3.720936 18.141146 -14.052735 -3.242676 5e-06 -18.787266 1e-06 -0.42971 -8.456042 2.555502 -1e-06 1e-06 -0.0 -15.923534 -20.094482 -5.47358 30.419207 -7.190823 1.735928 2e-06 -8.162924 -1e-06 -1.861904 -22.861467 -6.167946 0.0 -4e-06 -0.0 -176.195572 -2.76169 -2.347663 10.266905 0.025065 -0.078954 -80.719528 1.879258 -5.067409 -4.030625 1.391886 2.142426 -0.999999 -0.0 0.0 1.447439 -6.193754 -8.242185 14.247985 0.028839 0.091507 -80.801735 -4.287128 -8.538623 -4.256522 0.671702 1.684366 -1.0 -0.0 0.0 
0.0 0.0 0.0 0.0 -0.0 0.0 0.037686 99.69841 -0.634589 90.953041 2.560707 93.081116 -3.778254 1.583741 0.408212 -12.710415 0.123902 1.091842 26.207844 -2.317465 -0.921387 46.132439 -7.650388 2.070256 -2.355356 -0.600758 -2.705184 -10.969044 0.608675 -4.054647 7e-06 -0.0 0.0 -0.120466 -0.018453 0.045776 -0.206104 0.084014 -0.054193 -0.322048 -0.117555 0.156891 -89.064713 -77.718262 104.788712 69.02018 -61.667233 -23.982473 22.498537 -0.206711 -0.128414 -1.584042 4.915424 6.132272 17.636629 -26.322741 52.411213 -19.466663 -14.395598 29.410395 -1e-06 -8.774822 -3e-06 16.162027 -18.463959 6.045192 -0.609775 -1.795653 -3.889328 -4.807089 -11.046812 -2.937851 5e-06 -20.976021 3e-06 -5.019972 -25.03356 -4.031878 5e-06 0.0 1e-06 -10.634537 -5.686972 -3.565588 10.573277 -17.922953 -3.1139 4e-06 -13.821211 -1e-06 -0.501779 -31.181507 -4.027014 -11.396359 -59.505367 6.826694 -13.982715 -7.150199 -2.875042 13.772731 -8.401492 -3.218244 0.347736 -34.211559 0.771654 -0.963032 -17.733372 2.621023 -0.0 1e-06 1e-06 -17.346422 -20.095221 -4.20178 21.757566 -1.638375 3.866427 2e-06 -6.338825 0.0 -1.697591 -22.591747 -6.194006 -1e-06 -4e-06 -1e-06 73.108856 -79.48098 127.816887 53.730076 -61.811401 -18.859669 24.944784 -0.168002 -0.221596 -0.418658 7.505677 1.245517 22.182117 -20.375898 49.933327 -16.701815 -16.743528 28.476532 -3e-06 -12.690602 -1e-06 16.3815 -17.580051 2.467255 -0.105919 -1.513855 -4.27588 -5.03904 -5.612872 -2.953559 5e-06 -11.020525 -2e-06 -6.111296 -15.895332 -3.840469 0.0 -0.0 -2e-06 -10.28337 -5.680288 -4.34184 11.028296 -11.302406 -2.372632 -1.384268 -14.23858 -6.320122 -0.625439 -26.924192 -3.827598 -4.439709 -49.701439 -3.753283 -13.708526 -7.363475 -3.72094 18.141151 -14.052741 -3.242674 7e-06 -18.78727 -2e-06 -0.42971 -8.456045 2.555505 -0.0 0.0 1e-06 -15.923536 -20.094482 -5.473584 30.41921 -7.190828 1.735926 2e-06 -8.162927 -0.0 -1.861899 -22.861473 -6.167943 -0.0 -5e-06 -3e-06 -176.131027 -2.942969 -2.431293 10.123455 0.023066 -0.083409 -80.709877 2.075412 -5.213674 -4.056671 1.402651 2.146608 -0.999999 -0.0 -0.0 1.385446 -6.016276 -8.105608 14.458852 0.034767 0.090086 -81.023293 -4.590595 -8.463602 -4.270656 0.671658 1.682854 -1.000001 -0.0 -0.0 
0.0 0.0 0.0 0.0 -0.0 0.0 -0.214198 99.675926 -0.508892 90.939682 2.508721 93.249001 -3.820844 1.730237 0.353623 -12.729175 0.154207 1.060242 25.863482 -2.213563 -0.906827 44.80994 -7.720506 2.049251 -2.387624 -0.616564 -2.363833 -12.303858 0.198865 -3.580076 6e-06 -0.0 -0.0 -0.118123 -0.018914 0.060155 -0.173176 0.057335 -0.018269 -0.272803 -0.093659 0.15009 -90.393799 -77.574104 106.048256 67.887947 -62.209007 -24.004213 22.769699 -0.279238 -0.134077 -1.203617 4.782405 5.622888 17.636627 -26.322735 52.411198 -19.46666 -14.395597 29.410389 0.0 -8.774822 -3e-06 16.109461 -18.409082 6.002111 -0.609779 -1.795655 -3.889329 -4.807088 -11.046813 -2.937851 4e-06 -20.976021 1e-06 -5.019971 -25.033558 -4.031881 5e-06 -0.0 0.0 -10.634537 -5.686973 -3.565588 10.573274 -17.922953 -3.113899 2e-06 -13.821211 3e-06 -0.501778 -31.181511 -4.027018 -11.208965 -59.460552 6.607112 -13.982714 -7.150198 -2.875041 13.772727 -8.401493 -3.218243 0.347731 -34.211555 0.771658 -0.963029 -17.733374 2.621022 -0.0 0.0 0.0 -17.34642 -20.095221 -4.201783 21.757559 -1.638374 3.866428 2e-06 -6.338826 2e-06 -1.697591 -22.591747 -6.194007 -0.0 -6e-06 -2e-06 72.86322 -79.301193 127.759361 52.508171 -62.113796 -18.423021 25.120754 -0.185043 -0.235387 -0.133044 7.788811 1.497021 22.182117 -20.375896 49.933319 -16.701807 -16.743528 28.476528 -2e-06 -12.6906 -0.0 16.356634 -17.582605 2.485572 -0.10592 -1.513856 -4.275879 -5.039042 -5.612871 -2.953556 3e-06 -11.020523 -1e-06 -6.1113 -15.895332 -3.840471 0.0 -0.0 0.0 -10.283371 -5.680288 -4.341838 11.028293 -11.302402 -2.372632 -1.38427 -14.238579 -6.32012 -0.625441 -26.924187 -3.827599 -4.43057 -49.721523 -3.751401 -13.708526 -7.363475 -3.720937 18.141148 -14.052735 -3.242673 3e-06 -18.787268 1e-06 -0.429713 -8.456044 2.555504 0.0 -0.0 1e-06 -15.923536 -20.094482 -5.473584 30.41921 -7.190823 1.73593 1e-06 -8.162924 -1e-06 -1.861904 -22.861465 -6.167943 0.0 -6e-06 -2e-06 -176.175323 -3.150135 -2.473246 10.195312 0.021177 -0.086237 -80.786942 2.239667 -5.370478 -4.058585 1.402457 2.14895 -1.000001 -0.0 -0.0 1.297626 -5.813907 -7.949082 14.743551 0.038952 0.086834 -81.282974 -4.954679 -8.386832 -4.275178 0.669735 1.680156 -1.000002 -0.0 0.0 
0.0 0.0 0.0 0.0 -0.0 0.0 -0.471348 99.655937 -0.397252 90.921387 2.45612 93.443634 -3.829614 1.856241 0.303678 -12.735271 0.184443 1.042896 25.513494 -2.103531 -0.890325 43.22266 -7.645622 2.041306 -2.419031 -0.664089 -2.046315 -13.915651 -0.247224 -3.080332 6e-06 0.0 -0.0 -0.115604 -0.015372 0.06839 -0.121832 0.041904 0.018562 -0.201879 -0.073287 0.130105 -91.852188 -77.435501 107.447426 66.563736 -62.736393 -23.680237 23.019794 -0.357385 -0.135742 -0.799864 4.549427 5.130928 17.636625 -26.322735 52.411205 -19.46666 -14.395598 29.410395 -1e-06 -8.774822 -3e-06 16.061531 -18.340794 5.975811 -0.609775 -1.795653 -3.889328 -4.807088 -11.046808 -2.937854 5e-06 -20.976015 3e-06 -5.019969 -25.033556 -4.03188 5e-06 -0.0 -1e-06 -10.634532 -5.686968 -3.565586 10.573272 -17.922947 -3.113899 3e-06 -13.821206 4e-06 -0.501778 -31.181498 -4.027013 -11.03152 -59.430386 6.438097 -13.982712 -7.150195 -2.875041 13.772727 -8.401493 -3.218242 0.347734 -34.211544 0.771657 -0.963027 -17.73337 2.621019 -0.0 0.0 0.0 -17.346413 -20.095213 -4.201782 21.757555 -1.638377 3.866426 2e-06 -6.338821 1e-06 -1.697587 -22.59174 -6.194004 0.0 -4e-06 -1e-06 72.314796 -79.104469 128.041321 51.334591 -62.307014 -17.667442 25.097343 -0.173172 -0.237798 0.055555 7.901366 1.901447 22.182114 -20.375895 49.933327 -16.701811 -16.743528 28.476532 -3e-06 -12.690599 -1e-06 16.346169 -17.591999 2.504892 -0.10592 -1.513856 -4.275884 -5.03904 -5.61287 -2.953557 4e-06 -11.02052 -3e-06 -6.111296 -15.89533 -3.840473 -1e-06 1e-06 0.0 -10.283369 -5.680287 -4.34184 11.028293 -11.302402 -2.372633 -1.384269 -14.238577 -6.320121 -0.625439 -26.924183 -3.827602 -4.447084 -49.798851 -3.706566 -13.708524 -7.363476 -3.72094 18.14115 -14.052735 -3.242676 4e-06 -18.787266 -2e-06 -0.429711 -8.456043 2.555504 -0.0 -0.0 1e-06 -15.923532 -20.094482 -5.473587 30.419207 -7.190824 1.735926 3e-06 -8.162925 1e-06 -1.8619 -22.861467 -6.167944 -0.0 -4e-06 -1e-06 -176.232101 -3.363331 -2.443751 10.259693 0.02018 -0.091072 -80.846611 2.347313 -5.51298 -4.045357 1.399457 2.150203 -0.999999 0.0 -0.0 1.224676 -5.600692 -7.843402 14.986097 0.040299 0.087094 -81.51693 -5.305459 -8.25969 -4.283629 0.662482 1.675212 -1.000002 -1e-06 -0.0 
0.0 0.0 0.0 0.0 -0.0 0.0 -0.727617 99.642395 -0.295784 90.897446 2.395318 93.658371 -3.810132 1.96093 0.260725 -12.724956 0.21545 1.053017 25.157518 -1.97988 -0.887343 41.320621 -7.447556 2.044166 -2.441573 -0.734804 -1.740992 -15.84525 -0.721725 -2.592894 5e-06 0.0 -1e-06 -0.108894 -0.007635 0.068586 -0.051243 0.038809 0.053929 -0.111138 -0.056794 0.095898 -93.302162 -77.294884 108.857666 65.051079 -63.227123 -22.904776 23.217936 -0.428718 -0.137456 -0.457586 4.145018 4.703366 17.636631 -26.322739 52.411201 -19.466665 -14.395598 29.410395 -1e-06 -8.774822 -5e-06 16.036606 -18.275351 5.968968 -0.609775 -1.795653 -3.889329 -4.807088 -11.046811 -2.93785 7e-06 -20.976017 3e-06 -5.019968 -25.033558 -4.031878 6e-06 1e-06 0.0 -10.634533 -5.686969 -3.565588 10.573277 -17.922955 -3.113902 5e-06 -13.821212 2e-06 -0.501775 -31.181511 -4.027017 -10.905668 -59.433662 6.348345 -13.982714 -7.150198 -2.875043 13.77273 -8.401495 -3.218244 0.347739 -34.211559 0.771655 -0.963028 -17.733372 2.621021 0.0 -1e-06 -1e-06 -17.346416 -20.095217 -4.201782 21.757557 -1.638378 3.866427 3e-06 -6.338824 2e-06 -1.697586 -22.591743 -6.194005 -1e-06 -3e-06 -2e-06 71.326408 -78.881836 128.811783 50.15958 -62.343071 -16.533245 24.890179 -0.150019 -0.22578 0.120465 7.860656 2.35915 22.182114 -20.375895 49.933319 -16.701813 -16.743528 28.47653 -3e-06 -12.6906 -1e-06 16.347908 -17.613672 2.532242 -0.105919 -1.513856 -4.275881 -5.03904 -5.612871 -2.953557 5e-06 -11.020523 -2e-06 -6.111296 -15.89533 -3.840471 -0.0 1e-06 -1e-06 -10.283369 -5.680288 -4.341838 11.028296 -11.302406 -2.372633 -1.384269 -14.23858 -6.320121 -0.625437 -26.924189 -3.8276 -4.489342 -49.919174 -3.612573 -13.708522 -7.363475 -3.72094 18.141148 -14.05274 -3.242675 6e-06 -18.78727 -1e-06 -0.429711 -8.456045 2.555504 1e-06 -0.0 -1e-06 -15.923532 -20.094482 -5.473586 30.41921 -7.190826 1.735926 3e-06 -8.162925 -2e-06 -1.861899 -22.861467 -6.167944 -0.0 -4e-06 -1e-06 -176.275879 -3.578616 -2.343342 10.250946 0.022058 -0.092789 -80.863495 2.437639 -5.613859 -4.032211 1.392713 2.147072 -1.0 0.0 0.0 1.177697 -5.379312 -7.780583 15.148489 0.042041 0.086398 -81.704185 -5.654497 -8.097197 -4.27663 0.649695 1.668961 -1.000004 -1e-06 -0.0 
0.0 0.0 0.0 0.0 -0.0 0.0 -0.980982 99.631569 -0.19389 90.871124 2.325536 93.881897 -3.75231 2.038862 0.216928 -12.699948 0.239906 1.077251 24.80249 -1.82972 -0.882263 39.065926 -7.160924 2.064264 -2.46514 -0.788463 -1.488027 -18.12302 -1.265856 -2.125612 6e-06 -1e-06 0.0 -0.095841 0.002367 0.065173 0.026772 0.048031 0.087383 -0.015026 -0.047602 0.056354 -94.608521 -77.169014 110.143082 63.393082 -63.700184 -21.730419 23.348532 -0.472449 -0.138437 -0.191152 3.565064 4.305783 17.636633 -26.322735 52.41119 -19.466661 -14.395594 29.410389 -1e-06 -8.774821 -5e-06 16.036699 -18.205854 5.970501 -0.609777 -1.795653 -3.889327 -4.807089 -11.046813 -2.937851 6e-06 -20.976021 0.0 -5.019968 -25.033562 -4.03188 6e-06 -1e-06 -1e-06 -10.634535 -5.68697 -3.565587 10.573275 -17.922951 -3.1139 4e-06 -13.821211 1e-06 -0.501777 -31.181505 -4.027016 -10.797379 -59.468517 6.301791 -13.982713 -7.150198 -2.875042 13.77273 -8.401495 -3.21824 0.347737 -34.211555 0.771653 -0.963027 -17.733372 2.621018 0.0 1e-06 0.0 -17.346418 -20.095219 -4.201781 21.757559 -1.638377 3.86643 2e-06 -6.338824 -0.0 -1.697589 -22.591747 -6.194005 -1e-06 -4e-06 -1e-06 69.759842 -78.620163 130.211868 48.926228 -62.192898 -15.102213 24.54426 -0.148483 -0.206239 0.125728 7.67196 2.880949 22.182117 -20.375895 49.933319 -16.701815 -16.743528 28.476528 -4e-06 -12.690601 0.0 16.355677 -17.630152 2.558002 -0.105919 -1.513855 -4.275881 -5.039041 -5.612872 -2.953557 5e-06 -11.020525 -0.0 -6.111297 -15.895334 -3.840472 0.0 1e-06 0.0 -10.283368 -5.680288 -4.341839 11.028294 -11.302404 -2.372631 -1.384268 -14.238581 -6.320123 -0.625437 -26.924191 -3.827602 -4.553917 -50.037174 -3.492762 -13.708525 -7.363475 -3.720939 18.141148 -14.052739 -3.242672 5e-06 -18.78727 -3e-06 -0.429711 -8.456045 2.555503 1e-06 0.0 -1e-06 -15.923536 -20.094482 -5.473583 30.41921 -7.190826 1.735927 2e-06 -8.162927 -1e-06 -1.861901 -22.861467 -6.167942 -0.0 -4e-06 -2e-06 -176.31488 -3.794402 -2.225112 10.202522 0.026205 -0.090078 -80.862022 2.555977 -5.677581 -4.014633 1.382519 2.141382 -0.999999 0.0 0.0 1.141882 -5.160649 -7.771201 15.270308 0.04418 0.085595 -81.868446 -5.995069 -7.946444 -4.252791 0.630218 1.661086 -1.000001 -0.0 0.0 
0.0 0.0 0.0 0.0 -0.0 0.0 -1.229882 99.617302 -0.093291 90.8414 2.239588 94.106499 -3.663204 2.090778 0.175497 -12.653746 0.251042 1.089951 24.461496 -1.654166 -0.874662 36.537247 -6.827255 2.096512 -2.496746 -0.810702 -1.338327 -20.697729 -1.910159 -1.653089 5e-06 -1e-06 -0.0 -0.078998 0.015586 0.05405 0.093791 0.067791 0.104596 0.06031 -0.041327 0.01697 -95.592278 -77.075867 111.106651 61.70171 -64.198418 -20.328308 23.412828 -0.467864 -0.131209 -0.01738 2.895958 3.936513 17.636621 -26.322729 52.411194 -19.466652 -14.395594 29.410381 0.0 -8.774821 -4e-06 16.043592 -18.147242 5.969449 -0.609777 -1.795654 -3.889327 -4.80709 -11.046809 -2.93785 2e-06 -20.976015 1e-06 -5.019972 -25.033556 -4.031882 7e-06 0.0 -2e-06 -10.634533 -5.686971 -3.565586 10.573271 -17.922945 -3.1139 2e-06 -13.821205 1e-06 -0.50178 -31.181501 -4.027015 -10.705641 -59.488934 6.273395 -13.982715 -7.150199 -2.875041 13.772727 -8.401489 -3.218241 0.347732 -34.211552 0.771655 -0.963031 -17.73337 2.62102 2e-06 0.0 -0.0 -17.346422 -20.095217 -4.201781 21.757557 -1.638372 3.866428 -1e-06 -6.338823 2e-06 -1.697593 -22.591742 -6.194005 -1e-06 -3e-06 -0.0 67.755814 -78.349655 132.090485 47.651901 -61.92065 -13.607285 24.200514 -0.155275 -0.186801 0.102693 7.352355 3.402254 22.182119 -20.375898 49.933327 -16.701813 -16.74353 28.476534 -3e-06 -12.690601 -2e-06 16.364746 -17.620005 2.565696 -0.105919 -1.513856 -4.27588 -5.039041 -5.612871 -2.953558 4e-06 -11.020523 -1e-06 -6.111298 -15.89533 -3.840469 -0.0 1e-06 0.0 -10.283371 -5.680288 -4.341838 11.028293 -11.302402 -2.372629 -1.38427 -14.238577 -6.32012 -0.625439 -26.924183 -3.8276 -4.603631 -50.107048 -3.392815 -13.708526 -7.363477 -3.720943 18.14115 -14.052739 -3.242671 7e-06 -18.78727 -3e-06 -0.429713 -8.456041 2.555505 -1e-06 0.0 1e-06 -15.923538 -20.094482 -5.473583 30.419214 -7.190823 1.735928 2e-06 -8.162927 -1e-06 -1.861904 -22.861467 -6.167942 1e-06 -6e-06 -2e-06 -176.415756 -4.009913 -2.098967 10.238782 0.029933 -0.082543 -80.897881 2.681286 -5.740718 -3.986262 1.378483 2.138447 -0.999999 -0.0 0.0 1.072465 -4.951941 -7.802384 15.422352 0.050048 0.076562 -82.043869 -6.313283 -7.850218 -4.205482 0.608902 1.654391 -1.000002 0.0 -0.0 
0.0 0.0 0.0 0.0 -0.0 0.0 -1.473798 99.605301 -0.003875 90.806877 2.141618 94.333611 -3.554098 2.122093 0.133317 -12.588218 0.251876 1.071596 24.160091 -1.4538 -0.847978 33.839939 -6.494973 2.084955 -2.5374 -0.819847 -1.270034 -23.508602 -2.631208 -1.168079 6e-06 0.0 -0.0 -0.062613 0.02978 0.035314 0.131269 0.088908 0.098742 0.09999 -0.03368 -0.01586 -96.238632 -77.00975 111.755081 60.048313 -64.708672 -18.882101 23.48093 -0.407832 -0.109499 0.04048 2.204103 3.614323 17.636627 -26.322733 52.411198 -19.46666 -14.395596 29.410389 -1e-06 -8.774821 -4e-06 16.068956 -18.110544 5.961024 -0.609776 -1.795654 -3.889326 -4.807088 -11.046811 -2.937852 6e-06 -20.976015 0.0 -5.019969 -25.033556 -4.031882 5e-06 1e-06 0.0 -10.634533 -5.686969 -3.565587 10.573274 -17.922947 -3.113899 4e-06 -13.821205 -0.0 -0.501776 -31.181498 -4.027014 -10.60119 -59.485123 6.22623 -13.982712 -7.150198 -2.875041 13.77273 -8.401493 -3.218242 0.347736 -34.211544 0.771655 -0.963028 -17.73337 2.621021 1e-06 1e-06 -0.0 -17.346416 -20.095211 -4.201779 21.757557 -1.638375 3.866426 1e-06 -6.338822 3e-06 -1.697589 -22.591742 -6.194005 -0.0 -2e-06 -2e-06 65.629784 -78.064453 134.127838 46.38792 -61.600151 -12.315554 24.001339 -0.14706 -0.166538 0.076793 6.972628 3.889386 22.182121 -20.3759 49.933327 -16.701817 -16.74353 28.476532 -3e-06 -12.690603 -0.0 16.366812 -17.597643 2.56912 -0.10592 -1.513857 -4.275879 -5.03904 -5.612872 -2.953559 4e-06 -11.020525 -1e-06 -6.111297 -15.895334 -3.84047 -0.0 1e-06 0.0 -10.283372 -5.680289 -4.341838 11.028296 -11.302406 -2.372635 -1.384269 -14.238583 -6.320123 -0.625437 -26.924191 -3.827602 -4.632973 -50.13385 -3.314704 -13.708526 -7.363477 -3.72094 18.14115 -14.052739 -3.242675 8e-06 -18.787271 -3e-06 -0.429713 -8.456046 2.555504 0.0 1e-06 -2e-06 -15.923536 -20.094486 -5.473586 30.419218 -7.190828 1.735928 1e-06 -8.162927 1e-06 -1.861902 -22.861473 -6.167944 1e-06 -4e-06 -0.0 -176.541138 -4.223384 -1.971568 10.278205 0.03116 -0.06904 -80.924591 2.775333 -5.814764 -3.927482 1.373583 2.136288 -0.999999 0.0 0.0 0.992391 -4.746085 -7.875728 15.552293 0.05467 0.064538 -82.202103 -6.577479 -7.799113 -4.154747 0.593335 1.650228 -1.000001 0.0 0.0 
0.0 0.0 0.0 0.0 -0.0 0.0 -1.712211 99.590904 0.0703 90.763535 2.028208 94.543839 -3.430093 2.140766 0.083914 -12.509901 0.252567 1.031513 23.911394 -1.237622 -0.807651 31.104467 -6.22102 2.034312 -2.582657 -0.806237 -1.287614 -26.595499 -3.407754 -0.671189 6e-06 -0.0 -0.0 -0.048342 0.042256 0.009253 0.135045 0.101057 0.071665 0.101147 -0.020173 -0.043309 -96.640526 -76.964851 112.185684 58.375755 -65.215614 -17.502741 23.590483 -0.330496 -0.08538 -0.04435 1.556354 3.40256 17.636631 -26.322729 52.411182 -19.46666 -14.3956 29.410385 -0.0 -8.774822 -3e-06 16.118729 -18.08745 5.954465 -0.609775 -1.795653 -3.889326 -4.807091 -11.046812 -2.937849 3e-06 -20.976017 3e-06 -5.019971 -25.03356 -4.031882 3e-06 2e-06 1e-06 -10.634537 -5.686972 -3.565585 10.573275 -17.922951 -3.113901 3e-06 -13.82121 -0.0 -0.501779 -31.181505 -4.027016 -10.516853 -59.5084 6.182758 -13.982716 -7.150198 -2.875041 13.772731 -8.401492 -3.21824 0.347733 -34.211555 0.771653 -0.963027 -17.733372 2.621018 0.0 -0.0 -1e-06 -17.346422 -20.095219 -4.201779 21.757565 -1.638375 3.866426 1e-06 -6.338825 2e-06 -1.69759 -22.591751 -6.194008 -1e-06 -4e-06 -1e-06 63.471973 -77.740425 136.220856 45.106476 -61.240398 -11.240945 24.052958 -0.095415 -0.139644 0.077266 6.639519 4.305005 22.182116 -20.375891 49.933315 -16.701815 -16.743528 28.47653 -3e-06 -12.690601 -0.0 16.35532 -17.550661 2.567722 -0.105918 -1.513855 -4.275882 -5.039041 -5.612873 -2.953557 4e-06 -11.020527 -2e-06 -6.111297 -15.895334 -3.840468 -0.0 1e-06 1e-06 -10.283371 -5.680289 -4.341839 11.028294 -11.302404 -2.372632 -1.384269 -14.238579 -6.32012 -0.625437 -26.924191 -3.827605 -4.623196 -50.104969 -3.2861 -13.708524 -7.363477 -3.720938 18.141146 -14.052739 -3.242674 7e-06 -18.78727 -5e-06 -0.429711 -8.456045 2.555503 -1e-06 1e-06 -0.0 -15.923534 -20.094484 -5.473584 30.41921 -7.190825 1.735928 2e-06 -8.162927 -1e-06 -1.861901 -22.861471 -6.167944 -0.0 -2e-06 -2e-06 -176.741669 -4.437069 -1.829633 10.418738 0.029273 -0.053257 -80.986481 2.818241 -5.928405 -3.864908 1.364256 2.135596 -0.999999 0.0 -0.0 0.864102 -4.536057 -7.927142 15.713449 0.05459 0.056354 -82.365738 -6.818731 -7.778659 -4.102149 0.583634 1.649111 -1.000002 -0.0 -0.0 
0.0 0.0 0.0 0.0 -0.0 0.0 -1.929742 99.577538 0.125763 90.714882 1.901831 94.698959 -3.300515 2.149266 0.031463 -12.4252 0.255381 0.979865 23.713804 -1.029323 -0.764536 28.52055 -6.030291 1.97991 -2.62211 -0.78478 -1.374501 -29.825554 -4.177513 -0.177123 6e-06 0.0 -1e-06 -0.033619 0.050007 -0.025439 0.121181 0.101588 0.027899 0.079051 -0.00435 -0.071543 -96.961113 -76.916702 112.546028 56.583664 -65.67942 -16.116953 23.753345 -0.262381 -0.059716 -0.245598 1.012678 3.381543 17.636631 -26.322739 52.411213 -19.466665 -14.395602 29.410395 -1e-06 -8.774824 -1e-06 16.166693 -18.05999 5.961205 -0.609777 -1.795654 -3.889327 -4.807091 -11.046813 -2.937854 2e-06 -20.976021 1e-06 -5.019972 -25.03356 -4.031884 6e-06 -1e-06 0.0 -10.634537 -5.686972 -3.565587 10.573276 -17.922951 -3.113903 2e-06 -13.821209 1e-06 -0.501779 -31.181505 -4.027017 -10.458245 -59.535297 6.157395 -13.982719 -7.150201 -2.875041 13.772734 -8.401493 -3.218244 0.347733 -34.211559 0.771656 -0.963031 -17.733376 2.621021 1e-06 -2e-06 -1e-06 -17.346424 -20.095222 -4.201784 21.757566 -1.638376 3.866429 1e-06 -6.338826 1e-06 -1.697589 -22.591753 -6.194007 -0.0 -1e-06 -2e-06 61.430218 -77.371368 138.2258 43.936958 -60.841011 -10.51609 24.33387 -0.011669 -0.112411 0.113958 6.493752 4.662417 22.182114 -20.375898 49.933334 -16.701817 -16.743532 28.47654 -4e-06 -12.690601 -0.0 16.341139 -17.499441 2.56798 -0.105919 -1.513856 -4.275881 -5.039041 -5.612872 -2.95356 4e-06 -11.020523 -2e-06 -6.111297 -15.89533 -3.840471 -0.0 -1e-06 0.0 -10.283371 -5.680288 -4.341837 11.028296 -11.302404 -2.372634 -1.384268 -14.238579 -6.320121 -0.625436 -26.924191 -3.827603 -4.609711 -50.064476 -3.264084 -13.708526 -7.363475 -3.72094 18.141151 -14.052739 -3.242673 8e-06 -18.78727 -1e-06 -0.429712 -8.456043 2.555504 0.0 2e-06 -1e-06 -15.923536 -20.094484 -5.473588 30.419222 -7.190827 1.735925 3e-06 -8.162925 -1e-06 -1.861902 -22.861469 -6.167946 -1e-06 -2e-06 -2e-06 -176.974945 -4.633309 -1.688284 10.592088 0.024422 -0.037026 -81.056938 2.808615 -6.058237 -3.829335 1.354108 2.135906 -0.999998 0.0 0.0 0.693903 -4.338629 -7.953737 15.882499 0.049893 0.052585 -82.514435 -7.009507 -7.7665 -4.060126 0.58191 1.651169 -1.000003 0.0 -0.0 
0.0 0.0 0.0 0.0 -0.0 0.0 -2.127106 99.565475 0.165021 90.658897 1.776909 94.772514 -3.179739 2.16145 -0.001853 -12.350554 0.260264 0.927663 23.573227 -0.843747 -0.731512 26.219048 -5.919043 1.918087 -2.643605 -0.780757 -1.457622 -32.98011 -4.871868 0.321426 6e-06 -0.0 1e-06 -0.017954 0.049383 -0.062706 0.109254 0.092682 -0.020695 0.054855 0.004156 -0.099915 -97.298912 -76.849632 112.957077 54.659771 -66.031357 -14.674513 23.957361 -0.231053 -0.031248 -0.505487 0.523857 3.589092 17.636625 -26.322729 52.41119 -19.466656 -14.395596 29.410385 -0.0 -8.774821 -2e-06 16.237419 -18.030758 5.961196 -0.609776 -1.795654 -3.889326 -4.807089 -11.04681 -2.93785 5e-06 -20.976017 -0.0 -5.019969 -25.033556 -4.031884 6e-06 -1e-06 0.0 -10.634535 -5.686971 -3.565588 10.573272 -17.922947 -3.1139 3e-06 -13.82121 -0.0 -0.501777 -31.181501 -4.027018 -10.449451 -59.585144 6.186577 -13.982712 -7.150198 -2.875041 13.772726 -8.401489 -3.218242 0.347734 -34.211552 0.771653 -0.963028 -17.733368 2.621019 0.0 -0.0 -2e-06 -17.346422 -20.095221 -4.201782 21.757559 -1.638375 3.866428 2e-06 -6.338824 2e-06 -1.69759 -22.591742 -6.194007 -1e-06 -3e-06 -1e-06 59.639465 -77.00708 140.01506 42.987377 -60.439594 -10.250848 24.771002 0.083078 -0.082522 0.172383 6.569029 4.946421 22.182114 -20.375898 49.933327 -16.701811 -16.743528 28.476532 -4e-06 -12.690599 -2e-06 16.315277 -17.468847 2.577452 -0.105921 -1.513857 -4.275883 -5.039041 -5.612872 -2.953556 5e-06 -11.020525 -3e-06 -6.111297 -15.89533 -3.84047 -0.0 1e-06 0.0 -10.283369 -5.680288 -4.341838 11.028293 -11.302405 -2.372632 -1.384269 -14.238581 -6.32012 -0.625439 -26.924189 -3.827602 -4.613352 -50.027847 -3.240222 -13.708522 -7.363476 -3.720939 18.141148 -14.052739 -3.242674 8e-06 -18.78727 -3e-06 -0.429713 -8.456041 2.555506 0.0 1e-06 -1e-06 -15.923532 -20.094482 -5.473588 30.41921 -7.190827 1.735927 2e-06 -8.162926 -0.0 -1.861901 -22.861471 -6.167943 1e-06 -4e-06 -4e-06 -177.202698 -4.815493 -1.569206 10.768793 0.018047 -0.020498 -81.127892 2.729286 -6.194983 -3.80855 1.35177 2.13739 -0.999998 0.0 0.0 0.500228 -4.150815 -7.94592 16.048347 0.041377 0.054976 -82.644653 -7.124885 -7.716988 -4.047475 0.582278 1.651962 -1.000002 -0.0 0.0 
0.0 0.0 0.0 0.0 -0.0 0.0 -2.300917 99.560669 0.188936 90.607521 1.650194 94.767723 -3.091202 2.179935 -0.01433 -12.29646 0.263809 0.878756 23.492968 -0.701904 -0.718164 24.325146 -5.892448 1.87387 -2.647151 -0.778843 -1.503287 -35.719345 -5.438959 0.841399 6e-06 0.0 -0.0 -0.002961 0.043161 -0.087715 0.107178 0.078449 -0.055731 0.03917 0.006595 -0.11668 -97.912758 -76.751175 113.699295 52.63702 -66.193954 -13.258039 24.174431 -0.243545 -0.011927 -0.731016 0.144947 3.836039 17.636633 -26.322741 52.411201 -19.466663 -14.395598 29.410393 -1e-06 -8.774822 -2e-06 16.304052 -18.00415 5.941217 -0.609776 -1.795653 -3.889328 -4.807091 -11.046813 -2.93785 3e-06 -20.976021 1e-06 -5.019974 -25.03356 -4.03188 8e-06 -1e-06 1e-06 -10.634537 -5.686972 -3.565589 10.573275 -17.922951 -3.113899 2e-06 -13.821209 2e-06 -0.50178 -31.181505 -4.027014 -10.456515 -59.613422 6.2183 -13.982718 -7.150198 -2.875041 13.772731 -8.401491 -3.218241 0.347732 -34.211555 0.771655 -0.963028 -17.733374 2.621022 0.0 0.0 -1e-06 -17.346424 -20.095219 -4.201779 21.757566 -1.638374 3.86643 2e-06 -6.338825 2e-06 -1.697592 -22.591751 -6.194005 0.0 -3e-06 -1e-06 58.204372 -76.671837 141.468246 42.300617 -60.059132 -10.440668 25.332333 0.148479 -0.0564 0.264941 6.79007 5.250603 22.182117 -20.375898 49.933327 -16.701811 -16.74353 28.476532 -3e-06 -12.690603 1e-06 16.28665 -17.454092 2.588289 -0.105921 -1.513856 -4.275883 -5.039042 -5.612871 -2.953555 3e-06 -11.020524 -0.0 -6.111298 -15.895334 -3.840469 -0.0 2e-06 0.0 -10.283371 -5.68029 -4.341837 11.028295 -11.302406 -2.372632 -1.38427 -14.238581 -6.320121 -0.62544 -26.924192 -3.8276 -4.625804 -49.99778 -3.213581 -13.708526 -7.363477 -3.72094 18.141148 -14.052741 -3.242671 6e-06 -18.787271 -2e-06 -0.429712 -8.456047 2.555506 -1e-06 1e-06 -2e-06 -15.923536 -20.094484 -5.473582 30.419214 -7.190825 1.735928 1e-06 -8.162925 -0.0 -1.861905 -22.861473 -6.167942 0.0 -4e-06 -2e-06 -177.363968 -4.971617 -1.504046 10.819275 0.01594 -0.008556 -81.141434 2.618105 -6.336457 -3.781557 1.360165 2.143582 -0.999999 -0.0 -0.0 0.301642 -3.988366 -7.916326 16.173019 0.033434 0.055884 -82.735725 -7.16217 -7.631287 -4.056219 0.583893 1.651183 -1.000002 -0.0 0.0 
0.0 0.0 0.0 0.0 -0.0 0.0 -2.45462 99.564293 0.203148 90.554489 1.520989 94.700218 -3.030433 2.198286 -0.004682 -12.25535 0.25852 0.832405 23.443678 -0.594595 -0.729028 22.854244 -5.88019 1.858191 -2.646247 -0.777177 -1.495289 -38.030605 -5.897846 1.38542 6e-06 1e-06 1e-06 0.013656 0.036291 -0.105224 0.112213 0.061307 -0.081354 0.034952 0.010331 -0.127385 -98.822044 -76.614311 114.756813 50.546165 -66.164398 -11.920259 24.397867 -0.295148 -0.005333 -0.908879 -0.114872 4.114698 17.636625 -26.322735 52.411194 -19.46666 -14.3956 29.410389 -1e-06 -8.774821 -2e-06 16.356632 -18.007835 5.921044 -0.609776 -1.795654 -3.889327 -4.807087 -11.046809 -2.937849 5e-06 -20.976017 1e-06 -5.019972 -25.033552 -4.031878 5e-06 -2e-06 -0.0 -10.634533 -5.686969 -3.565587 10.573274 -17.922947 -3.113902 2e-06 -13.821208 2e-06 -0.501776 -31.181501 -4.027014 -10.520659 -59.633175 6.274225 -13.982712 -7.150197 -2.875041 13.77273 -8.401491 -3.21824 0.347734 -34.211544 0.771655 -0.96303 -17.733366 2.621022 2e-06 -1e-06 -1e-06 -17.346416 -20.095215 -4.20178 21.757557 -1.638377 3.866426 1e-06 -6.338822 2e-06 -1.697588 -22.591742 -6.194007 -1e-06 -3e-06 -3e-06 56.992847 -76.364372 142.706146 41.736561 -59.659779 -10.812556 26.075951 0.168802 -0.040065 0.333515 7.004791 5.607038 22.182117 -20.375898 49.933319 -16.701815 -16.743528 28.476532 -4e-06 -12.690602 0.0 16.25947 -17.448748 2.602026 -0.105919 -1.513857 -4.275879 -5.039041 -5.612872 -2.953558 5e-06 -11.020525 -1e-06 -6.111297 -15.895334 -3.840471 0.0 -0.0 0.0 -10.283371 -5.680288 -4.341839 11.028297 -11.302406 -2.372633 -1.384269 -14.238581 -6.320121 -0.625435 -26.924191 -3.827604 -4.620903 -49.954388 -3.19585 -13.708526 -7.363477 -3.720939 18.141151 -14.052741 -3.242675 6e-06 -18.787271 -2e-06 -0.42971 -8.456047 2.555503 -1e-06 0.0 1e-06 -15.923536 -20.094482 -5.473583 30.41921 -7.190829 1.735927 2e-06 -8.162927 1e-06 -1.8619 -22.861473 -6.167941 0.0 -5e-06 -1e-06 -177.458176 -5.114278 -1.50988 10.740429 0.019137 -0.000952 -81.097534 2.505395 -6.470702 -3.741783 1.372983 2.150044 -0.999999 -0.0 0.0 0.117251 -3.841824 -7.910255 16.229595 0.022083 0.056881 -82.778137 -7.116274 -7.543845 -4.05134 0.585964 1.65051 -1.000002 -0.0 -0.0 
0.0 0.0 0.0 0.0 -0.0 0.0 -2.596594 99.57296 0.214741 90.488846 1.387685 94.563263 -2.990245 2.226711 0.017078 -12.223947 0.249246 0.791121 23.415461 -0.519647 -0.739641 21.695972 -5.872448 1.876854 -2.651208 -0.759921 -1.462485 -40.060932 -6.306711 1.958664 6e-06 0.0 1e-06 0.033141 0.030148 -0.114766 0.12259 0.038013 -0.096447 0.040219 0.021429 -0.132221 -100.333839 -76.406837 116.406113 48.212261 -65.92247 -10.50317 24.691431 -0.373163 -0.013852 -1.053153 -0.114721 4.341684 17.636631 -26.322729 52.411179 -19.466656 -14.395597 29.410381 -2e-06 -8.774821 -3e-06 16.357794 -18.017302 5.925157 -0.609776 -1.795653 -3.889327 -4.807089 -11.046809 -2.937849 4e-06 -20.976017 2e-06 -5.019969 -25.033554 -4.03188 7e-06 -1e-06 0.0 -10.634532 -5.686968 -3.565586 10.573271 -17.922947 -3.113899 2e-06 -13.821206 1e-06 -0.501779 -31.181494 -4.027012 -10.622731 -59.626076 6.337096 -13.982713 -7.150197 -2.875041 13.77273 -8.401491 -3.218238 0.347734 -34.211555 0.771655 -0.963027 -17.73337 2.621019 -0.0 -2e-06 -0.0 -17.346416 -20.095217 -4.20178 21.757557 -1.638376 3.866429 2e-06 -6.338822 1e-06 -1.697589 -22.591743 -6.194004 -1e-06 -3e-06 -3e-06 55.887154 -76.019203 143.859955 41.176208 -59.183392 -11.225093 27.089239 0.161362 -0.031071 0.407743 7.234833 5.985301 22.182121 -20.375895 49.933315 -16.701817 -16.74353 28.476532 -4e-06 -12.690601 -1e-06 16.230843 -17.436077 2.614254 -0.105919 -1.513856 -4.275879 -5.039041 -5.612871 -2.953557 5e-06 -11.020524 -1e-06 -6.111297 -15.895332 -3.840471 1e-06 -0.0 -1e-06 -10.28337 -5.680288 -4.341838 11.028297 -11.302404 -2.372633 -1.384268 -14.238579 -6.320122 -0.625438 -26.924191 -3.827601 -4.619222 -49.901463 -3.168487 -13.708524 -7.363476 -3.72094 18.141151 -14.05274 -3.242673 6e-06 -18.78727 -2e-06 -0.42971 -8.456047 2.555501 -1e-06 2e-06 -1e-06 -15.923536 -20.094484 -5.473588 30.41921 -7.190827 1.735928 1e-06 -8.162922 1e-06 -1.8619 -22.861467 -6.167945 -0.0 -6e-06 -1e-06 -177.513657 -5.263441 -1.630118 10.598038 0.022906 0.00391 -81.029259 2.416005 -6.61365 -3.709322 1.386481 2.156148 -0.999998 -0.0 0.0 -0.059829 -3.688797 -7.892652 16.23263 0.00551 0.057497 -82.78479 -7.004284 -7.4919 -4.014472 0.593484 1.65165 -1.000002 0.0 0.0 
0.0 0.0 0.0 0.0 -0.0 0.0 -2.718586 99.57666 0.225695 90.413872 1.258073 94.375145 -2.984722 2.262224 0.037435 -12.209829 0.252554 0.760496 23.414646 -0.492865 -0.753185 20.847847 -5.855399 1.904958 -2.658502 -0.743128 -1.406366 -41.711994 -6.640309 2.501855 6e-06 -2e-06 -0.0 0.04837 0.028402 -0.107773 0.132168 0.013547 -0.091764 0.047696 0.042315 -0.123465 -102.353508 -76.119759 118.566895 45.888592 -65.460365 -9.143217 24.990816 -0.421595 -0.021644 -1.129744 0.180846 4.408218 17.636631 -26.322725 52.411182 -19.466658 -14.395597 29.410381 0.0 -8.774822 -3e-06 16.330095 -18.0121 5.940823 -0.609777 -1.795654 -3.889325 -4.80709 -11.04681 -2.937849 3e-06 -20.976015 1e-06 -5.019975 -25.033552 -4.03188 7e-06 -3e-06 -0.0 -10.634535 -5.686971 -3.565585 10.573274 -17.922951 -3.113901 1e-06 -13.821206 2e-06 -0.501778 -31.181505 -4.027015 -10.690905 -59.610996 6.406738 -13.982716 -7.150199 -2.875041 13.772731 -8.401491 -3.218242 0.347731 -34.211555 0.771656 -0.963027 -17.73337 2.621019 -2e-06 -0.0 -0.0 -17.346422 -20.095217 -4.20178 21.757557 -1.638373 3.866428 1e-06 -6.338823 2e-06 -1.697591 -22.591745 -6.194008 -0.0 1e-06 -1e-06 54.967476 -75.650429 144.833832 40.652802 -58.685799 -11.57995 28.268768 0.15343 -0.016856 0.558986 7.557606 6.21489 22.182116 -20.375887 49.933315 -16.701818 -16.74353 28.476532 -4e-06 -12.690603 0.0 16.194733 -17.428259 2.63538 -0.10592 -1.513856 -4.275883 -5.039042 -5.612872 -2.953556 6e-06 -11.020525 -3e-06 -6.111297 -15.895334 -3.840472 0.0 -0.0 0.0 -10.283371 -5.680288 -4.341838 11.028296 -11.302404 -2.372635 -1.38427 -14.238579 -6.32012 -0.625438 -26.924189 -3.8276 -4.652218 -49.885315 -3.095198 -13.708525 -7.363474 -3.72094 18.141151 -14.052739 -3.242674 8e-06 -18.78727 -4e-06 -0.429711 -8.456045 2.555504 -1e-06 1e-06 1e-06 -15.923534 -20.094482 -5.473588 30.41921 -7.190829 1.735925 2e-06 -8.162927 0.0 -1.861897 -22.861471 -6.167943 -0.0 -2e-06 -1e-06 -177.60997 -5.41416 -1.837591 10.572544 0.024159 0.009893 -81.018745 2.348075 -6.743352 -3.695173 1.40089 2.162818 -0.999999 -0.0 -0.0 -0.255127 -3.542624 -7.852168 16.265146 -0.010584 0.057649 -82.800056 -6.8546 -7.456271 -3.963172 0.606053 1.653232 -1.000003 0.0 0.0 
0.0 0.0 0.0 0.0 -0.0 0.0 -2.811723 99.580086 0.229313 90.343163 1.153728 94.199135 -3.000766 2.278833 0.056378 -12.222475 0.267976 0.741343 23.438152 -0.509457 -0.78899 20.302067 -5.773704 1.903228 -2.663002 -0.745495 -1.312955 -42.989006 -6.867509 2.954427 6e-06 -1e-06 1e-06 0.052875 0.02919 -0.093048 0.124584 -0.009718 -0.080597 0.038637 0.067101 -0.105797 -104.243492 -75.803299 120.582207 44.014561 -64.91629 -8.219798 25.180027 -0.392399 -0.016362 -1.15543 0.61141 4.354535 17.636629 -26.322733 52.411194 -19.466661 -14.395596 29.410389 -1e-06 -8.774821 -3e-06 16.283588 -17.982754 5.965684 -0.609777 -1.795653 -3.889328 -4.807087 -11.046811 -2.937852 5e-06 -20.976019 2e-06 -5.01997 -25.033556 -4.031882 7e-06 -2e-06 0.0 -10.634532 -5.686969 -3.565588 10.573272 -17.922949 -3.113899 3e-06 -13.821206 1e-06 -0.501775 -31.181505 -4.027016 -10.7181 -59.598415 6.483897 -13.982712 -7.150196 -2.875045 13.772727 -8.401493 -3.218239 0.347735 -34.211544 0.771654 -0.963027 -17.73337 2.621019 -0.0 -1e-06 -0.0 -17.346413 -20.095215 -4.201782 21.757553 -1.638375 3.866427 2e-06 -6.338822 2e-06 -1.697589 -22.591742 -6.194003 0.0 -2e-06 -2e-06 54.323971 -75.318436 145.476852 40.19006 -58.260826 -11.856908 29.448057 0.117178 0.005225 0.790015 7.96357 6.170784 22.18211 -20.375898 49.933315 -16.701807 -16.743528 28.476528 -3e-06 -12.6906 -1e-06 16.15379 -17.42845 2.653841 -0.105919 -1.513855 -4.275882 -5.03904 -5.61287 -2.953556 4e-06 -11.02052 -1e-06 -6.111295 -15.89533 -3.840471 -0.0 -0.0 1e-06 -10.283368 -5.680285 -4.341839 11.028289 -11.302404 -2.372632 -1.384268 -14.238579 -6.320121 -0.625438 -26.924187 -3.8276 -4.674288 -49.888187 -3.041126 -13.708521 -7.363473 -3.720938 18.141144 -14.052738 -3.242674 7e-06 -18.787268 0.0 -0.429712 -8.456044 2.555503 1e-06 -0.0 -0.0 -15.92353 -20.094479 -5.473584 30.419207 -7.190827 1.735927 1e-06 -8.162925 0.0 -1.861901 -22.861469 -6.167941 -1e-06 -1e-06 -1e-06 -177.698135 -5.542255 -2.02575 10.578389 0.021094 0.020413 -81.021385 2.281875 -6.845441 -3.692595 1.409173 2.166908 -0.999999 -0.0 -0.0 -0.412751 -3.417632 -7.813149 16.276726 -0.022318 0.060699 -82.800316 -6.703309 -7.414239 -3.923476 0.626642 1.654888 -1.000001 -0.0 0.0 
0.0 0.0 0.0 0.0 -0.0 0.0 -2.880164 99.584526 0.238386 90.273979 1.086197 94.047279 -3.027947 2.26843 0.073409 -12.254233 0.286354 0.730868 23.458258 -0.553644 -0.8255 20.047558 -5.577321 1.871161 -2.661584 -0.752349 -1.180503 -43.864037 -6.938737 3.261023 6e-06 -1e-06 1e-06 0.049369 0.031917 -0.08031 0.111671 -0.026497 -0.072608 0.026144 0.089306 -0.088898 -105.459068 -75.554573 121.924767 42.817963 -64.476837 -8.010049 25.271156 -0.286858 -0.017265 -1.158969 0.952212 4.32236 17.636623 -26.322731 52.411194 -19.466658 -14.395598 29.410389 -0.0 -8.774821 -2e-06 16.253872 -17.953625 5.994618 -0.609776 -1.795653 -3.889327 -4.807089 -11.046809 -2.93785 3e-06 -20.976013 1e-06 -5.01997 -25.033554 -4.031881 7e-06 -1e-06 1e-06 -10.634533 -5.686968 -3.565585 10.573272 -17.922947 -3.113902 1e-06 -13.821205 1e-06 -0.501779 -31.181498 -4.027014 -10.74596 -59.609829 6.56813 -13.982712 -7.150196 -2.875041 13.772727 -8.401489 -3.218242 0.347731 -34.21154 0.771657 -0.963029 -17.733368 2.621021 -0.0 2e-06 -1e-06 -17.346416 -20.095213 -4.201781 21.757557 -1.638375 3.866427 1e-06 -6.338822 2e-06 -1.697589 -22.59174 -6.194007 -1e-06 -0.0 -2e-06 53.965088 -75.087494 145.817795 39.949158 -57.930187 -12.208673 30.392847 0.066088 0.029885 1.009786 8.280948 6.029392 22.182114 -20.375898 49.933327 -16.701809 -16.74353 28.47653 -2e-06 -12.690601 -1e-06 16.12184 -17.438963 2.664788 -0.105919 -1.513855 -4.275884 -5.039042 -5.612872 -2.953557 4e-06 -11.02052 0.0 -6.111299 -15.89533 -3.84047 0.0 -1e-06 2e-06 -10.283369 -5.680287 -4.341839 11.02829 -11.302404 -2.372632 -1.384269 -14.238577 -6.320121 -0.625441 -26.924179 -3.827599 -4.677158 -49.879944 -3.040555 -13.708524 -7.363476 -3.720942 18.141146 -14.052737 -3.242673 5e-06 -18.78727 -2e-06 -0.429713 -8.456045 2.555503 0.0 -0.0 2e-06 -15.923536 -20.094482 -5.473587 30.41921 -7.190824 1.735926 1e-06 -8.162928 0.0 -1.861902 -22.861471 -6.167947 0.0 -3e-06 -1e-06 -177.735565 -5.646062 -2.066517 10.561763 0.019987 0.023829 -81.025726 2.149759 -6.934762 -3.656899 1.402464 2.16679 -1.0 0.0 0.0 -0.4921 -3.304775 -7.776746 16.230537 -0.026227 0.072162 -82.775528 -6.593245 -7.379479 -3.915834 0.647969 1.655479 -1.000001 -0.0 -0.0 
0.0 0.0 0.0 0.0 -0.0 0.0 -2.923849 99.583534 0.258032 90.198677 1.040944 93.899551 -3.073452 2.228735 0.087193 -12.295632 0.294605 0.723767 23.46036 -0.599951 -0.834427 20.017111 -5.230701 1.849336 -2.659985 -0.742113 -1.027739 -44.39275 -6.854552 3.453921 5e-06 -1e-06 0.0 0.045328 0.033045 -0.075957 0.10585 -0.03934 -0.073396 0.022027 0.104543 -0.079745 -106.331604 -75.363754 122.912506 42.041641 -64.148727 -8.248219 25.393265 -0.157223 -0.032426 -1.140254 1.194648 4.296189 17.636633 -26.322735 52.411198 -19.46666 -14.395597 29.410389 -0.0 -8.774822 -0.0 16.236671 -17.939823 6.012266 -0.609777 -1.795654 -3.889327 -4.807089 -11.046811 -2.93785 3e-06 -20.976019 2e-06 -5.019973 -25.03356 -4.031881 6e-06 -2e-06 0.0 -10.634533 -5.686969 -3.565588 10.573272 -17.922951 -3.113902 2e-06 -13.821208 4e-06 -0.501778 -31.181505 -4.027013 -10.754769 -59.614719 6.582804 -13.982714 -7.150198 -2.875042 13.772728 -8.401491 -3.21824 0.347733 -34.211552 0.771656 -0.963029 -17.73337 2.621019 1e-06 -0.0 -2e-06 -17.34642 -20.095217 -4.201781 21.757557 -1.638374 3.866428 0.0 -6.338823 1e-06 -1.697591 -22.591742 -6.194008 -0.0 -4e-06 -1e-06 53.666981 -74.901436 146.13707 39.996887 -57.605572 -12.72704 30.967272 0.024952 0.040949 1.154814 8.444408 5.957842 22.182121 -20.375898 49.933327 -16.701811 -16.74353 28.476532 -2e-06 -12.690602 -2e-06 16.107071 -17.451134 2.663661 -0.105918 -1.513855 -4.275882 -5.039042 -5.612872 -2.953556 5e-06 -11.020523 -0.0 -6.111298 -15.895334 -3.840472 -0.0 -0.0 1e-06 -10.283371 -5.680288 -4.341838 11.028296 -11.302406 -2.372633 -1.38427 -14.238581 -6.320123 -0.625438 -26.924194 -3.8276 -4.672338 -49.868099 -3.077842 -13.708524 -7.363475 -3.72094 18.141148 -14.052739 -3.242674 6e-06 -18.78727 -0.0 -0.429711 -8.456045 2.555505 0.0 -1e-06 2e-06 -15.923536 -20.094486 -5.473586 30.419214 -7.190827 1.735928 1e-06 -8.162929 1e-06 -1.861902 -22.861473 -6.167946 1e-06 -4e-06 -2e-06 -177.795212 -5.737232 -1.972732 10.656844 0.022891 0.016007 -81.093216 1.927647 -7.006111 -3.6092 1.38682 2.163794 -1.0 -0.0 0.0 -0.538153 -3.205705 -7.752791 16.186558 -0.020599 0.086496 -82.758812 -6.476007 -7.339815 -3.931072 0.657358 1.653872 -1.000003 -0.0 -0.0 
0.0 0.0 0.0 0.0 -0.0 0.0 -2.941855 99.578239 0.288144 90.117973 1.025097 93.744774 -3.133808 2.168173 0.100569 -12.329615 0.28425 0.728375 23.441582 -0.641734 -0.798044 20.146204 -4.71936 1.851362 -2.666261 -0.709048 -0.872189 -44.621349 -6.638314 3.542189 6e-06 -1e-06 -0.0 0.046028 0.02984 -0.078259 0.110184 -0.052796 -0.080512 0.031481 0.111796 -0.07715 -107.196823 -75.204269 123.861137 41.418003 -63.895805 -8.581532 25.644499 -0.029045 -0.046666 -1.128561 1.397014 4.104823 17.636627 -26.322725 52.411186 -19.466663 -14.395598 29.410385 -0.0 -8.774821 -1e-06 16.187935 -17.95661 6.040994 -0.609776 -1.795654 -3.889327 -4.807089 -11.046808 -2.937849 3e-06 -20.976011 -0.0 -5.019973 -25.033556 -4.031881 5e-06 -1e-06 -0.0 -10.634534 -5.68697 -3.565587 10.573274 -17.922947 -3.113901 2e-06 -13.821206 2e-06 -0.501777 -31.181501 -4.027016 -10.744583 -59.600861 6.526755 -13.982712 -7.150198 -2.87504 13.772727 -8.401489 -3.218244 0.347733 -34.211544 0.771654 -0.963028 -17.733366 2.621018 0.0 -1e-06 -1e-06 -17.346416 -20.095215 -4.201779 21.757557 -1.638373 3.866425 0.0 -6.338823 1e-06 -1.697589 -22.591745 -6.194008 -0.0 -4e-06 -3e-06 53.276413 -74.696274 146.58815 40.256939 -57.292763 -13.463677 31.1681 0.017531 0.036947 1.245614 8.466794 5.876639 22.182119 -20.375902 49.933327 -16.701811 -16.743526 28.47653 -3e-06 -12.690601 -2e-06 16.106579 -17.45118 2.666832 -0.105919 -1.513855 -4.275881 -5.039042 -5.612873 -2.953557 4e-06 -11.020525 -1e-06 -6.111297 -15.895332 -3.840474 -0.0 1e-06 1e-06 -10.283371 -5.680286 -4.341842 11.028291 -11.302406 -2.37263 -1.384269 -14.238579 -6.320121 -0.625439 -26.924192 -3.8276 -4.668343 -49.859383 -3.109938 -13.708527 -7.363477 -3.720942 18.141151 -14.052741 -3.242673 7e-06 -18.787271 0.0 -0.42971 -8.456045 2.555501 1e-06 -1e-06 0.0 -15.923536 -20.094482 -5.473588 30.419214 -7.190829 1.735929 4e-06 -8.162929 -2e-06 -1.861901 -22.861471 -6.167941 2e-06 -2e-06 -0.0 -177.849258 -5.823372 -1.871583 10.829338 0.029841 0.008875 -81.207161 1.691806 -7.045038 -3.582179 1.37329 2.163293 -1.0 -0.0 -0.0 -0.539996 -3.117046 -7.737589 16.133307 -0.014046 0.092884 -82.744919 -6.32176 -7.296815 -3.931635 0.653847 1.651334 -1.000002 0.0 -0.0 
0.0 0.0 0.0 0.0 -0.0 0.0 -2.935197 99.566437 0.32437 90.033997 1.042498 93.590775 -3.207912 2.099748 0.123582 -12.363389 0.261399 0.757536 23.421734 -0.680922 -0.743375 20.408079 -4.042089 1.870612 -2.671891 -0.680861 -0.71902 -44.604046 -6.32695 3.508205 7e-06 -0.0 0.0 0.05257 0.026804 -0.076267 0.125019 -0.065231 -0.081709 0.05357 0.118286 -0.071574 -108.114449 -75.043388 124.844002 40.965336 -63.66954 -8.839407 25.999422 0.054836 -0.052688 -1.114707 1.54837 3.778435 17.636627 -26.322733 52.41119 -19.46666 -14.395596 29.410385 -0.0 -8.77482 -1e-06 16.118883 -17.988655 6.086908 -0.609777 -1.795653 -3.889327 -4.807088 -11.046811 -2.93785 4e-06 -20.976017 -0.0 -5.019972 -25.033556 -4.03188 5e-06 0.0 0.0 -10.634535 -5.686971 -3.565587 10.573275 -17.922953 -3.1139 2e-06 -13.821209 1e-06 -0.501777 -31.181505 -4.027017 -10.734834 -59.585388 6.477956 -13.982712 -7.150198 -2.875043 13.772729 -8.401492 -3.218244 0.347733 -34.211555 0.771656 -0.963029 -17.73337 2.621018 1e-06 -1e-06 -2e-06 -17.346418 -20.095221 -4.201781 21.757557 -1.638375 3.866426 1e-06 -6.338823 1e-06 -1.697588 -22.591745 -6.194007 -1e-06 -4e-06 -2e-06 52.75407 -74.456406 147.171753 40.640327 -57.058598 -14.379704 31.034767 0.057769 0.036081 1.291599 8.425816 5.62467 22.182117 -20.375883 49.933311 -16.701818 -16.74353 28.476534 -3e-06 -12.690601 -1e-06 16.101267 -17.4564 2.69838 -0.105918 -1.513856 -4.275881 -5.039043 -5.612874 -2.953557 3e-06 -11.020525 -3e-06 -6.111297 -15.895336 -3.84047 0.0 1e-06 -1e-06 -10.283371 -5.68029 -4.341837 11.028294 -11.302407 -2.372636 -1.384268 -14.238585 -6.320123 -0.625435 -26.924196 -3.827606 -4.683663 -49.891827 -3.08856 -13.708524 -7.363476 -3.720939 18.14115 -14.052741 -3.242676 7e-06 -18.787271 -2e-06 -0.429711 -8.456043 2.555501 0.0 -1e-06 0.0 -15.923536 -20.094484 -5.473584 30.419218 -7.190827 1.735924 4e-06 -8.162929 -2e-06 -1.8619 -22.861469 -6.167947 -0.0 -2e-06 -1e-06 -177.915802 -5.905748 -1.826824 11.116774 0.034209 0.009317 -81.380821 1.509985 -7.040071 -3.59207 1.36875 2.165105 -1.0 0.0 -0.0 -0.507995 -3.03747 -7.742653 16.096361 -0.018347 0.095554 -82.744019 -6.135828 -7.273825 -3.915413 0.647656 1.651368 -1.000002 0.0 -0.0 
0.0 0.0 0.0 0.0 -0.0 0.0 -2.91043 99.55912 0.364393 89.962227 1.089809 93.459999 -3.300823 2.016077 0.148759 -12.406671 0.230109 0.788075 23.415312 -0.741349 -0.675544 20.804193 -3.179552 1.903014 -2.674324 -0.666169 -0.55001 -44.335285 -5.927848 3.333585 7e-06 -0.0 1e-06 0.06206 0.02757 -0.066365 0.147621 -0.07063 -0.073225 0.083596 0.125467 -0.059265 -109.037186 -74.89502 125.812248 40.725517 -63.489689 -9.034603 26.354334 0.096568 -0.055435 -1.059755 1.608059 3.35232 17.636627 -26.322733 52.411194 -19.466663 -14.395598 29.410389 -1e-06 -8.774822 -1e-06 16.055412 -18.013462 6.13414 -0.609776 -1.795654 -3.88933 -4.807088 -11.046812 -2.937851 5e-06 -20.976019 -1e-06 -5.019971 -25.033556 -4.031881 6e-06 -1e-06 -1e-06 -10.634534 -5.686972 -3.565588 10.573275 -17.922951 -3.113903 3e-06 -13.821211 0.0 -0.501776 -31.181507 -4.027015 -10.728992 -59.586884 6.465202 -13.982714 -7.150199 -2.875043 13.77273 -8.401491 -3.218243 0.347733 -34.211552 0.771657 -0.963028 -17.733366 2.62102 0.0 -1e-06 -1e-06 -17.346418 -20.095221 -4.201783 21.757559 -1.638375 3.866428 1e-06 -6.338824 1e-06 -1.69759 -22.591747 -6.194008 -0.0 -3e-06 -2e-06 52.207497 -74.192245 147.777237 41.132511 -56.923031 -15.513268 30.63455 0.101763 0.031509 1.355418 8.401583 5.159269 22.182117 -20.375898 49.933327 -16.701813 -16.743528 28.476532 -3e-06 -12.690601 -1e-06 16.100494 -17.471075 2.743265 -0.105919 -1.513855 -4.275882 -5.039041 -5.61287 -2.953556 4e-06 -11.020521 -3e-06 -6.1113 -15.89533 -3.84047 1e-06 1e-06 -1e-06 -10.283371 -5.680287 -4.341839 11.028296 -11.302406 -2.372632 -1.384267 -14.238578 -6.320122 -0.62544 -26.924185 -3.827599 -4.695553 -49.948524 -3.037756 -13.708526 -7.363474 -3.72094 18.14115 -14.052739 -3.242672 5e-06 -18.78727 2e-06 -0.429711 -8.456045 2.555506 -1e-06 3e-06 -1e-06 -15.923536 -20.094482 -5.473588 30.41921 -7.190826 1.735928 3e-06 -8.162927 -1e-06 -1.861904 -22.861465 -6.167942 1e-06 -5e-06 -1e-06 -177.894958 -5.963359 -1.823748 11.290829 0.033031 0.01059 -81.50708 1.376839 -7.017148 -3.610992 1.375273 2.171257 -0.999998 0.0 -0.0 -0.406083 -2.971194 -7.7479 15.997847 -0.030192 0.099085 -82.71505 -5.977588 -7.276196 -3.870035 0.643759 1.654491 -1.000001 -0.0 -0.0 
0.0 0.0 0.0 0.0 -0.0 0.0 -2.868459 99.558571 0.402786 89.912292 1.149349 93.352943 -3.40843 1.91864 0.164571 -12.461904 0.199708 0.815912 23.416321 -0.832662 -0.622954 21.293552 -2.169381 1.945412 -2.676877 -0.677585 -0.358999 -43.874271 -5.452308 3.069612 7e-06 0.0 -0.0 0.067608 0.028468 -0.061418 0.15964 -0.069557 -0.069932 0.10343 0.126537 -0.051119 -109.844055 -74.760307 126.6287 40.632915 -63.411655 -9.158619 26.631899 0.111667 -0.05843 -0.981173 1.576653 2.983907 17.636625 -26.322725 52.411182 -19.46666 -14.395597 29.410385 -0.0 -8.774821 -3e-06 16.015919 -18.011356 6.16192 -0.609777 -1.795654 -3.889328 -4.807087 -11.046809 -2.937849 5e-06 -20.976015 -0.0 -5.01997 -25.033556 -4.031881 6e-06 -1e-06 -1e-06 -10.634533 -5.68697 -3.565588 10.573274 -17.922947 -3.113899 3e-06 -13.821205 1e-06 -0.501776 -31.181498 -4.027013 -10.713534 -59.593239 6.476725 -13.982712 -7.150197 -2.875043 13.772727 -8.401492 -3.218241 0.347735 -34.211544 0.771656 -0.963028 -17.733366 2.62102 1e-06 1e-06 -1e-06 -17.346413 -20.095213 -4.201781 21.757555 -1.638375 3.866427 0.0 -6.338822 1e-06 -1.697589 -22.59174 -6.194006 -0.0 -2e-06 -2e-06 51.726681 -73.930222 148.298767 41.641617 -56.903801 -16.649233 30.086329 0.141535 0.023566 1.413005 8.393546 4.624012 22.18211 -20.375895 49.933319 -16.701811 -16.743525 28.476526 -3e-06 -12.690599 -2e-06 16.103378 -17.482594 2.773863 -0.105918 -1.513857 -4.275881 -5.03904 -5.612871 -2.953557 3e-06 -11.020521 -1e-06 -6.111295 -15.89533 -3.840472 1e-06 -0.0 0.0 -10.283367 -5.680287 -4.341837 11.028292 -11.302404 -2.372634 -1.384268 -14.238577 -6.320119 -0.625437 -26.924183 -3.827602 -4.682846 -49.986305 -3.003884 -13.708522 -7.363473 -3.720939 18.141146 -14.052738 -3.242673 7e-06 -18.787268 -2e-06 -0.429712 -8.456043 2.555504 1e-06 -0.0 -1e-06 -15.923531 -20.094482 -5.473585 30.419207 -7.190826 1.735925 2e-06 -8.162925 -2e-06 -1.861902 -22.861465 -6.167941 1e-06 -3e-06 -1e-06 -177.793015 -5.981573 -1.823373 11.316564 0.028965 0.013063 -81.564613 1.240607 -7.012419 -3.623568 1.386041 2.179011 -0.999999 -0.0 -0.0 -0.261823 -2.932665 -7.731388 15.848901 -0.039186 0.099261 -82.657188 -5.878338 -7.28003 -3.833498 0.642317 1.657792 -1.000002 -1e-06 0.0 
0.0 0.0 0.0 0.0 -0.0 0.0 -2.801486 99.559738 0.44609 89.879051 1.211824 93.246635 -3.529147 1.811557 0.183455 -12.523307 0.167716 0.838943 23.409769 -0.951442 -0.589079 21.852604 -1.01801 1.990851 -2.670936 -0.710842 -0.149245 -43.265892 -4.893818 2.732061 6e-06 -0.0 -1e-06 0.070607 0.028513 -0.061298 0.169337 -0.066059 -0.070069 0.122444 0.123411 -0.049159 -110.51223 -74.633102 127.288254 40.673401 -63.41888 -9.229577 26.799416 0.117144 -0.055866 -0.89993 1.455591 2.643811 17.636627 -26.322731 52.411198 -19.46666 -14.395597 29.410389 -0.0 -8.774821 -2e-06 15.996954 -17.985447 6.16246 -0.609777 -1.795654 -3.889327 -4.80709 -11.046811 -2.937849 3e-06 -20.976017 1e-06 -5.019972 -25.03356 -4.031882 6e-06 0.0 0.0 -10.634535 -5.68697 -3.565587 10.573275 -17.922951 -3.113901 2e-06 -13.821208 1e-06 -0.501778 -31.181505 -4.027016 -10.683121 -59.587097 6.473152 -13.982715 -7.150198 -2.875042 13.77273 -8.401492 -3.21824 0.347733 -34.211555 0.771656 -0.963028 -17.733372 2.621019 1e-06 1e-06 0.0 -17.346416 -20.095217 -4.201782 21.757557 -1.638375 3.866428 1e-06 -6.338823 1e-06 -1.697591 -22.591743 -6.194008 0.0 -6e-06 -3e-06 51.370987 -73.684669 148.653015 42.109688 -57.025524 -17.727152 29.462629 0.167801 0.011566 1.41315 8.320304 4.06791 22.182121 -20.3759 49.933331 -16.701815 -16.743528 28.476536 -3e-06 -12.690601 -1e-06 16.106312 -17.484379 2.782711 -0.105919 -1.513856 -4.275882 -5.039042 -5.612873 -2.953557 5e-06 -11.020527 -3e-06 -6.111297 -15.895338 -3.840472 0.0 1e-06 -1e-06 -10.283371 -5.680288 -4.341839 11.028294 -11.302407 -2.372634 -1.384269 -14.238584 -6.320122 -0.625436 -26.924194 -3.827602 -4.650917 -49.999638 -3.012046 -13.708525 -7.363478 -3.72094 18.14115 -14.052742 -3.242676 8e-06 -18.787271 -2e-06 -0.429711 -8.456047 2.555503 -0.0 1e-06 0.0 -15.923536 -20.094486 -5.473585 30.419218 -7.190829 1.735926 2e-06 -8.162929 -2e-06 -1.861898 -22.861469 -6.167941 1e-06 -5e-06 -1e-06 -177.65686 -5.96248 -1.813172 11.289162 0.025988 0.016765 -81.606964 1.116687 -7.013241 -3.634439 1.391154 2.183526 -0.999999 0.0 -0.0 -0.104295 -2.930429 -7.710242 15.690848 -0.043611 0.098923 -82.593636 -5.792412 -7.277956 -3.828576 0.644135 1.661161 -1.000001 -0.0 -0.0 
0.0 0.0 0.0 0.0 -0.0 0.0 -2.703527 99.559906 0.494524 89.860779 1.260022 93.139862 -3.660002 1.70169 0.206733 -12.583025 0.132642 0.845777 23.381994 -1.082785 -0.567995 22.428974 0.156038 2.046941 -2.660337 -0.745552 0.043238 -42.607742 -4.324278 2.388023 6e-06 0.0 -0.0 0.072235 0.028725 -0.058931 0.176745 -0.065181 -0.067 0.141334 0.123022 -0.046383 -111.08741 -74.498688 127.847771 40.812759 -63.508541 -9.296384 26.791313 0.118546 -0.03894 -0.791876 1.273 2.343937 17.636635 -26.322729 52.41119 -19.46666 -14.395596 29.410389 -0.0 -8.774822 -3e-06 16.002504 -17.950987 6.142913 -0.609777 -1.795655 -3.889327 -4.807088 -11.046811 -2.937852 4e-06 -20.976015 -0.0 -5.019971 -25.033554 -4.031884 6e-06 -1e-06 1e-06 -10.634537 -5.686972 -3.565588 10.573276 -17.922951 -3.1139 3e-06 -13.821209 1e-06 -0.501776 -31.181505 -4.027017 -10.660243 -59.587337 6.44718 -13.982718 -7.150198 -2.875042 13.772731 -8.401492 -3.218243 0.347733 -34.211555 0.771656 -0.963027 -17.73337 2.621019 1e-06 0.0 -1e-06 -17.346422 -20.095219 -4.201782 21.757565 -1.638375 3.866429 1e-06 -6.338821 1e-06 -1.69759 -22.591743 -6.194006 -0.0 -4e-06 -2e-06 51.104015 -73.483131 148.888107 42.47324 -57.277771 -18.72127 28.841198 0.193007 0.001674 1.368158 8.152113 3.62158 22.182114 -20.375889 49.933308 -16.701807 -16.743525 28.476522 -3e-06 -12.6906 -1e-06 16.110727 -17.487555 2.768503 -0.105918 -1.513855 -4.27588 -5.039042 -5.612871 -2.953556 5e-06 -11.02052 -2e-06 -6.111297 -15.89533 -3.840469 -0.0 2e-06 -1e-06 -10.283369 -5.680287 -4.341838 11.028293 -11.302402 -2.372633 -1.384269 -14.238575 -6.32012 -0.62544 -26.924183 -3.8276 -4.603998 -50.000446 -3.069861 -13.708523 -7.363474 -3.720937 18.141146 -14.052735 -3.242672 6e-06 -18.787264 -1e-06 -0.42971 -8.456041 2.555502 0.0 -1e-06 -1e-06 -15.923536 -20.094479 -5.47358 30.41921 -7.190825 1.735925 2e-06 -8.162925 -1e-06 -1.861902 -22.861467 -6.16794 0.0 -5e-06 -1e-06 -177.541229 -5.907836 -1.805192 11.283258 0.025462 0.017893 -81.665367 1.024959 -7.01764 -3.650716 1.388819 2.184583 -0.999998 0.0 -0.0 0.03135 -2.966837 -7.656108 15.556844 -0.04265 0.091964 -82.53978 -5.725541 -7.298448 -3.857918 0.647842 1.664273 -1.000003 0.0 -0.0 
0.0 0.0 0.0 0.0 -0.0 0.0 -2.585502 99.558273 0.545947 89.845963 1.287476 93.034088 -3.77845 1.607335 0.231973 -12.624445 0.100515 0.843531 23.334455 -1.194837 -0.549047 22.906391 1.139468 2.107529 -2.651779 -0.760491 0.14572 -42.044273 -3.825869 2.089326 6e-06 0.0 -0.0 0.073417 0.027304 -0.059849 0.178372 -0.066898 -0.067339 0.155206 0.121769 -0.047001 -111.626579 -74.367249 128.373901 40.96497 -63.643036 -9.396013 26.672731 0.080738 -0.019322 -0.691098 1.112926 2.145293 17.636627 -26.322733 52.41119 -19.466663 -14.395598 29.410393 -1e-06 -8.774822 -0.0 16.004084 -17.911787 6.121668 -0.609776 -1.795653 -3.889328 -4.807088 -11.046811 -2.93785 4e-06 -20.976015 1e-06 -5.01997 -25.033556 -4.03188 5e-06 1e-06 0.0 -10.634532 -5.68697 -3.565588 10.573272 -17.922949 -3.113901 3e-06 -13.821211 1e-06 -0.501778 -31.181505 -4.027015 -10.630257 -59.571396 6.401616 -13.982712 -7.150198 -2.875041 13.772727 -8.401492 -3.218243 0.347734 -34.211555 0.771653 -0.963028 -17.733372 2.62102 -0.0 2e-06 -1e-06 -17.346415 -20.095215 -4.201781 21.757555 -1.638375 3.866427 1e-06 -6.338823 0.0 -1.697589 -22.591745 -6.194007 0.0 -3e-06 -3e-06 50.974846 -73.334106 148.964005 42.685539 -57.616772 -19.519341 28.301008 0.229226 -0.005898 1.300345 7.956404 3.360874 22.182116 -20.375887 49.933315 -16.701815 -16.743528 28.47653 -2e-06 -12.690601 -1e-06 16.12203 -17.500357 2.750617 -0.10592 -1.513857 -4.27588 -5.039042 -5.612873 -2.953557 4e-06 -11.020526 -2e-06 -6.111299 -15.895336 -3.84047 1e-06 -1e-06 -0.0 -10.283372 -5.68029 -4.34184 11.028296 -11.302406 -2.372633 -1.384268 -14.238581 -6.320123 -0.625438 -26.924196 -3.827602 -4.549881 -50.023453 -3.136358 -13.708526 -7.363477 -3.720939 18.141151 -14.052739 -3.242675 9e-06 -18.78727 -4e-06 -0.429712 -8.456043 2.555503 1e-06 1e-06 1e-06 -15.923536 -20.094484 -5.473584 30.419218 -7.190827 1.735927 1e-06 -8.162927 -2e-06 -1.861899 -22.861473 -6.167947 1e-06 -4e-06 -2e-06 -177.476257 -5.837401 -1.80746 11.339035 0.023875 0.0146 -81.753349 0.969293 -7.027298 -3.694195 1.389664 2.181823 -0.999999 0.0 0.0 0.1353 -3.021099 -7.571765 15.446631 -0.03907 0.082633 -82.494026 -5.694297 -7.330794 -3.900411 0.654093 1.668655 -1.000002 1e-06 -0.0 
0.0 0.0 0.0 0.0 -0.0 0.0 -2.442313 99.554482 0.599024 89.845078 1.294959 92.928108 -3.880716 1.524306 0.256784 -12.650177 0.074888 0.848176 23.273302 -1.305356 -0.539811 23.268284 1.928741 2.164978 -2.651004 -0.76163 0.171617 -41.609047 -3.377919 1.848024 7e-06 0.0 -0.0 0.071493 0.02531 -0.059075 0.16832 -0.068785 -0.067405 0.154108 0.119581 -0.044527 -112.216476 -74.214706 128.957764 41.066753 -63.782986 -9.524265 26.4814 0.017048 -0.010694 -0.592714 0.964629 2.051088 17.63662 -26.322733 52.411205 -19.466661 -14.395596 29.410393 -0.0 -8.77482 -1e-06 16.010454 -17.875189 6.089943 -0.609776 -1.795653 -3.889327 -4.807087 -11.046808 -2.937851 4e-06 -20.976015 -0.0 -5.019969 -25.033556 -4.031881 5e-06 -0.0 -0.0 -10.634531 -5.686969 -3.565588 10.573271 -17.922947 -3.113901 2e-06 -13.821206 0.0 -0.501778 -31.181501 -4.027014 -10.605693 -59.530415 6.354131 -13.982711 -7.150196 -2.875043 13.772726 -8.401491 -3.218243 0.347732 -34.211544 0.771657 -0.963029 -17.73337 2.62102 0.0 -1e-06 -1e-06 -17.346415 -20.095215 -4.201783 21.757555 -1.638374 3.866427 1e-06 -6.338822 -0.0 -1.697591 -22.59174 -6.194006 -0.0 -3e-06 -1e-06 50.953758 -73.231506 148.922882 42.758526 -58.010628 -20.15431 27.804745 0.254484 -0.012679 1.224824 7.736495 3.193734 22.182112 -20.3759 49.933323 -16.701809 -16.743528 28.47653 -3e-06 -12.690601 1e-06 16.136097 -17.521687 2.736864 -0.105919 -1.513856 -4.275881 -5.039041 -5.61287 -2.953557 3e-06 -11.02052 -1e-06 -6.111297 -15.895328 -3.84047 -0.0 -0.0 -0.0 -10.283369 -5.680288 -4.34184 11.028293 -11.302402 -2.372632 -1.384266 -14.238576 -6.32012 -0.625439 -26.924187 -3.827599 -4.505396 -50.055889 -3.181844 -13.708522 -7.363474 -3.720939 18.141146 -14.052738 -3.242674 6e-06 -18.787266 0.0 -0.429713 -8.456039 2.555504 0.0 0.0 0.0 -15.923532 -20.094481 -5.473586 30.41921 -7.190826 1.735927 2e-06 -8.162925 -1e-06 -1.861903 -22.861467 -6.167942 -1e-06 -4e-06 -0.0 -177.454102 -5.735681 -1.820198 11.44225 0.022055 0.005277 -81.861427 0.920732 -7.029109 -3.7479 1.397013 2.179211 -0.999999 0.0 -0.0 0.19854 -3.10933 -7.472749 15.380087 -0.037536 0.078361 -82.466011 -5.675215 -7.373787 -3.945881 0.655042 1.670908 -1.000002 -0.0 -0.0 
0.0 0.0 0.0 0.0 -0.0 0.0 -2.287457 99.54879 0.641207 89.857735 1.283297 92.814743 -3.963145 1.45369 0.280088 -12.675304 0.059269 0.869256 23.218695 -1.420604 -0.544449 23.500824 2.510636 2.218546 -2.658652 -0.75781 0.158856 -41.290451 -3.01603 1.631324 6e-06 0.0 0.0 0.066871 0.02362 -0.056377 0.151563 -0.069313 -0.066313 0.143321 0.116698 -0.03961 -112.740875 -74.080147 129.503738 41.183887 -63.927654 -9.686144 26.217857 -0.031365 -0.010858 -0.518187 0.866679 1.994555 17.636625 -26.322729 52.411186 -19.466663 -14.395597 29.410395 -2e-06 -8.774821 -2e-06 16.017494 -17.851645 6.058342 -0.609775 -1.795654 -3.889326 -4.807088 -11.046811 -2.937851 5e-06 -20.976019 -0.0 -5.019969 -25.03356 -4.031881 6e-06 -1e-06 -0.0 -10.634532 -5.68697 -3.565587 10.573272 -17.922955 -3.113902 4e-06 -13.821212 1e-06 -0.501776 -31.181507 -4.027017 -10.575654 -59.489185 6.330047 -13.982711 -7.150198 -2.875043 13.772727 -8.401493 -3.218243 0.347735 -34.211552 0.771654 -0.963027 -17.73337 2.621018 -1e-06 -0.0 0.0 -17.346413 -20.095217 -4.201782 21.757555 -1.638374 3.866426 2e-06 -6.338824 -1e-06 -1.697587 -22.591749 -6.194007 -0.0 -3e-06 -1e-06 51.07637 -73.192955 148.728043 42.74173 -58.420769 -20.644701 27.28809 0.235772 -0.023336 1.11926 7.475116 3.112173 22.18211 -20.375898 49.933327 -16.701815 -16.743528 28.476534 -3e-06 -12.6906 0.0 16.153093 -17.540874 2.723058 -0.105921 -1.513856 -4.275882 -5.039041 -5.612873 -2.953556 4e-06 -11.020524 -2e-06 -6.111297 -15.895332 -3.840471 0.0 -1e-06 0.0 -10.283369 -5.680288 -4.341838 11.028291 -11.302405 -2.372634 -1.384267 -14.238581 -6.32012 -0.625437 -26.924187 -3.827601 -4.469424 -50.073887 -3.200563 -13.708524 -7.363476 -3.720939 18.14115 -14.052739 -3.242677 7e-06 -18.78727 -3e-06 -0.429713 -8.456041 2.555505 1e-06 -1e-06 0.0 -15.923534 -20.094482 -5.473583 30.41921 -7.190825 1.735926 2e-06 -8.162927 -1e-06 -1.8619 -22.861473 -6.167942 0.0 -3e-06 -1e-06 -177.479828 -5.610637 -1.83166 11.59085 0.022581 0.001197 -81.979858 0.844176 -7.02207 -3.770018 1.409441 2.178815 -0.999998 -0.0 0.0 0.202958 -3.224084 -7.355316 15.374756 -0.037169 0.077999 -82.456451 -5.672831 -7.439793 -3.975099 0.649238 1.669638 -1.000002 -0.0 -0.0 
0.0 0.0 0.0 0.0 -0.0 0.0 -2.135443 99.543106 0.664058 89.879089 1.253462 92.706917 -4.027184 1.394727 0.294363 -12.702452 0.053049 0.902985 23.179916 -1.528675 -0.563185 23.636822 2.910881 2.272368 -2.679888 -0.752451 0.106439 -41.070293 -2.759379 1.441871 6e-06 0.0 0.0 0.061299 0.021285 -0.056237 0.139295 -0.068853 -0.066862 0.134301 0.111594 -0.038652 -113.221558 -73.97139 130.018372 41.274796 -64.049049 -9.735469 25.91474 -0.047665 -0.006249 -0.472207 0.861708 1.943879 17.636627 -26.322733 52.41119 -19.46666 -14.395597 29.410389 -1e-06 -8.774821 -2e-06 16.025812 -17.836029 6.043258 -0.609776 -1.795653 -3.889327 -4.807088 -11.046809 -2.93785 3e-06 -20.976015 0.0 -5.01997 -25.033556 -4.031881 6e-06 0.0 0.0 -10.634533 -5.68697 -3.565588 10.573272 -17.922951 -3.1139 3e-06 -13.821206 1e-06 -0.501779 -31.181501 -4.027015 -10.532323 -59.47765 6.32531 -13.982712 -7.150198 -2.875041 13.772727 -8.401491 -3.218242 0.347733 -34.211552 0.771656 -0.963029 -17.73337 2.621021 1e-06 -1e-06 0.0 -17.346416 -20.095217 -4.201783 21.757557 -1.638374 3.866428 1e-06 -6.338824 1e-06 -1.697588 -22.591745 -6.194005 -0.0 -2e-06 -3e-06 51.311356 -73.224289 148.396118 42.630127 -58.804588 -20.879587 26.757118 0.191168 -0.032305 0.987913 7.19098 3.144878 22.182117 -20.3759 49.933323 -16.701817 -16.743528 28.476536 -3e-06 -12.6906 0.0 16.168697 -17.555418 2.710749 -0.10592 -1.513856 -4.275882 -5.03904 -5.612872 -2.953557 5e-06 -11.020525 -1e-06 -6.111297 -15.895334 -3.84047 0.0 -2e-06 0.0 -10.283369 -5.680289 -4.341839 11.028295 -11.302409 -2.372633 -1.384269 -14.238585 -6.320121 -0.625438 -26.9242 -3.827602 -4.434259 -50.06675 -3.214667 -13.708524 -7.363479 -3.720939 18.141148 -14.052742 -3.242675 7e-06 -18.787275 -1e-06 -0.42971 -8.456047 2.555504 -0.0 1e-06 -1e-06 -15.923536 -20.094486 -5.473587 30.419218 -7.190828 1.735925 2e-06 -8.16293 1e-06 -1.861905 -22.861475 -6.167943 1e-06 -4e-06 -0.0 -177.552551 -5.476679 -1.820992 11.766377 0.026484 -0.001126 -82.09285 0.733923 -7.006481 -3.765712 1.413267 2.175017 -0.999997 -0.0 -0.0 0.153204 -3.354238 -7.260439 15.415865 -0.035643 0.08273 -82.457024 -5.657584 -7.516698 -3.980399 0.644151 1.667876 -1.000003 -0.0 0.0 
0.0 0.0 0.0 0.0 -0.0 0.0 -1.999155 99.540077 0.66787 89.903725 1.217704 92.60672 -4.063047 1.35392 0.302748 -12.723693 0.05601 0.954856 23.146807 -1.635372 -0.59878 23.687656 3.168975 2.33653 -2.694523 -0.759423 0.015654 -40.951653 -2.583505 1.249247 7e-06 0.0 0.0 0.055033 0.017303 -0.061746 0.128552 -0.068496 -0.073718 0.124555 0.103385 -0.042954 -113.687576 -73.881142 130.514664 41.338326 -64.113121 -9.659284 25.577705 -0.062264 -0.005969 -0.439239 0.947851 1.919835 17.636621 -26.322725 52.411186 -19.466652 -14.395592 29.410385 -0.0 -8.774817 -3e-06 16.026869 -17.831053 6.041022 -0.609775 -1.795653 -3.889326 -4.807087 -11.046806 -2.93785 3e-06 -20.976009 1e-06 -5.019969 -25.033548 -4.031878 5e-06 -1e-06 -1e-06 -10.63453 -5.686969 -3.565585 10.573271 -17.922945 -3.113901 3e-06 -13.821205 1e-06 -0.501777 -31.181498 -4.027014 -10.503684 -59.466667 6.34003 -13.982707 -7.150196 -2.875041 13.772724 -8.40149 -3.218242 0.347733 -34.21154 0.771657 -0.963029 -17.733366 2.62102 1e-06 -0.0 0.0 -17.346409 -20.095207 -4.201782 21.757549 -1.638375 3.866426 2e-06 -6.338822 -1e-06 -1.697588 -22.591738 -6.194005 -0.0 -5e-06 -2e-06 51.668858 -73.316093 147.95163 42.520866 -59.129753 -20.900501 26.220369 0.150332 -0.044861 0.867715 6.911973 3.29499 22.182108 -20.375891 49.933319 -16.701807 -16.743528 28.476528 -3e-06 -12.690598 -2e-06 16.189688 -17.559597 2.696726 -0.105921 -1.513855 -4.275882 -5.039039 -5.612872 -2.953556 4e-06 -11.02052 -1e-06 -6.111296 -15.89533 -3.840471 -0.0 -0.0 0.0 -10.28337 -5.680287 -4.34184 11.028292 -11.302404 -2.372633 -1.384267 -14.238577 -6.32012 -0.625437 -26.924183 -3.8276 -4.390437 -50.063564 -3.240938 -13.708524 -7.363476 -3.720939 18.141146 -14.052737 -3.242672 6e-06 -18.787266 -1e-06 -0.429712 -8.456041 2.555505 0.0 0.0 1e-06 -15.923534 -20.094482 -5.473586 30.41921 -7.190824 1.735927 2e-06 -8.162926 0.0 -1.861902 -22.861469 -6.167941 2e-06 -7e-06 -0.0 -177.63266 -5.346309 -1.807004 11.91188 0.02705 -0.002145 -82.174782 0.601363 -6.989338 -3.751665 1.416915 2.170938 -0.999998 -0.0 0.0 0.081285 -3.480652 -7.199638 15.464317 -0.03743 0.088506 -82.452065 -5.613089 -7.574348 -3.971024 0.638604 1.66583 -1.000002 0.0 -0.0 
0.0 0.0 0.0 0.0 -0.0 0.0 -1.866006 99.535522 0.662187 89.928993 1.173517 92.485931 -4.07719 1.328312 0.304359 -12.735209 0.060812 1.014104 23.112659 -1.751485 -0.632124 23.673866 3.320402 2.40221 -2.698644 -0.779919 -0.086934 -40.908703 -2.438929 1.067877 7e-06 0.0 0.0 0.049073 0.01324 -0.070678 0.124687 -0.067919 -0.082614 0.119149 0.094968 -0.052085 -114.177879 -73.778923 131.027756 41.35788 -64.102745 -9.433807 25.224842 -0.072666 -0.00881 -0.425515 1.065896 1.855718 17.636627 -26.322733 52.411201 -19.466665 -14.395598 29.410393 -1e-06 -8.774823 -1e-06 16.024582 -17.823847 6.044477 -0.609777 -1.795654 -3.889327 -4.80709 -11.046813 -2.937852 4e-06 -20.976019 -0.0 -5.01997 -25.03356 -4.031883 6e-06 1e-06 -0.0 -10.634537 -5.686972 -3.565587 10.573277 -17.922955 -3.113903 3e-06 -13.821209 0.0 -0.501776 -31.181507 -4.027019 -10.496944 -59.45731 6.373813 -13.982718 -7.150199 -2.875041 13.772733 -8.401492 -3.218244 0.347735 -34.211559 0.771654 -0.963027 -17.733374 2.621019 -0.0 1e-06 -0.0 -17.346422 -20.095221 -4.201782 21.757561 -1.638373 3.866428 1e-06 -6.338824 -1e-06 -1.697588 -22.591745 -6.194008 -1e-06 -2e-06 -2e-06 52.092396 -73.465202 147.447159 42.444527 -59.401276 -20.718224 25.663151 0.121575 -0.058484 0.770036 6.662322 3.563643 22.182116 -20.375887 49.933315 -16.701817 -16.743532 28.47653 -2e-06 -12.690603 -1e-06 16.211552 -17.553083 2.683482 -0.105918 -1.513856 -4.275882 -5.039043 -5.612873 -2.953555 4e-06 -11.020523 -2e-06 -6.1113 -15.895334 -3.840472 0.0 1e-06 0.0 -10.283371 -5.680288 -4.341837 11.028295 -11.302404 -2.372635 -1.384269 -14.238577 -6.32012 -0.625438 -26.924187 -3.827602 -4.359342 -50.05669 -3.263994 -13.708527 -7.363476 -3.720938 18.141151 -14.052735 -3.242674 7e-06 -18.78727 -3e-06 -0.429712 -8.456041 2.555502 0.0 -0.0 1e-06 -15.923536 -20.094484 -5.473584 30.41921 -7.190824 1.735925 1e-06 -8.162926 -0.0 -1.861902 -22.861467 -6.167943 -0.0 -3e-06 -0.0 -177.739471 -5.218293 -1.837911 12.087852 0.024642 0.000645 -82.264885 0.486539 -6.976386 -3.737489 1.425464 2.170322 -0.999998 -0.0 -0.0 -0.028714 -3.605458 -7.103129 15.549713 -0.040359 0.090387 -82.458481 -5.558653 -7.62817 -3.960349 0.63082 1.661921 -1.000003 -0.0 -0.0 
0.0 0.0 0.0 0.0 -0.0 0.0 -1.730376 99.529427 0.654604 89.953064 1.126091 92.333649 -4.07434 1.310912 0.305539 -12.732616 0.057924 1.04949 23.078142 -1.873542 -0.650279 23.620291 3.389378 2.456614 -2.697709 -0.805136 -0.161031 -40.911419 -2.318625 0.945521 7e-06 0.0 0.0 0.046532 0.009656 -0.081392 0.12836 -0.068606 -0.091848 0.120385 0.088824 -0.064552 -114.655167 -73.671921 131.523651 41.308754 -64.037262 -9.03939 24.924335 -0.040219 -0.001309 -0.428355 1.152134 1.691986 17.636635 -26.322733 52.411194 -19.46666 -14.395598 29.410393 0.0 -8.774822 -2e-06 16.03219 -17.817545 6.046043 -0.609775 -1.795653 -3.889328 -4.80709 -11.046812 -2.93785 3e-06 -20.976019 1e-06 -5.019972 -25.033556 -4.031882 6e-06 -0.0 0.0 -10.634535 -5.686971 -3.565589 10.573274 -17.922951 -3.113901 2e-06 -13.821206 1e-06 -0.501779 -31.181505 -4.027015 -10.504095 -59.466503 6.41869 -13.982716 -7.150198 -2.875043 13.772731 -8.401491 -3.218241 0.347732 -34.211552 0.771656 -0.963029 -17.733372 2.621019 1e-06 -1e-06 -0.0 -17.346422 -20.095219 -4.20178 21.757561 -1.638374 3.866428 1e-06 -6.338825 0.0 -1.69759 -22.591747 -6.194008 0.0 -4e-06 -1e-06 52.481094 -73.649551 146.96904 42.362755 -59.621815 -20.374537 25.18597 0.101722 -0.066271 0.661266 6.452317 3.932683 22.182121 -20.375887 49.933315 -16.701817 -16.743532 28.476532 -2e-06 -12.690603 -2e-06 16.236431 -17.541136 2.670957 -0.105919 -1.513857 -4.275882 -5.039041 -5.612873 -2.953557 3e-06 -11.020521 -2e-06 -6.1113 -15.89533 -3.840472 1e-06 -4e-06 0.0 -10.283371 -5.680288 -4.341839 11.028296 -11.302402 -2.372633 -1.384269 -14.238578 -6.32012 -0.625439 -26.924183 -3.827602 -4.352381 -50.033249 -3.272032 -13.708524 -7.363477 -3.720939 18.14115 -14.052737 -3.242674 7e-06 -18.787266 -3e-06 -0.429712 -8.456041 2.555501 0.0 -2e-06 1e-06 -15.923536 -20.094482 -5.473584 30.41921 -7.190823 1.735925 1e-06 -8.162926 0.0 -1.861902 -22.861467 -6.167943 0.0 -5e-06 1e-06 -177.8526 -5.094333 -1.916145 12.279306 0.026324 0.001278 -82.365387 0.406545 -6.967064 -3.726492 1.43038 2.171486 -0.999999 1e-06 0.0 -0.159708 -3.732524 -6.97303 15.655764 -0.039444 0.083699 -82.471779 -5.484299 -7.683395 -3.960856 0.618902 1.656385 -1.000003 -0.0 0.0 
0.0 0.0 0.0 0.0 -0.0 0.0 -1.590297 99.526848 0.65313 89.969223 1.071598 92.140877 -4.067773 1.294158 0.311335 -12.722086 0.054924 1.071864 23.044436 -1.989838 -0.644176 23.550745 3.404699 2.474241 -2.697113 -0.838609 -0.184518 -40.953724 -2.200884 0.850566 6e-06 -0.0 0.0 0.044938 0.006613 -0.08916 0.129787 -0.069376 -0.098616 0.121542 0.083637 -0.073336 -115.134476 -73.559677 132.010422 41.171993 -63.941261 -8.54741 24.717312 0.010887 0.016371 -0.442504 1.188434 1.531748 17.636625 -26.322735 52.411201 -19.466658 -14.3956 29.410395 -0.0 -8.774822 -2e-06 16.037825 -17.809078 6.04841 -0.609778 -1.795654 -3.889328 -4.807088 -11.046811 -2.937852 4e-06 -20.976019 0.0 -5.019971 -25.033562 -4.031882 6e-06 -1e-06 1e-06 -10.634535 -5.686971 -3.565588 10.573274 -17.922951 -3.113901 3e-06 -13.821211 1e-06 -0.501778 -31.181505 -4.027014 -10.491239 -59.472343 6.450132 -13.982714 -7.150198 -2.875042 13.772728 -8.401491 -3.218243 0.347733 -34.211555 0.771656 -0.963029 -17.733372 2.62102 0.0 0.0 -0.0 -17.346416 -20.095217 -4.201783 21.757557 -1.638375 3.866426 1e-06 -6.338823 -0.0 -1.69759 -22.591738 -6.194005 -0.0 -2e-06 -2e-06 52.906654 -73.825905 146.444427 42.258434 -59.825264 -19.991304 24.858677 0.097467 -0.069961 0.551883 6.349341 4.221286 22.182119 -20.375898 49.933331 -16.70182 -16.743532 28.47654 -4e-06 -12.690603 -1e-06 16.259289 -17.542585 2.667364 -0.105919 -1.513856 -4.275882 -5.039043 -5.612874 -2.953557 5e-06 -11.020528 -3e-06 -6.111298 -15.895338 -3.840472 -0.0 -1e-06 -0.0 -10.283372 -5.680289 -4.341838 11.028296 -11.302409 -2.372637 -1.384268 -14.238585 -6.320122 -0.625437 -26.9242 -3.827604 -4.360767 -50.031036 -3.266302 -13.708527 -7.363479 -3.720941 18.141153 -14.052746 -3.242676 1e-05 -18.787275 -4e-06 -0.429711 -8.456043 2.555503 1e-06 -0.0 -0.0 -15.923538 -20.09449 -5.473586 30.419222 -7.190829 1.735925 3e-06 -8.162928 -0.0 -1.861902 -22.861471 -6.167943 0.0 -3e-06 -1e-06 -177.933868 -4.974001 -2.017046 12.41239 0.030013 -0.002333 -82.449928 0.327412 -6.95422 -3.719852 1.428121 2.171043 -0.999998 -0.0 -0.0 -0.280863 -3.852753 -6.838748 15.717318 -0.041107 0.085104 -82.460709 -5.391436 -7.727787 -3.994474 0.613545 1.652519 -1.000001 -0.0 0.0 
0.0 0.0 0.0 0.0 -0.0 0.0 -1.45077 99.526009 0.657762 89.975433 1.013573 91.938667 -4.060657 1.278209 0.318693 -12.714061 0.053833 1.100302 23.015526 -2.094875 -0.642624 23.474041 3.405134 2.470509 -2.698569 -0.867926 -0.186526 -41.014828 -2.107072 0.779363 6e-06 0.0 0.0 0.044088 0.005574 -0.092134 0.127659 -0.068718 -0.101669 0.119327 0.080901 -0.07636 -115.553688 -73.452431 132.435684 40.988911 -63.830845 -8.080603 24.584745 0.063549 0.03471 -0.448676 1.183742 1.389096 17.636629 -26.322725 52.411186 -19.46666 -14.395597 29.410389 -0.0 -8.774821 -2e-06 16.009224 -17.791994 6.064128 -0.609776 -1.795654 -3.889328 -4.80709 -11.046811 -2.937848 3e-06 -20.976017 -0.0 -5.019971 -25.033556 -4.031882 6e-06 -0.0 -1e-06 -10.634533 -5.686971 -3.565588 10.573275 -17.922951 -3.113902 2e-06 -13.821209 0.0 -0.501779 -31.181505 -4.027016 -10.476727 -59.451817 6.478624 -13.982714 -7.150198 -2.875041 13.77273 -8.401493 -3.218242 0.347733 -34.211555 0.771655 -0.963028 -17.73337 2.62102 1e-06 -1e-06 -0.0 -17.346418 -20.095219 -4.20178 21.757557 -1.638375 3.866427 1e-06 -6.338824 1e-06 -1.697588 -22.591747 -6.194009 0.0 -4e-06 -3e-06 53.290611 -73.969833 145.970001 42.158508 -60.001915 -19.687061 24.689907 0.105951 -0.068471 0.482111 6.359585 4.336661 22.18211 -20.375898 49.933327 -16.701813 -16.743528 28.476532 -4e-06 -12.690598 0.0 16.284307 -17.553253 2.663882 -0.105918 -1.513856 -4.275881 -5.039041 -5.612871 -2.953555 5e-06 -11.020521 -1e-06 -6.111295 -15.89533 -3.84047 0.0 -1e-06 -1e-06 -10.283368 -5.680287 -4.341839 11.028292 -11.302406 -2.372633 -1.384268 -14.23858 -6.320121 -0.625437 -26.924187 -3.827601 -4.364413 -50.035744 -3.256471 -13.708522 -7.363476 -3.720939 18.141146 -14.05274 -3.242676 9e-06 -18.78727 -4e-06 -0.429711 -8.456043 2.555504 1e-06 -1e-06 -1e-06 -15.923532 -20.094482 -5.473587 30.41921 -7.190827 1.735926 2e-06 -8.162926 -1e-06 -1.861901 -22.861467 -6.167941 0.0 -3e-06 -1e-06 -178.004745 -4.864113 -2.125661 12.525807 0.032273 -0.005512 -82.529007 0.227766 -6.928725 -3.703513 1.422619 2.170914 -0.999999 0.0 -0.0 -0.386618 -3.957921 -6.692233 15.74139 -0.042638 0.090703 -82.433929 -5.301189 -7.75887 -4.033936 0.613061 1.651387 -1.000002 -0.0 -0.0 
0.0 0.0 0.0 0.0 -0.0 0.0 -1.316575 99.522568 0.666293 89.972984 0.949904 91.741577 -4.053994 1.256671 0.323369 -12.708571 0.053868 1.135965 22.981571 -2.184404 -0.656485 23.385662 3.406895 2.463627 -2.69812 -0.882067 -0.192865 -41.060452 -2.059678 0.724843 6e-06 0.0 0.0 0.045845 0.00587 -0.094479 0.130897 -0.065956 -0.103695 0.121691 0.078747 -0.079284 -115.843491 -73.353622 132.720612 40.806362 -63.716984 -7.704093 24.494244 0.108499 0.040375 -0.482821 1.147993 1.265929 17.636625 -26.322731 52.41119 -19.466658 -14.395598 29.410389 -0.0 -8.774821 -2e-06 15.955809 -17.772436 6.10198 -0.609777 -1.795654 -3.889328 -4.807089 -11.04681 -2.93785 4e-06 -20.976019 -0.0 -5.019971 -25.033558 -4.031882 6e-06 1e-06 1e-06 -10.634532 -5.686969 -3.565587 10.573272 -17.922947 -3.113902 2e-06 -13.821206 0.0 -0.501778 -31.181498 -4.027016 -10.484694 -59.422386 6.529734 -13.982712 -7.150197 -2.875041 13.772728 -8.401489 -3.218243 0.347734 -34.211544 0.771655 -0.963029 -17.73337 2.62102 1e-06 -1e-06 -0.0 -17.346416 -20.095217 -4.201782 21.757557 -1.638373 3.866428 1e-06 -6.338825 2e-06 -1.69759 -22.591742 -6.194005 0.0 -3e-06 -3e-06 53.594299 -74.073799 145.577759 42.059235 -60.164062 -19.487064 24.671816 0.107581 -0.061396 0.467147 6.434577 4.297263 22.182119 -20.375895 49.933319 -16.701815 -16.743528 28.476532 -3e-06 -12.690601 -2e-06 16.306688 -17.564219 2.660092 -0.105918 -1.513855 -4.275881 -5.039042 -5.612873 -2.953557 4e-06 -11.020524 -1e-06 -6.111298 -15.895334 -3.84047 0.0 1e-06 0.0 -10.283372 -5.680291 -4.34184 11.028294 -11.302406 -2.372633 -1.384268 -14.238585 -6.320122 -0.625437 -26.924194 -3.827603 -4.372303 -50.040249 -3.2323 -13.708525 -7.363477 -3.72094 18.141148 -14.052739 -3.242674 7e-06 -18.78727 -2e-06 -0.429711 -8.456045 2.555503 -0.0 -0.0 -0.0 -15.923532 -20.094484 -5.473586 30.41921 -7.190826 1.735925 1e-06 -8.162927 0.0 -1.8619 -22.861469 -6.167941 -0.0 -3e-06 0.0 -178.10463 -4.76829 -2.214162 12.687124 0.036172 -0.00918 -82.630142 0.105625 -6.889775 -3.684502 1.410658 2.169214 -0.999999 0.0 -0.0 -0.500572 -4.053379 -6.555495 15.775289 -0.039263 0.092235 -82.416023 -5.203804 -7.771725 -4.062071 0.617032 1.654782 -1.000003 1e-06 0.0 
0.0 0.0 0.0 0.0 -0.0 0.0 -1.205862 99.520805 0.678864 89.958923 0.886512 91.537041 -4.048659 1.236687 0.321918 -12.705092 0.05591 1.175323 22.938471 -2.256143 -0.68256 23.268888 3.396652 2.457451 -2.691643 -0.883083 -0.190788 -41.059662 -2.031853 0.664646 6e-06 -0.0 -0.0 0.049626 0.006364 -0.098752 0.137702 -0.062329 -0.107576 0.128758 0.076044 -0.084405 -116.027008 -73.264534 132.915482 40.705555 -63.592491 -7.483597 24.397242 0.139728 0.035212 -0.54328 1.118822 1.092965 17.636625 -26.322733 52.411194 -19.466661 -14.395597 29.410389 -0.0 -8.774821 -1e-06 15.902793 -17.771147 6.145386 -0.609777 -1.795654 -3.889328 -4.807087 -11.04681 -2.937849 5e-06 -20.976015 -1e-06 -5.019971 -25.033554 -4.031879 6e-06 -2e-06 -1e-06 -10.634531 -5.686969 -3.565587 10.573272 -17.922947 -3.113902 2e-06 -13.821206 2e-06 -0.501778 -31.181498 -4.027016 -10.508541 -59.389645 6.581613 -13.982712 -7.150197 -2.875041 13.772727 -8.401491 -3.218242 0.347733 -34.211544 0.771655 -0.963028 -17.73337 2.62102 1e-06 1e-06 -0.0 -17.346416 -20.095215 -4.201782 21.757557 -1.638374 3.866428 2e-06 -6.338825 1e-06 -1.697589 -22.59174 -6.194006 -1e-06 -4e-06 -3e-06 53.847748 -74.135933 145.252945 41.978256 -60.301666 -19.286108 24.761377 0.134132 -0.050495 0.498883 6.479686 4.200324 22.182116 -20.375893 49.933319 -16.701817 -16.74353 28.47653 -3e-06 -12.6906 -0.0 16.325699 -17.578281 2.657151 -0.105919 -1.513856 -4.275881 -5.03904 -5.61287 -2.953556 4e-06 -11.020523 -1e-06 -6.111298 -15.89533 -3.84047 0.0 -1e-06 -1e-06 -10.283367 -5.680288 -4.341839 11.028294 -11.302405 -2.372632 -1.384268 -14.238579 -6.32012 -0.625437 -26.924187 -3.827601 -4.373434 -50.056561 -3.217978 -13.708523 -7.363472 -3.720938 18.141148 -14.052738 -3.242676 8e-06 -18.78727 -2e-06 -0.429711 -8.456044 2.555501 1e-06 -0.0 0.0 -15.923532 -20.094482 -5.473584 30.41921 -7.190826 1.735925 1e-06 -8.162927 -1e-06 -1.861899 -22.861467 -6.167943 -2e-06 -2e-06 -1e-06 -178.183792 -4.695494 -2.288027 12.81169 0.035522 -0.014223 -82.717934 -0.028645 -6.857574 -3.673885 1.398995 2.167058 -0.999998 0.0 0.0 -0.601127 -4.120113 -6.431178 15.782655 -0.035749 0.091729 -82.387604 -5.11129 -7.764709 -4.070723 0.621673 1.659753 -1.000001 -0.0 0.0 
0.0 0.0 0.0 0.0 -0.0 0.0 -1.119212 99.523712 0.698557 89.936234 0.825756 91.330261 -4.047263 1.219286 0.319917 -12.702189 0.056125 1.202403 22.88818 -2.315688 -0.703742 23.129427 3.37704 2.461427 -2.684103 -0.882299 -0.173611 -41.030033 -2.008373 0.609528 7e-06 0.0 -0.0 0.054268 0.004994 -0.106777 0.143268 -0.06203 -0.115914 0.134912 0.072926 -0.092462 -116.178337 -73.195618 133.092743 40.654297 -63.466755 -7.412687 24.292528 0.161941 0.033339 -0.608922 1.126504 0.846833 17.636631 -26.322727 52.411179 -19.466663 -14.395596 29.410385 -1e-06 -8.774821 -3e-06 15.871722 -17.788189 6.17919 -0.609776 -1.795653 -3.889327 -4.807088 -11.046809 -2.93785 4e-06 -20.976013 0.0 -5.019969 -25.033552 -4.03188 5e-06 0.0 0.0 -10.634533 -5.686969 -3.565587 10.573272 -17.922947 -3.113899 3e-06 -13.821206 1e-06 -0.501779 -31.181498 -4.027014 -10.536226 -59.375233 6.619362 -13.982712 -7.150197 -2.875041 13.772729 -8.401491 -3.218241 0.347734 -34.211544 0.771656 -0.963028 -17.733366 2.621019 1e-06 -1e-06 -0.0 -17.346416 -20.095215 -4.201782 21.757557 -1.638376 3.866428 2e-06 -6.338825 2e-06 -1.697591 -22.59174 -6.194006 0.0 -4e-06 -1e-06 54.074265 -74.160126 145.000809 41.98634 -60.395565 -19.117985 24.889923 0.190209 -0.039083 0.563536 6.464181 4.224448 22.182112 -20.375887 49.933308 -16.701807 -16.743528 28.476524 -3e-06 -12.690598 0.0 16.341995 -17.595543 2.661507 -0.105918 -1.513856 -4.275881 -5.039041 -5.61287 -2.953555 4e-06 -11.020523 -2e-06 -6.111296 -15.895329 -3.840469 0.0 -1e-06 -1e-06 -10.283365 -5.680285 -4.341838 11.028291 -11.302402 -2.372632 -1.384268 -14.238576 -6.320119 -0.625439 -26.924179 -3.827599 -4.377378 -50.087498 -3.21382 -13.708521 -7.363475 -3.72094 18.141146 -14.052736 -3.242673 7e-06 -18.787266 -1e-06 -0.429714 -8.456039 2.555502 1e-06 -1e-06 1e-06 -15.923532 -20.094479 -5.473584 30.419207 -7.190823 1.735926 1e-06 -8.162925 -0.0 -1.861901 -22.861467 -6.16794 -0.0 -3e-06 -1e-06 -178.212509 -4.644622 -2.35325 12.84669 0.034225 -0.024534 -82.77034 -0.158003 -6.83802 -3.673923 1.393456 2.166533 -1.0 -0.0 -0.0 -0.668711 -4.155222 -6.308795 15.73451 -0.036079 0.090628 -82.336647 -5.038425 -7.758869 -4.060233 0.6221 1.662741 -1.000002 -0.0 -0.0 
0.0 0.0 0.0 0.0 -0.0 0.0 -1.056135 99.530319 0.729363 89.90966 0.780582 91.145592 -4.041515 1.203922 0.321189 -12.700847 0.054591 1.211127 22.831127 -2.363048 -0.713453 22.994204 3.350724 2.464242 -2.679096 -0.878864 -0.15348 -40.984829 -1.984129 0.588919 7e-06 -0.0 -0.0 0.057242 0.001534 -0.118927 0.146118 -0.064533 -0.128237 0.139246 0.068412 -0.104669 -116.206177 -73.155792 133.150558 40.662865 -63.372799 -7.491065 24.196041 0.166176 0.037751 -0.670156 1.154421 0.620664 17.636631 -26.322739 52.411213 -19.466665 -14.3956 29.410395 -1e-06 -8.774822 -1e-06 15.864892 -17.815392 6.185184 -0.609776 -1.795654 -3.889328 -4.80709 -11.046812 -2.93785 4e-06 -20.976019 -0.0 -5.019971 -25.03356 -4.031882 6e-06 1e-06 -1e-06 -10.634536 -5.686971 -3.565586 10.573276 -17.922955 -3.113901 3e-06 -13.821212 -0.0 -0.501777 -31.181511 -4.027015 -10.548457 -59.37569 6.606904 -13.982716 -7.150199 -2.875043 13.772733 -8.401493 -3.218243 0.347734 -34.211555 0.771656 -0.963029 -17.733372 2.621021 1e-06 -0.0 -1e-06 -17.346422 -20.095221 -4.201782 21.757561 -1.638373 3.866427 2e-06 -6.338825 1e-06 -1.697588 -22.591742 -6.194007 -0.0 -2e-06 -2e-06 54.317944 -74.162064 144.755035 42.089108 -60.476593 -19.04405 25.01214 0.241967 -0.02949 0.642629 6.420393 4.453298 22.182117 -20.3759 49.933334 -16.701817 -16.74353 28.476536 -3e-06 -12.690601 -1e-06 16.356833 -17.608633 2.666397 -0.105921 -1.513857 -4.275882 -5.039042 -5.612872 -2.953557 4e-06 -11.020525 -2e-06 -6.111296 -15.895334 -3.840472 0.0 -1e-06 -1e-06 -10.283371 -5.680288 -4.34184 11.028296 -11.302406 -2.372635 -1.384269 -14.238581 -6.320123 -0.625437 -26.924191 -3.827603 -4.388806 -50.132469 -3.199011 -13.708524 -7.363477 -3.720942 18.141148 -14.05274 -3.242675 8e-06 -18.78727 -2e-06 -0.429712 -8.456041 2.555504 0.0 1e-06 -1e-06 -15.923534 -20.094486 -5.473589 30.419218 -7.190826 1.735924 1e-06 -8.162929 -1e-06 -1.861899 -22.861473 -6.167945 0.0 -3e-06 -2e-06 -178.176544 -4.612694 -2.403855 12.788327 0.033225 -0.032613 -82.785439 -0.287216 -6.833863 -3.672122 1.394005 2.167541 -0.999999 -0.0 0.0 -0.680641 -4.165691 -6.215767 15.629564 -0.039907 0.086628 -82.270782 -4.962985 -7.746562 -4.03595 0.622267 1.665078 -1.000002 0.0 -0.0 
0.0 0.0 0.0 0.0 -0.0 0.0 -1.009704 99.535637 0.777439 89.875885 0.754097 90.968826 -4.030301 1.18903 0.323203 -12.695789 0.053152 1.205478 22.769529 -2.3883 -0.700042 22.857925 3.3204 2.44709 -2.674893 -0.875645 -0.120915 -40.946438 -1.966674 0.587719 7e-06 0.0 0.0 0.056534 -0.001604 -0.128192 0.143379 -0.067828 -0.137278 0.138891 0.065248 -0.114181 -116.141586 -73.121597 133.113297 40.706516 -63.319317 -7.718303 24.104254 0.144508 0.044822 -0.705072 1.179189 0.514779 17.636625 -26.322725 52.411182 -19.466654 -14.395597 29.410378 -0.0 -8.77482 -1e-06 15.879374 -17.833481 6.172912 -0.609776 -1.795653 -3.889328 -4.807088 -11.046807 -2.937847 4e-06 -20.976015 0.0 -5.01997 -25.033556 -4.03188 5e-06 -0.0 0.0 -10.634532 -5.686969 -3.565587 10.573271 -17.922947 -3.113898 2e-06 -13.821206 2e-06 -0.50178 -31.181488 -4.027012 -10.569685 -59.409294 6.572367 -13.982711 -7.150196 -2.875044 13.772727 -8.401491 -3.218241 0.347733 -34.211552 0.771656 -0.963029 -17.73337 2.621021 1e-06 -1e-06 -0.0 -17.346413 -20.095213 -4.201783 21.757555 -1.638376 3.86643 2e-06 -6.338825 0.0 -1.697589 -22.59174 -6.194004 -1e-06 -3e-06 -2e-06 54.542477 -74.160538 144.546799 42.268143 -60.566429 -19.178934 25.101089 0.260954 -0.025099 0.74219 6.38716 4.834933 22.182117 -20.375898 49.933327 -16.701811 -16.74353 28.476532 -3e-06 -12.690601 0.0 16.366674 -17.610884 2.667051 -0.105919 -1.513856 -4.275881 -5.03904 -5.61287 -2.953556 4e-06 -11.020523 -1e-06 -6.111296 -15.89533 -3.840471 -0.0 1e-06 0.0 -10.28337 -5.680287 -4.34184 11.028294 -11.302404 -2.372633 -1.384268 -14.238579 -6.32012 -0.625437 -26.924185 -3.8276 -4.402017 -50.170326 -3.171956 -13.708524 -7.363474 -3.72094 18.141148 -14.052737 -3.242673 7e-06 -18.787268 -3e-06 -0.429712 -8.456044 2.555502 1e-06 -0.0 -1e-06 -15.923531 -20.094479 -5.473587 30.41921 -7.190824 1.735925 1e-06 -8.162927 -0.0 -1.861903 -22.861465 -6.16794 0.0 -5e-06 -1e-06 -178.096741 -4.598365 -2.443382 12.701182 0.030727 -0.034515 -82.798233 -0.436864 -6.851038 -3.671142 1.396013 2.168831 -1.0 -0.0 0.0 -0.648151 -4.15302 -6.116927 15.501478 -0.044256 0.087256 -82.211296 -4.890807 -7.731379 -4.018487 0.61991 1.665739 -1.000001 0.0 -0.0 
0.0 0.0 0.0 0.0 -0.0 0.0 -0.976851 99.53598 0.834098 89.842148 0.742041 90.808838 -4.021824 1.173075 0.325905 -12.693205 0.049901 1.188068 22.715124 -2.387901 -0.666908 22.719511 3.294013 2.415708 -2.673307 -0.867102 -0.104638 -40.95015 -1.972017 0.604343 7e-06 0.0 -0.0 0.053109 -0.0026 -0.130601 0.134417 -0.070001 -0.140519 0.133327 0.065144 -0.115716 -116.058861 -73.1035 133.03685 40.726017 -63.325218 -7.980353 24.01882 0.108363 0.048785 -0.680454 1.208103 0.440904 17.636631 -26.322729 52.411182 -19.466663 -14.395597 29.410389 -0.0 -8.774822 -2e-06 15.886333 -17.841684 6.167075 -0.609777 -1.795654 -3.889326 -4.807091 -11.046812 -2.937851 3e-06 -20.976019 -1e-06 -5.019972 -25.033562 -4.031882 5e-06 1e-06 0.0 -10.634536 -5.686972 -3.565587 10.573275 -17.922955 -3.113901 2e-06 -13.821213 0.0 -0.501779 -31.181505 -4.027016 -10.594913 -59.45686 6.543702 -13.982716 -7.150199 -2.875041 13.772731 -8.401491 -3.218241 0.347731 -34.211555 0.771656 -0.963029 -17.733372 2.621019 1e-06 -2e-06 -0.0 -17.346422 -20.095221 -4.201779 21.757561 -1.638374 3.866428 2e-06 -6.338825 1e-06 -1.697591 -22.591745 -6.194007 -1e-06 -3e-06 -2e-06 54.662525 -74.154106 144.436478 42.424339 -60.673767 -19.45199 25.142847 0.238032 -0.022658 0.871101 6.411853 5.273775 22.182114 -20.375895 49.933319 -16.701811 -16.743528 28.476528 -3e-06 -12.690599 1e-06 16.361176 -17.608261 2.671097 -0.105919 -1.513856 -4.275882 -5.039041 -5.61287 -2.953554 3e-06 -11.020523 -2e-06 -6.111299 -15.89533 -3.84047 0.0 -0.0 -1e-06 -10.283368 -5.680288 -4.341839 11.028292 -11.302404 -2.372633 -1.384269 -14.23858 -6.32012 -0.625437 -26.924187 -3.827602 -4.397542 -50.18811 -3.142789 -13.708522 -7.363475 -3.720938 18.141146 -14.052738 -3.242674 7e-06 -18.78727 -2e-06 -0.429712 -8.456039 2.555502 1e-06 -1e-06 -1e-06 -15.923532 -20.094482 -5.473587 30.41921 -7.190824 1.735927 3e-06 -8.162925 0.0 -1.861902 -22.861465 -6.167941 -1e-06 -5e-06 -1e-06 -178.014648 -4.595335 -2.487206 12.647023 0.025587 -0.032796 -82.828651 -0.5891 -6.873133 -3.668556 1.400839 2.171052 -1.0 -0.0 -0.0 -0.607286 -4.132564 -6.029712 15.407015 -0.049525 0.092557 -82.181023 -4.817698 -7.722785 -4.018232 0.616075 1.665783 -1.000003 -0.0 0.0 
0.0 0.0 0.0 0.0 -0.0 0.0 -0.947378 99.528091 0.895364 89.814362 0.737633 90.675537 -4.022145 1.158018 0.332985 -12.696424 0.045647 1.170346 22.671139 -2.371022 -0.633234 22.583881 3.284088 2.386568 -2.674019 -0.865985 -0.130263 -40.995033 -1.992446 0.613224 5e-06 0.0 -0.0 0.048832 -0.001195 -0.126139 0.122684 -0.069777 -0.138346 0.125726 0.067377 -0.108968 -115.954239 -73.100502 132.934357 40.745098 -63.373131 -8.24355 23.960939 0.069332 0.050324 -0.636706 1.256554 0.344871 17.636633 -26.322721 52.411179 -19.466667 -14.395597 29.410389 -0.0 -8.774822 -2e-06 15.887485 -17.838449 6.16322 -0.609777 -1.795654 -3.889329 -4.80709 -11.046813 -2.937851 5e-06 -20.976021 -2e-06 -5.01997 -25.033562 -4.031882 6e-06 1e-06 -0.0 -10.634537 -5.686973 -3.565588 10.573277 -17.922955 -3.113902 3e-06 -13.821213 -1e-06 -0.501774 -31.181507 -4.027019 -10.588044 -59.490059 6.519533 -13.982716 -7.150199 -2.875042 13.772731 -8.401494 -3.218242 0.347738 -34.211555 0.771652 -0.963027 -17.73337 2.621017 1e-06 -0.0 -1e-06 -17.346422 -20.095221 -4.201783 21.757561 -1.638376 3.866427 1e-06 -6.338826 -1e-06 -1.697588 -22.591749 -6.194008 1e-06 -4e-06 -3e-06 54.673176 -74.135132 144.404816 42.487591 -60.810432 -19.738375 25.17573 0.187149 -0.019411 1.005529 6.492348 5.710916 22.18211 -20.375885 49.9333 -16.701811 -16.743528 28.476521 -3e-06 -12.6906 0.0 16.342247 -17.599997 2.6794 -0.10592 -1.513857 -4.27588 -5.03904 -5.61287 -2.953556 4e-06 -11.020524 -2e-06 -6.111297 -15.895332 -3.84047 0.0 -0.0 -1e-06 -10.283369 -5.680288 -4.341837 11.028294 -11.302406 -2.372633 -1.384268 -14.238581 -6.32012 -0.625438 -26.924189 -3.827601 -4.392509 -50.196491 -3.112508 -13.708524 -7.363475 -3.720939 18.141148 -14.052739 -3.242674 7e-06 -18.78727 -3e-06 -0.429712 -8.456039 2.555502 1e-06 -0.0 -1e-06 -15.923532 -20.094481 -5.473584 30.41921 -7.190827 1.735924 2e-06 -8.162927 -0.0 -1.861901 -22.861467 -6.167941 -0.0 -3e-06 -1e-06 -177.971832 -4.592144 -2.51222 12.687973 0.020565 -0.031716 -82.901115 -0.74582 -6.882011 -3.656754 1.403555 2.170328 -0.999999 -0.0 0.0 -0.586653 -4.125045 -5.975092 15.389628 -0.050518 0.095308 -82.195694 -4.749198 -7.716276 -4.031404 0.614952 1.666112 -1.000002 0.0 -0.0 
0.0 0.0 0.0 0.0 -0.0 0.0 -0.912428 99.513664 0.961968 89.793388 0.734597 90.564285 -4.033298 1.14615 0.337077 -12.697392 0.046194 1.171955 22.635878 -2.341028 -0.613495 22.454782 3.280347 2.371302 -2.678961 -0.866299 -0.189313 -41.028378 -2.022321 0.609277 5e-06 -0.0 0.0 0.045025 0.001541 -0.11784 0.109395 -0.068482 -0.132749 0.117474 0.071142 -0.097909 -115.81971 -73.100693 132.803925 40.741219 -63.455559 -8.45751 23.961319 0.044971 0.047585 -0.597806 1.326296 0.101432 17.636627 -26.322721 52.411179 -19.46666 -14.395597 29.410385 -0.0 -8.774821 -2e-06 15.886593 -17.831417 6.157103 -0.609777 -1.795653 -3.889328 -4.80709 -11.046808 -2.93785 4e-06 -20.976011 0.0 -5.01997 -25.033548 -4.031882 5e-06 0.0 1e-06 -10.634533 -5.68697 -3.565587 10.573271 -17.922945 -3.113902 2e-06 -13.821205 0.0 -0.501778 -31.181494 -4.027015 -10.54344 -59.510109 6.489133 -13.982712 -7.150197 -2.875041 13.772727 -8.401488 -3.218243 0.347732 -34.21154 0.771654 -0.963028 -17.733366 2.621019 0.0 -1e-06 -1e-06 -17.346416 -20.095213 -4.201783 21.757557 -1.638372 3.866428 1e-06 -6.338823 1e-06 -1.697589 -22.591743 -6.194007 0.0 -3e-06 -2e-06 54.639549 -74.113724 144.423309 42.514484 -60.951481 -20.063404 25.218197 0.125189 -0.018796 1.14086 6.566504 6.039929 22.182117 -20.375898 49.933327 -16.701807 -16.74353 28.47653 -2e-06 -12.690601 0.0 16.325872 -17.589865 2.681434 -0.105919 -1.513856 -4.27588 -5.039041 -5.612871 -2.953557 4e-06 -11.020523 -2e-06 -6.111297 -15.895332 -3.840471 0.0 -0.0 -1e-06 -10.283371 -5.680288 -4.341839 11.028294 -11.302404 -2.372632 -1.384269 -14.238581 -6.320122 -0.625438 -26.924191 -3.8276 -4.404575 -50.19891 -3.080796 -13.708525 -7.363477 -3.72094 18.141148 -14.052737 -3.242673 6e-06 -18.787268 -1e-06 -0.429713 -8.456043 2.555506 1e-06 -1e-06 -1e-06 -15.923536 -20.094482 -5.473585 30.41921 -7.190824 1.735925 1e-06 -8.162925 1e-06 -1.861903 -22.861473 -6.167943 -0.0 -2e-06 -0.0 -177.96579 -4.580558 -2.513375 12.807065 0.016136 -0.032857 -83.009666 -0.908476 -6.879725 -3.621208 1.409307 2.171759 -1.0 0.0 -0.0 -0.585529 -4.137897 -5.94689 15.433125 -0.043619 0.091375 -82.244896 -4.687374 -7.719583 -4.03882 0.613714 1.665732 -1.000002 0.0 0.0 
0.0 0.0 0.0 0.0 -0.0 0.0 -0.878516 99.499962 1.031854 89.777969 0.72598 90.477898 -4.047987 1.130869 0.336119 -12.700547 0.048799 1.184462 22.605661 -2.293576 -0.604473 22.34943 3.295115 2.384617 -2.683244 -0.862991 -0.249761 -41.069618 -2.093259 0.598468 6e-06 0.0 -0.0 0.045075 0.003962 -0.112086 0.101972 -0.067274 -0.128786 0.113285 0.074528 -0.090451 -115.591568 -73.10083 132.59494 40.751705 -63.556511 -8.651517 24.010201 0.032876 0.038872 -0.596708 1.389367 -0.262578 17.636629 -26.322729 52.411198 -19.466665 -14.3956 29.410389 -1e-06 -8.774824 -2e-06 15.892677 -17.835054 6.136054 -0.609776 -1.795654 -3.889328 -4.807088 -11.046813 -2.937852 5e-06 -20.976019 -0.0 -5.019971 -25.03356 -4.031882 6e-06 -0.0 0.0 -10.634537 -5.686972 -3.565588 10.573277 -17.922955 -3.113903 3e-06 -13.821211 1e-06 -0.501775 -31.181507 -4.027017 -10.479635 -59.501686 6.436058 -13.982718 -7.150199 -2.875041 13.772733 -8.401493 -3.218241 0.347736 -34.211555 0.771652 -0.963028 -17.73337 2.621018 1e-06 -0.0 0.0 -17.346422 -20.095221 -4.201782 21.757561 -1.638374 3.866428 1e-06 -6.338825 0.0 -1.69759 -22.591751 -6.194007 -1e-06 -2e-06 -2e-06 54.530834 -74.078392 144.550003 42.512173 -61.030602 -20.283409 25.274197 0.073736 -0.022287 1.248361 6.565378 6.234838 22.182114 -20.375898 49.933327 -16.701813 -16.74353 28.476532 -3e-06 -12.690601 -0.0 16.322388 -17.575621 2.674019 -0.10592 -1.513856 -4.275881 -5.039041 -5.612872 -2.953557 4e-06 -11.020524 -1e-06 -6.111297 -15.895332 -3.840472 -0.0 -0.0 -0.0 -10.283371 -5.680288 -4.34184 11.028294 -11.302406 -2.372632 -1.384269 -14.238581 -6.320123 -0.625439 -26.924194 -3.827601 -4.43057 -50.192257 -3.065246 -13.708525 -7.363475 -3.720941 18.141151 -14.052739 -3.242675 6e-06 -18.787271 -1e-06 -0.429712 -8.456045 2.555503 0.0 -1e-06 -0.0 -15.923536 -20.094482 -5.473585 30.419218 -7.190825 1.735926 1e-06 -8.162926 -0.0 -1.861903 -22.861471 -6.167942 -1e-06 -3e-06 -0.0 -177.959549 -4.565938 -2.504685 12.907882 0.014125 -0.039574 -83.11055 -1.032037 -6.843904 -3.577221 1.408422 2.171813 -1.0 0.0 -0.0 -0.581572 -4.156976 -5.931375 15.472489 -0.033673 0.085454 -82.2938 -4.658138 -7.749184 -4.045541 0.616392 1.664737 -1.000001 0.0 0.0 
0.0 0.0 0.0 0.0 -0.0 0.0 -0.853571 99.490982 1.098898 89.76609 0.729822 90.407181 -4.056879 1.111528 0.329253 -12.703071 0.048872 1.19012 22.576103 -2.22822 -0.59282 22.273979 3.32955 2.397737 -2.688844 -0.862818 -0.269581 -41.10006 -2.17569 0.59821 6e-06 -0.0 -0.0 0.047871 0.003366 -0.114117 0.100674 -0.067507 -0.130671 0.11441 0.073458 -0.092847 -115.286613 -73.108345 132.328293 40.791573 -63.67321 -8.877912 24.056488 0.02016 0.02855 -0.636533 1.428231 -0.612764 17.636633 -26.322723 52.411182 -19.466665 -14.395598 29.410385 -1e-06 -8.774822 -1e-06 15.915693 -17.836765 6.113726 -0.609776 -1.795654 -3.889328 -4.807089 -11.046808 -2.937851 5e-06 -20.976015 -1e-06 -5.019969 -25.033552 -4.031883 6e-06 -1e-06 0.0 -10.634534 -5.68697 -3.565587 10.573274 -17.922947 -3.113901 3e-06 -13.821209 -0.0 -0.501775 -31.181501 -4.027018 -10.430235 -59.486378 6.407341 -13.982712 -7.150197 -2.875041 13.772729 -8.401491 -3.218241 0.347735 -34.211544 0.771652 -0.963028 -17.733368 2.62102 1e-06 -0.0 -1e-06 -17.346416 -20.095217 -4.201782 21.757559 -1.638374 3.866427 1e-06 -6.338823 -1e-06 -1.697589 -22.591743 -6.194008 -1e-06 -4e-06 -2e-06 54.348183 -74.035614 144.792725 42.511963 -61.035683 -20.338293 25.330576 0.067417 -0.026239 1.317699 6.496691 6.33359 22.182112 -20.375891 49.933308 -16.701811 -16.74353 28.476528 -3e-06 -12.6906 2e-06 16.322098 -17.562597 2.670096 -0.105919 -1.513856 -4.27588 -5.039041 -5.612871 -2.953555 3e-06 -11.020523 -3e-06 -6.111297 -15.89533 -3.84047 -0.0 2e-06 -1e-06 -10.283368 -5.680287 -4.341839 11.028293 -11.302404 -2.372633 -1.384269 -14.238578 -6.320121 -0.625438 -26.924187 -3.827603 -4.459728 -50.175018 -3.063275 -13.708521 -7.363474 -3.720939 18.141146 -14.052738 -3.242676 7e-06 -18.787268 -4e-06 -0.429712 -8.456041 2.555504 1e-06 -1e-06 -0.0 -15.923532 -20.094482 -5.473584 30.41921 -7.190824 1.735924 2e-06 -8.162924 0.0 -1.861904 -22.861464 -6.167942 1e-06 -6e-06 -0.0 -177.903793 -4.554744 -2.495085 12.924069 0.016681 -0.05073 -83.172638 -1.111314 -6.817307 -3.548276 1.407429 2.172485 -0.999998 0.0 -0.0 -0.541926 -4.166242 -5.905708 15.467498 -0.027992 0.08687 -82.319145 -4.681979 -7.789983 -4.046919 0.619359 1.66347 -1.000001 -0.0 -0.0 
0.0 0.0 0.0 0.0 -0.0 0.0 -0.84197 99.488579 1.158681 89.755363 0.750494 90.342735 -4.056728 1.093321 0.319517 -12.707742 0.046456 1.186002 22.552439 -2.155376 -0.573761 22.230928 3.386618 2.399108 -2.693858 -0.866626 -0.257367 -41.120926 -2.238352 0.63174 6e-06 0.0 -0.0 0.050426 0.000144 -0.122726 0.104229 -0.069757 -0.137562 0.118957 0.069257 -0.103354 -114.974091 -73.124817 132.045044 40.810707 -63.800831 -9.070936 24.090542 -0.006763 0.022055 -0.716309 1.45903 -0.901612 17.636625 -26.322723 52.411182 -19.466661 -14.395596 29.410381 -1e-06 -8.774822 -1e-06 15.931743 -17.819666 6.094158 -0.609777 -1.795654 -3.889326 -4.807089 -11.046809 -2.93785 4e-06 -20.976011 -1e-06 -5.019969 -25.033548 -4.031881 7e-06 -1e-06 -0.0 -10.634535 -5.686971 -3.565587 10.573274 -17.922949 -3.113901 2e-06 -13.821209 0.0 -0.501777 -31.181501 -4.027016 -10.378083 -59.452145 6.377648 -13.982713 -7.150198 -2.875042 13.772729 -8.40149 -3.21824 0.347734 -34.211544 0.771653 -0.963028 -17.733368 2.621021 0.0 -0.0 -0.0 -17.346418 -20.095215 -4.201781 21.757557 -1.638374 3.866428 1e-06 -6.338824 0.0 -1.697589 -22.591743 -6.194006 -1e-06 -2e-06 -2e-06 54.165028 -73.975929 145.050095 42.50692 -61.012913 -20.289125 25.39086 0.090186 -0.028992 1.357315 6.393865 6.384057 22.182112 -20.375891 49.933319 -16.701807 -16.743528 28.476532 -2e-06 -12.690601 -0.0 16.324387 -17.555473 2.669273 -0.105918 -1.513856 -4.275883 -5.039042 -5.612872 -2.953556 4e-06 -11.020521 -2e-06 -6.111297 -15.89533 -3.840472 -0.0 -0.0 -0.0 -10.283369 -5.680286 -4.341838 11.028292 -11.302402 -2.372633 -1.384268 -14.238577 -6.320123 -0.625438 -26.924187 -3.827601 -4.486085 -50.16885 -3.065056 -13.708524 -7.363476 -3.72094 18.141148 -14.052736 -3.242673 5e-06 -18.787266 -2e-06 -0.429712 -8.456039 2.555503 1e-06 -1e-06 -0.0 -15.923536 -20.094482 -5.473587 30.41921 -7.190823 1.735925 2e-06 -8.162925 0.0 -1.861901 -22.861465 -6.167939 -1e-06 -4e-06 -1e-06 -177.783737 -4.548305 -2.480684 12.832246 0.020052 -0.060418 -83.183479 -1.16429 -6.796756 -3.543323 1.401269 2.170678 -1.0 0.0 -0.0 -0.459263 -4.158042 -5.864244 15.402606 -0.029168 0.0848 -82.311714 -4.734085 -7.820148 -4.043393 0.627323 1.664865 -1.000001 0.0 -0.0 
0.0 0.0 0.0 0.0 -0.0 0.0 -0.843078 99.487099 1.21248 89.746483 0.782728 90.316483 -4.051423 1.079525 0.314588 -12.720937 0.036912 1.16602 22.548223 -2.081702 -0.560945 22.217867 3.483959 2.391162 -2.698474 -0.877573 -0.237833 -41.178005 -2.290458 0.7085 4e-06 -0.0 -0.0 0.050518 -0.003751 -0.13247 0.110353 -0.074257 -0.145303 0.123338 0.066181 -0.115503 -114.65197 -73.158798 131.743698 40.813835 -63.946259 -9.225492 24.119953 -0.029245 0.02181 -0.812068 1.488513 -1.061952 17.636633 -26.322733 52.411201 -19.466663 -14.395597 29.410395 -1e-06 -8.774822 -1e-06 15.942505 -17.802885 6.08306 -0.609776 -1.795654 -3.889328 -4.807091 -11.046813 -2.937851 5e-06 -20.976021 -1e-06 -5.01997 -25.033566 -4.031881 6e-06 0.0 0.0 -10.634536 -5.686971 -3.565588 10.573274 -17.922953 -3.113899 2e-06 -13.821212 0.0 -0.501778 -31.181507 -4.027017 -10.322589 -59.430241 6.349135 -13.982715 -7.150198 -2.875042 13.772729 -8.401492 -3.218242 0.347733 -34.211555 0.771654 -0.963029 -17.733372 2.621019 1e-06 -0.0 -1e-06 -17.346422 -20.095221 -4.20178 21.757561 -1.638374 3.866428 1e-06 -6.338825 1e-06 -1.697589 -22.591751 -6.194008 -0.0 -2e-06 -2e-06 54.0121 -73.912895 145.288605 42.558357 -60.99316 -20.243402 25.424232 0.131476 -0.023995 1.371296 6.292793 6.427732 22.182116 -20.375891 49.933311 -16.701811 -16.74353 28.476526 -2e-06 -12.690601 -0.0 16.31426 -17.553896 2.674881 -0.105917 -1.513856 -4.27588 -5.03904 -5.61287 -2.953555 4e-06 -11.02052 -2e-06 -6.111298 -15.89533 -3.840469 0.0 0.0 -1e-06 -10.283366 -5.680288 -4.341838 11.028294 -11.302403 -2.372632 -1.384269 -14.238577 -6.32012 -0.625439 -26.924189 -3.827601 -4.514094 -50.162571 -3.067333 -13.708524 -7.363476 -3.720939 18.141146 -14.052736 -3.242673 6e-06 -18.787266 -2e-06 -0.429713 -8.456041 2.555503 1e-06 -1e-06 -0.0 -15.923532 -20.094482 -5.473583 30.41921 -7.190825 1.735925 3e-06 -8.162925 0.0 -1.861902 -22.861465 -6.167937 -0.0 -3e-06 -0.0 -177.655167 -4.548708 -2.43601 12.725057 0.022846 -0.064626 -83.180267 -1.207507 -6.781576 -3.556999 1.394425 2.167653 -0.999999 -0.0 -0.0 -0.356997 -4.137735 -5.827081 15.328815 -0.034325 0.080768 -82.305283 -4.788774 -7.847167 -4.032889 0.631831 1.665985 -1.000003 -0.0 -0.0 
0.0 0.0 0.0 0.0 -0.0 0.0 -0.849247 99.486282 1.264475 89.742584 0.817338 90.336227 -4.047524 1.068771 0.316754 -12.744989 0.023718 1.127993 22.564713 -2.009451 -0.558844 22.22123 3.614936 2.368821 -2.70639 -0.901489 -0.214429 -41.256088 -2.352009 0.785518 7e-06 0.0 -0.0 0.047115 -0.003613 -0.130999 0.112776 -0.074769 -0.142297 0.123306 0.067126 -0.116318 -114.257393 -73.202843 131.35759 40.828896 -64.103447 -9.292311 24.155163 -0.020956 0.01614 -0.907512 1.50317 -1.089506 17.636631 -26.322725 52.411182 -19.466663 -14.395596 29.410385 -1e-06 -8.774821 -1e-06 15.943805 -17.788954 6.081628 -0.609776 -1.795654 -3.889328 -4.807088 -11.046811 -2.937851 6e-06 -20.976019 -1e-06 -5.019969 -25.033556 -4.031881 6e-06 -0.0 -1e-06 -10.634533 -5.686971 -3.565586 10.573275 -17.922951 -3.113902 3e-06 -13.821213 1e-06 -0.501776 -31.181505 -4.027016 -10.301634 -59.423424 6.351418 -13.982714 -7.150198 -2.875042 13.77273 -8.401493 -3.21824 0.347737 -34.211555 0.771651 -0.963026 -17.73337 2.621019 1e-06 -1e-06 -0.0 -17.346418 -20.095219 -4.20178 21.757559 -1.638375 3.866428 2e-06 -6.338824 0.0 -1.697589 -22.591745 -6.194008 -0.0 -3e-06 -2e-06 53.844963 -73.839622 145.526642 42.60276 -60.98822 -20.220144 25.446926 0.152503 -0.018963 1.366941 6.230727 6.473312 22.182114 -20.375898 49.933319 -16.701813 -16.743528 28.476534 -4e-06 -12.690601 0.0 16.298147 -17.550915 2.683262 -0.105919 -1.513857 -4.275881 -5.03904 -5.612872 -2.953556 4e-06 -11.020524 -1e-06 -6.111295 -15.895334 -3.84047 -0.0 -0.0 -0.0 -10.283367 -5.680288 -4.341839 11.028292 -11.302407 -2.372634 -1.384267 -14.238583 -6.320122 -0.625438 -26.924194 -3.827599 -4.536281 -50.165649 -3.060778 -13.708526 -7.363475 -3.720939 18.14115 -14.052741 -3.242676 8e-06 -18.78727 -1e-06 -0.429712 -8.456043 2.555505 1e-06 -1e-06 -0.0 -15.923532 -20.094482 -5.473585 30.41921 -7.190828 1.735925 3e-06 -8.162928 0.0 -1.861902 -22.861473 -6.167939 -0.0 -4e-06 -1e-06 -177.530457 -4.549799 -2.377426 12.61017 0.023817 -0.05375 -83.16613 -1.24819 -6.790796 -3.572342 1.389775 2.16405 -0.999998 -0.0 -0.0 -0.241576 -4.116761 -5.804582 15.248126 -0.039301 0.07434 -82.304344 -4.827895 -7.870768 -4.006089 0.627183 1.665875 -1.000003 -1e-06 -0.0 
0.0 0.0 0.0 0.0 -0.0 0.0 -0.85033 99.486519 1.312941 89.746651 0.853336 90.381958 -4.045701 1.060962 0.32256 -12.763946 0.013279 1.080806 22.585392 -1.944928 -0.564906 22.243835 3.746787 2.360506 -2.71512 -0.91252 -0.227407 -41.347542 -2.421222 0.843741 6e-06 0.0 0.0 0.043158 -0.0006 -0.120485 0.108132 -0.07238 -0.132043 0.116934 0.070842 -0.106223 -113.822578 -73.229446 130.912674 40.853733 -64.246834 -9.255179 24.166687 0.015572 -0.000263 -0.982756 1.500042 -1.137067 17.636623 -26.322729 52.411182 -19.466658 -14.395596 29.410385 -1e-06 -8.774819 -2e-06 15.94077 -17.779421 6.092701 -0.609776 -1.795653 -3.889326 -4.807087 -11.046808 -2.93785 5e-06 -20.976011 -0.0 -5.019968 -25.033546 -4.031878 6e-06 0.0 -0.0 -10.634532 -5.686969 -3.565587 10.573271 -17.922947 -3.113901 3e-06 -13.821209 0.0 -0.501776 -31.181501 -4.027015 -10.32497 -59.435379 6.401199 -13.982708 -7.150197 -2.875043 13.772726 -8.401491 -3.218241 0.347735 -34.211544 0.771653 -0.963029 -17.733368 2.621019 0.0 -0.0 -0.0 -17.346413 -20.095213 -4.201784 21.757555 -1.638375 3.866426 1e-06 -6.338823 1e-06 -1.697589 -22.591738 -6.194004 -0.0 -2e-06 -2e-06 53.628281 -73.766815 145.791916 42.571815 -60.996582 -20.225016 25.502907 0.135215 -0.016483 1.36092 6.230641 6.455109 22.182116 -20.3759 49.933323 -16.701815 -16.743526 28.476534 -3e-06 -12.6906 0.0 16.28326 -17.538973 2.68779 -0.105919 -1.513857 -4.275881 -5.039041 -5.612872 -2.953557 5e-06 -11.020523 -1e-06 -6.111297 -15.895334 -3.840469 0.0 -1e-06 -1e-06 -10.283367 -5.680287 -4.34184 11.028291 -11.302407 -2.37263 -1.384267 -14.238579 -6.320122 -0.625438 -26.924187 -3.827599 -4.531015 -50.159138 -3.055456 -13.70852 -7.363476 -3.720941 18.141146 -14.052739 -3.242674 7e-06 -18.78727 -0.0 -0.429711 -8.456043 2.555505 2e-06 -1e-06 1e-06 -15.923532 -20.094482 -5.473587 30.419207 -7.190827 1.735925 3e-06 -8.162927 -0.0 -1.8619 -22.861469 -6.16794 0.0 -3e-06 -0.0 -177.404755 -4.542784 -2.322672 12.480667 0.026023 -0.032721 -83.139519 -1.284357 -6.807317 -3.588537 1.382331 2.162273 -0.999999 -0.0 0.0 -0.119746 -4.105212 -5.770145 15.162098 -0.041091 0.066744 -82.302467 -4.881088 -7.903587 -3.969796 0.614795 1.665349 -1.000002 0.0 -0.0 
0.0 0.0 0.0 0.0 -0.0 0.0 -0.83591 99.485359 1.355211 89.755165 0.897699 90.427193 -4.049756 1.058414 0.331228 -12.768147 0.004793 1.044839 22.607389 -1.873791 -0.576779 22.280624 3.857447 2.358755 -2.721734 -0.908086 -0.271041 -41.422218 -2.474209 0.878457 5e-06 -0.0 0.0 0.042028 0.001056 -0.113242 0.09905 -0.072271 -0.126478 0.109777 0.073792 -0.097619 -113.465805 -73.229912 130.56514 40.912052 -64.342262 -9.263277 24.149248 0.04178 -0.014986 -1.04954 1.493614 -1.281565 17.636629 -26.322729 52.411198 -19.466663 -14.395598 29.410393 -1e-06 -8.774823 -1e-06 15.952264 -17.779539 6.101044 -0.609778 -1.795654 -3.889328 -4.807089 -11.046811 -2.937851 4e-06 -20.976019 -1e-06 -5.019969 -25.03356 -4.031882 6e-06 1e-06 -0.0 -10.634535 -5.686971 -3.565588 10.573275 -17.922951 -3.113902 2e-06 -13.821209 -0.0 -0.501777 -31.181505 -4.027018 -10.368372 -59.445992 6.474492 -13.982716 -7.150198 -2.875042 13.772731 -8.401491 -3.218242 0.347733 -34.211552 0.771654 -0.963029 -17.733374 2.621019 0.0 -1e-06 -1e-06 -17.346422 -20.095219 -4.201782 21.757561 -1.638373 3.866429 1e-06 -6.338824 1e-06 -1.69759 -22.591747 -6.194008 -0.0 -2e-06 -2e-06 53.411144 -73.703506 146.047607 42.48912 -61.007744 -20.201361 25.584276 0.124073 -0.019598 1.383653 6.254725 6.416359 22.18211 -20.375891 49.933319 -16.701807 -16.743528 28.476528 -2e-06 -12.690601 -1e-06 16.274609 -17.531975 2.69428 -0.105918 -1.513855 -4.27588 -5.039041 -5.612871 -2.953557 4e-06 -11.02052 -2e-06 -6.111296 -15.89533 -3.840471 -0.0 -0.0 0.0 -10.283369 -5.680288 -4.341838 11.028292 -11.302404 -2.372632 -1.384269 -14.238578 -6.320121 -0.625438 -26.924187 -3.827602 -4.52308 -50.170235 -3.03012 -13.708522 -7.363474 -3.720939 18.141146 -14.052737 -3.242672 6e-06 -18.787264 -3e-06 -0.429713 -8.456039 2.555504 2e-06 -1e-06 1e-06 -15.923536 -20.094479 -5.473583 30.41921 -7.190823 1.735926 2e-06 -8.162922 -0.0 -1.861902 -22.861467 -6.167941 1e-06 -6e-06 -1e-06 -177.287369 -4.52657 -2.312617 12.37953 0.028003 -0.010208 -83.122414 -1.288795 -6.814013 -3.603302 1.381124 2.163608 -0.999999 -0.0 0.0 0.001245 -4.111987 -5.740442 15.088486 -0.039694 0.060281 -82.299866 -4.94089 -7.932218 -3.938321 0.602487 1.664405 -1.000002 -0.0 0.0 
0.0 0.0 0.0 0.0 -0.0 0.0 -0.803788 99.483696 1.385785 89.77034 0.937077 90.451408 -4.064059 1.057492 0.343952 -12.762348 -0.004299 1.026367 22.626497 -1.793461 -0.580027 22.333401 3.948399 2.360237 -2.721743 -0.895167 -0.315142 -41.43362 -2.524983 0.872549 7e-06 0.0 0.0 0.044513 -0.000375 -0.11213 0.09409 -0.076113 -0.127921 0.108673 0.074389 -0.093955 -113.276894 -73.219002 130.406464 40.967484 -64.379379 -9.329452 24.12467 0.025887 -0.025018 -1.123731 1.548766 -1.515025 17.636627 -26.322737 52.411205 -19.466663 -14.395596 29.410389 -1e-06 -8.774821 -2e-06 15.953222 -17.794643 6.108035 -0.609776 -1.795654 -3.889328 -4.807088 -11.046811 -2.937851 5e-06 -20.976017 0.0 -5.019968 -25.033556 -4.03188 7e-06 -1e-06 -0.0 -10.634531 -5.68697 -3.565587 10.573272 -17.922951 -3.113901 3e-06 -13.821211 1e-06 -0.501777 -31.181505 -4.027014 -10.412349 -59.421116 6.517579 -13.982712 -7.150198 -2.875041 13.772728 -8.401493 -3.218242 0.347733 -34.211552 0.771655 -0.963029 -17.73337 2.621021 0.0 -1e-06 -1e-06 -17.346413 -20.095217 -4.201784 21.757555 -1.638375 3.866428 1e-06 -6.338824 1e-06 -1.697588 -22.591742 -6.194006 0.0 -5e-06 -2e-06 53.187134 -73.631828 146.29805 42.329762 -61.000565 -19.976601 25.710129 0.172271 -0.020037 1.424858 6.217063 6.34601 22.182117 -20.375896 49.933311 -16.701815 -16.743525 28.47653 -3e-06 -12.690601 -1e-06 16.27249 -17.533602 2.693555 -0.105921 -1.513856 -4.275882 -5.039042 -5.612875 -2.953557 4e-06 -11.020527 -2e-06 -6.111298 -15.895338 -3.840469 -0.0 -2e-06 -1e-06 -10.283369 -5.680289 -4.341838 11.028296 -11.302407 -2.372632 -1.384267 -14.238584 -6.320122 -0.62544 -26.924196 -3.827598 -4.505594 -50.174011 -3.038291 -13.708526 -7.363479 -3.72094 18.141148 -14.052743 -3.242675 7e-06 -18.787275 -2e-06 -0.429712 -8.456045 2.555504 1e-06 -1e-06 1e-06 -15.923532 -20.094484 -5.473585 30.419214 -7.190829 1.735924 3e-06 -8.16293 0.0 -1.861901 -22.861479 -6.167943 1e-06 -4e-06 -1e-06 -177.192505 -4.493429 -2.333381 12.306759 0.030843 -0.004379 -83.113289 -1.263837 -6.79087 -3.600387 1.389083 2.166268 -0.999997 -0.0 0.0 0.092637 -4.143627 -5.726068 15.041264 -0.038614 0.062175 -82.295334 -4.997167 -7.969706 -3.895427 0.593181 1.663391 -1.000003 0.0 -0.0 
0.0 0.0 0.0 0.0 -0.0 0.0 -0.761992 99.478004 1.406155 89.78727 0.965534 90.449409 -4.086274 1.055212 0.35789 -12.757598 -0.012949 1.019285 22.654505 -1.713645 -0.572205 22.39603 4.045851 2.3714 -2.718272 -0.879199 -0.364088 -41.394333 -2.569228 0.853262 6e-06 -0.0 0.0 0.049316 -0.003566 -0.116576 0.096785 -0.08281 -0.134417 0.113897 0.074435 -0.096132 -113.206909 -73.213417 130.370346 41.011757 -64.402596 -9.470184 24.088457 -0.016951 -0.028039 -1.185852 1.65976 -1.743229 17.636633 -26.322729 52.411179 -19.466661 -14.395597 29.410389 -1e-06 -8.774822 -0.0 15.947442 -17.82098 6.107642 -0.609776 -1.795654 -3.889328 -4.807089 -11.046811 -2.93785 5e-06 -20.976019 -1e-06 -5.01997 -25.033556 -4.031879 6e-06 -0.0 -0.0 -10.634534 -5.68697 -3.565588 10.573275 -17.922951 -3.113899 3e-06 -13.821211 1e-06 -0.501777 -31.181505 -4.027016 -10.464548 -59.372402 6.527363 -13.982713 -7.150198 -2.87504 13.772729 -8.401491 -3.218242 0.347735 -34.211555 0.771653 -0.963027 -17.733374 2.621021 0.0 0.0 -0.0 -17.346418 -20.095219 -4.20178 21.757559 -1.638375 3.866428 1e-06 -6.338824 1e-06 -1.697588 -22.591745 -6.194008 -0.0 -2e-06 -2e-06 52.931015 -73.533165 146.588608 42.160431 -60.940643 -19.670694 25.872355 0.216503 -0.021124 1.489163 6.181008 6.317109 22.182117 -20.375904 49.933327 -16.701815 -16.743528 28.476536 -3e-06 -12.690601 -1e-06 16.272118 -17.532553 2.686717 -0.105919 -1.513857 -4.275883 -5.039041 -5.612872 -2.953557 5e-06 -11.020525 -2e-06 -6.111297 -15.895334 -3.840471 -0.0 1e-06 -0.0 -10.283371 -5.680288 -4.341841 11.028296 -11.302407 -2.372632 -1.384268 -14.238582 -6.320124 -0.625436 -26.924198 -3.827601 -4.480084 -50.175095 -3.058769 -13.708527 -7.363477 -3.720942 18.141153 -14.052742 -3.242676 7e-06 -18.787271 0.0 -0.429712 -8.456044 2.555505 1e-06 -1e-06 1e-06 -15.923536 -20.094484 -5.473584 30.419222 -7.190828 1.735925 3e-06 -8.162928 -1e-06 -1.861901 -22.861475 -6.167941 0.0 -3e-06 1e-06 -177.152634 -4.452403 -2.375211 12.320792 0.031435 -0.009664 -83.138222 -1.231865 -6.750548 -3.590889 1.404836 2.170416 -1.0 -0.0 -0.0 0.129164 -4.187116 -5.689841 15.058069 -0.0381 0.068662 -82.31086 -5.051609 -8.029963 -3.847338 0.589614 1.662924 -1.000001 -1e-06 -0.0 
0.0 0.0 0.0 0.0 -0.0 0.0 -0.729801 99.470856 1.423404 89.79715 0.986869 90.446655 -4.109206 1.050231 0.361726 -12.759675 -0.017504 1.014667 22.698093 -1.642229 -0.568184 22.473495 4.160111 2.38936 -2.714751 -0.865003 -0.389333 -41.363201 -2.609338 0.84439 5e-06 0.0 0.0 0.054768 -0.006243 -0.123633 0.098442 -0.089705 -0.143379 0.115093 0.075977 -0.101035 -113.095909 -73.215347 130.266556 41.073574 -64.469284 -9.621641 24.026573 -0.052134 -0.028557 -1.246469 1.795023 -1.874978 17.636627 -26.322733 52.411205 -19.46666 -14.395598 29.410395 -0.0 -8.774822 -1e-06 15.946434 -17.848875 6.10014 -0.609776 -1.795653 -3.889327 -4.807089 -11.04681 -2.93785 4e-06 -20.976015 0.0 -5.01997 -25.033558 -4.03188 6e-06 1e-06 -0.0 -10.634535 -5.68697 -3.565587 10.573274 -17.922947 -3.113899 2e-06 -13.821211 2e-06 -0.501778 -31.181498 -4.027015 -10.516559 -59.34214 6.527377 -13.982715 -7.150198 -2.875041 13.772731 -8.401491 -3.218242 0.347732 -34.211555 0.771655 -0.96303 -17.73337 2.621021 0.0 -0.0 -1e-06 -17.34642 -20.095217 -4.201782 21.757559 -1.638374 3.866428 1e-06 -6.338824 2e-06 -1.69759 -22.591743 -6.194005 -0.0 -2e-06 -2e-06 52.666363 -73.427887 146.903412 42.061939 -60.829147 -19.416428 26.052416 0.208826 -0.027447 1.543757 6.16815 6.302283 22.182114 -20.375898 49.933319 -16.701809 -16.743528 28.476528 -2e-06 -12.6906 -1e-06 16.271822 -17.529802 2.676551 -0.10592 -1.513855 -4.27588 -5.039041 -5.612873 -2.953557 4e-06 -11.02052 -1e-06 -6.111299 -15.89533 -3.840469 0.0 -1e-06 -1e-06 -10.283371 -5.680288 -4.341838 11.028293 -11.302404 -2.372632 -1.384269 -14.238579 -6.320122 -0.625439 -26.924192 -3.827602 -4.464755 -50.185547 -3.049817 -13.708523 -7.363474 -3.720938 18.141146 -14.052738 -3.242674 6e-06 -18.787266 -1e-06 -0.429712 -8.456041 2.555504 1e-06 0.0 -0.0 -15.923534 -20.094482 -5.473584 30.41921 -7.190823 1.735926 2e-06 -8.162928 0.0 -1.861903 -22.861469 -6.167941 1e-06 -4e-06 -1e-06 -177.143478 -4.424145 -2.40611 12.377874 0.029339 -0.015621 -83.180168 -1.195309 -6.707899 -3.592565 1.412867 2.171664 -0.999999 -0.0 -0.0 0.146368 -4.214244 -5.629352 15.092972 -0.037789 0.070835 -82.33429 -5.118951 -8.10495 -3.813798 0.596796 1.664194 -1.000002 -1e-06 -0.0 
0.0 0.0 0.0 0.0 -0.0 0.0 -0.717398 99.463707 1.440878 89.806099 1.013762 90.459122 -4.123555 1.041256 0.360927 -12.768936 -0.018369 1.00099 22.752008 -1.579495 -0.571179 22.558569 4.277064 2.391726 -2.710246 -0.850783 -0.390104 -41.321117 -2.642534 0.846695 6e-06 -0.0 -0.0 0.059973 -0.006263 -0.123706 0.098344 -0.092566 -0.144528 0.111608 0.079019 -0.099879 -112.946304 -73.220879 130.082855 41.120907 -64.571846 -9.659717 23.955856 -0.076286 -0.028376 -1.294906 1.910732 -1.91999 17.636627 -26.322729 52.41119 -19.46666 -14.395598 29.410393 -0.0 -8.774822 -1e-06 15.952206 -17.854525 6.093401 -0.609777 -1.795654 -3.889328 -4.807088 -11.046809 -2.937851 5e-06 -20.976015 -0.0 -5.019969 -25.03356 -4.031881 6e-06 0.0 0.0 -10.634534 -5.68697 -3.565588 10.573275 -17.922947 -3.113901 2e-06 -13.821206 1e-06 -0.501777 -31.181498 -4.027015 -10.537454 -59.339481 6.518358 -13.982714 -7.150198 -2.875042 13.772731 -8.401493 -3.218241 0.347734 -34.211544 0.771655 -0.963028 -17.733368 2.62102 -0.0 1e-06 -0.0 -17.346416 -20.095217 -4.201784 21.757559 -1.638374 3.866428 1e-06 -6.338824 2e-06 -1.697589 -22.591743 -6.194008 -0.0 -3e-06 -2e-06 52.456009 -73.332336 147.136932 42.000637 -60.727287 -19.147402 26.232576 0.187603 -0.033442 1.555651 6.147888 6.25056 22.182117 -20.375895 49.933319 -16.701815 -16.743528 28.476532 -3e-06 -12.690602 0.0 16.271103 -17.541168 2.676311 -0.105919 -1.513855 -4.275881 -5.039041 -5.612874 -2.953558 5e-06 -11.020527 -3e-06 -6.111298 -15.895338 -3.840471 0.0 2e-06 -1e-06 -10.28337 -5.680287 -4.341839 11.028296 -11.302407 -2.372633 -1.384268 -14.238582 -6.320122 -0.625439 -26.924192 -3.827601 -4.462151 -50.21386 -3.019921 -13.708527 -7.363477 -3.720938 18.141151 -14.052741 -3.242675 7e-06 -18.78727 -1e-06 -0.429712 -8.456043 2.555506 1e-06 -1e-06 1e-06 -15.923534 -20.094484 -5.473586 30.419222 -7.190828 1.735924 4e-06 -8.162928 0.0 -1.8619 -22.861473 -6.167943 -1e-06 -3e-06 -0.0 -177.123108 -4.406853 -2.394974 12.417558 0.027176 -0.024321 -83.213402 -1.167431 -6.691184 -3.601769 1.412394 2.168892 -0.999998 -0.0 -0.0 0.170949 -4.225763 -5.580334 15.131232 -0.03978 0.074402 -82.364357 -5.19179 -8.164975 -3.798682 0.610327 1.665926 -1.000001 -0.0 -0.0 
0.0 0.0 0.0 0.0 -0.0 0.0 -0.721744 99.452255 1.453207 89.815453 1.042297 90.481041 -4.122551 1.030745 0.359293 -12.776854 -0.016671 0.988243 22.796715 -1.528364 -0.593423 22.643343 4.392362 2.396486 -2.709643 -0.834555 -0.404802 -41.260189 -2.655123 0.874936 6e-06 -0.0 -0.0 0.062689 -0.003592 -0.116398 0.096296 -0.091217 -0.137317 0.104657 0.083362 -0.092333 -112.76931 -73.236076 129.848267 41.152668 -64.697136 -9.617334 23.897989 -0.079556 -0.026591 -1.322806 1.979862 -1.94026 17.636629 -26.322731 52.41119 -19.46666 -14.395597 29.410389 -1e-06 -8.774821 -2e-06 15.974332 -17.835024 6.075435 -0.609777 -1.795653 -3.889327 -4.807089 -11.046811 -2.93785 4e-06 -20.976017 -1e-06 -5.01997 -25.033554 -4.031881 6e-06 1e-06 -0.0 -10.634533 -5.68697 -3.565589 10.573272 -17.922949 -3.1139 2e-06 -13.821209 1e-06 -0.501778 -31.181498 -4.027016 -10.518031 -59.35841 6.482459 -13.982713 -7.150198 -2.875041 13.772727 -8.401491 -3.218241 0.347734 -34.211544 0.771654 -0.963029 -17.733366 2.62102 0.0 -0.0 -0.0 -17.346416 -20.095217 -4.201782 21.757557 -1.638374 3.866428 1e-06 -6.338824 2e-06 -1.697589 -22.591742 -6.194005 -0.0 -4e-06 -2e-06 52.302849 -73.272667 147.309357 42.01516 -60.643303 -18.931808 26.395386 0.162845 -0.03356 1.531768 6.103889 6.15034 22.182121 -20.375889 49.9333 -16.701811 -16.743528 28.476526 -2e-06 -12.6906 2e-06 16.271385 -17.552103 2.672896 -0.105919 -1.513857 -4.275882 -5.039041 -5.612873 -2.953557 4e-06 -11.020523 -1e-06 -6.111298 -15.89533 -3.840471 0.0 -1e-06 -0.0 -10.28337 -5.680288 -4.341837 11.028293 -11.302404 -2.372632 -1.384267 -14.238579 -6.32012 -0.625439 -26.924189 -3.827601 -4.460164 -50.241283 -3.006013 -13.708525 -7.363476 -3.720939 18.141148 -14.052739 -3.242673 7e-06 -18.78727 -2e-06 -0.429711 -8.456041 2.555502 0.0 -1e-06 1e-06 -15.923534 -20.094482 -5.473584 30.41921 -7.190824 1.735927 2e-06 -8.162925 -1e-06 -1.8619 -22.861467 -6.167944 -0.0 -5e-06 -0.0 -177.135223 -4.398492 -2.335175 12.516555 0.025967 -0.036863 -83.267418 -1.173797 -6.705253 -3.597686 1.41022 2.166452 -0.999999 -0.0 -0.0 0.167854 -4.232639 -5.562239 15.227203 -0.04167 0.075951 -82.422073 -5.262023 -8.202119 -3.784802 0.616142 1.665001 -1.000002 -0.0 0.0 
0.0 0.0 0.0 0.0 -0.0 0.0 -0.738269 99.436974 1.459274 89.823349 1.067048 90.501549 -4.108465 1.019216 0.358353 -12.786903 -0.014855 0.982107 22.829699 -1.479148 -0.620178 22.733519 4.506588 2.404417 -2.703461 -0.833401 -0.407202 -41.181519 -2.650173 0.903234 7e-06 0.0 0.0 0.064506 0.000141 -0.10407 0.097978 -0.089248 -0.124387 0.10305 0.089161 -0.080712 -112.562943 -73.262985 129.586548 41.208694 -64.817825 -9.558822 23.882587 -0.077584 -0.031485 -1.352908 1.985859 -1.958515 17.636631 -26.322737 52.411201 -19.466665 -14.3956 29.410395 0.0 -8.774822 -3e-06 16.001989 -17.825226 6.055655 -0.609777 -1.795654 -3.889328 -4.807089 -11.046811 -2.937851 4e-06 -20.976019 -0.0 -5.01997 -25.03356 -4.031882 6e-06 0.0 0.0 -10.634535 -5.686971 -3.565588 10.573275 -17.922951 -3.113901 2e-06 -13.821212 1e-06 -0.501777 -31.181505 -4.027016 -10.491704 -59.414455 6.440533 -13.982716 -7.150198 -2.875042 13.772731 -8.401493 -3.218243 0.347734 -34.211555 0.771655 -0.963029 -17.733374 2.621021 0.0 -0.0 -0.0 -17.346422 -20.095221 -4.201782 21.757566 -1.638376 3.866428 1e-06 -6.338825 1e-06 -1.697591 -22.591743 -6.194007 -0.0 -5e-06 -2e-06 52.212421 -73.26545 147.39389 42.068958 -60.5938 -18.728687 26.531874 0.135606 -0.028896 1.492799 6.0054 6.014113 22.182119 -20.375902 49.933327 -16.701811 -16.74353 28.476532 -3e-06 -12.690602 -0.0 16.265215 -17.560698 2.663872 -0.10592 -1.513856 -4.275883 -5.039042 -5.612873 -2.953557 4e-06 -11.020525 -1e-06 -6.1113 -15.895332 -3.84047 0.0 -1e-06 -1e-06 -10.283373 -5.680288 -4.341839 11.028295 -11.302405 -2.372632 -1.38427 -14.238579 -6.320123 -0.625439 -26.924192 -3.827602 -4.464624 -50.235695 -3.019368 -13.708527 -7.363476 -3.72094 18.14115 -14.052738 -3.242674 6e-06 -18.78727 -1e-06 -0.429712 -8.456041 2.555507 1e-06 0.0 -0.0 -15.923538 -20.094482 -5.473586 30.419218 -7.190827 1.735929 3e-06 -8.162926 0.0 -1.861903 -22.861473 -6.167939 -0.0 -3e-06 -2e-06 -177.18573 -4.399238 -2.252495 12.677752 0.02521 -0.04936 -83.344025 -1.201983 -6.739691 -3.594539 1.411578 2.163179 -0.999998 0.0 0.0 0.130875 -4.23785 -5.580076 15.376231 -0.042922 0.077927 -82.502022 -5.320322 -8.220369 -3.786066 0.615362 1.66243 -1.000003 0.0 0.0 
0.0 0.0 0.0 0.0 -0.0 0.0 -0.760518 99.424454 1.462941 89.831978 1.08311 90.508408 -4.090283 1.009928 0.356792 -12.796809 -0.012171 0.977806 22.854494 -1.439439 -0.636676 22.828787 4.603397 2.411938 -2.701519 -0.843512 -0.402198 -41.080288 -2.625993 0.923042 6e-06 0.0 -0.0 0.066696 0.002273 -0.09411 0.103219 -0.090849 -0.113773 0.107143 0.095214 -0.07172 -112.368866 -73.304108 129.351852 41.289715 -64.906586 -9.456701 23.903141 -0.060992 -0.032591 -1.34286 1.945751 -2.011088 17.636625 -26.322729 52.411194 -19.466661 -14.395596 29.410389 -2e-06 -8.774819 1e-06 16.03911 -17.819843 6.038123 -0.609776 -1.795654 -3.889327 -4.807087 -11.046809 -2.937851 5e-06 -20.976013 -1e-06 -5.019968 -25.033548 -4.031879 6e-06 1e-06 0.0 -10.634532 -5.68697 -3.565588 10.573272 -17.922947 -3.113901 3e-06 -13.821206 1e-06 -0.501776 -31.181498 -4.027016 -10.4865 -59.495724 6.426147 -13.982711 -7.150197 -2.875041 13.772727 -8.401491 -3.218242 0.347735 -34.211552 0.771654 -0.963029 -17.733368 2.621021 0.0 -0.0 -1e-06 -17.346413 -20.095217 -4.201782 21.757555 -1.638376 3.866427 2e-06 -6.338823 2e-06 -1.697587 -22.591742 -6.194006 -0.0 -4e-06 -3e-06 52.203896 -73.313065 147.401855 42.213211 -60.561821 -18.593348 26.620083 0.117046 -0.019293 1.483818 5.863437 5.876284 22.182114 -20.375895 49.933327 -16.701813 -16.74353 28.476532 -3e-06 -12.6906 -0.0 16.251514 -17.556343 2.658699 -0.105919 -1.513856 -4.275882 -5.039041 -5.612872 -2.953557 4e-06 -11.020523 -1e-06 -6.111297 -15.89533 -3.840469 0.0 0.0 -0.0 -10.283369 -5.680287 -4.34184 11.028294 -11.302404 -2.372633 -1.384268 -14.238579 -6.32012 -0.625437 -26.924183 -3.8276 -4.471536 -50.196716 -3.058404 -13.708524 -7.363476 -3.72094 18.141148 -14.052739 -3.242674 6e-06 -18.78727 -1e-06 -0.429711 -8.456042 2.555504 1e-06 0.0 1e-06 -15.923534 -20.094482 -5.473587 30.419214 -7.190827 1.735926 2e-06 -8.162926 -1e-06 -1.861902 -22.861473 -6.167941 1e-06 -4e-06 -1e-06 -177.224121 -4.3994 -2.173485 12.79597 0.022955 -0.056681 -83.399666 -1.2521 -6.786863 -3.596098 1.419949 2.16207 -0.999999 -0.0 0.0 0.086606 -4.246102 -5.633831 15.513013 -0.04324 0.081501 -82.57415 -5.330517 -8.222909 -3.794171 0.604869 1.657861 -1.000003 -0.0 -0.0 
0.0 0.0 0.0 0.0 -0.0 0.0 -0.780436 99.417442 1.474649 89.840515 1.089727 90.506721 -4.077801 1.005271 0.346999 -12.800591 -0.005836 0.977089 22.875467 -1.412424 -0.638574 22.919584 4.655003 2.426929 -2.701809 -0.858196 -0.401316 -40.982529 -2.593482 0.922697 5e-06 0.0 -0.0 0.068208 0.000453 -0.096539 0.111378 -0.096526 -0.115078 0.11549 0.097343 -0.075413 -112.235992 -73.334351 129.185562 41.359375 -64.948792 -9.298425 23.947247 -0.030309 -0.029942 -1.295183 1.898623 -2.110028 17.636629 -26.322731 52.41119 -19.466656 -14.395598 29.410389 -1e-06 -8.774822 0.0 16.071032 -17.822683 6.032716 -0.609777 -1.795653 -3.889328 -4.807089 -11.046808 -2.937849 3e-06 -20.976015 0.0 -5.01997 -25.033552 -4.031881 5e-06 2e-06 0.0 -10.634535 -5.68697 -3.565587 10.573273 -17.922945 -3.1139 2e-06 -13.821208 1e-06 -0.501779 -31.181505 -4.027015 -10.487555 -59.559025 6.435071 -13.982713 -7.150197 -2.875042 13.772729 -8.401489 -3.218241 0.347731 -34.211536 0.771656 -0.963031 -17.733366 2.621022 0.0 -0.0 -0.0 -17.346418 -20.095213 -4.20178 21.757555 -1.638373 3.866426 1e-06 -6.338824 1e-06 -1.697589 -22.59174 -6.194007 -1e-06 -2e-06 -2e-06 52.221378 -73.386856 147.388565 42.419956 -60.533318 -18.551058 26.663284 0.092648 -0.00933 1.507588 5.731708 5.752701 22.182116 -20.375891 49.933319 -16.701809 -16.743528 28.476528 -2e-06 -12.690601 -0.0 16.240215 -17.545454 2.65631 -0.105919 -1.513855 -4.27588 -5.039042 -5.612872 -2.953556 4e-06 -11.020523 -1e-06 -6.111297 -15.895332 -3.840471 0.0 -0.0 0.0 -10.283371 -5.680287 -4.341836 11.028293 -11.302404 -2.372632 -1.384269 -14.23858 -6.32012 -0.625439 -26.924187 -3.827601 -4.482118 -50.163006 -3.089322 -13.708526 -7.363476 -3.720938 18.141148 -14.052739 -3.242673 5e-06 -18.78727 -1e-06 -0.429712 -8.456045 2.555504 -0.0 1e-06 -0.0 -15.923536 -20.094482 -5.473583 30.41921 -7.190825 1.735928 2e-06 -8.162925 -1e-06 -1.861902 -22.861467 -6.167942 1e-06 -5e-06 -0.0 -177.223251 -4.398304 -2.130776 12.825611 0.020675 -0.060354 -83.42144 -1.279994 -6.82995 -3.602618 1.426762 2.163145 -0.999999 -0.0 -0.0 0.064241 -4.254708 -5.703002 15.591572 -0.045362 0.084269 -82.621941 -5.305398 -8.220871 -3.814017 0.598058 1.655734 -1.000001 0.0 0.0 
0.0 0.0 0.0 0.0 -0.0 0.0 -0.792873 99.414436 1.489958 89.843445 1.092111 90.497955 -4.069888 1.010965 0.334691 -12.796093 0.002336 0.985204 22.885031 -1.390216 -0.632981 22.995113 4.657772 2.44412 -2.702699 -0.873974 -0.409717 -40.886963 -2.54898 0.896964 6e-06 -0.0 0.0 0.067943 -0.003887 -0.109383 0.11433 -0.10344 -0.127138 0.119931 0.095542 -0.089066 -112.198769 -73.351875 129.136215 41.41127 -64.943123 -9.109426 24.023907 0.018891 -0.020933 -1.219916 1.871762 -2.250208 17.636633 -26.322737 52.411198 -19.466658 -14.3956 29.410389 -0.0 -8.774821 -1e-06 16.080076 -17.823048 6.038512 -0.609776 -1.795653 -3.889328 -4.80709 -11.046809 -2.93785 4e-06 -20.976015 0.0 -5.019971 -25.033552 -4.031881 6e-06 -1e-06 0.0 -10.634535 -5.68697 -3.565588 10.573275 -17.922951 -3.1139 2e-06 -13.821209 2e-06 -0.50178 -31.181498 -4.027015 -10.474517 -59.580368 6.441976 -13.982717 -7.150198 -2.875042 13.772731 -8.401491 -3.218241 0.347732 -34.211555 0.771656 -0.963029 -17.73337 2.621022 -0.0 0.0 -0.0 -17.346422 -20.095217 -4.201782 21.757561 -1.638374 3.86643 1e-06 -6.338824 2e-06 -1.697591 -22.591743 -6.194006 -0.0 -3e-06 -2e-06 52.22187 -73.45694 147.391556 42.649162 -60.487362 -18.507891 26.66128 0.08101 -0.001193 1.527786 5.604888 5.649665 22.182117 -20.375895 49.933323 -16.701811 -16.743528 28.476528 -3e-06 -12.690601 0.0 16.241226 -17.541023 2.655613 -0.105919 -1.513855 -4.27588 -5.039042 -5.612872 -2.953556 4e-06 -11.02052 -0.0 -6.111299 -15.89533 -3.84047 0.0 2e-06 -2e-06 -10.283369 -5.680286 -4.341838 11.028293 -11.302402 -2.372632 -1.38427 -14.238577 -6.32012 -0.625439 -26.924183 -3.827599 -4.502503 -50.148701 -3.098752 -13.708525 -7.363474 -3.720939 18.141148 -14.052737 -3.242673 4e-06 -18.787268 -1e-06 -0.429713 -8.456042 2.555504 1e-06 -1e-06 -1e-06 -15.923536 -20.094481 -5.473585 30.41921 -7.190825 1.735929 3e-06 -8.162926 0.0 -1.861904 -22.861467 -6.16794 -0.0 -4e-06 -1e-06 -177.202545 -4.397319 -2.09962 12.812333 0.017703 -0.056318 -83.428787 -1.293305 -6.862543 -3.59867 1.431502 2.165726 -0.999999 -0.0 0.0 0.064053 -4.258693 -5.775561 15.617023 -0.050975 0.083167 -82.642548 -5.273501 -8.222307 -3.820503 0.596352 1.655949 -1.000001 -1e-06 -0.0 
0.0 0.0 0.0 0.0 -0.0 0.0 -0.800355 99.416756 1.501853 89.842079 1.093129 90.489838 -4.062127 1.021787 0.329131 -12.785941 0.005725 0.995474 22.880781 -1.364755 -0.627642 23.051424 4.635525 2.457726 -2.707155 -0.88961 -0.404147 -40.805229 -2.500397 0.853113 7e-06 -0.0 -0.0 0.065954 -0.00745 -0.121618 0.111685 -0.105991 -0.138641 0.118361 0.090898 -0.10222 -112.221504 -73.359756 129.153641 41.448975 -64.90136 -8.874804 24.117104 0.072325 -0.008456 -1.131114 1.866859 -2.428638 17.636627 -26.322725 52.411179 -19.46666 -14.395598 29.410381 0.0 -8.774821 -2e-06 16.059996 -17.812195 6.053618 -0.609776 -1.795653 -3.889325 -4.807089 -11.046808 -2.937849 3e-06 -20.976011 0.0 -5.019972 -25.033552 -4.03188 6e-06 1e-06 0.0 -10.634533 -5.68697 -3.565587 10.573271 -17.922945 -3.1139 2e-06 -13.821205 1e-06 -0.501779 -31.181498 -4.027015 -10.446785 -59.548992 6.43928 -13.982714 -7.150198 -2.87504 13.77273 -8.401489 -3.218241 0.347732 -34.211544 0.771657 -0.963029 -17.733372 2.621019 -0.0 0.0 -1e-06 -17.346418 -20.095213 -4.201779 21.757557 -1.638375 3.866427 1e-06 -6.338823 1e-06 -1.697591 -22.59174 -6.194004 -0.0 -2e-06 -2e-06 52.195778 -73.524796 147.421814 42.890591 -60.429684 -18.459518 26.624401 0.091838 0.006221 1.54497 5.439763 5.577803 22.182117 -20.375895 49.933319 -16.701818 -16.74353 28.476534 -3e-06 -12.690601 2e-06 16.256121 -17.535707 2.660504 -0.105919 -1.513855 -4.275881 -5.039041 -5.612872 -2.953559 6e-06 -11.020523 -3e-06 -6.111295 -15.895334 -3.840469 1e-06 -0.0 -1e-06 -10.283369 -5.680287 -4.341838 11.028296 -11.302406 -2.372634 -1.384268 -14.238581 -6.320122 -0.625436 -26.924192 -3.827601 -4.526253 -50.161808 -3.090442 -13.708525 -7.363475 -3.720941 18.141151 -14.052739 -3.242676 7e-06 -18.78727 -3e-06 -0.429712 -8.456044 2.555506 -0.0 0.0 1e-06 -15.923532 -20.094482 -5.473585 30.41921 -7.190827 1.735925 2e-06 -8.162927 -1e-06 -1.8619 -22.861469 -6.167942 1e-06 -5e-06 -1e-06 -177.160187 -4.396521 -2.069529 12.746019 0.014599 -0.043647 -83.409966 -1.313474 -6.871348 -3.586144 1.426693 2.166021 -1.0 -0.0 -0.0 0.087742 -4.255072 -5.832425 15.584694 -0.058029 0.080029 -82.632011 -5.238509 -8.224475 -3.807771 0.595335 1.656826 -1.000003 0.0 -0.0 
0.0 0.0 0.0 0.0 -0.0 0.0 -0.814107 99.423561 1.507515 89.841835 1.092676 90.495216 -4.049843 1.029853 0.330633 -12.774397 -0.004791 0.990005 22.858299 -1.336031 -0.621695 23.091499 4.609636 2.471094 -2.712058 -0.898429 -0.394207 -40.725304 -2.45707 0.809466 7e-06 0.0 -0.0 0.064339 -0.008146 -0.125169 0.106542 -0.104633 -0.14202 0.11192 0.088161 -0.106303 -112.242577 -73.351372 129.13681 41.42601 -64.874687 -8.63931 24.198851 0.096013 -0.011705 -1.065129 1.888116 -2.590007 17.636625 -26.322739 52.411209 -19.466665 -14.395598 29.410395 -1e-06 -8.774821 -1e-06 16.02206 -17.799286 6.08392 -0.609777 -1.795654 -3.889328 -4.807088 -11.046811 -2.93785 5e-06 -20.976019 -1e-06 -5.019969 -25.03356 -4.03188 6e-06 1e-06 -0.0 -10.634533 -5.68697 -3.565587 10.573274 -17.922951 -3.1139 3e-06 -13.821213 0.0 -0.501775 -31.181507 -4.027017 -10.449121 -59.516193 6.454451 -13.982714 -7.150198 -2.875043 13.772729 -8.401493 -3.218242 0.347733 -34.211555 0.771654 -0.96303 -17.733374 2.621021 1e-06 -0.0 -1e-06 -17.346418 -20.095221 -4.201784 21.757557 -1.638375 3.866427 1e-06 -6.338826 1e-06 -1.697587 -22.591749 -6.194009 -0.0 -2e-06 -3e-06 52.123058 -73.590454 147.46933 43.07077 -60.394871 -18.410074 26.586233 0.089584 0.014228 1.534763 5.226674 5.525332 22.182116 -20.3759 49.933334 -16.701817 -16.743528 28.476538 -4e-06 -12.690601 1e-06 16.280952 -17.532467 2.665238 -0.105918 -1.513855 -4.275881 -5.039039 -5.612872 -2.953557 5e-06 -11.020526 -3e-06 -6.111297 -15.895336 -3.840469 0.0 -0.0 1e-06 -10.283371 -5.680288 -4.34184 11.028296 -11.302407 -2.372633 -1.384267 -14.238584 -6.320124 -0.625436 -26.924194 -3.827601 -4.542274 -50.175945 -3.091001 -13.708525 -7.363475 -3.720941 18.14115 -14.052742 -3.242675 7e-06 -18.78727 -3e-06 -0.429711 -8.456044 2.555505 0.0 0.0 1e-06 -15.923532 -20.094484 -5.473588 30.419214 -7.190827 1.735926 3e-06 -8.162929 -1e-06 -1.861901 -22.861473 -6.167942 1e-06 -4e-06 -0.0 -177.099808 -4.398515 -2.032556 12.625072 0.012559 -0.030269 -83.359138 -1.346738 -6.865007 -3.566156 1.414393 2.165112 -0.999999 -0.0 -0.0 0.124346 -4.242799 -5.868565 15.518256 -0.063861 0.077458 -82.605118 -5.207798 -8.22634 -3.772816 0.589163 1.656737 -1.000003 0.0 0.0 
0.0 0.0 0.0 0.0 -0.0 0.0 -0.836367 99.429718 1.512325 89.836174 1.094847 90.499725 -4.032719 1.036683 0.326931 -12.764506 -0.023885 0.973117 22.830023 -1.303871 -0.610561 23.118517 4.589619 2.480547 -2.713848 -0.893517 -0.376547 -40.669918 -2.423266 0.781775 6e-06 -0.0 0.0 0.062468 -0.005312 -0.11801 0.09954 -0.100928 -0.135122 0.103542 0.09008 -0.099211 -112.224731 -73.33168 129.064484 41.384602 -64.887558 -8.534507 24.255491 0.082668 -0.028323 -1.060846 1.914832 -2.701249 17.636627 -26.322733 52.411186 -19.46666 -14.395596 29.410393 -1e-06 -8.774819 -0.0 15.992381 -17.799221 6.115929 -0.609776 -1.795654 -3.889326 -4.807087 -11.04681 -2.93785 5e-06 -20.976019 0.0 -5.019969 -25.033556 -4.031878 6e-06 3e-06 -0.0 -10.634531 -5.68697 -3.565588 10.573272 -17.922951 -3.113901 3e-06 -13.821211 1e-06 -0.501776 -31.181505 -4.027014 -10.484176 -59.511242 6.491438 -13.982711 -7.150198 -2.875043 13.772727 -8.401491 -3.218241 0.347734 -34.211552 0.771655 -0.963028 -17.73337 2.62102 -1e-06 1e-06 -0.0 -17.346413 -20.095217 -4.201783 21.757553 -1.638374 3.866428 1e-06 -6.338824 1e-06 -1.697588 -22.591745 -6.194006 0.0 -3e-06 -2e-06 52.074696 -73.666481 147.455658 43.168221 -60.419128 -18.391481 26.581244 0.06305 0.021921 1.516866 4.995485 5.413049 22.182117 -20.3759 49.933315 -16.701811 -16.743528 28.47653 -3e-06 -12.6906 0.0 16.302937 -17.531853 2.656895 -0.105919 -1.513855 -4.275881 -5.03904 -5.61287 -2.953557 6e-06 -11.020521 -2e-06 -6.111297 -15.895329 -3.840469 0.0 1e-06 0.0 -10.283369 -5.680286 -4.341839 11.028293 -11.302403 -2.372631 -1.384268 -14.238577 -6.32012 -0.625439 -26.924183 -3.827599 -4.539575 -50.175812 -3.111531 -13.708521 -7.363474 -3.720941 18.141146 -14.052739 -3.242672 5e-06 -18.78727 0.0 -0.429711 -8.456042 2.555504 -0.0 1e-06 1e-06 -15.923531 -20.094479 -5.473586 30.419205 -7.190827 1.735927 3e-06 -8.162926 -1e-06 -1.861901 -22.861471 -6.167937 -1e-06 -5e-06 -3e-06 -177.042374 -4.415061 -2.023029 12.515119 0.010288 -0.021148 -83.311058 -1.369211 -6.852152 -3.561833 1.404864 2.166677 -0.999999 0.0 -0.0 0.1612 -4.211534 -5.857664 15.454027 -0.071938 0.081502 -82.580376 -5.21664 -8.207162 -3.742505 0.583486 1.656905 -1.000002 -1e-06 -0.0 
0.0 0.0 0.0 0.0 -0.0 0.0 -0.863302 99.435104 1.515369 89.825928 1.096341 90.499954 -4.017232 1.03884 0.321126 -12.757199 -0.036437 0.964704 22.807198 -1.273852 -0.610296 23.145103 4.574593 2.491682 -2.711192 -0.879862 -0.350239 -40.655567 -2.390714 0.770153 7e-06 -0.0 -0.0 0.061772 -0.002042 -0.107899 0.094985 -0.097881 -0.125344 0.098763 0.093409 -0.088697 -112.163788 -73.323502 128.971725 41.399433 -64.908325 -8.528927 24.29401 0.061433 -0.047076 -1.102099 1.933649 -2.799853 17.636625 -26.322733 52.411205 -19.46666 -14.395597 29.410395 -0.0 -8.774821 -1e-06 15.971271 -17.808043 6.145149 -0.609777 -1.795654 -3.889327 -4.807088 -11.046811 -2.93785 5e-06 -20.976017 -1e-06 -5.019969 -25.033558 -4.03188 6e-06 -0.0 -0.0 -10.634531 -5.68697 -3.565587 10.573271 -17.922951 -3.113902 3e-06 -13.821206 1e-06 -0.501776 -31.181501 -4.027016 -10.538938 -59.525448 6.555628 -13.982712 -7.150198 -2.875043 13.772728 -8.401492 -3.218242 0.347733 -34.211555 0.771655 -0.963029 -17.733372 2.621021 0.0 -0.0 -1e-06 -17.346413 -20.095217 -4.201783 21.757555 -1.638373 3.866427 1e-06 -6.338824 2e-06 -1.697588 -22.591745 -6.194008 -0.0 -2e-06 -3e-06 52.106636 -73.756119 147.345398 43.22752 -60.503143 -18.355753 26.608057 0.042175 0.027872 1.512518 4.798463 5.248663 22.182114 -20.375904 49.933331 -16.701811 -16.74353 28.476536 -3e-06 -12.690601 1e-06 16.309254 -17.539759 2.639553 -0.105919 -1.513856 -4.275881 -5.03904 -5.612871 -2.953558 5e-06 -11.020523 -2e-06 -6.111298 -15.89533 -3.840469 0.0 -0.0 -0.0 -10.283368 -5.680286 -4.341839 11.028294 -11.302406 -2.372632 -1.384268 -14.238579 -6.320121 -0.625436 -26.924191 -3.8276 -4.513982 -50.140667 -3.155627 -13.708525 -7.363474 -3.720939 18.14115 -14.052739 -3.242673 5e-06 -18.78727 -0.0 -0.429711 -8.456043 2.555505 -0.0 -0.0 0.0 -15.923534 -20.094482 -5.473585 30.41921 -7.190827 1.735926 2e-06 -8.162927 -0.0 -1.861903 -22.861469 -6.167939 -0.0 -4e-06 -3e-06 -176.994904 -4.443022 -2.034021 12.424079 0.009962 -0.020005 -83.271271 -1.358863 -6.821737 -3.576429 1.405967 2.17222 -1.0 0.0 0.0 0.191692 -4.168432 -5.809207 15.396251 -0.079043 0.085903 -82.555237 -5.274936 -8.161201 -3.744716 0.581518 1.657257 -1.000002 -0.0 -0.0 
0.0 0.0 0.0 0.0 -0.0 0.0 -0.897275 99.43502 1.527488 89.814972 1.090804 90.489883 -4.009222 1.038314 0.314549 -12.749845 -0.039592 0.964092 22.788464 -1.254905 -0.625834 23.157047 4.570031 2.504845 -2.707878 -0.864079 -0.324995 -40.665531 -2.35799 0.780031 7e-06 0.0 -0.0 0.061655 -0.001588 -0.1043 0.093497 -0.09909 -0.121457 0.098174 0.095203 -0.085266 -112.10157 -73.318535 128.895416 41.395451 -64.91552 -8.469698 24.340727 0.048257 -0.056366 -1.16359 1.903741 -2.872162 17.636625 -26.322729 52.411194 -19.46666 -14.395592 29.410385 -2e-06 -8.774819 -1e-06 15.960655 -17.823261 6.156582 -0.609776 -1.795654 -3.889327 -4.807086 -11.04681 -2.937852 6e-06 -20.976015 -0.0 -5.019967 -25.033556 -4.03188 6e-06 0.0 -0.0 -10.63453 -5.686969 -3.565587 10.573271 -17.922949 -3.1139 3e-06 -13.821209 -0.0 -0.501776 -31.181498 -4.027013 -10.601856 -59.527973 6.620071 -13.982711 -7.150197 -2.875042 13.772727 -8.401491 -3.218242 0.347736 -34.211552 0.771654 -0.963029 -17.733366 2.621021 -0.0 -1e-06 -1e-06 -17.346409 -20.095215 -4.201783 21.757551 -1.638374 3.866427 1e-06 -6.338823 2e-06 -1.697587 -22.591742 -6.194005 -0.0 -2e-06 -2e-06 52.193779 -73.854683 147.163437 43.248665 -60.637886 -18.216862 26.659166 0.0558 0.032189 1.493868 4.617761 5.102918 22.182112 -20.375887 49.933304 -16.701815 -16.74353 28.476526 -3e-06 -12.690599 2e-06 16.300117 -17.541397 2.624241 -0.105919 -1.513856 -4.275879 -5.039041 -5.612871 -2.953556 5e-06 -11.020521 -2e-06 -6.111298 -15.895328 -3.840469 0.0 -2e-06 0.0 -10.283369 -5.680288 -4.341836 11.028294 -11.302404 -2.372633 -1.384268 -14.238579 -6.32012 -0.625437 -26.924189 -3.827601 -4.471284 -50.089363 -3.21055 -13.708523 -7.363474 -3.720938 18.14115 -14.052739 -3.242676 7e-06 -18.78727 -3e-06 -0.429711 -8.456045 2.555505 0.0 1e-06 2e-06 -15.923534 -20.094479 -5.473583 30.41921 -7.190823 1.735923 2e-06 -8.162925 -0.0 -1.861901 -22.861467 -6.167941 1e-06 -6e-06 -3e-06 -176.974915 -4.480313 -2.070472 12.391289 0.011099 -0.027237 -83.263603 -1.327136 -6.793925 -3.594609 1.414914 2.178869 -0.999999 0.0 0.0 0.192419 -4.12324 -5.746402 15.392752 -0.083968 0.090044 -82.561935 -5.346386 -8.113896 -3.760454 0.58165 1.658378 -1.000003 -0.0 -0.0 
0.0 0.0 0.0 0.0 -0.0 0.0 -0.936879 99.431198 1.553495 89.800331 1.073741 90.455215 -4.011442 1.040099 0.309136 -12.739558 -0.040359 0.958771 22.77029 -1.244742 -0.647701 23.138172 4.574169 2.521042 -2.703508 -0.844639 -0.291544 -40.689667 -2.335599 0.809949 7e-06 0.0 -0.0 0.061982 -0.003144 -0.103945 0.087249 -0.103191 -0.121907 0.093882 0.095855 -0.083855 -112.027313 -73.322495 128.823441 41.366135 -64.933334 -8.390341 24.362602 0.042843 -0.055407 -1.228003 1.828402 -2.917429 17.636627 -26.322733 52.411201 -19.466667 -14.395597 29.410395 -0.0 -8.774822 -2e-06 15.965704 -17.846333 6.148059 -0.609777 -1.795654 -3.889327 -4.807088 -11.046813 -2.937851 4e-06 -20.976019 -1e-06 -5.01997 -25.03356 -4.031883 6e-06 -1e-06 -0.0 -10.634534 -5.686971 -3.565586 10.573275 -17.922951 -3.113904 2e-06 -13.821209 1e-06 -0.501777 -31.181505 -4.027018 -10.670026 -59.536259 6.670256 -13.982716 -7.150199 -2.875041 13.772731 -8.401493 -3.218242 0.347736 -34.211555 0.771651 -0.963028 -17.73337 2.621018 -0.0 -0.0 -1e-06 -17.346418 -20.095221 -4.20178 21.757561 -1.638375 3.866427 1e-06 -6.338824 0.0 -1.697589 -22.591743 -6.194007 0.0 -5e-06 -3e-06 52.327267 -73.953995 146.93634 43.242344 -60.785992 -17.962952 26.714931 0.08572 0.032197 1.44416 4.42932 4.968084 22.182108 -20.375895 49.933319 -16.701813 -16.743528 28.476532 -3e-06 -12.690601 -1e-06 16.282352 -17.536097 2.614948 -0.10592 -1.513857 -4.275882 -5.03904 -5.612871 -2.953558 4e-06 -11.020524 -2e-06 -6.111297 -15.895332 -3.840471 0.0 -1e-06 1e-06 -10.283369 -5.680288 -4.341838 11.028294 -11.302406 -2.372633 -1.384269 -14.238581 -6.320121 -0.625437 -26.924191 -3.827603 -4.421555 -50.036022 -3.264501 -13.708526 -7.363479 -3.72094 18.141151 -14.05274 -3.242676 6e-06 -18.78727 -2e-06 -0.429712 -8.456041 2.555504 -0.0 0.0 1e-06 -15.923536 -20.094486 -5.473587 30.419214 -7.190827 1.735926 2e-06 -8.162929 -0.0 -1.861903 -22.861469 -6.167944 -0.0 -4e-06 -1e-06 -176.96756 -4.524612 -2.125637 12.387768 0.011518 -0.031966 -83.278198 -1.319679 -6.786302 -3.591769 1.430254 2.186883 -0.999998 0.0 0.0 0.169828 -4.075111 -5.67731 15.421799 -0.086322 0.091402 -82.59082 -5.407234 -8.082242 -3.778844 0.579944 1.658492 -1.000001 0.0 -0.0 
0.0 0.0 0.0 0.0 -0.0 0.0 -0.971124 99.423622 1.598226 89.776085 1.039499 90.378433 -4.033361 1.052599 0.310836 -12.734354 -0.04071 0.952116 22.764244 -1.237754 -0.675935 23.093529 4.575902 2.523474 -2.695028 -0.824671 -0.228848 -40.700665 -2.304132 0.840732 7e-06 -0.0 -0.0 0.064102 -0.004713 -0.104559 0.08342 -0.107152 -0.122463 0.090221 0.09656 -0.084028 -111.938515 -73.321312 128.739395 41.317986 -64.969528 -8.313187 24.324999 0.036395 -0.042925 -1.286615 1.742231 -2.883237 17.636625 -26.322725 52.411182 -19.46666 -14.395592 29.410385 -1e-06 -8.774821 -0.0 15.988679 -17.861942 6.127851 -0.609777 -1.795653 -3.889328 -4.807088 -11.046808 -2.937851 4e-06 -20.976015 -1e-06 -5.019969 -25.033554 -4.031882 6e-06 -1e-06 0.0 -10.634533 -5.68697 -3.565588 10.573271 -17.922947 -3.1139 2e-06 -13.821206 -0.0 -0.501777 -31.181498 -4.027017 -10.721112 -59.550377 6.679924 -13.982712 -7.150197 -2.875044 13.772727 -8.401489 -3.218242 0.347735 -34.211544 0.771653 -0.963029 -17.733366 2.621021 0.0 1e-06 -1e-06 -17.346413 -20.095215 -4.201784 21.757555 -1.638374 3.866428 1e-06 -6.338823 1e-06 -1.697589 -22.591736 -6.194006 -0.0 -4e-06 -3e-06 52.466862 -74.030418 146.708496 43.223068 -60.904045 -17.616928 26.727577 0.09662 0.028064 1.372625 4.255637 4.887064 22.182117 -20.375896 49.933319 -16.701809 -16.74353 28.476526 -2e-06 -12.690601 -1e-06 16.264948 -17.537756 2.620528 -0.105918 -1.513855 -4.27588 -5.039042 -5.61287 -2.953558 3e-06 -11.02052 -2e-06 -6.111299 -15.895328 -3.84047 -0.0 -0.0 2e-06 -10.283371 -5.680287 -4.341837 11.028293 -11.302402 -2.372632 -1.384269 -14.238576 -6.32012 -0.625439 -26.924187 -3.827601 -4.395538 -50.006935 -3.292234 -13.708525 -7.363474 -3.72094 18.141148 -14.052734 -3.242673 4e-06 -18.787262 -1e-06 -0.42971 -8.456043 2.555504 -0.0 -1e-06 2e-06 -15.923538 -20.094479 -5.473584 30.419218 -7.190823 1.735928 1e-06 -8.162927 -1e-06 -1.861904 -22.861467 -6.167942 1e-06 -6e-06 -1e-06 -176.97876 -4.56913 -2.169526 12.426742 0.00932 -0.030145 -83.328285 -1.362961 -6.810093 -3.560133 1.444443 2.191691 -0.999999 -0.0 0.0 0.125281 -4.030293 -5.62494 15.469185 -0.08361 0.09082 -82.636406 -5.410878 -8.060757 -3.799005 0.576143 1.65884 -1.000001 -1e-06 -0.0 
0.0 0.0 0.0 0.0 -0.0 0.0 -1.000232 99.41153 1.655146 89.748055 1.007985 90.298454 -4.055308 1.066195 0.305316 -12.731798 -0.040843 0.941169 22.754002 -1.229907 -0.689623 23.051519 4.567666 2.499978 -2.693794 -0.811957 -0.15186 -40.70356 -2.258531 0.870543 7e-06 0.0 -0.0 0.06509 -0.004892 -0.102751 0.077694 -0.110213 -0.119638 0.084613 0.099262 -0.08278 -111.843216 -73.318314 128.659653 41.231621 -65.013321 -8.169346 24.253263 0.043814 -0.015872 -1.317478 1.694528 -2.866713 17.636633 -26.322741 52.411213 -19.466665 -14.395602 29.410395 -0.0 -8.774823 -2e-06 16.010658 -17.873978 6.120392 -0.609777 -1.795654 -3.889329 -4.80709 -11.04681 -2.937852 4e-06 -20.976019 -0.0 -5.019971 -25.033552 -4.031882 6e-06 0.0 0.0 -10.634537 -5.686971 -3.565588 10.573275 -17.922951 -3.1139 2e-06 -13.821211 1e-06 -0.501779 -31.181498 -4.027016 -10.749162 -59.565411 6.671951 -13.982716 -7.150198 -2.875043 13.772732 -8.401491 -3.218242 0.347732 -34.211544 0.771656 -0.96303 -17.73337 2.621021 1e-06 -1e-06 -0.0 -17.346424 -20.095217 -4.201784 21.757566 -1.638375 3.866429 1e-06 -6.338824 2e-06 -1.697591 -22.591749 -6.194009 -0.0 -2e-06 -2e-06 52.610329 -74.096352 146.489777 43.192894 -61.018909 -17.206493 26.70857 0.116513 0.032188 1.293209 4.05316 4.81677 22.182121 -20.375898 49.933334 -16.701811 -16.743532 28.476532 -2e-06 -12.690604 0.0 16.258034 -17.544712 2.631035 -0.105918 -1.513855 -4.275883 -5.039043 -5.612871 -2.953558 3e-06 -11.020523 -2e-06 -6.111301 -15.895332 -3.840474 -1e-06 1e-06 1e-06 -10.283374 -5.680288 -4.341839 11.028296 -11.302404 -2.372633 -1.384272 -14.238579 -6.320123 -0.62544 -26.924189 -3.827603 -4.401168 -49.994225 -3.29089 -13.708527 -7.363477 -3.720938 18.141155 -14.052738 -3.242675 4e-06 -18.78727 -1e-06 -0.429711 -8.456047 2.555504 -0.0 1e-06 2e-06 -15.923539 -20.094482 -5.473583 30.419218 -7.190824 1.735927 0.0 -8.162927 -0.0 -1.861904 -22.861467 -6.167942 1e-06 -3e-06 -1e-06 -177.002365 -4.611804 -2.180649 12.516444 0.00684 -0.027764 -83.407204 -1.47074 -6.856694 -3.511458 1.452483 2.193512 -0.999999 0.0 0.0 0.082855 -3.991753 -5.60495 15.53575 -0.078274 0.090335 -82.702431 -5.360783 -8.017509 -3.806666 0.574662 1.659565 -1.000001 -0.0 0.0 
0.0 0.0 0.0 0.0 -0.0 0.0 -1.027939 99.396225 1.714699 89.717346 0.977968 90.219749 -4.068757 1.071957 0.303866 -12.734057 -0.035957 0.937563 22.729092 -1.213866 -0.712363 23.004097 4.557996 2.461399 -2.690952 -0.800078 -0.088639 -40.727169 -2.220679 0.928671 7e-06 -0.0 -0.0 0.064172 -0.003947 -0.099396 0.075402 -0.112172 -0.115026 0.081573 0.103176 -0.080354 -111.789734 -73.328072 128.59523 41.027176 -65.073692 -7.8959 24.193975 0.058287 0.014827 -1.338604 1.691533 -2.880861 17.636625 -26.322729 52.411194 -19.466661 -14.395597 29.410389 -1e-06 -8.774822 -0.0 16.005957 -17.868221 6.120839 -0.609777 -1.795654 -3.889328 -4.80709 -11.046809 -2.937851 4e-06 -20.976013 -1e-06 -5.019969 -25.033558 -4.031883 6e-06 1e-06 -0.0 -10.634535 -5.686971 -3.565588 10.573276 -17.922947 -3.113901 3e-06 -13.821209 1e-06 -0.501777 -31.181498 -4.027017 -10.713705 -59.5508 6.617973 -13.982714 -7.150198 -2.875042 13.772729 -8.401489 -3.218242 0.347735 -34.211552 0.771653 -0.963029 -17.73337 2.621019 1e-06 -0.0 1e-06 -17.346416 -20.095217 -4.201782 21.757557 -1.638373 3.866427 2e-06 -6.338824 -0.0 -1.697589 -22.591738 -6.194005 0.0 -2e-06 -3e-06 52.724815 -74.136597 146.334122 43.109055 -61.111515 -16.761124 26.705156 0.134356 0.045563 1.199004 3.785919 4.694078 22.182117 -20.375898 49.933327 -16.701815 -16.743528 28.476534 -3e-06 -12.690602 1e-06 16.255871 -17.553703 2.645655 -0.10592 -1.513857 -4.275882 -5.039041 -5.612872 -2.953559 3e-06 -11.020525 -2e-06 -6.111299 -15.895334 -3.84047 0.0 -1e-06 1e-06 -10.283371 -5.680289 -4.341839 11.028293 -11.302407 -2.372632 -1.384268 -14.238582 -6.320123 -0.625438 -26.924194 -3.827603 -4.431847 -50.019451 -3.271885 -13.708526 -7.363477 -3.720939 18.141153 -14.052742 -3.242676 6e-06 -18.787273 -3e-06 -0.429711 -8.456045 2.555503 -1e-06 1e-06 2e-06 -15.923538 -20.094486 -5.473586 30.419218 -7.190827 1.735928 2e-06 -8.16293 -2e-06 -1.861901 -22.861473 -6.167941 1e-06 -5e-06 -3e-06 -177.044983 -4.653516 -2.148427 12.652497 0.004535 -0.035825 -83.508179 -1.610368 -6.917933 -3.4474 1.448946 2.189288 -0.999999 0.0 0.0 0.034367 -3.956913 -5.627862 15.623455 -0.075162 0.096474 -82.781944 -5.276519 -7.95153 -3.795289 0.57519 1.660005 -1.000002 -0.0 -0.0 
0.0 0.0 0.0 0.0 -0.0 0.0 -1.059372 99.384895 1.772277 89.687973 0.934299 90.134789 -4.074395 1.071266 0.296871 -12.743098 -0.028502 0.936638 22.683422 -1.195702 -0.734858 22.954803 4.553104 2.446723 -2.688437 -0.801233 -0.039575 -40.749741 -2.21768 1.014824 5e-06 0.0 -0.0 0.06093 -0.002554 -0.096396 0.079157 -0.113463 -0.111571 0.081198 0.107592 -0.07787 -111.73407 -73.335884 128.50563 40.757431 -65.155777 -7.664164 24.140537 0.053072 0.030277 -1.34973 1.705023 -2.922244 17.636627 -26.322727 52.411186 -19.466658 -14.395598 29.410385 -0.0 -8.774822 0.0 16.001173 -17.851984 6.120337 -0.609776 -1.795654 -3.889327 -4.80709 -11.046809 -2.93785 3e-06 -20.976017 -1e-06 -5.019971 -25.033556 -4.031882 6e-06 1e-06 -0.0 -10.634533 -5.686971 -3.565586 10.573272 -17.922951 -3.113901 2e-06 -13.821211 0.0 -0.501779 -31.181505 -4.027017 -10.66167 -59.547825 6.574909 -13.982714 -7.150198 -2.875041 13.772728 -8.401489 -3.21824 0.347732 -34.211544 0.771652 -0.963028 -17.733368 2.621018 0.0 -0.0 -0.0 -17.346422 -20.095215 -4.201777 21.757557 -1.638372 3.866427 1e-06 -6.338823 -0.0 -1.697592 -22.591743 -6.194005 0.0 -5e-06 -2e-06 52.800278 -74.165543 146.273499 43.050045 -61.17564 -16.433985 26.683346 0.136951 0.066898 1.104929 3.456211 4.512124 22.182121 -20.375891 49.933315 -16.701817 -16.74353 28.476532 -2e-06 -12.690603 -2e-06 16.254784 -17.56266 2.655025 -0.105919 -1.513857 -4.275882 -5.039044 -5.612873 -2.953556 3e-06 -11.020526 -3e-06 -6.1113 -15.895334 -3.840472 0.0 0.0 -0.0 -10.283373 -5.68029 -4.341838 11.028296 -11.302406 -2.372634 -1.38427 -14.238584 -6.320124 -0.625438 -26.924196 -3.827606 -4.462785 -50.046608 -3.26089 -13.708527 -7.363477 -3.720939 18.141151 -14.052739 -3.242675 5e-06 -18.78727 -5e-06 -0.429711 -8.456045 2.555504 0.0 -0.0 2e-06 -15.923539 -20.09449 -5.473584 30.419218 -7.190826 1.735927 2e-06 -8.162929 -1e-06 -1.8619 -22.861473 -6.167945 1e-06 -4e-06 -2e-06 -177.077347 -4.693432 -2.10399 12.736154 0.00419 -0.047602 -83.584167 -1.7557 -6.992897 -3.38296 1.439305 2.184223 -1.0 0.0 -0.0 -0.020384 -3.918463 -5.63766 15.688109 -0.072377 0.106263 -82.848053 -5.191077 -7.888093 -3.772671 0.572071 1.65793 -1.000002 -0.0 0.0 
0.0 0.0 0.0 0.0 -0.0 0.0 -1.094856 99.378754 1.832546 89.664108 0.885537 90.051903 -4.072414 1.069896 0.283914 -12.749509 -0.022281 0.934556 22.62536 -1.177573 -0.757269 22.890711 4.535347 2.438554 -2.690327 -0.811828 0.028736 -40.75338 -2.257374 1.127907 7e-06 0.0 -0.0 0.057937 -0.000504 -0.092028 0.091218 -0.113647 -0.107553 0.087129 0.112367 -0.073272 -111.633354 -73.330276 128.371414 40.520149 -65.261505 -7.55722 24.089964 0.065282 0.021275 -1.363059 1.688679 -3.073041 17.636635 -26.322725 52.411179 -19.46666 -14.395598 29.410381 0.0 -8.774822 -2e-06 15.994946 -17.822371 6.129102 -0.609776 -1.795654 -3.889327 -4.80709 -11.046811 -2.937849 3e-06 -20.976015 -0.0 -5.019971 -25.033556 -4.031882 6e-06 1e-06 1e-06 -10.634536 -5.686971 -3.565586 10.573275 -17.922951 -3.1139 2e-06 -13.82121 1e-06 -0.501779 -31.181505 -4.027017 -10.634572 -59.563717 6.585717 -13.982716 -7.150198 -2.875041 13.772731 -8.40149 -3.218241 0.347732 -34.211544 0.771654 -0.963029 -17.73337 2.621019 1e-06 1e-06 -0.0 -17.346422 -20.095219 -4.20178 21.757561 -1.638372 3.866428 1e-06 -6.338825 1e-06 -1.697592 -22.59174 -6.194008 0.0 -2e-06 -2e-06 52.820625 -74.220848 146.311325 43.044895 -61.249031 -16.330151 26.621504 0.093572 0.080645 1.04432 3.108656 4.345819 22.182121 -20.375887 49.933315 -16.701817 -16.743528 28.47653 -3e-06 -12.690603 0.0 16.251419 -17.560875 2.655813 -0.105919 -1.513856 -4.27588 -5.039042 -5.612873 -2.953557 4e-06 -11.020524 -3e-06 -6.1113 -15.895334 -3.840472 -0.0 -2e-06 1e-06 -10.283373 -5.680288 -4.341838 11.028296 -11.302406 -2.372632 -1.384269 -14.238583 -6.320122 -0.625437 -26.924191 -3.827604 -4.470026 -50.043262 -3.271343 -13.708527 -7.363477 -3.720938 18.141153 -14.052739 -3.242675 6e-06 -18.78727 -4e-06 -0.429711 -8.456045 2.555504 -1e-06 1e-06 2e-06 -15.923539 -20.094484 -5.473583 30.419218 -7.190826 1.735926 4e-06 -8.162929 -1e-06 -1.861902 -22.861469 -6.167945 1e-06 -4e-06 -1e-06 -177.068695 -4.732145 -2.088756 12.726333 0.006656 -0.052146 -83.622726 -1.847547 -7.070523 -3.350907 1.426876 2.180687 -0.999999 -0.0 -0.0 -0.059552 -3.87457 -5.602815 15.712523 -0.069888 0.113124 -82.895515 -5.13871 -7.853697 -3.751081 0.569525 1.655837 -1.000002 -0.0 0.0 
0.0 0.0 0.0 0.0 -0.0 0.0 -1.135458 99.378052 1.90279 89.64106 0.841826 89.983902 -4.075229 1.07779 0.268847 -12.75265 -0.016268 0.939484 22.575111 -1.158138 -0.769197 22.81848 4.490178 2.427067 -2.69275 -0.822212 0.103766 -40.745144 -2.313015 1.238775 6e-06 -0.0 -0.0 0.053625 0.002283 -0.085752 0.103333 -0.11253 -0.102191 0.09682 0.116985 -0.066353 -111.521751 -73.338402 128.24321 40.3745 -65.372681 -7.615131 24.067122 0.07431 -8e-06 -1.388884 1.669868 -3.288394 17.636629 -26.322731 52.41119 -19.466661 -14.395596 29.410389 -1e-06 -8.774821 -1e-06 15.96478 -17.801323 6.140907 -0.609776 -1.795654 -3.889329 -4.807089 -11.046811 -2.937851 5e-06 -20.976019 -1e-06 -5.01997 -25.03356 -4.03188 7e-06 1e-06 0.0 -10.634533 -5.686971 -3.565589 10.573275 -17.922951 -3.113901 3e-06 -13.821212 1e-06 -0.501777 -31.181505 -4.027014 -10.594756 -59.549572 6.590854 -13.982712 -7.150198 -2.875042 13.772731 -8.401492 -3.218241 0.347735 -34.211555 0.771654 -0.963029 -17.733372 2.62102 0.0 0.0 -0.0 -17.346416 -20.095217 -4.201784 21.757557 -1.638374 3.866427 1e-06 -6.338823 2e-06 -1.69759 -22.591742 -6.194008 0.0 -4e-06 -2e-06 52.843273 -74.289032 146.351456 43.042068 -61.348289 -16.250994 26.527514 0.04373 0.084703 0.997479 2.749154 4.219496 22.182116 -20.375904 49.933327 -16.701815 -16.743528 28.476536 -3e-06 -12.690601 1e-06 16.253889 -17.56156 2.654061 -0.105919 -1.513856 -4.275883 -5.039042 -5.612872 -2.953557 4e-06 -11.020525 -1e-06 -6.111297 -15.895334 -3.840471 -1e-06 -0.0 -0.0 -10.283369 -5.680287 -4.341839 11.028294 -11.302406 -2.372633 -1.384268 -14.23858 -6.320121 -0.625438 -26.924191 -3.827599 -4.46844 -50.039574 -3.291417 -13.708525 -7.363476 -3.720941 18.14115 -14.052739 -3.242675 6e-06 -18.78727 -2e-06 -0.429713 -8.456044 2.555504 -1e-06 1e-06 0.0 -15.923534 -20.094482 -5.473587 30.419218 -7.190827 1.735927 3e-06 -8.162929 0.0 -1.861902 -22.861473 -6.16794 -1e-06 -3e-06 -1e-06 -176.99971 -4.77553 -2.103499 12.609873 0.009292 -0.052181 -83.622345 -1.866321 -7.12 -3.343556 1.416634 2.177674 -0.999999 -0.0 0.0 -0.051018 -3.819347 -5.558689 15.66883 -0.071426 0.119709 -82.915054 -5.127897 -7.829746 -3.753093 0.573394 1.655139 -1.000001 -0.0 0.0 
0.0 0.0 0.0 0.0 -0.0 0.0 -1.173675 99.378952 1.979766 89.622696 0.789943 89.941826 -4.088463 1.096056 0.258391 -12.760156 -0.01504 0.94527 22.540417 -1.134346 -0.774918 22.730568 4.438265 2.425619 -2.687178 -0.837607 0.165497 -40.748455 -2.38431 1.318097 6e-06 0.0 -0.0 0.052125 0.00489 -0.080621 0.109467 -0.11034 -0.098448 0.101149 0.119969 -0.0603 -111.426727 -73.356895 128.149643 40.340065 -65.45845 -7.763318 24.067574 0.085159 -0.01389 -1.431005 1.672424 -3.512008 17.636641 -26.322729 52.411186 -19.466665 -14.395598 29.410393 -0.0 -8.774823 -3e-06 15.920094 -17.79184 6.155242 -0.609776 -1.795654 -3.889328 -4.80709 -11.046811 -2.93785 5e-06 -20.976015 -1e-06 -5.01997 -25.033556 -4.031883 6e-06 0.0 0.0 -10.634537 -5.686972 -3.565588 10.573277 -17.922953 -3.113902 3e-06 -13.821213 1e-06 -0.501777 -31.181505 -4.027017 -10.557608 -59.509247 6.585068 -13.982716 -7.150199 -2.875043 13.772732 -8.401492 -3.218242 0.347735 -34.211555 0.771653 -0.963028 -17.733372 2.621021 -0.0 -0.0 -0.0 -17.346422 -20.095221 -4.201783 21.757565 -1.638374 3.866428 1e-06 -6.338825 0.0 -1.697588 -22.591749 -6.194007 -0.0 -5e-06 -2e-06 52.894356 -74.34317 146.332794 42.992489 -61.466717 -16.034639 26.429533 0.013047 0.086503 0.951609 2.382941 4.197547 22.182119 -20.375895 49.933319 -16.701811 -16.743528 28.47653 -2e-06 -12.690602 -3e-06 16.265461 -17.568701 2.651324 -0.105919 -1.513857 -4.27588 -5.039042 -5.612873 -2.953557 4e-06 -11.020525 -2e-06 -6.111298 -15.895332 -3.840471 0.0 -0.0 -0.0 -10.283371 -5.680288 -4.341838 11.028294 -11.302404 -2.372632 -1.384269 -14.238581 -6.320122 -0.625438 -26.924191 -3.827603 -4.464071 -50.048431 -3.324449 -13.708527 -7.363478 -3.720941 18.14115 -14.052739 -3.242675 6e-06 -18.78727 -2e-06 -0.429712 -8.456047 2.555504 -1e-06 1e-06 1e-06 -15.923536 -20.094484 -5.473584 30.419222 -7.190827 1.735928 4e-06 -8.16293 -1e-06 -1.861901 -22.861473 -6.167943 -0.0 -2e-06 -1e-06 -176.926407 -4.812153 -2.113787 12.463672 0.0084 -0.046136 -83.610703 -1.865229 -7.133727 -3.358577 1.406557 2.17471 -0.999998 -0.0 0.0 -0.032423 -3.770974 -5.543678 15.605435 -0.073189 0.123525 -82.928505 -5.132163 -7.814489 -3.774623 0.576967 1.655725 -1.000003 0.0 -0.0 
0.0 0.0 0.0 0.0 -0.0 0.0 -1.207633 99.374924 2.055814 89.605698 0.73224 89.941902 -4.103642 1.120418 0.248516 -12.764292 -0.021261 0.935015 22.499847 -1.102929 -0.780813 22.633095 4.39428 2.432454 -2.681069 -0.848857 0.204873 -40.750374 -2.47378 1.40471 5e-06 -0.0 0.0 0.053005 0.006728 -0.078445 0.1131 -0.106524 -0.096412 0.10288 0.119713 -0.058568 -111.280403 -73.386032 128.025543 40.413837 -65.538383 -8.012971 24.076597 0.103276 -0.013957 -1.467845 1.679364 -3.729691 17.636625 -26.322737 52.411213 -19.46666 -14.395597 29.410395 -1e-06 -8.774821 -1e-06 15.88977 -17.796753 6.167973 -0.609775 -1.795653 -3.889328 -4.807088 -11.04681 -2.937852 5e-06 -20.976015 -1e-06 -5.019969 -25.033556 -4.031882 6e-06 1e-06 0.0 -10.634533 -5.686969 -3.565589 10.573272 -17.922949 -3.113901 3e-06 -13.821209 1e-06 -0.501776 -31.181498 -4.027018 -10.543611 -59.480389 6.599424 -13.982714 -7.150198 -2.875043 13.77273 -8.401492 -3.218242 0.347734 -34.211544 0.771654 -0.963029 -17.73337 2.62102 0.0 -0.0 -0.0 -17.346416 -20.095217 -4.201784 21.757555 -1.638373 3.866428 2e-06 -6.338825 1e-06 -1.697589 -22.591743 -6.194007 -0.0 -2e-06 -2e-06 52.96307 -74.394127 146.250534 42.870094 -61.620186 -15.623554 26.35895 0.002575 0.091487 0.88852 1.984528 4.238224 22.182114 -20.375895 49.933327 -16.701811 -16.74353 28.476536 -3e-06 -12.6906 0.0 16.280891 -17.587364 2.648891 -0.105919 -1.513856 -4.275884 -5.039038 -5.61287 -2.953557 4e-06 -11.020523 -1e-06 -6.111296 -15.895328 -3.840472 0.0 1e-06 -0.0 -10.283367 -5.680287 -4.34184 11.028292 -11.302404 -2.372633 -1.384267 -14.238579 -6.32012 -0.625438 -26.924187 -3.827602 -4.457933 -50.037014 -3.363898 -13.708523 -7.363476 -3.720941 18.14115 -14.052737 -3.242675 5e-06 -18.787268 -2e-06 -0.429711 -8.456043 2.555504 -1e-06 0.0 0.0 -15.923532 -20.094481 -5.473588 30.41921 -7.190823 1.735924 3e-06 -8.162928 1e-06 -1.861903 -22.861467 -6.167942 1e-06 -4e-06 -0.0 -176.916351 -4.851675 -2.116594 12.417571 0.00697 -0.038522 -83.635727 -1.856859 -7.132308 -3.37259 1.402096 2.175382 -0.999999 -0.0 0.0 0.04134 -3.749598 -5.534255 15.583253 -0.075321 0.124795 -82.96804 -5.149815 -7.838133 -3.785755 0.575914 1.65702 -1.0 -0.0 0.0 
0.0 0.0 0.0 0.0 -0.0 0.0 -1.228589 99.368622 2.117262 89.589058 0.659727 89.976952 -4.125626 1.14398 0.239554 -12.766778 -0.02989 0.908425 22.452291 -1.065733 -0.781625 22.517057 4.340186 2.434415 -2.673591 -0.852849 0.243206 -40.789356 -2.558985 1.509283 5e-06 -0.0 -0.0 0.054624 0.009559 -0.073826 0.111694 -0.098776 -0.091047 0.101048 0.117408 -0.055029 -111.112312 -73.404457 127.859299 40.489201 -65.618141 -8.244416 24.106232 0.128545 -0.008676 -1.528264 1.666449 -3.94497 17.636625 -26.322731 52.41119 -19.466658 -14.395597 29.410389 -0.0 -8.77482 -1e-06 15.874366 -17.808754 6.175204 -0.609776 -1.795654 -3.889327 -4.807088 -11.046811 -2.937849 4e-06 -20.976019 -0.0 -5.019971 -25.033558 -4.03188 6e-06 1e-06 -0.0 -10.634534 -5.686971 -3.565586 10.573272 -17.922951 -3.113901 2e-06 -13.821211 1e-06 -0.50178 -31.181501 -4.027016 -10.53515 -59.465572 6.611754 -13.982712 -7.150198 -2.87504 13.772727 -8.401492 -3.218242 0.347732 -34.211552 0.771655 -0.963029 -17.73337 2.621019 0.0 -0.0 -1e-06 -17.346418 -20.095219 -4.201779 21.757555 -1.638373 3.866426 1e-06 -6.338825 0.0 -1.697591 -22.591743 -6.194005 -0.0 -2e-06 -2e-06 53.026672 -74.440384 146.147385 42.692661 -61.794186 -15.154026 26.344643 -0.021662 0.10028 0.790891 1.586977 4.29555 22.182114 -20.375895 49.933308 -16.701807 -16.743525 28.476522 -3e-06 -12.690598 0.0 16.275192 -17.609333 2.650559 -0.105919 -1.513855 -4.275881 -5.03904 -5.61287 -2.953557 4e-06 -11.020521 -1e-06 -6.111297 -15.895328 -3.84047 0.0 1e-06 1e-06 -10.283366 -5.680287 -4.341839 11.028293 -11.302402 -2.372631 -1.384267 -14.238577 -6.32012 -0.625438 -26.924179 -3.827599 -4.441382 -49.979454 -3.419314 -13.708521 -7.363474 -3.720939 18.141144 -14.052737 -3.242672 6e-06 -18.787266 -2e-06 -0.429711 -8.456044 2.555503 -0.0 0.0 1e-06 -15.92353 -20.094481 -5.473586 30.419201 -7.190824 1.735924 4e-06 -8.162927 1e-06 -1.861902 -22.861465 -6.167941 1e-06 -5e-06 -0.0 -176.992172 -4.88971 -2.101545 12.482365 0.008315 -0.036434 -83.693939 -1.838176 -7.132062 -3.377084 1.403159 2.178169 -0.999999 -0.0 -0.0 -0.004901 -3.709906 -5.563443 15.59344 -0.080207 0.119535 -83.012077 -5.183115 -7.811572 -3.760232 0.57253 1.660106 -1.000002 -0.0 0.0 
0.0 0.0 0.0 0.0 -0.0 0.0 -1.2425 99.364006 2.161689 89.573883 0.589082 90.016983 -4.144581 1.165498 0.237678 -12.759099 -0.041927 0.876502 22.397638 -1.023933 -0.773797 22.380468 4.284945 2.4321 -2.670067 -0.850085 0.272617 -40.870914 -2.632435 1.634655 7e-06 -0.0 0.0 0.056205 0.010848 -0.073388 0.11032 -0.091136 -0.089022 0.100094 0.112124 -0.055935 -110.940948 -73.427406 127.658844 40.515915 -65.716866 -8.494365 24.141451 0.122624 -0.006432 -1.575334 1.674512 -4.233562 17.636631 -26.322735 52.411194 -19.466661 -14.395597 29.410389 -1e-06 -8.774822 -1e-06 15.874727 -17.815058 6.185158 -0.609777 -1.795654 -3.889327 -4.807088 -11.04681 -2.93785 3e-06 -20.976015 1e-06 -5.019971 -25.033558 -4.03188 6e-06 -0.0 0.0 -10.634534 -5.68697 -3.565587 10.573272 -17.922949 -3.113899 2e-06 -13.821209 2e-06 -0.50178 -31.181505 -4.027014 -10.513727 -59.475471 6.62077 -13.982713 -7.150197 -2.875041 13.772729 -8.401491 -3.21824 0.347732 -34.211544 0.771657 -0.96303 -17.73337 2.621021 -0.0 -0.0 -1e-06 -17.346416 -20.095215 -4.20178 21.757557 -1.638375 3.866428 1e-06 -6.338824 2e-06 -1.69759 -22.591742 -6.194004 0.0 -4e-06 -2e-06 53.146732 -74.496727 146.006378 42.596478 -61.964329 -14.766726 26.356926 -0.037093 0.109465 0.665776 1.166222 4.350533 22.182112 -20.375891 49.933319 -16.701813 -16.74353 28.47653 -4e-06 -12.690599 -1e-06 16.257666 -17.636658 2.660848 -0.105917 -1.513855 -4.275881 -5.039041 -5.612872 -2.953558 4e-06 -11.020523 -2e-06 -6.111297 -15.89533 -3.840471 -0.0 -0.0 1e-06 -10.283368 -5.680288 -4.341839 11.028293 -11.302404 -2.372632 -1.384268 -14.23858 -6.32012 -0.625438 -26.924191 -3.827601 -4.42116 -49.928928 -3.465043 -13.708521 -7.363475 -3.720941 18.141146 -14.052738 -3.242672 7e-06 -18.787268 -4e-06 -0.429711 -8.456043 2.555503 -0.0 0.0 2e-06 -15.923532 -20.094482 -5.473586 30.41921 -7.190825 1.735925 5e-06 -8.162927 -1e-06 -1.861901 -22.861467 -6.167943 -0.0 -5e-06 -0.0 -177.086151 -4.924007 -2.092452 12.563125 0.011161 -0.043143 -83.745598 -1.822263 -7.140628 -3.369191 1.41018 2.181744 -0.999999 0.0 0.0 -0.054176 -3.678623 -5.609299 15.603124 -0.084802 0.112491 -83.04422 -5.213326 -7.778612 -3.717824 0.569791 1.662978 -1.0 0.0 0.0 
0.0 0.0 0.0 0.0 -0.0 0.0 -1.255368 99.363625 2.194726 89.560143 0.517425 90.051872 -4.154687 1.183393 0.241653 -12.750537 -0.048552 0.853284 22.335228 -0.976469 -0.75666 22.209892 4.208626 2.415705 -2.667378 -0.842955 0.289527 -40.962738 -2.676134 1.758192 8e-06 0.0 -0.0 0.057918 0.01212 -0.069911 0.111437 -0.084853 -0.08488 0.101318 0.108246 -0.052671 -110.735123 -73.451591 127.416992 40.561806 -65.820084 -8.81559 24.162563 0.079286 -0.01557 -1.606258 1.702166 -4.481533 17.636635 -26.322731 52.41119 -19.466661 -14.395596 29.410389 -0.0 -8.774822 -1e-06 15.892189 -17.826702 6.203094 -0.609776 -1.795654 -3.889329 -4.807091 -11.046811 -2.93785 4e-06 -20.976019 0.0 -5.019971 -25.033562 -4.031882 6e-06 1e-06 -0.0 -10.634537 -5.686972 -3.565588 10.573277 -17.922955 -3.113901 3e-06 -13.821211 1e-06 -0.501778 -31.181505 -4.027016 -10.512645 -59.521172 6.65077 -13.982716 -7.150198 -2.875042 13.772732 -8.401493 -3.21824 0.347733 -34.211552 0.771656 -0.963029 -17.73337 2.621021 1e-06 -0.0 -0.0 -17.346422 -20.095217 -4.201782 21.757561 -1.638374 3.86643 1e-06 -6.338825 1e-06 -1.69759 -22.591753 -6.194009 -0.0 -2e-06 -2e-06 53.301865 -74.558815 145.833023 42.563873 -62.141186 -14.445136 26.365044 -0.043137 0.123982 0.552935 0.773894 4.348942 22.182117 -20.375891 49.933308 -16.701811 -16.743528 28.476522 -3e-06 -12.690601 -1e-06 16.236599 -17.665377 2.67232 -0.105918 -1.513855 -4.27588 -5.039042 -5.612873 -2.953557 4e-06 -11.020524 -2e-06 -6.111298 -15.895336 -3.840469 0.0 -1e-06 1e-06 -10.283371 -5.680288 -4.34184 11.028296 -11.302408 -2.372632 -1.384269 -14.238581 -6.32012 -0.625441 -26.924192 -3.8276 -4.396897 -49.906307 -3.49332 -13.708524 -7.363476 -3.720939 18.141151 -14.052739 -3.242675 6e-06 -18.787271 -4e-06 -0.429712 -8.456041 2.555504 0.0 0.0 3e-06 -15.923534 -20.094484 -5.473583 30.41921 -7.190828 1.735927 4e-06 -8.16293 -0.0 -1.861902 -22.861475 -6.167943 -0.0 -1e-06 -1e-06 -177.167511 -4.955292 -2.092737 12.601502 0.014768 -0.056053 -83.770523 -1.806357 -7.163791 -3.38127 1.419594 2.183675 -1.0 0.0 0.0 -0.097795 -3.648575 -5.627451 15.588539 -0.087925 0.102887 -83.056343 -5.244531 -7.734102 -3.685844 0.573432 1.666202 -1.000003 0.0 0.0 
0.0 0.0 0.0 0.0 -0.0 0.0 -1.265781 99.363258 2.216903 89.546036 0.447471 90.056541 -4.147627 1.200192 0.246057 -12.739935 -0.046184 0.852102 22.260397 -0.927109 -0.740046 22.009531 4.120819 2.386569 -2.663293 -0.835031 0.323786 -41.038387 -2.715522 1.872153 4e-06 -0.0 -0.0 0.057451 0.013316 -0.064792 0.107964 -0.082805 -0.081052 0.097503 0.108518 -0.045877 -110.495743 -73.468765 127.119141 40.618847 -65.937408 -9.157923 24.154644 0.023198 -0.038843 -1.642913 1.735864 -4.661233 17.636627 -26.322725 52.411182 -19.46666 -14.395594 29.410381 -1e-06 -8.77482 -3e-06 15.907031 -17.834215 6.213388 -0.609776 -1.795653 -3.889326 -4.807087 -11.046811 -2.93785 5e-06 -20.976017 -2e-06 -5.019969 -25.033556 -4.03188 7e-06 -1e-06 -0.0 -10.634531 -5.686969 -3.565587 10.573271 -17.922947 -3.113899 3e-06 -13.821208 -0.0 -0.501776 -31.181501 -4.027015 -10.546378 -59.565765 6.686248 -13.982712 -7.150197 -2.875041 13.772726 -8.401491 -3.218241 0.347734 -34.211544 0.771654 -0.963028 -17.73337 2.621018 1e-06 0.0 -1e-06 -17.346413 -20.095217 -4.20178 21.757555 -1.638374 3.866429 1e-06 -6.338824 0.0 -1.697588 -22.591742 -6.194007 -0.0 -2e-06 -1e-06 53.433231 -74.636719 145.683548 42.592503 -62.311707 -14.27296 26.359476 -0.076228 0.136579 0.478258 0.422461 4.320417 22.182114 -20.375891 49.933315 -16.701811 -16.743528 28.47653 -4e-06 -12.690598 0.0 16.216476 -17.679411 2.678808 -0.105918 -1.513857 -4.27588 -5.039041 -5.612871 -2.953556 5e-06 -11.020521 -4e-06 -6.111295 -15.89533 -3.840472 1e-06 0.0 -2e-06 -10.28337 -5.680288 -4.341839 11.028296 -11.302404 -2.372634 -1.384269 -14.238581 -6.32012 -0.625437 -26.924183 -3.827601 -4.379457 -49.902721 -3.504077 -13.708525 -7.363475 -3.720938 18.14115 -14.052739 -3.242676 9e-06 -18.78727 -3e-06 -0.429711 -8.456043 2.555504 -1e-06 2e-06 0.0 -15.923532 -20.094482 -5.473586 30.41921 -7.190826 1.735925 4e-06 -8.162925 1e-06 -1.861902 -22.861464 -6.167941 1e-06 -7e-06 -0.0 -177.253372 -4.981626 -2.101509 12.650582 0.016461 -0.0642 -83.7976 -1.805908 -7.193235 -3.412651 1.42691 2.182619 -1.0 -0.0 0.0 -0.158081 -3.621969 -5.603151 15.591267 -0.090812 0.096055 -83.067902 -5.261704 -7.687778 -3.673815 0.577985 1.667782 -1.000002 0.0 -0.0 
0.0 0.0 0.0 0.0 -0.0 0.0 -1.274933 99.360023 2.230786 89.538895 0.365549 90.032143 -4.131831 1.208326 0.250319 -12.729019 -0.036906 0.86634 22.172535 -0.879094 -0.719665 21.781401 4.026831 2.342811 -2.660433 -0.821985 0.38725 -41.085396 -2.760534 1.960162 5e-06 0.0 0.0 0.054147 0.016042 -0.056112 0.096591 -0.083362 -0.07567 0.087169 0.114343 -0.033959 -110.236481 -73.489784 126.795921 40.708466 -66.065063 -9.546437 24.111469 -0.03341 -0.067615 -1.698082 1.763797 -4.902851 17.636629 -26.322735 52.411194 -19.466663 -14.395596 29.410393 -1e-06 -8.774822 -1e-06 15.898384 -17.829185 6.214687 -0.609775 -1.795654 -3.889327 -4.807088 -11.046812 -2.937851 5e-06 -20.976021 -1e-06 -5.019969 -25.033562 -4.031881 6e-06 1e-06 -0.0 -10.634533 -5.686972 -3.565589 10.573272 -17.922951 -3.113901 3e-06 -13.82121 -0.0 -0.501777 -31.181501 -4.027017 -10.581529 -59.583271 6.692426 -13.982712 -7.150198 -2.875042 13.77273 -8.401493 -3.218243 0.347734 -34.211555 0.771653 -0.963028 -17.733374 2.621018 -0.0 0.0 1e-06 -17.346416 -20.095221 -4.201782 21.757557 -1.638376 3.866427 1e-06 -6.338825 0.0 -1.697588 -22.591753 -6.194007 -0.0 -3e-06 -2e-06 53.515205 -74.718094 145.550766 42.59856 -62.4893 -14.193296 26.347521 -0.147053 0.142956 0.440766 0.084373 4.225466 22.182117 -20.375898 49.933319 -16.701815 -16.743528 28.476532 -4e-06 -12.690601 -0.0 16.195072 -17.674648 2.67969 -0.105919 -1.513855 -4.275881 -5.039041 -5.612872 -2.953556 4e-06 -11.020523 -2e-06 -6.111298 -15.895332 -3.84047 0.0 1e-06 -3e-06 -10.283371 -5.680288 -4.341838 11.028295 -11.302404 -2.372632 -1.384269 -14.238581 -6.32012 -0.625436 -26.924191 -3.827602 -4.368655 -49.900608 -3.504023 -13.708525 -7.363475 -3.720939 18.141151 -14.052739 -3.242675 7e-06 -18.787271 -2e-06 -0.429711 -8.456043 2.555504 -1e-06 -0.0 3e-06 -15.923532 -20.094482 -5.473586 30.41921 -7.190827 1.735925 4e-06 -8.162929 1e-06 -1.8619 -22.861473 -6.167943 1e-06 -6e-06 1e-06 -177.372482 -4.994703 -2.100877 12.742021 0.015577 -0.060863 -83.841957 -1.833745 -7.229619 -3.464923 1.42926 2.178612 -0.999999 0.0 0.0 -0.267578 -3.60964 -5.559335 15.657269 -0.088973 0.091853 -83.105461 -5.251084 -7.656468 -3.694842 0.584575 1.668405 -1.000002 -0.0 -0.0 
0.0 0.0 0.0 0.0 -0.0 0.0 -1.280757 99.360443 2.240192 89.537392 0.276923 89.997131 -4.11129 1.211271 0.253051 -12.713761 -0.031785 0.87965 22.079977 -0.833784 -0.680594 21.529158 3.931722 2.309594 -2.665437 -0.805273 0.436493 -41.138996 -2.808423 2.0321 6e-06 -0.0 0.0 0.047891 0.018668 -0.04884 0.08354 -0.083296 -0.072437 0.078016 0.11912 -0.023032 -110.001076 -73.532768 126.517998 40.827869 -66.184593 -9.96881 24.079857 -0.090935 -0.082756 -1.769101 1.798092 -5.322221 17.636625 -26.322737 52.411205 -19.466654 -14.395597 29.410389 -0.0 -8.774819 -2e-06 15.8607 -17.796602 6.210443 -0.609777 -1.795653 -3.889327 -4.807088 -11.046809 -2.937851 4e-06 -20.976015 1e-06 -5.019969 -25.033552 -4.031879 6e-06 0.0 0.0 -10.634533 -5.68697 -3.565589 10.573272 -17.922949 -3.113899 3e-06 -13.821209 2e-06 -0.501778 -31.181498 -4.027014 -10.544333 -59.566414 6.644608 -13.982712 -7.150196 -2.875042 13.772727 -8.40149 -3.218241 0.347733 -34.211544 0.771657 -0.963029 -17.73337 2.62102 0.0 -0.0 -0.0 -17.346416 -20.095215 -4.201784 21.757557 -1.638375 3.866428 1e-06 -6.338822 1e-06 -1.69759 -22.591742 -6.194005 -0.0 -4e-06 -2e-06 53.599648 -74.812195 145.354584 42.575851 -62.696178 -14.083211 26.33889 -0.214064 0.145201 0.424393 -0.264498 4.136144 22.182116 -20.3759 49.933323 -16.701813 -16.743526 28.476534 -4e-06 -12.6906 1e-06 16.183823 -17.670179 2.671195 -0.105919 -1.513856 -4.275881 -5.039041 -5.612872 -2.953557 5e-06 -11.020525 -2e-06 -6.111297 -15.895334 -3.84047 -0.0 1e-06 1e-06 -10.28337 -5.680288 -4.341837 11.028295 -11.302406 -2.372632 -1.38427 -14.238581 -6.32012 -0.625439 -26.924192 -3.827602 -4.365746 -49.896778 -3.503358 -13.708525 -7.363476 -3.72094 18.14115 -14.052739 -3.242675 6e-06 -18.78727 -1e-06 -0.429712 -8.456045 2.555503 -0.0 -1e-06 1e-06 -15.923536 -20.094484 -5.473584 30.419218 -7.190827 1.735924 3e-06 -8.162927 -0.0 -1.861901 -22.861473 -6.167946 1e-06 -7e-06 -1e-06 -177.475586 -4.994242 -2.087225 12.782248 0.013221 -0.057575 -83.861504 -1.881872 -7.259767 -3.508502 1.421683 2.171188 -0.999998 0.0 -0.0 -0.382328 -3.603667 -5.511076 15.706266 -0.083853 0.09128 -83.130127 -5.243502 -7.644043 -3.730854 0.591122 1.668259 -1.000001 -0.0 -0.0 
0.0 0.0 0.0 0.0 -0.0 0.0 -1.276008 99.368393 2.246549 89.536736 0.191476 89.960655 -4.091143 1.213942 0.26396 -12.703944 -0.029033 0.893963 22.006277 -0.798892 -0.651906 21.288263 3.855278 2.30363 -2.667674 -0.792804 0.434952 -41.215942 -2.847553 2.101509 6e-06 0.0 -0.0 0.042689 0.017949 -0.050051 0.077426 -0.081353 -0.076602 0.074115 0.115431 -0.021707 -109.793045 -73.583511 126.274956 40.933693 -66.273415 -10.266127 24.094067 -0.125101 -0.082146 -1.831757 1.805119 -5.723794 17.636635 -26.322729 52.411198 -19.466663 -14.395598 29.410389 -0.0 -8.774822 -2e-06 15.825714 -17.760624 6.195425 -0.609777 -1.795654 -3.889328 -4.80709 -11.046813 -2.93785 4e-06 -20.976019 0.0 -5.019972 -25.033558 -4.031882 6e-06 -1e-06 -0.0 -10.634536 -5.686971 -3.565587 10.573276 -17.922951 -3.1139 2e-06 -13.82121 1e-06 -0.501778 -31.181505 -4.027016 -10.4526 -59.534164 6.558005 -13.982717 -7.150199 -2.875041 13.772733 -8.401493 -3.218241 0.347734 -34.211559 0.771655 -0.963028 -17.733374 2.621019 0.0 1e-06 -0.0 -17.346424 -20.095221 -4.20178 21.757566 -1.638375 3.86643 1e-06 -6.338826 1e-06 -1.697589 -22.591751 -6.194007 -0.0 -1e-06 -2e-06 53.671616 -74.918945 145.147186 42.565403 -62.884857 -13.909987 26.365408 -0.242474 0.150363 0.38842 -0.586648 4.117103 22.182119 -20.375895 49.933323 -16.701815 -16.743528 28.476532 -3e-06 -12.690602 -1e-06 16.190945 -17.676577 2.663793 -0.10592 -1.513856 -4.275882 -5.039042 -5.612872 -2.953555 4e-06 -11.020523 -4e-06 -6.111297 -15.895334 -3.84047 0.0 0.0 -0.0 -10.283372 -5.680289 -4.341838 11.028296 -11.302406 -2.372634 -1.38427 -14.238581 -6.32012 -0.625439 -26.924187 -3.827603 -4.380684 -49.907604 -3.489064 -13.708527 -7.363477 -3.720938 18.141151 -14.052739 -3.242676 7e-06 -18.78727 -4e-06 -0.429712 -8.456043 2.555501 0.0 -1e-06 1e-06 -15.923539 -20.094484 -5.473581 30.419214 -7.190824 1.735927 3e-06 -8.162927 -1e-06 -1.861904 -22.861467 -6.167942 2e-06 -7e-06 -0.0 -177.531631 -4.981799 -2.065783 12.727489 0.010453 -0.060803 -83.838615 -1.920341 -7.26622 -3.517087 1.411926 2.161818 -1.0 0.0 -0.0 -0.466227 -3.598596 -5.473879 15.679173 -0.079437 0.093109 -83.110031 -5.259108 -7.631484 -3.759361 0.592233 1.666747 -1.000002 0.0 -0.0 
0.0 0.0 0.0 0.0 -0.0 0.0 -1.261017 99.375481 2.248683 89.538681 0.114749 89.959274 -4.067522 1.217853 0.279233 -12.694906 -0.029699 0.90039 21.946968 -0.777416 -0.635749 21.065643 3.8088 2.323273 -2.666473 -0.790857 0.38578 -41.343998 -2.89578 2.196337 6e-06 0.0 -0.0 0.041579 0.015345 -0.05725 0.081292 -0.077791 -0.084695 0.074817 0.106685 -0.028829 -109.453522 -73.652946 125.913681 41.146271 -66.34581 -10.518656 24.126621 -0.125572 -0.066203 -1.890455 1.755846 -6.018353 17.636627 -26.322725 52.411186 -19.466656 -14.395598 29.410389 0.0 -8.774821 -2e-06 15.828721 -17.744215 6.172316 -0.609777 -1.795653 -3.889328 -4.807089 -11.046809 -2.937851 4e-06 -20.976015 -0.0 -5.019971 -25.033556 -4.031882 6e-06 1e-06 0.0 -10.634533 -5.686969 -3.565586 10.573272 -17.922947 -3.113901 2e-06 -13.821206 0.0 -0.501777 -31.181498 -4.027016 -10.382573 -59.533466 6.480444 -13.982714 -7.150198 -2.875041 13.772729 -8.401489 -3.21824 0.347733 -34.211544 0.771654 -0.963028 -17.73337 2.621019 -0.0 0.0 -0.0 -17.346416 -20.095217 -4.201781 21.757557 -1.638373 3.866427 1e-06 -6.338821 1e-06 -1.697591 -22.59174 -6.194005 -0.0 -1e-06 -3e-06 53.729755 -75.044144 144.970276 42.608398 -63.026283 -13.774065 26.45015 -0.274713 0.150679 0.30736 -0.907527 4.195307 22.182121 -20.375887 49.9333 -16.701811 -16.743526 28.476522 -2e-06 -12.690601 -2e-06 16.209375 -17.690302 2.659172 -0.105919 -1.513856 -4.27588 -5.039041 -5.612872 -2.953556 4e-06 -11.020525 -2e-06 -6.111298 -15.895334 -3.840469 -0.0 -0.0 -1e-06 -10.283369 -5.680288 -4.341838 11.028296 -11.302406 -2.372634 -1.384269 -14.238581 -6.32012 -0.625436 -26.924191 -3.827603 -4.403899 -49.907871 -3.470575 -13.708526 -7.363477 -3.720938 18.141148 -14.052739 -3.242674 7e-06 -18.78727 -1e-06 -0.429711 -8.456045 2.555503 -0.0 0.0 0.0 -15.923536 -20.094482 -5.473583 30.41921 -7.190827 1.735927 5e-06 -8.162927 1e-06 -1.861903 -22.861467 -6.167944 2e-06 -8e-06 -2e-06 -177.604584 -4.964637 -2.04239 12.706382 0.006958 -0.063264 -83.822662 -1.954164 -7.253702 -3.494945 1.405478 2.153026 -0.999998 -0.0 0.0 -0.539077 -3.59864 -5.44549 15.649835 -0.070272 0.092936 -83.090012 -5.306539 -7.613383 -3.735083 0.586026 1.663978 -1.000001 0.0 -0.0 
0.0 0.0 0.0 0.0 -0.0 0.0 -1.248383 99.375168 2.249238 89.546181 0.047081 89.985481 -4.044825 1.223405 0.288095 -12.681325 -0.033319 0.895008 21.903345 -0.776581 -0.626005 20.861387 3.773319 2.343357 -2.666381 -0.797084 0.356215 -41.451729 -2.937619 2.300537 6e-06 0.0 -0.0 0.044221 0.014244 -0.060596 0.094003 -0.071017 -0.086906 0.083582 0.097855 -0.034102 -109.002594 -73.724808 125.459839 41.453041 -66.401581 -10.726595 24.169104 -0.093732 -0.050566 -1.930744 1.684307 -6.132641 17.636627 -26.322733 52.411205 -19.466656 -14.395598 29.410393 -0.0 -8.774821 -2e-06 15.856895 -17.758726 6.172643 -0.609776 -1.795654 -3.889327 -4.807088 -11.046809 -2.93785 4e-06 -20.976015 0.0 -5.01997 -25.033552 -4.03188 6e-06 -1e-06 -0.0 -10.634532 -5.686969 -3.565588 10.573271 -17.922947 -3.1139 2e-06 -13.821206 1e-06 -0.501779 -31.181498 -4.027014 -10.390265 -59.585171 6.483764 -13.982712 -7.150198 -2.875043 13.772729 -8.401489 -3.218241 0.347732 -34.211544 0.771657 -0.96303 -17.73337 2.62102 0.0 -1e-06 -0.0 -17.346416 -20.095217 -4.201783 21.757555 -1.638374 3.866427 1e-06 -6.338822 1e-06 -1.69759 -22.591743 -6.194006 -0.0 -2e-06 -2e-06 53.849892 -75.202797 144.779678 42.825802 -63.126823 -13.778886 26.568878 -0.308459 0.148658 0.233929 -1.218138 4.337068 22.182117 -20.375891 49.933311 -16.701809 -16.74353 28.476524 -2e-06 -12.690601 -1e-06 16.227198 -17.707336 2.660449 -0.105919 -1.513856 -4.275879 -5.03904 -5.612869 -2.953556 4e-06 -11.02052 -2e-06 -6.111298 -15.895328 -3.84047 -0.0 0.0 2e-06 -10.283369 -5.680286 -4.341839 11.028293 -11.302402 -2.37263 -1.38427 -14.238577 -6.320118 -0.62544 -26.924183 -3.8276 -4.43272 -49.9011 -3.447312 -13.708523 -7.363473 -3.720937 18.141146 -14.052734 -3.242673 5e-06 -18.787266 -0.0 -0.429711 -8.456041 2.555504 -2e-06 0.0 1e-06 -15.923538 -20.094479 -5.473583 30.41921 -7.190825 1.735926 3e-06 -8.162922 2e-06 -1.861901 -22.861467 -6.167942 0.0 -5e-06 -2e-06 -177.721085 -4.948587 -2.007167 12.782462 0.004857 -0.062042 -83.845276 -1.988867 -7.254181 -3.456597 1.407322 2.151225 -1.0 -0.0 -0.0 -0.639339 -3.602349 -5.404385 15.692976 -0.060143 0.089516 -83.10804 -5.394831 -7.611705 -3.669997 0.577144 1.662324 -1.0 -0.0 0.0 
0.0 0.0 0.0 0.0 -0.0 0.0 -1.246595 99.379395 2.248555 89.550163 0.002317 89.988739 -4.011294 1.228556 0.299064 -12.665673 -0.032282 0.897475 21.868567 -0.790656 -0.616566 20.715315 3.748381 2.350243 -2.662587 -0.806781 0.384746 -41.494904 -2.965907 2.343949 6e-06 0.0 -0.0 0.04794 0.013979 -0.062533 0.101742 -0.065059 -0.088929 0.093141 0.091211 -0.036086 -108.551231 -73.795181 124.977959 41.691368 -66.439362 -10.757934 24.244492 -0.069282 -0.038986 -1.96041 1.599042 -6.106472 17.636629 -26.322729 52.41119 -19.466661 -14.395596 29.410389 -1e-06 -8.774822 -2e-06 15.864726 -17.769821 6.193435 -0.609776 -1.795654 -3.889329 -4.807088 -11.046813 -2.93785 5e-06 -20.976019 -2e-06 -5.01997 -25.03356 -4.031882 6e-06 1e-06 -0.0 -10.634533 -5.686971 -3.565589 10.573274 -17.922951 -3.113901 3e-06 -13.821211 1e-06 -0.501776 -31.181505 -4.027016 -10.451834 -59.617332 6.539388 -13.982714 -7.150198 -2.875042 13.77273 -8.401493 -3.218242 0.347736 -34.211555 0.771653 -0.963027 -17.733372 2.621018 0.0 -0.0 -0.0 -17.346418 -20.095221 -4.201784 21.757557 -1.638376 3.866428 1e-06 -6.338823 1e-06 -1.697588 -22.591747 -6.194008 -0.0 -3e-06 -3e-06 54.113514 -75.356659 144.48909 43.141178 -63.198738 -13.914714 26.787914 -0.327482 0.152022 0.128403 -1.534803 4.423183 22.182114 -20.375898 49.933327 -16.701813 -16.743528 28.476534 -2e-06 -12.690601 -1e-06 16.249752 -17.709393 2.657334 -0.105921 -1.513856 -4.275882 -5.039041 -5.612873 -2.953557 5e-06 -11.020525 -2e-06 -6.111296 -15.895334 -3.84047 0.0 3e-06 -2e-06 -10.283371 -5.680288 -4.341838 11.028294 -11.302404 -2.372633 -1.384268 -14.238581 -6.320121 -0.625437 -26.924189 -3.827602 -4.434556 -49.920673 -3.443735 -13.708526 -7.363476 -3.72094 18.14115 -14.052737 -3.242674 7e-06 -18.78727 -1e-06 -0.42971 -8.456044 2.555502 -1e-06 -0.0 1e-06 -15.923532 -20.094482 -5.473586 30.41921 -7.190826 1.735925 4e-06 -8.162925 0.0 -1.861902 -22.861467 -6.167941 -0.0 -4e-06 -2e-06 -177.761917 -4.940119 -1.984999 12.761093 0.00422 -0.061644 -83.829201 -2.017154 -7.254715 -3.419043 1.412959 2.152965 -0.999999 0.0 0.0 -0.699625 -3.602126 -5.350508 15.684739 -0.055969 0.084615 -83.090195 -5.487424 -7.614748 -3.610486 0.572049 1.662392 -1.000001 0.0 0.0 
0.0 0.0 0.0 0.0 -0.0 0.0 -1.249856 99.385078 2.235182 89.556023 -0.024691 89.979446 -3.964256 1.224733 0.299934 -12.650808 -0.03188 0.908452 21.826904 -0.812479 -0.604102 20.628328 3.729338 2.346593 -2.657093 -0.815341 0.440252 -41.480904 -2.985519 2.339819 8e-06 0.0 0.0 0.052021 0.015393 -0.060447 0.103239 -0.062382 -0.088445 0.097823 0.091119 -0.032286 -108.078278 -73.865761 124.453613 41.8158 -66.489906 -10.642606 24.367531 -0.036011 -0.036052 -1.976875 1.484976 -6.048066 17.636631 -26.322729 52.41119 -19.466663 -14.395596 29.410385 -0.0 -8.774821 -3e-06 15.849633 -17.754314 6.222265 -0.609777 -1.795654 -3.889327 -4.807089 -11.04681 -2.937851 5e-06 -20.976019 -1e-06 -5.01997 -25.03356 -4.031881 6e-06 1e-06 -0.0 -10.634536 -5.686971 -3.565586 10.573275 -17.922951 -3.113901 3e-06 -13.821211 1e-06 -0.501776 -31.181505 -4.027017 -10.537611 -59.625168 6.617324 -13.982716 -7.150198 -2.875042 13.772731 -8.401492 -3.218241 0.347735 -34.211552 0.771654 -0.963028 -17.73337 2.621019 0.0 -1e-06 1e-06 -17.346416 -20.095217 -4.201783 21.757559 -1.638374 3.866429 1e-06 -6.338823 1e-06 -1.697588 -22.591742 -6.194007 -1e-06 -5e-06 -2e-06 54.490231 -75.503998 144.08017 43.411743 -63.27113 -14.110225 27.153646 -0.35178 0.152916 0.019409 -1.866897 4.465278 22.182119 -20.375895 49.933323 -16.701813 -16.743528 28.476532 -2e-06 -12.690602 -2e-06 16.268614 -17.68969 2.644405 -0.10592 -1.513857 -4.275881 -5.039041 -5.612872 -2.953556 4e-06 -11.020524 -4e-06 -6.111297 -15.895334 -3.840471 -0.0 2e-06 -1e-06 -10.283372 -5.680288 -4.341838 11.028296 -11.302409 -2.372634 -1.384267 -14.238583 -6.32012 -0.625437 -26.924191 -3.827603 -4.416662 -49.945766 -3.461088 -13.708527 -7.363477 -3.720938 18.141153 -14.052741 -3.242676 7e-06 -18.787271 -1e-06 -0.429711 -8.456044 2.555504 -0.0 0.0 1e-06 -15.923538 -20.094484 -5.473583 30.419218 -7.190827 1.735926 3e-06 -8.162927 -1e-06 -1.8619 -22.861479 -6.167943 1e-06 -4e-06 -1e-06 -177.776489 -4.933146 -1.961888 12.713304 0.008912 -0.059146 -83.797211 -2.046156 -7.251557 -3.39661 1.418425 2.158345 -0.999999 0.0 0.0 -0.747307 -3.610383 -5.305652 15.675429 -0.052956 0.078478 -83.062843 -5.53789 -7.63519 -3.554601 0.56617 1.663176 -1.000002 -0.0 -0.0 
0.0 0.0 0.0 0.0 -0.0 0.0 -1.244608 99.397949 2.20836 89.557472 -0.02979 89.951721 -3.898785 1.214731 0.291506 -12.630364 -0.038311 0.926216 21.76491 -0.835879 -0.596241 20.620209 3.731668 2.349025 -2.65393 -0.829489 0.51176 -41.446339 -3.00703 2.307069 6e-06 0.0 0.0 0.056971 0.013708 -0.067433 0.102142 -0.066979 -0.096856 0.099518 0.092191 -0.037499 -107.4748 -73.934227 123.774437 41.803104 -66.591026 -10.42518 24.548086 -0.012932 -0.038151 -1.986852 1.35143 -5.951687 17.636635 -26.322733 52.41119 -19.466663 -14.395596 29.410385 -1e-06 -8.774821 -2e-06 15.821735 -17.72308 6.247482 -0.609776 -1.795654 -3.889327 -4.807088 -11.046813 -2.937851 4e-06 -20.976021 0.0 -5.01997 -25.03356 -4.03188 6e-06 1e-06 0.0 -10.634534 -5.686972 -3.565587 10.573275 -17.922955 -3.113901 4e-06 -13.821213 0.0 -0.501776 -31.181507 -4.027016 -10.596972 -59.605 6.685018 -13.982712 -7.150198 -2.875041 13.77273 -8.401493 -3.218241 0.347735 -34.211555 0.771654 -0.963028 -17.733376 2.621019 0.0 0.0 -0.0 -17.346418 -20.095221 -4.201781 21.757561 -1.638376 3.866429 2e-06 -6.338825 0.0 -1.697589 -22.591753 -6.194007 -0.0 -5e-06 -2e-06 55.003765 -75.660454 143.513855 43.60091 -63.385822 -14.350348 27.706045 -0.39259 0.151189 -0.117809 -2.228296 4.435475 22.182116 -20.375887 49.933311 -16.701822 -16.743528 28.476536 -2e-06 -12.690601 -1e-06 16.303522 -17.683626 2.632151 -0.105918 -1.513856 -4.275881 -5.039042 -5.612872 -2.953556 4e-06 -11.020525 -4e-06 -6.111297 -15.895334 -3.840472 -0.0 1e-06 -1e-06 -10.283371 -5.680289 -4.341838 11.028296 -11.302407 -2.372635 -1.384268 -14.238584 -6.320121 -0.625436 -26.924196 -3.827604 -4.425427 -49.989166 -3.456783 -13.708526 -7.363478 -3.720938 18.141153 -14.052741 -3.242677 7e-06 -18.78727 -4e-06 -0.42971 -8.456045 2.555503 -1e-06 -0.0 1e-06 -15.923536 -20.09449 -5.473584 30.419218 -7.19083 1.735927 3e-06 -8.162925 -2e-06 -1.8619 -22.861475 -6.167946 -0.0 -4e-06 -1e-06 -177.731323 -4.926219 -1.958788 12.579909 0.020485 -0.05443 -83.721809 -2.088249 -7.23947 -3.386283 1.419537 2.164435 -0.999999 -0.0 0.0 -0.741572 -3.618019 -5.271057 15.590552 -0.049523 0.065709 -82.991798 -5.528839 -7.67646 -3.506341 0.563667 1.665175 -1.000001 -0.0 0.0 
0.0 0.0 0.0 0.0 -0.0 0.0 -1.228448 99.413589 2.166641 89.553085 -0.022949 89.904625 -3.834315 1.204926 0.273631 -12.603688 -0.047852 0.947263 21.703653 -0.864281 -0.60191 20.681332 3.745167 2.350782 -2.655851 -0.839088 0.572206 -41.390682 -3.013795 2.266195 5e-06 -0.0 0.0 0.06125 0.011127 -0.076897 0.10691 -0.074554 -0.104183 0.106192 0.094458 -0.048693 -106.758827 -73.998657 122.990822 41.685539 -66.714249 -10.119225 24.797033 0.001707 -0.033091 -1.982349 1.210171 -5.818088 17.636625 -26.322729 52.411182 -19.46666 -14.395594 29.410389 -1e-06 -8.77482 -1e-06 15.804293 -17.69319 6.266142 -0.609776 -1.795654 -3.889327 -4.807087 -11.04681 -2.93785 4e-06 -20.976015 0.0 -5.019969 -25.033556 -4.031878 6e-06 -1e-06 -0.0 -10.634531 -5.68697 -3.565587 10.573272 -17.922951 -3.113901 3e-06 -13.821206 0.0 -0.501777 -31.181505 -4.027015 -10.648607 -59.584419 6.755964 -13.98271 -7.150197 -2.875041 13.772726 -8.401491 -3.218241 0.347734 -34.211544 0.771656 -0.963029 -17.733368 2.621019 -0.0 -0.0 -0.0 -17.346413 -20.095217 -4.20178 21.757553 -1.638373 3.866427 1e-06 -6.338824 1e-06 -1.697589 -22.591745 -6.194005 -1e-06 -4e-06 -2e-06 55.779629 -75.864166 142.690369 43.782246 -63.587654 -14.667917 28.496155 -0.393525 0.163383 -0.298831 -2.647975 4.244534 22.182116 -20.375887 49.9333 -16.701813 -16.743528 28.476524 -2e-06 -12.690601 -1e-06 16.348179 -17.705288 2.632585 -0.105919 -1.513856 -4.275881 -5.039041 -5.612871 -2.953556 4e-06 -11.020524 -2e-06 -6.111297 -15.89533 -3.840472 -1e-06 2e-06 1e-06 -10.283369 -5.680288 -4.341837 11.028293 -11.302403 -2.372632 -1.384269 -14.238579 -6.320118 -0.625437 -26.924187 -3.8276 -4.470606 -50.040943 -3.427908 -13.708524 -7.363475 -3.72094 18.141148 -14.052739 -3.242674 6e-06 -18.787271 -2e-06 -0.429709 -8.456044 2.555502 0.0 1e-06 3e-06 -15.923532 -20.094481 -5.473583 30.419207 -7.190825 1.735926 4e-06 -8.162927 -1e-06 -1.861902 -22.861464 -6.167941 1e-06 -5e-06 -0.0 -177.676651 -4.921789 -1.994854 12.441821 0.03511 -0.049258 -83.637482 -2.122752 -7.240222 -3.387229 1.415883 2.169976 -1.0 -0.0 0.0 -0.718525 -3.622911 -5.228707 15.476177 -0.049156 0.048815 -82.896423 -5.49423 -7.721583 -3.468117 0.562972 1.667597 -1.000002 -0.0 -0.0 
0.0 0.0 0.0 0.0 -0.0 0.0 -1.20083 99.424469 2.110493 89.549263 -0.007028 89.854126 -3.783429 1.191483 0.261352 -12.581142 -0.056097 0.952045 21.661198 -0.8986 -0.62298 20.800323 3.752961 2.340861 -2.659276 -0.834563 0.573425 -41.333466 -3.01765 2.234852 6e-06 0.0 -0.0 0.064069 0.010936 -0.080881 0.120915 -0.08009 -0.103648 0.118633 0.099621 -0.056849 -106.039719 -74.054527 122.227272 41.475597 -66.831322 -9.76733 25.102785 0.007183 -0.015221 -1.964582 1.029954 -5.650747 17.636637 -26.322733 52.411186 -19.466663 -14.395598 29.410389 -0.0 -8.774823 -1e-06 15.79874 -17.671194 6.282899 -0.609777 -1.795654 -3.889327 -4.807088 -11.046811 -2.93785 3e-06 -20.976019 0.0 -5.019972 -25.033556 -4.03188 6e-06 1e-06 -0.0 -10.634535 -5.686971 -3.565588 10.573272 -17.922947 -3.113899 3e-06 -13.82121 1e-06 -0.501779 -31.181498 -4.027014 -10.695876 -59.594944 6.827288 -13.982714 -7.150198 -2.875041 13.772731 -8.401492 -3.218241 0.347734 -34.211555 0.771655 -0.963029 -17.73337 2.621019 0.0 1e-06 -0.0 -17.346422 -20.095217 -4.20178 21.757561 -1.638373 3.866428 0.0 -6.338825 -0.0 -1.697589 -22.591749 -6.194006 -1e-06 -4e-06 -2e-06 56.881943 -76.102737 141.508072 43.806606 -63.921295 -14.862374 29.587198 -0.345245 0.194162 -0.532014 -3.13416 3.832984 22.182106 -20.375891 49.933315 -16.701807 -16.743528 28.47653 -1e-06 -12.690598 -1e-06 16.383757 -17.743607 2.645225 -0.10592 -1.513856 -4.275881 -5.039041 -5.612871 -2.953554 4e-06 -11.020523 -4e-06 -6.111297 -15.895332 -3.84047 1e-06 1e-06 -1e-06 -10.283367 -5.680286 -4.341839 11.028292 -11.302402 -2.372632 -1.384269 -14.238578 -6.32012 -0.625438 -26.924183 -3.827601 -4.513534 -50.053223 -3.411652 -13.708521 -7.363473 -3.720938 18.141148 -14.052736 -3.242675 5e-06 -18.787266 -1e-06 -0.429711 -8.456041 2.555503 -0.0 -1e-06 1e-06 -15.92353 -20.094479 -5.473584 30.419205 -7.190825 1.735924 3e-06 -8.162925 -1e-06 -1.861902 -22.861464 -6.167939 0.0 -4e-06 -2e-06 -177.669281 -4.91085 -2.046288 12.405535 0.044377 -0.049618 -83.590981 -2.135778 -7.235721 -3.383937 1.408951 2.173736 -0.999998 0.0 -0.0 -0.71734 -3.630266 -5.169859 15.414787 -0.054803 0.028814 -82.82222 -5.448249 -7.755076 -3.463301 0.562348 1.669351 -1.0 -0.0 -0.0 
0.0 0.0 0.0 0.0 -0.0 0.0 -1.159589 99.430275 2.046417 89.543465 0.013718 89.797409 -3.757003 1.171248 0.258915 -12.569468 -0.055584 0.94898 21.653711 -0.932252 -0.669786 20.950752 3.739756 2.315016 -2.663687 -0.807877 0.546017 -41.293037 -3.047313 2.236195 6e-06 0.0 -0.0 0.061291 0.014501 -0.077793 0.135712 -0.082429 -0.095579 0.128357 0.109223 -0.05862 -105.443939 -74.064941 121.58181 41.11974 -66.927841 -9.378248 25.439146 -0.008407 -0.002651 -1.948383 0.786034 -5.475225 17.636633 -26.322735 52.411201 -19.466665 -14.395597 29.410395 -1e-06 -8.774822 -2e-06 15.802506 -17.65447 6.290932 -0.609777 -1.795654 -3.889327 -4.807089 -11.046813 -2.937851 4e-06 -20.976021 -2e-06 -5.01997 -25.033562 -4.031883 6e-06 -0.0 -0.0 -10.634537 -5.686973 -3.565587 10.573277 -17.922955 -3.113903 3e-06 -13.821213 0.0 -0.501776 -31.181511 -4.027019 -10.720635 -59.632366 6.850245 -13.982717 -7.1502 -2.875041 13.772732 -8.401495 -3.218242 0.347735 -34.211559 0.771654 -0.963029 -17.733376 2.621021 0.0 -0.0 -0.0 -17.34642 -20.095224 -4.20178 21.757559 -1.638373 3.866428 1e-06 -6.338826 1e-06 -1.697589 -22.591749 -6.194007 0.0 -5e-06 -2e-06 58.227085 -76.350578 140.070099 43.534569 -64.342232 -14.820288 31.056454 -0.288938 0.228218 -0.808925 -3.795883 3.126568 22.182116 -20.375891 49.933315 -16.701817 -16.74353 28.476534 -4e-06 -12.690601 -1e-06 16.41993 -17.785315 2.661756 -0.105918 -1.513856 -4.275881 -5.039041 -5.612871 -2.953556 5e-06 -11.020523 -4e-06 -6.111297 -15.89533 -3.840471 -0.0 -0.0 1e-06 -10.283369 -5.680288 -4.34184 11.028294 -11.302404 -2.372633 -1.384268 -14.238582 -6.320123 -0.625436 -26.924187 -3.827604 -4.527734 -50.050362 -3.426614 -13.708524 -7.363475 -3.72094 18.141151 -14.052739 -3.242676 7e-06 -18.787266 -2e-06 -0.429712 -8.456043 2.555504 -0.0 -1e-06 2e-06 -15.923534 -20.094482 -5.473585 30.41921 -7.190827 1.735925 4e-06 -8.162922 -1e-06 -1.8619 -22.861469 -6.167942 0.0 -5e-06 -0.0 -177.711548 -4.892183 -2.089139 12.475588 0.048841 -0.058043 -83.5868 -2.164366 -7.231059 -3.359756 1.3975 2.175304 -0.999999 -0.0 -0.0 -0.738513 -3.635023 -5.083563 15.399353 -0.062911 0.01248 -82.768623 -5.422904 -7.783853 -3.498279 0.561911 1.670962 -1.000002 0.0 0.0 
0.0 0.0 0.0 0.0 -0.0 0.0 -1.112177 99.432602 1.984172 89.540848 0.039605 89.739914 -3.746972 1.146199 0.256921 -12.564239 -0.047135 0.936667 21.672012 -0.977695 -0.716473 21.125528 3.716947 2.295603 -2.671654 -0.775952 0.512821 -41.290436 -3.090502 2.265016 5e-06 0.0 0.0 0.054851 0.019148 -0.073634 0.13794 -0.083535 -0.088651 0.127463 0.119542 -0.057211 -105.067902 -74.024933 121.158951 40.704456 -66.980339 -9.085032 25.710239 -0.050938 -0.004156 -1.943813 0.524222 -5.332568 17.636631 -26.322727 52.411179 -19.466656 -14.395597 29.410381 -0.0 -8.774821 -2e-06 15.831793 -17.661114 6.27913 -0.609777 -1.795653 -3.889325 -4.807088 -11.046807 -2.93785 4e-06 -20.976011 0.0 -5.019972 -25.033546 -4.031878 6e-06 -1e-06 -0.0 -10.634535 -5.686969 -3.565586 10.573271 -17.922947 -3.113899 3e-06 -13.821206 1e-06 -0.50178 -31.181498 -4.027013 -10.742319 -59.674133 6.83152 -13.982715 -7.150197 -2.875041 13.772731 -8.40149 -3.21824 0.347733 -34.211544 0.771656 -0.963029 -17.73337 2.62102 0.0 -0.0 -1e-06 -17.346416 -20.095213 -4.201781 21.757557 -1.638374 3.866428 1e-06 -6.338823 1e-06 -1.69759 -22.591738 -6.194004 0.0 -6e-06 -2e-06 59.643192 -76.593323 138.591705 43.016106 -64.766663 -14.53649 32.778469 -0.259301 0.252339 -1.076001 -4.654729 2.259145 22.182116 -20.375895 49.933319 -16.701807 -16.743528 28.476526 -1e-06 -12.6906 -2e-06 16.4589 -17.810143 2.669709 -0.10592 -1.513856 -4.27588 -5.039041 -5.61287 -2.953557 2e-06 -11.02052 -1e-06 -6.1113 -15.89533 -3.84047 0.0 -2e-06 -1e-06 -10.28337 -5.680288 -4.341837 11.028292 -11.302401 -2.372633 -1.384269 -14.238577 -6.320118 -0.625439 -26.924181 -3.827602 -4.525338 -50.040028 -3.455991 -13.708524 -7.363476 -3.720939 18.14115 -14.052736 -3.242676 5e-06 -18.787266 -1e-06 -0.429714 -8.456039 2.555502 -0.0 -3e-06 0.0 -15.923534 -20.094482 -5.473584 30.419205 -7.190823 1.735928 3e-06 -8.162925 0.0 -1.861904 -22.861465 -6.16794 -0.0 -4e-06 -1e-06 -177.766159 -4.866842 -2.154345 12.585302 0.048536 -0.064129 -83.602127 -2.179222 -7.223473 -3.331171 1.38399 2.175784 -0.999999 -0.0 0.0 -0.768923 -3.646051 -4.989866 15.414722 -0.064594 -0.00239 -82.733185 -5.416262 -7.830365 -3.53885 0.562293 1.673003 -1.000003 -0.0 -0.0 
0.0 0.0 0.0 0.0 -0.0 0.0 -1.068779 99.431755 1.937223 89.547607 0.080716 89.694893 -3.735501 1.120073 0.25271 -12.557299 -0.039101 0.92028 21.69132 -1.035243 -0.741067 21.308239 3.691604 2.276992 -2.678275 -0.749805 0.478615 -41.286514 -3.139066 2.278108 5e-06 0.0 0.0 0.049515 0.024569 -0.064136 0.126457 -0.08523 -0.079776 0.115329 0.131824 -0.047006 -104.913452 -73.982391 120.978523 40.280933 -67.010933 -9.013556 25.895069 -0.12891 -0.023969 -1.905688 0.353411 -5.274135 17.636629 -26.322741 52.411205 -19.466658 -14.3956 29.410393 -1e-06 -8.774821 -0.0 15.855059 -17.683405 6.269492 -0.609777 -1.795653 -3.889328 -4.807089 -11.046812 -2.93785 3e-06 -20.976019 0.0 -5.019973 -25.03356 -4.03188 6e-06 -0.0 -0.0 -10.634534 -5.686971 -3.565588 10.573272 -17.922951 -3.1139 2e-06 -13.82121 1e-06 -0.501779 -31.181505 -4.027015 -10.753284 -59.684067 6.783223 -13.982712 -7.150198 -2.875042 13.772727 -8.401491 -3.218241 0.347731 -34.211552 0.771656 -0.96303 -17.733372 2.621019 1e-06 -0.0 1e-06 -17.346418 -20.095219 -4.20178 21.757557 -1.638373 3.866428 1e-06 -6.338825 1e-06 -1.69759 -22.591751 -6.194007 0.0 -5e-06 -2e-06 60.997421 -76.787292 137.217102 42.414585 -65.150414 -14.107985 34.504787 -0.258457 0.257314 -1.325043 -5.588911 1.529992 22.182121 -20.375895 49.933323 -16.701811 -16.74353 28.476532 -0.0 -12.690603 -2e-06 16.510757 -17.836161 2.663459 -0.105918 -1.513855 -4.275881 -5.039043 -5.612873 -2.953555 4e-06 -11.020527 -1e-06 -6.111301 -15.895334 -3.840472 1e-06 -4e-06 -0.0 -10.283373 -5.680289 -4.341839 11.028294 -11.302404 -2.372633 -1.384271 -14.238581 -6.320121 -0.62544 -26.924187 -3.827603 -4.533599 -50.051968 -3.480293 -13.708527 -7.363478 -3.720938 18.141151 -14.052739 -3.242674 6e-06 -18.78727 -1e-06 -0.42971 -8.456047 2.555504 -1e-06 -3e-06 0.0 -15.923541 -20.09449 -5.473583 30.419218 -7.190826 1.735932 1e-06 -8.162929 -1e-06 -1.861903 -22.861469 -6.167942 1e-06 -4e-06 -1e-06 -177.78479 -4.833818 -2.229177 12.67023 0.045115 -0.069805 -83.616211 -2.183375 -7.223558 -3.330848 1.385727 2.17897 -0.999999 0.0 0.0 -0.786245 -3.672075 -4.918023 15.44902 -0.059132 -0.012984 -82.719292 -5.403296 -7.879994 -3.556069 0.563181 1.67448 -1.000002 0.0 -0.0 
0.0 0.0 0.0 0.0 -0.0 0.0 -1.02664 99.428886 1.912059 89.561584 0.136884 89.660683 -3.719069 1.095194 0.258322 -12.54981 -0.032591 0.905627 21.702965 -1.098161 -0.754599 21.469433 3.657461 2.262624 -2.678368 -0.737752 0.42222 -41.247375 -3.180483 2.262349 7e-06 0.0 -0.0 0.049164 0.028484 -0.054681 0.111331 -0.088047 -0.073158 0.100556 0.142181 -0.034733 -104.97451 -73.950554 121.04673 39.882118 -67.023026 -9.113173 26.007227 -0.204692 -0.044984 -1.823962 0.312974 -5.312378 17.636625 -26.322733 52.411198 -19.466661 -14.395598 29.410395 -0.0 -8.774821 -1e-06 15.862095 -17.692736 6.264826 -0.609777 -1.795653 -3.889327 -4.807089 -11.046809 -2.93785 4e-06 -20.976015 0.0 -5.019971 -25.033552 -4.03188 6e-06 0.0 -0.0 -10.634535 -5.68697 -3.565587 10.573275 -17.922951 -3.113901 3e-06 -13.821211 1e-06 -0.501779 -31.181498 -4.027014 -10.754207 -59.658249 6.745298 -13.982713 -7.150197 -2.875043 13.77273 -8.40149 -3.218241 0.347733 -34.211544 0.771656 -0.963029 -17.73337 2.621019 0.0 -0.0 1e-06 -17.346416 -20.095215 -4.201783 21.757557 -1.638374 3.866428 1e-06 -6.338824 1e-06 -1.697588 -22.591745 -6.194007 -0.0 -3e-06 -1e-06 62.111759 -76.892662 136.111099 41.860806 -65.460335 -13.632242 35.955627 -0.280966 0.249553 -1.561559 -6.394532 1.04514 22.182114 -20.375895 49.933319 -16.701817 -16.743528 28.476534 -1e-06 -12.690599 -1e-06 16.562946 -17.88216 2.649862 -0.105919 -1.513855 -4.275881 -5.039041 -5.612872 -2.953556 4e-06 -11.020524 -2e-06 -6.111297 -15.895334 -3.840471 1e-06 -2e-06 0.0 -10.283367 -5.680287 -4.341838 11.028294 -11.302406 -2.372634 -1.384267 -14.238583 -6.320121 -0.625436 -26.924192 -3.827603 -4.558227 -50.079212 -3.485465 -13.708523 -7.363475 -3.720938 18.141148 -14.052739 -3.242676 7e-06 -18.78727 -3e-06 -0.429713 -8.456044 2.555505 -0.0 -3e-06 0.0 -15.923532 -20.094484 -5.473583 30.41921 -7.190827 1.735924 2e-06 -8.162925 -1e-06 -1.861899 -22.861469 -6.167941 1e-06 -3e-06 -1e-06 -177.751831 -4.791416 -2.276951 12.707808 0.043504 -0.077649 -83.624977 -2.193602 -7.225385 -3.348536 1.403715 2.184624 -0.999998 -0.0 0.0 -0.775701 -3.71248 -4.906593 15.478319 -0.04777 -0.018754 -82.719635 -5.359761 -7.927397 -3.55317 0.560632 1.673967 -1.000002 -0.0 -0.0 
0.0 0.0 0.0 0.0 -0.0 0.0 -0.980903 99.426231 1.908224 89.573128 0.207821 89.631348 -3.700983 1.075133 0.261534 -12.542044 -0.032834 0.901145 21.714071 -1.157464 -0.766437 21.60454 3.61697 2.254223 -2.675374 -0.740021 0.355079 -41.171055 -3.223748 2.228556 7e-06 -0.0 -0.0 0.05098 0.031615 -0.045378 0.095604 -0.088552 -0.066617 0.084145 0.148791 -0.022759 -105.166519 -73.916756 121.27681 39.533596 -67.023132 -9.285228 26.054369 -0.250828 -0.055897 -1.706481 0.389608 -5.497223 17.636629 -26.322731 52.41119 -19.466663 -14.395596 29.410389 -0.0 -8.774822 -1e-06 15.844646 -17.676357 6.269348 -0.609776 -1.795654 -3.889328 -4.807089 -11.046811 -2.93785 5e-06 -20.976017 -1e-06 -5.019969 -25.033556 -4.031881 6e-06 1e-06 -0.0 -10.634535 -5.686971 -3.565588 10.573275 -17.922951 -3.113899 3e-06 -13.82121 1e-06 -0.501777 -31.181505 -4.027016 -10.739084 -59.607712 6.720891 -13.982714 -7.150198 -2.875042 13.77273 -8.401493 -3.21824 0.347735 -34.211555 0.771654 -0.963028 -17.733372 2.62102 0.0 -1e-06 -0.0 -17.346415 -20.095217 -4.201782 21.757555 -1.638374 3.866428 1e-06 -6.338825 0.0 -1.697589 -22.591747 -6.194007 -0.0 -5e-06 -2e-06 62.784069 -76.91777 135.468552 41.400368 -65.673828 -13.171964 36.983871 -0.309618 0.239678 -1.750997 -6.991285 0.768493 22.182112 -20.375887 49.933311 -16.701815 -16.743528 28.47653 -2e-06 -12.690598 -1e-06 16.605677 -17.943794 2.645829 -0.105922 -1.513858 -4.27588 -5.039036 -5.612871 -2.953556 4e-06 -11.020521 -3e-06 -6.111294 -15.89533 -3.840472 1e-06 -1e-06 0.0 -10.283367 -5.680288 -4.341838 11.028294 -11.302405 -2.372634 -1.384268 -14.238581 -6.320121 -0.625436 -26.924187 -3.827602 -4.597865 -50.112579 -3.469194 -13.708521 -7.363475 -3.72094 18.14115 -14.052739 -3.242676 8e-06 -18.787268 -4e-06 -0.429712 -8.456043 2.555505 -0.0 -1e-06 -1e-06 -15.923534 -20.094481 -5.473588 30.41921 -7.190827 1.735923 2e-06 -8.162925 -1e-06 -1.8619 -22.861467 -6.167943 1e-06 -4e-06 -1e-06 -177.664352 -4.748575 -2.308661 12.693 0.046189 -0.087211 -83.627602 -2.197154 -7.211228 -3.353518 1.42346 2.189607 -0.999999 -0.0 0.0 -0.719664 -3.756891 -4.972927 15.463901 -0.033698 -0.017367 -82.713463 -5.279909 -7.980134 -3.526576 0.558736 1.672701 -1.000001 -0.0 -0.0 
0.0 0.0 0.0 0.0 -0.0 0.0 -0.93482 99.425331 1.910065 89.573517 0.290827 89.591621 -3.68438 1.056569 0.249168 -12.538753 -0.037909 0.902875 21.730808 -1.204605 -0.764914 21.721764 3.552597 2.250029 -2.673524 -0.740615 0.313603 -41.05323 -3.251812 2.195858 6e-06 0.0 -0.0 0.052676 0.034942 -0.032995 0.078308 -0.084784 -0.056509 0.0656 0.151665 -0.008018 -105.399612 -73.866188 121.573952 39.24575 -67.016273 -9.319471 26.046185 -0.228409 -0.058899 -1.569318 0.52654 -5.718813 17.636625 -26.322729 52.411182 -19.466665 -14.395596 29.410393 -1e-06 -8.774821 -1e-06 15.812776 -17.64677 6.287299 -0.609775 -1.795654 -3.889328 -4.807087 -11.046813 -2.937852 5e-06 -20.976019 -2e-06 -5.019969 -25.03356 -4.03188 6e-06 -0.0 0.0 -10.634531 -5.686971 -3.565587 10.573272 -17.922953 -3.113902 3e-06 -13.821211 -0.0 -0.501775 -31.181507 -4.027017 -10.743277 -59.569565 6.748602 -13.982711 -7.150198 -2.875042 13.772728 -8.401493 -3.218242 0.347735 -34.211559 0.771652 -0.963028 -17.733374 2.621018 0.0 1e-06 -0.0 -17.346416 -20.095221 -4.20178 21.757557 -1.638374 3.866428 2e-06 -6.338826 -0.0 -1.697587 -22.591749 -6.194009 0.0 -6e-06 -2e-06 62.963634 -76.906036 135.345642 41.144379 -65.821007 -12.851004 37.446312 -0.316874 0.243441 -1.803931 -7.269805 0.620306 22.182117 -20.375898 49.933319 -16.701817 -16.74353 28.47653 -4e-06 -12.6906 -1e-06 16.632622 -17.984526 2.656452 -0.105919 -1.513857 -4.275883 -5.03904 -5.612873 -2.953555 4e-06 -11.020525 -2e-06 -6.111296 -15.895334 -3.840469 1e-06 1e-06 0.0 -10.283368 -5.680288 -4.34184 11.028296 -11.302408 -2.372633 -1.38427 -14.238581 -6.32012 -0.625437 -26.924192 -3.8276 -4.625674 -50.134953 -3.438967 -13.708522 -7.363475 -3.720942 18.141151 -14.052741 -3.242676 7e-06 -18.78727 -1e-06 -0.429711 -8.456043 2.555505 -0.0 -1e-06 -1e-06 -15.923532 -20.094482 -5.473586 30.41921 -7.190829 1.735924 2e-06 -8.162925 -1e-06 -1.8619 -22.861475 -6.167943 0.0 -4e-06 -2e-06 -177.544113 -4.7183 -2.352957 12.650237 0.051513 -0.09424 -83.625526 -2.184509 -7.204338 -3.353684 1.437172 2.19322 -0.999999 0.0 0.0 -0.620879 -3.788024 -5.074083 15.401258 -0.021844 -0.009784 -82.687874 -5.188112 -8.014688 -3.499168 0.556205 1.671297 -1.000001 -0.0 -0.0 
0.0 0.0 0.0 0.0 -0.0 0.0 -0.894186 99.432571 1.897699 89.557358 0.37072 89.53064 -3.68121 1.039551 0.242002 -12.540468 -0.03891 0.908672 21.745909 -1.234875 -0.763331 21.820721 3.470518 2.247868 -2.671349 -0.729976 0.320982 -40.900887 -3.250775 2.17548 5e-06 -0.0 0.0 0.052497 0.037526 -0.022424 0.068793 -0.078288 -0.046962 0.057875 0.150055 0.003505 -105.666122 -73.806229 121.888565 38.964664 -67.015823 -9.144379 26.019865 -0.157418 -0.050176 -1.475127 0.643869 -5.844582 17.636635 -26.322721 52.411179 -19.46666 -14.395596 29.410385 0.0 -8.774822 -2e-06 15.772643 -17.638144 6.302815 -0.609776 -1.795653 -3.889327 -4.80709 -11.046811 -2.93785 4e-06 -20.976019 -0.0 -5.019972 -25.03356 -4.031881 6e-06 -2e-06 -0.0 -10.634535 -5.68697 -3.565587 10.573275 -17.922951 -3.113901 3e-06 -13.821211 0.0 -0.501777 -31.181505 -4.027016 -10.757959 -59.537994 6.786729 -13.982716 -7.150198 -2.875041 13.772731 -8.401491 -3.218241 0.347735 -34.211555 0.771653 -0.963028 -17.73337 2.621018 0.0 -0.0 -0.0 -17.34642 -20.095217 -4.20178 21.757559 -1.638375 3.866428 1e-06 -6.338825 -0.0 -1.697589 -22.591747 -6.194007 -1e-06 -5e-06 -2e-06 62.821342 -76.868874 135.55069 41.062027 -65.927513 -12.607566 37.394508 -0.289805 0.261108 -1.719288 -7.225596 0.631187 22.182112 -20.375891 49.933315 -16.701809 -16.74353 28.476528 1e-06 -12.6906 -2e-06 16.646557 -17.981888 2.667391 -0.105919 -1.513856 -4.275881 -5.039039 -5.612871 -2.953555 3e-06 -11.020523 -3e-06 -6.1113 -15.89533 -3.840471 1e-06 -3e-06 0.0 -10.283367 -5.680288 -4.341837 11.028291 -11.302404 -2.372633 -1.38427 -14.238577 -6.320119 -0.62544 -26.924187 -3.827601 -4.638732 -50.145035 -3.399383 -13.708523 -7.363475 -3.720938 18.141148 -14.052739 -3.242674 7e-06 -18.78727 -3e-06 -0.429713 -8.456041 2.555504 0.0 -2e-06 -1e-06 -15.923538 -20.094482 -5.47358 30.41921 -7.190826 1.735925 0.0 -8.162922 -0.0 -1.861901 -22.861471 -6.167943 0.0 -3e-06 -0.0 -177.402756 -4.707604 -2.42293 12.545787 0.055653 -0.098624 -83.589432 -2.152163 -7.195169 -3.349535 1.435551 2.189732 -1.0 -0.0 -0.0 -0.453595 -3.887207 -5.169805 15.255652 -0.016332 0.001471 -82.562866 -5.063844 -8.113253 -3.474389 0.556308 1.670993 -1.000003 -1e-06 -0.0 
0.0 0.0 0.0 0.0 -0.0 0.0 -0.859418 99.439178 1.875961 89.534943 0.452226 89.463852 -3.693859 1.021367 0.247005 -12.548958 -0.039047 0.909364 21.769268 -1.252173 -0.762148 21.912342 3.39026 2.243115 -2.671733 -0.706841 0.396049 -40.762356 -3.237571 2.194492 6e-06 -0.0 -0.0 0.050556 0.040685 -0.012663 0.068515 -0.070597 -0.037089 0.06096 0.148252 0.012663 -105.935814 -73.752693 122.187057 38.775997 -67.015984 -8.951238 25.923679 -0.08351 -0.047222 -1.406389 0.693288 -5.779863 17.636629 -26.322733 52.411182 -19.466654 -14.395596 29.410378 -0.0 -8.774819 -2e-06 15.741375 -17.663382 6.315882 -0.609777 -1.795653 -3.889327 -4.807088 -11.046807 -2.937849 4e-06 -20.976015 1e-06 -5.019971 -25.033554 -4.031878 6e-06 0.0 -0.0 -10.634533 -5.686968 -3.565587 10.57327 -17.922945 -3.113899 2e-06 -13.821205 2e-06 -0.501779 -31.181494 -4.027012 -10.795009 -59.52467 6.817017 -13.982712 -7.150196 -2.875042 13.772727 -8.401489 -3.218241 0.347733 -34.211544 0.771657 -0.963029 -17.733368 2.62102 0.0 1e-06 -0.0 -17.346416 -20.095211 -4.20178 21.757555 -1.638375 3.866428 1e-06 -6.338822 1e-06 -1.69759 -22.591742 -6.194004 -0.0 -3e-06 -2e-06 62.414284 -76.800735 136.049774 41.161968 -65.961815 -12.46589 36.911411 -0.238075 0.27498 -1.536456 -6.931338 0.80816 22.182116 -20.375891 49.933319 -16.701815 -16.743528 28.47653 -3e-06 -12.690602 -1e-06 16.637709 -17.944599 2.669226 -0.105918 -1.513856 -4.275881 -5.039041 -5.612872 -2.953556 4e-06 -11.020526 -2e-06 -6.111296 -15.895336 -3.840469 1e-06 0.0 0.0 -10.283368 -5.680288 -4.341838 11.028295 -11.302406 -2.372635 -1.384269 -14.238581 -6.320121 -0.625436 -26.924194 -3.827604 -4.629717 -50.122219 -3.377679 -13.708523 -7.363476 -3.720938 18.14115 -14.052739 -3.242675 8e-06 -18.78727 -4e-06 -0.429712 -8.456043 2.555504 0.0 -2e-06 -1e-06 -15.923534 -20.094484 -5.473584 30.41921 -7.190829 1.735924 3e-06 -8.162925 -3e-06 -1.8619 -22.861469 -6.167942 1e-06 -4e-06 -1e-06 -177.280228 -4.706942 -2.485281 12.474346 0.060127 -0.095532 -83.561134 -2.14789 -7.17489 -3.346687 1.425286 2.18323 -0.999998 -0.0 0.0 -0.323278 -3.89711 -5.243014 15.118848 -0.013015 0.012568 -82.472321 -4.989622 -8.096426 -3.466343 0.558722 1.67182 -1.000001 -0.0 0.0 
0.0 0.0 0.0 0.0 -0.0 0.0 -0.83008 99.437386 1.858799 89.512489 0.546821 89.399551 -3.712086 0.994264 0.261843 -12.557823 -0.04293 0.902285 21.79188 -1.252577 -0.747331 21.99412 3.326763 2.230122 -2.67658 -0.680405 0.512765 -40.635868 -3.206846 2.24405 6e-06 -0.0 -0.0 0.049221 0.041468 -0.011966 0.073681 -0.065162 -0.035249 0.069636 0.144007 0.011551 -106.208702 -73.727394 122.48719 38.715904 -67.005157 -8.836473 25.734879 -0.01928 -0.047576 -1.333177 0.693542 -5.512806 17.636629 -26.322729 52.411182 -19.466663 -14.395596 29.410389 -0.0 -8.77482 -1e-06 15.733216 -17.733433 6.337047 -0.609777 -1.795654 -3.889326 -4.807088 -11.046809 -2.93785 5e-06 -20.976019 -0.0 -5.01997 -25.033554 -4.03188 6e-06 -1e-06 0.0 -10.634531 -5.68697 -3.565587 10.573272 -17.922949 -3.113901 2e-06 -13.821208 1e-06 -0.501777 -31.181498 -4.027016 -10.84515 -59.527546 6.83982 -13.982714 -7.150198 -2.875041 13.772727 -8.40149 -3.218241 0.347734 -34.211544 0.771654 -0.963028 -17.73337 2.621018 -0.0 1e-06 -0.0 -17.346416 -20.095217 -4.201782 21.757557 -1.638373 3.866428 2e-06 -6.338823 0.0 -1.697589 -22.591742 -6.194006 -0.0 -5e-06 -2e-06 61.750286 -76.674553 136.827805 41.422405 -65.903648 -12.391172 35.996937 -0.151482 0.278518 -1.296135 -6.463658 1.245883 22.182112 -20.375887 49.933308 -16.701807 -16.743526 28.476524 -0.0 -12.690598 -4e-06 16.602484 -17.902454 2.672857 -0.105919 -1.513855 -4.27588 -5.03904 -5.612871 -2.953554 4e-06 -11.020521 -3e-06 -6.111296 -15.89533 -3.840471 1e-06 -2e-06 -1e-06 -10.283369 -5.680287 -4.341836 11.028292 -11.302404 -2.372632 -1.38427 -14.238579 -6.320119 -0.62544 -26.924187 -3.8276 -4.619366 -50.085228 -3.361994 -13.708524 -7.363475 -3.720939 18.141146 -14.052736 -3.242673 5e-06 -18.787266 -3e-06 -0.429712 -8.456039 2.555504 1e-06 -2e-06 0.0 -15.923532 -20.094482 -5.473582 30.41921 -7.190825 1.735928 2e-06 -8.162926 -2e-06 -1.861901 -22.861467 -6.167942 0.0 -3e-06 -2e-06 -177.186096 -4.7122 -2.554765 12.498839 0.062562 -0.079564 -83.578331 -2.159352 -7.136446 -3.369169 1.41531 2.175355 -0.999999 -0.0 -0.0 -0.211257 -3.903055 -5.286483 15.05606 -0.010322 0.02472 -82.426804 -4.924186 -8.044301 -3.469175 0.566724 1.675715 -1.000002 -0.0 0.0 
0.0 0.0 0.0 0.0 -0.0 0.0 -0.803014 99.43367 1.856043 89.492027 0.644988 89.341911 -3.734616 0.961222 0.277575 -12.563848 -0.051431 0.888752 21.810116 -1.242737 -0.706598 22.056179 3.27345 2.221259 -2.681785 -0.654189 0.610144 -40.556099 -3.178508 2.296542 6e-06 0.0 0.0 0.04974 0.039804 -0.017895 0.082048 -0.061094 -0.039554 0.081077 0.136378 0.003435 -106.396919 -73.726944 122.701714 38.82608 -66.986244 -8.840736 25.483028 0.031634 -0.037357 -1.262479 0.667039 -5.219857 17.636635 -26.322733 52.411186 -19.466661 -14.395597 29.410389 0.0 -8.774822 -2e-06 15.748253 -17.815474 6.351586 -0.609777 -1.795654 -3.889328 -4.807089 -11.046811 -2.93785 4e-06 -20.976021 -0.0 -5.019973 -25.033562 -4.031879 6e-06 1e-06 -0.0 -10.634533 -5.686971 -3.565587 10.573271 -17.922951 -3.113899 2e-06 -13.821211 1e-06 -0.501779 -31.181505 -4.027015 -10.860964 -59.531849 6.832345 -13.982712 -7.150198 -2.875041 13.772729 -8.401491 -3.218241 0.347732 -34.211555 0.771656 -0.963029 -17.733372 2.621019 0.0 -0.0 -0.0 -17.34642 -20.095219 -4.20178 21.757557 -1.638373 3.866428 2e-06 -6.338825 0.0 -1.697589 -22.591751 -6.194006 -0.0 -3e-06 -2e-06 60.88435 -76.522766 137.82283 41.81723 -65.768097 -12.524718 34.717491 -0.07306 0.273114 -1.036978 -5.920386 1.88587 22.182121 -20.375891 49.933323 -16.701822 -16.743526 28.476536 -1e-06 -12.690603 -1e-06 16.528318 -17.857471 2.686094 -0.105919 -1.513856 -4.275882 -5.039041 -5.612873 -2.953557 3e-06 -11.020527 -1e-06 -6.1113 -15.895338 -3.840472 1e-06 -3e-06 0.0 -10.283371 -5.680289 -4.341841 11.028297 -11.302408 -2.372635 -1.384267 -14.238583 -6.320122 -0.625437 -26.924194 -3.827604 -4.615046 -50.018723 -3.356904 -13.708526 -7.363477 -3.72094 18.14115 -14.052743 -3.242676 7e-06 -18.787271 -3e-06 -0.429711 -8.456047 2.555504 0.0 -3e-06 1e-06 -15.923538 -20.094492 -5.473586 30.419218 -7.190831 1.735926 5e-06 -8.162929 -4e-06 -1.8619 -22.861471 -6.167944 0.0 -3e-06 -0.0 -177.074081 -4.714512 -2.630377 12.511397 0.058855 -0.056873 -83.59951 -2.165213 -7.084156 -3.418004 1.408366 2.168669 -0.999999 -0.0 -0.0 -0.08607 -3.90732 -5.322318 14.996439 -0.009958 0.037407 -82.39463 -4.860872 -7.986897 -3.482491 0.57735 1.681338 -1.000002 -0.0 0.0 
0.0 0.0 0.0 0.0 -0.0 0.0 -0.782539 99.425392 1.863538 89.475914 0.740656 89.30117 -3.759574 0.930947 0.281529 -12.572526 -0.062725 0.882354 21.826674 -1.234106 -0.652462 22.080912 3.230451 2.224074 -2.683815 -0.627339 0.654361 -40.541607 -3.164075 2.346642 4e-06 -0.0 -0.0 0.049486 0.038206 -0.021248 0.092319 -0.056922 -0.041245 0.094298 0.128877 -0.001644 -106.509804 -73.742531 122.811653 39.017754 -66.970886 -8.887978 25.240721 0.08614 -0.005669 -1.207217 0.644353 -5.074305 17.636625 -26.322731 52.41119 -19.466658 -14.395598 29.410389 -1e-06 -8.774821 -1e-06 15.765373 -17.865292 6.347805 -0.609777 -1.795653 -3.889327 -4.807089 -11.046809 -2.93785 5e-06 -20.976015 -1e-06 -5.01997 -25.033556 -4.03188 5e-06 -0.0 0.0 -10.634533 -5.686969 -3.565586 10.573274 -17.922947 -3.113899 2e-06 -13.821206 1e-06 -0.501778 -31.181501 -4.027014 -10.833853 -59.514751 6.796983 -13.982712 -7.150197 -2.875041 13.772727 -8.401489 -3.218241 0.347734 -34.211544 0.771654 -0.963029 -17.733372 2.62102 0.0 1e-06 -1e-06 -17.346416 -20.095215 -4.20178 21.757557 -1.638373 3.866428 2e-06 -6.338824 1e-06 -1.697589 -22.591742 -6.194005 0.0 -3e-06 -2e-06 59.908607 -76.385902 138.938339 42.217442 -65.580788 -12.905546 33.235725 -0.021219 0.261571 -0.766311 -5.40788 2.561727 22.182119 -20.3759 49.933327 -16.701817 -16.74353 28.476536 -1e-06 -12.690601 -1e-06 16.438423 -17.819601 2.699731 -0.105919 -1.513856 -4.275885 -5.039041 -5.612872 -2.953557 3e-06 -11.020527 -2e-06 -6.111298 -15.895334 -3.840471 0.0 0.0 0.0 -10.283372 -5.68029 -4.341841 11.028296 -11.302407 -2.372633 -1.38427 -14.238585 -6.320122 -0.625439 -26.924194 -3.827602 -4.601421 -49.914177 -3.382531 -13.708526 -7.363478 -3.720941 18.141151 -14.05274 -3.242676 5e-06 -18.787273 -2e-06 -0.429712 -8.456047 2.555505 -0.0 -3e-06 0.0 -15.923536 -20.094484 -5.473584 30.419218 -7.190827 1.735928 2e-06 -8.162927 -1e-06 -1.861903 -22.861479 -6.167943 -1e-06 -2e-06 -1e-06 -176.978851 -4.716066 -2.704957 12.56043 0.04813 -0.034097 -83.643867 -2.128533 -7.043608 -3.463915 1.408285 2.166841 -0.999998 0.0 0.0 0.024934 -3.911325 -5.361287 14.980673 -0.013478 0.048106 -82.395012 -4.797247 -7.954847 -3.504389 0.584985 1.686285 -1.000001 -0.0 0.0 
0.0 0.0 0.0 0.0 -0.0 0.0 -0.766303 99.41069 1.881538 89.465248 0.838844 89.2873 -3.776262 0.909018 0.269511 -12.58635 -0.075644 0.889611 21.841131 -1.234728 -0.611046 22.063564 3.223347 2.245007 -2.685454 -0.606759 0.649285 -40.566349 -3.163242 2.390493 6e-06 0.0 -0.0 0.046701 0.035861 -0.027508 0.108164 -0.053123 -0.044362 0.112048 0.120482 -0.010402 -106.515793 -73.77282 122.807648 39.259129 -66.938766 -9.013058 25.066916 0.141085 0.036857 -1.198819 0.658604 -5.001905 17.636625 -26.322729 52.411182 -19.466661 -14.395596 29.410393 -1e-06 -8.774821 -0.0 15.779819 -17.882803 6.333937 -0.609776 -1.795653 -3.889327 -4.807087 -11.046809 -2.937849 4e-06 -20.976013 -0.0 -5.01997 -25.033552 -4.031881 6e-06 1e-06 -0.0 -10.634532 -5.68697 -3.565587 10.573271 -17.922947 -3.1139 3e-06 -13.821206 1e-06 -0.501778 -31.181498 -4.027015 -10.789935 -59.49762 6.774653 -13.982711 -7.150197 -2.875041 13.772727 -8.401489 -3.218242 0.347734 -34.211544 0.771655 -0.963029 -17.73337 2.621019 1e-06 -0.0 -0.0 -17.346416 -20.095217 -4.20178 21.757555 -1.638374 3.866427 1e-06 -6.338824 0.0 -1.697589 -22.591742 -6.194005 0.0 -5e-06 -2e-06 58.825653 -76.272537 140.131897 42.44981 -65.361794 -13.424027 31.751829 -0.001185 0.246566 -0.555692 -4.932622 3.208902 22.182112 -20.375887 49.933308 -16.701811 -16.743526 28.476524 -2e-06 -12.690598 -1e-06 16.374485 -17.818607 2.708285 -0.105919 -1.513855 -4.275881 -5.039038 -5.612869 -2.953553 5e-06 -11.02052 -3e-06 -6.111295 -15.895329 -3.840469 0.0 1e-06 -1e-06 -10.283367 -5.680286 -4.341839 11.028294 -11.302401 -2.372632 -1.384268 -14.238577 -6.32012 -0.625436 -26.924179 -3.827601 -4.57402 -49.839382 -3.421464 -13.708521 -7.363473 -3.720941 18.141148 -14.052736 -3.242674 7e-06 -18.787264 -2e-06 -0.429712 -8.456041 2.555503 -0.0 -2e-06 1e-06 -15.923532 -20.094479 -5.473585 30.419205 -7.190826 1.735926 3e-06 -8.162922 -0.0 -1.8619 -22.86146 -6.16794 0.0 -5e-06 -1e-06 -176.908966 -4.714071 -2.734576 12.671087 0.035269 -0.020372 -83.721313 -2.086284 -7.015278 -3.517426 1.419921 2.171722 -0.999998 -0.0 -0.0 0.122867 -3.921416 -5.420461 15.022363 -0.017724 0.049991 -82.43438 -4.733134 -7.956113 -3.551727 0.590171 1.688947 -1.000002 -0.0 -0.0 
0.0 0.0 0.0 0.0 -0.0 0.0 -0.748297 99.394615 1.90002 89.450882 0.947247 89.292732 -3.772884 0.906554 0.259098 -12.604497 -0.084561 0.909916 21.849783 -1.251073 -0.612728 22.033443 3.265485 2.286669 -2.688649 -0.600958 0.608647 -40.632179 -3.174415 2.423727 6e-06 0.0 0.0 0.039434 0.032534 -0.036255 0.121456 -0.052785 -0.050463 0.124093 0.113847 -0.020744 -106.420868 -73.810966 122.699501 39.530025 -66.867996 -9.147339 24.968897 0.220163 0.080733 -1.27538 0.677824 -4.886727 17.636631 -26.322718 52.411182 -19.466661 -14.395598 29.410381 0.0 -8.774822 -2e-06 15.801197 -17.887381 6.316343 -0.609777 -1.795654 -3.889327 -4.80709 -11.046809 -2.937849 4e-06 -20.976015 -3e-06 -5.019971 -25.033554 -4.031883 6e-06 1e-06 -0.0 -10.634535 -5.686971 -3.565585 10.573275 -17.922947 -3.113902 2e-06 -13.82121 -1e-06 -0.501777 -31.181501 -4.027019 -10.813107 -59.508316 6.821603 -13.982717 -7.150199 -2.87504 13.772733 -8.401491 -3.218242 0.347735 -34.211544 0.771651 -0.963027 -17.733368 2.621018 0.0 -1e-06 -0.0 -17.346424 -20.095217 -4.201779 21.757565 -1.638373 3.866429 1e-06 -6.338822 -0.0 -1.697591 -22.591743 -6.194008 -0.0 -3e-06 -2e-06 57.738949 -76.187828 141.284027 42.415359 -65.127808 -13.96747 30.453421 -0.040637 0.224842 -0.457084 -4.442833 3.711039 22.182117 -20.375893 49.933319 -16.701811 -16.743528 28.476526 -2e-06 -12.690601 -2e-06 16.329369 -17.835003 2.707589 -0.10592 -1.513857 -4.27588 -5.03904 -5.612871 -2.953556 4e-06 -11.020523 -4e-06 -6.111298 -15.895332 -3.84047 -1e-06 2e-06 1e-06 -10.28337 -5.680288 -4.341836 11.028292 -11.302402 -2.372633 -1.384269 -14.238582 -6.320123 -0.625439 -26.924183 -3.827602 -4.497765 -49.823006 -3.488597 -13.708525 -7.363477 -3.720939 18.141148 -14.052739 -3.242674 6e-06 -18.78727 -2e-06 -0.429712 -8.456041 2.555503 0.0 0.0 2e-06 -15.923534 -20.094482 -5.473583 30.41921 -7.190824 1.735925 4e-06 -8.162927 -0.0 -1.861904 -22.861469 -6.167942 0.0 -5e-06 -1e-06 -176.842911 -4.714473 -2.715245 12.805699 0.025714 -0.009771 -83.807892 -2.080569 -6.994192 -3.594924 1.436458 2.177752 -0.999999 -0.0 -0.0 0.239145 -3.929977 -5.503462 15.057847 -0.021351 0.048391 -82.472275 -4.677629 -7.982365 -3.604484 0.59048 1.687283 -1.000002 1e-06 0.0 
0.0 0.0 0.0 0.0 -0.0 0.0 -0.72636 99.379425 1.915018 89.438667 1.053802 89.308777 -3.758565 0.914324 0.245436 -12.617767 -0.08797 0.931072 21.828918 -1.284164 -0.62821 22.004372 3.326388 2.322478 -2.690957 -0.606136 0.575886 -40.703575 -3.185661 2.448004 5e-06 -0.0 -0.0 0.030129 0.024782 -0.056634 0.133587 -0.059954 -0.068099 0.133658 0.105939 -0.042987 -106.351349 -73.851807 122.599449 39.752167 -66.758743 -9.230899 24.90642 0.317036 0.120494 -1.426332 0.720779 -4.73245 17.636625 -26.322729 52.411179 -19.466656 -14.395597 29.410385 -1e-06 -8.774821 -1e-06 15.821191 -17.887249 6.283663 -0.609776 -1.795653 -3.889327 -4.807088 -11.046807 -2.93785 3e-06 -20.976015 0.0 -5.019972 -25.033546 -4.03188 6e-06 1e-06 -0.0 -10.634533 -5.68697 -3.565586 10.573271 -17.922947 -3.1139 2e-06 -13.821205 1e-06 -0.501779 -31.181498 -4.027015 -10.881129 -59.517982 6.89325 -13.982712 -7.150197 -2.875041 13.772727 -8.401489 -3.218241 0.347731 -34.211544 0.771657 -0.96303 -17.733366 2.621018 0.0 1e-06 -1e-06 -17.346415 -20.095213 -4.201779 21.757555 -1.638373 3.866428 0.0 -6.338822 1e-06 -1.697592 -22.59174 -6.194005 -0.0 -5e-06 -2e-06 56.804008 -76.132332 142.266022 42.324207 -64.855644 -14.541569 29.273201 -0.083882 0.19191 -0.451445 -3.862477 4.142522 22.182117 -20.375887 49.933308 -16.701809 -16.743528 28.476522 -2e-06 -12.6906 -1e-06 16.306707 -17.856644 2.689677 -0.105918 -1.513856 -4.275877 -5.03904 -5.61287 -2.953557 3e-06 -11.02052 -3e-06 -6.111297 -15.895329 -3.840469 1e-06 -2e-06 -0.0 -10.283369 -5.680288 -4.341837 11.028292 -11.302402 -2.372632 -1.384269 -14.238578 -6.320121 -0.625439 -26.924181 -3.827602 -4.402057 -49.858341 -3.563395 -13.708523 -7.363475 -3.720937 18.141148 -14.052738 -3.242675 5e-06 -18.787266 -1e-06 -0.42971 -8.456043 2.555502 -1e-06 -0.0 0.0 -15.923536 -20.094479 -5.473583 30.419207 -7.190825 1.735928 3e-06 -8.162922 -0.0 -1.861902 -22.861465 -6.167941 -0.0 -3e-06 -2e-06 -176.781509 -4.70772 -2.639152 12.936666 0.022141 -0.004446 -83.887558 -2.139168 -7.008788 -3.680654 1.459186 2.185503 -0.999998 -0.0 0.0 0.356328 -3.947284 -5.619606 15.087099 -0.023122 0.055781 -82.506065 -4.60423 -7.997915 -3.634521 0.579352 1.680919 -1.000003 -0.0 0.0 
0.0 0.0 0.0 0.0 -0.0 0.0 -0.714132 99.364021 1.931708 89.438675 1.150501 89.346626 -3.749057 0.912808 0.234949 -12.614394 -0.08727 0.932603 21.780798 -1.322414 -0.619243 21.954794 3.367158 2.317291 -2.696213 -0.616025 0.609156 -40.687729 -3.205907 2.422073 6e-06 0.0 0.0 0.018904 0.013881 -0.086503 0.142874 -0.070788 -0.096544 0.144523 0.09507 -0.073884 -106.424156 -73.914742 122.609795 39.840862 -66.639687 -9.330176 24.891136 0.376805 0.158582 -1.645281 0.81469 -4.534031 17.636627 -26.322733 52.411201 -19.466663 -14.395598 29.410395 -1e-06 -8.774822 -1e-06 15.8174 -17.882683 6.253588 -0.609777 -1.795654 -3.889329 -4.807088 -11.046811 -2.93785 5e-06 -20.976019 -1e-06 -5.019969 -25.03356 -4.031882 6e-06 0.0 -0.0 -10.634536 -5.686972 -3.565589 10.573277 -17.922951 -3.1139 3e-06 -13.821211 -0.0 -0.501777 -31.181505 -4.027016 -10.937595 -59.514805 6.942518 -13.982714 -7.150198 -2.875041 13.77273 -8.401491 -3.218242 0.347735 -34.211555 0.771654 -0.963028 -17.73337 2.621021 0.0 1e-06 -0.0 -17.34642 -20.095217 -4.201783 21.757561 -1.638375 3.866427 1e-06 -6.338824 1e-06 -1.697589 -22.591747 -6.194008 -0.0 -3e-06 -2e-06 56.059975 -76.078735 142.99939 42.10733 -64.575073 -14.8973 28.255608 -0.054728 0.161924 -0.527739 -3.362581 4.450333 22.182117 -20.375895 49.933319 -16.701815 -16.74353 28.476534 -2e-06 -12.690601 -2e-06 16.294054 -17.88538 2.676536 -0.105919 -1.513856 -4.275883 -5.039042 -5.612872 -2.953556 3e-06 -11.020523 -0.0 -6.111297 -15.895332 -3.840472 -0.0 1e-06 -0.0 -10.283371 -5.680289 -4.341838 11.028296 -11.302404 -2.372633 -1.384269 -14.238579 -6.320122 -0.625438 -26.924191 -3.827604 -4.320085 -49.910828 -3.614123 -13.708526 -7.363476 -3.720939 18.14115 -14.052737 -3.242675 5e-06 -18.787268 -1e-06 -0.429711 -8.456043 2.555504 -1e-06 0.0 1e-06 -15.923536 -20.094482 -5.473586 30.419218 -7.190824 1.735925 2e-06 -8.162925 1e-06 -1.861903 -22.861467 -6.167942 0.0 -7e-06 -3e-06 -176.724487 -4.691232 -2.508378 13.047019 0.020868 -0.008899 -83.950836 -2.267305 -7.062023 -3.735933 1.482246 2.193368 -0.999999 -0.0 -0.0 0.454937 -3.976078 -5.762457 15.143786 -0.020788 0.07677 -82.557594 -4.538742 -7.978375 -3.652661 0.567698 1.67363 -1.000002 -1e-06 -0.0 
0.0 0.0 0.0 0.0 -0.0 0.0 -0.718506 99.345261 1.952299 89.43911 1.212195 89.411507 -3.778566 0.905702 0.231772 -12.599435 -0.089204 0.928359 21.740664 -1.323461 -0.604394 21.874609 3.38735 2.271554 -2.712425 -0.594513 0.696958 -40.56488 -3.242339 2.385034 5e-06 -0.0 0.0 0.014332 0.001525 -0.11844 0.148961 -0.085882 -0.130543 0.156212 0.085201 -0.104327 -106.655167 -73.988731 122.833862 39.852119 -66.466248 -9.542057 24.940825 0.369936 0.199094 -1.794396 0.952337 -4.52366 17.636633 -26.322735 52.411205 -19.466665 -14.3956 29.410395 -0.0 -8.774822 -1e-06 15.792103 -17.902145 6.245801 -0.609777 -1.795654 -3.889329 -4.807091 -11.046811 -2.93785 4e-06 -20.976019 -1e-06 -5.019971 -25.033558 -4.031883 6e-06 1e-06 -1e-06 -10.634537 -5.686972 -3.565588 10.573275 -17.922951 -3.113901 3e-06 -13.82121 0.0 -0.501778 -31.181505 -4.027017 -10.955903 -59.537327 6.926604 -13.982718 -7.150199 -2.875043 13.772731 -8.401491 -3.218242 0.347733 -34.211555 0.771653 -0.963029 -17.733372 2.621021 1e-06 -0.0 -0.0 -17.346424 -20.095219 -4.20178 21.757566 -1.638373 3.866428 1e-06 -6.338824 1e-06 -1.69759 -22.591747 -6.194009 -0.0 -3e-06 -2e-06 55.423653 -75.975914 143.500549 41.53796 -64.282501 -14.748013 27.462372 0.030374 0.142593 -0.58788 -3.085264 4.626153 22.182114 -20.375893 49.933304 -16.701809 -16.743528 28.476522 -2e-06 -12.6906 -1e-06 16.277718 -17.945616 2.700972 -0.105919 -1.513856 -4.27588 -5.039041 -5.612872 -2.953556 4e-06 -11.020525 -1e-06 -6.111298 -15.895334 -3.840469 -0.0 1e-06 -0.0 -10.283369 -5.680288 -4.341836 11.028293 -11.302404 -2.37263 -1.38427 -14.238581 -6.320118 -0.625441 -26.924183 -3.8276 -4.299118 -49.976006 -3.602435 -13.708524 -7.363476 -3.720938 18.141148 -14.052739 -3.242672 4e-06 -18.787271 -1e-06 -0.429712 -8.456047 2.555503 -2e-06 1e-06 1e-06 -15.923536 -20.094482 -5.473583 30.41921 -7.190826 1.735928 4e-06 -8.162926 1e-06 -1.861903 -22.861473 -6.167943 -1e-06 -3e-06 -2e-06 -176.738708 -4.692049 -2.383297 13.221278 0.020172 -0.028575 -84.030655 -2.440251 -7.12238 -3.750088 1.49538 2.196568 -0.999998 -0.0 0.0 0.496588 -3.998548 -5.904858 15.255496 -0.009104 0.097868 -82.643547 -4.482356 -7.962898 -3.707875 0.566752 1.666839 -1.000003 0.0 -0.0 
